Brazil_Goias_Brasilia
1
	-53.072	-18.034
	-53.07	-17.985
	-53.077	-17.968
	-53.086	-17.962
	-53.1	-17.936
	-53.131	-17.916
	-53.127	-17.9
	-53.132	-17.891
	-53.132	-17.881
	-53.14	-17.877
	-53.143	-17.871
	-53.136	-17.837
	-53.147	-17.823
	-53.146	-17.817
	-53.159	-17.804
	-53.163	-17.795
	-53.159	-17.786
	-53.162	-17.782
	-53.169	-17.77
	-53.168	-17.766
	-53.175	-17.765
	-53.177	-17.755
	-53.182	-17.75
	-53.187	-17.752
	-53.189	-17.745
	-53.198	-17.739
	-53.196	-17.736
	-53.2	-17.73
	-53.219	-17.72
	-53.221	-17.723
	-53.237	-17.713
	-53.239	-17.694
	-53.246	-17.69
	-53.24	-17.686
	-53.24	-17.68
	-53.245	-17.672
	-53.24	-17.667
	-53.244	-17.665
	-53.244	-17.656
	-53.248	-17.655
	-53.245	-17.652
	-53.25	-17.644
	-53.25	-17.628
	-53.247	-17.623
	-53.251	-17.619
	-53.246	-17.616
	-53.246	-17.611
	-53.249	-17.606
	-53.242	-17.601
	-53.242	-17.592
	-53.238	-17.589
	-53.242	-17.583
	-53.239	-17.58
	-53.242	-17.573
	-53.24	-17.57
	-53.247	-17.564
	-53.248	-17.558
	-53.241	-17.552
	-53.245	-17.547
	-53.246	-17.539
	-53.243	-17.534
	-53.246	-17.532
	-53.246	-17.524
	-53.239	-17.516
	-53.241	-17.511
	-53.239	-17.512
	-53.243	-17.505
	-53.237	-17.498
	-53.241	-17.492
	-53.236	-17.481
	-53.233	-17.481
	-53.234	-17.479
	-53.228	-17.466
	-53.226	-17.466
	-53.228	-17.463
	-53.226	-17.464
	-53.223	-17.458
	-53.227	-17.455
	-53.227	-17.445
	-53.233	-17.44
	-53.228	-17.438
	-53.229	-17.428
	-53.222	-17.424
	-53.224	-17.423
	-53.22	-17.413
	-53.214	-17.412
	-53.212	-17.407
	-53.215	-17.405
	-53.206	-17.401
	-53.209	-17.395
	-53.213	-17.395
	-53.207	-17.393
	-53.209	-17.385
	-53.204	-17.383
	-53.203	-17.39
	-53.196	-17.38
	-53.201	-17.371
	-53.206	-17.372
	-53.206	-17.37
	-53.196	-17.368
	-53.19586	-17.36042
	-53.19743	-17.36011
	-53.19879	-17.3607
	-53.19891	-17.36216
	-53.20172	-17.36327
	-53.20374	-17.36323
	-53.20489	-17.36241
	-53.20615	-17.36229
	-53.2068	-17.36133
	-53.20626	-17.36027
	-53.20488	-17.36001
	-53.20381	-17.36097
	-53.20309	-17.3609
	-53.20278	-17.36019
	-53.20293	-17.35921
	-53.20241	-17.35819
	-53.20235	-17.35593
	-53.20358	-17.35388
	-53.20333	-17.35228
	-53.20079	-17.35194
	-53.20055	-17.35049
	-53.20239	-17.34918
	-53.20295	-17.34712
	-53.20228	-17.34554
	-53.20191	-17.3442
	-53.20307	-17.34321
	-53.20561	-17.34337
	-53.20659	-17.34299
	-53.20688	-17.34211
	-53.20626	-17.34179
	-53.20511	-17.34175
	-53.20405	-17.34116
	-53.20292	-17.34168
	-53.2021	-17.34113
	-53.20272	-17.33932
	-53.20424	-17.33818
	-53.20557	-17.33149
	-53.2075	-17.33087
	-53.20889	-17.33006
	-53.21204	-17.32733
	-53.216	-17.32916
	-53.21712	-17.32802
	-53.21766	-17.32642
	-53.21662	-17.32613
	-53.21591	-17.32468
	-53.21456	-17.32433
	-53.21341	-17.32349
	-53.21355	-17.3226
	-53.21496	-17.32269
	-53.21568	-17.32049
	-53.21374	-17.32036
	-53.2094	-17.31609
	-53.20865	-17.31421
	-53.20898	-17.31384
	-53.20957	-17.31374
	-53.21092	-17.31368
	-53.21236	-17.31413
	-53.2135	-17.31305
	-53.21489	-17.31076
	-53.21402	-17.3104
	-53.21232	-17.31109
	-53.21048	-17.31259
	-53.21	-17.312
	-53.20994	-17.31117
	-53.21158	-17.31042
	-53.21333	-17.30928
	-53.214	-17.308
	-53.21457	-17.30745
	-53.21561	-17.30792
	-53.2178	-17.30953
	-53.21866	-17.30895
	-53.21908	-17.30729
	-53.21675	-17.30494
	-53.21643	-17.30405
	-53.21789	-17.30289
	-53.21743	-17.30075
	-53.21819	-17.30029
	-53.219	-17.299
	-53.21782	-17.29698
	-53.21331	-17.29523
	-53.21205	-17.29533
	-53.2113	-17.29513
	-53.21078	-17.29379
	-53.21015	-17.29328
	-53.20882	-17.29353
	-53.20836	-17.29337
	-53.20791	-17.29301
	-53.20738	-17.29231
	-53.20714	-17.29146
	-53.20719	-17.29084
	-53.20739	-17.29026
	-53.20799	-17.28944
	-53.2085	-17.28841
	-53.20847	-17.28809
	-53.20831	-17.28781
	-53.20719	-17.28704
	-53.20702	-17.28664
	-53.20717	-17.28621
	-53.2083	-17.28521
	-53.20808	-17.28487
	-53.20759	-17.28464
	-53.20661	-17.28456
	-53.20484	-17.28462
	-53.20411	-17.2844
	-53.20351	-17.28405
	-53.20302	-17.28349
	-53.20266	-17.28251
	-53.20235	-17.28207
	-53.20034	-17.28101
	-53.19997	-17.28069
	-53.19923	-17.27895
	-53.19815	-17.27838
	-53.19756	-17.27838
	-53.19698	-17.27788
	-53.19606	-17.27746
	-53.19549	-17.27689
	-53.195	-17.276
	-53.19427	-17.27458
	-53.19422	-17.27231
	-53.19447	-17.27167
	-53.19539	-17.2702
	-53.19537	-17.26972
	-53.1946	-17.26824
	-53.19499	-17.26656
	-53.19626	-17.26474
	-53.19707	-17.264
	-53.19747	-17.26327
	-53.19753	-17.26261
	-53.19739	-17.26209
	-53.19759	-17.26096
	-53.19724	-17.26028
	-53.19431	-17.25919
	-53.19282	-17.25846
	-53.19202	-17.25839
	-53.18783	-17.25919
	-53.18714	-17.25911
	-53.18671	-17.25885
	-53.1858	-17.25685
	-53.18529	-17.25626
	-53.18433	-17.25546
	-53.18391	-17.25487
	-53.18384	-17.25411
	-53.18411	-17.25373
	-53.18422	-17.25323
	-53.1841	-17.25277
	-53.18344	-17.2519
	-53.18143	-17.25032
	-53.18033	-17.24852
	-53.17954	-17.24781
	-53.1793	-17.24694
	-53.17972	-17.24541
	-53.18015	-17.24444
	-53.18018	-17.2438
	-53.17976	-17.24289
	-53.1792	-17.2423
	-53.17842	-17.24209
	-53.17763	-17.24222
	-53.17639	-17.24177
	-53.17589	-17.24146
	-53.17485	-17.24011
	-53.17439	-17.23769
	-53.17355	-17.23595
	-53.17346	-17.23535
	-53.17294	-17.23438
	-53.17199	-17.23346
	-53.17167	-17.23269
	-53.17148	-17.22531
	-53.17153	-17.22347
	-53.17097	-17.22212
	-53.17022	-17.22079
	-53.16968	-17.22048
	-53.16927	-17.22045
	-53.16886	-17.22085
	-53.16695	-17.22141
	-53.16553	-17.22123
	-53.16504	-17.22082
	-53.16518	-17.22022
	-53.16685	-17.2188
	-53.16714	-17.21631
	-53.16664	-17.21475
	-53.16695	-17.21313
	-53.16691	-17.21256
	-53.16672	-17.21186
	-53.16655	-17.21055
	-53.1663	-17.20977
	-53.16576	-17.20912
	-53.16545	-17.20833
	-53.16319	-17.20716
	-53.16208	-17.20504
	-53.16213	-17.20249
	-53.16194	-17.20159
	-53.16139	-17.20112
	-53.16052	-17.19907
	-53.15959	-17.19732
	-53.15943	-17.19488
	-53.15624	-17.18967
	-52.89368	-17.25886
	-52.49268	-17.28509
	-52.26746	-17.38209
	-51.76758	-17.58119
	-51.63025	-17.81407
	-51.16333	-17.69636
	-50.6662	-17.45285
	-50.11688	-17.11717
	-49.61975	-16.78351
	-49.63898	-16.54406
	-49.5813	-16.29905
	-49.39728	-16.20149
	-49.1748	-16.16456
	-48.95233	-16.08276
	-48.68317	-16.06429
	-48.43872	-15.6918
	-48.14209	-15.45633
	-47.38678	-15.33452
	-47.08466	-14.97397
	-46.8045	-14.72973
	-46.50238	-14.28035
	-46.37054	-13.91274
	-46.24872	-13.87923
	-46.25142	-13.88288
	-46.25545	-13.88771
	-46.25734	-13.89208
	-46.25965	-13.8978
	-46.262	-13.902
	-46.2619	-13.92284
	-46.262	-13.928
	-46.26304	-13.93096
	-46.26735	-13.93831
	-46.268	-13.943
	-46.26744	-13.94504
	-46.26568	-13.94668
	-46.26109	-13.9486
	-46.25525	-13.95122
	-46.24933	-13.95556
	-46.24259	-13.96076
	-46.23819	-13.96451
	-46.23336	-13.96749
	-46.22907	-13.96936
	-46.22605	-13.96988
	-46.222	-13.971
	-46.21901	-13.97371
	-46.2171	-13.97684
	-46.216	-13.979
	-46.21596	-13.9841
	-46.21645	-13.99247
	-46.21716	-13.99787
	-46.21843	-14.00216
	-46.21738	-14.00567
	-46.21472	-14.00823
	-46.21171	-14.01061
	-46.21049	-14.01215
	-46.21002	-14.01452
	-46.2104	-14.01904
	-46.21242	-14.02335
	-46.2159	-14.02893
	-46.21942	-14.0327
	-46.22428	-14.03929
	-46.22843	-14.04467
	-46.2315	-14.04754
	-46.23502	-14.04947
	-46.23823	-14.05097
	-46.24162	-14.05245
	-46.24579	-14.05435
	-46.24804	-14.05636
	-46.24755	-14.05782
	-46.24506	-14.0598
	-46.24216	-14.05959
	-46.23967	-14.05818
	-46.23641	-14.05701
	-46.2322	-14.05688
	-46.22892	-14.06047
	-46.22744	-14.06348
	-46.22634	-14.06624
	-46.225	-14.069
	-46.2256	-14.07085
	-46.22693	-14.07291
	-46.2292	-14.07462
	-46.23268	-14.07826
	-46.2351	-14.08228
	-46.23727	-14.08384
	-46.23753	-14.08555
	-46.23896	-14.09042
	-46.24156	-14.09237
	-46.24439	-14.09347
	-46.24759	-14.09377
	-46.24976	-14.09223
	-46.25059	-14.0911
	-46.25182	-14.08902
	-46.25343	-14.08731
	-46.25619	-14.08836
	-46.25843	-14.08967
	-46.26149	-14.09293
	-46.26508	-14.09649
	-46.265	-14.098
	-46.26328	-14.10009
	-46.25866	-14.10342
	-46.2548	-14.10505
	-46.24952	-14.10582
	-46.2419	-14.10709
	-46.23643	-14.10754
	-46.23323	-14.10912
	-46.22823	-14.11248
	-46.21942	-14.11926
	-46.216	-14.12
	-46.2121	-14.11972
	-46.20588	-14.11886
	-46.20289	-14.11947
	-46.1992	-14.12334
	-46.19779	-14.12596
	-46.19783	-14.12887
	-46.19843	-14.13395
	-46.19792	-14.13784
	-46.19734	-14.14117
	-46.197	-14.143
	-46.19407	-14.14581
	-46.18899	-14.14949
	-46.18528	-14.15162
	-46.18041	-14.15272
	-46.17405	-14.15445
	-46.16822	-14.15636
	-46.16176	-14.15778
	-46.15526	-14.15937
	-46.151	-14.16
	-46.14895	-14.15972
	-46.14528	-14.1582
	-46.14243	-14.15641
	-46.13833	-14.15435
	-46.13558	-14.15364
	-46.133	-14.153
	-46.13101	-14.15362
	-46.12998	-14.15452
	-46.12929	-14.15629
	-46.12794	-14.15729
	-46.12573	-14.15791
	-46.12251	-14.15866
	-46.1182	-14.16032
	-46.11597	-14.16357
	-46.11481	-14.16598
	-46.11365	-14.16873
	-46.11341	-14.17004
	-46.11314	-14.17412
	-46.11335	-14.17713
	-46.11417	-14.18069
	-46.11627	-14.18451
	-46.116	-14.187
	-46.11402	-14.18917
	-46.1102	-14.19021
	-46.10571	-14.19127
	-46.10316	-14.19194
	-46.10138	-14.1926
	-46.0996	-14.19588
	-46.09859	-14.1987
	-46.098	-14.202
	-46.09666	-14.2044
	-46.0941	-14.20548
	-46.091	-14.205
	-46.077	-14.195
	-46.06988	-14.19374
	-46.06477	-14.19325
	-46.061	-14.194
	-46.0572	-14.19739
	-46.05383	-14.20125
	-46.05235	-14.20485
	-46.05275	-14.20905
	-46.0537	-14.21284
	-46.05702	-14.2226
	-46.05868	-14.22532
	-46.06084	-14.22925
	-46.06052	-14.23144
	-46.05846	-14.23358
	-46.05441	-14.23797
	-46.04951	-14.24161
	-46.046	-14.244
	-46.04194	-14.24454
	-46.03576	-14.24392
	-46.03233	-14.24466
	-46.029	-14.246
	-46.02726	-14.24801
	-46.02643	-14.25174
	-46.026	-14.256
	-46.02497	-14.25768
	-46.022	-14.26
	-46.01825	-14.26043
	-46.015	-14.26
	-46.01213	-14.25883
	-46.007	-14.256
	-46.00144	-14.25542
	-45.99815	-14.2561
	-45.996	-14.257
	-45.99442	-14.25789
	-45.99172	-14.2601
	-45.991	-14.262
	-45.99238	-14.26502
	-45.99491	-14.27178
	-45.99537	-14.2748
	-45.995	-14.278
	-45.99367	-14.27933
	-45.99064	-14.2795
	-45.98805	-14.27917
	-45.98341	-14.27804
	-45.97895	-14.27711
	-45.976	-14.277
	-45.97427	-14.27833
	-45.97054	-14.28272
	-45.96796	-14.28441
	-45.96337	-14.28532
	-45.96176	-14.28678
	-45.96054	-14.28931
	-45.96024	-14.29156
	-45.96078	-14.29561
	-45.96095	-14.30075
	-45.96011	-14.30329
	-45.959	-14.306
	-45.9576	-14.3083
	-45.95603	-14.31162
	-45.956	-14.314
	-45.95593	-14.31674
	-45.95518	-14.32052
	-45.954	-14.325
	-45.95172	-14.32713
	-45.94804	-14.32872
	-45.946	-14.33
	-45.94526	-14.3326
	-45.94481	-14.3383
	-45.94391	-14.34146
	-45.94226	-14.34345
	-45.93992	-14.34572
	-45.93563	-14.34823
	-45.93037	-14.35029
	-45.92795	-14.35036
	-45.92421	-14.34957
	-45.91767	-14.3472
	-45.91305	-14.3472
	-45.90995	-14.34948
	-45.907	-14.353
	-45.90663	-14.35497
	-45.90672	-14.35782
	-45.90762	-14.35938
	-45.91172	-14.36428
	-45.91298	-14.36632
	-45.9126	-14.36784
	-45.91204	-14.37256
	-45.9123	-14.37472
	-45.91313	-14.37574
	-45.91563	-14.37692
	-45.922	-14.38
	-45.92311	-14.38066
	-45.92466	-14.38268
	-45.926	-14.386
	-45.92635	-14.38792
	-45.92663	-14.39351
	-45.92676	-14.39985
	-45.92665	-14.40328
	-45.92597	-14.40662
	-45.9274	-14.40941
	-45.92874	-14.41107
	-45.93184	-14.41297
	-45.935	-14.415
	-45.93708	-14.41562
	-45.9426	-14.41629
	-45.9485	-14.41666
	-45.95184	-14.41786
	-45.9547	-14.42148
	-45.957	-14.425
	-45.95837	-14.42628
	-45.96206	-14.42828
	-45.96697	-14.43017
	-45.972	-14.432
	-45.97871	-14.43299
	-45.9827	-14.43266
	-45.98566	-14.43056
	-45.98766	-14.42979
	-45.99208	-14.43002
	-45.99566	-14.43042
	-45.99836	-14.42977
	-45.99991	-14.42796
	-46.00066	-14.42655
	-46.00154	-14.4242
	-46.00345	-14.42296
	-46.00461	-14.42123
	-46.00508	-14.41861
	-46.0057	-14.414
	-46.00615	-14.4103
	-46.00729	-14.4071
	-46.00894	-14.40627
	-46.01017	-14.40619
	-46.012	-14.407
	-46.013	-14.40968
	-46.01345	-14.41126
	-46.01446	-14.41396
	-46.01688	-14.4184
	-46.017	-14.42
	-46.01622	-14.42104
	-46.01345	-14.4214
	-46.01214	-14.42167
	-46.01113	-14.42273
	-46.01041	-14.42576
	-46.01	-14.427
	-46.00826	-14.42855
	-46.00671	-14.42975
	-46.00349	-14.43139
	-46.00152	-14.43339
	-46.00094	-14.43407
	-46.00087	-14.43594
	-46.00111	-14.44527
	-46.001	-14.448
	-46.00216	-14.44978
	-46.00369	-14.45045
	-46.00564	-14.45088
	-46.00807	-14.45195
	-46.01173	-14.45419
	-46.01334	-14.45726
	-46.015	-14.46
	-46.01543	-14.46242
	-46.01538	-14.46481
	-46.016	-14.469
	-46.01595	-14.47023
	-46.01475	-14.47289
	-46.01339	-14.47488
	-46.01269	-14.47725
	-46.01065	-14.47976
	-46.00741	-14.48151
	-46.00337	-14.48446
	-46.00091	-14.486
	-45.99786	-14.48745
	-45.99689	-14.4881
	-45.99566	-14.49034
	-45.99436	-14.49352
	-45.99376	-14.49537
	-45.99393	-14.49869
	-45.9946	-14.50008
	-45.99672	-14.50093
	-46.00031	-14.50268
	-46.00161	-14.5037
	-46.0014	-14.50534
	-46.0005	-14.50692
	-45.99949	-14.50856
	-45.99943	-14.50966
	-46.00142	-14.51122
	-46.00288	-14.513
	-46.004	-14.515
	-46.00408	-14.5168
	-46.00327	-14.51818
	-46.00237	-14.51951
	-46.001	-14.521
	-45.99925	-14.52231
	-45.99666	-14.52358
	-45.994	-14.52462
	-45.99043	-14.52646
	-45.98752	-14.52738
	-45.98453	-14.52802
	-45.98269	-14.529
	-45.98149	-14.52989
	-45.98097	-14.53068
	-45.98022	-14.53313
	-45.979	-14.53481
	-45.97793	-14.53652
	-45.97767	-14.53795
	-45.97773	-14.53899
	-45.97829	-14.54061
	-45.97861	-14.54306
	-45.9785	-14.54395
	-45.979	-14.546
	-45.98048	-14.54653
	-45.98134	-14.54657
	-45.98344	-14.54611
	-45.98561	-14.54485
	-45.98773	-14.54316
	-45.99043	-14.54156
	-45.99421	-14.541
	-45.99608	-14.54148
	-45.99651	-14.54296
	-45.99604	-14.54389
	-45.99453	-14.54539
	-45.99252	-14.54696
	-45.98949	-14.54981
	-45.98932	-14.55066
	-45.99052	-14.55164
	-45.99305	-14.55197
	-45.99423	-14.55305
	-45.99368	-14.55392
	-45.99215	-14.55436
	-45.9899	-14.55621
	-45.99005	-14.55768
	-45.99048	-14.55876
	-45.99097	-14.56034
	-45.99129	-14.56281
	-45.9928	-14.56389
	-45.99402	-14.56443
	-45.99582	-14.5652
	-45.99571	-14.56611
	-45.99509	-14.56632
	-45.9943	-14.56618
	-45.99222	-14.56626
	-45.98868	-14.56659
	-45.98725	-14.56774
	-45.98625	-14.5702
	-45.9855	-14.57309
	-45.98586	-14.57641
	-45.98681	-14.57862
	-45.98767	-14.58015
	-45.98863	-14.58381
	-45.98953	-14.58869
	-45.99078	-14.5901
	-45.99183	-14.59035
	-45.9937	-14.59105
	-45.99477	-14.59274
	-45.99497	-14.59524
	-45.99677	-14.59712
	-45.99943	-14.59901
	-46.001	-14.601
	-46.00121	-14.60225
	-46.00048	-14.60302
	-45.9991	-14.60418
	-45.99913	-14.60532
	-45.99848	-14.60621
	-45.99679	-14.60617
	-45.99597	-14.60592
	-45.99428	-14.60787
	-45.99089	-14.61219
	-45.98722	-14.61618
	-45.98505	-14.62017
	-45.98492	-14.62183
	-45.985	-14.626
	-45.99028	-14.633
	-45.99383	-14.63597
	-45.99509	-14.63763
	-45.99554	-14.639
	-45.99503	-14.63993
	-45.99413	-14.64109
	-45.99056	-14.64348
	-45.9894	-14.64506
	-45.98934	-14.6472
	-45.99061	-14.65021
	-45.99097	-14.65239
	-45.9905	-14.65399
	-45.98945	-14.65639
	-45.98981	-14.65886
	-45.99082	-14.66032
	-45.99393	-14.66204
	-45.99835	-14.66396
	-46.00036	-14.6645
	-46.00362	-14.66369
	-46.00515	-14.66371
	-46.00722	-14.66318
	-46.00803	-14.662
	-46.00802	-14.66007
	-46.00761	-14.65747
	-46.008	-14.65713
	-46.00871	-14.65739
	-46.01115	-14.66036
	-46.01192	-14.66109
	-46.0129	-14.66172
	-46.01535	-14.66209
	-46.018	-14.66233
	-46.0185	-14.66232
	-46.01941	-14.66246
	-46.02097	-14.66307
	-46.02209	-14.66392
	-46.02278	-14.66419
	-46.02304	-14.66434
	-46.02403	-14.66516
	-46.024	-14.66628
	-46.02348	-14.66752
	-46.02239	-14.66864
	-46.02216	-14.66934
	-46.02245	-14.671
	-46.026	-14.67757
	-46.02847	-14.67995
	-46.02945	-14.68122
	-46.02919	-14.68301
	-46.02623	-14.68625
	-46.02442	-14.68916
	-46.02232	-14.69245
	-46.01799	-14.69519
	-46.00943	-14.70036
	-46.00647	-14.70198
	-46.00629	-14.70325
	-46.00657	-14.70646
	-46.00522	-14.70783
	-46.00233	-14.70951
	-46.001	-14.711
	-46.00115	-14.71624
	-46.001	-14.72
	-46.00331	-14.72444
	-46.007	-14.731
	-46.00853	-14.73166
	-46.01153	-14.73172
	-46.01237	-14.73299
	-46.0114	-14.73514
	-46.0082	-14.73983
	-46.007	-14.743
	-46.007	-14.7471
	-46.00786	-14.75183
	-46.0075	-14.75305
	-46.00713	-14.75814
	-46.007	-14.762
	-46.00911	-14.76529
	-46.01155	-14.76751
	-46.0126	-14.76909
	-46.01185	-14.771
	-46.009	-14.774
	-46.0085	-14.77984
	-46.00685	-14.78924
	-46.008	-14.794
	-46.01054	-14.79718
	-46.01696	-14.80324
	-46.01827	-14.80632
	-46.02007	-14.81104
	-46.02101	-14.81498
	-46.023	-14.818
	-46.02857	-14.82023
	-46.038	-14.822
	-46.04039	-14.82403
	-46.04314	-14.82557
	-46.04798	-14.82949
	-46.04987	-14.83057
	-46.052	-14.831
	-46.05132	-14.83229
	-46.049	-14.833
	-46.0496	-14.83503
	-46.051	-14.837
	-46.05008	-14.83776
	-46.04863	-14.83808
	-46.04529	-14.83858
	-46.04451	-14.84088
	-46.04295	-14.84246
	-46.03871	-14.84702
	-46.032	-14.856
	-46.03227	-14.85857
	-46.03295	-14.86069
	-46.03591	-14.86501
	-46.03662	-14.86949
	-46.03683	-14.87432
	-46.04018	-14.8766
	-46.04382	-14.87876
	-46.04981	-14.88294
	-46.05175	-14.88422
	-46.05531	-14.8898
	-46.05776	-14.89569
	-46.062	-14.908
	-46.067	-14.909
	-46.079	-14.905
	-46.084	-14.932
	-46.088	-14.936
	-46.098	-14.939
	-46.11	-14.937
	-46.12	-14.92
	-46.132	-14.921
	-46.138	-14.928
	-46.145	-14.926
	-46.159	-14.913
	-46.161	-14.906
	-46.166	-14.908
	-46.161	-14.931
	-46.175	-14.949
	-46.205	-14.937
	-46.21099	-14.937
	-46.215	-14.943
	-46.224	-14.941
	-46.233	-14.921
	-46.247	-14.922
	-46.257	-14.928
	-46.286	-14.928
	-46.292	-14.921
	-46.294	-14.908
	-46.306	-14.911
	-46.315	-14.9
	-46.319	-14.9
	-46.318	-14.883
	-46.308	-14.877
	-46.3	-14.858
	-46.314	-14.854
	-46.317	-14.849
	-46.324	-14.847
	-46.32	-14.836
	-46.322	-14.814
	-46.334	-14.812
	-46.336	-14.803
	-46.355	-14.794
	-46.365	-14.795
	-46.368	-14.789
	-46.377	-14.786
	-46.404	-14.76
	-46.429	-14.752
	-46.447	-14.731
	-46.463	-14.731
	-46.469	-14.708
	-46.476	-14.705
	-46.49	-14.71
	-46.503	-14.704
	-46.509	-14.716
	-46.507	-14.732
	-46.51	-14.738
	-46.522	-14.745
	-46.537	-14.747
	-46.544	-14.753
	-46.543	-14.768
	-46.565	-14.786
	-46.563	-14.799
	-46.557	-14.807
	-46.56	-14.815
	-46.558	-14.822
	-46.533	-14.828
	-46.521	-14.851
	-46.522	-14.854
	-46.53	-14.883
	-46.542	-14.896
	-46.546	-14.925
	-46.544	-14.93
	-46.539	-14.941
	-46.54	-14.951
	-46.532	-14.958
	-46.533	-14.961
	-46.521	-14.967
	-46.517	-14.972
	-46.516	-14.982
	-46.527	-14.988
	-46.53	-15.005
	-46.52	-15.013
	-46.52	-15.02
	-46.511	-15.029
	-46.502	-15.052
	-46.513	-15.061
	-46.526	-15.056
	-46.532	-15.056
	-46.544	-15.065
	-46.551	-15.063
	-46.561	-15.07
	-46.575	-15.083
	-46.588	-15.081
	-46.6	-15.087
	-46.61	-15.084
	-46.625	-15.089
	-46.641	-15.087
	-46.656	-15.081
	-46.681	-15.058
	-46.7	-15.053
	-46.732	-15.036
	-46.753	-15.032
	-46.781	-15.019
	-46.829	-15.009
	-46.856	-15.01
	-46.864	-15.02
	-46.918	-15.049
	-46.925	-15.057
	-46.926	-15.073
	-46.91	-15.088
	-46.897	-15.094
	-46.897	-15.103
	-46.889	-15.111
	-46.893	-15.125
	-46.914	-15.158
	-46.92	-15.178
	-46.937	-15.205
	-46.933	-15.223
	-46.94	-15.23
	-46.932	-15.247
	-46.927	-15.255
	-46.912	-15.246
	-46.906	-15.236
	-46.891	-15.235
	-46.888	-15.268
	-46.891	-15.278
	-46.889	-15.282
	-46.873	-15.285
	-46.837	-15.321
	-46.835	-15.326
	-46.848	-15.346
	-46.861	-15.351
	-46.869	-15.361
	-46.866	-15.365
	-46.85	-15.368
	-46.849	-15.373
	-46.866	-15.386
	-46.883	-15.392
	-46.897	-15.402
	-46.915	-15.414
	-46.929	-15.439
	-46.933	-15.46
	-46.932	-15.483
	-46.944	-15.518
	-46.947	-15.539
	-46.948	-15.557
	-46.943	-15.567
	-46.919	-15.588
	-46.897	-15.593
	-46.882	-15.61
	-46.877	-15.612
	-46.854	-15.618
	-46.854	-15.628
	-46.859	-15.639
	-46.852	-15.653
	-46.855	-15.683
	-46.842	-15.714
	-46.827	-15.73
	-46.827	-15.747
	-46.813	-15.787
	-46.814	-15.795
	-46.824	-15.808
	-46.821	-15.816
	-46.823	-15.824
	-46.805	-15.859
	-46.806	-15.872
	-46.811	-15.886
	-46.824	-15.885
	-46.929	-15.911
	-46.955	-15.917
	-47.02	-15.928
	-47.052	-15.937
	-47.073	-15.955
	-47.089	-15.961
	-47.109	-15.956
	-47.112	-15.954
	-47.125	-15.943
	-47.134	-15.95
	-47.131	-15.934
	-47.1366	-15.92741
	-47.13675	-15.92732
	-47.13674	-15.9269
	-47.13705	-15.92665
	-47.13738	-15.92678
	-47.13784	-15.92721
	-47.13801	-15.92713
	-47.1382	-15.92678
	-47.13845	-15.92649
	-47.13881	-15.92642
	-47.13908	-15.92658
	-47.13913	-15.92718
	-47.13879	-15.92763
	-47.13788	-15.92808
	-47.13767	-15.92844
	-47.13781	-15.92881
	-47.13816	-15.92904
	-47.13859	-15.92906
	-47.13944	-15.92884
	-47.14006	-15.92849
	-47.1402	-15.92811
	-47.14007	-15.92727
	-47.14019	-15.92704
	-47.14107	-15.92693
	-47.14243	-15.92646
	-47.14276	-15.92638
	-47.14303	-15.92651
	-47.14318	-15.92679
	-47.14318	-15.92735
	-47.14262	-15.92871
	-47.14214	-15.92911
	-47.14028	-15.92954
	-47.13974	-15.9298
	-47.13961	-15.93011
	-47.13976	-15.93054
	-47.14019	-15.93127
	-47.14086	-15.93163
	-47.14093	-15.9319
	-47.14089	-15.93236
	-47.14107	-15.9325
	-47.14234	-15.93245
	-47.14256	-15.93261
	-47.14282	-15.93327
	-47.14282	-15.93375
	-47.14298	-15.93425
	-47.14299	-15.93503
	-47.14282	-15.93569
	-47.14298	-15.93584
	-47.14346	-15.93558
	-47.14529	-15.93373
	-47.14553	-15.93332
	-47.1456	-15.93284
	-47.14573	-15.93253
	-47.14595	-15.93237
	-47.14657	-15.93214
	-47.14692	-15.9322
	-47.14717	-15.9328
	-47.14803	-15.93383
	-47.1485	-15.93479
	-47.14864	-15.93522
	-47.1488	-15.93533
	-47.14908	-15.93533
	-47.15057	-15.93481
	-47.1511	-15.93458
	-47.15157	-15.93466
	-47.15196	-15.93492
	-47.15217	-15.93532
	-47.15241	-15.93597
	-47.15241	-15.93658
	-47.15221	-15.93701
	-47.15124	-15.93824
	-47.15099	-15.93839
	-47.15019	-15.93845
	-47.14998	-15.93837
	-47.14994	-15.9381
	-47.14999	-15.93786
	-47.14994	-15.93771
	-47.14982	-15.93768
	-47.14968	-15.93776
	-47.14956	-15.93804
	-47.14955	-15.93846
	-47.14973	-15.93879
	-47.14993	-15.93965
	-47.14957	-15.93995
	-47.14931	-15.94041
	-47.14936	-15.94064
	-47.14968	-15.94081
	-47.14992	-15.9408
	-47.1502	-15.94056
	-47.15117	-15.93923
	-47.15169	-15.93892
	-47.15202	-15.93889
	-47.15223	-15.93904
	-47.15228	-15.93927
	-47.15226	-15.9395
	-47.15171	-15.94019
	-47.15179	-15.94047
	-47.152	-15.94055
	-47.15241	-15.94087
	-47.15251	-15.94113
	-47.15243	-15.94197
	-47.15287	-15.94284
	-47.15343	-15.94278
	-47.15437	-15.9421
	-47.15477	-15.94165
	-47.15509	-15.94148
	-47.15624	-15.94135
	-47.15804	-15.9407
	-47.159	-15.94068
	-47.15936	-15.94086
	-47.15931	-15.94113
	-47.15991	-15.94232
	-47.15999	-15.94294
	-47.16038	-15.94385
	-47.16066	-15.9442
	-47.1624	-15.9432
	-47.16286	-15.94295
	-47.16309	-15.94295
	-47.16317	-15.94318
	-47.16265	-15.94458
	-47.16164	-15.94536
	-47.16068	-15.94546
	-47.16045	-15.9457
	-47.16069	-15.94612
	-47.16108	-15.94616
	-47.16109	-15.9467
	-47.161	-15.94735
	-47.16126	-15.94736
	-47.16226	-15.94704
	-47.16351	-15.94693
	-47.16382	-15.94594
	-47.16408	-15.94541
	-47.16427	-15.94536
	-47.16448	-15.94542
	-47.1648	-15.94592
	-47.16609	-15.94707
	-47.16657	-15.94849
	-47.16703	-15.94854
	-47.16711	-15.94878
	-47.16664	-15.95026
	-47.16647	-15.95045
	-47.16641	-15.95069
	-47.16667	-15.95107
	-47.16714	-15.95141
	-47.16871	-15.95202
	-47.17046	-15.95273
	-47.17095	-15.95322
	-47.17088	-15.95354
	-47.17105	-15.95368
	-47.1713	-15.95349
	-47.17152	-15.95374
	-47.17153	-15.95393
	-47.17184	-15.95432
	-47.17208	-15.95573
	-47.1719	-15.95619
	-47.17127	-15.95656
	-47.17036	-15.95618
	-47.1686	-15.95533
	-47.1684	-15.95542
	-47.16837	-15.95576
	-47.16867	-15.95622
	-47.16893	-15.9569
	-47.16893	-15.95819
	-47.16909	-15.95843
	-47.1693	-15.95849
	-47.17048	-15.95811
	-47.17101	-15.95807
	-47.17125	-15.95812
	-47.17157	-15.95832
	-47.17163	-15.95879
	-47.17155	-15.95949
	-47.17159	-15.9597
	-47.17168	-15.95977
	-47.1721	-15.95962
	-47.1726	-15.9592
	-47.17284	-15.95931
	-47.17289	-15.95953
	-47.17278	-15.95977
	-47.1717	-15.96035
	-47.17139	-15.96005
	-47.17107	-15.95983
	-47.17078	-15.95993
	-47.17051	-15.96039
	-47.17036	-15.96089
	-47.17064	-15.96153
	-47.1711	-15.96185
	-47.17168	-15.96197
	-47.17201	-15.96196
	-47.17199	-15.9623
	-47.17164	-15.96289
	-47.1712	-15.96319
	-47.17056	-15.96299
	-47.16997	-15.96247
	-47.16956	-15.96229
	-47.16915	-15.9624
	-47.16794	-15.96321
	-47.16758	-15.96385
	-47.16744	-15.96433
	-47.16754	-15.96451
	-47.16782	-15.9645
	-47.16846	-15.96423
	-47.16865	-15.96399
	-47.1691	-15.96372
	-47.16931	-15.96376
	-47.17004	-15.96479
	-47.17089	-15.96523
	-47.17168	-15.96534
	-47.17201	-15.96547
	-47.17215	-15.96583
	-47.17189	-15.96611
	-47.17141	-15.96642
	-47.17078	-15.96654
	-47.17003	-15.96638
	-47.1688	-15.96584
	-47.16759	-15.96503
	-47.16728	-15.96504
	-47.16684	-15.96563
	-47.16669	-15.9661
	-47.16676	-15.96645
	-47.16699	-15.96664
	-47.1683	-15.96637
	-47.16873	-15.96655
	-47.16961	-15.96737
	-47.16975	-15.96778
	-47.16951	-15.96821
	-47.16888	-15.96838
	-47.16799	-15.96722
	-47.16764	-15.96718
	-47.16711	-15.96827
	-47.16721	-15.96851
	-47.16802	-15.96877
	-47.16911	-15.96903
	-47.16968	-15.96934
	-47.17053	-15.972
	-47.17318	-15.97418
	-47.17433	-15.97428
	-47.17643	-15.97391
	-47.17668	-15.97409
	-47.17624	-15.9756
	-47.17639	-15.97595
	-47.17782	-15.97698
	-47.17853	-15.97771
	-47.17878	-15.97772
	-47.17893	-15.97759
	-47.17955	-15.97589
	-47.17956	-15.97555
	-47.17941	-15.9754
	-47.17886	-15.97532
	-47.17888	-15.97498
	-47.1792	-15.97435
	-47.17978	-15.97245
	-47.18	-15.97212
	-47.18118	-15.97124
	-47.18194	-15.97075
	-47.18249	-15.97125
	-47.18293	-15.97292
	-47.18313	-15.9731
	-47.1833	-15.97305
	-47.18353	-15.97273
	-47.18384	-15.97149
	-47.18438	-15.97039
	-47.1847	-15.97019
	-47.18493	-15.97024
	-47.18504	-15.97053
	-47.18469	-15.9715
	-47.18477	-15.97172
	-47.18493	-15.97175
	-47.186	-15.971
	-47.18644	-15.97085
	-47.18679	-15.97106
	-47.18697	-15.97146
	-47.187	-15.97172
	-47.18691	-15.97195
	-47.18582	-15.972
	-47.18565	-15.97234
	-47.18579	-15.97258
	-47.18626	-15.97275
	-47.18701	-15.97245
	-47.18746	-15.97208
	-47.18757	-15.97187
	-47.18766	-15.97137
	-47.18779	-15.97127
	-47.18793	-15.97137
	-47.18837	-15.97264
	-47.18832	-15.97324
	-47.18815	-15.97368
	-47.18791	-15.97385
	-47.18703	-15.97354
	-47.18571	-15.97368
	-47.18559	-15.9739
	-47.18573	-15.97415
	-47.1866	-15.97435
	-47.18681	-15.97464
	-47.18655	-15.97498
	-47.18564	-15.97514
	-47.18467	-15.97424
	-47.18422	-15.97402
	-47.18389	-15.97416
	-47.18374	-15.9744
	-47.1838	-15.97476
	-47.18456	-15.97555
	-47.18467	-15.97651
	-47.1843	-15.97685
	-47.18333	-15.97724
	-47.18324	-15.97742
	-47.18331	-15.97757
	-47.18347	-15.97764
	-47.18398	-15.97744
	-47.18469	-15.97736
	-47.18491	-15.9775
	-47.18477	-15.97781
	-47.18354	-15.97824
	-47.18334	-15.97846
	-47.18338	-15.97873
	-47.18355	-15.97895
	-47.18389	-15.97914
	-47.18422	-15.97914
	-47.18443	-15.97901
	-47.18502	-15.97811
	-47.1854	-15.97799
	-47.18594	-15.97808
	-47.1862	-15.97833
	-47.18641	-15.97894
	-47.18628	-15.97986
	-47.18608	-15.98016
	-47.18565	-15.98036
	-47.18455	-15.98053
	-47.1843	-15.98074
	-47.18443	-15.98099
	-47.18495	-15.98127
	-47.18512	-15.98144
	-47.18523	-15.9819
	-47.18516	-15.98248
	-47.18496	-15.98275
	-47.18453	-15.98298
	-47.18451	-15.98324
	-47.18461	-15.98345
	-47.1849	-15.98364
	-47.18527	-15.9835
	-47.18615	-15.98232
	-47.1871	-15.98151
	-47.18734	-15.98158
	-47.18748	-15.98186
	-47.18742	-15.98252
	-47.18745	-15.98297
	-47.18769	-15.98323
	-47.18826	-15.98331
	-47.18854	-15.98316
	-47.18899	-15.98253
	-47.18936	-15.98227
	-47.18958	-15.98237
	-47.18975	-15.98295
	-47.19	-15.98311
	-47.19012	-15.98281
	-47.18989	-15.98224
	-47.18938	-15.98164
	-47.18914	-15.98104
	-47.18924	-15.98066
	-47.18941	-15.98049
	-47.19134	-15.98033
	-47.19191	-15.98043
	-47.19219	-15.98033
	-47.19216	-15.97959
	-47.19203	-15.9792
	-47.19148	-15.979
	-47.19148	-15.9787
	-47.19235	-15.97778
	-47.19269	-15.9778
	-47.19345	-15.97821
	-47.19479	-15.97907
	-47.19498	-15.9795
	-47.19472	-15.98041
	-47.19404	-15.98106
	-47.194	-15.98126
	-47.19418	-15.98145
	-47.19486	-15.98155
	-47.19492	-15.98174
	-47.19378	-15.98236
	-47.19366	-15.98261
	-47.19378	-15.98287
	-47.19465	-15.98311
	-47.1948	-15.98364
	-47.19472	-15.98412
	-47.19435	-15.98436
	-47.19371	-15.98441
	-47.19364	-15.98461
	-47.19389	-15.98468
	-47.19506	-15.98458
	-47.19545	-15.98421
	-47.19599	-15.98408
	-47.19668	-15.9842
	-47.19691	-15.98443
	-47.19682	-15.98468
	-47.1961	-15.98505
	-47.19574	-15.98534
	-47.19577	-15.98558
	-47.19608	-15.98566
	-47.19667	-15.98547
	-47.19697	-15.98502
	-47.19731	-15.98468
	-47.1979	-15.98454
	-47.19819	-15.98474
	-47.19826	-15.98568
	-47.19764	-15.98692
	-47.19759	-15.98718
	-47.1982	-15.98743
	-47.1988	-15.98737
	-47.20157	-15.98582
	-47.20332	-15.98641
	-47.20361	-15.98682
	-47.20336	-15.98793
	-47.20366	-15.98819
	-47.20625	-15.98843
	-47.20663	-15.98825
	-47.20729	-15.98722
	-47.20783	-15.98687
	-47.20825	-15.987
	-47.20881	-15.98765
	-47.20885	-15.98791
	-47.20865	-15.98823
	-47.2081	-15.98847
	-47.20803	-15.98874
	-47.20826	-15.98899
	-47.2086	-15.98878
	-47.20892	-15.98875
	-47.20919	-15.98916
	-47.2094	-15.99025
	-47.20921	-15.99042
	-47.20823	-15.99042
	-47.20767	-15.99004
	-47.20735	-15.98994
	-47.20716	-15.99007
	-47.20745	-15.99054
	-47.20823	-15.99139
	-47.20821	-15.99158
	-47.20802	-15.99167
	-47.20729	-15.99166
	-47.20691	-15.99192
	-47.20701	-15.99226
	-47.20754	-15.99265
	-47.20836	-15.99258
	-47.20853	-15.99248
	-47.20862	-15.99148
	-47.20899	-15.99127
	-47.20926	-15.99151
	-47.20958	-15.99213
	-47.20957	-15.9926
	-47.20932	-15.99362
	-47.20904	-15.99375
	-47.20815	-15.99336
	-47.20805	-15.99349
	-47.20813	-15.99383
	-47.20836	-15.99432
	-47.20831	-15.99469
	-47.20803	-15.99503
	-47.20704	-15.99563
	-47.20695	-15.99598
	-47.20717	-15.99679
	-47.20777	-15.99692
	-47.20819	-15.99683
	-47.20832	-15.99691
	-47.20828	-15.99721
	-47.2078	-15.99757
	-47.20761	-15.99783
	-47.20775	-15.99807
	-47.20821	-15.99819
	-47.20873	-15.99857
	-47.20894	-15.9985
	-47.20925	-15.99734
	-47.20946	-15.9972
	-47.20967	-15.99737
	-47.21061	-15.99827
	-47.21159	-15.99845
	-47.21196	-15.99898
	-47.21204	-15.99943
	-47.21143	-16.00058
	-47.21171	-16.00143
	-47.21133	-16.00208
	-47.21082	-16.00241
	-47.21054	-16.00294
	-47.21064	-16.00352
	-47.2111	-16.00381
	-47.21254	-16.0045
	-47.21416	-16.00466
	-47.21579	-16.00432
	-47.21649	-16.00451
	-47.21668	-16.00483
	-47.21669	-16.00525
	-47.21638	-16.0056
	-47.21631	-16.00618
	-47.21657	-16.00662
	-47.2165	-16.00687
	-47.21584	-16.00712
	-47.21571	-16.0074
	-47.21586	-16.00775
	-47.21581	-16.00803
	-47.21534	-16.00843
	-47.21587	-16.00878
	-47.21665	-16.0089
	-47.21675	-16.01115
	-47.21765	-16.01354
	-47.21766	-16.01383
	-47.21717	-16.01417
	-47.21739	-16.01431
	-47.21767	-16.01415
	-47.21857	-16.01425
	-47.21979	-16.01491
	-47.22026	-16.0148
	-47.22057	-16.01411
	-47.22108	-16.0137
	-47.22172	-16.01383
	-47.22192	-16.01366
	-47.22135	-16.01302
	-47.22129	-16.01233
	-47.22158	-16.01208
	-47.22266	-16.01226
	-47.22298	-16.01272
	-47.2229	-16.01329
	-47.22322	-16.01341
	-47.22359	-16.01313
	-47.22394	-16.01315
	-47.22423	-16.01341
	-47.22422	-16.01407
	-47.22481	-16.01477
	-47.22552	-16.01464
	-47.22592	-16.01486
	-47.22631	-16.01582
	-47.22696	-16.01592
	-47.22775	-16.01579
	-47.22822	-16.01547
	-47.22858	-16.01568
	-47.22907	-16.01544
	-47.2296	-16.01448
	-47.22943	-16.01385
	-47.22865	-16.01338
	-47.22817	-16.01352
	-47.22794	-16.01327
	-47.22823	-16.01291
	-47.22918	-16.0127
	-47.2301	-16.01291
	-47.23252	-16.01413
	-47.23265	-16.01434
	-47.23198	-16.01523
	-47.23219	-16.01551
	-47.23262	-16.01558
	-47.23309	-16.01595
	-47.23391	-16.0161
	-47.23434	-16.01579
	-47.2344	-16.0152
	-47.23469	-16.01488
	-47.2357	-16.0147
	-47.23593	-16.01489
	-47.23606	-16.01591
	-47.23631	-16.01589
	-47.23679	-16.01427
	-47.23835	-16.01327
	-47.24033	-16.01458
	-47.24166	-16.01444
	-47.24207	-16.01468
	-47.24254	-16.01561
	-47.24251	-16.01635
	-47.24279	-16.01655
	-47.24403	-16.01711
	-47.24485	-16.01768
	-47.24504	-16.0177
	-47.24598	-16.01691
	-47.24611	-16.01642
	-47.24626	-16.0164
	-47.24698	-16.01709
	-47.24766	-16.01684
	-47.24807	-16.01684
	-47.24752	-16.01611
	-47.24684	-16.01586
	-47.24688	-16.01558
	-47.2474	-16.01554
	-47.24785	-16.0159
	-47.24807	-16.01634
	-47.24856	-16.01655
	-47.24882	-16.01641
	-47.24877	-16.01605
	-47.24858	-16.0158
	-47.24866	-16.01565
	-47.24886	-16.01571
	-47.24917	-16.01621
	-47.25093	-16.01741
	-47.25136	-16.01732
	-47.25147	-16.01684
	-47.25234	-16.01685
	-47.25309	-16.01715
	-47.2534	-16.01775
	-47.25339	-16.01926
	-47.2539	-16.01954
	-47.25506	-16.01899
	-47.25673	-16.01703
	-47.25919	-16.01847
	-47.25955	-16.0184
	-47.26092	-16.01761
	-47.26106	-16.01691
	-47.26168	-16.01677
	-47.26223	-16.01683
	-47.26268	-16.01537
	-47.26253	-16.01509
	-47.26216	-16.01502
	-47.26148	-16.01552
	-47.26117	-16.0156
	-47.26105	-16.01546
	-47.26112	-16.01479
	-47.26182	-16.01392
	-47.26297	-16.01416
	-47.26391	-16.01342
	-47.26435	-16.01366
	-47.26466	-16.01404
	-47.26507	-16.01387
	-47.26511	-16.01327
	-47.26536	-16.01312
	-47.26555	-16.01333
	-47.26563	-16.01381
	-47.26553	-16.01443
	-47.26601	-16.01473
	-47.26785	-16.01487
	-47.26815	-16.01461
	-47.26736	-16.01328
	-47.26632	-16.01257
	-47.26667	-16.01204
	-47.268	-16.012
	-47.26897	-16.01207
	-47.26993	-16.01199
	-47.27053	-16.01259
	-47.27077	-16.01418
	-47.27176	-16.01428
	-47.27374	-16.0133
	-47.27444	-16.01259
	-47.27592	-16.0123
	-47.27684	-16.01252
	-47.27934	-16.01238
	-47.27963	-16.01204
	-47.27904	-16.01145
	-47.27708	-16.01035
	-47.27644	-16.00855
	-47.27637	-16.00771
	-47.27733	-16.00679
	-47.27807	-16.00719
	-47.27825	-16.00886
	-47.27961	-16.00912
	-47.28204	-16.0091
	-47.28252	-16.01028
	-47.28258	-16.0114
	-47.28214	-16.01194
	-47.28209	-16.01226
	-47.2844	-16.0123
	-47.2846	-16.01171
	-47.28457	-16.01122
	-47.2849	-16.0108
	-47.28585	-16.0101
	-47.28675	-16.00938
	-47.28777	-16.01024
	-47.28818	-16.01118
	-47.2899	-16.01154
	-47.28953	-16.0139
	-47.28969	-16.01464
	-47.29051	-16.01455
	-47.29165	-16.01467
	-47.2944	-16.01592
	-47.29573	-16.01544
	-47.29657	-16.01578
	-47.29722	-16.0178
	-47.3001	-16.01839
	-47.30086	-16.02263
	-47.30096	-16.02806
	-47.30393	-16.02703
	-47.30611	-16.02799
	-47.30572	-16.02979
	-47.30631	-16.03065
	-47.3073	-16.03046
	-47.30809	-16.02979
	-47.30918	-16.03008
	-47.311	-16.033
	-47.31146	-16.0336
	-47.31001	-16.03627
	-47.30995	-16.03667
	-47.31007	-16.03707
	-47.31038	-16.03756
	-47.31068	-16.0382
	-47.31132	-16.04
	-47.3116	-16.04059
	-47.31216	-16.04112
	-47.31263	-16.04167
	-47.31267	-16.04211
	-47.31257	-16.04245
	-47.3122	-16.04276
	-47.31154	-16.04283
	-47.31115	-16.04279
	-47.31	-16.04198
	-47.30929	-16.04168
	-47.30876	-16.04178
	-47.3085	-16.04209
	-47.30844	-16.04245
	-47.30863	-16.04301
	-47.30921	-16.0436
	-47.31005	-16.04389
	-47.31018	-16.04409
	-47.31018	-16.04452
	-47.30983	-16.04525
	-47.30959	-16.0454
	-47.30849	-16.04567
	-47.30841	-16.04611
	-47.30854	-16.04663
	-47.30886	-16.04707
	-47.3098	-16.04806
	-47.30997	-16.04849
	-47.30977	-16.04896
	-47.30919	-16.04945
	-47.30854	-16.04987
	-47.30839	-16.05026
	-47.30819	-16.05183
	-47.30708	-16.05725
	-47.30527	-16.05945
	-47.30515	-16.06165
	-47.30708	-16.06223
	-47.30756	-16.06385
	-47.31033	-16.0649
	-47.315	-16.067
	-47.31552	-16.06814
	-47.31202	-16.06895
	-47.308	-16.074
	-47.30756	-16.07973
	-47.30973	-16.07903
	-47.31515	-16.07961
	-47.31588	-16.08135
	-47.31	-16.082
	-47.31069	-16.08424
	-47.31214	-16.08505
	-47.31238	-16.08633
	-47.31009	-16.0876
	-47.3113	-16.08876
	-47.31491	-16.08876
	-47.32034	-16.0912
	-47.32154	-16.09015
	-47.32167	-16.08876
	-47.32034	-16.08691
	-47.32239	-16.08482
	-47.32396	-16.08482
	-47.32372	-16.08714
	-47.32661	-16.08714
	-47.32757	-16.09004
	-47.329	-16.09
	-47.3295	-16.08818
	-47.33143	-16.0861
	-47.33276	-16.08784
	-47.33457	-16.0912
	-47.3365	-16.09421
	-47.33433	-16.09525
	-47.33228	-16.09386
	-47.33179	-16.09629
	-47.333	-16.097
	-47.33264	-16.09942
	-47.33071	-16.10174
	-47.33164	-16.10328
	-47.33213	-16.10617
	-47.331	-16.107
	-47.33152	-16.10837
	-47.33381	-16.10803
	-47.33538	-16.10953
	-47.33755	-16.11417
	-47.33803	-16.1159
	-47.33562	-16.11764
	-47.33541	-16.11969
	-47.33719	-16.1203
	-47.34057	-16.12169
	-47.33891	-16.12328
	-47.33939	-16.12444
	-47.34189	-16.12436
	-47.34141	-16.12667
	-47.337	-16.128
	-47.33806	-16.12907
	-47.34127	-16.12904
	-47.34429	-16.13113
	-47.34525	-16.13101
	-47.34802	-16.12916
	-47.34971	-16.12939
	-47.34923	-16.1324
	-47.35309	-16.13275
	-47.35236	-16.13425
	-47.34959	-16.1346
	-47.34833	-16.13641
	-47.34935	-16.139
	-47.34736	-16.14023
	-47.34715	-16.14166
	-47.3479	-16.14248
	-47.34901	-16.14365
	-47.34817	-16.14631
	-47.34884	-16.14657
	-47.35	-16.148
	-47.34865	-16.14897
	-47.34516	-16.1477
	-47.34335	-16.14757
	-47.34145	-16.14827
	-47.3413	-16.14919
	-47.34165	-16.15003
	-47.34402	-16.15271
	-47.34848	-16.15329
	-47.34872	-16.1563
	-47.34571	-16.15572
	-47.34209	-16.15676
	-47.34076	-16.15827
	-47.34631	-16.16325
	-47.345	-16.164
	-47.34125	-16.16359
	-47.34028	-16.16718
	-47.3363	-16.17077
	-47.332	-16.171
	-47.33498	-16.17679
	-47.33232	-16.17957
	-47.33377	-16.18224
	-47.3363	-16.18166
	-47.33835	-16.1827
	-47.33944	-16.18548
	-47.33715	-16.18664
	-47.33522	-16.18675
	-47.33389	-16.18502
	-47.33088	-16.18432
	-47.33136	-16.18907
	-47.33341	-16.18976
	-47.33377	-16.19301
	-47.33124	-16.19428
	-47.3304	-16.19358
	-47.32835	-16.19463
	-47.32895	-16.19578
	-47.331	-16.19671
	-47.33365	-16.19856
	-47.33474	-16.20215
	-47.33148	-16.20343
	-47.328	-16.203
	-47.326	-16.20715
	-47.329	-16.211
	-47.33	-16.214
	-47.322	-16.231
	-47.329	-16.244
	-47.32782	-16.24559
	-47.32776	-16.24746
	-47.32757	-16.24909
	-47.32955	-16.24979
	-47.33066	-16.24904
	-47.333	-16.248
	-47.334	-16.258
	-47.345	-16.265
	-47.35	-16.274
	-47.347	-16.287
	-47.356	-16.293
	-47.353	-16.306
	-47.358	-16.311
	-47.366	-16.331
	-47.371	-16.333
	-47.378	-16.346
	-47.403	-16.375
	-47.41028	-16.37937
	-47.41183	-16.38038
	-47.41235	-16.38052
	-47.41311	-16.38022
	-47.41457	-16.38041
	-47.41632	-16.38156
	-47.41678	-16.38218
	-47.417	-16.3821
	-47.41706	-16.38179
	-47.41721	-16.38167
	-47.41706	-16.38148
	-47.41726	-16.38097
	-47.41738	-16.38091
	-47.41802	-16.38085
	-47.41884	-16.38128
	-47.41881	-16.38159
	-47.41863	-16.38179
	-47.41838	-16.38173
	-47.41809	-16.38191
	-47.41776	-16.38191
	-47.41771	-16.38216
	-47.41797	-16.38245
	-47.41829	-16.38226
	-47.41885	-16.38255
	-47.4194	-16.3824
	-47.41951	-16.38255
	-47.41947	-16.38296
	-47.42008	-16.38314
	-47.41985	-16.38386
	-47.41993	-16.3842
	-47.41981	-16.3843
	-47.41915	-16.38436
	-47.41894	-16.38468
	-47.41911	-16.38502
	-47.41969	-16.38551
	-47.4196	-16.38585
	-47.41976	-16.38645
	-47.42035	-16.38725
	-47.4202	-16.38779
	-47.4203	-16.38817
	-47.42012	-16.39072
	-47.42028	-16.39182
	-47.42076	-16.39178
	-47.42097	-16.39165
	-47.42133	-16.39166
	-47.42128	-16.39141
	-47.42087	-16.39102
	-47.42093	-16.39067
	-47.42141	-16.3905
	-47.4219	-16.3906
	-47.42224	-16.39088
	-47.42235	-16.39136
	-47.42284	-16.39141
	-47.42267	-16.39201
	-47.42268	-16.39227
	-47.42279	-16.39233
	-47.42376	-16.39214
	-47.42377	-16.39202
	-47.42364	-16.39199
	-47.42354	-16.39175
	-47.4236	-16.39164
	-47.42372	-16.39166
	-47.42425	-16.39195
	-47.42483	-16.39332
	-47.42501	-16.39349
	-47.42551	-16.39357
	-47.42573	-16.39318
	-47.42647	-16.39315
	-47.42659	-16.3932
	-47.4266	-16.39357
	-47.42692	-16.39376
	-47.427	-16.394
	-47.42698	-16.39437
	-47.42689	-16.39447
	-47.42649	-16.39452
	-47.42629	-16.39499
	-47.42626	-16.39511
	-47.42627	-16.39524
	-47.42656	-16.39607
	-47.42651	-16.3962
	-47.42595	-16.39659
	-47.42543	-16.39665
	-47.42534	-16.39687
	-47.42586	-16.3977
	-47.42654	-16.39788
	-47.42713	-16.39832
	-47.42722	-16.39867
	-47.42708	-16.39929
	-47.42622	-16.39967
	-47.42602	-16.39992
	-47.42592	-16.40045
	-47.42581	-16.40052
	-47.42528	-16.40058
	-47.42512	-16.40121
	-47.42529	-16.40196
	-47.4252	-16.40216
	-47.42434	-16.4022
	-47.42419	-16.40268
	-47.42368	-16.40281
	-47.42354	-16.403
	-47.42404	-16.40357
	-47.42477	-16.40357
	-47.42471	-16.4038
	-47.42425	-16.40427
	-47.42425	-16.40452
	-47.42489	-16.40533
	-47.42488	-16.40546
	-47.42466	-16.4056
	-47.4236	-16.40592
	-47.42345	-16.40614
	-47.42359	-16.40648
	-47.42416	-16.40669
	-47.4244	-16.40765
	-47.42422	-16.40783
	-47.42371	-16.40803
	-47.42333	-16.40849
	-47.42334	-16.40874
	-47.42353	-16.40887
	-47.42385	-16.40956
	-47.4236	-16.41221
	-47.42333	-16.4125
	-47.42306	-16.41256
	-47.42281	-16.41245
	-47.42281	-16.41221
	-47.42271	-16.41213
	-47.42258	-16.41218
	-47.42254	-16.41242
	-47.42267	-16.4129
	-47.42289	-16.41299
	-47.42326	-16.41296
	-47.42348	-16.41308
	-47.42376	-16.41349
	-47.42357	-16.41406
	-47.4226	-16.41459
	-47.42258	-16.41471
	-47.4229	-16.4154
	-47.42253	-16.41597
	-47.42206	-16.41644
	-47.42199	-16.41668
	-47.4224	-16.41715
	-47.42309	-16.41745
	-47.42421	-16.41785
	-47.42495	-16.41783
	-47.42505	-16.41808
	-47.42476	-16.41833
	-47.42483	-16.41913
	-47.42462	-16.4193
	-47.42424	-16.41938
	-47.42422	-16.4195
	-47.4243	-16.41987
	-47.4249	-16.42079
	-47.42522	-16.42066
	-47.42541	-16.42033
	-47.42532	-16.4201
	-47.4251	-16.41996
	-47.42503	-16.41972
	-47.4251	-16.41962
	-47.42549	-16.41933
	-47.42595	-16.41945
	-47.42636	-16.42084
	-47.42617	-16.42132
	-47.42624	-16.42168
	-47.42611	-16.42167
	-47.42595	-16.42195
	-47.42605	-16.42218
	-47.42592	-16.42265
	-47.42609	-16.42281
	-47.42646	-16.42284
	-47.42652	-16.42296
	-47.42642	-16.42319
	-47.42556	-16.42366
	-47.42529	-16.42371
	-47.42518	-16.42392
	-47.42544	-16.42434
	-47.42613	-16.42494
	-47.42637	-16.42499
	-47.42653	-16.42531
	-47.42631	-16.42546
	-47.42621	-16.4257
	-47.42632	-16.42592
	-47.42628	-16.42606
	-47.4259	-16.42615
	-47.42545	-16.42661
	-47.42544	-16.42685
	-47.42566	-16.42728
	-47.42528	-16.42773
	-47.42529	-16.42785
	-47.42554	-16.42825
	-47.42615	-16.4282
	-47.42639	-16.42848
	-47.42643	-16.42885
	-47.42633	-16.42922
	-47.42674	-16.42984
	-47.42714	-16.42959
	-47.42735	-16.42966
	-47.42722	-16.43025
	-47.42707	-16.43043
	-47.4267	-16.43056
	-47.42675	-16.43092
	-47.42643	-16.43115
	-47.42642	-16.4315
	-47.42665	-16.43157
	-47.42722	-16.43129
	-47.42746	-16.43131
	-47.42751	-16.43191
	-47.42795	-16.43209
	-47.4278	-16.43226
	-47.42726	-16.43234
	-47.42719	-16.43246
	-47.42758	-16.43307
	-47.42758	-16.4332
	-47.42695	-16.43344
	-47.42683	-16.43379
	-47.42716	-16.43416
	-47.42728	-16.43462
	-47.42751	-16.43464
	-47.42774	-16.43437
	-47.42831	-16.43454
	-47.42824	-16.43501
	-47.42833	-16.4351
	-47.42846	-16.43637
	-47.42891	-16.43696
	-47.42925	-16.43708
	-47.42947	-16.43697
	-47.42944	-16.43661
	-47.42962	-16.43645
	-47.42959	-16.43634
	-47.42934	-16.43623
	-47.42924	-16.436
	-47.42937	-16.43566
	-47.42971	-16.43563
	-47.42996	-16.43605
	-47.43024	-16.43614
	-47.43042	-16.43678
	-47.43064	-16.43673
	-47.43089	-16.43646
	-47.43127	-16.43654
	-47.43151	-16.43724
	-47.43199	-16.43779
	-47.43166	-16.438
	-47.43112	-16.43804
	-47.4311	-16.43829
	-47.43126	-16.43849
	-47.4321	-16.43855
	-47.43221	-16.43849
	-47.43216	-16.43824
	-47.43238	-16.43818
	-47.4327	-16.43871
	-47.43242	-16.43907
	-47.43258	-16.43953
	-47.4328	-16.43962
	-47.43321	-16.43939
	-47.43344	-16.43946
	-47.43345	-16.43958
	-47.43304	-16.4401
	-47.43278	-16.4408
	-47.43251	-16.44083
	-47.43231	-16.44102
	-47.43204	-16.44105
	-47.43184	-16.4409
	-47.43194	-16.44068
	-47.43188	-16.44057
	-47.43153	-16.44071
	-47.43144	-16.44092
	-47.43118	-16.44086
	-47.43093	-16.44102
	-47.43102	-16.44155
	-47.4312	-16.44214
	-47.43076	-16.44219
	-47.43072	-16.4423
	-47.43075	-16.44263
	-47.43042	-16.44254
	-47.43046	-16.44235
	-47.43046	-16.44183
	-47.43021	-16.44176
	-47.43001	-16.44187
	-47.42954	-16.44189
	-47.42944	-16.44213
	-47.42919	-16.4422
	-47.42909	-16.44272
	-47.42943	-16.44313
	-47.42991	-16.44338
	-47.43041	-16.44334
	-47.43058	-16.44352
	-47.43091	-16.44351
	-47.43088	-16.44373
	-47.431	-16.44384
	-47.43129	-16.44388
	-47.4314	-16.44407
	-47.43157	-16.44395
	-47.4316	-16.44358
	-47.43182	-16.44358
	-47.43197	-16.44346
	-47.43208	-16.44343
	-47.43219	-16.44348
	-47.43214	-16.44394
	-47.43245	-16.444
	-47.43253	-16.44364
	-47.43272	-16.4434
	-47.43308	-16.44351
	-47.43305	-16.44323
	-47.43352	-16.44319
	-47.43336	-16.44285
	-47.43346	-16.4428
	-47.43393	-16.44289
	-47.43425	-16.44289
	-47.43435	-16.44304
	-47.4341	-16.44361
	-47.4342	-16.44379
	-47.4345	-16.44384
	-47.43477	-16.44397
	-47.43499	-16.44388
	-47.43522	-16.44391
	-47.43547	-16.44417
	-47.43561	-16.44446
	-47.43592	-16.44463
	-47.43596	-16.44497
	-47.43609	-16.44515
	-47.43645	-16.4451
	-47.43656	-16.44496
	-47.43659	-16.44476
	-47.43655	-16.44458
	-47.43677	-16.44428
	-47.437	-16.44427
	-47.43718	-16.44439
	-47.43724	-16.44452
	-47.43719	-16.44482
	-47.43705	-16.44491
	-47.43698	-16.44502
	-47.43702	-16.44523
	-47.43685	-16.44545
	-47.43701	-16.4458
	-47.43726	-16.4459
	-47.43762	-16.44639
	-47.43757	-16.44659
	-47.4376	-16.44679
	-47.43727	-16.44688
	-47.43712	-16.44706
	-47.43725	-16.44727
	-47.4377	-16.44743
	-47.43758	-16.44777
	-47.43732	-16.44785
	-47.43734	-16.44808
	-47.4375	-16.44824
	-47.43764	-16.44868
	-47.43778	-16.44871
	-47.43792	-16.44858
	-47.4381	-16.44856
	-47.4383	-16.44865
	-47.43831	-16.44894
	-47.43843	-16.44914
	-47.43889	-16.44918
	-47.43905	-16.44871
	-47.43937	-16.44876
	-47.43951	-16.4489
	-47.43947	-16.44913
	-47.43921	-16.44933
	-47.43909	-16.44951
	-47.43922	-16.44994
	-47.43914	-16.45014
	-47.43927	-16.45033
	-47.4405	-16.45017
	-47.44074	-16.45027
	-47.44097	-16.45058
	-47.44142	-16.45071
	-47.44169	-16.45088
	-47.44192	-16.4508
	-47.44209	-16.45052
	-47.44213	-16.45019
	-47.44237	-16.45006
	-47.44249	-16.44987
	-47.44297	-16.44984
	-47.44315	-16.44995
	-47.44315	-16.45017
	-47.44297	-16.45031
	-47.44295	-16.45051
	-47.44304	-16.45063
	-47.44334	-16.45064
	-47.44357	-16.45058
	-47.44365	-16.45039
	-47.44363	-16.45004
	-47.44393	-16.44991
	-47.44404	-16.44976
	-47.44401	-16.44946
	-47.44411	-16.44934
	-47.4443	-16.44932
	-47.44475	-16.44952
	-47.44533	-16.44949
	-47.44541	-16.44955
	-47.44539	-16.44985
	-47.44555	-16.45022
	-47.44576	-16.45018
	-47.44589	-16.44998
	-47.44611	-16.45002
	-47.44626	-16.45019
	-47.44631	-16.45069
	-47.44665	-16.45091
	-47.44668	-16.45121
	-47.44722	-16.45168
	-47.44751	-16.45171
	-47.44768	-16.4522
	-47.44794	-16.45249
	-47.44789	-16.45285
	-47.44778	-16.45289
	-47.44724	-16.45262
	-47.44716	-16.45269
	-47.44713	-16.45297
	-47.44729	-16.4532
	-47.44708	-16.45345
	-47.44727	-16.45374
	-47.44707	-16.45405
	-47.44718	-16.45419
	-47.44756	-16.45424
	-47.44759	-16.45436
	-47.4475	-16.45458
	-47.44728	-16.45473
	-47.44726	-16.455
	-47.44721	-16.45508
	-47.44678	-16.45508
	-47.44613	-16.45522
	-47.44595	-16.455
	-47.44573	-16.45494
	-47.44563	-16.45518
	-47.44578	-16.45566
	-47.44602	-16.45585
	-47.44609	-16.45609
	-47.44578	-16.45706
	-47.44563	-16.45716
	-47.44563	-16.45729
	-47.44579	-16.45755
	-47.44575	-16.45792
	-47.44587	-16.45797
	-47.44619	-16.45795
	-47.44616	-16.45816
	-47.44638	-16.45838
	-47.44674	-16.45838
	-47.44697	-16.45849
	-47.44702	-16.45869
	-47.44686	-16.45886
	-47.44686	-16.45904
	-47.44701	-16.45914
	-47.4473	-16.4591
	-47.44763	-16.45944
	-47.44781	-16.4594
	-47.44797	-16.45923
	-47.44813	-16.45933
	-47.44857	-16.46015
	-47.44858	-16.46032
	-47.4484	-16.46053
	-47.44839	-16.46071
	-47.44854	-16.4608
	-47.44976	-16.46067
	-47.45025	-16.4607
	-47.45063	-16.46049
	-47.45084	-16.46072
	-47.4509	-16.46088
	-47.45068	-16.46109
	-47.45063	-16.46149
	-47.45032	-16.46157
	-47.45014	-16.46145
	-47.44987	-16.46149
	-47.45002	-16.46279
	-47.44989	-16.46294
	-47.44976	-16.46295
	-47.44949	-16.46266
	-47.4488	-16.46257
	-47.44837	-16.46283
	-47.44816	-16.46333
	-47.44842	-16.46375
	-47.44819	-16.46389
	-47.4482	-16.46409
	-47.44865	-16.46427
	-47.44877	-16.46413
	-47.44885	-16.46385
	-47.44923	-16.46344
	-47.44935	-16.46353
	-47.44975	-16.46413
	-47.45002	-16.46393
	-47.45017	-16.46403
	-47.45023	-16.46443
	-47.45018	-16.46467
	-47.45065	-16.46456
	-47.45105	-16.4646
	-47.45125	-16.46446
	-47.45131	-16.46416
	-47.45148	-16.46407
	-47.45186	-16.46423
	-47.45212	-16.46454
	-47.45253	-16.46438
	-47.45262	-16.46398
	-47.45289	-16.46397
	-47.45305	-16.46417
	-47.45342	-16.46437
	-47.45358	-16.46467
	-47.45377	-16.4647
	-47.4539	-16.46449
	-47.45419	-16.46448
	-47.45436	-16.46467
	-47.45449	-16.46529
	-47.45465	-16.46535
	-47.45499	-16.46581
	-47.45501	-16.46596
	-47.45474	-16.46618
	-47.45465	-16.46659
	-47.45486	-16.46681
	-47.4549	-16.46707
	-47.45453	-16.46729
	-47.45442	-16.46752
	-47.45465	-16.46771
	-47.4548	-16.46797
	-47.45519	-16.46785
	-47.45535	-16.46755
	-47.45561	-16.46756
	-47.45585	-16.4679
	-47.45559	-16.46814
	-47.45525	-16.4685
	-47.45493	-16.46914
	-47.45498	-16.46964
	-47.45532	-16.47026
	-47.45588	-16.47084
	-47.45583	-16.471
	-47.45539	-16.47091
	-47.45524	-16.47075
	-47.45491	-16.4707
	-47.45469	-16.47033
	-47.45448	-16.47036
	-47.45382	-16.47209
	-47.45377	-16.47264
	-47.45363	-16.47279
	-47.45373	-16.47298
	-47.45421	-16.47299
	-47.45449	-16.47312
	-47.45458	-16.47339
	-47.45436	-16.47369
	-47.45384	-16.47386
	-47.45365	-16.4736
	-47.45328	-16.47372
	-47.45322	-16.47417
	-47.45338	-16.47438
	-47.45408	-16.47447
	-47.45423	-16.47474
	-47.45446	-16.47487
	-47.45479	-16.47477
	-47.45508	-16.47491
	-47.45505	-16.47514
	-47.45487	-16.47539
	-47.45499	-16.47562
	-47.45495	-16.47598
	-47.45508	-16.47608
	-47.45542	-16.47605
	-47.45548	-16.47584
	-47.45576	-16.47578
	-47.45591	-16.47551
	-47.45612	-16.47556
	-47.45623	-16.47592
	-47.45613	-16.47637
	-47.45628	-16.47657
	-47.45647	-16.47677
	-47.45641	-16.47694
	-47.45623	-16.47704
	-47.4562	-16.47727
	-47.45638	-16.47738
	-47.45664	-16.47741
	-47.45674	-16.4777
	-47.45662	-16.47799
	-47.45615	-16.47845
	-47.4558	-16.47857
	-47.45581	-16.47882
	-47.45559	-16.47901
	-47.4558	-16.47938
	-47.4558	-16.47958
	-47.45605	-16.47973
	-47.45597	-16.47994
	-47.45569	-16.48005
	-47.4554	-16.48095
	-47.45507	-16.48094
	-47.45486	-16.48049
	-47.45457	-16.48052
	-47.45446	-16.48084
	-47.45462	-16.48156
	-47.455	-16.48166
	-47.45503	-16.48197
	-47.45527	-16.4823
	-47.45527	-16.48247
	-47.45537	-16.48263
	-47.45575	-16.4827
	-47.45589	-16.48291
	-47.4555	-16.4834
	-47.45517	-16.48366
	-47.45505	-16.48407
	-47.45508	-16.48452
	-47.45526	-16.48478
	-47.45554	-16.48479
	-47.45588	-16.48494
	-47.45633	-16.48492
	-47.45677	-16.48521
	-47.4566	-16.48548
	-47.45657	-16.4858
	-47.45678	-16.48582
	-47.45735	-16.48625
	-47.45734	-16.4865
	-47.45758	-16.48666
	-47.45728	-16.48682
	-47.45684	-16.48679
	-47.45657	-16.48632
	-47.45624	-16.48621
	-47.45607	-16.48638
	-47.45604	-16.48658
	-47.45628	-16.48677
	-47.45615	-16.48694
	-47.45599	-16.48731
	-47.45578	-16.48735
	-47.4552	-16.4879
	-47.45531	-16.48818
	-47.45564	-16.48809
	-47.45582	-16.48844
	-47.45564	-16.48891
	-47.45491	-16.48918
	-47.45485	-16.48898
	-47.45489	-16.48874
	-47.45454	-16.48863
	-47.45403	-16.48884
	-47.45369	-16.48885
	-47.4535	-16.48922
	-47.45361	-16.48947
	-47.45354	-16.48986
	-47.45377	-16.4901
	-47.4539	-16.49009
	-47.45399	-16.4897
	-47.45411	-16.48973
	-47.45411	-16.49
	-47.45439	-16.49002
	-47.45446	-16.48976
	-47.45458	-16.48968
	-47.45477	-16.4897
	-47.45486	-16.49009
	-47.45505	-16.49017
	-47.45513	-16.49034
	-47.45502	-16.49061
	-47.45529	-16.49075
	-47.4554	-16.49072
	-47.45542	-16.49046
	-47.45556	-16.49041
	-47.45604	-16.49079
	-47.45609	-16.49092
	-47.45589	-16.4911
	-47.45601	-16.49136
	-47.45615	-16.49132
	-47.45644	-16.49085
	-47.45661	-16.49089
	-47.45668	-16.49127
	-47.45641	-16.49172
	-47.4562	-16.49184
	-47.45622	-16.49194
	-47.45651	-16.49215
	-47.45648	-16.49257
	-47.4568	-16.4928
	-47.45763	-16.49289
	-47.45826	-16.49346
	-47.45897	-16.4934
	-47.46006	-16.49309
	-47.46019	-16.49323
	-47.46021	-16.49355
	-47.46007	-16.49403
	-47.45974	-16.49441
	-47.4597	-16.49465
	-47.45937	-16.4952
	-47.45894	-16.49553
	-47.45886	-16.49602
	-47.45833	-16.49666
	-47.45802	-16.49679
	-47.45772	-16.4971
	-47.45763	-16.49754
	-47.45789	-16.49802
	-47.45928	-16.49956
	-47.45972	-16.49977
	-47.45968	-16.50012
	-47.45955	-16.50008
	-47.4594	-16.50012
	-47.45932	-16.50021
	-47.45948	-16.50137
	-47.45919	-16.50197
	-47.45931	-16.50294
	-47.45959	-16.50357
	-47.45941	-16.50429
	-47.45904	-16.50451
	-47.45846	-16.50454
	-47.45826	-16.50461
	-47.45804	-16.50484
	-47.45774	-16.50574
	-47.45701	-16.50667
	-47.45658	-16.50696
	-47.45596	-16.50706
	-47.45499	-16.50716
	-47.45389	-16.50797
	-47.45272	-16.51004
	-47.45282	-16.51144
	-47.453	-16.51227
	-47.45276	-16.51267
	-47.45208	-16.51279
	-47.45099	-16.51322
	-47.45084	-16.51349
	-47.45089	-16.51387
	-47.4502	-16.51508
	-47.44845	-16.51624
	-47.44696	-16.51663
	-47.4461	-16.517
	-47.44599	-16.51715
	-47.44599	-16.51732
	-47.44631	-16.51775
	-47.44745	-16.51972
	-47.44778	-16.52091
	-47.44773	-16.52135
	-47.44743	-16.52169
	-47.44707	-16.52187
	-47.44564	-16.52212
	-47.4453	-16.52235
	-47.44459	-16.52367
	-47.44446	-16.52416
	-47.44464	-16.52611
	-47.44474	-16.52658
	-47.44516	-16.52696
	-47.44511	-16.52747
	-47.44426	-16.52773
	-47.44217	-16.52737
	-47.44189	-16.52727
	-47.44167	-16.52736
	-47.44158	-16.52777
	-47.44137	-16.52832
	-47.44163	-16.52992
	-47.44195	-16.53075
	-47.44208	-16.53124
	-47.44255	-16.53213
	-47.44285	-16.53235
	-47.44359	-16.53248
	-47.44376	-16.53265
	-47.4438	-16.53296
	-47.44338	-16.53383
	-47.44304	-16.53408
	-47.44301	-16.53431
	-47.44322	-16.53462
	-47.44352	-16.53463
	-47.44401	-16.53431
	-47.44432	-16.53425
	-47.44465	-16.53437
	-47.44473	-16.5347
	-47.44483	-16.53497
	-47.44476	-16.53531
	-47.44447	-16.53578
	-47.44496	-16.53641
	-47.44537	-16.53648
	-47.4455	-16.5367
	-47.4454	-16.53719
	-47.44506	-16.53761
	-47.44456	-16.53852
	-47.44436	-16.53861
	-47.44418	-16.53856
	-47.44414	-16.53821
	-47.44418	-16.53782
	-47.44409	-16.53743
	-47.44412	-16.53703
	-47.44397	-16.53677
	-47.44372	-16.53672
	-47.44322	-16.53698
	-47.44272	-16.53714
	-47.44205	-16.53704
	-47.44183	-16.53704
	-47.44168	-16.53718
	-47.44183	-16.53755
	-47.44226	-16.53796
	-47.4441	-16.53909
	-47.44418	-16.53937
	-47.44233	-16.54067
	-47.44182	-16.54076
	-47.44141	-16.54059
	-47.44104	-16.54016
	-47.44075	-16.54008
	-47.43994	-16.5403
	-47.43886	-16.54113
	-47.43852	-16.54188
	-47.43835	-16.54198
	-47.43786	-16.54173
	-47.43742	-16.54115
	-47.43627	-16.54083
	-47.43597	-16.54097
	-47.43564	-16.54148
	-47.4354	-16.54169
	-47.4346	-16.54165
	-47.43403	-16.54129
	-47.43288	-16.54094
	-47.43225	-16.54064
	-47.43152	-16.54007
	-47.43092	-16.53972
	-47.43049	-16.53982
	-47.43036	-16.54002
	-47.43042	-16.54079
	-47.4307	-16.54116
	-47.43106	-16.54219
	-47.43172	-16.54259
	-47.43218	-16.54264
	-47.43296	-16.54241
	-47.4335	-16.54249
	-47.43362	-16.54271
	-47.43353	-16.54335
	-47.43267	-16.54436
	-47.43261	-16.54481
	-47.43265	-16.54516
	-47.43319	-16.54587
	-47.43322	-16.5461
	-47.43307	-16.54625
	-47.43281	-16.54622
	-47.43226	-16.54551
	-47.43159	-16.54482
	-47.4308	-16.54482
	-47.43035	-16.54499
	-47.43035	-16.5454
	-47.43062	-16.54593
	-47.43058	-16.54726
	-47.43079	-16.54761
	-47.43149	-16.54792
	-47.43149	-16.54836
	-47.43092	-16.54902
	-47.42979	-16.54953
	-47.42932	-16.55002
	-47.42918	-16.55068
	-47.42901	-16.55094
	-47.42859	-16.55088
	-47.42825	-16.55044
	-47.42755	-16.54833
	-47.42751	-16.54787
	-47.42767	-16.54752
	-47.42759	-16.54726
	-47.4268	-16.54674
	-47.4261	-16.54687
	-47.42531	-16.54733
	-47.42375	-16.54776
	-47.42305	-16.54826
	-47.42152	-16.5499
	-47.42057	-16.54967
	-47.41906	-16.54874
	-47.41583	-16.54727
	-47.4149	-16.54633
	-47.41418	-16.54633
	-47.41337	-16.54671
	-47.41283	-16.54802
	-47.4124	-16.54948
	-47.41208	-16.54953
	-47.41145	-16.54821
	-47.40993	-16.54922
	-47.40965	-16.55009
	-47.40914	-16.55072
	-47.4086	-16.55256
	-47.40814	-16.55318
	-47.40551	-16.55492
	-47.40535	-16.55645
	-47.40551	-16.55703
	-47.40613	-16.55773
	-47.4066	-16.5579
	-47.40943	-16.55659
	-47.40998	-16.55646
	-47.41057	-16.55653
	-47.41116	-16.55686
	-47.41171	-16.55745
	-47.41243	-16.55851
	-47.41282	-16.55951
	-47.41289	-16.5601
	-47.41266	-16.5603
	-47.41242	-16.56026
	-47.41132	-16.55873
	-47.41051	-16.55797
	-47.41005	-16.55799
	-47.40974	-16.55824
	-47.40963	-16.55877
	-47.4093	-16.55921
	-47.40913	-16.56007
	-47.40913	-16.56051
	-47.40929	-16.56068
	-47.41015	-16.56111
	-47.41134	-16.56272
	-47.41191	-16.56316
	-47.41235	-16.56395
	-47.41224	-16.56441
	-47.41185	-16.56477
	-47.40937	-16.56606
	-47.40933	-16.56637
	-47.4104	-16.56771
	-47.41089	-16.56805
	-47.41182	-16.56911
	-47.41252	-16.57034
	-47.41311	-16.57075
	-47.41345	-16.5712
	-47.41355	-16.57202
	-47.41337	-16.57376
	-47.41308	-16.57413
	-47.41262	-16.57436
	-47.41231	-16.5741
	-47.41114	-16.57381
	-47.40978	-16.57323
	-47.40824	-16.57302
	-47.40463	-16.5729
	-47.40321	-16.57185
	-47.402	-16.57053
	-47.39897	-16.57054
	-47.39788	-16.5707
	-47.39706	-16.57101
	-47.39616	-16.57151
	-47.39367	-16.57401
	-47.39335	-16.57455
	-47.39343	-16.57515
	-47.39392	-16.57547
	-47.39451	-16.57595
	-47.395	-16.57664
	-47.39504	-16.57745
	-47.39591	-16.57762
	-47.39628	-16.5781
	-47.39613	-16.5792
	-47.396	-16.58
	-47.39545	-16.58047
	-47.39215	-16.58184
	-47.39146	-16.5824
	-47.39029	-16.58298
	-47.39015	-16.58399
	-47.39032	-16.5843
	-47.39093	-16.58448
	-47.39132	-16.5847
	-47.39142	-16.58495
	-47.39095	-16.58565
	-47.39002	-16.58597
	-47.3889	-16.58657
	-47.38852	-16.58659
	-47.38837	-16.58633
	-47.38807	-16.58623
	-47.38766	-16.58638
	-47.3866	-16.58737
	-47.38584	-16.58746
	-47.3853	-16.58639
	-47.38559	-16.58583
	-47.38624	-16.5856
	-47.38639	-16.58531
	-47.38597	-16.58449
	-47.38534	-16.58358
	-47.38525	-16.58305
	-47.38636	-16.58022
	-47.38715	-16.57937
	-47.38713	-16.57895
	-47.38682	-16.57856
	-47.38675	-16.57787
	-47.38645	-16.57768
	-47.38522	-16.57773
	-47.38409	-16.57746
	-47.38326	-16.57779
	-47.38269	-16.57755
	-47.38239	-16.57677
	-47.38213	-16.57659
	-47.38186	-16.57672
	-47.37959	-16.57792
	-47.37742	-16.57834
	-47.37693	-16.5794
	-47.37619	-16.58285
	-47.37566	-16.58366
	-47.37445	-16.58487
	-47.37402	-16.5882
	-47.37435	-16.58906
	-47.37433	-16.59033
	-47.374	-16.592
	-47.37373	-16.5929
	-47.37378	-16.59339
	-47.37392	-16.59384
	-47.37421	-16.59411
	-47.37563	-16.59703
	-47.37596	-16.59785
	-47.37679	-16.5989
	-47.37686	-16.59913
	-47.37663	-16.59954
	-47.37642	-16.59963
	-47.37576	-16.59941
	-47.37497	-16.59865
	-47.37454	-16.59819
	-47.37415	-16.59804
	-47.37348	-16.59819
	-47.37148	-16.59902
	-47.36908	-16.59982
	-47.36818	-16.59955
	-47.36768	-16.59911
	-47.36741	-16.59851
	-47.36729	-16.59791
	-47.36645	-16.59587
	-47.36632	-16.59534
	-47.36636	-16.59488
	-47.3654	-16.59322
	-47.36456	-16.59256
	-47.36301	-16.59196
	-47.36212	-16.59137
	-47.3606	-16.59084
	-47.36004	-16.59076
	-47.35952	-16.5908
	-47.35937	-16.59067
	-47.35937	-16.59012
	-47.35959	-16.58953
	-47.35932	-16.58879
	-47.35905	-16.58851
	-47.35845	-16.58834
	-47.35791	-16.58713
	-47.35769	-16.58688
	-47.3574	-16.58684
	-47.35649	-16.58741
	-47.35574	-16.58818
	-47.35406	-16.59026
	-47.35368	-16.591
	-47.35325	-16.59135
	-47.35248	-16.59164
	-47.35145	-16.59175
	-47.35031	-16.59228
	-47.34992	-16.59238
	-47.3496	-16.59231
	-47.34906	-16.59175
	-47.34797	-16.59105
	-47.34716	-16.59079
	-47.34623	-16.59075
	-47.34486	-16.59095
	-47.34432	-16.59113
	-47.34354	-16.59117
	-47.34316	-16.59129
	-47.34228	-16.5922
	-47.34194	-16.59279
	-47.34216	-16.59339
	-47.34244	-16.59348
	-47.34275	-16.59329
	-47.34313	-16.59291
	-47.34395	-16.59256
	-47.34445	-16.59254
	-47.34541	-16.59311
	-47.34553	-16.59344
	-47.34536	-16.59424
	-47.34486	-16.59484
	-47.34363	-16.59532
	-47.34278	-16.59607
	-47.34254	-16.59709
	-47.3423	-16.59734
	-47.34192	-16.59742
	-47.33943	-16.59654
	-47.33852	-16.59608
	-47.33806	-16.59618
	-47.33776	-16.59657
	-47.33762	-16.59729
	-47.33798	-16.59848
	-47.33921	-16.60206
	-47.33919	-16.60241
	-47.33892	-16.60285
	-47.3352	-16.60386
	-47.33476	-16.60433
	-47.33461	-16.60533
	-47.3337	-16.60817
	-47.33462	-16.60923
	-47.33579	-16.60951
	-47.33823	-16.60937
	-47.33844	-16.60954
	-47.33842	-16.61003
	-47.33868	-16.61094
	-47.33874	-16.61202
	-47.33768	-16.61444
	-47.33697	-16.61499
	-47.33591	-16.61546
	-47.33515	-16.61549
	-47.33463	-16.61521
	-47.33167	-16.61247
	-47.33102	-16.61153
	-47.32936	-16.6096
	-47.32908	-16.60902
	-47.32876	-16.60879
	-47.32772	-16.60842
	-47.32695	-16.60786
	-47.3262	-16.60793
	-47.32514	-16.60847
	-47.32414	-16.60851
	-47.32309	-16.60832
	-47.32239	-16.60756
	-47.32165	-16.60695
	-47.3207	-16.60525
	-47.32027	-16.60427
	-47.31992	-16.6023
	-47.31973	-16.60194
	-47.31945	-16.60191
	-47.31914	-16.60205
	-47.31897	-16.60261
	-47.31713	-16.60422
	-47.31661	-16.60444
	-47.31637	-16.60482
	-47.31626	-16.60609
	-47.31684	-16.61034
	-47.31705	-16.61094
	-47.31756	-16.612
	-47.31848	-16.61259
	-47.31919	-16.61366
	-47.31969	-16.61505
	-47.32003	-16.61564
	-47.32131	-16.61655
	-47.3213	-16.61683
	-47.32103	-16.61702
	-47.31998	-16.61702
	-47.31891	-16.61599
	-47.3181	-16.61531
	-47.31749	-16.61505
	-47.31694	-16.61521
	-47.31533	-16.61713
	-47.31469	-16.61744
	-47.31397	-16.61759
	-47.31197	-16.61771
	-47.31155	-16.61781
	-47.31142	-16.618
	-47.31154	-16.6188
	-47.31123	-16.62065
	-47.31072	-16.62124
	-47.30935	-16.62179
	-47.30816	-16.62192
	-47.30603	-16.62262
	-47.30552	-16.62319
	-47.30557	-16.62366
	-47.30596	-16.62421
	-47.30568	-16.62579
	-47.30578	-16.62621
	-47.30672	-16.62849
	-47.3082	-16.6304
	-47.30819	-16.63082
	-47.30792	-16.63093
	-47.30732	-16.63076
	-47.30591	-16.62972
	-47.30306	-16.62725
	-47.30125	-16.62498
	-47.30095	-16.62479
	-47.3006	-16.62489
	-47.30044	-16.62512
	-47.30014	-16.6252
	-47.29931	-16.6245
	-47.29861	-16.62427
	-47.29574	-16.62501
	-47.29541	-16.62533
	-47.29542	-16.6257
	-47.29619	-16.6267
	-47.297	-16.62794
	-47.29735	-16.62888
	-47.29728	-16.63003
	-47.29576	-16.63491
	-47.29521	-16.63548
	-47.2938	-16.63566
	-47.29314	-16.63536
	-47.29168	-16.63325
	-47.291	-16.63276
	-47.28804	-16.63241
	-47.28775	-16.63251
	-47.28775	-16.63296
	-47.28754	-16.63351
	-47.28746	-16.63458
	-47.28762	-16.63647
	-47.28736	-16.63676
	-47.28665	-16.63706
	-47.2848	-16.63721
	-47.28425	-16.63765
	-47.28376	-16.63952
	-47.28379	-16.63981
	-47.2842	-16.64041
	-47.28761	-16.64221
	-47.28796	-16.64254
	-47.28792	-16.64317
	-47.28771	-16.6435
	-47.28564	-16.64423
	-47.28521	-16.64466
	-47.28395	-16.64662
	-47.28286	-16.64778
	-47.28171	-16.64802
	-47.27917	-16.64715
	-47.2788	-16.64759
	-47.27895	-16.64971
	-47.27901	-16.65213
	-47.27941	-16.65299
	-47.27879	-16.65539
	-47.27794	-16.65758
	-47.27758	-16.65922
	-47.277	-16.6594
	-47.27608	-16.65892
	-47.27474	-16.65849
	-47.27431	-16.65848
	-47.27408	-16.65868
	-47.27419	-16.6609
	-47.27365	-16.66191
	-47.27323	-16.66205
	-47.27205	-16.6615
	-47.27114	-16.66129
	-47.27054	-16.66149
	-47.27004	-16.6613
	-47.26769	-16.65926
	-47.26668	-16.65933
	-47.26479	-16.66049
	-47.26426	-16.66047
	-47.26326	-16.65797
	-47.26299	-16.65677
	-47.26287	-16.65505
	-47.26222	-16.6541
	-47.26166	-16.65366
	-47.26119	-16.65361
	-47.26002	-16.65397
	-47.25914	-16.65476
	-47.25821	-16.65569
	-47.25559	-16.65997
	-47.25439	-16.66231
	-47.25423	-16.66284
	-47.25418	-16.66348
	-47.25524	-16.66413
	-47.25596	-16.66375
	-47.25659	-16.66281
	-47.25701	-16.66256
	-47.25749	-16.66264
	-47.25818	-16.66293
	-47.25953	-16.66423
	-47.26061	-16.66549
	-47.2607	-16.66601
	-47.26045	-16.66628
	-47.25692	-16.66691
	-47.25661	-16.6669
	-47.25475	-16.66614
	-47.25148	-16.6643
	-47.25106	-16.66424
	-47.25088	-16.66445
	-47.25077	-16.66579
	-47.25077	-16.66715
	-47.25052	-16.66878
	-47.24901	-16.67334
	-47.24886	-16.67403
	-47.24901	-16.67464
	-47.24933	-16.67509
	-47.24982	-16.67546
	-47.25131	-16.67558
	-47.25359	-16.67558
	-47.25496	-16.67613
	-47.25711	-16.67679
	-47.25869	-16.67707
	-47.25905	-16.67727
	-47.25921	-16.67749
	-47.25909	-16.67972
	-47.25883	-16.68134
	-47.25829	-16.68278
	-47.25791	-16.68493
	-47.25715	-16.68537
	-47.25686	-16.68544
	-47.25417	-16.68498
	-47.25217	-16.68514
	-47.25075	-16.68471
	-47.24758	-16.68132
	-47.24731	-16.68119
	-47.24701	-16.68126
	-47.24599	-16.68264
	-47.24576	-16.68393
	-47.24583	-16.68449
	-47.2458	-16.68524
	-47.246	-16.68572
	-47.24602	-16.68623
	-47.24578	-16.68731
	-47.2455	-16.69317
	-47.24613	-16.69677
	-47.24622	-16.7004
	-47.24657	-16.70147
	-47.24697	-16.70213
	-47.24734	-16.70245
	-47.24822	-16.70294
	-47.24849	-16.70303
	-47.25192	-16.70317
	-47.25227	-16.70333
	-47.25243	-16.70365
	-47.25236	-16.70422
	-47.25174	-16.70479
	-47.25025	-16.70655
	-47.24924	-16.70699
	-47.24829	-16.70644
	-47.24776	-16.70632
	-47.245	-16.70433
	-47.24313	-16.70264
	-47.24287	-16.70253
	-47.24226	-16.70274
	-47.24175	-16.70308
	-47.24163	-16.70333
	-47.24121	-16.705
	-47.24077	-16.7056
	-47.23827	-16.70735
	-47.22978	-16.71142
	-47.22896	-16.71201
	-47.22847	-16.71289
	-47.22786	-16.71439
	-47.22732	-16.71617
	-47.22664	-16.7179
	-47.22584	-16.71927
	-47.22555	-16.72066
	-47.22489	-16.72231
	-47.22395	-16.72298
	-47.22309	-16.72339
	-47.22288	-16.72368
	-47.22257	-16.72632
	-47.22272	-16.72757
	-47.2231	-16.72866
	-47.2239	-16.72958
	-47.22414	-16.72979
	-47.2263	-16.73044
	-47.22713	-16.73096
	-47.22894	-16.73166
	-47.23172	-16.73302
	-47.23211	-16.7333
	-47.2323	-16.73392
	-47.23191	-16.73501
	-47.23101	-16.73648
	-47.22978	-16.7383
	-47.22783	-16.74046
	-47.22762	-16.74099
	-47.22764	-16.74146
	-47.22775	-16.74178
	-47.22807	-16.74222
	-47.22849	-16.74241
	-47.22903	-16.74231
	-47.23016	-16.7424
	-47.23053	-16.74227
	-47.23167	-16.7424
	-47.23406	-16.74328
	-47.23477	-16.74398
	-47.23542	-16.74505
	-47.23532	-16.74543
	-47.23437	-16.74631
	-47.234	-16.74726
	-47.23399	-16.74782
	-47.2343	-16.749
	-47.23554	-16.75101
	-47.2362	-16.75345
	-47.23645	-16.75511
	-47.23636	-16.75547
	-47.23609	-16.75576
	-47.23515	-16.75773
	-47.23428	-16.75932
	-47.23385	-16.75982
	-47.2336	-16.76047
	-47.23372	-16.76122
	-47.23366	-16.76271
	-47.2332	-16.76444
	-47.23276	-16.76467
	-47.23196	-16.76437
	-47.23048	-16.76327
	-47.22713	-16.76122
	-47.22548	-16.76079
	-47.22473	-16.76073
	-47.22429	-16.76093
	-47.22419	-16.76106
	-47.22486	-16.76283
	-47.22549	-16.76382
	-47.22714	-16.76565
	-47.22783	-16.76586
	-47.22904	-16.76571
	-47.23003	-16.76591
	-47.23062	-16.76662
	-47.23128	-16.76812
	-47.23141	-16.76912
	-47.23102	-16.77344
	-47.23106	-16.77498
	-47.23084	-16.77573
	-47.22999	-16.7762
	-47.22956	-16.7762
	-47.22689	-16.77633
	-47.22404	-16.77689
	-47.21981	-16.77801
	-47.21896	-16.77898
	-47.21859	-16.77993
	-47.21796	-16.78125
	-47.21798	-16.78153
	-47.21833	-16.78182
	-47.21886	-16.78218
	-47.21896	-16.78284
	-47.22029	-16.78495
	-47.22054	-16.78669
	-47.22046	-16.78783
	-47.22001	-16.78933
	-47.21936	-16.79018
	-47.21743	-16.79191
	-47.21736	-16.7924
	-47.21811	-16.79305
	-47.21896	-16.79384
	-47.21963	-16.79513
	-47.21982	-16.79664
	-47.21962	-16.79719
	-47.21714	-16.79867
	-47.21675	-16.7991
	-47.2164	-16.80088
	-47.21669	-16.80121
	-47.21764	-16.80121
	-47.21931	-16.80144
	-47.22102	-16.80237
	-47.22125	-16.80353
	-47.22116	-16.80746
	-47.22091	-16.80817
	-47.21981	-16.80947
	-47.21857	-16.81025
	-47.21748	-16.81051
	-47.21575	-16.81068
	-47.21364	-16.81144
	-47.21318	-16.812
	-47.21184	-16.81634
	-47.21168	-16.81747
	-47.21136	-16.81801
	-47.21085	-16.81819
	-47.20997	-16.81838
	-47.20827	-16.81818
	-47.2078	-16.81862
	-47.20776	-16.81905
	-47.20841	-16.82
	-47.20972	-16.82162
	-47.21081	-16.82198
	-47.21251	-16.822
	-47.21336	-16.82219
	-47.21363	-16.82267
	-47.21407	-16.82696
	-47.2138	-16.82742
	-47.21348	-16.82766
	-47.21261	-16.82785
	-47.21009	-16.82711
	-47.20683	-16.82696
	-47.20227	-16.82656
	-47.19941	-16.82596
	-47.19835	-16.82524
	-47.19668	-16.82261
	-47.19599	-16.82219
	-47.19541	-16.82244
	-47.19449	-16.82422
	-47.19441	-16.82501
	-47.19583	-16.82649
	-47.19721	-16.82751
	-47.19891	-16.82813
	-47.20015	-16.8293
	-47.20162	-16.83207
	-47.20348	-16.83694
	-47.2041	-16.83715
	-47.205	-16.83689
	-47.20584	-16.83712
	-47.2064	-16.83808
	-47.2064	-16.83905
	-47.20631	-16.83999
	-47.20546	-16.84262
	-47.20535	-16.84421
	-47.20553	-16.8483
	-47.20618	-16.85173
	-47.20582	-16.85291
	-47.20501	-16.85386
	-47.2036	-16.85469
	-47.2009	-16.85535
	-47.20018	-16.85598
	-47.20019	-16.8567
	-47.20059	-16.85878
	-47.20128	-16.85948
	-47.20174	-16.86168
	-47.20201	-16.86255
	-47.20279	-16.86307
	-47.20417	-16.86334
	-47.20591	-16.86305
	-47.20771	-16.86327
	-47.209	-16.86333
	-47.20978	-16.86351
	-47.2102	-16.86412
	-47.21026	-16.86536
	-47.20885	-16.86865
	-47.20871	-16.86986
	-47.20932	-16.87412
	-47.209	-16.87443
	-47.20839	-16.87465
	-47.20638	-16.87391
	-47.20417	-16.8735
	-47.2029	-16.87349
	-47.20229	-16.87379
	-47.20167	-16.87497
	-47.20161	-16.87645
	-47.20173	-16.87726
	-47.20226	-16.87812
	-47.20314	-16.87871
	-47.20327	-16.87927
	-47.20291	-16.88038
	-47.20239	-16.88091
	-47.20105	-16.88146
	-47.19916	-16.88163
	-47.19589	-16.88143
	-47.19487	-16.88155
	-47.1942	-16.8822
	-47.19397	-16.88308
	-47.1944	-16.885
	-47.19534	-16.88585
	-47.19779	-16.88668
	-47.20062	-16.8879
	-47.20201	-16.88757
	-47.20279	-16.88785
	-47.20358	-16.88894
	-47.20376	-16.89031
	-47.2036	-16.892
	-47.20274	-16.89295
	-47.20147	-16.89375
	-47.19979	-16.89439
	-47.19751	-16.89483
	-47.19534	-16.89504
	-47.19484	-16.89521
	-47.19453	-16.89564
	-47.19429	-16.89667
	-47.19416	-16.89784
	-47.19528	-16.90105
	-47.19564	-16.90319
	-47.19606	-16.9046
	-47.19667	-16.90541
	-47.19863	-16.90703
	-47.19888	-16.90752
	-47.19878	-16.90788
	-47.19832	-16.90872
	-47.19752	-16.90957
	-47.19708	-16.90963
	-47.19494	-16.9074
	-47.19441	-16.90711
	-47.19313	-16.90693
	-47.19185	-16.90649
	-47.19101	-16.9059
	-47.19011	-16.90377
	-47.18902	-16.90264
	-47.18757	-16.90219
	-47.18583	-16.90215
	-47.18486	-16.90195
	-47.18372	-16.90134
	-47.18222	-16.90115
	-47.18142	-16.90134
	-47.18051	-16.90188
	-47.18023	-16.90268
	-47.17713	-16.90802
	-47.17645	-16.90949
	-47.17529	-16.91609
	-47.17496	-16.91686
	-47.17447	-16.91748
	-47.17334	-16.91752
	-47.17065	-16.91656
	-47.16892	-16.915
	-47.16818	-16.91402
	-47.16764	-16.91371
	-47.16718	-16.9137
	-47.1666	-16.91448
	-47.16579	-16.91644
	-47.1652	-16.9171
	-47.16393	-16.91795
	-47.16129	-16.91898
	-47.16061	-16.91985
	-47.16061	-16.92084
	-47.16078	-16.92114
	-47.16117	-16.92138
	-47.1642	-16.92174
	-47.16513	-16.92227
	-47.16603	-16.92375
	-47.16732	-16.92672
	-47.16778	-16.92788
	-47.16816	-16.92843
	-47.16861	-16.92869
	-47.16969	-16.92895
	-47.17212	-16.92908
	-47.17349	-16.92926
	-47.1742	-16.92952
	-47.17442	-16.92983
	-47.17436	-16.93102
	-47.17413	-16.9315
	-47.17321	-16.93227
	-47.17171	-16.93312
	-47.17117	-16.93396
	-47.16954	-16.93887
	-47.16926	-16.9395
	-47.16879	-16.93981
	-47.16836	-16.93966
	-47.1664	-16.93806
	-47.16512	-16.93693
	-47.16451	-16.93668
	-47.16415	-16.93684
	-47.16346	-16.9375
	-47.1626	-16.93807
	-47.15996	-16.93845
	-47.15856	-16.93912
	-47.15796	-16.93956
	-47.15778	-16.94019
	-47.15798	-16.94128
	-47.15983	-16.94372
	-47.16318	-16.9458
	-47.1642	-16.94685
	-47.16638	-16.94886
	-47.16692	-16.94958
	-47.1672	-16.95066
	-47.16733	-16.95145
	-47.16719	-16.95228
	-47.16699	-16.95283
	-47.16657	-16.95323
	-47.16582	-16.95307
	-47.16191	-16.95329
	-47.15981	-16.95326
	-47.15429	-16.95286
	-47.15379	-16.95322
	-47.15317	-16.95392
	-47.15288	-16.95484
	-47.15292	-16.95669
	-47.15345	-16.95738
	-47.15415	-16.95799
	-47.15551	-16.9585
	-47.15758	-16.95893
	-47.16011	-16.96006
	-47.1602	-16.96048
	-47.15939	-16.96272
	-47.158	-16.964
	-47.15596	-16.96498
	-47.15471	-16.96478
	-47.15071	-16.96533
	-47.14516	-16.96292
	-47.14466	-16.96283
	-47.14428	-16.96304
	-47.14421	-16.96374
	-47.14499	-16.96548
	-47.14587	-16.96666
	-47.14607	-16.9674
	-47.14597	-16.96796
	-47.14545	-16.96893
	-47.14471	-16.9693
	-47.14362	-16.97089
	-47.14275	-16.97185
	-47.14189	-16.97197
	-47.14014	-16.97178
	-47.13896	-16.97202
	-47.13794	-16.97255
	-47.13166	-16.97441
	-47.1288	-16.97546
	-47.12797	-16.97623
	-47.12722	-16.97833
	-47.12722	-16.97881
	-47.12767	-16.98049
	-47.12853	-16.98229
	-47.12862	-16.98319
	-47.12883	-16.98395
	-47.12934	-16.98441
	-47.12963	-16.98482
	-47.12959	-16.98546
	-47.12966	-16.98621
	-47.131	-16.98794
	-47.13346	-16.9897
	-47.1369	-16.99063
	-47.14026	-16.99085
	-47.14339	-16.99069
	-47.14402	-16.99102
	-47.14538	-16.99218
	-47.1478	-16.99435
	-47.14937	-16.99678
	-47.14977	-16.99714
	-47.15029	-16.99715
	-47.15102	-16.99732
	-47.15139	-16.99751
	-47.15138	-16.99798
	-47.15077	-16.99997
	-47.15046	-17.00051
	-47.15002	-17.00067
	-47.14931	-17.00036
	-47.14734	-16.99853
	-47.14676	-16.99828
	-47.14587	-16.99849
	-47.14391	-17.00009
	-47.14352	-17.00022
	-47.14294	-17.0001
	-47.14029	-16.9986
	-47.13987	-16.9987
	-47.13956	-16.99903
	-47.13939	-17.00247
	-47.13972	-17.00486
	-47.14002	-17.00635
	-47.14029	-17.0067
	-47.14054	-17.0067
	-47.14129	-17.00621
	-47.14198	-17.00548
	-47.14294	-17.00363
	-47.14339	-17.00321
	-47.14387	-17.0032
	-47.14414	-17.00348
	-47.14447	-17.00494
	-47.14465	-17.00701
	-47.14443	-17.00874
	-47.14394	-17.01037
	-47.14372	-17.01065
	-47.14307	-17.01063
	-47.14244	-17.01034
	-47.14151	-17.00958
	-47.14049	-17.00821
	-47.13946	-17.00739
	-47.13764	-17.00645
	-47.13242	-17.00663
	-47.1317	-17.00678
	-47.13148	-17.00736
	-47.13167	-17.0101
	-47.13195	-17.01124
	-47.13245	-17.01172
	-47.13539	-17.0131
	-47.13614	-17.01389
	-47.13857	-17.01629
	-47.13999	-17.01821
	-47.14018	-17.01874
	-47.14	-17.01908
	-47.1391	-17.01962
	-47.13831	-17.01953
	-47.13739	-17.01974
	-47.13717	-17.01997
	-47.13741	-17.02055
	-47.13888	-17.02145
	-47.14236	-17.02237
	-47.14326	-17.02387
	-47.14367	-17.02619
	-47.14406	-17.02679
	-47.14496	-17.02706
	-47.14574	-17.02683
	-47.14751	-17.02557
	-47.14754	-17.02478
	-47.14798	-17.02461
	-47.14835	-17.02482
	-47.14867	-17.02579
	-47.14835	-17.02621
	-47.14651	-17.02809
	-47.14618	-17.02898
	-47.14626	-17.02982
	-47.146	-17.031
	-47.14611	-17.0319
	-47.14665	-17.03233
	-47.15084	-17.03336
	-47.15128	-17.03363
	-47.15192	-17.0336
	-47.15232	-17.03317
	-47.15255	-17.03211
	-47.15268	-17.03032
	-47.15335	-17.02901
	-47.15481	-17.02719
	-47.15535	-17.02712
	-47.15637	-17.0282
	-47.15677	-17.02944
	-47.15665	-17.03004
	-47.15588	-17.03057
	-47.15541	-17.03136
	-47.1553	-17.03239
	-47.15544	-17.03325
	-47.15711	-17.03407
	-47.15767	-17.03388
	-47.15827	-17.03218
	-47.15841	-17.03012
	-47.15869	-17.02956
	-47.15907	-17.02949
	-47.16209	-17.03133
	-47.16279	-17.03231
	-47.16298	-17.03305
	-47.16272	-17.03472
	-47.16178	-17.03754
	-47.1618	-17.0386
	-47.16191	-17.03928
	-47.16347	-17.04227
	-47.16394	-17.0426
	-47.1647	-17.04264
	-47.16536	-17.04239
	-47.16575	-17.04195
	-47.16589	-17.04134
	-47.16566	-17.03992
	-47.16595	-17.03953
	-47.16654	-17.03945
	-47.1683	-17.03965
	-47.16867	-17.04013
	-47.16872	-17.04101
	-47.16846	-17.04268
	-47.16809	-17.04371
	-47.16743	-17.04445
	-47.16704	-17.04473
	-47.16529	-17.045
	-47.16471	-17.04538
	-47.1644	-17.04594
	-47.16448	-17.04671
	-47.165	-17.04736
	-47.16588	-17.04782
	-47.16703	-17.04807
	-47.16773	-17.04777
	-47.16979	-17.04611
	-47.17354	-17.04474
	-47.17387	-17.04393
	-47.17425	-17.04317
	-47.1754	-17.04174
	-47.17595	-17.04144
	-47.1778	-17.04094
	-47.17849	-17.04025
	-47.17889	-17.03884
	-47.18002	-17.03531
	-47.1806	-17.03508
	-47.1814	-17.03537
	-47.18267	-17.03577
	-47.18329	-17.03622
	-47.18461	-17.03859
	-47.18465	-17.03984
	-47.18403	-17.04207
	-47.182	-17.04469
	-47.18152	-17.04572
	-47.18155	-17.05061
	-47.18179	-17.05131
	-47.18186	-17.05178
	-47.18217	-17.05264
	-47.18213	-17.05309
	-47.1818	-17.05348
	-47.18141	-17.05366
	-47.1755	-17.05422
	-47.17511	-17.05434
	-47.17488	-17.05472
	-47.17496	-17.05537
	-47.17587	-17.0566
	-47.178	-17.0585
	-47.17848	-17.05954
	-47.17856	-17.06006
	-47.17825	-17.06066
	-47.17851	-17.06153
	-47.17914	-17.06221
	-47.1828	-17.06433
	-47.18337	-17.0644
	-47.18375	-17.06431
	-47.18399	-17.06364
	-47.18408	-17.06263
	-47.18425	-17.06216
	-47.18721	-17.05816
	-47.18785	-17.05796
	-47.18841	-17.05849
	-47.18951	-17.06069
	-47.18985	-17.06205
	-47.19031	-17.06236
	-47.19096	-17.06219
	-47.19209	-17.06103
	-47.19447	-17.05985
	-47.19545	-17.05981
	-47.19594	-17.06023
	-47.19616	-17.06232
	-47.19563	-17.0644
	-47.19587	-17.06852
	-47.19544	-17.06862
	-47.19438	-17.06838
	-47.19374	-17.06805
	-47.19326	-17.06709
	-47.19262	-17.06676
	-47.19224	-17.06688
	-47.19091	-17.06814
	-47.19056	-17.06873
	-47.19069	-17.06924
	-47.19209	-17.07014
	-47.19492	-17.07103
	-47.19725	-17.07266
	-47.1978	-17.07286
	-47.1984	-17.07279
	-47.19873	-17.0723
	-47.2011	-17.07034
	-47.20171	-17.0702
	-47.2029	-17.07069
	-47.20532	-17.07093
	-47.20579	-17.07063
	-47.20594	-17.06939
	-47.20676	-17.06743
	-47.20763	-17.06708
	-47.20828	-17.06749
	-47.20915	-17.06884
	-47.2094	-17.07144
	-47.21029	-17.0731
	-47.21064	-17.07404
	-47.21057	-17.07461
	-47.20827	-17.07678
	-47.20709	-17.07899
	-47.20727	-17.07954
	-47.20794	-17.08029
	-47.20908	-17.0804
	-47.21247	-17.07991
	-47.21303	-17.07961
	-47.21372	-17.07881
	-47.2145	-17.07721
	-47.21537	-17.07638
	-47.21637	-17.07598
	-47.21717	-17.07594
	-47.21803	-17.07614
	-47.21963	-17.07762
	-47.22029	-17.07787
	-47.22116	-17.07761
	-47.22291	-17.076
	-47.22323	-17.07597
	-47.22398	-17.07618
	-47.22498	-17.07734
	-47.22499	-17.07836
	-47.22486	-17.07907
	-47.22443	-17.0794
	-47.22301	-17.07957
	-47.22271	-17.07987
	-47.22247	-17.08087
	-47.22261	-17.08166
	-47.22315	-17.08224
	-47.22404	-17.08291
	-47.22433	-17.08291
	-47.22451	-17.08287
	-47.22584	-17.08055
	-47.22767	-17.07923
	-47.22813	-17.07914
	-47.22993	-17.07999
	-47.2337	-17.08238
	-47.23433	-17.08323
	-47.2343	-17.08394
	-47.2337	-17.08479
	-47.23145	-17.0867
	-47.23096	-17.08686
	-47.23041	-17.08679
	-47.22842	-17.08498
	-47.22751	-17.08468
	-47.22624	-17.08464
	-47.22538	-17.0849
	-47.22269	-17.08549
	-47.22248	-17.08587
	-47.22241	-17.08622
	-47.22261	-17.08723
	-47.22285	-17.08748
	-47.2247	-17.08756
	-47.22764	-17.08741
	-47.22824	-17.08757
	-47.2291	-17.08833
	-47.2311	-17.08954
	-47.23155	-17.0896
	-47.23233	-17.08939
	-47.23309	-17.08873
	-47.23396	-17.08744
	-47.23582	-17.08565
	-47.23764	-17.0847
	-47.24039	-17.08385
	-47.2409	-17.08398
	-47.24129	-17.08456
	-47.24197	-17.08741
	-47.24227	-17.08776
	-47.24278	-17.08784
	-47.24369	-17.08728
	-47.24513	-17.08607
	-47.24552	-17.08536
	-47.24571	-17.08445
	-47.24545	-17.08241
	-47.24574	-17.08206
	-47.24632	-17.08181
	-47.24723	-17.08222
	-47.24771	-17.08282
	-47.24761	-17.08387
	-47.24732	-17.08645
	-47.24752	-17.08895
	-47.24748	-17.09263
	-47.2468	-17.09662
	-47.24698	-17.09781
	-47.24745	-17.09904
	-47.24783	-17.09947
	-47.24844	-17.09974
	-47.24911	-17.09976
	-47.25132	-17.09878
	-47.25221	-17.09868
	-47.25284	-17.09899
	-47.25353	-17.09988
	-47.25423	-17.10005
	-47.25475	-17.0998
	-47.25509	-17.09927
	-47.25522	-17.0985
	-47.2538	-17.09515
	-47.25371	-17.09409
	-47.25399	-17.09372
	-47.25452	-17.09338
	-47.25487	-17.09335
	-47.25684	-17.09403
	-47.25715	-17.09449
	-47.25722	-17.09511
	-47.25881	-17.10033
	-47.25948	-17.10181
	-47.2599	-17.10196
	-47.26037	-17.10192
	-47.26077	-17.10168
	-47.26124	-17.10094
	-47.26196	-17.09929
	-47.26298	-17.09787
	-47.26343	-17.0978
	-47.26401	-17.09797
	-47.26431	-17.09835
	-47.26493	-17.10101
	-47.26425	-17.10317
	-47.26419	-17.10416
	-47.26553	-17.10774
	-47.26606	-17.1082
	-47.26734	-17.10881
	-47.26794	-17.10923
	-47.26801	-17.10969
	-47.26772	-17.11058
	-47.26679	-17.11208
	-47.26621	-17.11345
	-47.26611	-17.11399
	-47.26631	-17.11428
	-47.26658	-17.11435
	-47.2672	-17.11417
	-47.26815	-17.11397
	-47.26849	-17.11378
	-47.2688	-17.1132
	-47.26907	-17.11196
	-47.2718	-17.10669
	-47.27306	-17.10494
	-47.27399	-17.10472
	-47.27468	-17.10494
	-47.27534	-17.10572
	-47.27537	-17.10671
	-47.27626	-17.10908
	-47.27722	-17.11046
	-47.27993	-17.1153
	-47.28087	-17.11584
	-47.28185	-17.1163
	-47.28189	-17.11754
	-47.27981	-17.11873
	-47.27843	-17.11823
	-47.27762	-17.11722
	-47.27699	-17.11662
	-47.27628	-17.11652
	-47.27564	-17.11712
	-47.27499	-17.11983
	-47.27508	-17.12275
	-47.27545	-17.1239
	-47.27616	-17.12476
	-47.27667	-17.12496
	-47.27756	-17.12499
	-47.27808	-17.1247
	-47.27961	-17.12228
	-47.28043	-17.1218
	-47.28138	-17.12176
	-47.282	-17.122
	-47.28238	-17.12237
	-47.28248	-17.12301
	-47.28228	-17.12413
	-47.28232	-17.12573
	-47.28207	-17.12621
	-47.28038	-17.12709
	-47.27634	-17.12851
	-47.27597	-17.12883
	-47.276	-17.12926
	-47.27634	-17.13012
	-47.27741	-17.13098
	-47.27895	-17.1315
	-47.27965	-17.13137
	-47.28032	-17.13088
	-47.28057	-17.1301
	-47.281	-17.12948
	-47.28154	-17.12885
	-47.28203	-17.12882
	-47.28246	-17.12924
	-47.28294	-17.13058
	-47.28302	-17.13147
	-47.28195	-17.13568
	-47.28204	-17.1363
	-47.2829	-17.13784
	-47.28319	-17.13932
	-47.28313	-17.14053
	-47.28271	-17.14176
	-47.28185	-17.14301
	-47.28147	-17.14388
	-47.28153	-17.14459
	-47.28254	-17.14525
	-47.28341	-17.14542
	-47.2848	-17.14525
	-47.2865	-17.14456
	-47.29405	-17.13911
	-47.2949	-17.13863
	-47.29554	-17.13875
	-47.29652	-17.14085
	-47.29652	-17.14169
	-47.29664	-17.14231
	-47.29702	-17.14264
	-47.29991	-17.14329
	-47.30174	-17.14548
	-47.30294	-17.14603
	-47.30373	-17.14649
	-47.30459	-17.14766
	-47.3048	-17.14866
	-47.30468	-17.1492
	-47.30368	-17.15111
	-47.30326	-17.15235
	-47.303	-17.154
	-47.3032	-17.155
	-47.30351	-17.15585
	-47.30471	-17.15699
	-47.30752	-17.15844
	-47.30845	-17.15885
	-47.30898	-17.15876
	-47.30926	-17.15817
	-47.30935	-17.1571
	-47.30913	-17.1559
	-47.30873	-17.15482
	-47.30792	-17.15366
	-47.30761	-17.15255
	-47.30777	-17.15197
	-47.30833	-17.15076
	-47.30912	-17.14793
	-47.30994	-17.1471
	-47.31123	-17.14625
	-47.3123	-17.14621
	-47.31297	-17.14662
	-47.31391	-17.14805
	-47.31649	-17.15069
	-47.31765	-17.1529
	-47.31819	-17.15328
	-47.31876	-17.15334
	-47.31906	-17.153
	-47.31916	-17.15221
	-47.31947	-17.15149
	-47.31996	-17.1512
	-47.321	-17.15151
	-47.32181	-17.15218
	-47.32327	-17.15486
	-47.32403	-17.1566
	-47.32443	-17.1568
	-47.32488	-17.15669
	-47.32544	-17.15612
	-47.32606	-17.15445
	-47.32627	-17.1522
	-47.32587	-17.14959
	-47.3261	-17.14882
	-47.32648	-17.14851
	-47.32705	-17.14849
	-47.32817	-17.14919
	-47.32887	-17.15004
	-47.33125	-17.15362
	-47.33192	-17.15531
	-47.33185	-17.15579
	-47.33032	-17.15629
	-47.32973	-17.15665
	-47.32936	-17.15715
	-47.32911	-17.15921
	-47.32939	-17.15972
	-47.33091	-17.16157
	-47.33302	-17.16494
	-47.33382	-17.16543
	-47.33458	-17.16562
	-47.33572	-17.1655
	-47.33736	-17.16489
	-47.33889	-17.16368
	-47.33964	-17.16345
	-47.34014	-17.1636
	-47.34055	-17.16407
	-47.34078	-17.16524
	-47.34157	-17.16634
	-47.34211	-17.16633
	-47.34423	-17.16507
	-47.34504	-17.16501
	-47.34579	-17.16543
	-47.34944	-17.16609
	-47.35192	-17.16688
	-47.35267	-17.1676
	-47.3523	-17.17063
	-47.35109	-17.17294
	-47.34888	-17.17553
	-47.34859	-17.17633
	-47.34861	-17.17684
	-47.34878	-17.17732
	-47.3491	-17.17754
	-47.34978	-17.17736
	-47.35055	-17.1774
	-47.35143	-17.17784
	-47.35251	-17.17888
	-47.35278	-17.17988
	-47.35239	-17.1806
	-47.34619	-17.1853
	-47.34473	-17.18594
	-47.34376	-17.18617
	-47.3404	-17.18645
	-47.33999	-17.18674
	-47.34	-17.18737
	-47.34047	-17.18775
	-47.34153	-17.18872
	-47.34357	-17.1894
	-47.34447	-17.18946
	-47.34552	-17.1892
	-47.3466	-17.18823
	-47.34816	-17.18652
	-47.34897	-17.18593
	-47.34945	-17.18582
	-47.35045	-17.18621
	-47.35172	-17.187
	-47.35303	-17.18814
	-47.35373	-17.18846
	-47.35485	-17.18864
	-47.35647	-17.18868
	-47.35891	-17.18799
	-47.35935	-17.18759
	-47.36011	-17.18626
	-47.36085	-17.18545
	-47.36131	-17.18536
	-47.36166	-17.18554
	-47.36191	-17.1862
	-47.36199	-17.18703
	-47.36138	-17.18828
	-47.36053	-17.18895
	-47.35966	-17.19036
	-47.35907	-17.19172
	-47.3587	-17.19343
	-47.35812	-17.19421
	-47.3572	-17.19472
	-47.3558	-17.19494
	-47.35457	-17.19469
	-47.3528	-17.19474
	-47.35096	-17.19526
	-47.35	-17.196
	-47.34944	-17.1968
	-47.349	-17.19795
	-47.34968	-17.19922
	-47.35003	-17.20187
	-47.35	-17.205
	-47.35021	-17.20584
	-47.35098	-17.20623
	-47.35254	-17.20612
	-47.35369	-17.20539
	-47.35457	-17.20352
	-47.35515	-17.20293
	-47.35602	-17.20275
	-47.35658	-17.20279
	-47.3604	-17.20434
	-47.36131	-17.20586
	-47.36167	-17.20719
	-47.36078	-17.20907
	-47.36065	-17.20992
	-47.36102	-17.21027
	-47.36189	-17.21045
	-47.36372	-17.2101
	-47.36435	-17.21069
	-47.36462	-17.21141
	-47.36372	-17.21651
	-47.36345	-17.21722
	-47.36215	-17.21923
	-47.36156	-17.22093
	-47.36177	-17.22155
	-47.36428	-17.22261
	-47.3658	-17.22215
	-47.36627	-17.22167
	-47.3664	-17.22116
	-47.36641	-17.2197
	-47.36702	-17.21902
	-47.3681	-17.21851
	-47.37047	-17.21693
	-47.37163	-17.21662
	-47.37557	-17.21668
	-47.37581	-17.21733
	-47.37546	-17.21858
	-47.37359	-17.21943
	-47.37317	-17.21999
	-47.3733	-17.22056
	-47.37405	-17.22165
	-47.37455	-17.22189
	-47.37604	-17.22205
	-47.37661	-17.22184
	-47.37695	-17.22152
	-47.37723	-17.22064
	-47.3777	-17.22027
	-47.37851	-17.22018
	-47.37907	-17.22035
	-47.37924	-17.22056
	-47.37918	-17.2211
	-47.37874	-17.22146
	-47.37827	-17.22242
	-47.37863	-17.22312
	-47.37952	-17.22412
	-47.38062	-17.22491
	-47.38224	-17.22536
	-47.38376	-17.22593
	-47.38469	-17.22703
	-47.38488	-17.2276
	-47.38427	-17.22852
	-47.38311	-17.2292
	-47.38215	-17.23045
	-47.38168	-17.23274
	-47.38095	-17.23475
	-47.38028	-17.23519
	-47.37908	-17.23544
	-47.37817	-17.23569
	-47.37799	-17.23592
	-47.37797	-17.23613
	-47.37844	-17.23702
	-47.37905	-17.23771
	-47.38564	-17.23847
	-47.38666	-17.23967
	-47.38675	-17.24084
	-47.38562	-17.24174
	-47.38214	-17.24281
	-47.3818	-17.24335
	-47.38216	-17.24395
	-47.38537	-17.24821
	-47.38729	-17.24877
	-47.38821	-17.24865
	-47.38869	-17.24795
	-47.38871	-17.24648
	-47.38902	-17.24508
	-47.38965	-17.24437
	-47.39215	-17.24401
	-47.3944	-17.24333
	-47.39717	-17.24222
	-47.39772	-17.24224
	-47.40226	-17.24405
	-47.406	-17.245
	-47.40816	-17.24614
	-47.40929	-17.24733
	-47.4104	-17.24913
	-47.41111	-17.251
	-47.41096	-17.25166
	-47.40998	-17.25229
	-47.40917	-17.25325
	-47.40706	-17.25383
	-47.40635	-17.25444
	-47.40623	-17.25524
	-47.40668	-17.25576
	-47.40979	-17.25735
	-47.41163	-17.25757
	-47.41495	-17.25715
	-47.41758	-17.25785
	-47.42263	-17.26075
	-47.42294	-17.26159
	-47.4225	-17.26225
	-47.41887	-17.26235
	-47.41787	-17.26257
	-47.41654	-17.26421
	-47.41648	-17.26537
	-47.41671	-17.26636
	-47.41657	-17.267
	-47.41606	-17.26771
	-47.41619	-17.26867
	-47.417	-17.27
	-47.41862	-17.27068
	-47.41946	-17.27016
	-47.42081	-17.26974
	-47.42388	-17.27024
	-47.42722	-17.27161
	-47.43323	-17.27471
	-47.43412	-17.27575
	-47.43452	-17.27922
	-47.43379	-17.28074
	-47.43169	-17.28344
	-47.43055	-17.28398
	-47.42956	-17.28406
	-47.42883	-17.28357
	-47.42676	-17.28262
	-47.42599	-17.28292
	-47.42319	-17.28652
	-47.42186	-17.28707
	-47.4206	-17.28833
	-47.42042	-17.28897
	-47.419	-17.292
	-47.41859	-17.29355
	-47.41887	-17.29987
	-47.41945	-17.30229
	-47.41986	-17.30298
	-47.42051	-17.30363
	-47.42208	-17.30383
	-47.42353	-17.30489
	-47.42695	-17.30687
	-47.42803	-17.30683
	-47.42862	-17.30703
	-47.42882	-17.30762
	-47.42867	-17.30813
	-47.42737	-17.30916
	-47.4259	-17.31157
	-47.42482	-17.31281
	-47.42357	-17.31298
	-47.42279	-17.31353
	-47.42224	-17.31417
	-47.42192	-17.31889
	-47.42174	-17.3207
	-47.42206	-17.32187
	-47.42358	-17.32404
	-47.42452	-17.32383
	-47.425	-17.32323
	-47.42786	-17.32154
	-47.4308	-17.32034
	-47.43143	-17.31986
	-47.432	-17.31783
	-47.43255	-17.31729
	-47.43345	-17.31702
	-47.43445	-17.31722
	-47.43641	-17.31737
	-47.4377	-17.31785
	-47.4392	-17.32003
	-47.44023	-17.32065
	-47.44078	-17.3218
	-47.44196	-17.32304
	-47.44242	-17.32316
	-47.44312	-17.323
	-47.44404	-17.32233
	-47.44501	-17.32217
	-47.44581	-17.32241
	-47.44649	-17.32331
	-47.44812	-17.32375
	-47.44967	-17.3243
	-47.45069	-17.32545
	-47.45076	-17.32639
	-47.45036	-17.32737
	-47.45097	-17.32884
	-47.4523	-17.32856
	-47.45464	-17.32941
	-47.45513	-17.33012
	-47.45508	-17.33053
	-47.45408	-17.33179
	-47.45056	-17.33364
	-47.44979	-17.33477
	-47.44995	-17.3355
	-47.4497	-17.33653
	-47.44873	-17.33797
	-47.44444	-17.34116
	-47.44284	-17.34431
	-47.44101	-17.34695
	-47.44116	-17.34764
	-47.44225	-17.34802
	-47.4456	-17.34776
	-47.44615	-17.3479
	-47.44662	-17.34866
	-47.44733	-17.34873
	-47.44781	-17.34828
	-47.44802	-17.34727
	-47.4491	-17.34545
	-47.45029	-17.34488
	-47.45194	-17.34462
	-47.45445	-17.34476
	-47.4565	-17.34402
	-47.4575	-17.34395
	-47.45918	-17.3442
	-47.46086	-17.34543
	-47.4611	-17.34621
	-47.46073	-17.34692
	-47.46001	-17.34847
	-47.45906	-17.3492
	-47.45721	-17.34987
	-47.45662	-17.35027
	-47.45638	-17.35114
	-47.45672	-17.35239
	-47.45734	-17.35301
	-47.45903	-17.3538
	-47.46058	-17.35419
	-47.46184	-17.35446
	-47.46309	-17.35549
	-47.46393	-17.35602
	-47.46486	-17.35614
	-47.4653	-17.35583
	-47.46545	-17.35511
	-47.46663	-17.35314
	-47.46719	-17.35153
	-47.46911	-17.34977
	-47.47164	-17.34842
	-47.47211	-17.34783
	-47.47223	-17.34569
	-47.47263	-17.34471
	-47.47329	-17.34438
	-47.47447	-17.34452
	-47.47725	-17.34613
	-47.47912	-17.34769
	-47.48033	-17.34811
	-47.48146	-17.3478
	-47.48527	-17.3483
	-47.48725	-17.34948
	-47.48803	-17.34946
	-47.48863	-17.34898
	-47.48894	-17.34761
	-47.48852	-17.34616
	-47.48798	-17.34493
	-47.48842	-17.34465
	-47.48876	-17.34404
	-47.48924	-17.34385
	-47.49127	-17.34543
	-47.4933	-17.34612
	-47.49498	-17.34586
	-47.49555	-17.34569
	-47.49585	-17.34535
	-47.49585	-17.34412
	-47.4958	-17.34316
	-47.49609	-17.3423
	-47.49676	-17.34115
	-47.49705	-17.34021
	-47.49716	-17.33822
	-47.49766	-17.33708
	-47.49847	-17.33585
	-47.4998	-17.3353
	-47.50077	-17.33473
	-47.5019	-17.33363
	-47.50259	-17.33309
	-47.50425	-17.33275
	-47.50598	-17.33205
	-47.50748	-17.33176
	-47.50798	-17.33193
	-47.50845	-17.33286
	-47.50888	-17.33319
	-47.50951	-17.33311
	-47.51017	-17.33276
	-47.51107	-17.33139
	-47.51111	-17.33075
	-47.50934	-17.32815
	-47.50902	-17.32705
	-47.50954	-17.32629
	-47.51079	-17.32598
	-47.51197	-17.32666
	-47.51293	-17.32748
	-47.51355	-17.32867
	-47.51374	-17.32941
	-47.51274	-17.33174
	-47.51293	-17.33379
	-47.51288	-17.33488
	-47.51251	-17.33564
	-47.51051	-17.33777
	-47.50951	-17.33896
	-47.50848	-17.33934
	-47.50757	-17.33928
	-47.50696	-17.33888
	-47.5055	-17.33725
	-47.50467	-17.33727
	-47.50444	-17.33773
	-47.50423	-17.33839
	-47.50479	-17.34008
	-47.50577	-17.34139
	-47.5068	-17.34243
	-47.50876	-17.3436
	-47.51028	-17.34432
	-47.51595	-17.34577
	-47.5172	-17.34661
	-47.51766	-17.3474
	-47.51818	-17.34874
	-47.51935	-17.35011
	-47.52096	-17.35156
	-47.52194	-17.3527
	-47.52237	-17.35389
	-47.52231	-17.35503
	-47.52123	-17.357
	-47.5205	-17.35752
	-47.51966	-17.35769
	-47.51837	-17.35708
	-47.51543	-17.35634
	-47.51489	-17.35674
	-47.51445	-17.35718
	-47.51453	-17.35833
	-47.5152	-17.36068
	-47.51549	-17.36383
	-47.51583	-17.36476
	-47.51697	-17.36651
	-47.51735	-17.36731
	-47.5172	-17.36842
	-47.51599	-17.37201
	-47.51553	-17.37262
	-47.51441	-17.37352
	-47.51414	-17.37406
	-47.51451	-17.37504
	-47.51505	-17.37592
	-47.51629	-17.37713
	-47.51681	-17.37717
	-47.51861	-17.37626
	-47.51936	-17.37595
	-47.52004	-17.376
	-47.52061	-17.37644
	-47.52066	-17.37706
	-47.51976	-17.37873
	-47.51962	-17.37958
	-47.52008	-17.38078
	-47.52111	-17.38163
	-47.52505	-17.38324
	-47.5264	-17.38348
	-47.5279	-17.38328
	-47.52847	-17.38239
	-47.52807	-17.38026
	-47.52822	-17.37911
	-47.52882	-17.37805
	-47.52995	-17.37749
	-47.53093	-17.37745
	-47.53316	-17.37936
	-47.53345	-17.3803
	-47.53178	-17.38181
	-47.52947	-17.38585
	-47.52866	-17.38786
	-47.52889	-17.38866
	-47.52978	-17.38969
	-47.5306	-17.38975
	-47.53128	-17.3888
	-47.53218	-17.3885
	-47.53527	-17.38928
	-47.53648	-17.38908
	-47.53708	-17.38884
	-47.53823	-17.38812
	-47.53952	-17.38808
	-47.53983	-17.38838
	-47.53958	-17.38987
	-47.53858	-17.39152
	-47.53802	-17.39337
	-47.53746	-17.39425
	-47.53685	-17.39449
	-47.53518	-17.39399
	-47.53424	-17.39405
	-47.53374	-17.39459
	-47.53358	-17.39525
	-47.53385	-17.39614
	-47.53479	-17.39779
	-47.53491	-17.39873
	-47.53405	-17.40074
	-47.52784	-17.40595
	-47.52586	-17.40826
	-47.52448	-17.4097
	-47.52448	-17.41108
	-47.52468	-17.41248
	-47.52527	-17.41457
	-47.52604	-17.4149
	-47.52704	-17.41414
	-47.52775	-17.41246
	-47.52858	-17.41105
	-47.52946	-17.41049
	-47.53117	-17.41071
	-47.53315	-17.41029
	-47.53548	-17.40829
	-47.53696	-17.40794
	-47.53773	-17.40828
	-47.53804	-17.40892
	-47.53808	-17.41045
	-47.5376	-17.4116
	-47.53608	-17.41272
	-47.53421	-17.41334
	-47.53327	-17.41319
	-47.53226	-17.41336
	-47.53147	-17.41397
	-47.52956	-17.41898
	-47.52968	-17.42198
	-47.52841	-17.42492
	-47.52762	-17.4255
	-47.52682	-17.42568
	-47.52618	-17.42562
	-47.52584	-17.42419
	-47.52495	-17.42274
	-47.52426	-17.42255
	-47.5238	-17.42268
	-47.52298	-17.42368
	-47.52169	-17.42545
	-47.52164	-17.4262
	-47.52203	-17.42663
	-47.52299	-17.42732
	-47.52484	-17.42795
	-47.52722	-17.42811
	-47.52814	-17.42874
	-47.52873	-17.42947
	-47.52888	-17.43139
	-47.52828	-17.43836
	-47.52836	-17.43963
	-47.52859	-17.44056
	-47.52978	-17.44277
	-47.53051	-17.44323
	-47.53157	-17.44321
	-47.53412	-17.4424
	-47.53495	-17.4424
	-47.53539	-17.44281
	-47.53553	-17.44377
	-47.53514	-17.44504
	-47.53541	-17.4459
	-47.53589	-17.44639
	-47.53743	-17.44661
	-47.5392	-17.44584
	-47.54035	-17.44562
	-47.541	-17.44586
	-47.54129	-17.44663
	-47.54106	-17.44753
	-47.54006	-17.44892
	-47.53987	-17.45049
	-47.54058	-17.45218
	-47.54148	-17.45387
	-47.5415	-17.45443
	-47.54096	-17.45511
	-47.53779	-17.45561
	-47.53702	-17.456
	-47.53675	-17.45633
	-47.5367	-17.45685
	-47.514	-17.46
	-47.512	-17.473
	-47.503	-17.481
	-47.505	-17.493
	-47.503	-17.515
	-47.497	-17.524
	-47.492	-17.526
	-47.477	-17.511
	-47.467	-17.533
	-47.457	-17.538
	-47.439	-17.527
	-47.414	-17.521
	-47.398	-17.512
	-47.384	-17.514
	-47.374	-17.523
	-47.351	-17.526
	-47.333	-17.523
	-47.32	-17.531
	-47.314	-17.544
	-47.306	-17.558
	-47.30125	-17.56116
	-47.29816	-17.56291
	-47.29553	-17.56655
	-47.29258	-17.56834
	-47.28836	-17.57108
	-47.28714	-17.57508
	-47.28461	-17.57637
	-47.28254	-17.57874
	-47.28234	-17.58078
	-47.28165	-17.58138
	-47.28107	-17.58315
	-47.2795	-17.58395
	-47.2781	-17.59148
	-47.27642	-17.59329
	-47.27678	-17.59493
	-47.27569	-17.59774
	-47.27455	-17.59855
	-47.27375	-17.59865
	-47.27201	-17.59972
	-47.27049	-17.60263
	-47.26832	-17.60493
	-47.267	-17.60709
	-47.2666	-17.60842
	-47.26667	-17.60903
	-47.26633	-17.60909
	-47.26482	-17.61159
	-47.26523	-17.61211
	-47.26548	-17.6131
	-47.26542	-17.61377
	-47.26563	-17.6149
	-47.26437	-17.61695
	-47.26426	-17.61796
	-47.26449	-17.61855
	-47.26429	-17.61924
	-47.26543	-17.62239
	-47.26543	-17.62345
	-47.26529	-17.62398
	-47.26621	-17.62542
	-47.26619	-17.62604
	-47.26595	-17.6269
	-47.26649	-17.62781
	-47.26692	-17.62831
	-47.26699	-17.62898
	-47.26758	-17.62999
	-47.26772	-17.63081
	-47.26823	-17.63133
	-47.26854	-17.63237
	-47.26892	-17.63334
	-47.26891	-17.63415
	-47.26911	-17.6346
	-47.26905	-17.63524
	-47.26882	-17.63624
	-47.26906	-17.63652
	-47.26965	-17.63647
	-47.27014	-17.63625
	-47.2703	-17.63558
	-47.27058	-17.63531
	-47.27095	-17.63541
	-47.2715	-17.63577
	-47.27136	-17.63622
	-47.27118	-17.63652
	-47.27135	-17.63686
	-47.2717	-17.63698
	-47.27223	-17.63691
	-47.2725	-17.63717
	-47.27276	-17.63765
	-47.27321	-17.6376
	-47.27365	-17.63802
	-47.27403	-17.63853
	-47.27432	-17.63854
	-47.27469	-17.63839
	-47.2751	-17.63841
	-47.27525	-17.63869
	-47.27526	-17.63907
	-47.2759	-17.6395
	-47.27602	-17.63985
	-47.27601	-17.64047
	-47.27619	-17.6408
	-47.27686	-17.64135
	-47.27769	-17.64165
	-47.27823	-17.64202
	-47.27849	-17.64237
	-47.27888	-17.64253
	-47.27917	-17.64305
	-47.27953	-17.64345
	-47.27973	-17.64428
	-47.27952	-17.64504
	-47.27977	-17.64576
	-47.2801	-17.64619
	-47.28084	-17.64757
	-47.2808	-17.64794
	-47.28086	-17.64819
	-47.28068	-17.64877
	-47.28065	-17.64929
	-47.28076	-17.64993
	-47.28056	-17.65025
	-47.28067	-17.65183
	-47.28042	-17.65224
	-47.28061	-17.65244
	-47.28082	-17.65256
	-47.28096	-17.65272
	-47.281	-17.653
	-47.28034	-17.6538
	-47.27945	-17.65393
	-47.27884	-17.65466
	-47.27847	-17.65486
	-47.27839	-17.65511
	-47.27881	-17.6554
	-47.27968	-17.65514
	-47.28001	-17.65527
	-47.28004	-17.65568
	-47.28045	-17.65629
	-47.28043	-17.65679
	-47.28009	-17.65731
	-47.28018	-17.65784
	-47.28049	-17.65848
	-47.28006	-17.65881
	-47.27925	-17.65818
	-47.27828	-17.65777
	-47.27776	-17.65787
	-47.27751	-17.65808
	-47.27696	-17.65805
	-47.27654	-17.65889
	-47.27667	-17.6593
	-47.27696	-17.65953
	-47.27691	-17.66005
	-47.2766	-17.66056
	-47.27619	-17.66079
	-47.27566	-17.66052
	-47.27538	-17.66048
	-47.27517	-17.66066
	-47.2751	-17.6612
	-47.27518	-17.66155
	-47.27541	-17.66156
	-47.27566	-17.66128
	-47.27642	-17.66167
	-47.27656	-17.66189
	-47.27625	-17.66217
	-47.27593	-17.66226
	-47.27514	-17.66296
	-47.27477	-17.66286
	-47.27486	-17.66201
	-47.27469	-17.6619
	-47.27419	-17.66195
	-47.27381	-17.66217
	-47.27343	-17.66277
	-47.27288	-17.66403
	-47.27267	-17.66413
	-47.27256	-17.66375
	-47.27223	-17.66366
	-47.27208	-17.66386
	-47.27233	-17.66444
	-47.27246	-17.66488
	-47.27214	-17.66509
	-47.27195	-17.66535
	-47.2714	-17.66557
	-47.27132	-17.66641
	-47.27105	-17.6667
	-47.27108	-17.66692
	-47.27156	-17.66721
	-47.27174	-17.6678
	-47.27188	-17.66806
	-47.27142	-17.66824
	-47.27079	-17.66827
	-47.27058	-17.6686
	-47.27074	-17.66899
	-47.27108	-17.66896
	-47.27134	-17.6691
	-47.27107	-17.66955
	-47.27125	-17.67018
	-47.27061	-17.67025
	-47.27015	-17.67006
	-47.26998	-17.67043
	-47.2701	-17.67071
	-47.2704	-17.67079
	-47.27032	-17.67113
	-47.27048	-17.67171
	-47.27006	-17.67177
	-47.26993	-17.67205
	-47.27004	-17.6723
	-47.27034	-17.67235
	-47.27026	-17.67283
	-47.27011	-17.67325
	-47.27022	-17.67414
	-47.27036	-17.67418
	-47.27072	-17.67405
	-47.27104	-17.67419
	-47.27122	-17.67489
	-47.27153	-17.67513
	-47.27219	-17.67406
	-47.27247	-17.67391
	-47.27317	-17.67412
	-47.27382	-17.67424
	-47.2741	-17.67442
	-47.2742	-17.6747
	-47.27374	-17.67498
	-47.27333	-17.67507
	-47.27309	-17.67543
	-47.27311	-17.6758
	-47.27365	-17.67559
	-47.27458	-17.67664
	-47.2748	-17.67665
	-47.27498	-17.67637
	-47.27499	-17.67577
	-47.27517	-17.67554
	-47.27554	-17.67555
	-47.27582	-17.67582
	-47.27622	-17.67652
	-47.27675	-17.67682
	-47.27775	-17.67784
	-47.27807	-17.67787
	-47.27831	-17.67835
	-47.27828	-17.67888
	-47.27858	-17.6795
	-47.27882	-17.67952
	-47.27899	-17.67931
	-47.27884	-17.67891
	-47.27899	-17.67861
	-47.28005	-17.67826
	-47.2804	-17.67854
	-47.28052	-17.67877
	-47.28049	-17.679
	-47.28019	-17.67919
	-47.28014	-17.67943
	-47.28024	-17.68011
	-47.28075	-17.68103
	-47.28092	-17.68109
	-47.28135	-17.68056
	-47.28129	-17.68009
	-47.28148	-17.67975
	-47.28183	-17.67949
	-47.2824	-17.67958
	-47.28279	-17.67979
	-47.28299	-17.68026
	-47.28279	-17.6807
	-47.28269	-17.68163
	-47.28286	-17.68185
	-47.28308	-17.68191
	-47.2836	-17.68148
	-47.28408	-17.6816
	-47.2844	-17.68149
	-47.28466	-17.68149
	-47.28487	-17.68189
	-47.28509	-17.68267
	-47.2853	-17.68257
	-47.2855	-17.68278
	-47.28574	-17.68355
	-47.28615	-17.68385
	-47.28636	-17.68384
	-47.28702	-17.68318
	-47.28729	-17.68315
	-47.28781	-17.68345
	-47.28838	-17.68352
	-47.28857	-17.68341
	-47.28872	-17.68311
	-47.28891	-17.68294
	-47.28908	-17.68303
	-47.28923	-17.68346
	-47.28932	-17.68402
	-47.28953	-17.68438
	-47.28978	-17.68436
	-47.29006	-17.68386
	-47.29021	-17.68329
	-47.28998	-17.68258
	-47.29009	-17.68228
	-47.29025	-17.6822
	-47.29045	-17.68236
	-47.29076	-17.68236
	-47.29122	-17.68212
	-47.29204	-17.68203
	-47.29261	-17.68216
	-47.29297	-17.68246
	-47.29297	-17.68264
	-47.29331	-17.68312
	-47.29386	-17.68426
	-47.29416	-17.68433
	-47.29445	-17.68418
	-47.29468	-17.68371
	-47.29513	-17.68322
	-47.29539	-17.68219
	-47.29561	-17.68216
	-47.29588	-17.68238
	-47.29706	-17.68397
	-47.29743	-17.68391
	-47.29743	-17.68343
	-47.29765	-17.68317
	-47.29801	-17.68312
	-47.29853	-17.68334
	-47.2988	-17.68409
	-47.29881	-17.68533
	-47.29874	-17.68648
	-47.29891	-17.68669
	-47.29921	-17.68657
	-47.30025	-17.68695
	-47.3009	-17.68748
	-47.30212	-17.68885
	-47.30208	-17.68924
	-47.30199	-17.68948
	-47.3018	-17.6896
	-47.30157	-17.68955
	-47.30041	-17.68961
	-47.29991	-17.68981
	-47.29975	-17.69023
	-47.29973	-17.69102
	-47.29991	-17.69121
	-47.30023	-17.69116
	-47.30058	-17.69096
	-47.3006	-17.6908
	-47.30069	-17.69059
	-47.30084	-17.69045
	-47.30123	-17.69037
	-47.30146	-17.69055
	-47.30181	-17.69167
	-47.30213	-17.69221
	-47.30237	-17.69229
	-47.30256	-17.6922
	-47.3027	-17.69164
	-47.30273	-17.69123
	-47.30253	-17.69073
	-47.30231	-17.69003
	-47.3026	-17.68958
	-47.30319	-17.68932
	-47.30359	-17.68963
	-47.30357	-17.69015
	-47.30374	-17.69045
	-47.30457	-17.6907
	-47.305	-17.6907
	-47.30615	-17.69112
	-47.30688	-17.69158
	-47.30709	-17.69198
	-47.3072	-17.69286
	-47.3075	-17.69398
	-47.30794	-17.6944
	-47.31002	-17.69556
	-47.31119	-17.69704
	-47.31137	-17.69749
	-47.31203	-17.69792
	-47.31238	-17.69875
	-47.31279	-17.6991
	-47.31316	-17.69915
	-47.31356	-17.69893
	-47.3138	-17.69904
	-47.31399	-17.69973
	-47.31292	-17.70083
	-47.31305	-17.70147
	-47.31365	-17.70168
	-47.31427	-17.70252
	-47.31424	-17.70316
	-47.31413	-17.70419
	-47.31391	-17.70486
	-47.31384	-17.70584
	-47.31391	-17.70706
	-47.31413	-17.70718
	-47.31417	-17.70739
	-47.31406	-17.70761
	-47.31357	-17.70761
	-47.31328	-17.70743
	-47.31253	-17.70737
	-47.31226	-17.70745
	-47.31211	-17.70769
	-47.31199	-17.70899
	-47.31208	-17.7092
	-47.31228	-17.70921
	-47.31236	-17.70894
	-47.31253	-17.7088
	-47.31285	-17.70886
	-47.31295	-17.70905
	-47.31285	-17.70928
	-47.31253	-17.70953
	-47.31159	-17.70987
	-47.3114	-17.71012
	-47.31141	-17.71041
	-47.31162	-17.71051
	-47.31219	-17.7106
	-47.31268	-17.71079
	-47.3129	-17.71101
	-47.31294	-17.71126
	-47.31265	-17.71207
	-47.31267	-17.71233
	-47.31317	-17.71299
	-47.31365	-17.7134
	-47.3139	-17.7139
	-47.31399	-17.71435
	-47.31403	-17.71511
	-47.31393	-17.71593
	-47.31384	-17.71636
	-47.31394	-17.71667
	-47.31431	-17.717
	-47.31452	-17.71735
	-47.31462	-17.71856
	-47.31482	-17.71905
	-47.3153	-17.72007
	-47.31515	-17.72044
	-47.31559	-17.72137
	-47.31615	-17.72192
	-47.31683	-17.72201
	-47.31743	-17.72187
	-47.3177	-17.72189
	-47.31792	-17.72243
	-47.3178	-17.72281
	-47.31782	-17.72327
	-47.31767	-17.7237
	-47.31695	-17.72449
	-47.31713	-17.72532
	-47.31751	-17.72544
	-47.31793	-17.72579
	-47.31857	-17.7267
	-47.31891	-17.72699
	-47.31908	-17.72697
	-47.31958	-17.72607
	-47.31985	-17.72608
	-47.32021	-17.72652
	-47.32072	-17.72685
	-47.3217	-17.72721
	-47.32246	-17.72729
	-47.32273	-17.72751
	-47.32285	-17.7278
	-47.32273	-17.7283
	-47.32251	-17.72836
	-47.32227	-17.72854
	-47.32218	-17.72891
	-47.3223	-17.72957
	-47.32275	-17.73001
	-47.32292	-17.73039
	-47.32326	-17.73066
	-47.32352	-17.73063
	-47.32371	-17.73039
	-47.32378	-17.72999
	-47.32414	-17.72945
	-47.32452	-17.72912
	-47.32498	-17.72905
	-47.32528	-17.72926
	-47.32536	-17.72967
	-47.32568	-17.73025
	-47.32573	-17.73042
	-47.32535	-17.73076
	-47.32509	-17.73203
	-47.32523	-17.73224
	-47.32541	-17.73232
	-47.32573	-17.73214
	-47.3259	-17.73179
	-47.32619	-17.73145
	-47.32712	-17.7309
	-47.32734	-17.73095
	-47.32781	-17.7315
	-47.32797	-17.73223
	-47.32842	-17.73275
	-47.32868	-17.73273
	-47.32906	-17.73235
	-47.33001	-17.73265
	-47.33061	-17.73262
	-47.33104	-17.73276
	-47.33122	-17.73304
	-47.33116	-17.73337
	-47.33089	-17.73365
	-47.33069	-17.73411
	-47.3307	-17.73438
	-47.33092	-17.73452
	-47.33112	-17.73432
	-47.33179	-17.73393
	-47.33202	-17.73362
	-47.33226	-17.7336
	-47.33241	-17.73384
	-47.33268	-17.73409
	-47.33287	-17.73451
	-47.33284	-17.73475
	-47.33246	-17.73484
	-47.33238	-17.73497
	-47.33239	-17.73567
	-47.33256	-17.73632
	-47.33253	-17.73708
	-47.33264	-17.73734
	-47.33288	-17.73743
	-47.33336	-17.73715
	-47.33425	-17.737
	-47.33462	-17.73712
	-47.33451	-17.7376
	-47.33425	-17.73791
	-47.33428	-17.7381
	-47.33451	-17.73849
	-47.33493	-17.73857
	-47.33582	-17.73821
	-47.33608	-17.73797
	-47.33608	-17.73771
	-47.33576	-17.73749
	-47.33564	-17.7372
	-47.33572	-17.73686
	-47.33591	-17.73664
	-47.33655	-17.73665
	-47.33715	-17.73682
	-47.33736	-17.73712
	-47.33726	-17.73766
	-47.33712	-17.73806
	-47.33652	-17.7388
	-47.33637	-17.73923
	-47.33648	-17.73971
	-47.33694	-17.73978
	-47.33766	-17.73934
	-47.33835	-17.73941
	-47.33881	-17.73987
	-47.33948	-17.74013
	-47.33975	-17.74042
	-47.33979	-17.74075
	-47.33929	-17.74185
	-47.33944	-17.74224
	-47.33992	-17.7422
	-47.34026	-17.74185
	-47.34044	-17.74186
	-47.34083	-17.74226
	-47.3411	-17.74308
	-47.34164	-17.74385
	-47.34167	-17.74413
	-47.34118	-17.74485
	-47.34109	-17.74521
	-47.34114	-17.74551
	-47.34147	-17.74565
	-47.34197	-17.74549
	-47.34219	-17.74561
	-47.34222	-17.74582
	-47.34209	-17.74616
	-47.34212	-17.74681
	-47.34179	-17.74737
	-47.34113	-17.74813
	-47.34084	-17.74842
	-47.34066	-17.74881
	-47.34065	-17.74917
	-47.34135	-17.75001
	-47.34164	-17.75079
	-47.342	-17.751
	-47.34225	-17.75127
	-47.3422	-17.75156
	-47.34171	-17.75189
	-47.34097	-17.75187
	-47.34051	-17.7516
	-47.34017	-17.75107
	-47.3398	-17.75062
	-47.33903	-17.75041
	-47.33863	-17.75048
	-47.33845	-17.75068
	-47.33824	-17.7512
	-47.33815	-17.75154
	-47.33834	-17.75168
	-47.33866	-17.75162
	-47.33934	-17.75143
	-47.33974	-17.75164
	-47.33973	-17.752
	-47.33937	-17.75319
	-47.33951	-17.75419
	-47.33941	-17.75447
	-47.33912	-17.75442
	-47.33895	-17.75423
	-47.33869	-17.75406
	-47.33817	-17.75402
	-47.33761	-17.75402
	-47.337	-17.75412
	-47.33551	-17.75418
	-47.33507	-17.75439
	-47.33478	-17.75469
	-47.33433	-17.75583
	-47.33432	-17.75621
	-47.33445	-17.75643
	-47.33468	-17.75655
	-47.33501	-17.75645
	-47.33542	-17.75642
	-47.33578	-17.7565
	-47.33622	-17.75682
	-47.33629	-17.75699
	-47.33644	-17.75721
	-47.33679	-17.7574
	-47.33692	-17.75769
	-47.33689	-17.75792
	-47.33667	-17.75829
	-47.33639	-17.75843
	-47.33622	-17.75856
	-47.33622	-17.75882
	-47.33632	-17.75925
	-47.33628	-17.75968
	-47.336	-17.76008
	-47.33608	-17.76104
	-47.33566	-17.76295
	-47.33474	-17.76333
	-47.33446	-17.7639
	-47.3332	-17.76494
	-47.33184	-17.76517
	-47.33171	-17.76538
	-47.33182	-17.76564
	-47.33218	-17.76606
	-47.33253	-17.76634
	-47.33312	-17.76728
	-47.33283	-17.7682
	-47.33293	-17.7684
	-47.33319	-17.76849
	-47.33361	-17.76847
	-47.3342	-17.76862
	-47.33457	-17.7686
	-47.33476	-17.76847
	-47.33503	-17.76806
	-47.33527	-17.76782
	-47.33561	-17.76775
	-47.33591	-17.76794
	-47.33598	-17.76835
	-47.33597	-17.76858
	-47.33555	-17.76896
	-47.33546	-17.76915
	-47.33554	-17.76947
	-47.33579	-17.76968
	-47.33615	-17.7696
	-47.33637	-17.76937
	-47.33651	-17.76909
	-47.33632	-17.76873
	-47.33627	-17.76839
	-47.33636	-17.76813
	-47.33659	-17.7679
	-47.3369	-17.76799
	-47.33708	-17.76813
	-47.33718	-17.76845
	-47.33694	-17.7698
	-47.33703	-17.77019
	-47.33738	-17.77063
	-47.33775	-17.7708
	-47.33795	-17.77079
	-47.33831	-17.77085
	-47.33857	-17.771
	-47.33894	-17.77096
	-47.33936	-17.77144
	-47.33949	-17.77172
	-47.33931	-17.77186
	-47.33922	-17.77208
	-47.33938	-17.7725
	-47.34055	-17.77283
	-47.34107	-17.77338
	-47.34162	-17.77371
	-47.34244	-17.77412
	-47.34292	-17.77397
	-47.34327	-17.77408
	-47.3435	-17.77433
	-47.34356	-17.77466
	-47.34331	-17.77487
	-47.34263	-17.77508
	-47.34122	-17.7751
	-47.34088	-17.77519
	-47.34057	-17.77553
	-47.34043	-17.77622
	-47.33994	-17.77618
	-47.33968	-17.77604
	-47.33953	-17.77556
	-47.33923	-17.77562
	-47.33918	-17.77588
	-47.33942	-17.7765
	-47.33971	-17.77671
	-47.34003	-17.7767
	-47.34039	-17.77689
	-47.3405	-17.77717
	-47.34038	-17.77747
	-47.3402	-17.77758
	-47.34013	-17.77777
	-47.34031	-17.77797
	-47.34074	-17.77797
	-47.34195	-17.77835
	-47.34405	-17.77803
	-47.34425	-17.7783
	-47.34496	-17.77884
	-47.34608	-17.77973
	-47.34679	-17.78034
	-47.34704	-17.78078
	-47.34731	-17.78162
	-47.34737	-17.78223
	-47.3472	-17.78268
	-47.34717	-17.78314
	-47.34785	-17.78336
	-47.3481	-17.78327
	-47.3483	-17.7824
	-47.34858	-17.78226
	-47.34895	-17.78247
	-47.34973	-17.78269
	-47.3502	-17.78263
	-47.35054	-17.7827
	-47.35052	-17.78318
	-47.35021	-17.78396
	-47.35	-17.78404
	-47.34922	-17.78355
	-47.34888	-17.78385
	-47.34828	-17.78558
	-47.34834	-17.78584
	-47.34848	-17.78588
	-47.3492	-17.78533
	-47.34985	-17.78531
	-47.35144	-17.78507
	-47.35253	-17.78554
	-47.35403	-17.78587
	-47.35435	-17.78616
	-47.3543	-17.78636
	-47.35348	-17.78703
	-47.35326	-17.78757
	-47.35315	-17.7884
	-47.35335	-17.78899
	-47.35332	-17.78973
	-47.35356	-17.79045
	-47.35383	-17.79072
	-47.35385	-17.79136
	-47.35388	-17.79176
	-47.35411	-17.7925
	-47.35411	-17.79346
	-47.35403	-17.79368
	-47.35288	-17.79413
	-47.35255	-17.79417
	-47.35171	-17.79409
	-47.3512	-17.79368
	-47.35086	-17.79363
	-47.35054	-17.79385
	-47.35032	-17.79428
	-47.35039	-17.79479
	-47.35053	-17.79498
	-47.35052	-17.79534
	-47.35019	-17.79538
	-47.34996	-17.79516
	-47.34952	-17.79485
	-47.34929	-17.79425
	-47.34859	-17.79437
	-47.34839	-17.79457
	-47.34844	-17.79488
	-47.34866	-17.79512
	-47.34879	-17.79546
	-47.3487	-17.79573
	-47.34834	-17.79583
	-47.34791	-17.79566
	-47.3476	-17.79566
	-47.34733	-17.79592
	-47.34693	-17.79609
	-47.34675	-17.7963
	-47.34673	-17.79652
	-47.34702	-17.79659
	-47.3474	-17.7964
	-47.34797	-17.79642
	-47.34814	-17.7966
	-47.348	-17.797
	-47.34812	-17.79735
	-47.34873	-17.79823
	-47.34894	-17.79856
	-47.34918	-17.79856
	-47.34933	-17.798
	-47.34935	-17.79753
	-47.34971	-17.79735
	-47.3502	-17.79742
	-47.35064	-17.79725
	-47.35099	-17.79731
	-47.35111	-17.79747
	-47.351	-17.79781
	-47.35064	-17.79834
	-47.35085	-17.79868
	-47.35116	-17.79868
	-47.35145	-17.79898
	-47.35146	-17.79953
	-47.3515	-17.79977
	-47.35183	-17.80006
	-47.35216	-17.80045
	-47.35226	-17.80108
	-47.35212	-17.80143
	-47.35154	-17.80188
	-47.35149	-17.80221
	-47.35167	-17.80253
	-47.35197	-17.80266
	-47.35227	-17.80253
	-47.35244	-17.80261
	-47.35244	-17.80303
	-47.35209	-17.80356
	-47.35203	-17.80391
	-47.35219	-17.80412
	-47.35252	-17.80425
	-47.35275	-17.80422
	-47.35354	-17.80353
	-47.35385	-17.8036
	-47.35391	-17.80394
	-47.35418	-17.80406
	-47.35432	-17.80384
	-47.35414	-17.80361
	-47.35418	-17.80347
	-47.35494	-17.80315
	-47.3557	-17.80397
	-47.3561	-17.80421
	-47.35671	-17.80495
	-47.35697	-17.80515
	-47.35739	-17.8052
	-47.3578	-17.80547
	-47.35785	-17.80568
	-47.35744	-17.80604
	-47.35698	-17.80602
	-47.35668	-17.80567
	-47.35574	-17.80504
	-47.35538	-17.80505
	-47.35522	-17.80527
	-47.35457	-17.80548
	-47.35424	-17.80566
	-47.35415	-17.80609
	-47.35453	-17.80666
	-47.35446	-17.80699
	-47.35414	-17.80753
	-47.35421	-17.80783
	-47.35452	-17.80777
	-47.35471	-17.8078
	-47.35474	-17.80795
	-47.35463	-17.8085
	-47.35431	-17.80865
	-47.3535	-17.80838
	-47.35302	-17.80844
	-47.35268	-17.80863
	-47.35238	-17.8091
	-47.35208	-17.80913
	-47.35184	-17.80892
	-47.35122	-17.80899
	-47.35118	-17.80874
	-47.35118	-17.80848
	-47.35099	-17.80832
	-47.35088	-17.80832
	-47.35069	-17.80845
	-47.35066	-17.80881
	-47.35049	-17.80939
	-47.35056	-17.8097
	-47.35083	-17.80976
	-47.3509	-17.8099
	-47.35077	-17.81001
	-47.35057	-17.80995
	-47.35002	-17.80994
	-47.34976	-17.81019
	-47.35	-17.811
	-47.35048	-17.81106
	-47.35088	-17.81094
	-47.35114	-17.81104
	-47.35114	-17.81129
	-47.35098	-17.81173
	-47.35103	-17.81188
	-47.35126	-17.81197
	-47.35151	-17.81202
	-47.35152	-17.81248
	-47.35111	-17.81295
	-47.35072	-17.81398
	-47.3509	-17.81428
	-47.35133	-17.81446
	-47.35152	-17.8143
	-47.35151	-17.81401
	-47.35215	-17.81378
	-47.35296	-17.81383
	-47.3532	-17.81404
	-47.3535	-17.81407
	-47.35373	-17.81397
	-47.35395	-17.81416
	-47.35389	-17.81428
	-47.35477	-17.81524
	-47.35587	-17.8153
	-47.35646	-17.81513
	-47.35686	-17.81488
	-47.3571	-17.81496
	-47.35724	-17.81542
	-47.35719	-17.81575
	-47.35709	-17.81584
	-47.35691	-17.81584
	-47.35666	-17.81562
	-47.35652	-17.81566
	-47.35657	-17.81591
	-47.35672	-17.8161
	-47.35707	-17.81622
	-47.35731	-17.8161
	-47.35755	-17.81584
	-47.35774	-17.81515
	-47.35788	-17.81503
	-47.35833	-17.81506
	-47.35862	-17.81539
	-47.35878	-17.81536
	-47.35883	-17.81523
	-47.35876	-17.81504
	-47.35875	-17.81483
	-47.35888	-17.81467
	-47.35906	-17.81462
	-47.35943	-17.81477
	-47.36003	-17.81479
	-47.36021	-17.81482
	-47.36025	-17.81497
	-47.35967	-17.81541
	-47.35908	-17.81575
	-47.35879	-17.81606
	-47.35901	-17.8163
	-47.35932	-17.8163
	-47.3596	-17.81602
	-47.35998	-17.81572
	-47.36095	-17.81539
	-47.36179	-17.81536
	-47.36191	-17.81555
	-47.36263	-17.8159
	-47.363	-17.817
	-47.36296	-17.81725
	-47.3626	-17.81755
	-47.36245	-17.8179
	-47.36251	-17.81831
	-47.36244	-17.81891
	-47.36269	-17.81955
	-47.36286	-17.82037
	-47.36299	-17.82086
	-47.36331	-17.82134
	-47.36337	-17.82162
	-47.36285	-17.82209
	-47.36263	-17.8222
	-47.36229	-17.82216
	-47.36215	-17.82223
	-47.36222	-17.82237
	-47.36277	-17.82302
	-47.36316	-17.8238
	-47.36356	-17.82411
	-47.36409	-17.82428
	-47.36452	-17.82457
	-47.36508	-17.8251
	-47.36559	-17.82525
	-47.36599	-17.82523
	-47.36618	-17.82498
	-47.36649	-17.82493
	-47.36794	-17.8255
	-47.36813	-17.82582
	-47.36818	-17.82615
	-47.36794	-17.82639
	-47.36751	-17.82633
	-47.36714	-17.82636
	-47.36695	-17.82662
	-47.36709	-17.8268
	-47.36735	-17.82693
	-47.36765	-17.8269
	-47.36801	-17.82674
	-47.36836	-17.82662
	-47.36861	-17.82682
	-47.3687	-17.82702
	-47.36866	-17.82741
	-47.36872	-17.8276
	-47.36892	-17.82763
	-47.36909	-17.82753
	-47.36927	-17.82701
	-47.36964	-17.8269
	-47.36995	-17.82698
	-47.3705	-17.82685
	-47.37079	-17.82688
	-47.37089	-17.82701
	-47.37106	-17.82708
	-47.37125	-17.82772
	-47.37109	-17.82804
	-47.37101	-17.82828
	-47.37104	-17.82842
	-47.37119	-17.82861
	-47.37131	-17.82886
	-47.37152	-17.82972
	-47.3718	-17.82986
	-47.37208	-17.82977
	-47.37223	-17.82954
	-47.37239	-17.82954
	-47.3725	-17.82964
	-47.37252	-17.8299
	-47.37241	-17.83005
	-47.37171	-17.83013
	-47.37147	-17.83027
	-47.3713	-17.83057
	-47.37118	-17.83122
	-47.37106	-17.83137
	-47.37083	-17.83131
	-47.37045	-17.83092
	-47.37029	-17.83093
	-47.37021	-17.83106
	-47.37026	-17.83151
	-47.37018	-17.83184
	-47.3697	-17.83248
	-47.36953	-17.83306
	-47.36933	-17.83327
	-47.36905	-17.83285
	-47.36898	-17.83249
	-47.36907	-17.83229
	-47.36924	-17.8322
	-47.36925	-17.83198
	-47.36918	-17.83187
	-47.36902	-17.83184
	-47.36882	-17.83194
	-47.36856	-17.83243
	-47.3685	-17.83301
	-47.3687	-17.83325
	-47.36872	-17.83342
	-47.36827	-17.83344
	-47.36796	-17.83284
	-47.36782	-17.83278
	-47.36747	-17.83283
	-47.36728	-17.83316
	-47.36745	-17.83341
	-47.36756	-17.8338
	-47.36729	-17.83424
	-47.36743	-17.83432
	-47.36761	-17.83431
	-47.36799	-17.83401
	-47.36813	-17.83398
	-47.36825	-17.83419
	-47.36838	-17.83471
	-47.36857	-17.83503
	-47.36848	-17.8356
	-47.36819	-17.83596
	-47.3677	-17.83616
	-47.36739	-17.83615
	-47.36732	-17.83601
	-47.36752	-17.83543
	-47.36749	-17.83515
	-47.36723	-17.83463
	-47.36696	-17.83476
	-47.36672	-17.83499
	-47.3663	-17.83501
	-47.36618	-17.83481
	-47.36623	-17.83459
	-47.36607	-17.83453
	-47.36591	-17.83455
	-47.36561	-17.83512
	-47.36557	-17.83536
	-47.3659	-17.83638
	-47.36539	-17.83631
	-47.36491	-17.8364
	-47.36452	-17.83712
	-47.36445	-17.83772
	-47.36459	-17.83852
	-47.36476	-17.83866
	-47.36573	-17.83844
	-47.36625	-17.83853
	-47.36628	-17.83914
	-47.36662	-17.8396
	-47.36674	-17.83996
	-47.36669	-17.8403
	-47.36645	-17.84061
	-47.36609	-17.84076
	-47.3657	-17.84077
	-47.36498	-17.84069
	-47.36472	-17.84083
	-47.3647	-17.84107
	-47.36476	-17.84152
	-47.36457	-17.84219
	-47.36455	-17.84321
	-47.36443	-17.8439
	-47.36437	-17.84492
	-47.36455	-17.84511
	-47.36449	-17.8453
	-47.36429	-17.84562
	-47.36354	-17.84619
	-47.36303	-17.84639
	-47.3626	-17.8463
	-47.36236	-17.84639
	-47.36231	-17.8466
	-47.36248	-17.8468
	-47.36277	-17.84681
	-47.36299	-17.84692
	-47.36297	-17.84726
	-47.36286	-17.84748
	-47.36263	-17.84755
	-47.36237	-17.84746
	-47.362	-17.84754
	-47.36168	-17.84776
	-47.36148	-17.84811
	-47.36122	-17.84812
	-47.36103	-17.84793
	-47.36087	-17.84801
	-47.36039	-17.84897
	-47.36039	-17.84952
	-47.35997	-17.84996
	-47.3597	-17.85
	-47.3597	-17.85045
	-47.35983	-17.85071
	-47.36038	-17.85057
	-47.36059	-17.85065
	-47.36089	-17.85105
	-47.36087	-17.8517
	-47.36075	-17.85221
	-47.36092	-17.8527
	-47.3609	-17.8529
	-47.36061	-17.85304
	-47.35995	-17.8528
	-47.35984	-17.85257
	-47.35955	-17.85255
	-47.35939	-17.85282
	-47.35943	-17.85316
	-47.35981	-17.85341
	-47.3604	-17.85364
	-47.3605	-17.85382
	-47.36028	-17.85422
	-47.35952	-17.85462
	-47.35926	-17.85462
	-47.35913	-17.85451
	-47.35915	-17.85412
	-47.35897	-17.85395
	-47.3588	-17.85396
	-47.35862	-17.85422
	-47.35856	-17.85483
	-47.35834	-17.85487
	-47.35816	-17.85476
	-47.35807	-17.85417
	-47.35803	-17.85403
	-47.35793	-17.85401
	-47.35731	-17.85429
	-47.35684	-17.85467
	-47.3568	-17.85494
	-47.35718	-17.85573
	-47.3572	-17.85622
	-47.35753	-17.85733
	-47.35746	-17.85765
	-47.35725	-17.85779
	-47.35701	-17.85775
	-47.35687	-17.85749
	-47.35673	-17.85733
	-47.35661	-17.85739
	-47.35637	-17.85771
	-47.35614	-17.8583
	-47.35574	-17.85872
	-47.35545	-17.8596
	-47.3552	-17.8598
	-47.35495	-17.85975
	-47.35488	-17.85987
	-47.35495	-17.86011
	-47.35519	-17.86037
	-47.35559	-17.86057
	-47.35592	-17.86052
	-47.35639	-17.86002
	-47.35651	-17.86015
	-47.35666	-17.86084
	-47.35652	-17.86186
	-47.35673	-17.86206
	-47.35704	-17.86217
	-47.3571	-17.86238
	-47.35705	-17.86272
	-47.35662	-17.86364
	-47.35668	-17.86398
	-47.35698	-17.86411
	-47.35735	-17.86409
	-47.35759	-17.86382
	-47.35787	-17.86371
	-47.35804	-17.86398
	-47.35803	-17.86431
	-47.35789	-17.86455
	-47.35756	-17.86465
	-47.35724	-17.86501
	-47.35732	-17.86521
	-47.35809	-17.86557
	-47.35805	-17.86573
	-47.35781	-17.86583
	-47.35727	-17.86596
	-47.35693	-17.86626
	-47.35659	-17.86639
	-47.35635	-17.86623
	-47.35631	-17.86591
	-47.35616	-17.86552
	-47.35627	-17.86533
	-47.3564	-17.8652
	-47.35645	-17.8649
	-47.35618	-17.86478
	-47.35597	-17.8648
	-47.35587	-17.86504
	-47.35556	-17.86529
	-47.3555	-17.86547
	-47.35505	-17.86584
	-47.3547	-17.86574
	-47.35434	-17.8658
	-47.35414	-17.86596
	-47.3542	-17.86632
	-47.35411	-17.86655
	-47.35394	-17.8668
	-47.35394	-17.86702
	-47.35418	-17.86726
	-47.35444	-17.86739
	-47.35443	-17.86762
	-47.35418	-17.86776
	-47.35406	-17.86803
	-47.35406	-17.86978
	-47.35416	-17.8701
	-47.3539	-17.8705
	-47.35405	-17.87074
	-47.35443	-17.87106
	-47.35446	-17.87133
	-47.35423	-17.87148
	-47.35389	-17.8713
	-47.35354	-17.87134
	-47.35343	-17.87143
	-47.35331	-17.87182
	-47.35294	-17.87241
	-47.35311	-17.87264
	-47.35342	-17.87263
	-47.35429	-17.87223
	-47.35491	-17.87224
	-47.35531	-17.87251
	-47.35543	-17.87281
	-47.35523	-17.87327
	-47.35572	-17.87362
	-47.35592	-17.87412
	-47.35609	-17.87447
	-47.35616	-17.87475
	-47.356	-17.87486
	-47.35558	-17.87475
	-47.35495	-17.87465
	-47.35476	-17.87483
	-47.3548	-17.87504
	-47.35517	-17.87534
	-47.35579	-17.87643
	-47.35586	-17.87674
	-47.35573	-17.87682
	-47.35551	-17.87675
	-47.35491	-17.87636
	-47.35461	-17.8764
	-47.35452	-17.87681
	-47.35487	-17.87716
	-47.35539	-17.87733
	-47.35601	-17.87774
	-47.35694	-17.87791
	-47.35725	-17.87821
	-47.3574	-17.87863
	-47.35734	-17.87891
	-47.35748	-17.8793
	-47.35781	-17.87943
	-47.35813	-17.87935
	-47.35844	-17.87936
	-47.35859	-17.87954
	-47.35847	-17.87988
	-47.35752	-17.88151
	-47.35757	-17.88174
	-47.35791	-17.88192
	-47.35803	-17.88228
	-47.358	-17.88264
	-47.35768	-17.88309
	-47.3576	-17.88348
	-47.3577	-17.88367
	-47.35787	-17.88376
	-47.35797	-17.88394
	-47.35791	-17.88427
	-47.35813	-17.88436
	-47.35834	-17.88416
	-47.35868	-17.88426
	-47.35896	-17.88459
	-47.35903	-17.88484
	-47.35883	-17.885
	-47.35817	-17.885
	-47.35791	-17.88517
	-47.35789	-17.88547
	-47.35842	-17.886
	-47.35849	-17.88618
	-47.35831	-17.88626
	-47.35779	-17.88715
	-47.35776	-17.88747
	-47.35809	-17.88803
	-47.35812	-17.88834
	-47.35793	-17.88851
	-47.35756	-17.88863
	-47.35749	-17.88879
	-47.35764	-17.88926
	-47.35784	-17.88944
	-47.35788	-17.88967
	-47.35771	-17.88994
	-47.35736	-17.89002
	-47.35702	-17.88975
	-47.35695	-17.88936
	-47.3567	-17.88923
	-47.35654	-17.8893
	-47.35631	-17.88976
	-47.35603	-17.89048
	-47.35577	-17.8907
	-47.35546	-17.89073
	-47.35534	-17.89093
	-47.35575	-17.89107
	-47.3562	-17.89095
	-47.35675	-17.89111
	-47.35702	-17.89144
	-47.35684	-17.8921
	-47.35634	-17.89284
	-47.35639	-17.89338
	-47.35663	-17.89426
	-47.35609	-17.89563
	-47.35611	-17.89593
	-47.35628	-17.89602
	-47.35661	-17.89599
	-47.35674	-17.89624
	-47.35664	-17.89642
	-47.35645	-17.8969
	-47.35623	-17.89698
	-47.35575	-17.89656
	-47.35572	-17.89599
	-47.35564	-17.89561
	-47.35547	-17.89545
	-47.35527	-17.89545
	-47.35496	-17.89591
	-47.35439	-17.89639
	-47.35401	-17.89648
	-47.35393	-17.89655
	-47.35402	-17.89685
	-47.35457	-17.89707
	-47.3546	-17.89728
	-47.35436	-17.89731
	-47.35389	-17.89743
	-47.35345	-17.89728
	-47.35324	-17.89745
	-47.35307	-17.89804
	-47.35267	-17.89833
	-47.35223	-17.89823
	-47.35177	-17.89797
	-47.35108	-17.89696
	-47.35086	-17.89708
	-47.351	-17.89755
	-47.35079	-17.89766
	-47.35061	-17.89759
	-47.35042	-17.89742
	-47.3503	-17.89696
	-47.35055	-17.89646
	-47.35074	-17.89639
	-47.35092	-17.89645
	-47.35106	-17.89657
	-47.35136	-17.89658
	-47.35147	-17.89634
	-47.35137	-17.89605
	-47.35118	-17.89596
	-47.35084	-17.89601
	-47.35056	-17.89623
	-47.35028	-17.89633
	-47.35009	-17.89621
	-47.34996	-17.89525
	-47.34975	-17.89506
	-47.34953	-17.89514
	-47.3492	-17.89554
	-47.34809	-17.89601
	-47.34789	-17.89636
	-47.34808	-17.89662
	-47.34834	-17.89678
	-47.3484	-17.89694
	-47.34816	-17.89732
	-47.34805	-17.89764
	-47.3479	-17.89778
	-47.34763	-17.89766
	-47.34743	-17.89728
	-47.34709	-17.89684
	-47.34676	-17.89672
	-47.3462	-17.89678
	-47.34559	-17.8972
	-47.34519	-17.8973
	-47.34514	-17.89749
	-47.34541	-17.89782
	-47.34508	-17.89818
	-47.3445	-17.89848
	-47.34438	-17.89877
	-47.34417	-17.8988
	-47.34408	-17.89861
	-47.34418	-17.89822
	-47.34404	-17.89804
	-47.34372	-17.898
	-47.34343	-17.89833
	-47.34266	-17.89869
	-47.34261	-17.89901
	-47.34274	-17.89925
	-47.3431	-17.89934
	-47.34323	-17.89961
	-47.34312	-17.89976
	-47.34276	-17.89977
	-47.34247	-17.89953
	-47.34209	-17.89947
	-47.3416	-17.90014
	-47.34172	-17.90039
	-47.34323	-17.90082
	-47.34321	-17.90126
	-47.34304	-17.90167
	-47.34274	-17.90195
	-47.34258	-17.90229
	-47.34262	-17.90264
	-47.34303	-17.9029
	-47.34333	-17.90375
	-47.3433	-17.90433
	-47.34314	-17.90435
	-47.34289	-17.90417
	-47.34269	-17.9038
	-47.34241	-17.90371
	-47.34207	-17.90381
	-47.34178	-17.90416
	-47.34134	-17.90416
	-47.34131	-17.9043
	-47.34153	-17.90497
	-47.34183	-17.90528
	-47.34213	-17.90521
	-47.34252	-17.90538
	-47.34286	-17.9056
	-47.34311	-17.90559
	-47.34335	-17.90541
	-47.34357	-17.9057
	-47.34351	-17.90595
	-47.34319	-17.90622
	-47.34286	-17.90622
	-47.34234	-17.90595
	-47.34211	-17.90613
	-47.34208	-17.90641
	-47.34233	-17.90669
	-47.34278	-17.90681
	-47.34334	-17.9067
	-47.34359	-17.9068
	-47.34367	-17.90709
	-47.34341	-17.90771
	-47.34355	-17.90809
	-47.34371	-17.90821
	-47.34391	-17.90801
	-47.34419	-17.90799
	-47.34438	-17.90825
	-47.34442	-17.90849
	-47.34415	-17.90875
	-47.34366	-17.90863
	-47.34302	-17.90856
	-47.34298	-17.90907
	-47.34256	-17.90998
	-47.34217	-17.91061
	-47.34156	-17.91112
	-47.34125	-17.91125
	-47.3408	-17.91119
	-47.34049	-17.91105
	-47.34034	-17.91071
	-47.34005	-17.91077
	-47.33976	-17.9111
	-47.33892	-17.91157
	-47.33786	-17.91232
	-47.33778	-17.91257
	-47.33806	-17.9131
	-47.33835	-17.91324
	-47.33863	-17.91309
	-47.33886	-17.91285
	-47.33922	-17.91294
	-47.3399	-17.91272
	-47.3402	-17.91285
	-47.3403	-17.91303
	-47.34017	-17.91352
	-47.33996	-17.91386
	-47.33994	-17.91409
	-47.34024	-17.91448
	-47.34087	-17.91475
	-47.34113	-17.9147
	-47.34139	-17.91478
	-47.34148	-17.91499
	-47.3411	-17.91553
	-47.34082	-17.91563
	-47.34056	-17.91543
	-47.34015	-17.91549
	-47.33995	-17.91573
	-47.34002	-17.91625
	-47.34022	-17.91662
	-47.34047	-17.91658
	-47.34104	-17.91623
	-47.34152	-17.91626
	-47.34187	-17.91648
	-47.342	-17.91701
	-47.34197	-17.91749
	-47.34212	-17.91756
	-47.34244	-17.91736
	-47.3429	-17.91712
	-47.34321	-17.9172
	-47.34342	-17.91753
	-47.34317	-17.91793
	-47.34265	-17.91774
	-47.34244	-17.91784
	-47.34169	-17.91834
	-47.34114	-17.9184
	-47.34091	-17.91863
	-47.34088	-17.91879
	-47.34106	-17.91912
	-47.34115	-17.92025
	-47.34128	-17.92078
	-47.34164	-17.9213
	-47.3424	-17.92141
	-47.34295	-17.92115
	-47.34306	-17.92069
	-47.3426	-17.92022
	-47.34246	-17.91995
	-47.34263	-17.91973
	-47.34302	-17.91964
	-47.34333	-17.91943
	-47.34376	-17.91951
	-47.34389	-17.92003
	-47.3441	-17.92031
	-47.34413	-17.92064
	-47.34394	-17.92106
	-47.34407	-17.9212
	-47.34408	-17.92158
	-47.34368	-17.92239
	-47.34377	-17.92258
	-47.3443	-17.9228
	-47.34451	-17.92303
	-47.34447	-17.92329
	-47.34412	-17.92358
	-47.34351	-17.92363
	-47.34306	-17.9233
	-47.34289	-17.92335
	-47.34269	-17.92378
	-47.34301	-17.92422
	-47.34266	-17.92511
	-47.3423	-17.92521
	-47.34224	-17.92419
	-47.34196	-17.92404
	-47.3417	-17.92402
	-47.34145	-17.92437
	-47.34116	-17.92441
	-47.34064	-17.92413
	-47.34016	-17.92404
	-47.33991	-17.92428
	-47.33951	-17.92526
	-47.33871	-17.9257
	-47.33841	-17.92599
	-47.33835	-17.92626
	-47.3385	-17.9264
	-47.33877	-17.92642
	-47.33897	-17.92662
	-47.33906	-17.92704
	-47.33892	-17.92772
	-47.33891	-17.92837
	-47.33908	-17.92892
	-47.33945	-17.92911
	-47.33953	-17.92909
	-47.33966	-17.92891
	-47.34078	-17.92915
	-47.34109	-17.92903
	-47.34138	-17.9291
	-47.3415	-17.9293
	-47.34151	-17.9296
	-47.34125	-17.92977
	-47.33996	-17.92949
	-47.33962	-17.92954
	-47.33947	-17.92972
	-47.3395	-17.93038
	-47.33967	-17.93055
	-47.34017	-17.93083
	-47.34024	-17.93119
	-47.34013	-17.93158
	-47.34026	-17.932
	-47.34107	-17.9331
	-47.3413	-17.93442
	-47.34111	-17.93513
	-47.34086	-17.93546
	-47.34031	-17.93576
	-47.34006	-17.9357
	-47.33996	-17.93554
	-47.34015	-17.93487
	-47.33985	-17.9343
	-47.33958	-17.9343
	-47.3391	-17.93477
	-47.33913	-17.93515
	-47.33969	-17.93549
	-47.33991	-17.936
	-47.33995	-17.93633
	-47.34014	-17.93652
	-47.34066	-17.93644
	-47.34082	-17.93658
	-47.34087	-17.93673
	-47.34071	-17.93693
	-47.34052	-17.93704
	-47.33992	-17.93692
	-47.33952	-17.93658
	-47.33953	-17.93627
	-47.33881	-17.93555
	-47.33854	-17.9355
	-47.33825	-17.93563
	-47.33816	-17.93625
	-47.33828	-17.93645
	-47.33852	-17.93658
	-47.33855	-17.93672
	-47.33827	-17.93694
	-47.33763	-17.93677
	-47.33743	-17.93682
	-47.33733	-17.937
	-47.33757	-17.93736
	-47.3377	-17.93742
	-47.33791	-17.93744
	-47.33794	-17.93752
	-47.33749	-17.93778
	-47.33713	-17.93778
	-47.33709	-17.93759
	-47.33686	-17.93749
	-47.33635	-17.93689
	-47.33629	-17.93669
	-47.33621	-17.936
	-47.33635	-17.93583
	-47.33707	-17.93561
	-47.33719	-17.93545
	-47.33717	-17.93523
	-47.33686	-17.93504
	-47.33664	-17.93482
	-47.3363	-17.93484
	-47.33614	-17.93501
	-47.33605	-17.93526
	-47.33592	-17.93541
	-47.3358	-17.93586
	-47.3359	-17.93699
	-47.3357	-17.93716
	-47.33551	-17.93739
	-47.33568	-17.93764
	-47.33575	-17.93784
	-47.33535	-17.93813
	-47.33473	-17.93836
	-47.3344	-17.93821
	-47.33391	-17.93836
	-47.33368	-17.93863
	-47.33375	-17.93895
	-47.33393	-17.93913
	-47.3346	-17.93913
	-47.33474	-17.9393
	-47.33472	-17.93938
	-47.33357	-17.93987
	-47.33354	-17.94
	-47.33403	-17.94048
	-47.33444	-17.94066
	-47.33464	-17.94103
	-47.33495	-17.94129
	-47.33493	-17.94153
	-47.33487	-17.94163
	-47.33462	-17.94161
	-47.33437	-17.94174
	-47.33411	-17.94264
	-47.33384	-17.94278
	-47.33341	-17.94278
	-47.33309	-17.94298
	-47.3329	-17.94368
	-47.33311	-17.94393
	-47.33353	-17.94391
	-47.33381	-17.94363
	-47.33409	-17.94359
	-47.33438	-17.94388
	-47.33435	-17.94415
	-47.33418	-17.94442
	-47.33386	-17.9445
	-47.33363	-17.94463
	-47.33357	-17.94491
	-47.33374	-17.94515
	-47.33394	-17.94518
	-47.33444	-17.94512
	-47.33482	-17.9453
	-47.33488	-17.94577
	-47.33472	-17.94634
	-47.33423	-17.94677
	-47.33415	-17.94707
	-47.33439	-17.94717
	-47.33455	-17.94702
	-47.3349	-17.94693
	-47.3351	-17.94709
	-47.33504	-17.94751
	-47.33485	-17.94777
	-47.33408	-17.94807
	-47.33376	-17.94796
	-47.33348	-17.94796
	-47.33312	-17.94804
	-47.33275	-17.94854
	-47.33264	-17.94883
	-47.33282	-17.94904
	-47.33335	-17.94924
	-47.33373	-17.94958
	-47.33378	-17.95038
	-47.33359	-17.9506
	-47.3328	-17.95093
	-47.33223	-17.95081
	-47.33206	-17.95043
	-47.33204	-17.95009
	-47.33192	-17.94998
	-47.33175	-17.95001
	-47.33113	-17.95024
	-47.33064	-17.95114
	-47.3308	-17.95159
	-47.33076	-17.95172
	-47.33054	-17.95183
	-47.33031	-17.95167
	-47.33016	-17.95167
	-47.33002	-17.9517
	-47.32991	-17.95156
	-47.33001	-17.95141
	-47.33001	-17.9512
	-47.32966	-17.95105
	-47.32944	-17.95113
	-47.32924	-17.95137
	-47.32929	-17.95166
	-47.32955	-17.9519
	-47.32961	-17.9524
	-47.32949	-17.9528
	-47.32906	-17.95302
	-47.32876	-17.95338
	-47.32877	-17.9536
	-47.32911	-17.95359
	-47.32945	-17.95371
	-47.32973	-17.95359
	-47.32994	-17.9534
	-47.33012	-17.95347
	-47.33018	-17.95361
	-47.3296	-17.95391
	-47.32919	-17.95403
	-47.32855	-17.95397
	-47.32797	-17.954
	-47.32779	-17.95389
	-47.32764	-17.95325
	-47.32722	-17.95321
	-47.32685	-17.95331
	-47.32654	-17.95356
	-47.32628	-17.95347
	-47.32625	-17.95305
	-47.32615	-17.95302
	-47.3257	-17.95338
	-47.32521	-17.95353
	-47.32475	-17.95394
	-47.32448	-17.95448
	-47.32449	-17.95488
	-47.32472	-17.95498
	-47.32481	-17.95512
	-47.32457	-17.95535
	-47.32408	-17.95535
	-47.32396	-17.9555
	-47.32392	-17.95568
	-47.3241	-17.95588
	-47.32418	-17.95604
	-47.32409	-17.95623
	-47.3239	-17.95626
	-47.32358	-17.95612
	-47.32336	-17.95593
	-47.32327	-17.95547
	-47.32301	-17.95539
	-47.32275	-17.95548
	-47.32269	-17.95575
	-47.3229	-17.95608
	-47.32303	-17.95646
	-47.32292	-17.95672
	-47.32248	-17.95671
	-47.32218	-17.95688
	-47.32209	-17.95728
	-47.32225	-17.95747
	-47.32268	-17.95748
	-47.32293	-17.95761
	-47.32265	-17.95809
	-47.32225	-17.95824
	-47.32195	-17.95818
	-47.32178	-17.95831
	-47.322	-17.95859
	-47.32225	-17.95864
	-47.32283	-17.95845
	-47.32286	-17.95858
	-47.32275	-17.9589
	-47.32249	-17.95936
	-47.32221	-17.95946
	-47.3219	-17.95935
	-47.32163	-17.95901
	-47.32118	-17.95892
	-47.32072	-17.95926
	-47.32043	-17.95923
	-47.32029	-17.95908
	-47.32029	-17.95868
	-47.3199	-17.95845
	-47.31975	-17.95811
	-47.31957	-17.95816
	-47.31924	-17.95831
	-47.31942	-17.95861
	-47.31932	-17.95884
	-47.31881	-17.95915
	-47.31857	-17.95912
	-47.3184	-17.95885
	-47.31844	-17.95848
	-47.31827	-17.95837
	-47.31755	-17.95834
	-47.31719	-17.95852
	-47.31711	-17.95874
	-47.31715	-17.95913
	-47.31727	-17.95928
	-47.31789	-17.95905
	-47.31823	-17.95919
	-47.31831	-17.95956
	-47.31825	-17.95977
	-47.31767	-17.95992
	-47.31713	-17.96044
	-47.31681	-17.96067
	-47.31588	-17.96083
	-47.31501	-17.9613
	-47.31455	-17.961
	-47.3143	-17.96055
	-47.31393	-17.96041
	-47.31373	-17.9605
	-47.31365	-17.96077
	-47.31366	-17.96115
	-47.31387	-17.9614
	-47.31385	-17.96155
	-47.31366	-17.96169
	-47.31298	-17.96183
	-47.31293	-17.96261
	-47.31311	-17.96285
	-47.31371	-17.96313
	-47.31385	-17.96337
	-47.3138	-17.9644
	-47.3142	-17.96485
	-47.31421	-17.96502
	-47.31397	-17.96513
	-47.31382	-17.96539
	-47.31366	-17.96546
	-47.31322	-17.96537
	-47.31306	-17.96553
	-47.31316	-17.96578
	-47.31383	-17.96625
	-47.31391	-17.96656
	-47.31385	-17.96691
	-47.31367	-17.96721
	-47.31379	-17.96742
	-47.31404	-17.9675
	-47.31447	-17.96734
	-47.31474	-17.9674
	-47.31476	-17.96761
	-47.31445	-17.96846
	-47.31418	-17.96867
	-47.31319	-17.96824
	-47.3129	-17.96824
	-47.31247	-17.96852
	-47.31245	-17.96876
	-47.31277	-17.96905
	-47.31275	-17.96929
	-47.31253	-17.96943
	-47.31219	-17.96898
	-47.31175	-17.96901
	-47.31124	-17.96944
	-47.31126	-17.96977
	-47.31153	-17.96996
	-47.31203	-17.96998
	-47.31254	-17.97026
	-47.31336	-17.97114
	-47.31349	-17.97165
	-47.31313	-17.97309
	-47.31316	-17.97414
	-47.31307	-17.97464
	-47.31288	-17.97533
	-47.31298	-17.9758
	-47.3133	-17.9764
	-47.31371	-17.97659
	-47.31407	-17.97643
	-47.31441	-17.9763
	-47.31481	-17.97653
	-47.31572	-17.977
	-47.31586	-17.97713
	-47.31607	-17.97743
	-47.31599	-17.97776
	-47.31627	-17.97826
	-47.31622	-17.97903
	-47.31622	-17.97953
	-47.31707	-17.9802
	-47.31732	-17.98019
	-47.31772	-17.97948
	-47.31823	-17.97931
	-47.31922	-17.97933
	-47.3199	-17.97961
	-47.32037	-17.97944
	-47.32067	-17.97899
	-47.321	-17.979
	-47.32209	-17.98002
	-47.32231	-17.98055
	-47.32239	-17.98094
	-47.32188	-17.98157
	-47.32151	-17.98159
	-47.3213	-17.98165
	-47.32124	-17.9818
	-47.32131	-17.98196
	-47.32144	-17.98213
	-47.32176	-17.98223
	-47.32211	-17.98228
	-47.32219	-17.98258
	-47.322	-17.98295
	-47.32212	-17.9832
	-47.32239	-17.98319
	-47.32265	-17.98298
	-47.32295	-17.9832
	-47.32306	-17.98341
	-47.32286	-17.98398
	-47.32261	-17.98416
	-47.32237	-17.9842
	-47.32208	-17.98406
	-47.32163	-17.98427
	-47.32158	-17.98457
	-47.32176	-17.98475
	-47.3222	-17.98465
	-47.32243	-17.98471
	-47.32254	-17.98492
	-47.32239	-17.98526
	-47.32187	-17.98547
	-47.32138	-17.9854
	-47.32056	-17.98477
	-47.32022	-17.98472
	-47.3199	-17.98488
	-47.31983	-17.98522
	-47.32048	-17.98615
	-47.32064	-17.98642
	-47.32055	-17.98702
	-47.32052	-17.98777
	-47.32073	-17.9882
	-47.3207	-17.98846
	-47.32055	-17.98866
	-47.32015	-17.98865
	-47.31967	-17.98882
	-47.319	-17.98879
	-47.31847	-17.98845
	-47.31819	-17.98866
	-47.31823	-17.98887
	-47.31858	-17.98907
	-47.3191	-17.98943
	-47.31985	-17.98988
	-47.32016	-17.99032
	-47.32019	-17.99069
	-47.32003	-17.99114
	-47.31978	-17.99135
	-47.31953	-17.99141
	-47.31933	-17.99106
	-47.31933	-17.99055
	-47.31912	-17.99024
	-47.31877	-17.99015
	-47.3185	-17.99028
	-47.31827	-17.99063
	-47.31842	-17.99135
	-47.31872	-17.99183
	-47.31902	-17.99191
	-47.3193	-17.99171
	-47.31958	-17.99178
	-47.31968	-17.99206
	-47.31954	-17.99229
	-47.31875	-17.99271
	-47.31874	-17.99296
	-47.31899	-17.99335
	-47.31907	-17.99363
	-47.31918	-17.99473
	-47.31927	-17.99497
	-47.31962	-17.99546
	-47.31971	-17.99586
	-47.31952	-17.99603
	-47.31887	-17.99607
	-47.31862	-17.99598
	-47.31844	-17.99568
	-47.3168	-17.99487
	-47.31573	-17.99465
	-47.31501	-17.99472
	-47.31484	-17.99481
	-47.31474	-17.995
	-47.3147	-17.9958
	-47.31461	-17.99608
	-47.31419	-17.99652
	-47.3139	-17.99653
	-47.31351	-17.99642
	-47.31329	-17.99659
	-47.31309	-17.99691
	-47.31303	-17.99783
	-47.31319	-17.99805
	-47.31361	-17.99802
	-47.31409	-17.99844
	-47.31437	-17.9984
	-47.3145	-17.99819
	-47.31477	-17.99807
	-47.31546	-17.99816
	-47.31578	-17.99787
	-47.31576	-17.99767
	-47.31535	-17.99741
	-47.31519	-17.99716
	-47.31534	-17.99691
	-47.3158	-17.99673
	-47.31621	-17.9969
	-47.31655	-17.99726
	-47.31674	-17.99731
	-47.31692	-17.99715
	-47.31705	-17.99713
	-47.31725	-17.99737
	-47.31726	-17.99759
	-47.3171	-17.99767
	-47.31662	-17.9978
	-47.31622	-17.99811
	-47.3157	-17.99894
	-47.31505	-18.00007
	-47.31457	-18.00045
	-47.31425	-18.00048
	-47.31403	-18.00033
	-47.31386	-17.99968
	-47.3136	-17.99948
	-47.31333	-17.99958
	-47.31309	-17.99993
	-47.3133	-18.00027
	-47.3139	-18.00059
	-47.31409	-18.00084
	-47.31409	-18.00117
	-47.31402	-18.00132
	-47.31347	-18.00143
	-47.31295	-18.00109
	-47.31269	-18.00113
	-47.31251	-18.00134
	-47.31257	-18.00169
	-47.31274	-18.00184
	-47.31334	-18.00177
	-47.31348	-18.00193
	-47.31337	-18.0024
	-47.31326	-18.00247
	-47.31266	-18.00236
	-47.31243	-18.00253
	-47.31222	-18.00331
	-47.31164	-18.00435
	-47.31193	-18.00491
	-47.31223	-18.00521
	-47.31246	-18.00555
	-47.31246	-18.00593
	-47.31163	-18.00632
	-47.31138	-18.00629
	-47.31102	-18.00619
	-47.31074	-18.00641
	-47.31054	-18.00698
	-47.30995	-18.00733
	-47.3097	-18.00734
	-47.30855	-18.00695
	-47.30792	-18.00702
	-47.3076	-18.0073
	-47.30725	-18.00796
	-47.30698	-18.00805
	-47.30661	-18.00794
	-47.30644	-18.00772
	-47.30644	-18.0075
	-47.30693	-18.007
	-47.30766	-18.00676
	-47.30794	-18.0061
	-47.30788	-18.00592
	-47.3074	-18.00571
	-47.30635	-18.00624
	-47.30568	-18.00649
	-47.3052	-18.00685
	-47.30514	-18.00715
	-47.30557	-18.0077
	-47.30549	-18.00793
	-47.30511	-18.00801
	-47.30481	-18.00786
	-47.30393	-18.00705
	-47.30326	-18.00708
	-47.30262	-18.00734
	-47.30159	-18.00803
	-47.30032	-18.00842
	-47.30014	-18.00874
	-47.30026	-18.00931
	-47.30011	-18.0097
	-47.29995	-18.00995
	-47.29968	-18.00998
	-47.29943	-18.00987
	-47.29926	-18.0097
	-47.29903	-18.009
	-47.29876	-18.0089
	-47.29858	-18.00895
	-47.29841	-18.00922
	-47.29812	-18.00953
	-47.29782	-18.00954
	-47.29757	-18.00939
	-47.29742	-18.00899
	-47.29734	-18.0089
	-47.29718	-18.00893
	-47.29683	-18.00936
	-47.29683	-18.00961
	-47.29699	-18.00979
	-47.2974	-18.00987
	-47.29769	-18.01008
	-47.2979	-18.01038
	-47.29797	-18.01073
	-47.29783	-18.01128
	-47.29732	-18.01207
	-47.29705	-18.01231
	-47.29684	-18.01244
	-47.29659	-18.01244
	-47.29603	-18.01217
	-47.29575	-18.01218
	-47.2955	-18.01243
	-47.29553	-18.01268
	-47.29572	-18.01291
	-47.29613	-18.01289
	-47.29631	-18.01304
	-47.29645	-18.01371
	-47.29656	-18.0139
	-47.29681	-18.01396
	-47.29693	-18.01409
	-47.29686	-18.01434
	-47.29621	-18.01467
	-47.29581	-18.01471
	-47.2955	-18.01498
	-47.29534	-18.01578
	-47.29547	-18.01611
	-47.29589	-18.01624
	-47.29616	-18.0165
	-47.29622	-18.01676
	-47.29608	-18.01691
	-47.29586	-18.01686
	-47.29483	-18.01649
	-47.29454	-18.01649
	-47.29443	-18.01687
	-47.29447	-18.01718
	-47.2948	-18.01749
	-47.29541	-18.01765
	-47.29627	-18.01776
	-47.29639	-18.01791
	-47.29662	-18.01889
	-47.29664	-18.01929
	-47.29697	-18.0203
	-47.29763	-18.021
	-47.29791	-18.02155
	-47.29787	-18.02176
	-47.2977	-18.02194
	-47.29733	-18.02208
	-47.29681	-18.02213
	-47.29627	-18.022
	-47.29612	-18.0222
	-47.29615	-18.0225
	-47.29633	-18.0227
	-47.29643	-18.02302
	-47.29649	-18.02374
	-47.29606	-18.02436
	-47.29598	-18.02473
	-47.29609	-18.025
	-47.29626	-18.02515
	-47.29656	-18.02514
	-47.29681	-18.02503
	-47.29716	-18.02492
	-47.29743	-18.02497
	-47.29767	-18.0252
	-47.29775	-18.02547
	-47.29771	-18.02582
	-47.29752	-18.02623
	-47.29728	-18.02662
	-47.29699	-18.02667
	-47.2966	-18.0265
	-47.29613	-18.02658
	-47.29579	-18.02673
	-47.29576	-18.02704
	-47.29608	-18.02724
	-47.29674	-18.02719
	-47.29766	-18.027
	-47.29834	-18.02669
	-47.29874	-18.02659
	-47.29902	-18.02674
	-47.29928	-18.02713
	-47.29964	-18.02721
	-47.29992	-18.02709
	-47.29994	-18.02692
	-47.29979	-18.02647
	-47.29991	-18.02625
	-47.30009	-18.02618
	-47.30035	-18.02629
	-47.30052	-18.02651
	-47.30056	-18.02679
	-47.3007	-18.02723
	-47.30069	-18.0275
	-47.30044	-18.02775
	-47.29993	-18.02785
	-47.29964	-18.02811
	-47.29954	-18.02843
	-47.29965	-18.02885
	-47.29947	-18.02919
	-47.29913	-18.0293
	-47.29829	-18.02898
	-47.298	-18.02868
	-47.2977	-18.02854
	-47.29751	-18.02864
	-47.29743	-18.02876
	-47.29749	-18.02895
	-47.29753	-18.0294
	-47.29745	-18.02981
	-47.29691	-18.02992
	-47.29654	-18.02977
	-47.29608	-18.02919
	-47.29589	-18.02905
	-47.29542	-18.02896
	-47.29512	-18.02909
	-47.29469	-18.02951
	-47.29434	-18.02956
	-47.29385	-18.02954
	-47.29315	-18.03001
	-47.29306	-18.03047
	-47.29316	-18.03093
	-47.29295	-18.0315
	-47.29284	-18.0325
	-47.29238	-18.03379
	-47.2917	-18.03401
	-47.29142	-18.03416
	-47.29138	-18.03439
	-47.29156	-18.0347
	-47.29153	-18.03509
	-47.29148	-18.03544
	-47.29158	-18.03589
	-47.29119	-18.03811
	-47.29099	-18.03871
	-47.29006	-18.0392
	-47.28968	-18.039
	-47.28819	-18.03985
	-47.28763	-18.04044
	-47.28729	-18.04244
	-47.2869	-18.04338
	-47.28661	-18.04362
	-47.28633	-18.04346
	-47.28596	-18.04269
	-47.2857	-18.04231
	-47.28531	-18.04209
	-47.2847	-18.04122
	-47.2838	-18.04061
	-47.28351	-18.04064
	-47.28334	-18.04077
	-47.28325	-18.04116
	-47.2833	-18.0425
	-47.28306	-18.04349
	-47.28303	-18.04433
	-47.28443	-18.0464
	-47.28464	-18.04657
	-47.28461	-18.04684
	-47.28446	-18.04709
	-47.28441	-18.04859
	-47.28448	-18.0487
	-47.28501	-18.04885
	-47.28545	-18.0491
	-47.28554	-18.04934
	-47.28553	-18.04979
	-47.28516	-18.05068
	-47.28399	-18.05163
	-47.28351	-18.05226
	-47.28338	-18.05294
	-47.2832	-18.05323
	-47.28315	-18.05376
	-47.28334	-18.0543
	-47.28409	-18.0551
	-47.28411	-18.05552
	-47.28328	-18.05681
	-47.28337	-18.05775
	-47.28417	-18.0592
	-47.28503	-18.05897
	-47.28585	-18.05883
	-47.28679	-18.05883
	-47.29103	-18.06128
	-47.29149	-18.06189
	-47.29154	-18.06314
	-47.2918	-18.06348
	-47.29281	-18.06393
	-47.29456	-18.06411
	-47.2956	-18.06381
	-47.29711	-18.0626
	-47.3008	-18.0621
	-47.30476	-18.06247
	-47.30574	-18.06314
	-47.30617	-18.06445
	-47.3058	-18.06541
	-47.30503	-18.06643
	-47.30369	-18.0677
	-47.30292	-18.06913
	-47.30286	-18.07077
	-47.30286	-18.07221
	-47.30336	-18.07361
	-47.30419	-18.07456
	-47.30493	-18.07469
	-47.30669	-18.074
	-47.30723	-18.07321
	-47.30784	-18.07105
	-47.30913	-18.0696
	-47.31074	-18.06863
	-47.31177	-18.06839
	-47.31393	-18.06873
	-47.31664	-18.06866
	-47.32063	-18.06868
	-47.32508	-18.07032
	-47.32669	-18.07163
	-47.32842	-18.07261
	-47.33159	-18.07423
	-47.33413	-18.07595
	-47.33454	-18.07756
	-47.33625	-18.07754
	-47.33788	-18.07897
	-47.33897	-18.08025
	-47.33992	-18.08106
	-47.34128	-18.08052
	-47.34228	-18.08073
	-47.34326	-18.08112
	-47.34412	-18.08222
	-47.34427	-18.08365
	-47.34449	-18.08464
	-47.34531	-18.0867
	-47.34584	-18.08797
	-47.34659	-18.08832
	-47.34818	-18.0882
	-47.34926	-18.08833
	-47.34988	-18.08812
	-47.35004	-18.08711
	-47.35106	-18.08576
	-47.35182	-18.0852
	-47.3536	-18.08545
	-47.35474	-18.08549
	-47.3574	-18.08508
	-47.35771	-18.08514
	-47.35899	-18.08801
	-47.36009	-18.09111
	-47.36165	-18.09598
	-47.3615	-18.09691
	-47.36108	-18.0974
	-47.36006	-18.0976
	-47.35879	-18.09755
	-47.35742	-18.09725
	-47.35686	-18.09639
	-47.3564	-18.09559
	-47.35544	-18.09533
	-47.35438	-18.09535
	-47.35377	-18.09584
	-47.35382	-18.09676
	-47.354	-18.09826
	-47.35381	-18.10032
	-47.35437	-18.10148
	-47.35502	-18.10174
	-47.35532	-18.1022
	-47.35497	-18.10334
	-47.35503	-18.10418
	-47.35537	-18.10531
	-47.35581	-18.10561
	-47.35681	-18.10558
	-47.35835	-18.10512
	-47.35935	-18.10497
	-47.36087	-18.10536
	-47.36157	-18.10599
	-47.36231	-18.1072
	-47.36311	-18.10763
	-47.3668	-18.10883
	-47.36723	-18.10924
	-47.36733	-18.11061
	-47.36836	-18.11193
	-47.3689	-18.11456
	-47.36945	-18.11587
	-47.37028	-18.11609
	-47.37437	-18.11633
	-47.37962	-18.11669
	-47.38145	-18.11691
	-47.3841	-18.11775
	-47.38568	-18.11855
	-47.38624	-18.11939
	-47.38643	-18.12041
	-47.38688	-18.12098
	-47.38748	-18.12096
	-47.38878	-18.11927
	-47.38998	-18.11826
	-47.39219	-18.11682
	-47.39327	-18.11659
	-47.39442	-18.11665
	-47.39507	-18.11739
	-47.39505	-18.11822
	-47.39439	-18.11883
	-47.39427	-18.11979
	-47.39452	-18.12069
	-47.39529	-18.12133
	-47.39627	-18.12175
	-47.39649	-18.12249
	-47.39535	-18.12485
	-47.39529	-18.12578
	-47.39554	-18.12682
	-47.39625	-18.12726
	-47.39735	-18.12729
	-47.39841	-18.12695
	-47.39926	-18.1271
	-47.40031	-18.12773
	-47.40148	-18.12889
	-47.40289	-18.12984
	-47.40553	-18.13147
	-47.40752	-18.13189
	-47.40773	-18.13264
	-47.40738	-18.1335
	-47.40674	-18.13476
	-47.40561	-18.13566
	-47.40437	-18.13627
	-47.40242	-18.13709
	-47.40116	-18.13675
	-47.39949	-18.1364
	-47.39805	-18.13683
	-47.39707	-18.13761
	-47.39618	-18.13869
	-47.39567	-18.14051
	-47.39608	-18.14121
	-47.39747	-18.14186
	-47.39941	-18.14235
	-47.40238	-18.14184
	-47.40398	-18.14123
	-47.40623	-18.14148
	-47.40777	-18.14172
	-47.40848	-18.14212
	-47.40928	-18.143
	-47.40957	-18.14419
	-47.40988	-18.14598
	-47.41055	-18.14732
	-47.41152	-18.14823
	-47.41255	-18.14805
	-47.4134	-18.14752
	-47.41398	-18.14671
	-47.41407	-18.14484
	-47.41419	-18.14421
	-47.41469	-18.14354
	-47.41644	-18.14201
	-47.41807	-18.14097
	-47.42046	-18.14006
	-47.42287	-18.14001
	-47.42492	-18.13962
	-47.42719	-18.13951
	-47.42895	-18.14011
	-47.42961	-18.14085
	-47.42982	-18.1417
	-47.42845	-18.14431
	-47.42854	-18.14541
	-47.42917	-18.14637
	-47.432	-18.14804
	-47.43475	-18.14976
	-47.43525	-18.15109
	-47.43468	-18.15426
	-47.43378	-18.1569
	-47.43277	-18.15807
	-47.43089	-18.15893
	-47.42914	-18.15918
	-47.42748	-18.16022
	-47.42719	-18.16176
	-47.42756	-18.1632
	-47.42908	-18.16464
	-47.43113	-18.16664
	-47.43282	-18.16766
	-47.43465	-18.16782
	-47.43646	-18.16778
	-47.43801	-18.16731
	-47.43902	-18.16621
	-47.43976	-18.16434
	-47.44095	-18.1625
	-47.44304	-18.16052
	-47.44495	-18.15939
	-47.44669	-18.15862
	-47.44879	-18.15858
	-47.45104	-18.15937
	-47.45337	-18.1612
	-47.45706	-18.1656
	-47.46001	-18.16964
	-47.46071	-18.17155
	-47.46168	-18.17322
	-47.46248	-18.17655
	-47.46401	-18.17738
	-47.46546	-18.1777
	-47.46688	-18.1771
	-47.46831	-18.17732
	-47.47102	-18.18102
	-47.47494	-18.18055
	-47.47686	-18.17923
	-47.47938	-18.17767
	-47.48064	-18.17808
	-47.48381	-18.18164
	-47.48687	-18.18541
	-47.48793	-18.18755
	-47.48803	-18.18889
	-47.48742	-18.18985
	-47.48519	-18.19158
	-47.48438	-18.19273
	-47.48456	-18.19347
	-47.48563	-18.19334
	-47.48749	-18.19276
	-47.48856	-18.19234
	-47.49082	-18.19213
	-47.49225	-18.19294
	-47.49359	-18.19381
	-47.49371	-18.19543
	-47.49369	-18.1965
	-47.49457	-18.19763
	-47.49547	-18.19851
	-47.49627	-18.19896
	-47.4977	-18.19906
	-47.499	-18.19836
	-47.49987	-18.19723
	-47.49999	-18.19588
	-47.50019	-18.194
	-47.50118	-18.19304
	-47.5026	-18.19259
	-47.50432	-18.19291
	-47.50884	-18.19417
	-47.51366	-18.19632
	-47.51654	-18.19839
	-47.51724	-18.19898
	-47.51755	-18.19949
	-47.51769	-18.20022
	-47.51756	-18.20072
	-47.51721	-18.20143
	-47.51671	-18.20191
	-47.51663	-18.20268
	-47.51721	-18.20525
	-47.51734	-18.20629
	-47.51695	-18.20727
	-47.51646	-18.20817
	-47.51644	-18.20927
	-47.51689	-18.21039
	-47.51783	-18.21129
	-47.5194	-18.21241
	-47.5221	-18.21414
	-47.52408	-18.21512
	-47.52685	-18.21577
	-47.5286	-18.21669
	-47.52927	-18.2172
	-47.53043	-18.21999
	-47.53045	-18.22109
	-47.52996	-18.22233
	-47.52875	-18.22378
	-47.52805	-18.2248
	-47.52766	-18.22582
	-47.52757	-18.22688
	-47.52798	-18.22739
	-47.52901	-18.22784
	-47.53	-18.22837
	-47.53058	-18.22879
	-47.53118	-18.22953
	-47.53139	-18.23047
	-47.53197	-18.2311
	-47.53296	-18.23169
	-47.53386	-18.23179
	-47.53511	-18.23151
	-47.53627	-18.2311
	-47.53697	-18.23061
	-47.53751	-18.22975
	-47.53772	-18.22861
	-47.53794	-18.22804
	-47.53852	-18.22641
	-47.53888	-18.22523
	-47.53897	-18.22384
	-47.53865	-18.22256
	-47.53858	-18.22107
	-47.5391	-18.21889
	-47.53942	-18.2171
	-47.53934	-18.21539
	-47.53919	-18.21472
	-47.53863	-18.21329
	-47.53793	-18.21271
	-47.53743	-18.21222
	-47.53655	-18.21094
	-47.53605	-18.20992
	-47.53601	-18.20918
	-47.53631	-18.20828
	-47.53731	-18.20609
	-47.53791	-18.20467
	-47.53806	-18.20369
	-47.53761	-18.2026
	-47.53641	-18.20035
	-47.53545	-18.19833
	-47.53508	-18.19704
	-47.53536	-18.19622
	-47.53634	-18.1953
	-47.53734	-18.19463
	-47.5393	-18.19381
	-47.54113	-18.19367
	-47.54239	-18.19405
	-47.54422	-18.19497
	-47.54617	-18.19608
	-47.54818	-18.1984
	-47.54957	-18.19891
	-47.55055	-18.19952
	-47.55126	-18.20058
	-47.55161	-18.20214
	-47.55237	-18.20436
	-47.55287	-18.20494
	-47.55372	-18.20534
	-47.55522	-18.20569
	-47.55616	-18.20594
	-47.55692	-18.20675
	-47.55723	-18.20712
	-47.5579	-18.20849
	-47.55847	-18.2091
	-47.55921	-18.20937
	-47.56038	-18.20951
	-47.5614	-18.20951
	-47.56206	-18.20907
	-47.56279	-18.20768
	-47.56292	-18.20694
	-47.56292	-18.20656
	-47.5636	-18.20595
	-47.56418	-18.20551
	-47.5645	-18.20487
	-47.56498	-18.20423
	-47.56561	-18.20357
	-47.56648	-18.20298
	-47.56679	-18.20287
	-47.56723	-18.20295
	-47.56759	-18.20331
	-47.56826	-18.20378
	-47.56881	-18.20465
	-47.56901	-18.20532
	-47.56912	-18.20601
	-47.56894	-18.20675
	-47.56849	-18.20758
	-47.56803	-18.20862
	-47.56751	-18.21046
	-47.56753	-18.21112
	-47.5676	-18.21171
	-47.56809	-18.21344
	-47.56813	-18.21398
	-47.56834	-18.21442
	-47.56907	-18.21532
	-47.56957	-18.21663
	-47.56993	-18.21772
	-47.56998	-18.21859
	-47.5701	-18.21987
	-47.57032	-18.22063
	-47.57094	-18.2214
	-47.5714	-18.22143
	-47.57197	-18.22157
	-47.57278	-18.22154
	-47.57391	-18.22136
	-47.57469	-18.22151
	-47.57543	-18.22223
	-47.57574	-18.22286
	-47.57585	-18.22419
	-47.57614	-18.22511
	-47.57663	-18.22622
	-47.5774	-18.22648
	-47.57798	-18.22652
	-47.57872	-18.22616
	-47.57928	-18.22545
	-47.57979	-18.22458
	-47.5805	-18.22416
	-47.58119	-18.22408
	-47.58289	-18.22437
	-47.58419	-18.22484
	-47.58655	-18.22515
	-47.58785	-18.22574
	-47.58818	-18.2265
	-47.58831	-18.22728
	-47.58796	-18.22821
	-47.5861	-18.22958
	-47.58538	-18.23045
	-47.58456	-18.23135
	-47.58325	-18.23185
	-47.58252	-18.23203
	-47.58179	-18.23241
	-47.58133	-18.23282
	-47.58071	-18.23376
	-47.58068	-18.23448
	-47.58071	-18.23511
	-47.58187	-18.23589
	-47.58367	-18.23571
	-47.58443	-18.23538
	-47.58626	-18.23532
	-47.5884	-18.23538
	-47.58987	-18.23568
	-47.59132	-18.23631
	-47.59308	-18.2379
	-47.59512	-18.2399
	-47.59766	-18.24095
	-47.59981	-18.2418
	-47.60383	-18.24343
	-47.607	-18.246
	-47.603	-18.25
	-47.602	-18.256
	-47.607	-18.263
	-47.615	-18.262
	-47.614	-18.25
	-47.625	-18.259
	-47.619	-18.271
	-47.629	-18.277
	-47.638	-18.287
	-47.632	-18.291
	-47.627	-18.303
	-47.611	-18.315
	-47.624	-18.322
	-47.626	-18.334
	-47.633	-18.333
	-47.648	-18.34
	-47.646	-18.33
	-47.653	-18.326
	-47.657	-18.327
	-47.67	-18.357
	-47.679	-18.356
	-47.686	-18.357
	-47.686	-18.362
	-47.694	-18.375
	-47.704	-18.38
	-47.71	-18.379
	-47.716	-18.362
	-47.74	-18.363
	-47.733	-18.375
	-47.736	-18.378
	-47.742	-18.376
	-47.756	-18.395
	-47.746	-18.409
	-47.749	-18.412
	-47.759	-18.41
	-47.77	-18.418
	-47.779	-18.424
	-47.789	-18.417
	-47.798	-18.416
	-47.8	-18.411
	-47.797	-18.406
	-47.81	-18.4
	-47.815	-18.406
	-47.831	-18.414
	-47.83	-18.425
	-47.837	-18.435
	-47.83	-18.443
	-47.834	-18.451
	-47.838	-18.451
	-47.849	-18.441
	-47.86	-18.44
	-47.864	-18.449
	-47.871	-18.455
	-47.873	-18.459
	-47.864	-18.463
	-47.863	-18.469
	-47.875	-18.475
	-47.885	-18.468
	-47.887	-18.476
	-47.914	-18.466
	-47.925	-18.471
	-47.929	-18.487
	-47.94	-18.488
	-47.952	-18.493
	-47.954	-18.5
	-47.962	-18.496
	-47.965	-18.477
	-47.969	-18.474
	-47.976	-18.477
	-47.979	-18.476
	-47.979	-18.462
	-47.976	-18.452
	-47.98	-18.442
	-47.997	-18.454
	-48.009	-18.454
	-48.013	-18.444
	-48.028	-18.435
	-48.039	-18.433
	-48.048	-18.417
	-48.055	-18.413
	-48.061	-18.413
	-48.066	-18.424
	-48.069	-18.427
	-48.095	-18.43
	-48.117	-18.425
	-48.128	-18.416
	-48.147	-18.408
	-48.15	-18.395
	-48.159	-18.384
	-48.161	-18.372
	-48.172	-18.374
	-48.196	-18.364
	-48.221	-18.362
	-48.226	-18.357
	-48.226	-18.345
	-48.255	-18.344
	-48.262	-18.331
	-48.271	-18.33
	-48.279	-18.331
	-48.288	-18.348
	-48.314	-18.364
	-48.315	-18.373
	-48.304	-18.38
	-48.304	-18.383
	-48.313	-18.384
	-48.324	-18.381
	-48.334	-18.374
	-48.341	-18.369
	-48.353	-18.366
	-48.363	-18.369
	-48.4	-18.371
	-48.403	-18.371
	-48.405	-18.356
	-48.413	-18.356
	-48.419	-18.361
	-48.436	-18.365
	-48.445	-18.355
	-48.479	-18.38
	-48.486	-18.371
	-48.481	-18.36
	-48.484	-18.353
	-48.492	-18.353
	-48.515	-18.366
	-48.531	-18.351
	-48.547	-18.351
	-48.554	-18.346
	-48.554	-18.336
	-48.553	-18.331
	-48.561	-18.323
	-48.582	-18.327
	-48.591	-18.334
	-48.597	-18.334
	-48.633	-18.327
	-48.641	-18.333
	-48.641	-18.34
	-48.647	-18.343
	-48.656	-18.342
	-48.668	-18.345
	-48.682	-18.343
	-48.697	-18.35
	-48.708	-18.345
	-48.715	-18.348
	-48.73	-18.353
	-48.755	-18.344
	-48.77	-18.355
	-48.784	-18.351
	-48.798	-18.358
	-48.816	-18.379
	-48.828	-18.375
	-48.832	-18.346
	-48.844	-18.34
	-48.872	-18.332
	-48.882	-18.318
	-48.907	-18.316
	-48.917	-18.305
	-48.936	-18.306
	-48.959	-18.323
	-48.971	-18.33
	-48.976	-18.341
	-48.984	-18.341
	-48.981	-18.356
	-48.99	-18.358
	-48.996	-18.37
	-49.006	-18.374
	-49.023	-18.367
	-49.029	-18.368
	-49.042	-18.376
	-49.044	-18.389
	-49.05359	-18.40197
	-49.07759	-18.41597
	-49.08526	-18.41673
	-49.09159	-18.41297
	-49.09659	-18.40297
	-49.11159	-18.40197
	-49.11359	-18.39697
	-49.10759	-18.38797
	-49.10859	-18.38297
	-49.1276	-18.38384
	-49.15459	-18.40197
	-49.15653	-18.40726
	-49.15789	-18.41253
	-49.15934	-18.41696
	-49.16199	-18.41852
	-49.16514	-18.4181
	-49.17188	-18.41592
	-49.1758	-18.41592
	-49.18618	-18.41964
	-49.18918	-18.41939
	-49.19285	-18.41826
	-49.20365	-18.41442
	-49.20639	-18.41411
	-49.20851	-18.41433
	-49.21026	-18.41526
	-49.21176	-18.41688
	-49.21251	-18.41917
	-49.21225	-18.4215
	-49.21159	-18.42297
	-49.20158	-18.43025
	-49.20078	-18.43125
	-49.19979	-18.43277
	-49.19355	-18.44215
	-49.19219	-18.44685
	-49.19835	-18.45879
	-49.2028	-18.46196
	-49.21065	-18.46391
	-49.21583	-18.46574
	-49.22859	-18.47897
	-49.24459	-18.50597
	-49.24859	-18.52197
	-49.273	-18.528
	-49.282	-18.534
	-49.289	-18.543
	-49.292	-18.564
	-49.303	-18.566
	-49.324	-18.56
	-49.33	-18.565
	-49.336	-18.583
	-49.343	-18.598
	-49.365	-18.617
	-49.373	-18.635
	-49.378	-18.642
	-49.391	-18.646
	-49.408	-18.644
	-49.416	-18.638
	-49.432	-18.606
	-49.481	-18.561
	-49.486	-18.532
	-49.485	-18.509
	-49.49	-18.5
	-49.494	-18.496
	-49.497	-18.492
	-49.533	-18.492
	-49.543	-18.497
	-49.548	-18.507
	-49.542	-18.527
	-49.547	-18.539
	-49.559	-18.546
	-49.575	-18.542
	-49.596	-18.546
	-49.646	-18.557
	-49.653	-18.563
	-49.653	-18.57
	-49.635	-18.592
	-49.64	-18.598
	-49.642	-18.601
	-49.647	-18.601
	-49.671	-18.589
	-49.693	-18.59
	-49.705	-18.595
	-49.723	-18.609
	-49.738	-18.616
	-49.757	-18.609
	-49.768	-18.611
	-49.773	-18.616
	-49.774	-18.626
	-49.783	-18.641
	-49.794	-18.643
	-49.819	-18.632
	-49.836	-18.636
	-49.852	-18.623
	-49.866	-18.623
	-49.872	-18.612
	-49.884	-18.609
	-49.904	-18.621
	-49.931	-18.624
	-49.973	-18.614
	-49.981	-18.604
	-50.013	-18.599
	-50.028	-18.601
	-50.037	-18.609
	-50.05	-18.643
	-50.063	-18.652
	-50.08	-18.672
	-50.09	-18.671
	-50.164	-18.664
	-50.18	-18.668
	-50.198	-18.679
	-50.217	-18.68
	-50.25	-18.677
	-50.269	-18.684
	-50.289	-18.689
	-50.306	-18.695
	-50.323	-18.712
	-50.352	-18.76
	-50.37	-18.804
	-50.378	-18.814
	-50.393	-18.822
	-50.418	-18.827
	-50.425	-18.836
	-50.441	-18.89
	-50.461	-18.913
	-50.473	-18.921
	-50.501	-18.93
	-50.508	-18.935
	-50.511	-18.952
	-50.503	-18.971
	-50.5	-18.981
	-50.504	-19.004
	-50.495	-19.012
	-50.498	-19.034
	-50.505	-19.051
	-50.543	-19.105
	-50.551	-19.111
	-50.572	-19.121
	-50.585	-19.137
	-50.654	-19.133
	-50.674	-19.136
	-50.678	-19.14
	-50.672	-19.163
	-50.677	-19.172
	-50.733	-19.185
	-50.742	-19.198
	-50.742	-19.214
	-50.745	-19.233
	-50.771	-19.259
	-50.788	-19.262
	-50.814	-19.285
	-50.829	-19.31
	-50.835	-19.327
	-50.837	-19.345
	-50.845	-19.36
	-50.848	-19.365
	-50.86	-19.392
	-50.871	-19.403
	-50.875	-19.419
	-50.868	-19.433
	-50.829	-19.467
	-50.824	-19.475
	-50.826	-19.487
	-50.835	-19.496
	-50.842	-19.499
	-50.889	-19.48
	-50.93275	-19.46712
	-50.934	-19.467
	-50.935	-19.46
	-50.94	-19.453
	-50.946	-19.452
	-50.95	-19.443
	-50.968	-19.434
	-50.985	-19.431
	-50.985	-19.41
	-51.004	-19.413
	-51.001	-19.404
	-51.006	-19.399
	-51.015	-19.402
	-51.03	-19.401
	-51.032	-19.397
	-51.02	-19.389
	-51.018	-19.383
	-51.023	-19.381
	-51.031	-19.363
	-51.035	-19.36
	-51.041	-19.361
	-51.042	-19.346
	-51.05	-19.335
	-51.053	-19.335
	-51.057	-19.329
	-51.067	-19.33
	-51.067	-19.325
	-51.087	-19.314
	-51.087	-19.308
	-51.092	-19.307
	-51.106	-19.308
	-51.118	-19.303
	-51.126	-19.303
	-51.143	-19.287
	-51.15578	-19.28849
	-51.15846	-19.28681
	-51.16502	-19.28645
	-51.168	-19.287
	-51.16935	-19.2869
	-51.17078	-19.2857
	-51.17371	-19.28474
	-51.17614	-19.28291
	-51.17871	-19.28182
	-51.18	-19.283
	-51.18179	-19.28165
	-51.18339	-19.2788
	-51.18374	-19.27672
	-51.18488	-19.27463
	-51.18632	-19.27059
	-51.18783	-19.26862
	-51.19227	-19.2667
	-51.19429	-19.267
	-51.19744	-19.26556
	-51.20004	-19.26492
	-51.20144	-19.26315
	-51.20248	-19.26084
	-51.20424	-19.26055
	-51.20551	-19.26249
	-51.20552	-19.26373
	-51.20665	-19.26482
	-51.207	-19.266
	-51.20802	-19.2662
	-51.21045	-19.26509
	-51.213	-19.26295
	-51.21487	-19.26156
	-51.21561	-19.25919
	-51.21653	-19.25887
	-51.21762	-19.2591
	-51.22027	-19.25855
	-51.22244	-19.25923
	-51.22564	-19.2589
	-51.22681	-19.2612
	-51.22839	-19.26072
	-51.22869	-19.26168
	-51.228	-19.264
	-51.22897	-19.26508
	-51.23397	-19.26573
	-51.23515	-19.2661
	-51.23648	-19.26696
	-51.23971	-19.26716
	-51.24045	-19.26949
	-51.24224	-19.26931
	-51.24385	-19.26602
	-51.24622	-19.26573
	-51.24782	-19.26693
	-51.24819	-19.26929
	-51.24954	-19.27104
	-51.24969	-19.2725
	-51.25019	-19.27331
	-51.25138	-19.27367
	-51.2529	-19.27254
	-51.2536	-19.27041
	-51.25512	-19.26784
	-51.256	-19.267
	-51.25857	-19.26604
	-51.26315	-19.2652
	-51.26776	-19.26347
	-51.26917	-19.26225
	-51.27165	-19.26179
	-51.27286	-19.2621
	-51.274	-19.262
	-51.27656	-19.26071
	-51.27781	-19.25581
	-51.27842	-19.25209
	-51.2794	-19.24878
	-51.28062	-19.24903
	-51.283	-19.25111
	-51.2858	-19.25247
	-51.2875	-19.25177
	-51.2901	-19.24868
	-51.29038	-19.24798
	-51.28947	-19.24576
	-51.29117	-19.24478
	-51.29435	-19.24518
	-51.29654	-19.24484
	-51.29751	-19.24288
	-51.29769	-19.24137
	-51.29749	-19.23909
	-51.29895	-19.23801
	-51.30135	-19.23762
	-51.30549	-19.23948
	-51.30671	-19.23927
	-51.30842	-19.237
	-51.30748	-19.23222
	-51.30487	-19.23078
	-51.303	-19.223
	-51.30624	-19.21969
	-51.307	-19.218
	-51.30894	-19.21777
	-51.312	-19.219
	-51.31786	-19.21828
	-51.32331	-19.21893
	-51.32745	-19.2205
	-51.33102	-19.22068
	-51.33732	-19.22233
	-51.33947	-19.22062
	-51.34117	-19.21911
	-51.34198	-19.21736
	-51.34211	-19.21571
	-51.34506	-19.21395
	-51.35645	-19.21884
	-51.36431	-19.22269
	-51.36822	-19.22171
	-51.36919	-19.22144
	-51.36907	-19.21816
	-51.36654	-19.21727
	-51.36513	-19.21606
	-51.3655	-19.21058
	-51.37064	-19.2087
	-51.37048	-19.20743
	-51.36962	-19.20588
	-51.37105	-19.20225
	-51.37	-19.2
	-51.37343	-19.19902
	-51.37443	-19.19552
	-51.37808	-19.19239
	-51.38342	-19.19499
	-51.38567	-19.19473
	-51.38865	-19.19536
	-51.392	-19.19611
	-51.39385	-19.19636
	-51.39686	-19.1955
	-51.39834	-19.19479
	-51.39981	-19.19097
	-51.40096	-19.18892
	-51.40501	-19.18571
	-51.40723	-19.18476
	-51.40867	-19.18444
	-51.41022	-19.1821
	-51.4111	-19.1812
	-51.41175	-19.17982
	-51.4108	-19.17854
	-51.40779	-19.17856
	-51.40642	-19.17838
	-51.40521	-19.17748
	-51.40489	-19.17629
	-51.406	-19.175
	-51.41035	-19.17251
	-51.41132	-19.17225
	-51.41242	-19.17217
	-51.41443	-19.173
	-51.41656	-19.17436
	-51.41735	-19.17426
	-51.41797	-19.17366
	-51.41802	-19.17264
	-51.41697	-19.17034
	-51.41742	-19.16947
	-51.41872	-19.16817
	-51.41989	-19.16627
	-51.42201	-19.16586
	-51.42456	-19.16521
	-51.42572	-19.16528
	-51.42669	-19.16502
	-51.42793	-19.16543
	-51.42868	-19.16624
	-51.42912	-19.1687
	-51.42971	-19.17044
	-51.43034	-19.17104
	-51.43152	-19.17139
	-51.43332	-19.17103
	-51.43421	-19.17052
	-51.4357	-19.17081
	-51.4381	-19.17136
	-51.43905	-19.17127
	-51.44046	-19.16997
	-51.44286	-19.16841
	-51.44359	-19.16762
	-51.44293	-19.16525
	-51.44326	-19.16405
	-51.44598	-19.15865
	-51.4479	-19.16006
	-51.44836	-19.16045
	-51.44919	-19.16097
	-51.45078	-19.1611
	-51.45271	-19.16099
	-51.4543	-19.16103
	-51.45593	-19.16149
	-51.45702	-19.1629
	-51.45755	-19.16516
	-51.45731	-19.16673
	-51.45763	-19.16778
	-51.45852	-19.16786
	-51.45977	-19.16645
	-51.46101	-19.16575
	-51.46215	-19.16474
	-51.46353	-19.16284
	-51.46838	-19.16081
	-51.46949	-19.15932
	-51.4703	-19.15734
	-51.473	-19.154
	-51.47511	-19.15366
	-51.477	-19.154
	-51.47969	-19.15358
	-51.4806	-19.15571
	-51.48138	-19.1568
	-51.48039	-19.15894
	-51.48113	-19.1598
	-51.48337	-19.15963
	-51.4863	-19.15926
	-51.48955	-19.16142
	-51.49268	-19.16215
	-51.49591	-19.16151
	-51.49801	-19.16137
	-51.49913	-19.16052
	-51.50014	-19.1585
	-51.50154	-19.15645
	-51.50169	-19.15386
	-51.50046	-19.14952
	-51.50111	-19.14758
	-51.50209	-19.14673
	-51.50616	-19.14725
	-51.50894	-19.14811
	-51.5105	-19.15021
	-51.51153	-19.15063
	-51.51253	-19.15079
	-51.51526	-19.1495
	-51.51797	-19.14764
	-51.51906	-19.14638
	-51.52121	-19.14361
	-51.5217	-19.14204
	-51.52445	-19.14036
	-51.527	-19.139
	-51.52844	-19.13885
	-51.53035	-19.14004
	-51.53564	-19.13998
	-51.53618	-19.14008
	-51.53893	-19.14253
	-51.53976	-19.14273
	-51.54153	-19.14239
	-51.54274	-19.14249
	-51.54339	-19.14257
	-51.54579	-19.14225
	-51.54644	-19.14201
	-51.54721	-19.14205
	-51.5482	-19.14192
	-51.54912	-19.14171
	-51.5502	-19.1411
	-51.55097	-19.14033
	-51.55148	-19.1396
	-51.552	-19.13835
	-51.55382	-19.13353
	-51.5545	-19.1326
	-51.5548	-19.13227
	-51.55536	-19.13227
	-51.55626	-19.13268
	-51.55839	-19.1336
	-51.55948	-19.13394
	-51.56081	-19.13386
	-51.56184	-19.13345
	-51.56313	-19.13272
	-51.56459	-19.13223
	-51.56625	-19.13239
	-51.56849	-19.13434
	-51.56961	-19.13426
	-51.57017	-19.13414
	-51.57111	-19.13373
	-51.57178	-19.13328
	-51.57277	-19.13279
	-51.5733	-19.13256
	-51.57506	-19.13232
	-51.57659	-19.13064
	-51.57706	-19.12991
	-51.57703	-19.12936
	-51.5762	-19.12776
	-51.57618	-19.12672
	-51.57661	-19.12623
	-51.57719	-19.12618
	-51.57766	-19.12655
	-51.57806	-19.127
	-51.57828	-19.12765
	-51.57836	-19.12887
	-51.57849	-19.13037
	-51.57892	-19.13106
	-51.57961	-19.13118
	-51.58051	-19.13086
	-51.58105	-19.13052
	-51.58217	-19.12967
	-51.58324	-19.12878
	-51.58429	-19.12846
	-51.58605	-19.12806
	-51.58901	-19.12753
	-51.59064	-19.127
	-51.59145	-19.12668
	-51.59253	-19.12696
	-51.593	-19.12757
	-51.59351	-19.12834
	-51.59399	-19.12936
	-51.59416	-19.13037
	-51.59423	-19.13149
	-51.59514	-19.13252
	-51.59642	-19.13531
	-51.59723	-19.1366
	-51.59793	-19.13686
	-51.59901	-19.13714
	-51.6009	-19.13714
	-51.60212	-19.13717
	-51.60285	-19.13729
	-51.60337	-19.13749
	-51.60381	-19.13807
	-51.60427	-19.13928
	-51.60457	-19.13981
	-51.60506	-19.14006
	-51.60569	-19.14017
	-51.60706	-19.14049
	-51.60779	-19.14078
	-51.60849	-19.14103
	-51.60926	-19.14083
	-51.60994	-19.1407
	-51.61075	-19.14005
	-51.61127	-19.13912
	-51.61218	-19.13803
	-51.61268	-19.13737
	-51.61334	-19.13702
	-51.61401	-19.13689
	-51.61493	-19.13718
	-51.61639	-19.13738
	-51.61763	-19.13738
	-51.61912	-19.13749
	-51.62011	-19.13802
	-51.62115	-19.13836
	-51.62214	-19.13844
	-51.62304	-19.13823
	-51.62368	-19.13799
	-51.6245	-19.13726
	-51.62534	-19.13604
	-51.63068	-19.13292
	-51.63192	-19.13215
	-51.63295	-19.13187
	-51.63407	-19.13122
	-51.63508	-19.13012
	-51.63744	-19.12724
	-51.63797	-19.12636
	-51.63882	-19.12618
	-51.63965	-19.12684
	-51.63961	-19.1279
	-51.64003	-19.12931
	-51.64102	-19.13013
	-51.64287	-19.13057
	-51.64414	-19.13048
	-51.64547	-19.12995
	-51.64699	-19.13057
	-51.6478	-19.1311
	-51.64852	-19.13202
	-51.64903	-19.13328
	-51.64956	-19.13398
	-51.65028	-19.1347
	-51.65106	-19.13519
	-51.65195	-19.13612
	-51.65287	-19.13673
	-51.65377	-19.13722
	-51.65448	-19.13754
	-51.65553	-19.13787
	-51.65643	-19.13787
	-51.65711	-19.13783
	-51.65784	-19.13755
	-51.65836	-19.13718
	-51.6589	-19.1364
	-51.65926	-19.13511
	-51.65959	-19.13458
	-51.66008	-19.13426
	-51.66081	-19.13455
	-51.66184	-19.13463
	-51.66229	-19.13421
	-51.66332	-19.13287
	-51.66377	-19.13256
	-51.66613	-19.1324
	-51.66716	-19.13191
	-51.66783	-19.13149
	-51.66809	-19.13105
	-51.66851	-19.13028
	-51.66917	-19.12964
	-51.67029	-19.12931
	-51.67115	-19.12919
	-51.67246	-19.1287
	-51.67319	-19.12797
	-51.67424	-19.12733
	-51.67522	-19.12668
	-51.6763	-19.12631
	-51.67771	-19.12591
	-51.6786	-19.12553
	-51.67997	-19.12448
	-51.68092	-19.12347
	-51.68265	-19.12084
	-51.68351	-19.12072
	-51.68449	-19.12084
	-51.6851	-19.12112
	-51.68705	-19.12124
	-51.68879	-19.12072
	-51.68984	-19.11994
	-51.69079	-19.11917
	-51.69153	-19.11845
	-51.69196	-19.11814
	-51.69265	-19.11804
	-51.69396	-19.11749
	-51.69436	-19.11759
	-51.69489	-19.11796
	-51.69559	-19.11886
	-51.6965	-19.11956
	-51.69717	-19.11973
	-51.69797	-19.11963
	-51.69881	-19.11936
	-51.69994	-19.11884
	-51.70442	-19.11514
	-51.70914	-19.11218
	-51.71042	-19.11096
	-51.71137	-19.10934
	-51.71152	-19.10841
	-51.71077	-19.1079
	-51.70931	-19.10762
	-51.70765	-19.10806
	-51.70661	-19.10809
	-51.70586	-19.10785
	-51.7055	-19.10732
	-51.70546	-19.10673
	-51.70581	-19.10608
	-51.70826	-19.10515
	-51.71032	-19.1042
	-51.71139	-19.10329
	-51.71225	-19.10305
	-51.71333	-19.10347
	-51.71449	-19.10359
	-51.71574	-19.10513
	-51.71639	-19.10672
	-51.71696	-19.10701
	-51.71766	-19.10693
	-51.71896	-19.10642
	-51.7196	-19.1065
	-51.72053	-19.10692
	-51.722	-19.10769
	-51.72302	-19.10766
	-51.7239	-19.10733
	-51.7246	-19.10733
	-51.72643	-19.10772
	-51.72759	-19.10768
	-51.72843	-19.10728
	-51.72948	-19.10599
	-51.73024	-19.10386
	-51.73143	-19.09984
	-51.73202	-19.09943
	-51.73271	-19.0991
	-51.73467	-19.09882
	-51.73548	-19.09893
	-51.73751	-19.10009
	-51.74075	-19.10098
	-51.7419	-19.1005
	-51.74268	-19.09983
	-51.74372	-19.09779
	-51.74605	-19.09582
	-51.74693	-19.09443
	-51.7481	-19.09346
	-51.74845	-19.09166
	-51.74816	-19.09114
	-51.74545	-19.09036
	-51.74424	-19.09071
	-51.74307	-19.09089
	-51.74209	-19.09051
	-51.74148	-19.08959
	-51.74163	-19.08853
	-51.74221	-19.08797
	-51.74283	-19.08794
	-51.74351	-19.08783
	-51.74389	-19.08754
	-51.74433	-19.08615
	-51.7451	-19.08589
	-51.74611	-19.086
	-51.74758	-19.08548
	-51.74888	-19.08571
	-51.7493	-19.0862
	-51.7499	-19.08617
	-51.75091	-19.08562
	-51.75148	-19.08556
	-51.75297	-19.08607
	-51.75373	-19.08683
	-51.75505	-19.08764
	-51.75684	-19.08813
	-51.75845	-19.08889
	-51.75928	-19.08896
	-51.76041	-19.08862
	-51.76177	-19.08841
	-51.76329	-19.08757
	-51.76481	-19.08683
	-51.76558	-19.08633
	-51.7676	-19.08348
	-51.76828	-19.08311
	-51.77142	-19.08271
	-51.77261	-19.08207
	-51.77292	-19.08155
	-51.77316	-19.07983
	-51.77452	-19.07834
	-51.77549	-19.07754
	-51.77622	-19.07726
	-51.77683	-19.07732
	-51.77752	-19.07757
	-51.77817	-19.07806
	-51.77905	-19.07846
	-51.78011	-19.08037
	-51.78126	-19.08111
	-51.78226	-19.08132
	-51.7833	-19.08142
	-51.78434	-19.08097
	-51.78612	-19.0809
	-51.78846	-19.07975
	-51.78891	-19.07973
	-51.78957	-19.07997
	-51.79062	-19.08
	-51.79122	-19.07963
	-51.79159	-19.07917
	-51.7917	-19.07841
	-51.79098	-19.07656
	-51.79025	-19.07611
	-51.78992	-19.07545
	-51.79008	-19.07478
	-51.79056	-19.07395
	-51.79124	-19.07358
	-51.7919	-19.07353
	-51.79375	-19.07396
	-51.79557	-19.07373
	-51.7967	-19.07367
	-51.79719	-19.07344
	-51.79829	-19.07118
	-51.79805	-19.07083
	-51.79761	-19.07063
	-51.79698	-19.07065
	-51.79649	-19.07074
	-51.79614	-19.07066
	-51.79584	-19.07035
	-51.79567	-19.06994
	-51.79556	-19.06924
	-51.79564	-19.06828
	-51.79586	-19.06736
	-51.79615	-19.06655
	-51.79674	-19.06613
	-51.79764	-19.06583
	-51.79888	-19.06567
	-51.80008	-19.06514
	-51.80103	-19.06441
	-51.80519	-19.06306
	-51.80629	-19.06307
	-51.80717	-19.06298
	-51.8079	-19.06248
	-51.80848	-19.06161
	-51.80936	-19.05996
	-51.81022	-19.0591
	-51.81081	-19.05879
	-51.81226	-19.05841
	-51.81328	-19.05781
	-51.81417	-19.05695
	-51.81575	-19.05511
	-51.81709	-19.05475
	-51.81895	-19.05441
	-51.82138	-19.05429
	-51.82298	-19.05373
	-51.82677	-19.0549
	-51.82805	-19.05462
	-51.82872	-19.05464
	-51.8296	-19.05481
	-51.83143	-19.05548
	-51.83264	-19.05637
	-51.83344	-19.05643
	-51.83419	-19.05619
	-51.8352	-19.05577
	-51.83627	-19.05584
	-51.838	-19.05528
	-51.83857	-19.05554
	-51.83926	-19.05637
	-51.84025	-19.05706
	-51.84099	-19.05717
	-51.84247	-19.05666
	-51.84323	-19.05666
	-51.84377	-19.05552
	-51.84386	-19.05437
	-51.84404	-19.05322
	-51.8439	-19.05275
	-51.843	-19.052
	-51.84156	-19.05121
	-51.84078	-19.05102
	-51.84024	-19.05072
	-51.8396	-19.05013
	-51.8392	-19.04925
	-51.83798	-19.04777
	-51.83571	-19.04673
	-51.8352	-19.04638
	-51.83501	-19.046
	-51.83524	-19.04561
	-51.83589	-19.0454
	-51.83695	-19.04521
	-51.83811	-19.04479
	-51.83986	-19.04425
	-51.84096	-19.04317
	-51.84223	-19.04231
	-51.84318	-19.04195
	-51.84413	-19.04189
	-51.84738	-19.04244
	-51.84997	-19.04326
	-51.85055	-19.04363
	-51.85092	-19.04424
	-51.85103	-19.04461
	-51.85099	-19.04484
	-51.85066	-19.04515
	-51.84968	-19.04556
	-51.849	-19.0455
	-51.84846	-19.04538
	-51.84815	-19.04546
	-51.84785	-19.04569
	-51.84784	-19.04619
	-51.84942	-19.048
	-51.85098	-19.05101
	-51.85163	-19.05195
	-51.85195	-19.05225
	-51.85223	-19.05242
	-51.85261	-19.0524
	-51.8534	-19.052
	-51.85432	-19.05118
	-51.85487	-19.05089
	-51.85549	-19.05079
	-51.85655	-19.05037
	-51.85708	-19.05063
	-51.85736	-19.05061
	-51.85758	-19.05049
	-51.85786	-19.04985
	-51.85832	-19.04909
	-51.85922	-19.04839
	-51.85969	-19.04805
	-51.86046	-19.04775
	-51.86137	-19.0471
	-51.86283	-19.04473
	-51.86274	-19.04312
	-51.86306	-19.04201
	-51.86354	-19.04119
	-51.86458	-19.04044
	-51.86584	-19.03902
	-51.86804	-19.03758
	-51.86954	-19.03716
	-51.86999	-19.03686
	-51.87072	-19.03465
	-51.87174	-19.03275
	-51.872	-19.03
	-51.875	-19.03
	-51.882	-19.019
	-51.891	-19.017
	-51.889	-19.008
	-51.898	-18.994
	-51.907	-18.994
	-51.914	-18.983
	-51.925	-18.984
	-51.926	-18.975
	-51.933	-18.975
	-51.94	-18.967
	-51.946	-18.975
	-51.952	-18.974
	-51.951	-18.98
	-51.957	-18.978
	-51.963	-18.968
	-51.965	-18.97
	-51.968	-18.966
	-51.967	-18.975
	-51.969	-18.977
	-51.973	-18.974
	-51.978	-18.98
	-51.981	-18.971
	-51.995	-18.973
	-51.998	-18.967
	-52.004	-18.969
	-52.008	-18.977
	-52.015	-18.982
	-52.02	-18.979
	-52.014	-18.973
	-52.019	-18.967
	-52.018	-18.963
	-52.025	-18.963
	-52.035	-18.958
	-52.037	-18.961
	-52.041	-18.96
	-52.045	-18.95
	-52.049	-18.951
	-52.056	-18.946
	-52.066	-18.953
	-52.081	-18.95
	-52.088	-18.941
	-52.09305	-18.94222
	-52.088	-18.935
	-52.095	-18.936
	-52.104	-18.928
	-52.107	-18.923
	-52.102	-18.922
	-52.104	-18.918
	-52.109	-18.918
	-52.106	-18.905
	-52.111	-18.899
	-52.113	-18.902
	-52.131	-18.897
	-52.137	-18.889
	-52.148	-18.893
	-52.157	-18.888
	-52.155	-18.882
	-52.161	-18.878
	-52.159	-18.876
	-52.165	-18.876
	-52.166	-18.865
	-52.172	-18.862
	-52.176	-18.854
	-52.179	-18.855
	-52.181	-18.847
	-52.186	-18.845
	-52.199	-18.85
	-52.203	-18.847
	-52.207	-18.85
	-52.209	-18.846
	-52.219	-18.842
	-52.251	-18.839
	-52.263	-18.827
	-52.264	-18.83
	-52.28	-18.829
	-52.294	-18.829
	-52.298	-18.836
	-52.309	-18.839
	-52.321	-18.831
	-52.334	-18.828
	-52.337	-18.821
	-52.344	-18.822
	-52.346	-18.815
	-52.354	-18.812
	-52.35	-18.81
	-52.354	-18.8
	-52.369	-18.799
	-52.367	-18.793
	-52.375	-18.791
	-52.376	-18.787
	-52.379	-18.787
	-52.378	-18.783
	-52.399	-18.765
	-52.397	-18.758
	-52.409	-18.755
	-52.411	-18.746
	-52.412	-18.74
	-52.426	-18.73
	-52.434	-18.72
	-52.438	-18.705
	-52.449	-18.691
	-52.475	-18.685
	-52.5	-18.675
	-52.521	-18.669
	-52.522	-18.664
	-52.531	-18.658
	-52.553	-18.657
	-52.555	-18.661
	-52.566	-18.664
	-52.586	-18.68
	-52.592	-18.689
	-52.622	-18.689
	-52.633	-18.695
	-52.643	-18.688
	-52.675	-18.679
	-52.69	-18.681
	-52.72	-18.691
	-52.731	-18.688
	-52.747	-18.692
	-52.765	-18.681
	-52.786	-18.681
	-52.809	-18.667
	-52.827	-18.671
	-52.836	-18.666
	-52.846	-18.667
	-52.848	-18.661
	-52.873	-18.646
	-52.89426	-18.64382
	-52.91248	-18.62423
	-52.93339	-18.60014
	-52.95135	-18.57354
	-52.953	-18.562
	-52.964	-18.55
	-52.962	-18.54
	-52.945	-18.519
	-52.915	-18.508
	-52.91	-18.491
	-52.899	-18.476
	-52.88	-18.465
	-52.879	-18.442
	-52.873	-18.426
	-52.851	-18.422
	-52.838	-18.423
	-52.798	-18.414
	-52.786	-18.39
	-52.761	-18.371
	-52.75925	-18.3506
	-52.759	-18.35
	-52.761	-18.344
	-52.763	-18.342
	-52.787	-18.32
	-52.805	-18.313
	-52.82	-18.31
	-52.873	-18.314
	-52.935	-18.296
	-52.954	-18.296
	-52.976	-18.303
	-53.013	-18.326
	-53.02	-18.346
	-53.027	-18.351
	-53.044	-18.343
	-53.069	-18.342
	-53.07391	-18.33709
	-53.07388	-18.33655
	-53.07388	-18.33623
	-53.07398	-18.33529
	-53.07402	-18.33502
	-53.07427	-18.33397
	-53.07438	-18.33364
	-53.07482	-18.33264
	-53.07504	-18.33225
	-53.07572	-18.33134
	-53.07596	-18.33106
	-53.07718	-18.32994
	-53.09707	-18.31393
	-53.09843	-18.31257
	-53.09912	-18.31139
	-53.09934	-18.31072
	-53.10123	-18.30126
	-53.102	-18.272
	-53.11	-18.248
	-53.11	-18.219
	-53.129	-18.16
	-53.129	-18.138
	-53.136	-18.118
	-53.143	-18.081
	-53.139	-18.072
	-53.123	-18.058
	-53.089	-18.056
	-53.075	-18.05
	-53.072	-18.034
END
END
