Brazil_Mato Grosso
1
	-57.72211	-17.72069
	-57.72464	-17.72139
	-57.72783	-17.72059
	-57.73097	-17.71877
	-57.73386	-17.71225
	-57.73469	-17.71036
	-57.73564	-17.70554
	-57.73783	-17.6992
	-57.7407	-17.69367
	-57.74076	-17.69364
	-57.74192	-17.69295
	-57.74499	-17.69334
	-57.74778	-17.69369
	-57.74904	-17.69322
	-57.75074	-17.6893
	-57.7515	-17.68753
	-57.75311	-17.68146
	-57.75567	-17.67648
	-57.75684	-17.67286
	-57.75836	-17.66814
	-57.75946	-17.666
	-57.76057	-17.66386
	-57.76077	-17.66347
	-57.76225	-17.66061
	-57.76359	-17.6598
	-57.7687	-17.65981
	-57.77445	-17.65783
	-57.77508	-17.65741
	-57.77569	-17.65702
	-57.77636	-17.6552
	-57.77608	-17.65085
	-57.77647	-17.65007
	-57.77694	-17.64913
	-57.77927	-17.64658
	-57.78083	-17.64487
	-57.78188	-17.64316
	-57.78217	-17.6427
	-57.78285	-17.64062
	-57.7833	-17.63926
	-57.78292	-17.63617
	-57.78127	-17.63349
	-57.78086	-17.63281
	-57.77934	-17.63172
	-57.77446	-17.62632
	-57.77433	-17.62618
	-57.7743	-17.62609
	-57.77369	-17.62454
	-57.77346	-17.62197
	-57.77323	-17.61937
	-57.77191	-17.61465
	-57.77191	-17.61293
	-57.77201	-17.61276
	-57.77267	-17.61166
	-57.774	-17.61085
	-57.77457	-17.61095
	-57.77561	-17.61113
	-57.77817	-17.61331
	-57.77872	-17.61449
	-57.77995	-17.61503
	-57.78261	-17.61304
	-57.78402	-17.60742
	-57.78383	-17.60701
	-57.78347	-17.60624
	-57.77857	-17.60379
	-57.77755	-17.60296
	-57.77733	-17.60278
	-57.77708	-17.6025
	-57.77458	-17.59969
	-57.77403	-17.59797
	-57.77441	-17.5967
	-57.77736	-17.59525
	-57.77753	-17.59516
	-57.77786	-17.5951
	-57.77895	-17.59489
	-57.78143	-17.59501
	-57.78512	-17.59518
	-57.78596	-17.59427
	-57.78728	-17.59283
	-57.78605	-17.59182
	-57.78485	-17.59224
	-57.7837	-17.59264
	-57.78336	-17.59258
	-57.782	-17.59236
	-57.78043	-17.59009
	-57.77878	-17.58772
	-57.77661	-17.58582
	-57.77775	-17.58446
	-57.78645	-17.58584
	-57.78889	-17.58694
	-57.79081	-17.58666
	-57.79111	-17.58544
	-57.79116	-17.58521
	-57.79089	-17.58368
	-57.79017	-17.5829
	-57.78978	-17.58249
	-57.78783	-17.58119
	-57.78636	-17.58022
	-57.7847	-17.57958
	-57.7823	-17.57866
	-57.78179	-17.57825
	-57.78097	-17.57757
	-57.78089	-17.5763
	-57.78156	-17.57503
	-57.7836	-17.57514
	-57.78541	-17.57523
	-57.78525	-17.56997
	-57.7865	-17.56834
	-57.78839	-17.5676
	-57.79048	-17.56679
	-57.79382	-17.56466
	-57.79444	-17.56427
	-57.79514	-17.56303
	-57.7953	-17.56273
	-57.79543	-17.56178
	-57.79567	-17.56001
	-57.79503	-17.55801
	-57.7931	-17.55598
	-57.79287	-17.55574
	-57.78927	-17.55564
	-57.78567	-17.55555
	-57.78474	-17.55588
	-57.78189	-17.5569
	-57.78147	-17.55717
	-57.78113	-17.5574
	-57.78036	-17.55789
	-57.77694	-17.55861
	-57.77331	-17.55798
	-57.77269	-17.55788
	-57.77047	-17.55801
	-57.76825	-17.55814
	-57.76705	-17.55847
	-57.76664	-17.55859
	-57.76368	-17.56012
	-57.75964	-17.5622
	-57.755	-17.56363
	-57.75229	-17.56446
	-57.75171	-17.56378
	-57.75027	-17.56209
	-57.7478	-17.55752
	-57.74591	-17.55093
	-57.883	-17.449
	-57.8979	-17.45837
	-57.98	-17.51
	-57.996	-17.515
	-57.99748	-17.51451
	-57.999	-17.514
	-58.0	-17.505
	-58.00328	-17.50566
	-58.005	-17.506
	-58.00505	-17.50593
	-58.01	-17.499
	-58.016	-17.499
	-58.023	-17.494
	-58.03	-17.496
	-58.0368	-17.49391
	-58.043	-17.492
	-58.04804	-17.46763
	-58.049	-17.463
	-58.06	-17.45
	-58.072	-17.452
	-58.08456	-17.45865
	-58.089	-17.461
	-58.10774	-17.45406
	-58.116	-17.451
	-58.12	-17.447
	-58.118	-17.434
	-58.122	-17.414
	-58.1237	-17.41327
	-58.129	-17.411
	-58.13289	-17.41256
	-58.139	-17.415
	-58.14166	-17.41411
	-58.145	-17.413
	-58.14674	-17.41026
	-58.152	-17.402
	-58.151	-17.384
	-58.185	-17.391
	-58.1994	-17.38332
	-58.2	-17.383
	-58.19823	-17.37805
	-58.195	-17.369
	-58.202	-17.357
	-58.22	-17.36
	-58.22086	-17.35951
	-58.227	-17.356
	-58.228	-17.347
	-58.233	-17.351
	-58.23653	-17.34999
	-58.24	-17.349
	-58.24497	-17.35314
	-58.246	-17.354
	-58.24858	-17.35335
	-58.254	-17.352
	-58.256	-17.346
	-58.25929	-17.34506
	-58.263	-17.344
	-58.263	-17.33
	-58.26443	-17.32923
	-58.276	-17.323
	-58.276	-17.3
	-58.27633	-17.30002
	-58.292	-17.301
	-58.29535	-17.29932
	-58.298	-17.298
	-58.296	-17.291
	-58.291	-17.288
	-58.29801	-17.28274
	-58.303	-17.279
	-58.303	-17.27
	-58.3055	-17.26857
	-58.31	-17.266
	-58.31253	-17.26672
	-58.317	-17.268
	-58.322	-17.26
	-58.31907	-17.25414
	-58.319	-17.254
	-58.337	-17.241
	-58.339	-17.234
	-58.34103	-17.23332
	-58.345	-17.232
	-58.356	-17.212
	-58.364	-17.214
	-58.364	-17.199
	-58.369	-17.2
	-58.396	-17.181
	-58.397	-17.136
	-58.3887	-17.11713
	-58.386	-17.111
	-58.388	-17.107
	-58.398	-17.104
	-58.40456	-17.10794
	-58.408	-17.11
	-58.425	-17.112
	-58.429	-17.105
	-58.424	-17.09
	-58.42789	-17.08844
	-58.434	-17.086
	-58.435	-17.078
	-58.43348	-17.07618
	-58.43	-17.072
	-58.4309	-17.0657
	-58.432	-17.058
	-58.421	-17.052
	-58.432	-17.047
	-58.434	-17.039
	-58.43254	-17.03791
	-58.43	-17.036
	-58.42205	-17.03745
	-58.419	-17.038
	-58.416	-17.034
	-58.421	-17.029
	-58.42392	-17.02855
	-58.434	-17.027
	-58.435	-17.009
	-58.426	-16.994
	-58.423	-16.989
	-58.42438	-16.98917
	-58.431	-16.99
	-58.43782	-16.98489
	-58.447	-16.978
	-58.447	-16.967
	-58.456	-16.969
	-58.459	-16.967
	-58.45988	-16.96435
	-58.462	-16.958
	-58.45869	-16.94809
	-58.456	-16.94
	-58.4585	-16.93812
	-58.46	-16.937
	-58.46327	-16.93863
	-58.468	-16.941
	-58.474	-16.935
	-58.47141	-16.93025
	-58.468	-16.924
	-58.474	-16.914
	-58.4669	-16.91134
	-58.466	-16.911
	-58.46056	-16.90102
	-58.46	-16.9
	-58.468	-16.899
	-58.463	-16.873
	-58.466	-16.868
	-58.46526	-16.86738
	-58.46	-16.863
	-58.466	-16.858
	-58.468	-16.848
	-58.461	-16.849
	-58.461	-16.841
	-58.4656	-16.83671
	-58.476	-16.827
	-58.477	-16.819
	-58.47535	-16.81129
	-58.471	-16.791
	-58.463	-16.792
	-58.46195	-16.79074
	-58.458	-16.786
	-58.45959	-16.78409
	-58.463	-16.78
	-58.466	-16.756
	-58.473	-16.745
	-58.46806	-16.72735
	-58.466	-16.72
	-58.47	-16.703
	-58.46024	-16.6669
	-58.46	-16.666
	-58.45984	-16.66552
	-58.436	-16.592
	-58.42983	-16.5866
	-58.428	-16.585
	-58.421	-16.573
	-58.393	-16.562
	-58.386	-16.543
	-58.38454	-16.54229
	-58.357	-16.529
	-58.343	-16.517
	-58.3397	-16.50809
	-58.333	-16.49
	-58.334	-16.478
	-58.347	-16.454
	-58.35146	-16.44111
	-58.356	-16.428
	-58.34571	-16.40525
	-58.34415	-16.4018
	-58.344	-16.389
	-58.34148	-16.3879
	-58.328	-16.382
	-58.30786	-16.37172
	-58.30958	-16.36135
	-58.30802	-16.34784
	-58.30713	-16.34014
	-58.30397	-16.33069
	-58.30326	-16.31025
	-58.30586	-16.30578
	-58.3073	-16.30396
	-58.30836	-16.30263
	-58.31754	-16.292
	-58.31943	-16.28142
	-58.32226	-16.26559
	-58.32709	-16.26876
	-58.32736	-16.27033
	-58.32739	-16.27049
	-58.32956	-16.27177
	-58.33964	-16.27411
	-58.34739	-16.27437
	-58.35028	-16.27221
	-58.35605	-16.27089
	-58.36001	-16.27231
	-58.36712	-16.27486
	-58.38257	-16.26441
	-58.38619	-16.26214
	-58.388	-16.261
	-58.38999	-16.27258
	-58.394	-16.296
	-58.40776	-16.30878
	-58.408	-16.309
	-58.4306	-16.32264
	-58.785	-16.306
	-58.78759	-16.30595
	-58.92039	-16.30351
	-59.01866	-16.29817
	-59.114	-16.293
	-59.31912	-16.28493
	-59.47	-16.279
	-59.49543	-16.27861
	-59.775	-16.27427
	-60.17335	-16.26672
	-60.198	-15.948
	-60.20173	-15.901
	-60.203	-15.885
	-60.238	-15.473
	-60.4216	-15.26829
	-60.57543	-15.09677
	-60.4999	-15.09731
	-60.3483	-15.09737
	-60.24523	-15.09741
	-60.24553	-15.08396
	-60.24588	-15.06831
	-60.246	-15.063
	-60.24893	-15.01191
	-60.259	-14.836
	-60.272	-14.62
	-60.293	-14.625
	-60.3152	-14.61152
	-60.321	-14.608
	-60.326	-14.579
	-60.32824	-14.57361
	-60.331	-14.567
	-60.32887	-14.56487
	-60.326	-14.562
	-60.333	-14.555
	-60.336	-14.537
	-60.343	-14.533
	-60.33807	-14.53089
	-60.336	-14.53
	-60.34186	-14.52317
	-60.342	-14.523
	-60.338	-14.511
	-60.346	-14.505
	-60.3477	-14.49991
	-60.349	-14.496
	-60.366	-14.487
	-60.36659	-14.48463
	-60.367	-14.483
	-60.36286	-14.48549
	-60.362	-14.486
	-60.36	-14.484
	-60.362	-14.47
	-60.378	-14.463
	-60.378	-14.455
	-60.37981	-14.4544
	-60.381	-14.454
	-60.384	-14.439
	-60.38571	-14.43758
	-60.39	-14.434
	-60.39245	-14.43482
	-60.396	-14.436
	-60.4	-14.431
	-60.394	-14.43
	-60.397	-14.42625
	-60.398	-14.425
	-60.39583	-14.42392
	-60.394	-14.423
	-60.396	-14.419
	-60.401	-14.423
	-60.401	-14.415
	-60.40322	-14.41411
	-60.406	-14.413
	-60.399	-14.405
	-60.403	-14.401
	-60.4	-14.39
	-60.40376	-14.38699
	-60.405	-14.386
	-60.401	-14.381
	-60.40035	-14.3819
	-60.396	-14.388
	-60.393	-14.379
	-60.39482	-14.37809
	-60.397	-14.377
	-60.39585	-14.36955
	-60.395	-14.364
	-60.39919	-14.3658
	-60.402	-14.367
	-60.40348	-14.36552
	-60.405	-14.364
	-60.409	-14.368
	-60.411	-14.363
	-60.4068	-14.35712
	-60.406	-14.356
	-60.409	-14.355
	-60.413	-14.359
	-60.414	-14.349
	-60.41604	-14.34859
	-60.419	-14.348
	-60.42	-14.354
	-60.42155	-14.35323
	-60.422	-14.353
	-60.427	-14.346
	-60.42639	-14.34477
	-60.425	-14.342
	-60.42845	-14.33931
	-60.434	-14.335
	-60.43892	-14.32269
	-60.44	-14.32
	-60.44997	-14.3154
	-60.453	-14.314
	-60.45	-14.307
	-60.457	-14.304
	-60.456	-14.292
	-60.462	-14.28
	-60.46	-14.273
	-60.46019	-14.27266
	-60.46228	-14.26889
	-60.465	-14.264
	-60.46112	-14.25857
	-60.46	-14.257
	-60.449	-14.251
	-60.449	-14.241
	-60.464	-14.234
	-60.461	-14.224
	-60.46155	-14.22339
	-60.4622	-14.22266
	-60.46353	-14.22119
	-60.46377	-14.22092
	-60.46455	-14.22006
	-60.47	-14.214
	-60.46904	-14.21081
	-60.467	-14.204
	-60.471	-14.192
	-60.47921	-14.19263
	-60.484	-14.193
	-60.492	-14.188
	-60.488	-14.182
	-60.488	-14.171
	-60.48256	-14.16375
	-60.482	-14.163
	-60.48067	-14.16243
	-60.475	-14.16
	-60.473	-14.151
	-60.47859	-14.14044
	-60.482	-14.134
	-60.4751	-14.1294
	-60.473	-14.128
	-60.484	-14.117
	-60.473	-14.109
	-60.47791	-14.09918
	-60.479	-14.097
	-60.47	-14.089
	-60.465	-14.095
	-60.4551	-14.0895
	-60.447	-14.085
	-60.43691	-14.0734
	-60.427	-14.062
	-60.429	-14.06
	-60.426	-14.049
	-60.41536	-14.03889
	-60.40714	-14.03108
	-60.406	-14.03
	-60.40627	-14.02812
	-60.407	-14.023
	-60.40586	-14.02087
	-60.40365	-14.01678
	-60.4	-14.01
	-60.403	-13.999
	-60.39759	-13.99548
	-60.39717	-13.99561
	-60.39711	-13.99565
	-60.3968	-13.99583
	-60.39619	-13.99638
	-60.39607	-13.99654
	-60.39571	-13.99703
	-60.39552	-13.99713
	-60.39537	-13.99721
	-60.39504	-13.99728
	-60.39486	-13.99718
	-60.39479	-13.99714
	-60.39473	-13.99706
	-60.39468	-13.997
	-60.39459	-13.99681
	-60.39458	-13.99678
	-60.39455	-13.9965
	-60.39453	-13.99532
	-60.39449	-13.99445
	-60.39446	-13.99387
	-60.39436	-13.99344
	-60.39414	-13.99248
	-60.394	-13.99237
	-60.39349	-13.992
	-60.39327	-13.99191
	-60.39311	-13.99184
	-60.39291	-13.9918
	-60.39272	-13.99175
	-60.39246	-13.99178
	-60.39218	-13.99181
	-60.39196	-13.99191
	-60.39167	-13.99203
	-60.39056	-13.99234
	-60.3895	-13.99252
	-60.3889	-13.9925
	-60.38812	-13.99248
	-60.38591	-13.99257
	-60.3846	-13.99278
	-60.38374	-13.99291
	-60.38331	-13.99296
	-60.38295	-13.99299
	-60.38254	-13.99289
	-60.38244	-13.99286
	-60.38238	-13.99279
	-60.38236	-13.99275
	-60.38216	-13.99247
	-60.38193	-13.99162
	-60.38167	-13.99064
	-60.38146	-13.98977
	-60.38147	-13.98931
	-60.38148	-13.98891
	-60.3816	-13.98806
	-60.38171	-13.98733
	-60.38244	-13.98602
	-60.38343	-13.98482
	-60.38458	-13.98374
	-60.38629	-13.98128
	-60.38739	-13.98025
	-60.3885	-13.97921
	-60.38967	-13.97839
	-60.39097	-13.97778
	-60.39108	-13.97773
	-60.39154	-13.97758
	-60.3941	-13.97674
	-60.39486	-13.97657
	-60.39534	-13.97657
	-60.39571	-13.97657
	-60.39636	-13.9766
	-60.39738	-13.97666
	-60.40122	-13.97735
	-60.40496	-13.97809
	-60.40604	-13.97839
	-60.40856	-13.97949
	-60.4088	-13.97959
	-60.41071	-13.98053
	-60.41105	-13.98062
	-60.4127	-13.98105
	-60.41324	-13.98108
	-60.41372	-13.98099
	-60.41454	-13.98056
	-60.41507	-13.98022
	-60.41529	-13.98007
	-60.41579	-13.97947
	-60.41692	-13.97748
	-60.41809	-13.97539
	-60.41889	-13.97443
	-60.42185	-13.97092
	-60.42399	-13.96881
	-60.42432	-13.96824
	-60.4247	-13.96759
	-60.42511	-13.96666
	-60.42523	-13.96637
	-60.42525	-13.96634
	-60.42538	-13.9661
	-60.42721	-13.96343
	-60.4275	-13.96207
	-60.42782	-13.96057
	-60.42695	-13.9595
	-60.42613	-13.95887
	-60.42565	-13.95859
	-60.42549	-13.9585
	-60.42471	-13.95853
	-60.42322	-13.95976
	-60.42314	-13.95982
	-60.42234	-13.96172
	-60.42221	-13.96274
	-60.42217	-13.96279
	-60.42208	-13.9629
	-60.42182	-13.96322
	-60.42146	-13.96366
	-60.42049	-13.96379
	-60.41991	-13.96337
	-60.4194	-13.96276
	-60.41937	-13.96209
	-60.41929	-13.96014
	-60.41879	-13.95924
	-60.41858	-13.95885
	-60.41837	-13.95832
	-60.41809	-13.95758
	-60.41826	-13.95656
	-60.41879	-13.95575
	-60.41941	-13.95528
	-60.4197	-13.95506
	-60.41976	-13.95383
	-60.4191	-13.95279
	-60.41839	-13.95296
	-60.41807	-13.95317
	-60.41781	-13.95335
	-60.41704	-13.95329
	-60.41621	-13.95306
	-60.41575	-13.95294
	-60.41545	-13.95278
	-60.41463	-13.95235
	-60.41382	-13.95228
	-60.41324	-13.95223
	-60.4118	-13.95233
	-60.41146	-13.95224
	-60.41098	-13.95212
	-60.40998	-13.95133
	-60.40961	-13.95024
	-60.40959	-13.95019
	-60.4095	-13.94958
	-60.40951	-13.94957
	-60.40976	-13.94898
	-60.41007	-13.94853
	-60.41023	-13.94829
	-60.41074	-13.94789
	-60.41081	-13.94783
	-60.41152	-13.94742
	-60.41162	-13.9474
	-60.41236	-13.94727
	-60.41306	-13.94742
	-60.41377	-13.94756
	-60.41438	-13.94781
	-60.41489	-13.94802
	-60.41504	-13.94808
	-60.41637	-13.94869
	-60.41702	-13.94886
	-60.41746	-13.94898
	-60.41826	-13.94875
	-60.41854	-13.94867
	-60.41915	-13.94804
	-60.41933	-13.94785
	-60.4197	-13.94667
	-60.41949	-13.94597
	-60.41937	-13.94561
	-60.41884	-13.94448
	-60.41809	-13.94329
	-60.41796	-13.94279
	-60.41785	-13.94238
	-60.41778	-13.94202
	-60.41764	-13.94127
	-60.41757	-13.9393
	-60.41777	-13.93867
	-60.41785	-13.93842
	-60.41843	-13.93767
	-60.41896	-13.93734
	-60.41989	-13.93676
	-60.42037	-13.93648
	-60.42088	-13.93619
	-60.42166	-13.93574
	-60.42227	-13.93539
	-60.42256	-13.93538
	-60.42298	-13.93536
	-60.42312	-13.93544
	-60.42355	-13.9357
	-60.42366	-13.93627
	-60.42314	-13.93698
	-60.42266	-13.93718
	-60.42251	-13.93725
	-60.42225	-13.93752
	-60.42179	-13.93802
	-60.42202	-13.93867
	-60.42251	-13.939
	-60.4239	-13.93924
	-60.42473	-13.93877
	-60.42504	-13.93877
	-60.42532	-13.93878
	-60.42567	-13.9391
	-60.42586	-13.93925
	-60.42597	-13.94044
	-60.42566	-13.94148
	-60.42579	-13.94196
	-60.42587	-13.94225
	-60.42644	-13.94282
	-60.42675	-13.9429
	-60.42721	-13.94301
	-60.42796	-13.94279
	-60.42886	-13.94252
	-60.42899	-13.94233
	-60.42974	-13.94113
	-60.43062	-13.9399
	-60.43186	-13.93848
	-60.43373	-13.93703
	-60.43769	-13.93515
	-60.43821	-13.93479
	-60.44018	-13.93341
	-60.44161	-13.93215
	-60.44246	-13.93139
	-60.44363	-13.93055
	-60.44415	-13.93018
	-60.44463	-13.9301
	-60.44504	-13.93004
	-60.44536	-13.93015
	-60.44595	-13.93034
	-60.44653	-13.93061
	-60.4468	-13.93075
	-60.4472	-13.9313
	-60.44737	-13.93154
	-60.44729	-13.93259
	-60.44702	-13.93376
	-60.44656	-13.93481
	-60.44597	-13.93569
	-60.44544	-13.93637
	-60.44474	-13.93686
	-60.44427	-13.9374
	-60.44407	-13.93826
	-60.44413	-13.93881
	-60.44417	-13.93921
	-60.44495	-13.93982
	-60.44537	-13.93992
	-60.44586	-13.94004
	-60.44623	-13.93994
	-60.44675	-13.93979
	-60.44753	-13.93922
	-60.44965	-13.93799
	-60.45016	-13.93772
	-60.45082	-13.93738
	-60.45143	-13.93656
	-60.4515	-13.93646
	-60.45153	-13.93626
	-60.45162	-13.93568
	-60.45153	-13.93495
	-60.45134	-13.93427
	-60.45114	-13.93359
	-60.45086	-13.93316
	-60.45083	-13.93312
	-60.45067	-13.93244
	-60.45066	-13.93236
	-60.45066	-13.9323
	-60.45053	-13.93094
	-60.45041	-13.92963
	-60.4503	-13.92711
	-60.45029	-13.9268
	-60.45063	-13.92487
	-60.45078	-13.92403
	-60.45091	-13.92289
	-60.4513	-13.9194
	-60.4519	-13.91671
	-60.45259	-13.91495
	-60.45307	-13.91335
	-60.4531	-13.91288
	-60.45317	-13.91165
	-60.45286	-13.90834
	-60.45273	-13.90695
	-60.45281	-13.90611
	-60.45288	-13.90542
	-60.45305	-13.90424
	-60.45309	-13.90399
	-60.45371	-13.90258
	-60.45503	-13.90046
	-60.45577	-13.89948
	-60.45635	-13.89832
	-60.45665	-13.89743
	-60.4568	-13.89699
	-60.45706	-13.89593
	-60.45704	-13.8948
	-60.45634	-13.89281
	-60.45603	-13.89225
	-60.45587	-13.89196
	-60.45535	-13.89131
	-60.45423	-13.89045
	-60.45381	-13.89022
	-60.45293	-13.88972
	-60.45186	-13.88898
	-60.45093	-13.88832
	-60.45063	-13.8879
	-60.45047	-13.88768
	-60.45042	-13.88745
	-60.45028	-13.88688
	-60.45031	-13.8856
	-60.45042	-13.88446
	-60.45057	-13.88415
	-60.45094	-13.88337
	-60.45162	-13.88229
	-60.45165	-13.88224
	-60.45285	-13.88115
	-60.45289	-13.88114
	-60.45448	-13.88077
	-60.45616	-13.88064
	-60.45756	-13.88067
	-60.45789	-13.88067
	-60.45908	-13.88082
	-60.4596	-13.88089
	-60.46	-13.88097
	-60.4623	-13.88142
	-60.46296	-13.88158
	-60.46363	-13.88174
	-60.46504	-13.88231
	-60.46671	-13.8839
	-60.46714	-13.88448
	-60.46742	-13.88486
	-60.46782	-13.88596
	-60.46786	-13.88713
	-60.46729	-13.8882
	-60.46706	-13.88898
	-60.46692	-13.88944
	-60.4669	-13.8895
	-60.46686	-13.88963
	-60.46686	-13.89004
	-60.46685	-13.89039
	-60.46685	-13.89046
	-60.46685	-13.89056
	-60.46696	-13.89083
	-60.46717	-13.89136
	-60.46762	-13.89168
	-60.46787	-13.89187
	-60.46826	-13.89207
	-60.46864	-13.89204
	-60.46885	-13.89202
	-60.4703	-13.89139
	-60.47203	-13.89066
	-60.47261	-13.89045
	-60.47308	-13.89028
	-60.47403	-13.88959
	-60.47504	-13.88886
	-60.47561	-13.8881
	-60.47608	-13.88707
	-60.47619	-13.88612
	-60.47621	-13.88578
	-60.47625	-13.88515
	-60.47618	-13.88464
	-60.47613	-13.88431
	-60.47601	-13.88331
	-60.47552	-13.88229
	-60.47446	-13.88046
	-60.47431	-13.88025
	-60.47351	-13.87916
	-60.47229	-13.87813
	-60.47227	-13.87812
	-60.47066	-13.87749
	-60.469	-13.87694
	-60.46811	-13.87654
	-60.46762	-13.8762
	-60.4674	-13.87604
	-60.46622	-13.87514
	-60.46546	-13.87428
	-60.46484	-13.8733
	-60.46452	-13.87262
	-60.46437	-13.87231
	-60.46422	-13.87181
	-60.4642	-13.87174
	-60.46413	-13.87149
	-60.46406	-13.87125
	-60.46411	-13.87032
	-60.46417	-13.86926
	-60.46423	-13.86885
	-60.46441	-13.86751
	-60.46473	-13.86614
	-60.46476	-13.86454
	-60.46467	-13.86405
	-60.46454	-13.86378
	-60.46443	-13.86357
	-60.46432	-13.86339
	-60.46404	-13.86297
	-60.46352	-13.8625
	-60.46297	-13.86205
	-60.46271	-13.8619
	-60.46239	-13.86173
	-60.46091	-13.86116
	-60.46049	-13.86099
	-60.45953	-13.86084
	-60.45953	-13.86083
	-60.45848	-13.86082
	-60.45782	-13.8606
	-60.45757	-13.86052
	-60.4575	-13.86045
	-60.45746	-13.86042
	-60.45691	-13.8599
	-60.45601	-13.85836
	-60.45572	-13.85758
	-60.45562	-13.85669
	-60.45582	-13.85557
	-60.45627	-13.85446
	-60.45658	-13.85412
	-60.45696	-13.85369
	-60.45767	-13.85309
	-60.4578	-13.85297
	-60.45802	-13.85288
	-60.45859	-13.85261
	-60.45911	-13.85243
	-60.45942	-13.85232
	-60.46026	-13.85222
	-60.46052	-13.85219
	-60.46148	-13.8525
	-60.46223	-13.85307
	-60.46298	-13.85397
	-60.46439	-13.85561
	-60.46489	-13.85582
	-60.46548	-13.85605
	-60.46626	-13.8562
	-60.46657	-13.85625
	-60.46769	-13.85631
	-60.46867	-13.85599
	-60.46913	-13.85566
	-60.47119	-13.85421
	-60.47404	-13.85269
	-60.4755	-13.85191
	-60.47776	-13.85151
	-60.4789	-13.85173
	-60.47917	-13.85202
	-60.47982	-13.85272
	-60.48468	-13.8566
	-60.48538	-13.85716
	-60.48559	-13.85728
	-60.48627	-13.85766
	-60.48713	-13.85799
	-60.48717	-13.85801
	-60.4873	-13.85806
	-60.48812	-13.8582
	-60.48898	-13.8582
	-60.48973	-13.8581
	-60.49046	-13.8579
	-60.4913	-13.85747
	-60.49168	-13.85723
	-60.49196	-13.85704
	-60.49249	-13.85654
	-60.49291	-13.85599
	-60.49313	-13.85518
	-60.49311	-13.85472
	-60.49309	-13.85433
	-60.49303	-13.85418
	-60.49287	-13.85381
	-60.49259	-13.85334
	-60.49202	-13.85275
	-60.49161	-13.85244
	-60.49121	-13.85228
	-60.4901	-13.85211
	-60.48874	-13.85189
	-60.48762	-13.85134
	-60.48683	-13.85092
	-60.48661	-13.8508
	-60.48458	-13.84887
	-60.48365	-13.8477
	-60.4832	-13.84711
	-60.48309	-13.84667
	-60.48299	-13.84626
	-60.48296	-13.84604
	-60.48285	-13.84513
	-60.4826	-13.84441
	-60.48246	-13.84397
	-60.48178	-13.84256
	-60.48133	-13.84161
	-60.48065	-13.84094
	-60.48032	-13.8406
	-60.47919	-13.83977
	-60.47831	-13.8393
	-60.47705	-13.83862
	-60.47596	-13.8377
	-60.47464	-13.83658
	-60.47183	-13.83533
	-60.47046	-13.83453
	-60.46984	-13.83417
	-60.46955	-13.83388
	-60.46917	-13.83351
	-60.46869	-13.83269
	-60.46859	-13.83223
	-60.4685	-13.83185
	-60.4685	-13.83159
	-60.46849	-13.83127
	-60.46849	-13.83093
	-60.46849	-13.83087
	-60.46906	-13.82982
	-60.4699	-13.8291
	-60.47031	-13.8289
	-60.47077	-13.82868
	-60.47079	-13.82868
	-60.47189	-13.82856
	-60.47287	-13.82856
	-60.4735	-13.82875
	-60.47398	-13.8289
	-60.47487	-13.82942
	-60.47572	-13.83022
	-60.47725	-13.83217
	-60.47819	-13.83291
	-60.47834	-13.83296
	-60.47909	-13.83325
	-60.47924	-13.83331
	-60.47942	-13.83333
	-60.48038	-13.83346
	-60.48146	-13.83327
	-60.48266	-13.8325
	-60.48361	-13.83152
	-60.48448	-13.83052
	-60.48525	-13.82943
	-60.48729	-13.8277
	-60.48915	-13.82612
	-60.48929	-13.82592
	-60.48953	-13.82558
	-60.48964	-13.82524
	-60.48973	-13.82499
	-60.48992	-13.82436
	-60.4901	-13.82377
	-60.4902	-13.8231
	-60.49021	-13.82244
	-60.49016	-13.8222
	-60.49006	-13.82174
	-60.48996	-13.82146
	-60.48983	-13.82112
	-60.48969	-13.8209
	-60.4896	-13.82076
	-60.48935	-13.82048
	-60.48867	-13.81996
	-60.48805	-13.81953
	-60.48738	-13.81927
	-60.48645	-13.81898
	-60.4854	-13.81879
	-60.48454	-13.81874
	-60.48411	-13.8188
	-60.48355	-13.81887
	-60.48292	-13.81904
	-60.48256	-13.81914
	-60.48153	-13.81953
	-60.47953	-13.82136
	-60.47845	-13.82216
	-60.47799	-13.8225
	-60.47637	-13.82337
	-60.47556	-13.82358
	-60.47512	-13.82369
	-60.47377	-13.82381
	-60.47255	-13.82384
	-60.47168	-13.82354
	-60.47104	-13.82321
	-60.46983	-13.82259
	-60.46879	-13.82171
	-60.46874	-13.82167
	-60.46769	-13.82077
	-60.46653	-13.81949
	-60.46649	-13.81944
	-60.4656	-13.81824
	-60.46546	-13.81789
	-60.4652	-13.81727
	-60.46497	-13.81623
	-60.46481	-13.81424
	-60.46509	-13.8132
	-60.46516	-13.81294
	-60.46594	-13.81195
	-60.46673	-13.81152
	-60.46717	-13.81141
	-60.46759	-13.81131
	-60.4687	-13.8112
	-60.46924	-13.81114
	-60.4709	-13.81123
	-60.47112	-13.81124
	-60.47325	-13.81101
	-60.47422	-13.81097
	-60.47525	-13.81072
	-60.47613	-13.8103
	-60.47628	-13.81021
	-60.47697	-13.80983
	-60.4775	-13.80942
	-60.47804	-13.80899
	-60.47815	-13.80881
	-60.47817	-13.80878
	-60.4783	-13.80855
	-60.47869	-13.80791
	-60.47903	-13.80682
	-60.47899	-13.80579
	-60.47894	-13.80487
	-60.47869	-13.80393
	-60.47837	-13.80314
	-60.47787	-13.80239
	-60.47751	-13.80204
	-60.47736	-13.80189
	-60.47707	-13.80166
	-60.47683	-13.80148
	-60.47566	-13.80076
	-60.47499	-13.80046
	-60.47433	-13.80028
	-60.47364	-13.80015
	-60.4732	-13.80006
	-60.47214	-13.8001
	-60.47104	-13.80023
	-60.47005	-13.80055
	-60.46952	-13.80081
	-60.46822	-13.80144
	-60.46699	-13.80189
	-60.4666	-13.80188
	-60.46625	-13.80187
	-60.46553	-13.80166
	-60.46497	-13.80123
	-60.46482	-13.80095
	-60.4647	-13.80072
	-60.46441	-13.80024
	-60.46424	-13.7996
	-60.46426	-13.79955
	-60.46433	-13.79924
	-60.46443	-13.79909
	-60.46454	-13.7989
	-60.46491	-13.79852
	-60.46504	-13.79838
	-60.46537	-13.79787
	-60.46588	-13.7971
	-60.46663	-13.79572
	-60.46712	-13.79504
	-60.46724	-13.79494
	-60.46776	-13.79446
	-60.46813	-13.79412
	-60.46869	-13.7938
	-60.4692	-13.79349
	-60.46985	-13.79326
	-60.47045	-13.79318
	-60.47089	-13.79311
	-60.47201	-13.79324
	-60.47648	-13.79397
	-60.48032	-13.79464
	-60.48407	-13.79536
	-60.48482	-13.79537
	-60.48661	-13.79539
	-60.4879	-13.79532
	-60.48901	-13.79525
	-60.49023	-13.79511
	-60.49134	-13.79491
	-60.49165	-13.79481
	-60.49195	-13.79471
	-60.49207	-13.79465
	-60.49246	-13.79447
	-60.49307	-13.79418
	-60.4931	-13.79415
	-60.49363	-13.79378
	-60.49419	-13.79329
	-60.49435	-13.79306
	-60.49458	-13.79272
	-60.49524	-13.79144
	-60.49607	-13.79018
	-60.49654	-13.7897
	-60.49697	-13.78926
	-60.49708	-13.78915
	-60.4985	-13.7883
	-60.4988	-13.78821
	-60.49928	-13.78807
	-60.49966	-13.78806
	-60.50012	-13.78805
	-60.50093	-13.78828
	-60.50112	-13.78834
	-60.50191	-13.78891
	-60.50192	-13.78892
	-60.5027	-13.7899
	-60.5028	-13.79006
	-60.50288	-13.7902
	-60.50297	-13.79034
	-60.50297	-13.79035
	-60.50307	-13.79089
	-60.50308	-13.79123
	-60.50308	-13.79151
	-60.50308	-13.79165
	-60.50306	-13.79169
	-60.50283	-13.79236
	-60.50266	-13.79288
	-60.50247	-13.79346
	-60.50248	-13.79365
	-60.50249	-13.79394
	-60.5025	-13.79404
	-60.5025	-13.79412
	-60.50286	-13.79471
	-60.50353	-13.79521
	-60.50405	-13.79537
	-60.50427	-13.79543
	-60.50472	-13.79535
	-60.50491	-13.79531
	-60.50517	-13.79519
	-60.50551	-13.79504
	-60.50638	-13.79428
	-60.50642	-13.79421
	-60.50681	-13.79346
	-60.50746	-13.79277
	-60.50825	-13.79209
	-60.50906	-13.79165
	-60.50957	-13.79136
	-60.50995	-13.79115
	-60.51076	-13.79096
	-60.51086	-13.79094
	-60.51088	-13.79093
	-60.51174	-13.79078
	-60.51272	-13.7908
	-60.51314	-13.7909
	-60.51373	-13.79104
	-60.51466	-13.79145
	-60.51502	-13.79172
	-60.51555	-13.79214
	-60.51673	-13.79261
	-60.5183	-13.79317
	-60.51895	-13.79341
	-60.52143	-13.79413
	-60.52393	-13.79446
	-60.52428	-13.79441
	-60.52492	-13.79432
	-60.52571	-13.79417
	-60.52593	-13.79413
	-60.52628	-13.79402
	-60.52693	-13.79382
	-60.52711	-13.7937
	-60.52771	-13.79332
	-60.5281	-13.79292
	-60.52836	-13.79266
	-60.52875	-13.79201
	-60.5289	-13.79166
	-60.52896	-13.79136
	-60.52898	-13.79129
	-60.52895	-13.79082
	-60.52882	-13.79036
	-60.52855	-13.78998
	-60.52825	-13.7897
	-60.52757	-13.78918
	-60.52651	-13.78847
	-60.52623	-13.78828
	-60.52488	-13.78631
	-60.52381	-13.78503
	-60.52355	-13.78472
	-60.52017	-13.78255
	-60.52005	-13.78247
	-60.51929	-13.78117
	-60.51926	-13.78112
	-60.51899	-13.77932
	-60.5188	-13.77821
	-60.51833	-13.77539
	-60.51819	-13.77409
	-60.51817	-13.77391
	-60.51825	-13.77242
	-60.5191	-13.77107
	-60.52044	-13.77001
	-60.52052	-13.76994
	-60.52239	-13.76947
	-60.5231	-13.76929
	-60.52545	-13.76923
	-60.52803	-13.76969
	-60.5303	-13.77078
	-60.53083	-13.77097
	-60.53149	-13.77119
	-60.53282	-13.77126
	-60.53378	-13.77111
	-60.53461	-13.77097
	-60.53712	-13.7708
	-60.53718	-13.7708
	-60.53728	-13.77079
	-60.53788	-13.77075
	-60.54025	-13.77032
	-60.541	-13.76994
	-60.54259	-13.76913
	-60.54364	-13.76843
	-60.54369	-13.7684
	-60.54423	-13.76797
	-60.54445	-13.76788
	-60.54518	-13.76758
	-60.54648	-13.7676
	-60.54687	-13.76769
	-60.54698	-13.76772
	-60.54714	-13.76782
	-60.54749	-13.76802
	-60.54823	-13.76906
	-60.54839	-13.76945
	-60.5485	-13.76971
	-60.5486	-13.77045
	-60.54863	-13.77178
	-60.54855	-13.77307
	-60.54837	-13.77367
	-60.54819	-13.7743
	-60.54736	-13.77599
	-60.54655	-13.77766
	-60.54625	-13.77843
	-60.54589	-13.77939
	-60.54584	-13.77965
	-60.54583	-13.77968
	-60.54574	-13.78019
	-60.54571	-13.78032
	-60.54565	-13.7806
	-60.54571	-13.78082
	-60.54577	-13.78102
	-60.54604	-13.78137
	-60.54618	-13.78156
	-60.54675	-13.78212
	-60.54695	-13.78224
	-60.54731	-13.78244
	-60.54805	-13.78256
	-60.54887	-13.78242
	-60.54927	-13.78226
	-60.54968	-13.78209
	-60.55077	-13.7811
	-60.55286	-13.77925
	-60.55324	-13.77847
	-60.55364	-13.77764
	-60.55376	-13.77738
	-60.55404	-13.77683
	-60.55423	-13.77616
	-60.55428	-13.77599
	-60.55493	-13.77393
	-60.55538	-13.77254
	-60.55561	-13.77226
	-60.55604	-13.77174
	-60.55663	-13.77103
	-60.55817	-13.76977
	-60.55984	-13.76908
	-60.56145	-13.7687
	-60.56206	-13.76867
	-60.56392	-13.76859
	-60.56595	-13.76866
	-60.56644	-13.76868
	-60.56732	-13.7687
	-60.56815	-13.7686
	-60.56889	-13.76845
	-60.56947	-13.76808
	-60.56961	-13.76799
	-60.56977	-13.76779
	-60.57008	-13.7674
	-60.57035	-13.7668
	-60.57039	-13.76672
	-60.57049	-13.76644
	-60.57066	-13.76598
	-60.57071	-13.7656
	-60.57069	-13.76523
	-60.57068	-13.76517
	-60.57058	-13.7646
	-60.57032	-13.76407
	-60.5701	-13.76372
	-60.57	-13.76356
	-60.56999	-13.76356
	-60.56945	-13.76315
	-60.56867	-13.76268
	-60.5683	-13.76245
	-60.56786	-13.76219
	-60.56634	-13.7614
	-60.56584	-13.76036
	-60.5657	-13.75952
	-60.56564	-13.75916
	-60.56586	-13.758
	-60.56641	-13.75719
	-60.56657	-13.75696
	-60.56769	-13.75645
	-60.56843	-13.7564
	-60.56899	-13.75636
	-60.56935	-13.75646
	-60.57064	-13.75681
	-60.57225	-13.75756
	-60.57325	-13.75763
	-60.5741	-13.75769
	-60.57504	-13.75763
	-60.57607	-13.75756
	-60.57621	-13.75752
	-60.57746	-13.75718
	-60.57781	-13.75698
	-60.57799	-13.75687
	-60.57812	-13.75672
	-60.5784	-13.75642
	-60.57872	-13.75593
	-60.5789	-13.75565
	-60.57892	-13.75558
	-60.57906	-13.75512
	-60.57909	-13.75472
	-60.5791	-13.75455
	-60.57906	-13.75431
	-60.57896	-13.75367
	-60.57869	-13.75308
	-60.57796	-13.75235
	-60.57695	-13.75134
	-60.57603	-13.7506
	-60.57569	-13.75029
	-60.57513	-13.74981
	-60.57473	-13.74923
	-60.57465	-13.74912
	-60.5745	-13.7489
	-60.57436	-13.74822
	-60.57426	-13.74772
	-60.57432	-13.74697
	-60.57446	-13.74655
	-60.57456	-13.74623
	-60.57489	-13.74563
	-60.57496	-13.74557
	-60.5755	-13.74512
	-60.57593	-13.74491
	-60.57637	-13.7447
	-60.57736	-13.74453
	-60.57789	-13.74461
	-60.5783	-13.74467
	-60.57917	-13.74494
	-60.58059	-13.7454
	-60.58083	-13.7455
	-60.58088	-13.74553
	-60.58198	-13.746
	-60.58355	-13.74647
	-60.58505	-13.74691
	-60.58518	-13.74691
	-60.58566	-13.74691
	-60.58591	-13.74684
	-60.58629	-13.74672
	-60.58743	-13.74614
	-60.58795	-13.74533
	-60.58808	-13.74445
	-60.58807	-13.74379
	-60.58807	-13.74294
	-60.58851	-13.74195
	-60.58883	-13.74167
	-60.58909	-13.74144
	-60.58987	-13.74114
	-60.59065	-13.74105
	-60.59143	-13.74117
	-60.59213	-13.74163
	-60.59275	-13.74233
	-60.5935	-13.74396
	-60.59372	-13.74428
	-60.59396	-13.74463
	-60.59434	-13.74496
	-60.5946	-13.74518
	-60.59536	-13.74555
	-60.59615	-13.74593
	-60.59684	-13.74632
	-60.59727	-13.74656
	-60.59862	-13.74696
	-60.59869	-13.74698
	-60.59981	-13.74725
	-60.60099	-13.74718
	-60.60118	-13.74716
	-60.60225	-13.747
	-60.60343	-13.74685
	-60.60507	-13.747
	-60.60652	-13.74639
	-60.60684	-13.74619
	-60.60706	-13.74593
	-60.60725	-13.74529
	-60.60726	-13.7452
	-60.60728	-13.74498
	-60.60719	-13.74467
	-60.60719	-13.74466
	-60.60706	-13.74443
	-60.60696	-13.74424
	-60.60691	-13.74419
	-60.6065	-13.74374
	-60.60626	-13.74354
	-60.60612	-13.74341
	-60.6061	-13.7434
	-60.60555	-13.74316
	-60.60537	-13.74299
	-60.60513	-13.74277
	-60.60493	-13.7424
	-60.60487	-13.74231
	-60.60487	-13.74182
	-60.60491	-13.74159
	-60.60494	-13.74132
	-60.60519	-13.74087
	-60.60603	-13.73981
	-60.60633	-13.7386
	-60.60663	-13.73816
	-60.60704	-13.73757
	-60.60707	-13.73752
	-60.6071	-13.73747
	-60.60766	-13.73707
	-60.60778	-13.73704
	-60.60792	-13.73699
	-60.60818	-13.73702
	-60.60822	-13.73702
	-60.60855	-13.73717
	-60.60957	-13.7381
	-60.6097	-13.73822
	-60.61026	-13.73876
	-60.61099	-13.73876
	-60.61152	-13.73822
	-60.61174	-13.73737
	-60.61167	-13.73703
	-60.6114	-13.73564
	-60.6111	-13.73272
	-60.61088	-13.73196
	-60.61071	-13.73136
	-60.61035	-13.73066
	-60.61007	-13.73011
	-60.60877	-13.72813
	-60.60873	-13.72808
	-60.60859	-13.72787
	-60.6085	-13.72738
	-60.60855	-13.72689
	-60.60868	-13.72638
	-60.60873	-13.72628
	-60.60892	-13.72588
	-60.60924	-13.72545
	-60.60957	-13.725
	-60.61059	-13.7244
	-60.61064	-13.72437
	-60.61158	-13.72386
	-60.61226	-13.72379
	-60.6127	-13.72374
	-60.6142	-13.72393
	-60.61577	-13.72441
	-60.6159	-13.72444
	-60.61641	-13.72456
	-60.61703	-13.7246
	-60.61718	-13.72461
	-60.61781	-13.72451
	-60.61842	-13.72421
	-60.61904	-13.72377
	-60.61944	-13.723
	-60.61955	-13.72266
	-60.6197	-13.72221
	-60.6197	-13.72133
	-60.61905	-13.72072
	-60.61896	-13.72063
	-60.61892	-13.72056
	-60.61845	-13.71979
	-60.61843	-13.71929
	-60.61842	-13.71887
	-60.61886	-13.718
	-60.61923	-13.71776
	-60.61971	-13.71745
	-60.62026	-13.71739
	-60.62086	-13.71732
	-60.62206	-13.71743
	-60.62325	-13.71798
	-60.6243	-13.7189
	-60.62462	-13.71917
	-60.62542	-13.72041
	-60.62578	-13.72098
	-60.62589	-13.72125
	-60.62658	-13.72301
	-60.62669	-13.72326
	-60.62699	-13.72388
	-60.62704	-13.724
	-60.62724	-13.72441
	-60.62851	-13.72535
	-60.6298	-13.72623
	-60.63137	-13.72656
	-60.63262	-13.72645
	-60.63364	-13.72586
	-60.63627	-13.72561
	-60.6372	-13.72567
	-60.63763	-13.72569
	-60.63884	-13.72612
	-60.63945	-13.7267
	-60.63959	-13.72682
	-60.64024	-13.72788
	-60.6405	-13.72855
	-60.64069	-13.72905
	-60.64074	-13.7294
	-60.64085	-13.73023
	-60.64095	-13.73081
	-60.6411	-13.73161
	-60.64128	-13.73217
	-60.64153	-13.73297
	-60.64199	-13.73434
	-60.64255	-13.73501
	-60.64281	-13.73533
	-60.64301	-13.73553
	-60.64345	-13.73598
	-60.64355	-13.73603
	-60.6444	-13.73645
	-60.64483	-13.73664
	-60.64514	-13.73678
	-60.64618	-13.7368
	-60.64679	-13.73659
	-60.64763	-13.7363
	-60.64884	-13.7352
	-60.6495	-13.73392
	-60.64976	-13.73341
	-60.6498	-13.7333
	-60.65009	-13.73246
	-60.6501	-13.73205
	-60.65012	-13.73154
	-60.65	-13.73085
	-60.64998	-13.7307
	-60.65008	-13.7299
	-60.6501	-13.72981
	-60.65026	-13.72917
	-60.65033	-13.72891
	-60.65108	-13.72809
	-60.6521	-13.72793
	-60.65313	-13.72815
	-60.65359	-13.72841
	-60.65391	-13.72859
	-60.65461	-13.72923
	-60.65516	-13.73016
	-60.6553	-13.73053
	-60.65535	-13.73064
	-60.65541	-13.73123
	-60.65523	-13.73219
	-60.65484	-13.73305
	-60.65451	-13.73348
	-60.65423	-13.73384
	-60.65396	-13.73484
	-60.65396	-13.73485
	-60.6539	-13.7353
	-60.65396	-13.73569
	-60.65404	-13.73624
	-60.65473	-13.73713
	-60.65561	-13.73697
	-60.65632	-13.73635
	-60.65689	-13.73499
	-60.65732	-13.73389
	-60.65772	-13.73346
	-60.65829	-13.73284
	-60.66034	-13.73156
	-60.66459	-13.72891
	-60.66888	-13.72657
	-60.67196	-13.72517
	-60.67334	-13.72455
	-60.6784	-13.7196
	-60.67913	-13.71888
	-60.67997	-13.71806
	-60.68326	-13.7148
	-60.68561	-13.71118
	-60.68586	-13.7105
	-60.68607	-13.70992
	-60.68638	-13.70867
	-60.68675	-13.70604
	-60.68678	-13.7052
	-60.68693	-13.70066
	-60.68702	-13.7003
	-60.68718	-13.69966
	-60.68756	-13.69887
	-60.68829	-13.69791
	-60.68882	-13.69744
	-60.68913	-13.69718
	-60.69011	-13.69677
	-60.69104	-13.6966
	-60.69213	-13.69656
	-60.69268	-13.69659
	-60.69283	-13.69668
	-60.69314	-13.69686
	-60.69403	-13.69762
	-60.69467	-13.69843
	-60.69482	-13.69862
	-60.69529	-13.69985
	-60.69535	-13.69999
	-60.69555	-13.70051
	-60.69563	-13.70152
	-60.69564	-13.70163
	-60.69547	-13.70285
	-60.69464	-13.70458
	-60.69418	-13.70554
	-60.6935	-13.70842
	-60.69324	-13.71018
	-60.69321	-13.71165
	-60.69321	-13.71184
	-60.69313	-13.71216
	-60.69308	-13.71235
	-60.69304	-13.7125
	-60.69298	-13.71273
	-60.69286	-13.71315
	-60.69294	-13.7135
	-60.69312	-13.71372
	-60.69318	-13.71378
	-60.69322	-13.71381
	-60.69339	-13.71397
	-60.69357	-13.71405
	-60.69371	-13.7141
	-60.69372	-13.7141
	-60.6942	-13.71416
	-60.69453	-13.71411
	-60.69468	-13.71408
	-60.69553	-13.7136
	-60.69611	-13.71304
	-60.69678	-13.7124
	-60.70231	-13.70558
	-60.70389	-13.70364
	-60.70443	-13.70262
	-60.70527	-13.70102
	-60.70543	-13.69962
	-60.70573	-13.69699
	-60.70575	-13.69499
	-60.70559	-13.69336
	-60.70555	-13.69293
	-60.70588	-13.69253
	-60.70648	-13.69182
	-60.7078	-13.69098
	-60.70982	-13.69115
	-60.71038	-13.6912
	-60.7095	-13.6899
	-60.7076	-13.68919
	-60.70782	-13.68866
	-60.70859	-13.68788
	-60.70855	-13.68699
	-60.7083	-13.68621
	-60.70925	-13.68657
	-60.71082	-13.68494
	-60.71141	-13.68504
	-60.71213	-13.68606
	-60.71258	-13.68652
	-60.71338	-13.68666
	-60.71411	-13.6857
	-60.71502	-13.68474
	-60.71516	-13.68427
	-60.71487	-13.68389
	-60.71446	-13.68369
	-60.714	-13.68344
	-60.71363	-13.68309
	-60.71369	-13.68285
	-60.71391	-13.68262
	-60.7144	-13.68247
	-60.71537	-13.68203
	-60.713	-13.676
	-60.709	-13.676
	-60.709	-13.671
	-60.699	-13.67
	-60.696	-13.666
	-60.702	-13.66
	-60.697	-13.657
	-60.699	-13.654
	-60.693	-13.653
	-60.69	-13.649
	-60.691	-13.644
	-60.686	-13.639
	-60.689	-13.633
	-60.686	-13.625
	-60.674	-13.617
	-60.672	-13.612
	-60.669	-13.613
	-60.669	-13.608
	-60.665	-13.611
	-60.664	-13.604
	-60.655	-13.602
	-60.645	-13.592
	-60.641	-13.596
	-60.638	-13.592
	-60.641	-13.585
	-60.633	-13.579
	-60.635	-13.578
	-60.632	-13.571
	-60.611	-13.566
	-60.6	-13.572
	-60.592	-13.571
	-60.587	-13.565
	-60.577	-13.565
	-60.556	-13.553
	-60.554	-13.548
	-60.548	-13.548
	-60.544	-13.536
	-60.533	-13.536
	-60.53	-13.517
	-60.501	-13.498
	-60.495	-13.499
	-60.486	-13.494
	-60.481	-13.496
	-60.478	-13.493
	-60.465	-13.489
	-60.456	-13.493
	-60.431	-13.488
	-60.43	-13.482
	-60.411	-13.461
	-60.402	-13.462
	-60.399	-13.456
	-60.387	-13.454
	-60.381	-13.442
	-60.384	-13.441
	-60.379	-13.422
	-60.379	-13.415
	-60.371	-13.408
	-60.379	-13.39
	-60.379	-13.375
	-60.376	-13.374
	-60.376	-13.368
	-60.371	-13.367
	-60.37	-13.357
	-60.371	-13.348
	-60.365	-13.341
	-60.366	-13.332
	-60.373	-13.324
	-60.37203	-13.31812
	-60.37161	-13.31741
	-60.37161	-13.31642
	-60.37195	-13.31481
	-60.37192	-13.31449
	-60.3715	-13.31416
	-60.37115	-13.31406
	-60.37056	-13.31424
	-60.37003	-13.31429
	-60.36934	-13.31422
	-60.36827	-13.31438
	-60.36712	-13.31467
	-60.36643	-13.31498
	-60.36596	-13.31482
	-60.36581	-13.31446
	-60.36576	-13.31407
	-60.36581	-13.31361
	-60.36561	-13.31334
	-60.36529	-13.31335
	-60.36489	-13.31345
	-60.36459	-13.31327
	-60.36438	-13.31271
	-60.36442	-13.31205
	-60.36456	-13.31187
	-60.36518	-13.31153
	-60.36556	-13.31113
	-60.36573	-13.31034
	-60.36573	-13.30985
	-60.36545	-13.30947
	-60.36507	-13.30946
	-60.36469	-13.30968
	-60.36435	-13.30999
	-60.36395	-13.31014
	-60.36357	-13.30991
	-60.36335	-13.30953
	-60.36286	-13.30879
	-60.36188	-13.30799
	-60.3613	-13.30732
	-60.36088	-13.30667
	-60.36082	-13.30616
	-60.3606	-13.30584
	-60.36056	-13.30542
	-60.36071	-13.30528
	-60.36104	-13.30521
	-60.36151	-13.30495
	-60.36195	-13.30439
	-60.36303	-13.30361
	-60.36318	-13.30329
	-60.36317	-13.30279
	-60.36282	-13.30207
	-60.36206	-13.30124
	-60.36175	-13.30082
	-60.36178	-13.30043
	-60.36216	-13.30004
	-60.36271	-13.29981
	-60.36315	-13.29983
	-60.36345	-13.30002
	-60.36356	-13.3003
	-60.36392	-13.30058
	-60.36424	-13.30092
	-60.36427	-13.30142
	-60.36411	-13.3018
	-60.36401	-13.30214
	-60.36426	-13.30252
	-60.36467	-13.3028
	-60.36519	-13.3028
	-60.36561	-13.30258
	-60.36596	-13.3021
	-60.36609	-13.30142
	-60.36609	-13.30081
	-60.36576	-13.30015
	-60.36508	-13.2994
	-60.36441	-13.29896
	-60.36414	-13.29896
	-60.36368	-13.29904
	-60.36333	-13.2988
	-60.36334	-13.29859
	-60.3635	-13.29822
	-60.36359	-13.29787
	-60.3635	-13.29758
	-60.36325	-13.29723
	-60.36286	-13.29703
	-60.3623	-13.29705
	-60.36185	-13.29722
	-60.36154	-13.29764
	-60.36108	-13.29803
	-60.36055	-13.29819
	-60.36031	-13.29804
	-60.3602	-13.29771
	-60.36034	-13.29736
	-60.36069	-13.29717
	-60.36089	-13.29688
	-60.36085	-13.29656
	-60.36056	-13.29631
	-60.35992	-13.29616
	-60.35877	-13.29633
	-60.35806	-13.29627
	-60.35703	-13.29599
	-60.35531	-13.29486
	-60.35453	-13.29422
	-60.35368	-13.29364
	-60.35303	-13.29338
	-60.35256	-13.29301
	-60.35196	-13.29207
	-60.35136	-13.29076
	-60.35114	-13.28966
	-60.35094	-13.28898
	-60.35056	-13.2886
	-60.35043	-13.28821
	-60.35042	-13.28734
	-60.35054	-13.2865
	-60.3508	-13.28611
	-60.35132	-13.28584
	-60.35189	-13.28559
	-60.35234	-13.28514
	-60.35239	-13.28474
	-60.35222	-13.2844
	-60.35195	-13.2841
	-60.35173	-13.28297
	-60.35152	-13.2824
	-60.35129	-13.2811
	-60.35139	-13.28065
	-60.35167	-13.28039
	-60.35209	-13.28025
	-60.35226	-13.27999
	-60.35224	-13.27938
	-60.35188	-13.27856
	-60.35177	-13.27805
	-60.35195	-13.27693
	-60.35196	-13.27615
	-60.35171	-13.27498
	-60.3517	-13.27394
	-60.35155	-13.27321
	-60.35089	-13.27265
	-60.35006	-13.27242
	-60.34951	-13.27259
	-60.3489	-13.27239
	-60.34861	-13.272
	-60.34858	-13.27149
	-60.34837	-13.27119
	-60.34794	-13.27099
	-60.34726	-13.27088
	-60.3467	-13.27052
	-60.3463	-13.27045
	-60.34569	-13.2706
	-60.34531	-13.27071
	-60.34488	-13.27066
	-60.3444	-13.27036
	-60.34365	-13.27028
	-60.34318	-13.27036
	-60.34293	-13.27083
	-60.34279	-13.27156
	-60.34271	-13.27189
	-60.34218	-13.27228
	-60.34065	-13.2729
	-60.34016	-13.27305
	-60.33995	-13.2729
	-60.34001	-13.27251
	-60.34015	-13.27214
	-60.34005	-13.27175
	-60.33968	-13.27139
	-60.33902	-13.27109
	-60.33828	-13.27112
	-60.33711	-13.27095
	-60.33623	-13.27072
	-60.33583	-13.2704
	-60.33565	-13.27001
	-60.33581	-13.26953
	-60.33629	-13.26903
	-60.33659	-13.26853
	-60.33666	-13.26805
	-60.33655	-13.26752
	-60.33562	-13.26607
	-60.3354	-13.2648
	-60.33544	-13.26397
	-60.33603	-13.26322
	-60.33609	-13.26279
	-60.33587	-13.26259
	-60.33566	-13.26218
	-60.33563	-13.26169
	-60.33591	-13.26106
	-60.33585	-13.26083
	-60.33557	-13.26061
	-60.33503	-13.26046
	-60.33485	-13.26007
	-60.33484	-13.25957
	-60.33495	-13.25919
	-60.33538	-13.25889
	-60.33552	-13.25853
	-60.3355	-13.25814
	-60.33514	-13.25775
	-60.33472	-13.25761
	-60.3344	-13.25772
	-60.326	-13.255
	-60.324	-13.25
	-60.329	-13.235
	-60.328	-13.23
	-60.324	-13.229
	-60.32	-13.216
	-60.308	-13.199
	-60.309	-13.192
	-60.303	-13.178
	-60.299	-13.175
	-60.296	-13.177
	-60.268	-13.145
	-60.28	-13.135
	-60.276	-13.126
	-60.28	-13.12
	-60.277	-13.112
	-60.282	-13.106
	-60.279	-13.102
	-60.284	-13.098
	-60.282	-13.093
	-60.282	-13.08
	-60.267	-13.077
	-60.253	-13.056
	-60.248	-13.055
	-60.241	-13.038
	-60.237	-13.034
	-60.224	-13.033
	-60.22	-13.027
	-60.215	-13.027
	-60.213	-13.007
	-60.204	-12.995
	-60.201	-12.988
	-60.192	-12.982
	-60.189	-12.971
	-60.183	-12.967
	-60.167	-12.97
	-60.156	-12.968
	-60.15	-12.964
	-60.139	-12.97
	-60.13	-12.961
	-60.117	-12.959
	-60.105	-12.919
	-60.088	-12.902
	-60.079	-12.881
	-60.084	-12.837
	-60.077	-12.804
	-60.074	-12.773
	-60.09	-12.736
	-60.087	-12.716
	-60.076	-12.688
	-60.078	-12.664
	-60.063	-12.641
	-60.063	-12.628
	-60.068	-12.616
	-60.063	-12.607
	-60.034	-12.595
	-60.028	-12.579
	-60.026	-12.561
	-60.006	-12.545
	-60.0	-12.536
	-59.973	-12.53
	-59.957	-12.502
	-59.936	-12.495
	-59.935	-12.487
	-59.925	-12.481
	-59.913	-12.479
	-59.907	-12.48
	-59.904	-12.472
	-59.897	-12.471
	-59.896	-12.476
	-59.887	-12.475
	-59.868	-12.482
	-59.855	-12.478
	-59.844	-12.467
	-59.841	-12.459
	-59.842	-12.424
	-59.835	-12.413
	-59.832	-12.401
	-59.823	-12.39
	-59.818	-12.389
	-59.819	-12.378
	-59.805	-12.368
	-59.802	-12.357
	-59.792	-12.345
	-59.774	-12.341
	-59.886	-12.245
	-59.892	-12.245
	-59.893	-12.232
	-59.901	-12.223
	-59.901	-12.215
	-59.908	-12.194
	-59.91	-12.186
	-59.9	-12.17
	-59.899	-12.117
	-59.915	-12.098
	-59.923	-12.093
	-59.929	-12.078
	-59.947	-12.065
	-59.951	-12.065
	-59.956	-12.056
	-59.961	-12.056
	-59.961	-12.05
	-59.965	-12.046
	-59.969	-12.032
	-59.979	-12.029
	-59.974	-12.015
	-59.966	-12.007
	-59.97	-11.997
	-59.979	-11.991
	-59.97	-11.989
	-59.969	-11.982
	-59.974	-11.976
	-59.971	-11.97
	-59.986	-11.96
	-59.98	-11.946
	-59.988	-11.929
	-59.983	-11.92
	-59.985	-11.912
	-59.995	-11.909
	-60.006	-11.894
	-60.012	-11.893
	-60.024	-11.897
	-60.029	-11.895
	-60.033	-11.898
	-60.042	-11.892
	-60.047	-11.897
	-60.06	-11.895
	-60.073	-11.884
	-60.076	-11.885
	-60.074	-11.879
	-60.078	-11.87
	-60.085	-11.867
	-60.079	-11.862
	-60.083	-11.858
	-60.088	-11.862
	-60.091	-11.861
	-60.089	-11.855
	-60.092	-11.853
	-60.096	-11.858
	-60.093	-11.849
	-60.098	-11.845
	-60.097	-11.839
	-60.101	-11.835
	-60.108	-11.839
	-60.102	-11.832
	-60.099	-11.83
	-60.103	-11.819
	-60.095	-11.818
	-60.101	-11.814
	-60.098	-11.803
	-60.104	-11.802
	-60.1	-11.798
	-60.096	-11.801
	-60.096	-11.795
	-60.10696	-11.79223
	-60.10636	-11.79123
	-60.10426	-11.79023
	-60.10116	-11.79017
	-60.10083	-11.78974
	-60.10085	-11.78802
	-60.10175	-11.78708
	-60.10266	-11.78697
	-60.10361	-11.78716
	-60.10462	-11.78636
	-60.10463	-11.78516
	-60.10447	-11.78286
	-60.10404	-11.78222
	-60.10282	-11.78188
	-60.10043	-11.78181
	-60.09984	-11.78159
	-60.09976	-11.78039
	-60.1019	-11.77876
	-60.10282	-11.77844
	-60.10471	-11.77874
	-60.10584	-11.7796
	-60.10665	-11.78059
	-60.10754	-11.78084
	-60.10838	-11.78034
	-60.10821	-11.77826
	-60.10832	-11.77653
	-60.10754	-11.77579
	-60.1064	-11.77571
	-60.10306	-11.7759
	-60.10162	-11.77466
	-60.10103	-11.7733
	-60.10128	-11.77221
	-60.10264	-11.77127
	-60.10489	-11.77106
	-60.10567	-11.77045
	-60.10586	-11.76864
	-60.10573	-11.76695
	-60.10521	-11.76487
	-60.10374	-11.76403
	-60.1043	-11.7629
	-60.10514	-11.76241
	-60.10703	-11.76282
	-60.10865	-11.7638
	-60.1096	-11.76362
	-60.11084	-11.76226
	-60.11128	-11.7607
	-60.111	-11.76008
	-60.11042	-11.75944
	-60.10977	-11.75975
	-60.10918	-11.75953
	-60.10949	-11.75875
	-60.10922	-11.75815
	-60.10926	-11.75617
	-60.10972	-11.75545
	-60.1097	-11.75476
	-60.10911	-11.75443
	-60.10825	-11.75443
	-60.10762	-11.7535
	-60.10743	-11.75241
	-60.10703	-11.75163
	-60.10697	-11.75068
	-60.10613	-11.74966
	-60.10605	-11.74887
	-60.10645	-11.74855
	-60.10701	-11.74869
	-60.11012	-11.74809
	-60.10998	-11.74523
	-60.10918	-11.74484
	-60.10914	-11.74375
	-60.111	-11.74032
	-60.11163	-11.73962
	-60.11199	-11.73895
	-60.1121	-11.73798
	-60.11123	-11.73662
	-60.11132	-11.73586
	-60.11285	-11.73494
	-60.11405	-11.73343
	-60.11422	-11.73183
	-60.11434	-11.73031
	-60.11529	-11.73025
	-60.11539	-11.72951
	-60.1147	-11.72914
	-60.11397	-11.72755
	-60.11336	-11.72537
	-60.11165	-11.7236
	-60.11123	-11.72299
	-60.11144	-11.72216
	-60.11266	-11.72161
	-60.11386	-11.72046
	-60.11462	-11.72005
	-60.11577	-11.71858
	-60.11554	-11.71692
	-60.11622	-11.71565
	-60.11673	-11.71549
	-60.11703	-11.71574
	-60.117	-11.71621
	-60.11738	-11.71636
	-60.11784	-11.71625
	-60.12046	-11.71335
	-60.12037	-11.71262
	-60.11862	-11.71168
	-60.11768	-11.71072
	-60.11738	-11.70944
	-60.11605	-11.70831
	-60.11475	-11.70673
	-60.11477	-11.70468
	-60.11557	-11.70306
	-60.11695	-11.70227
	-60.11771	-11.70022
	-60.1175	-11.69923
	-60.11673	-11.69843
	-60.11697	-11.69547
	-60.11639	-11.69497
	-60.11627	-11.69377
	-60.11642	-11.69221
	-60.11694	-11.69141
	-60.11703	-11.69068
	-60.11624	-11.6898
	-60.11631	-11.68911
	-60.11706	-11.68862
	-60.11734	-11.6877
	-60.1181	-11.6876
	-60.11881	-11.68786
	-60.1197	-11.6875
	-60.12013	-11.68644
	-60.11974	-11.68561
	-60.12015	-11.68476
	-60.12098	-11.68434
	-60.12147	-11.68388
	-60.12143	-11.68251
	-60.12083	-11.68186
	-60.12002	-11.68146
	-60.11819	-11.68158
	-60.11722	-11.68124
	-60.11638	-11.67973
	-60.11668	-11.67778
	-60.11879	-11.67519
	-60.11864	-11.67301
	-60.11769	-11.67094
	-60.11647	-11.67016
	-60.11641	-11.66866
	-60.11596	-11.66834
	-60.1156	-11.66848
	-60.11538	-11.66912
	-60.11499	-11.66928
	-60.11461	-11.66907
	-60.11448	-11.66821
	-60.11404	-11.66787
	-60.11405	-11.66711
	-60.11482	-11.66618
	-60.11489	-11.66499
	-60.1144	-11.66474
	-60.11365	-11.66482
	-60.1135	-11.6645
	-60.11394	-11.66383
	-60.11499	-11.66387
	-60.1154	-11.6638
	-60.11553	-11.66316
	-60.11483	-11.66282
	-60.11475	-11.66245
	-60.11488	-11.6617
	-60.11439	-11.66144
	-60.11399	-11.66172
	-60.11404	-11.66223
	-60.11353	-11.66243
	-60.11313	-11.6621
	-60.11318	-11.66149
	-60.11351	-11.66105
	-60.11476	-11.66051
	-60.11469	-11.65923
	-60.11428	-11.6589
	-60.11365	-11.65913
	-60.11331	-11.6589
	-60.11336	-11.6583
	-60.11484	-11.65768
	-60.11481	-11.65696
	-60.11451	-11.65647
	-60.11359	-11.65686
	-60.113	-11.65686
	-60.11273	-11.65638
	-60.1133	-11.65592
	-60.11439	-11.65581
	-60.11451	-11.65481
	-60.11491	-11.65457
	-60.11534	-11.6547
	-60.11543	-11.6555
	-60.11565	-11.65574
	-60.11607	-11.65559
	-60.11625	-11.65497
	-60.11694	-11.65436
	-60.11763	-11.65465
	-60.11812	-11.65363
	-60.11748	-11.65232
	-60.11702	-11.65174
	-60.11651	-11.65166
	-60.11602	-11.65222
	-60.11547	-11.65236
	-60.11525	-11.65185
	-60.11639	-11.65056
	-60.11654	-11.64909
	-60.11637	-11.64817
	-60.11666	-11.64748
	-60.11699	-11.64701
	-60.11681	-11.64564
	-60.11598	-11.64366
	-60.11552	-11.6435
	-60.11487	-11.64388
	-60.11311	-11.64407
	-60.11191	-11.64349
	-60.11096	-11.64346
	-60.11028	-11.64302
	-60.11013	-11.64224
	-60.11078	-11.64106
	-60.11077	-11.63873
	-60.11065	-11.63771
	-60.11175	-11.63764
	-60.11313	-11.63675
	-60.11332	-11.6364
	-60.11317	-11.6361
	-60.1123	-11.6353
	-60.11233	-11.63256
	-60.11036	-11.62981
	-60.11017	-11.62935
	-60.11048	-11.62884
	-60.1122	-11.62695
	-60.11244	-11.62596
	-60.11184	-11.62407
	-60.11137	-11.62351
	-60.11017	-11.62311
	-60.10927	-11.62225
	-60.10893	-11.62132
	-60.10914	-11.62047
	-60.1096	-11.62017
	-60.11057	-11.62018
	-60.11178	-11.62073
	-60.11307	-11.62065
	-60.11412	-11.62011
	-60.11424	-11.6194
	-60.11461	-11.61909
	-60.11461	-11.61835
	-60.11419	-11.61737
	-60.11209	-11.61715
	-60.11008	-11.61652
	-60.10876	-11.61668
	-60.10842	-11.61629
	-60.109	-11.615
	-60.11046	-11.61263
	-60.11033	-11.61201
	-60.11063	-11.61137
	-60.11031	-11.61108
	-60.10993	-11.61108
	-60.10939	-11.61139
	-60.10912	-11.61113
	-60.10883	-11.61049
	-60.1098	-11.60981
	-60.11117	-11.60754
	-60.11185	-11.60725
	-60.11212	-11.60655
	-60.11138	-11.60553
	-60.11047	-11.60479
	-60.11049	-11.60395
	-60.11096	-11.60332
	-60.11242	-11.60259
	-60.11295	-11.60198
	-60.11272	-11.60123
	-60.11098	-11.59811
	-60.11005	-11.59734
	-60.10967	-11.59658
	-60.10983	-11.59581
	-60.11127	-11.59494
	-60.11173	-11.59405
	-60.11202	-11.59222
	-60.11392	-11.58998
	-60.11393	-11.58906
	-60.11329	-11.58803
	-60.1106	-11.58583
	-60.1098	-11.58432
	-60.1093	-11.58251
	-60.10881	-11.58209
	-60.10811	-11.58218
	-60.10747	-11.58244
	-60.10609	-11.58205
	-60.10178	-11.58426
	-60.09488	-11.58584
	-60.094	-11.586
	-60.09358	-11.58571
	-60.09367	-11.58506
	-60.09509	-11.58315
	-60.09724	-11.58068
	-60.09963	-11.57868
	-60.10053	-11.57745
	-60.1007	-11.57658
	-60.10016	-11.57597
	-60.09823	-11.57581
	-60.09623	-11.57634
	-60.09386	-11.57758
	-60.09264	-11.57842
	-60.09182	-11.57828
	-60.09082	-11.57735
	-60.091	-11.576
	-60.09159	-11.57455
	-60.09451	-11.57235
	-60.09626	-11.5718
	-60.09715	-11.57112
	-60.09804	-11.5699
	-60.09805	-11.56894
	-60.09761	-11.56807
	-60.09716	-11.56802
	-60.09704	-11.56842
	-60.09721	-11.56917
	-60.097	-11.56984
	-60.09621	-11.57018
	-60.09451	-11.56956
	-60.08941	-11.56886
	-60.087	-11.568
	-60.08582	-11.56709
	-60.08584	-11.56641
	-60.08613	-11.56612
	-60.08676	-11.56636
	-60.08711	-11.5669
	-60.08772	-11.56702
	-60.08859	-11.56687
	-60.09088	-11.56412
	-60.09277	-11.56286
	-60.09282	-11.56206
	-60.09303	-11.56029
	-60.09248	-11.55959
	-60.09124	-11.55864
	-60.09086	-11.55724
	-60.08977	-11.55628
	-60.08887	-11.5544
	-60.08853	-11.55415
	-60.08822	-11.55456
	-60.08685	-11.55696
	-60.08693	-11.55975
	-60.08662	-11.5602
	-60.08575	-11.56062
	-60.08516	-11.56024
	-60.08531	-11.55969
	-60.0848	-11.55906
	-60.08382	-11.55902
	-60.08332	-11.55953
	-60.08142	-11.55937
	-60.08093	-11.55864
	-60.08011	-11.55826
	-60.07923	-11.55826
	-60.07897	-11.55781
	-60.07883	-11.55677
	-60.07763	-11.55633
	-60.07711	-11.55599
	-60.07711	-11.55567
	-60.07797	-11.55556
	-60.07949	-11.55454
	-60.07995	-11.55435
	-60.07806	-11.55304
	-60.07293	-11.55131
	-60.07079	-11.54971
	-60.06961	-11.54954
	-60.06865	-11.54894
	-60.06846	-11.54802
	-60.0664	-11.54662
	-60.06398	-11.54645
	-60.06094	-11.5452
	-60.05861	-11.54341
	-60.0568	-11.54267
	-60.05617	-11.54191
	-60.05615	-11.54121
	-60.05665	-11.54059
	-60.05634	-11.54014
	-60.0556	-11.53975
	-60.05417	-11.53676
	-60.05239	-11.53474
	-60.05245	-11.53394
	-60.0526	-11.53302
	-60.05229	-11.53161
	-60.05161	-11.53073
	-60.05158	-11.52858
	-60.05113	-11.52788
	-60.05015	-11.52745
	-60.04923	-11.52771
	-60.04813	-11.52748
	-60.04751	-11.52689
	-60.04691	-11.52523
	-60.04596	-11.5243
	-60.04546	-11.52299
	-60.04436	-11.52224
	-60.04112	-11.51819
	-60.04088	-11.51677
	-60.0395	-11.51585
	-60.03861	-11.51579
	-60.03624	-11.51383
	-60.03525	-11.5133
	-60.03309	-11.51194
	-60.02941	-11.5119
	-60.02763	-11.50856
	-60.02595	-11.50716
	-60.02515	-11.50689
	-60.02494	-11.50575
	-60.02527	-11.50509
	-60.02665	-11.50395
	-60.02776	-11.50392
	-60.02889	-11.50437
	-60.02953	-11.50434
	-60.02991	-11.50408
	-60.03014	-11.50347
	-60.03134	-11.50213
	-60.03167	-11.49894
	-60.03121	-11.4975
	-60.03001	-11.49731
	-60.02952	-11.49649
	-60.0299	-11.49511
	-60.02986	-11.49348
	-60.02925	-11.49299
	-60.02711	-11.49311
	-60.02663	-11.49338
	-60.02669	-11.49398
	-60.02633	-11.49474
	-60.02621	-11.49606
	-60.02543	-11.49614
	-60.02366	-11.49492
	-60.02068	-11.49519
	-60.0194	-11.4961
	-60.01808	-11.49676
	-60.01692	-11.49676
	-60.01619	-11.49554
	-60.01537	-11.49464
	-60.01512	-11.49254
	-60.01537	-11.49097
	-60.01518	-11.48941
	-60.01434	-11.48832
	-60.01236	-11.48758
	-60.00701	-11.48731
	-60.00571	-11.48587
	-60.00493	-11.48478
	-60.00478	-11.48391
	-60.00386	-11.48294
	-60.00148	-11.48196
	-60.00178	-11.48115
	-60.00178	-11.47984
	-60.00125	-11.47905
	-60.00117	-11.47774
	-59.99877	-11.47658
	-59.99491	-11.47617
	-59.99289	-11.47455
	-59.99289	-11.47323
	-59.98789	-11.47101
	-59.98535	-11.47084
	-59.98424	-11.47018
	-59.98399	-11.46967
	-59.98377	-11.46814
	-59.98192	-11.46373
	-59.98192	-11.46275
	-59.9794	-11.45673
	-59.97881	-11.45365
	-59.97776	-11.45233
	-59.97737	-11.45053
	-59.97791	-11.44916
	-59.97752	-11.44747
	-59.97639	-11.44689
	-59.97612	-11.44506
	-59.97636	-11.44401
	-59.97473	-11.44172
	-59.97419	-11.43964
	-59.97366	-11.43957
	-59.97292	-11.43995
	-59.97185	-11.43989
	-59.9695	-11.43886
	-59.96738	-11.43878
	-59.9664	-11.43893
	-59.96346	-11.43839
	-59.96062	-11.43704
	-59.95955	-11.43724
	-59.95701	-11.4366
	-59.95512	-11.43562
	-59.95477	-11.43555
	-59.95398	-11.43619
	-59.95197	-11.43641
	-59.95003	-11.43548
	-59.94743	-11.43318
	-59.94694	-11.43307
	-59.94482	-11.43412
	-59.94358	-11.43406
	-59.94054	-11.43342
	-59.93928	-11.43204
	-59.93919	-11.43128
	-59.93974	-11.43097
	-59.94079	-11.43136
	-59.94155	-11.43089
	-59.94176	-11.4292
	-59.94115	-11.42659
	-59.94068	-11.42342
	-59.94007	-11.42224
	-59.93951	-11.42251
	-59.93657	-11.425
	-59.93537	-11.42488
	-59.93396	-11.42389
	-59.93384	-11.42247
	-59.93302	-11.4214
	-59.9314	-11.42095
	-59.92953	-11.42002
	-59.92619	-11.41721
	-59.92436	-11.4162
	-59.92355	-11.41543
	-59.92358	-11.4145
	-59.92425	-11.41377
	-59.92657	-11.41256
	-59.92687	-11.41189
	-59.92673	-11.41069
	-59.92632	-11.41033
	-59.92551	-11.41005
	-59.92414	-11.40855
	-59.92371	-11.40763
	-59.92417	-11.40673
	-59.92408	-11.40602
	-59.92268	-11.40349
	-59.92281	-11.40194
	-59.92165	-11.40103
	-59.92086	-11.39912
	-59.92023	-11.39848
	-59.91991	-11.39615
	-59.92083	-11.39562
	-59.92213	-11.39542
	-59.92249	-11.39425
	-59.92142	-11.39338
	-59.92104	-11.39233
	-59.92104	-11.3914
	-59.9219	-11.3905
	-59.91991	-11.38587
	-59.91869	-11.38198
	-59.91872	-11.37537
	-59.91929	-11.37339
	-59.9208	-11.36972
	-59.92422	-11.36518
	-59.92564	-11.36346
	-59.926	-11.36244
	-59.925	-11.361
	-59.9238	-11.35895
	-59.92357	-11.35659
	-59.92309	-11.35577
	-59.92324	-11.35403
	-59.92377	-11.35248
	-59.9238	-11.3505
	-59.92196	-11.34756
	-59.91953	-11.34546
	-59.91849	-11.34479
	-59.91745	-11.34057
	-59.91647	-11.33824
	-59.91664	-11.33713
	-59.91774	-11.33661
	-59.91908	-11.33562
	-59.91944	-11.33373
	-59.91819	-11.33175
	-59.91807	-11.32968
	-59.91923	-11.3281
	-59.91976	-11.32642
	-59.91956	-11.32432
	-59.91964	-11.32315
	-59.92065	-11.3219
	-59.92291	-11.3226
	-59.92419	-11.32251
	-59.92532	-11.32146
	-59.92517	-11.31835
	-59.92455	-11.31768
	-59.92413	-11.31619
	-59.92446	-11.31392
	-59.92603	-11.31168
	-59.9274	-11.31176
	-59.92862	-11.31165
	-59.93064	-11.31057
	-59.93271	-11.31051
	-59.93473	-11.30894
	-59.93975	-11.3076
	-59.94893	-11.30705
	-59.95003	-11.30652
	-59.95051	-11.30559
	-59.95051	-11.30346
	-59.95196	-11.3009
	-59.95639	-11.29854
	-59.95681	-11.29746
	-59.95889	-11.2956
	-59.95954	-11.29432
	-59.95945	-11.29213
	-59.95737	-11.28968
	-59.95633	-11.28872
	-59.95621	-11.28706
	-59.95737	-11.28429
	-59.95728	-11.28185
	-59.95957	-11.27925
	-59.96129	-11.2762
	-59.96322	-11.27398
	-59.96358	-11.2729
	-59.96566	-11.27139
	-59.96643	-11.26935
	-59.96759	-11.26757
	-59.96762	-11.26454
	-59.96747	-11.26338
	-59.96631	-11.26233
	-59.96616	-11.26125
	-59.96628	-11.25889
	-59.96676	-11.25679
	-59.96756	-11.25598
	-59.96803	-11.25277
	-59.97026	-11.25056
	-59.97169	-11.24948
	-59.97356	-11.24695
	-59.97421	-11.24645
	-59.97552	-11.24447
	-59.97543	-11.2431
	-59.97704	-11.24068
	-59.97852	-11.23972
	-59.97971	-11.23729
	-59.98122	-11.23494
	-59.98241	-11.23416
	-59.98333	-11.23401
	-59.98348	-11.23287
	-59.98238	-11.22993
	-59.98271	-11.22751
	-59.9831	-11.22664
	-59.98295	-11.22559
	-59.98185	-11.22451
	-59.98229	-11.22116
	-59.98431	-11.21912
	-59.98589	-11.21763
	-59.98583	-11.2167
	-59.98408	-11.21469
	-59.98267	-11.21335
	-59.98154	-11.213
	-59.98169	-11.21168
	-59.98288	-11.21124
	-59.98307	-11.21061
	-59.98227	-11.21013
	-59.98333	-11.20854
	-59.98307	-11.20784
	-59.98196	-11.20698
	-59.98038	-11.2049
	-59.9798	-11.20329
	-59.97837	-11.20216
	-59.97662	-11.20187
	-59.97549	-11.19962
	-59.97366	-11.19857
	-59.97196	-11.19872
	-59.96931	-11.19789
	-59.96763	-11.1981
	-59.96652	-11.1975
	-59.96511	-11.19639
	-59.9644	-11.19536
	-59.96444	-11.19305
	-59.96482	-11.19167
	-59.96444	-11.19029
	-59.96349	-11.18975
	-59.96318	-11.18891
	-59.96358	-11.18806
	-59.9649	-11.18726
	-59.96715	-11.18726
	-59.96883	-11.18664
	-59.96971	-11.18619
	-59.96995	-11.18485
	-59.9694	-11.18402
	-59.97049	-11.18205
	-59.97213	-11.18106
	-59.97503	-11.18073
	-59.97849	-11.1805
	-59.98013	-11.18025
	-59.98181	-11.1763
	-59.98513	-11.17358
	-59.98736	-11.17321
	-59.98808	-11.17073
	-59.98793	-11.16898
	-59.98852	-11.16738
	-59.98802	-11.16621
	-59.98906	-11.16356
	-59.98855	-11.16108
	-59.98894	-11.16027
	-59.9895	-11.15863
	-59.99295	-11.15784
	-59.99479	-11.15668
	-59.99571	-11.15537
	-59.99631	-11.15204
	-59.9966	-11.15021
	-59.9974	-11.14875
	-59.99723	-11.14779
	-59.99538	-11.14601
	-59.9936	-11.14575
	-59.99209	-11.14662
	-59.98867	-11.14706
	-59.98713	-11.14671
	-59.98624	-11.14493
	-59.9854	-11.14315
	-59.98567	-11.14155
	-59.98781	-11.14114
	-59.98864	-11.14004
	-59.989	-11.138
	-59.98882	-11.13715
	-59.98742	-11.13613
	-59.98558	-11.13703
	-59.98428	-11.13724
	-59.98362	-11.13834
	-59.98205	-11.13869
	-59.97982	-11.13869
	-59.97943	-11.13765
	-59.97982	-11.13622
	-59.97979	-11.13505
	-59.97923	-11.13444
	-59.97893	-11.12978
	-59.97816	-11.12704
	-59.97854	-11.12511
	-59.97845	-11.12357
	-59.97716	-11.12255
	-59.97712	-11.12094
	-59.97822	-11.11995
	-59.98044	-11.11934
	-59.983	-11.1178
	-59.98291	-11.11708
	-59.98238	-11.11505
	-59.98276	-11.11423
	-59.98352	-11.11375
	-59.98469	-11.11364
	-59.98587	-11.11429
	-59.98634	-11.11547
	-59.98632	-11.11648
	-59.98661	-11.11864
	-59.98736	-11.12135
	-59.9889	-11.12339
	-59.99053	-11.12432
	-59.99232	-11.12624
	-59.99362	-11.1261
	-59.99514	-11.12528
	-59.99784	-11.12496
	-60.00013	-11.124
	-60.00095	-11.12308
	-60.00223	-11.12226
	-60.00372	-11.12236
	-60.00719	-11.12306
	-60.00975	-11.12325
	-60.01181	-11.12201
	-60.01282	-11.12055
	-60.01311	-11.11915
	-60.01328	-11.11735
	-60.01422	-11.11647
	-60.01511	-11.11628
	-60.01566	-11.11666
	-60.01554	-11.11758
	-60.01583	-11.1181
	-60.01595	-11.1197
	-60.01539	-11.12087
	-60.01503	-11.1239
	-60.01521	-11.12594
	-60.01622	-11.12731
	-60.01871	-11.12918
	-60.02103	-11.13002
	-60.02475	-11.13017
	-60.02736	-11.12868
	-60.03	-11.128
	-60.03131	-11.12696
	-60.03167	-11.12603
	-60.03134	-11.12387
	-60.03345	-11.12002
	-60.03571	-11.11725
	-60.037	-11.117
	-60.03826	-11.11769
	-60.04004	-11.1179
	-60.0412	-11.11862
	-60.04168	-11.12171
	-60.04233	-11.12326
	-60.044	-11.124
	-60.04797	-11.12358
	-60.04857	-11.12413
	-60.04863	-11.12463
	-60.05068	-11.12527
	-60.05243	-11.12603
	-60.05424	-11.12553
	-60.0551	-11.1248
	-60.0579	-11.12483
	-60.06197	-11.12547
	-60.06479	-11.12451
	-60.06615	-11.12259
	-60.06611	-11.11939
	-60.07033	-11.11372
	-60.07094	-11.11023
	-60.07162	-11.10929
	-60.07317	-11.10915
	-60.07403	-11.10804
	-60.07444	-11.10603
	-60.07863	-11.10055
	-60.08196	-11.09819
	-60.08237	-11.09705
	-60.08333	-11.09655
	-60.08425	-11.09673
	-60.08523	-11.0974
	-60.0865	-11.09784
	-60.08769	-11.09877
	-60.08814	-11.09999
	-60.08751	-11.10259
	-60.08641	-11.10536
	-60.08624	-11.10702
	-60.08698	-11.10795
	-60.0879	-11.10862
	-60.08885	-11.10818
	-60.08992	-11.10816
	-60.09622	-11.11025
	-60.098	-11.11023
	-60.10207	-11.10853
	-60.10433	-11.10813
	-60.10608	-11.10492
	-60.10881	-11.10262
	-60.1106	-11.10209
	-60.11187	-11.10224
	-60.11324	-11.10303
	-60.11386	-11.10469
	-60.11452	-11.10547
	-60.11553	-11.10588
	-60.1204	-11.10562
	-60.12497	-11.10303
	-60.12566	-11.10177
	-60.12788	-11.10034
	-60.13	-11.1
	-60.13656	-11.10069
	-60.13899	-11.10174
	-60.14036	-11.10349
	-60.14155	-11.1051
	-60.14312	-11.10512
	-60.1439	-11.10448
	-60.1447	-11.10235
	-60.14467	-11.10078
	-60.14517	-11.10008
	-60.14675	-11.09894
	-60.1486	-11.09862
	-60.14958	-11.09877
	-60.15032	-11.09973
	-60.15184	-11.09982
	-60.15321	-11.09935
	-60.15624	-11.09696
	-60.15733	-11.09556
	-60.15817	-11.09518
	-60.16048	-11.09533
	-60.16906	-11.09936
	-60.172	-11.09911
	-60.17431	-11.09783
	-60.177	-11.099
	-60.18674	-11.10505
	-60.18767	-11.10736
	-60.18733	-11.10905
	-60.18615	-11.11094
	-60.18683	-11.11193
	-60.18931	-11.11298
	-60.19074	-11.11281
	-60.19323	-11.11117
	-60.19478	-11.11141
	-60.19858	-11.11368
	-60.19977	-11.11327
	-60.20271	-11.11278
	-60.20348	-11.11225
	-60.20583	-11.11185
	-60.20696	-11.11074
	-60.20874	-11.10686
	-60.21	-11.106
	-60.21174	-11.10561
	-60.2143	-11.10596
	-60.2173	-11.10546
	-60.2192	-11.10558
	-60.22065	-11.10674
	-60.22199	-11.10704
	-60.223	-11.10642
	-60.22746	-11.10552
	-60.23013	-11.10351
	-60.23126	-11.10161
	-60.23227	-11.09844
	-60.2369	-11.09471
	-60.238	-11.095
	-60.23916	-11.09608
	-60.24127	-11.09715
	-60.24593	-11.0964
	-60.24783	-11.09669
	-60.24953	-11.09654
	-60.25461	-11.09511
	-60.25648	-11.09552
	-60.25912	-11.09535
	-60.26275	-11.09383
	-60.26494	-11.09368
	-60.26661	-11.09468
	-60.2675	-11.09651
	-60.26886	-11.09803
	-60.27	-11.098
	-60.27145	-11.09686
	-60.27472	-11.0954
	-60.277	-11.09517
	-60.28009	-11.09182
	-60.2798	-11.08885
	-60.27801	-11.0871
	-60.27686	-11.08179
	-60.27706	-11.07861
	-60.27911	-11.07593
	-60.27968	-11.07348
	-60.27997	-11.07039
	-60.27965	-11.06847
	-60.28066	-11.06462
	-60.282	-11.064
	-60.28289	-11.06389
	-60.28464	-11.06506
	-60.28782	-11.06561
	-60.291	-11.065
	-60.29174	-11.06445
	-60.29195	-11.06214
	-60.29777	-11.05762
	-60.2991	-11.05701
	-60.30009	-11.05724
	-60.3027	-11.05923
	-60.30543	-11.06197
	-60.30748	-11.0636
	-60.31093	-11.0648
	-60.31262	-11.06494
	-60.31336	-11.06453
	-60.31532	-11.0645
	-60.31731	-11.06584
	-60.31874	-11.06864
	-60.31996	-11.0692
	-60.3202	-11.07051
	-60.32097	-11.0715
	-60.32257	-11.07275
	-60.32388	-11.07477
	-60.32528	-11.07582
	-60.32599	-11.07786
	-60.32661	-11.07893
	-60.33309	-11.08334
	-60.33514	-11.08328
	-60.33855	-11.0801
	-60.34152	-11.07599
	-60.34423	-11.07456
	-60.34657	-11.07372
	-60.34747	-11.07415
	-60.34773	-11.07549
	-60.34571	-11.07917
	-60.34348	-11.08185
	-60.34212	-11.08179
	-60.34129	-11.08272
	-60.34138	-11.08491
	-60.34277	-11.08829
	-60.3431	-11.09065
	-60.3441	-11.09275
	-60.34616	-11.09679
	-60.34608	-11.09957
	-60.34535	-11.10023
	-60.34413	-11.10149
	-60.34386	-11.10357
	-60.34377	-11.10559
	-60.34451	-11.10736
	-60.34591	-11.10868
	-60.347	-11.109
	-60.34808	-11.10876
	-60.34904	-11.10808
	-60.35148	-11.1054
	-60.35396	-11.10363
	-60.35677	-11.10355
	-60.3598	-11.10219
	-60.36236	-11.10029
	-60.36413	-11.10029
	-60.36589	-11.10099
	-60.36833	-11.10029
	-60.37005	-11.09926
	-60.37114	-11.09675
	-60.37383	-11.09407
	-60.3769	-11.09287
	-60.37833	-11.09337
	-60.38265	-11.09604
	-60.38589	-11.09596
	-60.39059	-11.09407
	-60.39202	-11.09283
	-60.39261	-11.09031
	-60.39549	-11.08607
	-60.39573	-11.08327
	-60.39516	-11.0799
	-60.39561	-11.07907
	-60.3965	-11.07831
	-60.39878	-11.07773
	-60.40033	-11.07604
	-60.40232	-11.07137
	-60.40437	-11.06951
	-60.40556	-11.06957
	-60.40633	-11.07108
	-60.40817	-11.0726
	-60.40874	-11.07216
	-60.40909	-11.07126
	-60.41034	-11.06983
	-60.41203	-11.06922
	-60.41331	-11.06831
	-60.414	-11.067
	-60.41417	-11.06481
	-60.41414	-11.06274
	-60.41438	-11.05968
	-60.4142	-11.05735
	-60.41289	-11.05543
	-60.41257	-11.05359
	-60.41126	-11.0498
	-60.41135	-11.0477
	-60.41162	-11.04645
	-60.41343	-11.04473
	-60.41414	-11.04341
	-60.41584	-11.04271
	-60.42207	-11.03895
	-60.42347	-11.03898
	-60.42638	-11.0377
	-60.42828	-11.03674
	-60.42962	-11.03621
	-60.43137	-11.03639
	-60.43289	-11.03802
	-60.435	-11.041
	-60.43779	-11.04266
	-60.44453	-11.04298
	-60.44634	-11.04231
	-60.44682	-11.04079
	-60.44652	-11.0375
	-60.44545	-11.03219
	-60.44462	-11.02913
	-60.44257	-11.02586
	-60.43838	-11.02487
	-60.43728	-11.02376
	-60.43782	-11.0216
	-60.43746	-11.01849
	-60.43814	-11.01729
	-60.43909	-11.01709
	-60.44076	-11.01767
	-60.44239	-11.01682
	-60.44394	-11.01464
	-60.44447	-11.01207
	-60.44596	-11.01102
	-60.44738	-11.01079
	-60.45035	-11.00843
	-60.45145	-11.00656
	-60.45145	-11.00297
	-60.44997	-10.99883
	-60.44988	-10.99708
	-60.45038	-10.99361
	-60.45187	-10.99262
	-60.4543	-10.99189
	-60.45615	-10.9911
	-60.45751	-10.98979
	-60.45916	-10.98913
	-60.832	-10.989
	-60.948	-10.988
	-61.0	-10.988
	-61.0	-10.992
	-61.426	-10.987
	-61.428	-10.987
	-61.483	-10.986
	-61.55	-10.986
	-61.55	-10.981
	-61.546	-10.977
	-61.538	-10.975
	-61.53	-10.979
	-61.527	-10.957
	-61.519	-10.949
	-61.523	-10.94
	-61.518	-10.917
	-61.514	-10.907
	-61.524	-10.904
	-61.519	-10.894
	-61.526	-10.885
	-61.523	-10.881
	-61.525	-10.855
	-61.521	-10.842
	-61.51	-10.837
	-61.509	-10.83
	-61.512	-10.822
	-61.503	-10.808
	-61.507	-10.796
	-61.511	-10.794
	-61.505	-10.789
	-61.505	-10.784
	-61.495	-10.782
	-61.491	-10.795
	-61.486	-10.8
	-61.473	-10.797
	-61.48	-10.785
	-61.476	-10.767
	-61.481	-10.76
	-61.48	-10.744
	-61.488	-10.736
	-61.486	-10.727
	-61.476	-10.722
	-61.472	-10.715
	-61.48	-10.714
	-61.498	-10.7
	-61.495	-10.683
	-61.492	-10.675
	-61.484	-10.673
	-61.481	-10.669
	-61.482	-10.653
	-61.478	-10.643
	-61.489	-10.629
	-61.476	-10.607
	-61.481	-10.596
	-61.477	-10.589
	-61.479	-10.569
	-61.47	-10.556
	-61.466	-10.541
	-61.479	-10.529
	-61.48	-10.487
	-61.47	-10.461
	-61.476	-10.454
	-61.467	-10.448
	-61.461	-10.42
	-61.464	-10.416
	-61.469	-10.415
	-61.476	-10.418
	-61.476	-10.41
	-61.471	-10.405
	-61.484	-10.4
	-61.489	-10.39
	-61.497	-10.389
	-61.503	-10.376
	-61.501	-10.353
	-61.511	-10.35
	-61.516	-10.334
	-61.521	-10.33
	-61.533	-10.331
	-61.54	-10.32
	-61.548	-10.316
	-61.553	-10.307
	-61.544	-10.301
	-61.554	-10.279
	-61.562	-10.272
	-61.57544	-10.25081
	-61.57594	-10.24935
	-61.57636	-10.24655
	-61.57638	-10.24342
	-61.57545	-10.24148
	-61.57478	-10.23914
	-61.57566	-10.23708
	-61.57655	-10.23489
	-61.57655	-10.23355
	-61.57609	-10.23181
	-61.57563	-10.22988
	-61.57598	-10.22809
	-61.57672	-10.22615
	-61.57633	-10.22475
	-61.57572	-10.22321
	-61.57466	-10.22181
	-61.57352	-10.22048
	-61.57299	-10.21887
	-61.57292	-10.21727
	-61.57294	-10.21547
	-61.57334	-10.21407
	-61.57261	-10.21273
	-61.57255	-10.21114
	-61.5731	-10.20934
	-61.5725	-10.20794
	-61.57136	-10.207
	-61.56988	-10.20665
	-61.56786	-10.20558
	-61.56612	-10.20444
	-61.56378	-10.2025
	-61.56223	-10.20202
	-61.55981	-10.20215
	-61.55812	-10.20187
	-61.55659	-10.20066
	-61.55444	-10.19959
	-61.55216	-10.19931
	-61.55135	-10.19908
	-61.55142	-10.19826
	-61.55189	-10.19722
	-61.55305	-10.1962
	-61.55525	-10.19483
	-61.55705	-10.19352
	-61.55838	-10.1929
	-61.55935	-10.19228
	-61.56019	-10.19073
	-61.56036	-10.18975
	-61.56002	-10.18866
	-61.55966	-10.18768
	-61.55891	-10.18655
	-61.55815	-10.1848
	-61.55776	-10.18319
	-61.5575	-10.18148
	-61.55751	-10.17987
	-61.55792	-10.17819
	-61.55842	-10.17658
	-61.55962	-10.17491
	-61.5608	-10.17284
	-61.56243	-10.17173
	-61.56379	-10.17131
	-61.56691	-10.17064
	-61.56877	-10.17051
	-61.5703	-10.17015
	-61.57157	-10.1694
	-61.5731	-10.16836
	-61.5744	-10.16702
	-61.57567	-10.16538
	-61.57691	-10.1635
	-61.5785	-10.16315
	-61.58186	-10.16293
	-61.58458	-10.16285
	-61.58671	-10.16243
	-61.58883	-10.16211
	-61.59009	-10.16227
	-61.59199	-10.16278
	-61.59371	-10.16302
	-61.59534	-10.16267
	-61.59743	-10.16192
	-61.59877	-10.1607
	-61.59977	-10.15992
	-61.60083	-10.15854
	-61.60181	-10.15628
	-61.60192	-10.15453
	-61.60202	-10.15371
	-61.60167	-10.15141
	-61.60131	-10.15045
	-61.60048	-10.14904
	-61.59962	-10.14821
	-61.59849	-10.14741
	-61.59757	-10.14692
	-61.59644	-10.14619
	-61.59578	-10.14556
	-61.59532	-10.14404
	-61.59503	-10.14237
	-61.59523	-10.14145
	-61.59547	-10.13993
	-61.59561	-10.13838
	-61.59549	-10.13703
	-61.59519	-10.13572
	-61.5948	-10.1342
	-61.59401	-10.13272
	-61.59332	-10.1319
	-61.59256	-10.13074
	-61.59203	-10.12969
	-61.5918	-10.12886
	-61.59164	-10.1279
	-61.59132	-10.12659
	-61.59092	-10.12577
	-61.59052	-10.12464
	-61.5905	-10.12408
	-61.59006	-10.12319
	-61.58984	-10.12217
	-61.58994	-10.12149
	-61.59031	-10.12043
	-61.59185	-10.11764
	-61.59159	-10.11613
	-61.59127	-10.11504
	-61.59065	-10.11145
	-61.59038	-10.11017
	-61.59012	-10.10958
	-61.58974	-10.10753
	-61.58912	-10.10615
	-61.58876	-10.10513
	-61.58832	-10.10451
	-61.58769	-10.10411
	-61.58713	-10.10292
	-61.58677	-10.1019
	-61.58638	-10.10058
	-61.58579	-10.09946
	-61.58506	-10.09834
	-61.58444	-10.09751
	-61.58371	-10.09668
	-61.58325	-10.0956
	-61.58309	-10.09491
	-61.58305	-10.09419
	-61.58329	-10.09365
	-61.58393	-10.09257
	-61.58436	-10.09162
	-61.5845	-10.09064
	-61.58451	-10.08982
	-61.58424	-10.08873
	-61.58411	-10.08783
	-61.58388	-10.08715
	-61.5837	-10.08455
	-61.58337	-10.08339
	-61.58288	-10.0823
	-61.58205	-10.08168
	-61.5794	-10.08025
	-61.5785	-10.07955
	-61.57791	-10.0782
	-61.57792	-10.07662
	-61.57829	-10.07511
	-61.57876	-10.07387
	-61.5794	-10.07176
	-61.58031	-10.06858
	-61.58212	-10.06678
	-61.58298	-10.06559
	-61.58335	-10.06481
	-61.58398	-10.06379
	-61.58442	-10.06251
	-61.58456	-10.06179
	-61.58453	-10.06056
	-61.58417	-10.05978
	-61.58364	-10.05895
	-61.58248	-10.05796
	-61.58099	-10.057
	-61.58057	-10.05614
	-61.58024	-10.05522
	-61.57981	-10.0543
	-61.57876	-10.05252
	-61.57737	-10.05109
	-61.57399	-10.04885
	-61.57065	-10.04702
	-61.57029	-10.0463
	-61.56919	-10.04511
	-61.56784	-10.04437
	-61.56525	-10.04331
	-61.56114	-10.04234
	-61.55938	-10.04164
	-61.55813	-10.04091
	-61.55693	-10.04015
	-61.55564	-10.03899
	-61.55466	-10.0376
	-61.55453	-10.03708
	-61.554	-10.03625
	-61.55373	-10.03557
	-61.55351	-10.03467
	-61.55348	-10.03372
	-61.55312	-10.03194
	-61.55273	-10.03125
	-61.55121	-10.02825
	-61.54996	-10.02624
	-61.54877	-10.02455
	-61.54779	-10.0233
	-61.54699	-10.02251
	-61.546	-10.02106
	-61.54548	-10.01977
	-61.54492	-10.01865
	-61.54496	-10.01661
	-61.54533	-10.01493
	-61.54567	-10.01398
	-61.54584	-10.01267
	-61.54561	-10.01184
	-61.54515	-10.01118
	-61.54412	-10.01065
	-61.54264	-10.00998
	-61.54184	-10.00952
	-61.54105	-10.00823
	-61.54063	-10.00676
	-61.5407	-10.00534
	-61.5406	-10.00363
	-61.5398	-9.999797
	-61.54159	-9.998207
	-61.54229	-9.997613
	-61.54219	-9.996691
	-61.54137	-9.996226
	-61.54024	-9.99613
	-61.53885	-9.995952
	-61.53709	-9.995294
	-61.53576	-9.994592
	-61.53464	-9.993764
	-61.53372	-9.99291
	-61.53279	-9.991948
	-61.53167	-9.99046
	-61.53101	-9.989046
	-61.53023	-9.98681
	-61.52909	-9.980945
	-61.52876	-9.978937
	-61.52806	-9.973337
	-61.52801	-9.970642
	-61.52851	-9.969261
	-61.52991	-9.967522
	-61.53091	-9.967065
	-61.53463	-9.966494
	-61.53692	-9.966007
	-61.53865	-9.965752
	-61.53908	-9.965365
	-61.53908	-9.96447
	-61.53797	-9.962657
	-61.53648	-9.960978
	-61.53503	-9.958865
	-61.53453	-9.957578
	-61.53411	-9.955443
	-61.53382	-9.95442
	-61.53319	-9.953458
	-61.5321	-9.952432
	-61.53071	-9.951739
	-61.52893	-9.951071
	-61.52597	-9.950307
	-61.52419	-9.94954
	-61.52353	-9.94875
	-61.5232	-9.947166
	-61.52318	-9.944996
	-61.52335	-9.943415
	-61.52366	-9.942205
	-61.52416	-9.940887
	-61.52452	-9.940201
	-61.52576	-9.93895
	-61.527	-9.937907
	-61.52802	-9.936627
	-61.52833	-9.935769
	-61.5286	-9.933573
	-61.52794	-9.932775
	-61.52682	-9.931848
	-61.52537	-9.930955
	-61.52408	-9.929928
	-61.52326	-9.928215
	-61.52303	-9.926768
	-61.52303	-9.925646
	-61.5232	-9.924463
	-61.52418	-9.921574
	-61.52515	-9.919543
	-61.52586	-9.917702
	-61.52599	-9.916382
	-61.5259	-9.915469
	-61.52485	-9.912498
	-61.52473	-9.910825
	-61.52491	-9.907535
	-61.52439	-9.905625
	-61.52395	-9.904701
	-61.52287	-9.903412
	-61.52026	-9.901493
	-61.51711	-9.89977
	-61.51555	-9.898741
	-61.5139	-9.898038
	-61.51277	-9.897382
	-61.51113	-9.895928
	-61.51	-9.894702
	-61.50924	-9.893288
	-61.50816	-9.890878
	-61.50767	-9.889231
	-61.50748	-9.888045
	-61.50754	-9.887422
	-61.50769	-9.886401
	-61.50835	-9.884234
	-61.50889	-9.882916
	-61.50956	-9.880984
	-61.50991	-9.879277
	-61.50992	-9.876709
	-61.50956	-9.875884
	-61.50877	-9.873575
	-61.50779	-9.870451
	-61.50736	-9.868831
	-61.50711	-9.867058
	-61.50708	-9.864851
	-61.50733	-9.863207
	-61.5078	-9.861563
	-61.5085	-9.859794
	-61.51033	-9.857171
	-61.51241	-9.853817
	-61.51311	-9.852274
	-61.51385	-9.850469
	-61.51532	-9.846434
	-61.51576	-9.844193
	-61.51597	-9.842747
	-61.51595	-9.840451
	-61.51615	-9.838905
	-61.5161	-9.836735
	-61.51594	-9.834266
	-61.51592	-9.832223
	-61.51606	-9.83055
	-61.51607	-9.829366
	-61.5166	-9.827226
	-61.51734	-9.825484
	-61.51811	-9.824203
	-61.51885	-9.823284
	-61.52084	-9.821719
	-61.52214	-9.821363
	-61.52313	-9.821232
	-61.52449	-9.82131
	-61.52608	-9.82177
	-61.52778	-9.82241
	-61.52903	-9.822677
	-61.53003	-9.822347
	-61.53116	-9.821764
	-61.53216	-9.820846
	-61.53253	-9.819926
	-61.53233	-9.81884
	-61.53161	-9.817517
	-61.53085	-9.816329
	-61.5298	-9.814552
	-61.52845	-9.812674
	-61.52739	-9.811088
	-61.52624	-9.809075
	-61.52558	-9.807562
	-61.52486	-9.80529
	-61.52464	-9.803905
	-61.52446	-9.799393
	-61.52479	-9.797984
	-61.52556	-9.796766
	-61.5264	-9.79592
	-61.52796	-9.794842
	-61.52949	-9.794215
	-61.53072	-9.793832
	-61.53284	-9.793579
	-61.53645	-9.793983
	-61.53775	-9.793926
	-61.53874	-9.793532
	-61.53998	-9.792886
	-61.54415	-9.791883
	-61.54572	-9.791193
	-61.54685	-9.790646
	-61.54755	-9.789854
	-61.54792	-9.789105
	-61.54785	-9.787947
	-61.54753	-9.786797
	-61.54693	-9.785936
	-61.54522	-9.783758
	-61.54463	-9.783168
	-61.54248	-9.780654
	-61.54133	-9.778805
	-61.54087	-9.777953
	-61.54055	-9.776966
	-61.54021	-9.776169
	-61.53999	-9.774595
	-61.5397	-9.773535
	-61.53933	-9.772521
	-61.53914	-9.771526
	-61.53829	-9.769388
	-61.53747	-9.767142
	-61.53684	-9.76563
	-61.53559	-9.763291
	-61.53421	-9.760944
	-61.5324	-9.757681
	-61.53194	-9.756467
	-61.53168	-9.754296
	-61.53183	-9.753239
	-61.5319	-9.751367
	-61.53217	-9.748864
	-61.53222	-9.747653
	-61.53219	-9.746106
	-61.53189	-9.745083
	-61.5313	-9.743797
	-61.53074	-9.742872
	-61.53025	-9.74155
	-61.53019	-9.740763
	-61.53052	-9.74024
	-61.53108	-9.740007
	-61.53218	-9.740012
	-61.5363	-9.739704
	-61.53729	-9.739347
	-61.53829	-9.739053
	-61.54025	-9.738175
	-61.54104	-9.737753
	-61.54337	-9.736968
	-61.5452	-9.736424
	-61.5464	-9.735471
	-61.54706	-9.734524
	-61.54813	-9.73347
	-61.54909	-9.733014
	-61.55045	-9.732721
	-61.55181	-9.732564
	-61.55287	-9.731782
	-61.55395	-9.730367
	-61.55517	-9.729323
	-61.55661	-9.728768
	-61.55829	-9.728712
	-61.55952	-9.729079
	-61.56257	-9.730539
	-61.56445	-9.730872
	-61.56568	-9.730588
	-61.56684	-9.730032
	-61.56837	-9.728592
	-61.5718	-9.726138
	-61.57296	-9.724795
	-61.57393	-9.723778
	-61.57437	-9.722794
	-61.57457	-9.721475
	-61.57461	-9.72039
	-61.57425	-9.719267
	-61.5738	-9.718515
	-61.57299	-9.717851
	-61.57208	-9.71726
	-61.57085	-9.716694
	-61.56847	-9.715427
	-61.56747	-9.714962
	-61.56651	-9.714831
	-61.56482	-9.714264
	-61.5636	-9.713634
	-61.56264	-9.713034
	-61.56112	-9.711915
	-61.55904	-9.710225
	-61.55808	-9.709271
	-61.55706	-9.708471
	-61.55607	-9.708042
	-61.55457	-9.707737
	-61.55371	-9.707734
	-61.55271	-9.708028
	-61.55142	-9.708483
	-61.55022	-9.709003
	-61.549	-9.709694
	-61.54833	-9.710342
	-61.54776	-9.711298
	-61.54765	-9.712681
	-61.54765	-9.713468
	-61.54724	-9.715075
	-61.54681	-9.71567
	-61.54638	-9.715795
	-61.54561	-9.715891
	-61.54426	-9.715723
	-61.54041	-9.715019
	-61.53813	-9.714775
	-61.53514	-9.714237
	-61.53459	-9.713909
	-61.53286	-9.713043
	-61.53167	-9.712314
	-61.53021	-9.711287
	-61.529	-9.710332
	-61.52791	-9.709405
	-61.52628	-9.707779
	-61.52425	-9.704651
	-61.52333	-9.702676
	-61.52227	-9.700664
	-61.52162	-9.699839
	-61.51963	-9.697985
	-61.51844	-9.697221
	-61.51755	-9.69643
	-61.51662	-9.695866
	-61.5149	-9.695135
	-61.51288	-9.694665
	-61.51182	-9.694561
	-61.50847	-9.69451
	-61.50748	-9.694415
	-61.50675	-9.694114
	-61.50534	-9.6923
	-61.50484	-9.691375
	-61.50454	-9.690488
	-61.50398	-9.689102
	-61.50288	-9.684522
	-61.50289	-9.683138
	-61.50273	-9.681691
	-61.50257	-9.678173
	-61.50275	-9.676492
	-61.50285	-9.674883
	-61.50337	-9.671658
	-61.50407	-9.668541
	-61.50464	-9.66726
	-61.50531	-9.666178
	-61.50611	-9.665358
	-61.50665	-9.664276
	-61.50678	-9.663652
	-61.50682	-9.663056
	-61.5063	-9.661905
	-61.5055	-9.661305
	-61.50401	-9.661009
	-61.50269	-9.660832
	-61.50176	-9.660764
	-61.49977	-9.659764
	-61.4979	-9.659097
	-61.4955	-9.659897
	-61.49483	-9.659897
	-61.49403	-9.659564
	-61.48836	-9.650422
	-61.48622	-9.644883
	-61.48095	-9.640278
	-61.48062	-9.634406
	-61.47822	-9.63247
	-61.47668	-9.629467
	-61.47708	-9.626331
	-61.48035	-9.623395
	-61.48242	-9.623662
	-61.48442	-9.62573
	-61.48742	-9.626665
	-61.49203	-9.626264
	-61.49623	-9.624663
	-61.5005	-9.620392
	-61.50178	-9.617833
	-61.50221	-9.61741
	-61.50285	-9.616066
	-61.50329	-9.614911
	-61.50346	-9.614061
	-61.5032	-9.612279
	-61.503	-9.611455
	-61.50258	-9.610603
	-61.50218	-9.610005
	-61.5011	-9.609248
	-61.5001	-9.602975
	-61.49877	-9.600639
	-61.49817	-9.599505
	-61.4977	-9.597903
	-61.49617	-9.590829
	-61.49503	-9.586692
	-61.4947	-9.582154
	-61.4963	-9.574547
	-61.49897	-9.572478
	-61.50017	-9.572144
	-61.5013	-9.573479
	-61.50218	-9.573358
	-61.50254	-9.57326
	-61.50367	-9.57284
	-61.50394	-9.571919
	-61.50395	-9.570635
	-61.50385	-9.569188
	-61.50445	-9.568305
	-61.50528	-9.567874
	-61.50628	-9.567227
	-61.5081	-9.566476
	-61.50891	-9.565919
	-61.5099	-9.5652
	-61.51057	-9.564054
	-61.51065	-9.56211
	-61.5096	-9.55773
	-61.50924	-9.555423
	-61.50939	-9.553515
	-61.50972	-9.552007
	-61.51023	-9.550598
	-61.51033	-9.550165
	-61.5103	-9.549016
	-61.51011	-9.547632
	-61.50962	-9.546581
	-61.50916	-9.544834
	-61.5087	-9.543874
	-61.50818	-9.542624
	-61.50795	-9.541863
	-61.50785	-9.54095
	-61.50799	-9.539992
	-61.50832	-9.53917
	-61.50929	-9.53865
	-61.50992	-9.538716
	-61.51081	-9.539443
	-61.51147	-9.53988
	-61.5124	-9.540336
	-61.51323	-9.540475
	-61.51402	-9.540216
	-61.51426	-9.53982
	-61.51406	-9.538933
	-61.5137	-9.538172
	-61.51367	-9.537322
	-61.51371	-9.536164
	-61.51411	-9.535117
	-61.51415	-9.532848
	-61.51379	-9.531888
	-61.51329	-9.530936
	-61.51297	-9.52975
	-61.51304	-9.528991
	-61.51351	-9.528604
	-61.51443	-9.528572
	-61.51523	-9.528738
	-61.51764	-9.529834
	-61.51993	-9.530729
	-61.52116	-9.531033
	-61.52211	-9.530775
	-61.52278	-9.530253
	-61.52354	-9.530356
	-61.52483	-9.531148
	-61.52588	-9.532274
	-61.52698	-9.532767
	-61.52787	-9.532843
	-61.52953	-9.53219
	-61.53073	-9.531073
	-61.53213	-9.529696
	-61.53319	-9.528552
	-61.53509	-9.526092
	-61.53613	-9.524911
	-61.53696	-9.524327
	-61.5436	-9.520964
	-61.54649	-9.519367
	-61.54789	-9.518351
	-61.54932	-9.516747
	-61.55001	-9.515855
	-61.54989	-9.515167
	-61.5491	-9.513943
	-61.54818	-9.512954
	-61.54672	-9.5117
	-61.5453	-9.510835
	-61.54388	-9.510404
	-61.54146	-9.50987
	-61.53904	-9.508576
	-61.53792	-9.50811
	-61.53482	-9.505791
	-61.53243	-9.505193
	-61.53157	-9.504756
	-61.52674	-9.503913
	-61.52634	-9.503459
	-61.52644	-9.502664
	-61.52691	-9.50234
	-61.5285	-9.501723
	-61.53033	-9.500609
	-61.53196	-9.499694
	-61.53511	-9.49836
	-61.5371	-9.497084
	-61.53896	-9.496233
	-61.54312	-9.493954
	-61.54484	-9.49284
	-61.549	-9.489864
	-61.54983	-9.48947
	-61.55125	-9.489186
	-61.55225	-9.489054
	-61.55497	-9.488966
	-61.55619	-9.488546
	-61.55932	-9.486715
	-61.56081	-9.485934
	-61.56264	-9.485146
	-61.56444	-9.484168
	-61.56556	-9.482988
	-61.56656	-9.481744
	-61.5672	-9.480662
	-61.56776	-9.479317
	-61.56794	-9.478232
	-61.5686	-9.476852
	-61.56977	-9.475835
	-61.57109	-9.475279
	-61.57172	-9.475155
	-61.5761	-9.474938
	-61.57767	-9.474122
	-61.57823	-9.472912
	-61.57814	-9.471031
	-61.57755	-9.469519
	-61.57689	-9.468494
	-61.5759	-9.467505
	-61.57477	-9.466903
	-61.57313	-9.465784
	-61.57286	-9.465159
	-61.57296	-9.464075
	-61.5732	-9.463352
	-61.5739	-9.462297
	-61.5756	-9.461156
	-61.5792	-9.460935
	-61.58076	-9.461014
	-61.58139	-9.460917
	-61.58173	-9.46052
	-61.58186	-9.459933
	-61.58186	-9.459336
	-61.58131	-9.458575
	-61.58031	-9.457721
	-61.57919	-9.456921
	-61.5778	-9.456065
	-61.57612	-9.454611
	-61.57523	-9.45355
	-61.5746	-9.452625
	-61.57335	-9.45035
	-61.57309	-9.449626
	-61.57274	-9.448178
	-61.5722	-9.447551
	-61.57109	-9.445738
	-61.56848	-9.44306
	-61.56664	-9.441019
	-61.56571	-9.440119
	-61.56307	-9.438011
	-61.56072	-9.436455
	-61.55894	-9.435028
	-61.55761	-9.434074
	-61.55686	-9.432949
	-61.55659	-9.4318
	-61.55667	-9.430055
	-61.55668	-9.428373
	-61.55652	-9.426763
	-61.55644	-9.423146
	-61.55608	-9.422159
	-61.55512	-9.421196
	-61.55413	-9.420405
	-61.55244	-9.420001
	-61.55148	-9.419572
	-61.55065	-9.419071
	-61.55029	-9.418382
	-61.55006	-9.416898
	-61.55071	-9.415093
	-61.55167	-9.414138
	-61.5525	-9.413228
	-61.55447	-9.410406
	-61.55523	-9.409152
	-61.55817	-9.405086
	-61.5594	-9.40378
	-61.56056	-9.403026
	-61.56136	-9.401808
	-61.56127	-9.400533
	-61.56107	-9.399311
	-61.56081	-9.398126
	-61.56081	-9.397827
	-61.56068	-9.397339
	-61.56046	-9.396117
	-61.5597	-9.394143
	-61.55921	-9.393056
	-61.55885	-9.392457
	-61.55789	-9.39173
	-61.55653	-9.391064
	-61.55369	-9.389968
	-61.5527	-9.389439
	-61.55197	-9.388939
	-61.55181	-9.388314
	-61.55198	-9.387755
	-61.55208	-9.387068
	-61.55304	-9.386411
	-61.55397	-9.386126
	-61.55563	-9.385961
	-61.55656	-9.385739
	-61.55792	-9.385247
	-61.55871	-9.384789
	-61.55931	-9.383969
	-61.55954	-9.383219
	-61.55952	-9.382396
	-61.55992	-9.381476
	-61.56032	-9.380917
	-61.56092	-9.380232
	-61.56185	-9.379539
	-61.56304	-9.378495
	-61.56434	-9.377479
	-61.56535	-9.376533
	-61.56637	-9.375805
	-61.56939	-9.374208
	-61.56973	-9.373784
	-61.57095	-9.372831
	-61.57212	-9.372049
	-61.57338	-9.371466
	-61.5755	-9.370353
	-61.57763	-9.369304
	-61.58008	-9.368464
	-61.58121	-9.368134
	-61.58283	-9.36805
	-61.58489	-9.368148
	-61.58827	-9.368759
	-61.59009	-9.369028
	-61.59157	-9.369097
	-61.59459	-9.369082
	-61.59615	-9.368826
	-61.59867	-9.36804
	-61.5999	-9.367385
	-61.60229	-9.36631
	-61.6061	-9.36429
	-61.60743	-9.363509
	-61.60866	-9.36269
	-61.61035	-9.362064
	-61.61105	-9.361443
	-61.61135	-9.360856
	-61.61148	-9.360061
	-61.61149	-9.358886
	-61.6113	-9.357366
	-61.61147	-9.35648
	-61.6124	-9.35596
	-61.61305	-9.355962
	-61.61388	-9.356454
	-61.61547	-9.357482
	-61.61759	-9.359136
	-61.61964	-9.360428
	-61.62145	-9.361719
	-61.62311	-9.362611
	-61.62433	-9.363041
	-61.62512	-9.363017
	-61.627	-9.351
	-61.624	-9.336
	-61.61572	-9.326752
	-61.611	-9.315
	-61.615	-9.306
	-61.61221	-9.29349
	-61.612	-9.279
	-61.615	-9.278
	-61.626	-9.284
	-61.63	-9.279
	-61.633	-9.27
	-61.628	-9.257
	-61.599	-9.256
	-61.589	-9.243
	-61.575	-9.237
	-61.551	-9.243
	-61.539	-9.244
	-61.532	-9.249
	-61.524	-9.242
	-61.528	-9.231
	-61.52	-9.191
	-61.523	-9.179
	-61.531	-9.171
	-61.538	-9.153
	-61.555	-9.131
	-61.558	-9.117
	-61.555	-9.092
	-61.541	-9.054
	-61.53	-9.042
	-61.527	-9.019
	-61.52	-9.0
	-61.493	-8.942
	-61.468	-8.917
	-61.484	-8.906
	-61.492	-8.884
	-61.511	-8.863
	-61.513	-8.837
	-61.523	-8.818
	-61.543	-8.819
	-61.568	-8.801
	-61.58	-8.802
	-61.583	-8.798
	-60.848	-8.798
	-60.515	-8.797
	-60.42	-8.796
	-60.072	-8.8
	-59.412	-8.803
	-59.096	-8.803
	-58.5	-8.802
	-58.442	-8.799
	-58.43	-8.79
	-58.422	-8.788
	-58.415	-8.792
	-58.387	-8.774
	-58.354	-8.737
	-58.332	-8.726
	-58.326	-8.72
	-58.328	-8.712
	-58.351	-8.701
	-58.383	-8.706
	-58.411	-8.72
	-58.433	-8.71
	-58.437	-8.703
	-58.414	-8.644
	-58.403	-8.631
	-58.401	-8.615
	-58.39	-8.603
	-58.389	-8.594
	-58.398	-8.58
	-58.41	-8.57
	-58.404	-8.539
	-58.405	-8.53
	-58.415	-8.516
	-58.417	-8.492
	-58.405	-8.467
	-58.398	-8.464
	-58.389	-8.44
	-58.376	-8.429
	-58.353	-8.392
	-58.355	-8.384
	-58.348	-8.369
	-58.35	-8.354
	-58.348	-8.346
	-58.318	-8.33
	-58.314	-8.323
	-58.315	-8.306
	-58.325	-8.294
	-58.328	-8.285
	-58.32	-8.271
	-58.322	-8.232
	-58.312	-8.209
	-58.322	-8.17
	-58.317	-8.154
	-58.288	-8.132
	-58.287	-8.128
	-58.291	-8.112
	-58.286	-8.088
	-58.288	-8.079
	-58.321	-8.025
	-58.325	-8.009
	-58.324	-7.992
	-58.331	-7.968
	-58.355	-7.944
	-58.373	-7.907
	-58.374	-7.864
	-58.383	-7.852
	-58.384	-7.844
	-58.378	-7.827
	-58.371	-7.821
	-58.334	-7.804
	-58.297	-7.774
	-58.294	-7.771
	-58.284	-7.748
	-58.282	-7.714
	-58.275	-7.699
	-58.251	-7.676
	-58.239	-7.653
	-58.202	-7.62
	-58.202	-7.596
	-58.21932	-7.552609
	-58.222	-7.524
	-58.213	-7.493
	-58.213	-7.458
	-58.173	-7.394
	-58.14	-7.363
	-58.137	-7.356
	-58.138	-7.349
	-58.118	-7.353
	-58.06	-7.397
	-58.035	-7.454
	-58.002	-7.488
	-57.972	-7.534
	-57.945	-7.602
	-57.939	-7.653
	-57.934	-7.656
	-57.916	-7.657
	-57.898	-7.672
	-57.873	-7.801
	-57.84	-7.861
	-57.834	-7.882
	-57.831	-7.961
	-57.828	-7.973
	-57.803	-8.003
	-57.776	-8.052
	-57.728	-8.094
	-57.719	-8.146
	-57.715	-8.158
	-57.704	-8.168
	-57.677	-8.171
	-57.667	-8.176
	-57.643	-8.212
	-57.643	-8.231
	-57.663	-8.268
	-57.664	-8.294
	-57.679	-8.319
	-57.679	-8.333
	-57.668	-8.366
	-57.67	-8.379
	-57.686	-8.407
	-57.686	-8.416
	-57.681	-8.433
	-57.651	-8.471
	-57.651	-8.478
	-57.66	-8.492
	-57.659	-8.5
	-57.637	-8.513
	-57.634	-8.519
	-57.633	-8.526
	-57.638	-8.54
	-57.65	-8.553
	-57.648	-8.576
	-57.644	-8.582
	-57.63	-8.585
	-57.622	-8.591
	-57.624	-8.638
	-57.62	-8.647
	-57.605	-8.662
	-57.602	-8.68
	-57.596	-8.691
	-57.593	-8.707
	-57.601	-8.741
	-57.592	-8.756
	-57.586	-8.759
	-57.56007	-8.761767
	-57.53	-8.748
	-57.484	-8.769
	-57.463	-8.784
	-57.452	-8.786
	-57.427	-8.783
	-57.416	-8.795
	-57.413	-8.826
	-57.419	-8.842
	-57.4188	-8.848517
	-57.419	-8.853
	-57.41535	-8.858672
	-57.403	-8.862
	-57.384	-8.879
	-57.317	-8.885
	-57.31	-8.892
	-57.306	-8.91
	-57.299	-8.914
	-57.286	-8.915
	-57.262	-8.907
	-57.245	-8.906
	-57.216	-8.914
	-57.203	-8.92
	-57.188	-8.933
	-57.162	-8.969
	-57.138	-8.994
	-57.094	-9.017
	-57.09	-9.038
	-57.083	-9.046
	-57.059	-9.064
	-57.063	-9.078
	-57.046	-9.089
	-57.039	-9.098
	-57.041	-9.115
	-57.06	-9.137
	-57.052	-9.158
	-57.058	-9.169
	-57.06	-9.182
	-57.047	-9.194
	-57.039	-9.197
	-57.034	-9.209
	-57.022	-9.219
	-57.008	-9.223
	-56.995	-9.233
	-56.952	-9.223
	-56.938	-9.23
	-56.879	-9.239
	-56.872	-9.239
	-56.86	-9.231
	-56.844	-9.24
	-56.82	-9.246
	-56.803	-9.267
	-56.785	-9.316
	-56.779	-9.317
	-56.775	-9.329
	-56.775	-9.364
	-56.769	-9.378
	-56.772	-9.391
	-56.761	-9.405
	-56.754	-9.406
	-56.736	-9.396
	-56.718	-9.383
	-56.711	-9.374
	-56.697	-9.374
	-56.671	-9.367
	-56.273	-9.4
	-56.156	-9.41
	-55.791	-9.44
	-55.604	-9.456
	-55.152	-9.492
	-54.995	-9.505
	-54.859	-9.516
	-54.732	-9.526
	-54.613	-9.535
	-54.294	-9.558
	-54.106	-9.572
	-53.915	-9.586
	-53.84	-9.592
	-53.58835	-9.610979
	-53.451	-9.621
	-53.133	-9.645
	-52.62	-9.682
	-52.619	-9.682
	-52.359	-9.7
	-52.255	-9.707
	-51.488	-9.76
	-51.304	-9.772
	-51.058	-9.787
	-50.842	-9.8
	-50.696	-9.81
	-50.321	-9.835
	-50.20757	-9.839025
	-50.21127	-9.848239
	-50.21298	-9.85354
	-50.21777	-9.858906
	-50.22715	-9.861557
	-50.23667	-9.866147
	-50.2427	-9.872805
	-50.24789	-9.88024
	-50.25891	-9.890453
	-50.26547	-9.897628
	-50.26678	-9.904674
	-50.26587	-9.924841
	-50.26826	-9.937114
	-50.27089	-9.944741
	-50.27732	-9.953789
	-50.28125	-9.964647
	-50.2848	-9.972402
	-50.29052	-9.98579
	-50.2925	-10.00341
	-50.28961	-10.01604
	-50.29955	-10.02975
	-50.3098	-10.03579
	-50.31305	-10.04895
	-50.32534	-10.06959
	-50.34124	-10.08489
	-50.36076	-10.09592
	-50.37268	-10.11158
	-50.38858	-10.12474
	-50.39762	-10.14751
	-50.39075	-10.16744
	-50.3875	-10.19661
	-50.38497	-10.21546
	-50.38569	-10.2368
	-50.39364	-10.25138
	-50.39979	-10.26774
	-50.40051	-10.27805
	-50.40906	-10.29422
	-50.41979	-10.31584
	-50.41877	-10.33796
	-50.4249	-10.35456
	-50.43564	-10.37266
	-50.45199	-10.39126
	-50.4709	-10.40131
	-50.47651	-10.42198
	-50.48215	-10.44304
	-50.48931	-10.46063
	-50.48726	-10.47872
	-50.48206	-10.48791
	-50.49902	-10.4933
	-50.50873	-10.49933
	-50.51537	-10.51189
	-50.52202	-10.52948
	-50.52304	-10.54355
	-50.52151	-10.56063
	-50.52611	-10.57018
	-50.52968	-10.57973
	-50.53292	-10.59552
	-50.54123	-10.60866
	-50.55641	-10.6108
	-50.56906	-10.6147
	-50.57669	-10.63092
	-50.58318	-10.64432
	-50.59182	-10.65128
	-50.59891	-10.65655
	-50.6028	-10.66117
	-50.60428	-10.66252
	-50.60319	-10.67018
	-50.59541	-10.6836
	-50.588	-10.69674
	-50.58222	-10.709
	-50.57752	-10.72391
	-50.57463	-10.73847
	-50.57535	-10.7493
	-50.57969	-10.76279
	-50.58664	-10.7849
	-50.59585	-10.79733
	-50.60471	-10.80656
	-50.61158	-10.81561
	-50.61393	-10.82466
	-50.61971	-10.83514
	-50.61971	-10.84845
	-50.61194	-10.86779
	-50.60453	-10.87791
	-50.60074	-10.88836
	-50.60273	-10.89865
	-50.60833	-10.90646
	-50.61917	-10.91391
	-50.62839	-10.92402
	-50.63164	-10.93201
	-50.62965	-10.94691
	-50.62513	-10.95968
	-50.62405	-10.97157
	-50.62405	-10.98523
	-50.62007	-10.99605
	-50.61483	-11.00598
	-50.61323	-11.01766
	-50.61106	-11.03326
	-50.61215	-11.04533
	-50.60781	-11.05845
	-50.60781	-11.07335
	-50.61287	-11.08328
	-50.62732	-11.09179
	-50.63853	-11.10101
	-50.64829	-11.11342
	-50.6519	-11.12442
	-50.65552	-11.13612
	-50.66021	-11.1464
	-50.66527	-11.15917
	-50.66563	-11.17441
	-50.65696	-11.19321
	-50.65299	-11.20668
	-50.65407	-11.22015
	-50.65552	-11.23468
	-50.65841	-11.24461
	-50.66078	-11.2587
	-50.66639	-11.27057
	-50.67054	-11.28138
	-50.67054	-11.289
	-50.67434	-11.29538
	-50.67795	-11.29999
	-50.68446	-11.30584
	-50.68879	-11.31169
	-50.69223	-11.317
	-50.69458	-11.32462
	-50.69801	-11.33224
	-50.70114	-11.3398
	-50.70132	-11.34467
	-50.70358	-11.34866
	-50.70602	-11.3522
	-50.71226	-11.35627
	-50.72021	-11.36477
	-50.72599	-11.37257
	-50.72762	-11.37895
	-50.72942	-11.3878
	-50.7278	-11.39666
	-50.72906	-11.40516
	-50.7334	-11.41083
	-50.73629	-11.41987
	-50.73846	-11.42961
	-50.74127	-11.44406
	-50.73973	-11.4507
	-50.73986	-11.45859
	-50.74165	-11.4661
	-50.73897	-11.47562
	-50.73833	-11.48313
	-50.73718	-11.49002
	-50.73743	-11.49691
	-50.73769	-11.50993
	-50.73679	-11.52309
	-50.73653	-11.53611
	-50.73244	-11.54863
	-50.72707	-11.55864
	-50.72375	-11.56966
	-50.71736	-11.58118
	-50.70637	-11.58543
	-50.69232	-11.58518
	-50.67929	-11.58518
	-50.67	-11.581
	-50.66063	-11.58669
	-50.65603	-11.59495
	-50.65705	-11.60471
	-50.65858	-11.61347
	-50.66037	-11.61923
	-50.66012	-11.62411
	-50.6605	-11.63175
	-50.66165	-11.63688
	-50.66357	-11.64226
	-50.66408	-11.64827
	-50.66293	-11.65515
	-50.66088	-11.66028
	-50.65986	-11.66729
	-50.66165	-11.67192
	-50.66625	-11.67617
	-50.672	-11.68193
	-50.67724	-11.68518
	-50.68542	-11.69109
	-50.68849	-11.69817
	-50.69084	-11.70383
	-50.69084	-11.71091
	-50.69373	-11.71533
	-50.70132	-11.71693
	-50.70765	-11.72011
	-50.71415	-11.72383
	-50.71976	-11.72754
	-50.72216	-11.72963
	-50.72459	-11.73376
	-50.7242	-11.73952
	-50.72267	-11.74189
	-50.72011	-11.74377
	-50.71815	-11.74832
	-50.71779	-11.75424
	-50.71499	-11.75982
	-50.70988	-11.76331
	-50.70573	-11.76711
	-50.70477	-11.77282
	-50.70477	-11.78043
	-50.70531	-11.78839
	-50.70495	-11.79635
	-50.70404	-11.80449
	-50.6979	-11.81139
	-50.69085	-11.81298
	-50.68706	-11.81935
	-50.68706	-11.82607
	-50.68742	-11.83297
	-50.68778	-11.83756
	-50.68933	-11.84806
	-50.68734	-11.85708
	-50.68192	-11.86009
	-50.66981	-11.86646
	-50.66204	-11.87123
	-50.64957	-11.87707
	-50.64053	-11.87972
	-50.6371	-11.88626
	-50.63764	-11.89422
	-50.64397	-11.90023
	-50.65318	-11.90607
	-50.65879	-11.90943
	-50.66312	-11.91509
	-50.66656	-11.92163
	-50.66674	-11.92994
	-50.66348	-11.93913
	-50.6568	-11.94744
	-50.65445	-11.95522
	-50.65517	-11.96317
	-50.65987	-11.96883
	-50.66656	-11.97555
	-50.67107	-11.98174
	-50.68041	-11.98691
	-50.68347	-11.99316
	-50.68066	-12.00166
	-50.67479	-12.00941
	-50.67325	-12.01766
	-50.67785	-12.02266
	-50.68501	-12.02866
	-50.68654	-12.03865
	-50.68654	-12.0499
	-50.67632	-12.0589
	-50.66891	-12.06864
	-50.66891	-12.09164
	-50.66967	-12.09963
	-50.67274	-12.10813
	-50.673	-12.11862
	-50.67146	-12.12537
	-50.66891	-12.13361
	-50.67044	-12.14186
	-50.67427	-12.14611
	-50.67727	-12.15793
	-50.67836	-12.16923
	-50.68016	-12.18054
	-50.68016	-12.18796
	-50.68125	-12.1982
	-50.68595	-12.20456
	-50.68378	-12.21657
	-50.67732	-12.21887
	-50.67151	-12.2155
	-50.66646	-12.21369
	-50.65963	-12.21494
	-50.65145	-12.21775
	-50.64525	-12.22243
	-50.64385	-12.22786
	-50.64583	-12.2338
	-50.64998	-12.24123
	-50.65298	-12.24847
	-50.65011	-12.25615
	-50.63925	-12.26239
	-50.63394	-12.2684
	-50.62761	-12.27758
	-50.62833	-12.28288
	-50.63592	-12.28694
	-50.64189	-12.29118
	-50.64713	-12.29701
	-50.64893	-12.3053
	-50.6464	-12.31537
	-50.63882	-12.3219
	-50.63737	-12.32914
	-50.64134	-12.33443
	-50.64493	-12.34351
	-50.64348	-12.35233
	-50.63372	-12.36186
	-50.62975	-12.37069
	-50.62975	-12.39258
	-50.63264	-12.40528
	-50.63192	-12.41693
	-50.62686	-12.42752
	-50.62107	-12.43882
	-50.6218	-12.45011
	-50.6265	-12.45752
	-50.63336	-12.4547
	-50.64168	-12.45011
	-50.65143	-12.45399
	-50.65179	-12.46175
	-50.64637	-12.47128
	-50.64168	-12.47869
	-50.64457	-12.48752
	-50.65216	-12.49281
	-50.65866	-12.50057
	-50.66011	-12.51116
	-50.65938	-12.52104
	-50.66155	-12.53303
	-50.66444	-12.53868
	-50.67023	-12.54538
	-50.68107	-12.55878
	-50.6859	-12.56551
	-50.68955	-12.568
	-50.69013	-12.57224
	-50.68885	-12.57698
	-50.68438	-12.57966
	-50.67997	-12.58346
	-50.67952	-12.58689
	-50.68157	-12.59001
	-50.68636	-12.59138
	-50.69498	-12.59126
	-50.70271	-12.59462
	-50.70597	-12.59941
	-50.70751	-12.60789
	-50.70291	-12.61637
	-50.69882	-12.62385
	-50.69313	-12.6274
	-50.68943	-12.63096
	-50.68828	-12.63464
	-50.6893	-12.63738
	-50.68834	-12.64093
	-50.68438	-12.64498
	-50.68204	-12.64579
	-50.67888	-12.64636
	-50.67098	-12.64738
	-50.66172	-12.64663
	-50.65386	-12.64632
	-50.64869	-12.64813
	-50.64517	-12.65336
	-50.64524	-12.66234
	-50.64702	-12.66396
	-50.65026	-12.66771
	-50.65333	-12.67158
	-50.6541	-12.67619
	-50.6509	-12.68292
	-50.64784	-12.68915
	-50.64643	-12.69751
	-50.64158	-12.70349
	-50.63736	-12.70287
	-50.63301	-12.70037
	-50.63046	-12.70212
	-50.62905	-12.70673
	-50.63186	-12.71022
	-50.63519	-12.71396
	-50.63698	-12.7177
	-50.63634	-12.72094
	-50.62995	-12.7248
	-50.6265	-12.72804
	-50.62356	-12.73278
	-50.62266	-12.73801
	-50.62471	-12.74263
	-50.6256	-12.74638
	-50.62578	-12.75361
	-50.62578	-12.7596
	-50.62886	-12.76365
	-50.63283	-12.76771
	-50.63536	-12.77211
	-50.63464	-12.77758
	-50.62922	-12.77881
	-50.62253	-12.77317
	-50.61711	-12.76894
	-50.61259	-12.77053
	-50.61115	-12.7781
	-50.61585	-12.78551
	-50.61982	-12.79114
	-50.62271	-12.79872
	-50.6256	-12.80507
	-50.6256	-12.81388
	-50.62307	-12.81969
	-50.61946	-12.82269
	-50.6144	-12.8211
	-50.60952	-12.81617
	-50.60735	-12.80929
	-50.60518	-12.80366
	-50.5994	-12.80066
	-50.59037	-12.7996
	-50.58187	-12.79925
	-50.57736	-12.80031
	-50.57627	-12.80401
	-50.58043	-12.80877
	-50.58766	-12.81106
	-50.59253	-12.81159
	-50.59832	-12.8137
	-50.60103	-12.81828
	-50.60012	-12.8248
	-50.5938	-12.83062
	-50.58494	-12.83467
	-50.57736	-12.83837
	-50.56579	-12.84312
	-50.56152	-12.84167
	-50.55894	-12.83934
	-50.55618	-12.83784
	-50.55284	-12.83757
	-50.54905	-12.84009
	-50.54534	-12.8433
	-50.53988	-12.84546
	-50.53432	-12.84568
	-50.53179	-12.84348
	-50.52822	-12.83903
	-50.52777	-12.83713
	-50.5246	-12.83452
	-50.52116	-12.83073
	-50.51737	-12.82915
	-50.51258	-12.83144
	-50.51104	-12.83575
	-50.51213	-12.84016
	-50.51529	-12.84465
	-50.51746	-12.84906
	-50.51791	-12.85328
	-50.51665	-12.85795
	-50.51312	-12.86086
	-50.51068	-12.86145
	-50.5044	-12.86412
	-50.50063	-12.86672
	-50.49829	-12.87169
	-50.49822	-12.87708
	-50.5018	-12.88108
	-50.50742	-12.88352
	-50.51045	-12.88786
	-50.51219	-12.89224
	-50.51286	-12.89886
	-50.51245	-12.90574
	-50.51505	-12.91722
	-50.52728	-12.93776
	-50.52475	-12.96305
	-50.525	-12.976
	-50.53795	-12.97934
	-50.54146	-12.986
	-50.556	-13.002
	-50.565	-13.003
	-50.578	-12.997
	-50.58582	-12.99747
	-50.593	-13.002
	-50.5933	-13.0085
	-50.587	-13.024
	-50.572	-13.032
	-50.569	-13.039
	-50.5708	-13.04506
	-50.576	-13.051
	-50.58816	-13.0533
	-50.59812	-13.05178
	-50.6039	-13.05361
	-50.60852	-13.05691
	-50.611	-13.064
	-50.60729	-13.07313
	-50.60521	-13.08517
	-50.601	-13.089
	-50.59506	-13.09587
	-50.59148	-13.11216
	-50.5933	-13.12254
	-50.59805	-13.13331
	-50.599	-13.143
	-50.59759	-13.152
	-50.59369	-13.16036
	-50.594	-13.169
	-50.60332	-13.17898
	-50.60468	-13.18721
	-50.603	-13.196
	-50.59337	-13.20406
	-50.586	-13.212
	-50.58446	-13.21799
	-50.59002	-13.24722
	-50.59548	-13.26545
	-50.60537	-13.27729
	-50.60719	-13.30725
	-50.612	-13.316
	-50.624	-13.334
	-50.63662	-13.34549
	-50.64072	-13.35248
	-50.646	-13.361
	-50.665	-13.376
	-50.669	-13.399
	-50.66725	-13.40951
	-50.663	-13.419
	-50.665	-13.442
	-50.684	-13.444
	-50.697	-13.476
	-50.715	-13.491
	-50.745	-13.507
	-50.763	-13.53
	-50.768	-13.597
	-50.781	-13.619
	-50.787	-13.648
	-50.80261	-13.68381
	-50.804	-13.691
	-50.823	-13.713
	-50.834	-13.711
	-50.856	-13.715
	-50.865	-13.723
	-50.871	-13.733
	-50.87	-13.739
	-50.853	-13.765
	-50.857	-13.791
	-50.853	-13.811
	-50.856	-13.831
	-50.841	-13.86
	-50.841	-13.891
	-50.845	-13.903
	-50.83995	-13.91446
	-50.841	-13.927
	-50.845	-13.941
	-50.862	-13.956
	-50.8677	-13.96663
	-50.865	-13.975
	-50.863	-13.985
	-50.85731	-13.99014
	-50.849	-14.0
	-50.8485	-14.00724
	-50.85313	-14.01688
	-50.8538	-14.02818
	-50.84126	-14.05006
	-50.83726	-14.06496
	-50.831	-14.072
	-50.833	-14.089
	-50.84267	-14.10474
	-50.84787	-14.11306
	-50.85724	-14.12051
	-50.86088	-14.12199
	-50.86553	-14.12561
	-50.86914	-14.12656
	-50.87789	-14.12596
	-50.88163	-14.12839
	-50.88628	-14.13094
	-50.89233	-14.13094
	-50.89565	-14.12782
	-50.89815	-14.12404
	-50.8991	-14.11726
	-50.89945	-14.11297
	-50.90319	-14.11164
	-50.90866	-14.11089
	-50.91298	-14.11205
	-50.91825	-14.11426
	-50.91978	-14.11776
	-50.92121	-14.12347
	-50.92066	-14.12685
	-50.91568	-14.13504
	-50.91145	-14.14258
	-50.91	-14.149
	-50.91357	-14.16932
	-50.92687	-14.18468
	-50.937	-14.21
	-50.93913	-14.21682
	-50.94451	-14.22409
	-50.95527	-14.23345
	-50.95826	-14.23737
	-50.96052	-14.24967
	-50.97004	-14.28034
	-50.975	-14.29
	-50.9785	-14.29416
	-50.9791	-14.30031
	-50.97652	-14.30535
	-50.97045	-14.31422
	-50.9665	-14.32028
	-50.96571	-14.32651
	-50.96719	-14.33275
	-50.9745	-14.3426
	-50.98144	-14.35245
	-50.98503	-14.35624
	-50.9877	-14.3598
	-50.98692	-14.36359
	-50.98494	-14.37196
	-50.98558	-14.37744
	-50.98683	-14.38551
	-50.98922	-14.38756
	-50.99142	-14.39224
	-50.99299	-14.39896
	-50.99515	-14.404
	-50.99729	-14.41197
	-50.99819	-14.41384
	-50.99824	-14.41603
	-50.99589	-14.41968
	-50.98761	-14.42628
	-50.98531	-14.43042
	-50.98444	-14.43568
	-50.98541	-14.44057
	-50.98895	-14.44458
	-50.98932	-14.45064
	-50.987	-14.457
	-50.98301	-14.46186
	-50.975	-14.467
	-50.97138	-14.47099
	-50.96848	-14.47705
	-50.968	-14.482
	-50.97363	-14.49802
	-50.97474	-14.50266
	-50.97368	-14.50733
	-50.97046	-14.51343
	-50.96213	-14.5186
	-50.96112	-14.52407
	-50.962	-14.527
	-50.9723	-14.53787
	-50.98844	-14.56433
	-50.99557	-14.57145
	-50.99755	-14.57777
	-50.9975	-14.58263
	-50.99189	-14.59941
	-50.99244	-14.60964
	-50.99451	-14.61788
	-50.99883	-14.6262
	-51.00293	-14.6339
	-51.01052	-14.64587
	-51.01268	-14.65308
	-51.01512	-14.65704
	-51.019	-14.661
	-51.02556	-14.66336
	-51.02868	-14.6658
	-51.03177	-14.67528
	-51.031	-14.68
	-51.02753	-14.68654
	-51.026	-14.697
	-51.02887	-14.70349
	-51.03222	-14.7086
	-51.036	-14.717
	-51.03931	-14.72293
	-51.049	-14.735
	-51.05228	-14.73823
	-51.0549	-14.74584
	-51.05715	-14.75099
	-51.05651	-14.75824
	-51.05357	-14.76434
	-51.04469	-14.77497
	-51.042	-14.784
	-51.04248	-14.78986
	-51.04465	-14.79447
	-51.05127	-14.80007
	-51.05941	-14.80278
	-51.06856	-14.80883
	-51.07799	-14.81928
	-51.08365	-14.83044
	-51.089	-14.84
	-51.09	-14.848
	-51.09225	-14.85756
	-51.09234	-14.86547
	-51.09248	-14.88072
	-51.0917	-14.88699
	-51.09184	-14.89339
	-51.08995	-14.89672
	-51.08632	-14.89988
	-51.08397	-14.90512
	-51.08324	-14.91081
	-51.084	-14.916
	-51.0869	-14.92108
	-51.09066	-14.92427
	-51.10432	-14.9252
	-51.11126	-14.92769
	-51.11761	-14.93387
	-51.128	-14.93911
	-51.1338	-14.9404
	-51.13969	-14.94151
	-51.14603	-14.94453
	-51.14953	-14.94862
	-51.15095	-14.9544
	-51.14815	-14.95986
	-51.14787	-14.96302
	-51.14672	-14.97084
	-51.14792	-14.9755
	-51.1567	-14.98497
	-51.2015	-15.00407
	-51.21093	-15.01189
	-51.21498	-15.01962
	-51.21967	-15.02406
	-51.22786	-15.02766
	-51.2388	-15.02864
	-51.2434	-15.03112
	-51.25173	-15.03366
	-51.26148	-15.03499
	-51.271	-15.037
	-51.2796	-15.03903
	-51.28489	-15.03792
	-51.29	-15.034
	-51.29436	-15.03121
	-51.29869	-15.02189
	-51.30043	-15.01713
	-51.30048	-15.0142
	-51.29919	-15.00296
	-51.30076	-14.99448
	-51.30218	-14.98728
	-51.30637	-14.98177
	-51.31414	-14.9783
	-51.323	-14.971
	-51.32831	-14.96959
	-51.33327	-14.97053
	-51.337	-14.973
	-51.338	-14.97834
	-51.33932	-14.98107
	-51.34349	-14.984
	-51.34771	-14.9895
	-51.35816	-15.00132
	-51.36231	-15.00688
	-51.36579	-15.00934
	-51.3697	-15.00967
	-51.37341	-15.00864
	-51.38129	-15.00413
	-51.38856	-15.00416
	-51.398	-15.003
	-51.4198	-15.00541
	-51.427	-15.008
	-51.43514	-15.01844
	-51.44134	-15.03147
	-51.44964	-15.03888
	-51.45764	-15.04555
	-51.47017	-15.05095
	-51.47879	-15.05028
	-51.4866	-15.05188
	-51.49547	-15.05671
	-51.51255	-15.05693
	-51.522	-15.058
	-51.53085	-15.06288
	-51.53505	-15.0672
	-51.53723	-15.07384
	-51.54003	-15.08931
	-51.54806	-15.1012
	-51.55068	-15.1042
	-51.56142	-15.10824
	-51.57174	-15.11463
	-51.58366	-15.13003
	-51.588	-15.138
	-51.59074	-15.14744
	-51.59655	-15.15608
	-51.60527	-15.16166
	-51.62412	-15.16422
	-51.64082	-15.1709
	-51.64653	-15.17246
	-51.64976	-15.1743
	-51.6512	-15.17697
	-51.65177	-15.17928
	-51.65017	-15.19066
	-51.64947	-15.19472
	-51.64936	-15.20035
	-51.65108	-15.20617
	-51.6587	-15.21521
	-51.66142	-15.2215
	-51.66914	-15.23402
	-51.6725	-15.24772
	-51.67231	-15.25082
	-51.67087	-15.25377
	-51.66816	-15.25516
	-51.665	-15.25561
	-51.65674	-15.25299
	-51.65097	-15.25327
	-51.64734	-15.25544
	-51.64579	-15.25944
	-51.64567	-15.26323
	-51.64686	-15.26839
	-51.66158	-15.279
	-51.67817	-15.28822
	-51.68344	-15.29478
	-51.68477	-15.30006
	-51.685	-15.30334
	-51.68731	-15.31195
	-51.68939	-15.31603
	-51.69146	-15.3227
	-51.69181	-15.32938
	-51.68916	-15.33667
	-51.68201	-15.34286
	-51.67712	-15.34757
	-51.6724	-15.35849
	-51.671	-15.371
	-51.6714	-15.37579
	-51.67336	-15.38085
	-51.68505	-15.3882
	-51.69321	-15.4001
	-51.697	-15.41
	-51.6978	-15.41411
	-51.69721	-15.41619
	-51.69263	-15.42289
	-51.691	-15.426
	-51.69103	-15.42947
	-51.692	-15.433
	-51.69427	-15.4375
	-51.69699	-15.43996
	-51.70329	-15.44344
	-51.70475	-15.44739
	-51.708	-15.456
	-51.70777	-15.46105
	-51.70579	-15.4658
	-51.69997	-15.47293
	-51.69886	-15.48208
	-51.69872	-15.48582
	-51.70046	-15.49061
	-51.704	-15.496
	-51.70723	-15.49823
	-51.71205	-15.49934
	-51.72052	-15.49961
	-51.72778	-15.50094
	-51.73248	-15.50431
	-51.73583	-15.50923
	-51.73726	-15.51299
	-51.73786	-15.51791
	-51.73726	-15.52584
	-51.7357	-15.53063
	-51.73395	-15.53329
	-51.7282	-15.53838
	-51.72558	-15.54171
	-51.72493	-15.54423
	-51.72659	-15.54875
	-51.73344	-15.55429
	-51.73542	-15.55677
	-51.74009	-15.56005
	-51.74588	-15.56124
	-51.7533	-15.55898
	-51.75609	-15.55635
	-51.75766	-15.55209
	-51.75609	-15.54188
	-51.75629	-15.53737
	-51.75772	-15.53411
	-51.76026	-15.5311
	-51.76384	-15.52966
	-51.77177	-15.53104
	-51.77548	-15.53379
	-51.77827	-15.53843
	-51.78042	-15.54457
	-51.77971	-15.55435
	-51.7786	-15.55861
	-51.76995	-15.5734
	-51.7613	-15.59714
	-51.75382	-15.61293
	-51.75622	-15.63084
	-51.75811	-15.63629
	-51.769	-15.656
	-51.77471	-15.66195
	-51.78505	-15.6783
	-51.80105	-15.70144
	-51.80567	-15.71023
	-51.80573	-15.71383
	-51.80524	-15.71684
	-51.80284	-15.72028
	-51.803	-15.723
	-51.8058	-15.72589
	-51.81025	-15.72776
	-51.81653	-15.7292
	-51.82134	-15.73008
	-51.82522	-15.73291
	-51.83046	-15.73941
	-51.83602	-15.74535
	-51.84881	-15.76781
	-51.85925	-15.78791
	-51.86169	-15.79109
	-51.8738	-15.7984
	-51.87615	-15.8014
	-51.87761	-15.80632
	-51.87855	-15.81126
	-51.87983	-15.82582
	-51.88275	-15.82885
	-51.88602	-15.83169
	-51.89	-15.832
	-51.89338	-15.83018
	-51.90777	-15.81571
	-51.9126	-15.8131
	-51.91623	-15.81217
	-51.94369	-15.81
	-51.948	-15.81
	-51.9505	-15.81076
	-51.95399	-15.81438
	-51.95648	-15.8193
	-51.95672	-15.82425
	-51.95555	-15.82818
	-51.95306	-15.83305
	-51.95306	-15.83537
	-51.9543	-15.83869
	-51.95584	-15.83976
	-51.95872	-15.84007
	-51.96343	-15.83898
	-51.96666	-15.8377
	-51.97049	-15.83773
	-51.9731	-15.83836
	-51.97627	-15.83972
	-51.98086	-15.84264
	-51.98396	-15.84503
	-51.98587	-15.84697
	-51.98689	-15.84878
	-51.98782	-15.85048
	-51.99121	-15.85801
	-51.99245	-15.86327
	-51.99441	-15.87023
	-51.99552	-15.87233
	-51.99751	-15.87425
	-52.00125	-15.87766
	-52.00266	-15.87808
	-52.00417	-15.87848
	-52.00502	-15.87914
	-52.0061	-15.88011
	-52.00653	-15.88234
	-52.00765	-15.88482
	-52.0094	-15.88591
	-52.01103	-15.88658
	-52.01412	-15.88707
	-52.02241	-15.88771
	-52.02825	-15.88828
	-52.03305	-15.88771
	-52.03837	-15.88597
	-52.04228	-15.88707
	-52.0455	-15.88861
	-52.05163	-15.88773
	-52.05794	-15.88771
	-52.06318	-15.88597
	-52.0679	-15.88325
	-52.07429	-15.88129
	-52.07949	-15.88127
	-52.08365	-15.88146
	-52.08996	-15.88199
	-52.09134	-15.88225
	-52.09221	-15.88244
	-52.09313	-15.88308
	-52.09433	-15.88411
	-52.0958	-15.88605
	-52.09686	-15.88847
	-52.09749	-15.88916
	-52.09857	-15.88965
	-52.09991	-15.88936
	-52.10172	-15.88837
	-52.10326	-15.88696
	-52.10498	-15.88482
	-52.1073	-15.88341
	-52.10905	-15.88286
	-52.11085	-15.88286
	-52.11412	-15.88501
	-52.11803	-15.88804
	-52.12112	-15.89159
	-52.12421	-15.89357
	-52.12832	-15.89538
	-52.12961	-15.89571
	-52.13219	-15.8953
	-52.13511	-15.89439
	-52.13978	-15.89228
	-52.14635	-15.89018
	-52.15176	-15.8887
	-52.15622	-15.88837
	-52.1733	-15.88845
	-52.17588	-15.88795
	-52.17879	-15.88696
	-52.186	-15.88267
	-52.18909	-15.88143
	-52.19076	-15.88109
	-52.19218	-15.88077
	-52.19322	-15.88078
	-52.19443	-15.88092
	-52.19594	-15.88127
	-52.19866	-15.88236
	-52.20098	-15.88393
	-52.20437	-15.88705
	-52.20677	-15.88903
	-52.21032	-15.89013
	-52.21414	-15.89123
	-52.21591	-15.89177
	-52.21767	-15.89192
	-52.22137	-15.89117
	-52.2248	-15.8906
	-52.23064	-15.89026
	-52.2399	-15.88979
	-52.24186	-15.88983
	-52.24645	-15.89018
	-52.24879	-15.89058
	-52.25183	-15.89167
	-52.25267	-15.89221
	-52.25336	-15.8927
	-52.25421	-15.89346
	-52.25462	-15.89454
	-52.25477	-15.89516
	-52.25477	-15.89626
	-52.25443	-15.89874
	-52.25359	-15.90044
	-52.25297	-15.90202
	-52.25229	-15.90422
	-52.25209	-15.90582
	-52.25214	-15.9071
	-52.25239	-15.90898
	-52.25301	-15.91091
	-52.25394	-15.91356
	-52.25546	-15.9175
	-52.25598	-15.91902
	-52.25604	-15.91993
	-52.25628	-15.92202
	-52.25623	-15.92433
	-52.25628	-15.92622
	-52.25623	-15.92748
	-52.25636	-15.92864
	-52.25656	-15.9299
	-52.25681	-15.93094
	-52.25731	-15.93166
	-52.25827	-15.93267
	-52.25956	-15.93362
	-52.26068	-15.93418
	-52.2616	-15.93455
	-52.26359	-15.93513
	-52.26424	-15.93577
	-52.26473	-15.93647
	-52.26497	-15.93744
	-52.26529	-15.93848
	-52.26552	-15.93977
	-52.26585	-15.94097
	-52.26561	-15.94242
	-52.26531	-15.94298
	-52.26497	-15.94342
	-52.26492	-15.94392
	-52.26492	-15.94462
	-52.26512	-15.94557
	-52.26565	-15.94652
	-52.26685	-15.94777
	-52.27012	-15.95014
	-52.27295	-15.95163
	-52.27524	-15.9531
	-52.27664	-15.95405
	-52.27823	-15.95553
	-52.28003	-15.95672
	-52.28222	-15.9584
	-52.28353	-15.9598
	-52.28434	-15.96071
	-52.28507	-15.96168
	-52.2858	-15.9625
	-52.28679	-15.96303
	-52.28797	-15.96338
	-52.28894	-15.9638
	-52.28964	-15.96467
	-52.29038	-15.9658
	-52.29071	-15.96802
	-52.29048	-15.97196
	-52.28999	-15.9752
	-52.28895	-15.97914
	-52.28929	-15.98199
	-52.29352	-15.98928
	-52.29419	-15.99105
	-52.29546	-15.99319
	-52.29872	-15.99728
	-52.30353	-16.00126
	-52.30947	-16.00555
	-52.311	-16.00745
	-52.31191	-16.00975
	-52.31334	-16.01197
	-52.31366	-16.01624
	-52.315	-16.02209
	-52.3155	-16.02666
	-52.31622	-16.02796
	-52.31983	-16.0305
	-52.3213	-16.03276
	-52.32176	-16.03425
	-52.32354	-16.03653
	-52.32423	-16.03885
	-52.32393	-16.04023
	-52.3219	-16.04353
	-52.32113	-16.04489
	-52.32092	-16.04543
	-52.32113	-16.04645
	-52.32181	-16.04709
	-52.3232	-16.04784
	-52.3248	-16.04889
	-52.32545	-16.04953
	-52.32588	-16.05101
	-52.3263	-16.05512
	-52.32705	-16.05864
	-52.32785	-16.06332
	-52.328	-16.06892
	-52.32835	-16.07054
	-52.32967	-16.07211
	-52.33143	-16.07366
	-52.33583	-16.07562
	-52.33875	-16.07629
	-52.34434	-16.07956
	-52.34689	-16.08185
	-52.34895	-16.08334
	-52.35077	-16.08423
	-52.35307	-16.08466
	-52.35466	-16.08403
	-52.35656	-16.08197
	-52.35762	-16.08117
	-52.35905	-16.08103
	-52.36155	-16.0817
	-52.36657	-16.08285
	-52.36773	-16.08379
	-52.36918	-16.08577
	-52.37018	-16.08854
	-52.37051	-16.09138
	-52.37045	-16.09452
	-52.37116	-16.09644
	-52.37234	-16.09771
	-52.37418	-16.09863
	-52.37648	-16.09895
	-52.38136	-16.09871
	-52.39227	-16.09338
	-52.39454	-16.09283
	-52.3974	-16.09289
	-52.3995	-16.09358
	-52.40343	-16.09573
	-52.40735	-16.09877
	-52.40994	-16.1
	-52.41614	-16.10077
	-52.42049	-16.10198
	-52.42422	-16.1043
	-52.42565	-16.10575
	-52.42724	-16.1063
	-52.43126	-16.10685
	-52.43756	-16.10892
	-52.44395	-16.11274
	-52.44913	-16.11665
	-52.45364	-16.12247
	-52.45941	-16.12715
	-52.46125	-16.1278
	-52.46351	-16.12786
	-52.46725	-16.12654
	-52.46943	-16.12637
	-52.47212	-16.12679
	-52.47349	-16.12692
	-52.47557	-16.1263
	-52.4767	-16.12618
	-52.47787	-16.12671
	-52.47978	-16.12848
	-52.481	-16.12931
	-52.48259	-16.12956
	-52.48602	-16.12957
	-52.48802	-16.13021
	-52.48942	-16.13132
	-52.49059	-16.13326
	-52.49111	-16.13519
	-52.49113	-16.13732
	-52.49187	-16.13821
	-52.4952	-16.14049
	-52.49847	-16.14219
	-52.50009	-16.1423
	-52.5021	-16.14201
	-52.50866	-16.13695
	-52.5111	-16.13571
	-52.51281	-16.13379
	-52.51431	-16.13322
	-52.51564	-16.13364
	-52.51661	-16.13445
	-52.51822	-16.13657
	-52.51877	-16.13781
	-52.52081	-16.13935
	-52.52248	-16.13989
	-52.52404	-16.13978
	-52.525	-16.14
	-52.52598	-16.14092
	-52.52663	-16.14243
	-52.52661	-16.14411
	-52.52522	-16.14932
	-52.52499	-16.15171
	-52.52526	-16.15336
	-52.52573	-16.15456
	-52.52722	-16.15591
	-52.5319	-16.15818
	-52.53657	-16.16017
	-52.53931	-16.16072
	-52.54462	-16.16315
	-52.5458	-16.16293
	-52.54696	-16.16307
	-52.54825	-16.16373
	-52.54916	-16.16532
	-52.54903	-16.16802
	-52.54753	-16.1687
	-52.54684	-16.16952
	-52.54479	-16.17721
	-52.5438	-16.17887
	-52.54363	-16.17997
	-52.54407	-16.18152
	-52.54551	-16.18271
	-52.54941	-16.18457
	-52.54992	-16.18525
	-52.55029	-16.18616
	-52.55061	-16.18882
	-52.55023	-16.19262
	-52.5488	-16.20285
	-52.54859	-16.20851
	-52.54701	-16.21306
	-52.54677	-16.21607
	-52.54684	-16.21896
	-52.54561	-16.2206
	-52.54511	-16.22157
	-52.54517	-16.22239
	-52.54673	-16.22438
	-52.548	-16.225
	-52.54962	-16.22524
	-52.55222	-16.22553
	-52.56329	-16.22412
	-52.56634	-16.22427
	-52.56748	-16.22498
	-52.56938	-16.22779
	-52.57016	-16.22997
	-52.57018	-16.23099
	-52.569	-16.23376
	-52.56814	-16.2349
	-52.5617	-16.23942
	-52.56048	-16.24085
	-52.55949	-16.24264
	-52.55614	-16.25014
	-52.55445	-16.25259
	-52.55173	-16.25507
	-52.54907	-16.25706
	-52.54732	-16.25763
	-52.54627	-16.25808
	-52.54582	-16.25859
	-52.54582	-16.25951
	-52.54642	-16.26068
	-52.54703	-16.26142
	-52.55034	-16.264
	-52.55283	-16.26509
	-52.55521	-16.26566
	-52.5586	-16.26593
	-52.56076	-16.26571
	-52.56343	-16.26476
	-52.56784	-16.25978
	-52.56978	-16.25436
	-52.57191	-16.25167
	-52.57377	-16.25047
	-52.57626	-16.24943
	-52.57744	-16.24943
	-52.58	-16.251
	-52.58176	-16.25282
	-52.58545	-16.26044
	-52.58659	-16.26663
	-52.58725	-16.2682
	-52.5894	-16.26975
	-52.59275	-16.27051
	-52.60753	-16.27077
	-52.61118	-16.27194
	-52.61532	-16.27836
	-52.61656	-16.27935
	-52.61888	-16.28349
	-52.62316	-16.28641
	-52.62529	-16.28694
	-52.62827	-16.28696
	-52.63124	-16.2862
	-52.63245	-16.28529
	-52.63473	-16.2838
	-52.63558	-16.28335
	-52.63701	-16.28317
	-52.63952	-16.28361
	-52.64258	-16.28432
	-52.64434	-16.28448
	-52.647	-16.285
	-52.64829	-16.285
	-52.64966	-16.28424
	-52.65195	-16.28149
	-52.65228	-16.2807
	-52.65347	-16.2795
	-52.65512	-16.27937
	-52.65685	-16.27969
	-52.65821	-16.28014
	-52.66016	-16.28129
	-52.66224	-16.28344
	-52.66402	-16.28472
	-52.66559	-16.28631
	-52.66741	-16.28772
	-52.6695	-16.29114
	-52.66962	-16.29168
	-52.67011	-16.29222
	-52.67272	-16.29281
	-52.67359	-16.29317
	-52.67459	-16.29492
	-52.67591	-16.29786
	-52.67704	-16.30125
	-52.67787	-16.30196
	-52.68165	-16.30202
	-52.6827	-16.30239
	-52.68334	-16.30416
	-52.684	-16.30614
	-52.68428	-16.30875
	-52.68469	-16.31147
	-52.68629	-16.31438
	-52.68668	-16.31523
	-52.68662	-16.31634
	-52.68623	-16.31714
	-52.68382	-16.31916
	-52.68321	-16.31978
	-52.68278	-16.32043
	-52.6824	-16.32134
	-52.68244	-16.32225
	-52.68277	-16.32296
	-52.68288	-16.32342
	-52.68422	-16.32515
	-52.68505	-16.32627
	-52.68583	-16.327
	-52.68595	-16.32787
	-52.68593	-16.3294
	-52.68505	-16.33249
	-52.68485	-16.33389
	-52.68501	-16.33653
	-52.68489	-16.33827
	-52.68437	-16.33969
	-52.68345	-16.34108
	-52.6827	-16.34246
	-52.68244	-16.34334
	-52.68251	-16.34422
	-52.68302	-16.34505
	-52.68407	-16.34579
	-52.68539	-16.34655
	-52.68835	-16.34749
	-52.69251	-16.34873
	-52.69359	-16.35091
	-52.69345	-16.35239
	-52.69316	-16.35318
	-52.69252	-16.35444
	-52.69119	-16.35623
	-52.69038	-16.35683
	-52.69024	-16.35892
	-52.69048	-16.36071
	-52.69234	-16.36541
	-52.69278	-16.36716
	-52.69264	-16.36786
	-52.692	-16.36869
	-52.69098	-16.36936
	-52.68895	-16.37
	-52.68632	-16.37141
	-52.68495	-16.37241
	-52.68297	-16.37536
	-52.68172	-16.37659
	-52.6802	-16.37757
	-52.67898	-16.37797
	-52.67824	-16.37869
	-52.67758	-16.37989
	-52.67746	-16.38101
	-52.67791	-16.38237
	-52.67908	-16.38449
	-52.6802	-16.38775
	-52.68073	-16.38851
	-52.68237	-16.38894
	-52.68469	-16.38898
	-52.68629	-16.38941
	-52.68795	-16.39059
	-52.68833	-16.39135
	-52.68801	-16.39309
	-52.68851	-16.39404
	-52.68902	-16.39433
	-52.68899	-16.39529
	-52.68763	-16.39878
	-52.68603	-16.40136
	-52.68413	-16.40259
	-52.68215	-16.4042
	-52.68064	-16.40584
	-52.67966	-16.40758
	-52.67898	-16.4093
	-52.67793	-16.4105
	-52.676	-16.412
	-52.67444	-16.41238
	-52.67268	-16.41241
	-52.66673	-16.41151
	-52.6636	-16.41043
	-52.65669	-16.40937
	-52.65352	-16.40841
	-52.65212	-16.40833
	-52.65116	-16.40853
	-52.64906	-16.40956
	-52.64806	-16.41043
	-52.6445	-16.41169
	-52.64347	-16.41234
	-52.64218	-16.41367
	-52.64131	-16.41501
	-52.641	-16.416
	-52.64088	-16.4175
	-52.64108	-16.41863
	-52.64225	-16.4203
	-52.6435	-16.42121
	-52.64446	-16.42257
	-52.64501	-16.4243
	-52.64517	-16.42594
	-52.64501	-16.42734
	-52.64396	-16.42899
	-52.64281	-16.42998
	-52.64012	-16.43181
	-52.63928	-16.43278
	-52.63878	-16.43405
	-52.63868	-16.43516
	-52.63885	-16.43719
	-52.63852	-16.4378
	-52.63778	-16.43812
	-52.63496	-16.4382
	-52.6339	-16.43852
	-52.63169	-16.43985
	-52.62927	-16.44078
	-52.62771	-16.44172
	-52.62553	-16.44427
	-52.62422	-16.44522
	-52.62245	-16.44557
	-52.62096	-16.44562
	-52.61992	-16.44615
	-52.61893	-16.44682
	-52.61814	-16.44869
	-52.61726	-16.4494
	-52.61687	-16.45019
	-52.61669	-16.4513
	-52.6171	-16.45254
	-52.61815	-16.45371
	-52.61921	-16.45454
	-52.62071	-16.45532
	-52.62156	-16.45604
	-52.62239	-16.4573
	-52.6225	-16.45855
	-52.62208	-16.46286
	-52.62151	-16.46426
	-52.62102	-16.46523
	-52.61993	-16.46551
	-52.61891	-16.46495
	-52.61832	-16.46414
	-52.6171	-16.46074
	-52.61623	-16.45928
	-52.61493	-16.45827
	-52.6136	-16.45795
	-52.612	-16.458
	-52.61008	-16.45868
	-52.60837	-16.45966
	-52.60672	-16.46111
	-52.60496	-16.46345
	-52.60466	-16.46442
	-52.60528	-16.46577
	-52.60672	-16.46671
	-52.60808	-16.46699
	-52.61011	-16.46692
	-52.61153	-16.46734
	-52.61282	-16.46825
	-52.61341	-16.47006
	-52.61332	-16.47103
	-52.61232	-16.47246
	-52.6105	-16.47404
	-52.60899	-16.47476
	-52.60828	-16.47496
	-52.60699	-16.47606
	-52.6065	-16.47689
	-52.6064	-16.47819
	-52.60695	-16.47941
	-52.60772	-16.48032
	-52.60801	-16.48113
	-52.60772	-16.48215
	-52.60679	-16.48398
	-52.60623	-16.48551
	-52.60616	-16.48659
	-52.60642	-16.48747
	-52.60687	-16.48847
	-52.60877	-16.49466
	-52.60983	-16.49663
	-52.61247	-16.5013
	-52.61331	-16.50246
	-52.61446	-16.50359
	-52.61605	-16.50424
	-52.61776	-16.50486
	-52.6189	-16.50505
	-52.62022	-16.50545
	-52.62076	-16.50534
	-52.62234	-16.50445
	-52.62395	-16.50386
	-52.62481	-16.50369
	-52.62563	-16.50363
	-52.6265	-16.50326
	-52.62978	-16.50083
	-52.63125	-16.50036
	-52.63256	-16.50016
	-52.63355	-16.50024
	-52.63528	-16.50093
	-52.63624	-16.50199
	-52.63729	-16.50277
	-52.63761	-16.50442
	-52.63744	-16.5052
	-52.63674	-16.50647
	-52.63655	-16.50867
	-52.63637	-16.50941
	-52.63575	-16.51013
	-52.63527	-16.51185
	-52.63414	-16.51417
	-52.63283	-16.51581
	-52.63235	-16.51632
	-52.63192	-16.51644
	-52.63107	-16.51723
	-52.62923	-16.51796
	-52.62813	-16.51859
	-52.626	-16.521
	-52.62565	-16.52244
	-52.62568	-16.52389
	-52.6263	-16.52615
	-52.62649	-16.52855
	-52.62552	-16.53087
	-52.626	-16.533
	-52.62737	-16.53661
	-52.62831	-16.53775
	-52.62942	-16.53819
	-52.63171	-16.53778
	-52.63341	-16.53794
	-52.63427	-16.5385
	-52.63511	-16.53984
	-52.63545	-16.54127
	-52.63494	-16.5433
	-52.63494	-16.54443
	-52.63541	-16.54605
	-52.63533	-16.54815
	-52.6356	-16.54934
	-52.63544	-16.55056
	-52.6355	-16.55097
	-52.63585	-16.55185
	-52.63639	-16.55212
	-52.63721	-16.55211
	-52.63821	-16.55172
	-52.63897	-16.55173
	-52.63964	-16.55185
	-52.64023	-16.55169
	-52.64086	-16.55135
	-52.64275	-16.54901
	-52.64362	-16.54758
	-52.6444	-16.54687
	-52.64591	-16.54633
	-52.64743	-16.54662
	-52.64941	-16.5479
	-52.65038	-16.54882
	-52.65083	-16.55065
	-52.64897	-16.5593
	-52.64922	-16.56046
	-52.64978	-16.5615
	-52.6507	-16.56203
	-52.65205	-16.56194
	-52.65355	-16.56136
	-52.65483	-16.56036
	-52.65583	-16.55879
	-52.65731	-16.55751
	-52.65882	-16.55495
	-52.663	-16.55135
	-52.66466	-16.55063
	-52.66574	-16.55032
	-52.66665	-16.55036
	-52.66825	-16.55107
	-52.66982	-16.5543
	-52.67053	-16.55741
	-52.67052	-16.55843
	-52.66971	-16.5601
	-52.666	-16.56345
	-52.66368	-16.56471
	-52.66222	-16.56589
	-52.66082	-16.56783
	-52.65982	-16.5699
	-52.65969	-16.5708
	-52.66035	-16.57239
	-52.66105	-16.57275
	-52.66211	-16.57278
	-52.66528	-16.57136
	-52.6668	-16.5709
	-52.66861	-16.56985
	-52.67196	-16.56906
	-52.67296	-16.56928
	-52.67324	-16.57061
	-52.67297	-16.57177
	-52.67007	-16.57928
	-52.6702	-16.58066
	-52.67011	-16.58191
	-52.6703	-16.58273
	-52.67119	-16.58368
	-52.67273	-16.58467
	-52.6749	-16.5853
	-52.67659	-16.58553
	-52.67859	-16.58523
	-52.68104	-16.5858
	-52.6878	-16.58559
	-52.68964	-16.58497
	-52.69148	-16.58361
	-52.69374	-16.58257
	-52.69475	-16.58234
	-52.69569	-16.58016
	-52.69653	-16.57923
	-52.69738	-16.57642
	-52.70016	-16.57241
	-52.7019	-16.57153
	-52.70337	-16.57126
	-52.70477	-16.57128
	-52.70587	-16.57181
	-52.70729	-16.57378
	-52.70778	-16.57577
	-52.70764	-16.57936
	-52.70616	-16.58835
	-52.70442	-16.59368
	-52.70332	-16.59555
	-52.70312	-16.59702
	-52.70379	-16.59857
	-52.70527	-16.59961
	-52.70686	-16.60011
	-52.70813	-16.60001
	-52.70917	-16.59887
	-52.70975	-16.59717
	-52.71097	-16.59545
	-52.71375	-16.59351
	-52.71669	-16.59229
	-52.71895	-16.59167
	-52.72212	-16.58925
	-52.72365	-16.5886
	-52.72532	-16.58736
	-52.72773	-16.58641
	-52.73038	-16.58587
	-52.73229	-16.58578
	-52.73323	-16.58599
	-52.73386	-16.58629
	-52.7349	-16.58794
	-52.73612	-16.58911
	-52.73837	-16.58979
	-52.74	-16.58986
	-52.74031	-16.59046
	-52.74035	-16.59145
	-52.73972	-16.59235
	-52.73358	-16.59546
	-52.73167	-16.5965
	-52.73095	-16.59728
	-52.73081	-16.59835
	-52.73106	-16.59925
	-52.73211	-16.59987
	-52.73643	-16.60096
	-52.73832	-16.60211
	-52.74058	-16.60477
	-52.74137	-16.60649
	-52.74165	-16.60912
	-52.74134	-16.61056
	-52.74005	-16.61239
	-52.73882	-16.61334
	-52.73764	-16.61359
	-52.73114	-16.61357
	-52.72628	-16.61431
	-52.7254	-16.61511
	-52.72371	-16.62196
	-52.72272	-16.62421
	-52.7182	-16.63172
	-52.71494	-16.63749
	-52.71476	-16.63829
	-52.715	-16.639
	-52.71536	-16.64031
	-52.71632	-16.64186
	-52.72035	-16.64619
	-52.72224	-16.64721
	-52.7243	-16.64714
	-52.72695	-16.64595
	-52.72757	-16.64519
	-52.7286	-16.64181
	-52.72968	-16.63881
	-52.73117	-16.63649
	-52.7336	-16.63374
	-52.7352	-16.6323
	-52.73967	-16.63017
	-52.7427	-16.62957
	-52.74408	-16.62969
	-52.74562	-16.6302
	-52.74663	-16.63108
	-52.74768	-16.63314
	-52.74834	-16.63906
	-52.74751	-16.64269
	-52.74588	-16.64618
	-52.74479	-16.64799
	-52.74183	-16.65079
	-52.74121	-16.65192
	-52.74014	-16.6566
	-52.74042	-16.65755
	-52.74115	-16.65808
	-52.74228	-16.6581
	-52.74362	-16.65745
	-52.74571	-16.65597
	-52.74739	-16.65558
	-52.74891	-16.65595
	-52.75024	-16.65711
	-52.75134	-16.6588
	-52.75182	-16.66129
	-52.75246	-16.66197
	-52.75353	-16.66264
	-52.75667	-16.66342
	-52.76086	-16.66368
	-52.76253	-16.66403
	-52.76943	-16.66745
	-52.77137	-16.66969
	-52.77148	-16.67065
	-52.77103	-16.67175
	-52.77012	-16.67247
	-52.76871	-16.67279
	-52.75884	-16.67115
	-52.75586	-16.67127
	-52.7554	-16.67168
	-52.755	-16.6727
	-52.75527	-16.67397
	-52.75608	-16.67513
	-52.75792	-16.67659
	-52.7613	-16.67888
	-52.76261	-16.68175
	-52.76292	-16.68483
	-52.76353	-16.68839
	-52.7634	-16.68976
	-52.76439	-16.6955
	-52.76428	-16.69733
	-52.76369	-16.69951
	-52.7624	-16.70177
	-52.76101	-16.70207
	-52.76024	-16.7026
	-52.75978	-16.70342
	-52.76005	-16.70476
	-52.761	-16.706
	-52.76154	-16.70684
	-52.76279	-16.70705
	-52.76873	-16.7067
	-52.77299	-16.70701
	-52.77768	-16.70781
	-52.77921	-16.70848
	-52.78066	-16.70953
	-52.78273	-16.71212
	-52.7838	-16.71307
	-52.78555	-16.71407
	-52.78682	-16.71631
	-52.78818	-16.71946
	-52.78922	-16.72423
	-52.78932	-16.72561
	-52.78873	-16.73244
	-52.78829	-16.73495
	-52.78604	-16.7415
	-52.78652	-16.74259
	-52.78735	-16.74296
	-52.78856	-16.74286
	-52.78987	-16.74191
	-52.79119	-16.74066
	-52.79255	-16.74015
	-52.79297	-16.74023
	-52.79356	-16.74055
	-52.79446	-16.74136
	-52.79501	-16.74256
	-52.79538	-16.74427
	-52.79571	-16.74557
	-52.79665	-16.74666
	-52.79792	-16.74772
	-52.79948	-16.74867
	-52.80058	-16.74898
	-52.80145	-16.74863
	-52.80222	-16.74787
	-52.80283	-16.74631
	-52.80307	-16.74405
	-52.80393	-16.74249
	-52.80522	-16.74168
	-52.80636	-16.74154
	-52.80775	-16.74199
	-52.8088	-16.74303
	-52.80946	-16.74441
	-52.81213	-16.74685
	-52.81472	-16.74763
	-52.81698	-16.74886
	-52.81882	-16.75252
	-52.82198	-16.75763
	-52.82231	-16.75801
	-52.82294	-16.75817
	-52.8258	-16.7578
	-52.82716	-16.75785
	-52.82849	-16.75826
	-52.83001	-16.7597
	-52.8311	-16.76166
	-52.83119	-16.76226
	-52.83063	-16.76353
	-52.83053	-16.76581
	-52.83003	-16.76756
	-52.82994	-16.7688
	-52.82956	-16.7693
	-52.82935	-16.77018
	-52.82954	-16.77063
	-52.83006	-16.77124
	-52.8316	-16.77209
	-52.8326	-16.77216
	-52.8346	-16.77168
	-52.83661	-16.7717
	-52.838	-16.77181
	-52.84009	-16.7708
	-52.84331	-16.7682
	-52.84467	-16.76707
	-52.84618	-16.76639
	-52.8475	-16.76633
	-52.84837	-16.76603
	-52.84899	-16.76612
	-52.85154	-16.76749
	-52.85246	-16.76884
	-52.85289	-16.77024
	-52.85402	-16.77249
	-52.85392	-16.77327
	-52.85424	-16.77349
	-52.85553	-16.77335
	-52.8567	-16.77281
	-52.8571	-16.77204
	-52.85725	-16.771
	-52.85914	-16.76867
	-52.86008	-16.7685
	-52.86255	-16.76901
	-52.86317	-16.76969
	-52.86319	-16.77318
	-52.86258	-16.77566
	-52.86345	-16.77627
	-52.86505	-16.77621
	-52.8661	-16.77682
	-52.86598	-16.78037
	-52.86661	-16.7812
	-52.86828	-16.7811
	-52.87046	-16.78065
	-52.87493	-16.78096
	-52.87598	-16.78059
	-52.87689	-16.77999
	-52.87801	-16.77977
	-52.8791	-16.77664
	-52.88009	-16.77566
	-52.88335	-16.77597
	-52.8847	-16.77645
	-52.88543	-16.77745
	-52.88582	-16.77901
	-52.88675	-16.78004
	-52.88877	-16.78011
	-52.88928	-16.7803
	-52.88961	-16.7813
	-52.88932	-16.78232
	-52.88982	-16.78315
	-52.8906	-16.78345
	-52.89246	-16.78351
	-52.8935	-16.78421
	-52.894	-16.785
	-52.89425	-16.78597
	-52.89368	-16.78673
	-52.89094	-16.78698
	-52.88997	-16.78727
	-52.8893	-16.78799
	-52.88916	-16.78901
	-52.88968	-16.78978
	-52.89136	-16.79088
	-52.89275	-16.79262
	-52.89259	-16.79349
	-52.8929	-16.79416
	-52.8944	-16.7944
	-52.89695	-16.79427
	-52.89895	-16.79445
	-52.90308	-16.79688
	-52.90476	-16.79725
	-52.90671	-16.79823
	-52.90724	-16.79895
	-52.90758	-16.80179
	-52.90742	-16.80379
	-52.90767	-16.80484
	-52.90749	-16.8058
	-52.90704	-16.80659
	-52.90721	-16.80814
	-52.90763	-16.80989
	-52.90857	-16.81086
	-52.91144	-16.81139
	-52.91464	-16.81286
	-52.91571	-16.81292
	-52.91747	-16.81337
	-52.91892	-16.81462
	-52.92011	-16.81649
	-52.92366	-16.81846
	-52.92578	-16.81863
	-52.9271	-16.81867
	-52.92813	-16.81742
	-52.92826	-16.81677
	-52.92831	-16.81626
	-52.92701	-16.81497
	-52.92658	-16.81394
	-52.92625	-16.81175
	-52.92576	-16.81006
	-52.9255	-16.80846
	-52.92609	-16.8068
	-52.92619	-16.8056
	-52.92633	-16.80524
	-52.92779	-16.8042
	-52.93089	-16.80351
	-52.93225	-16.80308
	-52.93286	-16.80301
	-52.93336	-16.80329
	-52.93347	-16.80512
	-52.93399	-16.80669
	-52.9355	-16.80998
	-52.93613	-16.81064
	-52.93693	-16.81105
	-52.93909	-16.81106
	-52.93987	-16.81047
	-52.94121	-16.81049
	-52.94425	-16.81186
	-52.94473	-16.81244
	-52.94485	-16.81316
	-52.9443	-16.81387
	-52.94123	-16.81414
	-52.94052	-16.81446
	-52.9394	-16.81667
	-52.93831	-16.81816
	-52.93596	-16.8217
	-52.93507	-16.82399
	-52.93434	-16.82499
	-52.93343	-16.82572
	-52.93155	-16.82613
	-52.93009	-16.82626
	-52.92948	-16.8266
	-52.92905	-16.82715
	-52.92892	-16.82809
	-52.92902	-16.82919
	-52.92946	-16.8301
	-52.93142	-16.83278
	-52.932	-16.835
	-52.93194	-16.8361
	-52.93139	-16.83688
	-52.93021	-16.83754
	-52.92891	-16.83762
	-52.92702	-16.83929
	-52.92668	-16.84039
	-52.927	-16.841
	-52.92819	-16.84145
	-52.92994	-16.84167
	-52.93222	-16.84155
	-52.93397	-16.83977
	-52.9347	-16.83957
	-52.93554	-16.83995
	-52.93592	-16.84059
	-52.93619	-16.84119
	-52.93656	-16.84155
	-52.93732	-16.84165
	-52.93903	-16.84097
	-52.93974	-16.84089
	-52.94095	-16.84223
	-52.94153	-16.84257
	-52.94287	-16.84273
	-52.94427	-16.84253
	-52.94669	-16.84115
	-52.94953	-16.84041
	-52.95093	-16.84029
	-52.95202	-16.84051
	-52.95285	-16.84109
	-52.95302	-16.84139
	-52.95313	-16.84251
	-52.95279	-16.84311
	-52.95045	-16.84425
	-52.94842	-16.84454
	-52.94793	-16.84491
	-52.94779	-16.84545
	-52.94829	-16.84741
	-52.94819	-16.84853
	-52.9473	-16.85041
	-52.94557	-16.85226
	-52.94504	-16.85319
	-52.9448	-16.85408
	-52.94489	-16.85517
	-52.94547	-16.85613
	-52.94767	-16.85787
	-52.94944	-16.85968
	-52.95015	-16.8601
	-52.95114	-16.86017
	-52.95189	-16.85979
	-52.95232	-16.85934
	-52.95232	-16.85873
	-52.95163	-16.85774
	-52.95014	-16.8566
	-52.94984	-16.85613
	-52.9495	-16.85434
	-52.94955	-16.85378
	-52.94999	-16.85284
	-52.95086	-16.8521
	-52.95523	-16.8506
	-52.95595	-16.85017
	-52.95684	-16.85031
	-52.95838	-16.85171
	-52.95892	-16.8525
	-52.95897	-16.85318
	-52.95609	-16.85455
	-52.95513	-16.85682
	-52.95406	-16.8577
	-52.95406	-16.8588
	-52.95433	-16.85962
	-52.95536	-16.86065
	-52.95562	-16.86136
	-52.9559	-16.8615
	-52.95634	-16.86144
	-52.95861	-16.86068
	-52.96115	-16.85924
	-52.96273	-16.85859
	-52.96423	-16.85845
	-52.9655	-16.8586
	-52.9661	-16.85872
	-52.96648	-16.85906
	-52.96644	-16.85964
	-52.96582	-16.86078
	-52.96375	-16.86335
	-52.96273	-16.86509
	-52.96264	-16.86588
	-52.96283	-16.86667
	-52.96361	-16.86719
	-52.97107	-16.86957
	-52.97197	-16.86965
	-52.97255	-16.86948
	-52.9729	-16.86919
	-52.97352	-16.86724
	-52.97441	-16.86561
	-52.97587	-16.86377
	-52.97658	-16.86363
	-52.98006	-16.86513
	-52.98154	-16.86618
	-52.98229	-16.86637
	-52.98376	-16.86639
	-52.98528	-16.86615
	-52.9861	-16.86629
	-52.98817	-16.86726
	-52.98879	-16.86718
	-52.98931	-16.86681
	-52.99031	-16.86358
	-52.99098	-16.86312
	-52.99184	-16.86307
	-52.99235	-16.86332
	-52.9934	-16.86445
	-52.9972	-16.86626
	-52.99788	-16.86646
	-52.9981	-16.86544
	-52.99786	-16.86399
	-52.99801	-16.86318
	-52.99922	-16.86191
	-53.00146	-16.8604
	-53.00203	-16.86042
	-53.00349	-16.86406
	-53.00399	-16.86482
	-53.00544	-16.86546
	-53.00622	-16.86526
	-53.00668	-16.86471
	-53.00703	-16.86164
	-53.00796	-16.85983
	-53.00934	-16.85895
	-53.01031	-16.85871
	-53.01189	-16.85881
	-53.01222	-16.85938
	-53.01255	-16.86031
	-53.01295	-16.8609
	-53.01372	-16.86126
	-53.01415	-16.86148
	-53.01436	-16.86212
	-53.01421	-16.86329
	-53.01387	-16.86442
	-53.0137	-16.8655
	-53.01408	-16.868
	-53.01327	-16.86992
	-53.01327	-16.87274
	-53.01299	-16.8755
	-53.01339	-16.87646
	-53.01404	-16.87706
	-53.01492	-16.87698
	-53.01575	-16.87618
	-53.01652	-16.87668
	-53.01719	-16.87812
	-53.01694	-16.87882
	-53.01583	-16.88012
	-53.01527	-16.88104
	-53.0141	-16.88192
	-53.0131	-16.88186
	-53.01249	-16.8821
	-53.01184	-16.88276
	-53.01172	-16.88348
	-53.01243	-16.8845
	-53.01362	-16.8845
	-53.01529	-16.88358
	-53.01692	-16.88452
	-53.01717	-16.88634
	-53.01788	-16.888
	-53.01769	-16.88995
	-53.01972	-16.89429
	-53.01984	-16.89659
	-53.0193	-16.89757
	-53.01936	-16.89885
	-53.0189	-16.90033
	-53.01974	-16.90083
	-53.02028	-16.90089
	-53.02112	-16.90161
	-53.02112	-16.90256
	-53.02304	-16.90338
	-53.025	-16.90446
	-53.02611	-16.90462
	-53.02692	-16.90424
	-53.02772	-16.90344
	-53.0288	-16.90314
	-53.03008	-16.9032
	-53.03119	-16.90382
	-53.0316	-16.90468
	-53.02953	-16.90752
	-53.02937	-16.90856
	-53.02822	-16.90942
	-53.02839	-16.9113
	-53.029	-16.912
	-53.02985	-16.91222
	-53.03056	-16.91166
	-53.03077	-16.91092
	-53.03112	-16.91048
	-53.03127	-16.90956
	-53.03206	-16.90878
	-53.03269	-16.90892
	-53.03334	-16.90956
	-53.03407	-16.91098
	-53.03643	-16.91168
	-53.0386	-16.91212
	-53.03941	-16.91274
	-53.03941	-16.91342
	-53.03607	-16.91779
	-53.03597	-16.91861
	-53.03419	-16.92007
	-53.03411	-16.92185
	-53.03463	-16.92253
	-53.03446	-16.92401
	-53.03584	-16.92508
	-53.03712	-16.92748
	-53.03747	-16.9291
	-53.03912	-16.93038
	-53.03939	-16.931
	-53.03929	-16.93198
	-53.03841	-16.93252
	-53.03703	-16.9324
	-53.03634	-16.93182
	-53.03561	-16.93084
	-53.03469	-16.93068
	-53.03321	-16.9312
	-53.03283	-16.93188
	-53.03277	-16.9329
	-53.03321	-16.93366
	-53.03482	-16.93491
	-53.03611	-16.93631
	-53.03674	-16.93791
	-53.03696	-16.93964
	-53.03486	-16.94235
	-53.03503	-16.94321
	-53.03649	-16.94486
	-53.03845	-16.94528
	-53.04027	-16.94706
	-53.04098	-16.94725
	-53.04278	-16.94696
	-53.04474	-16.94816
	-53.04555	-16.94838
	-53.04633	-16.94916
	-53.04702	-16.94933
	-53.04717	-16.94951
	-53.04682	-16.95115
	-53.0466	-16.95284
	-53.04467	-16.9553
	-53.04627	-16.96066
	-53.0463	-16.96425
	-53.04856	-16.96611
	-53.04932	-16.9679
	-53.05049	-16.96822
	-53.05143	-16.96808
	-53.05191	-16.96751
	-53.05173	-16.96649
	-53.05162	-16.96477
	-53.05333	-16.96173
	-53.05388	-16.96143
	-53.05452	-16.96159
	-53.05588	-16.96315
	-53.05611	-16.96495
	-53.05588	-16.96597
	-53.0545	-16.96755
	-53.05404	-16.96894
	-53.05429	-16.9708
	-53.05475	-16.97224
	-53.05482	-16.97374
	-53.05406	-16.97649
	-53.05331	-16.97947
	-53.05342	-16.98245
	-53.05533	-16.98619
	-53.05541	-16.98663
	-53.05523	-16.9885
	-53.05471	-16.98966
	-53.05408	-16.99047
	-53.05162	-16.99287
	-53.05112	-16.99308
	-53.05103	-16.99346
	-53.05115	-16.99379
	-53.05171	-16.99434
	-53.0527	-16.99498
	-53.05378	-16.99522
	-53.05553	-16.99638
	-53.05591	-16.99687
	-53.05586	-16.99776
	-53.05499	-16.99917
	-53.05476	-17.00003
	-53.05475	-17.00092
	-53.055	-17.00184
	-53.0557	-17.00285
	-53.05575	-17.00311
	-53.05567	-17.0033
	-53.05496	-17.00359
	-53.05447	-17.00359
	-53.05285	-17.00335
	-53.05223	-17.00334
	-53.05192	-17.00348
	-53.05175	-17.00372
	-53.05168	-17.00408
	-53.0518	-17.00447
	-53.05221	-17.00488
	-53.05367	-17.00607
	-53.05539	-17.00815
	-53.05663	-17.00941
	-53.05668	-17.00979
	-53.05658	-17.01017
	-53.05582	-17.01064
	-53.05473	-17.01089
	-53.05437	-17.01123
	-53.05426	-17.01158
	-53.05421	-17.012
	-53.05421	-17.01317
	-53.05409	-17.01401
	-53.05419	-17.01438
	-53.05444	-17.01468
	-53.05598	-17.01539
	-53.0569	-17.01539
	-53.05761	-17.01503
	-53.05894	-17.01334
	-53.05936	-17.01261
	-53.05971	-17.0124
	-53.06064	-17.01231
	-53.06273	-17.01287
	-53.06314	-17.01306
	-53.0634	-17.01333
	-53.06378	-17.01635
	-53.06321	-17.01728
	-53.0622	-17.0175
	-53.0613	-17.01747
	-53.06016	-17.01724
	-53.05962	-17.01721
	-53.0562	-17.01745
	-53.05466	-17.01766
	-53.05411	-17.01786
	-53.05385	-17.01816
	-53.05369	-17.01863
	-53.05375	-17.01926
	-53.05486	-17.02146
	-53.05664	-17.02172
	-53.05791	-17.02124
	-53.05819	-17.02079
	-53.05847	-17.02059
	-53.0592	-17.0205
	-53.05953	-17.02058
	-53.05989	-17.02081
	-53.06169	-17.02311
	-53.06219	-17.02379
	-53.06225	-17.02423
	-53.06208	-17.02466
	-53.06134	-17.02507
	-53.06004	-17.02629
	-53.05954	-17.02653
	-53.05931	-17.02699
	-53.05931	-17.02763
	-53.05965	-17.02862
	-53.06092	-17.03074
	-53.06309	-17.03127
	-53.06379	-17.03172
	-53.06414	-17.03178
	-53.06453	-17.03161
	-53.06518	-17.03108
	-53.06588	-17.03074
	-53.06656	-17.03051
	-53.06757	-17.03057
	-53.06794	-17.03089
	-53.068	-17.03134
	-53.06801	-17.03181
	-53.06741	-17.03325
	-53.06694	-17.03381
	-53.06554	-17.03473
	-53.0652	-17.0353
	-53.06478	-17.03675
	-53.06492	-17.03797
	-53.06521	-17.03907
	-53.06556	-17.03987
	-53.06614	-17.0403
	-53.06693	-17.04052
	-53.06828	-17.04122
	-53.06906	-17.04156
	-53.06925	-17.04184
	-53.06943	-17.04229
	-53.06941	-17.04386
	-53.06954	-17.04469
	-53.07046	-17.04661
	-53.07134	-17.04939
	-53.07134	-17.05049
	-53.07002	-17.05111
	-53.06823	-17.04853
	-53.06697	-17.04777
	-53.06411	-17.04723
	-53.06386	-17.04648
	-53.06275	-17.04588
	-53.06098	-17.0463
	-53.05941	-17.04853
	-53.05885	-17.05029
	-53.05914	-17.05135
	-53.05989	-17.05274
	-53.06144	-17.05272
	-53.06444	-17.05175
	-53.06574	-17.05241
	-53.06545	-17.05832
	-53.06509	-17.05869
	-53.06403	-17.05861
	-53.06092	-17.05716
	-53.05945	-17.05716
	-53.05841	-17.05766
	-53.05724	-17.05897
	-53.05492	-17.06077
	-53.05444	-17.06167
	-53.05444	-17.06429
	-53.05507	-17.06488
	-53.05594	-17.0649
	-53.05751	-17.06638
	-53.05778	-17.06744
	-53.05713	-17.06827
	-53.05567	-17.06877
	-53.05514	-17.06939
	-53.05521	-17.07027
	-53.05565	-17.07104
	-53.05711	-17.07112
	-53.05893	-17.07041
	-53.06005	-17.07037
	-53.06143	-17.07098
	-53.06158	-17.07218
	-53.06043	-17.0738
	-53.05926	-17.0744
	-53.05867	-17.07524
	-53.05888	-17.07647
	-53.05986	-17.07747
	-53.06172	-17.07815
	-53.06271	-17.07745
	-53.06373	-17.0749
	-53.06473	-17.07394
	-53.06555	-17.07354
	-53.06605	-17.07354
	-53.06642	-17.07394
	-53.06649	-17.07775
	-53.06717	-17.07817
	-53.06818	-17.07819
	-53.06989	-17.07663
	-53.07112	-17.07637
	-53.07192	-17.07663
	-53.07261	-17.07741
	-53.07242	-17.07833
	-53.07004	-17.08007
	-53.06949	-17.08159
	-53.06937	-17.08374
	-53.06989	-17.08572
	-53.0711	-17.08584
	-53.07423	-17.08169
	-53.07557	-17.08051
	-53.07707	-17.07967
	-53.07883	-17.07931
	-53.07998	-17.07941
	-53.08073	-17.07981
	-53.08042	-17.08151
	-53.07958	-17.083
	-53.07933	-17.08552
	-53.07875	-17.08648
	-53.07824	-17.08783
	-53.07877	-17.08863
	-53.08128	-17.08891
	-53.08247	-17.08843
	-53.08456	-17.08675
	-53.08609	-17.08427
	-53.08813	-17.08443
	-53.08918	-17.08517
	-53.08903	-17.08643
	-53.0878	-17.08739
	-53.08554	-17.08851
	-53.08337	-17.09094
	-53.08285	-17.09276
	-53.08293	-17.09384
	-53.08385	-17.09508
	-53.08463	-17.09527
	-53.08582	-17.09496
	-53.0882	-17.09234
	-53.08935	-17.09212
	-53.09077	-17.09258
	-53.09095	-17.09364
	-53.09024	-17.0948
	-53.08684	-17.09743
	-53.08628	-17.09901
	-53.08636	-17.09979
	-53.08753	-17.10084
	-53.08843	-17.10096
	-53.09081	-17.09929
	-53.09246	-17.09847
	-53.09319	-17.09861
	-53.0949	-17.10186
	-53.09553	-17.10246
	-53.09697	-17.1023
	-53.09816	-17.10148
	-53.09922	-17.10108
	-53.10021	-17.10104
	-53.10135	-17.10212
	-53.1015	-17.10354
	-53.10102	-17.10424
	-53.09956	-17.10515
	-53.0977	-17.10556
	-53.09748	-17.10577
	-53.09717	-17.10687
	-53.09772	-17.10855
	-53.09848	-17.10908
	-53.09986	-17.10957
	-53.10092	-17.11067
	-53.10153	-17.11059
	-53.10215	-17.11003
	-53.10306	-17.10812
	-53.10365	-17.10755
	-53.10497	-17.10721
	-53.10702	-17.10747
	-53.10831	-17.10806
	-53.10997	-17.10792
	-53.11095	-17.10802
	-53.11179	-17.10861
	-53.11262	-17.11051
	-53.11232	-17.11194
	-53.11249	-17.11282
	-53.11282	-17.11325
	-53.11339	-17.11345
	-53.11672	-17.1127
	-53.11807	-17.11328
	-53.117	-17.11519
	-53.1168	-17.11572
	-53.11619	-17.11595
	-53.115	-17.116
	-53.11418	-17.11672
	-53.11451	-17.1174
	-53.1152	-17.11808
	-53.11727	-17.11887
	-53.11757	-17.11967
	-53.11737	-17.12205
	-53.11675	-17.12347
	-53.11426	-17.12574
	-53.11411	-17.12644
	-53.11449	-17.12686
	-53.117	-17.1283
	-53.11752	-17.1293
	-53.11845	-17.13034
	-53.11963	-17.13106
	-53.11949	-17.13174
	-53.11824	-17.13387
	-53.11835	-17.13427
	-53.1194	-17.13466
	-53.12084	-17.13465
	-53.12231	-17.13538
	-53.12365	-17.13705
	-53.12403	-17.13825
	-53.12381	-17.13929
	-53.12337	-17.14035
	-53.12341	-17.14073
	-53.12449	-17.14158
	-53.12507	-17.14176
	-53.12561	-17.1422
	-53.12582	-17.14266
	-53.12631	-17.14459
	-53.12689	-17.14476
	-53.12876	-17.14482
	-53.1299	-17.14387
	-53.13041	-17.14397
	-53.13103	-17.14445
	-53.13123	-17.14512
	-53.13102	-17.1462
	-53.13	-17.14749
	-53.13031	-17.14931
	-53.1301	-17.14981
	-53.12787	-17.15199
	-53.12735	-17.15291
	-53.12727	-17.15386
	-53.12751	-17.1546
	-53.12795	-17.15488
	-53.1299	-17.15498
	-53.13113	-17.15533
	-53.13297	-17.15628
	-53.13355	-17.15768
	-53.13404	-17.15977
	-53.13482	-17.1614
	-53.13516	-17.16154
	-53.13582	-17.16163
	-53.13847	-17.16105
	-53.13909	-17.16149
	-53.1394	-17.16203
	-53.13974	-17.16276
	-53.14016	-17.16313
	-53.14108	-17.16365
	-53.14042	-17.16675
	-53.14047	-17.16738
	-53.14134	-17.16919
	-53.14142	-17.17043
	-53.14171	-17.17118
	-53.14218	-17.17145
	-53.14301	-17.17149
	-53.14381	-17.17129
	-53.14482	-17.17068
	-53.14572	-17.16927
	-53.14661	-17.16845
	-53.14767	-17.16809
	-53.14983	-17.1682
	-53.15055	-17.16839
	-53.15268	-17.1699
	-53.15389	-17.17023
	-53.15538	-17.17004
	-53.15605	-17.17021
	-53.1566	-17.17061
	-53.15691	-17.17134
	-53.15706	-17.17455
	-53.15759	-17.17757
	-53.15721	-17.17903
	-53.15706	-17.18155
	-53.15612	-17.18396
	-53.1555	-17.186
	-53.15517	-17.18639
	-53.15511	-17.18701
	-53.15616	-17.18955
	-53.15624	-17.18967
	-53.15943	-17.19488
	-53.15959	-17.19732
	-53.16052	-17.19907
	-53.16139	-17.20112
	-53.16194	-17.20159
	-53.16213	-17.20249
	-53.16208	-17.20504
	-53.16319	-17.20716
	-53.16545	-17.20833
	-53.16576	-17.20912
	-53.1663	-17.20977
	-53.16655	-17.21055
	-53.16672	-17.21186
	-53.16691	-17.21256
	-53.16695	-17.21313
	-53.16664	-17.21475
	-53.16714	-17.21631
	-53.16685	-17.2188
	-53.16518	-17.22022
	-53.16504	-17.22082
	-53.16553	-17.22123
	-53.16695	-17.22141
	-53.16886	-17.22085
	-53.16927	-17.22045
	-53.16968	-17.22048
	-53.17022	-17.22079
	-53.17097	-17.22212
	-53.17153	-17.22347
	-53.17148	-17.22531
	-53.17167	-17.23269
	-53.17199	-17.23346
	-53.17294	-17.23438
	-53.17346	-17.23535
	-53.17355	-17.23595
	-53.17439	-17.23769
	-53.17485	-17.24011
	-53.17589	-17.24146
	-53.17639	-17.24177
	-53.17763	-17.24222
	-53.17842	-17.24209
	-53.1792	-17.2423
	-53.17976	-17.24289
	-53.18018	-17.2438
	-53.18015	-17.24444
	-53.17972	-17.24541
	-53.1793	-17.24694
	-53.17954	-17.24781
	-53.18033	-17.24852
	-53.18143	-17.25032
	-53.18344	-17.2519
	-53.1841	-17.25277
	-53.18422	-17.25323
	-53.18411	-17.25373
	-53.18384	-17.25411
	-53.18391	-17.25487
	-53.18433	-17.25546
	-53.18529	-17.25626
	-53.1858	-17.25685
	-53.18671	-17.25885
	-53.18714	-17.25911
	-53.18783	-17.25919
	-53.19202	-17.25839
	-53.19282	-17.25846
	-53.19431	-17.25919
	-53.19724	-17.26028
	-53.19759	-17.26096
	-53.19739	-17.26209
	-53.19753	-17.26261
	-53.19747	-17.26327
	-53.19707	-17.264
	-53.19626	-17.26474
	-53.19499	-17.26656
	-53.1946	-17.26824
	-53.19537	-17.26972
	-53.19539	-17.2702
	-53.19447	-17.27167
	-53.19422	-17.27231
	-53.19427	-17.27458
	-53.195	-17.276
	-53.19549	-17.27689
	-53.19606	-17.27746
	-53.19698	-17.27788
	-53.19756	-17.27838
	-53.19815	-17.27838
	-53.19923	-17.27895
	-53.19997	-17.28069
	-53.20034	-17.28101
	-53.20235	-17.28207
	-53.20266	-17.28251
	-53.20302	-17.28349
	-53.20351	-17.28405
	-53.20411	-17.2844
	-53.20484	-17.28462
	-53.20661	-17.28456
	-53.20759	-17.28464
	-53.20808	-17.28487
	-53.2083	-17.28521
	-53.20717	-17.28621
	-53.20702	-17.28664
	-53.20719	-17.28704
	-53.20831	-17.28781
	-53.20847	-17.28809
	-53.2085	-17.28841
	-53.20799	-17.28944
	-53.20739	-17.29026
	-53.20719	-17.29084
	-53.20714	-17.29146
	-53.20738	-17.29231
	-53.20791	-17.29301
	-53.20836	-17.29337
	-53.20882	-17.29353
	-53.21015	-17.29328
	-53.21078	-17.29379
	-53.2113	-17.29513
	-53.21205	-17.29533
	-53.21331	-17.29523
	-53.21782	-17.29698
	-53.219	-17.299
	-53.21819	-17.30029
	-53.21743	-17.30075
	-53.21789	-17.30289
	-53.21643	-17.30405
	-53.21675	-17.30494
	-53.21908	-17.30729
	-53.21866	-17.30895
	-53.2178	-17.30953
	-53.21561	-17.30792
	-53.21457	-17.30745
	-53.214	-17.308
	-53.21333	-17.30928
	-53.21158	-17.31042
	-53.20994	-17.31117
	-53.21	-17.312
	-53.21048	-17.31259
	-53.21232	-17.31109
	-53.21402	-17.3104
	-53.21489	-17.31076
	-53.2135	-17.31305
	-53.21236	-17.31413
	-53.21092	-17.31368
	-53.20957	-17.31374
	-53.20898	-17.31384
	-53.20865	-17.31421
	-53.2094	-17.31609
	-53.21374	-17.32036
	-53.21568	-17.32049
	-53.21496	-17.32269
	-53.21355	-17.3226
	-53.21341	-17.32349
	-53.21456	-17.32433
	-53.21591	-17.32468
	-53.21662	-17.32613
	-53.21766	-17.32642
	-53.21712	-17.32802
	-53.216	-17.32916
	-53.21204	-17.32733
	-53.20889	-17.33006
	-53.2075	-17.33087
	-53.20557	-17.33149
	-53.20424	-17.33818
	-53.20272	-17.33932
	-53.2021	-17.34113
	-53.20292	-17.34168
	-53.20405	-17.34116
	-53.20511	-17.34175
	-53.20626	-17.34179
	-53.20688	-17.34211
	-53.20659	-17.34299
	-53.20561	-17.34337
	-53.20307	-17.34321
	-53.20191	-17.3442
	-53.20228	-17.34554
	-53.20295	-17.34712
	-53.20239	-17.34918
	-53.20055	-17.35049
	-53.20079	-17.35194
	-53.20333	-17.35228
	-53.20358	-17.35388
	-53.20235	-17.35593
	-53.20241	-17.35819
	-53.20293	-17.35921
	-53.20278	-17.36019
	-53.20309	-17.3609
	-53.20381	-17.36097
	-53.20488	-17.36001
	-53.20626	-17.36027
	-53.2068	-17.36133
	-53.20615	-17.36229
	-53.20489	-17.36241
	-53.20374	-17.36323
	-53.20172	-17.36327
	-53.19891	-17.36216
	-53.19879	-17.3607
	-53.19743	-17.36011
	-53.19586	-17.36042
	-53.196	-17.368
	-53.206	-17.37
	-53.206	-17.372
	-53.201	-17.371
	-53.196	-17.38
	-53.203	-17.39
	-53.204	-17.383
	-53.209	-17.385
	-53.207	-17.393
	-53.213	-17.395
	-53.209	-17.395
	-53.206	-17.401
	-53.215	-17.405
	-53.212	-17.407
	-53.214	-17.412
	-53.22	-17.413
	-53.224	-17.423
	-53.222	-17.424
	-53.229	-17.428
	-53.228	-17.438
	-53.233	-17.44
	-53.227	-17.445
	-53.227	-17.455
	-53.223	-17.458
	-53.226	-17.464
	-53.228	-17.463
	-53.226	-17.466
	-53.228	-17.466
	-53.234	-17.479
	-53.233	-17.481
	-53.236	-17.481
	-53.241	-17.492
	-53.237	-17.498
	-53.243	-17.505
	-53.239	-17.512
	-53.241	-17.511
	-53.239	-17.516
	-53.246	-17.524
	-53.246	-17.532
	-53.243	-17.534
	-53.246	-17.539
	-53.245	-17.547
	-53.241	-17.552
	-53.248	-17.558
	-53.247	-17.564
	-53.24	-17.57
	-53.242	-17.573
	-53.239	-17.58
	-53.242	-17.583
	-53.238	-17.589
	-53.242	-17.592
	-53.242	-17.601
	-53.249	-17.606
	-53.246	-17.611
	-53.246	-17.616
	-53.251	-17.619
	-53.247	-17.623
	-53.25	-17.628
	-53.25	-17.644
	-53.245	-17.652
	-53.248	-17.655
	-53.244	-17.656
	-53.244	-17.665
	-53.24	-17.667
	-53.245	-17.672
	-53.24	-17.68
	-53.24	-17.686
	-53.246	-17.69
	-53.239	-17.694
	-53.237	-17.713
	-53.221	-17.723
	-53.219	-17.72
	-53.2	-17.73
	-53.196	-17.736
	-53.198	-17.739
	-53.189	-17.745
	-53.187	-17.752
	-53.182	-17.75
	-53.177	-17.755
	-53.175	-17.765
	-53.168	-17.766
	-53.169	-17.77
	-53.162	-17.782
	-53.159	-17.786
	-53.163	-17.795
	-53.159	-17.804
	-53.146	-17.817
	-53.147	-17.823
	-53.136	-17.837
	-53.143	-17.871
	-53.14	-17.877
	-53.132	-17.881
	-53.132	-17.891
	-53.127	-17.9
	-53.131	-17.916
	-53.1	-17.936
	-53.086	-17.962
	-53.077	-17.968
	-53.07	-17.985
	-53.072	-18.034
	-53.15	-18.039
	-53.155	-18.04
	-53.15585	-18.04005
	-53.17378	-18.04156
	-53.176	-18.041
	-53.19	-18.036
	-53.198	-18.02
	-53.205	-18.021
	-53.217	-18.013
	-53.237	-18.007
	-53.299	-17.995
	-53.332	-18.001
	-53.335	-18.006
	-53.342	-18.008
	-53.36	-18.006
	-53.38	-18.008
	-53.405	-17.992
	-53.411	-17.993
	-53.412	-17.988
	-53.417	-17.994
	-53.421	-17.985
	-53.425	-17.989
	-53.43	-17.987
	-53.43	-17.984
	-53.436	-17.986
	-53.439	-17.983
	-53.44	-17.989
	-53.445	-17.989
	-53.445	-17.993
	-53.45	-17.992
	-53.449	-17.998
	-53.457	-17.999
	-53.458	-18.016
	-53.463	-18.025
	-53.466	-18.024
	-53.467	-18.034
	-53.472	-18.039
	-53.476	-18.036
	-53.486	-18.04
	-53.499	-18.035
	-53.501	-18.028
	-53.513	-18.026
	-53.517	-18.02
	-53.529	-18.021
	-53.547	-18.014
	-53.556	-18.015
	-53.557	-18.005
	-53.565	-18.004
	-53.575	-18.012
	-53.584	-18.009
	-53.589	-18.012
	-53.589	-18.005
	-53.607	-17.995
	-53.612	-17.978
	-53.616	-17.976
	-53.616	-17.978
	-53.624	-17.977
	-53.628	-17.98
	-53.634	-17.976
	-53.661	-17.977
	-53.662	-17.986
	-53.674	-17.991
	-53.677	-17.989
	-53.679	-17.995
	-53.69	-18.002
	-53.692	-18.013
	-53.7	-18.005
	-53.715	-18.006
	-53.715	-17.999
	-53.719	-17.998
	-53.726	-18.003
	-53.733	-17.995
	-53.74	-17.996
	-53.774	-18.0
	-53.786	-17.994
	-53.789	-17.98
	-53.794	-17.98
	-53.793	-17.974
	-53.797	-17.978
	-53.798	-17.974
	-53.804	-17.974
	-53.805	-17.967
	-53.808	-17.972
	-53.813	-17.964
	-53.808	-17.961
	-53.819	-17.958
	-53.821	-17.962
	-53.825	-17.955
	-53.824	-17.948
	-53.83	-17.942
	-53.835	-17.946
	-53.837	-17.934
	-53.842	-17.94
	-53.844	-17.933
	-53.85	-17.934
	-53.85	-17.929
	-53.86	-17.924
	-53.86	-17.921
	-53.87	-17.927
	-53.872	-17.916
	-53.875	-17.918
	-53.873	-17.922
	-53.876	-17.923
	-53.885	-17.913
	-53.898	-17.908
	-53.905	-17.913
	-53.901	-17.916
	-53.911	-17.914
	-53.915	-17.918
	-53.92	-17.916
	-53.922	-17.92
	-53.932	-17.913
	-53.938	-17.92
	-53.945	-17.916
	-53.948	-17.923
	-53.951	-17.915
	-53.944	-17.907
	-53.951	-17.903
	-53.947	-17.898
	-53.955	-17.883
	-53.952	-17.875
	-53.955	-17.871
	-53.946	-17.86
	-53.948	-17.856
	-53.941	-17.848
	-53.941	-17.84
	-53.91	-17.803
	-53.907	-17.79
	-53.895	-17.777
	-53.896	-17.769
	-53.888	-17.749
	-53.879	-17.741
	-53.877	-17.731
	-53.866	-17.727
	-53.86	-17.72
	-53.855	-17.702
	-53.843	-17.692
	-53.813	-17.681
	-53.806	-17.672
	-53.798	-17.67
	-53.793	-17.675
	-53.785	-17.676
	-53.779	-17.672
	-53.756	-17.673
	-53.757	-17.671
	-53.746	-17.671
	-53.733	-17.663
	-53.718	-17.668
	-53.704	-17.663
	-53.682	-17.291
	-53.68	-17.253
	-53.692	-17.246
	-53.694	-17.234
	-53.705	-17.228
	-53.734	-17.231
	-53.747	-17.242
	-53.759	-17.243
	-53.762	-17.246
	-53.764	-17.258
	-53.771	-17.263
	-53.785	-17.287
	-53.806	-17.288
	-53.82	-17.294
	-53.826	-17.312
	-53.83	-17.317
	-53.834	-17.335
	-53.831	-17.355
	-53.868	-17.368
	-53.878	-17.375
	-53.887	-17.392
	-53.914	-17.414
	-53.919	-17.425
	-53.928	-17.431
	-53.931	-17.439
	-53.947	-17.452
	-53.952	-17.459
	-53.971	-17.465
	-53.973	-17.472
	-53.977	-17.47
	-53.984	-17.473
	-53.995	-17.468
	-54.028	-17.479
	-54.037	-17.486
	-54.041	-17.5
	-54.048	-17.505
	-54.046	-17.507
	-54.051	-17.505
	-54.058	-17.513
	-54.057	-17.52
	-54.053	-17.523
	-54.055	-17.529
	-54.049	-17.53
	-54.045	-17.537
	-54.052	-17.546
	-54.051	-17.562
	-54.055	-17.57
	-54.073	-17.587
	-54.072	-17.596
	-54.079	-17.604
	-54.077	-17.615
	-54.084	-17.619
	-54.096	-17.613
	-54.111	-17.613
	-54.113	-17.618
	-54.116	-17.616
	-54.118	-17.619
	-54.122	-17.613
	-54.134	-17.618
	-54.141	-17.61
	-54.146	-17.615
	-54.154	-17.605
	-54.168	-17.608
	-54.178	-17.602
	-54.193	-17.606
	-54.199	-17.614
	-54.204	-17.612
	-54.214	-17.62
	-54.222	-17.619
	-54.232	-17.626
	-54.243	-17.628
	-54.25	-17.64
	-54.273	-17.651
	-54.272	-17.653
	-54.288	-17.655
	-54.291	-17.653
	-54.302	-17.661
	-54.309	-17.658
	-54.32	-17.662
	-54.32	-17.659
	-54.327	-17.658
	-54.335	-17.661
	-54.343	-17.655
	-54.35	-17.657
	-54.356	-17.649
	-54.356	-17.651
	-54.384	-17.636
	-54.387	-17.631
	-54.382	-17.627
	-54.374	-17.608
	-54.382	-17.606
	-54.381	-17.601
	-54.384	-17.601
	-54.38	-17.594
	-54.386	-17.586
	-54.382	-17.572
	-54.392	-17.57
	-54.393	-17.566
	-54.398	-17.567
	-54.403	-17.564
	-54.405	-17.553
	-54.413	-17.551
	-54.414	-17.544
	-54.423	-17.536
	-54.431	-17.538
	-54.434	-17.534
	-54.466	-17.529
	-54.477	-17.513
	-54.473	-17.51
	-54.479	-17.507
	-54.474	-17.498
	-54.483	-17.494
	-54.481	-17.487
	-54.49	-17.488
	-54.503	-17.48
	-54.525	-17.482
	-54.53	-17.478
	-54.536	-17.477
	-54.554	-17.488
	-54.563	-17.479
	-54.569	-17.483
	-54.571	-17.48
	-54.568	-17.474
	-54.572	-17.475
	-54.581	-17.468
	-54.588	-17.477
	-54.607	-17.487
	-54.617	-17.49
	-54.62	-17.488
	-54.636	-17.495
	-54.655	-17.49
	-54.656	-17.496
	-54.669	-17.504
	-54.676	-17.501
	-54.681	-17.506
	-54.695	-17.503
	-54.699	-17.497
	-54.7	-17.506
	-54.715	-17.513
	-54.718	-17.518
	-54.73	-17.515
	-54.739	-17.52
	-54.75	-17.523
	-54.757	-17.534
	-54.755	-17.545
	-54.762	-17.554
	-54.757	-17.558
	-54.76	-17.56
	-54.758	-17.565
	-54.765	-17.568
	-54.778	-17.571
	-54.791	-17.582
	-54.8	-17.582
	-54.813	-17.594
	-54.821	-17.597
	-54.82	-17.603
	-54.825	-17.609
	-54.839	-17.614
	-54.851	-17.613
	-54.86	-17.623
	-54.88	-17.616
	-54.894	-17.621
	-54.902	-17.611
	-54.914	-17.608
	-54.93	-17.611
	-54.943	-17.609
	-54.948	-17.615
	-54.967	-17.615
	-54.966	-17.62
	-54.974	-17.617
	-54.981	-17.628
	-54.984	-17.624
	-54.989	-17.633
	-54.992	-17.633
	-54.991	-17.638
	-55.01	-17.629
	-55.011	-17.634
	-55.016	-17.629
	-55.018	-17.636
	-55.023	-17.634
	-55.023	-17.637
	-55.027	-17.636
	-55.032	-17.64
	-55.033	-17.638
	-55.043	-17.639
	-55.044	-17.636
	-55.047	-17.64
	-55.055	-17.638
	-55.056	-17.642
	-55.062	-17.639
	-55.063	-17.642
	-55.072	-17.631
	-55.077	-17.63
	-55.079	-17.633
	-55.087	-17.629
	-55.093	-17.636
	-55.097	-17.631
	-55.096	-17.627
	-55.1	-17.631
	-55.108	-17.628
	-55.113	-17.644
	-55.11474	-17.6454
	-55.12721	-17.65235
	-55.13817	-17.6509
	-55.1712	-17.63741
	-55.17362	-17.63152
	-55.17323	-17.6308
	-55.17357	-17.62999
	-55.17463	-17.62915
	-55.17671	-17.6286
	-55.17777	-17.6274
	-55.17906	-17.62677
	-55.18061	-17.62685
	-55.18176	-17.62637
	-55.18204	-17.62518
	-55.18116	-17.62364
	-55.18158	-17.6227
	-55.18251	-17.62255
	-55.18348	-17.62305
	-55.18463	-17.62481
	-55.18552	-17.62504
	-55.18629	-17.62453
	-55.1864	-17.62364
	-55.18508	-17.622
	-55.18404	-17.61989
	-55.18404	-17.61947
	-55.18461	-17.61938
	-55.1857	-17.61949
	-55.1884	-17.62116
	-55.18966	-17.62217
	-55.19023	-17.62346
	-55.19026	-17.62497
	-55.19118	-17.62666
	-55.19209	-17.62717
	-55.19518	-17.62644
	-55.19541	-17.62491
	-55.19526	-17.62339
	-55.19428	-17.62187
	-55.194	-17.6204
	-55.1945	-17.61926
	-55.19619	-17.61852
	-55.19771	-17.61835
	-55.1988	-17.61793
	-55.20055	-17.61696
	-55.20212	-17.61721
	-55.20354	-17.61801
	-55.20466	-17.61795
	-55.20542	-17.61738
	-55.2055	-17.61633
	-55.20471	-17.6151
	-55.20431	-17.61419
	-55.20486	-17.61348
	-55.20586	-17.61335
	-55.20681	-17.61396
	-55.20739	-17.61493
	-55.20823	-17.61567
	-55.20982	-17.61595
	-55.21257	-17.61531
	-55.21635	-17.61544
	-55.22153	-17.61658
	-55.22281	-17.61662
	-55.22388	-17.61592
	-55.22436	-17.61504
	-55.22456	-17.61392
	-55.22423	-17.61278
	-55.22436	-17.61145
	-55.22505	-17.61067
	-55.22646	-17.61012
	-55.22682	-17.60911
	-55.22631	-17.60835
	-55.22545	-17.60799
	-55.22423	-17.60827
	-55.22244	-17.61014
	-55.22166	-17.61261
	-55.22071	-17.61396
	-55.21985	-17.61411
	-55.21901	-17.61358
	-55.21821	-17.61259
	-55.21828	-17.61033
	-55.21845	-17.60903
	-55.21834	-17.60721
	-55.21861	-17.60647
	-55.21934	-17.60605
	-55.22137	-17.60614
	-55.22188	-17.60546
	-55.22191	-17.60396
	-55.2227	-17.60367
	-55.22359	-17.60394
	-55.22516	-17.60352
	-55.22635	-17.60263
	-55.22713	-17.60124
	-55.22706	-17.6001
	-55.22646	-17.59901
	-55.22558	-17.59784
	-55.22536	-17.59649
	-55.22578	-17.59616
	-55.22797	-17.59793
	-55.22857	-17.59884
	-55.22877	-17.59987
	-55.22855	-17.60097
	-55.22908	-17.60185
	-55.22992	-17.60185
	-55.2304	-17.60093
	-55.22996	-17.59734
	-55.23076	-17.59626
	-55.23213	-17.5954
	-55.236	-17.595
	-55.238	-17.6
	-55.243	-17.594
	-55.242	-17.602
	-55.249	-17.595
	-55.244	-17.591
	-55.252	-17.592
	-55.24974	-17.583
	-55.25072	-17.58236
	-55.25083	-17.58151
	-55.25023	-17.58097
	-55.24897	-17.58122
	-55.24801	-17.58098
	-55.24801	-17.58005
	-55.24872	-17.5792
	-55.24976	-17.57922
	-55.25078	-17.5792
	-55.25392	-17.5776
	-55.25471	-17.57627
	-55.25759	-17.57513
	-55.25848	-17.57372
	-55.25965	-17.57349
	-55.26239	-17.57541
	-55.26293	-17.57701
	-55.26421	-17.57777
	-55.26567	-17.57707
	-55.26622	-17.57595
	-55.26541	-17.57532
	-55.26366	-17.57127
	-55.26408	-17.56994
	-55.2656	-17.56859
	-55.26859	-17.56732
	-55.26866	-17.56618
	-55.26766	-17.56528
	-55.26638	-17.56517
	-55.26454	-17.5657
	-55.26273	-17.56656
	-55.26251	-17.56549
	-55.263	-17.564
	-55.26357	-17.5634
	-55.26824	-17.56129
	-55.26926	-17.55996
	-55.26915	-17.55857
	-55.26964	-17.55798
	-55.271	-17.56
	-55.275	-17.558
	-55.274	-17.564
	-55.28	-17.563
	-55.282	-17.557
	-55.289	-17.56
	-55.28352	-17.55177
	-55.284	-17.55078
	-55.28509	-17.5503
	-55.28703	-17.55053
	-55.28965	-17.55099
	-55.29104	-17.55066
	-55.29173	-17.54985
	-55.29405	-17.54867
	-55.29454	-17.54774
	-55.2944	-17.54635
	-55.2929	-17.54489
	-55.29151	-17.54424
	-55.29106	-17.54359
	-55.29126	-17.5428
	-55.29252	-17.54255
	-55.29328	-17.54209
	-55.29361	-17.54135
	-55.29469	-17.54059
	-55.29567	-17.5405
	-55.29737	-17.54105
	-55.299	-17.541
	-55.30047	-17.54057
	-55.30228	-17.54082
	-55.30339	-17.5416
	-55.30456	-17.54188
	-55.30726	-17.54126
	-55.30813	-17.54188
	-55.30839	-17.54302
	-55.30827	-17.54466
	-55.30872	-17.54574
	-55.30966	-17.54601
	-55.3109	-17.54574
	-55.31146	-17.54525
	-55.31168	-17.54391
	-55.31265	-17.54303
	-55.31337	-17.54283
	-55.31418	-17.54325
	-55.31434	-17.54406
	-55.31398	-17.54549
	-55.31445	-17.54604
	-55.31543	-17.54603
	-55.31606	-17.54544
	-55.31676	-17.54413
	-55.31742	-17.54397
	-55.31784	-17.54404
	-55.31864	-17.54533
	-55.31944	-17.54576
	-55.32032	-17.54573
	-55.32138	-17.54497
	-55.32064	-17.54327
	-55.32069	-17.54206
	-55.32157	-17.54091
	-55.32265	-17.54079
	-55.32312	-17.54124
	-55.32321	-17.54197
	-55.32424	-17.5444
	-55.3254	-17.54538
	-55.32809	-17.54635
	-55.32944	-17.5477
	-55.32961	-17.5485
	-55.32941	-17.54949
	-55.32941	-17.55025
	-55.33055	-17.54994
	-55.331	-17.54901
	-55.33259	-17.54764
	-55.33373	-17.54718
	-55.33518	-17.54735
	-55.33626	-17.54835
	-55.33762	-17.54885
	-55.33831	-17.54859
	-55.339	-17.548
	-55.33961	-17.54779
	-55.34063	-17.54798
	-55.34147	-17.5487
	-55.34273	-17.54834
	-55.34503	-17.54694
	-55.34667	-17.5454
	-55.34784	-17.54507
	-55.34877	-17.54544
	-55.34913	-17.54619
	-55.34911	-17.54698
	-55.3487	-17.54816
	-55.35002	-17.5484
	-55.35102	-17.54818
	-55.35223	-17.5475
	-55.3523	-17.54664
	-55.35148	-17.54515
	-55.35091	-17.54377
	-55.35121	-17.54298
	-55.35207	-17.54256
	-55.35317	-17.5425
	-55.35399	-17.54218
	-55.35437	-17.54115
	-55.35443	-17.53974
	-55.35327	-17.53737
	-55.35312	-17.53648
	-55.35357	-17.53534
	-55.35462	-17.53394
	-55.35498	-17.53263
	-55.35482	-17.53133
	-55.35464	-17.53034
	-55.35478	-17.5297
	-55.35553	-17.52873
	-55.35656	-17.52809
	-55.35833	-17.52766
	-55.359	-17.52706
	-55.35924	-17.52616
	-55.3586	-17.52496
	-55.3591	-17.52422
	-55.35972	-17.52396
	-55.36083	-17.52419
	-55.36187	-17.52516
	-55.36307	-17.52549
	-55.36417	-17.52501
	-55.36484	-17.52379
	-55.36498	-17.52252
	-55.36601	-17.52196
	-55.36653	-17.5221
	-55.36727	-17.523
	-55.36835	-17.52325
	-55.36971	-17.52249
	-55.37019	-17.52169
	-55.37107	-17.52128
	-55.37165	-17.52157
	-55.37138	-17.52269
	-55.37187	-17.523
	-55.37287	-17.52218
	-55.37321	-17.5209
	-55.37315	-17.51967
	-55.37371	-17.51822
	-55.37539	-17.51681
	-55.37605	-17.51551
	-55.37634	-17.51419
	-55.37733	-17.5144
	-55.37813	-17.51503
	-55.37957	-17.5177
	-55.38032	-17.51949
	-55.38077	-17.52376
	-55.38171	-17.52542
	-55.38262	-17.52564
	-55.38356	-17.5256
	-55.38407	-17.52494
	-55.38443	-17.52249
	-55.38617	-17.51916
	-55.38717	-17.51837
	-55.38824	-17.51812
	-55.38921	-17.51839
	-55.38997	-17.51924
	-55.39069	-17.52081
	-55.39185	-17.52143
	-55.39296	-17.52122
	-55.39328	-17.52025
	-55.39301	-17.51916
	-55.39265	-17.51846
	-55.39167	-17.51816
	-55.39066	-17.51799
	-55.39029	-17.51708
	-55.39059	-17.5163
	-55.39163	-17.51596
	-55.39273	-17.51618
	-55.39372	-17.51631
	-55.39483	-17.51611
	-55.39572	-17.51522
	-55.39686	-17.51469
	-55.39789	-17.5146
	-55.39933	-17.51522
	-55.40159	-17.51531
	-55.40292	-17.51506
	-55.40395	-17.51464
	-55.40433	-17.51402
	-55.40447	-17.51322
	-55.40486	-17.51245
	-55.40552	-17.51233
	-55.40628	-17.51284
	-55.40714	-17.51315
	-55.40829	-17.51311
	-55.40899	-17.51352
	-55.40955	-17.51431
	-55.41024	-17.51452
	-55.41123	-17.5143
	-55.41168	-17.51339
	-55.41209	-17.51285
	-55.41289	-17.51279
	-55.41414	-17.51369
	-55.4155	-17.51519
	-55.41663	-17.51554
	-55.41752	-17.51521
	-55.41797	-17.51428
	-55.41805	-17.51308
	-55.41783	-17.51188
	-55.41819	-17.51163
	-55.41904	-17.51158
	-55.42004	-17.51206
	-55.42162	-17.51397
	-55.42281	-17.5143
	-55.42355	-17.51379
	-55.42383	-17.51308
	-55.42364	-17.51252
	-55.42293	-17.5119
	-55.42276	-17.51121
	-55.42295	-17.51043
	-55.42392	-17.51036
	-55.42509	-17.51061
	-55.4271	-17.5103
	-55.42874	-17.50873
	-55.4291	-17.50899
	-55.43023	-17.51014
	-55.43131	-17.51078
	-55.43286	-17.51088
	-55.43408	-17.5113
	-55.43495	-17.51212
	-55.43585	-17.51257
	-55.4368	-17.51234
	-55.43738	-17.51152
	-55.43747	-17.51022
	-55.43777	-17.50934
	-55.43865	-17.5089
	-55.4397	-17.50773
	-55.44089	-17.50687
	-55.44339	-17.50606
	-55.44478	-17.50508
	-55.44553	-17.50548
	-55.44597	-17.5069
	-55.44582	-17.50793
	-55.445	-17.50884
	-55.44344	-17.50964
	-55.44231	-17.51081
	-55.44239	-17.51166
	-55.44312	-17.51216
	-55.4448	-17.51246
	-55.44589	-17.51178
	-55.44682	-17.51039
	-55.44827	-17.50976
	-55.45037	-17.50972
	-55.45236	-17.50963
	-55.45358	-17.50909
	-55.45427	-17.50831
	-55.45427	-17.50757
	-55.45314	-17.50619
	-55.45303	-17.50533
	-55.45327	-17.50448
	-55.45425	-17.50371
	-55.45378	-17.5029
	-55.45231	-17.50248
	-55.45212	-17.50135
	-55.453	-17.5
	-55.45522	-17.49986
	-55.45751	-17.49932
	-55.45948	-17.49935
	-55.46033	-17.49821
	-55.4602	-17.49666
	-55.4597	-17.49592
	-55.45854	-17.49544
	-55.458	-17.494
	-55.45857	-17.49326
	-55.4618	-17.49284
	-55.46358	-17.49165
	-55.46502	-17.48941
	-55.46594	-17.48688
	-55.46922	-17.48496
	-55.4722	-17.48424
	-55.47304	-17.48327
	-55.47332	-17.48225
	-55.47315	-17.48121
	-55.47263	-17.48042
	-55.47263	-17.47966
	-55.47306	-17.47922
	-55.47368	-17.47933
	-55.47403	-17.47992
	-55.47423	-17.48224
	-55.47475	-17.48309
	-55.47558	-17.48346
	-55.47888	-17.483
	-55.47951	-17.48249
	-55.47965	-17.48191
	-55.47938	-17.4804
	-55.48113	-17.47987
	-55.48204	-17.47931
	-55.48253	-17.47845
	-55.48422	-17.47866
	-55.48506	-17.4791
	-55.48575	-17.48006
	-55.48659	-17.48048
	-55.4873	-17.48022
	-55.48827	-17.47997
	-55.48894	-17.48027
	-55.48929	-17.48091
	-55.48921	-17.48148
	-55.48879	-17.48182
	-55.48877	-17.48287
	-55.48963	-17.48496
	-55.49076	-17.48551
	-55.49185	-17.48551
	-55.49329	-17.48473
	-55.4942	-17.48334
	-55.49472	-17.4829
	-55.49553	-17.48278
	-55.49627	-17.4833
	-55.49649	-17.48422
	-55.496	-17.48536
	-55.49606	-17.48651
	-55.49666	-17.4873
	-55.49791	-17.48757
	-55.49935	-17.48751
	-55.50012	-17.48784
	-55.50027	-17.4886
	-55.49963	-17.48922
	-55.49948	-17.48996
	-55.49999	-17.49069
	-55.5009	-17.49075
	-55.50156	-17.49021
	-55.50185	-17.48937
	-55.50278	-17.4887
	-55.50287	-17.48788
	-55.5024	-17.48669
	-55.50232	-17.48613
	-55.50281	-17.48582
	-55.50387	-17.48631
	-55.50581	-17.48705
	-55.50694	-17.48699
	-55.50758	-17.48643
	-55.50783	-17.48554
	-55.50752	-17.48472
	-55.50699	-17.48422
	-55.50605	-17.48403
	-55.50525	-17.48348
	-55.50498	-17.48257
	-55.50561	-17.48145
	-55.50641	-17.48063
	-55.50727	-17.48013
	-55.5084	-17.48013
	-55.50935	-17.48048
	-55.50996	-17.48131
	-55.50999	-17.48293
	-55.51045	-17.48384
	-55.51148	-17.4841
	-55.51246	-17.48394
	-55.51298	-17.48322
	-55.51318	-17.48224
	-55.51395	-17.48179
	-55.51498	-17.48209
	-55.51574	-17.48285
	-55.51641	-17.48333
	-55.51743	-17.48364
	-55.51877	-17.48357
	-55.51959	-17.48315
	-55.52026	-17.48234
	-55.52084	-17.48084
	-55.52171	-17.48004
	-55.52261	-17.47991
	-55.52322	-17.48042
	-55.52389	-17.48216
	-55.52437	-17.48279
	-55.52522	-17.4829
	-55.5265	-17.48176
	-55.52697	-17.48052
	-55.52689	-17.47752
	-55.52635	-17.47574
	-55.52553	-17.47506
	-55.52442	-17.47471
	-55.52326	-17.47495
	-55.52237	-17.47482
	-55.52179	-17.47445
	-55.52178	-17.4737
	-55.52204	-17.47319
	-55.52541	-17.47174
	-55.52708	-17.47191
	-55.52807	-17.47268
	-55.52854	-17.47342
	-55.5293	-17.47373
	-55.5299	-17.47333
	-55.53007	-17.47267
	-55.52966	-17.47165
	-55.52962	-17.47079
	-55.53021	-17.47019
	-55.53092	-17.4703
	-55.5315	-17.47094
	-55.5324	-17.47112
	-55.53334	-17.47049
	-55.53358	-17.46959
	-55.53312	-17.46891
	-55.53225	-17.46846
	-55.5322	-17.46783
	-55.53252	-17.46724
	-55.53929	-17.46855
	-55.54044	-17.46826
	-55.54101	-17.4676
	-55.54072	-17.46638
	-55.54004	-17.46563
	-55.53875	-17.4653
	-55.53838	-17.4647
	-55.53863	-17.46384
	-55.54041	-17.46312
	-55.54113	-17.46252
	-55.54148	-17.46085
	-55.54201	-17.46011
	-55.543	-17.46
	-55.54442	-17.46136
	-55.54592	-17.46148
	-55.54686	-17.46046
	-55.54677	-17.45948
	-55.5462	-17.45843
	-55.54517	-17.45709
	-55.54526	-17.45631
	-55.5488	-17.45515
	-55.55099	-17.45404
	-55.55259	-17.45401
	-55.55447	-17.45479
	-55.55822	-17.45413
	-55.55957	-17.45211
	-55.55985	-17.45052
	-55.55938	-17.44909
	-55.55788	-17.44811
	-55.55683	-17.44781
	-55.55554	-17.4479
	-55.55481	-17.44751
	-55.55462	-17.44634
	-55.55538	-17.44575
	-55.55703	-17.44539
	-55.55832	-17.44434
	-55.55869	-17.44291
	-55.55982	-17.44175
	-55.56157	-17.44133
	-55.56207	-17.43989
	-55.56336	-17.43957
	-55.5648	-17.44064
	-55.56674	-17.44121
	-55.56805	-17.44052
	-55.56871	-17.43906
	-55.56974	-17.43783
	-55.56934	-17.43518
	-55.57046	-17.43413
	-55.57215	-17.43431
	-55.57519	-17.43538
	-55.5766	-17.43521
	-55.57725	-17.43455
	-55.57713	-17.43291
	-55.57845	-17.42976
	-55.57894	-17.42746
	-55.5788	-17.42565
	-55.5796	-17.42313
	-55.57918	-17.42233
	-55.57772	-17.42163
	-55.57692	-17.42119
	-55.57692	-17.42028
	-55.57759	-17.41925
	-55.57861	-17.41859
	-55.57958	-17.4187
	-55.58049	-17.4192
	-55.58179	-17.41937
	-55.5835	-17.41821
	-55.58489	-17.41882
	-55.58551	-17.4202
	-55.58547	-17.42155
	-55.58644	-17.4225
	-55.58837	-17.42284
	-55.58947	-17.42241
	-55.59045	-17.42168
	-55.59069	-17.42083
	-55.59036	-17.41996
	-55.58903	-17.41897
	-55.58845	-17.41713
	-55.58872	-17.41578
	-55.58983	-17.41473
	-55.591	-17.41437
	-55.59124	-17.41378
	-55.59107	-17.4134
	-55.58837	-17.41118
	-55.58728	-17.40907
	-55.58633	-17.40788
	-55.58604	-17.40685
	-55.5864	-17.40586
	-55.5889	-17.40453
	-55.58876	-17.40201
	-55.58828	-17.39992
	-55.58843	-17.39861
	-55.58812	-17.39766
	-55.5854	-17.39656
	-55.58427	-17.39521
	-55.58436	-17.39399
	-55.58494	-17.39323
	-55.58604	-17.393
	-55.58691	-17.39249
	-55.58801	-17.38978
	-55.58803	-17.38786
	-55.58726	-17.38676
	-55.58602	-17.38615
	-55.5854	-17.38406
	-55.58633	-17.38265
	-55.58642	-17.38131
	-55.58584	-17.38077
	-55.58487	-17.38077
	-55.58389	-17.38049
	-55.58334	-17.37912
	-55.58476	-17.3781
	-55.58706	-17.37817
	-55.58872	-17.37846
	-55.59027	-17.37884
	-55.59107	-17.37878
	-55.59142	-17.3777
	-55.59096	-17.37684
	-55.59	-17.37627
	-55.58786	-17.37606
	-55.58708	-17.37565
	-55.58666	-17.37445
	-55.58688	-17.37352
	-55.58781	-17.37276
	-55.59202	-17.37268
	-55.59293	-17.37344
	-55.59326	-17.37487
	-55.59441	-17.3754
	-55.5956	-17.3747
	-55.59598	-17.37268
	-55.59627	-17.37185
	-55.59722	-17.37122
	-55.59859	-17.37132
	-55.59963	-17.37234
	-55.6003	-17.37202
	-55.60092	-17.37004
	-55.60384	-17.36812
	-55.60959	-17.36503
	-55.61416	-17.36049
	-55.6161	-17.36025
	-55.61729	-17.36115
	-55.6176	-17.36252
	-55.61735	-17.36354
	-55.61497	-17.36557
	-55.61384	-17.36754
	-55.61409	-17.36892
	-55.61522	-17.36987
	-55.61716	-17.36963
	-55.6176	-17.36778
	-55.62229	-17.36533
	-55.62474	-17.36509
	-55.62768	-17.36521
	-55.63732	-17.3541
	-55.64009	-17.34911
	-55.63977	-17.3417
	-55.64215	-17.34005
	-55.64429	-17.33937
	-55.64591	-17.33993
	-55.64721	-17.3409
	-55.6475	-17.34196
	-55.64697	-17.34373
	-55.64519	-17.34594
	-55.64204	-17.34861
	-55.64278	-17.3497
	-55.64281	-17.35084
	-55.64096	-17.35272
	-55.64159	-17.3549
	-55.646	-17.359
	-55.64766	-17.35968
	-55.64923	-17.35953
	-55.65048	-17.3589
	-55.65151	-17.35735
	-55.65214	-17.35463
	-55.65761	-17.34881
	-55.65855	-17.34663
	-55.65846	-17.3445
	-55.65671	-17.34077
	-55.6573	-17.33904
	-55.65858	-17.3382
	-55.6604	-17.3388
	-55.66146	-17.34032
	-55.66209	-17.34202
	-55.66553	-17.34501
	-55.668	-17.35
	-55.67063	-17.35099
	-55.67242	-17.35096
	-55.67442	-17.35
	-55.67574	-17.34869
	-55.67602	-17.34671
	-55.67536	-17.34412
	-55.67668	-17.34164
	-55.67884	-17.33981
	-55.68143	-17.33874
	-55.68444	-17.34008
	-55.68541	-17.34146
	-55.68553	-17.34334
	-55.68431	-17.34606
	-55.68403	-17.34767
	-55.68422	-17.34928
	-55.68528	-17.35084
	-55.68657	-17.35173
	-55.68854	-17.35176
	-55.68967	-17.35066
	-55.69142	-17.34719
	-55.6912	-17.34427
	-55.69029	-17.34179
	-55.69029	-17.34056
	-55.69126	-17.33966
	-55.69301	-17.3396
	-55.69442	-17.34005
	-55.69615	-17.34131
	-55.69693	-17.34262
	-55.69715	-17.34385
	-55.69677	-17.34582
	-55.69799	-17.34821
	-55.70003	-17.34949
	-55.70162	-17.35009
	-55.70303	-17.35218
	-55.70347	-17.35442
	-55.70629	-17.35188
	-55.70669	-17.3506
	-55.70663	-17.34854
	-55.70719	-17.34707
	-55.70888	-17.34474
	-55.70747	-17.33855
	-55.709	-17.337
	-55.71573	-17.34166
	-55.71773	-17.3468
	-55.71949	-17.34847
	-55.722	-17.349
	-55.72499	-17.34883
	-55.72725	-17.34632
	-55.72988	-17.34011
	-55.73395	-17.33704
	-55.74006	-17.33814
	-55.74342	-17.3356
	-55.744	-17.331
	-55.74916	-17.3315
	-55.75392	-17.32935
	-55.75817	-17.32493
	-55.768	-17.325
	-55.77082	-17.3272
	-55.772	-17.332
	-55.7747	-17.3321
	-55.77508	-17.32708
	-55.77821	-17.32278
	-55.78021	-17.3217
	-55.78321	-17.32158
	-55.78472	-17.32469
	-55.78321	-17.32911
	-55.784	-17.33
	-55.7871	-17.33019
	-55.79185	-17.32529
	-55.79861	-17.31453
	-55.805	-17.309
	-55.80619	-17.30678
	-55.80389	-17.30383
	-55.80318	-17.30112
	-55.806	-17.298
	-55.81381	-17.29706
	-55.81921	-17.29749
	-55.82195	-17.29842
	-55.82434	-17.30222
	-55.8247	-17.30518
	-55.8262	-17.30662
	-55.82797	-17.30695
	-55.83073	-17.30459
	-55.83188	-17.30189
	-55.83144	-17.29749
	-55.82976	-17.29453
	-55.82631	-17.29225
	-55.82595	-17.29039
	-55.82666	-17.28862
	-55.82914	-17.28853
	-55.83118	-17.29005
	-55.835	-17.291
	-55.83808	-17.2936
	-55.83879	-17.29605
	-55.83767	-17.29982
	-55.83815	-17.30095
	-55.84045	-17.30163
	-55.84355	-17.3007
	-55.84771	-17.29681
	-55.85058	-17.29426
	-55.85193	-17.2914
	-55.85321	-17.28449
	-55.8523	-17.27899
	-55.85365	-17.27845
	-55.85484	-17.27851
	-55.85621	-17.27926
	-55.858	-17.283
	-55.85875	-17.28407
	-55.86072	-17.28452
	-55.86207	-17.28395
	-55.8626	-17.28252
	-55.86322	-17.27965
	-55.86473	-17.27798
	-55.86736	-17.27693
	-55.87024	-17.27585
	-55.87312	-17.27248
	-55.87431	-17.26979
	-55.87543	-17.26904
	-55.87909	-17.27032
	-55.88094	-17.2723
	-55.88157	-17.27394
	-55.8815	-17.27541
	-55.88032	-17.27708
	-55.87812	-17.27848
	-55.87647	-17.27977
	-55.87603	-17.28099
	-55.87659	-17.28237
	-55.87794	-17.28356
	-55.88038	-17.28333
	-55.88294	-17.28449
	-55.88589	-17.28464
	-55.88852	-17.28515
	-55.89017	-17.2838
	-55.89149	-17.28147
	-55.89287	-17.28108
	-55.89431	-17.28144
	-55.89525	-17.28076
	-55.89575	-17.27962
	-55.895	-17.27774
	-55.89365	-17.27639
	-55.89096	-17.27517
	-55.89043	-17.27364
	-55.89093	-17.27275
	-55.89237	-17.27173
	-55.89415	-17.27185
	-55.89537	-17.27295
	-55.89753	-17.27633
	-55.899	-17.277
	-55.90085	-17.27744
	-55.90326	-17.27627
	-55.90385	-17.27379
	-55.90291	-17.27185
	-55.90166	-17.27023
	-55.89928	-17.26886
	-55.89099	-17.26769
	-55.88883	-17.26695
	-55.88783	-17.26596
	-55.88758	-17.26479
	-55.88836	-17.26411
	-55.88974	-17.26378
	-55.89421	-17.26426
	-55.90277	-17.26416
	-55.90803	-17.26362
	-55.91378	-17.2638
	-55.916	-17.265
	-55.92048	-17.26493
	-55.92374	-17.26398
	-55.92555	-17.25991
	-55.92693	-17.2583
	-55.92875	-17.25788
	-55.93263	-17.26428
	-55.932	-17.27288
	-55.933	-17.27474
	-55.9347	-17.27604
	-55.93702	-17.27688
	-55.94052	-17.27885
	-55.94234	-17.27861
	-55.94778	-17.27323
	-55.94929	-17.27102
	-55.9521	-17.26343
	-55.95323	-17.26139
	-55.95617	-17.25912
	-55.95755	-17.25589
	-55.95674	-17.2535
	-55.95455	-17.25198
	-55.95278	-17.25156
	-55.95225	-17.25099
	-55.95214	-17.25038
	-55.95247	-17.24995
	-55.9538	-17.25023
	-55.95648	-17.24945
	-55.9621	-17.2501
	-55.96416	-17.25173
	-55.968	-17.254
	-55.9698	-17.25445
	-55.97221	-17.25477
	-55.9742	-17.25443
	-55.97702	-17.25281
	-55.98	-17.246
	-55.98171	-17.24608
	-55.98295	-17.24744
	-55.98418	-17.25427
	-55.986	-17.258
	-55.98858	-17.25796
	-55.99158	-17.25677
	-55.99283	-17.25354
	-55.99133	-17.24924
	-55.987	-17.243
	-55.99	-17.24
	-55.99574	-17.23957
	-55.999	-17.24271
	-56.0	-17.246
	-56.00213	-17.24707
	-56.00416	-17.24674
	-56.00582	-17.24549
	-56.00648	-17.24322
	-56.00422	-17.23861
	-56.00351	-17.2362
	-56.00382	-17.23463
	-56.0056	-17.23337
	-56.00768	-17.23324
	-56.00931	-17.23434
	-56.01064	-17.23599
	-56.01103	-17.23747
	-56.01091	-17.2389
	-56.01083	-17.23955
	-56.01095	-17.24025
	-56.01126	-17.24072
	-56.01193	-17.24026
	-56.0125	-17.23764
	-56.01454	-17.23375
	-56.01407	-17.22766
	-56.01431	-17.22401
	-56.01411	-17.22261
	-56.01422	-17.2209
	-56.01498	-17.21993
	-56.01664	-17.21885
	-56.0181	-17.21853
	-56.01959	-17.21854
	-56.02137	-17.2163
	-56.02228	-17.21393
	-56.02006	-17.21115
	-56.01862	-17.20894
	-56.01621	-17.2076
	-56.01373	-17.20783
	-56.01186	-17.20876
	-56.01001	-17.20864
	-56.00819	-17.20742
	-56.00719	-17.20499
	-56.00841	-17.20278
	-56.01142	-17.20027
	-56.01761	-17.1904
	-56.02501	-17.18796
	-56.03246	-17.18694
	-56.03571	-17.18467
	-56.04022	-17.1769
	-56.045	-17.171
	-56.0495	-17.17122
	-56.05154	-17.17194
	-56.05256	-17.17346
	-56.05238	-17.17574
	-56.04955	-17.1787
	-56.04796	-17.18103
	-56.04765	-17.1842
	-56.05	-17.187
	-56.05446	-17.18691
	-56.05809	-17.18183
	-56.06039	-17.1743
	-56.06252	-17.17151
	-56.06464	-17.17084
	-56.06659	-17.17096
	-56.06841	-17.17354
	-56.06845	-17.17672
	-56.06947	-17.17705
	-56.07004	-17.17672
	-56.06996	-17.17363
	-56.07031	-17.17198
	-56.07341	-17.1702
	-56.07704	-17.17109
	-56.07872	-17.1738
	-56.08257	-17.17722
	-56.08563	-17.17891
	-56.09142	-17.17727
	-56.09621	-17.17498
	-56.10028	-17.17456
	-56.10324	-17.17494
	-56.1086	-17.17299
	-56.11108	-17.16872
	-56.11484	-17.16745
	-56.11754	-17.16809
	-56.11949	-17.1702
	-56.11958	-17.17266
	-56.12	-17.175
	-56.12144	-17.17604
	-56.12852	-17.17443
	-56.12945	-17.17507
	-56.12976	-17.17891
	-56.13246	-17.18069
	-56.14052	-17.17972
	-56.14264	-17.18039
	-56.14233	-17.18276
	-56.13848	-17.1834
	-56.13755	-17.18877
	-56.139	-17.191
	-56.14028	-17.19163
	-56.14176	-17.19182
	-56.14325	-17.19145
	-56.14484	-17.19026
	-56.14628	-17.18806
	-56.14652	-17.18632
	-56.14733	-17.18471
	-56.14858	-17.18402
	-56.14964	-17.18421
	-56.15084	-17.1854
	-56.15256	-17.18632
	-56.15492	-17.18595
	-56.15674	-17.18554
	-56.15861	-17.18613
	-56.16068	-17.18792
	-56.16183	-17.1898
	-56.16255	-17.19191
	-56.16399	-17.19356
	-56.16567	-17.19434
	-56.16749	-17.19397
	-56.17004	-17.19182
	-56.17148	-17.18879
	-56.17253	-17.18815
	-56.17359	-17.18829
	-56.17392	-17.1898
	-56.17431	-17.19141
	-56.17498	-17.19306
	-56.17695	-17.19448
	-56.17877	-17.19503
	-56.18146	-17.19448
	-56.1829	-17.19306
	-56.18381	-17.19085
	-56.18434	-17.1892
	-56.18511	-17.18829
	-56.18597	-17.18838
	-56.18784	-17.18888
	-56.18861	-17.19017
	-56.18789	-17.19163
	-56.18669	-17.19269
	-56.18607	-17.19461
	-56.18612	-17.1964
	-56.18722	-17.19819
	-56.1888	-17.20035
	-56.18948	-17.20337
	-56.18938	-17.20603
	-56.18943	-17.20851
	-56.19087	-17.2108
	-56.19245	-17.21208
	-56.19442	-17.21199
	-56.19639	-17.20975
	-56.19749	-17.20759
	-56.19831	-17.20622
	-56.19965	-17.20562
	-56.20157	-17.20589
	-56.2032	-17.2069
	-56.2044	-17.20842
	-56.20474	-17.21034
	-56.20527	-17.21236
	-56.20637	-17.21383
	-56.20872	-17.21497
	-56.21088	-17.21433
	-56.21218	-17.21227
	-56.21309	-17.21066
	-56.214	-17.21007
	-56.21516	-17.2103
	-56.21568	-17.21153
	-56.21573	-17.21406
	-56.21544	-17.21759
	-56.21472	-17.2191
	-56.21328	-17.22038
	-56.21131	-17.22116
	-56.20997	-17.2229
	-56.20954	-17.22465
	-56.20963	-17.22634
	-56.21117	-17.22731
	-56.21223	-17.22731
	-56.21607	-17.2252
	-56.21871	-17.22323
	-56.22043	-17.22125
	-56.22197	-17.2196
	-56.22317	-17.21933
	-56.22485	-17.21979
	-56.22533	-17.22084
	-56.22499	-17.22208
	-56.22394	-17.22313
	-56.22279	-17.22446
	-56.22221	-17.22616
	-56.22264	-17.22813
	-56.22331	-17.22919
	-56.2248	-17.22955
	-56.22634	-17.229
	-56.22874	-17.2279
	-56.232	-17.22772
	-56.23517	-17.22809
	-56.23656	-17.22799
	-56.23757	-17.22643
	-56.23767	-17.22506
	-56.23805	-17.22313
	-56.23906	-17.22185
	-56.24146	-17.22135
	-56.24376	-17.2218
	-56.24597	-17.2218
	-56.24779	-17.22116
	-56.24981	-17.21942
	-56.25106	-17.21873
	-56.25291	-17.21931
	-56.25499	-17.22011
	-56.25617	-17.22184
	-56.25682	-17.22387
	-56.25672	-17.22593
	-56.25567	-17.22854
	-56.25427	-17.23001
	-56.25341	-17.23143
	-56.25317	-17.23327
	-56.25355	-17.23455
	-56.2548	-17.23556
	-56.25768	-17.23519
	-56.25941	-17.23418
	-56.26003	-17.23207
	-56.25999	-17.23047
	-56.26056	-17.22896
	-56.2608	-17.22858
	-56.26176	-17.22845
	-56.26339	-17.22886
	-56.2644	-17.23024
	-56.26402	-17.23198
	-56.26123	-17.23441
	-56.26051	-17.23625
	-56.26042	-17.23877
	-56.25931	-17.24014
	-56.25831	-17.2417
	-56.25855	-17.24413
	-56.25994	-17.24477
	-56.26274	-17.24376
	-56.2645	-17.24234
	-56.26699	-17.2406
	-56.26961	-17.24035
	-56.27222	-17.24066
	-56.27386	-17.24136
	-56.27465	-17.24286
	-56.27443	-17.24431
	-56.27304	-17.24523
	-56.2704	-17.24619
	-56.26996	-17.24657
	-56.26896	-17.24729
	-56.26867	-17.24849
	-56.26997	-17.24858
	-56.27151	-17.24807
	-56.27328	-17.24807
	-56.27635	-17.24862
	-56.27947	-17.24752
	-56.28317	-17.24633
	-56.28624	-17.24629
	-56.28864	-17.24697
	-56.28965	-17.2483
	-56.28941	-17.24991
	-56.28773	-17.25183
	-56.28504	-17.25339
	-56.28322	-17.25472
	-56.28192	-17.25697
	-56.28178	-17.25935
	-56.28264	-17.26132
	-56.28307	-17.26361
	-56.28372	-17.26445
	-56.2844	-17.2648
	-56.28503	-17.26486
	-56.28706	-17.26471
	-56.28838	-17.26591
	-56.28917	-17.26742
	-56.28859	-17.26907
	-56.28864	-17.27058
	-56.29008	-17.27182
	-56.29186	-17.2714
	-56.29503	-17.2704
	-56.29675	-17.27053
	-56.29877	-17.27209
	-56.2992	-17.27388
	-56.29848	-17.27622
	-56.29935	-17.27723
	-56.30155	-17.27668
	-56.30328	-17.27562
	-56.30598	-17.27193
	-56.30731	-17.26769
	-56.30832	-17.26678
	-56.31053	-17.26682
	-56.31207	-17.2676
	-56.31427	-17.26994
	-56.31759	-17.27186
	-56.32248	-17.27383
	-56.32478	-17.27617
	-56.32566	-17.27928
	-56.32549	-17.28144
	-56.32449	-17.28383
	-56.32418	-17.28507
	-56.32466	-17.28613
	-56.32558	-17.28707
	-56.32672	-17.28728
	-56.32795	-17.28682
	-56.32876	-17.28584
	-56.33073	-17.28377
	-56.3328	-17.28231
	-56.33467	-17.28222
	-56.33716	-17.28387
	-56.33822	-17.28602
	-56.33827	-17.28859
	-56.33913	-17.28891
	-56.34086	-17.28836
	-56.34225	-17.28689
	-56.34316	-17.28515
	-56.34446	-17.28437
	-56.34621	-17.28454
	-56.34779	-17.28449
	-56.34859	-17.28318
	-56.34796	-17.28116
	-56.34806	-17.27892
	-56.34662	-17.27704
	-56.34432	-17.27539
	-56.34374	-17.27456
	-56.34354	-17.27372
	-56.34391	-17.27303
	-56.34657	-17.27177
	-56.34883	-17.27016
	-56.35161	-17.26851
	-56.35497	-17.267
	-56.35785	-17.26654
	-56.36049	-17.26741
	-56.36332	-17.2698
	-56.36443	-17.2731
	-56.36414	-17.27607
	-56.36313	-17.27772
	-56.36208	-17.27905
	-56.36174	-17.28051
	-56.36267	-17.28156
	-56.36462	-17.28267
	-56.36913	-17.284
	-56.376	-17.28451
	-56.3818	-17.28556
	-56.38425	-17.28776
	-56.38612	-17.2912
	-56.38708	-17.29537
	-56.38795	-17.29789
	-56.39092	-17.30238
	-56.395	-17.30481
	-56.39798	-17.30582
	-56.40192	-17.30586
	-56.4048	-17.30673
	-56.40676	-17.30898
	-56.40667	-17.312
	-56.40696	-17.31411
	-56.40835	-17.31585
	-56.41022	-17.31741
	-56.41334	-17.31787
	-56.41545	-17.31727
	-56.41704	-17.31503
	-56.41752	-17.31274
	-56.41828	-17.31173
	-56.41982	-17.31141
	-56.42123	-17.31241
	-56.42371	-17.31494
	-56.4275	-17.3175
	-56.43369	-17.31847
	-56.43628	-17.32016
	-56.43772	-17.32332
	-56.43887	-17.32726
	-56.44003	-17.32928
	-56.44233	-17.33107
	-56.44507	-17.33171
	-56.44718	-17.3312
	-56.45015	-17.32969
	-56.4515	-17.32703
	-56.45246	-17.32415
	-56.45279	-17.3214
	-56.45159	-17.3176
	-56.45131	-17.31388
	-56.45159	-17.311
	-56.4526	-17.30953
	-56.45428	-17.30903
	-56.45697	-17.30944
	-56.45884	-17.31145
	-56.4599	-17.31388
	-56.46177	-17.31572
	-56.46374	-17.31631
	-56.46566	-17.31553
	-56.46681	-17.31411
	-56.46686	-17.31187
	-56.46585	-17.30953
	-56.46523	-17.30733
	-56.46542	-17.30449
	-56.46643	-17.3027
	-56.46811	-17.30183
	-56.47041	-17.30165
	-56.47206	-17.30244
	-56.47286	-17.30449
	-56.47247	-17.30701
	-56.47197	-17.30882
	-56.47201	-17.30921
	-56.47252	-17.31026
	-56.47386	-17.31058
	-56.47479	-17.31024
	-56.4755	-17.30944
	-56.47673	-17.30673
	-56.47804	-17.30486
	-56.48083	-17.30344
	-56.48596	-17.29977
	-56.48894	-17.29766
	-56.49215	-17.29711
	-56.49436	-17.29775
	-56.49657	-17.29894
	-56.49959	-17.29811
	-56.5007	-17.29811
	-56.50181	-17.29845
	-56.5022	-17.29813
	-56.50356	-17.29723
	-56.50494	-17.29748
	-56.50581	-17.29874
	-56.50552	-17.30084
	-56.50599	-17.30226
	-56.50704	-17.30382
	-56.50742	-17.30455
	-56.50702	-17.30543
	-56.50639	-17.30659
	-56.50689	-17.30751
	-56.50847	-17.30738
	-56.51049	-17.30641
	-56.51227	-17.30623
	-56.51344	-17.30666
	-56.51394	-17.3074
	-56.51414	-17.30862
	-56.51361	-17.31009
	-56.51317	-17.31177
	-56.51399	-17.31315
	-56.51465	-17.31359
	-56.51611	-17.31356
	-56.51697	-17.31297
	-56.5199	-17.31152
	-56.52148	-17.31109
	-56.52183	-17.31111
	-56.52311	-17.31141
	-56.52446	-17.31237
	-56.52492	-17.31327
	-56.52503	-17.31425
	-56.52523	-17.31741
	-56.52561	-17.31915
	-56.52652	-17.32108
	-56.52806	-17.32213
	-56.52864	-17.32218
	-56.52925	-17.32195
	-56.53025	-17.32141
	-56.53166	-17.32016
	-56.53199	-17.31916
	-56.5319	-17.31782
	-56.53171	-17.31558
	-56.53199	-17.31416
	-56.53286	-17.3137
	-56.53435	-17.31379
	-56.53477	-17.31397
	-56.53607	-17.31471
	-56.53668	-17.31589
	-56.53789	-17.31706
	-56.53905	-17.31755
	-56.54207	-17.31792
	-56.54313	-17.31808
	-56.54404	-17.31874
	-56.54591	-17.32048
	-56.54793	-17.32232
	-56.55057	-17.323
	-56.5521	-17.32322
	-56.55364	-17.32273
	-56.55945	-17.32016
	-56.56483	-17.31755
	-56.56935	-17.31653
	-56.57255	-17.31613
	-56.57519	-17.31688
	-56.57788	-17.3181
	-56.57937	-17.31961
	-56.58009	-17.32218
	-56.58009	-17.32368
	-56.57927	-17.3252
	-56.57737	-17.32705
	-56.57637	-17.32868
	-56.57645	-17.33047
	-56.57745	-17.33171
	-56.57939	-17.33213
	-56.5807	-17.3318
	-56.58245	-17.33126
	-56.58465	-17.33033
	-56.58662	-17.33033
	-56.59247	-17.33185
	-56.59756	-17.33288
	-56.60073	-17.33226
	-56.60485	-17.33029
	-56.60645	-17.32974
	-56.60815	-17.32993
	-56.60998	-17.3309
	-56.6107	-17.33224
	-56.61114	-17.33343
	-56.61191	-17.33385
	-56.61276	-17.3341
	-56.61319	-17.33376
	-56.61339	-17.33298
	-56.61497	-17.32831
	-56.61651	-17.32561
	-56.61824	-17.32417
	-56.62145	-17.32327
	-56.62481	-17.32318
	-56.62702	-17.32385
	-56.6287	-17.32502
	-56.62962	-17.32632
	-56.62946	-17.32799
	-56.6291	-17.3298
	-56.62881	-17.33154
	-56.6291	-17.33283
	-56.62957	-17.33365
	-56.63067	-17.33416
	-56.6318	-17.33389
	-56.63266	-17.33342
	-56.63417	-17.33223
	-56.63633	-17.33049
	-56.64053	-17.3279
	-56.64293	-17.32655
	-56.64475	-17.32465
	-56.64569	-17.32185
	-56.64598	-17.31927
	-56.64618	-17.31791
	-56.64655	-17.31756
	-56.64713	-17.31729
	-56.64833	-17.31771
	-56.64984	-17.31904
	-56.65073	-17.32071
	-56.65143	-17.32362
	-56.65109	-17.32534
	-56.65015	-17.32648
	-56.64867	-17.32717
	-56.64705	-17.32784
	-56.646	-17.32815
	-56.64468	-17.32886
	-56.64353	-17.32983
	-56.64328	-17.33064
	-56.64329	-17.3315
	-56.64353	-17.33365
	-56.6448	-17.33675
	-56.6467	-17.33981
	-56.64823	-17.3402
	-56.649	-17.34
	-56.64922	-17.33913
	-56.64912	-17.33764
	-56.64936	-17.33546
	-56.65001	-17.33297
	-56.65188	-17.32953
	-56.65255	-17.32689
	-56.65327	-17.32538
	-56.65452	-17.32339
	-56.656	-17.32249
	-56.65735	-17.32181
	-56.65942	-17.32197
	-56.66069	-17.32256
	-56.66196	-17.3238
	-56.66299	-17.32588
	-56.663	-17.32617
	-56.66318	-17.32711
	-56.66283	-17.32908
	-56.66138	-17.33046
	-56.65918	-17.33072
	-56.65711	-17.33126
	-56.65611	-17.33178
	-56.65548	-17.33262
	-56.65533	-17.33365
	-56.65543	-17.33468
	-56.65666	-17.33549
	-56.65908	-17.3359
	-56.66129	-17.33665
	-56.66238	-17.33803
	-56.66332	-17.34045
	-56.66386	-17.3407
	-56.66472	-17.34044
	-56.66491	-17.34021
	-56.66535	-17.33944
	-56.66645	-17.33731
	-56.66796	-17.3365
	-56.66984	-17.33615
	-56.67259	-17.33546
	-56.67334	-17.33488
	-56.67419	-17.33417
	-56.67485	-17.33312
	-56.67508	-17.33213
	-56.67499	-17.331
	-56.67475	-17.3304
	-56.67439	-17.32927
	-56.67399	-17.32788
	-56.67421	-17.32664
	-56.67461	-17.3255
	-56.67534	-17.32443
	-56.67783	-17.32257
	-56.67868	-17.32201
	-56.67992	-17.32085
	-56.68082	-17.3191
	-56.68172	-17.31812
	-56.68275	-17.31731
	-56.68338	-17.31701
	-56.68406	-17.31687
	-56.68475	-17.31699
	-56.68555	-17.3175
	-56.68637	-17.3187
	-56.68779	-17.32059
	-56.6895	-17.32245
	-56.69055	-17.32336
	-56.69163	-17.32437
	-56.69335	-17.32576
	-56.69447	-17.32641
	-56.69523	-17.32681
	-56.6959	-17.32691
	-56.69678	-17.32685
	-56.69721	-17.3263
	-56.69713	-17.32568
	-56.69672	-17.32515
	-56.69567	-17.32442
	-56.69427	-17.32322
	-56.69315	-17.32241
	-56.69249	-17.32128
	-56.69243	-17.31987
	-56.69291	-17.31858
	-56.69359	-17.31777
	-56.69491	-17.31703
	-56.69527	-17.31704
	-56.69548	-17.31718
	-56.69673	-17.31786
	-56.69795	-17.31815
	-56.70042	-17.31974
	-56.7016	-17.32016
	-56.70289	-17.32039
	-56.7041	-17.3204
	-56.7051	-17.31999
	-56.70632	-17.31932
	-56.70713	-17.3185
	-56.70798	-17.31789
	-56.70917	-17.31711
	-56.71033	-17.31703
	-56.71135	-17.31726
	-56.71246	-17.31788
	-56.71385	-17.31882
	-56.71456	-17.3189
	-56.7155	-17.31898
	-56.7163	-17.31879
	-56.7167	-17.31842
	-56.71723	-17.31753
	-56.71737	-17.31718
	-56.71742	-17.31617
	-56.71767	-17.31422
	-56.71749	-17.31253
	-56.71751	-17.31099
	-56.71771	-17.30949
	-56.71843	-17.30844
	-56.71968	-17.30748
	-56.72018	-17.30725
	-56.72125	-17.30796
	-56.72264	-17.30916
	-56.72522	-17.30916
	-56.72968	-17.30965
	-56.73363	-17.30998
	-56.73517	-17.31129
	-56.73552	-17.31916
	-56.73773	-17.32473
	-56.74101	-17.32735
	-56.74496	-17.3285
	-56.74822	-17.32883
	-56.75371	-17.32768
	-56.75697	-17.32751
	-56.76062	-17.32878
	-56.76148	-17.33357
	-56.76	-17.33973
	-56.76198	-17.34184
	-56.76517	-17.34249
	-56.76762	-17.3421
	-56.7702	-17.34254
	-56.77098	-17.34517
	-56.76724	-17.34736
	-56.76335	-17.34875
	-56.76138	-17.35307
	-56.76161	-17.35488
	-56.76332	-17.35848
	-56.76571	-17.36103
	-56.76702	-17.36405
	-56.77318	-17.36637
	-56.78083	-17.36782
	-56.78562	-17.36886
	-56.78826	-17.37069
	-56.79036	-17.37365
	-56.7907	-17.37944
	-56.78685	-17.38582
	-56.78684	-17.38863
	-56.78924	-17.39081
	-56.79457	-17.39141
	-56.79731	-17.39027
	-56.80109	-17.3883
	-56.80447	-17.3874
	-56.80785	-17.38772
	-56.81568	-17.3901
	-56.82409	-17.39125
	-56.83044	-17.39125
	-56.83191	-17.39275
	-56.82939	-17.40094
	-56.83062	-17.40585
	-56.83216	-17.40894
	-56.83462	-17.41168
	-56.83697	-17.41304
	-56.84196	-17.4153
	-56.84305	-17.41763
	-56.84177	-17.41977
	-56.83631	-17.42306
	-56.82648	-17.42118
	-56.82187	-17.42547
	-56.82032	-17.4309
	-56.82225	-17.4369
	-56.82565	-17.43913
	-56.82907	-17.43902
	-56.83276	-17.43607
	-56.83639	-17.43597
	-56.84	-17.43828
	-56.84117	-17.44194
	-56.84036	-17.44549
	-56.83882	-17.44663
	-56.82939	-17.44939
	-56.82676	-17.45224
	-56.82511	-17.4558
	-56.82604	-17.4596
	-56.83139	-17.46362
	-56.84055	-17.46337
	-56.84603	-17.46315
	-56.85047	-17.46554
	-56.85086	-17.47153
	-56.84671	-17.47954
	-56.84909	-17.48533
	-56.8538	-17.48617
	-56.859	-17.48234
	-56.86233	-17.48321
	-56.86594	-17.4888
	-56.86768	-17.49654
	-56.86576	-17.50148
	-56.86175	-17.50467
	-56.86251	-17.50733
	-56.86587	-17.51303
	-56.86687	-17.51594
	-56.87103	-17.51526
	-56.8717	-17.51666
	-56.86954	-17.52048
	-56.87107	-17.52262
	-56.87499	-17.5236
	-56.8758	-17.52817
	-56.87566	-17.53218
	-56.87799	-17.53343
	-56.8804	-17.53287
	-56.88423	-17.53688
	-56.89261	-17.53729
	-56.89741	-17.53886
	-56.90408	-17.53764
	-56.90822	-17.53255
	-56.911	-17.53241
	-56.91414	-17.53759
	-56.91929	-17.54223
	-56.92571	-17.54234
	-56.92998	-17.5459
	-56.93376	-17.54911
	-56.93969	-17.54902
	-56.94612	-17.55342
	-56.94756	-17.56108
	-56.94825	-17.5666
	-56.95297	-17.57029
	-56.96054	-17.57006
	-56.9674	-17.57167
	-56.9704	-17.57427
	-56.97058	-17.57679
	-56.97073	-17.57751
	-56.97093	-17.5787
	-56.97131	-17.5795
	-56.97195	-17.58017
	-56.97334	-17.58082
	-56.97502	-17.58112
	-56.97703	-17.58109
	-56.97809	-17.58094
	-56.98063	-17.58011
	-56.982	-17.58
	-56.98264	-17.57997
	-56.98315	-17.58012
	-56.98349	-17.58077
	-56.98339	-17.58141
	-56.98243	-17.58196
	-56.98139	-17.58243
	-56.98051	-17.58356
	-56.97964	-17.58529
	-56.97845	-17.58835
	-56.97786	-17.59068
	-56.97706	-17.5923
	-56.97628	-17.59421
	-56.97634	-17.59584
	-56.9766	-17.59709
	-56.97732	-17.59838
	-56.97816	-17.59953
	-56.9796	-17.60072
	-56.98134	-17.6019
	-56.98255	-17.60339
	-56.98321	-17.60489
	-56.98353	-17.60716
	-56.98313	-17.60928
	-56.98268	-17.6107
	-56.98177	-17.612
	-56.98019	-17.61347
	-56.97899	-17.61438
	-56.97738	-17.61473
	-56.97517	-17.61504
	-56.97294	-17.61431
	-56.97127	-17.61321
	-56.9697	-17.61171
	-56.96774	-17.60887
	-56.96632	-17.6074
	-56.96475	-17.60619
	-56.96296	-17.60558
	-56.96134	-17.60519
	-56.95961	-17.60548
	-56.95873	-17.60585
	-56.9587	-17.60596
	-56.95831	-17.60654
	-56.95813	-17.60715
	-56.95826	-17.608
	-56.95892	-17.60972
	-56.95967	-17.61204
	-56.96069	-17.61448
	-56.96232	-17.61743
	-56.96454	-17.62078
	-56.96584	-17.62324
	-56.96672	-17.62427
	-56.96784	-17.62492
	-56.96916	-17.62542
	-56.97058	-17.62566
	-56.97215	-17.6261
	-56.97367	-17.62729
	-56.97445	-17.62842
	-56.97493	-17.62958
	-56.97539	-17.6314
	-56.97575	-17.63361
	-56.97644	-17.63518
	-56.97764	-17.63738
	-56.97886	-17.6385
	-56.97968	-17.63887
	-56.982	-17.63954
	-56.98289	-17.63997
	-56.9836	-17.64085
	-56.98442	-17.64218
	-56.98496	-17.64404
	-56.9851	-17.64545
	-56.98561	-17.648
	-56.98679	-17.65041
	-56.98747	-17.65344
	-56.98773	-17.65573
	-56.98815	-17.65788
	-56.98903	-17.65988
	-56.99007	-17.66126
	-56.99187	-17.66262
	-56.99443	-17.66437
	-56.99597	-17.66602
	-56.99799	-17.66869
	-56.99936	-17.67024
	-57.00095	-17.67117
	-57.00296	-17.67182
	-57.00472	-17.67213
	-57.00605	-17.67213
	-57.00918	-17.67172
	-57.01119	-17.67157
	-57.01289	-17.67192
	-57.01438	-17.6729
	-57.01517	-17.674
	-57.01565	-17.67548
	-57.01561	-17.67632
	-57.01517	-17.6772
	-57.01489	-17.67792
	-57.01473	-17.67863
	-57.01491	-17.67956
	-57.0153	-17.68022
	-57.01575	-17.68076
	-57.01669	-17.68169
	-57.01881	-17.68363
	-57.01975	-17.68565
	-57.01982	-17.68702
	-57.01943	-17.68863
	-57.01916	-17.69095
	-57.01931	-17.69219
	-57.01998	-17.69308
	-57.02092	-17.69345
	-57.02249	-17.69364
	-57.02445	-17.69394
	-57.02743	-17.6945
	-57.03017	-17.69438
	-57.03205	-17.69427
	-57.03335	-17.69491
	-57.03414	-17.69561
	-57.03476	-17.69741
	-57.03562	-17.69976
	-57.03746	-17.70282
	-57.03824	-17.70499
	-57.03785	-17.71197
	-57.03824	-17.71361
	-57.03942	-17.716
	-57.04169	-17.71925
	-57.0431	-17.72227
	-57.044	-17.7257
	-57.04573	-17.73041
	-57.04678	-17.73194
	-57.04812	-17.73324
	-57.04926	-17.73373
	-57.05043	-17.73384
	-57.05161	-17.73372
	-57.05313	-17.7325
	-57.05462	-17.73089
	-57.05686	-17.72971
	-57.05839	-17.72918
	-57.0598	-17.72951
	-57.06078	-17.73026
	-57.06168	-17.73171
	-57.06258	-17.73339
	-57.06399	-17.73485
	-57.06553	-17.73549
	-57.06763	-17.73567
	-57.07046	-17.73548
	-57.07234	-17.73552
	-57.07386	-17.73593
	-57.0752	-17.73694
	-57.07637	-17.7388
	-57.07743	-17.74179
	-57.07821	-17.7453
	-57.07908	-17.74858
	-57.08045	-17.75031
	-57.08174	-17.75142
	-57.08374	-17.75232
	-57.08593	-17.75224
	-57.08864	-17.75176
	-57.09103	-17.75205
	-57.09314	-17.75299
	-57.09447	-17.75416
	-57.09569	-17.75605
	-57.0964	-17.75873
	-57.09687	-17.76269
	-57.098	-17.76635
	-57.10031	-17.77041
	-57.10251	-17.77303
	-57.10455	-17.77403
	-57.10717	-17.7743
	-57.10898	-17.77385
	-57.11137	-17.77269
	-57.11418	-17.77212
	-57.11548	-17.77277
	-57.11607	-17.77389
	-57.11614	-17.77794
	-57.11689	-17.78105
	-57.11775	-17.78168
	-57.11869	-17.78202
	-57.12006	-17.78226
	-57.12116	-17.7818
	-57.1232	-17.77974
	-57.12661	-17.77691
	-57.129	-17.77534
	-57.131	-17.77459
	-57.13315	-17.77422
	-57.13625	-17.77478
	-57.13801	-17.77463
	-57.13958	-17.77362
	-57.14189	-17.77187
	-57.14319	-17.77075
	-57.14601	-17.76932
	-57.14813	-17.76883
	-57.15015	-17.76869
	-57.15084	-17.76998
	-57.15149	-17.77437
	-57.155	-17.778
	-57.15698	-17.77922
	-57.1589	-17.77989
	-57.162	-17.77989
	-57.16866	-17.77803
	-57.17371	-17.77721
	-57.17674	-17.77742
	-57.1792	-17.7784
	-57.18253	-17.78124
	-57.18641	-17.78445
	-57.19166	-17.78695
	-57.19452	-17.78799
	-57.19797	-17.78881
	-57.20251	-17.78897
	-57.21004	-17.78933
	-57.21443	-17.78907
	-57.21614	-17.78875
	-57.22015	-17.78594
	-57.22375	-17.7837
	-57.22579	-17.78344
	-57.22712	-17.78364
	-57.22912	-17.78512
	-57.23051	-17.78664
	-57.23136	-17.78885
	-57.23155	-17.79019
	-57.23269	-17.79109
	-57.23488	-17.79165
	-57.23665	-17.79173
	-57.23774	-17.79228
	-57.23845	-17.7934
	-57.23857	-17.79508
	-57.23908	-17.79609
	-57.24084	-17.79724
	-57.24251	-17.79756
	-57.24464	-17.79758
	-57.24691	-17.79665
	-57.24907	-17.79482
	-57.25119	-17.79351
	-57.25255	-17.79348
	-57.25338	-17.79418
	-57.25362	-17.79512
	-57.25318	-17.79627
	-57.25185	-17.79788
	-57.25028	-17.80001
	-57.24813	-17.8037
	-57.245	-17.80686
	-57.24264	-17.80836
	-57.24037	-17.80903
	-57.23739	-17.80896
	-57.23441	-17.80855
	-57.23247	-17.80875
	-57.23112	-17.80971
	-57.23089	-17.81101
	-57.2318	-17.81248
	-57.23375	-17.81295
	-57.2361	-17.81247
	-57.24006	-17.8115
	-57.24237	-17.81135
	-57.24621	-17.81161
	-57.25044	-17.81127
	-57.25302	-17.81153
	-57.25534	-17.81288
	-57.25632	-17.81441
	-57.25648	-17.81672
	-57.2573	-17.81821
	-57.25926	-17.81963
	-57.26322	-17.81974
	-57.26733	-17.81929
	-57.27003	-17.81877
	-57.27231	-17.81795
	-57.27576	-17.8159
	-57.28042	-17.81411
	-57.28343	-17.81312
	-57.28504	-17.81321
	-57.28579	-17.81415
	-57.28567	-17.81553
	-57.2852	-17.81743
	-57.28328	-17.82023
	-57.28269	-17.82226
	-57.28312	-17.82362
	-57.28438	-17.82385
	-57.28563	-17.8231
	-57.28692	-17.82284
	-57.28912	-17.82291
	-57.29151	-17.8228
	-57.29276	-17.82247
	-57.29366	-17.82153
	-57.29406	-17.82011
	-57.293	-17.819
	-57.28943	-17.8172
	-57.28813	-17.81552
	-57.28778	-17.81391
	-57.2882	-17.81302
	-57.2899	-17.81203
	-57.29263	-17.81214
	-57.29434	-17.81261
	-57.29537	-17.81331
	-57.29654	-17.81634
	-57.29777	-17.81778
	-57.29924	-17.81796
	-57.30051	-17.81778
	-57.30159	-17.81662
	-57.30286	-17.81512
	-57.30468	-17.81214
	-57.30595	-17.81102
	-57.30747	-17.81083
	-57.30893	-17.81149
	-57.30982	-17.81289
	-57.31001	-17.8148
	-57.3105	-17.81718
	-57.31124	-17.81821
	-57.31261	-17.81872
	-57.31457	-17.81881
	-57.31658	-17.81904
	-57.31756	-17.81979
	-57.31957	-17.82142
	-57.32069	-17.82338
	-57.32206	-17.82422
	-57.32434	-17.82461
	-57.32544	-17.8258
	-57.32535	-17.82734
	-57.325	-17.829
	-57.32567	-17.83067
	-57.32724	-17.83118
	-57.33105	-17.82995
	-57.33304	-17.82997
	-57.33534	-17.83063
	-57.33848	-17.8323
	-57.34063	-17.83269
	-57.3431	-17.83231
	-57.34464	-17.83243
	-57.3452	-17.83285
	-57.3452	-17.83348
	-57.34404	-17.83527
	-57.34372	-17.83701
	-57.34432	-17.83783
	-57.34533	-17.83816
	-57.3462	-17.83786
	-57.34726	-17.83667
	-57.34769	-17.83602
	-57.34824	-17.83554
	-57.34918	-17.83536
	-57.35003	-17.83581
	-57.3521	-17.83763
	-57.35356	-17.83822
	-57.35495	-17.83843
	-57.35715	-17.83775
	-57.35978	-17.83679
	-57.36269	-17.83569
	-57.36492	-17.83452
	-57.36642	-17.83279
	-57.36731	-17.83077
	-57.36802	-17.82808
	-57.36859	-17.82679
	-57.36994	-17.82602
	-57.37158	-17.82585
	-57.37718	-17.82682
	-57.38088	-17.82682
	-57.38175	-17.82736
	-57.38229	-17.82805
	-57.38282	-17.82972
	-57.38379	-17.83318
	-57.38423	-17.83733
	-57.38458	-17.84097
	-57.38564	-17.84333
	-57.38707	-17.84519
	-57.38846	-17.84616
	-57.39053	-17.84661
	-57.39351	-17.84661
	-57.39508	-17.84631
	-57.39624	-17.84527
	-57.39712	-17.84395
	-57.39799	-17.84174
	-57.39918	-17.8404
	-57.39958	-17.84
	-57.40041	-17.84004
	-57.40113	-17.84025
	-57.40176	-17.84109
	-57.40194	-17.84264
	-57.40204	-17.84518
	-57.40207	-17.84846
	-57.40254	-17.8501
	-57.40373	-17.85174
	-57.40558	-17.8529
	-57.40784	-17.85344
	-57.41038	-17.85381
	-57.41169	-17.85455
	-57.41223	-17.85555
	-57.41223	-17.8569
	-57.4132	-17.8578
	-57.41442	-17.85804
	-57.41564	-17.85771
	-57.41737	-17.85702
	-57.41906	-17.85577
	-57.42065	-17.85498
	-57.42257	-17.85464
	-57.42426	-17.85478
	-57.42561	-17.85544
	-57.42781	-17.85714
	-57.43022	-17.85932
	-57.43213	-17.86183
	-57.43386	-17.86547
	-57.43596	-17.86857
	-57.43841	-17.87091
	-57.44028	-17.87272
	-57.4422	-17.87373
	-57.44373	-17.87415
	-57.44521	-17.87424
	-57.44694	-17.87478
	-57.44803	-17.87531
	-57.44887	-17.87657
	-57.44894	-17.878
	-57.44859	-17.88143
	-57.44834	-17.88602
	-57.44724	-17.8894
	-57.44679	-17.89209
	-57.44737	-17.89438
	-57.44847	-17.89626
	-57.45247	-17.90113
	-57.45348	-17.903
	-57.45486	-17.90368
	-57.45659	-17.9033
	-57.45793	-17.90216
	-57.45956	-17.90121
	-57.46335	-17.8989
	-57.46911	-17.88939
	-57.47595	-17.88151
	-57.4783	-17.87857
	-57.47938	-17.87541
	-57.47976	-17.87244
	-57.47937	-17.86991
	-57.47841	-17.86702
	-57.47679	-17.86332
	-57.47682	-17.86099
	-57.47755	-17.86019
	-57.47902	-17.86006
	-57.48037	-17.86057
	-57.48239	-17.86139
	-57.48495	-17.86192
	-57.48752	-17.86203
	-57.49512	-17.86126
	-57.50341	-17.86227
	-57.50889	-17.86338
	-57.51013	-17.86444
	-57.51242	-17.86413
	-57.51585	-17.86337
	-57.52594	-17.85779
	-57.53266	-17.85574
	-57.53565	-17.85432
	-57.53686	-17.85302
	-57.53593	-17.84996
	-57.53257	-17.84504
	-57.53058	-17.84116
	-57.5311	-17.83953
	-57.53198	-17.83862
	-57.53372	-17.83608
	-57.53775	-17.83319
	-57.54162	-17.83225
	-57.5446	-17.83054
	-57.55018	-17.82984
	-57.55187	-17.82928
	-57.55324	-17.82788
	-57.55554	-17.82135
	-57.55665	-17.81933
	-57.55974	-17.81441
	-57.56228	-17.81433
	-57.56375	-17.8145
	-57.56521	-17.81502
	-57.56717	-17.81593
	-57.56876	-17.81641
	-57.57006	-17.81643
	-57.57128	-17.81609
	-57.57259	-17.81542
	-57.57344	-17.81457
	-57.57443	-17.81329
	-57.57557	-17.8108
	-57.57563	-17.81055
	-57.57612	-17.80678
	-57.57597	-17.80445
	-57.57605	-17.80233
	-57.57647	-17.80131
	-57.57793	-17.80022
	-57.57982	-17.79991
	-57.58315	-17.80043
	-57.58645	-17.80048
	-57.58995	-17.80111
	-57.59634	-17.80345
	-57.5992	-17.80428
	-57.60122	-17.80441
	-57.60252	-17.80474
	-57.6031	-17.80462
	-57.60524	-17.80341
	-57.60678	-17.80165
	-57.60844	-17.79909
	-57.6095	-17.79726
	-57.6112	-17.79367
	-57.61301	-17.78835
	-57.61391	-17.78274
	-57.61411	-17.77995
	-57.61402	-17.77877
	-57.61347	-17.77812
	-57.61255	-17.77814
	-57.61087	-17.77902
	-57.60878	-17.77988
	-57.60714	-17.78033
	-57.60532	-17.78017
	-57.60397	-17.77957
	-57.60285	-17.77864
	-57.60201	-17.77731
	-57.60172	-17.77528
	-57.60233	-17.774
	-57.60309	-17.77312
	-57.60461	-17.77231
	-57.60624	-17.77179
	-57.61022	-17.77153
	-57.61217	-17.77109
	-57.61418	-17.76994
	-57.61526	-17.76854
	-57.61596	-17.7663
	-57.61724	-17.76287
	-57.61892	-17.75989
	-57.62062	-17.75675
	-57.62088	-17.75503
	-57.62019	-17.75307
	-57.61767	-17.75221
	-57.61416	-17.75293
	-57.61305	-17.75254
	-57.61229	-17.75086
	-57.6132	-17.74974
	-57.61428	-17.74951
	-57.61735	-17.7493
	-57.61949	-17.74794
	-57.62041	-17.74626
	-57.62137	-17.7432
	-57.62241	-17.74004
	-57.62362	-17.73775
	-57.62669	-17.73425
	-57.62923	-17.73175
	-57.63247	-17.72765
	-57.63467	-17.72529
	-57.63737	-17.7213
	-57.63953	-17.71886
	-57.64072	-17.7178
	-57.64185	-17.71719
	-57.64314	-17.71695
	-57.64478	-17.71768
	-57.64585	-17.71869
	-57.64627	-17.72001
	-57.6455	-17.72252
	-57.64589	-17.72379
	-57.65018	-17.72492
	-57.65179	-17.72521
	-57.6537	-17.72621
	-57.65681	-17.72689
	-57.66171	-17.7296
	-57.66456	-17.73089
	-57.66522	-17.72972
	-57.6663	-17.72818
	-57.66732	-17.72698
	-57.66868	-17.72602
	-57.66907	-17.726
	-57.66943	-17.72611
	-57.66974	-17.72641
	-57.67057	-17.72895
	-57.67106	-17.72958
	-57.67215	-17.7293
	-57.67278	-17.72802
	-57.67246	-17.71973
	-57.6765	-17.71926
	-57.68308	-17.7174
	-57.68459	-17.71654
	-57.68527	-17.71531
	-57.68546	-17.71344
	-57.68455	-17.7102
	-57.68047	-17.70524
	-57.68013	-17.70406
	-57.68055	-17.70298
	-57.68461	-17.6961
	-57.70964	-17.72988
	-57.72036	-17.7202
	-57.72211	-17.72069
END
END
