Colombia_North
1
	-77.03988	8.641797
	-77.27507	9.176907
	-77.07467	10.67881
	-82.35233	11.67563
	-81.42217	14.85373
	-79.66295	16.27568
	-78.19693	16.22715
	-71.80982	12.72021
	-71.47999	12.68742
	-71.29567	12.61981
	-71.21911	12.57544
	-71.14675	12.52422
	-71.1313	12.49132
	-71.10928	12.45176
	-71.0766	12.38924
	-71.07147	12.38098
	-71.06538	12.36905
	-71.06174	12.36092
	-71.06147	12.35408
	-71.06027	12.34243
	-71.05155	12.32051
	-71.03708	12.29735
	-71.02462	12.26826
	-71.015	12.25532
	-71.00746	12.2467
	-71.00267	12.23825
	-70.99143	12.22529
	-70.9839	12.2108
	-70.96662	12.19388
	-70.95053	12.18391
	-70.93782	12.17461
	-70.92706	12.16567
	-70.92706	11.96124
	-70.92735	11.96115
	-71.21662	11.88229
	-71.3236	11.85312
	-71.32417	11.85295
	-71.32421	11.85277
	-71.32472	11.85282
	-71.32924	11.85153
	-71.33281	11.8506
	-71.33281	11.85052
	-71.33323	11.85046
	-71.33364	11.85048
	-71.3338	11.85045
	-71.33415	11.85028
	-71.33436	11.85022
	-71.33445	11.85015
	-71.33451	11.85015
	-71.33457	11.85017
	-71.33471	11.85027
	-71.33495	11.85039
	-71.33529	11.85044
	-71.33557	11.85051
	-71.33566	11.85056
	-71.33583	11.85058
	-71.33588	11.85057
	-71.33597	11.85051
	-71.33604	11.85042
	-71.33613	11.85035
	-71.33629	11.85029
	-71.33635	11.85028
	-71.33643	11.85031
	-71.3365	11.85039
	-71.3366	11.85043
	-71.33671	11.85043
	-71.33676	11.85041
	-71.33694	11.85027
	-71.33695	11.85021
	-71.33686	11.85013
	-71.33687	11.85007
	-71.33692	11.85007
	-71.33717	11.85019
	-71.33722	11.8502
	-71.3375	11.8502
	-71.33765	11.85015
	-71.33782	11.85013
	-71.33802	11.85003
	-71.33822	11.85014
	-71.33833	11.85016
	-71.33844	11.85016
	-71.33862	11.85014
	-71.33873	11.8501
	-71.33887	11.84993
	-71.33892	11.84983
	-71.33896	11.84966
	-71.339	11.84963
	-71.33912	11.84959
	-71.33925	11.84949
	-71.33939	11.84941
	-71.3395	11.84937
	-71.33969	11.84925
	-71.3398	11.84922
	-71.33996	11.84924
	-71.34007	11.84923
	-71.34029	11.84915
	-71.34048	11.84903
	-71.3406	11.84904
	-71.34086	11.84915
	-71.34096	11.84916
	-71.34107	11.84921
	-71.34118	11.84923
	-71.34135	11.84922
	-71.34158	11.84925
	-71.34174	11.84925
	-71.34186	11.84922
	-71.34207	11.8491
	-71.34213	11.84904
	-71.34214	11.84901
	-71.34221	11.84896
	-71.34247	11.84897
	-71.34262	11.84892
	-71.34278	11.84889
	-71.34306	11.84873
	-71.34328	11.84863
	-71.34335	11.84849
	-71.34348	11.84839
	-71.34362	11.84831
	-71.34377	11.84825
	-71.34392	11.84824
	-71.34447	11.84794
	-71.34478	11.84785
	-71.34491	11.84778
	-71.34502	11.84768
	-71.3451	11.84755
	-71.34511	11.8474
	-71.34516	11.84725
	-71.34565	11.8466
	-71.34591	11.84644
	-71.34607	11.84638
	-71.34623	11.84635
	-71.34653	11.84618
	-71.34677	11.84601
	-71.34679	11.84586
	-71.34683	11.84572
	-71.34703	11.84545
	-71.34709	11.84531
	-71.34717	11.84519
	-71.34728	11.8449
	-71.34736	11.84477
	-71.34747	11.84466
	-71.34762	11.84458
	-71.34778	11.84452
	-71.34788	11.8444
	-71.34792	11.84424
	-71.34793	11.84407
	-71.34786	11.84392
	-71.34775	11.84378
	-71.34776	11.84344
	-71.34774	11.84329
	-71.34751	11.84305
	-71.34743	11.8429
	-71.3475	11.84275
	-71.34766	11.84248
	-71.34782	11.84247
	-71.34796	11.84244
	-71.34834	11.84216
	-71.34861	11.842
	-71.34877	11.84194
	-71.34908	11.84188
	-71.34955	11.84169
	-71.34982	11.84166
	-71.35028	11.84151
	-71.35042	11.84145
	-71.35055	11.84137
	-71.35115	11.84118
	-71.35129	11.8411
	-71.35203	11.8408
	-71.35233	11.84071
	-71.35249	11.84068
	-71.35301	11.84032
	-71.35356	11.84002
	-71.35383	11.8399
	-71.35444	11.83972
	-71.35458	11.83966
	-71.35494	11.83939
	-71.35538	11.83918
	-71.35553	11.83913
	-71.35583	11.8391
	-71.35596	11.83901
	-71.35593	11.83886
	-71.35577	11.83883
	-71.35561	11.83883
	-71.35546	11.83878
	-71.35606	11.83858
	-71.35675	11.83823
	-71.35703	11.83811
	-71.35716	11.83803
	-71.35731	11.83798
	-71.35746	11.83798
	-71.35761	11.83802
	-71.35776	11.8381
	-71.35793	11.8381
	-71.35806	11.83805
	-71.3582	11.83797
	-71.35836	11.83792
	-71.35849	11.83797
	-71.35862	11.83807
	-71.35894	11.83813
	-71.35923	11.83804
	-71.35937	11.83798
	-71.35946	11.83785
	-71.35976	11.83794
	-71.35991	11.83791
	-71.36006	11.83797
	-71.36018	11.83807
	-71.36029	11.83819
	-71.36036	11.83834
	-71.36031	11.83849
	-71.36047	11.83905
	-71.36061	11.83921
	-71.36066	11.83931
	-71.3608	11.83948
	-71.36097	11.83962
	-71.36107	11.83968
	-71.36117	11.83971
	-71.36142	11.83993
	-71.36147	11.84003
	-71.36149	11.84014
	-71.36144	11.84023
	-71.36148	11.84044
	-71.36148	11.84055
	-71.3617	11.8405
	-71.36178	11.84068
	-71.36186	11.84075
	-71.36195	11.8408
	-71.362	11.8409
	-71.362	11.84101
	-71.36196	11.84111
	-71.36189	11.8412
	-71.36184	11.8413
	-71.36188	11.8414
	-71.36197	11.84146
	-71.36205	11.84155
	-71.36216	11.84155
	-71.36237	11.84148
	-71.36253	11.84132
	-71.36264	11.84132
	-71.36286	11.84137
	-71.36297	11.84137
	-71.36327	11.84125
	-71.3635	11.84112
	-71.36359	11.84105
	-71.36378	11.84077
	-71.36387	11.84057
	-71.36393	11.84048
	-71.36402	11.8404
	-71.36411	11.84035
	-71.36433	11.84035
	-71.36464	11.84046
	-71.36475	11.84048
	-71.36486	11.84048
	-71.36496	11.84047
	-71.36506	11.84042
	-71.36525	11.84031
	-71.36533	11.84023
	-71.36539	11.84013
	-71.36542	11.84003
	-71.3654	11.83992
	-71.36521	11.8395
	-71.36511	11.83931
	-71.36497	11.8391
	-71.36493	11.83898
	-71.36493	11.83875
	-71.36496	11.83853
	-71.36505	11.83846
	-71.36525	11.83838
	-71.36558	11.83844
	-71.36569	11.83842
	-71.36579	11.83838
	-71.36591	11.83838
	-71.3661	11.83829
	-71.36642	11.83821
	-71.36651	11.83816
	-71.36659	11.83808
	-71.36661	11.83797
	-71.3664	11.83769
	-71.36636	11.83757
	-71.36637	11.83746
	-71.36643	11.83736
	-71.36659	11.8372
	-71.36669	11.83717
	-71.36692	11.83718
	-71.36711	11.83708
	-71.36728	11.83692
	-71.36727	11.83681
	-71.3673	11.83669
	-71.36755	11.83631
	-71.36764	11.83625
	-71.36803	11.83608
	-71.3681	11.836
	-71.36816	11.8359
	-71.36816	11.8358
	-71.36806	11.83573
	-71.36795	11.83576
	-71.36784	11.8357
	-71.3678	11.83559
	-71.36775	11.83526
	-71.36771	11.83514
	-71.3677	11.83481
	-71.36779	11.8346
	-71.36779	11.8345
	-71.36773	11.83418
	-71.36771	11.83396
	-71.36772	11.83375
	-71.36776	11.83364
	-71.36789	11.83347
	-71.36798	11.83341
	-71.36818	11.83332
	-71.36836	11.83318
	-71.36846	11.83298
	-71.36855	11.83291
	-71.36908	11.83274
	-71.36919	11.83273
	-71.36964	11.83274
	-71.36995	11.83271
	-71.37004	11.83266
	-71.37009	11.83256
	-71.3701	11.83245
	-71.37015	11.83235
	-71.37024	11.83228
	-71.37036	11.83225
	-71.37058	11.83225
	-71.37079	11.8323
	-71.3709	11.83231
	-71.37106	11.83245
	-71.37124	11.83257
	-71.37135	11.8326
	-71.37145	11.83258
	-71.37164	11.83245
	-71.37175	11.83243
	-71.37196	11.83245
	-71.37213	11.8324
	-71.37225	11.8324
	-71.37259	11.83243
	-71.37321	11.83218
	-71.37389	11.83196
	-71.37409	11.83185
	-71.37419	11.83182
	-71.37475	11.83178
	-71.37516	11.83184
	-71.37531	11.83184
	-71.37538	11.83186
	-71.37546	11.83183
	-71.37562	11.83186
	-71.37602	11.83183
	-71.37632	11.83186
	-71.37664	11.83175
	-71.3767	11.8317
	-71.37685	11.83166
	-71.37701	11.83167
	-71.3771	11.83175
	-71.37715	11.83176
	-71.3772	11.83175
	-71.37738	11.83189
	-71.3774	11.83194
	-71.37742	11.8321
	-71.37734	11.83218
	-71.37732	11.83224
	-71.37742	11.83229
	-71.37758	11.8323
	-71.37763	11.83234
	-71.37761	11.83239
	-71.37771	11.83242
	-71.37793	11.83243
	-71.37804	11.83245
	-71.37809	11.83249
	-71.3783	11.83249
	-71.37845	11.83255
	-71.37856	11.83257
	-71.37871	11.83264
	-71.37885	11.83274
	-71.37891	11.83271
	-71.37897	11.83271
	-71.37902	11.83273
	-71.37915	11.83284
	-71.37916	11.83294
	-71.37922	11.83296
	-71.37932	11.83298
	-71.37949	11.83297
	-71.37966	11.83299
	-71.37971	11.83298
	-71.37978	11.83289
	-71.37983	11.83286
	-71.37989	11.83284
	-71.37994	11.83288
	-71.37999	11.83288
	-71.37996	11.83277
	-71.37997	11.8327
	-71.38	11.83264
	-71.38014	11.83255
	-71.3802	11.83254
	-71.38038	11.83258
	-71.38046	11.83257
	-71.38049	11.83246
	-71.38049	11.83233
	-71.38045	11.83229
	-71.38046	11.83218
	-71.38059	11.83201
	-71.38064	11.83198
	-71.38067	11.83194
	-71.3807	11.83189
	-71.38073	11.83178
	-71.38096	11.83152
	-71.38098	11.83146
	-71.38109	11.83135
	-71.38113	11.83124
	-71.38126	11.83114
	-71.38151	11.83082
	-71.38155	11.83072
	-71.38159	11.83069
	-71.38169	11.83048
	-71.38174	11.83033
	-71.38175	11.83021
	-71.38177	11.83016
	-71.38181	11.83012
	-71.38183	11.8299
	-71.38187	11.82986
	-71.38193	11.82985
	-71.38208	11.82989
	-71.38221	11.82989
	-71.38232	11.82991
	-71.38247	11.82997
	-71.38258	11.82999
	-71.38269	11.82999
	-71.38294	11.83009
	-71.38318	11.83022
	-71.38335	11.83025
	-71.38345	11.83025
	-71.38354	11.83031
	-71.3837	11.83032
	-71.38399	11.83048
	-71.38404	11.83049
	-71.38409	11.83046
	-71.38415	11.83046
	-71.38427	11.83048
	-71.38442	11.83056
	-71.3846	11.83057
	-71.3847	11.83053
	-71.38481	11.83058
	-71.38492	11.83059
	-71.38506	11.83067
	-71.38514	11.83075
	-71.3853	11.83079
	-71.38556	11.83093
	-71.38569	11.83089
	-71.38574	11.83083
	-71.38581	11.83081
	-71.38596	11.83082
	-71.38603	11.83081
	-71.38607	11.83073
	-71.38613	11.83069
	-71.38629	11.83069
	-71.38635	11.83063
	-71.38639	11.83048
	-71.38647	11.83045
	-71.38663	11.8305
	-71.38673	11.83044
	-71.38674	11.83039
	-71.38682	11.83024
	-71.38681	11.83018
	-71.38672	11.83011
	-71.38665	11.83009
	-71.38659	11.83005
	-71.38657	11.83001
	-71.38657	11.82995
	-71.38662	11.82993
	-71.38667	11.82993
	-71.38683	11.82997
	-71.38689	11.82997
	-71.38694	11.82993
	-71.387	11.82984
	-71.387	11.82978
	-71.38698	11.82973
	-71.38697	11.82961
	-71.38694	11.82956
	-71.38688	11.82952
	-71.38677	11.82953
	-71.38657	11.82942
	-71.38649	11.82933
	-71.38643	11.82931
	-71.38626	11.82936
	-71.38607	11.82936
	-71.38585	11.82928
	-71.38568	11.82927
	-71.38563	11.82925
	-71.38559	11.82921
	-71.38557	11.82916
	-71.38559	11.8291
	-71.38562	11.82906
	-71.38571	11.829
	-71.38583	11.82881
	-71.38587	11.82877
	-71.38603	11.82876
	-71.38629	11.82865
	-71.38635	11.82864
	-71.38655	11.82871
	-71.38675	11.82874
	-71.38689	11.8288
	-71.38704	11.82876
	-71.3871	11.82871
	-71.38717	11.82868
	-71.38731	11.82873
	-71.38738	11.82872
	-71.38745	11.82869
	-71.38749	11.82862
	-71.38756	11.82857
	-71.38771	11.82853
	-71.3881	11.82848
	-71.3882	11.82844
	-71.38833	11.82815
	-71.38843	11.82771
	-71.38846	11.82742
	-71.38847	11.827
	-71.3884	11.82652
	-71.38842	11.82638
	-71.38847	11.82634
	-71.38852	11.82632
	-71.38868	11.82633
	-71.38909	11.82652
	-71.3893	11.82659
	-71.38935	11.82662
	-71.38946	11.82675
	-71.38955	11.82683
	-71.38957	11.82688
	-71.38969	11.82701
	-71.38974	11.82703
	-71.38983	11.8271
	-71.38989	11.82709
	-71.38991	11.82703
	-71.3899	11.82687
	-71.38985	11.82677
	-71.38983	11.82665
	-71.38974	11.82651
	-71.38957	11.82636
	-71.38912	11.82611
	-71.38898	11.82592
	-71.38892	11.82581
	-71.38881	11.82549
	-71.38881	11.82528
	-71.38889	11.82495
	-71.38889	11.82461
	-71.38878	11.82428
	-71.38879	11.82418
	-71.38885	11.82409
	-71.38895	11.82408
	-71.38905	11.82413
	-71.38917	11.82411
	-71.38914	11.824
	-71.38903	11.82396
	-71.38898	11.82386
	-71.38898	11.82374
	-71.38896	11.82363
	-71.38883	11.82381
	-71.3888	11.82392
	-71.38868	11.82395
	-71.38871	11.82351
	-71.38859	11.82243
	-71.3885	11.82144
	-71.38843	11.8211
	-71.38854	11.82083
	-71.38853	11.82037
	-71.38843	11.81931
	-71.38849	11.8186
	-71.3884	11.81777
	-71.38826	11.81712
	-71.38804	11.81647
	-71.38785	11.81607
	-71.38775	11.81575
	-71.38761	11.81555
	-71.38738	11.81515
	-71.38714	11.81489
	-71.38687	11.81469
	-71.38663	11.81428
	-71.38646	11.81413
	-71.38627	11.814
	-71.38593	11.81387
	-71.38581	11.81384
	-71.38558	11.81384
	-71.38547	11.81386
	-71.38512	11.81387
	-71.385	11.81385
	-71.38491	11.81378
	-71.38421	11.81379
	-71.38376	11.81369
	-71.38363	11.81369
	-71.3834	11.81373
	-71.38316	11.81373
	-71.38282	11.81368
	-71.38251	11.81354
	-71.38241	11.81351
	-71.38193	11.8135
	-71.38182	11.81352
	-71.3817	11.81352
	-71.38158	11.8135
	-71.38147	11.81346
	-71.38128	11.81333
	-71.38117	11.81331
	-71.38094	11.81333
	-71.38071	11.81326
	-71.38029	11.81309
	-71.37993	11.81304
	-71.37981	11.81304
	-71.37971	11.81306
	-71.37958	11.81304
	-71.37935	11.81297
	-71.37913	11.81287
	-71.37899	11.81284
	-71.37889	11.81279
	-71.37887	11.8127
	-71.37889	11.81252
	-71.37886	11.81246
	-71.37876	11.81234
	-71.37857	11.81225
	-71.3784	11.81224
	-71.37841	11.81213
	-71.37852	11.81214
	-71.37865	11.81212
	-71.38371	11.81046
	-71.64418	11.7342
	-71.78269	11.68684
	-71.90067	11.65983
	-71.97136	11.64627
	-71.97918	11.63203
	-72.24569	11.14522
	-72.24653	11.14462
	-72.2474	11.14369
	-72.24797	11.14289
	-72.24872	11.14168
	-72.24907	11.14076
	-72.24942	11.14019
	-72.24982	11.13978
	-72.25087	11.13972
	-72.25215	11.14023
	-72.25273	11.14063
	-72.25372	11.14074
	-72.25465	11.1408
	-72.25546	11.14051
	-72.25674	11.13987
	-72.25767	11.13918
	-72.25912	11.13848
	-72.26092	11.13836
	-72.26307	11.13818
	-72.26429	11.13818
	-72.26574	11.13829
	-72.26743	11.13862
	-72.26911	11.13867
	-72.27039	11.13838
	-72.27213	11.13832
	-72.27458	11.13877
	-72.27597	11.13899
	-72.2769	11.13916
	-72.27818	11.13967
	-72.27935	11.14041
	-72.28156	11.14092
	-72.28296	11.14137
	-72.284	11.14189
	-72.28529	11.14257
	-72.28663	11.1432
	-72.2879	11.14336
	-72.28912	11.14296
	-72.29081	11.14324
	-72.29232	11.14369
	-72.29448	11.1442
	-72.29593	11.14465
	-72.29744	11.14482
	-72.29913	11.14498
	-72.30029	11.14492
	-72.30163	11.14491
	-72.30267	11.14485
	-72.3043	11.14467
	-72.3061	11.14438
	-72.30819	11.1442
	-72.30976	11.14396
	-72.3136	11.14406
	-72.3154	11.14417
	-72.31697	11.14462
	-72.31784	11.14508
	-72.31895	11.1457
	-72.32087	11.14656
	-72.32221	11.14684
	-72.32337	11.14689
	-72.32477	11.14643
	-72.3261	11.14567
	-72.32697	11.14498
	-72.3283	11.14429
	-72.33144	11.14427
	-72.33289	11.14444
	-72.33412	11.14472
	-72.33476	11.14518
	-72.33424	11.14587
	-72.33354	11.14656
	-72.33308	11.14725
	-72.33326	11.14782
	-72.33413	11.14822
	-72.3357	11.1485
	-72.33692	11.14879
	-72.33873	11.14901
	-72.34099	11.1494
	-72.34222	11.1502
	-72.3428	11.15077
	-72.34391	11.15122
	-72.34472	11.15151
	-72.34589	11.15156
	-72.34676	11.15138
	-72.34931	11.15137
	-72.35007	11.15091
	-72.35291	11.14895
	-72.35453	11.14814
	-72.35592	11.14738
	-72.35702	11.14669
	-72.35801	11.1464
	-72.35865	11.14582
	-72.35899	11.14433
	-72.35997	11.14237
	-72.36095	11.14174
	-72.36252	11.14127
	-72.36385	11.14069
	-72.36507	11.13994
	-72.36582	11.13936
	-72.36687	11.13936
	-72.36792	11.13947
	-72.36861	11.13941
	-72.36948	11.13883
	-72.37018	11.13843
	-72.37122	11.13831
	-72.37239	11.13796
	-72.37308	11.1371
	-72.37372	11.1364
	-72.37447	11.13623
	-72.37557	11.13622
	-72.3768	11.13639
	-72.37796	11.13604
	-72.37952	11.13563
	-72.38028	11.13546
	-72.38144	11.13482
	-72.3826	11.13441
	-72.38417	11.13424
	-72.38684	11.13388
	-72.38759	11.13382
	-72.38841	11.13347
	-72.39003	11.13255
	-72.39206	11.13196
	-72.39328	11.13144
	-72.39421	11.13144
	-72.39485	11.13138
	-72.39659	11.13091
	-72.39717	11.13062
	-72.39914	11.13004
	-72.39995	11.12986
	-72.40135	11.12934
	-72.40256	11.1287
	-72.40378	11.12824
	-72.40518	11.12766
	-72.40633	11.12691
	-72.40726	11.12656
	-72.4079	11.12638
	-72.40866	11.12655
	-72.40918	11.12689
	-72.41028	11.1266
	-72.41092	11.12625
	-72.41179	11.12614
	-72.41319	11.12584
	-72.41406	11.12578
	-72.41557	11.12572
	-72.41685	11.12571
	-72.4176	11.12605
	-72.41853	11.12611
	-72.42016	11.1257
	-72.42091	11.12569
	-72.42225	11.1258
	-72.4233	11.1258
	-72.42452	11.12528
	-72.42504	11.12441
	-72.42502	11.12217
	-72.42543	11.12189
	-72.42619	11.12182
	-72.427	11.12199
	-72.42828	11.1225
	-72.42933	11.12238
	-72.43107	11.12146
	-72.43217	11.12082
	-72.43292	11.12007
	-72.4346	11.11869
	-72.4357	11.11771
	-72.4368	11.11661
	-72.43726	11.11586
	-72.43789	11.11529
	-72.43882	11.11528
	-72.43935	11.1158
	-72.43959	11.11723
	-72.44035	11.11878
	-72.44106	11.1209
	-72.44199	11.12198
	-72.44246	11.12324
	-72.44241	11.12445
	-72.44259	11.1256
	-72.44231	11.12663
	-72.44231	11.12732
	-72.44277	11.12743
	-72.44359	11.12766
	-72.4444	11.12708
	-72.44521	11.12645
	-72.44817	11.12511
	-72.44892	11.12488
	-72.45002	11.12407
	-72.45199	11.12222
	-72.45344	11.12141
	-72.45616	11.11957
	-72.45732	11.11795
	-72.45893	11.11582
	-72.45939	11.11479
	-72.46008	11.11369
	-72.46113	11.113
	-72.46217	11.11288
	-72.46502	11.11264
	-72.46583	11.112
	-72.46687	11.11131
	-72.46757	11.11096
	-72.46884	11.11004
	-72.4711	11.10848
	-72.47278	11.10704
	-72.47376	11.10605
	-72.47509	11.10502
	-72.47561	11.10455
	-72.477	11.10312
	-72.47736	11.10278
	-72.47786	11.10217
	-72.47837	11.10192
	-72.4793	11.10156
	-72.48041	11.10106
	-72.48145	11.10052
	-72.48324	11.09984
	-72.48417	11.09941
	-72.48467	11.09916
	-72.48571	11.09812
	-72.48622	11.09744
	-72.48665	11.0969
	-72.48718	11.09629
	-72.48751	11.09572
	-72.48808	11.09496
	-72.48847	11.09461
	-72.4888	11.09353
	-72.48912	11.09285
	-72.48923	11.09217
	-72.4893	11.09156
	-72.48941	11.09102
	-72.48962	11.09038
	-72.48991	11.08977
	-72.49041	11.08934
	-72.49048	11.08905
	-72.49113	11.08869
	-72.49177	11.0883
	-72.49235	11.08801
	-72.49253	11.08783
	-72.49385	11.08736
	-72.49486	11.08704
	-72.49532	11.08683
	-72.49604	11.08661
	-72.49649	11.08651
	-72.49672	11.08642
	-72.49691	11.08639
	-72.49722	11.08618
	-72.49744	11.08601
	-72.49764	11.08589
	-72.49826	11.08505
	-72.49821	11.08471
	-72.49817	11.08419
	-72.49805	11.08377
	-72.49778	11.08301
	-72.49735	11.08258
	-72.49653	11.08182
	-72.49613	11.08142
	-72.49564	11.08099
	-72.49555	11.08089
	-72.4944	11.08026
	-72.49396	11.08009
	-72.49328	11.07986
	-72.4921	11.07957
	-72.49126	11.07924
	-72.49086	11.07867
	-72.49042	11.07809
	-72.49011	11.07728
	-72.49009	11.076
	-72.48978	11.07487
	-72.48957	11.07443
	-72.48886	11.07308
	-72.48853	11.07211
	-72.48826	11.07122
	-72.48757	11.06999
	-72.48718	11.06889
	-72.48686	11.06812
	-72.48649	11.06731
	-72.48634	11.06622
	-72.48608	11.06392
	-72.48558	11.06248
	-72.48484	11.06154
	-72.48375	11.06099
	-72.48269	11.06085
	-72.482	11.06057
	-72.48156	11.06009
	-72.48152	11.05942
	-72.48163	11.05911
	-72.48186	11.05854
	-72.48241	11.05809
	-72.48333	11.05725
	-72.48543	11.05579
	-72.48585	11.05541
	-72.48692	11.05456
	-72.48729	11.05423
	-72.48761	11.054
	-72.48887	11.05277
	-72.48929	11.05244
	-72.48954	11.05219
	-72.48974	11.05205
	-72.49015	11.05156
	-72.49059	11.05098
	-72.49143	11.04979
	-72.49172	11.04943
	-72.4921	11.04902
	-72.49252	11.0486
	-72.49291	11.04814
	-72.49363	11.04703
	-72.49472	11.0459
	-72.4955	11.04519
	-72.49635	11.04437
	-72.49734	11.04336
	-72.49753	11.04306
	-72.49798	11.04244
	-72.49821	11.04192
	-72.49853	11.04129
	-72.49907	11.04082
	-72.49951	11.04063
	-72.50112	11.03987
	-72.50289	11.03987
	-72.50342	11.03951
	-72.50371	11.03915
	-72.50402	11.03883
	-72.50412	11.03869
	-72.50451	11.03838
	-72.50505	11.03792
	-72.50538	11.03731
	-72.5057	11.03678
	-72.50653	11.03563
	-72.50702	11.03509
	-72.50748	11.03424
	-72.50747	11.03352
	-72.50738	11.03285
	-72.50713	11.03206
	-72.50722	11.03124
	-72.50746	11.02865
	-72.50748	11.02722
	-72.50751	11.02651
	-72.50764	11.02558
	-72.50783	11.02446
	-72.50832	11.02337
	-72.5086	11.02299
	-72.50874	11.02276
	-72.50958	11.02231
	-72.51029	11.02205
	-72.51129	11.02185
	-72.51203	11.02178
	-72.51255	11.0214
	-72.51272	11.02124
	-72.51381	11.02069
	-72.51429	11.02052
	-72.51481	11.02036
	-72.51619	11.01976
	-72.51686	11.01943
	-72.5176	11.01912
	-72.51795	11.01848
	-72.51812	11.01812
	-72.51836	11.01738
	-72.51874	11.01595
	-72.51883	11.01553
	-72.51883	11.01498
	-72.5189	11.01455
	-72.5189	11.01436
	-72.51926	11.01367
	-72.51993	11.01329
	-72.52081	11.01329
	-72.52209	11.01355
	-72.52235	11.01355
	-72.52281	11.0136
	-72.52304	11.0136
	-72.52414	11.01329
	-72.52466	11.01307
	-72.52514	11.01267
	-72.5255	11.01227
	-72.52604	11.01188
	-72.5264	11.01105
	-72.52649	11.01074
	-72.52645	11.01005
	-72.52647	11.00941
	-72.52623	11.00889
	-72.526	11.00822
	-72.52521	11.00708
	-72.52421	11.00634
	-72.52345	11.00608
	-72.52214	11.00532
	-72.52157	11.0051
	-72.52083	11.00446
	-72.52005	11.00399
	-72.51909	11.00318
	-72.5186	11.00234
	-72.51845	11.00165
	-72.5189	11.00063
	-72.51933	11.00025
	-72.52059	10.99899
	-72.52109	10.99846
	-72.52157	10.99792
	-72.52197	10.99742
	-72.52228	10.99697
	-72.52281	10.99611
	-72.52338	10.99594
	-72.52354	10.99592
	-72.5244	10.99589
	-72.52473	10.99609
	-72.52504	10.9962
	-72.52578	10.99642
	-72.52626	10.99637
	-72.52659	10.99638
	-72.52713	10.99602
	-72.52738	10.99545
	-72.52782	10.99516
	-72.52846	10.99459
	-72.52936	10.99405
	-72.53012	10.99336
	-72.53091	10.9925
	-72.5317	10.99168
	-72.5326	10.99057
	-72.53342	10.98946
	-72.53429	10.98824
	-72.535	10.98745
	-72.53604	10.98566
	-72.53697	10.98376
	-72.53737	10.98273
	-72.53779	10.98173
	-72.53819	10.98058
	-72.53836	10.97951
	-72.53825	10.9788
	-72.53738	10.97741
	-72.53712	10.97666
	-72.53704	10.97573
	-72.53715	10.97491
	-72.53776	10.97409
	-72.53848	10.9734
	-72.53926	10.97183
	-72.53973	10.97083
	-72.54044	10.96965
	-72.54123	10.96822
	-72.5422	10.9666
	-72.5431	10.96528
	-72.54389	10.96399
	-72.54467	10.96288
	-72.54539	10.96152
	-72.54585	10.95995
	-72.54646	10.95852
	-72.54696	10.95723
	-72.54785	10.95569
	-72.54825	10.95472
	-72.54882	10.95394
	-72.54932	10.95315
	-72.55015	10.95214
	-72.55065	10.95093
	-72.55104	10.94975
	-72.55128	10.94807
	-72.55168	10.94667
	-72.55214	10.94585
	-72.55282	10.9451
	-72.55354	10.94438
	-72.55368	10.94374
	-72.55371	10.9426
	-72.55335	10.94174
	-72.55334	10.94099
	-72.55377	10.9402
	-72.55442	10.93952
	-72.55518	10.93898
	-72.55683	10.93801
	-72.5573	10.93754
	-72.55762	10.93715
	-72.55824	10.93654
	-72.55903	10.93572
	-72.56014	10.93453
	-72.56097	10.93353
	-72.56125	10.93267
	-72.56153	10.93128
	-72.56203	10.92999
	-72.56257	10.92899
	-72.56336	10.92795
	-72.5644	10.92709
	-72.5657	10.92619
	-72.56671	10.92561
	-72.56793	10.92503
	-72.56862	10.92496
	-72.56927	10.92481
	-72.56995	10.92445
	-72.57125	10.92331
	-72.57193	10.92266
	-72.57239	10.92194
	-72.57262	10.92097
	-72.57295	10.91981
	-72.57314	10.91861
	-72.574	10.91689
	-72.5752	10.9152
	-72.57652	10.91419
	-72.57776	10.91291
	-72.57934	10.91197
	-72.58081	10.91114
	-72.58337	10.91012
	-72.58454	10.9096
	-72.58713	10.90814
	-72.58802	10.90787
	-72.5882	10.90779
	-72.58919	10.90742
	-72.58963	10.90723
	-72.59003	10.907
	-72.59094	10.90641
	-72.59137	10.90616
	-72.59187	10.90592
	-72.59309	10.90541
	-72.59367	10.90511
	-72.5942	10.90475
	-72.5948	10.90427
	-72.59774	10.90173
	-72.59894	10.90061
	-72.59951	10.90014
	-72.60013	10.89973
	-72.60173	10.89894
	-72.60267	10.89837
	-72.60357	10.89776
	-72.60391	10.89749
	-72.60421	10.8972
	-72.60472	10.89665
	-72.60515	10.89609
	-72.60549	10.89554
	-72.60574	10.89499
	-72.60616	10.89386
	-72.60645	10.893
	-72.60663	10.8923
	-72.60687	10.8909
	-72.60708	10.8901
	-72.60732	10.8893
	-72.60745	10.88898
	-72.60759	10.88871
	-72.6079	10.88824
	-72.60836	10.8877
	-72.6088	10.88722
	-72.60997	10.88609
	-72.61035	10.88567
	-72.61066	10.8852
	-72.61118	10.88412
	-72.61144	10.88369
	-72.61207	10.88298
	-72.6124	10.8827
	-72.61252	10.88264
	-72.61263	10.88261
	-72.61287	10.8826
	-72.6132	10.88268
	-72.61352	10.88284
	-72.61374	10.88302
	-72.61407	10.88337
	-72.61453	10.88396
	-72.61488	10.88435
	-72.61531	10.88476
	-72.61576	10.88514
	-72.61632	10.88552
	-72.61784	10.88629
	-72.61867	10.88682
	-72.61897	10.88694
	-72.61934	10.88701
	-72.61978	10.88703
	-72.6204	10.88701
	-72.62092	10.88694
	-72.62194	10.88672
	-72.62254	10.88658
	-72.62402	10.88617
	-72.62616	10.88564
	-72.63006	10.88475
	-72.63094	10.8846
	-72.6315	10.88455
	-72.63213	10.88453
	-72.63395	10.88459
	-72.63603	10.88477
	-72.6373	10.88497
	-72.63783	10.88502
	-72.6381	10.88502
	-72.63838	10.88499
	-72.63905	10.88486
	-72.63964	10.88467
	-72.64017	10.88443
	-72.64052	10.88422
	-72.6414	10.88357
	-72.64214	10.88319
	-72.64367	10.88257
	-72.64495	10.88212
	-72.64629	10.88158
	-72.64667	10.8814
	-72.64705	10.88117
	-72.64746	10.88086
	-72.6487	10.87982
	-72.64897	10.87955
	-72.64921	10.87914
	-72.64939	10.8786
	-72.64946	10.87824
	-72.6495	10.87793
	-72.64953	10.87762
	-72.64952	10.87731
	-72.64947	10.87689
	-72.64935	10.87652
	-72.64904	10.8758
	-72.64864	10.87505
	-72.64856	10.87485
	-72.64852	10.87467
	-72.64849	10.87445
	-72.64848	10.87419
	-72.64849	10.87258
	-72.64852	10.87199
	-72.64856	10.87164
	-72.64863	10.87128
	-72.64886	10.87044
	-72.64943	10.86872
	-72.65008	10.86702
	-72.65072	10.8655
	-72.65128	10.86424
	-72.65224	10.86219
	-72.65263	10.86143
	-72.65288	10.86101
	-72.65313	10.86064
	-72.65342	10.86026
	-72.65436	10.85911
	-72.65504	10.85812
	-72.65526	10.85786
	-72.65552	10.85762
	-72.65584	10.85738
	-72.65624	10.85714
	-72.65679	10.85685
	-72.65771	10.85655
	-72.65791	10.85647
	-72.65808	10.85637
	-72.65839	10.85614
	-72.65856	10.85599
	-72.65868	10.85584
	-72.65874	10.85569
	-72.65877	10.85554
	-72.65876	10.85537
	-72.65867	10.85484
	-72.65859	10.85461
	-72.6583	10.85394
	-72.65817	10.85343
	-72.65807	10.85292
	-72.65801	10.85236
	-72.65799	10.85183
	-72.65801	10.85142
	-72.65807	10.85108
	-72.6582	10.85076
	-72.65862	10.85008
	-72.65876	10.84975
	-72.65885	10.84938
	-72.65897	10.84853
	-72.65911	10.8479
	-72.6593	10.84719
	-72.6595	10.84661
	-72.65987	10.84581
	-72.66156	10.84258
	-72.66205	10.84153
	-72.66253	10.84039
	-72.66313	10.83879
	-72.66329	10.8383
	-72.66338	10.83787
	-72.66341	10.83748
	-72.6634	10.83703
	-72.66334	10.83628
	-72.66326	10.83577
	-72.66315	10.83516
	-72.66298	10.83448
	-72.66286	10.83408
	-72.66242	10.83286
	-72.66211	10.83159
	-72.66206	10.83125
	-72.66204	10.83096
	-72.66207	10.8307
	-72.66215	10.83046
	-72.66254	10.82955
	-72.66269	10.82925
	-72.66288	10.82894
	-72.66314	10.82861
	-72.66397	10.8277
	-72.66506	10.82657
	-72.66597	10.82565
	-72.66752	10.82414
	-72.66844	10.82312
	-72.66864	10.82292
	-72.66884	10.82275
	-72.6693	10.82245
	-72.66983	10.82218
	-72.67042	10.82195
	-72.67107	10.82176
	-72.67156	10.82166
	-72.67194	10.82161
	-72.67296	10.82153
	-72.67384	10.82152
	-72.67407	10.82149
	-72.67427	10.82143
	-72.67445	10.82135
	-72.67464	10.82124
	-72.67501	10.82096
	-72.67529	10.82067
	-72.67555	10.82029
	-72.67585	10.81971
	-72.67605	10.8191
	-72.67628	10.81802
	-72.67632	10.81767
	-72.67633	10.81738
	-72.67631	10.81718
	-72.67627	10.817
	-72.67621	10.81684
	-72.67613	10.81669
	-72.67594	10.81645
	-72.67539	10.81586
	-72.675	10.81534
	-72.67482	10.81506
	-72.67461	10.81454
	-72.67454	10.81424
	-72.67449	10.81393
	-72.67446	10.81355
	-72.67446	10.81316
	-72.67456	10.81246
	-72.67458	10.81211
	-72.67457	10.812
	-72.67466	10.81123
	-72.67487	10.81061
	-72.67513	10.81027
	-72.67523	10.80952
	-72.67524	10.80811
	-72.67522	10.80738
	-72.6754	10.80656
	-72.67565	10.8059
	-72.6758	10.80542
	-72.67619	10.80475
	-72.67644	10.80419
	-72.6781	10.80257
	-72.67852	10.80206
	-72.67886	10.80157
	-72.67912	10.8011
	-72.67924	10.80083
	-72.67944	10.80021
	-72.67958	10.79993
	-72.67982	10.79953
	-72.68011	10.79916
	-72.68037	10.79889
	-72.68061	10.79868
	-72.68082	10.79855
	-72.68145	10.79825
	-72.68161	10.79813
	-72.68173	10.798
	-72.68185	10.79781
	-72.68209	10.79727
	-72.68246	10.79655
	-72.68261	10.79614
	-72.68266	10.79585
	-72.68266	10.7955
	-72.68256	10.79479
	-72.68248	10.79443
	-72.68238	10.79412
	-72.68225	10.79379
	-72.68164	10.79247
	-72.68141	10.79189
	-72.68087	10.79007
	-72.68059	10.78882
	-72.68044	10.78832
	-72.68033	10.78803
	-72.68018	10.7877
	-72.67894	10.78531
	-72.67842	10.78421
	-72.67827	10.78381
	-72.6782	10.78341
	-72.67819	10.78315
	-72.6782	10.78289
	-72.67829	10.78233
	-72.67844	10.78181
	-72.67854	10.78158
	-72.67866	10.78136
	-72.67889	10.78103
	-72.67916	10.78073
	-72.67964	10.78027
	-72.68028	10.77973
	-72.68051	10.7795
	-72.68073	10.77921
	-72.68092	10.77891
	-72.68108	10.77862
	-72.68119	10.77833
	-72.68131	10.77793
	-72.68146	10.77729
	-72.68154	10.77684
	-72.68158	10.77642
	-72.68159	10.77598
	-72.68157	10.77539
	-72.68146	10.77432
	-72.68147	10.77376
	-72.6815	10.77347
	-72.68154	10.77331
	-72.6816	10.77317
	-72.68196	10.77273
	-72.68209	10.77247
	-72.68234	10.77148
	-72.68268	10.77064
	-72.68277	10.77014
	-72.68277	10.76952
	-72.68266	10.76788
	-72.68253	10.76642
	-72.68248	10.7662
	-72.68244	10.76612
	-72.68237	10.76606
	-72.68217	10.76597
	-72.68153	10.76585
	-72.68081	10.76577
	-72.68034	10.76563
	-72.6802	10.76557
	-72.68009	10.76549
	-72.67997	10.76536
	-72.67987	10.76519
	-72.67979	10.765
	-72.67976	10.76483
	-72.67976	10.76466
	-72.67979	10.76445
	-72.67995	10.76397
	-72.68007	10.76376
	-72.68024	10.76353
	-72.68064	10.76305
	-72.68097	10.76271
	-72.68169	10.76204
	-72.68255	10.76137
	-72.68281	10.76119
	-72.68305	10.76105
	-72.68402	10.76069
	-72.6842	10.7606
	-72.68455	10.76037
	-72.68476	10.76026
	-72.68584	10.75986
	-72.68643	10.7596
	-72.68669	10.75946
	-72.68684	10.75936
	-72.68696	10.75925
	-72.68736	10.75877
	-72.68758	10.75854
	-72.68866	10.75758
	-72.68902	10.75731
	-72.68919	10.75723
	-72.68936	10.75718
	-72.68958	10.75713
	-72.68984	10.75711
	-72.6915	10.75709
	-72.69224	10.75714
	-72.69292	10.75725
	-72.69332	10.75736
	-72.69362	10.75748
	-72.69457	10.75806
	-72.69494	10.75824
	-72.69604	10.75867
	-72.69639	10.75876
	-72.69671	10.75882
	-72.69702	10.75883
	-72.69755	10.75882
	-72.69936	10.75859
	-72.69977	10.75857
	-72.70081	10.75858
	-72.70171	10.75847
	-72.702	10.75845
	-72.70248	10.75848
	-72.70352	10.75867
	-72.70393	10.7587
	-72.7042	10.75867
	-72.70457	10.75859
	-72.70486	10.75849
	-72.70518	10.75835
	-72.7069	10.75746
	-72.70822	10.75669
	-72.70872	10.75633
	-72.70918	10.75595
	-72.70953	10.75561
	-72.70985	10.75524
	-72.7102	10.75474
	-72.71056	10.75416
	-72.71084	10.75362
	-72.71109	10.75302
	-72.71134	10.75231
	-72.7115	10.75177
	-72.71231	10.74806
	-72.7128	10.7461
	-72.71303	10.74535
	-72.71353	10.74407
	-72.71372	10.7435
	-72.71386	10.74283
	-72.71412	10.74237
	-72.71449	10.74184
	-72.71516	10.7414
	-72.71657	10.74012
	-72.71686	10.73914
	-72.71677	10.73861
	-72.71641	10.73778
	-72.71547	10.73688
	-72.71424	10.73611
	-72.71425	10.73598
	-72.71409	10.73596
	-72.71354	10.73595
	-72.71338	10.73593
	-72.7133	10.73583
	-72.71328	10.7357
	-72.71338	10.73541
	-72.71341	10.73519
	-72.71339	10.73511
	-72.71331	10.73502
	-72.71308	10.73489
	-72.713	10.73461
	-72.71288	10.73437
	-72.71248	10.73395
	-72.71238	10.73382
	-72.71233	10.73371
	-72.71216	10.73345
	-72.71198	10.73301
	-72.71176	10.73266
	-72.71165	10.73253
	-72.71147	10.73241
	-72.71161	10.73208
	-72.71164	10.73188
	-72.71174	10.73162
	-72.71185	10.73141
	-72.71194	10.73107
	-72.71201	10.73087
	-72.71217	10.72996
	-72.71244	10.72925
	-72.71251	10.72899
	-72.71261	10.72877
	-72.71263	10.7285
	-72.71268	10.72832
	-72.71285	10.728
	-72.7129	10.72786
	-72.71295	10.72761
	-72.713	10.72675
	-72.71317	10.72616
	-72.71329	10.72588
	-72.7134	10.72567
	-72.71379	10.72514
	-72.71402	10.72474
	-72.71441	10.72387
	-72.7145	10.72363
	-72.7147	10.72299
	-72.7148	10.7224
	-72.71492	10.72189
	-72.71504	10.72095
	-72.71504	10.72084
	-72.71531	10.72013
	-72.7156	10.71952
	-72.71567	10.71934
	-72.71594	10.71888
	-72.71605	10.71856
	-72.71616	10.71835
	-72.71644	10.71794
	-72.71644	10.71761
	-72.71634	10.71689
	-72.71622	10.71622
	-72.71619	10.7161
	-72.71613	10.71598
	-72.71589	10.7157
	-72.71583	10.71561
	-72.7158	10.71533
	-72.71588	10.71519
	-72.71621	10.71493
	-72.71637	10.71472
	-72.71647	10.71452
	-72.7165	10.71433
	-72.7165	10.71404
	-72.71643	10.71374
	-72.71632	10.71339
	-72.71618	10.71307
	-72.71598	10.71249
	-72.71579	10.71176
	-72.71571	10.71153
	-72.71564	10.71141
	-72.71532	10.71105
	-72.71525	10.71095
	-72.71517	10.71082
	-72.71504	10.71047
	-72.71488	10.70988
	-72.71485	10.70953
	-72.71477	10.70905
	-72.71461	10.70853
	-72.71451	10.70828
	-72.71434	10.708
	-72.71426	10.70773
	-72.71424	10.70744
	-72.71428	10.70715
	-72.71428	10.70691
	-72.71424	10.7067
	-72.71419	10.70654
	-72.71403	10.70624
	-72.71381	10.70602
	-72.7137	10.70596
	-72.71327	10.70587
	-72.71314	10.70582
	-72.71278	10.7056
	-72.71229	10.70513
	-72.71198	10.70474
	-72.71172	10.70452
	-72.71122	10.70397
	-72.71117	10.70254
	-72.71212	10.70091
	-72.71454	10.69976
	-72.71753	10.69869
	-72.71988	10.69746
	-72.72223	10.69554
	-72.72428	10.69431
	-72.72585	10.69261
	-72.72672	10.69099
	-72.72704	10.68944
	-72.7276	10.68705
	-72.72815	10.68457
	-72.72926	10.68272
	-72.72997	10.68109
	-72.73005	10.67947
	-72.72999	10.67784
	-72.72976	10.67668
	-72.73	10.67529
	-72.73118	10.67413
	-72.73189	10.67305
	-72.73276	10.67127
	-72.73401	10.66981
	-72.73527	10.6678
	-72.73591	10.66649
	-72.73591	10.66525
	-72.73585	10.66293
	-72.7364	10.66022
	-72.73626	10.65844
	-72.73572	10.65696
	-72.7351	10.65533
	-72.73479	10.65409
	-72.73479	10.65278
	-72.73511	10.65146
	-72.73692	10.65008
	-72.73794	10.64938
	-72.73951	10.64877
	-72.74123	10.64793
	-72.7472	10.65233
	-72.7482	10.65211
	-72.74943	10.65111
	-72.74961	10.64505
	-72.74901	10.64046
	-72.75346	10.63419
	-72.76303	10.62437
	-72.76829	10.62248
	-72.7719	10.61938
	-72.77548	10.61796
	-72.78357	10.61551
	-72.78437	10.61163
	-72.78629	10.60871
	-72.7894	10.60532
	-72.79132	10.60157
	-72.79107	10.59787
	-72.79167	10.5955
	-72.79079	10.5907
	-72.79208	10.58737
	-72.79456	10.5849
	-72.80019	10.58318
	-72.80853	10.57851
	-72.81577	10.57269
	-72.82064	10.57021
	-72.8218	10.56616
	-72.82476	10.56406
	-72.82449	10.55843
	-72.82567	10.5549
	-72.82536	10.54999
	-72.82675	10.54745
	-72.83105	10.54529
	-72.83199	10.54436
	-72.8337	10.54079
	-72.83671	10.53856
	-72.8387	10.53835
	-72.84163	10.53901
	-72.84191	10.53705
	-72.83831	10.53159
	-72.83859	10.52764
	-72.83671	10.5237
	-72.83674	10.52201
	-72.83657	10.51998
	-72.83695	10.51628
	-72.83615	10.51285
	-72.83856	10.50969
	-72.84355	10.50732
	-72.84383	10.50434
	-72.84289	10.50121
	-72.84316	10.49798
	-72.84634	10.49352
	-72.84561	10.4858
	-72.84983	10.48326
	-72.85228	10.48106
	-72.85374	10.47862
	-72.85423	10.47419
	-72.85587	10.47347
	-72.85765	10.47402
	-72.86066	10.47186
	-72.86062	10.46712
	-72.86265	10.46355
	-72.86666	10.46125
	-72.87274	10.45874
	-72.87864	10.45531
	-72.88283	10.45517
	-72.88737	10.45232
	-72.89072	10.45308
	-72.8933	10.44666
	-72.89457	10.43381
	-72.8955	10.42791
	-72.89503	10.42674
	-72.89452	10.42516
	-72.89623	10.41981
	-72.89522	10.41105
	-72.89812	10.40665
	-72.89896	10.40222
	-72.89871	10.39968
	-72.89068	10.39666
	-72.88758	10.39271
	-72.88727	10.38766
	-72.88583	10.384
	-72.89102	10.37456
	-72.89263	10.36865
	-72.89479	10.36322
	-72.89936	10.36296
	-72.90089	10.36107
	-72.90664	10.35316
	-72.90757	10.3451
	-72.90662	10.33757
	-72.90476	10.33591
	-72.90497	10.33232
	-72.90615	10.32597
	-72.90561	10.32308
	-72.90439	10.32055
	-72.89888	10.31418
	-72.89744	10.3119
	-72.89871	10.30557
	-72.90061	10.29971
	-72.90161	10.29426
	-72.90353	10.28895
	-72.90574	10.28745
	-72.90597	10.28563
	-72.90465	10.28242
	-72.90452	10.28083
	-72.90391	10.2785
	-72.90481	10.27677
	-72.90588	10.27566
	-72.90649	10.27019
	-72.90728	10.26662
	-72.90669	10.26401
	-72.90663	10.26195
	-72.90621	10.26164
	-72.90529	10.25997
	-72.90353	10.25804
	-72.90381	10.25576
	-72.90269	10.25076
	-72.90155	10.24809
	-72.90175	10.24576
	-72.90328	10.24326
	-72.90314	10.24073
	-72.90325	10.23608
	-72.90208	10.2341
	-72.90202	10.23141
	-72.90412	10.22813
	-72.90378	10.22756
	-72.89906	10.22151
	-72.89728	10.21745
	-72.89876	10.21478
	-72.89904	10.21123
	-72.89962	10.20931
	-72.90119	10.20873
	-72.90602	10.20744
	-72.90901	10.20464
	-72.90935	10.20416
	-72.90937	10.20266
	-72.9089	10.19947
	-72.90937	10.1957
	-72.90722	10.18998
	-72.90834	10.18457
	-72.90806	10.17915
	-72.9082	10.17566
	-72.90917	10.17349
	-72.91116	10.17066
	-72.91166	10.16848
	-72.91457	10.16593
	-72.91748	10.16128
	-72.91753	10.15795
	-72.91864	10.15419
	-72.91848	10.15042
	-72.92012	10.14709
	-72.91943	10.14407
	-72.92091	10.13973
	-72.92158	10.13808
	-72.92091	10.13535
	-72.91945	10.1328
	-72.91892	10.12985
	-72.91504	10.12306
	-72.91342	10.11825
	-72.91163	10.11272
	-72.91194	10.11146
	-72.91325	10.11019
	-72.91945	10.10975
	-72.92202	10.10893
	-72.92169	10.10409
	-72.92585	10.09568
	-72.92392	10.09136
	-72.92716	10.091
	-72.9316	10.08798
	-72.93239	10.08679
	-72.93292	10.08404
	-72.93364	10.08336
	-72.93535	10.08201
	-72.93635	10.08212
	-72.94118	10.07995
	-72.94239	10.07733
	-72.94345	10.07417
	-72.94437	10.07156
	-72.94543	10.06999
	-72.94716	10.06983
	-72.94839	10.06917
	-72.94926	10.0682
	-72.95021	10.06655
	-72.95093	10.0662
	-72.95353	10.06644
	-72.95409	10.066
	-72.95454	10.06479
	-72.9543	10.06018
	-72.95444	10.05815
	-72.95507	10.05671
	-72.95678	10.0554
	-72.95793	10.05377
	-72.95715	10.05164
	-72.95545	10.04738
	-72.95324	10.04037
	-72.95284	10.03649
	-72.95337	10.03558
	-72.95295	10.03302
	-72.95206	10.03181
	-72.95216	10.02879
	-72.95281	10.02637
	-72.95502	10.02425
	-72.95678	10.02197
	-72.96287	10.01801
	-72.96325	10.01782
	-72.96275	10.01569
	-72.96113	10.01388
	-72.96175	10.01212
	-72.96158	10.01066
	-72.96095	10.00714
	-72.96219	10.00485
	-72.96429	10.00238
	-72.96427	10.0012
	-72.96636	9.99696
	-72.9666	9.996369
	-72.96748	9.995811
	-72.97054	9.995315
	-72.97506	9.992868
	-72.97585	9.988928
	-72.97575	9.987864
	-72.98192	9.976503
	-72.98277	9.976404
	-72.98473	9.971137
	-72.98489	9.970635
	-72.98418	9.969039
	-72.98031	9.964406
	-72.98035	9.959699
	-72.98423	9.95655
	-72.98646	9.953923
	-72.98709	9.951357
	-72.98845	9.948674
	-72.98865	9.948143
	-72.98795	9.946178
	-72.98853	9.942794
	-72.99175	9.938942
	-72.99239	9.935503
	-72.9934	9.933537
	-72.99521	9.930936
	-72.99904	9.923865
	-72.99864	9.921499
	-72.99739	9.91993
	-72.99622	9.918418
	-72.99356	9.915639
	-72.98677	9.91418
	-72.98605	9.91297
	-72.98572	9.910158
	-72.98434	9.908292
	-72.98595	9.9032
	-72.98851	9.899625
	-72.98821	9.897462
	-72.98521	9.894792
	-72.9826	9.892343
	-72.97898	9.891122
	-72.97778	9.890104
	-72.97747	9.888767
	-72.97842	9.887298
	-72.98045	9.886098
	-72.98245	9.885027
	-72.98493	9.883308
	-72.99015	9.88148
	-72.99404	9.87808
	-72.99334	9.876353
	-72.99312	9.87569
	-72.99281	9.875025
	-72.99149	9.873669
	-72.98739	9.873669
	-72.98252	9.872459
	-72.98135	9.870699
	-72.97875	9.869241
	-72.97147	9.868581
	-72.97097	9.866658
	-72.97057	9.862532
	-72.97099	9.854772
	-72.97004	9.853618
	-72.96803	9.853206
	-72.96407	9.853891
	-72.96062	9.852518
	-72.95809	9.850781
	-72.95579	9.850179
	-72.95211	9.849983
	-72.95033	9.849217
	-72.94936	9.848311
	-72.94767	9.846626
	-72.94512	9.840361
	-72.94544	9.837627
	-72.94619	9.836981
	-72.94716	9.836666
	-72.94884	9.836333
	-72.94997	9.835877
	-72.95058	9.834338
	-72.94996	9.8327
	-72.95002	9.830856
	-72.95088	9.830774
	-72.95189	9.830295
	-72.95334	9.829866
	-72.95504	9.8286
	-72.95546	9.827839
	-72.95608	9.826481
	-72.95622	9.823068
	-72.95705	9.821411
	-72.95781	9.821108
	-72.95987	9.820972
	-72.96225	9.818279
	-72.96555	9.81712
	-72.96638	9.815141
	-72.96717	9.814426
	-72.96883	9.813545
	-72.96988	9.812499
	-72.97102	9.81016
	-72.97159	9.808345
	-72.97295	9.805871
	-72.97524	9.803315
	-72.97879	9.798985
	-72.98001	9.798105
	-72.98352	9.796933
	-72.98504	9.795435
	-72.98714	9.793095
	-72.98899	9.790883
	-72.98985	9.788791
	-72.99342	9.78426
	-72.99424	9.782825
	-72.995	9.778535
	-72.99711	9.775507
	-72.99772	9.771378
	-72.99949	9.769384
	-73.00138	9.764992
	-73.00018	9.76045
	-72.99997	9.75867
	-73.00048	9.756611
	-73.00169	9.755384
	-73.00357	9.754164
	-73.00418	9.752632
	-73.00477	9.74869
	-73.00426	9.746823
	-73.00419	9.744488
	-73.00424	9.744466
	-73.00502	9.742706
	-73.00542	9.740967
	-73.00836	9.738626
	-73.00977	9.737397
	-73.01055	9.736075
	-73.01173	9.735201
	-73.01348	9.735949
	-73.01577	9.735055
	-73.01712	9.733729
	-73.01798	9.731717
	-73.01918	9.730488
	-73.01935	9.727891
	-73.01976	9.726661
	-73.0209	9.725438
	-73.02191	9.724715
	-73.02306	9.72432
	-73.02416	9.722777
	-73.02739	9.720194
	-73.02811	9.718193
	-73.02829	9.717133
	-73.02774	9.713817
	-73.03116	9.713841
	-73.03292	9.712797
	-73.03355	9.711714
	-73.03424	9.709876
	-73.03445	9.704288
	-73.03482	9.703698
	-73.03536	9.700876
	-73.04092	9.697656
	-73.04174	9.696176
	-73.04415	9.693979
	-73.04482	9.691952
	-73.04498	9.689906
	-73.04764	9.685832
	-73.05011	9.685236
	-73.052	9.683581
	-73.0523	9.683117
	-73.05482	9.678263
	-73.05483	9.67723
	-73.05477	9.676184
	-73.05512	9.671731
	-73.05697	9.667426
	-73.05803	9.663678
	-73.05937	9.662203
	-73.06096	9.657911
	-73.05967	9.654966
	-73.05842	9.650119
	-73.05922	9.650096
	-73.06004	9.648611
	-73.06141	9.647174
	-73.062	9.645921
	-73.06269	9.643011
	-73.06425	9.641793
	-73.06477	9.640309
	-73.06503	9.638279
	-73.06645	9.635784
	-73.07009	9.632123
	-73.07113	9.629905
	-73.07418	9.627039
	-73.07444	9.625403
	-73.07753	9.615
	-73.07773	9.614056
	-73.07853	9.61227
	-73.07874	9.610809
	-73.07771	9.609695
	-73.07444	9.607283
	-73.07327	9.605153
	-73.07373	9.6018
	-73.07564	9.596312
	-73.07765	9.591868
	-73.07823	9.588774
	-73.08124	9.586478
	-73.08152	9.585805
	-73.08213	9.580559
	-73.08186	9.578366
	-73.08245	9.575938
	-73.08326	9.573882
	-73.08542	9.571424
	-73.08662	9.567527
	-73.08653	9.564767
	-73.08495	9.558481
	-73.08519	9.556277
	-73.08564	9.556029
	-73.0904	9.555964
	-73.09241	9.55669
	-73.10316	9.556626
	-73.10579	9.554824
	-73.10855	9.554096
	-73.10914	9.55347
	-73.11082	9.553345
	-73.11657	9.553401
	-73.1188	9.553934
	-73.1217	9.554027
	-73.12366	9.554928
	-73.12697	9.554746
	-73.12805	9.5544
	-73.13172	9.550802
	-73.13256	9.550533
	-73.13667	9.550467
	-73.13772	9.547671
	-73.13969	9.546093
	-73.14094	9.543999
	-73.14428	9.542985
	-73.14524	9.541245
	-73.14574	9.5382
	-73.1463	9.537475
	-73.14721	9.536898
	-73.1482	9.536834
	-73.14945	9.536041
	-73.14965	9.535973
	-73.15242	9.529238
	-73.15557	9.52367
	-73.15632	9.521364
	-73.15942	9.518108
	-73.16115	9.517253
	-73.16377	9.517227
	-73.16583	9.511053
	-73.16883	9.508242
	-73.16985	9.507016
	-73.17356	9.504356
	-73.17451	9.504139
	-73.17678	9.500401
	-73.17577	9.495076
	-73.17474	9.49377
	-73.17427	9.491964
	-73.17249	9.490008
	-73.17218	9.486433
	-73.17238	9.481648
	-73.17202	9.480631
	-73.17344	9.479356
	-73.17494	9.477703
	-73.17686	9.477875
	-73.17965	9.477094
	-73.18353	9.477069
	-73.18435	9.476079
	-73.18598	9.475066
	-73.19059	9.475064
	-73.191	9.47518
	-73.19167	9.475673
	-73.1965	9.47576
	-73.19744	9.475296
	-73.19897	9.473701
	-73.19959	9.472469
	-73.20064	9.470792
	-73.20258	9.469785
	-73.20326	9.469263
	-73.20349	9.467523
	-73.20156	9.463642
	-73.19991	9.461925
	-73.19365	9.457079
	-73.18962	9.449245
	-73.189	9.446312
	-73.18926	9.445538
	-73.18976	9.444725
	-73.19262	9.44302
	-73.19361	9.442347
	-73.19408	9.4411
	-73.19464	9.440432
	-73.19697	9.439098
	-73.1988	9.43756
	-73.19958	9.436575
	-73.20146	9.430945
	-73.20205	9.430309
	-73.20496	9.428917
	-73.20541	9.428279
	-73.20552	9.42706
	-73.20573	9.425204
	-73.2063	9.423824
	-73.20729	9.422825
	-73.21002	9.422373
	-73.21491	9.423994
	-73.22001	9.424703
	-73.22103	9.423945
	-73.22146	9.42065
	-73.22286	9.418907
	-73.22346	9.417488
	-73.22719	9.414331
	-73.22897	9.41182
	-73.23137	9.410149
	-73.23193	9.409017
	-73.23269	9.408292
	-73.23606	9.407298
	-73.23971	9.40429
	-73.24089	9.402898
	-73.24183	9.399132
	-73.24169	9.395035
	-73.24118	9.393021
	-73.24166	9.390916
	-73.24302	9.38783
	-73.24413	9.3852
	-73.24504	9.383895
	-73.24575	9.382444
	-73.24598	9.380878
	-73.24669	9.379717
	-73.24775	9.379311
	-73.24907	9.377919
	-73.25044	9.377623
	-73.25313	9.376259
	-73.25413	9.376143
	-73.2559	9.376607
	-73.25734	9.376056
	-73.25784	9.373771
	-73.25852	9.372266
	-73.26113	9.370273
	-73.26245	9.360999
	-73.26292	9.360099
	-73.26307	9.359142
	-73.26289	9.358322
	-73.26268	9.356941
	-73.26165	9.353016
	-73.26125	9.35215
	-73.2591	9.34539
	-73.25931	9.344809
	-73.26038	9.343445
	-73.26119	9.340877
	-73.26193	9.334364
	-73.2656	9.326704
	-73.26833	9.324905
	-73.27051	9.322642
	-73.27342	9.321191
	-73.27482	9.322165
	-73.2788	9.323948
	-73.28006	9.323073
	-73.28408	9.322128
	-73.28468	9.319247
	-73.2883	9.314778
	-73.28782	9.312911
	-73.28804	9.309639
	-73.29036	9.306683
	-73.2893	9.302678
	-73.28934	9.301332
	-73.28977	9.300299
	-73.29265	9.298355
	-73.29334	9.296701
	-73.29342	9.293044
	-73.29253	9.290781
	-73.29256	9.290114
	-73.29421	9.28846
	-73.29672	9.285753
	-73.29764	9.282335
	-73.29783	9.279841
	-73.29674	9.279376
	-73.29632	9.278106
	-73.29624	9.276533
	-73.29871	9.271711
	-73.29903	9.270235
	-73.29897	9.267739
	-73.29981	9.266045
	-73.30259	9.266463
	-73.3042	9.266093
	-73.30703	9.262951
	-73.30796	9.260213
	-73.30901	9.2587
	-73.31071	9.256044
	-73.31196	9.252999
	-73.31259	9.251923
	-73.3143	9.251084
	-73.31568	9.24967
	-73.31656	9.24818
	-73.31682	9.243187
	-73.31938	9.240583
	-73.32012	9.238442
	-73.32089	9.237117
	-73.3222	9.232124
	-73.32625	9.2293
	-73.32814	9.225763
	-73.32906	9.221454
	-73.33016	9.219459
	-73.33103	9.216919
	-73.33375	9.213054
	-73.33838	9.214708
	-73.34116	9.214792
	-73.34505	9.21647
	-73.34763	9.216853
	-73.34865	9.217335
	-73.34986	9.217434
	-73.35077	9.217387
	-73.35232	9.217343
	-73.35296	9.21753
	-73.35256	9.217396
	-73.35224	9.217224
	-73.35182	9.21692
	-73.35131	9.216719
	-73.35074	9.216267
	-73.3505	9.215992
	-73.35016	9.215338
	-73.34993	9.214674
	-73.34946	9.213438
	-73.34928	9.213083
	-73.34912	9.212817
	-73.34884	9.212118
	-73.3485	9.211792
	-73.34778	9.211493
	-73.34705	9.211293
	-73.34725	9.210958
	-73.34717	9.210499
	-73.34693	9.21016
	-73.34693	9.209948
	-73.34714	9.209444
	-73.34734	9.20886
	-73.34732	9.208585
	-73.34684	9.207724
	-73.34659	9.207083
	-73.34651	9.206716
	-73.34648	9.206493
	-73.34649	9.206184
	-73.34648	9.205725
	-73.34652	9.205342
	-73.34674	9.204706
	-73.34684	9.204516
	-73.3473	9.203818
	-73.34768	9.203382
	-73.34795	9.203165
	-73.34824	9.202976
	-73.34851	9.202454
	-73.34907	9.201556
	-73.34958	9.200111
	-73.34989	9.199598
	-73.34988	9.199134
	-73.34984	9.198887
	-73.34976	9.198683
	-73.34971	9.198401
	-73.34963	9.197746
	-73.34963	9.196635
	-73.34969	9.196229
	-73.34969	9.195704
	-73.34974	9.195303
	-73.34991	9.194869
	-73.35008	9.194525
	-73.35015	9.194209
	-73.35025	9.194018
	-73.35039	9.193815
	-73.35054	9.193544
	-73.35058	9.19324
	-73.35071	9.192884
	-73.3508	9.192579
	-73.3508	9.192213
	-73.35083	9.19179
	-73.35082	9.191446
	-73.35086	9.19109
	-73.35107	9.190397
	-73.35108	9.190165
	-73.35128	9.189782
	-73.35132	9.189483
	-73.35144	9.18911
	-73.35143	9.188778
	-73.35148	9.188467
	-73.35129	9.187846
	-73.35114	9.187452
	-73.35092	9.186999
	-73.35069	9.186452
	-73.35029	9.186136
	-73.34957	9.185757
	-73.34908	9.185422
	-73.34883	9.185298
	-73.3486	9.185027
	-73.34834	9.184502
	-73.34816	9.183921
	-73.34804	9.183057
	-73.34803	9.182634
	-73.34809	9.182019
	-73.34809	9.181861
	-73.34805	9.18167
	-73.34795	9.181393
	-73.34787	9.181042
	-73.34779	9.180072
	-73.3477	9.179671
	-73.34776	9.179243
	-73.34791	9.178729
	-73.34822	9.178448
	-73.34871	9.178082
	-73.34903	9.177681
	-73.34903	9.177264
	-73.34883	9.17693
	-73.34809	9.175479
	-73.34794	9.175062
	-73.34783	9.17469
	-73.34766	9.1743
	-73.34757	9.173939
	-73.34744	9.173605
	-73.34726	9.173405
	-73.34707	9.173376
	-73.34654	9.173371
	-73.34609	9.173217
	-73.34597	9.173052
	-73.34385	9.172696
	-73.34354	9.172695
	-73.34299	9.172721
	-73.34234	9.172806
	-73.34196	9.172885
	-73.34041	9.173309
	-73.34002	9.173385
	-73.33948	9.173447
	-73.33894	9.173459
	-73.33829	9.173412
	-73.33778	9.173333
	-73.33726	9.173226
	-73.33671	9.173086
	-73.3353	9.172668
	-73.33428	9.172323
	-73.33361	9.172048
	-73.33183	9.171208
	-73.33004	9.170415
	-73.3296	9.170263
	-73.3291	9.170119
	-73.32794	9.169858
	-73.32743	9.169763
	-73.32677	9.169678
	-73.32644	9.169657
	-73.32596	9.169654
	-73.32536	9.169688
	-73.32496	9.169728
	-73.32402	9.169855
	-73.32264	9.170069
	-73.32218	9.170122
	-73.32185	9.17014
	-73.32137	9.170131
	-73.32092	9.170083
	-73.32047	9.169998
	-73.32015	9.169914
	-73.3195	9.1697
	-73.31826	9.169227
	-73.31781	9.169071
	-73.31736	9.168945
	-73.31684	9.168853
	-73.31661	9.168833
	-73.3163	9.168827
	-73.31584	9.168864
	-73.3155	9.168924
	-73.31516	9.169007
	-73.31469	9.169157
	-73.31309	9.169765
	-73.31234	9.170013
	-73.31171	9.170187
	-73.31075	9.170418
	-73.30968	9.170637
	-73.30856	9.17082
	-73.30766	9.170919
	-73.30726	9.170943
	-73.30617	9.170964
	-73.30542	9.171012
	-73.30374	9.171223
	-73.30271	9.171293
	-73.30207	9.171292
	-73.30156	9.171264
	-73.30068	9.171156
	-73.30016	9.171053
	-73.29959	9.170915
	-73.29903	9.170756
	-73.29826	9.170516
	-73.29652	9.169927
	-73.29578	9.169649
	-73.2938	9.168703
	-73.29274	9.16824
	-73.29086	9.167354
	-73.28941	9.166701
	-73.28885	9.166421
	-73.28764	9.165774
	-73.28723	9.16557
	-73.28634	9.165163
	-73.28474	9.164479
	-73.28141	9.163138
	-73.28087	9.16296
	-73.28042	9.162854
	-73.28002	9.162796
	-73.2796	9.162773
	-73.27918	9.162781
	-73.27871	9.162823
	-73.2782	9.162904
	-73.27747	9.163078
	-73.27718	9.163388
	-73.27692	9.163733
	-73.27671	9.164112
	-73.27638	9.16462
	-73.27602	9.164896
	-73.27577	9.164827
	-73.27551	9.164646
	-73.27456	9.164094
	-73.27409	9.163991
	-73.27378	9.164258
	-73.2735	9.164611
	-73.2733	9.164706
	-73.27298	9.164672
	-73.27266	9.164517
	-73.27241	9.164301
	-73.27206	9.163801
	-73.27184	9.163552
	-73.27157	9.163448
	-73.2713	9.163526
	-73.27113	9.163793
	-73.2705	9.164163
	-73.27019	9.164284
	-73.26951	9.164224
	-73.26905	9.16412
	-73.2687	9.163888
	-73.26856	9.163698
	-73.26838	9.163517
	-73.26801	9.163474
	-73.26784	9.163638
	-73.26774	9.163931
	-73.2676	9.164198
	-73.26704	9.164413
	-73.26684	9.164362
	-73.2667	9.164198
	-73.26658	9.163922
	-73.26633	9.163621
	-73.26602	9.163371
	-73.2655	9.163371
	-73.26505	9.163215
	-73.26461	9.162707
	-73.26422	9.162302
	-73.26399	9.16169
	-73.26372	9.161302
	-73.26329	9.16113
	-73.26255	9.16113
	-73.26237	9.161242
	-73.26205	9.161208
	-73.26156	9.161397
	-73.26079	9.162061
	-73.26041	9.162293
	-73.2594	9.162604
	-73.25868	9.162742
	-73.25712	9.162578
	-73.25685	9.162466
	-73.25671	9.16219
	-73.25672	9.161699
	-73.25668	9.161233
	-73.25649	9.160941
	-73.25624	9.160742
	-73.25588	9.160535
	-73.25563	9.16032
	-73.25529	9.160286
	-73.25499	9.160406
	-73.25456	9.16082
	-73.254	9.161613
	-73.25355	9.162569
	-73.25327	9.163069
	-73.25303	9.163353
	-73.25272	9.163379
	-73.25246	9.163224
	-73.25217	9.162836
	-73.25221	9.1625
	-73.25234	9.162173
	-73.25257	9.161888
	-73.2529	9.161621
	-73.25307	9.161302
	-73.25295	9.159682
	-73.25282	9.159217
	-73.25264	9.158872
	-73.25242	9.158519
	-73.25222	9.158321
	-73.25164	9.1582
	-73.25116	9.158269
	-73.25066	9.158174
	-73.25015	9.158209
	-73.24947	9.158752
	-73.24914	9.158915
	-73.24869	9.159174
	-73.24783	9.159596
	-73.24767	9.15988
	-73.24741	9.160475
	-73.24732	9.160872
	-73.24709	9.161156
	-73.24686	9.161311
	-73.24661	9.161414
	-73.2464	9.161587
	-73.24594	9.162259
	-73.2456	9.162966
	-73.24521	9.163491
	-73.24507	9.163853
	-73.24506	9.16412
	-73.24514	9.164344
	-73.24524	9.164534
	-73.24521	9.164741
	-73.24502	9.16493
	-73.24478	9.164982
	-73.24455	9.16512
	-73.24428	9.165335
	-73.24404	9.16562
	-73.24366	9.166395
	-73.24352	9.166628
	-73.2433	9.166775
	-73.24296	9.166895
	-73.24268	9.16693
	-73.24246	9.167136
	-73.24207	9.167223
	-73.2419	9.167154
	-73.24185	9.166964
	-73.24171	9.166809
	-73.24164	9.166464
	-73.24178	9.165835
	-73.2418	9.165404
	-73.24168	9.165215
	-73.24143	9.165154
	-73.24117	9.165284
	-73.24092	9.165473
	-73.24072	9.165775
	-73.24051	9.166008
	-73.24024	9.166102
	-73.23996	9.166094
	-73.23974	9.165999
	-73.23951	9.165792
	-73.23933	9.165835
	-73.23913	9.16618
	-73.23905	9.166438
	-73.2391	9.166835
	-73.23925	9.167102
	-73.23946	9.167335
	-73.23959	9.167654
	-73.23948	9.167981
	-73.23929	9.168162
	-73.23863	9.1683
	-73.23822	9.168446
	-73.23798	9.168782
	-73.23808	9.16948
	-73.23799	9.169868
	-73.2378	9.17029
	-73.23676	9.170988
	-73.23619	9.171428
	-73.23597	9.171635
	-73.23587	9.171919
	-73.23587	9.172376
	-73.23585	9.172626
	-73.23568	9.172962
	-73.23528	9.173212
	-73.23497	9.173505
	-73.23459	9.173711
	-73.23416	9.173823
	-73.23337	9.174194
	-73.23293	9.17447
	-73.23224	9.174746
	-73.23201	9.174969
	-73.23164	9.175013
	-73.23109	9.174961
	-73.23082	9.175013
	-73.23059	9.175245
	-73.23041	9.175323
	-73.23	9.175392
	-73.22969	9.175486
	-73.22948	9.175607
	-73.22914	9.175642
	-73.22871	9.175624
	-73.22834	9.175573
	-73.22811	9.175323
	-73.22778	9.175168
	-73.22741	9.175159
	-73.22701	9.17534
	-73.2266	9.175194
	-73.2264	9.174995
	-73.22613	9.174909
	-73.22564	9.174978
	-73.22517	9.175099
	-73.22486	9.175211
	-73.22465	9.175383
	-73.22443	9.175874
	-73.22423	9.176202
	-73.22386	9.176521
	-73.22357	9.17696
	-73.22305	9.177486
	-73.22267	9.178468
	-73.22258	9.179054
	-73.22243	9.179201
	-73.22216	9.179201
	-73.22192	9.179149
	-73.22139	9.17889
	-73.22094	9.178778
	-73.22048	9.178778
	-73.22023	9.178925
	-73.22008	9.179201
	-73.21974	9.179545
	-73.21956	9.180105
	-73.21926	9.180416
	-73.21899	9.180493
	-73.21866	9.180485
	-73.21833	9.180372
	-73.21808	9.180105
	-73.21784	9.179787
	-73.2176	9.179649
	-73.21713	9.179519
	-73.2166	9.179571
	-73.21574	9.179795
	-73.215	9.180071
	-73.21472	9.180252
	-73.21444	9.180562
	-73.21427	9.18132
	-73.21416	9.182199
	-73.21431	9.183009
	-73.21419	9.183337
	-73.21399	9.183518
	-73.21378	9.183647
	-73.21366	9.183578
	-73.21349	9.183319
	-73.21344	9.182828
	-73.2133	9.182441
	-73.2133	9.182018
	-73.21308	9.181381
	-73.21291	9.181131
	-73.21271	9.180958
	-73.21247	9.180855
	-73.21214	9.180855
	-73.21169	9.180665
	-73.21122	9.180372
	-73.21085	9.180226
	-73.21012	9.180355
	-73.20998	9.180304
	-73.20985	9.180166
	-73.2097	9.179933
	-73.20964	9.17964
	-73.20975	9.179097
	-73.20991	9.178606
	-73.2099	9.178313
	-73.2098	9.178141
	-73.20966	9.17802
	-73.20934	9.178054
	-73.20907	9.178158
	-73.20879	9.178141
	-73.20859	9.178149
	-73.20815	9.178477
	-73.20782	9.17846
	-73.20747	9.178537
	-73.20717	9.17864
	-73.20703	9.178804
	-73.20704	9.179037
	-73.20712	9.179364
	-73.20724	9.1797
	-73.20771	9.180553
	-73.20783	9.180889
	-73.20779	9.181148
	-73.20759	9.181234
	-73.20731	9.181217
	-73.20703	9.181148
	-73.2067	9.181036
	-73.20648	9.180889
	-73.20614	9.18076
	-73.20564	9.180769
	-73.20528	9.180553
	-73.20499	9.18026
	-73.20476	9.179855
	-73.20451	9.179347
	-73.20444	9.178942
	-73.2045	9.178649
	-73.20463	9.178416
	-73.20494	9.178072
	-73.20502	9.177787
	-73.205	9.177494
	-73.20484	9.177288
	-73.20459	9.177193
	-73.20421	9.177176
	-73.20389	9.177357
	-73.20374	9.17746
	-73.20364	9.177667
	-73.2036	9.177934
	-73.20363	9.178382
	-73.20352	9.179011
	-73.20347	9.179743
	-73.20339	9.179993
	-73.20322	9.18014
	-73.20293	9.180174
	-73.20271	9.180114
	-73.20247	9.179933
	-73.2023	9.179761
	-73.20217	9.179511
	-73.20211	9.179218
	-73.20209	9.178933
	-73.20201	9.178804
	-73.20176	9.178778
	-73.2016	9.17889
	-73.2014	9.178882
	-73.20123	9.178727
	-73.20114	9.17852
	-73.20098	9.178304
	-73.20082	9.17827
	-73.2006	9.178373
	-73.20012	9.178528
	-73.1998	9.178563
	-73.19947	9.178528
	-73.19921	9.178434
	-73.19876	9.178218
	-73.19851	9.178304
	-73.1983	9.178597
	-73.19811	9.178572
	-73.19792	9.178408
	-73.19776	9.178192
	-73.1976	9.177865
	-73.19754	9.177589
	-73.19749	9.177434
	-73.19738	9.177399
	-73.19721	9.177451
	-73.19667	9.177701
	-73.19645	9.177762
	-73.19623	9.17777
	-73.19596	9.177718
	-73.19575	9.177563
	-73.19563	9.17727
	-73.19557	9.177029
	-73.19537	9.176779
	-73.19474	9.176357
	-73.19444	9.176012
	-73.19407	9.175194
	-73.19379	9.174823
	-73.19317	9.174513
	-73.19294	9.174435
	-73.19263	9.17447
	-73.19231	9.174651
	-73.19218	9.174987
	-73.19198	9.175194
	-73.19152	9.175314
	-73.19117	9.175573
	-73.19067	9.175685
	-73.19025	9.175745
	-73.18995	9.175564
	-73.18954	9.17553
	-73.18922	9.175711
	-73.18874	9.176073
	-73.188	9.176305
	-73.18769	9.176262
	-73.18736	9.176322
	-73.18712	9.176202
	-73.18698	9.175961
	-73.18694	9.175642
	-73.18674	9.175486
	-73.18646	9.175375
	-73.18611	9.175418
	-73.18548	9.175254
	-73.185	9.17534
	-73.18446	9.175719
	-73.18411	9.175917
	-73.18386	9.175952
	-73.18349	9.175943
	-73.18313	9.17621
	-73.18204	9.17615
	-73.1818	9.176297
	-73.18167	9.176546
	-73.18156	9.176822
	-73.18128	9.177081
	-73.18075	9.177176
	-73.18021	9.177132
	-73.17897	9.176934
	-73.17834	9.176857
	-73.17771	9.176684
	-73.17736	9.176779
	-73.17694	9.176969
	-73.17658	9.177167
	-73.17621	9.177529
	-73.17578	9.177882
	-73.17526	9.178528
	-73.17482	9.178735
	-73.17434	9.179071
	-73.17361	9.179425
	-73.17303	9.179562
	-73.17249	9.179718
	-73.17221	9.180002
	-73.17215	9.180295
	-73.17224	9.180795
	-73.17236	9.181303
	-73.17235	9.181872
	-73.17223	9.182492
	-73.17204	9.182897
	-73.17179	9.183147
	-73.1715	9.183337
	-73.17106	9.183457
	-73.17073	9.18344
	-73.17038	9.183371
	-73.17015	9.1835
	-73.16988	9.183879
	-73.16926	9.184285
	-73.16894	9.184612
	-73.16872	9.18506
	-73.16843	9.185448
	-73.16832	9.185999
	-73.16831	9.186387
	-73.16812	9.186758
	-73.16793	9.186861
	-73.1677	9.186801
	-73.1675	9.186594
	-73.16731	9.186266
	-73.16715	9.186137
	-73.16684	9.186284
	-73.16663	9.186499
	-73.16647	9.186723
	-73.16601	9.18755
	-73.16576	9.187955
	-73.16367	9.190489
	-73.16325	9.191126
	-73.16265	9.192281
	-73.16251	9.192479
	-73.16227	9.192565
	-73.16203	9.192505
	-73.16181	9.192376
	-73.16159	9.192134
	-73.16136	9.19154
	-73.16117	9.191411
	-73.16094	9.191359
	-73.16059	9.191342
	-73.15998	9.191204
	-73.15962	9.191247
	-73.15931	9.191505
	-73.15911	9.191574
	-73.15885	9.191548
	-73.15846	9.191368
	-73.15832	9.191393
	-73.15815	9.191488
	-73.15789	9.191523
	-73.15767	9.191574
	-73.15757	9.191729
	-73.15757	9.191971
	-73.15764	9.192212
	-73.15776	9.192376
	-73.15819	9.192608
	-73.15862	9.192884
	-73.15878	9.193048
	-73.15883	9.193306
	-73.15881	9.193686
	-73.15886	9.194013
	-73.15879	9.194323
	-73.15857	9.194728
	-73.1584	9.194875
	-73.15777	9.195107
	-73.15711	9.195133
	-73.15658	9.195116
	-73.1563	9.195159
	-73.15596	9.19546
	-73.1557	9.195642
	-73.15526	9.195822
	-73.15509	9.195986
	-73.15496	9.196383
	-73.15468	9.196589
	-73.15456	9.19696
	-73.15434	9.197313
	-73.15391	9.19777
	-73.15372	9.198132
	-73.15325	9.198735
	-73.15293	9.19889
	-73.15263	9.198907
	-73.1523	9.198864
	-73.15179	9.198907
	-73.15155	9.198985
	-73.15098	9.199079
	-73.15066	9.199252
	-73.15045	9.199398
	-73.15029	9.199631
	-73.15018	9.199967
	-73.15019	9.200786
	-73.15024	9.201113
	-73.15037	9.201311
	-73.1511	9.201621
	-73.15171	9.201716
	-73.15195	9.202035
	-73.15207	9.202518
	-73.15206	9.202914
	-73.15226	9.203405
	-73.15254	9.203939
	-73.15285	9.205146
	-73.15299	9.206059
	-73.15309	9.207662
	-73.1531	9.208411
	-73.15318	9.20941
	-73.15314	9.210007
	-73.15295	9.210202
	-73.15269	9.210253
	-73.15223	9.210312
	-73.15164	9.210019
	-73.15081	9.209858
	-73.15034	9.209719
	-73.14964	9.209386
	-73.14878	9.209313
	-73.14824	9.209479
	-73.1479	9.210007
	-73.14778	9.210373
	-73.14769	9.210972
	-73.14763	9.211629
	-73.14757	9.211854
	-73.1474	9.211993
	-73.14709	9.21207
	-73.14635	9.211713
	-73.14617	9.211518
	-73.14536	9.211323
	-73.14498	9.211173
	-73.14451	9.211305
	-73.14445	9.211457
	-73.14448	9.211807
	-73.1447	9.212225
	-73.14467	9.212697
	-73.14425	9.213297
	-73.14349	9.213492
	-73.14296	9.213377
	-73.14246	9.213053
	-73.14217	9.212798
	-73.14184	9.212844
	-73.14137	9.213139
	-73.14081	9.213787
	-73.14057	9.214174
	-73.14041	9.214599
	-73.14044	9.21508
	-73.14053	9.215465
	-73.14028	9.215728
	-73.13978	9.215759
	-73.13925	9.215396
	-73.13883	9.214967
	-73.13847	9.214674
	-73.138	9.214601
	-73.13734	9.214816
	-73.13712	9.215064
	-73.13703	9.215404
	-73.13698	9.21599
	-73.13663	9.216757
	-73.13636	9.217546
	-73.13587	9.217925
	-73.13525	9.218273
	-73.13468	9.218622
	-73.13389	9.218878
	-73.13299	9.218951
	-73.13226	9.218922
	-73.13211	9.219061
	-73.1322	9.219292
	-73.13268	9.21967
	-73.13321	9.219816
	-73.13346	9.22016
	-73.13351	9.220693
	-73.13341	9.222573
	-73.13271	9.223691
	-73.13206	9.224444
	-73.13124	9.22469
	-73.13062	9.224723
	-73.13021	9.224934
	-73.12993	9.225279
	-73.12998	9.225504
	-73.13047	9.225774
	-73.13137	9.22613
	-73.13157	9.226323
	-73.13166	9.226648
	-73.13167	9.227481
	-73.13151	9.228114
	-73.1313	9.228309
	-73.13077	9.228394
	-73.13008	9.228394
	-73.12978	9.228203
	-73.12943	9.22787
	-73.12873	9.227615
	-73.12838	9.227607
	-73.12735	9.228017
	-73.12685	9.228163
	-73.12622	9.228041
	-73.12535	9.227785
	-73.12462	9.227456
	-73.12389	9.227166
	-73.12342	9.227066
	-73.12298	9.22712
	-73.12255	9.227286
	-73.12208	9.227715
	-73.12158	9.228295
	-73.12125	9.228577
	-73.12079	9.228711
	-73.12029	9.228662
	-73.12005	9.228833
	-73.11994	9.229162
	-73.11914	9.229796
	-73.11863	9.230624
	-73.11795	9.231319
	-73.1173	9.231514
	-73.11679	9.231404
	-73.11631	9.231148
	-73.11579	9.230551
	-73.11483	9.229162
	-73.11419	9.22887
	-73.11357	9.228798
	-73.11265	9.22879
	-73.11102	9.229527
	-73.11053	9.229602
	-73.1099	9.22944
	-73.10977	9.228918
	-73.1095	9.22854
	-73.10921	9.228419
	-73.10867	9.228467
	-73.10802	9.22887
	-73.1076	9.229601
	-73.10728	9.230461
	-73.10706	9.23094
	-73.10652	9.231242
	-73.10581	9.231165
	-73.10508	9.231002
	-73.10446	9.230569
	-73.10409	9.23021
	-73.10381	9.229686
	-73.10373	9.229285
	-73.10333	9.229022
	-73.10277	9.229038
	-73.10232	9.229471
	-73.10196	9.229486
	-73.10166	9.229223
	-73.10131	9.22876
	-73.10109	9.228009
	-73.10094	9.227627
	-73.10045	9.227367
	-73.09996	9.226969
	-73.09901	9.226591
	-73.09756	9.226932
	-73.09629	9.227081
	-73.09555	9.227151
	-73.09408	9.226737
	-73.09364	9.226579
	-73.09267	9.226164
	-73.09193	9.225592
	-73.09166	9.225336
	-73.09113	9.225312
	-73.09036	9.225558
	-73.08951	9.226128
	-73.08892	9.226408
	-73.08848	9.226835
	-73.08829	9.227383
	-73.08828	9.227808
	-73.08887	9.229185
	-73.08886	9.230028
	-73.08823	9.231211
	-73.08817	9.231562
	-73.08754	9.231916
	-73.08713	9.232386
	-73.08652	9.233361
	-73.08614	9.234474
	-73.08635	9.235696
	-73.0862	9.236222
	-73.08541	9.236547
	-73.08521	9.236941
	-73.08475	9.237506
	-73.08407	9.237529
	-73.08376	9.237807
	-73.08293	9.238719
	-73.08261	9.239421
	-73.08266	9.239897
	-73.08249	9.240286
	-73.08215	9.240542
	-73.08159	9.240725
	-73.08109	9.240664
	-73.08074	9.240323
	-73.08067	9.239957
	-73.08054	9.239075
	-73.07998	9.238983
	-73.07927	9.238998
	-73.0785	9.239555
	-73.07775	9.239957
	-73.0773	9.240518
	-73.07671	9.241456
	-73.07619	9.241913
	-73.07562	9.242199
	-73.07509	9.242309
	-73.07419	9.242394
	-73.0738	9.242626
	-73.07355	9.243089
	-73.07354	9.243491
	-73.07361	9.243954
	-73.07415	9.244751
	-73.0747	9.245075
	-73.07586	9.245494
	-73.07652	9.245772
	-73.07735	9.246422
	-73.07766	9.247097
	-73.07787	9.247926
	-73.07806	9.250521
	-73.07799	9.251433
	-73.0775	9.25403
	-73.07737	9.254578
	-73.07672	9.256199
	-73.07634	9.257454
	-73.07587	9.258623
	-73.07493	9.260219
	-73.07401	9.262132
	-73.07358	9.262863
	-73.07304	9.263387
	-73.0723	9.26374
	-73.07163	9.263972
	-73.07097	9.264377
	-73.07067	9.264532
	-73.07027	9.264532
	-73.07009	9.264374
	-73.06981	9.263923
	-73.06929	9.263338
	-73.06855	9.26268
	-73.06754	9.261949
	-73.067	9.261425
	-73.06592	9.260292
	-73.06533	9.259452
	-73.0649	9.259074
	-73.06448	9.258964
	-73.06414	9.259354
	-73.06391	9.25989
	-73.06372	9.260585
	-73.06373	9.261934
	-73.0638	9.262485
	-73.06363	9.26279
	-73.06319	9.262936
	-73.06256	9.262912
	-73.06126	9.262388
	-73.06065	9.262254
	-73.06002	9.262336
	-73.05935	9.262559
	-73.05857	9.263047
	-73.05821	9.263082
	-73.0577	9.262887
	-73.05732	9.262595
	-73.05696	9.261864
	-73.05629	9.260805
	-73.05606	9.26056
	-73.0555	9.260499
	-73.05507	9.260609
	-73.05458	9.260877
	-73.05418	9.26095
	-73.05373	9.260658
	-73.05348	9.260378
	-73.05349	9.259903
	-73.05382	9.259488
	-73.05391	9.259281
	-73.0539	9.258867
	-73.0537	9.258623
	-73.05326	9.258343
	-73.0525	9.258148
	-73.05145	9.258319
	-73.05063	9.258891
	-73.04762	9.261645
	-73.04716	9.262108
	-73.04641	9.262599
	-73.04626	9.262571
	-73.04595	9.262363
	-73.04566	9.261887
	-73.04538	9.261474
	-73.04484	9.261377
	-73.04425	9.261584
	-73.04383	9.261925
	-73.04333	9.262424
	-73.04301	9.263484
	-73.0429	9.264264
	-73.04307	9.264922
	-73.04367	9.266233
	-73.04438	9.268516
	-73.04441	9.268979
	-73.04413	9.269247
	-73.04375	9.269369
	-73.04291	9.269576
	-73.0418	9.269515
	-73.04117	9.269837
	-73.04047	9.270612
	-73.03926	9.273148
	-73.03903	9.274216
	-73.03886	9.275319
	-73.03901	9.276336
	-73.03823	9.278696
	-73.03753	9.280333
	-73.03697	9.281298
	-73.03645	9.282125
	-73.03584	9.282607
	-73.03515	9.282883
	-73.03444	9.282831
	-73.03371	9.282986
	-73.03275	9.283417
	-73.0322	9.284089
	-73.03215	9.285071
	-73.03194	9.285674
	-73.03156	9.285915
	-73.03109	9.285691
	-73.03048	9.285071
	-73.03002	9.284209
	-73.02979	9.283346
	-73.02974	9.282745
	-73.02979	9.282193
	-73.02995	9.281763
	-73.02981	9.281194
	-73.02939	9.280522
	-73.02875	9.280212
	-73.02784	9.279902
	-73.02725	9.280023
	-73.02651	9.280419
	-73.02597	9.280884
	-73.02568	9.281504
	-73.02576	9.282193
	-73.02569	9.283296
	-73.02578	9.285209
	-73.02552	9.28576
	-73.02491	9.286053
	-73.02379	9.286053
	-73.02297	9.286483
	-73.02208	9.287293
	-73.02103	9.287672
	-73.01841	9.288137
	-73.0173	9.28862
	-73.01614	9.288844
	-73.01421	9.289171
	-73.01312	9.290553
	-73.01256	9.290744
	-73.01198	9.290905
	-73.01144	9.291019
	-73.01089	9.291096
	-73.01033	9.291137
	-73.00977	9.29114
	-73.00916	9.291097
	-73.00856	9.291006
	-73.00796	9.290869
	-73.00735	9.290672
	-73.00676	9.290415
	-73.00613	9.290052
	-73.00555	9.289616
	-73.00515	9.289246
	-73.00393	9.287961
	-73.00355	9.287605
	-73.00339	9.28749
	-73.00328	9.287441
	-73.00324	9.287465
	-73.00354	9.286623
	-73.0042	9.284241
	-73.00476	9.282376
	-73.00544	9.280367
	-73.00564	9.279721
	-73.00581	9.279086
	-73.00593	9.278488
	-73.006	9.277904
	-73.00601	9.277339
	-73.00597	9.276942
	-73.00589	9.276561
	-73.00575	9.276135
	-73.00554	9.275743
	-73.00528	9.275391
	-73.00497	9.275082
	-73.00461	9.274819
	-73.00407	9.274548
	-73.00348	9.274352
	-73.00287	9.274226
	-73.00223	9.274146
	-73.00158	9.2741
	-72.99905	9.274028
	-72.99857	9.273994
	-72.99803	9.273932
	-72.9975	9.273838
	-72.99701	9.273708
	-72.99653	9.27354
	-72.99609	9.273329
	-72.99555	9.272984
	-72.99508	9.272569
	-72.99468	9.272086
	-72.99445	9.271706
	-72.99427	9.271297
	-72.99413	9.270867
	-72.99403	9.270405
	-72.99397	9.269928
	-72.99394	9.269441
	-72.99395	9.2688
	-72.994	9.268152
	-72.99409	9.267504
	-72.9942	9.266884
	-72.99434	9.26627
	-72.99452	9.265669
	-72.99473	9.265084
	-72.99498	9.264532
	-72.99526	9.264003
	-72.99556	9.263499
	-72.99613	9.262634
	-72.99639	9.262208
	-72.9966	9.261771
	-72.99672	9.261373
	-72.99679	9.260962
	-72.9968	9.2605
	-72.99674	9.260036
	-72.9966	9.259541
	-72.9964	9.259056
	-72.9961	9.258514
	-72.99575	9.257991
	-72.99535	9.257495
	-72.99501	9.257137
	-72.99465	9.256803
	-72.99427	9.256498
	-72.99381	9.256196
	-72.99331	9.255945
	-72.99287	9.255775
	-72.99241	9.255641
	-72.99194	9.255538
	-72.99146	9.255456
	-72.98887	9.255145
	-72.98836	9.255055
	-72.98787	9.254936
	-72.98737	9.254758
	-72.98692	9.25452
	-72.98654	9.254214
	-72.98622	9.253845
	-72.98598	9.253422
	-72.98582	9.252937
	-72.98574	9.252414
	-72.98572	9.251867
	-72.98576	9.251378
	-72.98583	9.250882
	-72.98573	9.249926
	-72.98638	9.248365
	-72.9872	9.247195
	-72.98859	9.245574
	-72.98919	9.244619
	-72.98946	9.244072
	-72.98938	9.243721
	-72.98881	9.242992
	-72.98819	9.240843
	-72.98777	9.237948
	-72.98756	9.234776
	-72.98763	9.232257
	-72.98791	9.230473
	-72.98829	9.229109
	-72.9888	9.228469
	-72.9897	9.227818
	-72.99083	9.227965
	-72.99196	9.228069
	-72.99412	9.227713
	-72.99482	9.22756
	-72.99561	9.227178
	-72.99633	9.22663
	-72.99689	9.225677
	-72.9971	9.224472
	-72.99703	9.223033
	-72.99654	9.221763
	-72.99622	9.220787
	-72.99586	9.220136
	-72.99505	9.219748
	-72.9936	9.219832
	-72.9926	9.220384
	-72.99168	9.221103
	-72.99072	9.221647
	-72.98931	9.222298
	-72.98725	9.223139
	-72.98628	9.22319
	-72.9846	9.222393
	-72.9827	9.220588
	-72.98233	9.219928
	-72.98195	9.218436
	-72.98113	9.217093
	-72.98014	9.216242
	-72.97905	9.215687
	-72.97718	9.215183
	-72.97549	9.213987
	-72.97432	9.213661
	-72.9713	9.213273
	-72.97084	9.213066
	-72.97044	9.21258
	-72.96948	9.207805
	-72.96926	9.206819
	-72.96869	9.205612
	-72.96782	9.204503
	-72.96567	9.202146
	-72.96443	9.1994
	-72.96361	9.194621
	-72.96372	9.190851
	-72.96279	9.186888
	-72.96188	9.184394
	-72.96122	9.183489
	-72.96009	9.182427
	-72.95902	9.181842
	-72.95728	9.181871
	-72.95664	9.181715
	-72.95592	9.18124
	-72.95589	9.180869
	-72.95607	9.180439
	-72.95607	9.179786
	-72.9561	9.179311
	-72.95664	9.178027
	-72.95742	9.176829
	-72.95851	9.175407
	-72.95977	9.17439
	-72.96099	9.173617
	-72.96242	9.17288
	-72.96295	9.172459
	-72.96307	9.171757
	-72.96299	9.170725
	-72.96297	9.168738
	-72.96306	9.166299
	-72.96382	9.162543
	-72.96457	9.158208
	-72.96521	9.156348
	-72.96585	9.15547
	-72.96688	9.154926
	-72.96818	9.154839
	-72.96994	9.155225
	-72.9717	9.154926
	-72.97351	9.153891
	-72.97849	9.150697
	-72.98067	9.148871
	-72.9825	9.147116
	-72.98366	9.146467
	-72.9854	9.145923
	-72.98672	9.145309
	-72.98725	9.144782
	-72.98725	9.144098
	-72.98702	9.143205
	-72.98691	9.14236
	-72.9864	9.141921
	-72.98498	9.141675
	-72.9813	9.140412
	-72.97996	9.139605
	-72.9789	9.138744
	-72.97765	9.137533
	-72.97623	9.136814
	-72.97468	9.136287
	-72.97306	9.136322
	-72.97241	9.135901
	-72.9717	9.135199
	-72.97116	9.134058
	-72.97079	9.131899
	-72.97034	9.130425
	-72.96867	9.127564
	-72.96761	9.126669
	-72.96629	9.126529
	-72.96553	9.12616
	-72.96515	9.125563
	-72.96496	9.124756
	-72.96482	9.123457
	-72.96389	9.121702
	-72.96258	9.119806
	-72.96194	9.118314
	-72.96112	9.116857
	-72.96103	9.116085
	-72.96053	9.114312
	-72.95966	9.112943
	-72.95847	9.111363
	-72.95739	9.110398
	-72.95397	9.107502
	-72.95324	9.106958
	-72.95212	9.10687
	-72.95065	9.107221
	-72.95006	9.107238
	-72.9491	9.10687
	-72.94823	9.106256
	-72.94775	9.105747
	-72.94727	9.104606
	-72.947	9.103324
	-72.94688	9.102324
	-72.94736	9.101446
	-72.94814	9.100375
	-72.94963	9.099568
	-72.95077	9.098602
	-72.9512	9.097848
	-72.95132	9.097145
	-72.95125	9.096496
	-72.95095	9.095917
	-72.95027	9.095074
	-72.9494	9.094126
	-72.94871	9.09281
	-72.9477	9.091651
	-72.94654	9.091634
	-72.94524	9.091844
	-72.94306	9.091563
	-72.93972	9.090896
	-72.93881	9.09058
	-72.93765	9.089984
	-72.93708	9.089352
	-72.93669	9.08865
	-72.93655	9.08786
	-72.93655	9.086613
	-72.93614	9.085016
	-72.93511	9.084103
	-72.93388	9.083471
	-72.93294	9.08319
	-72.93159	9.083173
	-72.93031	9.083612
	-72.92668	9.085841
	-72.9261	9.085999
	-72.92544	9.086332
	-72.92462	9.08635
	-72.92404	9.08649
	-72.92254	9.087333
	-72.92105	9.088386
	-72.92075	9.088913
	-72.92055	9.089668
	-72.92041	9.090721
	-72.9202	9.092722
	-72.91991	9.093477
	-72.91943	9.09388
	-72.91867	9.093793
	-72.91746	9.093336
	-72.91671	9.093073
	-72.91581	9.093073
	-72.91513	9.093424
	-72.91438	9.093863
	-72.91349	9.094091
	-72.9125	9.094425
	-72.91118	9.094811
	-72.91005	9.095513
	-72.90948	9.096092
	-72.90901	9.096759
	-72.90827	9.097338
	-72.90661	9.097619
	-72.9045	9.097567
	-72.90062	9.097356
	-72.89888	9.097391
	-72.89712	9.097848
	-72.89652	9.098199
	-72.89588	9.098655
	-72.8955	9.099445
	-72.89522	9.100972
	-72.89424	9.103422
	-72.89358	9.103684
	-72.89159	9.103505
	-72.88835	9.102735
	-72.88729	9.102942
	-72.88636	9.103546
	-72.88448	9.109137
	-72.88379	9.110945
	-72.88388	9.111848
	-72.88413	9.112383
	-72.88636	9.11315
	-72.8868	9.113753
	-72.88678	9.114588
	-72.88631	9.115647
	-72.88474	9.117387
	-72.88461	9.117873
	-72.88478	9.118436
	-72.88514	9.119068
	-72.88512	9.119942
	-72.88478	9.122022
	-72.88397	9.124781
	-72.88393	9.127589
	-72.8834	9.128998
	-72.88307	9.13064
	-72.88275	9.131398
	-72.88212	9.132146
	-72.8812	9.132962
	-72.88045	9.133088
	-72.8795	9.133137
	-72.87834	9.13304
	-72.87728	9.132729
	-72.8759	9.132204
	-72.87407	9.131427
	-72.87086	9.129969
	-72.86897	9.129387
	-72.86683	9.129134
	-72.86366	9.128978
	-72.85512	9.129406
	-72.85095	9.129989
	-72.84794	9.130515
	-72.84701	9.130556
	-72.84595	9.130364
	-72.84452	9.129841
	-72.843	9.128784
	-72.84033	9.126337
	-72.83937	9.12506
	-72.83849	9.124235
	-72.83688	9.123136
	-72.83485	9.122298
	-72.83275	9.121473
	-72.83049	9.121267
	-72.82846	9.121405
	-72.82668	9.121144
	-72.8249	9.121459
	-72.82445	9.121626
	-72.82402	9.121835
	-72.82358	9.122133
	-72.82319	9.122488
	-72.82285	9.122894
	-72.82263	9.123248
	-72.82244	9.123626
	-72.82228	9.124058
	-72.82217	9.124509
	-72.82208	9.125068
	-72.82204	9.125641
	-72.82205	9.126221
	-72.82211	9.126804
	-72.82222	9.127398
	-72.82237	9.127992
	-72.8227	9.129118
	-72.82352	9.131685
	-72.8237	9.132359
	-72.82386	9.133038
	-72.82396	9.133617
	-72.82403	9.134199
	-72.82408	9.134783
	-72.82413	9.135918
	-72.82413	9.136465
	-72.82407	9.137479
	-72.82393	9.138402
	-72.82381	9.138839
	-72.82366	9.139243
	-72.82348	9.139579
	-72.82325	9.139873
	-72.82294	9.140156
	-72.82258	9.140366
	-72.82226	9.140476
	-72.82192	9.140538
	-72.82147	9.140552
	-72.82101	9.1405
	-72.82055	9.140387
	-72.82009	9.140212
	-72.81958	9.139933
	-72.81908	9.139591
	-72.81859	9.139203
	-72.81689	9.137702
	-72.81639	9.137299
	-72.81587	9.136925
	-72.81531	9.13658
	-72.81473	9.136273
	-72.81326	9.135589
	-72.8127	9.135301
	-72.81217	9.134982
	-72.81166	9.134623
	-72.81122	9.134255
	-72.81081	9.133853
	-72.81042	9.133423
	-72.81006	9.13297
	-72.80965	9.132394
	-72.80927	9.131796
	-72.80891	9.131184
	-72.80857	9.130563
	-72.8083	9.130009
	-72.80805	9.12945
	-72.80785	9.128885
	-72.80771	9.12837
	-72.80763	9.127853
	-72.8076	9.127339
	-72.80764	9.126801
	-72.80775	9.126279
	-72.80796	9.125721
	-72.80825	9.125199
	-72.80861	9.124722
	-72.80902	9.124301
	-72.80937	9.124023
	-72.81043	9.123271
	-72.81074	9.123008
	-72.81101	9.122729
	-72.81123	9.122432
	-72.81137	9.122123
	-72.81144	9.121811
	-72.81142	9.121448
	-72.81128	9.121113
	-72.81105	9.120827
	-72.81073	9.120607
	-72.81033	9.120469
	-72.80998	9.120422
	-72.8096	9.120418
	-72.8092	9.120449
	-72.80877	9.120506
	-72.80789	9.120686
	-72.80705	9.120928
	-72.80552	9.121437
	-72.80499	9.121582
	-72.80446	9.121703
	-72.80398	9.121785
	-72.80351	9.121842
	-72.80303	9.121872
	-72.80242	9.12187
	-72.80182	9.121826
	-72.80123	9.121752
	-72.79862	9.121305
	-72.79816	9.121195
	-72.79775	9.121058
	-72.79741	9.12088
	-72.7972	9.1207
	-72.79706	9.120492
	-72.79697	9.120241
	-72.79695	9.119975
	-72.79699	9.119719
	-72.79712	9.119161
	-72.79717	9.118837
	-72.79719	9.118486
	-72.79719	9.118115
	-72.79714	9.117606
	-72.79698	9.116523
	-72.79689	9.115566
	-72.79688	9.115074
	-72.7969	9.114485
	-72.79696	9.113895
	-72.79708	9.113309
	-72.79723	9.112761
	-72.79778	9.111122
	-72.79794	9.110548
	-72.79807	9.109966
	-72.79817	9.109379
	-72.79821	9.108818
	-72.79822	9.108259
	-72.79819	9.107707
	-72.79811	9.107167
	-72.79777	9.105797
	-72.79734	9.105154
	-72.79634	9.10323
	-72.79524	9.102821
	-72.7941	9.103016
	-72.79311	9.10424
	-72.79114	9.105406
	-72.79093	9.107078
	-72.78931	9.110226
	-72.78914	9.111605
	-72.78833	9.113063
	-72.78766	9.113918
	-72.7867	9.114754
	-72.78587	9.115084
	-72.7849	9.115278
	-72.78081	9.114812
	-72.77835	9.114929
	-72.77723	9.11452
	-72.77638	9.113879
	-72.77589	9.112927
	-72.77567	9.111023
	-72.77626	9.108574
	-72.77658	9.106475
	-72.77612	9.104148
	-72.77461	9.103093
	-72.77304	9.103171
	-72.77182	9.104026
	-72.77052	9.105698
	-72.76859	9.106359
	-72.76709	9.106359
	-72.76638	9.105581
	-72.76599	9.103599
	-72.7656	9.10185
	-72.76485	9.099917
	-72.76437	9.098596
	-72.76394	9.097265
	-72.76359	9.096025
	-72.76344	9.095421
	-72.76332	9.094834
	-72.76325	9.094351
	-72.76322	9.093889
	-72.76324	9.093452
	-72.76331	9.093163
	-72.76341	9.092892
	-72.76364	9.092544
	-72.76394	9.092242
	-72.76435	9.09196
	-72.76482	9.091738
	-72.76522	9.091605
	-72.76565	9.091498
	-72.76621	9.09139
	-72.76808	9.09111
	-72.76863	9.091011
	-72.76917	9.09089
	-72.7697	9.09074
	-72.77021	9.090554
	-72.7707	9.090335
	-72.77117	9.090083
	-72.77155	9.089835
	-72.77191	9.089561
	-72.77222	9.08926
	-72.77245	9.088994
	-72.77264	9.088711
	-72.77285	9.088271
	-72.77295	9.08796
	-72.77301	9.087641
	-72.77304	9.087248
	-72.77301	9.086855
	-72.77294	9.086479
	-72.77282	9.086116
	-72.7727	9.085841
	-72.77255	9.085581
	-72.77233	9.08527
	-72.77206	9.085
	-72.77162	9.084709
	-72.7713	9.084582
	-72.77095	9.0845
	-72.77056	9.084457
	-72.77014	9.084462
	-72.76959	9.084533
	-72.76903	9.084655
	-72.76791	9.08494
	-72.76737	9.085061
	-72.76653	9.085166
	-72.76598	9.085174
	-72.76538	9.085117
	-72.76504	9.085064
	-72.76437	9.084869
	-72.76392	9.08467
	-72.76349	9.08444
	-72.76304	9.08416
	-72.76257	9.083805
	-72.76194	9.083368
	-72.76181	9.083153
	-72.76132	9.08211
	-72.76123	9.081872
	-72.7612	9.081712
	-72.76119	9.081534
	-72.76125	9.080853
	-72.76127	9.079993
	-72.7613	9.079687
	-72.76136	9.079432
	-72.76146	9.079215
	-72.7616	9.078983
	-72.76207	9.078399
	-72.76228	9.0781
	-72.76276	9.077478
	-72.76284	9.077321
	-72.76289	9.077171
	-72.76292	9.077015
	-72.76294	9.076834
	-72.76291	9.076627
	-72.74698	9.014294
	-72.71918	8.934563
	-72.69802	8.806414
	-72.67238	8.695001
	-72.66006	8.639436
	-72.65615	8.621616
	-72.65525	8.615758
	-72.65511	8.614664
	-72.65473	8.614105
	-72.65431	8.613684
	-72.65375	8.613473
	-72.65305	8.613331
	-72.65257	8.613333
	-72.6524	8.613362
	-72.65136	8.613446
	-72.65093	8.613373
	-72.65049	8.613167
	-72.64938	8.612305
	-72.64882	8.611803
	-72.64784	8.611248
	-72.64733	8.611103
	-72.64671	8.611009
	-72.64618	8.610976
	-72.64557	8.610831
	-72.64508	8.610615
	-72.64481	8.610399
	-72.64458	8.610082
	-72.64443	8.609694
	-72.64428	8.609387
	-72.644	8.609028
	-72.64372	8.608803
	-72.64334	8.608566
	-72.64278	8.608411
	-72.64228	8.60843
	-72.64119	8.608701
	-72.64073	8.608741
	-72.63999	8.608666
	-72.6394	8.608419
	-72.63873	8.608059
	-72.63828	8.607731
	-72.63802	8.607485
	-72.63784	8.607178
	-72.63757	8.606503
	-72.63726	8.605021
	-72.63717	8.603286
	-72.63692	8.602447
	-72.63671	8.601906
	-72.63637	8.601343
	-72.63602	8.600974
	-72.63553	8.600645
	-72.635	8.60049
	-72.63451	8.600437
	-72.63417	8.600589
	-72.63375	8.600914
	-72.63358	8.60123
	-72.63357	8.601547
	-72.63369	8.601904
	-72.63414	8.602662
	-72.63463	8.603644
	-72.63469	8.604083
	-72.63459	8.604705
	-72.63436	8.605429
	-72.63371	8.60656
	-72.63314	8.606956
	-72.63243	8.607147
	-72.63176	8.607155
	-72.63091	8.607111
	-72.63011	8.606955
	-72.62939	8.606738
	-72.62875	8.606276
	-72.62828	8.605754
	-72.62785	8.60516
	-72.6275	8.604505
	-72.62698	8.60385
	-72.62652	8.603174
	-72.62621	8.602805
	-72.62594	8.602447
	-72.62585	8.602089
	-72.62591	8.601671
	-72.62604	8.601253
	-72.62642	8.600897
	-72.62691	8.600633
	-72.62742	8.600492
	-72.62812	8.600373
	-72.62874	8.600344
	-72.62927	8.600428
	-72.62985	8.600604
	-72.63042	8.600749
	-72.63103	8.600782
	-72.63145	8.600753
	-72.63179	8.600611
	-72.6321	8.600357
	-72.63239	8.600011
	-72.63261	8.599634
	-72.63285	8.599145
	-72.63293	8.598798
	-72.633	8.598349
	-72.63298	8.598063
	-72.63283	8.597777
	-72.63248	8.597397
	-72.63199	8.59714
	-72.63154	8.597037
	-72.63115	8.597055
	-72.63057	8.597227
	-72.62982	8.597541
	-72.62909	8.597803
	-72.62851	8.597852
	-72.6279	8.59786
	-72.62709	8.597704
	-72.62635	8.597507
	-72.62535	8.597115
	-72.62442	8.596693
	-72.62325	8.596291
	-72.6223	8.59594
	-72.62147	8.595743
	-72.62076	8.595648
	-72.61974	8.595593
	-72.61794	8.595556
	-72.61737	8.595401
	-72.61696	8.595113
	-72.61673	8.594776
	-72.61633	8.593804
	-72.61595	8.593057
	-72.61541	8.592218
	-72.61494	8.59192
	-72.61427	8.59157
	-72.61375	8.591119
	-72.61336	8.590628
	-72.61301	8.590004
	-72.61272	8.58941
	-72.61234	8.588174
	-72.61219	8.587642
	-72.61211	8.58705
	-72.61213	8.586529
	-72.61231	8.58607
	-72.6126	8.585847
	-72.61297	8.585797
	-72.61332	8.585921
	-72.61373	8.58627
	-72.61401	8.586669
	-72.61432	8.587211
	-72.61468	8.58758
	-72.61502	8.587847
	-72.61614	8.588331
	-72.61691	8.588477
	-72.61754	8.588428
	-72.61809	8.588185
	-72.61847	8.587799
	-72.61873	8.587197
	-72.61873	8.586616
	-72.61859	8.586094
	-72.61821	8.585562
	-72.61752	8.585181
	-72.61704	8.58472
	-72.61678	8.584331
	-72.61657	8.58381
	-72.61649	8.583289
	-72.61644	8.582687
	-72.6165	8.582033
	-72.61667	8.581483
	-72.61705	8.581106
	-72.6174	8.580821
	-72.618	8.580181
	-72.61893	8.5796
	-72.61921	8.57936
	-72.6194	8.57912
	-72.61946	8.578787
	-72.61941	8.578386
	-72.61919	8.578041
	-72.6189	8.577742
	-72.61854	8.577591
	-72.61818	8.577636
	-72.61778	8.577818
	-72.61713	8.578205
	-72.61662	8.578731
	-72.61593	8.579348
	-72.61508	8.579792
	-72.61441	8.580099
	-72.61372	8.580222
	-72.61302	8.580231
	-72.61247	8.580126
	-72.61198	8.57978
	-72.61155	8.579319
	-72.61124	8.579135
	-72.61085	8.578961
	-72.61041	8.578615
	-72.60979	8.577971
	-72.6094	8.577534
	-72.60918	8.577143
	-72.60883	8.576672
	-72.60468	8.572198
	-72.60443	8.572075
	-72.57608	8.541351
	-72.47323	8.430369
	-72.4684	8.426523
	-72.43647	8.390708
	-72.4325	8.386403
	-72.42853	8.382139
	-72.42773	8.381342
	-72.42681	8.38243
	-72.42445	8.383262
	-72.42011	8.382918
	-72.41895	8.382294
	-72.4154	8.380299
	-72.41244	8.378128
	-72.41097	8.37739
	-72.40913	8.37571
	-72.40814	8.373714
	-72.40768	8.37227
	-72.40784	8.370615
	-72.40877	8.369243
	-72.41056	8.368345
	-72.41301	8.368086
	-72.41591	8.367673
	-72.41638	8.36579
	-72.41548	8.36448
	-72.41443	8.363803
	-72.41285	8.363469
	-72.4111	8.363961
	-72.40948	8.364744
	-72.40811	8.36638
	-72.40741	8.3674
	-72.40704	8.367331
	-72.40687	8.367287
	-72.4067	8.367222
	-72.4064	8.366896
	-72.4062	8.366633
	-72.40565	8.36622
	-72.40557	8.366128
	-72.40526	8.365879
	-72.40437	8.365301
	-72.40414	8.365195
	-72.40396	8.365146
	-72.40378	8.36514
	-72.4036	8.365179
	-72.40352	8.365179
	-72.40346	8.365167
	-72.40336	8.365103
	-72.40319	8.364924
	-72.40316	8.364684
	-72.40323	8.36451
	-72.4034	8.364313
	-72.40363	8.364169
	-72.40387	8.364051
	-72.40415	8.363877
	-72.4043	8.363756
	-72.40442	8.363601
	-72.40447	8.363482
	-72.40452	8.363297
	-72.40454	8.363108
	-72.40449	8.362919
	-72.40441	8.362716
	-72.40426	8.362518
	-72.40418	8.362357
	-72.40386	8.361609
	-72.40379	8.361365
	-72.40372	8.360939
	-72.40365	8.360705
	-72.4036	8.360328
	-72.40361	8.360018
	-72.40368	8.35968
	-72.40366	8.35926
	-72.40374	8.358956
	-72.40382	8.35878
	-72.40387	8.358597
	-72.40391	8.358241
	-72.40388	8.358123
	-72.40387	8.357758
	-72.40381	8.357454
	-72.40379	8.356684
	-72.40374	8.356431
	-72.40369	8.356249
	-72.40352	8.355917
	-72.40343	8.355759
	-72.40323	8.355513
	-72.40303	8.355355
	-72.40264	8.355142
	-72.40256	8.355118
	-72.40221	8.355081
	-72.40208	8.355081
	-72.4019	8.355105
	-72.40167	8.355181
	-72.4015	8.355273
	-72.4014	8.355346
	-72.40133	8.355452
	-72.40126	8.355628
	-72.40122	8.355683
	-72.40114	8.35596
	-72.40109	8.356206
	-72.40106	8.356462
	-72.40106	8.356848
	-72.40118	8.357435
	-72.40122	8.357773
	-72.40134	8.35822
	-72.4014	8.358704
	-72.40139	8.358971
	-72.4013	8.359348
	-72.40129	8.359479
	-72.40126	8.359607
	-72.4011	8.359884
	-72.40095	8.360103
	-72.40087	8.360197
	-72.4006	8.360413
	-72.40045	8.360611
	-72.40029	8.360708
	-72.40008	8.360784
	-72.39987	8.360894
	-72.39957	8.360997
	-72.39927	8.361037
	-72.39884	8.361031
	-72.39822	8.36086
	-72.39793	8.360732
	-72.39766	8.360583
	-72.39751	8.360477
	-72.39698	8.360033
	-72.39661	8.359799
	-72.39647	8.359674
	-72.39604	8.359412
	-72.39569	8.359272
	-72.39529	8.359157
	-72.39427	8.359066
	-72.39372	8.358987
	-72.39347	8.35892
	-72.39313	8.35874
	-72.39272	8.358488
	-72.39245	8.358214
	-72.3923	8.358025
	-72.39215	8.357904
	-72.3918	8.357554
	-72.39172	8.357432
	-72.39167	8.35739
	-72.3916	8.357292
	-72.39149	8.357088
	-72.39145	8.356976
	-72.3914	8.356794
	-72.39137	8.356608
	-72.39137	8.356121
	-72.39152	8.355565
	-72.3916	8.355385
	-72.39167	8.355279
	-72.39182	8.355124
	-72.39198	8.354898
	-72.39239	8.354518
	-72.39255	8.35429
	-72.39277	8.354074
	-72.39321	8.353305
	-72.39329	8.353104
	-72.39354	8.352605
	-72.39381	8.35168
	-72.39384	8.351431
	-72.39384	8.35099
	-72.39379	8.350792
	-72.39377	8.350734
	-72.39367	8.350576
	-72.39348	8.350321
	-72.39338	8.350248
	-72.39327	8.350199
	-72.39297	8.35015
	-72.39272	8.350141
	-72.39242	8.350184
	-72.39216	8.350254
	-72.39161	8.350333
	-72.39118	8.350372
	-72.39078	8.350375
	-72.39055	8.350351
	-72.39031	8.350309
	-72.3899	8.350156
	-72.3895	8.349962
	-72.38919	8.349749
	-72.38894	8.349472
	-72.3888	8.349265
	-72.38869	8.349058
	-72.38855	8.348721
	-72.3885	8.348547
	-72.38844	8.348234
	-72.38843	8.347924
	-72.38838	8.347562
	-72.38829	8.347261
	-72.38815	8.346981
	-72.38802	8.346765
	-72.38791	8.346473
	-72.38787	8.346166
	-72.38786	8.345852
	-72.38789	8.345721
	-72.38791	8.345515
	-72.38795	8.34539
	-72.38809	8.345092
	-72.38817	8.345016
	-72.38818	8.344955
	-72.38831	8.344745
	-72.38848	8.34455
	-72.38873	8.344377
	-72.38883	8.344286
	-72.38895	8.344216
	-72.38935	8.344036
	-72.3897	8.343972
	-72.39013	8.343976
	-72.39076	8.344073
	-72.39117	8.344195
	-72.39132	8.344255
	-72.39208	8.344602
	-72.39263	8.344827
	-72.39299	8.344924
	-72.39341	8.344937
	-72.39362	8.344906
	-72.39396	8.344806
	-72.39445	8.344541
	-72.39467	8.344356
	-72.39486	8.344167
	-72.39494	8.344058
	-72.39495	8.343988
	-72.3952	8.34365
	-72.39536	8.34313
	-72.39537	8.342941
	-72.39533	8.342743
	-72.3952	8.342385
	-72.39513	8.342211
	-72.39501	8.341983
	-72.3949	8.341834
	-72.39478	8.341743
	-72.39474	8.341694
	-72.39458	8.341417
	-72.39425	8.341025
	-72.39399	8.340842
	-72.39363	8.340672
	-72.39348	8.340584
	-72.39345	8.340535
	-72.3933	8.34042
	-72.3929	8.340042
	-72.39273	8.339845
	-72.39264	8.339683
	-72.39246	8.339236
	-72.39243	8.339048
	-72.39243	8.338859
	-72.39241	8.338795
	-72.39241	8.338549
	-72.39243	8.338418
	-72.39248	8.338302
	-72.3926	8.338144
	-72.39272	8.33791
	-72.39282	8.337761
	-72.39306	8.33729
	-72.39337	8.336861
	-72.39362	8.336611
	-72.39391	8.336264
	-72.39402	8.336176
	-72.39419	8.335939
	-72.39434	8.335784
	-72.39442	8.335674
	-72.39452	8.335501
	-72.39474	8.334929
	-72.39481	8.33481
	-72.39489	8.334622
	-72.39506	8.33419
	-72.39516	8.33384
	-72.39517	8.333718
	-72.3952	8.333654
	-72.39522	8.333533
	-72.39523	8.332964
	-72.39519	8.332705
	-72.39513	8.33252
	-72.39514	8.332349
	-72.3951	8.331975
	-72.39502	8.331723
	-72.39486	8.331428
	-72.39481	8.331242
	-72.39476	8.33113
	-72.39457	8.330877
	-72.39437	8.330722
	-72.39386	8.330464
	-72.39349	8.330336
	-72.39325	8.330278
	-72.39312	8.330263
	-72.3927	8.330129
	-72.39226	8.32991
	-72.39199	8.329743
	-72.39174	8.329563
	-72.39161	8.329429
	-72.39146	8.329235
	-72.39141	8.329125
	-72.39137	8.328946
	-72.39135	8.328763
	-72.39145	8.32845
	-72.39151	8.328331
	-72.39164	8.328179
	-72.3918	8.328045
	-72.39192	8.327978
	-72.39247	8.327869
	-72.39293	8.327869
	-72.39313	8.327847
	-72.39325	8.327857
	-72.39405	8.327817
	-72.39419	8.327774
	-72.39448	8.327726
	-72.39468	8.327671
	-72.395	8.327513
	-72.39527	8.327288
	-72.39538	8.327117
	-72.39544	8.326932
	-72.39546	8.326807
	-72.39545	8.326476
	-72.39539	8.32629
	-72.39519	8.325891
	-72.395	8.325633
	-72.39456	8.325128
	-72.39429	8.324711
	-72.39414	8.324428
	-72.39393	8.323911
	-72.39387	8.323643
	-72.39374	8.323211
	-72.39368	8.323084
	-72.39353	8.322579
	-72.39347	8.32246
	-72.39332	8.322034
	-72.39331	8.321812
	-72.39326	8.321636
	-72.39311	8.321368
	-72.393	8.321207
	-72.39286	8.32093
	-72.39278	8.32083
	-72.39262	8.320699
	-72.39219	8.320462
	-72.39176	8.320337
	-72.39149	8.320382
	-72.39124	8.320401
	-72.39065	8.32051
	-72.39044	8.320522
	-72.39032	8.320547
	-72.38966	8.320583
	-72.38903	8.320437
	-72.38878	8.320346
	-72.38867	8.320282
	-72.38852	8.32017
	-72.3884	8.320039
	-72.3882	8.319862
	-72.38796	8.319552
	-72.38789	8.319452
	-72.38765	8.319007
	-72.3874	8.318502
	-72.38714	8.318131
	-72.38689	8.317833
	-72.38666	8.31752
	-72.38642	8.317307
	-72.38624	8.317179
	-72.38585	8.31682
	-72.38569	8.316702
	-72.3856	8.316601
	-72.38543	8.316483
	-72.3852	8.316361
	-72.38479	8.316251
	-72.38455	8.316239
	-72.38435	8.316309
	-72.38422	8.31633
	-72.38383	8.31644
	-72.38353	8.316565
	-72.3831	8.316683
	-72.383	8.316705
	-72.38257	8.316711
	-72.38235	8.316671
	-72.38211	8.316598
	-72.38187	8.316479
	-72.38175	8.316327
	-72.38163	8.316045
	-72.38158	8.31571
	-72.3816	8.315515
	-72.38163	8.315457
	-72.38168	8.315251
	-72.38173	8.315129
	-72.38181	8.315025
	-72.38206	8.314797
	-72.38239	8.314642
	-72.38244	8.314603
	-72.38248	8.314542
	-72.38255	8.31435
	-72.3826	8.314037
	-72.38258	8.313909
	-72.38242	8.313574
	-72.38237	8.313436
	-72.38228	8.313295
	-72.38223	8.313255
	-72.3823	8.313111
	-72.3824	8.312955
	-72.38245	8.312834
	-72.38249	8.312651
	-72.38249	8.312469
	-72.38243	8.312292
	-72.38237	8.312186
	-72.38213	8.311997
	-72.38202	8.311936
	-72.38184	8.311866
	-72.38135	8.311739
	-72.38118	8.311666
	-72.38066	8.311355
	-72.3805	8.311155
	-72.38039	8.310939
	-72.38033	8.310765
	-72.3803	8.310567
	-72.38023	8.310327
	-72.38023	8.310145
	-72.38027	8.310026
	-72.38031	8.309968
	-72.38093	8.309448
	-72.38113	8.309217
	-72.38132	8.309037
	-72.3817	8.308572
	-72.38188	8.308222
	-72.38193	8.308036
	-72.38192	8.307626
	-72.38185	8.307391
	-72.38176	8.307166
	-72.38175	8.306734
	-72.38182	8.306552
	-72.3819	8.306445
	-72.38214	8.30619
	-72.38235	8.306032
	-72.38238	8.30598
	-72.38242	8.305858
	-72.38239	8.305408
	-72.38232	8.305241
	-72.38225	8.305137
	-72.38217	8.305046
	-72.38208	8.304973
	-72.38196	8.30493
	-72.38179	8.3049
	-72.38166	8.304897
	-72.38154	8.304915
	-72.38127	8.305052
	-72.38097	8.305295
	-72.38085	8.305448
	-72.3808	8.305563
	-72.38067	8.305785
	-72.38059	8.30588
	-72.38049	8.305946
	-72.38036	8.305962
	-72.3803	8.305943
	-72.38022	8.305846
	-72.38021	8.3056
	-72.38014	8.305049
	-72.38014	8.304736
	-72.38016	8.30455
	-72.3802	8.304429
	-72.38029	8.304264
	-72.38034	8.304219
	-72.38047	8.304197
	-72.38061	8.304203
	-72.381	8.304374
	-72.38173	8.304498
	-72.38207	8.304535
	-72.38227	8.304523
	-72.38253	8.304477
	-72.38271	8.304383
	-72.3828	8.304292
	-72.38291	8.30406
	-72.38295	8.304012
	-72.38305	8.303914
	-72.38311	8.303884
	-72.38317	8.303875
	-72.38331	8.30389
	-72.38344	8.303951
	-72.38351	8.304057
	-72.38356	8.304176
	-72.38369	8.304355
	-72.38374	8.304474
	-72.38384	8.304562
	-72.38391	8.304565
	-72.38397	8.304602
	-72.38403	8.304614
	-72.38424	8.304629
	-72.38437	8.304605
	-72.38449	8.304553
	-72.38456	8.304553
	-72.38496	8.304645
	-72.3851	8.304635
	-72.38524	8.304602
	-72.38549	8.304477
	-72.38572	8.304337
	-72.38576	8.304279
	-72.38597	8.304106
	-72.38606	8.304006
	-72.3861	8.303954
	-72.3862	8.303717
	-72.38623	8.303534
	-72.38619	8.303482
	-72.38607	8.303473
	-72.38579	8.303601
	-72.38567	8.303613
	-72.38554	8.303595
	-72.38543	8.30354
	-72.38538	8.303498
	-72.38531	8.303403
	-72.38529	8.303336
	-72.38529	8.303215
	-72.38543	8.302877
	-72.38545	8.30257
	-72.38543	8.302509
	-72.3853	8.302381
	-72.38519	8.302326
	-72.38496	8.302259
	-72.38448	8.302202
	-72.38425	8.302117
	-72.38411	8.301995
	-72.38405	8.301903
	-72.38395	8.301837
	-72.38387	8.301754
	-72.38384	8.3017
	-72.3838	8.30152
	-72.38381	8.301456
	-72.38388	8.301344
	-72.38393	8.301304
	-72.38406	8.301262
	-72.38417	8.301204
	-72.38434	8.301082
	-72.38444	8.300985
	-72.38462	8.300714
	-72.38475	8.300428
	-72.38486	8.30027
	-72.38493	8.300224
	-72.38501	8.300133
	-72.38506	8.30009
	-72.38519	8.300042
	-72.38552	8.299966
	-72.38564	8.299908
	-72.38574	8.299826
	-72.38592	8.299741
	-72.38615	8.299598
	-72.38629	8.299455
	-72.38636	8.299351
	-72.38644	8.299166
	-72.38647	8.29898
	-72.38641	8.29887
	-72.38637	8.298831
	-72.38601	8.298718
	-72.38591	8.298661
	-72.38577	8.298545
	-72.38569	8.298451
	-72.38562	8.298286
	-72.38558	8.297973
	-72.38559	8.297669
	-72.38562	8.297356
	-72.38571	8.29685
	-72.38571	8.296732
	-72.38565	8.29644
	-72.38558	8.296279
	-72.38549	8.296187
	-72.38543	8.296166
	-72.38537	8.296157
	-72.38519	8.2962
	-72.38505	8.296318
	-72.38488	8.296397
	-72.38477	8.296425
	-72.38458	8.296425
	-72.3843	8.296345
	-72.38398	8.296184
	-72.38386	8.296184
	-72.3838	8.296169
	-72.38352	8.29605
	-72.38339	8.295923
	-72.38332	8.295749
	-72.38328	8.295567
	-72.38327	8.295323
	-72.38321	8.295016
	-72.38322	8.294894
	-72.38327	8.294709
	-72.38331	8.294621
	-72.38337	8.294374
	-72.38343	8.293936
	-72.38348	8.293763
	-72.3836	8.293608
	-72.38371	8.293534
	-72.38384	8.293483
	-72.38403	8.293455
	-72.38435	8.293373
	-72.38449	8.293379
	-72.38476	8.293437
	-72.38501	8.293547
	-72.38512	8.293623
	-72.38526	8.29376
	-72.38537	8.293842
	-72.38567	8.294015
	-72.38581	8.294049
	-72.38588	8.294049
	-72.38595	8.294033
	-72.38605	8.293945
	-72.38611	8.293833
	-72.3862	8.293595
	-72.38633	8.293379
	-72.3864	8.293316
	-72.38652	8.293242
	-72.38677	8.293166
	-72.38689	8.293096
	-72.38708	8.292923
	-72.38734	8.292473
	-72.38744	8.292156
	-72.3875	8.292038
	-72.38757	8.291797
	-72.38758	8.291551
	-72.38749	8.29139
	-72.38737	8.291247
	-72.3871	8.291092
	-72.38692	8.291046
	-72.3868	8.29104
	-72.38644	8.291092
	-72.38615	8.291089
	-72.38573	8.291049
	-72.38542	8.291
	-72.38524	8.290958
	-72.38482	8.2909
	-72.38465	8.290848
	-72.38448	8.290757
	-72.38438	8.290672
	-72.3843	8.290577
	-72.38427	8.290523
	-72.38425	8.290401
	-72.38426	8.290279
	-72.38429	8.290225
	-72.38438	8.290133
	-72.38462	8.290005
	-72.38514	8.289878
	-72.38548	8.289866
	-72.38555	8.289872
	-72.38575	8.289933
	-72.38588	8.28999
	-72.38617	8.290164
	-72.38643	8.290264
	-72.38656	8.290294
	-72.38677	8.290292
	-72.38709	8.290228
	-72.38723	8.290176
	-72.38741	8.290091
	-72.38787	8.289823
	-72.38812	8.289717
	-72.38822	8.289628
	-72.38829	8.289522
	-72.38834	8.289342
	-72.38834	8.289218
	-72.38824	8.288983
	-72.38824	8.288922
	-72.38821	8.288871
	-72.38818	8.288752
	-72.38816	8.28857
	-72.38823	8.288323
	-72.38843	8.288004
	-72.38857	8.287861
	-72.38874	8.287572
	-72.389	8.287277
	-72.38908	8.287106
	-72.38912	8.286921
	-72.3891	8.286802
	-72.38905	8.286689
	-72.38898	8.286595
	-72.38888	8.286528
	-72.3887	8.28648
	-72.38865	8.28648
	-72.38854	8.286534
	-72.38837	8.286723
	-72.38826	8.286872
	-72.38821	8.286912
	-72.3881	8.286976
	-72.38798	8.287015
	-72.38787	8.287036
	-72.38769	8.287036
	-72.38754	8.286942
	-72.38746	8.286851
	-72.38741	8.286738
	-72.38741	8.286674
	-72.38742	8.286616
	-72.38748	8.286501
	-72.38786	8.286194
	-72.38804	8.285935
	-72.3881	8.285762
	-72.38814	8.285521
	-72.38814	8.285403
	-72.38809	8.285199
	-72.388	8.285035
	-72.38796	8.284916
	-72.38785	8.284761
	-72.38776	8.284676
	-72.38752	8.284548
	-72.38715	8.28445
	-72.38703	8.284393
	-72.38695	8.284316
	-72.38683	8.28404
	-72.38681	8.283675
	-72.38678	8.283489
	-72.3867	8.283309
	-72.38658	8.283157
	-72.38649	8.283072
	-72.38628	8.282948
	-72.38613	8.282829
	-72.38608	8.282722
	-72.38605	8.282604
	-72.38605	8.282543
	-72.38608	8.282494
	-72.38608	8.282436
	-72.38617	8.282205
	-72.38629	8.282056
	-72.38645	8.281934
	-72.38659	8.281718
	-72.38672	8.281584
	-72.38675	8.28153
	-72.38677	8.281472
	-72.38675	8.281235
	-72.38677	8.281113
	-72.38685	8.280933
	-72.38697	8.280772
	-72.38707	8.280687
	-72.38719	8.28062
	-72.38752	8.280526
	-72.38804	8.280432
	-72.38816	8.280365
	-72.3882	8.280316
	-72.38824	8.280191
	-72.38825	8.28006
	-72.38824	8.28
	-72.38817	8.279902
	-72.38797	8.279765
	-72.3872	8.279382
	-72.38702	8.27923
	-72.3867	8.27884
	-72.38657	8.278712
	-72.38647	8.27864
	-72.38636	8.278478
	-72.38619	8.278387
	-72.38608	8.27836
	-72.38589	8.278396
	-72.38572	8.27846
	-72.38567	8.278491
	-72.38559	8.278582
	-72.3854	8.278679
	-72.38517	8.278746
	-72.38498	8.278761
	-72.38462	8.278694
	-72.38449	8.278567
	-72.38445	8.278445
	-72.38445	8.278323
	-72.3845	8.278208
	-72.38455	8.278156
	-72.38492	8.278004
	-72.38503	8.277934
	-72.38518	8.277806
	-72.38524	8.277781
	-72.3855	8.277572
	-72.38555	8.277526
	-72.38562	8.277417
	-72.38574	8.277188
	-72.38584	8.276893
	-72.38586	8.276708
	-72.3859	8.276586
	-72.3859	8.276093
	-72.38596	8.275847
	-72.38597	8.275783
	-72.38596	8.275725
	-72.38599	8.275667
	-72.38599	8.275482
	-72.38596	8.27536
	-72.3859	8.274916
	-72.38593	8.27473
	-72.38597	8.274605
	-72.3861	8.274362
	-72.38629	8.274097
	-72.38642	8.273872
	-72.38662	8.273611
	-72.38667	8.273495
	-72.38671	8.273443
	-72.38678	8.273264
	-72.38684	8.273154
	-72.38692	8.27306
	-72.38696	8.272938
	-72.38706	8.272774
	-72.38725	8.272354
	-72.38738	8.272132
	-72.38742	8.272007
	-72.38743	8.271889
	-72.38751	8.271527
	-72.38751	8.271463
	-72.38764	8.271034
	-72.38804	8.270568
	-72.38814	8.27034
	-72.38833	8.270005
	-72.3885	8.269585
	-72.38861	8.269391
	-72.38873	8.269251
	-72.38892	8.268828
	-72.38897	8.268645
	-72.38899	8.267894
	-72.38896	8.267514
	-72.38897	8.267203
	-72.3891	8.266595
	-72.38931	8.266132
	-72.38938	8.265883
	-72.3895	8.265095
	-72.38952	8.264261
	-72.3896	8.263835
	-72.38963	8.263589
	-72.38969	8.263349
	-72.38969	8.263157
	-72.38971	8.263029
	-72.38967	8.262847
	-72.38967	8.262783
	-72.38963	8.262664
	-72.38961	8.262466
	-72.38962	8.262153
	-72.38972	8.261858
	-72.38982	8.261684
	-72.38995	8.261313
	-72.38997	8.261192
	-72.38997	8.261064
	-72.38995	8.260942
	-72.38991	8.260829
	-72.38977	8.260549
	-72.38973	8.260431
	-72.38971	8.260306
	-72.38971	8.260063
	-72.38975	8.259938
	-72.38979	8.259901
	-72.38984	8.259722
	-72.38991	8.259616
	-72.38996	8.259573
	-72.39022	8.259512
	-72.39041	8.259503
	-72.39049	8.259518
	-72.3914	8.259847
	-72.39182	8.259865
	-72.39201	8.259835
	-72.39213	8.259807
	-72.39224	8.259737
	-72.39273	8.259552
	-72.39285	8.259476
	-72.39295	8.259393
	-72.39303	8.259296
	-72.39312	8.259123
	-72.39313	8.259001
	-72.39308	8.258888
	-72.39293	8.258788
	-72.39262	8.258688
	-72.39252	8.25863
	-72.39233	8.258468
	-72.39224	8.258243
	-72.39222	8.258122
	-72.39223	8.257939
	-72.39227	8.25783
	-72.39236	8.257735
	-72.39257	8.257343
	-72.3926	8.25716
	-72.3926	8.257036
	-72.39256	8.25685
	-72.39247	8.256625
	-72.39241	8.256518
	-72.39219	8.256272
	-72.39198	8.256126
	-72.39146	8.255937
	-72.39111	8.255843
	-72.39092	8.255831
	-72.39069	8.255736
	-72.39064	8.255697
	-72.39061	8.255648
	-72.39059	8.255593
	-72.39059	8.255472
	-72.39062	8.255414
	-72.39067	8.255365
	-72.39101	8.255161
	-72.39114	8.255018
	-72.3913	8.254888
	-72.39148	8.254708
	-72.39166	8.254452
	-72.39184	8.25427
	-72.39192	8.254163
	-72.392	8.253996
	-72.39203	8.253804
	-72.39213	8.253573
	-72.39222	8.253488
	-72.39233	8.253415
	-72.39247	8.253381
	-72.39253	8.253381
	-72.39267	8.253421
	-72.39295	8.253464
	-72.39321	8.253485
	-72.3934	8.25346
	-72.39351	8.253391
	-72.39359	8.253284
	-72.39366	8.253095
	-72.39367	8.252971
	-72.39371	8.252791
	-72.3937	8.252426
	-72.39363	8.252128
	-72.39352	8.251979
	-72.39336	8.251872
	-72.39325	8.251821
	-72.39289	8.251708
	-72.39266	8.251608
	-72.39248	8.251462
	-72.39231	8.251364
	-72.39219	8.251315
	-72.39207	8.251306
	-72.39189	8.251358
	-72.39179	8.251428
	-72.39175	8.25148
	-72.3917	8.251723
	-72.39166	8.251842
	-72.39161	8.252161
	-72.3916	8.252359
	-72.39153	8.252621
	-72.39146	8.252794
	-72.39141	8.253111
	-72.39138	8.253172
	-72.3913	8.253269
	-72.3912	8.253336
	-72.39098	8.253433
	-72.39062	8.253537
	-72.39044	8.253573
	-72.39012	8.253585
	-72.38995	8.253625
	-72.38974	8.253628
	-72.38956	8.253579
	-72.3894	8.253497
	-72.38931	8.253418
	-72.38896	8.252922
	-72.38886	8.25284
	-72.38871	8.25274
	-72.3885	8.252636
	-72.38826	8.252593
	-72.38789	8.252584
	-72.38729	8.252776
	-72.38705	8.252834
	-72.38681	8.252864
	-72.38663	8.252907
	-72.38617	8.252883
	-72.38606	8.252837
	-72.38585	8.252706
	-72.38574	8.252496
	-72.38567	8.25207
	-72.38567	8.251955
	-72.38572	8.251839
	-72.38582	8.251754
	-72.38588	8.251732
	-72.38595	8.251732
	-72.38608	8.251766
	-72.38634	8.251878
	-72.38667	8.251982
	-72.38694	8.252003
	-72.38707	8.251964
	-72.38731	8.251848
	-72.3875	8.251675
	-72.38763	8.251452
	-72.38768	8.251334
	-72.3877	8.251212
	-72.3877	8.251024
	-72.38767	8.250905
	-72.38758	8.250744
	-72.38746	8.250601
	-72.38731	8.250485
	-72.38719	8.250354
	-72.38708	8.250202
	-72.38703	8.250074
	-72.38696	8.249974
	-72.38684	8.249496
	-72.38682	8.249256
	-72.38684	8.248875
	-72.38682	8.24862
	-72.38673	8.248313
	-72.38659	8.247969
	-72.38652	8.247671
	-72.38633	8.247214
	-72.38632	8.247159
	-72.38617	8.246956
	-72.38608	8.246776
	-72.38593	8.246572
	-72.38581	8.246362
	-72.38573	8.246265
	-72.38525	8.245866
	-72.38485	8.245562
	-72.38453	8.245443
	-72.38435	8.245404
	-72.38412	8.245392
	-72.38394	8.245434
	-72.38383	8.245483
	-72.38357	8.245659
	-72.38339	8.245918
	-72.38331	8.246152
	-72.38314	8.246499
	-72.38306	8.246593
	-72.38292	8.246806
	-72.38277	8.246922
	-72.38244	8.247096
	-72.38232	8.247114
	-72.38157	8.247108
	-72.38133	8.247026
	-72.38112	8.246922
	-72.38077	8.246797
	-72.38056	8.246673
	-72.38049	8.246572
	-72.38046	8.246444
	-72.38048	8.246262
	-72.3805	8.246201
	-72.38058	8.246104
	-72.38087	8.245933
	-72.38107	8.245909
	-72.38134	8.245933
	-72.3817	8.245909
	-72.38206	8.245717
	-72.38247	8.24538
	-72.38267	8.245112
	-72.38277	8.245014
	-72.38303	8.244649
	-72.38333	8.244394
	-72.38339	8.24436
	-72.38348	8.24426
	-72.38426	8.243846
	-72.38436	8.24377
	-72.38467	8.243603
	-72.3851	8.243417
	-72.38521	8.243347
	-72.38535	8.243298
	-72.38546	8.243222
	-72.3857	8.243113
	-72.38618	8.242754
	-72.3863	8.242605
	-72.38646	8.242224
	-72.3865	8.241914
	-72.38651	8.241604
	-72.38639	8.241181
	-72.38634	8.241068
	-72.38619	8.24087
	-72.38603	8.240691
	-72.38572	8.240448
	-72.38553	8.240198
	-72.3853	8.239839
	-72.38518	8.239693
	-72.38509	8.239614
	-72.38475	8.239446
	-72.38463	8.239316
	-72.38454	8.239157
	-72.38434	8.238701
	-72.3843	8.238518
	-72.3843	8.238123
	-72.38442	8.237441
	-72.38441	8.237256
	-72.38431	8.237006
	-72.38415	8.236735
	-72.38404	8.236592
	-72.38398	8.236355
	-72.38389	8.236133
	-72.38363	8.235844
	-72.38321	8.235567
	-72.38264	8.235324
	-72.3824	8.235248
	-72.38218	8.235153
	-72.38197	8.235041
	-72.38185	8.234998
	-72.38164	8.23487
	-72.38146	8.234709
	-72.38142	8.23466
	-72.38137	8.234545
	-72.38134	8.234423
	-72.38134	8.234304
	-72.38138	8.234058
	-72.38153	8.233775
	-72.38169	8.233571
	-72.38173	8.233526
	-72.3819	8.233416
	-72.38208	8.23334
	-72.38228	8.233279
	-72.38245	8.233185
	-72.38265	8.233124
	-72.3829	8.233014
	-72.38295	8.232966
	-72.3831	8.232728
	-72.38331	8.232549
	-72.38342	8.232394
	-72.38343	8.232333
	-72.38351	8.23215
	-72.38352	8.231968
	-72.38347	8.231788
	-72.38337	8.231636
	-72.38333	8.231593
	-72.38311	8.231466
	-72.38302	8.23139
	-72.38294	8.231295
	-72.38284	8.231137
	-72.38268	8.230811
	-72.38252	8.230544
	-72.38235	8.230376
	-72.38209	8.230175
	-72.38178	8.229859
	-72.38163	8.229646
	-72.38161	8.229582
	-72.38152	8.229424
	-72.38148	8.229305
	-72.38145	8.229123
	-72.38145	8.229004
	-72.38154	8.228621
	-72.38159	8.228195
	-72.38156	8.228073
	-72.38155	8.227948
	-72.38158	8.227705
	-72.38157	8.227516
	-72.38147	8.227294
	-72.38144	8.227175
	-72.38138	8.227066
	-72.38129	8.226975
	-72.38118	8.226695
	-72.38105	8.226573
	-72.38098	8.226482
	-72.38094	8.22636
	-72.38091	8.226174
	-72.3809	8.225721
	-72.3808	8.225423
	-72.3807	8.225191
	-72.3806	8.225046
	-72.38054	8.224869
	-72.38048	8.224759
	-72.38035	8.224626
	-72.38019	8.224367
	-72.38011	8.224127
	-72.38008	8.224078
	-72.37983	8.223886
	-72.37973	8.223831
	-72.37962	8.223795
	-72.3795	8.223777
	-72.37913	8.223798
	-72.37896	8.223853
	-72.37886	8.223914
	-72.37874	8.223956
	-72.37863	8.22398
	-72.37837	8.22398
	-72.37829	8.223971
	-72.37789	8.223838
	-72.37775	8.223734
	-72.3777	8.223622
	-72.37769	8.223503
	-72.37784	8.223141
	-72.37787	8.2229
	-72.37787	8.222523
	-72.3778	8.222277
	-72.37765	8.221945
	-72.37751	8.221473
	-72.37749	8.221072
	-72.37744	8.220709
	-72.37744	8.220649
	-72.37749	8.220469
	-72.3776	8.220308
	-72.3777	8.220223
	-72.37781	8.220162
	-72.37825	8.219979
	-72.37845	8.219934
	-72.37891	8.219946
	-72.37917	8.219903
	-72.37929	8.219858
	-72.37939	8.219769
	-72.37943	8.219712
	-72.37953	8.219477
	-72.37954	8.219416
	-72.37953	8.219292
	-72.3796	8.219045
	-72.37959	8.218856
	-72.37955	8.218744
	-72.37942	8.218534
	-72.37923	8.218382
	-72.37907	8.218306
	-72.37888	8.21826
	-72.37863	8.218224
	-72.37838	8.218154
	-72.37829	8.218077
	-72.37819	8.217932
	-72.37798	8.217685
	-72.37788	8.217591
	-72.37756	8.217381
	-72.37712	8.217152
	-72.37705	8.217052
	-72.37694	8.216982
	-72.37685	8.216891
	-72.37654	8.216678
	-72.37632	8.216568
	-72.37588	8.216401
	-72.37567	8.21627
	-72.37558	8.216182
	-72.37549	8.216018
	-72.37537	8.215744
	-72.37536	8.215686
	-72.37529	8.215582
	-72.37522	8.215406
	-72.37497	8.214971
	-72.37487	8.214752
	-72.37479	8.214514
	-72.37476	8.214332
	-72.37475	8.21407
	-72.37477	8.213961
	-72.37477	8.213839
	-72.37488	8.213456
	-72.37502	8.213309
	-72.37532	8.213124
	-72.37553	8.212966
	-72.37573	8.212698
	-72.37578	8.212579
	-72.37583	8.212369
	-72.37584	8.212181
	-72.37589	8.211937
	-72.376	8.211764
	-72.3761	8.211654
	-72.37623	8.211423
	-72.37642	8.211161
	-72.37653	8.210945
	-72.37658	8.210763
	-72.37661	8.210577
	-72.37664	8.210124
	-72.37664	8.209743
	-72.3766	8.20943
	-72.3765	8.20919
	-72.37632	8.208599
	-72.37611	8.208112
	-72.37584	8.207741
	-72.37545	8.207291
	-72.37543	8.207233
	-72.37517	8.206862
	-72.375	8.20653
	-72.37496	8.206341
	-72.37497	8.206049
	-72.37496	8.205745
	-72.37498	8.205623
	-72.37497	8.205319
	-72.37492	8.205072
	-72.37484	8.204838
	-72.37476	8.204744
	-72.3746	8.204643
	-72.37409	8.204379
	-72.37389	8.204132
	-72.37381	8.204023
	-72.37376	8.203712
	-72.37374	8.203447
	-72.37368	8.203204
	-72.37361	8.203095
	-72.37345	8.203
	-72.37326	8.202991
	-72.3732	8.203012
	-72.37306	8.203125
	-72.37299	8.203162
	-72.37292	8.203174
	-72.37287	8.203207
	-72.37281	8.203317
	-72.37273	8.20342
	-72.37258	8.203545
	-72.37251	8.203648
	-72.37229	8.203797
	-72.37195	8.20395
	-72.37176	8.203959
	-72.3716	8.203867
	-72.37152	8.203773
	-72.37116	8.203238
	-72.37109	8.203049
	-72.37108	8.20286
	-72.37111	8.202742
	-72.37114	8.202681
	-72.37119	8.202632
	-72.37162	8.202428
	-72.37178	8.202307
	-72.37191	8.202157
	-72.37202	8.201966
	-72.37206	8.201838
	-72.37208	8.201387
	-72.37201	8.201092
	-72.37188	8.200879
	-72.37179	8.200803
	-72.37162	8.200706
	-72.37144	8.200657
	-72.37126	8.200679
	-72.37108	8.200739
	-72.37093	8.200812
	-72.37078	8.200916
	-72.37069	8.201007
	-72.37054	8.201205
	-72.37024	8.201451
	-72.37007	8.201546
	-72.36984	8.201598
	-72.36965	8.201607
	-72.36953	8.201594
	-72.36941	8.201552
	-72.36913	8.201403
	-72.36908	8.20136
	-72.36899	8.201229
	-72.36891	8.201068
	-72.36888	8.200955
	-72.36884	8.200767
	-72.36883	8.200456
	-72.36897	8.199896
	-72.36898	8.199449
	-72.36905	8.199178
	-72.36913	8.198999
	-72.36923	8.198911
	-72.36944	8.198841
	-72.36978	8.198822
	-72.37004	8.198764
	-72.37029	8.198661
	-72.37075	8.198369
	-72.37108	8.198259
	-72.37128	8.198217
	-72.37181	8.198056
	-72.37218	8.197849
	-72.37233	8.197721
	-72.37266	8.197515
	-72.37276	8.19743
	-72.37283	8.197326
	-72.37296	8.19704
	-72.37303	8.19694
	-72.37325	8.196788
	-72.37335	8.196636
	-72.37357	8.196395
	-72.37374	8.196277
	-72.37395	8.1961
	-72.37402	8.195991
	-72.37417	8.195866
	-72.37423	8.195747
	-72.37422	8.195297
	-72.37416	8.19512
	-72.37405	8.194901
	-72.37386	8.194588
	-72.37373	8.194442
	-72.37358	8.194314
	-72.37337	8.194098
	-72.3731	8.193924
	-72.37294	8.193842
	-72.37282	8.193821
	-72.37251	8.193836
	-72.37228	8.193912
	-72.37212	8.193985
	-72.37177	8.194283
	-72.37169	8.194369
	-72.37148	8.194518
	-72.37127	8.194646
	-72.37098	8.194761
	-72.37089	8.194847
	-72.37083	8.194953
	-72.37071	8.195105
	-72.37059	8.195324
	-72.37037	8.195641
	-72.37028	8.195732
	-72.37015	8.195945
	-72.37	8.196088
	-72.36975	8.196252
	-72.36957	8.196328
	-72.36926	8.196319
	-72.36877	8.196213
	-72.36855	8.196115
	-72.36844	8.196039
	-72.36833	8.195896
	-72.36823	8.195671
	-72.36822	8.195492
	-72.36828	8.195132
	-72.36828	8.19474
	-72.36826	8.194621
	-72.36815	8.194329
	-72.36806	8.194162
	-72.36792	8.194034
	-72.36755	8.193827
	-72.36726	8.193708
	-72.36707	8.193654
	-72.367	8.193611
	-72.36683	8.193441
	-72.36668	8.19324
	-72.36655	8.192893
	-72.36654	8.192589
	-72.36661	8.192284
	-72.36665	8.192229
	-72.36675	8.192156
	-72.36694	8.192087
	-72.36707	8.192089
	-72.36727	8.192132
	-72.36752	8.192257
	-72.36765	8.192406
	-72.36775	8.192494
	-72.36794	8.192585
	-72.36824	8.192765
	-72.36837	8.192811
	-72.36851	8.192832
	-72.36864	8.19282
	-72.36877	8.192771
	-72.36888	8.192686
	-72.36897	8.192601
	-72.36904	8.192503
	-72.3693	8.192296
	-72.36948	8.192211
	-72.36976	8.192172
	-72.36988	8.192114
	-72.36992	8.192062
	-72.37004	8.191764
	-72.37007	8.19152
	-72.36994	8.191231
	-72.36987	8.191128
	-72.36982	8.191018
	-72.36975	8.190912
	-72.36962	8.190781
	-72.36946	8.190684
	-72.36923	8.190577
	-72.36905	8.190559
	-72.36881	8.190559
	-72.36869	8.190513
	-72.36849	8.190385
	-72.36841	8.190297
	-72.36825	8.190194
	-72.36802	8.189993
	-72.3678	8.189883
	-72.36739	8.189786
	-72.3672	8.189789
	-72.36688	8.189859
	-72.36682	8.189889
	-72.36658	8.189956
	-72.36628	8.190017
	-72.36611	8.190096
	-72.36561	8.190455
	-72.3655	8.190516
	-72.3652	8.190623
	-72.36504	8.190623
	-72.3645	8.190793
	-72.36428	8.190897
	-72.36422	8.190939
	-72.36418	8.190991
	-72.36409	8.191158
	-72.36396	8.191499
	-72.36386	8.191654
	-72.36378	8.191706
	-72.36349	8.1918
	-72.36331	8.191831
	-72.36301	8.191831
	-72.36252	8.191697
	-72.36236	8.191627
	-72.36226	8.19156
	-72.36217	8.191472
	-72.36207	8.19132
	-72.36204	8.191198
	-72.36205	8.190955
	-72.36212	8.190778
	-72.36224	8.190629
	-72.36242	8.190541
	-72.36295	8.19044
	-72.36321	8.190364
	-72.36332	8.190306
	-72.36354	8.190151
	-72.36365	8.189984
	-72.36378	8.189835
	-72.36384	8.189594
	-72.36382	8.189481
	-72.36365	8.18922
	-72.36357	8.189125
	-72.36348	8.18897
	-72.36341	8.188723
	-72.3634	8.1883
	-72.36343	8.188118
	-72.36348	8.187932
	-72.36359	8.187771
	-72.3637	8.187704
	-72.36414	8.187561
	-72.36426	8.187489
	-72.36444	8.187464
	-72.36469	8.187464
	-72.36494	8.187504
	-72.36512	8.187586
	-72.36534	8.187714
	-72.36552	8.187759
	-72.36577	8.187759
	-72.36595	8.187723
	-72.36606	8.187677
	-72.36615	8.18758
	-72.36621	8.187473
	-72.36622	8.187285
	-72.36614	8.187099
	-72.36606	8.186986
	-72.36597	8.18681
	-72.36597	8.186679
	-72.366	8.186478
	-72.36606	8.186366
	-72.36605	8.186302
	-72.36622	8.185928
	-72.36626	8.185882
	-72.36642	8.185763
	-72.36677	8.185286
	-72.36688	8.185222
	-72.36705	8.184999
	-72.36714	8.184838
	-72.3672	8.184656
	-72.36719	8.1844
	-72.36716	8.18433
	-72.36716	8.184266
	-72.36705	8.184029
	-72.36692	8.183877
	-72.3668	8.183801
	-72.36667	8.183758
	-72.36645	8.183779
	-72.36631	8.183831
	-72.36617	8.183962
	-72.366	8.184077
	-72.36593	8.184108
	-72.36566	8.184166
	-72.36549	8.184284
	-72.3651	8.184449
	-72.36503	8.184491
	-72.36482	8.184756
	-72.36476	8.18479
	-72.36462	8.184826
	-72.36448	8.184826
	-72.36441	8.184805
	-72.36435	8.184777
	-72.36424	8.184689
	-72.36414	8.184573
	-72.36411	8.184512
	-72.3641	8.184324
	-72.36412	8.184071
	-72.36418	8.183755
	-72.36415	8.183566
	-72.36399	8.183179
	-72.364	8.183052
	-72.36415	8.182641
	-72.3643	8.182285
	-72.3643	8.182154
	-72.36428	8.182029
	-72.36426	8.181959
	-72.36416	8.181789
	-72.36405	8.181719
	-72.36392	8.181679
	-72.36372	8.181688
	-72.36359	8.181731
	-72.3633	8.181904
	-72.36323	8.181914
	-72.36309	8.181874
	-72.36303	8.181874
	-72.36283	8.18192
	-72.36261	8.181947
	-72.36228	8.182032
	-72.36187	8.182108
	-72.36129	8.182145
	-72.36116	8.182123
	-72.36107	8.182029
	-72.36106	8.181965
	-72.36107	8.181904
	-72.3611	8.181853
	-72.3612	8.181771
	-72.36136	8.181676
	-72.36154	8.181603
	-72.36174	8.181466
	-72.3619	8.181275
	-72.36203	8.181052
	-72.36216	8.180903
	-72.3624	8.180699
	-72.36248	8.180529
	-72.36243	8.180346
	-72.36235	8.18024
	-72.36218	8.180133
	-72.36208	8.180036
	-72.36192	8.179741
	-72.36184	8.179628
	-72.36167	8.179491
	-72.36124	8.179257
	-72.36119	8.179205
	-72.36102	8.179096
	-72.36077	8.178995
	-72.36063	8.178953
	-72.36049	8.178937
	-72.3603	8.178974
	-72.36017	8.178977
	-72.36003	8.178947
	-72.3599	8.178883
	-72.35984	8.17884
	-72.3598	8.178788
	-72.35974	8.178654
	-72.35973	8.178591
	-72.35975	8.178463
	-72.35982	8.178362
	-72.35987	8.178326
	-72.35999	8.178283
	-72.3604	8.178228
	-72.36058	8.178171
	-72.3609	8.178171
	-72.36132	8.178235
	-72.36157	8.178219
	-72.36177	8.178082
	-72.36182	8.178031
	-72.36188	8.177924
	-72.3619	8.177799
	-72.36184	8.177608
	-72.36158	8.177306
	-72.36151	8.177285
	-72.36136	8.177163
	-72.36118	8.177054
	-72.36097	8.176856
	-72.36079	8.176737
	-72.36067	8.176679
	-72.36047	8.176655
	-72.36031	8.176679
	-72.36019	8.176734
	-72.35985	8.176938
	-72.35972	8.176941
	-72.35966	8.176914
	-72.35961	8.176859
	-72.35957	8.176807
	-72.35955	8.176749
	-72.35953	8.176625
	-72.35955	8.1765
	-72.35962	8.17632
	-72.35961	8.176132
	-72.35956	8.176013
	-72.3592	8.175523
	-72.35916	8.175398
	-72.35915	8.175273
	-72.35919	8.17513
	-72.3594	8.174896
	-72.35947	8.174771
	-72.35948	8.174711
	-72.35947	8.174647
	-72.35941	8.174525
	-72.3593	8.174458
	-72.35923	8.174437
	-72.3591	8.174431
	-72.35903	8.174443
	-72.35879	8.174583
	-72.35866	8.174628
	-72.35845	8.174653
	-72.35831	8.174631
	-72.35818	8.174565
	-72.35807	8.174485
	-72.35787	8.174214
	-72.35782	8.174178
	-72.35769	8.174145
	-72.35749	8.174129
	-72.3574	8.174038
	-72.35738	8.173977
	-72.35739	8.173916
	-72.35742	8.173858
	-72.35751	8.173782
	-72.35774	8.173694
	-72.35804	8.173642
	-72.35828	8.173667
	-72.3584	8.173658
	-72.35852	8.17367
	-72.35876	8.173712
	-72.35924	8.17388
	-72.3593	8.173892
	-72.35942	8.17388
	-72.35948	8.173852
	-72.35956	8.173767
	-72.35957	8.173642
	-72.35955	8.173515
	-72.3596	8.173265
	-72.3596	8.173137
	-72.35955	8.173013
	-72.35948	8.172897
	-72.35943	8.172857
	-72.35931	8.172806
	-72.35918	8.172775
	-72.35904	8.172778
	-72.35891	8.172818
	-72.35866	8.173034
	-72.35854	8.173079
	-72.35841	8.173061
	-72.35835	8.173034
	-72.35829	8.172991
	-72.35821	8.172894
	-72.3582	8.172833
	-72.35823	8.172708
	-72.35827	8.172656
	-72.35842	8.172541
	-72.35846	8.172489
	-72.35848	8.172428
	-72.35848	8.172364
	-72.35842	8.172249
	-72.35842	8.172188
	-72.35849	8.172014
	-72.35865	8.171795
	-72.3588	8.171674
	-72.35888	8.171582
	-72.35893	8.171473
	-72.35892	8.171406
	-72.3589	8.171348
	-72.3588	8.171257
	-72.35846	8.171165
	-72.35833	8.171114
	-72.35816	8.170983
	-72.35812	8.170931
	-72.3581	8.170867
	-72.35803	8.170748
	-72.35797	8.170563
	-72.35783	8.170268
	-72.35774	8.170021
	-72.35769	8.169702
	-72.35764	8.169534
	-72.35766	8.169343
	-72.35776	8.169102
	-72.35777	8.168974
	-72.35776	8.16891
	-72.35752	8.168591
	-72.35738	8.168481
	-72.35707	8.168283
	-72.35697	8.168183
	-72.35695	8.168122
	-72.35695	8.167994
	-72.357	8.167818
	-72.35701	8.167687
	-72.35696	8.167568
	-72.35687	8.167474
	-72.35676	8.16741
	-72.35634	8.167343
	-72.35615	8.167276
	-72.3561	8.167231
	-72.35604	8.167112
	-72.3559	8.166735
	-72.35581	8.166637
	-72.35561	8.166528
	-72.35545	8.166485
	-72.35517	8.166473
	-72.3549	8.166397
	-72.35484	8.166363
	-72.35475	8.166257
	-72.35461	8.166032
	-72.35446	8.165901
	-72.35433	8.165834
	-72.35399	8.165752
	-72.35393	8.165721
	-72.35385	8.165612
	-72.35384	8.165487
	-72.35386	8.165359
	-72.35393	8.165256
	-72.35395	8.165198
	-72.35425	8.164781
	-72.35426	8.164723
	-72.35432	8.164623
	-72.35453	8.164336
	-72.35481	8.164078
	-72.3549	8.163901
	-72.3549	8.163837
	-72.3551	8.16353
	-72.35536	8.163369
	-72.35549	8.163232
	-72.35552	8.163177
	-72.35552	8.163043
	-72.35549	8.162982
	-72.35538	8.162906
	-72.35531	8.162906
	-72.35512	8.162946
	-72.35505	8.162943
	-72.35485	8.162888
	-72.3548	8.162845
	-72.35475	8.162793
	-72.35472	8.162733
	-72.3546	8.162355
	-72.35445	8.162066
	-72.35432	8.161881
	-72.3543	8.16182
	-72.3543	8.161692
	-72.35432	8.161631
	-72.35446	8.161506
	-72.35469	8.161412
	-72.35473	8.16136
	-72.35475	8.161299
	-72.35475	8.161235
	-72.35474	8.161168
	-72.35469	8.161044
	-72.35456	8.160895
	-72.3545	8.160776
	-72.35444	8.16052
	-72.3544	8.160466
	-72.35436	8.160338
	-72.35435	8.160213
	-72.35437	8.160152
	-72.35438	8.159839
	-72.35435	8.159778
	-72.35434	8.159653
	-72.35435	8.159592
	-72.3544	8.159482
	-72.35439	8.159291
	-72.35429	8.159123
	-72.354	8.158917
	-72.35396	8.158865
	-72.35393	8.158737
	-72.35395	8.158609
	-72.35404	8.15835
	-72.35428	8.157909
	-72.3543	8.157848
	-72.3543	8.15766
	-72.35423	8.15748
	-72.35402	8.157316
	-72.35389	8.157264
	-72.35382	8.157249
	-72.35354	8.157249
	-72.35309	8.157407
	-72.35279	8.157565
	-72.35259	8.157614
	-72.3524	8.157629
	-72.35233	8.157608
	-72.35228	8.157562
	-72.35226	8.157498
	-72.35226	8.157437
	-72.35228	8.15738
	-72.35232	8.157331
	-72.35256	8.1572
	-72.35274	8.157158
	-72.35291	8.157091
	-72.35296	8.157051
	-72.35324	8.156713
	-72.35343	8.156552
	-72.35354	8.156506
	-72.35366	8.156491
	-72.3539	8.15654
	-72.354	8.156607
	-72.35413	8.156735
	-72.35418	8.156765
	-72.35424	8.156774
	-72.35442	8.156768
	-72.35454	8.156792
	-72.35466	8.156786
	-72.35476	8.156732
	-72.3548	8.15668
	-72.35485	8.156567
	-72.35482	8.156254
	-72.3549	8.156077
	-72.3549	8.155946
	-72.35478	8.155764
	-72.35469	8.155663
	-72.35411	8.155271
	-72.35399	8.155119
	-72.35394	8.154994
	-72.35392	8.154738
	-72.35395	8.15462
	-72.35404	8.15454
	-72.3541	8.154513
	-72.35422	8.154516
	-72.35446	8.154586
	-72.35468	8.154626
	-72.35486	8.154629
	-72.3551	8.154589
	-72.35535	8.154498
	-72.35572	8.154449
	-72.35584	8.154407
	-72.3559	8.154349
	-72.35594	8.154297
	-72.35599	8.154178
	-72.35603	8.154127
	-72.35608	8.154099
	-72.35644	8.15398
	-72.35672	8.153859
	-72.35684	8.153837
	-72.35696	8.153837
	-72.35708	8.153859
	-72.35747	8.154014
	-72.35759	8.154008
	-72.35766	8.153984
	-72.35792	8.153819
	-72.35837	8.153597
	-72.35862	8.15342
	-72.35871	8.153332
	-72.35878	8.153232
	-72.35881	8.15311
	-72.35879	8.152985
	-72.35867	8.152748
	-72.35863	8.152489
	-72.35863	8.152109
	-72.35867	8.151768
	-72.35874	8.151589
	-72.35888	8.151381
	-72.35897	8.151287
	-72.35927	8.151077
	-72.35944	8.150983
	-72.35978	8.150837
	-72.36007	8.150758
	-72.36031	8.150752
	-72.36043	8.1507
	-72.36062	8.15066
	-72.36095	8.150502
	-72.36119	8.150456
	-72.36157	8.150459
	-72.36175	8.150408
	-72.36182	8.150405
	-72.36194	8.150417
	-72.36201	8.150475
	-72.36216	8.150676
	-72.36225	8.150752
	-72.36253	8.150855
	-72.36338	8.151032
	-72.36382	8.15101
	-72.36412	8.150946
	-72.36423	8.150907
	-72.36439	8.150809
	-72.36445	8.150697
	-72.36449	8.150329
	-72.36455	8.15021
	-72.36464	8.150109
	-72.36474	8.150033
	-72.36485	8.149982
	-72.36497	8.149939
	-72.3652	8.149893
	-72.36537	8.149802
	-72.36551	8.149659
	-72.36558	8.149492
	-72.36578	8.149333
	-72.36588	8.149178
	-72.366	8.148807
	-72.36601	8.148679
	-72.36598	8.148557
	-72.36587	8.148396
	-72.36576	8.148323
	-72.36562	8.148283
	-72.36549	8.148277
	-72.3653	8.148293
	-72.36517	8.148268
	-72.36499	8.148159
	-72.36483	8.148025
	-72.36472	8.147863
	-72.36463	8.147681
	-72.36459	8.147498
	-72.36459	8.14737
	-72.36463	8.147188
	-72.36462	8.146923
	-72.36458	8.146673
	-72.36438	8.146251
	-72.36436	8.146114
	-72.36436	8.145715
	-72.36441	8.145529
	-72.36449	8.14535
	-72.36452	8.145167
	-72.36452	8.145042
	-72.36458	8.14472
	-72.3646	8.144525
	-72.36466	8.144342
	-72.36475	8.14416
	-72.36498	8.143871
	-72.3653	8.143673
	-72.36541	8.143584
	-72.36575	8.14342
	-72.36597	8.143289
	-72.36625	8.143024
	-72.36633	8.14293
	-72.3664	8.142754
	-72.36645	8.142568
	-72.36645	8.142379
	-72.36647	8.142315
	-72.3665	8.142264
	-72.36659	8.142178
	-72.36664	8.142066
	-72.36659	8.141938
	-72.36634	8.14171
	-72.36627	8.1416
	-72.36622	8.141338
	-72.36613	8.141068
	-72.36601	8.140903
	-72.36575	8.140681
	-72.36566	8.140581
	-72.36566	8.14052
	-72.3657	8.140404
	-72.3659	8.140243
	-72.36604	8.140027
	-72.36605	8.139893
	-72.36603	8.139826
	-72.36592	8.139747
	-72.36573	8.139671
	-72.36566	8.139649
	-72.36546	8.139628
	-72.36499	8.139698
	-72.36487	8.13975
	-72.36465	8.139777
	-72.36452	8.139817
	-72.3644	8.139872
	-72.36418	8.140012
	-72.36377	8.140145
	-72.3634	8.140307
	-72.36329	8.140386
	-72.363	8.140818
	-72.36276	8.141068
	-72.36254	8.141238
	-72.36241	8.141293
	-72.36228	8.14129
	-72.36223	8.141256
	-72.3622	8.141202
	-72.36215	8.141071
	-72.3621	8.140751
	-72.36205	8.140629
	-72.36202	8.140447
	-72.36204	8.140319
	-72.36204	8.14013
	-72.36201	8.139948
	-72.36201	8.139634
	-72.36207	8.139302
	-72.36224	8.138882
	-72.36237	8.138736
	-72.36257	8.138584
	-72.36261	8.138533
	-72.36262	8.138472
	-72.36268	8.138417
	-72.36273	8.138301
	-72.36301	8.138049
	-72.3633	8.137635
	-72.36348	8.137452
	-72.36369	8.137288
	-72.36399	8.137166
	-72.36411	8.137151
	-72.36423	8.137108
	-72.36477	8.136789
	-72.36506	8.136548
	-72.36512	8.136442
	-72.36511	8.13625
	-72.36509	8.136192
	-72.36498	8.136119
	-72.36437	8.136013
	-72.36419	8.135927
	-72.36409	8.135833
	-72.36398	8.135659
	-72.3638	8.135303
	-72.36374	8.135063
	-72.36375	8.134807
	-72.36383	8.134555
	-72.36383	8.13443
	-72.36378	8.134168
	-72.36372	8.133976
	-72.36366	8.133855
	-72.3635	8.13373
	-72.36332	8.133651
	-72.36305	8.133572
	-72.36279	8.133471
	-72.36257	8.133426
	-72.36229	8.133429
	-72.36217	8.133465
	-72.36198	8.13356
	-72.36184	8.133687
	-72.36174	8.133864
	-72.36163	8.134241
	-72.36156	8.134345
	-72.36145	8.134412
	-72.36138	8.13443
	-72.36131	8.134424
	-72.36125	8.13439
	-72.36121	8.134339
	-72.36118	8.134281
	-72.36117	8.134214
	-72.36117	8.134031
	-72.3612	8.133843
	-72.36121	8.133526
	-72.36125	8.133057
	-72.36129	8.132866
	-72.36135	8.132756
	-72.3615	8.132555
	-72.3617	8.132412
	-72.36186	8.132269
	-72.36206	8.132132
	-72.36223	8.132071
	-72.36236	8.132071
	-72.36248	8.132102
	-72.36258	8.132169
	-72.36274	8.132357
	-72.36285	8.132443
	-72.36302	8.132528
	-72.36326	8.132583
	-72.36357	8.13257
	-72.36399	8.132501
	-72.36412	8.132464
	-72.36422	8.1324
	-72.36426	8.132351
	-72.36429	8.132297
	-72.3643	8.132236
	-72.36428	8.131983
	-72.36428	8.131661
	-72.36429	8.13159
	-72.36434	8.131475
	-72.36436	8.131353
	-72.36439	8.131298
	-72.36439	8.131164
	-72.36423	8.130857
	-72.36422	8.130662
	-72.3643	8.130486
	-72.36448	8.130221
	-72.36454	8.130029
	-72.36456	8.129901
	-72.36455	8.12974
	-72.3645	8.129618
	-72.36435	8.129484
	-72.36428	8.129457
	-72.36415	8.12943
	-72.36374	8.129448
	-72.36367	8.129436
	-72.36356	8.129366
	-72.36351	8.129247
	-72.36352	8.129122
	-72.36354	8.129067
	-72.36382	8.128723
	-72.36387	8.128608
	-72.36388	8.128544
	-72.36387	8.128419
	-72.36384	8.128355
	-72.36372	8.128197
	-72.36367	8.128154
	-72.36343	8.128057
	-72.36329	8.128048
	-72.36323	8.128051
	-72.36304	8.128121
	-72.36284	8.128163
	-72.36271	8.128179
	-72.36235	8.128173
	-72.36196	8.128261
	-72.36175	8.128252
	-72.36164	8.128173
	-72.36164	8.12799
	-72.36172	8.12782
	-72.36199	8.12747
	-72.36246	8.127123
	-72.36256	8.126913
	-72.3626	8.126794
	-72.36262	8.126663
	-72.36262	8.126407
	-72.36261	8.126344
	-72.36255	8.126219
	-72.36252	8.126088
	-72.36249	8.126027
	-72.36245	8.125841
	-72.3624	8.12579
	-72.36223	8.125683
	-72.36216	8.125665
	-72.362	8.125662
	-72.36179	8.125723
	-72.36159	8.125896
	-72.36151	8.125993
	-72.36139	8.126057
	-72.36132	8.126073
	-72.36112	8.126073
	-72.36105	8.126057
	-72.36093	8.126
	-72.36085	8.125896
	-72.36079	8.125713
	-72.36077	8.12558
	-72.36064	8.125278
	-72.36067	8.125059
	-72.36076	8.124971
	-72.36082	8.124947
	-72.36094	8.124925
	-72.36118	8.124916
	-72.36134	8.124816
	-72.36142	8.124715
	-72.36151	8.124548
	-72.36155	8.124423
	-72.36154	8.124228
	-72.36151	8.124101
	-72.3614	8.123933
	-72.36121	8.123808
	-72.36114	8.12379
	-72.36081	8.123802
	-72.36075	8.123772
	-72.3607	8.123723
	-72.36067	8.123665
	-72.36067	8.123544
	-72.36069	8.123483
	-72.3606	8.123035
	-72.36063	8.122853
	-72.36071	8.122685
	-72.36072	8.122381
	-72.36064	8.122226
	-72.36058	8.121909
	-72.36041	8.121611
	-72.36019	8.121434
	-72.3601	8.121331
	-72.35998	8.121243
	-72.35973	8.121112
	-72.3594	8.120996
	-72.35922	8.120893
	-72.35903	8.120698
	-72.35893	8.12053
	-72.35893	8.12047
	-72.35898	8.120336
	-72.35902	8.120284
	-72.35908	8.120275
	-72.35919	8.120308
	-72.35929	8.120381
	-72.35936	8.120473
	-72.35958	8.120597
	-72.3597	8.120603
	-72.35982	8.120576
	-72.36003	8.120448
	-72.3601	8.120348
	-72.36015	8.120159
	-72.36015	8.120031
	-72.36012	8.119907
	-72.36004	8.119803
	-72.35974	8.119654
	-72.35969	8.119605
	-72.35966	8.119547
	-72.35968	8.119416
	-72.35972	8.119371
	-72.3599	8.119307
	-72.36002	8.119319
	-72.36008	8.119343
	-72.36016	8.119423
	-72.36034	8.119477
	-72.36047	8.119468
	-72.36072	8.119304
	-72.36085	8.119304
	-72.36091	8.119322
	-72.361	8.119407
	-72.36107	8.119578
	-72.36107	8.119699
	-72.36102	8.119818
	-72.36089	8.119967
	-72.36086	8.120028
	-72.36085	8.120089
	-72.36086	8.120147
	-72.36095	8.120217
	-72.36107	8.120241
	-72.36119	8.120241
	-72.36156	8.120129
	-72.36175	8.120116
	-72.36181	8.120135
	-72.36192	8.120217
	-72.36204	8.120269
	-72.36222	8.12026
	-72.36232	8.120199
	-72.36237	8.12015
	-72.36242	8.120031
	-72.36241	8.119907
	-72.36237	8.119782
	-72.36228	8.119611
	-72.36207	8.11935
	-72.362	8.119231
	-72.36199	8.119109
	-72.36201	8.119048
	-72.36205	8.119006
	-72.36217	8.118987
	-72.36229	8.119015
	-72.36263	8.119152
	-72.36269	8.119158
	-72.36297	8.119033
	-72.3631	8.119015
	-72.36334	8.119054
	-72.36355	8.119118
	-72.36367	8.119121
	-72.36385	8.119164
	-72.36397	8.11917
	-72.36403	8.119161
	-72.36408	8.11913
	-72.36416	8.119039
	-72.36428	8.118802
	-72.36433	8.118753
	-72.36438	8.118723
	-72.3645	8.118689
	-72.36456	8.118695
	-72.36466	8.118747
	-72.36483	8.11892
	-72.36498	8.119027
	-72.36515	8.119067
	-72.36527	8.119042
	-72.36533	8.119018
	-72.36537	8.118975
	-72.3655	8.118896
	-72.36556	8.11879
	-72.36582	8.118516
	-72.3659	8.118336
	-72.3659	8.11815
	-72.36588	8.11808
	-72.36569	8.117733
	-72.36567	8.117672
	-72.36566	8.117609
	-72.36569	8.117548
	-72.36579	8.11749
	-72.36592	8.11749
	-72.36603	8.117517
	-72.36618	8.117624
	-72.36638	8.117861
	-72.36643	8.117898
	-72.36655	8.117907
	-72.36664	8.117843
	-72.36671	8.117667
	-72.3668	8.117505
	-72.36695	8.117387
	-72.36712	8.117332
	-72.36736	8.117304
	-72.3676	8.117247
	-72.36771	8.117186
	-72.36785	8.11707
	-72.36795	8.116903
	-72.36801	8.116726
	-72.368	8.116601
	-72.36786	8.11626
	-72.36777	8.116148
	-72.36774	8.116087
	-72.3677	8.115825
	-72.36761	8.115645
	-72.36743	8.115359
	-72.36738	8.115235
	-72.36738	8.115171
	-72.36744	8.115055
	-72.36758	8.114921
	-72.36765	8.114818
	-72.36769	8.114492
	-72.36771	8.114431
	-72.36787	8.114236
	-72.36788	8.114172
	-72.36797	8.114048
	-72.36803	8.114017
	-72.36815	8.113996
	-72.36825	8.113938
	-72.36855	8.113606
	-72.36866	8.113539
	-72.3689	8.11346
	-72.36921	8.113469
	-72.36926	8.113488
	-72.36938	8.113494
	-72.36963	8.113466
	-72.36975	8.11343
	-72.37	8.113433
	-72.37012	8.113454
	-72.37064	8.113661
	-72.3707	8.113667
	-72.37088	8.113655
	-72.37098	8.113594
	-72.37102	8.113546
	-72.37104	8.113485
	-72.37103	8.113351
	-72.37093	8.113174
	-72.37085	8.112989
	-72.37075	8.112873
	-72.37064	8.112791
	-72.37046	8.112696
	-72.37032	8.112699
	-72.37019	8.112745
	-72.37013	8.112751
	-72.37005	8.112751
	-72.36999	8.112724
	-72.36994	8.112675
	-72.36992	8.112617
	-72.36994	8.112425
	-72.37007	8.112215
	-72.37018	8.112151
	-72.3703	8.112112
	-72.37036	8.1121
	-72.37061	8.112103
	-72.37085	8.112185
	-72.37097	8.112176
	-72.37108	8.112121
	-72.37116	8.112024
	-72.37118	8.111963
	-72.37119	8.111774
	-72.37125	8.111561
	-72.37128	8.111506
	-72.37133	8.111461
	-72.37139	8.111351
	-72.37166	8.111092
	-72.37194	8.110952
	-72.37199	8.110919
	-72.37202	8.11087
	-72.37204	8.110806
	-72.37203	8.110678
	-72.37201	8.110615
	-72.37194	8.110496
	-72.37192	8.110371
	-72.37184	8.110115
	-72.37184	8.10993
	-72.37189	8.109735
	-72.37192	8.10968
	-72.37205	8.109531
	-72.37228	8.109397
	-72.37234	8.109385
	-72.37252	8.109394
	-72.37269	8.109324
	-72.37279	8.109166
	-72.37292	8.108877
	-72.37291	8.108749
	-72.37284	8.108633
	-72.3726	8.10849
	-72.37255	8.108365
	-72.3725	8.108323
	-72.37231	8.108253
	-72.37226	8.108207
	-72.37224	8.108085
	-72.37226	8.10803
	-72.37235	8.107939
	-72.3725	8.107845
	-72.37265	8.107781
	-72.37279	8.107665
	-72.37283	8.107613
	-72.3729	8.10744
	-72.37294	8.107385
	-72.37311	8.107184
	-72.37326	8.107072
	-72.37335	8.106983
	-72.37338	8.106865
	-72.37336	8.106612
	-72.37326	8.106518
	-72.37314	8.106457
	-72.37294	8.106448
	-72.37279	8.106423
	-72.37266	8.106359
	-72.37262	8.106305
	-72.37258	8.10618
	-72.37257	8.105988
	-72.37259	8.105933
	-72.37281	8.105833
	-72.37289	8.105733
	-72.37307	8.10572
	-72.37313	8.105739
	-72.37334	8.105848
	-72.37349	8.105958
	-72.37356	8.105979
	-72.37362	8.10597
	-72.37367	8.10593
	-72.3737	8.10587
	-72.37371	8.105806
	-72.37368	8.105608
	-72.37361	8.10534
	-72.37364	8.105084
	-72.37361	8.104956
	-72.37358	8.104899
	-72.37348	8.10481
	-72.37341	8.104789
	-72.37327	8.104789
	-72.37301	8.104871
	-72.37284	8.104959
	-72.3727	8.104956
	-72.37258	8.104911
	-72.37254	8.104862
	-72.37247	8.104743
	-72.37243	8.104619
	-72.37243	8.104217
	-72.37248	8.103967
	-72.37254	8.103861
	-72.37284	8.103523
	-72.37294	8.103362
	-72.37301	8.103185
	-72.37299	8.103002
	-72.37295	8.102914
	-72.373	8.102741
	-72.37306	8.102628
	-72.3733	8.102406
	-72.37335	8.10229
	-72.3733	8.102101
	-72.37326	8.102053
	-72.37302	8.101904
	-72.37293	8.101797
	-72.3729	8.101736
	-72.37289	8.101608
	-72.37291	8.101551
	-72.37302	8.101487
	-72.37309	8.101377
	-72.37311	8.101307
	-72.37309	8.101115
	-72.37302	8.100972
	-72.37302	8.100911
	-72.37296	8.100662
	-72.37286	8.100482
	-72.37262	8.100135
	-72.37255	8.100007
	-72.37253	8.099944
	-72.37253	8.099752
	-72.37251	8.099682
	-72.37234	8.099386
	-72.37229	8.099192
	-72.37224	8.099067
	-72.37208	8.098845
	-72.37201	8.098729
	-72.37196	8.098604
	-72.37205	8.098303
	-72.37201	8.098181
	-72.37195	8.098059
	-72.37176	8.097767
	-72.37174	8.097646
	-72.37164	8.097435
	-72.37159	8.09739
	-72.37147	8.097222
	-72.37147	8.097101
	-72.3715	8.097043
	-72.37163	8.096906
	-72.3717	8.096799
	-72.3717	8.096598
	-72.3716	8.096428
	-72.37154	8.096242
	-72.37145	8.096072
	-72.37135	8.095968
	-72.37123	8.095792
	-72.37113	8.095704
	-72.37102	8.095536
	-72.37096	8.095287
	-72.37082	8.094976
	-72.37082	8.094848
	-72.37084	8.094784
	-72.37096	8.094562
	-72.37096	8.094434
	-72.37093	8.094367
	-72.37085	8.094261
	-72.37081	8.094139
	-72.37084	8.093999
	-72.3709	8.093889
	-72.37089	8.093829
	-72.37074	8.093682
	-72.37067	8.093655
	-72.3706	8.093649
	-72.37053	8.093664
	-72.37041	8.093716
	-72.3702	8.093774
	-72.37005	8.093765
	-72.36987	8.093682
	-72.36985	8.093558
	-72.36988	8.093503
	-72.36997	8.093424
	-72.37009	8.093375
	-72.37009	8.093311
	-72.37	8.093214
	-72.36986	8.09318
	-72.36973	8.093177
	-72.36956	8.09325
	-72.36932	8.093284
	-72.36918	8.093287
	-72.36905	8.093253
	-72.36886	8.093168
	-72.3688	8.09312
	-72.36876	8.093062
	-72.36871	8.092806
	-72.3685	8.092633
	-72.36846	8.092578
	-72.36845	8.092517
	-72.36835	8.09241
	-72.36829	8.092389
	-72.36816	8.09241
	-72.3681	8.092441
	-72.36791	8.092617
	-72.36785	8.092648
	-72.36779	8.092657
	-72.36766	8.092645
	-72.3676	8.092608
	-72.36748	8.092477
	-72.36746	8.092404
	-72.36746	8.092149
	-72.36742	8.092024
	-72.36731	8.091935
	-72.36724	8.091908
	-72.36719	8.091862
	-72.36717	8.091802
	-72.36712	8.09175
	-72.367	8.091692
	-72.36673	8.091634
	-72.36668	8.091591
	-72.36666	8.09147
	-72.36657	8.091293
	-72.36645	8.091235
	-72.36631	8.091248
	-72.36618	8.091308
	-72.36612	8.091318
	-72.36605	8.091311
	-72.36599	8.091275
	-72.36594	8.091147
	-72.36591	8.090894
	-72.36588	8.090831
	-72.36577	8.090724
	-72.36557	8.090666
	-72.36544	8.090675
	-72.36501	8.09084
	-72.36487	8.090864
	-72.36471	8.090974
	-72.36458	8.09112
	-72.36451	8.091126
	-72.36446	8.091089
	-72.36438	8.090913
	-72.36431	8.090888
	-72.36411	8.090888
	-72.36403	8.09091
	-72.36396	8.090898
	-72.3639	8.090873
	-72.36382	8.09077
	-72.36375	8.090754
	-72.36368	8.090761
	-72.36356	8.090821
	-72.36347	8.090913
	-72.36333	8.090916
	-72.3632	8.09087
	-72.36299	8.090709
	-72.3626	8.090642
	-72.36253	8.090614
	-72.36244	8.090514
	-72.36234	8.09035
	-72.36221	8.08996
	-72.36211	8.089885
	-72.36194	8.089824
	-72.36177	8.089795
	-72.36161	8.089853
	-72.36145	8.089864
	-72.3612	8.089597
	-72.36107	8.089397
	-72.36096	8.089278
	-72.36067	8.089203
	-72.36042	8.089261
	-72.36015	8.089394
	-72.35996	8.089446
	-72.35973	8.089499
	-72.35954	8.089493
	-72.3593	8.089318
	-72.35878	8.088785
	-72.35836	8.088772
	-72.35819	8.088753
	-72.35797	8.088703
	-72.35769	8.08851
	-72.35751	8.088327
	-72.35731	8.088081
	-72.35697	8.087579
	-72.35688	8.087481
	-72.35677	8.087291
	-72.3563	8.086751
	-72.3562	8.08641
	-72.35614	8.08597
	-72.356	8.085486
	-72.35575	8.085126
	-72.35547	8.084804
	-72.35527	8.084646
	-72.35506	8.084368
	-72.35501	8.08419
	-72.35466	8.08391
	-72.35438	8.083767
	-72.35369	8.083461
	-72.35338	8.083159
	-72.35322	8.082971
	-72.35312	8.082811
	-72.35307	8.082667
	-72.35295	8.082467
	-72.35269	8.082264
	-72.35234	8.082044
	-72.35199	8.081762
	-72.35137	8.081023
	-72.35121	8.080761
	-72.351	8.080349
	-72.3509	8.080027
	-72.35087	8.079883
	-72.35086	8.079597
	-72.35098	8.079386
	-72.35106	8.079098
	-72.35089	8.078665
	-72.35084	8.078458
	-72.35084	8.078258
	-72.3509	8.078064
	-72.35099	8.077863
	-72.35113	8.077622
	-72.35127	8.077439
	-72.35178	8.076939
	-72.35198	8.076578
	-72.35202	8.076396
	-72.35212	8.076252
	-72.35211	8.076229
	-72.35218	8.076019
	-72.3522	8.075818
	-72.35219	8.075627
	-72.35215	8.075417
	-72.35191	8.075005
	-72.3518	8.07477
	-72.3517	8.074507
	-72.35171	8.073988
	-72.35176	8.073752
	-72.35179	8.073427
	-72.35191	8.072706
	-72.35197	8.071961
	-72.35164	8.071252
	-72.35158	8.070698
	-72.35158	8.070389
	-72.3516	8.070103
	-72.35165	8.069867
	-72.35143	8.069234
	-72.35114	8.068919
	-72.35092	8.0686
	-72.35082	8.068251
	-72.35071	8.067668
	-72.35045	8.066925
	-72.35017	8.066364
	-72.35001	8.065895
	-72.34992	8.065479
	-72.34985	8.065312
	-72.34977	8.065005
	-72.34972	8.064896
	-72.3497	8.064691
	-72.34973	8.064542
	-72.34977	8.064152
	-72.34973	8.063472
	-72.34979	8.063311
	-72.34983	8.062618
	-72.34977	8.06219
	-72.34959	8.061843
	-72.3495	8.061376
	-72.34941	8.061094
	-72.34899	8.060327
	-72.34872	8.059989
	-72.34822	8.059428
	-72.348	8.058996
	-72.34782	8.058229
	-72.34796	8.057711
	-72.34813	8.057328
	-72.34822	8.057
	-72.34826	8.056679
	-72.34824	8.056464
	-72.34806	8.056113
	-72.34801	8.055913
	-72.34802	8.055616
	-72.34817	8.055048
	-72.34829	8.054693
	-72.34833	8.054308
	-72.34825	8.053892
	-72.34806	8.053601
	-72.34796	8.05348
	-72.34788	8.053339
	-72.34787	8.053114
	-72.34799	8.052451
	-72.34816	8.051806
	-72.34821	8.051218
	-72.34822	8.050802
	-72.3481	8.050432
	-72.3481	8.049998
	-72.34826	8.049608
	-72.34826	8.049265
	-72.34812	8.048693
	-72.34803	8.04823
	-72.34798	8.047857
	-72.34802	8.047457
	-72.34816	8.047153
	-72.34828	8.046798
	-72.34829	8.046541
	-72.34835	8.046226
	-72.34833	8.046146
	-72.34816	8.045814
	-72.34763	8.045141
	-72.34746	8.044843
	-72.34733	8.044477
	-72.34727	8.044185
	-72.34704	8.04358
	-72.34687	8.043347
	-72.34694	8.0427
	-72.34684	8.042391
	-72.34684	8.042025
	-72.34713	8.041617
	-72.34758	8.041031
	-72.34771	8.040768
	-72.34763	8.040389
	-72.34743	8.04027
	-72.34713	8.040351
	-72.34655	8.040252
	-72.34632	8.040041
	-72.34627	8.039909
	-72.34633	8.039491
	-72.3465	8.039176
	-72.34668	8.03893
	-72.34674	8.038574
	-72.3465	8.038175
	-72.3464	8.037929
	-72.34638	8.037614
	-72.34647	8.03714
	-72.34669	8.036978
	-72.34694	8.036667
	-72.34713	8.0365
	-72.34729	8.036197
	-72.34748	8.035647
	-72.34782	8.035051
	-72.34829	8.034786
	-72.34878	8.034738
	-72.34901	8.034572
	-72.34908	8.034102
	-72.34919	8.033788
	-72.34935	8.033535
	-72.34972	8.033196
	-72.35	8.032846
	-72.35017	8.032663
	-72.35064	8.03249
	-72.35096	8.032321
	-72.35141	8.032034
	-72.35297	8.031955
	-72.35335	8.031908
	-72.35364	8.031655
	-72.35388	8.030929
	-72.35323	8.030576
	-72.35311	8.030467
	-72.35301	8.030271
	-72.35289	8.030238
	-72.35272	8.030137
	-72.35189	8.029154
	-72.35185	8.029065
	-72.35187	8.027566
	-72.35193	8.027415
	-72.35199	8.027321
	-72.35156	8.027139
	-72.35113	8.026859
	-72.35069	8.026466
	-72.35029	8.025999
	-72.34993	8.025348
	-72.34947	8.023961
	-72.34909	8.023565
	-72.34788	8.022586
	-72.34761	8.022444
	-72.34693	8.021851
	-72.34665	8.021473
	-72.34646	8.021137
	-72.34573	8.019559
	-72.34671	8.016905
	-72.34721	8.017091
	-72.34714	8.016689
	-72.34713	8.016385
	-72.34719	8.016136
	-72.34731	8.015901
	-72.34757	8.015727
	-72.34763	8.015641
	-72.34772	8.015556
	-72.34789	8.015463
	-72.34798	8.015344
	-72.34799	8.01531
	-72.34812	8.015212
	-72.3482	8.015097
	-72.34825	8.015055
	-72.34833	8.014906
	-72.34832	8.014795
	-72.34835	8.014744
	-72.34843	8.014642
	-72.34865	8.014485
	-72.34874	8.014387
	-72.34882	8.014242
	-72.34892	8.014178
	-72.34902	8.014068
	-72.34907	8.013953
	-72.34913	8.013881
	-72.34914	8.013838
	-72.34919	8.013762
	-72.34922	8.013541
	-72.34926	8.013456
	-72.34937	8.013383
	-72.34943	8.013311
	-72.34943	8.013285
	-72.34946	8.013247
	-72.34954	8.013188
	-72.34963	8.013158
	-72.34973	8.012979
	-72.3498	8.012907
	-72.34982	8.012864
	-72.34993	8.012767
	-72.35	8.012643
	-72.35	8.012562
	-72.35006	8.012443
	-72.35026	8.012239
	-72.3504	8.012061
	-72.35046	8.011882
	-72.35049	8.011844
	-72.3506	8.011814
	-72.3506	8.011788
	-72.35067	8.011708
	-72.3507	8.011631
	-72.35073	8.011609
	-72.35065	8.011516
	-72.35058	8.011342
	-72.35048	8.011261
	-72.35042	8.011163
	-72.35037	8.011099
	-72.35031	8.011057
	-72.35025	8.010963
	-72.35011	8.010891
	-72.35	8.010789
	-72.34997	8.01067
	-72.34984	8.010513
	-72.34978	8.010368
	-72.34968	8.010232
	-72.34961	8.010032
	-72.34961	8.009926
	-72.34958	8.009832
	-72.34958	8.009747
	-72.34953	8.009611
	-72.34954	8.009177
	-72.3496	8.009126
	-72.3496	8.00902
	-72.34952	8.008756
	-72.34946	8.008629
	-72.34943	8.008599
	-72.34937	8.008382
	-72.34932	8.00828
	-72.34936	8.008164
	-72.34948	8.007994
	-72.34953	8.007887
	-72.34959	8.0077
	-72.3496	8.007582
	-72.34957	8.007114
	-72.34959	8.006736
	-72.34949	8.006668
	-72.34937	8.006477
	-72.34932	8.006318
	-72.3493	8.006194
	-72.34916	8.005876
	-72.34909	8.005754
	-72.34907	8.005663
	-72.3491	8.005593
	-72.34909	8.005461
	-72.34923	8.005286
	-72.34925	8.00517
	-72.34933	8.005083
	-72.34943	8.005007
	-72.3495	8.004908
	-72.34952	8.004786
	-72.34957	8.004682
	-72.34966	8.004594
	-72.34975	8.004525
	-72.34997	8.004478
	-72.35008	8.004432
	-72.35017	8.00435
	-72.35037	8.00421
	-72.35045	8.004129
	-72.35057	8.004123
	-72.35068	8.00417
	-72.35075	8.004251
	-72.35099	8.004309
	-72.35111	8.004309
	-72.35144	8.004408
	-72.35167	8.004432
	-72.3519	8.004513
	-72.35199	8.004583
	-72.35206	8.004682
	-72.3521	8.00481
	-72.35234	8.005059
	-72.35279	8.005199
	-72.35297	8.005356
	-72.35307	8.005571
	-72.35315	8.005658
	-72.35324	8.005879
	-72.35334	8.005949
	-72.35352	8.00624
	-72.35357	8.006345
	-72.35359	8.006583
	-72.35369	8.006792
	-72.35378	8.006862
	-72.35399	8.007153
	-72.35431	8.007281
	-72.35442	8.007269
	-72.35465	8.007211
	-72.35475	8.007147
	-72.35486	8.00713
	-72.35498	8.007136
	-72.35509	8.007165
	-72.35518	8.00724
	-72.35552	8.007182
	-72.35563	8.007188
	-72.35574	8.007211
	-72.35584	8.007252
	-72.35593	8.007327
	-72.35616	8.00738
	-72.35643	8.007586
	-72.35669	8.007689
	-72.35709	8.007905
	-72.35739	8.008046
	-72.35791	8.00824
	-72.35833	8.008506
	-72.35881	8.008719
	-72.35911	8.008933
	-72.35991	8.009319
	-72.3602	8.009499
	-72.36028	8.009582
	-72.36046	8.009657
	-72.36075	8.009842
	-72.36171	8.010195
	-72.362	8.010381
	-72.36209	8.010509
	-72.36234	8.010798
	-72.36263	8.011574
	-72.36268	8.011745
	-72.36276	8.011862
	-72.36297	8.012545
	-72.36306	8.012956
	-72.36334	8.013655
	-72.3635	8.013948
	-72.36358	8.014056
	-72.36365	8.014213
	-72.36374	8.014348
	-72.36385	8.014575
	-72.3639	8.014783
	-72.36391	8.014997
	-72.364	8.015397
	-72.36442	8.016469
	-72.36459	8.016835
	-72.3648	8.017467
	-72.36493	8.017714
	-72.36509	8.017939
	-72.36518	8.018035
	-72.36544	8.018227
	-72.36626	8.01872
	-72.36747	8.019614
	-72.36773	8.019755
	-72.36837	8.020464
	-72.36843	8.020571
	-72.3686	8.020762
	-72.36872	8.020864
	-72.3689	8.021197
	-72.36913	8.021393
	-72.36924	8.021443
	-72.36953	8.021522
	-72.37003	8.021521
	-72.37028	8.021469
	-72.37062	8.02149
	-72.37081	8.021546
	-72.37114	8.021696
	-72.37137	8.02182
	-72.37154	8.021933
	-72.37178	8.022181
	-72.37196	8.022508
	-72.37199	8.022643
	-72.37211	8.022807
	-72.37254	8.022973
	-72.37266	8.02307
	-72.37299	8.023457
	-72.37326	8.023559
	-72.37335	8.023553
	-72.37355	8.023728
	-72.37366	8.02389
	-72.37376	8.023964
	-72.3739	8.023992
	-72.37413	8.024099
	-72.37428	8.02421
	-72.37434	8.024328
	-72.37438	8.024537
	-72.37446	8.024728
	-72.37466	8.024898
	-72.37478	8.024983
	-72.37519	8.025094
	-72.37575	8.025274
	-72.37595	8.025369
	-72.37613	8.025487
	-72.37655	8.025819
	-72.37685	8.025986
	-72.37706	8.026183
	-72.37715	8.026386
	-72.37732	8.026658
	-72.37741	8.026836
	-72.3777	8.028145
	-72.37787	8.028749
	-72.37793	8.029099
	-72.3782	8.030075
	-72.37832	8.030373
	-72.37845	8.030354
	-72.37854	8.030405
	-72.37893	8.03053
	-72.3794	8.030551
	-72.37966	8.030608
	-72.37974	8.030654
	-72.37978	8.030785
	-72.37975	8.031488
	-72.37976	8.031581
	-72.3798	8.031678
	-72.37986	8.031746
	-72.37999	8.031826
	-72.38009	8.031826
	-72.38018	8.031807
	-72.38042	8.031618
	-72.38058	8.031526
	-72.38078	8.031503
	-72.38096	8.031577
	-72.38108	8.031845
	-72.38121	8.032234
	-72.38128	8.032394
	-72.38139	8.032462
	-72.38183	8.032524
	-72.38193	8.032649
	-72.382	8.032879
	-72.38207	8.033039
	-72.38253	8.033392
	-72.38272	8.033666
	-72.38281	8.033981
	-72.38295	8.034198
	-72.38316	8.034317
	-72.38354	8.034453
	-72.38374	8.034453
	-72.38395	8.034327
	-72.38421	8.034125
	-72.38477	8.033843
	-72.38501	8.033808
	-72.38525	8.033807
	-72.38545	8.033904
	-72.3856	8.034017
	-72.38582	8.034257
	-72.38595	8.034337
	-72.3862	8.03444
	-72.38643	8.034474
	-72.3866	8.034455
	-72.3868	8.034409
	-72.38697	8.034466
	-72.38718	8.034563
	-72.3873	8.034671
	-72.38742	8.034847
	-72.38755	8.035304
	-72.38762	8.035413
	-72.38774	8.035476
	-72.38785	8.035476
	-72.3881	8.035229
	-72.38826	8.035142
	-72.38838	8.035035
	-72.38863	8.034964
	-72.38898	8.034975
	-72.38912	8.03503
	-72.38929	8.035047
	-72.38942	8.035298
	-72.38959	8.035218
	-72.38968	8.035195
	-72.3901	8.035172
	-72.39029	8.035125
	-72.39058	8.034975
	-72.39084	8.034814
	-72.39164	8.034258
	-72.39174	8.034163
	-72.39192	8.034249
	-72.39232	8.034321
	-72.39271	8.03431
	-72.39287	8.034276
	-72.39297	8.034092
	-72.393	8.033898
	-72.39305	8.033771
	-72.39316	8.033536
	-72.39328	8.033341
	-72.39336	8.033278
	-72.39356	8.033064
	-72.39364	8.033026
	-72.39376	8.032934
	-72.39419	8.032555
	-72.39435	8.032462
	-72.39457	8.032381
	-72.39471	8.032352
	-72.39496	8.032443
	-72.39512	8.032541
	-72.39532	8.032745
	-72.39541	8.032871
	-72.39558	8.032952
	-72.39573	8.032956
	-72.39595	8.032892
	-72.39603	8.032789
	-72.39609	8.032594
	-72.39635	8.032405
	-72.39652	8.032489
	-72.39657	8.032674
	-72.39668	8.032928
	-72.39684	8.033055
	-72.39701	8.033094
	-72.39724	8.033065
	-72.39742	8.032912
	-72.39753	8.032733
	-72.39767	8.032338
	-72.39782	8.032175
	-72.39791	8.032142
	-72.39808	8.03214
	-72.39826	8.032291
	-72.39843	8.032466
	-72.39857	8.032577
	-72.39911	8.032817
	-72.39984	8.033293
	-72.40083	8.033819
	-72.40123	8.034222
	-72.40137	8.03433
	-72.40172	8.034422
	-72.40249	8.034557
	-72.40265	8.034627
	-72.40285	8.03474
	-72.40305	8.034929
	-72.40327	8.035031
	-72.40344	8.035042
	-72.40356	8.035002
	-72.40394	8.034753
	-72.40404	8.034764
	-72.4042	8.034853
	-72.40426	8.034976
	-72.40436	8.035078
	-72.40463	8.035082
	-72.40497	8.03498
	-72.40545	8.034809
	-72.40568	8.03467
	-72.40642	8.03417
	-72.40696	8.033939
	-72.40714	8.033899
	-72.4073	8.033904
	-72.40745	8.033949
	-72.40775	8.034291
	-72.4078	8.034425
	-72.40792	8.034554
	-72.40815	8.0347
	-72.40835	8.034694
	-72.40861	8.034523
	-72.40913	8.034236
	-72.40943	8.034134
	-72.40974	8.034239
	-72.4099	8.034356
	-72.40998	8.034452
	-72.41009	8.03453
	-72.41061	8.034781
	-72.41086	8.034781
	-72.41115	8.034629
	-72.41135	8.034442
	-72.4116	8.034301
	-72.41199	8.034248
	-72.41216	8.034349
	-72.41229	8.034483
	-72.41251	8.034642
	-72.41294	8.034611
	-72.4131	8.034519
	-72.41328	8.034386
	-72.41349	8.034171
	-72.41379	8.033972
	-72.41393	8.033905
	-72.41425	8.033848
	-72.41487	8.033766
	-72.41507	8.033788
	-72.4152	8.03376
	-72.4158	8.033713
	-72.41602	8.033768
	-72.41623	8.033886
	-72.41629	8.033189
	-72.41629	8.03273
	-72.41623	8.032146
	-72.41611	8.03171
	-72.41592	8.031338
	-72.41542	8.030584
	-72.41463	8.029511
	-72.41419	8.029001
	-72.41384	8.028417
	-72.41333	8.027439
	-72.41306	8.026828
	-72.41284	8.026026
	-72.41286	8.025346
	-72.41294	8.025033
	-72.41299	8.024385
	-72.41294	8.024093
	-72.41279	8.023753
	-72.41257	8.02337
	-72.41244	8.022977
	-72.41217	8.021989
	-72.41208	8.02174
	-72.412	8.021145
	-72.41199	8.02089
	-72.41209	8.02064
	-72.4123	8.020459
	-72.41263	8.020284
	-72.41302	8.020263
	-72.41351	8.020268
	-72.41393	8.020135
	-72.41434	8.019902
	-72.41468	8.019631
	-72.41498	8.019365
	-72.41523	8.018871
	-72.41556	8.018016
	-72.41594	8.0174
	-72.41628	8.017161
	-72.41662	8.016985
	-72.417	8.016741
	-72.41728	8.016507
	-72.41755	8.016183
	-72.4177	8.01587
	-72.41784	8.015493
	-72.4178	8.015163
	-72.41768	8.014627
	-72.41764	8.014313
	-72.41764	8.013729
	-72.41755	8.01341
	-72.41739	8.013102
	-72.41724	8.012853
	-72.41699	8.012545
	-72.41683	8.012295
	-72.41661	8.01187
	-72.41655	8.011679
	-72.41655	8.011445
	-72.41666	8.011254
	-72.41723	8.010531
	-72.41773	8.010367
	-72.41816	8.010345
	-72.41855	8.010223
	-72.41891	8.01
	-72.41954	8.00974
	-72.41985	8.00958
	-72.42034	8.009384
	-72.42081	8.009155
	-72.42109	8.008906
	-72.42141	8.008529
	-72.42149	8.008135
	-72.42151	8.007642
	-72.42142	8.007232
	-72.42129	8.006924
	-72.42118	8.00643
	-72.42066	8.004752
	-72.42053	8.004231
	-72.42032	8.003753
	-72.42016	8.003323
	-72.42012	8.002983
	-72.42003	8.002664
	-72.41987	8.002414
	-72.41969	8.002255
	-72.41944	8.002165
	-72.41893	8.00192
	-72.41863	8.001734
	-72.41833	8.00158
	-72.4181	8.001304
	-72.41748	8.00064
	-72.41732	8.000406
	-72.41725	8.000072
	-72.41725	7.999668
	-72.41727	7.999307
	-72.41738	7.998961
	-72.4177	7.998228
	-72.41839	7.996985
	-72.41854	7.996603
	-72.41892	7.995896
	-72.41922	7.995381
	-72.4202	7.994483
	-72.42069	7.994069
	-72.42151	7.993506
	-72.42187	7.993187
	-72.42204	7.992863
	-72.4222	7.992512
	-72.4227	7.9918
	-72.42307	7.991328
	-72.42333	7.990956
	-72.4238	7.990579
	-72.42427	7.990154
	-72.42487	7.989787
	-72.42567	7.989505
	-72.42611	7.989405
	-72.42664	7.98924
	-72.42723	7.989181
	-72.42799	7.989049
	-72.42857	7.989059
	-72.42895	7.989134
	-72.42921	7.989351
	-72.42948	7.989723
	-72.42974	7.990116
	-72.43005	7.990446
	-72.43028	7.990759
	-72.43067	7.991206
	-72.43113	7.991535
	-72.43165	7.991758
	-72.43217	7.991859
	-72.43268	7.991912
	-72.43306	7.991986
	-72.43348	7.992024
	-72.43393	7.992018
	-72.43438	7.991965
	-72.4349	7.991774
	-72.43534	7.991588
	-72.43573	7.991402
	-72.43601	7.991195
	-72.4368	7.990834
	-72.4372	7.990674
	-72.43752	7.990456
	-72.43778	7.990201
	-72.43804	7.989713
	-72.43828	7.98933
	-72.43871	7.988432
	-72.43904	7.98763
	-72.43921	7.987317
	-72.43932	7.986993
	-72.43934	7.986701
	-72.43949	7.986292
	-72.4397	7.985617
	-72.43983	7.985394
	-72.44003	7.985181
	-72.44021	7.985032
	-72.44041	7.984905
	-72.44113	7.984554
	-72.44228	7.983938
	-72.44268	7.983657
	-72.44281	7.983455
	-72.44287	7.9832
	-72.44285	7.98295
	-72.44275	7.982695
	-72.44257	7.982451
	-72.44212	7.981973
	-72.44145	7.981165
	-72.4411	7.98082
	-72.4408	7.980459
	-72.44044	7.979901
	-72.44029	7.979577
	-72.44023	7.97929
	-72.44022	7.979029
	-72.44028	7.978663
	-72.44029	7.97828
	-72.44039	7.977085
	-72.44058	7.97624
	-72.44058	7.975906
	-72.44051	7.975358
	-72.44055	7.975178
	-72.44063	7.975019
	-72.44077	7.974886
	-72.44092	7.974779
	-72.4413	7.974631
	-72.44219	7.97436
	-72.44257	7.974211
	-72.44283	7.974036
	-72.44312	7.973887
	-72.44361	7.973696
	-72.44398	7.973595
	-72.44429	7.973595
	-72.44463	7.973648
	-72.44493	7.973738
	-72.44526	7.973759
	-72.44557	7.973727
	-72.44582	7.973621
	-72.44606	7.973409
	-72.44623	7.973154
	-72.44632	7.972909
	-72.44634	7.972346
	-72.44626	7.97215
	-72.4459	7.971565
	-72.44574	7.971167
	-72.44562	7.970774
	-72.44557	7.970428
	-72.44558	7.969982
	-72.44579	7.969138
	-72.44599	7.968755
	-72.44623	7.96841
	-72.44691	7.967862
	-72.44726	7.967676
	-72.44763	7.967496
	-72.44813	7.967342
	-72.4485	7.967135
	-72.44878	7.966933
	-72.45003	7.966476
	-72.45046	7.966386
	-72.45092	7.966343
	-72.45143	7.966258
	-72.45235	7.966189
	-72.45325	7.966194
	-72.45381	7.966237
	-72.45437	7.966348
	-72.45475	7.96647
	-72.45506	7.966407
	-72.45534	7.966306
	-72.45562	7.966322
	-72.45596	7.966215
	-72.45625	7.966093
	-72.457	7.965047
	-72.45729	7.964712
	-72.45759	7.964494
	-72.45795	7.964276
	-72.45868	7.964032
	-72.45912	7.964032
	-72.45955	7.964011
	-72.46001	7.964043
	-72.46042	7.963947
	-72.46113	7.963559
	-72.46158	7.963251
	-72.46199	7.963033
	-72.46252	7.962874
	-72.46305	7.962778
	-72.46396	7.962656
	-72.46448	7.962709
	-72.46502	7.962789
	-72.46551	7.962831
	-72.46632	7.963086
	-72.46669	7.963235
	-72.46696	7.963187
	-72.46727	7.963028
	-72.46794	7.962523
	-72.46867	7.96145
	-72.46889	7.961216
	-72.46911	7.961057
	-72.4694	7.960887
	-72.46986	7.960754
	-72.47018	7.960712
	-72.47083	7.960783
	-72.47104	7.960828
	-72.47202	7.961253
	-72.47225	7.961336
	-72.47255	7.961392
	-72.47279	7.961405
	-72.47333	7.961315
	-72.47353	7.961184
	-72.47445	7.960318
	-72.47492	7.959854
	-72.47512	7.959628
	-72.47536	7.959314
	-72.47559	7.958778
	-72.47565	7.958573
	-72.47568	7.958417
	-72.47567	7.958052
	-72.47561	7.957936
	-72.47547	7.9578
	-72.4753	7.957705
	-72.47516	7.957574
	-72.47489	7.957181
	-72.47468	7.956698
	-72.47457	7.956331
	-72.47455	7.956124
	-72.47459	7.955656
	-72.47466	7.955433
	-72.47478	7.955255
	-72.47538	7.954809
	-72.47596	7.954522
	-72.47666	7.954126
	-72.47756	7.953701
	-72.47951	7.953043
	-72.47999	7.952801
	-72.48052	7.952429
	-72.48073	7.952243
	-72.48098	7.952073
	-72.48187	7.951358
	-72.48211	7.951231
	-72.48228	7.951106
	-72.48248	7.951005
	-72.48269	7.95087
	-72.48283	7.950755
	-72.48289	7.950652
	-72.48293	7.95054
	-72.48294	7.95045
	-72.48289	7.950352
	-72.48266	7.950123
	-72.48256	7.949988
	-72.48247	7.949815
	-72.48242	7.949653
	-72.48239	7.949231
	-72.48241	7.948994
	-72.48249	7.948657
	-72.4826	7.94829
	-72.48274	7.947966
	-72.48289	7.947682
	-72.483	7.94752
	-72.4834	7.947034
	-72.48359	7.946832
	-72.48404	7.94638
	-72.48424	7.946216
	-72.48498	7.945764
	-72.48532	7.945607
	-72.48558	7.945453
	-72.48577	7.945315
	-72.48619	7.944919
	-72.48637	7.94477
	-72.48656	7.944654
	-72.487	7.944494
	-72.48733	7.944263
	-72.48761	7.943931
	-72.48766	7.94383
	-72.48769	7.943689
	-72.48768	7.943357
	-72.48777	7.94286
	-72.48772	7.942547
	-72.48761	7.942085
	-72.48744	7.941867
	-72.48717	7.941684
	-72.48688	7.941423
	-72.48635	7.941091
	-72.48622	7.940961
	-72.48613	7.940826
	-72.48606	7.940682
	-72.48589	7.940132
	-72.48587	7.939925
	-72.48588	7.939712
	-72.48603	7.939319
	-72.48636	7.938998
	-72.48659	7.938881
	-72.48676	7.938748
	-72.48686	7.938637
	-72.487	7.938249
	-72.48717	7.937882
	-72.48718	7.937688
	-72.48711	7.937348
	-72.48705	7.93716
	-72.48691	7.937005
	-72.48664	7.936825
	-72.48607	7.936631
	-72.48571	7.936448
	-72.48555	7.936294
	-72.48543	7.936142
	-72.48533	7.935977
	-72.48528	7.935784
	-72.48516	7.935598
	-72.48501	7.935417
	-72.48478	7.935053
	-72.48455	7.934795
	-72.48443	7.9347
	-72.48427	7.93449
	-72.48413	7.934038
	-72.484	7.933741
	-72.48388	7.933523
	-72.48393	7.933329
	-72.48401	7.933249
	-72.48434	7.933018
	-72.4845	7.93288
	-72.48475	7.932495
	-72.48485	7.932253
	-72.48489	7.931953
	-72.48488	7.931682
	-72.48483	7.931435
	-72.48477	7.931252
	-72.48446	7.930779
	-72.48412	7.930439
	-72.48381	7.930184
	-72.48331	7.929681
	-72.48301	7.929506
	-72.48274	7.9294
	-72.48247	7.929326
	-72.48217	7.92927
	-72.4819	7.929256
	-72.48109	7.929357
	-72.48091	7.929336
	-72.48069	7.929246
	-72.48054	7.929097
	-72.4804	7.928903
	-72.48025	7.928497
	-72.48023	7.928289
	-72.48024	7.928106
	-72.48035	7.927591
	-72.48038	7.927362
	-72.4804	7.92711
	-72.48038	7.926868
	-72.48027	7.926629
	-72.48014	7.926446
	-72.47992	7.926249
	-72.47968	7.926098
	-72.47943	7.925975
	-72.47923	7.925933
	-72.47897	7.925912
	-72.47867	7.925944
	-72.47846	7.92601
	-72.47823	7.926095
	-72.47805	7.926199
	-72.47768	7.926504
	-72.47735	7.926951
	-72.4772	7.927243
	-72.47697	7.928026
	-72.47675	7.928677
	-72.47657	7.929299
	-72.47648	7.929445
	-72.47638	7.929554
	-72.4762	7.929623
	-72.476	7.929615
	-72.47555	7.929514
	-72.47508	7.929227
	-72.47453	7.928959
	-72.47436	7.928834
	-72.4741	7.928417
	-72.47405	7.928223
	-72.47403	7.92804
	-72.47406	7.927859
	-72.47412	7.92774
	-72.47462	7.927091
	-72.47492	7.926536
	-72.47495	7.926358
	-72.47497	7.925965
	-72.47511	7.925619
	-72.47526	7.92541
	-72.4757	7.924958
	-72.47593	7.924793
	-72.47618	7.924645
	-72.47712	7.924384
	-72.47739	7.924177
	-72.47748	7.924087
	-72.47752	7.923818
	-72.47749	7.923486
	-72.47745	7.92334
	-72.47737	7.923226
	-72.47725	7.923138
	-72.47706	7.923072
	-72.47683	7.923043
	-72.47587	7.923109
	-72.47561	7.923106
	-72.47507	7.922974
	-72.47472	7.922907
	-72.47452	7.92291
	-72.47432	7.922952
	-72.47408	7.92309
	-72.47398	7.923223
	-72.47386	7.923611
	-72.47382	7.9238
	-72.47373	7.92393
	-72.47363	7.924018
	-72.47347	7.924121
	-72.47331	7.924164
	-72.47315	7.924143
	-72.47302	7.924071
	-72.47293	7.923938
	-72.47286	7.923744
	-72.47277	7.923561
	-72.47268	7.923425
	-72.47255	7.923306
	-72.47241	7.923205
	-72.4723	7.923146
	-72.47214	7.92309
	-72.47195	7.923067
	-72.47156	7.923106
	-72.47136	7.923144
	-72.47099	7.923268
	-72.47059	7.923327
	-72.4704	7.923319
	-72.46953	7.922976
	-72.46921	7.922878
	-72.46848	7.922734
	-72.46818	7.922713
	-72.46795	7.922758
	-72.4677	7.922726
	-72.46744	7.922665
	-72.46694	7.922458
	-72.46666	7.9224
	-72.46648	7.922339
	-72.46622	7.922036
	-72.46613	7.921858
	-72.46604	7.921603
	-72.46604	7.92114
	-72.46606	7.920944
	-72.46615	7.920776
	-72.46628	7.920614
	-72.46648	7.920426
	-72.46674	7.920243
	-72.46702	7.920009
	-72.46734	7.919701
	-72.46747	7.919485
	-72.46751	7.919321
	-72.4675	7.919119
	-72.46751	7.918904
	-72.46747	7.918707
	-72.46739	7.918439
	-72.46726	7.918173
	-72.46712	7.917984
	-72.46699	7.917862
	-72.46678	7.91778
	-72.46654	7.917729
	-72.46632	7.917743
	-72.46611	7.917777
	-72.46591	7.917849
	-72.46568	7.918027
	-72.46537	7.918332
	-72.46518	7.918465
	-72.4647	7.918656
	-72.46452	7.918651
	-72.46408	7.918484
	-72.46369	7.918181
	-72.46355	7.918
	-72.46141	7.913513
	-72.46123	7.913195
	-72.46107	7.912711
	-72.461	7.91256
	-72.4609	7.912411
	-72.46079	7.912278
	-72.46066	7.912156
	-72.46037	7.911991
	-72.46015	7.911954
	-72.45979	7.911962
	-72.45957	7.911999
	-72.45897	7.911895
	-72.4588	7.911842
	-72.45849	7.911635
	-72.45771	7.910594
	-72.45761	7.910424
	-72.45751	7.910068
	-72.4575	7.90989
	-72.45755	7.90951
	-72.45765	7.909095
	-72.45773	7.908904
	-72.45782	7.908758
	-72.45796	7.908612
	-72.45814	7.908484
	-72.45826	7.90842
	-72.45843	7.908402
	-72.45865	7.908444
	-72.45891	7.908527
	-72.4592	7.908575
	-72.45945	7.908588
	-72.45969	7.908572
	-72.46032	7.908455
	-72.46184	7.908078
	-72.46206	7.907974
	-72.46218	7.907857
	-72.46223	7.907692
	-72.46224	7.907528
	-72.46207	7.906981
	-72.46188	7.906579
	-72.46172	7.906388
	-72.46152	7.906191
	-72.461	7.90574
	-72.46087	7.905578
	-72.46076	7.905469
	-72.46065	7.905259
	-72.4606	7.904985
	-72.46061	7.904797
	-72.46065	7.904616
	-72.46083	7.904191
	-72.46103	7.903915
	-72.46125	7.903718
	-72.46134	7.903585
	-72.46145	7.903335
	-72.46149	7.903038
	-72.46145	7.902825
	-72.46138	7.902687
	-72.46127	7.902586
	-72.46107	7.902485
	-72.46079	7.902379
	-72.46051	7.902294
	-72.45982	7.902204
	-72.45964	7.902097
	-72.45948	7.901943
	-72.45935	7.901709
	-72.45927	7.901465
	-72.45935	7.900939
	-72.45939	7.900482
	-72.45945	7.900227
	-72.45954	7.89969
	-72.45956	7.899395
	-72.45959	7.899228
	-72.45956	7.898984
	-72.4595	7.898731
	-72.45934	7.898264
	-72.45934	7.898043
	-72.45928	7.897416
	-72.45938	7.896795
	-72.45925	7.896186
	-72.45917	7.895907
	-72.45904	7.895222
	-72.45898	7.895033
	-72.4585	7.893899
	-72.45847	7.893633
	-72.45851	7.89342
	-72.4586	7.893237
	-72.45872	7.893064
	-72.45895	7.892785
	-72.45902	7.892629
	-72.45908	7.892422
	-72.45912	7.892137
	-72.45911	7.891922
	-72.45908	7.891749
	-72.45895	7.891295
	-72.45887	7.89108
	-72.45862	7.890546
	-72.45836	7.89019
	-72.4582	7.890084
	-72.45803	7.890033
	-72.45773	7.890049
	-72.45752	7.890115
	-72.45719	7.890262
	-72.45702	7.890248
	-72.45688	7.890176
	-72.45677	7.890076
	-72.45672	7.889895
	-72.45669	7.889658
	-72.45669	7.88939
	-72.45672	7.889005
	-72.45681	7.888683
	-72.4569	7.88858
	-72.45704	7.888503
	-72.45726	7.888458
	-72.45746	7.888391
	-72.45765	7.888282
	-72.4578	7.88812
	-72.45783	7.887947
	-72.45781	7.887785
	-72.45776	7.887605
	-72.45766	7.887435
	-72.45733	7.887036
	-72.45692	7.88663
	-72.45675	7.88643
	-72.45651	7.886029
	-72.45628	7.88587
	-72.45614	7.885734
	-72.45604	7.885593
	-72.45594	7.885123
	-72.45599	7.884865
	-72.45624	7.884044
	-72.45655	7.883298
	-72.45668	7.883075
	-72.45704	7.882724
	-72.45723	7.882506
	-72.45732	7.882349
	-72.45738	7.882134
	-72.45738	7.881914
	-72.45732	7.881651
	-72.45716	7.881401
	-72.4569	7.881069
	-72.45655	7.880822
	-72.45626	7.880793
	-72.45605	7.88075
	-72.45581	7.880458
	-72.45558	7.880027
	-72.45513	7.879315
	-72.45481	7.878725
	-72.45466	7.878524
	-72.45446	7.87834
	-72.4543	7.878218
	-72.4541	7.878109
	-72.45351	7.877883
	-72.45331	7.877785
	-72.45302	7.877694
	-72.45261	7.877522
	-72.45249	7.877432
	-72.45237	7.877304
	-72.4522	7.876935
	-72.45217	7.876775
	-72.45221	7.876584
	-72.4523	7.876337
	-72.45235	7.876111
	-72.45237	7.875774
	-72.45232	7.875601
	-72.45195	7.874818
	-72.45173	7.874562
	-72.45164	7.874339
	-72.45151	7.874174
	-72.45139	7.873964
	-72.45133	7.873754
	-72.4514	7.873359
	-72.45139	7.872816
	-72.45133	7.872588
	-72.45113	7.872054
	-72.45092	7.871653
	-72.4508	7.871536
	-72.45059	7.871427
	-72.45037	7.871387
	-72.45021	7.871403
	-72.45	7.871371
	-72.44961	7.871395
	-72.4494	7.871376
	-72.44844	7.871108
	-72.44827	7.870997
	-72.44807	7.870773
	-72.44791	7.870404
	-72.44781	7.870093
	-72.44782	7.869907
	-72.44788	7.869628
	-72.44804	7.869296
	-72.4482	7.86902
	-72.44829	7.868653
	-72.44844	7.868422
	-72.44867	7.868183
	-72.44883	7.868055
	-72.44889	7.867941
	-72.4489	7.867811
	-72.44874	7.867067
	-72.44866	7.866331
	-72.44873	7.865183
	-72.44871	7.864638
	-72.44862	7.864349
	-72.44854	7.864184
	-72.44842	7.863995
	-72.44827	7.863886
	-72.44809	7.863807
	-72.44785	7.863783
	-72.44732	7.863671
	-72.44712	7.863607
	-72.44698	7.863501
	-72.44691	7.863294
	-72.44687	7.863092
	-72.44694	7.862672
	-72.44723	7.862085
	-72.44727	7.861902
	-72.44726	7.861633
	-72.44719	7.861378
	-72.44709	7.861198
	-72.44692	7.860953
	-72.44676	7.86077
	-72.44652	7.860616
	-72.44595	7.860329
	-72.44562	7.860108
	-72.44532	7.859848
	-72.44505	7.859409
	-72.4448	7.858838
	-72.44446	7.857908
	-72.44442	7.857611
	-72.44453	7.856423
	-72.4446	7.856189
	-72.44463	7.855953
	-72.4446	7.855427
	-72.44462	7.855238
	-72.44467	7.855004
	-72.44473	7.854847
	-72.44497	7.854597
	-72.44507	7.854465
	-72.44513	7.854307
	-72.44512	7.854001
	-72.44514	7.853735
	-72.44513	7.853528
	-72.44504	7.853069
	-72.44494	7.852738
	-72.44496	7.852665
	-72.445	7.852609
	-72.44514	7.852532
	-72.44563	7.852385
	-72.44583	7.852249
	-72.44594	7.852147
	-72.44607	7.851856
	-72.44623	7.851327
	-72.44635	7.851118
	-72.4464	7.850975
	-72.44641	7.850813
	-72.4464	7.850729
	-72.44632	7.8506
	-72.44605	7.850424
	-72.44599	7.850369
	-72.44591	7.850244
	-72.44579	7.849869
	-72.44578	7.849726
	-72.44579	7.849652
	-72.44593	7.849458
	-72.44609	7.849197
	-72.44621	7.84891
	-72.44631	7.848772
	-72.4464	7.8487
	-72.44655	7.848528
	-72.44674	7.848383
	-72.44713	7.848144
	-72.44731	7.848009
	-72.44736	7.84792
	-72.44742	7.847609
	-72.44742	7.847396
	-72.44715	7.846928
	-72.44698	7.846778
	-72.44638	7.846565
	-72.44629	7.846508
	-72.44622	7.846419
	-72.44613	7.846211
	-72.44611	7.845993
	-72.44612	7.845785
	-72.44615	7.845682
	-72.44626	7.845484
	-72.44641	7.845344
	-72.44662	7.845224
	-72.44672	7.844933
	-72.44679	7.844845
	-72.44689	7.844783
	-72.447	7.844752
	-72.44709	7.844684
	-72.44723	7.844513
	-72.44746	7.84391
	-72.44769	7.84351
	-72.44817	7.843053
	-72.44827	7.842855
	-72.44829	7.842752
	-72.44829	7.842538
	-72.4482	7.842253
	-72.4482	7.84191
	-72.44823	7.841806
	-72.44832	7.841603
	-72.4485	7.841323
	-72.44865	7.840918
	-72.44871	7.840824
	-72.44878	7.840736
	-72.44886	7.840668
	-72.44914	7.840502
	-72.44921	7.840414
	-72.4493	7.840222
	-72.44934	7.840014
	-72.44934	7.839905
	-72.44936	7.839847
	-72.44934	7.839743
	-72.44934	7.839634
	-72.44926	7.839317
	-72.44926	7.839105
	-72.44935	7.838637
	-72.44939	7.838528
	-72.4495	7.838341
	-72.44954	7.838242
	-72.44954	7.838128
	-72.44956	7.838019
	-72.44955	7.837598
	-72.44946	7.83739
	-72.44928	7.83713
	-72.44913	7.836969
	-72.44905	7.836897
	-72.44896	7.83685
	-72.44866	7.836746
	-72.44801	7.836611
	-72.44791	7.836564
	-72.44778	7.836403
	-72.44774	7.8362
	-72.44774	7.836091
	-72.44787	7.835774
	-72.44795	7.835504
	-72.44795	7.835167
	-72.44794	7.835047
	-72.44783	7.834746
	-72.44776	7.83433
	-72.44782	7.833899
	-72.44791	7.833702
	-72.44796	7.833613
	-72.44815	7.833508
	-72.4482	7.833456
	-72.44827	7.833332
	-72.44827	7.833008
	-72.44825	7.832895
	-72.44844	7.832785
	-72.44854	7.832765
	-72.44865	7.832779
	-72.44896	7.832745
	-72.44906	7.832667
	-72.44931	7.832561
	-72.44948	7.832543
	-72.44966	7.832559
	-72.44979	7.832413
	-72.44979	7.832206
	-72.44966	7.832008
	-72.44955	7.831757
	-72.44931	7.831597
	-72.44908	7.831398
	-72.44897	7.831126
	-72.44893	7.830833
	-72.44888	7.830671
	-72.44867	7.830267
	-72.44836	7.829936
	-72.44811	7.82976
	-72.44789	7.829547
	-72.44762	7.829393
	-72.44738	7.829209
	-72.44727	7.829113
	-72.44719	7.828996
	-72.44713	7.82868
	-72.44714	7.828533
	-72.44719	7.828393
	-72.44721	7.828246
	-72.44717	7.8281
	-72.44709	7.827975
	-72.44703	7.827735
	-72.44716	7.827559
	-72.44731	7.827393
	-72.44748	7.827268
	-72.44769	7.827216
	-72.44834	7.827216
	-72.44856	7.827268
	-72.44877	7.827351
	-72.44901	7.827361
	-72.44915	7.827195
	-72.44919	7.826965
	-72.44917	7.826748
	-72.44917	7.826094
	-72.44915	7.825886
	-72.44918	7.825678
	-72.44931	7.825501
	-72.44969	7.825294
	-72.44981	7.825117
	-72.44977	7.82492
	-72.44956	7.824556
	-72.44947	7.824338
	-72.44944	7.82413
	-72.44931	7.823735
	-72.44928	7.823527
	-72.44931	7.822883
	-72.4493	7.822639
	-72.44919	7.822457
	-72.44924	7.822239
	-72.44933	7.822041
	-72.44978	7.821424
	-72.44988	7.82113
	-72.44988	7.820983
	-72.44992	7.820836
	-72.45016	7.820418
	-72.45047	7.820058
	-72.45061	7.819977
	-72.45118	7.819712
	-72.45158	7.819448
	-72.45168	7.81933
	-72.45175	7.819198
	-72.4518	7.819058
	-72.45181	7.81861
	-72.45176	7.818471
	-72.4515	7.817067
	-72.45121	7.816641
	-72.45091	7.816546
	-72.45078	7.81645
	-72.4507	7.816318
	-72.45068	7.816171
	-72.45089	7.815892
	-72.45099	7.815781
	-72.45112	7.815678
	-72.45173	7.815495
	-72.45215	7.815282
	-72.45262	7.815105
	-72.45321	7.814797
	-72.45351	7.814621
	-72.45364	7.814525
	-72.45376	7.814422
	-72.45378	7.814333
	-72.4539	7.814216
	-72.45397	7.814091
	-72.45403	7.813937
	-72.45411	7.813805
	-72.45436	7.813232
	-72.45449	7.812673
	-72.45449	7.812519
	-72.45445	7.812358
	-72.45439	7.812218
	-72.45435	7.811917
	-72.45435	7.811608
	-72.45437	7.811461
	-72.45442	7.811322
	-72.4545	7.811182
	-72.4546	7.811072
	-72.45474	7.810991
	-72.4549	7.810947
	-72.45506	7.810932
	-72.45521	7.810888
	-72.45536	7.810822
	-72.45552	7.810734
	-72.45564	7.810631
	-72.4557	7.810499
	-72.45572	7.810352
	-72.45569	7.810205
	-72.45563	7.810072
	-72.45552	7.809962
	-72.45527	7.809808
	-72.45518	7.809683
	-72.45514	7.809529
	-72.45512	7.809235
	-72.45518	7.809088
	-72.45539	7.808867
	-72.45595	7.808559
	-72.45607	7.808463
	-72.45626	7.808045
	-72.45651	7.807854
	-72.45658	7.807707
	-72.45667	7.807574
	-72.45698	7.807449
	-72.45729	7.807486
	-72.45744	7.807464
	-72.45759	7.807383
	-72.45771	7.807273
	-72.45779	7.807148
	-72.45791	7.806869
	-72.45802	7.806744
	-72.45897	7.806362
	-72.45921	7.8062
	-72.45931	7.806009
	-72.45974	7.8049
	-72.45974	7.804745
	-72.45968	7.804613
	-72.45956	7.804451
	-72.45951	7.804305
	-72.45945	7.804011
	-72.45946	7.803717
	-72.45951	7.803577
	-72.45968	7.803313
	-72.4598	7.80321
	-72.45995	7.803188
	-72.46015	7.803129
	-72.46031	7.803114
	-72.46077	7.803136
	-72.46093	7.803122
	-72.46118	7.80296
	-72.46135	7.80271
	-72.4614	7.802571
	-72.46147	7.802137
	-72.46152	7.801681
	-72.46178	7.801116
	-72.46184	7.800822
	-72.46185	7.800675
	-72.46193	7.80055
	-72.46207	7.800477
	-72.46236	7.800432
	-72.46364	7.800387
	-72.46448	7.800226
	-72.46516	7.799937
	-72.46546	7.799283
	-72.46588	7.798438
	-72.4669	7.796758
	-72.46736	7.796086
	-72.46799	7.795386
	-72.4684	7.79508
	-72.46861	7.794467
	-72.46854	7.793618
	-72.46847	7.793158
	-72.46862	7.792034
	-72.46882	7.791404
	-72.46907	7.790829
	-72.46922	7.790317
	-72.46924	7.789963
	-72.46945	7.789573
	-72.46982	7.789167
	-72.46984	7.788847
	-72.46945	7.788186
	-72.46915	7.787356
	-72.46891	7.786279
	-72.46836	7.783233
	-72.46804	7.782167
	-72.46784	7.781634
	-72.46772	7.781376
	-72.46767	7.780697
	-72.46782	7.779634
	-72.46759	7.778601
	-72.46752	7.778102
	-72.46753	7.777451
	-72.46782	7.776836
	-72.46779	7.776409
	-72.46793	7.776077
	-72.46816	7.775738
	-72.46842	7.775546
	-72.4686	7.775028
	-72.46867	7.774197
	-72.46876	7.773633
	-72.469	7.77293
	-72.46929	7.772267
	-72.46946	7.771388
	-72.46986	7.771004
	-72.47021	7.770783
	-72.47041	7.770484
	-72.47026	7.769681
	-72.4701	7.769193
	-72.47019	7.768795
	-72.47067	7.768409
	-72.47087	7.7682
	-72.47106	7.768086
	-72.47116	7.767929
	-72.47134	7.767416
	-72.47134	7.767169
	-72.47129	7.766843
	-72.47125	7.766602
	-72.47119	7.766445
	-72.47132	7.765259
	-72.47129	7.765017
	-72.47116	7.764641
	-72.47091	7.764176
	-72.47087	7.763969
	-72.4709	7.763581
	-72.47098	7.76339
	-72.47098	7.763199
	-72.47061	7.762673
	-72.47055	7.762527
	-72.47052	7.762342
	-72.47059	7.762146
	-72.47109	7.761513
	-72.47209	7.760535
	-72.47289	7.759817
	-72.47325	7.759515
	-72.47357	7.759206
	-72.47375	7.758929
	-72.47382	7.758592
	-72.47383	7.75833
	-72.47328	7.757339
	-72.47317	7.756874
	-72.47313	7.756548
	-72.47325	7.756026
	-72.47321	7.755449
	-72.47315	7.755094
	-72.47301	7.754629
	-72.47298	7.754174
	-72.47307	7.753865
	-72.4732	7.753624
	-72.47386	7.75321
	-72.47416	7.752861
	-72.47431	7.752334
	-72.47426	7.751715
	-72.47406	7.75074
	-72.47325	7.749189
	-72.4729	7.748572
	-72.47268	7.748046
	-72.47264	7.747473
	-72.47249	7.746997
	-72.47203	7.746257
	-72.47189	7.74573
	-72.47184	7.745219
	-72.47184	7.744854
	-72.47221	7.743966
	-72.47224	7.743584
	-72.47213	7.743276
	-72.47181	7.742705
	-72.47152	7.741802
	-72.47146	7.741404
	-72.47138	7.740152
	-72.47135	7.739395
	-72.47129	7.738822
	-72.47122	7.73765
	-72.47101	7.73696
	-72.47079	7.733891
	-72.47085	7.732319
	-72.47087	7.728911
	-72.471	7.728478
	-72.47132	7.727848
	-72.47164	7.727274
	-72.47177	7.726898
	-72.47177	7.726454
	-72.47164	7.72586
	-72.47161	7.72554
	-72.47152	7.725248
	-72.4715	7.72486
	-72.47161	7.724529
	-72.47188	7.724091
	-72.47211	7.723427
	-72.47224	7.722927
	-72.47227	7.722416
	-72.47219	7.721775
	-72.47222	7.721406
	-72.47209	7.720125
	-72.47213	7.719676
	-72.47245	7.718991
	-72.47252	7.718491
	-72.4721	7.717964
	-72.47193	7.717511
	-72.47172	7.717169
	-72.47165	7.716732
	-72.47158	7.716097
	-72.4711	7.714196
	-72.47111	7.713708
	-72.47165	7.712734
	-72.4718	7.712055
	-72.47162	7.711545
	-72.47132	7.710558
	-72.47086	7.709185
	-72.47033	7.708697
	-72.46959	7.707915
	-72.46933	7.707451
	-72.46915	7.706929
	-72.46912	7.706295
	-72.46918	7.70578
	-72.46942	7.705126
	-72.46994	7.704591
	-72.47058	7.70415
	-72.47108	7.703542
	-72.47123	7.703143
	-72.47127	7.702565
	-72.47153	7.701605
	-72.4722	7.700018
	-72.4728	7.699353
	-72.47383	7.69836
	-72.47404	7.697832
	-72.47402	7.697586
	-72.47379	7.696665
	-72.47367	7.695919
	-72.47358	7.695145
	-72.47357	7.694527
	-72.47349	7.693771
	-72.47358	7.693281
	-72.47392	7.692663
	-72.47416	7.692281
	-72.47415	7.691303
	-72.47401	7.690091
	-72.47408	7.689468
	-72.47407	7.688878
	-72.47415	7.688205
	-72.47428	7.687446
	-72.47443	7.686827
	-72.47443	7.686491
	-72.47471	7.683475
	-72.47475	7.682802
	-72.475	7.682194
	-72.47515	7.681638
	-72.4752	7.6812
	-72.4751	7.680785
	-72.47484	7.680017
	-72.47449	7.679103
	-72.47396	7.677928
	-72.47356	7.676963
	-72.47341	7.676734
	-72.47346	7.676291
	-72.47359	7.675846
	-72.47358	7.675313
	-72.47313	7.674321
	-72.47287	7.673974
	-72.47283	7.673732
	-72.47287	7.673412
	-72.47322	7.672743
	-72.47332	7.672136
	-72.47335	7.671799
	-72.47319	7.671537
	-72.47268	7.671162
	-72.47222	7.670714
	-72.47214	7.670547
	-72.47211	7.670429
	-72.47209	7.670104
	-72.47214	7.66962
	-72.47228	7.669311
	-72.47236	7.669003
	-72.47245	7.668884
	-72.47252	7.668749
	-72.47269	7.668545
	-72.47321	7.667597
	-72.47333	7.667119
	-72.47342	7.666467
	-72.47355	7.664832
	-72.47367	7.664253
	-72.47372	7.663847
	-72.47379	7.66356
	-72.47385	7.66341
	-72.47401	7.663186
	-72.47416	7.663049
	-72.47432	7.662956
	-72.47447	7.662904
	-72.47457	7.662696
	-72.47448	7.662216
	-72.4743	7.661993
	-72.47409	7.661781
	-72.47396	7.661599
	-72.47388	7.661427
	-72.47381	7.660986
	-72.47383	7.660745
	-72.47399	7.660171
	-72.47417	7.659752
	-72.4744	7.659109
	-72.47465	7.658696
	-72.47465	7.658592
	-72.47439	7.658163
	-72.47435	7.657985
	-72.4744	7.657647
	-72.47449	7.657526
	-72.47482	7.657256
	-72.47546	7.656885
	-72.47558	7.656697
	-72.47566	7.656497
	-72.47569	7.656359
	-72.47564	7.656194
	-72.47555	7.65605
	-72.47543	7.65593
	-72.47526	7.655621
	-72.47525	7.655167
	-72.47516	7.654716
	-72.47499	7.654578
	-72.47445	7.654309
	-72.47428	7.654202
	-72.4739	7.653745
	-72.4733	7.652524
	-72.47326	7.652394
	-72.47328	7.651838
	-72.47336	7.651665
	-72.47348	7.651556
	-72.47391	7.651292
	-72.47403	7.651159
	-72.47412	7.650998
	-72.47429	7.65078
	-72.47445	7.650636
	-72.47449	7.650538
	-72.47451	7.6502
	-72.47433	7.649748
	-72.47429	7.649571
	-72.47428	7.649461
	-72.47431	7.649209
	-72.47435	7.649037
	-72.47453	7.648716
	-72.47464	7.648382
	-72.47466	7.648244
	-72.47475	7.648027
	-72.47486	7.647877
	-72.47503	7.647768
	-72.47522	7.64771
	-72.47548	7.647721
	-72.47597	7.647822
	-72.47616	7.647803
	-72.47654	7.647659
	-72.4767	7.647579
	-72.4768	7.647407
	-72.47686	7.647263
	-72.47696	7.646832
	-72.47697	7.64657
	-72.47693	7.646431
	-72.47657	7.645744
	-72.47649	7.645447
	-72.4763	7.645058
	-72.47615	7.644904
	-72.476	7.6448
	-72.47567	7.644721
	-72.47512	7.644752
	-72.47492	7.644604
	-72.47467	7.644243
	-72.47463	7.644077
	-72.47464	7.643905
	-72.47467	7.643726
	-72.47485	7.643268
	-72.47486	7.643073
	-72.47463	7.642683
	-72.47421	7.641877
	-72.47395	7.641522
	-72.47383	7.64115
	-72.47382	7.640927
	-72.47382	7.640554
	-72.47387	7.640336
	-72.47397	7.640101
	-72.4742	7.639658
	-72.47432	7.639544
	-72.47453	7.63925
	-72.47467	7.638998
	-72.47477	7.638774
	-72.47486	7.638636
	-72.47498	7.638033
	-72.47509	7.637689
	-72.47522	7.637527
	-72.47545	7.637298
	-72.47558	7.637212
	-72.47572	7.637085
	-72.47582	7.636947
	-72.47589	7.63639
	-72.47594	7.636271
	-72.47607	7.636041
	-72.47612	7.635903
	-72.47615	7.635696
	-72.47616	7.635427
	-72.47612	7.635157
	-72.47606	7.635037
	-72.47596	7.634957
	-72.47581	7.634912
	-72.47566	7.6349
	-72.47547	7.634821
	-72.47541	7.634718
	-72.47541	7.634586
	-72.47586	7.633966
	-72.47599	7.633719
	-72.47613	7.633403
	-72.47632	7.633179
	-72.47639	7.63307
	-72.47644	7.632938
	-72.47648	7.632628
	-72.47644	7.632427
	-72.47631	7.632129
	-72.47628	7.63197
	-72.47628	7.631832
	-72.47634	7.631636
	-72.47635	7.631504
	-72.4763	7.631396
	-72.4761	7.631162
	-72.4755	7.630596
	-72.47547	7.630488
	-72.47546	7.630344
	-72.47554	7.630184
	-72.47568	7.63004
	-72.47575	7.629924
	-72.47586	7.629683
	-72.47585	7.62923
	-72.47548	7.628871
	-72.47513	7.628677
	-72.47503	7.628552
	-72.47496	7.628391
	-72.47493	7.628219
	-72.47494	7.627599
	-72.47474	7.62729
	-72.4745	7.627016
	-72.47428	7.626896
	-72.47406	7.626846
	-72.47393	7.626862
	-72.47377	7.626939
	-72.47348	7.626951
	-72.47338	7.626848
	-72.47332	7.626435
	-72.47302	7.626156
	-72.47284	7.62603
	-72.47278	7.625885
	-72.47287	7.625709
	-72.47297	7.625589
	-72.47313	7.625496
	-72.47331	7.62534
	-72.47351	7.624887
	-72.4735	7.62464
	-72.47339	7.62448
	-72.47274	7.623978
	-72.47249	7.623755
	-72.47233	7.623555
	-72.47222	7.623361
	-72.47209	7.623189
	-72.47206	7.623115
	-72.4719	7.622897
	-72.47175	7.622743
	-72.4715	7.622022
	-72.47146	7.621781
	-72.47143	7.621287
	-72.47143	7.620698
	-72.47123	7.620068
	-72.47112	7.619798
	-72.471	7.61958
	-72.47061	7.618928
	-72.47043	7.618705
	-72.47027	7.61846
	-72.47012	7.617583
	-72.47008	7.616936
	-72.47008	7.616701
	-72.47016	7.615994
	-72.47015	7.615593
	-72.47009	7.615376
	-72.46991	7.614832
	-72.46969	7.614283
	-72.46955	7.614041
	-72.46927	7.613768
	-72.46904	7.613505
	-72.46891	7.613327
	-72.46879	7.612967
	-72.4688	7.612708
	-72.46891	7.612502
	-72.46899	7.612301
	-72.46902	7.612119
	-72.46902	7.611923
	-72.46894	7.611693
	-72.46875	7.61139
	-72.46866	7.611058
	-72.46862	7.610817
	-72.46858	7.610187
	-72.46852	7.610016
	-72.46832	7.609712
	-72.46795	7.609318
	-72.46766	7.60906
	-72.46753	7.608883
	-72.46747	7.608745
	-72.46742	7.60854
	-72.4674	7.608327
	-72.46743	7.608115
	-72.46754	7.607898
	-72.46765	7.607719
	-72.46777	7.607638
	-72.46798	7.60758
	-72.46834	7.607075
	-72.46845	7.606845
	-72.46827	7.606582
	-72.46781	7.606355
	-72.46746	7.606091
	-72.46728	7.60592
	-72.46708	7.605594
	-72.467	7.605319
	-72.46686	7.604575
	-72.46673	7.604225
	-72.46657	7.603899
	-72.46639	7.603459
	-72.46626	7.602591
	-72.46585	7.601539
	-72.46577	7.601225
	-72.46598	7.600731
	-72.46615	7.600455
	-72.46638	7.600156
	-72.46651	7.599926
	-72.46668	7.599444
	-72.46672	7.599243
	-72.46673	7.599008
	-72.46663	7.59875
	-72.4665	7.598551
	-72.46637	7.598293
	-72.46598	7.597778
	-72.46576	7.597578
	-72.46538	7.597402
	-72.46521	7.597294
	-72.46507	7.597179
	-72.46498	7.597053
	-72.46492	7.596939
	-72.46482	7.59624
	-72.46475	7.596068
	-72.46458	7.595845
	-72.46454	7.595742
	-72.46454	7.595576
	-72.46485	7.594904
	-72.46492	7.594783
	-72.46516	7.59449
	-72.46543	7.594111
	-72.46553	7.593921
	-72.46558	7.593727
	-72.46556	7.59352
	-72.46536	7.593188
	-72.46529	7.593003
	-72.46524	7.592352
	-72.46514	7.592008
	-72.46509	7.591921
	-72.4649	7.591785
	-72.46421	7.591398
	-72.464	7.591193
	-72.46384	7.590974
	-72.46368	7.5907
	-72.46363	7.590395
	-72.46344	7.589744
	-72.46315	7.589533
	-72.46257	7.589321
	-72.46212	7.589305
	-72.46197	7.589271
	-72.46186	7.589204
	-72.46173	7.589067
	-72.46163	7.588871
	-72.46149	7.588763
	-72.46109	7.588696
	-72.46071	7.588703
	-72.46056	7.588623
	-72.4604	7.588418
	-72.46027	7.588074
	-72.46016	7.587609
	-72.46019	7.5873
	-72.46038	7.586961
	-72.46046	7.58676
	-72.46046	7.586525
	-72.46027	7.586257
	-72.4599	7.585862
	-72.45961	7.585703
	-72.45942	7.585532
	-72.45923	7.585354
	-72.45907	7.585171
	-72.45884	7.584983
	-72.45849	7.584571
	-72.45837	7.58436
	-72.45816	7.58389
	-72.45813	7.582962
	-72.45804	7.582772
	-72.45788	7.582584
	-72.45763	7.582475
	-72.45741	7.582401
	-72.4571	7.582351
	-72.45695	7.582386
	-72.45675	7.582369
	-72.45658	7.582273
	-72.45649	7.582181
	-72.45645	7.582096
	-72.45645	7.581947
	-72.45669	7.581355
	-72.45679	7.580737
	-72.45705	7.580265
	-72.45713	7.580087
	-72.45717	7.579886
	-72.45713	7.579691
	-72.45707	7.579548
	-72.45684	7.579319
	-72.45636	7.578965
	-72.45617	7.578754
	-72.45607	7.578501
	-72.45604	7.578267
	-72.45599	7.578037
	-72.45584	7.577865
	-72.45565	7.577579
	-72.45539	7.577126
	-72.4552	7.576846
	-72.45482	7.57641
	-72.45481	7.576279
	-72.4547	7.57609
	-72.45452	7.575889
	-72.45439	7.57566
	-72.45436	7.575275
	-72.45445	7.574916
	-72.45465	7.574261
	-72.45489	7.573641
	-72.45498	7.573307
	-72.45501	7.573084
	-72.45496	7.572792
	-72.45489	7.572539
	-72.45476	7.57239
	-72.45451	7.572266
	-72.45427	7.572197
	-72.45402	7.572094
	-72.45382	7.571964
	-72.45369	7.571843
	-72.45356	7.571586
	-72.45349	7.571063
	-72.4535	7.57059
	-72.45346	7.570049
	-72.45346	7.569774
	-72.45353	7.56955
	-72.45375	7.569309
	-72.45375	7.569148
	-72.45361	7.568948
	-72.45344	7.568758
	-72.45335	7.568518
	-72.45329	7.568299
	-72.45338	7.568122
	-72.45353	7.568002
	-72.45359	7.567898
	-72.45364	7.567767
	-72.45362	7.567583
	-72.45357	7.567428
	-72.45349	7.567313
	-72.45337	7.567239
	-72.45327	7.567146
	-72.45317	7.567004
	-72.45315	7.566793
	-72.4532	7.566649
	-72.4533	7.566483
	-72.45349	7.566304
	-72.45356	7.566178
	-72.45359	7.565829
	-72.45354	7.565713
	-72.45343	7.565572
	-72.45329	7.565502
	-72.45286	7.565125
	-72.45282	7.564999
	-72.45279	7.564517
	-72.45276	7.564368
	-72.45275	7.564215
	-72.45275	7.564076
	-72.45292	7.563714
	-72.45294	7.563564
	-72.45289	7.563431
	-72.45279	7.563283
	-72.45275	7.563096
	-72.45282	7.562756
	-72.4529	7.562675
	-72.45299	7.562492
	-72.45301	7.562343
	-72.45292	7.561953
	-72.45292	7.56189
	-72.45296	7.561752
	-72.45313	7.561483
	-72.45321	7.56127
	-72.45331	7.560897
	-72.45328	7.560701
	-72.4532	7.560582
	-72.45305	7.560427
	-72.4528	7.560072
	-72.45277	7.55994
	-72.45276	7.559729
	-72.45283	7.559596
	-72.45301	7.559383
	-72.45314	7.55912
	-72.45316	7.558891
	-72.45315	7.558707
	-72.45305	7.558363
	-72.45301	7.558059
	-72.45297	7.557909
	-72.45311	7.557655
	-72.45328	7.557186
	-72.45326	7.55702
	-72.45322	7.55686
	-72.45325	7.556739
	-72.45331	7.55663
	-72.45342	7.556486
	-72.45354	7.556377
	-72.45375	7.556239
	-72.45402	7.555796
	-72.45414	7.555652
	-72.45426	7.55555
	-72.45455	7.555444
	-72.45497	7.555312
	-72.45511	7.555282
	-72.45523	7.5552
	-72.45533	7.555087
	-72.45539	7.554898
	-72.45539	7.55476
	-72.45535	7.554622
	-72.45536	7.554468
	-72.45542	7.554152
	-72.45547	7.554003
	-72.45556	7.553859
	-72.45566	7.553784
	-72.45588	7.553485
	-72.45598	7.553313
	-72.456	7.553175
	-72.45582	7.553077
	-72.45567	7.553037
	-72.45556	7.552987
	-72.45542	7.552815
	-72.45533	7.552633
	-72.45527	7.552139
	-72.45529	7.551973
	-72.45533	7.551829
	-72.45539	7.551702
	-72.45552	7.551616
	-72.4557	7.551535
	-72.45581	7.551459
	-72.45591	7.551335
	-72.45597	7.551138
	-72.45598	7.550969
	-72.45596	7.550692
	-72.45591	7.550491
	-72.45586	7.550089
	-72.45578	7.549717
	-72.45565	7.54966
	-72.45558	7.549598
	-72.45553	7.549494
	-72.45558	7.549328
	-72.45569	7.549236
	-72.45577	7.549133
	-72.45582	7.549001
	-72.45578	7.548874
	-72.45571	7.548737
	-72.45566	7.548548
	-72.45567	7.548364
	-72.45575	7.548163
	-72.45597	7.547704
	-72.456	7.54744
	-72.45604	7.547325
	-72.45649	7.546819
	-72.45672	7.546463
	-72.4568	7.546314
	-72.45685	7.546182
	-72.45688	7.546003
	-72.45686	7.545842
	-72.45681	7.545665
	-72.45679	7.545494
	-72.45675	7.545367
	-72.45678	7.545218
	-72.45685	7.545085
	-72.45731	7.544638
	-72.45756	7.544292
	-72.45771	7.544171
	-72.45784	7.544083
	-72.45819	7.544033
	-72.4584	7.543963
	-72.45859	7.543865
	-72.45877	7.543807
	-72.45902	7.543628
	-72.45912	7.543519
	-72.45925	7.54333
	-72.45938	7.542945
	-72.45948	7.542371
	-72.4596	7.541946
	-72.45963	7.54171
	-72.45964	7.541539
	-72.45961	7.54128
	-72.45946	7.540995
	-72.45945	7.540823
	-72.45946	7.540664
	-72.45962	7.540426
	-72.45979	7.540248
	-72.46022	7.539983
	-72.46032	7.53989
	-72.46044	7.539754
	-72.46061	7.539466
	-72.46074	7.539074
	-72.46075	7.538909
	-72.46059	7.538427
	-72.46068	7.538164
	-72.46093	7.537962
	-72.46142	7.537697
	-72.46161	7.537622
	-72.46181	7.537506
	-72.46191	7.537466
	-72.46232	7.537206
	-72.46277	7.537022
	-72.46315	7.536918
	-72.46341	7.536951
	-72.46362	7.537036
	-72.46441	7.537119
	-72.46465	7.537096
	-72.46482	7.537032
	-72.46492	7.53694
	-72.46511	7.536567
	-72.46569	7.535682
	-72.46585	7.535326
	-72.46591	7.53513
	-72.46608	7.534706
	-72.46631	7.534396
	-72.4665	7.534194
	-72.46692	7.533694
	-72.46705	7.533608
	-72.46771	7.533485
	-72.46779	7.533433
	-72.46782	7.533289
	-72.46771	7.532957
	-72.4677	7.532694
	-72.46773	7.532452
	-72.46781	7.532223
	-72.46796	7.53189
	-72.46798	7.531552
	-72.46793	7.531362
	-72.46782	7.531197
	-72.46758	7.530951
	-72.46737	7.530843
	-72.46708	7.530556
	-72.46703	7.530372
	-72.46703	7.530195
	-72.46711	7.530052
	-72.46726	7.52988
	-72.46764	7.529534
	-72.46772	7.529436
	-72.46779	7.529293
	-72.46785	7.528972
	-72.46791	7.528793
	-72.46798	7.528609
	-72.4681	7.528437
	-72.46824	7.528299
	-72.46861	7.528126
	-72.46899	7.528004
	-72.46912	7.527883
	-72.46921	7.527746
	-72.46944	7.527246
	-72.46956	7.527096
	-72.46965	7.527027
	-72.46995	7.526859
	-72.47048	7.526761
	-72.47063	7.526697
	-72.47104	7.526455
	-72.47126	7.526248
	-72.47187	7.525103
	-72.47229	7.524827
	-72.47229	7.524774
	-72.47232	7.524673
	-72.47244	7.52449
	-72.47244	7.524266
	-72.47246	7.524216
	-72.47246	7.524109
	-72.47245	7.524056
	-72.47231	7.523881
	-72.47222	7.52375
	-72.4722	7.523695
	-72.47219	7.523306
	-72.47217	7.523253
	-72.47206	7.523062
	-72.47198	7.522993
	-72.47188	7.522937
	-72.47167	7.52291
	-72.47151	7.522926
	-72.47141	7.522892
	-72.47132	7.522825
	-72.47129	7.52278
	-72.47128	7.522727
	-72.4713	7.522663
	-72.47129	7.52261
	-72.47132	7.522506
	-72.47134	7.522455
	-72.47152	7.522227
	-72.47163	7.521971
	-72.47166	7.521804
	-72.47178	7.521612
	-72.47183	7.521575
	-72.47193	7.521533
	-72.47232	7.521421
	-72.47296	7.521392
	-72.47337	7.521275
	-72.47363	7.521147
	-72.47386	7.520905
	-72.4739	7.520746
	-72.4739	7.52069
	-72.474	7.520485
	-72.47399	7.520376
	-72.4741	7.520182
	-72.47411	7.520078
	-72.47407	7.519924
	-72.47408	7.519754
	-72.47412	7.519653
	-72.47434	7.519381
	-72.47437	7.519278
	-72.47437	7.519225
	-72.4743	7.519062
	-72.47423	7.518961
	-72.47406	7.518828
	-72.47363	7.51856
	-72.47334	7.5184
	-72.47303	7.518299
	-72.47293	7.518249
	-72.47283	7.518113
	-72.47278	7.517951
	-72.47279	7.517789
	-72.47283	7.517629
	-72.47292	7.517424
	-72.47295	7.517379
	-72.47315	7.51727
	-72.47319	7.517228
	-72.47327	7.517081
	-72.47338	7.51676
	-72.47341	7.516597
	-72.4735	7.516395
	-72.47352	7.516289
	-72.47349	7.516183
	-72.47342	7.516031
	-72.47326	7.515794
	-72.47321	7.515701
	-72.47316	7.515552
	-72.47303	7.515308
	-72.47303	7.515193
	-72.47309	7.515087
	-72.47327	7.514933
	-72.47348	7.514653
	-72.47352	7.514611
	-72.47357	7.514595
	-72.47363	7.514545
	-72.47376	7.514308
	-72.47377	7.514095
	-72.47376	7.514039
	-72.47361	7.513808
	-72.47349	7.513688
	-72.47324	7.513542
	-72.47303	7.513523
	-72.47293	7.513529
	-72.47278	7.513475
	-72.47263	7.513396
	-72.47259	7.513356
	-72.47256	7.513308
	-72.47255	7.513196
	-72.47258	7.51309
	-72.47263	7.513053
	-72.47274	7.513026
	-72.47337	7.512944
	-72.47364	7.512832
	-72.47374	7.512702
	-72.47382	7.512425
	-72.47384	7.512313
	-72.47384	7.512154
	-72.47379	7.511994
	-72.47379	7.511718
	-72.47381	7.511665
	-72.47381	7.511545
	-72.47379	7.511438
	-72.47379	7.511159
	-72.47384	7.510997
	-72.47384	7.510893
	-72.47377	7.51063
	-72.47375	7.510471
	-72.4737	7.510367
	-72.47357	7.510189
	-72.47355	7.510085
	-72.47355	7.509859
	-72.47361	7.509702
	-72.4736	7.509378
	-72.47358	7.509218
	-72.47364	7.509005
	-72.47363	7.508801
	-72.47356	7.508604
	-72.47356	7.508444
	-72.47359	7.508341
	-72.47363	7.508303
	-72.47394	7.508144
	-72.47403	7.508075
	-72.47415	7.50795
	-72.47436	7.507678
	-72.47448	7.507559
	-72.47453	7.507532
	-72.47456	7.507428
	-72.47463	7.507277
	-72.47463	7.507221
	-72.47461	7.50717
	-72.47452	7.50703
	-72.4745	7.506865
	-72.47438	7.506641
	-72.47434	7.506538
	-72.47432	7.506429
	-72.47432	7.506322
	-72.47439	7.506072
	-72.4745	7.505862
	-72.47464	7.505673
	-72.47469	7.505519
	-72.47468	7.505362
	-72.47447	7.505033
	-72.47439	7.504825
	-72.47439	7.504772
	-72.47445	7.504612
	-72.4745	7.504381
	-72.47443	7.504235
	-72.47441	7.504073
	-72.47444	7.503964
	-72.47451	7.503817
	-72.47453	7.503711
	-72.47458	7.50361
	-72.47461	7.503562
	-72.47471	7.503493
	-72.47478	7.503405
	-72.47488	7.503349
	-72.47492	7.503309
	-72.47496	7.503211
	-72.47496	7.503102
	-72.47482	7.502735
	-72.47476	7.502639
	-72.47472	7.502605
	-72.4744	7.502453
	-72.47432	7.502315
	-72.4742	7.502198
	-72.47411	7.502057
	-72.47399	7.501692
	-72.47377	7.501522
	-72.47368	7.501416
	-72.47367	7.501254
	-72.47375	7.500977
	-72.47376	7.500815
	-72.47365	7.500613
	-72.47361	7.500504
	-72.47359	7.500342
	-72.47364	7.500129
	-72.47369	7.500078
	-72.47373	7.499964
	-72.47374	7.49989
	-72.47369	7.499741
	-72.47369	7.499634
	-72.47373	7.49953
	-72.47382	7.499376
	-72.47397	7.499187
	-72.47416	7.498985
	-72.47418	7.498935
	-72.47418	7.498829
	-72.47392	7.498419
	-72.47387	7.498387
	-72.47376	7.498368
	-72.47373	7.498331
	-72.47363	7.498283
	-72.47352	7.49827
	-72.47348	7.498233
	-72.47346	7.498188
	-72.47343	7.498081
	-72.47346	7.497975
	-72.47345	7.49781
	-72.47356	7.497618
	-72.47353	7.497515
	-72.47347	7.497422
	-72.47345	7.497355
	-72.47344	7.497297
	-72.47345	7.497243
	-72.47348	7.497196
	-72.47349	7.497142
	-72.47341	7.496869
	-72.47351	7.496542
	-72.47361	7.496401
	-72.47365	7.496289
	-72.47377	7.496159
	-72.47396	7.496041
	-72.47409	7.495861
	-72.4741	7.495701
	-72.47413	7.495597
	-72.47417	7.495558
	-72.47428	7.495507
	-72.47456	7.495449
	-72.47464	7.495369
	-72.47475	7.495169
	-72.47477	7.494898
	-72.47483	7.494736
	-72.47491	7.494587
	-72.4749	7.494302
	-72.47499	7.4941
	-72.47511	7.493922
	-72.47514	7.493757
	-72.47513	7.49364
	-72.47506	7.493438
	-72.47508	7.492792
	-72.47506	7.492683
	-72.47498	7.492478
	-72.47494	7.492428
	-72.47487	7.492279
	-72.47486	7.492116
	-72.47499	7.492018
	-72.47502	7.491973
	-72.47513	7.491662
	-72.47514	7.49146
	-72.47517	7.491353
	-72.47534	7.49118
	-72.47549	7.490984
	-72.47555	7.490877
	-72.47571	7.490787
	-72.47579	7.490702
	-72.47588	7.490635
	-72.47603	7.490401
	-72.47621	7.490055
	-72.47633	7.489744
	-72.47637	7.489534
	-72.47636	7.48929
	-72.47627	7.488965
	-72.47622	7.488869
	-72.47602	7.48859
	-72.47599	7.488481
	-72.47592	7.488338
	-72.4759	7.488231
	-72.47596	7.488072
	-72.47598	7.487851
	-72.47585	7.48755
	-72.47574	7.487423
	-72.47548	7.487223
	-72.47528	7.48712
	-72.47505	7.486955
	-72.47499	7.48687
	-72.4749	7.48662
	-72.4749	7.486343
	-72.47484	7.486245
	-72.47474	7.485976
	-72.47469	7.485886
	-72.47458	7.485755
	-72.47449	7.485705
	-72.47427	7.485665
	-72.47421	7.485678
	-72.47395	7.485777
	-72.4738	7.485864
	-72.47368	7.485897
	-72.47362	7.485897
	-72.47355	7.485879
	-72.47346	7.485823
	-72.47339	7.485743
	-72.47334	7.485714
	-72.47319	7.485671
	-72.47308	7.485674
	-72.47295	7.485748
	-72.47268	7.485969
	-72.47254	7.486044
	-72.47244	7.486073
	-72.47238	7.486062
	-72.47229	7.486012
	-72.47218	7.485889
	-72.47211	7.485741
	-72.47207	7.485695
	-72.47188	7.485504
	-72.47165	7.485355
	-72.47149	7.485336
	-72.4714	7.485395
	-72.47133	7.485485
	-72.47127	7.485501
	-72.47116	7.485493
	-72.47106	7.48544
	-72.47097	7.48531
	-72.47091	7.485158
	-72.47086	7.484831
	-72.47075	7.484467
	-72.47069	7.484374
	-72.47053	7.484211
	-72.47051	7.484166
	-72.47048	7.484062
	-72.47048	7.483953
	-72.47051	7.483783
	-72.47049	7.483605
	-72.47038	7.483411
	-72.47023	7.483331
	-72.47019	7.483291
	-72.47008	7.483052
	-72.47002	7.482961
	-72.46987	7.482882
	-72.4697	7.4829
	-72.46956	7.482969
	-72.46945	7.482967
	-72.46934	7.48294
	-72.46917	7.482956
	-72.46901	7.4829
	-72.46887	7.482818
	-72.46876	7.482789
	-72.46859	7.482823
	-72.46844	7.482891
	-72.46836	7.482963
	-72.46831	7.482966
	-72.46826	7.482947
	-72.46814	7.48283
	-72.468	7.48275
	-72.46783	7.482724
	-72.46777	7.482729
	-72.46767	7.482766
	-72.46752	7.482841
	-72.46743	7.482899
	-72.46735	7.48299
	-72.4673	7.483022
	-72.46714	7.483043
	-72.46703	7.482992
	-72.46694	7.482865
	-72.46695	7.482594
	-72.46694	7.48254
	-72.46688	7.482455
	-72.46654	7.482282
	-72.46638	7.482248
	-72.46627	7.482272
	-72.46603	7.482389
	-72.46588	7.482554
	-72.46571	7.482572
	-72.46562	7.482524
	-72.46552	7.482397
	-72.4654	7.482301
	-72.46523	7.482248
	-72.46496	7.482099
	-72.46486	7.482083
	-72.46469	7.482096
	-72.46439	7.482234
	-72.46424	7.48241
	-72.46419	7.482508
	-72.46415	7.482546
	-72.46401	7.482617
	-72.46384	7.482631
	-72.46358	7.482546
	-72.46342	7.482519
	-72.46331	7.482532
	-72.46305	7.482625
	-72.46266	7.482644
	-72.46256	7.482615
	-72.4623	7.482586
	-72.46225	7.482562
	-72.4621	7.482402
	-72.46194	7.482264
	-72.46189	7.482165
	-72.46189	7.482009
	-72.46191	7.481955
	-72.4619	7.481899
	-72.46188	7.481852
	-72.4618	7.48178
	-72.46175	7.481758
	-72.46158	7.481751
	-72.46141	7.481798
	-72.4612	7.481822
	-72.46115	7.481801
	-72.46093	7.481634
	-72.46084	7.481498
	-72.46078	7.481357
	-72.46071	7.481274
	-72.46062	7.481083
	-72.46056	7.480995
	-72.46036	7.480798
	-72.46026	7.480668
	-72.46013	7.480575
	-72.4598	7.480501
	-72.45971	7.48045
	-72.45963	7.480365
	-72.45956	7.480094
	-72.45953	7.480065
	-72.45947	7.479913
	-72.45938	7.479777
	-72.45934	7.479681
	-72.45933	7.479565
	-72.45936	7.479456
	-72.45937	7.479283
	-72.45936	7.479221
	-72.4592	7.47886
	-72.45897	7.478525
	-72.45889	7.478445
	-72.45878	7.478378
	-72.45875	7.478333
	-72.45866	7.478267
	-72.45855	7.478126
	-72.45854	7.477964
	-72.45855	7.47791
	-72.45871	7.477671
	-72.45871	7.477565
	-72.45868	7.477458
	-72.45847	7.4772
	-72.45841	7.477054
	-72.45837	7.47678
	-72.45828	7.476642
	-72.4582	7.47657
	-72.45804	7.476344
	-72.45798	7.4762
	-72.45787	7.475714
	-72.45769	7.475432
	-72.45762	7.475347
	-72.45758	7.475312
	-72.45743	7.47524
	-72.4573	7.475142
	-72.45727	7.475046
	-72.45728	7.474772
	-72.45727	7.474719
	-72.45713	7.474559
	-72.45699	7.474312
	-72.45695	7.47427
	-72.45684	7.474224
	-72.4567	7.474126
	-72.45665	7.473865
	-72.45658	7.473783
	-72.45654	7.473754
	-72.45643	7.473719
	-72.45632	7.4737
	-72.45605	7.47369
	-72.45595	7.47365
	-72.45588	7.473562
	-72.45584	7.473466
	-72.4557	7.473299
	-72.45561	7.472921
	-72.45549	7.472669
	-72.45552	7.472459
	-72.45552	7.472347
	-72.45556	7.472243
	-72.45556	7.472065
	-72.4556	7.4719
	-72.45566	7.471807
	-72.45569	7.471695
	-72.45585	7.471451
	-72.45603	7.471233
	-72.45607	7.471129
	-72.45607	7.471076
	-72.45602	7.470932
	-72.45593	7.470796
	-72.45589	7.470759
	-72.45575	7.470685
	-72.45553	7.470432
	-72.45539	7.470344
	-72.45528	7.470312
	-72.45522	7.470222
	-72.45521	7.470116
	-72.45522	7.470006
	-72.45526	7.469905
	-72.45524	7.469692
	-72.45517	7.469599
	-72.45508	7.469527
	-72.45485	7.469384
	-72.45475	7.469333
	-72.45453	7.469266
	-72.45435	7.469152
	-72.45408	7.469142
	-72.45377	7.469261
	-72.45365	7.469261
	-72.4535	7.469189
	-72.45338	7.469083
	-72.45328	7.469038
	-72.45316	7.468929
	-72.45308	7.468788
	-72.45308	7.468735
	-72.4531	7.468684
	-72.45322	7.468439
	-72.45323	7.468282
	-72.45319	7.468184
	-72.4531	7.468043
	-72.45306	7.467884
	-72.45306	7.467716
	-72.45301	7.46762
	-72.45291	7.467572
	-72.4528	7.467567
	-72.45252	7.467721
	-72.45247	7.467727
	-72.45241	7.467711
	-72.45233	7.467639
	-72.45223	7.467503
	-72.45189	7.46732
	-72.45181	7.467179
	-72.45179	7.466966
	-72.45172	7.466753
	-72.45165	7.466663
	-72.45155	7.466589
	-72.4514	7.466535
	-72.45124	7.466511
	-72.45096	7.466522
	-72.45079	7.466557
	-72.45068	7.466538
	-72.45043	7.466307
	-72.45029	7.466227
	-72.45016	7.46612
	-72.45012	7.466075
	-72.45008	7.465977
	-72.45008	7.465652
	-72.45006	7.465546
	-72.45003	7.465493
	-72.45004	7.465394
	-72.44988	7.465307
	-72.44974	7.4652
	-72.44959	7.465033
	-72.44952	7.464897
	-72.44944	7.464812
	-72.44919	7.464687
	-72.44906	7.464602
	-72.44901	7.464567
	-72.44894	7.464477
	-72.44887	7.464328
	-72.44887	7.464166
	-72.4489	7.464065
	-72.44886	7.463863
	-72.4488	7.463759
	-72.44867	7.463663
	-72.44859	7.463522
	-72.44858	7.463469
	-72.4486	7.463206
	-72.44858	7.463099
	-72.4485	7.462961
	-72.44842	7.462697
	-72.44834	7.462557
	-72.44827	7.46249
	-72.44816	7.462498
	-72.44801	7.462546
	-72.44792	7.462607
	-72.44772	7.462697
	-72.44761	7.462679
	-72.44753	7.462602
	-72.44751	7.462549
	-72.44748	7.462445
	-72.44748	7.46228
	-72.44745	7.462123
	-72.44739	7.462025
	-72.4473	7.461953
	-72.44715	7.461921
	-72.4471	7.461894
	-72.44706	7.461849
	-72.44702	7.461751
	-72.44699	7.461533
	-72.44704	7.461434
	-72.4472	7.461267
	-72.44722	7.461216
	-72.44722	7.461051
	-72.44704	7.460833
	-72.44695	7.460642
	-72.44692	7.460535
	-72.44693	7.460429
	-72.44702	7.460227
	-72.447	7.460065
	-72.44701	7.4599
	-72.44699	7.459849
	-72.44695	7.459809
	-72.44669	7.459706
	-72.44664	7.459671
	-72.44658	7.459581
	-72.44649	7.459381
	-72.44648	7.459328
	-72.44648	7.459275
	-72.44653	7.459174
	-72.44652	7.459067
	-72.44642	7.458884
	-72.44638	7.458778
	-72.44638	7.458671
	-72.44641	7.458623
	-72.44652	7.458586
	-72.44669	7.458568
	-72.4468	7.458522
	-72.44688	7.458456
	-72.44691	7.458405
	-72.44693	7.458246
	-72.44675	7.457964
	-72.44665	7.4579
	-72.44655	7.45786
	-72.44651	7.457823
	-72.44643	7.457682
	-72.44642	7.457567
	-72.44639	7.457466
	-72.44619	7.457384
	-72.44609	7.457325
	-72.44596	7.457224
	-72.4459	7.457134
	-72.44588	7.457086
	-72.44585	7.456839
	-72.44591	7.456738
	-72.44606	7.456655
	-72.44609	7.45661
	-72.44618	7.456357
	-72.44617	7.456304
	-72.44614	7.456264
	-72.44608	7.456254
	-72.44599	7.456198
	-72.44593	7.456099
	-72.44584	7.455841
	-72.44575	7.455762
	-72.44565	7.455722
	-72.44536	7.45548
	-72.44526	7.455352
	-72.44525	7.455302
	-72.44525	7.45524
	-72.44527	7.455182
	-72.44538	7.455059
	-72.44542	7.454948
	-72.44542	7.454836
	-72.44541	7.454783
	-72.44538	7.454735
	-72.44521	7.45452
	-72.44517	7.454424
	-72.44515	7.454254
	-72.44519	7.454211
	-72.44529	7.454161
	-72.44552	7.454137
	-72.44568	7.454073
	-72.44581	7.453895
	-72.44585	7.453796
	-72.44588	7.453639
	-72.44588	7.453474
	-72.44584	7.453352
	-72.44575	7.453216
	-72.44566	7.45315
	-72.44549	7.453078
	-72.44536	7.45298
	-72.44517	7.452884
	-72.4451	7.452828
	-72.44509	7.452775
	-72.4451	7.452722
	-72.44513	7.452677
	-72.44533	7.452552
	-72.44542	7.452475
	-72.44549	7.452384
	-72.44562	7.452145
	-72.44562	7.452036
	-72.44559	7.451929
	-72.44556	7.451879
	-72.44545	7.451762
	-72.44536	7.451706
	-72.44516	7.451626
	-72.44498	7.451496
	-72.4449	7.45136
	-72.44487	7.451256
	-72.44487	7.451153
	-72.44492	7.450998
	-72.44499	7.450889
	-72.44503	7.450786
	-72.44503	7.450677
	-72.44506	7.450517
	-72.44499	7.450427
	-72.4449	7.450371
	-72.44482	7.450296
	-72.44476	7.450193
	-72.44475	7.450028
	-72.44493	7.449818
	-72.44493	7.449767
	-72.44491	7.449714
	-72.44487	7.449677
	-72.44484	7.449568
	-72.44483	7.449461
	-72.44485	7.449413
	-72.44484	7.44936
	-72.44478	7.44927
	-72.44478	7.449161
	-72.4448	7.44911
	-72.44485	7.449073
	-72.44507	7.449012
	-72.44522	7.448924
	-72.44529	7.448847
	-72.4453	7.448794
	-72.44528	7.448743
	-72.44524	7.448709
	-72.44489	7.448536
	-72.4448	7.448474
	-72.44476	7.44844
	-72.4447	7.448341
	-72.44469	7.448232
	-72.44474	7.448028
	-72.44474	7.447969
	-72.44471	7.447924
	-72.44471	7.447868
	-72.44476	7.447711
	-72.44471	7.447615
	-72.44462	7.447533
	-72.44458	7.447437
	-72.44457	7.447278
	-72.44455	7.44723
	-72.44446	7.447161
	-72.44439	7.447073
	-72.44434	7.447043
	-72.44427	7.44703
	-72.44405	7.447038
	-72.44384	7.44711
	-72.44376	7.447125
	-72.44369	7.447106
	-72.44363	7.447057
	-72.44355	7.446839
	-72.44338	7.446677
	-72.44333	7.44653
	-72.44324	7.44641
	-72.44311	7.446335
	-72.44303	7.446312
	-72.44274	7.446312
	-72.44267	7.446282
	-72.44261	7.446233
	-72.44247	7.446214
	-72.44233	7.446162
	-72.44222	7.446068
	-72.44221	7.445993
	-72.44218	7.445925
	-72.44212	7.445872
	-72.4419	7.445797
	-72.44185	7.445654
	-72.44187	7.445579
	-72.44193	7.445526
	-72.44196	7.445451
	-72.44195	7.445376
	-72.44186	7.445255
	-72.44183	7.445188
	-72.44181	7.445041
	-72.44182	7.44497
	-72.44191	7.444834
	-72.44192	7.444684
	-72.44197	7.444522
	-72.44211	7.444323
	-72.44214	7.444251
	-72.44215	7.444176
	-72.44224	7.444044
	-72.44231	7.443999
	-72.44246	7.443947
	-72.44252	7.443898
	-72.44262	7.443698
	-72.44263	7.443533
	-72.44259	7.443473
	-72.44259	7.443326
	-72.44261	7.443251
	-72.4426	7.443175
	-72.44253	7.443036
	-72.44247	7.44298
	-72.44243	7.442916
	-72.44245	7.442766
	-72.44252	7.44263
	-72.44253	7.442551
	-72.44247	7.442404
	-72.44238	7.44228
	-72.44227	7.442179
	-72.4422	7.442145
	-72.44205	7.442134
	-72.44183	7.442036
	-72.44178	7.441972
	-72.44175	7.4419
	-72.44174	7.441825
	-72.44176	7.44175
	-72.44184	7.441712
	-72.44192	7.441712
	-72.44215	7.441784
	-72.44231	7.441799
	-72.44239	7.44178
	-72.44246	7.441739
	-72.44251	7.441679
	-72.44258	7.441648
	-72.44273	7.441622
	-72.44281	7.441584
	-72.44287	7.441449
	-72.44292	7.441381
	-72.44298	7.441332
	-72.44298	7.441261
	-72.44279	7.441129
	-72.44272	7.440994
	-72.44272	7.440922
	-72.44277	7.440862
	-72.44292	7.440798
	-72.44306	7.440697
	-72.44316	7.440554
	-72.44317	7.440479
	-72.44312	7.440257
	-72.44306	7.440208
	-72.44299	7.440178
	-72.44284	7.44014
	-72.4427	7.440125
	-72.44257	7.440046
	-72.44244	7.439865
	-72.44229	7.439696
	-72.44218	7.439497
	-72.44202	7.439335
	-72.442	7.439181
	-72.44204	7.439113
	-72.44204	7.439042
	-72.44203	7.43897
	-72.44199	7.438899
	-72.44196	7.438748
	-72.44198	7.438669
	-72.44209	7.438553
	-72.44223	7.438474
	-72.44229	7.438335
	-72.4424	7.438222
	-72.44246	7.438075
	-72.44255	7.437955
	-72.44259	7.437714
	-72.44254	7.437567
	-72.44253	7.437398
	-72.44267	7.437033
	-72.4427	7.436879
	-72.44269	7.436804
	-72.44258	7.436604
	-72.44258	7.436368
	-72.44244	7.436191
	-72.44239	7.436055
	-72.44229	7.435939
	-72.44218	7.435845
	-72.44215	7.435773
	-72.44214	7.435702
	-72.44217	7.435634
	-72.44218	7.435563
	-72.44216	7.435491
	-72.44216	7.435412
	-72.4422	7.435345
	-72.4422	7.435194
	-72.44219	7.435123
	-72.44216	7.435055
	-72.44216	7.43498
	-72.44219	7.434912
	-72.4422	7.434837
	-72.44219	7.434765
	-72.44214	7.434701
	-72.44201	7.434626
	-72.44202	7.434547
	-72.44205	7.434483
	-72.44212	7.434438
	-72.44216	7.434378
	-72.44223	7.434321
	-72.44225	7.434171
	-72.44223	7.434092
	-72.44209	7.433896
	-72.44203	7.433855
	-72.44195	7.433847
	-72.44188	7.433866
	-72.44175	7.433855
	-72.44169	7.433774
	-72.4417	7.433615
	-72.44163	7.433535
	-72.44162	7.433482
	-72.44165	7.433372
	-72.44161	7.433216
	-72.44156	7.433189
	-72.4415	7.433091
	-72.44149	7.433037
	-72.4415	7.432984
	-72.44164	7.432888
	-72.44168	7.432732
	-72.44165	7.432681
	-72.44156	7.43262
	-72.44152	7.432519
	-72.44148	7.432476
	-72.44124	7.432362
	-72.44121	7.432261
	-72.44122	7.43221
	-72.44125	7.432165
	-72.44135	7.432114
	-72.44139	7.432072
	-72.44141	7.432016
	-72.44136	7.431918
	-72.44131	7.431888
	-72.44126	7.43188
	-72.44122	7.43184
	-72.44121	7.431787
	-72.44125	7.431686
	-72.44129	7.431644
	-72.4414	7.431625
	-72.44144	7.431588
	-72.44145	7.431537
	-72.44139	7.431455
	-72.44133	7.431439
	-72.44129	7.431404
	-72.44127	7.431354
	-72.44126	7.431303
	-72.44131	7.431141
	-72.44127	7.431035
	-72.44127	7.430979
	-72.44132	7.43088
	-72.44137	7.430856
	-72.4416	7.430902
	-72.44171	7.430872
	-72.44175	7.430846
	-72.44178	7.430686
	-72.44173	7.430588
	-72.44163	7.430545
	-72.4416	7.430508
	-72.4416	7.430404
	-72.44164	7.430306
	-72.44163	7.430197
	-72.44156	7.43004
	-72.44152	7.430008
	-72.4415	7.42996
	-72.44149	7.429854
	-72.44145	7.42975
	-72.44143	7.429537
	-72.44136	7.429407
	-72.44141	7.429165
	-72.44153	7.429064
	-72.44156	7.428992
	-72.44155	7.428917
	-72.4414	7.428865
	-72.44134	7.428812
	-72.44138	7.42865
	-72.44136	7.428571
	-72.44138	7.428496
	-72.4416	7.428454
	-72.44164	7.428387
	-72.44159	7.428236
	-72.44162	7.428165
	-72.44167	7.428101
	-72.44167	7.428022
	-72.4416	7.427879
	-72.44159	7.427804
	-72.44162	7.427732
	-72.44168	7.427668
	-72.44187	7.427537
	-72.44192	7.42748
	-72.44193	7.427401
	-72.44189	7.427243
	-72.44193	7.427093
	-72.44193	7.427014
	-72.44188	7.426946
	-72.44182	7.426897
	-72.44167	7.426841
	-72.44143	7.426807
	-72.44136	7.426762
	-72.4413	7.426694
	-72.44122	7.426551
	-72.44119	7.426322
	-72.44114	7.426168
	-72.44114	7.426089
	-72.44124	7.425964
	-72.44131	7.425825
	-72.44134	7.425588
	-72.44141	7.425547
	-72.44148	7.425528
	-72.44153	7.425468
	-72.44155	7.42537
	-72.44154	7.425295
	-72.44155	7.42522
	-72.44163	7.425084
	-72.44169	7.424934
	-72.44169	7.424855
	-72.44166	7.42478
	-72.44165	7.424697
	-72.44168	7.424543
	-72.44171	7.424471
	-72.44176	7.424407
	-72.442	7.424223
	-72.44207	7.424087
	-72.44211	7.423937
	-72.44222	7.423828
	-72.44226	7.423764
	-72.44226	7.423689
	-72.44223	7.423617
	-72.44209	7.423538
	-72.44204	7.423474
	-72.44201	7.423403
	-72.44201	7.423324
	-72.44204	7.423252
	-72.44215	7.423155
	-72.44216	7.423079
	-72.44215	7.423
	-72.44212	7.422929
	-72.44215	7.422778
	-72.44213	7.422703
	-72.44202	7.422575
	-72.44199	7.422504
	-72.442	7.422316
	-72.44192	7.422094
	-72.44188	7.422022
	-72.44174	7.421925
	-72.44165	7.421804
	-72.44168	7.421729
	-72.44174	7.421643
	-72.4418	7.421579
	-72.44187	7.421552
	-72.44192	7.421477
	-72.44198	7.421428
	-72.44199	7.421353
	-72.44198	7.421274
	-72.44196	7.421199
	-72.44192	7.421131
	-72.44177	7.421056
	-72.44161	7.421044
	-72.44155	7.420996
	-72.44151	7.420924
	-72.44152	7.420849
	-72.44159	7.420713
	-72.44154	7.420552
	-72.4414	7.420454
	-72.44119	7.420341
	-72.4411	7.420209
	-72.44107	7.420134
	-72.44106	7.41998
	-72.44103	7.419909
	-72.44103	7.419833
	-72.44105	7.419754
	-72.44105	7.419623
	-72.44109	7.419559
	-72.4411	7.419484
	-72.44108	7.419408
	-72.44095	7.419314
	-72.44091	7.41925
	-72.44089	7.419092
	-72.44092	7.418942
	-72.44092	7.418859
	-72.44089	7.41878
	-72.44072	7.418611
	-72.44051	7.418487
	-72.44042	7.418355
	-72.44039	7.418284
	-72.4404	7.418208
	-72.44039	7.418133
	-72.44032	7.418077
	-72.44024	7.418043
	-72.44017	7.417975
	-72.44013	7.417904
	-72.43992	7.417772
	-72.43982	7.417648
	-72.43981	7.41749
	-72.43982	7.417415
	-72.43985	7.417347
	-72.43991	7.417302
	-72.43995	7.417234
	-72.43993	7.417076
	-72.43981	7.416982
	-72.43949	7.416978
	-72.43934	7.416918
	-72.43928	7.416858
	-72.43925	7.416786
	-72.43923	7.416628
	-72.4392	7.416557
	-72.43906	7.41647
	-72.43897	7.416309
	-72.43894	7.416237
	-72.4389	7.416004
	-72.43871	7.415857
	-72.43862	7.415726
	-72.43861	7.415417
	-72.43853	7.415192
	-72.43854	7.415116
	-72.43856	7.415037
	-72.43862	7.414992
	-72.43877	7.41494
	-72.43882	7.414879
	-72.43885	7.414808
	-72.43885	7.414733
	-72.43882	7.414661
	-72.4387	7.414541
	-72.43851	7.414229
	-72.43851	7.414078
	-72.43857	7.413935
	-72.43858	7.413856
	-72.43857	7.413777
	-72.43846	7.41348
	-72.43849	7.413251
	-72.4384	7.413115
	-72.43827	7.413021
	-72.43823	7.412954
	-72.43824	7.412803
	-72.43817	7.412653
	-72.43817	7.412419
	-72.43811	7.41228
	-72.43802	7.41213
	-72.43795	7.412073
	-72.43786	7.411945
	-72.43779	7.4119
	-72.43756	7.411806
	-72.43747	7.411671
	-72.43746	7.41143
	-72.43743	7.411359
	-72.43729	7.411265
	-72.43724	7.411197
	-72.43726	7.411047
	-72.43723	7.410975
	-72.43722	7.41081
	-72.43733	7.410595
	-72.4373	7.410208
	-72.43722	7.410072
	-72.4372	7.409997
	-72.43721	7.409843
	-72.43725	7.409768
	-72.43726	7.409688
	-72.43725	7.409527
	-72.43728	7.409294
	-72.43723	7.409151
	-72.43717	7.409094
	-72.43717	7.40879
	-72.43726	7.408662
	-72.43732	7.408489
	-72.43743	7.408368
	-72.43745	7.408289
	-72.43756	7.408176
	-72.43764	7.40815
	-72.43769	7.408097
	-72.43772	7.408022
	-72.43772	7.407947
	-72.43779	7.407804
	-72.43784	7.407578
	-72.4379	7.407526
	-72.43792	7.40745
	-72.43791	7.407296
	-72.43796	7.407232
	-72.43797	7.406995
	-72.438	7.406924
	-72.4381	7.406807
	-72.43814	7.406736
	-72.43814	7.406657
	-72.43816	7.406581
	-72.43822	7.406525
	-72.43835	7.406457
	-72.43841	7.406405
	-72.43852	7.40619
	-72.43857	7.405961
	-72.4387	7.405867
	-72.43885	7.405818
	-72.43908	7.405603
	-72.4391	7.405528
	-72.43915	7.405464
	-72.43918	7.405321
	-72.43927	7.405201
	-72.4393	7.40513
	-72.43927	7.4049
	-72.4393	7.404753
	-72.43926	7.404682
	-72.43924	7.404524
	-72.43925	7.404449
	-72.43931	7.404306
	-72.43931	7.404223
	-72.43934	7.404148
	-72.43935	7.403994
	-72.43932	7.403768
	-72.43942	7.403386
	-72.43942	7.403337
	-72.41692	7.399832
	-72.38579	7.395019
	-72.38576	7.394978
	-72.38573	7.394977
	-72.38567	7.395012
	-72.38564	7.395047
	-72.38557	7.395084
	-72.38552	7.395141
	-72.38532	7.395283
	-72.38525	7.395317
	-72.38518	7.395325
	-72.38494	7.395438
	-72.3848	7.395434
	-72.38461	7.39531
	-72.38452	7.39528
	-72.38443	7.395283
	-72.3843	7.39537
	-72.38423	7.395389
	-72.38412	7.395389
	-72.38384	7.395336
	-72.38365	7.395453
	-72.38356	7.395487
	-72.38344	7.395584
	-72.38335	7.395712
	-72.38326	7.39575
	-72.38319	7.395761
	-72.38312	7.395795
	-72.38306	7.395852
	-72.38303	7.396009
	-72.383	7.396085
	-72.38287	7.396228
	-72.38281	7.396371
	-72.38282	7.396799
	-72.38274	7.397018
	-72.38273	7.397097
	-72.38266	7.397247
	-72.3826	7.397303
	-72.38243	7.397345
	-72.38212	7.397465
	-72.38199	7.397559
	-72.38189	7.397698
	-72.38177	7.397793
	-72.38169	7.397823
	-72.38161	7.39783
	-72.38156	7.397777
	-72.38141	7.397729
	-72.38134	7.397747
	-72.38127	7.397789
	-72.38119	7.397796
	-72.38105	7.397747
	-72.38097	7.397747
	-72.38089	7.397766
	-72.38068	7.397905
	-72.38051	7.398067
	-72.38044	7.398108
	-72.38036	7.398127
	-72.3802	7.398127
	-72.38009	7.398097
	-72.38005	7.398041
	-72.37988	7.39789
	-72.3798	7.397868
	-72.37971	7.397864
	-72.37955	7.397898
	-72.37939	7.397894
	-72.3791	7.397992
	-72.37903	7.398033
	-72.37895	7.398033
	-72.37888	7.397999
	-72.37881	7.398022
	-72.37873	7.398026
	-72.37851	7.397939
	-72.37819	7.397943
	-72.37812	7.397924
	-72.37806	7.397868
	-72.37803	7.397804
	-72.37797	7.397751
	-72.37785	7.397767
	-72.37771	7.397823
	-72.37763	7.397835
	-72.37741	7.397835
	-72.37727	7.397898
	-72.37716	7.398015
	-72.37713	7.398079
	-72.37707	7.398132
	-72.377	7.398162
	-72.37692	7.398162
	-72.37678	7.398105
	-72.37653	7.398038
	-72.37633	7.398041
	-72.37604	7.398094
	-72.37585	7.398098
	-72.37576	7.398068
	-72.37557	7.397913
	-72.37552	7.397853
	-72.3755	7.397782
	-72.37543	7.397748
	-72.37535	7.397733
	-72.37527	7.397677
	-72.37519	7.397646
	-72.37512	7.39765
	-72.3751	7.397579
	-72.3751	7.397496
	-72.37506	7.397439
	-72.37489	7.397383
	-72.37468	7.397353
	-72.37461	7.39736
	-72.37445	7.397424
	-72.37419	7.397432
	-72.3738	7.397515
	-72.37359	7.397613
	-72.3735	7.397741
	-72.37347	7.397816
	-72.37337	7.397865
	-72.37313	7.397928
	-72.37303	7.397932
	-72.37295	7.397917
	-72.3729	7.397853
	-72.37288	7.397778
	-72.37282	7.397729
	-72.37256	7.397643
	-72.37238	7.397624
	-72.37228	7.39759
	-72.37217	7.397477
	-72.37211	7.397432
	-72.37197	7.397372
	-72.37191	7.397312
	-72.37182	7.397191
	-72.37177	7.397048
	-72.37178	7.396747
	-72.37174	7.396593
	-72.37169	7.396537
	-72.37159	7.396499
	-72.37117	7.396492
	-72.37101	7.396435
	-72.37086	7.39642
	-72.37048	7.39648
	-72.37032	7.396477
	-72.37016	7.396443
	-72.36985	7.396462
	-72.36973	7.396439
	-72.36965	7.396443
	-72.36952	7.396529
	-72.36929	7.396597
	-72.36922	7.396612
	-72.36914	7.396601
	-72.36908	7.396567
	-72.36903	7.396503
	-72.36887	7.39624
	-72.36882	7.396097
	-72.36878	7.396036
	-72.36871	7.395988
	-72.36855	7.395961
	-72.36847	7.395931
	-72.36817	7.395758
	-72.36802	7.395747
	-72.3677	7.395769
	-72.3676	7.395758
	-72.36727	7.395668
	-72.36717	7.39566
	-72.36703	7.395679
	-72.36695	7.395713
	-72.36682	7.395807
	-72.36673	7.395841
	-72.36655	7.39598
	-72.36641	7.396059
	-72.36634	7.396074
	-72.36613	7.395961
	-72.36598	7.395852
	-72.36589	7.395826
	-72.36578	7.395728
	-72.3656	7.395679
	-72.36553	7.395675
	-72.36522	7.395702
	-72.36495	7.395634
	-72.36473	7.395544
	-72.36467	7.395491
	-72.36463	7.395348
	-72.36464	7.395273
	-72.3647	7.395122
	-72.36471	7.395051
	-72.3647	7.394976
	-72.36465	7.394908
	-72.36459	7.394874
	-72.3643	7.394754
	-72.36405	7.394712
	-72.36397	7.394712
	-72.36374	7.394592
	-72.36366	7.394573
	-72.36344	7.394562
	-72.36322	7.394641
	-72.36301	7.394754
	-72.36284	7.394761
	-72.36278	7.394716
	-72.36259	7.394434
	-72.36243	7.394381
	-72.36216	7.394404
	-72.36204	7.394487
	-72.36196	7.394509
	-72.36183	7.394483
	-72.36169	7.394381
	-72.36161	7.394362
	-72.36138	7.394434
	-72.3613	7.394426
	-72.36101	7.394453
	-72.36078	7.394543
	-72.36073	7.394607
	-72.36066	7.394645
	-72.36058	7.394645
	-72.36052	7.394603
	-72.36024	7.394095
	-72.36018	7.394043
	-72.36011	7.39402
	-72.36003	7.394035
	-72.35998	7.394092
	-72.35991	7.394133
	-72.35976	7.394182
	-72.35955	7.394103
	-72.35933	7.394046
	-72.35918	7.39405
	-72.35913	7.394107
	-72.35911	7.39434
	-72.359	7.39446
	-72.35893	7.394505
	-72.35879	7.394554
	-72.35865	7.39463
	-72.35847	7.394671
	-72.35833	7.394757
	-72.35819	7.394818
	-72.35799	7.394949
	-72.35775	7.394953
	-72.35769	7.395002
	-72.35755	7.395201
	-72.3574	7.395224
	-72.35733	7.395254
	-72.35707	7.395435
	-72.35692	7.395491
	-72.35669	7.395702
	-72.35654	7.395799
	-72.35648	7.395878
	-72.35645	7.395961
	-72.35644	7.396232
	-72.35631	7.396435
	-72.35606	7.396631
	-72.356	7.39671
	-72.35587	7.396796
	-72.35572	7.396834
	-72.35544	7.396808
	-72.35515	7.396668
	-72.35489	7.396627
	-72.35474	7.396586
	-72.35442	7.396593
	-72.35436	7.396619
	-72.35413	7.396665
	-72.35406	7.396699
	-72.35402	7.396766
	-72.35394	7.396789
	-72.35385	7.396781
	-72.35376	7.396732
	-72.35356	7.396567
	-72.35348	7.396495
	-72.3534	7.396386
	-72.35313	7.396176
	-72.35297	7.395976
	-72.35271	7.395807
	-72.35266	7.395743
	-72.35213	7.395619
	-72.35194	7.395559
	-72.35179	7.395487
	-72.35168	7.395363
	-72.35154	7.395299
	-72.35131	7.395265
	-72.35121	7.395224
	-72.35111	7.395152
	-72.35093	7.395062
	-72.35065	7.395013
	-72.35026	7.394874
	-72.35017	7.394867
	-72.35003	7.394919
	-72.34995	7.394904
	-72.34988	7.394859
	-72.34983	7.394799
	-72.34967	7.394554
	-72.34946	7.394374
	-72.34929	7.394201
	-72.34904	7.394013
	-72.34887	7.393967
	-72.34878	7.393979
	-72.34873	7.394035
	-72.34851	7.394088
	-72.3483	7.394062
	-72.34821	7.394031
	-72.34809	7.393926
	-72.34786	7.393832
	-72.34776	7.393719
	-72.34746	7.393697
	-72.34701	7.393535
	-72.34683	7.393445
	-72.34653	7.393336
	-72.34629	7.393151
	-72.34625	7.393091
	-72.34618	7.393057
	-72.34611	7.393046
	-72.34597	7.392978
	-72.3459	7.392967
	-72.34579	7.392847
	-72.34536	7.392569
	-72.34504	7.392264
	-72.34481	7.391959
	-72.34445	7.391375
	-72.34403	7.390837
	-72.34368	7.390549
	-72.34336	7.390359
	-72.34306	7.390244
	-72.34259	7.390103
	-72.34223	7.389942
	-72.34184	7.38969
	-72.34162	7.389459
	-72.34126	7.388966
	-72.34105	7.388569
	-72.34083	7.388326
	-72.34068	7.38819
	-72.34052	7.388124
	-72.34036	7.388099
	-72.3402	7.3881
	-72.33984	7.388141
	-72.3395	7.388152
	-72.33907	7.388135
	-72.33869	7.388073
	-72.33823	7.387919
	-72.33798	7.387791
	-72.33778	7.38763
	-72.33746	7.387141
	-72.33734	7.386468
	-72.33722	7.386024
	-72.33704	7.385743
	-72.33685	7.385581
	-72.33662	7.385447
	-72.3364	7.385348
	-72.33536	7.384751
	-72.33472	7.384068
	-72.33431	7.383559
	-72.33394	7.383026
	-72.33349	7.382512
	-72.33316	7.382214
	-72.33277	7.381779
	-72.33249	7.381411
	-72.33222	7.381111
	-72.33173	7.380655
	-72.33116	7.380211
	-72.33077	7.38008
	-72.33	7.380007
	-72.3297	7.379999
	-72.32939	7.379947
	-72.32884	7.379663
	-72.32845	7.379492
	-72.32825	7.379335
	-72.32781	7.37894
	-72.32766	7.378702
	-72.32752	7.378315
	-72.32744	7.377641
	-72.32732	7.377086
	-72.3272	7.37682
	-72.32697	7.376547
	-72.3266	7.376255
	-72.32617	7.376045
	-72.32572	7.375931
	-72.32533	7.375938
	-72.32478	7.376073
	-72.32424	7.376332
	-72.32379	7.37658
	-72.32357	7.376669
	-72.32295	7.376685
	-72.32255	7.376754
	-72.32178	7.376948
	-72.32121	7.377209
	-72.32066	7.377305
	-72.32011	7.377336
	-72.3196	7.377469
	-72.31824	7.378275
	-72.31761	7.378697
	-72.31638	7.379575
	-72.31622	7.379744
	-72.31611	7.379826
	-72.31532	7.380335
	-72.31491	7.380641
	-72.31442	7.380906
	-72.31407	7.380975
	-72.31363	7.380947
	-72.3122	7.380654
	-72.31197	7.380686
	-72.31184	7.380757
	-72.31164	7.380979
	-72.31134	7.381464
	-72.3112	7.382
	-72.31113	7.382383
	-72.31117	7.382898
	-72.31141	7.383656
	-72.31141	7.383891
	-72.3113	7.384311
	-72.31116	7.384611
	-72.31095	7.384756
	-72.31066	7.384865
	-72.31014	7.385016
	-72.30991	7.385134
	-72.30957	7.385529
	-72.30942	7.385886
	-72.30938	7.38638
	-72.30927	7.386546
	-72.30834	7.38671
	-72.30805	7.386916
	-72.30752	7.387332
	-72.30724	7.387448
	-72.30657	7.387839
	-72.30605	7.388117
	-72.30563	7.388761
	-72.30515	7.389337
	-72.30451	7.389867
	-72.30418	7.390074
	-72.30373	7.390144
	-72.30251	7.39001
	-72.3017	7.390104
	-72.30135	7.390127
	-72.30122	7.390174
	-72.29984	7.390338
	-72.29938	7.390317
	-72.29868	7.390089
	-72.2976	7.389862
	-72.29726	7.389886
	-72.29679	7.389933
	-72.29631	7.390003
	-72.29588	7.390165
	-72.29569	7.390441
	-72.29511	7.390787
	-72.29472	7.390905
	-72.29401	7.391088
	-72.29359	7.391113
	-72.29282	7.390242
	-72.29256	7.390013
	-72.29212	7.389692
	-72.29192	7.389601
	-72.29134	7.389258
	-72.29072	7.389076
	-72.29009	7.38903
	-72.28936	7.388919
	-72.28867	7.388484
	-72.28827	7.387888
	-72.28779	7.387498
	-72.2874	7.387155
	-72.28571	7.386401
	-72.28456	7.386014
	-72.28381	7.385648
	-72.28286	7.38549
	-72.28212	7.38517
	-72.28162	7.384895
	-72.2811	7.384852
	-72.28007	7.38451
	-72.27899	7.383937
	-72.2783	7.383687
	-72.27753	7.383528
	-72.27666	7.383508
	-72.27641	7.383393
	-72.27367	7.383147
	-72.27305	7.383149
	-72.27249	7.383219
	-72.27187	7.383267
	-72.27118	7.3832
	-72.271	7.383109
	-72.26938	7.382607
	-72.26907	7.382448
	-72.26844	7.382725
	-72.2681	7.383001
	-72.26701	7.383578
	-72.26644	7.384131
	-72.26605	7.384292
	-72.26526	7.383859
	-72.26478	7.383423
	-72.26423	7.382873
	-72.26247	7.381476
	-72.26202	7.381179
	-72.26077	7.381067
	-72.25969	7.381161
	-72.25946	7.381093
	-72.25743	7.380709
	-72.25591	7.380506
	-72.25516	7.380324
	-72.25435	7.380004
	-72.25322	7.379892
	-72.25232	7.379894
	-72.25152	7.380241
	-72.25104	7.380885
	-72.25011	7.382726
	-72.24977	7.383323
	-72.24913	7.383877
	-72.24857	7.384683
	-72.24807	7.385625
	-72.24773	7.386109
	-72.24777	7.386843
	-72.24752	7.387394
	-72.24704	7.388108
	-72.24586	7.388939
	-72.24527	7.38933
	-72.24425	7.389816
	-72.2438	7.390207
	-72.24332	7.390439
	-72.24161	7.391523
	-72.24	7.391825
	-72.23915	7.391827
	-72.238	7.391785
	-72.23705	7.391787
	-72.23669	7.391765
	-72.23503	7.392183
	-72.23431	7.392298
	-72.23192	7.392374
	-72.23022	7.392378
	-72.22849	7.393002
	-72.22697	7.393375
	-72.22619	7.393491
	-72.22469	7.393541
	-72.22349	7.393682
	-72.2217	7.394306
	-72.22124	7.394491
	-72.22039	7.394539
	-72.21956	7.394357
	-72.21894	7.393968
	-72.21813	7.39358
	-72.21727	7.393398
	-72.21634	7.393078
	-72.21528	7.392783
	-72.21474	7.392555
	-72.21428	7.392188
	-72.21412	7.39166
	-72.21386	7.391017
	-72.21332	7.390973
	-72.21253	7.391066
	-72.2114	7.391323
	-72.21069	7.391438
	-72.2103	7.390957
	-72.21004	7.389556
	-72.2081	7.388686
	-72.2073	7.388276
	-72.20686	7.387887
	-72.20638	7.387635
	-72.20532	7.387271
	-72.2046	7.387341
	-72.20385	7.387918
	-72.2033	7.388034
	-72.20304	7.387691
	-72.20286	7.387253
	-72.20265	7.386428
	-72.20239	7.385877
	-72.20179	7.385534
	-72.20136	7.385397
	-72.20062	7.385421
	-72.20055	7.385397
	-72.19915	7.385287
	-72.19822	7.384554
	-72.19712	7.384372
	-72.19645	7.384214
	-72.19569	7.383181
	-72.1959	7.382584
	-72.19658	7.381755
	-72.19661	7.381411
	-72.19619	7.380907
	-72.19536	7.380127
	-72.19478	7.379531
	-72.19458	7.379279
	-72.1946	7.378843
	-72.19467	7.378381
	-72.19437	7.37774
	-72.19418	7.377487
	-72.194	7.377443
	-72.19291	7.377283
	-72.1923	7.377033
	-72.19192	7.376483
	-72.19165	7.375702
	-72.19114	7.37513
	-72.19091	7.375015
	-72.18995	7.375085
	-72.18937	7.374995
	-72.18898	7.374376
	-72.18844	7.373849
	-72.18787	7.372886
	-72.18798	7.372313
	-72.18812	7.371875
	-72.18816	7.371346
	-72.1877	7.37061
	-72.18611	7.368916
	-72.18533	7.368228
	-72.18496	7.367815
	-72.1845	7.367106
	-72.18415	7.366646
	-72.18406	7.366325
	-72.18413	7.365313
	-72.18422	7.364854
	-72.18442	7.364302
	-72.18449	7.363636
	-72.18433	7.363131
	-72.18403	7.362625
	-72.1838	7.362351
	-72.18343	7.361984
	-72.18285	7.361664
	-72.18248	7.360998
	-72.18186	7.36015
	-72.18149	7.359208
	-72.1817	7.358496
	-72.18181	7.358037
	-72.18181	7.3576
	-72.18155	7.357072
	-72.1813	7.356613
	-72.18078	7.356109
	-72.18045	7.356017
	-72.18031	7.355926
	-72.17997	7.355468
	-72.17907	7.35361
	-72.17907	7.353519
	-72.17869	7.353174
	-72.17828	7.352531
	-72.17752	7.351476
	-72.17679	7.350628
	-72.17602	7.349849
	-72.17565	7.349299
	-72.17519	7.348793
	-72.17445	7.348657
	-72.17408	7.348567
	-72.17337	7.348477
	-72.17275	7.348248
	-72.17245	7.347421
	-72.17259	7.346342
	-72.17273	7.346019
	-72.17217	7.344873
	-72.17167	7.34485
	-72.17088	7.344738
	-72.17039	7.344141
	-72.16996	7.343798
	-72.16954	7.3435
	-72.16871	7.342537
	-72.16844	7.342377
	-72.16684	7.340704
	-72.16666	7.340543
	-72.16562	7.339373
	-72.16465	7.338228
	-72.16237	7.335936
	-72.16161	7.335271
	-72.16089	7.334676
	-72.16064	7.334446
	-72.1599	7.333826
	-72.15944	7.333301
	-72.15841	7.332522
	-72.15721	7.331376
	-72.15663	7.330504
	-72.15583	7.32984
	-72.15568	7.329151
	-72.1548	7.328303
	-72.15384	7.326996
	-72.15381	7.326376
	-72.15397	7.325365
	-72.15418	7.324698
	-72.15432	7.324538
	-72.15503	7.323616
	-72.15547	7.323017
	-72.15581	7.322443
	-72.15687	7.321752
	-72.15821	7.320851
	-72.15892	7.320529
	-72.15942	7.320091
	-72.15995	7.319745
	-72.16005	7.319538
	-72.15989	7.319032
	-72.15942	7.31777
	-72.15937	7.317494
	-72.15956	7.316369
	-72.15965	7.316277
	-72.15967	7.31607
	-72.16036	7.31492
	-72.16043	7.313588
	-72.16077	7.313172
	-72.15994	7.311521
	-72.16015	7.310396
	-72.16076	7.309038
	-72.16117	7.308302
	-72.16214	7.306806
	-72.16364	7.304988
	-72.16494	7.303491
	-72.1654	7.302548
	-72.16563	7.301538
	-72.16591	7.300802
	-72.16703	7.299282
	-72.16733	7.298179
	-72.16747	7.296731
	-72.16781	7.296019
	-72.16818	7.295305
	-72.16893	7.294086
	-72.16939	7.293052
	-72.17011	7.291625
	-72.17109	7.289118
	-72.1716	7.287624
	-72.17058	7.286478
	-72.17033	7.285032
	-72.17035	7.284227
	-72.17048	7.282734
	-72.17042	7.281654
	-72.16974	7.279611
	-72.16942	7.279014
	-72.16848	7.277868
	-72.16824	7.276697
	-72.169	7.275638
	-72.16932	7.274672
	-72.16936	7.2735
	-72.16884	7.272491
	-72.16884	7.271825
	-72.16922	7.270698
	-72.17009	7.269777
	-72.17132	7.268947
	-72.17134	7.268327
	-72.17152	7.267867
	-72.17164	7.266673
	-72.17142	7.265915
	-72.17181	7.264719
	-72.17244	7.264189
	-72.17326	7.263177
	-72.17317	7.261545
	-72.17347	7.260327
	-72.17365	7.260143
	-72.17425	7.259291
	-72.17457	7.258739
	-72.17484	7.257981
	-72.1745	7.257293
	-72.17325	7.256463
	-72.17248	7.256245
	-72.17193	7.255587
	-72.17094	7.25482
	-72.17082	7.253721
	-72.17093	7.252292
	-72.17286	7.252218
	-72.17382	7.252103
	-72.10609	7.139107
	-72.04993	7.042692
	-72.04758	7.039104
	-72.04801	7.037967
	-72.04809	7.037899
	-72.05018	7.037814
	-72.05099	7.037651
	-72.05293	7.037808
	-72.05544	7.03756
	-72.05796	7.037555
	-72.06136	7.038519
	-72.06436	7.040374
	-72.06655	7.041665
	-72.07004	7.043033
	-72.07101	7.043431
	-72.07212	7.043946
	-72.07255	7.044161
	-72.07442	7.044804
	-72.07733	7.045284
	-72.07944	7.045117
	-72.08235	7.044544
	-72.0834	7.043409
	-72.08429	7.042355
	-72.0855	7.040896
	-72.08761	7.039596
	-72.08987	7.03862
	-72.09174	7.037969
	-72.09319	7.037399
	-72.09481	7.036748
	-72.09659	7.036501
	-72.09854	7.036416
	-72.09975	7.036414
	-72.10113	7.035844
	-72.10283	7.03576
	-72.10404	7.035433
	-72.10566	7.035025
	-72.10696	7.035022
	-72.10892	7.034524
	-72.11015	7.034262
	-72.1119	7.034388
	-72.11598	7.034379
	-72.11799	7.033921
	-72.1189	7.033401
	-72.12032	7.032103
	-72.12103	7.031325
	-72.12194	7.031193
	-72.12278	7.031127
	-72.12375	7.03093
	-72.12524	7.031057
	-72.12919	7.031048
	-72.13068	7.030979
	-72.13198	7.030977
	-72.13302	7.031492
	-72.13393	7.032397
	-72.13549	7.0333
	-72.13691	7.03362
	-72.13879	7.034393
	-72.14002	7.034454
	-72.14164	7.034775
	-72.14242	7.034902
	-72.14274	7.034997
	-72.14383	7.03527
	-72.1456	7.035209
	-72.14721	7.034918
	-72.1487	7.034572
	-72.15036	7.034625
	-72.15231	7.034792
	-72.15352	7.035248
	-72.15455	7.036391
	-72.15478	7.037536
	-72.15513	7.03891
	-72.15513	7.040113
	-72.15525	7.041029
	-72.15605	7.041485
	-72.15852	7.04148
	-72.15949	7.042107
	-72.1599	7.042736
	-72.15984	7.044111
	-72.15944	7.045372
	-72.15922	7.046404
	-72.15928	7.046976
	-72.16008	7.047605
	-72.16134	7.04806
	-72.16255	7.048114
	-72.16345	7.04819
	-72.16514	7.048726
	-72.16803	7.050223
	-72.17162	7.052587
	-72.17515	7.054841
	-72.17817	7.054583
	-72.18018	7.05307
	-72.18522	7.052806
	-72.18773	7.050789
	-72.19024	7.047263
	-72.19451	7.045744
	-72.19777	7.042971
	-72.19877	7.039197
	-72.19876	7.034923
	-72.19825	7.03168
	-72.2006	7.02867
	-72.20308	7.026601
	-72.20402	7.023848
	-72.20401	7.020328
	-72.20375	7.017311
	-72.20349	7.012535
	-72.20273	7.01128
	-72.20122	7.011284
	-72.20021	7.009023
	-72.20046	7.007011
	-72.20297	7.004491
	-72.20649	7.003477
	-72.20976	7.003217
	-72.21277	7.001199
	-72.21553	6.997421
	-72.21829	6.991883
	-72.21903	6.986099
	-72.22406	6.984578
	-72.22607	6.984322
	-72.2316	6.983805
	-72.23713	6.98002
	-72.24065	6.979257
	-72.24618	6.97673
	-72.25097	6.980238
	-72.25475	6.983497
	-72.25526	6.985255
	-72.25502	6.990536
	-72.25277	6.994312
	-72.25253	7.00085
	-72.24977	7.005382
	-72.25129	7.006887
	-72.25582	7.00939
	-72.25985	7.009882
	-72.26262	7.009373
	-72.26564	7.009114
	-72.26765	7.009611
	-72.26992	7.012371
	-72.27245	7.014627
	-72.2758	7.014619
	-72.27667	7.014151
	-72.28124	7.011085
	-72.28651	7.004283
	-72.28751	7.001013
	-72.28851	6.998747
	-72.28982	6.996676
	-72.29026	6.995977
	-72.29403	6.991694
	-72.29401	6.985911
	-72.29701	6.979115
	-72.29952	6.974835
	-72.30152	6.971561
	-72.30152	6.968544
	-72.30175	6.963264
	-72.3045	6.954709
	-72.306	6.951688
	-72.30624	6.94867
	-72.30724	6.945399
	-72.30899	6.942126
	-72.31176	6.939605
	-72.31326	6.936836
	-72.31426	6.933313
	-72.31701	6.930038
	-72.31902	6.927016
	-72.32127	6.923741
	-72.32303	6.92248
	-72.3268	6.919956
	-72.32805	6.917187
	-72.33106	6.915419
	-72.33333	6.915162
	-72.33658	6.909622
	-72.34136	6.906593
	-72.34462	6.903064
	-72.34864	6.901042
	-72.34913	6.898527
	-72.34912	6.893499
	-72.35213	6.890474
	-72.3546	6.890984
	-72.35824	6.893447
	-72.3622	6.893601
	-72.36351	6.892279
	-72.36657	6.890127
	-72.36709	6.889805
	-72.37158	6.887313
	-72.37537	6.885655
	-72.37882	6.883008
	-72.38392	6.876567
	-72.3882	6.874413
	-72.39166	6.873085
	-72.39941	6.873063
	-72.4037	6.873381
	-72.40584	6.873375
	-72.4103	6.874681
	-72.41459	6.876976
	-72.41938	6.879435
	-72.42384	6.881071
	-72.42796	6.882048
	-72.4311	6.882863
	-72.43496	6.885415
	-72.43615	6.886509
	-72.43744	6.887785
	-72.43845	6.889061
	-72.43927	6.890613
	-72.4422	6.892341
	-72.44449	6.893065
	-72.44861	6.894973
	-72.45145	6.89661
	-72.45283	6.897337
	-72.45576	6.897877
	-72.45795	6.898967
	-72.45978	6.899602
	-72.46216	6.900509
	-72.46446	6.902513
	-72.46547	6.90379
	-72.46748	6.905794
	-72.4685	6.907619
	-72.47042	6.90999
	-72.47162	6.911632
	-72.47399	6.913714
	-72.47479	6.914131
	-72.47702	6.915271
	-72.47867	6.916272
	-72.47986	6.917091
	-72.48087	6.918276
	-72.48243	6.91946
	-72.48362	6.920553
	-72.48463	6.921738
	-72.48509	6.922742
	-72.4851	6.925667
	-72.48492	6.926855
	-72.48456	6.928318
	-72.48446	6.928506
	-72.48407	6.92909
	-72.48387	6.929481
	-72.48348	6.930133
	-72.48439	6.930201
	-72.48636	6.929946
	-72.48786	6.929233
	-72.48885	6.927734
	-72.49003	6.925126
	-72.49055	6.924126
	-72.49136	6.923133
	-72.49149	6.922491
	-72.49187	6.921976
	-72.49264	6.921589
	-72.49521	6.921581
	-72.49598	6.921322
	-72.49637	6.920807
	-72.49688	6.920035
	-72.49752	6.918492
	-72.4979	6.91772
	-72.49803	6.917078
	-72.49828	6.916307
	-72.49943	6.915147
	-72.5002	6.913732
	-72.50058	6.912704
	-72.50057	6.909108
	-72.50083	6.908722
	-72.49971	6.907732
	-72.50005	6.906532
	-72.50022	6.905675
	-72.50021	6.904476
	-72.49987	6.90345
	-72.49952	6.902594
	-72.49883	6.901911
	-72.49832	6.900885
	-72.49814	6.900372
	-72.49728	6.898662
	-72.49676	6.895752
	-72.49658	6.894211
	-72.49658	6.892669
	-72.49674	6.890614
	-72.49708	6.889071
	-72.49656	6.887702
	-72.49655	6.88462
	-72.49741	6.883932
	-72.49844	6.883586
	-72.50032	6.883067
	-72.50101	6.882894
	-72.50186	6.881521
	-72.50185	6.880322
	-72.50202	6.878951
	-72.50185	6.877753
	-72.50184	6.874328
	-72.50166	6.872958
	-72.50029	6.871249
	-72.4996	6.870052
	-72.49925	6.869026
	-72.49822	6.868515
	-72.49668	6.867663
	-72.49428	6.867499
	-72.49222	6.867163
	-72.49112	6.866049
	-72.49045	6.864724
	-72.49016	6.863777
	-72.48997	6.862356
	-72.48996	6.861124
	-72.48977	6.859039
	-72.48939	6.857998
	-72.489	6.856388
	-72.48843	6.854588
	-72.48748	6.85298
	-72.48624	6.852131
	-72.48462	6.851093
	-72.48358	6.850432
	-72.48282	6.849202
	-72.48281	6.84835
	-72.48291	6.847307
	-72.48262	6.846455
	-72.48252	6.845696
	-72.48167	6.844751
	-72.48072	6.843806
	-72.47919	6.842579
	-72.4773	6.843058
	-72.47645	6.843485
	-72.47639	6.842202
	-72.47702	6.840285
	-72.47702	6.839113
	-72.47766	6.837728
	-72.47765	6.83677
	-72.4785	6.836022
	-72.47956	6.834529
	-72.4802	6.833781
	-72.48019	6.830801
	-72.48062	6.829735
	-72.48082	6.828563
	-72.48103	6.826966
	-72.48177	6.82558
	-72.4823	6.824194
	-72.48283	6.822915
	-72.48336	6.82153
	-72.48357	6.820571
	-72.48357	6.819187
	-72.48367	6.818016
	-72.48377	6.816312
	-72.48409	6.815353
	-72.48323	6.814398
	-72.4828	6.813334
	-72.4827	6.812696
	-72.48259	6.811845
	-72.48258	6.811206
	-72.48301	6.810672
	-72.48354	6.810138
	-72.48386	6.809925
	-72.48407	6.809285
	-72.48407	6.808859
	-72.4846	6.808539
	-72.48524	6.80843
	-72.48652	6.808107
	-72.48769	6.807678
	-72.48907	6.806716
	-72.49034	6.80586
	-72.4913	6.804687
	-72.49162	6.803515
	-72.49183	6.802769
	-72.49299	6.801807
	-72.49438	6.801271
	-72.49502	6.800737
	-72.49565	6.800096
	-72.49693	6.799241
	-72.49757	6.79892
	-72.4982	6.798811
	-72.4982	6.797853
	-72.49852	6.796894
	-72.49851	6.795298
	-72.49841	6.794766
	-72.49798	6.794234
	-72.49798	6.793383
	-72.49787	6.792638
	-72.49755	6.792
	-72.49669	6.791045
	-72.49573	6.790728
	-72.4952	6.789985
	-72.49541	6.789239
	-72.49572	6.788386
	-72.49615	6.78732
	-72.49614	6.785617
	-72.49603	6.784553
	-72.49601	6.778485
	-72.49654	6.776993
	-72.49686	6.775928
	-72.4959	6.774653
	-72.4959	6.773908
	-72.49611	6.772843
	-72.49653	6.771777
	-72.49674	6.770499
	-72.49673	6.769647
	-72.49694	6.767943
	-72.49737	6.766771
	-72.49736	6.766026
	-72.49702	6.76561
	-72.49635	6.765272
	-72.4958	6.765061
	-72.49555	6.764808
	-72.49542	6.764429
	-72.49441	6.763838
	-72.4939	6.76329
	-72.49297	6.762615
	-72.49293	6.76187
	-72.49259	6.760042
	-72.49241	6.758529
	-72.49204	6.757102
	-72.4915	6.755017
	-72.49096	6.752561
	-72.49079	6.75002
	-72.49079	6.748535
	-72.4903	6.745223
	-72.4897	6.743881
	-72.48936	6.742197
	-72.48956	6.740883
	-72.49044	6.73957
	-72.49173	6.738456
	-72.49296	6.737514
	-72.4945	6.736172
	-72.4961	6.73443
	-72.49698	6.733059
	-72.49741	6.732146
	-72.49775	6.730661
	-72.4977	6.729604
	-72.49764	6.728576
	-72.49741	6.727377
	-72.4973	6.726833
	-72.49721	6.726378
	-72.49664	6.725207
	-72.4963	6.724351
	-72.49541	6.722923
	-72.49418	6.721381
	-72.49324	6.720239
	-72.49233	6.719097
	-72.49087	6.717384
	-72.48953	6.715585
	-72.48864	6.713957
	-72.48816	6.712529
	-72.48793	6.711216
	-72.4879	6.709931
	-72.48793	6.70896
	-72.48787	6.708104
	-72.48753	6.707218
	-72.48687	6.706076
	-72.48619	6.704991
	-72.48579	6.703906
	-72.4855	6.702707
	-72.48556	6.701651
	-72.48565	6.700708
	-72.48605	6.699423
	-72.48619	6.698624
	-72.4861	6.697482
	-72.48576	6.696225
	-72.4855	6.694798
	-72.48556	6.693513
	-72.48607	6.691942
	-72.48673	6.690543
	-72.48699	6.689373
	-72.48719	6.68823
	-72.48765	6.68586
	-72.48816	6.684518
	-72.48919	6.682777
	-72.48976	6.681777
	-72.49002	6.680749
	-72.49004	6.679436
	-72.48953	6.678208
	-72.48879	6.677323
	-72.48776	6.676238
	-72.48685	6.67501
	-72.48627	6.673954
	-72.48599	6.672355
	-72.48659	6.670013
	-72.48665	6.6685
	-72.48656	6.667072
	-72.48627	6.665616
	-72.48599	6.663446
	-72.48579	6.661105
	-72.48585	6.65902
	-72.48619	6.656993
	-72.48656	6.655851
	-72.48702	6.655051
	-72.48776	6.65448
	-72.48873	6.653795
	-72.48962	6.652681
	-72.49044	6.651139
	-72.49079	6.649969
	-72.49093	6.648827
	-72.49096	6.647884
	-72.49119	6.646713
	-72.49161	6.645514
	-72.4923	6.644458
	-72.49316	6.643573
	-72.4941	6.642973
	-72.49501	6.642402
	-72.49595	6.641688
	-72.49687	6.640917
	-72.49772	6.640032
	-72.4989	6.638719
	-72.49992	6.637405
	-72.50078	6.636149
	-72.50178	6.634921
	-72.50249	6.63415
	-72.50315	6.633493
	-72.50412	6.632722
	-72.50478	6.632123
	-72.50563	6.631694
	-72.50666	6.631437
	-72.50778	6.631123
	-72.50889	6.630638
	-72.50995	6.629953
	-72.51066	6.629324
	-72.51134	6.628211
	-72.51177	6.627269
	-72.51214	6.626326
	-72.51263	6.62567
	-72.5134	6.624956
	-72.51426	6.624413
	-72.51529	6.623842
	-72.51594	6.623471
	-72.51668	6.622814
	-72.51768	6.621358
	-72.51851	6.620073
	-72.51934	6.618845
	-72.51985	6.61776
	-72.52005	6.616732
	-72.52003	6.615019
	-72.52011	6.613477
	-72.52034	6.612107
	-72.52051	6.61085
	-72.5206	6.608966
	-72.52054	6.607481
	-72.52062	6.605368
	-72.52097	6.60374
	-72.52145	6.602398
	-72.5222	6.601228
	-72.52345	6.599829
	-72.52451	6.598886
	-72.52528	6.597659
	-72.52605	6.596573
	-72.52651	6.595574
	-72.52731	6.594175
	-72.52802	6.593176
	-72.52868	6.592519
	-72.52976	6.592005
	-72.5311	6.591377
	-72.53305	6.590634
	-72.53416	6.590206
	-72.5353	6.590035
	-72.53633	6.589607
	-72.53713	6.588921
	-72.5381	6.588036
	-72.53884	6.587094
	-72.54021	6.586066
	-72.5417	6.585324
	-72.54227	6.584854
	-72.54264	6.584553
	-72.54347	6.58341
	-72.54372	6.581868
	-72.5437	6.580698
	-72.5435	6.579527
	-72.5435	6.577557
	-72.54361	6.576215
	-72.54378	6.574587
	-72.54427	6.573188
	-72.54498	6.571418
	-72.54535	6.56999
	-72.54561	6.56882
	-72.54575	6.567306
	-72.54552	6.56565
	-72.54498	6.563823
	-72.54432	6.562766
	-72.54358	6.562052
	-72.54278	6.560739
	-72.54107	6.558169
	-72.54044	6.556541
	-72.53964	6.554
	-72.53884	6.550974
	-72.53804	6.54809
	-72.53776	6.545377
	-72.53759	6.54355
	-72.53756	6.541836
	-72.53779	6.540095
	-72.53793	6.539124
	-72.53858	6.538125
	-72.53987	6.537125
	-72.54087	6.536497
	-72.54164	6.535926
	-72.54233	6.535355
	-72.54301	6.534555
	-72.54347	6.533813
	-72.54355	6.532699
	-72.54347	6.531928
	-72.54344	6.5313
	-72.54384	6.530415
	-72.54418	6.52953
	-72.5447	6.528559
	-72.54547	6.527445
	-72.54661	6.525875
	-72.54735	6.525161
	-72.54795	6.524504
	-72.54844	6.523534
	-72.54872	6.522249
	-72.54872	6.520935
	-72.54866	6.51985
	-72.54826	6.518565
	-72.54764	6.517452
	-72.54704	6.516738
	-72.54632	6.516024
	-72.54541	6.515225
	-72.54401	6.514853
	-72.5429	6.514425
	-72.5423	6.513369
	-72.54175	6.512541
	-72.54084	6.511741
	-72.53984	6.510999
	-72.53841	6.510656
	-72.53767	6.509914
	-72.5371	6.508886
	-72.53647	6.508315
	-72.5357	6.507829
	-72.53462	6.507344
	-72.53367	6.506858
	-72.5327	6.506059
	-72.53233	6.505459
	-72.53226	6.505104
	-72.53234	6.50474
	-72.53356	6.503936
	-72.53404	6.50313
	-72.53396	6.502606
	-72.53398	6.502591
	-72.53343	6.500243
	-72.53415	6.498072
	-72.5345	6.495902
	-72.53522	6.494092
	-72.53666	6.492099
	-72.53774	6.49065
	-72.53817	6.489869
	-72.53972	6.488294
	-72.54008	6.488293
	-72.54137	6.48878
	-72.54314	6.488775
	-72.54491	6.488517
	-72.54669	6.488172
	-72.54926	6.488896
	-72.54935	6.488847
	-72.54941	6.488812
	-72.5498	6.488614
	-72.54996	6.488518
	-72.55016	6.488391
	-72.55042	6.488079
	-72.55055	6.48805
	-72.55071	6.487997
	-72.55094	6.487939
	-72.55105	6.488032
	-72.55117	6.488104
	-72.55151	6.488257
	-72.55161	6.488291
	-72.55207	6.488393
	-72.55216	6.488402
	-72.553	6.488306
	-72.55307	6.488283
	-72.55308	6.488284
	-72.55329	6.488303
	-72.55337	6.488299
	-72.55366	6.488364
	-72.55374	6.48837
	-72.55388	6.488422
	-72.55406	6.488478
	-72.55413	6.488495
	-72.55422	6.488521
	-72.55428	6.488539
	-72.55438	6.488568
	-72.55453	6.488601
	-72.55478	6.488649
	-72.555	6.488659
	-72.55514	6.48868
	-72.55562	6.48869
	-72.55576	6.488675
	-72.55642	6.488495
	-72.55651	6.488452
	-72.55651	6.48845
	-72.55654	6.488435
	-72.55664	6.488441
	-72.55673	6.488441
	-72.55736	6.488339
	-72.55744	6.488315
	-72.55781	6.488148
	-72.55792	6.488081
	-72.55813	6.48792
	-72.55815	6.487913
	-72.55829	6.487849
	-72.5587	6.487593
	-72.55917	6.488025
	-72.55934	6.488112
	-72.55969	6.488252
	-72.55984	6.488295
	-72.56095	6.488295
	-72.56107	6.488261
	-72.56182	6.487852
	-72.56197	6.487723
	-72.56241	6.48718
	-72.56252	6.486988
	-72.56257	6.486869
	-72.56264	6.486764
	-72.56267	6.486711
	-72.56272	6.486645
	-72.56274	6.486629
	-72.56283	6.486546
	-72.56292	6.486544
	-72.56349	6.486447
	-72.56368	6.486385
	-72.56373	6.486368
	-72.56388	6.486318
	-72.5641	6.486238
	-72.56454	6.485995
	-72.56454	6.485996
	-72.56455	6.485992
	-72.56457	6.485981
	-72.56465	6.485939
	-72.56468	6.485942
	-72.56552	6.485841
	-72.56564	6.485798
	-72.56615	6.485534
	-72.56627	6.485448
	-72.56645	6.4853
	-72.56663	6.485324
	-72.56672	6.485329
	-72.56696	6.485328
	-72.56703	6.485324
	-72.56759	6.485209
	-72.56769	6.48517
	-72.56846	6.484673
	-72.56856	6.484572
	-72.56859	6.484522
	-72.56874	6.484464
	-72.56887	6.484401
	-72.56907	6.484278
	-72.56912	6.484257
	-72.5692	6.484223
	-72.56928	6.484181
	-72.56938	6.484144
	-72.56938	6.484124
	-72.56955	6.484079
	-72.56957	6.484113
	-72.56979	6.484031
	-72.56995	6.483964
	-72.57013	6.483878
	-72.57044	6.483696
	-72.5706	6.483586
	-72.57082	6.483363
	-72.57095	6.483251
	-72.57102	6.483158
	-72.57107	6.483104
	-72.57115	6.482994
	-72.57115	6.48299
	-72.57115	6.482985
	-72.57116	6.482983
	-72.57129	6.482954
	-72.57153	6.482881
	-72.5717	6.48282
	-72.57193	6.482735
	-72.57313	6.48017
	-72.57219	6.479735
	-72.57246	6.479449
	-72.57313	6.478861
	-72.57386	6.478392
	-72.57467	6.478099
	-72.57555	6.477966
	-72.57648	6.477929
	-72.57742	6.477923
	-72.57854	6.477862
	-72.57914	6.477152
	-72.57987	6.476677
	-72.58074	6.476492
	-72.58166	6.476377
	-72.58254	6.476175
	-72.5834	6.47584
	-72.58414	6.475328
	-72.58475	6.474682
	-72.58533	6.473988
	-72.58589	6.47327
	-72.58645	6.472552
	-72.58703	6.471858
	-72.58763	6.471177
	-72.58823	6.4705
	-72.58883	6.469825
	-72.58945	6.469163
	-72.58991	6.468399
	-72.59004	6.467505
	-72.59007	6.466602
	-72.59028	6.465725
	-72.59074	6.464951
	-72.59134	6.464269
	-72.592	6.46365
	-72.59279	6.463223
	-72.59368	6.463073
	-72.59458	6.463037
	-72.59548	6.462959
	-72.59634	6.462683
	-72.59712	6.462214
	-72.59784	6.461674
	-72.59853	6.46109
	-72.5992	6.460485
	-72.59987	6.459879
	-72.60057	6.459303
	-72.6012	6.45866
	-72.60143	6.457788
	-72.60152	6.456887
	-72.6015	6.455984
	-72.60147	6.45508
	-72.60148	6.454176
	-72.60159	6.453279
	-72.60188	6.452423
	-72.60228	6.451611
	-72.60286	6.450923
	-72.60351	6.450297
	-72.60418	6.449688
	-72.60486	6.449098
	-72.60558	6.448548
	-72.60651	6.448113
	-72.60739	6.448348
	-72.60827	6.448362
	-72.60909	6.447975
	-72.60986	6.447487
	-72.6106	6.446972
	-72.61134	6.446456
	-72.61205	6.4459
	-72.61281	6.445403
	-72.61364	6.445058
	-72.61451	6.4448
	-72.61537	6.444541
	-72.61623	6.444259
	-72.61709	6.44398
	-72.61793	6.443663
	-72.61846	6.442923
	-72.61902	6.442213
	-72.61976	6.441691
	-72.62065	6.441602
	-72.62153	6.441398
	-72.62236	6.441033
	-72.62318	6.440644
	-72.62372	6.440387
	-72.62421	6.440153
	-72.62512	6.440225
	-72.62603	6.440312
	-72.62694	6.440393
	-72.62785	6.440447
	-72.62873	6.440451
	-72.62937	6.439897
	-72.62995	6.439208
	-72.63055	6.438523
	-72.63128	6.438015
	-72.63214	6.437738
	-72.63305	6.437677
	-72.63395	6.437697
	-72.63485	6.437737
	-72.63575	6.437772
	-72.63666	6.437777
	-72.63756	6.437724
	-72.63846	6.437603
	-72.63934	6.437431
	-72.64022	6.437227
	-72.6411	6.437003
	-72.64197	6.436774
	-72.64285	6.436556
	-72.64373	6.43636
	-72.64462	6.436197
	-72.64552	6.436092
	-72.64642	6.436069
	-72.64733	6.436069
	-72.64822	6.436167
	-72.64835	6.436216
	-72.64906	6.4365
	-72.64978	6.437042
	-72.65043	6.437676
	-72.65105	6.438334
	-72.65166	6.438996
	-72.65224	6.439691
	-72.65282	6.440388
	-72.65345	6.441036
	-72.65416	6.441592
	-72.65492	6.442079
	-72.65567	6.442587
	-72.6565	6.442934
	-72.65735	6.443232
	-72.65821	6.443513
	-72.65907	6.443789
	-72.66009	6.444122
	-72.66079	6.444697
	-72.6615	6.445256
	-72.66217	6.445863
	-72.66274	6.446569
	-72.66321	6.447335
	-72.66364	6.448133
	-72.66401	6.448955
	-72.66435	6.449795
	-72.66462	6.450658
	-72.66472	6.451556
	-72.66476	6.452459
	-72.66478	6.453363
	-72.66475	6.45427
	-72.66512	6.45509
	-72.66545	6.455935
	-72.66579	6.456783
	-72.66618	6.457592
	-72.66668	6.458335
	-72.66723	6.459049
	-72.6678	6.459746
	-72.6684	6.460431
	-72.669	6.461111
	-72.6696	6.46179
	-72.6702	6.462473
	-72.67078	6.463167
	-72.67124	6.463942
	-72.67169	6.464726
	-72.67209	6.465537
	-72.67241	6.466382
	-72.67271	6.467234
	-72.67301	6.468086
	-72.67324	6.468962
	-72.67327	6.469864
	-72.67312	6.470755
	-72.67296	6.471645
	-72.67298	6.47255
	-72.67347	6.473299
	-72.67421	6.473836
	-72.67479	6.474506
	-72.67524	6.475283
	-72.67567	6.476076
	-72.67608	6.476879
	-72.67649	6.47769
	-72.67689	6.478505
	-72.67729	6.479321
	-72.67769	6.480133
	-72.6781	6.48094
	-72.6785	6.481749
	-72.67898	6.482719
	-72.67904	6.482845
	-72.67987	6.484228
	-72.6802	6.485054
	-72.68018	6.485963
	-72.68012	6.486865
	-72.67992	6.487747
	-72.67989	6.488645
	-72.68013	6.489516
	-72.6804	6.490384
	-72.68072	6.491223
	-72.68126	6.491968
	-72.68184	6.492693
	-72.68227	6.493465
	-72.68245	6.494336
	-72.68246	6.495278
	-72.68243	6.49623
	-72.68246	6.497133
	-72.68269	6.497899
	-72.68365	6.49812
	-72.68422	6.498756
	-72.68467	6.499547
	-72.68511	6.500373
	-72.68553	6.50122
	-72.68592	6.502079
	-72.68625	6.502938
	-72.68651	6.503786
	-72.6867	6.50461
	-72.68633	6.505395
	-72.68549	6.506126
	-72.68542	6.506796
	-72.68588	6.507432
	-72.68652	6.508052
	-72.68726	6.508661
	-72.68804	6.509266
	-72.68918	6.510218
	-72.68985	6.510838
	-72.69051	6.511454
	-72.69119	6.512067
	-72.69185	6.512683
	-72.69252	6.513302
	-72.69316	6.513928
	-72.6938	6.514563
	-72.69425	6.515294
	-72.69439	6.516201
	-72.69465	6.517066
	-72.69494	6.517922
	-72.69524	6.518776
	-72.69553	6.519633
	-72.6958	6.520495
	-72.69604	6.521373
	-72.69572	6.522137
	-72.69551	6.522934
	-72.69556	6.523908
	-72.69574	6.524833
	-72.69615	6.525537
	-72.69696	6.525838
	-72.69794	6.526007
	-72.69873	6.526425
	-72.69938	6.527031
	-72.69999	6.527705
	-72.70057	6.528413
	-72.70156	6.529588
	-72.70199	6.530388
	-72.70243	6.531182
	-72.70285	6.531988
	-72.70318	6.532821
	-72.70342	6.533688
	-72.70362	6.534572
	-72.70379	6.535467
	-72.70394	6.536366
	-72.70409	6.537264
	-72.70425	6.538155
	-72.70444	6.539031
	-72.70481	6.539801
	-72.70556	6.540345
	-72.70626	6.540917
	-72.70696	6.541484
	-72.70773	6.54196
	-72.70862	6.542049
	-72.70952	6.542038
	-72.71043	6.542107
	-72.71127	6.542396
	-72.71202	6.543427
	-72.71223	6.544207
	-72.71218	6.545119
	-72.71266	6.545876
	-72.71322	6.546588
	-72.7138	6.547284
	-72.71439	6.547968
	-72.71499	6.548641
	-72.7156	6.549307
	-72.71622	6.549969
	-72.71684	6.550628
	-72.71746	6.551287
	-72.71807	6.551951
	-72.71867	6.552627
	-72.71924	6.553331
	-72.72002	6.553771
	-72.72091	6.553945
	-72.72181	6.554001
	-72.72271	6.553895
	-72.72347	6.553416
	-72.72421	6.552886
	-72.72495	6.552365
	-72.72574	6.551926
	-72.72658	6.551608
	-72.72747	6.55144
	-72.72837	6.551377
	-72.72928	6.551417
	-72.73015	6.551629
	-72.73098	6.552001
	-72.73179	6.552401
	-72.73257	6.55285
	-72.73335	6.553319
	-72.73412	6.553787
	-72.73489	6.554257
	-72.73566	6.554729
	-72.73643	6.555203
	-72.7372	6.555681
	-72.73797	6.556163
	-72.73873	6.556649
	-72.73949	6.557142
	-72.74023	6.557659
	-72.74095	6.558197
	-72.74236	6.559253
	-72.744	6.564506
	-72.74357	6.565304
	-72.74313	6.566093
	-72.74272	6.566895
	-72.74236	6.567728
	-72.74255	6.568604
	-72.74314	6.569297
	-72.74399	6.56953
	-72.7449	6.56953
	-72.7458	6.569487
	-72.7467	6.569427
	-72.7476	6.569382
	-72.74851	6.569383
	-72.74941	6.569484
	-72.75016	6.56994
	-72.75071	6.570665
	-72.75132	6.571329
	-72.75196	6.571968
	-72.75261	6.572604
	-72.75325	6.57324
	-72.7539	6.573868
	-72.75455	6.574494
	-72.7552	6.57512
	-72.75585	6.575751
	-72.75649	6.576391
	-72.75712	6.577042
	-72.75773	6.577708
	-72.7583	6.578407
	-72.75875	6.57919
	-72.75943	6.580569
	-72.76011	6.58116
	-72.76079	6.581752
	-72.76148	6.58234
	-72.76225	6.582794
	-72.76314	6.58297
	-72.76404	6.583077
	-72.76494	6.583091
	-72.76583	6.582957
	-72.76668	6.582653
	-72.76748	6.582217
	-72.76817	6.581638
	-72.7688	6.580985
	-72.76945	6.580363
	-72.77023	6.579905
	-72.77111	6.579689
	-72.772	6.579538
	-72.77267	6.579504
	-72.7729	6.579492
	-72.77381	6.579528
	-72.77467	6.579343
	-72.77553	6.579155
	-72.77644	6.579214
	-72.77727	6.579554
	-72.77806	6.579999
	-72.77891	6.580314
	-72.77981	6.580408
	-72.7807	6.580351
	-72.78146	6.579875
	-72.78206	6.579189
	-72.78262	6.578481
	-72.78315	6.577751
	-72.78366	6.577007
	-72.78417	6.576255
	-72.78467	6.575501
	-72.78517	6.574753
	-72.78569	6.574015
	-72.78624	6.573294
	-72.78682	6.572599
	-72.78745	6.571951
	-72.78812	6.571351
	-72.78883	6.570783
	-72.78954	6.570229
	-72.79025	6.569669
	-72.79122	6.568774
	-72.79212	6.568884
	-72.79302	6.568989
	-72.79391	6.569098
	-72.79482	6.569178
	-72.79556	6.568672
	-72.79624	6.568075
	-72.79691	6.567466
	-72.79756	6.566844
	-72.79821	6.566212
	-72.79885	6.565575
	-72.79949	6.564935
	-72.80013	6.564295
	-72.80077	6.563657
	-72.80142	6.563025
	-72.80207	6.562401
	-72.80273	6.561788
	-72.80341	6.561191
	-72.80411	6.560606
	-72.80494	6.560313
	-72.80585	6.560302
	-72.80672	6.560066
	-72.80755	6.559716
	-72.80833	6.559226
	-72.80872	6.558472
	-72.80859	6.557562
	-72.80817	6.556761
	-72.8076	6.556063
	-72.80698	6.555407
	-72.80643	6.554687
	-72.80609	6.553851
	-72.80588	6.552972
	-72.80569	6.552088
	-72.80552	6.5512
	-72.80539	6.550305
	-72.8053	6.549405
	-72.80531	6.548502
	-72.80547	6.547612
	-72.80572	6.546746
	-72.80601	6.545884
	-72.80641	6.545103
	-72.80709	6.544497
	-72.80775	6.54388
	-72.80845	6.543304
	-72.80895	6.542998
	-72.80849	6.542476
	-72.80785	6.541692
	-72.80713	6.54033
	-72.8064	6.539695
	-72.80599	6.538832
	-72.80545	6.537969
	-72.80445	6.537061
	-72.80327	6.536471
	-72.80268	6.536062
	-72.80191	6.535608
	-72.8015	6.534836
	-72.80118	6.533929
	-72.79995	6.532703
	-72.799	6.532203
	-72.79778	6.531613
	-72.79655	6.531159
	-72.79537	6.531023
	-72.79437	6.53075
	-72.79392	6.530614
	-72.7931	6.530251
	-72.79215	6.530251
	-72.79101	6.530433
	-72.79042	6.530841
	-72.78942	6.531431
	-72.78851	6.531613
	-72.7882	6.531704
	-72.78606	6.531704
	-72.78515	6.531522
	-72.78338	6.530932
	-72.78302	6.530705
	-72.78211	6.530251
	-72.77957	6.528707
	-72.77821	6.527618
	-72.77744	6.526483
	-72.77657	6.525529
	-72.77607	6.524984
	-72.77539	6.523304
	-72.77467	6.522079
	-72.77426	6.520626
	-72.77417	6.519582
	-72.77385	6.517675
	-72.77349	6.516358
	-72.77321	6.515541
	-72.77308	6.514451
	-72.77267	6.513316
	-72.77271	6.511909
	-72.77271	6.508594
	-72.7723	6.507595
	-72.7714	6.506596
	-72.77062	6.505825
	-72.77008	6.505235
	-72.7694	6.504281
	-72.76872	6.502692
	-72.76826	6.501557
	-72.76699	6.50024
	-72.76536	6.499196
	-72.76377	6.498333
	-72.76195	6.497198
	-72.76068	6.496109
	-72.75982	6.495473
	-72.7585	6.494974
	-72.75719	6.494383
	-72.75614	6.493884
	-72.75537	6.493748
	-72.75387	6.493884
	-72.75369	6.493975
	-72.75246	6.494701
	-72.75178	6.495064
	-72.75047	6.495064
	-72.74888	6.494928
	-72.74797	6.494429
	-72.74643	6.494202
	-72.74574	6.493929
	-72.74443	6.493521
	-72.74352	6.493248
	-72.74288	6.493067
	-72.7422	6.493021
	-72.74098	6.493067
	-72.7398	6.492885
	-72.7388	6.492885
	-72.7378	6.492613
	-72.73694	6.492113
	-72.7363	6.491478
	-72.7363	6.491024
	-72.73716	6.489707
	-72.73775	6.4883
	-72.7378	6.487301
	-72.73794	6.486256
	-72.73807	6.483214
	-72.73784	6.48158
	-72.73771	6.479582
	-72.73757	6.47931
	-72.7373	6.477948
	-72.73721	6.475542
	-72.73671	6.474134
	-72.73607	6.472863
	-72.73544	6.471682
	-72.73444	6.469639
	-72.73367	6.46796
	-72.73271	6.466189
	-72.73172	6.464963
	-72.72967	6.463465
	-72.72822	6.462057
	-72.72722	6.461512
	-72.7259	6.459923
	-72.72486	6.458153
	-72.72468	6.456927
	-72.72513	6.455474
	-72.72586	6.454475
	-72.72668	6.453068
	-72.72763	6.452387
	-72.72899	6.451161
	-72.72985	6.449935
	-72.73099	6.448482
	-72.73181	6.447665
	-72.73244	6.446575
	-72.7334	6.445486
	-72.73462	6.444532
	-72.7363	6.443806
	-72.73716	6.443079
	-72.73784	6.442398
	-72.73794	6.441535
	-72.73794	6.441036
	-72.7373	6.439538
	-72.73562	6.438085
	-72.73467	6.436995
	-72.73412	6.435951
	-72.73412	6.434407
	-72.7348	6.432364
	-72.73544	6.431774
	-72.73544	6.430775
	-72.73567	6.430003
	-72.73562	6.428596
	-72.7353	6.427234
	-72.73494	6.426371
	-72.73485	6.425236
	-72.73485	6.424555
	-72.73503	6.423329
	-72.73498	6.421967
	-72.73498	6.420151
	-72.73489	6.418562
	-72.73485	6.417609
	-72.7348	6.415838
	-72.7348	6.411752
	-72.73444	6.410254
	-72.73458	6.409436
	-72.73458	6.40812
	-72.73476	6.407439
	-72.73476	6.406803
	-72.73449	6.405759
	-72.73444	6.404805
	-72.73412	6.404215
	-72.73412	6.403852
	-72.73379	6.403096
	-72.73341	6.401967
	-72.73273	6.40099
	-72.7325	6.400086
	-72.73242	6.399183
	-72.73212	6.397978
	-72.73181	6.396925
	-72.73181	6.395117
	-72.73195	6.394213
	-72.73225	6.393308
	-72.73232	6.392253
	-72.73232	6.391274
	-72.73254	6.389842
	-72.73284	6.388485
	-72.73291	6.387204
	-72.73291	6.385923
	-72.73147	6.384346
	-72.73049	6.383972
	-72.72928	6.383298
	-72.72883	6.382471
	-72.72867	6.381568
	-72.72866	6.377349
	-72.72851	6.376145
	-72.72783	6.375243
	-72.72707	6.374567
	-72.72624	6.373967
	-72.72571	6.373216
	-72.72571	6.372318
	-72.72571	6.371935
	-72.726	6.370654
	-72.72653	6.369522
	-72.72728	6.368992
	-72.72826	6.368838
	-72.72969	6.368834
	-72.73089	6.368679
	-72.73142	6.367849
	-72.73156	6.366869
	-72.73156	6.365513
	-72.73148	6.364007
	-72.7314	6.362727
	-72.73139	6.358433
	-72.73146	6.357378
	-72.73206	6.356548
	-72.73273	6.355642
	-72.73378	6.35481
	-72.73491	6.354731
	-72.7368	6.354725
	-72.73792	6.354495
	-72.73875	6.354116
	-72.73965	6.353736
	-72.74048	6.35298
	-72.74131	6.352526
	-72.74206	6.351996
	-72.74311	6.351299
	-72.74431	6.34994
	-72.74499	6.349335
	-72.74604	6.348955
	-72.74679	6.348425
	-72.74761	6.347518
	-72.74814	6.346688
	-72.74859	6.345858
	-72.74889	6.344652
	-72.74903	6.343296
	-72.74902	6.338927
	-72.74932	6.338022
	-72.75007	6.337492
	-72.75097	6.336886
	-72.75127	6.335981
	-72.75126	6.335002
	-72.75119	6.334098
	-72.75028	6.333424
	-72.74968	6.332672
	-72.74952	6.331618
	-72.74952	6.32966
	-72.74959	6.328755
	-72.74958	6.327851
	-72.74913	6.326949
	-72.7489	6.325744
	-72.7492	6.324764
	-72.74987	6.324084
	-72.751	6.323478
	-72.7519	6.323098
	-72.75265	6.322418
	-72.7534	6.321361
	-72.7537	6.320305
	-72.75423	6.319324
	-72.7549	6.318569
	-72.75573	6.318114
	-72.75663	6.318036
	-72.75768	6.317731
	-72.75851	6.317201
	-72.75866	6.316222
	-72.75865	6.313434
	-72.75879	6.312229
	-72.75849	6.3111
	-72.75796	6.310348
	-72.75758	6.309521
	-72.75765	6.308466
	-72.75818	6.307711
	-72.7587	6.30673
	-72.75915	6.305825
	-72.75952	6.30492
	-72.75997	6.304089
	-72.7602	6.303034
	-72.75982	6.302192
	-72.75926	6.301249
	-72.75859	6.300919
	-72.75751	6.300312
	-72.75685	6.299655
	-72.75633	6.298905
	-72.75585	6.298013
	-72.75562	6.29712
	-72.75519	6.296322
	-72.75481	6.29543
	-72.75476	6.294443
	-72.75476	6.293502
	-72.75471	6.292562
	-72.7547	6.289741
	-72.75489	6.2888
	-72.7554	6.288046
	-72.75558	6.286963
	-72.75557	6.284001
	-72.75501	6.28311
	-72.75449	6.282359
	-72.75444	6.281419
	-72.75444	6.280478
	-72.75424	6.279585
	-72.75335	6.279024
	-72.75232	6.278698
	-72.75151	6.27823
	-72.75085	6.277527
	-72.75001	6.276966
	-72.74921	6.276545
	-72.74798	6.276455
	-72.7469	6.27627
	-72.74629	6.275567
	-72.74589	6.274814
	-72.74586	6.274769
	-72.74586	6.272841
	-72.7459	6.2719
	-72.74576	6.270913
	-72.74557	6.270021
	-72.74547	6.268925
	-72.74551	6.267985
	-72.7455	6.265116
	-72.74499	6.264177
	-72.74489	6.263237
	-72.74488	6.262109
	-72.74469	6.261122
	-72.74431	6.260277
	-72.74431	6.259336
	-72.74469	6.258489
	-72.74534	6.257781
	-72.74581	6.25698
	-72.74632	6.256226
	-72.74763	6.254812
	-72.74852	6.253774
	-72.74937	6.25316
	-72.74979	6.252218
	-72.75007	6.250901
	-72.75006	6.24949
	-72.74935	6.247988
	-72.74892	6.24672
	-72.74891	6.241547
	-72.74857	6.240039
	-72.74815	6.239147
	-72.74739	6.238162
	-72.74664	6.237271
	-72.74565	6.236239
	-72.7448	6.235396
	-72.74414	6.233705
	-72.74413	6.232765
	-72.74422	6.231824
	-72.7445	6.23093
	-72.74455	6.229989
	-72.74464	6.229001
	-72.74529	6.2282
	-72.74628	6.22782
	-72.74722	6.227676
	-72.74844	6.227578
	-72.74933	6.227246
	-72.75003	6.226633
	-72.75045	6.225456
	-72.75045	6.224045
	-72.7512	6.222491
	-72.7519	6.221831
	-72.75251	6.221124
	-72.75391	6.219708
	-72.7549	6.219188
	-72.75579	6.21895
	-72.75673	6.218947
	-72.75786	6.218849
	-72.7595	6.21828
	-72.76072	6.218182
	-72.76166	6.218132
	-72.7626	6.218129
	-72.76335	6.218644
	-72.7651	6.219438
	-72.76613	6.219528
	-72.76726	6.219431
	-72.7681	6.218676
	-72.76871	6.217968
	-72.76946	6.217308
	-72.77016	6.216694
	-72.77082	6.21594
	-72.7718	6.214526
	-72.77269	6.213207
	-72.77353	6.212216
	-72.77414	6.211509
	-72.77428	6.210893
	-72.77498	6.210279
	-72.77592	6.210135
	-72.77709	6.210131
	-72.77888	6.210172
	-72.78015	6.210733
	-72.78086	6.211389
	-72.78152	6.212092
	-72.78213	6.212795
	-72.78288	6.21331
	-72.78406	6.214106
	-72.78524	6.214478
	-72.78613	6.214616
	-72.78721	6.214895
	-72.78853	6.215314
	-72.78952	6.215593
	-72.79041	6.215731
	-72.79182	6.216008
	-72.79262	6.216429
	-72.79356	6.216755
	-72.7945	6.216846
	-72.79544	6.216843
	-72.79638	6.216793
	-72.79722	6.216508
	-72.79816	6.216364
	-72.79915	6.216126
	-72.80324	6.216112
	-72.8045	6.215638
	-72.80459	6.214321
	-72.80459	6.213381
	-72.80403	6.21263
	-72.80393	6.211549
	-72.80407	6.210467
	-72.80463	6.209619
	-72.80598	6.208251
	-72.8065	6.206933
	-72.80724	6.205566
	-72.80781	6.204765
	-72.80832	6.203964
	-72.80855	6.20307
	-72.80897	6.202222
	-72.80958	6.201468
	-72.81005	6.200667
	-72.81023	6.199444
	-72.81022	6.197093
	-72.8105	6.19587
	-72.81073	6.194693
	-72.81162	6.192904
	-72.81213	6.191961
	-72.81246	6.191114
	-72.81293	6.190313
	-72.81363	6.189653
	-72.81428	6.18871
	-72.81508	6.187673
	-72.81578	6.186824
	-72.81653	6.186116
	-72.81714	6.18508
	-72.81765	6.184185
	-72.81817	6.183384
	-72.81877	6.18263
	-72.81938	6.181499
	-72.81961	6.180323
	-72.8196	6.177267
	-72.81974	6.176044
	-72.82025	6.174584
	-72.82086	6.173454
	-72.82161	6.172699
	-72.8225	6.171944
	-72.82339	6.171424
	-72.82414	6.170575
	-72.82493	6.169867
	-72.82535	6.168972
	-72.82554	6.168078
	-72.82605	6.167089
	-72.82633	6.166195
	-72.82652	6.165301
	-72.8267	6.16436
	-72.8267	6.162479
	-72.8266	6.161539
	-72.8266	6.160598
	-72.82673	6.159657
	-72.82685	6.159222
	-72.82697	6.158763
	-72.82696	6.157823
	-72.8271	6.156929
	-72.82803	6.155233
	-72.82841	6.154386
	-72.82878	6.153392
	-72.82878	6.152452
	-72.82891	6.151558
	-72.8291	6.150617
	-72.82919	6.149676
	-72.82952	6.148829
	-72.82955	6.148745
	-72.83055	6.147885
	-72.83116	6.147131
	-72.83209	6.146846
	-72.83299	6.146608
	-72.83388	6.146417
	-72.83519	6.146083
	-72.83674	6.145984
	-72.83768	6.145887
	-72.83876	6.145554
	-72.8396	6.145175
	-72.84092	6.144936
	-72.84195	6.144462
	-72.84326	6.143423
	-72.84495	6.142524
	-72.8466	6.142237
	-72.84768	6.142233
	-72.84913	6.142652
	-72.85021	6.142977
	-72.85111	6.143397
	-72.85196	6.144053
	-72.85299	6.144708
	-72.85407	6.144892
	-72.85496	6.144513
	-72.85581	6.143664
	-72.85656	6.142956
	-72.85731	6.142483
	-72.85829	6.141963
	-72.85923	6.14196
	-72.8605	6.142144
	-72.86149	6.142611
	-72.86243	6.143031
	-72.86384	6.143684
	-72.86539	6.143961
	-72.86666	6.144192
	-72.86774	6.144753
	-72.86891	6.144654
	-72.86895	6.144372
	-72.86895	6.144232
	-72.86908	6.14386
	-72.86936	6.143394
	-72.86945	6.1433
	-72.86982	6.14302
	-72.87015	6.142833
	-72.8708	6.142134
	-72.87158	6.141294
	-72.87167	6.140364
	-72.87166	6.137388
	-72.8712	6.136599
	-72.8705	6.135671
	-72.8698	6.135069
	-72.86979	6.133209
	-72.86997	6.132418
	-72.87072	6.131858
	-72.87109	6.130973
	-72.87108	6.128183
	-72.87121	6.12716
	-72.87186	6.126367
	-72.87246	6.125668
	-72.8733	6.1252
	-72.87404	6.124593
	-72.87483	6.124125
	-72.87575	6.123983
	-72.87687	6.123886
	-72.87975	6.123876
	-72.88082	6.123919
	-72.88175	6.123916
	-72.88281	6.123959
	-72.88374	6.124096
	-72.88532	6.12423
	-72.88667	6.124225
	-72.88783	6.124082
	-72.88871	6.1238
	-72.88955	6.123332
	-72.89062	6.123189
	-72.89345	6.123179
	-72.89531	6.123359
	-72.89619	6.123077
	-72.89712	6.122981
	-72.898	6.122745
	-72.89846	6.121953
	-72.89846	6.121023
	-72.89841	6.119861
	-72.89827	6.118932
	-72.89864	6.118093
	-72.89896	6.117209
	-72.89933	6.116371
	-72.89946	6.11544
	-72.89974	6.114277
	-72.90011	6.113439
	-72.90061	6.1126
	-72.90122	6.111901
	-72.90205	6.111479
	-72.90302	6.110965
	-72.90377	6.110404
	-72.90446	6.109658
	-72.90529	6.109097
	-72.90604	6.108536
	-72.90668	6.107883
	-72.90724	6.107138
	-72.90803	6.106623
	-72.90896	6.106434
	-72.91012	6.10643
	-72.91095	6.106799
	-72.91226	6.107585
	-72.91328	6.10814
	-72.91426	6.108276
	-72.91505	6.108227
	-72.91574	6.107899
	-72.91621	6.107572
	-72.91685	6.106733
	-72.91741	6.106033
	-72.91782	6.105474
	-72.91824	6.104496
	-72.91852	6.103612
	-72.9187	6.102681
	-72.91879	6.101519
	-72.91911	6.100448
	-72.91971	6.099516
	-72.9204	6.098909
	-72.92133	6.098813
	-72.92226	6.09881
	-72.92319	6.098621
	-72.92325	6.098517
	-72.92383	6.097756
	-72.92422	6.096897
	-72.92421	6.094322
	-72.92342	6.092608
	-72.92341	6.0898
	-72.92372	6.088707
	-72.92395	6.087224
	-72.92441	6.086364
	-72.92519	6.085815
	-72.92628	6.085811
	-72.92714	6.086199
	-72.92808	6.086273
	-72.92909	6.085802
	-72.93002	6.08572
	-72.93104	6.085717
	-72.93197	6.085558
	-72.93267	6.084931
	-72.93399	6.082898
	-72.93422	6.081961
	-72.93443	6.081415
	-72.93461	6.080946
	-72.93507	6.079228
	-72.93514	6.078291
	-72.93638	6.077039
	-72.9374	6.076957
	-72.93849	6.07711
	-72.93974	6.077495
	-72.94176	6.077489
	-72.94278	6.077173
	-72.94363	6.07678
	-72.94457	6.076465
	-72.94527	6.07576
	-72.94604	6.074899
	-72.94658	6.074117
	-72.94689	6.07318
	-72.94689	6.072088
	-72.94696	6.071151
	-72.94766	6.070525
	-72.94875	6.069897
	-72.95039	6.069033
	-72.95163	6.068717
	-72.95233	6.068246
	-72.95318	6.066917
	-72.95365	6.065901
	-72.95442	6.064182
	-72.95457	6.063245
	-72.95457	6.060983
	-72.95409	6.059893
	-72.9537	6.058802
	-72.95354	6.057866
	-72.95354	6.05693
	-72.95393	6.05607
	-72.95462	6.055366
	-72.95485	6.053883
	-72.95485	6.052713
	-72.95446	6.051778
	-72.95445	6.049749
	-72.95452	6.048813
	-72.95452	6.047799
	-72.95491	6.046627
	-72.95568	6.045454
	-72.9563	6.04475
	-72.957	6.043967
	-72.9577	6.043341
	-72.95879	6.042713
	-72.95972	6.04271
	-72.96066	6.04255
	-72.96105	6.042003
	-72.96129	6.041085
	-72.96121	6.039859
	-72.96063	6.038634
	-72.96048	6.037191
	-72.96048	6.035965
	-72.96062	6.035026
	-72.96126	6.034374
	-72.96155	6.032713
	-72.96154	6.031487
	-72.96161	6.029899
	-72.96175	6.02896
	-72.96232	6.027804
	-72.96376	6.026644
	-72.96491	6.025702
	-72.9657	6.025266
	-72.96656	6.024686
	-72.96728	6.024034
	-72.96786	6.023311
	-72.96879	6.022947
	-72.96951	6.022367
	-72.97001	6.021355
	-72.97015	6.020416
	-72.97015	6.01919
	-72.97041	6.018731
	-72.97072	6.018177
	-72.97159	6.017741
	-72.97238	6.017305
	-72.97346	6.01723
	-72.97533	6.017223
	-72.97627	6.017075
	-72.9767	6.016208
	-72.97706	6.015341
	-72.97734	6.014258
	-72.97734	6.013319
	-72.97806	6.012523
	-72.97885	6.012015
	-72.97978	6.011579
	-72.98137	6.011357
	-72.98274	6.011136
	-72.98389	6.010771
	-72.98453	6.010119
	-72.98489	6.009252
	-72.98488	6.006871
	-72.98502	6.005932
	-72.98552	6.00492
	-72.98624	6.003619
	-72.98638	6.00268
	-72.98638	6.001742
	-72.98666	6.000875
	-72.98731	5.999718
	-72.98774	5.998346
	-72.98802	5.997551
	-72.9891	5.996754
	-72.98953	5.996103
	-72.98951	5.991196
	-72.98958	5.990928
	-72.99016	5.989628
	-72.99052	5.989193
	-72.99123	5.987964
	-72.99202	5.987168
	-72.99418	5.986006
	-72.99464	5.98561
	-72.99503	5.985718
	-72.99543	5.985747
	-72.99637	5.985615
	-72.9965	5.985437
	-72.99677	5.984855
	-72.99718	5.983559
	-72.99781	5.982263
	-72.99844	5.980787
	-72.99898	5.979876
	-72.99969	5.979206
	-72.99997	5.97872
	-73.00037	5.977999
	-73.00179	5.976723
	-73.0023	5.976041
	-73.00252	5.97539
	-73.00276	5.974149
	-73.00313	5.973189
	-73.00373	5.972198
	-73.00523	5.970496
	-73.00675	5.968949
	-73.00808	5.967278
	-73.00917	5.965978
	-73.00967	5.966312
	-73.01051	5.968036
	-73.01109	5.969928
	-73.01143	5.970853
	-73.01147	5.971693
	-73.01158	5.972266
	-73.01154	5.972328
	-73.01153	5.972471
	-73.01156	5.972926
	-73.01169	5.973564
	-73.01185	5.974115
	-73.01199	5.974522
	-73.01238	5.975531
	-73.01331	5.977661
	-73.01377	5.978844
	-73.01471	5.981531
	-73.0156	5.983876
	-73.01585	5.984579
	-73.01609	5.985339
	-73.01619	5.985735
	-73.01635	5.986456
	-73.01641	5.986796
	-73.01649	5.987471
	-73.01652	5.988037
	-73.01653	5.988558
	-73.01649	5.989258
	-73.01646	5.989653
	-73.01623	5.991473
	-73.01616	5.992344
	-73.01614	5.992923
	-73.01613	5.994928
	-73.0161	5.995642
	-73.01597	5.997507
	-73.01594	5.998567
	-73.01596	5.999123
	-73.016	5.999694
	-73.01605	6.000134
	-73.01619	6.001035
	-73.01629	6.001493
	-73.01641	6.001954
	-73.01655	6.002416
	-73.01671	6.002878
	-73.01689	6.003336
	-73.01722	6.004059
	-73.01758	6.004756
	-73.0179	6.005278
	-73.01818	6.005704
	-73.01878	6.006537
	-73.01997	6.00802
	-73.0204	6.008582
	-73.0208	6.009144
	-73.02114	6.009655
	-73.02151	6.010307
	-73.02189	6.011027
	-73.02296	6.013298
	-73.02359	6.014524
	-73.02418	6.015517
	-73.02449	6.015994
	-73.02482	6.016455
	-73.02515	6.0169
	-73.0255	6.017325
	-73.02585	6.017732
	-73.02655	6.018454
	-73.02728	6.0191
	-73.028	6.019666
	-73.02882	6.020218
	-73.02965	6.020699
	-73.03005	6.020905
	-73.03076	6.021227
	-73.03104	6.021334
	-73.03123	6.021395
	-73.03179	6.02145
	-73.03173	6.021694
	-73.03168	6.021932
	-73.03157	6.022643
	-73.03152	6.023317
	-73.03152	6.023359
	-73.03279	6.023519
	-73.03333	6.023554
	-73.03443	6.023487
	-73.03549	6.023282
	-73.03701	6.022732
	-73.03809	6.022418
	-73.03903	6.022418
	-73.04091	6.021747
	-73.04171	6.021479
	-73.04265	6.020808
	-73.04399	6.020003
	-73.0448	6.019466
	-73.04654	6.018661
	-73.04802	6.018393
	-73.05044	6.017185
	-73.05191	6.015843
	-73.05299	6.014904
	-73.05392	6.014233
	-73.05473	6.013696
	-73.05594	6.013294
	-73.05755	6.013026
	-73.05902	6.012757
	-73.0601	6.01222
	-73.06157	6.01155
	-73.06251	6.010476
	-73.06238	6.009134
	-73.06224	6.008195
	-73.06224	6.00739
	-73.06291	6.00578
	-73.06385	6.004169
	-73.06399	6.002828
	-73.06439	6.001754
	-73.06479	6.000278
	-73.06479	5.999071
	-73.06452	5.997863
	-73.06466	5.996253
	-73.06546	5.995045
	-73.0656	5.994106
	-73.06533	5.993166
	-73.06613	5.991556
	-73.06734	5.990483
	-73.06788	5.989946
	-73.06855	5.988873
	-73.06895	5.987531
	-73.06842	5.986323
	-73.06815	5.985115
	-73.06882	5.98431
	-73.06976	5.983774
	-73.07029	5.983639
	-73.07123	5.983103
	-73.07231	5.982298
	-73.07284	5.981627
	-73.07311	5.980687
	-73.07378	5.979748
	-73.07459	5.979077
	-73.07499	5.978675
	-73.07674	5.978004
	-73.07861	5.977601
	-73.07942	5.977467
	-73.08214	5.977551
	-73.08144	5.976862
	-73.08055	5.976074
	-73.08035	5.974691
	-73.08035	5.973406
	-73.08064	5.97212
	-73.08113	5.970931
	-73.08152	5.969843
	-73.08151	5.967767
	-73.0819	5.96648
	-73.08308	5.965388
	-73.08436	5.965285
	-73.08535	5.965479
	-73.08634	5.965376
	-73.08723	5.965175
	-73.08821	5.96448
	-73.0891	5.96418
	-73.09127	5.964172
	-73.09226	5.964267
	-73.09374	5.964954
	-73.09473	5.965642
	-73.09562	5.965936
	-73.0971	5.965831
	-73.09779	5.965137
	-73.09828	5.964245
	-73.09838	5.963256
	-73.09857	5.962366
	-73.09946	5.961868
	-73.10045	5.961766
	-73.1039	5.961753
	-73.10479	5.962145
	-73.10578	5.962438
	-73.10716	5.963125
	-73.11052	5.963113
	-73.11161	5.962911
	-73.11249	5.962611
	-73.11348	5.962212
	-73.11427	5.961715
	-73.11496	5.961021
	-73.11614	5.960818
	-73.11891	5.960808
	-73.12048	5.960704
	-73.12522	5.960686
	-73.12621	5.960386
	-73.1269	5.95979
	-73.12779	5.959292
	-73.12907	5.959189
	-73.13045	5.959282
	-73.13312	5.959272
	-73.1345	5.959366
	-73.13559	5.959362
	-73.13687	5.959555
	-73.13895	5.960239
	-73.13994	5.960829
	-73.14191	5.961909
	-73.1432	5.962596
	-73.14419	5.962987
	-73.14656	5.962979
	-73.14784	5.963073
	-73.14903	5.963266
	-73.15031	5.963755
	-73.1514	5.964344
	-73.15269	5.965229
	-73.15328	5.965919
	-73.15368	5.966807
	-73.15398	5.967992
	-73.15428	5.969375
	-73.15429	5.971451
	-73.15559	5.976092
	-73.15709	5.979843
	-73.15789	5.982311
	-73.16057	5.986354
	-73.16344	5.989704
	-73.16454	5.991578
	-73.16701	5.99315
	-73.16968	5.994129
	-73.17166	5.995011
	-73.17383	5.995694
	-73.17625	5.995942
	-73.17738	5.996125
	-73.17863	5.996478
	-73.17994	5.996771
	-73.18119	5.997124
	-73.18227	5.997537
	-73.18364	5.997949
	-73.18519	5.998599
	-73.18674	5.99907
	-73.18793	5.999244
	-73.18948	5.999477
	-73.19079	5.999948
	-73.19187	6.00054
	-73.19342	6.001548
	-73.19426	6.002141
	-73.19599	6.002969
	-73.1973	6.004097
	-73.19849	6.004152
	-73.20004	6.003848
	-73.20129	6.002889
	-73.20211	6.001156
	-73.20276	5.99871
	-73.20305	5.997218
	-73.2031	5.995906
	-73.20393	5.994293
	-73.20435	5.993397
	-73.205	5.992322
	-73.20595	5.991364
	-73.20743	5.991358
	-73.20827	5.990997
	-73.20862	5.989923
	-73.20963	5.988965
	-73.21034	5.987949
	-73.21111	5.987409
	-73.21212	5.986928
	-73.21283	5.986329
	-73.21372	5.98573
	-73.21444	5.985131
	-73.21521	5.984472
	-73.21592	5.983873
	-73.21651	5.983155
	-73.21746	5.982615
	-73.21817	5.981122
	-73.21859	5.979987
	-73.21858	5.978974
	-73.21816	5.97829
	-73.21803	5.97729
	-73.2203	5.976284
	-73.22047	5.975389
	-73.22065	5.974435
	-73.2207	5.973719
	-73.22046	5.971753
	-73.21986	5.970443
	-73.21938	5.969312
	-73.21901	5.967764
	-73.21889	5.96681
	-73.21811	5.965323
	-73.21703	5.963658
	-73.21626	5.963124
	-73.21613	5.962111
	-73.21685	5.961452
	-73.21768	5.961032
	-73.21845	5.960433
	-73.21922	5.959595
	-73.21999	5.958936
	-73.22047	5.958159
	-73.22106	5.957203
	-73.22105	5.95613
	-73.22057	5.955297
	-73.21992	5.954644
	-73.21944	5.953501
	-73.21895	5.952013
	-73.21912	5.950223
	-73.21918	5.948673
	-73.21953	5.947241
	-73.2203	5.946224
	-73.22107	5.945327
	-73.2222	5.944011
	-73.22338	5.942278
	-73.22397	5.941083
	-73.22492	5.940066
	-73.22587	5.939347
	-73.22724	5.938566
	-73.22854	5.936892
	-73.2296	5.934741
	-73.23049	5.933307
	-73.23132	5.931515
	-73.23176	5.931101
	-73.23186	5.929738
	-73.23192	5.928814
	-73.23204	5.927829
	-73.23253	5.926473
	-73.23283	5.925487
	-73.23338	5.923454
	-73.23386	5.921791
	-73.23422	5.920312
	-73.23489	5.918709
	-73.23569	5.916737
	-73.23629	5.914519
	-73.23727	5.912299
	-73.23861	5.91094
	-73.2402	5.909087
	-73.24075	5.907546
	-73.24099	5.905761
	-73.24097	5.901329
	-73.24084	5.899545
	-73.24053	5.898438
	-73.23911	5.897336
	-73.23764	5.896603
	-73.23604	5.896179
	-73.23419	5.896063
	-73.23112	5.896075
	-73.22976	5.895341
	-73.22853	5.894546
	-73.22687	5.893937
	-73.22539	5.892958
	-73.2241	5.892286
	-73.22243	5.891184
	-73.22108	5.89039
	-73.21893	5.890213
	-73.2153	5.890227
	-73.2137	5.890048
	-73.21155	5.888887
	-73.20976	5.887602
	-73.20877	5.886313
	-73.2084	5.885084
	-73.20839	5.882683
	-73.20776	5.880531
	-73.20634	5.878629
	-73.20511	5.877218
	-73.20252	5.875258
	-73.20147	5.874585
	-73.20006	5.873913
	-73.19889	5.873364
	-73.19759	5.872753
	-73.19667	5.872141
	-73.19593	5.871467
	-73.1955	5.870546
	-73.19537	5.869561
	-73.19536	5.867715
	-73.1953	5.86673
	-73.19492	5.86587
	-73.194	5.865197
	-73.1932	5.8644
	-73.19252	5.863787
	-73.19178	5.862866
	-73.19104	5.862007
	-73.19017	5.860964
	-73.18943	5.860044
	-73.18881	5.859246
	-73.18826	5.85851
	-73.18801	5.857587
	-73.18788	5.856295
	-73.18782	5.855311
	-73.18769	5.854388
	-73.18744	5.853343
	-73.18694	5.85236
	-73.18663	5.851499
	-73.18645	5.850392
	-73.18644	5.847751
	-73.18643	5.846699
	-73.18704	5.845773
	-73.18759	5.845094
	-73.18815	5.844785
	-73.189	5.844412
	-73.1898	5.843855
	-73.19066	5.843175
	-73.19109	5.842127
	-73.19151	5.84114
	-73.19206	5.840338
	-73.19255	5.839475
	-73.19304	5.838673
	-73.19365	5.837624
	-73.19426	5.83676
	-73.19493	5.835157
	-73.19573	5.833677
	-73.19665	5.833612
	-73.19745	5.833548
	-73.20027	5.833537
	-73.20119	5.833103
	-73.20187	5.8323
	-73.20211	5.831376
	-73.20217	5.830391
	-73.20278	5.82965
	-73.20345	5.828909
	-73.20443	5.828105
	-73.20541	5.827117
	-73.20602	5.826191
	-73.20694	5.826188
	-73.20787	5.826676
	-73.20873	5.827166
	-73.20965	5.827347
	-73.21057	5.827343
	-73.2115	5.827155
	-73.21235	5.826721
	-73.21303	5.826041
	-73.21339	5.825178
	-73.21456	5.824559
	-73.21554	5.824309
	-73.21843	5.824298
	-73.21947	5.824417
	-73.22077	5.824535
	-73.22273	5.824528
	-73.22365	5.824586
	-73.22771	5.82457
	-73.22863	5.824505
	-73.22961	5.824255
	-73.23035	5.823637
	-73.23139	5.822956
	-73.23206	5.822215
	-73.23298	5.821103
	-73.23366	5.820485
	-73.23458	5.819866
	-73.23556	5.81937
	-73.2366	5.819182
	-73.23771	5.818931
	-73.23856	5.818558
	-73.23961	5.818124
	-73.24041	5.817628
	-73.24133	5.817317
	-73.24243	5.817251
	-73.24335	5.817186
	-73.24421	5.816875
	-73.24507	5.816379
	-73.24593	5.816068
	-73.24691	5.815634
	-73.2479	5.815692
	-73.24888	5.815934
	-73.24968	5.816608
	-73.25042	5.817405
	-73.25122	5.818079
	-73.25227	5.819121
	-73.25271	5.820043
	-73.25295	5.820965
	-73.25339	5.821764
	-73.25413	5.822622
	-73.25475	5.823358
	-73.25512	5.82428
	-73.25629	5.82563
	-73.25654	5.826613
	-73.25722	5.827411
	-73.25759	5.828579
	-73.2576	5.830487
	-73.25767	5.831594
	-73.25822	5.832331
	-73.26007	5.832324
	-73.26099	5.832443
	-73.26191	5.832501
	-73.26289	5.832559
	-73.26382	5.832801
	-73.26443	5.833538
	-73.26499	5.834274
	-73.26536	5.835196
	-73.26567	5.836302
	-73.2657	5.843011
	-73.26589	5.844118
	-73.26669	5.844792
	-73.26774	5.844911
	-73.26866	5.84503
	-73.2697	5.845642
	-73.27063	5.846253
	-73.27125	5.846989
	-73.27193	5.847664
	-73.27279	5.848584
	-73.27359	5.849504
	-73.27415	5.85024
	-73.27452	5.8511
	-73.27495	5.851899
	-73.27582	5.852757
	-73.27668	5.853492
	-73.27773	5.853734
	-73.27853	5.854162
	-73.27859	5.854223
	-73.27887	5.855028
	-73.27889	5.855007
	-73.27984	5.854884
	-73.28175	5.854876
	-73.28276	5.854693
	-73.28353	5.854213
	-73.2843	5.853674
	-73.28519	5.853134
	-73.28614	5.852713
	-73.28697	5.851994
	-73.28828	5.850558
	-73.28887	5.84984
	-73.28976	5.849479
	-73.29071	5.849297
	-73.29197	5.849103
	-73.29309	5.849095
	-73.29404	5.849382
	-73.29456	5.849806
	-73.29569	5.851318
	-73.29652	5.851967
	-73.29743	5.852524
	-73.29836	5.85296
	-73.29928	5.853257
	-73.30065	5.853555
	-73.30166	5.853648
	-73.30249	5.853553
	-73.30314	5.853262
	-73.30397	5.852435
	-73.30446	5.852354
	-73.30507	5.852436
	-73.30541	5.852616
	-73.3061	5.853325
	-73.30645	5.853543
	-73.30681	5.853575
	-73.30773	5.853435
	-73.30811	5.853546
	-73.30838	5.853822
	-73.30894	5.854042
	-73.31033	5.853994
	-73.31086	5.854102
	-73.31124	5.854375
	-73.31204	5.855254
	-73.31252	5.855485
	-73.31307	5.855486
	-73.31362	5.854934
	-73.31409	5.854812
	-73.31532	5.855004
	-73.31583	5.854937
	-73.31634	5.854673
	-73.31666	5.854386
	-73.31693	5.853834
	-73.31739	5.853087
	-73.31803	5.852604
	-73.31849	5.852122
	-73.31898	5.852018
	-73.31965	5.851824
	-73.32023	5.851657
	-73.32082	5.851463
	-73.32149	5.851407
	-73.32207	5.851408
	-73.32294	5.851465
	-73.3247	5.851719
	-73.32548	5.85172
	-73.32631	5.851609
	-73.32687	5.851361
	-73.3277	5.851362
	-73.3282	5.851478
	-73.32952	5.851208
	-73.3299	5.851365
	-73.33018	5.851918
	-73.33089	5.85262
	-73.33109	5.853173
	-73.33116	5.853334
	-73.33154	5.854059
	-73.33196	5.854759
	-73.33244	5.855429
	-73.33293	5.856024
	-73.33345	5.856591
	-73.33401	5.857132
	-73.33458	5.857647
	-73.33519	5.858133
	-73.33581	5.858586
	-73.33646	5.858999
	-73.33717	5.859382
	-73.3379	5.859731
	-73.34011	5.860724
	-73.34082	5.861087
	-73.3415	5.861493
	-73.34209	5.86192
	-73.34265	5.862392
	-73.34318	5.862902
	-73.34368	5.863446
	-73.34414	5.864022
	-73.34465	5.864732
	-73.34513	5.865471
	-73.34558	5.86623
	-73.34691	5.868533
	-73.34737	5.869281
	-73.34786	5.870001
	-73.34839	5.870679
	-73.34898	5.871301
	-73.3496	5.871865
	-73.35028	5.872367
	-73.35098	5.872798
	-73.35173	5.87314
	-73.3524	5.873348
	-73.35309	5.873489
	-73.3538	5.873568
	-73.35461	5.873592
	-73.35544	5.873565
	-73.35627	5.873503
	-73.35795	5.87332
	-73.36099	5.872937
	-73.36171	5.87282
	-73.36251	5.872669
	-73.36489	5.872172
	-73.36568	5.872032
	-73.36645	5.871925
	-73.36722	5.871839
	-73.36916	5.871659
	-73.36929	5.871647
	-73.3692	5.871468
	-73.36892	5.87124
	-73.36816	5.871107
	-73.36795	5.871035
	-73.36761	5.870912
	-73.36733	5.870813
	-73.36688	5.870454
	-73.36626	5.869899
	-73.3654	5.869606
	-73.36502	5.869473
	-73.36353	5.869307
	-73.36283	5.869231
	-73.36228	5.869173
	-73.36151	5.869006
	-73.3608	5.86855
	-73.36028	5.868582
	-73.35972	5.868612
	-73.35903	5.868513
	-73.35865	5.868097
	-73.35831	5.867731
	-73.3582	5.867244
	-73.35817	5.866756
	-73.35845	5.866106
	-73.35873	5.865363
	-73.359	5.864613
	-73.35915	5.863736
	-73.35912	5.862663
	-73.35808	5.860873
	-73.35742	5.859689
	-73.35619	5.858263
	-73.35476	5.857043
	-73.35394	5.856127
	-73.35312	5.855006
	-73.3524	5.853783
	-73.35158	5.852663
	-73.35076	5.851848
	-73.34973	5.850626
	-73.34922	5.8493
	-73.34819	5.84767
	-73.34747	5.846548
	-73.34696	5.845733
	-73.34675	5.844814
	-73.34664	5.843487
	-73.34674	5.842567
	-73.34756	5.841848
	-73.34878	5.840821
	-73.34949	5.839899
	-73.34948	5.838775
	-73.34938	5.837856
	-73.34917	5.836937
	-73.34906	5.836018
	-73.34897	5.834485
	-73.34908	5.833514
	-73.34994	5.832972
	-73.3509	5.832753
	-73.35187	5.832749
	-73.35284	5.832314
	-73.35348	5.831665
	-73.35369	5.830694
	-73.35369	5.829724
	-73.35207	5.827468
	-73.35142	5.826608
	-73.3512	5.825639
	-73.35119	5.823699
	-73.3514	5.822729
	-73.35204	5.822079
	-73.35247	5.821215
	-73.35301	5.820459
	-73.35473	5.819805
	-73.35548	5.819263
	-73.35601	5.818507
	-73.35665	5.81775
	-73.3574	5.816777
	-73.35783	5.815913
	-73.35781	5.811495
	-73.3577	5.81031
	-73.35759	5.809341
	-73.35758	5.807078
	-73.35766	5.806339
	-73.35768	5.806107
	-73.35843	5.805565
	-73.35908	5.804809
	-73.35929	5.803838
	-73.35928	5.802868
	-73.35917	5.801791
	-73.35895	5.800714
	-73.35895	5.799744
	-73.35905	5.798774
	-73.35959	5.797802
	-73.36001	5.796938
	-73.36055	5.796181
	-73.3614	5.7951
	-73.36441	5.793579
	-73.36537	5.792175
	-73.36569	5.791311
	-73.36569	5.790234
	-73.3659	5.789263
	-73.36676	5.788721
	-73.36805	5.788284
	-73.36934	5.788064
	-73.37074	5.787842
	-73.3717	5.7873
	-73.37256	5.786542
	-73.37342	5.785569
	-73.37384	5.784166
	-73.37383	5.782011
	-73.37372	5.781041
	-73.37372	5.779748
	-73.37371	5.778778
	-73.37382	5.7777
	-73.37435	5.77662
	-73.3751	5.775432
	-73.37574	5.774675
	-73.3766	5.773917
	-73.37724	5.773268
	-73.37788	5.772511
	-73.37787	5.769817
	-73.37776	5.768309
	-73.37775	5.765722
	-73.37785	5.764321
	-73.37839	5.763565
	-73.37946	5.762483
	-73.38032	5.762156
	-73.38139	5.761397
	-73.38267	5.758698
	-73.38353	5.75744
	-73.38502	5.75524
	-73.38695	5.752969
	-73.38923	5.75153
	-73.3906	5.75123
	-73.39157	5.751873
	-73.39341	5.753482
	-73.3946	5.754986
	-73.39622	5.757889
	-73.39827	5.758958
	-73.39989	5.759059
	-73.4015	5.759699
	-73.40366	5.760876
	-73.40624	5.761188
	-73.4084	5.761503
	-73.41034	5.762249
	-73.41152	5.76343
	-73.41239	5.764612
	-73.41379	5.765791
	-73.41509	5.767079
	-73.41692	5.768041
	-73.41886	5.768141
	-73.42037	5.768243
	-73.42166	5.768237
	-73.42381	5.768121
	-73.4251	5.7679
	-73.42725	5.767891
	-73.42854	5.768101
	-73.42994	5.768095
	-73.43101	5.767552
	-73.43166	5.768627
	-73.43178	5.771213
	-73.43233	5.773905
	-73.43266	5.775088
	-73.43309	5.776164
	-73.43407	5.777884
	-73.43419	5.779931
	-73.43354	5.780688
	-73.43237	5.782202
	-73.43216	5.783927
	-73.43184	5.785976
	-73.43207	5.789423
	-73.43337	5.791896
	-73.43446	5.7934
	-73.43704	5.794682
	-73.4392	5.795966
	-73.44071	5.797038
	-73.44266	5.798538
	-73.44309	5.798752
	-73.44481	5.799715
	-73.44729	5.801105
	-73.44934	5.802605
	-73.44989	5.804327
	-73.45141	5.807661
	-73.45281	5.808733
	-73.45465	5.810341
	-73.45562	5.811092
	-73.45724	5.812162
	-73.45864	5.813019
	-73.46058	5.813765
	-73.46295	5.813755
	-73.46456	5.814394
	-73.4665	5.815464
	-73.46887	5.815454
	-73.4707	5.816092
	-73.47136	5.818784
	-73.47105	5.821587
	-73.47072	5.823361
	-73.47063	5.823851
	-73.46903	5.827629
	-73.46646	5.830981
	-73.46518	5.833206
	-73.46325	5.835369
	-73.46272	5.83688
	-73.46273	5.83979
	-73.46263	5.841299
	-73.4621	5.842271
	-73.46222	5.844533
	-73.46285	5.846709
	-73.46207	5.847455
	-73.46129	5.848538
	-73.46011	5.848935
	-73.45913	5.84894
	-73.45825	5.849238
	-73.45688	5.84944
	-73.456	5.849934
	-73.45522	5.850428
	-73.45405	5.851022
	-73.45307	5.851222
	-73.45209	5.851226
	-73.45111	5.851329
	-73.44993	5.851333
	-73.44856	5.851143
	-73.44787	5.850557
	-73.4463	5.849583
	-73.44532	5.849489
	-73.44434	5.849493
	-73.44336	5.849301
	-73.44257	5.848617
	-73.44179	5.84813
	-73.44081	5.848134
	-73.43973	5.848236
	-73.43885	5.848535
	-73.43454	5.848553
	-73.43366	5.849047
	-73.43288	5.849933
	-73.43288	5.851013
	-73.43298	5.851994
	-73.43338	5.853071
	-73.43407	5.854638
	-73.43437	5.856109
	-73.43438	5.858562
	-73.43478	5.859934
	-73.43567	5.860715
	-73.43635	5.861301
	-73.43695	5.861986
	-73.43734	5.863161
	-73.43764	5.864534
	-73.43765	5.865515
	-73.43785	5.866496
	-73.43814	5.867377
	-73.43854	5.869338
	-73.43884	5.87022
	-73.43924	5.87169
	-73.43944	5.872769
	-73.43964	5.874142
	-73.43965	5.876791
	-73.43976	5.877772
	-73.43996	5.878654
	-73.44016	5.879634
	-73.44035	5.880517
	-73.44124	5.882181
	-73.44203	5.883748
	-73.44224	5.885219
	-73.44165	5.8863
	-73.44009	5.887681
	-73.43902	5.888372
	-73.43814	5.88867
	-73.43725	5.88887
	-73.43216	5.888892
	-73.43069	5.888996
	-73.42991	5.88949
	-73.42903	5.889886
	-73.42805	5.890185
	-73.42717	5.890385
	-73.42619	5.890683
	-73.42531	5.890883
	-73.42433	5.890887
	-73.42315	5.891384
	-73.42272	5.89107
	-73.42147	5.89048
	-73.41992	5.89011
	-73.41838	5.889961
	-73.41728	5.889886
	-73.4164	5.890179
	-73.41521	5.890048
	-73.41397	5.890397
	-73.41294	5.890838
	-73.41198	5.891352
	-73.41073	5.89135
	-73.41	5.891202
	-73.40904	5.890686
	-73.40844	5.88994
	-73.40794	5.889315
	-73.4073	5.889554
	-73.40681	5.889864
	-73.40647	5.890244
	-73.40628	5.890694
	-73.40628	5.891523
	-73.40648	5.891849
	-73.40738	5.892629
	-73.40766	5.893338
	-73.40775	5.894205
	-73.40766	5.895124
	-73.40738	5.895945
	-73.40682	5.896773
	-73.40674	5.897301
	-73.40682	5.897878
	-73.40673	5.898339
	-73.40673	5.898758
	-73.40649	5.899133
	-73.40616	5.899425
	-73.40573	5.899689
	-73.40526	5.899967
	-73.40477	5.900273
	-73.40445	5.900593
	-73.40418	5.900829
	-73.40379	5.901009
	-73.40322	5.901092
	-73.40275	5.901147
	-73.40235	5.901258
	-73.40206	5.90148
	-73.40172	5.901898
	-73.40153	5.902301
	-73.40136	5.902593
	-73.40117	5.902805
	-73.40102	5.903397
	-73.40089	5.9042
	-73.40079	5.904818
	-73.40051	5.90553
	-73.40008	5.906242
	-73.39961	5.906907
	-73.39922	5.907762
	-73.39899	5.908331
	-73.39883	5.909191
	-73.39875	5.910089
	-73.39868	5.910523
	-73.39869	5.911137
	-73.39854	5.91196
	-73.39825	5.912787
	-73.39785	5.913362
	-73.39666	5.914476
	-73.39632	5.914995
	-73.39604	5.915824
	-73.3959	5.917003
	-73.39604	5.918034
	-73.39629	5.918693
	-73.39659	5.91914
	-73.39686	5.919291
	-73.39702	5.919349
	-73.39718	5.919433
	-73.39736	5.919577
	-73.3978	5.919899
	-73.39769	5.920417
	-73.39752	5.921205
	-73.3972	5.921939
	-73.39684	5.922591
	-73.39649	5.923515
	-73.39624	5.924276
	-73.39594	5.925119
	-73.39551	5.925961
	-73.39491	5.926803
	-73.39418	5.927618
	-73.39358	5.928107
	-73.39293	5.928405
	-73.39255	5.928541
	-73.39244	5.928805
	-73.39207	5.92874
	-73.39161	5.928804
	-73.39131	5.929011
	-73.39077	5.929744
	-73.3905	5.929907
	-73.39001	5.929984
	-73.38968	5.929906
	-73.3894	5.92963
	-73.38885	5.929629
	-73.38854	5.929824
	-73.3883	5.930181
	-73.38819	5.930205
	-73.38805	5.930238
	-73.38793	5.930288
	-73.38782	5.930331
	-73.38774	5.930379
	-73.38775	5.930691
	-73.38774	5.931059
	-73.38771	5.931394
	-73.38764	5.93179
	-73.38722	5.933534
	-73.38712	5.934012
	-73.38704	5.934531
	-73.38697	5.935095
	-73.38693	5.935702
	-73.38693	5.936293
	-73.38696	5.936854
	-73.387	5.937232
	-73.38712	5.938058
	-73.38722	5.938532
	-73.3876	5.940162
	-73.38778	5.941073
	-73.38787	5.941868
	-73.38789	5.942522
	-73.38786	5.943023
	-73.38781	5.943515
	-73.38773	5.943944
	-73.38763	5.944353
	-73.38752	5.944738
	-73.38738	5.945099
	-73.38721	5.945495
	-73.38703	5.945857
	-73.38685	5.94619
	-73.38642	5.946847
	-73.38502	5.94869
	-73.38444	5.949433
	-73.38399	5.949935
	-73.38298	5.950938
	-73.38253	5.951458
	-73.38221	5.951904
	-73.38195	5.952334
	-73.38169	5.952846
	-73.38144	5.953446
	-73.38123	5.954014
	-73.38068	5.95565
	-73.37999	5.957601
	-73.3798	5.958314
	-73.37961	5.959295
	-73.37948	5.959881
	-73.37935	5.960323
	-73.3792	5.960674
	-73.37911	5.960855
	-73.37887	5.96125
	-73.37873	5.961457
	-73.37856	5.961667
	-73.3782	5.962068
	-73.37785	5.962397
	-73.37692	5.963186
	-73.37652	5.96354
	-73.37615	5.963917
	-73.37584	5.964286
	-73.37547	5.96479
	-73.37524	5.965162
	-73.37503	5.965546
	-73.37479	5.966029
	-73.37459	5.966525
	-73.37442	5.967046
	-73.37427	5.967617
	-73.37418	5.968115
	-73.37412	5.968756
	-73.37412	5.969424
	-73.3742	5.970102
	-73.37439	5.971285
	-73.37445	5.971792
	-73.3745	5.972359
	-73.37454	5.973482
	-73.37458	5.97401
	-73.37464	5.974412
	-73.3749	5.97568
	-73.37497	5.976242
	-73.37501	5.976899
	-73.37501	5.977251
	-73.37498	5.977725
	-73.37491	5.978282
	-73.37481	5.978834
	-73.37434	5.981023
	-73.37426	5.981507
	-73.37418	5.982113
	-73.37408	5.983292
	-73.37401	5.985368
	-73.37394	5.986486
	-73.37385	5.987342
	-73.37371	5.988098
	-73.37355	5.988695
	-73.37332	5.989394
	-73.37313	5.989902
	-73.3725	5.991412
	-73.37226	5.992067
	-73.37212	5.992561
	-73.37202	5.992955
	-73.37176	5.994231
	-73.37161	5.994817
	-73.37148	5.995218
	-73.37119	5.995969
	-73.3711	5.996235
	-73.37102	5.996576
	-73.37101	5.99679
	-73.37102	5.997111
	-73.37108	5.997492
	-73.37129	5.998505
	-73.37135	5.998987
	-73.37137	5.99936
	-73.37137	5.999824
	-73.37135	6.000322
	-73.37124	6.001728
	-73.37121	6.002473
	-73.37121	6.002783
	-73.37125	6.003376
	-73.37134	6.003947
	-73.37144	6.004378
	-73.37156	6.004717
	-73.37167	6.004953
	-73.37188	6.005322
	-73.37203	6.005534
	-73.37224	6.00577
	-73.37246	6.005974
	-73.37267	6.006135
	-73.37286	6.006257
	-73.3732	6.006438
	-73.37401	6.006808
	-73.37429	6.006973
	-73.37446	6.007098
	-73.37464	6.007255
	-73.37478	6.007403
	-73.37496	6.007631
	-73.37535	6.008235
	-73.37648	6.010109
	-73.37683	6.010731
	-73.37714	6.011331
	-73.37809	6.01335
	-73.37846	6.01403
	-73.37876	6.014504
	-73.37915	6.015038
	-73.37955	6.015551
	-73.38075	6.017028
	-73.38129	6.017767
	-73.38174	6.0185
	-73.38258	6.02008
	-73.38279	6.02041
	-73.38296	6.020657
	-73.38329	6.021042
	-73.38363	6.021363
	-73.38407	6.021719
	-73.38498	6.022414
	-73.3855	6.02287
	-73.38594	6.023328
	-73.38618	6.023614
	-73.38654	6.024119
	-73.3868	6.024571
	-73.38693	6.024837
	-73.38705	6.025131
	-73.38728	6.025777
	-73.38757	6.026831
	-73.38788	6.028104
	-73.38803	6.028678
	-73.38818	6.029177
	-73.38837	6.029735
	-73.38871	6.03058
	-73.38892	6.031037
	-73.3894	6.031984
	-73.38969	6.032471
	-73.39008	6.033101
	-73.39055	6.03378
	-73.3911	6.034537
	-73.39281	6.036783
	-73.39334	6.037511
	-73.39379	6.038153
	-73.39424	6.038845
	-73.39473	6.039636
	-73.39632	6.042302
	-73.39694	6.043241
	-73.39727	6.043696
	-73.39759	6.044107
	-73.3979	6.044481
	-73.39821	6.044823
	-73.39861	6.045222
	-73.39901	6.045583
	-73.39939	6.04589
	-73.39996	6.04631
	-73.40052	6.046665
	-73.40143	6.047207
	-73.40183	6.047474
	-73.40215	6.047715
	-73.40254	6.048053
	-73.40293	6.048456
	-73.40332	6.04894
	-73.40373	6.049507
	-73.40384	6.04968
	-73.40398	6.049893
	-73.4042	6.050284
	-73.4043	6.050509
	-73.40438	6.050724
	-73.40444	6.050918
	-73.40448	6.05118
	-73.40449	6.051594
	-73.40446	6.051895
	-73.40436	6.052352
	-73.40423	6.052762
	-73.40392	6.053615
	-73.4038	6.054026
	-73.40373	6.054482
	-73.40372	6.054727
	-73.40373	6.055001
	-73.4038	6.055431
	-73.40395	6.055896
	-73.40418	6.056361
	-73.40447	6.056813
	-73.40465	6.057055
	-73.40506	6.057514
	-73.40567	6.058057
	-73.40595	6.058275
	-73.40625	6.058475
	-73.40663	6.058707
	-73.40696	6.058886
	-73.40763	6.059211
	-73.40951	6.060063
	-73.41005	6.060336
	-73.41052	6.060588
	-73.411	6.060879
	-73.41139	6.06113
	-73.41211	6.061638
	-73.41322	6.062464
	-73.41388	6.062993
	-73.41436	6.063397
	-73.4148	6.063802
	-73.41526	6.064263
	-73.41569	6.064745
	-73.41606	6.065203
	-73.41661	6.065955
	-73.41689	6.066396
	-73.41711	6.066777
	-73.41744	6.067434
	-73.41755	6.067714
	-73.41771	6.068171
	-73.41778	6.068511
	-73.41781	6.06881
	-73.4178	6.069191
	-73.41776	6.069436
	-73.41769	6.069644
	-73.41758	6.06989
	-73.41744	6.070105
	-73.4173	6.070284
	-73.41713	6.070469
	-73.41674	6.070833
	-73.41606	6.071433
	-73.41601	6.071893
	-73.41658	6.072212
	-73.4168	6.072298
	-73.41685	6.072272
	-73.41738	6.072089
	-73.41766	6.072033
	-73.41851	6.072049
	-73.41853	6.072055
	-73.41969	6.071484
	-73.42021	6.071473
	-73.42044	6.071482
	-73.42146	6.071578
	-73.42183	6.071358
	-73.42291	6.070736
	-73.42399	6.070177
	-73.42476	6.069827
	-73.42545	6.069558
	-73.42593	6.069398
	-73.42639	6.069268
	-73.42683	6.069165
	-73.42726	6.069086
	-73.42767	6.06903
	-73.42806	6.068994
	-73.42879	6.068974
	-73.4292	6.068989
	-73.42968	6.069027
	-73.43017	6.069089
	-73.43066	6.069172
	-73.43117	6.069277
	-73.4317	6.069409
	-73.43223	6.06956
	-73.43332	6.069925
	-73.43452	6.0704
	-73.43522	6.070706
	-73.43649	6.071321
	-73.43707	6.071622
	-73.43812	6.072213
	-73.43913	6.072843
	-73.43969	6.073209
	-73.44249	6.075176
	-73.44372	6.075993
	-73.44429	6.076341
	-73.44488	6.076673
	-73.44544	6.076961
	-73.44598	6.077211
	-73.44651	6.07743
	-73.44743	6.07776
	-73.44824	6.078
	-73.45032	6.078504
	-73.45138	6.078798
	-73.45212	6.079061
	-73.45276	6.079349
	-73.45308	6.079518
	-73.45353	6.079792
	-73.45399	6.080115
	-73.45447	6.080496
	-73.45496	6.080951
	-73.45539	6.081384
	-73.45585	6.081901
	-73.45636	6.082513
	-73.45845	6.085193
	-73.45935	6.08628
	-73.4607	6.087801
	-73.46228	6.089475
	-73.46348	6.090666
	-73.46449	6.091577
	-73.46526	6.092212
	-73.46594	6.09272
	-73.46636	6.093011
	-73.46706	6.093449
	-73.46759	6.093744
	-73.46811	6.094001
	-73.46862	6.094223
	-73.46912	6.094413
	-73.46962	6.094574
	-73.4701	6.094706
	-73.47059	6.094814
	-73.47106	6.094898
	-73.47164	6.094973
	-73.47225	6.095027
	-73.47364	6.095104
	-73.47439	6.095163
	-73.47476	6.09521
	-73.47542	6.095334
	-73.4757	6.095411
	-73.47621	6.095587
	-73.47681	6.095872
	-73.47728	6.096151
	-73.47755	6.096333
	-73.47811	6.096746
	-73.47917	6.09755
	-73.47966	6.0979
	-73.48014	6.09821
	-73.48088	6.098617
	-73.48129	6.098816
	-73.48175	6.099014
	-73.48224	6.099203
	-73.48341	6.099593
	-73.48512	6.100117
	-73.48564	6.100289
	-73.4866	6.100656
	-73.48706	6.100862
	-73.48748	6.101072
	-73.48787	6.101289
	-73.48822	6.101505
	-73.48886	6.10195
	-73.48922	6.102229
	-73.48992	6.102842
	-73.49128	6.104119
	-73.49183	6.104622
	-73.4924	6.105105
	-73.49291	6.105495
	-73.49349	6.105887
	-73.49403	6.106212
	-73.4957	6.107114
	-73.4962	6.107418
	-73.49653	6.107646
	-73.4968	6.107879
	-73.49699	6.108088
	-73.49704	6.108173
	-73.49703	6.108236
	-73.49779	6.108906
	-73.49779	6.108892
	-73.4978	6.108864
	-73.49792	6.108583
	-73.49803	6.108372
	-73.49824	6.108057
	-73.49847	6.107795
	-73.49869	6.107602
	-73.49896	6.107393
	-73.49926	6.107208
	-73.49963	6.107009
	-73.50018	6.106762
	-73.50214	6.106017
	-73.50253	6.105854
	-73.5032	6.105545
	-73.50375	6.105251
	-73.50422	6.104966
	-73.50477	6.104586
	-73.5066	6.103155
	-73.50713	6.102762
	-73.50764	6.102424
	-73.50824	6.102072
	-73.50904	6.101673
	-73.50994	6.101281
	-73.51112	6.100811
	-73.51179	6.100533
	-73.5124	6.100233
	-73.51279	6.100002
	-73.51309	6.099789
	-73.51335	6.099553
	-73.51354	6.099338
	-73.51367	6.099142
	-73.5138	6.098881
	-73.51389	6.09863
	-73.51392	6.098448
	-73.51395	6.098226
	-73.51396	6.097994
	-73.51394	6.097705
	-73.51385	6.097059
	-73.51358	6.095782
	-73.51345	6.094944
	-73.51342	6.094491
	-73.51342	6.094008
	-73.51347	6.093176
	-73.51353	6.092677
	-73.51371	6.091605
	-73.51399	6.090042
	-73.51416	6.089231
	-73.51427	6.088804
	-73.5144	6.088416
	-73.51454	6.088077
	-73.51464	6.087878
	-73.51489	6.087471
	-73.51497	6.087338
	-73.51525	6.086974
	-73.51544	6.086767
	-73.51584	6.086343
	-73.51683	6.085381
	-73.51714	6.085049
	-73.51749	6.084644
	-73.51797	6.084013
	-73.51889	6.082749
	-73.5195	6.081986
	-73.52192	6.079316
	-73.52247	6.078781
	-73.5227	6.078585
	-73.52301	6.078357
	-73.52351	6.078057
	-73.52438	6.077626
	-73.5248	6.0774
	-73.52512	6.077189
	-73.52542	6.076946
	-73.52561	6.076757
	-73.52584	6.076485
	-73.52606	6.076168
	-73.52624	6.07581
	-73.52633	6.07561
	-73.52648	6.075145
	-73.52655	6.074869
	-73.52666	6.074276
	-73.52673	6.073642
	-73.52678	6.072992
	-73.52689	6.070178
	-73.52689	6.069266
	-73.52686	6.068868
	-73.52677	6.068255
	-73.52669	6.067939
	-73.52658	6.067565
	-73.52644	6.067181
	-73.52571	6.065509
	-73.5254	6.064718
	-73.52526	6.064313
	-73.52509	6.063706
	-73.52496	6.063107
	-73.52489	6.062535
	-73.52487	6.062003
	-73.5249	6.061522
	-73.52496	6.061092
	-73.525	6.060896
	-73.52511	6.060539
	-73.52525	6.060162
	-73.52545	6.05977
	-73.52574	6.059306
	-73.52671	6.058015
	-73.52772	6.056638
	-73.52893	6.055108
	-73.52932	6.054539
	-73.5297	6.053898
	-73.52989	6.053514
	-73.53015	6.052942
	-73.53064	6.051761
	-73.5308	6.051409
	-73.53098	6.051079
	-73.53118	6.050785
	-73.53136	6.050576
	-73.53152	6.050415
	-73.53187	6.050157
	-73.53223	6.049962
	-73.53319	6.049563
	-73.53343	6.049431
	-73.53361	6.049313
	-73.53373	6.049221
	-73.53403	6.048948
	-73.53425	6.048696
	-73.5344	6.048491
	-73.53455	6.048257
	-73.53469	6.047987
	-73.53484	6.047671
	-73.53497	6.047343
	-73.53526	6.04643
	-73.53575	6.044683
	-73.53598	6.044029
	-73.5361	6.043748
	-73.53633	6.043245
	-73.53657	6.042795
	-73.53681	6.042388
	-73.53706	6.042014
	-73.53773	6.041027
	-73.53812	6.040404
	-73.53853	6.039679
	-73.53928	6.038238
	-73.53956	6.037714
	-73.53993	6.037122
	-73.54039	6.03648
	-73.54091	6.035853
	-73.54121	6.035541
	-73.54154	6.03523
	-73.54189	6.034921
	-73.54227	6.034613
	-73.54268	6.034307
	-73.54313	6.034002
	-73.54359	6.033718
	-73.54408	6.033435
	-73.54464	6.033142
	-73.54521	6.032866
	-73.54586	6.032577
	-73.54652	6.032309
	-73.54718	6.032066
	-73.54784	6.031844
	-73.54878	6.031576
	-73.54972	6.031361
	-73.55086	6.031165
	-73.55405	6.030764
	-73.55469	6.030651
	-73.55531	6.030511
	-73.55582	6.030358
	-73.5563	6.03017
	-73.5567	6.029971
	-73.55703	6.029766
	-73.5573	6.029555
	-73.55765	6.02923
	-73.55784	6.028997
	-73.5581	6.028618
	-73.55838	6.028098
	-73.55852	6.027788
	-73.55905	6.026412
	-73.55934	6.025759
	-73.55954	6.025371
	-73.55977	6.024968
	-73.56021	6.024287
	-73.56173	6.022223
	-73.56311	6.020251
	-73.56354	6.019677
	-73.56399	6.019116
	-73.56423	6.018848
	-73.56468	6.018398
	-73.56506	6.018064
	-73.56539	6.017804
	-73.56591	6.017437
	-73.56696	6.016798
	-73.56931	6.01545
	-73.56983	6.01518
	-73.57019	6.015015
	-73.57079	6.014754
	-73.57134	6.014553
	-73.57195	6.014385
	-73.57262	6.014244
	-73.57394	6.014017
	-73.5745	6.013907
	-73.57497	6.013795
	-73.57569	6.013584
	-73.57676	6.013214
	-73.5784	6.012605
	-73.57923	6.01225
	-73.5796	6.01206
	-73.57992	6.011872
	-73.58032	6.011597
	-73.58058	6.011393
	-73.58097	6.01103
	-73.58125	6.01073
	-73.58243	6.009372
	-73.58372	6.007941
	-73.58413	6.007457
	-73.58451	6.006963
	-73.58468	6.006717
	-73.58496	6.006267
	-73.58526	6.005694
	-73.58543	6.005308
	-73.58558	6.004882
	-73.58573	6.004401
	-73.58584	6.003951
	-73.58595	6.00343
	-73.58605	6.002808
	-73.58633	6.000825
	-73.58645	6.000114
	-73.58656	5.999503
	-73.58675	5.998671
	-73.58693	5.997994
	-73.58718	5.997013
	-73.5873	5.996358
	-73.5875	5.995138
	-73.58759	5.994676
	-73.58772	5.99412
	-73.58816	5.992406
	-73.58844	5.990932
	-73.5886	5.990195
	-73.58876	5.989679
	-73.58898	5.989151
	-73.58919	5.988735
	-73.58991	5.987482
	-73.59013	5.987029
	-73.59031	5.986573
	-73.59045	5.986093
	-73.59057	5.98543
	-73.59073	5.983852
	-73.59081	5.983186
	-73.59097	5.982294
	-73.59122	5.98101
	-73.59135	5.980286
	-73.59145	5.979559
	-73.59152	5.978785
	-73.59156	5.977958
	-73.59157	5.977066
	-73.59153	5.976316
	-73.59147	5.975504
	-73.59139	5.974856
	-73.59133	5.974386
	-73.59117	5.973379
	-73.59077	5.971209
	-73.59066	5.970588
	-73.59058	5.969976
	-73.59052	5.969428
	-73.59047	5.968814
	-73.59046	5.968207
	-73.59047	5.96768
	-73.5905	5.967196
	-73.59055	5.966737
	-73.59061	5.966309
	-73.5907	5.965885
	-73.59083	5.965337
	-73.59107	5.964553
	-73.5913	5.963937
	-73.59208	5.962068
	-73.59241	5.961214
	-73.59272	5.960282
	-73.59282	5.959979
	-73.59331	5.958368
	-73.5935	5.957844
	-73.59376	5.957195
	-73.59393	5.956854
	-73.59416	5.95642
	-73.59512	5.954845
	-73.59556	5.954031
	-73.5958	5.953533
	-73.59608	5.952914
	-73.59657	5.951746
	-73.59694	5.950923
	-73.59732	5.950171
	-73.59836	5.948241
	-73.59881	5.947355
	-73.59924	5.946392
	-73.59992	5.94472
	-73.60037	5.943657
	-73.60074	5.94288
	-73.60175	5.940855
	-73.60209	5.940104
	-73.60237	5.939371
	-73.60304	5.937445
	-73.60336	5.936654
	-73.60376	5.93582
	-73.60403	5.935319
	-73.60433	5.934826
	-73.60465	5.934347
	-73.60513	5.933687
	-73.60591	5.932696
	-73.6062	5.932318
	-73.60721	5.930966
	-73.60779	5.930281
	-73.60887	5.92915
	-73.60929	5.928674
	-73.60972	5.928087
	-73.61047	5.926913
	-73.61073	5.926595
	-73.61105	5.926298
	-73.61139	5.926065
	-73.61163	5.925941
	-73.61192	5.925821
	-73.61227	5.925713
	-73.61267	5.925625
	-73.61335	5.925538
	-73.61468	5.925461
	-73.61515	5.925417
	-73.61562	5.925341
	-73.61613	5.925218
	-73.61794	5.924629
	-73.61956	5.9242
	-73.62032	5.923972
	-73.62095	5.923716
	-73.62133	5.923517
	-73.62155	5.92338
	-73.62195	5.923096
	-73.62224	5.92285
	-73.62268	5.922405
	-73.62306	5.921939
	-73.62327	5.92164
	-73.62371	5.920928
	-73.62445	5.919517
	-73.62462	5.919203
	-73.62486	5.918772
	-73.62538	5.917928
	-73.62588	5.91723
	-73.62613	5.916925
	-73.62663	5.916391
	-73.62688	5.916159
	-73.62743	5.915709
	-73.62798	5.915339
	-73.62862	5.914994
	-73.62971	5.9145
	-73.63009	5.914313
	-73.63016	5.914275
	-73.63016	5.914244
	-73.63	5.913193
	-73.6298	5.912283
	-73.62968	5.911373
	-73.62966	5.908642
	-73.63033	5.906711
	-73.63064	5.905561
	-73.63091	5.90453
	-73.63145	5.900767
	-73.63163	5.897916
	-73.63056	5.896654
	-73.62929	5.895274
	-73.62794	5.894211
	-73.62611	5.892953
	-73.62473	5.89284
	-73.62303	5.892769
	-73.61998	5.892031
	-73.61812	5.891485
	-73.61598	5.890822
	-73.61444	5.890195
	-73.61388	5.889604
	-73.61249	5.888145
	-73.60979	5.884793
	-73.60819	5.88187
	-73.60755	5.879814
	-73.60703	5.878629
	-73.60564	5.877408
	-73.60409	5.876148
	-73.60334	5.875043
	-73.60262	5.873898
	-73.60202	5.872436
	-73.60075	5.870502
	-73.59991	5.869397
	-73.59991	5.868368
	-73.60058	5.867533
	-73.60128	5.866422
	-73.60261	5.86345
	-73.60386	5.859264
	-73.60464	5.857994
	-73.6055	5.855812
	-73.60621	5.85379
	-73.60675	5.850739
	-73.60745	5.848677
	-73.60874	5.845663
	-73.60952	5.844273
	-73.61046	5.842369
	-73.61243	5.839114
	-73.61411	5.835187
	-73.61521	5.833202
	-73.61631	5.832207
	-73.61729	5.830817
	-73.61784	5.829659
	-73.61831	5.828588
	-73.61886	5.827358
	-73.61917	5.826367
	-73.6196	5.825375
	-73.61991	5.824186
	-73.61995	5.823275
	-73.61993	5.820425
	-73.62048	5.818681
	-73.62087	5.817847
	-73.62154	5.816973
	-73.62217	5.816298
	-73.6228	5.815463
	-73.62295	5.814552
	-73.62314	5.813641
	-73.6233	5.812729
	-73.62361	5.811817
	-73.62396	5.810984
	-73.62419	5.809875
	-73.62419	5.808806
	-73.62426	5.806905
	-73.62437	5.805955
	-73.62437	5.804886
	-73.62472	5.803728
	-73.62531	5.803013
	-73.62574	5.802219
	-73.62573	5.800121
	-73.62589	5.799131
	-73.62647	5.798138
	-73.6271	5.796987
	-73.62757	5.795599
	-73.62796	5.794766
	-73.62811	5.793855
	-73.62855	5.793061
	-73.62921	5.792108
	-73.62972	5.791195
	-73.62956	5.790167
	-73.62912	5.789337
	-73.62896	5.788428
	-73.6288	5.787478
	-73.62852	5.786608
	-73.62824	5.78562
	-73.62815	5.78471
	-73.62779	5.78384
	-73.62747	5.782971
	-73.62723	5.781982
	-73.62683	5.781141
	-73.62663	5.780231
	-73.62635	5.779203
	-73.62615	5.778293
	-73.62609	5.777716
	-73.62606	5.777383
	-73.62602	5.776473
	-73.6259	5.775523
	-73.62581	5.774573
	-73.62569	5.773584
	-73.62569	5.772674
	-73.62564	5.771763
	-73.62564	5.770853
	-73.62568	5.769902
	-73.62575	5.768992
	-73.62606	5.76808
	-73.6261	5.767169
	-73.62629	5.766218
	-73.62664	5.765227
	-73.62711	5.764274
	-73.62743	5.763402
	-73.62817	5.762369
	-73.62844	5.761378
	-73.62887	5.760585
	-73.62931	5.759514
	-73.62978	5.758641
	-73.62989	5.75773
	-73.62999	5.756198
	-73.62997	5.750407
	-73.63043	5.749459
	-73.63055	5.748513
	-73.63102	5.747684
	-73.63101	5.745793
	-73.63089	5.744848
	-73.63087	5.742012
	-73.63134	5.741064
	-73.63193	5.740353
	-73.63251	5.739523
	-73.63604	5.736552
	-73.63663	5.735841
	-73.63698	5.734894
	-73.63721	5.733829
	-73.63732	5.732883
	-73.6374	5.732554
	-73.63731	5.732439
	-73.63692	5.731891
	-73.63687	5.731818
	-73.6367	5.731564
	-73.63647	5.731075
	-73.63638	5.730794
	-73.63631	5.73062
	-73.6362	5.729637
	-73.63623	5.729443
	-73.63647	5.728946
	-73.63647	5.728931
	-73.63651	5.728722
	-73.63655	5.728562
	-73.63659	5.728405
	-73.63669	5.728114
	-73.63675	5.727991
	-73.63686	5.727825
	-73.63686	5.72778
	-73.63689	5.72705
	-73.63688	5.727049
	-73.63691	5.726766
	-73.63694	5.726388
	-73.63695	5.726285
	-73.63689	5.726128
	-73.63679	5.725897
	-73.63667	5.725546
	-73.63664	5.72541
	-73.63662	5.725364
	-73.63649	5.724625
	-73.6365	5.724374
	-73.63656	5.723891
	-73.63663	5.723627
	-73.63685	5.723106
	-73.63696	5.722925
	-73.63762	5.722259
	-73.63773	5.72219
	-73.63776	5.722173
	-73.63777	5.722161
	-73.6379	5.722057
	-73.6381	5.721902
	-73.63811	5.721897
	-73.63818	5.721803
	-73.63824	5.721688
	-73.63827	5.721566
	-73.6383	5.721431
	-73.63841	5.721066
	-73.63866	5.720547
	-73.63873	5.720432
	-73.63877	5.720377
	-73.63878	5.720354
	-73.6388	5.720265
	-73.63901	5.719797
	-73.6391	5.719634
	-73.63945	5.719217
	-73.63959	5.718973
	-73.63968	5.718848
	-73.63998	5.718539
	-73.64004	5.718414
	-73.64039	5.717917
	-73.64047	5.71783
	-73.64084	5.717524
	-73.64091	5.717481
	-73.64104	5.717406
	-73.64109	5.717361
	-73.64119	5.717255
	-73.64128	5.717177
	-73.64281	5.71685
	-73.64281	5.716749
	-73.64292	5.716749
	-73.6431	5.716756
	-73.64321	5.716766
	-73.64325	5.716756
	-73.64331	5.716775
	-73.64334	5.716778
	-73.64363	5.716864
	-73.64385	5.71619
	-73.6442	5.715243
	-73.64491	5.714412
	-73.64549	5.713701
	-73.6462	5.712752
	-73.6469	5.712158
	-73.64797	5.712035
	-73.65237	5.712015
	-73.65504	5.712003
	-73.65599	5.712472
	-73.65658	5.713178
	-73.6566	5.717196
	-73.65708	5.718376
	-73.65779	5.719318
	-73.65827	5.720143
	-73.65898	5.720731
	-73.65992	5.721318
	-73.66087	5.722259
	-73.6623	5.724025
	-73.66301	5.724967
	-73.6636	5.725792
	-73.66431	5.726498
	-73.66491	5.727322
	-73.66538	5.728266
	-73.66625	5.729997
	-73.66682	5.731058
	-73.66701	5.732052
	-73.66763	5.733231
	-73.66813	5.734037
	-73.66901	5.735153
	-73.66976	5.736767
	-73.66977	5.738757
	-73.66984	5.739814
	-73.67015	5.740684
	-73.67053	5.741802
	-73.67103	5.742732
	-73.67228	5.744219
	-73.67241	5.745152
	-73.67285	5.746021
	-73.67304	5.746953
	-73.67385	5.748317
	-73.6746	5.748936
	-73.67584	5.749366
	-73.67677	5.749486
	-73.67771	5.749482
	-73.67882	5.749539
	-73.68	5.749907
	-73.68119	5.750399
	-73.68218	5.750892
	-73.68312	5.751447
	-73.68418	5.752313
	-73.68586	5.753363
	-73.68691	5.753607
	-73.68971	5.753594
	-73.6907	5.753714
	-73.69151	5.754332
	-73.69245	5.755012
	-73.69375	5.755628
	-73.695	5.755809
	-73.69599	5.755805
	-73.69786	5.756045
	-73.69848	5.756726
	-73.69917	5.757345
	-73.69973	5.758089
	-73.70054	5.758769
	-73.70122	5.759512
	-73.7021	5.760379
	-73.70266	5.761123
	-73.70273	5.762056
	-73.70274	5.763922
	-73.70324	5.765661
	-73.7038	5.766591
	-73.70449	5.767334
	-73.70536	5.768014
	-73.70711	5.769313
	-73.70804	5.769806
	-73.70873	5.770425
	-73.70935	5.771106
	-73.71004	5.771849
	-73.7106	5.772655
	-73.71073	5.773712
	-73.71086	5.775577
	-73.71211	5.77694
	-73.71305	5.777682
	-73.71355	5.77855
	-73.71411	5.779356
	-73.7148	5.779975
	-73.71523	5.780782
	-73.71541	5.781066
	-73.71551	5.780904
	-73.71566	5.780669
	-73.71616	5.779738
	-73.71639	5.779257
	-73.71675	5.778407
	-73.71758	5.776152
	-73.71774	5.775761
	-73.7179	5.775396
	-73.7182	5.774838
	-73.71834	5.774612
	-73.71857	5.774286
	-73.71883	5.773983
	-73.7192	5.773619
	-73.71947	5.773412
	-73.71966	5.773282
	-73.72011	5.773042
	-73.72049	5.772893
	-73.72071	5.772823
	-73.7213	5.772672
	-73.72264	5.772368
	-73.72323	5.772206
	-73.72388	5.771998
	-73.72422	5.771873
	-73.72493	5.77157
	-73.72535	5.771368
	-73.72577	5.77114
	-73.72621	5.770882
	-73.72665	5.770592
	-73.72669	5.770564
	-73.72673	5.770551
	-73.72682	5.770545
	-73.72765	5.770268
	-73.72769	5.770274
	-73.72862	5.770228
	-73.72927	5.770228
	-73.72992	5.770136
	-73.73126	5.770044
	-73.73163	5.770091
	-73.73261	5.770231
	-73.73377	5.770742
	-73.73405	5.770928
	-73.73423	5.771207
	-73.73446	5.77144
	-73.73553	5.772091
	-73.73618	5.772184
	-73.73655	5.772231
	-73.73688	5.772231
	-73.7372	5.772278
	-73.73845	5.77279
	-73.73869	5.773022
	-73.73924	5.773487
	-73.74031	5.774278
	-73.74063	5.774325
	-73.74074	5.774325
	-73.74156	5.773794
	-73.74238	5.773319
	-73.74309	5.772372
	-73.74344	5.771604
	-73.74414	5.770952
	-73.7449	5.77089
	-73.74573	5.771417
	-73.74667	5.77153
	-73.7475	5.772057
	-73.74838	5.772288
	-73.74932	5.772284
	-73.75038	5.772043
	-73.75144	5.771685
	-73.75232	5.771445
	-73.75326	5.771263
	-73.75532	5.771254
	-73.7562	5.770896
	-73.75714	5.770538
	-73.75808	5.770062
	-73.7589	5.769468
	-73.75967	5.768934
	-73.76037	5.768165
	-73.76195	5.766566
	-73.76259	5.765619
	-73.7633	5.764968
	-73.76424	5.764315
	-73.76547	5.763837
	-73.76588	5.76301
	-73.76646	5.7623
	-73.76734	5.761942
	-73.7684	5.761525
	-73.76928	5.761226
	-73.76999	5.760515
	-73.77057	5.759746
	-73.77133	5.759153
	-73.77204	5.75856
	-73.77297	5.757789
	-73.77461	5.756249
	-73.77545	5.755652
	-73.77561	5.755537
	-73.77667	5.754589
	-73.77755	5.7537
	-73.77831	5.752989
	-73.77883	5.752103
	-73.77918	5.751099
	-73.77977	5.750271
	-73.78053	5.749501
	-73.78111	5.748732
	-73.78158	5.747905
	-73.78281	5.746956
	-73.78357	5.746363
	-73.78428	5.745652
	-73.7851	5.744882
	-73.78574	5.74423
	-73.7865	5.743637
	-73.78721	5.743044
	-73.78808	5.742333
	-73.78867	5.741505
	-73.78931	5.740794
	-73.78978	5.739967
	-73.79048	5.739197
	-73.79083	5.738312
	-73.79148	5.737542
	-73.79153	5.736599
	-73.79141	5.73548
	-73.79146	5.734536
	-73.79146	5.733534
	-73.79198	5.732765
	-73.79269	5.732113
	-73.79362	5.731402
	-73.79391	5.730516
	-73.79432	5.729571
	-73.79485	5.728802
	-73.79573	5.728503
	-73.79673	5.728204
	-73.79802	5.728139
	-73.79931	5.727543
	-73.80043	5.72689
	-73.80125	5.726414
	-73.80189	5.725704
	-73.80248	5.724876
	-73.80301	5.724107
	-73.80365	5.723456
	-73.80435	5.722804
	-73.8047	5.721918
	-73.80523	5.721031
	-73.80593	5.720379
	-73.80669	5.719786
	-73.80745	5.719134
	-73.80804	5.718424
	-73.80909	5.717535
	-73.80974	5.716766
	-73.81038	5.716055
	-73.81114	5.715285
	-73.81202	5.714633
	-73.8129	5.714393
	-73.81385	5.714329
	-73.81485	5.714325
	-73.81585	5.714438
	-73.81673	5.714728
	-73.81732	5.715433
	-73.81809	5.71596
	-73.81903	5.716073
	-73.8198	5.716718
	-73.81981	5.71772
	-73.81975	5.718722
	-73.81958	5.719666
	-73.81947	5.72061
	-73.81918	5.721495
	-73.81865	5.722441
	-73.8183	5.723327
	-73.81801	5.724212
	-73.81802	5.726098
	-73.81832	5.726981
	-73.81909	5.727862
	-73.8191	5.730691
	-73.81887	5.731576
	-73.81888	5.734405
	-73.81978	5.736169
	-73.82037	5.736874
	-73.8209	5.737697
	-73.82185	5.738282
	-73.82308	5.738983
	-73.82409	5.739214
	-73.82638	5.739733
	-73.8275	5.739551
	-73.82844	5.739429
	-73.82926	5.739012
	-73.83014	5.738654
	-73.83103	5.738945
	-73.83174	5.739531
	-73.83262	5.739821
	-73.83368	5.739934
	-73.83556	5.739925
	-73.8368	5.739801
	-73.83786	5.739442
	-73.83874	5.739084
	-73.83974	5.73902
	-73.84091	5.738838
	-73.84186	5.738657
	-73.84297	5.738357
	-73.84362	5.737528
	-73.84372	5.735641
	-73.84419	5.734814
	-73.84507	5.733808
	-73.84583	5.733274
	-73.84677	5.732738
	-73.84759	5.732263
	-73.84835	5.731729
	-73.84912	5.731077
	-73.8497	5.729954
	-73.85005	5.729068
	-73.85057	5.728241
	-73.8511	5.727472
	-73.8518	5.726879
	-73.85262	5.726403
	-73.8535	5.725987
	-73.85526	5.724917
	-73.85609	5.724324
	-73.85673	5.723672
	-73.85678	5.722729
	-73.85649	5.721846
	-73.85625	5.720963
	-73.85624	5.719961
	-73.85635	5.719017
	-73.85712	5.718189
	-73.8577	5.716418
	-73.85834	5.715766
	-73.85881	5.714762
	-73.85945	5.71411
	-73.85992	5.713165
	-73.8605	5.71216
	-73.86114	5.711509
	-73.86202	5.711033
	-73.86302	5.710792
	-73.8639	5.710552
	-73.86484	5.710253
	-73.86631	5.709833
	-73.86731	5.709651
	-73.86843	5.70941
	-73.86949	5.708875
	-73.87037	5.708458
	-73.87154	5.707863
	-73.8723	5.707211
	-73.87324	5.707029
	-73.87424	5.706848
	-73.87536	5.706724
	-73.87754	5.706714
	-73.87841	5.70671
	-73.87845	5.707536
	-73.8794	5.707579
	-73.88365	5.707558
	-73.88454	5.707648
	-73.88563	5.708068
	-73.88653	5.708253
	-73.88678	5.708252
	-73.88661	5.708547
	-73.88628	5.709323
	-73.88597	5.710002
	-73.88524	5.711206
	-73.88468	5.7122
	-73.88416	5.713455
	-73.88396	5.715543
	-73.88397	5.716691
	-73.88413	5.718047
	-73.88414	5.71865
	-73.88406	5.718751
	-73.88398	5.718837
	-73.88389	5.71891
	-73.88381	5.718952
	-73.88373	5.718969
	-73.88364	5.718972
	-73.88323	5.718915
	-73.88306	5.71892
	-73.88294	5.718959
	-73.88281	5.719019
	-73.88269	5.719099
	-73.88257	5.7192
	-73.88233	5.719453
	-73.88208	5.719792
	-73.88189	5.720097
	-73.88168	5.720542
	-73.88157	5.720705
	-73.88136	5.720917
	-73.88082	5.721356
	-73.8807	5.721473
	-73.88061	5.721588
	-73.88054	5.7217
	-73.8805	5.721814
	-73.8804	5.722232
	-73.88035	5.722373
	-73.88029	5.722489
	-73.8802	5.722604
	-73.88007	5.722731
	-73.87995	5.72283
	-73.87984	5.722884
	-73.87958	5.722992
	-73.87946	5.723057
	-73.87938	5.723127
	-73.87922	5.723306
	-73.87913	5.723375
	-73.87902	5.723434
	-73.87875	5.723544
	-73.87864	5.723605
	-73.87849	5.723738
	-73.87834	5.723898
	-73.87835	5.724102
	-73.87833	5.724259
	-73.87828	5.72441
	-73.87814	5.72471
	-73.87809	5.724837
	-73.87807	5.724965
	-73.87807	5.725111
	-73.87813	5.725389
	-73.87823	5.725656
	-73.87836	5.725853
	-73.87858	5.726065
	-73.87866	5.726171
	-73.87876	5.726352
	-73.87882	5.726562
	-73.87886	5.726866
	-73.87886	5.727198
	-73.8788	5.727537
	-73.8787	5.727855
	-73.87861	5.728059
	-73.87851	5.728194
	-73.87837	5.728324
	-73.87798	5.72864
	-73.87788	5.72874
	-73.87781	5.728837
	-73.87776	5.728924
	-73.87773	5.72903
	-73.87761	5.729529
	-73.87757	5.729634
	-73.8775	5.729711
	-73.87743	5.729762
	-73.87733	5.7298
	-73.87692	5.729878
	-73.87677	5.729927
	-73.87665	5.730008
	-73.87643	5.730238
	-73.87627	5.730347
	-73.87614	5.73041
	-73.87601	5.730462
	-73.87574	5.730523
	-73.87574	5.730724
	-73.87581	5.731394
	-73.87623	5.732488
	-73.87733	5.73337
	-73.87853	5.733677
	-73.87931	5.733986
	-73.8803	5.733668
	-73.88134	5.733611
	-73.88193	5.733984
	-73.88199	5.734269
	-73.8821	5.734523
	-73.88222	5.734701
	-73.88243	5.734902
	-73.88252	5.735005
	-73.88263	5.735195
	-73.88272	5.7354
	-73.88276	5.735523
	-73.88277	5.735619
	-73.88277	5.735749
	-73.88272	5.736143
	-73.88273	5.736258
	-73.88276	5.736354
	-73.88284	5.736485
	-73.88296	5.736617
	-73.88311	5.73675
	-73.8833	5.736881
	-73.88346	5.736973
	-73.88366	5.73705
	-73.88388	5.737113
	-73.88413	5.737162
	-73.8843	5.737166
	-73.88473	5.737113
	-73.88483	5.737118
	-73.88491	5.73714
	-73.88502	5.737205
	-73.88518	5.737393
	-73.88527	5.737462
	-73.88537	5.737521
	-73.88573	5.737674
	-73.88582	5.737747
	-73.88598	5.737921
	-73.886	5.73794
	-73.88628	5.73794
	-73.88668	5.737739
	-73.88704	5.737588
	-73.88746	5.737632
	-73.88779	5.73784
	-73.88804	5.738041
	-73.88866	5.738333
	-73.88904	5.738505
	-73.88914	5.738582
	-73.88938	5.738827
	-73.88948	5.738885
	-73.8896	5.738912
	-73.8897	5.738912
	-73.88981	5.738889
	-73.88992	5.738846
	-73.89005	5.738779
	-73.89032	5.738595
	-73.8909	5.738118
	-73.89115	5.737928
	-73.89142	5.737777
	-73.89154	5.737731
	-73.89166	5.737699
	-73.89181	5.737674
	-73.89197	5.737663
	-73.89234	5.737679
	-73.89271	5.737732
	-73.89359	5.737899
	-73.89401	5.737944
	-73.89422	5.737943
	-73.8944	5.737922
	-73.89457	5.737882
	-73.89472	5.73782
	-73.89488	5.737729
	-73.89519	5.737482
	-73.89534	5.737334
	-73.89543	5.737194
	-73.89546	5.737102
	-73.89547	5.736991
	-73.89542	5.736586
	-73.89542	5.736442
	-73.89545	5.736322
	-73.89554	5.73618
	-73.89563	5.736073
	-73.89576	5.735962
	-73.89615	5.735677
	-73.89636	5.735556
	-73.89644	5.735524
	-73.89652	5.73551
	-73.89661	5.735516
	-73.8967	5.735549
	-73.89696	5.735708
	-73.89717	5.73576
	-73.89769	5.735791
	-73.89833	5.735974
	-73.8989	5.73631
	-73.89954	5.736585
	-73.90009	5.73686
	-73.90055	5.737074
	-73.90137	5.737196
	-73.9021	5.737319
	-73.90271	5.737624
	-73.90348	5.737808
	-73.90418	5.73796
	-73.9047	5.738174
	-73.9053	5.738175
	-73.9057	5.737839
	-73.90591	5.737442
	-73.90616	5.737045
	-73.90646	5.736618
	-73.90695	5.736313
	-73.90762	5.736008
	-73.9082	5.735977
	-73.90887	5.735977
	-73.90933	5.736069
	-73.90994	5.736252
	-73.91043	5.736436
	-73.91088	5.736589
	-73.91137	5.736711
	-73.91253	5.736772
	-73.91289	5.736772
	-73.91344	5.736742
	-73.9138	5.736674
	-73.91402	5.736643
	-73.91463	5.73659
	-73.91512	5.736376
	-73.91585	5.736346
	-73.91667	5.736438
	-73.91741	5.736682
	-73.91798	5.736957
	-73.9185	5.737354
	-73.91902	5.737721
	-73.91936	5.737904
	-73.91975	5.737904
	-73.92021	5.737751
	-73.92076	5.737751
	-73.92125	5.737843
	-73.9217	5.738088
	-73.92207	5.738454
	-73.92243	5.73879
	-73.92268	5.739034
	-73.92292	5.739767
	-73.92293	5.73983
	-73.92302	5.73993
	-73.92307	5.74001
	-73.9231	5.740107
	-73.92319	5.740519
	-73.92325	5.740685
	-73.92333	5.7408
	-73.92354	5.740979
	-73.92358	5.741059
	-73.92359	5.74118
	-73.92354	5.74131
	-73.92345	5.741449
	-73.9233	5.741595
	-73.92343	5.7417
	-73.92353	5.741815
	-73.92355	5.741841
	-73.9237	5.741884
	-73.92429	5.741872
	-73.92504	5.741793
	-73.92569	5.741652
	-73.92633	5.741459
	-73.92824	5.740764
	-73.92895	5.74054
	-73.92967	5.740367
	-73.93028	5.740271
	-73.93088	5.740221
	-73.93198	5.740165
	-73.93236	5.740134
	-73.93261	5.740111
	-73.93313	5.740039
	-73.93376	5.739922
	-73.93439	5.739777
	-73.93502	5.739611
	-73.93726	5.73895
	-73.93968	5.738169
	-73.94248	5.737206
	-73.94315	5.737009
	-73.94376	5.736859
	-73.94437	5.736743
	-73.94499	5.736668
	-73.94565	5.736641
	-73.94631	5.736667
	-73.94696	5.736743
	-73.94761	5.736868
	-73.94836	5.737072
	-73.94909	5.737324
	-73.94972	5.737571
	-73.94996	5.737668
	-73.95201	5.738513
	-73.95275	5.738787
	-73.9535	5.739026
	-73.95426	5.73922
	-73.95503	5.739358
	-73.95556	5.739416
	-73.95609	5.739445
	-73.95693	5.739444
	-73.95776	5.739401
	-73.95943	5.739246
	-73.96027	5.739149
	-73.96111	5.739027
	-73.96189	5.738867
	-73.96266	5.738651
	-73.9632	5.738449
	-73.96374	5.738211
	-73.96425	5.737938
	-73.96493	5.737508
	-73.96559	5.737029
	-73.96623	5.736515
	-73.96875	5.734336
	-73.96938	5.73381
	-73.97068	5.732786
	-73.97257	5.731327
	-73.97316	5.730829
	-73.97373	5.730302
	-73.97416	5.729849
	-73.97457	5.729372
	-73.97496	5.728869
	-73.97545	5.728135
	-73.97686	5.725795
	-73.97713	5.725369
	-73.97743	5.724948
	-73.978	5.724203
	-73.97861	5.723484
	-73.97925	5.722796
	-73.97991	5.722152
	-73.98056	5.721571
	-73.98119	5.721084
	-73.98175	5.720733
	-73.98196	5.720641
	-73.98278	5.721514
	-73.98307	5.721832
	-73.98502	5.724102
	-73.98587	5.725041
	-73.9863	5.725493
	-73.98712	5.726287
	-73.98752	5.726642
	-73.98816	5.727177
	-73.98892	5.72775
	-73.98929	5.728014
	-73.99005	5.728513
	-73.99094	5.729038
	-73.99184	5.729513
	-73.99232	5.729736
	-73.99274	5.730862
	-73.99282	5.731317
	-73.99292	5.732333
	-73.99293	5.73418
	-73.99321	5.735103
	-73.99367	5.735932
	-73.99442	5.736482
	-73.99506	5.737126
	-73.99562	5.737862
	-73.99646	5.739261
	-73.9972	5.740089
	-73.99794	5.741009
	-73.99804	5.741932
	-73.99806	5.74572
	-73.99816	5.746735
	-73.99853	5.747657
	-73.99946	5.748946
	-74.00011	5.750328
	-74.0004	5.751989
	-74.00114	5.753463
	-74.00189	5.755399
	-74.00217	5.756876
	-74.00227	5.757984
	-74.0032	5.759642
	-74.00394	5.760192
	-74.00524	5.761109
	-74.00589	5.761753
	-74.00681	5.762487
	-74.00783	5.762482
	-74.00884	5.762384
	-74.00976	5.762195
	-74.01161	5.762185
	-74.01253	5.762273
	-74.01281	5.76338
	-74.01282	5.764304
	-74.01227	5.766154
	-74.01229	5.768925
	-74.01202	5.770497
	-74.01166	5.77133
	-74.01138	5.772255
	-74.01139	5.774195
	-74.01158	5.775118
	-74.01269	5.775851
	-74.01362	5.776216
	-74.01648	5.776201
	-74.01768	5.776472
	-74.01805	5.777486
	-74.0187	5.778591
	-74.01871	5.779515
	-74.0189	5.78053
	-74.01946	5.782005
	-74.0202	5.782555
	-74.02076	5.783661
	-74.02187	5.784579
	-74.0227	5.785221
	-74.02326	5.785957
	-74.02396	5.786755
	-74.02382	5.786978
	-74.02377	5.787108
	-74.02375	5.787223
	-74.02378	5.787347
	-74.02386	5.787476
	-74.024	5.78762
	-74.02435	5.787926
	-74.02449	5.788064
	-74.0246	5.788215
	-74.02465	5.788358
	-74.02465	5.788499
	-74.02462	5.788659
	-74.02456	5.788842
	-74.02432	5.789416
	-74.02427	5.789597
	-74.02426	5.78976
	-74.02428	5.789927
	-74.02432	5.79011
	-74.02461	5.790861
	-74.02469	5.79119
	-74.0247	5.791366
	-74.02468	5.791547
	-74.0245	5.792124
	-74.02446	5.792315
	-74.02444	5.792502
	-74.02444	5.792737
	-74.02448	5.79308
	-74.02455	5.793424
	-74.02466	5.793768
	-74.02481	5.794112
	-74.02481	5.798257
	-74.02501	5.798391
	-74.02519	5.798534
	-74.02536	5.798686
	-74.02552	5.798846
	-74.02577	5.799142
	-74.02614	5.79969
	-74.0262	5.799815
	-74.02619	5.799916
	-74.02614	5.799982
	-74.02598	5.800108
	-74.02593	5.800164
	-74.02591	5.800238
	-74.02592	5.800331
	-74.02598	5.800462
	-74.0261	5.800629
	-74.02623	5.800787
	-74.02644	5.800989
	-74.02655	5.80114
	-74.02664	5.801301
	-74.02672	5.80146
	-74.02676	5.801601
	-74.02679	5.801715
	-74.02677	5.80181
	-74.02675	5.801841
	-74.02672	5.80186
	-74.02662	5.801872
	-74.02632	5.801842
	-74.0262	5.801848
	-74.02613	5.801871
	-74.02608	5.801907
	-74.02604	5.801957
	-74.02601	5.80202
	-74.02599	5.802156
	-74.026	5.802202
	-74.02601	5.802393
	-74.02605	5.802567
	-74.02619	5.803139
	-74.02624	5.803398
	-74.02627	5.803651
	-74.02626	5.803857
	-74.02621	5.804018
	-74.02612	5.804157
	-74.02598	5.804299
	-74.02564	5.80457
	-74.02551	5.804691
	-74.0254	5.804826
	-74.02533	5.804982
	-74.02528	5.805123
	-74.02525	5.805269
	-74.02524	5.805421
	-74.02523	5.805579
	-74.02527	5.805913
	-74.02536	5.80627
	-74.02552	5.806909
	-74.02594	5.807029
	-74.0268	5.807326
	-74.02734	5.807545
	-74.02818	5.807933
	-74.02897	5.808362
	-74.02955	5.808699
	-74.03143	5.80987
	-74.03211	5.810271
	-74.03279	5.810628
	-74.03341	5.810912
	-74.03375	5.811047
	-74.03416	5.811204
	-74.03475	5.811401
	-74.03546	5.811602
	-74.03807	5.812246
	-74.03857	5.812389
	-74.03924	5.812581
	-74.03986	5.812787
	-74.04052	5.81302
	-74.04137	5.813358
	-74.04229	5.813758
	-74.04281	5.814
	-74.04389	5.814546
	-74.04445	5.81485
	-74.04548	5.815439
	-74.04844	5.817204
	-74.04973	5.817915
	-74.05092	5.81851
	-74.05179	5.818906
	-74.05257	5.819229
	-74.05329	5.819497
	-74.05397	5.81972
	-74.05462	5.819902
	-74.05524	5.820046
	-74.05583	5.820152
	-74.0564	5.820225
	-74.05705	5.820269
	-74.05768	5.820269
	-74.05827	5.820229
	-74.05895	5.820131
	-74.0593	5.820061
	-74.05974	5.819945
	-74.06013	5.819823
	-74.06048	5.81969
	-74.06081	5.81955
	-74.06138	5.819254
	-74.06163	5.819102
	-74.06208	5.818795
	-74.06231	5.81861
	-74.0628	5.818186
	-74.06392	5.817101
	-74.06424	5.81682
	-74.06454	5.816574
	-74.06479	5.816393
	-74.06517	5.81618
	-74.06552	5.816037
	-74.0659	5.815941
	-74.06614	5.815913
	-74.06636	5.815908
	-74.06655	5.815923
	-74.06686	5.815987
	-74.06706	5.81606
	-74.06737	5.816231
	-74.06762	5.816415
	-74.06816	5.816853
	-74.06842	5.817043
	-74.06868	5.817205
	-74.06894	5.817342
	-74.06944	5.817542
	-74.0708	5.817982
	-74.07216	5.818543
	-74.07279	5.818762
	-74.07333	5.818897
	-74.07407	5.819014
	-74.0749	5.819087
	-74.07673	5.819201
	-74.07735	5.819266
	-74.07751	5.819303
	-74.07815	5.819466
	-74.07887	5.819766
	-74.07926	5.819937
	-74.07987	5.820057
	-74.08006	5.821528
	-74.08014	5.822533
	-74.08017	5.823335
	-74.08015	5.824426
	-74.08007	5.825491
	-74.07985	5.827461
	-74.07976	5.828652
	-74.07974	5.829559
	-74.07977	5.830511
	-74.07989	5.831547
	-74.08009	5.832517
	-74.08013	5.832644
	-74.0804	5.833455
	-74.08089	5.834443
	-74.08133	5.835115
	-74.08176	5.835669
	-74.08256	5.836623
	-74.08303	5.83722
	-74.08347	5.837852
	-74.08381	5.838479
	-74.08419	5.839393
	-74.08464	5.840659
	-74.08508	5.841511
	-74.0858	5.842036
	-74.08741	5.842324
	-74.08815	5.84265
	-74.08863	5.843164
	-74.089	5.843843
	-74.08923	5.8445
	-74.08945	5.84543
	-74.08981	5.84747
	-74.08993	5.84819
	-74.09012	5.849103
	-74.0903	5.849865
	-74.0906	5.850862
	-74.09084	5.851587
	-74.09109	5.85227
	-74.09139	5.853029
	-74.09165	5.853672
	-74.0923	5.855276
	-74.09261	5.856004
	-74.09309	5.857078
	-74.09385	5.858622
	-74.09424	5.859353
	-74.09564	5.861958
	-74.09614	5.862853
	-74.09796	5.865919
	-74.09832	5.866533
	-74.09899	5.867779
	-74.09946	5.868723
	-74.09978	5.869393
	-74.10066	5.871304
	-74.10097	5.871932
	-74.10133	5.872613
	-74.10169	5.873244
	-74.10215	5.87394
	-74.10282	5.874804
	-74.1034	5.875415
	-74.10407	5.875952
	-74.10473	5.876351
	-74.10538	5.876596
	-74.10617	5.87675
	-74.1072	5.876783
	-74.10846	5.87666
	-74.11081	5.876285
	-74.11155	5.876177
	-74.1158	5.87559
	-74.11879	5.875153
	-74.11967	5.875062
	-74.11993	5.875044
	-74.12063	5.875002
	-74.12216	5.874931
	-74.12305	5.874917
	-74.1239	5.874941
	-74.12497	5.875018
	-74.12582	5.875106
	-74.12716	5.875261
	-74.1284	5.875413
	-74.12911	5.875502
	-74.13074	5.875731
	-74.13152	5.875859
	-74.1323	5.876011
	-74.13301	5.876182
	-74.13379	5.876415
	-74.13439	5.876634
	-74.1351	5.876944
	-74.1358	5.877313
	-74.13658	5.877792
	-74.13714	5.878196
	-74.1377	5.87863
	-74.1384	5.879251
	-74.13933	5.880172
	-74.14015	5.881088
	-74.14217	5.883476
	-74.14305	5.884459
	-74.14369	5.885126
	-74.14449	5.885917
	-74.14523	5.886591
	-74.14594	5.887196
	-74.14672	5.88781
	-74.14747	5.888358
	-74.14833	5.888931
	-74.1494	5.889567
	-74.15014	5.889968
	-74.1509	5.890338
	-74.15157	5.890644
	-74.15234	5.890966
	-74.15349	5.891412
	-74.15693	5.892605
	-74.15756	5.892824
	-74.15836	5.893118
	-74.15957	5.893609
	-74.16048	5.894021
	-74.16161	5.894614
	-74.16254	5.895178
	-74.16327	5.89566
	-74.16407	5.896232
	-74.1649	5.896855
	-74.16555	5.89736
	-74.16771	5.899082
	-74.16834	5.899573
	-74.17049	5.901186
	-74.17137	5.901887
	-74.17201	5.902455
	-74.17257	5.902992
	-74.17317	5.903621
	-74.17487	5.905569
	-74.17543	5.906207
	-74.17598	5.906803
	-74.1783	5.909244
	-74.18015	5.911259
	-74.18064	5.911394
	-74.18156	5.910787
	-74.18237	5.910321
	-74.18289	5.90992
	-74.18347	5.909276
	-74.18392	5.908294
	-74.18399	5.907406
	-74.18388	5.906483
	-74.18377	5.905651
	-74.18373	5.904783
	-74.18381	5.903954
	-74.18406	5.902947
	-74.18448	5.901868
	-74.185	5.900852
	-74.18591	5.899297
	-74.18655	5.898145
	-74.18698	5.897227
	-74.18733	5.896365
	-74.1877	5.895336
	-74.18804	5.894242
	-74.18836	5.893045
	-74.18863	5.891943
	-74.1888	5.891155
	-74.18931	5.888696
	-74.18945	5.888041
	-74.18969	5.88705
	-74.19001	5.885969
	-74.19029	5.885175
	-74.19055	5.884552
	-74.19084	5.883709
	-74.19129	5.883157
	-74.19178	5.882414
	-74.1923	5.881711
	-74.19297	5.880923
	-74.19379	5.880065
	-74.19467	5.879275
	-74.19526	5.878786
	-74.19607	5.878143
	-74.19682	5.877524
	-74.1971	5.877287
	-74.19776	5.876643
	-74.1982	5.87611
	-74.19857	5.875541
	-74.19884	5.874942
	-74.19906	5.874101
	-74.1991	5.873272
	-74.19899	5.872442
	-74.19866	5.87134
	-74.19832	5.87056
	-74.19802	5.869968
	-74.1977	5.869387
	-74.19737	5.868829
	-74.19625	5.866962
	-74.19578	5.866124
	-74.19538	5.865281
	-74.19497	5.864245
	-74.19468	5.863214
	-74.19453	5.862368
	-74.19447	5.861417
	-74.19455	5.860173
	-74.19471	5.859345
	-74.19493	5.858614
	-74.19526	5.857804
	-74.19571	5.856946
	-74.19618	5.856232
	-74.19676	5.855625
	-74.19724	5.855021
	-74.19772	5.854602
	-74.19838	5.854137
	-74.19921	5.853671
	-74.20005	5.853316
	-74.20089	5.853048
	-74.20163	5.852873
	-74.20261	5.852709
	-74.20347	5.852615
	-74.20417	5.852556
	-74.20511	5.852509
	-74.20593	5.852486
	-74.20945	5.852419
	-74.21022	5.852387
	-74.21153	5.852294
	-74.21254	5.852179
	-74.21335	5.85205
	-74.21399	5.851927
	-74.21499	5.851683
	-74.21582	5.851447
	-74.21677	5.851111
	-74.21765	5.85076
	-74.21832	5.850457
	-74.21898	5.850129
	-74.21968	5.849729
	-74.21997	5.849545
	-74.22045	5.849228
	-74.22085	5.848945
	-74.22146	5.848453
	-74.22208	5.847879
	-74.22254	5.847376
	-74.22306	5.846711
	-74.22354	5.845989
	-74.22394	5.845242
	-74.22445	5.844079
	-74.2252	5.842112
	-74.22551	5.841339
	-74.22588	5.840549
	-74.22635	5.839724
	-74.22684	5.83904
	-74.22756	5.838258
	-74.2283	5.837607
	-74.22889	5.837175
	-74.22951	5.836773
	-74.23012	5.836431
	-74.23086	5.836044
	-74.23171	5.835654
	-74.23249	5.835335
	-74.23311	5.835108
	-74.234	5.834807
	-74.23508	5.834487
	-74.23574	5.834315
	-74.2368	5.834082
	-74.23775	5.833911
	-74.2391	5.833732
	-74.24013	5.833647
	-74.24113	5.833613
	-74.24195	5.833618
	-74.24303	5.833671
	-74.24382	5.833738
	-74.24494	5.833848
	-74.24567	5.833936
	-74.24891	5.834346
	-74.24997	5.834446
	-74.25096	5.834497
	-74.25173	5.834499
	-74.25246	5.834464
	-74.25318	5.834391
	-74.25386	5.834272
	-74.25472	5.834049
	-74.25517	5.833881
	-74.2558	5.833614
	-74.25634	5.833339
	-74.25719	5.832774
	-74.25785	5.832208
	-74.25844	5.831608
	-74.25886	5.831111
	-74.25926	5.830582
	-74.25961	5.830039
	-74.26005	5.829291
	-74.26036	5.828657
	-74.26072	5.827794
	-74.26093	5.82699
	-74.26161	5.82659
	-74.26266	5.826334
	-74.26298	5.827494
	-74.26378	5.828598
	-74.26431	5.829651
	-74.26521	5.830702
	-74.26575	5.832495
	-74.26602	5.833813
	-74.26605	5.834609
	-74.26627	5.835029
	-74.26628	5.835542
	-74.26667	5.836318
	-74.26715	5.837137
	-74.26772	5.837955
	-74.26858	5.838815
	-74.26906	5.839332
	-74.26967	5.84002
	-74.27084	5.840748
	-74.27197	5.841174
	-74.27318	5.841859
	-74.27404	5.842114
	-74.27457	5.842759
	-74.27457	5.843538
	-74.27462	5.844575
	-74.27454	5.845484
	-74.27425	5.847431
	-74.27434	5.848944
	-74.27465	5.84972
	-74.27574	5.851271
	-74.2773	5.852645
	-74.27786	5.853464
	-74.27795	5.854155
	-74.27813	5.855192
	-74.27861	5.856054
	-74.27862	5.856875
	-74.27802	5.857916
	-74.27775	5.858186
	-74.27753	5.858638
	-74.27773	5.860036
	-74.27808	5.860856
	-74.27843	5.861589
	-74.27913	5.862709
	-74.27949	5.863818
	-74.27992	5.864508
	-74.27964	5.864521
	-74.27886	5.864742
	-74.2781	5.865145
	-74.27759	5.865554
	-74.27707	5.866081
	-74.27657	5.866705
	-74.27598	5.867548
	-74.27441	5.870104
	-74.27398	5.870763
	-74.27353	5.871435
	-74.27309	5.872019
	-74.27265	5.872578
	-74.27199	5.873328
	-74.27131	5.87404
	-74.27063	5.874689
	-74.2701	5.875166
	-74.26943	5.875747
	-74.26889	5.876182
	-74.26835	5.876606
	-74.26779	5.877025
	-74.26711	5.877514
	-74.2664	5.877995
	-74.26587	5.878352
	-74.26483	5.879007
	-74.26419	5.879387
	-74.26357	5.879746
	-74.26273	5.880211
	-74.26198	5.880608
	-74.25917	5.882804
	-74.25854	5.882823
	-74.25791	5.882942
	-74.25757	5.883381
	-74.25698	5.883923
	-74.25645	5.884528
	-74.25592	5.885305
	-74.2553	5.886366
	-74.25492	5.887128
	-74.25461	5.887766
	-74.25364	5.889799
	-74.25322	5.890599
	-74.25269	5.891473
	-74.2521	5.892297
	-74.2514	5.893115
	-74.25076	5.893752
	-74.25	5.894404
	-74.24923	5.894965
	-74.24849	5.895432
	-74.24759	5.895911
	-74.24632	5.896466
	-74.24537	5.896802
	-74.24448	5.897059
	-74.24373	5.897244
	-74.24311	5.897382
	-74.242	5.897618
	-74.24091	5.89789
	-74.23982	5.898296
	-74.23895	5.898805
	-74.2379	5.899684
	-74.23628	5.901177
	-74.23473	5.902514
	-74.23419	5.902992
	-74.23364	5.903475
	-74.23307	5.904038
	-74.2326	5.904552
	-74.2322	5.90505
	-74.23169	5.905818
	-74.23121	5.906688
	-74.23014	5.90886
	-74.22972	5.909626
	-74.22898	5.910889
	-74.22863	5.911622
	-74.2283	5.912463
	-74.22823	5.912698
	-74.22803	5.913407
	-74.22758	5.915326
	-74.22735	5.916226
	-74.22705	5.917266
	-74.22665	5.918458
	-74.22587	5.920649
	-74.22557	5.92161
	-74.22535	5.922483
	-74.22523	5.92322
	-74.22517	5.924185
	-74.22522	5.925226
	-74.22541	5.926254
	-74.22575	5.927272
	-74.22612	5.928023
	-74.22649	5.928603
	-74.22705	5.929263
	-74.22764	5.929788
	-74.22843	5.930281
	-74.2293	5.930665
	-74.23079	5.931172
	-74.23151	5.931439
	-74.23215	5.931707
	-74.23289	5.932074
	-74.23379	5.932604
	-74.23446	5.933081
	-74.23505	5.933579
	-74.23566	5.934174
	-74.2363	5.934939
	-74.23698	5.935961
	-74.2375	5.936947
	-74.23793	5.938029
	-74.23823	5.939025
	-74.23839	5.939695
	-74.23851	5.940323
	-74.23863	5.941215
	-74.23868	5.941917
	-74.2387	5.942934
	-74.23864	5.943996
	-74.23848	5.945061
	-74.23834	5.945687
	-74.23809	5.946515
	-74.23775	5.94738
	-74.23739	5.948138
	-74.23707	5.948735
	-74.23652	5.94961
	-74.23586	5.950541
	-74.23498	5.951625
	-74.23427	5.952431
	-74.23364	5.953086
	-74.23301	5.953717
	-74.23178	5.954899
	-74.23123	5.955416
	-74.22849	5.957956
	-74.22784	5.958585
	-74.22691	5.959513
	-74.22608	5.960415
	-74.22562	5.96094
	-74.22519	5.961477
	-74.22468	5.96216
	-74.22419	5.962902
	-74.22383	5.963544
	-74.22349	5.964238
	-74.22311	5.965275
	-74.22288	5.966229
	-74.22278	5.967231
	-74.2228	5.968147
	-74.22294	5.969033
	-74.22321	5.970113
	-74.22362	5.971181
	-74.22397	5.9719
	-74.22429	5.972502
	-74.22464	5.973078
	-74.22502	5.973667
	-74.22552	5.974353
	-74.22606	5.975048
	-74.22654	5.975621
	-74.22697	5.976113
	-74.22757	5.976745
	-74.22828	5.977445
	-74.22913	5.978235
	-74.23002	5.979004
	-74.23056	5.979438
	-74.23122	5.979948
	-74.23387	5.981876
	-74.23489	5.982648
	-74.23568	5.983298
	-74.23644	5.984001
	-74.23721	5.984806
	-74.23798	5.985713
	-74.23868	5.986651
	-74.24016	5.988683
	-74.2409	5.989607
	-74.24137	5.990147
	-74.24185	5.990665
	-74.24232	5.991137
	-74.24279	5.991576
	-74.24518	5.993727
	-74.24585	5.994363
	-74.24652	5.995052
	-74.24704	5.995636
	-74.24749	5.996187
	-74.24905	5.998259
	-74.24964	5.998992
	-74.25025	5.999643
	-74.25098	6.00029
	-74.25166	6.000795
	-74.25249	6.000933
	-74.25286	6.001588
	-74.25361	6.002135
	-74.25431	6.00283
	-74.255	6.003884
	-74.2554	6.004723
	-74.25587	6.005839
	-74.25629	6.00675
	-74.25689	6.007911
	-74.25801	6.009944
	-74.2584	6.010725
	-74.25865	6.011308
	-74.2589	6.011989
	-74.25898	6.012194
	-74.2592	6.013045
	-74.25935	6.013934
	-74.25942	6.014696
	-74.25945	6.015459
	-74.25945	6.016218
	-74.25934	6.018811
	-74.25932	6.020103
	-74.25934	6.020875
	-74.25942	6.021686
	-74.25956	6.022553
	-74.25972	6.023272
	-74.25994	6.024005
	-74.2602	6.02471
	-74.26056	6.025546
	-74.26112	6.026714
	-74.26204	6.02846
	-74.26273	6.029852
	-74.26326	6.031074
	-74.26356	6.031918
	-74.2638	6.032728
	-74.264	6.033595
	-74.26413	6.034334
	-74.26423	6.035236
	-74.26429	6.036436
	-74.26427	6.03754
	-74.26421	6.038429
	-74.26411	6.039233
	-74.26398	6.040027
	-74.26377	6.041083
	-74.26351	6.042147
	-74.26326	6.043017
	-74.26305	6.043692
	-74.2627	6.044712
	-74.26239	6.045584
	-74.26213	6.046316
	-74.26189	6.047044
	-74.26162	6.048143
	-74.26157	6.049378
	-74.26199	6.050652
	-74.26275	6.051739
	-74.26311	6.052448
	-74.26321	6.053116
	-74.26311	6.053853
	-74.26281	6.054583
	-74.26231	6.055373
	-74.2618	6.05604
	-74.26065	6.057463
	-74.25999	6.058386
	-74.25951	6.059269
	-74.25921	6.060083
	-74.25904	6.060801
	-74.25897	6.061541
	-74.25902	6.062577
	-74.25917	6.063393
	-74.25942	6.064183
	-74.25976	6.064923
	-74.26011	6.065505
	-74.26065	6.066204
	-74.26115	6.066736
	-74.26172	6.067225
	-74.26263	6.067864
	-74.26365	6.06842
	-74.26453	6.068816
	-74.26539	6.069126
	-74.26631	6.069402
	-74.26713	6.069621
	-74.26945	6.070212
	-74.27055	6.07061
	-74.27139	6.071029
	-74.2722	6.071521
	-74.27357	6.072441
	-74.27488	6.073301
	-74.27558	6.073839
	-74.27608	6.074407
	-74.27641	6.075052
	-74.27666	6.075857
	-74.27691	6.077028
	-74.27713	6.077713
	-74.27752	6.078308
	-74.27808	6.078661
	-74.27884	6.078869
	-74.28023	6.079122
	-74.28065	6.079229
	-74.28126	6.079389
	-74.28215	6.079689
	-74.28396	6.080362
	-74.2848	6.080624
	-74.28546	6.08077
	-74.28619	6.080838
	-74.28719	6.080796
	-74.28837	6.080664
	-74.28915	6.080624
	-74.28993	6.080672
	-74.29085	6.08084
	-74.29194	6.081139
	-74.29375	6.081709
	-74.29459	6.08194
	-74.29545	6.082104
	-74.29658	6.082178
	-74.29746	6.082092
	-74.29818	6.081911
	-74.29881	6.081667
	-74.29942	6.081346
	-74.30012	6.080882
	-74.30089	6.08023
	-74.30157	6.079497
	-74.30216	6.078734
	-74.30276	6.077831
	-74.30373	6.076251
	-74.30412	6.07567
	-74.30471	6.075021
	-74.30579	6.074539
	-74.30712	6.074532
	-74.30779	6.07447
	-74.30849	6.074227
	-74.30925	6.073748
	-74.30991	6.073185
	-74.31137	6.071743
	-74.31197	6.071167
	-74.31248	6.070714
	-74.31329	6.070115
	-74.3143	6.069558
	-74.3152	6.069262
	-74.31608	6.069086
	-74.31786	6.068849
	-74.31885	6.068653
	-74.31928	6.068536
	-74.32026	6.068255
	-74.32059	6.068158
	-74.32165	6.067882
	-74.32388	6.067418
	-74.32478	6.067196
	-74.32572	6.066899
	-74.32652	6.066562
	-74.32872	6.06547
	-74.32966	6.065057
	-74.33063	6.064732
	-74.33168	6.064473
	-74.33362	6.064109
	-74.33455	6.063914
	-74.33543	6.063663
	-74.33655	6.063213
	-74.3374	6.062737
	-74.33819	6.062154
	-74.33893	6.061456
	-74.33947	6.060834
	-74.33988	6.060298
	-74.34042	6.059463
	-74.34091	6.058559
	-74.34131	6.057711
	-74.34168	6.056803
	-74.34195	6.056064
	-74.34231	6.054957
	-74.34253	6.054155
	-74.34276	6.053263
	-74.34294	6.052522
	-74.34322	6.051221
	-74.34342	6.050147
	-74.34384	6.047765
	-74.34401	6.046804
	-74.34413	6.046157
	-74.3442	6.045812
	-74.34436	6.045105
	-74.3446	6.044239
	-74.34487	6.043475
	-74.34522	6.042758
	-74.34581	6.041862
	-74.34657	6.041062
	-74.34717	6.040617
	-74.34804	6.040206
	-74.34901	6.039941
	-74.34999	6.039815
	-74.35156	6.039702
	-74.35252	6.03955
	-74.35338	6.039294
	-74.35458	6.038816
	-74.35523	6.038596
	-74.35623	6.038417
	-74.35729	6.038398
	-74.3582	6.038513
	-74.35906	6.038735
	-74.36003	6.039101
	-74.36109	6.039644
	-74.36183	6.04011
	-74.36243	6.040543
	-74.36313	6.041109
	-74.36547	6.043223
	-74.36613	6.043749
	-74.36682	6.044182
	-74.36787	6.044568
	-74.36889	6.044666
	-74.3699	6.044511
	-74.37088	6.044186
	-74.37165	6.043833
	-74.37229	6.043481
	-74.37301	6.043053
	-74.37483	6.041891
	-74.37581	6.041289
	-74.37646	6.040932
	-74.37746	6.040487
	-74.37847	6.040244
	-74.37935	6.040268
	-74.38005	6.040557
	-74.38063	6.041041
	-74.3811	6.041707
	-74.3815	6.042602
	-74.38176	6.043502
	-74.38206	6.045204
	-74.38214	6.045584
	-74.38227	6.046127
	-74.38254	6.046856
	-74.38303	6.047623
	-74.38322	6.047845
	-74.38405	6.048798
	-74.38461	6.0495
	-74.38479	6.049756
	-74.38504	6.050106
	-74.38608	6.051647
	-74.38686	6.052694
	-74.38736	6.053288
	-74.3879	6.053868
	-74.38864	6.054584
	-74.3894	6.055246
	-74.39033	6.055966
	-74.39135	6.056707
	-74.39359	6.05825
	-74.39444	6.058832
	-74.39527	6.059451
	-74.39587	6.059941
	-74.39644	6.060456
	-74.39695	6.060964
	-74.39739	6.061445
	-74.39787	6.06206
	-74.39838	6.062856
	-74.39887	6.063827
	-74.39911	6.064449
	-74.39936	6.065306
	-74.39952	6.066046
	-74.39964	6.066749
	-74.39973	6.06754
	-74.39979	6.068397
	-74.3999	6.071578
	-74.39993	6.072325
	-74.40002	6.073609
	-74.40014	6.074616
	-74.40031	6.075656
	-74.40055	6.076648
	-74.40079	6.07746
	-74.40108	6.078272
	-74.40134	6.078895
	-74.40164	6.079571
	-74.40209	6.080426
	-74.40271	6.081464
	-74.4032	6.08218
	-74.40366	6.08279
	-74.40438	6.083621
	-74.40493	6.084181
	-74.40564	6.08482
	-74.40637	6.085401
	-74.40692	6.085776
	-74.40783	6.086308
	-74.40856	6.08666
	-74.4093	6.086945
	-74.41012	6.087199
	-74.41075	6.087346
	-74.41174	6.087515
	-74.41288	6.087609
	-74.41387	6.08762
	-74.4148	6.087567
	-74.41554	6.087489
	-74.41648	6.087357
	-74.41925	6.086894
	-74.42018	6.086798
	-74.42126	6.086782
	-74.42227	6.086864
	-74.42504	6.087278
	-74.42734	6.087541
	-74.42818	6.087696
	-74.42935	6.088076
	-74.43036	6.088555
	-74.43129	6.089045
	-74.4322	6.089527
	-74.43282	6.089833
	-74.43342	6.090101
	-74.43403	6.090337
	-74.43464	6.090552
	-74.43552	6.090817
	-74.43616	6.090991
	-74.43862	6.091595
	-74.43931	6.091771
	-74.43999	6.091963
	-74.44076	6.092187
	-74.44162	6.092475
	-74.44254	6.092826
	-74.44326	6.093134
	-74.44396	6.09347
	-74.44469	6.093863
	-74.44558	6.094396
	-74.44638	6.09495
	-74.44705	6.09549
	-74.44759	6.095983
	-74.44807	6.096478
	-74.44858	6.097113
	-74.4491	6.097883
	-74.44949	6.09866
	-74.44985	6.099615
	-74.45008	6.100537
	-74.4502	6.10136
	-74.45027	6.102038
	-74.4503	6.102868
	-74.4503	6.105386
	-74.45031	6.106405
	-74.45034	6.107327
	-74.45045	6.108434
	-74.45059	6.109349
	-74.45073	6.110027
	-74.45098	6.110971
	-74.45127	6.111854
	-74.45153	6.112543
	-74.45273	6.115592
	-74.45336	6.117386
	-74.45371	6.118577
	-74.45397	6.119678
	-74.45418	6.120701
	-74.45433	6.121692
	-74.45445	6.122833
	-74.45451	6.123985
	-74.45452	6.125062
	-74.45446	6.126393
	-74.45438	6.127262
	-74.45425	6.128277
	-74.45376	6.131669
	-74.45367	6.132646
	-74.45363	6.133787
	-74.45368	6.134769
	-74.45386	6.135807
	-74.45409	6.13661
	-74.45442	6.13743
	-74.45477	6.138107
	-74.45517	6.13876
	-74.45588	6.139696
	-74.45658	6.140494
	-74.45739	6.141296
	-74.45823	6.142061
	-74.46159	6.144923
	-74.46219	6.145441
	-74.46296	6.146145
	-74.46381	6.146972
	-74.46459	6.147794
	-74.46524	6.148543
	-74.46604	6.149524
	-74.46714	6.150928
	-74.4676	6.151472
	-74.46817	6.15205
	-74.46877	6.152531
	-74.46935	6.152857
	-74.47013	6.153172
	-74.47183	6.153711
	-74.47309	6.154174
	-74.47378	6.154487
	-74.47467	6.154987
	-74.47545	6.155538
	-74.47604	6.156067
	-74.47653	6.156595
	-74.47704	6.157321
	-74.47748	6.158234
	-74.47767	6.158897
	-74.47774	6.159553
	-74.4777	6.160411
	-74.47747	6.16132
	-74.47715	6.16218
	-74.47673	6.163053
	-74.47588	6.164688
	-74.47556	6.165316
	-74.47513	6.16622
	-74.47485	6.166821
	-74.4745	6.16763
	-74.47411	6.168647
	-74.4738	6.169551
	-74.47357	6.170295
	-74.47335	6.171101
	-74.47314	6.171948
	-74.47301	6.172629
	-74.47288	6.173361
	-74.47273	6.17442
	-74.47265	6.175283
	-74.4726	6.176279
	-74.47259	6.176934
	-74.4726	6.17765
	-74.47266	6.17883
	-74.47275	6.179847
	-74.47306	6.182588
	-74.47314	6.183291
	-74.47323	6.184325
	-74.47327	6.184797
	-74.47332	6.185759
	-74.47332	6.186615
	-74.47328	6.187485
	-74.47321	6.188185
	-74.47307	6.189115
	-74.4729	6.189952
	-74.47273	6.190588
	-74.47241	6.191625
	-74.4721	6.192523
	-74.47118	6.195071
	-74.4709	6.195977
	-74.47073	6.196669
	-74.47061	6.197658
	-74.47066	6.198834
	-74.47098	6.199808
	-74.47154	6.200652
	-74.47244	6.201415
	-74.47334	6.201878
	-74.4741	6.202107
	-74.47489	6.202226
	-74.47588	6.202242
	-74.47696	6.202142
	-74.47894	6.201845
	-74.47971	6.20174
	-74.48056	6.20167
	-74.48157	6.201659
	-74.4824	6.201731
	-74.48314	6.201861
	-74.4841	6.202122
	-74.48512	6.202509
	-74.48586	6.202863
	-74.48652	6.203232
	-74.48726	6.203711
	-74.48815	6.204359
	-74.48907	6.205092
	-74.49104	6.206778
	-74.49157	6.207234
	-74.49248	6.207972
	-74.49348	6.208725
	-74.4947	6.209537
	-74.49577	6.210139
	-74.49691	6.210683
	-74.49757	6.210964
	-74.49852	6.211338
	-74.50121	6.212346
	-74.50231	6.21281
	-74.50339	6.213324
	-74.50396	6.213628
	-74.50473	6.21408
	-74.50533	6.21447
	-74.50615	6.215075
	-74.50689	6.215684
	-74.50739	6.216151
	-74.50787	6.216636
	-74.50847	6.217324
	-74.50902	6.218031
	-74.50952	6.218783
	-74.50992	6.219471
	-74.51039	6.220397
	-74.51084	6.221514
	-74.51119	6.222625
	-74.5114	6.223522
	-74.51154	6.224372
	-74.51166	6.22528
	-74.51173	6.226048
	-74.51186	6.227792
	-74.51196	6.2286
	-74.51215	6.229673
	-74.51239	6.230548
	-74.51263	6.231176
	-74.51302	6.231973
	-74.51357	6.232892
	-74.5141	6.233641
	-74.51474	6.234451
	-74.51645	6.236437
	-74.51689	6.23697
	-74.51748	6.237705
	-74.51793	6.238318
	-74.51842	6.239092
	-74.5189	6.239961
	-74.51928	6.240811
	-74.51953	6.241528
	-74.51974	6.242248
	-74.51993	6.243098
	-74.52009	6.244011
	-74.52021	6.244897
	-74.52045	6.247205
	-74.52053	6.247914
	-74.52062	6.248613
	-74.52071	6.249266
	-74.52087	6.250165
	-74.5211	6.251084
	-74.52145	6.252208
	-74.52188	6.253285
	-74.52198	6.253491
	-74.52221	6.253974
	-74.52258	6.254645
	-74.52311	6.255567
	-74.5235	6.256204
	-74.52485	6.258383
	-74.52533	6.259252
	-74.52567	6.259922
	-74.52596	6.260623
	-74.52624	6.261391
	-74.52645	6.262222
	-74.52661	6.263215
	-74.52666	6.264064
	-74.52664	6.264825
	-74.52656	6.265604
	-74.52644	6.26632
	-74.52626	6.267047
	-74.52606	6.267722
	-74.52574	6.268546
	-74.52527	6.269558
	-74.52465	6.270611
	-74.52398	6.271562
	-74.52331	6.272335
	-74.52252	6.273012
	-74.52211	6.273512
	-74.52137	6.274719
	-74.52111	6.275627
	-74.52548	6.273347
	-74.52869	6.27167
	-74.53141	6.270227
	-74.53373	6.268882
	-74.53591	6.268179
	-74.53721	6.267814
	-74.5391	6.266138
	-74.5398	6.263996
	-74.54049	6.261378
	-74.54073	6.260427
	-74.5419	6.258044
	-74.54248	6.256334
	-74.54392	6.253514
	-74.54613	6.251483
	-74.54745	6.248797
	-74.5499	6.24572
	-74.55529	6.237883
	-74.55611	6.236215
	-74.55634	6.234907
	-74.55787	6.232521
	-74.56046	6.230129
	-74.56212	6.228811
	-74.56412	6.226423
	-74.56518	6.224872
	-74.56635	6.22332
	-74.56812	6.221052
	-74.56894	6.219265
	-74.5707	6.216534
	-74.57117	6.215699
	-74.57235	6.214081
	-74.57292	6.210937
	-74.57373	6.207879
	-74.57408	6.203984
	-74.57444	6.200653
	-74.57474	6.196809
	-74.57469	6.191787
	-74.57474	6.189328
	-74.57519	6.187175
	-74.57565	6.185893
	-74.57606	6.1836
	-74.57759	6.181096
	-74.57853	6.179902
	-74.5797	6.178113
	-74.58076	6.176443
	-74.58158	6.175012
	-74.58275	6.172392
	-74.58381	6.170722
	-74.58463	6.168817
	-74.58572	6.167897
	-74.5868	6.16641
	-74.59002	6.165023
	-74.59186	6.164253
	-74.59299	6.163637
	-74.59412	6.162662
	-74.5956	6.160969
	-74.59657	6.159534
	-74.59729	6.158149
	-74.59769	6.156714
	-74.59994	6.151388
	-74.60137	6.149844
	-74.60224	6.148562
	-74.6027	6.14769
	-74.60388	6.146203
	-74.60465	6.145075
	-74.60557	6.143844
	-74.60654	6.142101
	-74.60689	6.140819
	-74.60766	6.13923
	-74.60843	6.138102
	-74.60935	6.13559
	-74.61047	6.132719
	-74.61108	6.13072
	-74.61093	6.127184
	-74.61046	6.125186
	-74.61036	6.123598
	-74.60979	6.120626
	-74.60918	6.11873
	-74.608	6.116067
	-74.60707	6.111866
	-74.60582	6.107882
	-74.60578	6.100756
	-74.60493	6.099099
	-74.60421	6.097798
	-74.60325	6.09626
	-74.60242	6.095078
	-74.60015	6.093667
	-74.59932	6.093198
	-74.59717	6.091906
	-74.59503	6.090732
	-74.59287	6.090357
	-74.59099	6.089689
	-74.58933	6.089344
	-74.58814	6.088639
	-74.58508	6.086521
	-74.58265	6.084399
	-74.57801	6.082387
	-74.5729	6.081707
	-74.57053	6.081129
	-74.56583	6.079826
	-74.56286	6.077676
	-74.56132	6.075679
	-74.56163	6.073167
	-74.5627	6.069784
	-74.56433	6.067221
	-74.56615	6.064054
	-74.56944	6.059639
	-74.57039	6.057567
	-74.57057	6.055121
	-74.57123	6.051738
	-74.57153	6.047536
	-74.57174	6.04516
	-74.57184	6.044051
	-74.57178	6.04154
	-74.57163	6.036928
	-74.5705	6.032881
	-74.56967	6.028628
	-74.56906	6.026272
	-74.56798	6.023198
	-74.56624	6.019202
	-74.56543	6.01492
	-74.56297	6.007543
	-74.56201	6.00513
	-74.56105	6.002179
	-74.56202	5.997785
	-74.56324	5.994505
	-74.56411	5.991685
	-74.56539	5.988712
	-74.56659	5.986418
	-74.57074	5.983704
	-74.57408	5.982299
	-74.5769	5.982186
	-74.58018	5.982447
	-74.58376	5.983468
	-74.58903	5.983925
	-74.5943	5.982946
	-74.59783	5.981559
	-74.60162	5.979711
	-74.6072	5.975809
	-74.6092	5.973377
	-74.61093	5.971216
	-74.61185	5.968522
	-74.61209	5.964354
	-74.61153	5.960863
	-74.61004	5.958856
	-74.60801	5.956276
	-74.60544	5.953067
	-74.60285	5.945691
	-74.60178	5.937895
	-74.60045	5.93313
	-74.59773	5.929648
	-74.59435	5.926833
	-74.59143	5.923722
	-74.58912	5.919839
	-74.58775	5.91474
	-74.58732	5.910845
	-74.5859	5.906072
	-74.58566	5.90311
	-74.58629	5.898625
	-74.58877	5.8959
	-74.59285	5.893975
	-74.5958	5.89305
	-74.59929	5.892356
	-74.60291	5.892333
	-74.60519	5.892184
	-74.60908	5.891085
	-74.61162	5.889993
	-74.61497	5.889031
	-74.61712	5.889152
	-74.61974	5.888643
	-74.62462	5.885857
	-74.62889	5.882201
	-74.63096	5.879904
	-74.63343	5.8772
	-74.63662	5.873081
	-74.63826	5.867965
	-74.63877	5.863527
	-74.63989	5.858976
	-74.63995	5.858749
	-74.64087	5.856055
	-74.6426	5.852645
	-74.6435	5.849487
	-74.64421	5.845963
	-74.64469	5.84332
	-74.64581	5.841202
	-74.64673	5.838508
	-74.64759	5.836554
	-74.64872	5.833994
	-74.64876	5.830366
	-74.64861	5.827343
	-74.64798	5.824122
	-74.64662	5.821241
	-74.6454	5.818629
	-74.64498	5.815675
	-74.6451	5.81339
	-74.64589	5.81104
	-74.64688	5.807943
	-74.64739	5.805185
	-74.64904	5.799531
	-74.64995	5.795426
	-74.65135	5.793335
	-74.6524	5.791111
	-74.65426	5.787672
	-74.65571	5.783968
	-74.65662	5.779057
	-74.65755	5.775262
	-74.65826	5.774913
	-74.65898	5.774701
	-74.66008	5.774365
	-74.66118	5.773984
	-74.66252	5.773213
	-74.66405	5.772011
	-74.66504	5.771183
	-74.66641	5.77032
	-74.6674	5.769797
	-74.66824	5.769555
	-74.66887	5.769445
	-74.66993	5.769628
	-74.67178	5.770689
	-74.67441	5.773407
	-74.6775	5.776822
	-74.67954	5.778463
	-74.68138	5.779043
	-74.68373	5.779123
	-74.68504	5.778625
	-74.68786	5.776597
	-74.69074	5.774253
	-74.69367	5.772324
	-74.69563	5.77139
	-74.699	5.770272
	-74.70106	5.769795
	-74.70336	5.769712
	-74.70529	5.769978
	-74.70644	5.770845
	-74.70691	5.771865
	-74.70701	5.77347
	-74.70721	5.774924
	-74.70765	5.775537
	-74.70813	5.77577
	-74.7089	5.775809
	-74.70973	5.775757
	-74.71038	5.775666
	-74.71102	5.775446
	-74.71168	5.775097
	-74.71245	5.774638
	-74.71296	5.774087
	-74.71334	5.773414
	-74.71369	5.772417
	-74.71422	5.771316
	-74.71473	5.770423
	-74.71518	5.768947
	-74.7151	5.767794
	-74.71448	5.766268
	-74.71396	5.765169
	-74.71312	5.763995
	-74.71265	5.763185
	-74.71231	5.76246
	-74.7121	5.761295
	-74.71203	5.76
	-74.71211	5.758926
	-74.71255	5.757968
	-74.71334	5.757165
	-74.71425	5.756077
	-74.71496	5.755158
	-74.71555	5.753798
	-74.71596	5.752322
	-74.71615	5.751494
	-74.71676	5.750808
	-74.71771	5.75051
	-74.71898	5.750316
	-74.72034	5.750199
	-74.72132	5.750108
	-74.72272	5.749759
	-74.72402	5.749267
	-74.72568	5.748399
	-74.72702	5.74761
	-74.72791	5.746431
	-74.72843	5.745266
	-74.72863	5.744088
	-74.72839	5.742353
	-74.72801	5.740734
	-74.72769	5.739452
	-74.72734	5.738119
	-74.72699	5.737148
	-74.72644	5.735748
	-74.72595	5.734143
	-74.72563	5.732715
	-74.72511	5.730264
	-74.72481	5.728305
	-74.72472	5.727345
	-74.72478	5.726233
	-74.72491	5.72526
	-74.72526	5.723832
	-74.72622	5.722492
	-74.72719	5.721127
	-74.72943	5.71884
	-74.73095	5.717273
	-74.7316	5.71654
	-74.73182	5.71577
	-74.73161	5.7151
	-74.7309	5.713836
	-74.73075	5.712661
	-74.73098	5.71198
	-74.73218	5.710892
	-74.73311	5.70978
	-74.7336	5.709121
	-74.7342	5.708352
	-74.73529	5.707909
	-74.73638	5.70724
	-74.73716	5.706368
	-74.7379	5.704876
	-74.73824	5.703373
	-74.73834	5.702038
	-74.73865	5.700549
	-74.73972	5.699809
	-74.74068	5.699581
	-74.74152	5.699696
	-74.74233	5.700074
	-74.74312	5.700406
	-74.74414	5.700492
	-74.7451	5.700286
	-74.74583	5.699844
	-74.74655	5.699343
	-74.74787	5.698061
	-74.74936	5.69731
	-74.7509	5.697304
	-74.75197	5.69784
	-74.75285	5.698737
	-74.75378	5.699172
	-74.75453	5.699251
	-74.75527	5.698976
	-74.757	5.697859
	-74.75914	5.696757
	-74.76008	5.695959
	-74.76137	5.695716
	-74.76295	5.695842
	-74.76378	5.695998
	-74.76455	5.696544
	-74.76524	5.69686
	-74.76597	5.696582
	-74.76685	5.695803
	-74.76777	5.694434
	-74.76827	5.693241
	-74.76891	5.691859
	-74.77004	5.690792
	-74.77115	5.68999
	-74.77206	5.689715
	-74.77286	5.689097
	-74.77365	5.688627
	-74.77413	5.688754
	-74.77466	5.689474
	-74.7751	5.689912
	-74.77611	5.69079
	-74.77711	5.691619
	-74.77879	5.693172
	-74.78061	5.694874
	-74.78124	5.695335
	-74.78252	5.695625
	-74.78402	5.695711
	-74.78695	5.695936
	-74.78792	5.695994
	-74.78855	5.695898
	-74.78902	5.695711
	-74.79	5.695655
	-74.79064	5.695747
	-74.79113	5.696056
	-74.79403	5.698851
	-74.79651	5.701312
	-74.79707	5.702002
	-74.79758	5.702216
	-74.79849	5.702099
	-74.79906	5.701872
	-74.79983	5.701072
	-74.80109	5.699904
	-74.80215	5.699669
	-74.80292	5.699254
	-74.80479	5.698141
	-74.80535	5.698047
	-74.80581	5.698436
	-74.8061	5.699101
	-74.80637	5.699705
	-74.80651	5.700981
	-74.80684	5.70154
	-74.80824	5.70283
	-74.8094	5.704557
	-74.80964	5.705341
	-74.8098	5.706927
	-74.81011	5.708005
	-74.81056	5.708875
	-74.81124	5.709266
	-74.81256	5.709262
	-74.81361	5.70922
	-74.81451	5.708798
	-74.8156	5.708718
	-74.8167	5.70828
	-74.81809	5.707998
	-74.81999	5.708079
	-74.8208	5.7082
	-74.82287	5.709459
	-74.82413	5.710326
	-74.82536	5.71137
	-74.8256	5.711711
	-74.82606	5.711853
	-74.82681	5.711791
	-74.82712	5.711985
	-74.82745	5.712884
	-74.83048	5.715917
	-74.83129	5.716846
	-74.83339	5.718953
	-74.83367	5.719454
	-74.83362	5.720183
	-74.83332	5.720517
	-74.8329	5.721079
	-74.83266	5.721701
	-74.83263	5.722283
	-74.8328	5.723005
	-74.83302	5.723948
	-74.83304	5.72436
	-74.83284	5.72473
	-74.83252	5.725051
	-74.83237	5.725496
	-74.83244	5.725923
	-74.83263	5.726255
	-74.83292	5.726467
	-74.83304	5.726943
	-74.833	5.727383
	-74.83322	5.727721
	-74.83367	5.727846
	-74.83456	5.727821
	-74.83555	5.728153
	-74.83604	5.728548
	-74.83647	5.7292
	-74.83654	5.729997
	-74.83642	5.730521
	-74.83604	5.731372
	-74.83602	5.732268
	-74.83617	5.732973
	-74.83712	5.734345
	-74.83769	5.735269
	-74.83819	5.735471
	-74.83895	5.73557
	-74.83972	5.736259
	-74.84026	5.736986
	-74.84055	5.737701
	-74.84057	5.738368
	-74.84098	5.738637
	-74.84151	5.738716
	-74.84248	5.73856
	-74.84357	5.738427
	-74.84436	5.738262
	-74.8451	5.738289
	-74.84591	5.73845
	-74.84648	5.738813
	-74.84682	5.739393
	-74.8472	5.739995
	-74.84766	5.74061
	-74.84876	5.741106
	-74.85012	5.741428
	-74.85067	5.741656
	-74.8511	5.741848
	-74.85181	5.742243
	-74.85258	5.742758
	-74.8535	5.743402
	-74.85412	5.743904
	-74.85466	5.744245
	-74.8552	5.744581
	-74.85558	5.744746
	-74.85588	5.744827
	-74.85622	5.745035
	-74.85656	5.745105
	-74.85702	5.745245
	-74.85766	5.745451
	-74.85828	5.74543
	-74.85859	5.745554
	-74.85921	5.745702
	-74.85979	5.746028
	-74.86004	5.746421
	-74.86073	5.746645
	-74.86097	5.746704
	-74.86134	5.746901
	-74.8615	5.74702
	-74.86166	5.74702
	-74.86293	5.747309
	-74.86437	5.74761
	-74.86486	5.747777
	-74.86559	5.747851
	-74.86702	5.747991
	-74.86752	5.74804
	-74.86807	5.747982
	-74.86834	5.747914
	-74.8686	5.747728
	-74.86886	5.747637
	-74.86927	5.747613
	-74.86964	5.747621
	-74.86998	5.747744
	-74.87023	5.747664
	-74.87035	5.747681
	-74.87052	5.747701
	-74.87066	5.747617
	-74.87077	5.747601
	-74.87095	5.74768
	-74.87117	5.747732
	-74.87131	5.747869
	-74.87149	5.748074
	-74.87163	5.748148
	-74.87184	5.748211
	-74.87237	5.748274
	-74.87272	5.748421
	-74.87296	5.748421
	-74.87313	5.748442
	-74.87322	5.748474
	-74.87332	5.748458
	-74.87342	5.748374
	-74.87356	5.748353
	-74.87376	5.74824
	-74.87421	5.747974
	-74.87454	5.747843
	-74.87494	5.747738
	-74.87561	5.747672
	-74.87706	5.747568
	-74.87787	5.747633
	-74.8785	5.747665
	-74.87879	5.747579
	-74.87913	5.747466
	-74.87962	5.747275
	-74.87988	5.747137
	-74.88018	5.746901
	-74.88046	5.746699
	-74.88059	5.746376
	-74.88071	5.746005
	-74.88097	5.745533
	-74.88144	5.744901
	-74.88182	5.744357
	-74.88208	5.744086
	-74.8823	5.743892
	-74.88242	5.743698
	-74.88255	5.743473
	-74.88273	5.743209
	-74.88291	5.742974
	-74.8832	5.742678
	-74.88342	5.742471
	-74.88367	5.742308
	-74.88382	5.742166
	-74.88398	5.741948
	-74.88428	5.74176
	-74.8846	5.741648
	-74.8849	5.741413
	-74.88521	5.741234
	-74.88536	5.741007
	-74.88554	5.740627
	-74.88575	5.740208
	-74.88597	5.739972
	-74.88627	5.739724
	-74.88656	5.739627
	-74.88674	5.739531
	-74.88705	5.739386
	-74.88719	5.739358
	-74.88743	5.739365
	-74.88774	5.739448
	-74.88799	5.739496
	-74.8883	5.739658
	-74.88863	5.739751
	-74.88888	5.739717
	-74.88914	5.739669
	-74.88963	5.739676
	-74.89034	5.739717
	-74.89063	5.739655
	-74.89116	5.73951
	-74.89159	5.739372
	-74.89221	5.739159
	-74.89264	5.738938
	-74.8929	5.738889
	-74.89337	5.738938
	-74.89358	5.738903
	-74.89382	5.738965
	-74.89406	5.739076
	-74.89437	5.73915
	-74.89468	5.739145
	-74.89512	5.739096
	-74.89562	5.738945
	-74.89604	5.738765
	-74.89711	5.738479
	-74.89802	5.738127
	-74.89899	5.737679
	-74.89941	5.737334
	-74.89969	5.737032
	-74.89994	5.736722
	-74.90028	5.736549
	-74.90083	5.73642
	-74.90144	5.736351
	-74.90199	5.736307
	-74.90266	5.736325
	-74.90305	5.736325
	-74.90341	5.736274
	-74.90378	5.736153
	-74.90416	5.736024
	-74.90476	5.735929
	-74.90555	5.735963
	-74.90638	5.735905
	-74.90707	5.736058
	-74.90776	5.736007
	-74.90855	5.735905
	-74.90921	5.735903
	-74.90986	5.735765
	-74.91032	5.735627
	-74.91073	5.735506
	-74.91116	5.735283
	-74.91144	5.735179
	-74.91203	5.735067
	-74.91251	5.73511
	-74.91291	5.735291
	-74.91337	5.735756
	-74.91367	5.735912
	-74.91407	5.735955
	-74.9145	5.735903
	-74.9149	5.735765
	-74.91529	5.735593
	-74.9159	5.735249
	-74.91668	5.734791
	-74.9172	5.734397
	-74.91741	5.734267
	-74.91771	5.734189
	-74.91865	5.734077
	-74.91925	5.734057
	-74.91974	5.734095
	-74.91997	5.734069
	-74.92037	5.733931
	-74.92072	5.733896
	-74.92098	5.733948
	-74.92129	5.734069
	-74.92174	5.734121
	-74.92212	5.734138
	-74.92264	5.734077
	-74.92295	5.734077
	-74.92328	5.734116
	-74.92366	5.734198
	-74.92403	5.734243
	-74.92436	5.734233
	-74.92466	5.734154
	-74.92506	5.734105
	-74.92539	5.734115
	-74.92557	5.734082
	-74.92579	5.733949
	-74.92602	5.733821
	-74.92621	5.733756
	-74.92651	5.733701
	-74.92671	5.733712
	-74.92711	5.733894
	-74.92744	5.73401
	-74.92779	5.734072
	-74.92812	5.734098
	-74.92848	5.734071
	-74.92883	5.734054
	-74.9293	5.734087
	-74.92957	5.734093
	-74.92985	5.734042
	-74.93017	5.733889
	-74.93035	5.733839
	-74.93075	5.733817
	-74.93111	5.733778
	-74.93141	5.733685
	-74.93164	5.733569
	-74.93188	5.733431
	-74.93208	5.733242
	-74.9323	5.732984
	-74.93249	5.732835
	-74.93284	5.732647
	-74.93316	5.732471
	-74.93334	5.732311
	-74.93347	5.732134
	-74.93364	5.732024
	-74.93382	5.731952
	-74.93402	5.731798
	-74.93437	5.731428
	-74.93479	5.730888
	-74.93495	5.730672
	-74.93505	5.730452
	-74.93526	5.730159
	-74.93551	5.72995
	-74.93579	5.729754
	-74.9362	5.72958
	-74.93652	5.729337
	-74.93686	5.729039
	-74.93713	5.728852
	-74.93734	5.728727
	-74.9377	5.728537
	-74.93792	5.728389
	-74.93811	5.728184
	-74.93826	5.727875
	-74.93839	5.727566
	-74.93843	5.727147
	-74.93849	5.726811
	-74.93864	5.726349
	-74.9389	5.72596
	-74.93929	5.725707
	-74.93987	5.72568
	-74.94053	5.725781
	-74.94071	5.72584
	-74.94098	5.725867
	-74.9413	5.725843
	-74.94173	5.725795
	-74.9421	5.725802
	-74.94246	5.72584
	-74.94272	5.725984
	-74.943	5.726061
	-74.94323	5.726111
	-74.94337	5.726107
	-74.94349	5.726123
	-74.94367	5.726248
	-74.94385	5.726337
	-74.94405	5.726364
	-74.94438	5.72632
	-74.94466	5.726177
	-74.94501	5.726062
	-74.94546	5.725968
	-74.94578	5.725846
	-74.94616	5.725664
	-74.94646	5.725466
	-74.94689	5.725096
	-74.94735	5.72471
	-74.9477	5.724395
	-74.94822	5.723977
	-74.94876	5.723535
	-74.94924	5.723149
	-74.94939	5.722983
	-74.94957	5.722741
	-74.94969	5.722531
	-74.9498	5.722316
	-74.94992	5.7222
	-74.95012	5.722128
	-74.95037	5.722139
	-74.95058	5.722161
	-74.95086	5.72215
	-74.95101	5.722117
	-74.95113	5.722045
	-74.95126	5.72194
	-74.95137	5.721759
	-74.95149	5.721461
	-74.95157	5.721135
	-74.9516	5.720821
	-74.95158	5.720539
	-74.9516	5.720301
	-74.95172	5.720186
	-74.95193	5.720109
	-74.95237	5.720046
	-74.95307	5.719975
	-74.95378	5.719799
	-74.95407	5.71979
	-74.95454	5.719847
	-74.95481	5.719874
	-74.95519	5.719861
	-74.95588	5.719799
	-74.95685	5.719711
	-74.95775	5.719618
	-74.95904	5.719565
	-74.96007	5.719472
	-74.96061	5.719468
	-74.9608	5.719424
	-74.96094	5.719305
	-74.96106	5.71919
	-74.96122	5.719116
	-74.96168	5.719066
	-74.96219	5.718921
	-74.96256	5.718828
	-74.9629	5.718797
	-74.96321	5.718824
	-74.96349	5.718748
	-74.96379	5.718607
	-74.96413	5.718329
	-74.96451	5.718179
	-74.96485	5.718091
	-74.96518	5.718009
	-74.96553	5.717849
	-74.96578	5.717689
	-74.96604	5.717446
	-74.9663	5.717303
	-74.9666	5.717193
	-74.96695	5.717115
	-74.96722	5.717132
	-74.96741	5.717115
	-74.96759	5.717055
	-74.96784	5.71685
	-74.96815	5.716591
	-74.96847	5.716348
	-74.96885	5.7161
	-74.96907	5.715858
	-74.96933	5.715686
	-74.96962	5.715548
	-74.97025	5.715328
	-74.97073	5.715287
	-74.97128	5.715278
	-74.97175	5.715333
	-74.9721	5.715482
	-74.97234	5.715576
	-74.97252	5.715604
	-74.97282	5.715571
	-74.97331	5.715604
	-74.97484	5.71578
	-74.97557	5.71594
	-74.97625	5.716191
	-74.97679	5.716481
	-74.97716	5.716768
	-74.97748	5.717
	-74.97774	5.717086
	-74.97808	5.71717
	-74.97844	5.717253
	-74.97881	5.717391
	-74.97918	5.717518
	-74.97942	5.717562
	-74.97965	5.717562
	-74.97982	5.717568
	-74.98008	5.717628
	-74.98029	5.717711
	-74.98043	5.717741
	-74.9807	5.717755
	-74.98091	5.71781
	-74.98108	5.717871
	-74.98131	5.717904
	-74.98159	5.71791
	-74.98192	5.717959
	-74.98218	5.71802
	-74.98241	5.718009
	-74.98261	5.717921
	-74.98276	5.717799
	-74.98301	5.717678
	-74.98334	5.717634
	-74.98366	5.717651
	-74.98385	5.717594
	-74.9841	5.717433
	-74.98439	5.717347
	-74.98474	5.717269
	-74.98498	5.717192
	-74.98515	5.717077
	-74.98535	5.716895
	-74.98551	5.716741
	-74.98574	5.716575
	-74.98596	5.716487
	-74.9863	5.716421
	-74.98671	5.716371
	-74.98692	5.716338
	-74.98714	5.716233
	-74.98737	5.716184
	-74.98761	5.716184
	-74.98792	5.716233
	-74.98809	5.716195
	-74.98831	5.716112
	-74.98849	5.715945
	-74.9886	5.715814
	-74.9887	5.715764
	-74.98893	5.715753
	-74.98918	5.715781
	-74.98952	5.715935
	-74.98978	5.716035
	-74.99007	5.716046
	-74.99034	5.715952
	-74.99061	5.715891
	-74.99097	5.715843
	-74.99146	5.715858
	-74.99172	5.715836
	-74.99214	5.715753
	-74.99253	5.715665
	-74.99303	5.715516
	-74.99323	5.715422
	-74.9934	5.715235
	-74.99351	5.715042
	-74.99361	5.714777
	-74.99365	5.714512
	-74.99367	5.714004
	-74.99367	5.713651
	-74.9936	5.713254
	-74.99344	5.712816
	-74.99327	5.712382
	-74.99303	5.71188
	-74.99291	5.711682
	-74.99267	5.711312
	-74.99247	5.711003
	-74.99234	5.710694
	-74.99217	5.710556
	-74.99204	5.710371
	-74.99187	5.710176
	-74.99176	5.709982
	-74.99163	5.709624
	-74.99158	5.709331
	-74.9915	5.709116
	-74.9914	5.708918
	-74.99132	5.708648
	-74.99123	5.708256
	-74.99115	5.707936
	-74.99112	5.707594
	-74.99118	5.706953
	-74.99127	5.706374
	-74.99147	5.70595
	-74.992	5.705484
	-74.99258	5.705143
	-74.99309	5.705022
	-74.99367	5.704943
	-74.99406	5.704917
	-74.99443	5.704818
	-74.99503	5.70471
	-74.9957	5.704555
	-74.99625	5.704331
	-74.99687	5.704055
	-74.99741	5.703726
	-74.99812	5.70329
	-74.99877	5.702967
	-74.99932	5.702687
	-74.99975	5.702474
	-74.99998	5.702299
	-75.0001	5.702084
	-75.00038	5.700963
	-75.00059	5.700101
	-75.00116	5.698592
	-75.00129	5.698251
	-75.0013	5.69798
	-75.00124	5.69717
	-75.00117	5.695911
	-75.00111	5.69513
	-75.00111	5.694644
	-75.00123	5.69423
	-75.00154	5.693526
	-75.00188	5.692851
	-75.00213	5.692575
	-75.00226	5.692334
	-75.00239	5.69192
	-75.00257	5.691679
	-75.00265	5.691325
	-75.00285	5.690903
	-75.00308	5.690558
	-75.00327	5.690205
	-75.00344	5.689805
	-75.00368	5.689239
	-75.00382	5.688773
	-75.004	5.688472
	-75.00426	5.68823
	-75.00444	5.687972
	-75.00466	5.687689
	-75.00488	5.687006
	-75.00555	5.686442
	-75.00572	5.686407
	-75.00591	5.686418
	-75.006	5.686424
	-75.00623	5.686373
	-75.00645	5.686215
	-75.00677	5.686102
	-75.0071	5.685938
	-75.00733	5.685729
	-75.00746	5.685418
	-75.00756	5.685
	-75.00763	5.684536
	-75.00772	5.684068
	-75.00787	5.683666
	-75.00799	5.683221
	-75.00808	5.682886
	-75.00834	5.682547
	-75.00867	5.682287
	-75.00897	5.682214
	-75.00933	5.682072
	-75.00964	5.681897
	-75.00989	5.681705
	-75.01018	5.681575
	-75.01038	5.681456
	-75.01077	5.68114
	-75.01183	5.68014
	-75.01376	5.678743
	-75.01648	5.678044
	-75.01946	5.677433
	-75.02262	5.677608
	-75.02596	5.676472
	-75.02841	5.674813
	-75.02964	5.671495
	-75.0321	5.669486
	-75.035	5.668875
	-75.03859	5.667216
	-75.04105	5.666692
	-75.04333	5.664683
	-75.04474	5.662849
	-75.04755	5.660841
	-75.05027	5.661888
	-75.05132	5.664596
	-75.0529	5.665294
	-75.05597	5.665469
	-75.06009	5.66643
	-75.06159	5.66477
	-75.06378	5.665731
	-75.06562	5.665906
	-75.06791	5.664334
	-75.06848	5.663326
	-75.06896	5.662413
	-75.07124	5.660753
	-75.07343	5.657959
	-75.07703	5.656649
	-75.07835	5.658745
	-75.08045	5.659094
	-75.08212	5.660404
	-75.08502	5.660491
	-75.08721	5.661103
	-75.08949	5.658832
	-75.09046	5.656649
	-75.09169	5.655252
	-75.09353	5.655775
	-75.09379	5.652981
	-75.09423	5.651234
	-75.09599	5.649924
	-75.09625	5.647654
	-75.09669	5.645383
	-75.09871	5.643025
	-75.09906	5.641453
	-75.09722	5.639968
	-75.09774	5.63761
	-75.09564	5.636038
	-75.09616	5.633156
	-75.09362	5.631584
	-75.09204	5.629139
	-75.09116	5.62582
	-75.09221	5.624248
	-75.0923	5.621716
	-75.09142	5.619183
	-75.09046	5.617261
	-75.08888	5.615689
	-75.08993	5.614205
	-75.09063	5.611672
	-75.09169	5.610012
	-75.09353	5.610187
	-75.09502	5.60975
	-75.09678	5.60844
	-75.0959	5.607218
	-75.09502	5.606082
	-75.09634	5.603637
	-75.09537	5.602065
	-75.09414	5.603637
	-75.0916	5.603811
	-75.08941	5.602414
	-75.08888	5.600842
	-75.088	5.598833
	-75.08774	5.597261
	-75.08774	5.594641
	-75.09002	5.594204
	-75.09107	5.592021
	-75.09195	5.589925
	-75.0916	5.58809
	-75.09125	5.586256
	-75.09248	5.583898
	-75.09485	5.582238
	-75.09537	5.580666
	-75.09669	5.581278
	-75.09792	5.580055
	-75.09976	5.579269
	-75.10117	5.57857
	-75.10152	5.576649
	-75.10248	5.575164
	-75.10432	5.57429
	-75.10582	5.57429
	-75.10608	5.572194
	-75.10757	5.571845
	-75.1088	5.57333
	-75.11012	5.57167
	-75.11231	5.57167
	-75.11292	5.570011
	-75.1131	5.567041
	-75.11512	5.565556
	-75.11898	5.565381
	-75.1203	5.564159
	-75.11995	5.561975
	-75.12074	5.559617
	-75.12275	5.558219
	-75.12618	5.557258
	-75.12653	5.556123
	-75.12819	5.555249
	-75.13082	5.550301
	-75.13232	5.546148
	-75.13287	5.544472
	-75.13309	5.543062
	-75.13188	5.539964
	-75.13179	5.536906
	-75.1339	5.534548
	-75.13565	5.530006
	-75.1375	5.527036
	-75.1386	5.52725
	-75.1411	5.527735
	-75.14173	5.528283
	-75.14311	5.529482
	-75.14645	5.529307
	-75.15013	5.530181
	-75.15268	5.529133
	-75.1554	5.529395
	-75.15768	5.528346
	-75.16014	5.527473
	-75.16295	5.52791
	-75.16593	5.527386
	-75.1683	5.525901
	-75.17234	5.525027
	-75.17488	5.525202
	-75.17795	5.523455
	-75.17876	5.522481
	-75.18021	5.523058
	-75.18148	5.523289
	-75.18281	5.521732
	-75.18391	5.521443
	-75.18577	5.520578
	-75.18699	5.519425
	-75.18855	5.519079
	-75.18994	5.518502
	-75.19249	5.51879
	-75.1944	5.518906
	-75.19684	5.518444
	-75.1991	5.517868
	-75.20037	5.516541
	-75.2017	5.515561
	-75.20217	5.514003
	-75.20304	5.512734
	-75.20344	5.511293
	-75.20477	5.509735
	-75.20541	5.507832
	-75.20645	5.506967
	-75.2075	5.506506
	-75.20883	5.505179
	-75.21045	5.505467
	-75.21103	5.506852
	-75.21242	5.506909
	-75.21381	5.505698
	-75.2152	5.505294
	-75.21526	5.504372
	-75.21636	5.504775
	-75.2177	5.504372
	-75.21943	5.503334
	-75.22111	5.5012
	-75.22181	5.499123
	-75.22303	5.498143
	-75.22465	5.497508
	-75.22575	5.496297
	-75.22743	5.493413
	-75.22731	5.491625
	-75.22876	5.49001
	-75.2301	5.48828
	-75.23207	5.48655
	-75.23259	5.484473
	-75.23293	5.482282
	-75.23346	5.479975
	-75.23508	5.478879
	-75.23658	5.477783
	-75.23693	5.475591
	-75.23838	5.473861
	-75.23925	5.472015
	-75.23975	5.469722
	-75.24185	5.46807
	-75.2428	5.466669
	-75.24345	5.465254
	-75.2443	5.463761
	-75.24603	5.462652
	-75.24753	5.462154
	-75.24949	5.461236
	-75.25029	5.459361
	-75.25075	5.457486
	-75.25141	5.455688
	-75.25229	5.454846
	-75.25318	5.453507
	-75.25402	5.452321
	-75.25425	5.451173
	-75.25402	5.449413
	-75.25456	5.448265
	-75.25537	5.447271
	-75.25656	5.446046
	-75.25687	5.44463
	-75.25783	5.443406
	-75.25883	5.443176
	-75.25871	5.441837
	-75.25959	5.440995
	-75.2604	5.441187
	-75.26109	5.441455
	-75.26121	5.440651
	-75.26063	5.440115
	-75.26113	5.439503
	-75.26163	5.438394
	-75.26171	5.436863
	-75.2624	5.436021
	-75.26313	5.43495
	-75.26382	5.433649
	-75.26471	5.432884
	-75.26555	5.432807
	-75.26605	5.432195
	-75.26632	5.431085
	-75.26717	5.429478
	-75.26794	5.428407
	-75.26886	5.427488
	-75.26932	5.426876
	-75.26978	5.425537
	-75.27066	5.424657
	-75.27151	5.423739
	-75.27209	5.422553
	-75.27351	5.42194
	-75.27397	5.420639
	-75.27474	5.420104
	-75.27558	5.418956
	-75.27628	5.418635
	-75.27666	5.419222
	-75.27707	5.420039
	-75.27696	5.420977
	-75.27691	5.421914
	-75.27692	5.422851
	-75.27716	5.423787
	-75.27763	5.424662
	-75.27881	5.426059
	-75.2794	5.426817
	-75.27964	5.427694
	-75.2797	5.42863
	-75.2796	5.430505
	-75.27931	5.431385
	-75.27909	5.432265
	-75.2788	5.433439
	-75.27852	5.434319
	-75.27852	5.435256
	-75.2783	5.436136
	-75.27824	5.437074
	-75.27819	5.43807
	-75.2782	5.439007
	-75.27842	5.440243
	-75.27909	5.44104
	-75.28017	5.441701
	-75.28043	5.441699
	-75.2823	5.441953
	-75.28324	5.442348
	-75.28391	5.443011
	-75.28431	5.443943
	-75.28432	5.444879
	-75.28393	5.445817
	-75.28394	5.447688
	-75.28408	5.448622
	-75.28462	5.44942
	-75.28476	5.450354
	-75.2848	5.456233
	-75.28521	5.457166
	-75.28548	5.458099
	-75.28549	5.459035
	-75.28536	5.459971
	-75.2851	5.460908
	-75.28392	5.463722
	-75.28273	5.4648
	-75.2822	5.465605
	-75.28194	5.466542
	-75.28195	5.467478
	-75.28182	5.468414
	-75.28183	5.469483
	-75.28157	5.470687
	-75.28158	5.472558
	-75.28145	5.473494
	-75.28148	5.476579
	-75.28226	5.475515
	-75.2824	5.475514
	-75.28358	5.474976
	-75.2845	5.474705
	-75.28529	5.47417
	-75.28648	5.473765
	-75.2874	5.473494
	-75.28832	5.473091
	-75.28938	5.472951
	-75.29122	5.472938
	-75.29215	5.473196
	-75.29295	5.473852
	-75.29374	5.474375
	-75.29467	5.474501
	-75.29559	5.474495
	-75.29651	5.474091
	-75.29744	5.473953
	-75.29928	5.473146
	-75.3002	5.473007
	-75.30205	5.472465
	-75.3023	5.471537
	-75.30283	5.470739
	-75.30308	5.469811
	-75.30374	5.469013
	-75.30466	5.468477
	-75.30558	5.468074
	-75.30835	5.468055
	-75.30928	5.46818
	-75.31403	5.468147
	-75.31496	5.468537
	-75.31562	5.469194
	-75.31651	5.469689
	-75.31675	5.469893
	-75.31644	5.470881
	-75.31681	5.472047
	-75.31607	5.472906
	-75.3152	5.474318
	-75.31422	5.475546
	-75.31454	5.476451
	-75.31531	5.477296
	-75.31439	5.478677
	-75.31508	5.480442
	-75.31493	5.481823
	-75.31354	5.481362
	-75.31354	5.48305
	-75.31462	5.485506
	-75.31523	5.484201
	-75.31654	5.484201
	-75.31708	5.485506
	-75.3167	5.48704
	-75.31516	5.487347
	-75.31562	5.492028
	-75.31577	5.495481
	-75.31485	5.497399
	-75.31439	5.499624
	-75.31423	5.501159
	-75.31408	5.503
	-75.31308	5.504612
	-75.31254	5.506223
	-75.31107	5.506376
	-75.31053	5.508141
	-75.31153	5.509599
	-75.31362	5.511057
	-75.31423	5.513359
	-75.31431	5.514893
	-75.31539	5.516735
	-75.31801	5.517809
	-75.32194	5.518576
	-75.32364	5.51965
	-75.32364	5.521645
	-75.32487	5.523103
	-75.32726	5.523487
	-75.32849	5.524484
	-75.32826	5.526249
	-75.3278	5.528627
	-75.32888	5.530469
	-75.33042	5.53208
	-75.33003	5.533077
	-75.32942	5.534995
	-75.32965	5.536377
	-75.32911	5.537758
	-75.32996	5.538448
	-75.3288	5.539139
	-75.32741	5.539906
	-75.32695	5.541517
	-75.32764	5.542591
	-75.32942	5.543052
	-75.33119	5.543742
	-75.3325	5.544663
	-75.33235	5.546427
	-75.33266	5.547885
	-75.33373	5.549496
	-75.33327	5.551414
	-75.33188	5.552796
	-75.32996	5.553179
	-75.32926	5.554176
	-75.32811	5.554867
	-75.32734	5.556401
	-75.32788	5.558089
	-75.32842	5.560238
	-75.32965	5.562769
	-75.33165	5.563997
	-75.33358	5.565761
	-75.33558	5.567526
	-75.33805	5.568063
	-75.33851	5.570518
	-75.33913	5.571899
	-75.33844	5.574047
	-75.33952	5.575275
	-75.33898	5.578804
	-75.34029	5.581029
	-75.34113	5.583944
	-75.34221	5.585248
	-75.3436	5.585862
	-75.34561	5.586859
	-75.34522	5.588317
	-75.34584	5.590465
	-75.34376	5.590618
	-75.34329	5.591769
	-75.34283	5.593917
	-75.34221	5.595375
	-75.34052	5.594991
	-75.34021	5.596296
	-75.34006	5.59783
	-75.33967	5.598981
	-75.33998	5.599978
	-75.34006	5.601819
	-75.34083	5.60343
	-75.34183	5.604121
	-75.34214	5.605578
	-75.34337	5.604197
	-75.3446	5.603123
	-75.34561	5.60343
	-75.34738	5.602893
	-75.34977	5.602049
	-75.35208	5.601512
	-75.35424	5.60297
	-75.35624	5.603047
	-75.35755	5.602279
	-75.35917	5.602126
	-75.3601	5.602893
	-75.36064	5.602049
	-75.36133	5.60251
	-75.36187	5.600975
	-75.36372	5.601512
	-75.36622	5.602407
	-75.36688	5.60297
	-75.36765	5.604351
	-75.36873	5.604658
	-75.36904	5.606652
	-75.36958	5.607957
	-75.37035	5.609031
	-75.37151	5.608724
	-75.37328	5.609184
	-75.37513	5.610641
	-75.3769	5.612176
	-75.37821	5.614017
	-75.37806	5.616318
	-75.3786	5.617699
	-75.38014	5.618697
	-75.38145	5.619694
	-75.38307	5.621765
	-75.38284	5.62422
	-75.38322	5.625447
	-75.38353	5.626982
	-75.38214	5.627902
	-75.38091	5.628746
	-75.37906	5.628746
	-75.37852	5.629897
	-75.37783	5.631431
	-75.37605	5.632505
	-75.37413	5.632428
	-75.37289	5.633579
	-75.37212	5.635267
	-75.37112	5.637184
	-75.36989	5.639102
	-75.36827	5.639716
	-75.36858	5.641404
	-75.36935	5.643168
	-75.36842	5.645316
	-75.36912	5.647233
	-75.36966	5.648461
	-75.36881	5.649995
	-75.36842	5.652526
	-75.36765	5.654981
	-75.36827	5.656439
	-75.36835	5.658126
	-75.36888	5.660044
	-75.37081	5.662345
	-75.37235	5.664263
	-75.37405	5.666027
	-75.37446	5.667032
	-75.37474	5.667715
	-75.37497	5.669709
	-75.37528	5.672087
	-75.37636	5.673775
	-75.3776	5.674542
	-75.38076	5.675769
	-75.38253	5.675846
	-75.38392	5.676536
	-75.38569	5.676076
	-75.38762	5.675999
	-75.38877	5.676843
	-75.39186	5.676843
	-75.39386	5.677073
	-75.39571	5.678224
	-75.39748	5.678914
	-75.39864	5.679528
	-75.3998	5.680908
	-75.40095	5.681752
	-75.40257	5.681445
	-75.40388	5.681445
	-75.40542	5.680755
	-75.40681	5.681599
	-75.40727	5.682903
	-75.4082	5.684283
	-75.40943	5.684897
	-75.41043	5.685971
	-75.40989	5.687505
	-75.41012	5.688656
	-75.4109	5.690573
	-75.4119	5.691877
	-75.41251	5.693718
	-75.41406	5.694715
	-75.41568	5.696019
	-75.41783	5.695943
	-75.41977	5.695954
	-75.42131	5.695954
	-75.42351	5.695526
	-75.42579	5.696127
	-75.42731	5.696251
	-75.42869	5.695783
	-75.43127	5.693563
	-75.43333	5.691684
	-75.43573	5.691513
	-75.43796	5.691513
	-75.43968	5.688267
	-75.44123	5.685876
	-75.44329	5.685705
	-75.44517	5.684509
	-75.44775	5.683655
	-75.4517	5.682972
	-75.45571	5.681077
	-75.45676	5.678938
	-75.45744	5.676973
	-75.45849	5.676152
	-75.45946	5.67568
	-75.46021	5.675083
	-75.46039	5.67354
	-75.46041	5.673018
	-75.46114	5.67204
	-75.46334	5.670754
	-75.46546	5.66951
	-75.46729	5.668242
	-75.46786	5.666998
	-75.47021	5.666699
	-75.47123	5.666948
	-75.47331	5.667595
	-75.47388	5.666898
	-75.47513	5.666202
	-75.47598	5.665953
	-75.47651	5.665157
	-75.47656	5.664212
	-75.47683	5.663466
	-75.47796	5.663499
	-75.47882	5.664523
	-75.48019	5.666232
	-75.48277	5.668111
	-75.48517	5.669648
	-75.48652	5.670779
	-75.48692	5.672097
	-75.4871	5.674237
	-75.48757	5.675968
	-75.48842	5.676973
	-75.48998	5.677847
	-75.49152	5.677993
	-75.49295	5.679311
	-75.494	5.680257
	-75.49562	5.680655
	-75.4968	5.680406
	-75.49822	5.680922
	-75.50113	5.683655
	-75.5036	5.684286
	-75.50537	5.683391
	-75.5056	5.680953
	-75.5054	5.679834
	-75.505	5.679262
	-75.5052	5.678689
	-75.50577	5.678913
	-75.50602	5.67956
	-75.5069	5.679759
	-75.50815	5.680553
	-75.5092	5.681605
	-75.5105	5.682993
	-75.51195	5.683484
	-75.51315	5.685363
	-75.51392	5.6866
	-75.51632	5.688714
	-75.51772	5.689634
	-75.51822	5.691102
	-75.51855	5.694112
	-75.51927	5.695231
	-75.52105	5.695803
	-75.52247	5.695356
	-75.52287	5.693938
	-75.52292	5.69257
	-75.52355	5.692122
	-75.5244	5.692669
	-75.52522	5.694012
	-75.52702	5.694236
	-75.5281	5.694261
	-75.52952	5.693291
	-75.53082	5.693042
	-75.53167	5.692669
	-75.5316	5.691799
	-75.5304	5.688988
	-75.53255	5.689292
	-75.53457	5.690381
	-75.53556	5.691468
	-75.53575	5.691673
	-75.53651	5.692684
	-75.5372	5.693722
	-75.53736	5.694398
	-75.53706	5.695306
	-75.53694	5.695769
	-75.53667	5.696175
	-75.53664	5.696413
	-75.53684	5.696709
	-75.53743	5.697276
	-75.53776	5.697997
	-75.53824	5.699678
	-75.53898	5.700753
	-75.54105	5.702176
	-75.54175	5.70235
	-75.54216	5.702813
	-75.54219	5.703373
	-75.54224	5.704114
	-75.54221	5.705311
	-75.54264	5.706451
	-75.54343	5.707816
	-75.54346	5.708646
	-75.54308	5.710024
	-75.5429	5.711029
	-75.54208	5.712284
	-75.54191	5.71249
	-75.54177	5.712542
	-75.54081	5.712284
	-75.54058	5.712406
	-75.54041	5.712567
	-75.54048	5.713495
	-75.54077	5.714608
	-75.54136	5.715999
	-75.54191	5.717918
	-75.5426	5.719521
	-75.54295	5.720229
	-75.54322	5.720538
	-75.54358	5.720641
	-75.54504	5.720512
	-75.54569	5.720583
	-75.54678	5.720931
	-75.54739	5.721034
	-75.54853	5.720853
	-75.54887	5.720982
	-75.5515	5.722959
	-75.55216	5.723351
	-75.55294	5.723918
	-75.55338	5.724556
	-75.55411	5.724762
	-75.55529	5.724621
	-75.55639	5.724827
	-75.55811	5.724707
	-75.55922	5.724368
	-75.56057	5.724355
	-75.56234	5.724514
	-75.56335	5.724654
	-75.56365	5.724581
	-75.56373	5.724295
	-75.5636	5.72383
	-75.56383	5.723339
	-75.56446	5.722987
	-75.56485	5.723066
	-75.56635	5.724104
	-75.56784	5.724755
	-75.56844	5.724787
	-75.5703	5.724234
	-75.57078	5.724316
	-75.57142	5.725015
	-75.57198	5.725427
	-75.57303	5.725769
	-75.57476	5.726229
	-75.5768	5.726667
	-75.57832	5.727483
	-75.57915	5.728675
	-75.57983	5.729972
	-75.58003	5.730383
	-75.58014	5.73051
	-75.58034	5.730581
	-75.58069	5.730623
	-75.58133	5.73062
	-75.58299	5.730724
	-75.58382	5.731122
	-75.58422	5.731944
	-75.58455	5.733048
	-75.58491	5.733708
	-75.58548	5.734222
	-75.58616	5.734597
	-75.58689	5.735125
	-75.58764	5.735432
	-75.58878	5.735745
	-75.58998	5.735933
	-75.59119	5.736063
	-75.59217	5.735885
	-75.59285	5.735922
	-75.59325	5.736018
	-75.59363	5.736156
	-75.59392	5.736211
	-75.59431	5.736135
	-75.59476	5.735995
	-75.59562	5.735947
	-75.59651	5.736173
	-75.5974	5.737075
	-75.59787	5.738015
	-75.5982	5.738388
	-75.59904	5.738635
	-75.59988	5.738724
	-75.59943	5.736643
	-75.59925	5.734001
	-75.59949	5.730183
	-75.59992	5.727332
	-75.59942	5.72559
	-75.59909	5.724611
	-75.59892	5.723135
	-75.59945	5.721331
	-75.59972	5.719546
	-75.59975	5.718251
	-75.59941	5.716763
	-75.59904	5.716117
	-75.59786	5.71538
	-75.59651	5.714283
	-75.59571	5.713226
	-75.5955	5.71215
	-75.59586	5.710684
	-75.59699	5.708352
	-75.59808	5.70574
	-75.5986	5.700077
	-75.59924	5.698014
	-75.59957	5.69613
	-75.59968	5.694505
	-75.59961	5.692571
	-75.59918	5.690587
	-75.59905	5.688316
	-75.59907	5.687429
	-75.59893	5.686691
	-75.59847	5.686063
	-75.59795	5.684847
	-75.59791	5.68378
	-75.59829	5.682803
	-75.59908	5.682045
	-75.59962	5.681198
	-75.59954	5.68044
	-75.59893	5.679523
	-75.59765	5.678875
	-75.59473	5.67738
	-75.59351	5.676951
	-75.59232	5.676672
	-75.59159	5.675954
	-75.59064	5.675276
	-75.58846	5.674299
	-75.58669	5.67405
	-75.58545	5.67407
	-75.58439	5.673651
	-75.5826	5.673302
	-75.58072	5.672614
	-75.58005	5.672235
	-75.57933	5.671557
	-75.57854	5.671448
	-75.57661	5.671428
	-75.57466	5.67076
	-75.57349	5.669633
	-75.57266	5.667789
	-75.5723	5.665805
	-75.57252	5.663941
	-75.57404	5.662007
	-75.57569	5.660132
	-75.57764	5.658876
	-75.57986	5.657939
	-75.58147	5.65764
	-75.583	5.657072
	-75.58396	5.656663
	-75.58448	5.655945
	-75.58437	5.655377
	-75.58381	5.654848
	-75.58383	5.65422
	-75.58483	5.653114
	-75.5864	5.652595
	-75.58734	5.651838
	-75.58762	5.650242
	-75.58841	5.648049
	-75.58924	5.646254
	-75.5896	5.644749
	-75.58956	5.642067
	-75.58903	5.640402
	-75.58803	5.638069
	-75.58753	5.637232
	-75.58645	5.637052
	-75.58548	5.636583
	-75.58518	5.635866
	-75.58519	5.634101
	-75.58403	5.63247
	-75.58384	5.630362
	-75.58359	5.628847
	-75.58316	5.627679
	-75.58237	5.626175
	-75.58258	5.625008
	-75.58301	5.623977
	-75.58384	5.621873
	-75.584	5.620567
	-75.58382	5.619221
	-75.58375	5.617885
	-75.58338	5.617217
	-75.58272	5.616299
	-75.58231	5.614784
	-75.58174	5.612381
	-75.58076	5.610227
	-75.58042	5.60929
	-75.57994	5.607904
	-75.57963	5.606429
	-75.58013	5.605063
	-75.58109	5.603737
	-75.58115	5.6026
	-75.58063	5.600137
	-75.58065	5.598233
	-75.58042	5.59576
	-75.58026	5.593497
	-75.57987	5.591911
	-75.57887	5.590465
	-75.57878	5.589718
	-75.57901	5.589159
	-75.57894	5.588511
	-75.57862	5.587444
	-75.57802	5.586545
	-75.57744	5.58539
	-75.57632	5.584004
	-75.57599	5.582758
	-75.57613	5.581462
	-75.57695	5.580495
	-75.57677	5.579408
	-75.57629	5.577972
	-75.57477	5.5752
	-75.57473	5.574262
	-75.57515	5.573196
	-75.57524	5.572258
	-75.57571	5.570922
	-75.57615	5.569068
	-75.57691	5.565967
	-75.57698	5.56471
	-75.57646	5.561858
	-75.57616	5.559465
	-75.57641	5.557182
	-75.5764	5.555636
	-75.57611	5.551209
	-75.57597	5.549863
	-75.57556	5.548586
	-75.57441	5.54718
	-75.57421	5.546323
	-75.57398	5.545625
	-75.57287	5.544638
	-75.57156	5.544139
	-75.5706	5.543421
	-75.56963	5.541636
	-75.56919	5.539971
	-75.56899	5.537986
	-75.56984	5.534895
	-75.56969	5.534028
	-75.56967	5.53303
	-75.56916	5.5295
	-75.56928	5.527211
	-75.5691	5.524658
	-75.56905	5.523072
	-75.56953	5.521887
	-75.57021	5.520963
	-75.57157	5.520096
	-75.57301	5.519165
	-75.57548	5.517614
	-75.57608	5.517261
	-75.57673	5.517022
	-75.57709	5.516662
	-75.57736	5.516214
	-75.57772	5.515886
	-75.57807	5.5157
	-75.57824	5.516352
	-75.57852	5.516818
	-75.57887	5.517154
	-75.57919	5.517361
	-75.57964	5.517387
	-75.57996	5.517525
	-75.58025	5.517793
	-75.58053	5.518009
	-75.58116	5.518268
	-75.58189	5.518354
	-75.58227	5.51844
	-75.58274	5.518647
	-75.58324	5.518682
	-75.58366	5.518716
	-75.58394	5.518604
	-75.58412	5.518388
	-75.58423	5.518086
	-75.58445	5.51794
	-75.58474	5.517991
	-75.58489	5.51825
	-75.58505	5.518328
	-75.58528	5.518311
	-75.58559	5.517974
	-75.58584	5.517845
	-75.58642	5.517966
	-75.58686	5.518129
	-75.58724	5.518207
	-75.5876	5.518155
	-75.58793	5.518035
	-75.58816	5.517776
	-75.58838	5.517715
	-75.58863	5.517793
	-75.589	5.517879
	-75.58931	5.517888
	-75.58957	5.517819
	-75.5898	5.517879
	-75.59078	5.518823
	-75.59212	5.5198
	-75.5931	5.518557
	-75.59506	5.518468
	-75.59667	5.518024
	-75.59765	5.519622
	-75.59961	5.519888
	-75.60166	5.520954
	-75.6022	5.522729
	-75.60371	5.523529
	-75.60443	5.525127
	-75.60612	5.525748
	-75.60853	5.526192
	-75.60942	5.527435
	-75.61183	5.527435
	-75.61254	5.528678
	-75.61236	5.530365
	-75.61379	5.530453
	-75.6154	5.530986
	-75.61754	5.531874
	-75.61897	5.530986
	-75.62004	5.529832
	-75.62137	5.528944
	-75.622	5.52779
	-75.62369	5.526813
	-75.62539	5.526281
	-75.6269	5.525837
	-75.62788	5.526103
	-75.62994	5.525926
	-75.63168	5.526192
	-75.63525	5.526074
	-75.63585	5.528052
	-75.63626	5.528097
	-75.63648	5.528173
	-75.63689	5.528141
	-75.6374	5.528572
	-75.63782	5.528448
	-75.63841	5.529033
	-75.6391	5.529281
	-75.63943	5.529694
	-75.64062	5.529984
	-75.64097	5.530296
	-75.64132	5.530252
	-75.64206	5.530442
	-75.64279	5.530259
	-75.64374	5.530541
	-75.64527	5.530422
	-75.64581	5.530543
	-75.64671	5.530453
	-75.64885	5.530542
	-75.64915	5.530304
	-75.64975	5.530192
	-75.65007	5.529739
	-75.65058	5.529753
	-75.65085	5.529656
	-75.65116	5.529737
	-75.65135	5.530008
	-75.65308	5.529705
	-75.65331	5.528145
	-75.65455	5.526725
	-75.65545	5.52557
	-75.65625	5.524427
	-75.65799	5.52521
	-75.65905	5.525588
	-75.65965	5.52565
	-75.66061	5.526251
	-75.66096	5.526672
	-75.66144	5.527093
	-75.66189	5.527427
	-75.66231	5.527465
	-75.6628	5.526847
	-75.66336	5.526733
	-75.66371	5.526935
	-75.66428	5.527166
	-75.66467	5.52752
	-75.66521	5.527762
	-75.66532	5.527927
	-75.66538	5.527923
	-75.66563	5.528122
	-75.66572	5.528275
	-75.66647	5.528321
	-75.66724	5.528306
	-75.66772	5.528607
	-75.66919	5.528799
	-75.6699	5.528914
	-75.67176	5.528093
	-75.67316	5.527124
	-75.67464	5.527188
	-75.67553	5.527681
	-75.6761	5.527734
	-75.67638	5.527322
	-75.67699	5.52698
	-75.67756	5.526799
	-75.67858	5.526663
	-75.67907	5.526439
	-75.67952	5.525741
	-75.67993	5.525311
	-75.6813	5.524267
	-75.68233	5.524796
	-75.68358	5.52507
	-75.68591	5.525052
	-75.68733	5.525723
	-75.68864	5.526281
	-75.68949	5.526671
	-75.69069	5.527685
	-75.69172	5.528926
	-75.69303	5.529939
	-75.69462	5.530494
	-75.69679	5.531386
	-75.69804	5.532967
	-75.69879	5.533643
	-75.70033	5.535506
	-75.70175	5.536119
	-75.7025	5.536682
	-75.70386	5.537296
	-75.70443	5.537859
	-75.70483	5.538188
	-75.70484	5.538802
	-75.70542	5.539514
	-75.70614	5.540154
	-75.707	5.540433
	-75.70886	5.540419
	-75.70943	5.541203
	-75.70951	5.542134
	-75.71009	5.542989
	-75.71053	5.543845
	-75.71118	5.544485
	-75.7119	5.545053
	-75.71271	5.54563
	-75.71342	5.546369
	-75.71392	5.547328
	-75.71442	5.548257
	-75.7145	5.5484
	-75.71529	5.549254
	-75.71651	5.550391
	-75.71745	5.551243
	-75.71817	5.551524
	-75.71895	5.551518
	-75.72053	5.551577
	-75.72118	5.552217
	-75.72233	5.553641
	-75.72284	5.554426
	-75.72342	5.555138
	-75.72435	5.555632
	-75.72514	5.556213
	-75.72614	5.55642
	-75.72672	5.557132
	-75.72723	5.557916
	-75.72954	5.561051
	-75.72984	5.561909
	-75.73034	5.562693
	-75.73071	5.56355
	-75.73166	5.563186
	-75.73241	5.562641
	-75.73498	5.561652
	-75.73583	5.561215
	-75.73669	5.560885
	-75.73808	5.559475
	-75.73872	5.558717
	-75.73935	5.558066
	-75.73999	5.557307
	-75.74074	5.556763
	-75.74148	5.555681
	-75.74212	5.55503
	-75.74276	5.554272
	-75.7434	5.553621
	-75.74404	5.552862
	-75.7449	5.552318
	-75.74586	5.552202
	-75.75102	5.552161
	-75.75188	5.552478
	-75.75264	5.553117
	-75.75457	5.553532
	-75.75543	5.553848
	-75.76134	5.553802
	-75.76284	5.552713
	-75.76574	5.55269
	-75.7667	5.55236
	-75.76756	5.55203
	-75.76831	5.551486
	-75.76895	5.550835
	-75.76915	5.549865
	-75.76947	5.549001
	-75.76957	5.547924
	-75.76967	5.54717
	-75.76988	5.546157
	-75.77179	5.544204
	-75.77211	5.543341
	-75.77209	5.541403
	-75.77187	5.540437
	-75.77079	5.538938
	-75.76992	5.538515
	-75.76981	5.537547
	-75.77001	5.536577
	-75.77011	5.535607
	-75.77065	5.53485
	-75.77182	5.53441
	-75.773	5.5344
	-75.77387	5.534716
	-75.77409	5.535683
	-75.7742	5.536651
	-75.77464	5.537509
	-75.77497	5.538367
	-75.77627	5.539648
	-75.77713	5.539964
	-75.7781	5.540064
	-75.78111	5.54004
	-75.78207	5.54014
	-75.78304	5.540563
	-75.78401	5.54077
	-75.78498	5.540763
	-75.78594	5.54054
	-75.78701	5.539025
	-75.78775	5.538373
	-75.78861	5.537828
	-75.78914	5.536963
	-75.78924	5.535993
	-75.78955	5.53513
	-75.79083	5.533828
	-75.79136	5.533071
	-75.792	5.53242
	-75.79371	5.531545
	-75.79457	5.531215
	-75.79554	5.531208
	-75.79618	5.530557
	-75.79649	5.529693
	-75.79702	5.528936
	-75.79744	5.528071
	-75.79841	5.527741
	-75.79938	5.527733
	-75.80034	5.527618
	-75.80162	5.526316
	-75.80215	5.525558
	-75.80257	5.524694
	-75.8031	5.523936
	-75.80374	5.523286
	-75.80427	5.522528
	-75.8047	5.521664
	-75.80523	5.520691
	-75.80554	5.519827
	-75.80575	5.518857
	-75.80606	5.517886
	-75.80606	5.516917
	-75.80626	5.515947
	-75.8069	5.515296
	-75.80722	5.514433
	-75.80797	5.513889
	-75.80904	5.513665
	-75.8143	5.513623
	-75.81537	5.513507
	-75.81623	5.513177
	-75.81697	5.51231
	-75.81761	5.51166
	-75.81825	5.510901
	-75.81931	5.509386
	-75.81941	5.508417
	-75.81995	5.507659
	-75.82122	5.506357
	-75.82229	5.505811
	-75.82357	5.504509
	-75.8241	5.503751
	-75.82442	5.502888
	-75.82495	5.50213
	-75.82559	5.50148
	-75.82612	5.500722
	-75.82665	5.499857
	-75.82729	5.499206
	-75.8276	5.498235
	-75.82759	5.496298
	-75.82779	5.495328
	-75.82778	5.493283
	-75.82788	5.492314
	-75.82819	5.49145
	-75.82916	5.491227
	-75.82991	5.490683
	-75.83022	5.489712
	-75.83043	5.488742
	-75.83128	5.488089
	-75.83225	5.488082
	-75.83322	5.488182
	-75.83408	5.488498
	-75.83505	5.488705
	-75.83559	5.489454
	-75.83656	5.489769
	-75.83849	5.489969
	-75.83946	5.490392
	-75.84043	5.490707
	-75.84302	5.4923
	-75.84399	5.492723
	-75.84496	5.492823
	-75.84593	5.492815
	-75.84678	5.492378
	-75.84764	5.492048
	-75.8486	5.492148
	-75.84957	5.49214
	-75.85043	5.492672
	-75.85119	5.493203
	-75.85195	5.493843
	-75.85325	5.495124
	-75.85368	5.495982
	-75.85458	5.496023
	-75.85714	5.49605
	-75.85973	5.496114
	-75.86146	5.495682
	-75.86351	5.494788
	-75.86454	5.493968
	-75.86558	5.492686
	-75.86556	5.490936
	-75.86609	5.489425
	-75.86672	5.488129
	-75.8674	5.488172
	-75.86823	5.488224
	-75.86888	5.489187
	-75.86975	5.490902
	-75.87127	5.492549
	-75.87298	5.491737
	-75.87448	5.491402
	-75.87565	5.490532
	-75.87693	5.489015
	-75.87789	5.488039
	-75.87896	5.487492
	-75.88003	5.487376
	-75.88067	5.486725
	-75.88099	5.485862
	-75.88163	5.485211
	-75.88248	5.484666
	-75.88334	5.484336
	-75.88419	5.483899
	-75.88569	5.483564
	-75.88698	5.483338
	-75.88892	5.483753
	-75.89043	5.484387
	-75.89161	5.484377
	-75.89246	5.483725
	-75.89332	5.483287
	-75.89428	5.483172
	-75.89525	5.483164
	-75.89664	5.482615
	-75.89868	5.482598
	-75.90136	5.482361
	-75.90254	5.482029
	-75.90372	5.481482
	-75.90457	5.480829
	-75.90553	5.480391
	-75.90586	5.480496
	-75.90587	5.480645
	-75.90597	5.481571
	-75.9059	5.482105
	-75.90668	5.48288
	-75.9067	5.484805
	-75.90722	5.48557
	-75.90786	5.486206
	-75.90863	5.486713
	-75.90953	5.486834
	-75.91043	5.48734
	-75.91197	5.488354
	-75.91287	5.488603
	-75.91492	5.488586
	-75.91724	5.490107
	-75.91917	5.492015
	-75.91969	5.492781
	-75.92034	5.493417
	-75.92124	5.493794
	-75.92226	5.493786
	-75.92308	5.494346
	-75.92362	5.494981
	-75.92416	5.496468
	-75.92465	5.497635
	-75.92546	5.499546
	-75.92649	5.501348
	-75.92735	5.502406
	-75.92884	5.503299
	-75.93007	5.504301
	-75.93109	5.505943
	-75.9311	5.507115
	-75.93031	5.507867
	-75.93011	5.50872
	-75.9308	5.508875
	-75.93154	5.508709
	-75.93207	5.508704
	-75.93314	5.508962
	-75.93479	5.509588
	-75.93618	5.510002
	-75.93867	5.510035
	-75.94096	5.509857
	-75.94218	5.509474
	-75.94388	5.5093
	-75.94536	5.509288
	-75.94749	5.509058
	-75.94952	5.509213
	-75.95362	5.50918
	-75.95451	5.508659
	-75.95515	5.508013
	-75.95591	5.507365
	-75.95744	5.506326
	-75.95794	5.505553
	-75.95884	5.505417
	-75.95986	5.505408
	-75.96038	5.506302
	-75.96064	5.507198
	-75.96168	5.508985
	-75.96182	5.509882
	-75.96221	5.510777
	-75.96286	5.511541
	-75.96363	5.512048
	-75.96453	5.512297
	-75.96542	5.512033
	-75.96606	5.512035
	-75.96718	5.512399
	-75.96835	5.512549
	-75.96947	5.51254
	-75.97054	5.513064
	-75.97224	5.513742
	-75.97428	5.515748
	-75.97497	5.515956
	-75.97603	5.51616
	-75.97747	5.516414
	-75.97843	5.516779
	-75.97961	5.517355
	-75.98046	5.517827
	-75.98147	5.518298
	-75.98286	5.518872
	-75.98339	5.5194
	-75.98404	5.520354
	-75.98432	5.521842
	-75.98502	5.522848
	-75.9854	5.523803
	-75.98557	5.524814
	-75.98616	5.525554
	-75.98674	5.526082
	-75.98718	5.526861
	-75.98761	5.527763
	-75.98804	5.528498
	-75.98815	5.529535
	-75.98838	5.530824
	-75.98839	5.532222
	-75.98872	5.534047
	-75.9896	5.535761
	-75.99122	5.53736
	-75.99295	5.538421
	-75.99435	5.539485
	-75.99574	5.540477
	-75.99635	5.540665
	-75.99715	5.540855
	-75.9979	5.540903
	-75.99855	5.541092
	-75.99897	5.541515
	-75.99921	5.542172
	-75.99944	5.543064
	-75.99934	5.543909
	-75.99967	5.544567
	-76.0	5.545365
	-76.00046	5.546258
	-76.00121	5.547949
	-76.00154	5.548841
	-76.00168	5.54978
	-76.00181	5.550484
	-76.002	5.551845
	-76.00229	5.552694
	-76.00218	5.554239
	-76.0024	5.555463
	-76.0019	5.556866
	-76.00171	5.557523
	-76.00189	5.558556
	-76.00227	5.559542
	-76.0025	5.5602
	-76.00306	5.560576
	-76.00405	5.56105
	-76.00507	5.561565
	-76.00578	5.561801
	-76.00699	5.562414
	-76.00765	5.562931
	-76.00825	5.563683
	-76.00835	5.564528
	-76.00834	5.565513
	-76.00844	5.566358
	-76.00862	5.567157
	-76.00909	5.567721
	-76.00913	5.568041
	-76.00923	5.5688
	-76.00927	5.569598
	-76.00923	5.570396
	-76.00894	5.571052
	-76.00857	5.571615
	-76.00805	5.572365
	-76.00744	5.573068
	-76.00697	5.573818
	-76.00669	5.575084
	-76.00655	5.575788
	-76.00654	5.57668
	-76.00659	5.577712
	-76.00649	5.578463
	-76.00659	5.579402
	-76.00663	5.580153
	-76.00663	5.580763
	-76.00682	5.581608
	-76.007	5.582218
	-76.0071	5.582735
	-76.00738	5.58358
	-76.00751	5.584331
	-76.00751	5.585035
	-76.00765	5.585974
	-76.00765	5.586631
	-76.00802	5.587289
	-76.00835	5.587759
	-76.00901	5.58837
	-76.00975	5.589028
	-76.01063	5.589666
	-76.01144	5.590627
	-76.01186	5.591332
	-76.01219	5.591661
	-76.01218	5.592365
	-76.01202	5.59311
	-76.01176	5.593678
	-76.01124	5.594475
	-76.00974	5.59527
	-76.00895	5.595879
	-76.00834	5.596441
	-76.00683	5.597846
	-76.00604	5.598408
	-76.00519	5.598688
	-76.00454	5.599015
	-76.00383	5.599295
	-76.00304	5.600092
	-76.00261	5.600795
	-76.00261	5.601827
	-76.00275	5.602485
	-76.00294	5.603283
	-76.00336	5.603941
	-76.00396	5.604786
	-76.00448	5.605444
	-76.0049	5.60629
	-76.00536	5.607088
	-76.00555	5.607699
	-76.00597	5.608451
	-76.00625	5.609061
	-76.00662	5.609813
	-76.0069	5.610564
	-76.00714	5.611081
	-76.00732	5.611785
	-76.00742	5.612536
	-76.00732	5.613522
	-76.00713	5.614272
	-76.00674	5.614797
	-76.00629	5.615772
	-76.00582	5.616428
	-76.00525	5.617366
	-76.00478	5.617975
	-76.00478	5.620275
	-76.00483	5.621219
	-76.00515	5.621918
	-76.00604	5.623093
	-76.00641	5.623704
	-76.00786	5.624645
	-76.00885	5.625257
	-76.01011	5.625916
	-76.01072	5.626762
	-76.01104	5.627467
	-76.01137	5.628265
	-76.01141	5.629016
	-76.01141	5.629908
	-76.01146	5.630565
	-76.01197	5.630754
	-76.01282	5.630849
	-76.01357	5.630944
	-76.01427	5.631133
	-76.01502	5.631604
	-76.01558	5.632027
	-76.01623	5.632216
	-76.01703	5.632499
	-76.01778	5.632782
	-76.0182	5.633064
	-76.01886	5.633488
	-76.01951	5.633959
	-76.02005	5.634315
	-76.02073	5.634712
	-76.02138	5.635229
	-76.02208	5.6357
	-76.02255	5.63617
	-76.02278	5.636593
	-76.02297	5.637485
	-76.0231	5.638233
	-76.0233	5.639175
	-76.02358	5.639785
	-76.0239	5.640349
	-76.02451	5.640726
	-76.02473	5.641226
	-76.02521	5.641759
	-76.02554	5.642276
	-76.02591	5.642746
	-76.02657	5.643404
	-76.02708	5.643781
	-76.02746	5.643922
	-76.02788	5.644298
	-76.02825	5.644628
	-76.02867	5.645004
	-76.02923	5.64524
	-76.0297	5.64585
	-76.03064	5.646368
	-76.03143	5.646886
	-76.03218	5.64731
	-76.03253	5.648254
	-76.03377	5.649284
	-76.03453	5.650144
	-76.03571	5.651523
	-76.03625	5.651682
	-76.03775	5.651684
	-76.03864	5.651785
	-76.03925	5.651922
	-76.0399	5.652298
	-76.04074	5.652675
	-76.04139	5.652938
	-76.04224	5.653382
	-76.0429	5.653477
	-76.04355	5.653666
	-76.04416	5.653995
	-76.04622	5.655699
	-76.04805	5.657053
	-76.05005	5.658722
	-76.0516	5.659687
	-76.05272	5.660578
	-76.05394	5.661475
	-76.05619	5.662511
	-76.0582	5.663266
	-76.05932	5.663925
	-76.06103	5.664796
	-76.06254	5.665421
	-76.06452	5.666467
	-76.0655	5.666704
	-76.06602	5.666893
	-76.06653	5.667129
	-76.06667	5.667692
	-76.06667	5.668678
	-76.06648	5.669398
	-76.06648	5.669757
	-76.06629	5.670789
	-76.06615	5.67154
	-76.06643	5.672197
	-76.06695	5.672574
	-76.06755	5.672997
	-76.06826	5.673233
	-76.069	5.673563
	-76.06994	5.67394
	-76.07088	5.674364
	-76.07163	5.674881
	-76.07209	5.675351
	-76.0726	5.676101
	-76.0736	5.6784
	-76.07558	5.680165
	-76.07699	5.681027
	-76.07764	5.681443
	-76.07859	5.681859
	-76.08026	5.682514
	-76.08109	5.682811
	-76.08186	5.683049
	-76.08228	5.683585
	-76.08276	5.684001
	-76.08365	5.684715
	-76.08442	5.68525
	-76.08502	5.685786
	-76.08543	5.686143
	-76.08565	5.686622
	-76.08567	5.686678
	-76.08597	5.686975
	-76.08621	5.687511
	-76.08656	5.688046
	-76.08695	5.688642
	-76.08658	5.689389
	-76.0865	5.68997
	-76.08621	5.690384
	-76.08596	5.690509
	-76.08575	5.690965
	-76.08554	5.691546
	-76.08538	5.691961
	-76.08538	5.692998
	-76.08521	5.693537
	-76.08505	5.693993
	-76.08476	5.694491
	-76.08442	5.695072
	-76.08442	5.696731
	-76.08401	5.697312
	-76.08384	5.697809
	-76.08355	5.698473
	-76.08326	5.698888
	-76.08289	5.699427
	-76.08276	5.699883
	-76.0826	5.700464
	-76.08223	5.700837
	-76.08218	5.701211
	-76.08198	5.701708
	-76.08185	5.701999
	-76.0816	5.702331
	-76.08135	5.702762
	-76.08106	5.703135
	-76.08069	5.703426
	-76.08015	5.703716
	-76.07994	5.704297
	-76.07994	5.704629
	-76.08007	5.705043
	-76.08007	5.70579
	-76.08019	5.706371
	-76.08019	5.707449
	-76.08023	5.707657
	-76.08028	5.707988
	-76.08023	5.708279
	-76.07933	5.710279
	-76.07796	5.712313
	-76.07642	5.714203
	-76.07512	5.715488
	-76.07366	5.716894
	-76.07224	5.718542
	-76.07036	5.721055
	-76.06935	5.724854
	-76.06968	5.72955
	-76.07079	5.735965
	-76.07096	5.740192
	-76.07094	5.743528
	-76.06897	5.750533
	-76.06616	5.753987
	-76.06727	5.758054
	-76.07154	5.760824
	-76.07249	5.761441
	-76.07385	5.761441
	-76.07435	5.761689
	-76.07472	5.761999
	-76.07503	5.762309
	-76.07565	5.762805
	-76.07615	5.76324
	-76.07646	5.763611
	-76.07695	5.76417
	-76.0772	5.764728
	-76.07739	5.765038
	-76.07782	5.765286
	-76.07819	5.765472
	-76.07906	5.765472
	-76.07987	5.765906
	-76.08024	5.766092
	-76.08067	5.76634
	-76.08092	5.76665
	-76.08111	5.767022
	-76.08111	5.767704
	-76.08098	5.767952
	-76.0808	5.76851
	-76.08067	5.768944
	-76.08036	5.769192
	-76.0798	5.769316
	-76.07956	5.769502
	-76.079	5.769812
	-76.07832	5.769874
	-76.07788	5.769998
	-76.07788	5.770494
	-76.07751	5.771052
	-76.07726	5.771486
	-76.07701	5.771982
	-76.07646	5.772354
	-76.07571	5.772788
	-76.07553	5.77316
	-76.0754	5.773656
	-76.07534	5.774338
	-76.07534	5.774877
	-76.07503	5.775435
	-76.07472	5.775931
	-76.07453	5.776241
	-76.07404	5.776489
	-76.07379	5.776861
	-76.07354	5.777295
	-76.07298	5.777419
	-76.07267	5.777667
	-76.07224	5.778039
	-76.07174	5.778659
	-76.0715	5.779217
	-76.07125	5.779713
	-76.07125	5.780643
	-76.0715	5.781077
	-76.07187	5.781449
	-76.0723	5.781449
	-76.07292	5.781635
	-76.07367	5.781821
	-76.07429	5.782132
	-76.07491	5.782503
	-76.0754	5.782813
	-76.0759	5.783186
	-76.07633	5.783495
	-76.07652	5.783868
	-76.07677	5.784239
	-76.07714	5.784674
	-76.0777	5.784984
	-76.07807	5.785232
	-76.07832	5.785666
	-76.07906	5.786162
	-76.0798	5.786782
	-76.08036	5.78734
	-76.08092	5.78796
	-76.08135	5.78858
	-76.08179	5.789076
	-76.08216	5.789572
	-76.08272	5.78982
	-76.08321	5.790006
	-76.08371	5.790365
	-76.08445	5.790923
	-76.08489	5.791481
	-76.08538	5.792039
	-76.08563	5.792473
	-76.08588	5.793031
	-76.08607	5.793589
	-76.08625	5.793961
	-76.09093	5.800475
	-76.09364	5.806582
	-76.09702	5.815411
	-76.09909	5.825581
	-76.09921	5.842149
	-76.09847	5.850687
	-76.0897	5.866044
	-76.08558	5.874621
	-76.08247	5.893959
	-76.07863	5.910853
	-76.07281	5.923351
	-76.07015	5.931679
	-76.07008	5.932078
	-76.06895	5.938288
	-76.06897	5.944405
	-76.0685	5.949299
	-76.06755	5.95762
	-76.06728	5.961373
	-76.06728	5.961745
	-76.06759	5.962241
	-76.06765	5.962799
	-76.06765	5.964225
	-76.06759	5.965031
	-76.06759	5.966395
	-76.06747	5.967449
	-76.06691	5.968627
	-76.06685	5.969309
	-76.0666	5.970363
	-76.0666	5.971479
	-76.06666	5.971851
	-76.06666	5.975447
	-76.06654	5.976383
	-76.06654	5.977065
	-76.06666	5.977995
	-76.06809	5.979421
	-76.06889	5.979731
	-76.06933	5.980103
	-76.07026	5.980537
	-76.07063	5.980785
	-76.07094	5.981467
	-76.071	5.982087
	-76.071	5.984133
	-76.0715	5.984691
	-76.07205	5.984939
	-76.07354	5.984939
	-76.0741	5.98525
	-76.0746	5.985621
	-76.07528	5.986117
	-76.07596	5.98649
	-76.07658	5.986738
	-76.07745	5.987048
	-76.07788	5.987482
	-76.07962	5.988349
	-76.08055	5.988473
	-76.08275	5.988473
	-76.08362	5.987978
	-76.08442	5.987482
	-76.08492	5.987171
	-76.08541	5.987109
	-76.08585	5.987419
	-76.08591	5.987978
	-76.08591	5.988536
	-76.08622	5.989342
	-76.0869	5.989962
	-76.08752	5.99052
	-76.0879	5.990768
	-76.08796	5.991636
	-76.08802	5.992361
	-76.08802	5.993353
	-76.08827	5.993973
	-76.08858	5.994345
	-76.08883	5.994965
	-76.08883	5.999243
	-76.08889	5.999987
	-76.08914	6.000297
	-76.08951	6.000483
	-76.09	6.000545
	-76.09069	6.000979
	-76.09131	6.001537
	-76.09168	6.001971
	-76.09199	6.002281
	-76.09261	6.002653
	-76.09372	6.002715
	-76.09459	6.002715
	-76.09565	6.002963
	-76.09645	6.003149
	-76.09732	6.003769
	-76.098	6.004575
	-76.09831	6.005133
	-76.0985	6.005567
	-76.09875	6.00625
	-76.09893	6.006621
	-76.09906	6.00718
	-76.09933	6.007676
	-76.09964	6.008172
	-76.10002	6.008605
	-76.10033	6.009164
	-76.1007	6.009722
	-76.10107	6.010652
	-76.10144	6.011272
	-76.10144	6.011954
	-76.10157	6.01276
	-76.10157	6.013132
	-76.10163	6.013876
	-76.10225	6.014682
	-76.1025	6.015364
	-76.10305	6.016046
	-76.10349	6.01679
	-76.10392	6.017286
	-76.10436	6.017906
	-76.10485	6.018402
	-76.1056	6.018402
	-76.10597	6.018154
	-76.10702	6.018154
	-76.10801	6.018216
	-76.10888	6.018216
	-76.10944	6.018526
	-76.10981	6.018712
	-76.11031	6.019084
	-76.11037	6.019642
	-76.11068	6.020262
	-76.11111	6.02051
	-76.11173	6.020882
	-76.11254	6.021068
	-76.11353	6.021254
	-76.11452	6.021068
	-76.11542	6.02082
	-76.11592	6.020634
	-76.11635	6.020572
	-76.11666	6.020448
	-76.11716	6.020324
	-76.11809	6.020014
	-76.11877	6.019766
	-76.11983	6.019704
	-76.12069	6.019704
	-76.12131	6.019952
	-76.12144	6.020076
	-76.122	6.020076
	-76.12243	6.019642
	-76.12274	6.019084
	-76.12336	6.018402
	-76.12373	6.018216
	-76.12392	6.01772
	-76.1241	6.016852
	-76.1241	6.015116
	-76.12417	6.01431
	-76.12429	6.013504
	-76.12435	6.012698
	-76.12441	6.012078
	-76.12491	6.011086
	-76.12528	6.010528
	-76.12652	6.009412
	-76.12677	6.00904
	-76.12739	6.008172
	-76.12813	6.00749
	-76.12857	6.007303
	-76.12888	6.006994
	-76.12925	6.006001
	-76.12931	6.005133
	-76.12956	6.004079
	-76.12968	6.003273
	-76.13012	6.002777
	-76.13061	6.002157
	-76.13086	6.001413
	-76.13123	6.000545
	-76.13148	6.000111
	-76.13185	5.999801
	-76.13328	5.999801
	-76.13402	6.000049
	-76.13477	6.000111
	-76.13613	6.000111
	-76.13675	6.000049
	-76.13756	5.999925
	-76.13849	5.999615
	-76.13917	5.999305
	-76.13967	5.999243
	-76.14016	5.999367
	-76.14084	5.999429
	-76.1414	5.999181
	-76.1419	5.998871
	-76.14215	5.998685
	-76.14246	5.998313
	-76.14308	5.997817
	-76.14382	5.997631
	-76.14432	5.997693
	-76.14469	5.997817
	-76.14539	5.997999
	-76.14637	5.998444
	-76.14693	5.998704
	-76.14787	5.99915
	-76.14858	5.999484
	-76.14963	5.999966
	-76.15026	6.000451
	-76.15116	6.001196
	-76.15206	6.002165
	-76.15275	6.002777
	-76.15349	6.003087
	-76.1543	6.003955
	-76.15511	6.004513
	-76.15566	6.004761
	-76.15604	6.004513
	-76.15647	6.004389
	-76.15697	6.004141
	-76.15709	6.003831
	-76.1579	6.003583
	-76.1592	6.003583
	-76.15957	6.003707
	-76.16019	6.004141
	-76.16044	6.004265
	-76.16081	6.004557
	-76.16118	6.004929
	-76.16162	6.005239
	-76.16217	6.005797
	-76.16279	6.006169
	-76.16354	6.006665
	-76.16385	6.006975
	-76.16484	6.006975
	-76.16534	6.007037
	-76.16546	6.007595
	-76.16571	6.008153
	-76.16596	6.008525
	-76.1662	6.008959
	-76.1662	6.010137
	-76.16639	6.010695
	-76.16658	6.011005
	-76.16726	6.011687
	-76.16775	6.012245
	-76.16775	6.012927
	-76.16825	6.013919
	-76.16856	6.014167
	-76.16924	6.014663
	-76.16961	6.014911
	-76.17011	6.014973
	-76.17104	6.015593
	-76.17147	6.016027
	-76.17191	6.016523
	-76.17265	6.017391
	-76.17278	6.017949
	-76.17284	6.018445
	-76.17271	6.019189
	-76.17265	6.019623
	-76.17228	6.020181
	-76.17178	6.020305
	-76.17147	6.020987
	-76.17172	6.021607
	-76.17191	6.022289
	-76.17178	6.022971
	-76.17104	6.023839
	-76.17073	6.024583
	-76.17042	6.025265
	-76.17023	6.025699
	-76.17017	6.026319
	-76.17017	6.026753
	-76.17042	6.027497
	-76.17067	6.027994
	-76.17098	6.028738
	-76.17141	6.029047
	-76.17178	6.02942
	-76.17209	6.029605
	-76.1724	6.030102
	-76.17259	6.031094
	-76.17253	6.031962
	-76.17247	6.032706
	-76.17234	6.033388
	-76.17234	6.034938
	-76.17221	6.035441
	-76.17244	6.035998
	-76.17255	6.03711
	-76.17255	6.037778
	-76.17277	6.038446
	-76.17322	6.039113
	-76.17355	6.040115
	-76.17377	6.040894
	-76.17422	6.041672
	-76.17456	6.04262
	-76.17474	6.043578
	-76.17536	6.044357
	-76.17606	6.044961
	-76.17685	6.045564
	-76.17781	6.045817
	-76.17869	6.046245
	-76.18043	6.046751
	-76.18148	6.04709
	-76.18245	6.047517
	-76.18324	6.048208
	-76.18351	6.049078
	-76.18404	6.049857
	-76.18413	6.050816
	-76.18458	6.051684
	-76.18519	6.052376
	-76.1859	6.05298
	-76.1866	6.053671
	-76.1873	6.054275
	-76.18751	6.056607
	-76.18809	6.058457
	-76.18855	6.059529
	-76.18946	6.06025
	-76.19005	6.060945
	-76.19089	6.061748
	-76.19153	6.062738
	-76.19183	6.063478
	-76.19185	6.065396
	-76.19203	6.066354
	-76.1923	6.067224
	-76.19275	6.068092
	-76.19302	6.068961
	-76.19363	6.069653
	-76.19416	6.07052
	-76.19435	6.071478
	-76.19454	6.073395
	-76.1949	6.074351
	-76.19508	6.075483
	-76.19509	6.076442
	-76.19562	6.077223
	-76.19633	6.07835
	-76.19669	6.079218
	-76.19696	6.080175
	-76.19697	6.081135
	-76.19706	6.082093
	-76.19708	6.084012
	-76.19727	6.085763
	-76.19737	6.086983
	-76.19747	6.088291
	-76.19756	6.097884
	-76.1974	6.098932
	-76.19697	6.099896
	-76.19645	6.100685
	-76.19611	6.101561
	-76.19613	6.10348
	-76.19623	6.104438
	-76.19677	6.106177
	-76.19678	6.107137
	-76.19713	6.108005
	-76.19714	6.108965
	-76.19733	6.109922
	-76.1976	6.110792
	-76.19821	6.111484
	-76.19892	6.112175
	-76.19953	6.112867
	-76.19989	6.113823
	-76.20007	6.114781
	-76.20052	6.115648
	-76.20079	6.11678
	-76.20116	6.118695
	-76.20143	6.119565
	-76.20187	6.120781
	-76.20206	6.121826
	-76.2021	6.125925
	-76.20219	6.126884
	-76.20238	6.127929
	-76.20265	6.128798
	-76.20274	6.129757
	-76.20284	6.130977
	-76.20303	6.132283
	-76.20331	6.133763
	-76.20332	6.135159
	-76.20281	6.136123
	-76.20255	6.136998
	-76.20195	6.137789
	-76.20117	6.138407
	-76.20066	6.139284
	-76.20068	6.141202
	-76.20129	6.142068
	-76.2027	6.143276
	-76.20332	6.143968
	-76.2042	6.144832
	-76.2049	6.145435
	-76.20552	6.146302
	-76.20579	6.147346
	-76.2058	6.148305
	-76.20477	6.149798
	-76.20373	6.150941
	-76.20314	6.152604
	-76.20272	6.154178
	-76.20169	6.155845
	-76.20057	6.157077
	-76.20058	6.158734
	-76.20095	6.160562
	-76.20183	6.161862
	-76.20341	6.16333
	-76.20552	6.164356
	-76.20648	6.16487
	-76.20744	6.164948
	-76.20849	6.165374
	-76.20936	6.165801
	-76.21024	6.166142
	-76.21111	6.166395
	-76.2119	6.166911
	-76.21252	6.167603
	-76.21296	6.16847
	-76.21358	6.169162
	-76.21412	6.170901
	-76.21581	6.173061
	-76.21716	6.176025
	-76.22086	6.182154
	-76.22292	6.18573
	-76.22405	6.188336
	-76.22467	6.189027
	-76.22485	6.189985
	-76.22488	6.192863
	-76.22532	6.193731
	-76.22559	6.194688
	-76.22638	6.195203
	-76.22709	6.195894
	-76.22849	6.197101
	-76.22902	6.197881
	-76.23026	6.199265
	-76.23096	6.199868
	-76.23166	6.200646
	-76.23228	6.201338
	-76.23298	6.202029
	-76.23351	6.202809
	-76.23466	6.203844
	-76.23519	6.204798
	-76.23642	6.206182
	-76.23695	6.206961
	-76.23731	6.20783
	-76.23784	6.20861
	-76.23837	6.209477
	-76.23925	6.20973
	-76.23976	6.20894
	-76.24036	6.208236
	-76.24123	6.207879
	-76.24201	6.207348
	-76.24288	6.206991
	-76.24392	6.206544
	-76.24479	6.2061
	-76.24565	6.205568
	-76.2467	6.205035
	-76.24739	6.204417
	-76.24825	6.20406
	-76.2527	6.204016
	-76.25374	6.204093
	-76.25471	6.204433
	-76.25611	6.20564
	-76.2569	6.20633
	-76.2577	6.207107
	-76.2584	6.207711
	-76.25902	6.208402
	-76.25972	6.209006
	-76.26059	6.209259
	-76.26155	6.209162
	-76.26242	6.208805
	-76.2632	6.208187
	-76.26493	6.207123
	-76.2658	6.206766
	-76.26675	6.206146
	-76.26744	6.205529
	-76.26822	6.204823
	-76.269	6.204205
	-76.26969	6.203501
	-76.27124	6.202439
	-76.27211	6.201646
	-76.27289	6.201028
	-76.27375	6.200409
	-76.27435	6.199705
	-76.27461	6.19883
	-76.27512	6.197953
	-76.27572	6.19725
	-76.2765	6.196544
	-76.27841	6.195479
	-76.27919	6.194948
	-76.28005	6.194329
	-76.28118	6.193795
	-76.28275	6.193431
	-76.28388	6.193332
	-76.28519	6.193407
	-76.28623	6.193745
	-76.28702	6.194261
	-76.28773	6.194864
	-76.28852	6.195554
	-76.28922	6.196158
	-76.28993	6.196936
	-76.29072	6.197538
	-76.29142	6.198229
	-76.29221	6.198832
	-76.29291	6.199435
	-76.29379	6.19995
	-76.29467	6.200377
	-76.29658	6.200358
	-76.29754	6.200261
	-76.29867	6.200076
	-76.29963	6.199892
	-76.30973	6.199792
	-76.31069	6.19987
	-76.31166	6.200296
	-76.31271	6.200722
	-76.31367	6.200887
	-76.31498	6.201397
	-76.31734	6.201984
	-76.3203	6.201955
	-76.32126	6.202032
	-76.32213	6.202373
	-76.32309	6.20245
	-76.32405	6.202441
	-76.32545	6.202601
	-76.32641	6.202592
	-76.32727	6.202322
	-76.32788	6.201531
	-76.32822	6.200655
	-76.32873	6.199865
	-76.32898	6.198991
	-76.32967	6.198373
	-76.33036	6.197669
	-76.33097	6.196878
	-76.33279	6.196162
	-76.33488	6.196142
	-76.33715	6.196817
	-76.33881	6.197149
	-76.34046	6.196784
	-76.34246	6.196328
	-76.34987	6.196254
	-76.35126	6.196153
	-76.35222	6.195882
	-76.35308	6.195437
	-76.35395	6.19508
	-76.35491	6.194721
	-76.35578	6.194451
	-76.35699	6.194003
	-76.35847	6.19364
	-76.3596	6.193367
	-76.36099	6.193179
	-76.36752	6.193113
	-76.3684	6.193453
	-76.37032	6.194132
	-76.3712	6.194472
	-76.37233	6.194809
	-76.37321	6.195062
	-76.37425	6.195139
	-76.3753	6.195303
	-76.37757	6.19528
	-76.37843	6.19501
	-76.37939	6.194564
	-76.38026	6.194206
	-76.38103	6.193676
	-76.3819	6.193144
	-76.38285	6.192611
	-76.3839	6.192252
	-76.38494	6.192067
	-76.3859	6.192057
	-76.38781	6.191864
	-76.38877	6.19168
	-76.38981	6.191495
	-76.39077	6.191049
	-76.39172	6.190517
	-76.39259	6.189985
	-76.39354	6.189365
	-76.39441	6.189007
	-76.39545	6.188474
	-76.39622	6.187943
	-76.39718	6.187672
	-76.39839	6.187223
	-76.3997	6.186862
	-76.40109	6.186499
	-76.40239	6.186311
	-76.40344	6.186126
	-76.40517	6.185586
	-76.40595	6.18488
	-76.40681	6.183738
	-76.40766	6.181899
	-76.40852	6.180146
	-76.40859	6.179099
	-76.40854	6.17413
	-76.40862	6.17317
	-76.40914	6.17238
	-76.40983	6.171676
	-76.41043	6.170972
	-76.41121	6.170267
	-76.41198	6.169736
	-76.41319	6.168329
	-76.41397	6.167711
	-76.41501	6.167002
	-76.41587	6.166732
	-76.41718	6.166457
	-76.41892	6.165917
	-76.41987	6.165733
	-76.42196	6.165712
	-76.42292	6.165877
	-76.42388	6.165954
	-76.42484	6.166119
	-76.42572	6.166459
	-76.4299	6.166417
	-76.43094	6.166581
	-76.43208	6.166918
	-76.43313	6.167343
	-76.434	6.167596
	-76.43593	6.168536
	-76.43681	6.16905
	-76.43794	6.169562
	-76.43986	6.169542
	-76.44073	6.169272
	-76.44151	6.168741
	-76.44238	6.168471
	-76.4483	6.168411
	-76.44926	6.168575
	-76.45031	6.168826
	-76.45171	6.16951
	-76.45276	6.170109
	-76.45363	6.170623
	-76.45442	6.171139
	-76.4553	6.171391
	-76.45617	6.171731
	-76.45705	6.172158
	-76.45801	6.172323
	-76.45888	6.17275
	-76.45976	6.17309
	-76.46055	6.173692
	-76.46151	6.174293
	-76.46239	6.174807
	-76.46318	6.175409
	-76.46405	6.175749
	-76.46501	6.175826
	-76.46615	6.176164
	-76.46763	6.176584
	-76.46868	6.176574
	-76.4698	6.176039
	-76.47067	6.175769
	-76.47241	6.174879
	-76.47319	6.174348
	-76.47379	6.173558
	-76.47456	6.172765
	-76.47516	6.171974
	-76.47559	6.171098
	-76.47551	6.162817
	-76.47558	6.161857
	-76.47645	6.161587
	-76.48063	6.161544
	-76.48159	6.161622
	-76.48247	6.162049
	-76.483	6.162828
	-76.48344	6.163695
	-76.48423	6.164472
	-76.48485	6.165163
	-76.48626	6.166544
	-76.48705	6.167059
	-76.48775	6.167749
	-76.48854	6.168438
	-76.48942	6.168952
	-76.49047	6.169552
	-76.49196	6.170234
	-76.49292	6.170747
	-76.49415	6.171694
	-76.49503	6.172208
	-76.49617	6.172981
	-76.49774	6.173749
	-76.49897	6.174173
	-76.50088	6.174153
	-76.50228	6.173965
	-76.5082	6.173904
	-76.50907	6.174157
	-76.51003	6.174496
	-76.51091	6.174835
	-76.51178	6.175088
	-76.51336	6.176118
	-76.51415	6.17672
	-76.51494	6.177409
	-76.51617	6.178268
	-76.51757	6.1793
	-76.51845	6.179727
	-76.51941	6.179979
	-76.52133	6.179959
	-76.52228	6.179775
	-76.52323	6.179242
	-76.52462	6.178443
	-76.52549	6.177999
	-76.52644	6.17764
	-76.5328	6.177575
	-76.53555	6.178939
	-76.54066	6.178983
	-76.54274	6.179068
	-76.5451	6.178256
	-76.54965	6.178209
	-76.55286	6.178513
	-76.55636	6.179378
	-76.55992	6.180186
	-76.56319	6.181392
	-76.56579	6.182604
	-76.56744	6.183657
	-76.56851	6.184603
	-76.56954	6.185719
	-76.57112	6.186491
	-76.57737	6.186426
	-76.57883	6.186805
	-76.58015	6.187227
	-76.58055	6.187798
	-76.58078	6.188036
	-76.58102	6.188242
	-76.58143	6.188489
	-76.58205	6.188657
	-76.58229	6.188806
	-76.58258	6.189145
	-76.58276	6.189548
	-76.58284	6.189932
	-76.58285	6.190348
	-76.5828	6.190766
	-76.58268	6.191153
	-76.58251	6.191483
	-76.58216	6.191944
	-76.58196	6.19206
	-76.58172	6.192046
	-76.58166	6.192069
	-76.58163	6.192172
	-76.58163	6.192326
	-76.58164	6.192329
	-76.58197	6.192635
	-76.58244	6.192858
	-76.58281	6.193204
	-76.58318	6.19339
	-76.58351	6.193451
	-76.58388	6.193436
	-76.58427	6.193342
	-76.58471	6.193169
	-76.58521	6.191937
	-76.58657	6.189751
	-76.58841	6.188209
	-76.5897	6.188203
	-76.59084	6.189247
	-76.59253	6.188432
	-76.59567	6.186883
	-76.59776	6.186954
	-76.59842	6.188727
	-76.59907	6.19066
	-76.60037	6.191946
	-76.6015	6.192344
	-76.60295	6.192176
	-76.60424	6.191847
	-76.60625	6.190868
	-76.60818	6.189972
	-76.61977	6.185396
	-76.62522	6.182602
	-76.62784	6.178992
	-76.62913	6.17606
	-76.63077	6.174942
	-76.63645	6.174767
	-76.63694	6.174871
	-76.63714	6.174974
	-76.63737	6.174996
	-76.6376	6.175059
	-76.6378	6.175082
	-76.63801	6.175133
	-76.63827	6.17518
	-76.63857	6.17518
	-76.63864	6.17517
	-76.63884	6.175135
	-76.63889	6.175112
	-76.639	6.175059
	-76.63939	6.174843
	-76.63966	6.174664
	-76.63996	6.174413
	-76.64001	6.17434
	-76.64011	6.174248
	-76.64028	6.174036
	-76.64031	6.173984
	-76.64046	6.173647
	-76.64056	6.173435
	-76.64063	6.173229
	-76.64066	6.173177
	-76.64078	6.17281
	-76.64096	6.172256
	-76.64116	6.171907
	-76.64125	6.171747
	-76.64135	6.171631
	-76.64146	6.171448
	-76.64154	6.171265
	-76.6416	6.17114
	-76.64173	6.170779
	-76.64188	6.170293
	-76.64199	6.170052
	-76.6421	6.169914
	-76.64225	6.169686
	-76.64244	6.169462
	-76.64257	6.169267
	-76.64263	6.169176
	-76.64296	6.168788
	-76.64324	6.168598
	-76.64331	6.168535
	-76.64339	6.168507
	-76.64353	6.168392
	-76.64374	6.168301
	-76.64401	6.168215
	-76.64426	6.168181
	-76.64459	6.168147
	-76.64489	6.168118
	-76.64523	6.168227
	-76.64535	6.168221
	-76.64595	6.168341
	-76.64606	6.168394
	-76.64614	6.168404
	-76.64658	6.16864
	-76.64677	6.169018
	-76.64685	6.169074
	-76.64694	6.169207
	-76.64697	6.169252
	-76.64706	6.169344
	-76.64713	6.169401
	-76.64748	6.169607
	-76.64758	6.169642
	-76.64785	6.16971
	-76.64798	6.169756
	-76.6484	6.169923
	-76.64846	6.16995
	-76.64863	6.170089
	-76.64884	6.170163
	-76.64919	6.170243
	-76.64933	6.170289
	-76.64946	6.170317
	-76.64963	6.170323
	-76.64983	6.170306
	-76.64994	6.170301
	-76.65007	6.170295
	-76.65035	6.170283
	-76.65052	6.170278
	-76.65065	6.170289
	-76.65114	6.17037
	-76.65131	6.170496
	-76.65166	6.170651
	-76.65182	6.170748
	-76.65216	6.171012
	-76.65223	6.171114
	-76.65257	6.171522
	-76.65268	6.171659
	-76.65277	6.171733
	-76.65284	6.17179
	-76.65298	6.171875
	-76.6531	6.171939
	-76.65319	6.172071
	-76.65344	6.172242
	-76.65354	6.172318
	-76.65362	6.172358
	-76.65378	6.172426
	-76.65399	6.172461
	-76.65428	6.172569
	-76.65443	6.172678
	-76.65455	6.172804
	-76.65466	6.172931
	-76.65472	6.172959
	-76.65482	6.173023
	-76.65495	6.173084
	-76.6551	6.173148
	-76.65529	6.173171
	-76.65537	6.17317
	-76.65554	6.173165
	-76.65573	6.173125
	-76.65599	6.173062
	-76.65612	6.173033
	-76.65629	6.173034
	-76.65646	6.17296
	-76.65658	6.172914
	-76.65682	6.172873
	-76.65702	6.172799
	-76.65715	6.172771
	-76.65727	6.172766
	-76.65741	6.172725
	-76.65753	6.172714
	-76.65765	6.172713
	-76.65817	6.17284
	-76.65839	6.172834
	-76.65871	6.172834
	-76.65925	6.172708
	-76.65944	6.172611
	-76.65994	6.172262
	-76.66048	6.171781
	-76.66064	6.17162
	-76.66109	6.171415
	-76.66138	6.171324
	-76.66189	6.17114
	-76.6623	6.171026
	-76.66253	6.170894
	-76.66271	6.170838
	-76.66283	6.170792
	-76.66308	6.170718
	-76.66348	6.170649
	-76.66364	6.170661
	-76.66396	6.1707
	-76.66404	6.170713
	-76.66415	6.170752
	-76.66454	6.170913
	-76.66483	6.170981
	-76.665	6.171028
	-76.66506	6.171102
	-76.66513	6.171141
	-76.66522	6.1712
	-76.6656	6.171491
	-76.66577	6.171565
	-76.66592	6.171646
	-76.66602	6.171691
	-76.66629	6.171749
	-76.66653	6.171737
	-76.66668	6.171715
	-76.6669	6.171521
	-76.66704	6.171416
	-76.66711	6.171355
	-76.66727	6.171251
	-76.66731	6.171148
	-76.66732	6.17105
	-76.66735	6.170964
	-76.66735	6.170862
	-76.66733	6.170776
	-76.66735	6.170679
	-76.66736	6.170547
	-76.66749	6.170461
	-76.66754	6.170393
	-76.66764	6.170283
	-76.66769	6.170208
	-76.66777	6.170107
	-76.66784	6.17002
	-76.66798	6.169901
	-76.6681	6.169843
	-76.66816	6.169854
	-76.66867	6.169631
	-76.66884	6.169797
	-76.6689	6.169838
	-76.66898	6.169895
	-76.66908	6.169969
	-76.66916	6.170067
	-76.66943	6.170496
	-76.66955	6.170702
	-76.66959	6.170765
	-76.66974	6.170931
	-76.66983	6.171052
	-76.66998	6.171287
	-76.67013	6.171424
	-76.67022	6.171526
	-76.67028	6.171596
	-76.67031	6.171648
	-76.67043	6.171923
	-76.67052	6.172145
	-76.67058	6.17226
	-76.67065	6.172414
	-76.6708	6.172558
	-76.67102	6.17307
	-76.67112	6.173152
	-76.67118	6.173226
	-76.6713	6.1734
	-76.67135	6.173515
	-76.67142	6.173622
	-76.67147	6.173678
	-76.67156	6.173747
	-76.67176	6.173907
	-76.67182	6.173952
	-76.67198	6.174066
	-76.67205	6.174125
	-76.67214	6.174141
	-76.6722	6.174165
	-76.67226	6.174165
	-76.67259	6.174089
	-76.67277	6.174048
	-76.67289	6.173955
	-76.67293	6.173909
	-76.67299	6.173759
	-76.67304	6.173506
	-76.67307	6.173449
	-76.6731	6.173337
	-76.67312	6.173235
	-76.67318	6.172916
	-76.67318	6.172831
	-76.6732	6.172635
	-76.67317	6.172364
	-76.67312	6.172207
	-76.67306	6.172123
	-76.67306	6.171893
	-76.67309	6.171774
	-76.67309	6.171633
	-76.67308	6.17134
	-76.67312	6.171167
	-76.6731	6.171035
	-76.67309	6.170686
	-76.6732	6.170553
	-76.67333	6.170513
	-76.67346	6.17051
	-76.67365	6.170529
	-76.6739	6.170598
	-76.67419	6.170725
	-76.6744	6.170856
	-76.6746	6.171076
	-76.67473	6.171136
	-76.67488	6.171342
	-76.67496	6.171623
	-76.67505	6.171733
	-76.67515	6.171966
	-76.67528	6.172071
	-76.67547	6.172291
	-76.67559	6.172397
	-76.6758	6.172579
	-76.67596	6.172764
	-76.67609	6.172949
	-76.67658	6.173106
	-76.67672	6.17314
	-76.67705	6.173181
	-76.6772	6.173193
	-76.67746	6.173228
	-76.67765	6.173211
	-76.6778	6.173205
	-76.67825	6.173176
	-76.67842	6.173107
	-76.67906	6.17282
	-76.67924	6.172688
	-76.67944	6.172506
	-76.67963	6.17235
	-76.67987	6.172242
	-76.67996	6.172112
	-76.68025	6.171912
	-76.68039	6.171737
	-76.68089	6.171472
	-76.6811	6.171278
	-76.68129	6.171203
	-76.6816	6.171141
	-76.68168	6.171152
	-76.68195	6.171209
	-76.68204	6.171227
	-76.6824	6.171313
	-76.68253	6.171335
	-76.68303	6.171536
	-76.68342	6.17157
	-76.68351	6.171577
	-76.68373	6.171549
	-76.68384	6.171497
	-76.68396	6.171394
	-76.68405	6.171342
	-76.6842	6.171257
	-76.68432	6.171102
	-76.68438	6.171021
	-76.68449	6.17093
	-76.68451	6.170857
	-76.68447	6.170731
	-76.6844	6.170622
	-76.68433	6.170491
	-76.68404	6.170285
	-76.6839	6.170232
	-76.68369	6.170198
	-76.68349	6.170147
	-76.68338	6.170107
	-76.68322	6.170084
	-76.68302	6.170061
	-76.68273	6.17002
	-76.6826	6.170026
	-76.68246	6.170009
	-76.68228	6.170003
	-76.68206	6.169958
	-76.68193	6.169946
	-76.68158	6.169899
	-76.68147	6.169905
	-76.68112	6.169848
	-76.68104	6.16974
	-76.68092	6.169579
	-76.68096	6.169482
	-76.68098	6.169362
	-76.68104	6.169207
	-76.68108	6.168973
	-76.6812	6.168819
	-76.6814	6.168641
	-76.68179	6.168305
	-76.68198	6.168139
	-76.6824	6.167962
	-76.68253	6.167812
	-76.6827	6.167653
	-76.6832	6.167304
	-76.68335	6.167179
	-76.68343	6.167104
	-76.68379	6.166808
	-76.68397	6.166447
	-76.68397	6.166303
	-76.68403	6.166126
	-76.6841	6.165634
	-76.68419	6.165429
	-76.68439	6.164863
	-76.68438	6.164549
	-76.68444	6.164103
	-76.68464	6.163765
	-76.68466	6.163496
	-76.68479	6.162838
	-76.68491	6.162656
	-76.68506	6.162616
	-76.68519	6.162513
	-76.68538	6.162348
	-76.68565	6.162165
	-76.68589	6.162004
	-76.68611	6.161879
	-76.68638	6.161735
	-76.68656	6.161685
	-76.68689	6.161503
	-76.68701	6.16151
	-76.68721	6.161489
	-76.68811	6.161617
	-76.68858	6.161761
	-76.6892	6.162304
	-76.68952	6.162958
	-76.68955	6.163691
	-76.68943	6.164887
	-76.68946	6.165732
	-76.68962	6.165956
	-76.69	6.165924
	-76.69078	6.165318
	-76.69118	6.164937
	-76.69146	6.16457
	-76.6926	6.163773
	-76.69371	6.1632
	-76.69435	6.163136
	-76.695	6.163345
	-76.69553	6.163743
	-76.69601	6.163998
	-76.69655	6.164525
	-76.69754	6.165339
	-76.69817	6.165757
	-76.70025	6.167114
	-76.70038	6.167198
	-76.70192	6.167949
	-76.70431	6.169151
	-76.70692	6.169738
	-76.70871	6.17014
	-76.7091	6.170172
	-76.71213	6.170521
	-76.71454	6.170969
	-76.71541	6.17104
	-76.71699	6.171589
	-76.71803	6.172237
	-76.71879	6.173104
	-76.71945	6.174569
	-76.71989	6.175982
	-76.72012	6.177287
	-76.72045	6.178972
	-76.72046	6.181257
	-76.71982	6.183001
	-76.71921	6.184587
	-76.71737	6.186771
	-76.71531	6.188643
	-76.71461	6.190454
	-76.71451	6.192359
	-76.71583	6.194093
	-76.71746	6.195445
	-76.71866	6.196147
	-76.71989	6.19698
	-76.72065	6.197578
	-76.72121	6.198483
	-76.72158	6.199411
	-76.72192	6.20129
	-76.72197	6.202933
	-76.72168	6.204945
	-76.72115	6.206893
	-76.72042	6.209326
	-76.71989	6.21099
	-76.71914	6.212736
	-76.71841	6.214096
	-76.71791	6.21545
	-76.71779	6.217057
	-76.71819	6.218092
	-76.71876	6.218994
	-76.71895	6.219128
	-76.71907	6.21919
	-76.7205	6.219955
	-76.72258	6.22096
	-76.72471	6.221566
	-76.72566	6.222367
	-76.72668	6.223762
	-76.72736	6.225339
	-76.72723	6.226921
	-76.72645	6.228302
	-76.72545	6.230091
	-76.7248	6.231585
	-76.72393	6.233599
	-76.7237	6.235812
	-76.72398	6.236518
	-76.72453	6.237202
	-76.72538	6.237589
	-76.72688	6.237549
	-76.72779	6.237528
	-76.72871	6.237426
	-76.72947	6.237128
	-76.7306	6.237009
	-76.73139	6.23701
	-76.73321	6.237316
	-76.73696	6.239472
	-76.74079	6.241294
	-76.74431	6.24297
	-76.74753	6.24498
	-76.75166	6.247393
	-76.75343	6.249081
	-76.75558	6.251422
	-76.75736	6.253718
	-76.7582	6.25599
	-76.75897	6.25812
	-76.75888	6.259528
	-76.75893	6.260841
	-76.75846	6.262158
	-76.75799	6.263235
	-76.75712	6.264633
	-76.75617	6.266595
	-76.75532	6.267869
	-76.75377	6.269412
	-76.7524	6.271051
	-76.75102	6.272699
	-76.74999	6.273776
	-76.74951	6.274376
	-76.74887	6.276084
	-76.7489	6.277871
	-76.74932	6.27919
	-76.75014	6.280798
	-76.75143	6.282254
	-76.75261	6.283393
	-76.75411	6.284064
	-76.75553	6.284643
	-76.75704	6.284865
	-76.75842	6.285061
	-76.76004	6.285214
	-76.7615	6.285174
	-76.76295	6.285077
	-76.76439	6.284986
	-76.76564	6.284836
	-76.76699	6.284797
	-76.76843	6.284642
	-76.76983	6.28458
	-76.77116	6.284349
	-76.77222	6.28434
	-76.77347	6.284602
	-76.77485	6.284766
	-76.77607	6.284963
	-76.77718	6.285299
	-76.77814	6.285765
	-76.77908	6.286571
	-76.78013	6.287327
	-76.78096	6.288191
	-76.78185	6.289172
	-76.78265	6.29009
	-76.78326	6.291098
	-76.78377	6.29216
	-76.78417	6.293424
	-76.78465	6.294561
	-76.78481	6.295733
	-76.78499	6.297004
	-76.78503	6.298234
	-76.78497	6.299451
	-76.78475	6.30071
	-76.78456	6.301937
	-76.78413	6.303117
	-76.78373	6.304407
	-76.78327	6.30567
	-76.78286	6.307257
	-76.78293	6.30901
	-76.78349	6.310646
	-76.78438	6.311962
	-76.78525	6.313063
	-76.78616	6.314206
	-76.78714	6.315128
	-76.7878	6.316069
	-76.78844	6.317196
	-76.78905	6.318258
	-76.78942	6.319365
	-76.78972	6.320596
	-76.78996	6.321788
	-76.78999	6.322801
	-76.78965	6.32386
	-76.78938	6.324669
	-76.78867	6.32535
	-76.78804	6.32587
	-76.78705	6.326632
	-76.78609	6.327075
	-76.7849	6.327373
	-76.78355	6.327488
	-76.78213	6.327488
	-76.77977	6.327785
	-76.77814	6.328988
	-76.77856	6.331587
	-76.77927	6.333395
	-76.78061	6.334539
	-76.78181	6.335399
	-76.783	6.336099
	-76.78427	6.336507
	-76.78577	6.336946
	-76.7872	6.337453
	-76.78842	6.338012
	-76.78938	6.338525
	-76.78998	6.339318
	-76.79039	6.340433
	-76.79046	6.34141
	-76.79051	6.342577
	-76.79049	6.343812
	-76.79036	6.344693
	-76.79033	6.344952
	-76.78995	6.346085
	-76.78971	6.347368
	-76.78923	6.348958
	-76.78872	6.350168
	-76.78808	6.35129
	-76.78746	6.352022
	-76.78679	6.35291
	-76.78591	6.353611
	-76.78485	6.354317
	-76.78381	6.354964
	-76.78271	6.355416
	-76.78145	6.355817
	-76.78012	6.356279
	-76.77886	6.3568
	-76.77771	6.357208
	-76.77632	6.357505
	-76.7748	6.358203
	-76.77351	6.359247
	-76.77238	6.360601
	-76.77185	6.362382
	-76.77192	6.363988
	-76.77205	6.365501
	-76.77252	6.367133
	-76.7735	6.368588
	-76.7748	6.369703
	-76.77639	6.370451
	-76.77796	6.370647
	-76.77919	6.370769
	-76.78036	6.371127
	-76.78162	6.3715
	-76.78281	6.371942
	-76.78411	6.372535
	-76.78472	6.372806
	-76.78556	6.373404
	-76.78631	6.375199
	-76.78663	6.377368
	-76.78605	6.379101
	-76.78517	6.380616
	-76.78442	6.381411
	-76.78331	6.381731
	-76.78213	6.381936
	-76.78092	6.381994
	-76.77968	6.381937
	-76.77849	6.381794
	-76.77736	6.381473
	-76.77612	6.380964
	-76.7747	6.380537
	-76.77327	6.380246
	-76.77174	6.380027
	-76.77	6.380178
	-76.7683	6.38099
	-76.76718	6.382306
	-76.76626	6.383714
	-76.76591	6.385304
	-76.76566	6.38671
	-76.76549	6.388186
	-76.76552	6.389681
	-76.76566	6.391308
	-76.76639	6.392909
	-76.76747	6.394172
	-76.76859	6.39511
	-76.76968	6.396043
	-76.77086	6.396822
	-76.77195	6.397601
	-76.77306	6.398368
	-76.77415	6.399168
	-76.77531	6.399975
	-76.77657	6.400739
	-76.77788	6.401344
	-76.77909	6.401866
	-76.7802	6.402464
	-76.78131	6.403147
	-76.78224	6.403956
	-76.78323	6.40473
	-76.784	6.405285
	-76.78579	6.406468
	-76.78757	6.407272
	-76.79011	6.408193
	-76.79164	6.408757
	-76.79197	6.408971
	-76.79328	6.410195
	-76.79352	6.410636
	-76.79395	6.411274
	-76.79424	6.411938
	-76.79455	6.412954
	-76.79513	6.414668
	-76.79549	6.416263
	-76.79567	6.418913
	-76.79523	6.421226
	-76.79391	6.422626
	-76.79257	6.423643
	-76.79118	6.42445
	-76.78949	6.424857
	-76.78853	6.425003
	-76.78747	6.424918
	-76.78591	6.424674
	-76.78395	6.424166
	-76.7826	6.42357
	-76.78101	6.422994
	-76.77933	6.422483
	-76.77841	6.422055
	-76.77664	6.421516
	-76.77414	6.421212
	-76.77192	6.421285
	-76.76978	6.421448
	-76.76858	6.421927
	-76.76697	6.422491
	-76.76607	6.423248
	-76.76495	6.424811
	-76.76442	6.425957
	-76.76398	6.42703
	-76.76301	6.430022
	-76.76278	6.431676
	-76.76258	6.433354
	-76.76277	6.43519
	-76.76415	6.43784
	-76.76636	6.439126
	-76.76817	6.439549
	-76.76986	6.439658
	-76.77112	6.439651
	-76.77292	6.439052
	-76.7742	6.437963
	-76.77529	6.437267
	-76.77618	6.436446
	-76.77747	6.435362
	-76.77848	6.434731
	-76.77942	6.43437
	-76.78068	6.433526
	-76.78083	6.433391
	-76.78168	6.433043
	-76.78371	6.432656
	-76.78609	6.432658
	-76.78804	6.432902
	-76.79098	6.433766
	-76.7927	6.434632
	-76.79424	6.436169
	-76.79518	6.437996
	-76.79532	6.439394
	-76.79557	6.441055
	-76.79543	6.443061
	-76.7952	6.444793
	-76.79493	6.446092
	-76.79426	6.447855
	-76.79386	6.449199
	-76.79306	6.451047
	-76.79253	6.452029
	-76.79148	6.453307
	-76.78989	6.454497
	-76.78759	6.456134
	-76.78513	6.457405
	-76.78457	6.457855
	-76.78421	6.458261
	-76.78404	6.458682
	-76.78379	6.459282
	-76.78365	6.459857
	-76.78354	6.460692
	-76.78319	6.461621
	-76.78281	6.46243
	-76.78244	6.464219
	-76.78229	6.465303
	-76.7822	6.466377
	-76.78214	6.467913
	-76.78217	6.469075
	-76.78217	6.470222
	-76.78201	6.471161
	-76.78182	6.471872
	-76.78169	6.472302
	-76.78155	6.472854
	-76.78142	6.473512
	-76.78133	6.474033
	-76.78134	6.474538
	-76.78124	6.474923
	-76.78118	6.475135
	-76.78049	6.475828
	-76.77971	6.475949
	-76.77902	6.475991
	-76.77806	6.475643
	-76.77727	6.475042
	-76.77659	6.474388
	-76.77595	6.473322
	-76.77549	6.472157
	-76.77541	6.470554
	-76.77542	6.469071
	-76.77536	6.467504
	-76.7751	6.466082
	-76.77422	6.465072
	-76.77329	6.464697
	-76.77255	6.464697
	-76.77163	6.464811
	-76.77065	6.46481
	-76.76936	6.465262
	-76.76863	6.465914
	-76.76813	6.466668
	-76.76764	6.467707
	-76.76749	6.468731
	-76.76729	6.469332
	-76.76677	6.470186
	-76.76645	6.471867
	-76.76623	6.473085
	-76.76629	6.474515
	-76.76648	6.475855
	-76.76678	6.476848
	-76.76719	6.477717
	-76.76758	6.478376
	-76.76827	6.478621
	-76.76856	6.478818
	-76.76886	6.479002
	-76.76946	6.479795
	-76.77041	6.481197
	-76.77147	6.482229
	-76.77214	6.482891
	-76.77317	6.484065
	-76.77378	6.484793
	-76.77446	6.485646
	-76.77535	6.486732
	-76.776	6.487552
	-76.77653	6.488239
	-76.77729	6.488939
	-76.77841	6.489846
	-76.7795	6.490553
	-76.78076	6.491034
	-76.78162	6.491435
	-76.78255	6.49179
	-76.78349	6.492164
	-76.78448	6.492459
	-76.78543	6.492551
	-76.78653	6.492952
	-76.78784	6.493621
	-76.78938	6.494337
	-76.79091	6.495133
	-76.7916	6.495599
	-76.79235	6.496348
	-76.79298	6.496952
	-76.7934	6.497449
	-76.79357	6.498108
	-76.79389	6.498722
	-76.79422	6.499786
	-76.79474	6.50046
	-76.79531	6.501498
	-76.7957	6.502478
	-76.79615	6.503414
	-76.79633	6.503904
	-76.79699	6.505028
	-76.79784	6.506269
	-76.79914	6.507231
	-76.80034	6.507312
	-76.80144	6.507187
	-76.80276	6.50699
	-76.80411	6.506249
	-76.80475	6.50575
	-76.8054	6.505
	-76.80618	6.503733
	-76.8066	6.503031
	-76.80708	6.502326
	-76.80737	6.50122
	-76.80797	6.500082
	-76.80918	6.498167
	-76.81006	6.496768
	-76.81063	6.495714
	-76.81143	6.493942
	-76.81216	6.492023
	-76.81275	6.491131
	-76.81327	6.490252
	-76.81418	6.489156
	-76.81515	6.488132
	-76.81599	6.487149
	-76.81664	6.486618
	-76.81706	6.486519
	-76.81777	6.486519
	-76.81851	6.486592
	-76.81903	6.486757
	-76.81961	6.48712
	-76.82006	6.48742
	-76.82071	6.488006
	-76.82085	6.488506
	-76.82098	6.488798
	-76.82121	6.489952
	-76.82143	6.491409
	-76.82143	6.492681
	-76.82148	6.493841
	-76.82154	6.495508
	-76.82166	6.497298
	-76.82207	6.499341
	-76.82224	6.500428
	-76.82242	6.501347
	-76.82281	6.502636
	-76.82304	6.504334
	-76.82338	6.505639
	-76.82354	6.507144
	-76.82359	6.508584
	-76.82359	6.510262
	-76.8231	6.51136
	-76.82286	6.513519
	-76.82228	6.515219
	-76.82153	6.516921
	-76.82087	6.517801
	-76.82026	6.518893
	-76.81962	6.520109
	-76.81941	6.52121
	-76.81935	6.522182
	-76.81942	6.52323
	-76.81988	6.524485
	-76.82038	6.525485
	-76.82149	6.52604
	-76.82353	6.52622
	-76.82561	6.525758
	-76.82903	6.524218
	-76.83067	6.523148
	-76.83259	6.521642
	-76.834	6.520568
	-76.83513	6.519765
	-76.83599	6.519354
	-76.83717	6.519257
	-76.83806	6.519258
	-76.83922	6.51966
	-76.84021	6.520594
	-76.841	6.521452
	-76.84166	6.521891
	-76.84223	6.522942
	-76.84248	6.52377
	-76.84308	6.525011
	-76.84363	6.526285
	-76.84431	6.527706
	-76.84543	6.530515
	-76.84588	6.531852
	-76.84627	6.533144
	-76.84661	6.534394
	-76.847	6.535797
	-76.84732	6.537336
	-76.84732	6.538978
	-76.84738	6.540483
	-76.84774	6.542661
	-76.84805	6.543654
	-76.84794	6.545793
	-76.84813	6.547606
	-76.84849	6.548817
	-76.84878	6.549902
	-76.84906	6.550875
	-76.84961	6.55297
	-76.84978	6.554629
	-76.8504	6.556995
	-76.8513	6.558488
	-76.85175	6.559506
	-76.85263	6.561082
	-76.85381	6.562257
	-76.85516	6.563196
	-76.85614	6.56402
	-76.85771	6.565416
	-76.85872	6.566485
	-76.8596	6.567372
	-76.86045	6.568448
	-76.86144	6.569498
	-76.86299	6.570341
	-76.86433	6.570851
	-76.86548	6.571055
	-76.86705	6.57099
	-76.86847	6.570618
	-76.86925	6.570379
	-76.87048	6.569949
	-76.87183	6.569213
	-76.87309	6.568416
	-76.87486	6.567478
	-76.87657	6.566521
	-76.87782	6.565413
	-76.8789	6.564049
	-76.87954	6.563121
	-76.88024	6.561716
	-76.881	6.56109
	-76.88148	6.56074
	-76.88194	6.560428
	-76.88261	6.56025
	-76.88335	6.560266
	-76.88426	6.560492
	-76.88536	6.560969
	-76.88696	6.561546
	-76.88749	6.56197
	-76.88869	6.56311
	-76.88952	6.564111
	-76.89045	6.565162
	-76.89139	6.566161
	-76.89286	6.567574
	-76.89367	6.569263
	-76.8941	6.570207
	-76.89464	6.571015
	-76.89523	6.572035
	-76.89566	6.572882
	-76.89615	6.573806
	-76.89671	6.574884
	-76.89712	6.575634
	-76.89742	6.576289
	-76.898	6.577522
	-76.89849	6.579063
	-76.89873	6.579854
	-76.89891	6.580374
	-76.89902	6.58076
	-76.8991	6.581126
	-76.89919	6.581498
	-76.89926	6.58182
	-76.89935	6.582285
	-76.89944	6.58288
	-76.89938	6.584088
	-76.89943	6.584724
	-76.89916	6.586434
	-76.8987	6.588717
	-76.89795	6.591101
	-76.89722	6.593162
	-76.89602	6.595408
	-76.89467	6.598105
	-76.89158	6.602697
	-76.89023	6.604978
	-76.88872	6.606529
	-76.8877	6.60757
	-76.88642	6.608391
	-76.88563	6.608773
	-76.88452	6.609216
	-76.88325	6.609561
	-76.88201	6.609845
	-76.88017	6.609917
	-76.87872	6.609945
	-76.87647	6.609977
	-76.87373	6.609655
	-76.87247	6.609463
	-76.8715	6.60923
	-76.87066	6.609095
	-76.86991	6.608841
	-76.86798	6.608614
	-76.86553	6.608826
	-76.86385	6.609526
	-76.86215	6.61146
	-76.86105	6.613038
	-76.85942	6.615477
	-76.85856	6.619227
	-76.85966	6.623115
	-76.86204	6.625475
	-76.86575	6.627715
	-76.87039	6.629577
	-76.87383	6.629742
	-76.87865	6.629905
	-76.88305	6.628935
	-76.88623	6.628147
	-76.89005	6.626957
	-76.89484	6.625887
	-76.89799	6.625164
	-76.9014	6.625313
	-76.90424	6.626168
	-76.90744	6.628058
	-76.90992	6.630245
	-76.9114	6.633097
	-76.91196	6.635643
	-76.91202	6.637068
	-76.91231	6.639133
	-76.91209	6.64
	-76.91192	6.641541
	-76.91116	6.643359
	-76.91053	6.644724
	-76.90862	6.646923
	-76.907	6.648487
	-76.90537	6.649695
	-76.90402	6.650983
	-76.90259	6.65217
	-76.90166	6.65293
	-76.90082	6.653506
	-76.9004	6.653957
	-76.89849	6.656343
	-76.89684	6.659472
	-76.8965	6.662369
	-76.89699	6.665173
	-76.89787	6.667654
	-76.89989	6.670257
	-76.90176	6.67129
	-76.9039	6.671923
	-76.90559	6.672087
	-76.90715	6.671383
	-76.90841	6.6702
	-76.9101	6.669041
	-76.9128	6.666983
	-76.91442	6.664874
	-76.91591	6.662976
	-76.91671	6.661697
	-76.91767	6.659453
	-76.91878	6.655969
	-76.9191	6.653478
	-76.91954	6.6514
	-76.9208	6.650559
	-76.92169	6.649883
	-76.92245	6.649481
	-76.92337	6.649252
	-76.92526	6.648993
	-76.92814	6.649249
	-76.93026	6.649635
	-76.93218	6.650344
	-76.93394	6.651215
	-76.93596	6.653098
	-76.93677	6.654978
	-76.93734	6.657858
	-76.93795	6.660248
	-76.93812	6.662583
	-76.93857	6.667212
	-76.93918	6.670718
	-76.93933	6.673339
	-76.93943	6.676116
	-76.93963	6.678954
	-76.93952	6.680831
	-76.93948	6.683966
	-76.93983	6.68471
	-76.94056	6.684833
	-76.94125	6.684776
	-76.94172	6.684351
	-76.94206	6.683486
	-76.94374	6.680744
	-76.94611	6.678057
	-76.94924	6.675424
	-76.95113	6.674423
	-76.95321	6.674445
	-76.95467	6.67422
	-76.95651	6.674514
	-76.95893	6.675688
	-76.96085	6.676678
	-76.96239	6.678558
	-76.96388	6.681642
	-76.96384	6.683668
	-76.96355	6.685824
	-76.96281	6.687036
	-76.96136	6.688319
	-76.95916	6.689611
	-76.95721	6.690078
	-76.95392	6.690307
	-76.95231	6.690675
	-76.95208	6.690744
	-76.94994	6.69275
	-76.94732	6.695796
	-76.94595	6.698115
	-76.94435	6.701105
	-76.94305	6.704213
	-76.94186	6.7062
	-76.93873	6.708043
	-76.93574	6.708286
	-76.93411	6.709414
	-76.93333	6.711245
	-76.93394	6.713961
	-76.93477	6.715602
	-76.93542	6.716914
	-76.936	6.718073
	-76.93723	6.720327
	-76.93875	6.721784
	-76.94018	6.722869
	-76.94212	6.723802
	-76.94451	6.72425
	-76.94588	6.724421
	-76.94799	6.724271
	-76.94942	6.723842
	-76.95133	6.723433
	-76.95279	6.723037
	-76.95406	6.722921
	-76.95548	6.723293
	-76.95672	6.723987
	-76.95836	6.725329
	-76.95905	6.726725
	-76.95944	6.728139
	-76.96001	6.730434
	-76.96078	6.732487
	-76.96187	6.73499
	-76.96322	6.737242
	-76.9649	6.738971
	-76.96646	6.741136
	-76.96708	6.743877
	-76.96669	6.747225
	-76.96576	6.750693
	-76.96558	6.75119
	-76.96507	6.752042
	-76.96456	6.753207
	-76.9641	6.754225
	-76.96369	6.755138
	-76.96319	6.756465
	-76.96298	6.757795
	-76.96272	6.75924
	-76.96251	6.76052
	-76.96247	6.761483
	-76.96241	6.762493
	-76.96242	6.763474
	-76.96246	6.764234
	-76.96256	6.766478
	-76.96263	6.767605
	-76.96264	6.769071
	-76.96305	6.770808
	-76.96343	6.772768
	-76.96397	6.774015
	-76.96437	6.776116
	-76.96461	6.777904
	-76.96432	6.780415
	-76.96396	6.782504
	-76.96318	6.784496
	-76.96163	6.786716
	-76.96034	6.788041
	-76.95924	6.789388
	-76.95869	6.790157
	-76.95836	6.790992
	-76.95809	6.791897
	-76.9581	6.792797
	-76.95818	6.793697
	-76.95881	6.794383
	-76.95958	6.794858
	-76.96049	6.795055
	-76.9677	6.794967
	-76.9686	6.795164
	-76.9695	6.7955
	-76.97027	6.795975
	-76.97097	6.79659
	-76.97161	6.797276
	-76.97219	6.799349
	-76.97268	6.80188
	-76.97284	6.80409
	-76.9731	6.806072
	-76.97304	6.806974
	-76.97278	6.807947
	-76.97265	6.80885
	-76.97231	6.809685
	-76.97184	6.810523
	-76.97143	6.811359
	-76.97096	6.812128
	-76.9702	6.812691
	-76.96937	6.813117
	-76.96855	6.813612
	-76.96675	6.814189
	-76.96592	6.814545
	-76.96503	6.814764
	-76.96413	6.814914
	-76.9616	6.815461
	-76.95979	6.815894
	-76.95703	6.816159
	-76.95487	6.816172
	-76.9532	6.816232
	-76.95228	6.816287
	-76.95144	6.816267
	-76.95055	6.816327
	-76.94965	6.816269
	-76.94785	6.816014
	-76.94514	6.815839
	-76.94424	6.815711
	-76.9434	6.815375
	-76.9425	6.815109
	-76.94099	6.814863
	-76.93801	6.814335
	-76.93616	6.813848
	-76.93532	6.813655
	-76.9338	6.813366
	-76.93179	6.813676
	-76.93104	6.814208
	-76.93064	6.815045
	-76.92992	6.817264
	-76.92948	6.81918
	-76.9291	6.821369
	-76.92859	6.822763
	-76.92824	6.823833
	-76.92792	6.825612
	-76.92699	6.828188
	-76.92651	6.829025
	-76.92611	6.830105
	-76.92577	6.83101
	-76.92551	6.831914
	-76.92462	6.833519
	-76.92429	6.834424
	-76.92328	6.836931
	-76.92261	6.838301
	-76.92123	6.840496
	-76.92025	6.842142
	-76.91947	6.843146
	-76.91886	6.843846
	-76.9181	6.84434
	-76.91727	6.844766
	-76.91645	6.845331
	-76.91569	6.845825
	-76.9152	6.84542
	-76.91495	6.844772
	-76.91523	6.843995
	-76.91559	6.843339
	-76.91582	6.842603
	-76.91565	6.841953
	-76.9152	6.841674
	-76.91435	6.841928
	-76.91374	6.842547
	-76.91322	6.843042
	-76.91261	6.84309
	-76.91199	6.84265
	-76.91158	6.842044
	-76.91104	6.841439
	-76.90994	6.841249
	-76.90892	6.841139
	-76.90822	6.8407
	-76.90777	6.840339
	-76.90702	6.839493
	-76.90649	6.838807
	-76.90554	6.838004
	-76.90443	6.837488
	-76.90378	6.837211
	-76.90316	6.836648
	-76.90279	6.836266
	-76.90222	6.83611
	-76.90161	6.836321
	-76.90096	6.836817
	-76.90047	6.836945
	-76.90014	6.836542
	-76.9005	6.835927
	-76.90094	6.835311
	-76.90098	6.834822
	-76.90089	6.834578
	-76.90036	6.834422
	-76.89987	6.834387
	-76.89942	6.834148
	-76.89925	6.833743
	-76.89901	6.833735
	-76.8985	6.833808
	-76.89761	6.834058
	-76.89698	6.834385
	-76.89636	6.834659
	-76.89577	6.835052
	-76.89533	6.835264
	-76.89515	6.835443
	-76.89497	6.835801
	-76.89493	6.83607
	-76.89457	6.836383
	-76.89426	6.836562
	-76.89349	6.836562
	-76.893	6.836786
	-76.89282	6.837009
	-76.89269	6.837278
	-76.89251	6.837457
	-76.89215	6.837591
	-76.8917	6.837681
	-76.89152	6.83777
	-76.89103	6.837949
	-76.89076	6.838172
	-76.89058	6.838351
	-76.89031	6.838665
	-76.89009	6.838933
	-76.88964	6.839426
	-76.88942	6.839694
	-76.88901	6.839963
	-76.88875	6.840097
	-76.88852	6.840276
	-76.88839	6.840634
	-76.88834	6.840858
	-76.88834	6.841843
	-76.8883	6.842156
	-76.88816	6.84229
	-76.88807	6.842424
	-76.88793	6.842802
	-76.88777	6.843055
	-76.88756	6.843779
	-76.88746	6.844141
	-76.88732	6.844494
	-76.88697	6.845042
	-76.88675	6.845401
	-76.88604	6.846227
	-76.88551	6.846716
	-76.88469	6.847362
	-76.88379	6.847943
	-76.88298	6.848318
	-76.88215	6.848583
	-76.88181	6.848594
	-76.8816	6.848555
	-76.88128	6.848497
	-76.88103	6.848497
	-76.88079	6.848588
	-76.88063	6.848824
	-76.88052	6.849015
	-76.8802	6.849374
	-76.88002	6.849569
	-76.87954	6.850067
	-76.87899	6.850838
	-76.87873	6.851237
	-76.8784	6.851573
	-76.87814	6.851728
	-76.87788	6.851801
	-76.8774	6.851802
	-76.87664	6.851625
	-76.87634	6.851522
	-76.87591	6.851374
	-76.87511	6.851069
	-76.87435	6.850657
	-76.87407	6.850432
	-76.87367	6.849963
	-76.87313	6.849196
	-76.87285	6.848837
	-76.87254	6.84853
	-76.87226	6.848359
	-76.8717	6.848154
	-76.87082	6.847913
	-76.87041	6.847733
	-76.87008	6.847464
	-76.86951	6.846679
	-76.86896	6.845877
	-76.86848	6.845273
	-76.86822	6.844994
	-76.8679	6.844742
	-76.86745	6.844508
	-76.86673	6.844339
	-76.86644	6.844311
	-76.86601	6.84427
	-76.86528	6.844237
	-76.86457	6.844275
	-76.86425	6.844322
	-76.86395	6.844422
	-76.86367	6.84455
	-76.86287	6.84436
	-76.86235	6.844201
	-76.86183	6.845124
	-76.86133	6.845885
	-76.86069	6.846361
	-76.86025	6.846722
	-76.85979	6.846856
	-76.85937	6.846882
	-76.85886	6.846873
	-76.85837	6.846854
	-76.85801	6.846805
	-76.85764	6.846768
	-76.85684	6.846559
	-76.85628	6.846455
	-76.85569	6.84627
	-76.85493	6.845943
	-76.85406	6.845433
	-76.85354	6.844993
	-76.85274	6.844255
	-76.8521	6.843506
	-76.85186	6.84298
	-76.8516	6.84212
	-76.85143	6.841143
	-76.85121	6.840199
	-76.85104	6.839328
	-76.8507	6.83829
	-76.85045	6.837658
	-76.85025	6.836882
	-76.85006	6.836202
	-76.84972	6.835534
	-76.8494	6.834998
	-76.84902	6.834427
	-76.84859	6.833855
	-76.84792	6.833321
	-76.84721	6.832859
	-76.84643	6.832741
	-76.84582	6.832604
	-76.84514	6.832328
	-76.84446	6.832168
	-76.84379	6.832149
	-76.84271	6.832006
	-76.84128	6.832102
	-76.84005	6.832255
	-76.83772	6.832473
	-76.83646	6.832801
	-76.83533	6.83342
	-76.83405	6.834215
	-76.83271	6.83539
	-76.83181	6.836271
	-76.83114	6.836829
	-76.83018	6.837243
	-76.82884	6.837543
	-76.82762	6.837638
	-76.8268	6.837642
	-76.8258	6.837625
	-76.8255	6.837425
	-76.82503	6.837168
	-76.82446	6.836933
	-76.82373	6.836494
	-76.82334	6.836231
	-76.82285	6.836011
	-76.82238	6.835772
	-76.82187	6.835494
	-76.82148	6.8353
	-76.82109	6.835041
	-76.82063	6.834886
	-76.82018	6.83481
	-76.81934	6.834935
	-76.81904	6.83501
	-76.81878	6.83514
	-76.8185	6.835419
	-76.81825	6.835831
	-76.81795	6.83636
	-76.81783	6.836627
	-76.81761	6.83745
	-76.81753	6.837994
	-76.81753	6.840488
	-76.81757	6.841212
	-76.81762	6.841849
	-76.81771	6.842694
	-76.81792	6.843639
	-76.81819	6.844224
	-76.81842	6.844963
	-76.81865	6.845465
	-76.8191	6.84591
	-76.81963	6.846396
	-76.82008	6.847011
	-76.82038	6.847428
	-76.82153	6.848575
	-76.82232	6.849327
	-76.82308	6.849926
	-76.82355	6.850323
	-76.82402	6.850648
	-76.82481	6.850965
	-76.82539	6.851296
	-76.82599	6.851577
	-76.82644	6.852043
	-76.82692	6.852431
	-76.82761	6.852648
	-76.82812	6.852804
	-76.82904	6.852978
	-76.82968	6.853132
	-76.83021	6.853309
	-76.83066	6.853496
	-76.83126	6.853935
	-76.83161	6.854539
	-76.83175	6.855305
	-76.83175	6.856136
	-76.83137	6.856955
	-76.83101	6.857445
	-76.83062	6.857925
	-76.83004	6.858456
	-76.82952	6.85898
	-76.82882	6.859406
	-76.82798	6.859516
	-76.82704	6.859437
	-76.82631	6.859399
	-76.82544	6.859256
	-76.82446	6.859135
	-76.82363	6.858939
	-76.823	6.858795
	-76.82239	6.85863
	-76.82167	6.858476
	-76.82102	6.858437
	-76.82042	6.858398
	-76.81972	6.858407
	-76.81861	6.858439
	-76.81776	6.858549
	-76.81546	6.858743
	-76.81469	6.858824
	-76.81388	6.858939
	-76.81238	6.859301
	-76.81175	6.85947
	-76.80979	6.8602
	-76.80921	6.860621
	-76.80746	6.861775
	-76.80702	6.862011
	-76.80649	6.862294
	-76.80538	6.862459
	-76.80335	6.862231
	-76.80271	6.861991
	-76.802	6.8617
	-76.80144	6.861436
	-76.80085	6.861325
	-76.8002	6.86121
	-76.79985	6.86121
	-76.79948	6.861173
	-76.79872	6.861295
	-76.79839	6.861294
	-76.79793	6.861393
	-76.79743	6.861569
	-76.79717	6.861681
	-76.79649	6.861944
	-76.79623	6.862077
	-76.79571	6.862406
	-76.79531	6.862675
	-76.79489	6.863169
	-76.79449	6.863602
	-76.79409	6.863999
	-76.79389	6.864297
	-76.79337	6.864848
	-76.79298	6.865273
	-76.79263	6.86571
	-76.79225	6.866161
	-76.79181	6.866651
	-76.7914	6.867195
	-76.79113	6.867763
	-76.79099	6.868252
	-76.79082	6.86886
	-76.79069	6.869322
	-76.79059	6.869943
	-76.79081	6.870647
	-76.79098	6.871073
	-76.79154	6.871631
	-76.79191	6.871887
	-76.79236	6.872263
	-76.79295	6.872635
	-76.79344	6.872971
	-76.79401	6.873276
	-76.7944	6.873536
	-76.79477	6.874259
	-76.79464	6.875104
	-76.79424	6.875652
	-76.7937	6.875757
	-76.79309	6.875757
	-76.7925	6.875673
	-76.79187	6.875522
	-76.79147	6.875489
	-76.79094	6.875522
	-76.79059	6.875618
	-76.78984	6.875924
	-76.78939	6.876304
	-76.78891	6.876681
	-76.78876	6.876922
	-76.78832	6.877615
	-76.7881	6.878163
	-76.78749	6.879448
	-76.78727	6.88015
	-76.78708	6.880707
	-76.78698	6.881133
	-76.78698	6.881685
	-76.78702	6.882552
	-76.78715	6.883128
	-76.7876	6.884253
	-76.78778	6.884752
	-76.78806	6.885198
	-76.78812	6.886235
	-76.78819	6.887237
	-76.78819	6.887936
	-76.78807	6.888781
	-76.78793	6.889441
	-76.78774	6.889886
	-76.78774	6.890339
	-76.78779	6.890418
	-76.78801	6.890574
	-76.78834	6.89091
	-76.78874	6.891162
	-76.78926	6.89156
	-76.78965	6.891872
	-76.7901	6.892254
	-76.79083	6.89283
	-76.7914	6.893319
	-76.79186	6.893856
	-76.792	6.894183
	-76.79217	6.894476
	-76.79236	6.894952
	-76.79245	6.895379
	-76.79249	6.895735
	-76.79254	6.896175
	-76.79254	6.896683
	-76.79245	6.8973
	-76.79236	6.897765
	-76.79221	6.898549
	-76.79221	6.898941
	-76.79224	6.899389
	-76.79249	6.899992
	-76.79281	6.900534
	-76.79305	6.900769
	-76.79352	6.901159
	-76.79398	6.901493
	-76.79437	6.901846
	-76.79496	6.902431
	-76.79534	6.903071
	-76.79566	6.903475
	-76.79602	6.904016
	-76.79618	6.904362
	-76.79643	6.905175
	-76.79646	6.905443
	-76.79646	6.906645
	-76.79641	6.907294
	-76.79629	6.907749
	-76.79622	6.908522
	-76.79625	6.909002
	-76.79633	6.909558
	-76.79633	6.910081
	-76.79642	6.910582
	-76.79659	6.911192
	-76.79681	6.911844
	-76.79696	6.912458
	-76.79706	6.913083
	-76.79721	6.913515
	-76.79732	6.914247
	-76.79739	6.914758
	-76.79758	6.915459
	-76.79761	6.916174
	-76.79779	6.917258
	-76.79794	6.918326
	-76.7981	6.919314
	-76.79838	6.920196
	-76.79861	6.920841
	-76.79871	6.921527
	-76.79875	6.922199
	-76.79893	6.923056
	-76.79909	6.924004
	-76.7992	6.924874
	-76.79909	6.925667
	-76.79879	6.926328
	-76.79844	6.927055
	-76.79814	6.927664
	-76.79777	6.928298
	-76.79758	6.928867
	-76.79704	6.93005
	-76.7967	6.93079
	-76.79659	6.931313
	-76.79638	6.932791
	-76.79644	6.933609
	-76.79649	6.934228
	-76.79669	6.934987
	-76.79697	6.935655
	-76.79719	6.936431
	-76.79744	6.936995
	-76.7979	6.937849
	-76.79837	6.938479
	-76.79884	6.939215
	-76.79934	6.940215
	-76.79964	6.941361
	-76.79978	6.942534
	-76.79992	6.943681
	-76.79995	6.944208
	-76.79992	6.944841
	-76.79992	6.945673
	-76.79992	6.946451
	-76.80008	6.947241
	-76.80019	6.947821
	-76.80033	6.948862
	-76.80081	6.949308
	-76.80151	6.94937
	-76.80232	6.949128
	-76.80294	6.948729
	-76.80353	6.948356
	-76.80418	6.948233
	-76.80487	6.948234
	-76.80592	6.948296
	-76.80684	6.948648
	-76.80802	6.949827
	-76.80844	6.950431
	-76.80889	6.951112
	-76.80941	6.951919
	-76.80947	6.952675
	-76.80953	6.953664
	-76.80955	6.954653
	-76.80961	6.955484
	-76.80965	6.956235
	-76.80978	6.957118
	-76.80975	6.957857
	-76.80988	6.958526
	-76.81011	6.95941
	-76.81016	6.959808
	-76.81041	6.960635
	-76.81047	6.961107
	-76.81059	6.961571
	-76.81083	6.962002
	-76.81131	6.962441
	-76.81171	6.962749
	-76.81208	6.962917
	-76.81258	6.963236
	-76.81318	6.963523
	-76.81383	6.963633
	-76.81432	6.963757
	-76.81557	6.963757
	-76.81624	6.963706
	-76.81683	6.963707
	-76.81785	6.963522
	-76.81822	6.963361
	-76.81876	6.962999
	-76.81933	6.962477
	-76.81988	6.961881
	-76.82017	6.961303
	-76.82051	6.960795
	-76.82107	6.960078
	-76.82156	6.959321
	-76.82189	6.958671
	-76.82219	6.958207
	-76.82274	6.957452
	-76.82328	6.95679
	-76.82376	6.956154
	-76.82425	6.955663
	-76.82479	6.955211
	-76.82543	6.954851
	-76.826	6.954624
	-76.8266	6.954609
	-76.82719	6.95461
	-76.82807	6.954813
	-76.82855	6.955294
	-76.82893	6.956005
	-76.82901	6.956572
	-76.82911	6.957298
	-76.82883	6.958116
	-76.82835	6.958699
	-76.8279	6.959203
	-76.8273	6.959945
	-76.82687	6.960502
	-76.82649	6.961018
	-76.82591	6.961712
	-76.8249	6.962494
	-76.82431	6.962983
	-76.82394	6.963328
	-76.82353	6.963661
	-76.82307	6.964223
	-76.82264	6.964792
	-76.82217	6.965383
	-76.82175	6.966177
	-76.82148	6.966961
	-76.8212	6.96771
	-76.821	6.968403
	-76.82069	6.969608
	-76.82042	6.970312
	-76.82015	6.970945
	-76.81984	6.971616
	-76.81952	6.972355
	-76.81902	6.973255
	-76.81886	6.973792
	-76.81886	6.974871
	-76.8189	6.975427
	-76.81902	6.975956
	-76.8193	6.976345
	-76.8196	6.97665
	-76.82015	6.976885
	-76.82109	6.976979
	-76.82176	6.977028
	-76.82242	6.976981
	-76.82299	6.976887
	-76.82375	6.976698
	-76.82412	6.976534
	-76.82481	6.976044
	-76.8255	6.9756
	-76.82603	6.974898
	-76.82631	6.974632
	-76.82659	6.974235
	-76.82692	6.973784
	-76.82714	6.973427
	-76.82732	6.973057
	-76.82768	6.972659
	-76.82828	6.972312
	-76.82897	6.972216
	-76.82961	6.972252
	-76.83	6.972519
	-76.83051	6.972984
	-76.83058	6.973692
	-76.83037	6.974255
	-76.82997	6.974738
	-76.82974	6.975102
	-76.82957	6.975328
	-76.82939	6.975773
	-76.82919	6.97621
	-76.82897	6.976632
	-76.82889	6.976843
	-76.82879	6.977119
	-76.82872	6.977472
	-76.82866	6.977828
	-76.82858	6.978156
	-76.82848	6.978527
	-76.8284	6.978811
	-76.82837	6.979076
	-76.82837	6.979751
	-76.8284	6.979937
	-76.82854	6.980296
	-76.82861	6.980744
	-76.82867	6.980982
	-76.82879	6.981175
	-76.82906	6.981584
	-76.8294	6.98207
	-76.82978	6.98257
	-76.83009	6.982986
	-76.83045	6.983352
	-76.83078	6.983714
	-76.83102	6.984201
	-76.83126	6.984703
	-76.83138	6.985219
	-76.83158	6.985711
	-76.83171	6.986163
	-76.83183	6.986652
	-76.83198	6.987323
	-76.83211	6.988065
	-76.83211	6.988905
	-76.83218	6.989093
	-76.83225	6.98921
	-76.8324	6.989284
	-76.83263	6.989388
	-76.83288	6.989408
	-76.83324	6.989386
	-76.83347	6.989302
	-76.83399	6.989057
	-76.83433	6.98886
	-76.83473	6.988631
	-76.83518	6.988331
	-76.83568	6.988063
	-76.83612	6.987907
	-76.83653	6.98773
	-76.83719	6.987493
	-76.83812	6.987093
	-76.83908	6.987094
	-76.83978	6.987044
	-76.84041	6.987102
	-76.84109	6.987313
	-76.84189	6.987578
	-76.84236	6.987892
	-76.84267	6.98806
	-76.84033	6.992091
	-76.83844	6.994625
	-76.83464	6.999269
	-76.83026	7.002632
	-76.82478	7.005458
	-76.70666	7.024915
	-76.70496	7.024801
	-76.704	7.024717
	-76.70284	7.024539
	-76.70179	7.02436
	-76.70083	7.024276
	-76.69986	7.024095
	-76.69813	7.023349
	-76.69726	7.023072
	-76.6963	7.022892
	-76.68363	7.023044
	-76.68267	7.023247
	-76.68191	7.023736
	-76.68105	7.02413
	-76.68019	7.024428
	-76.67972	7.025201
	-76.67706	7.027918
	-76.6761	7.027929
	-76.67514	7.027749
	-76.67427	7.027376
	-76.67359	7.026617
	-76.67281	7.025955
	-76.67242	7.025096
	-76.67193	7.024335
	-76.67163	7.023475
	-76.67086	7.022813
	-76.6698	7.022442
	-76.66902	7.021876
	-76.66806	7.021695
	-76.66719	7.021418
	-76.66623	7.021334
	-76.66431	7.020973
	-76.66315	7.020699
	-76.66219	7.020423
	-76.66132	7.020049
	-76.66045	7.01958
	-76.65958	7.019303
	-76.65871	7.01893
	-76.65794	7.018363
	-76.65639	7.017423
	-76.65552	7.016953
	-76.65494	7.016193
	-76.65426	7.015434
	-76.65377	7.014672
	-76.65318	7.013912
	-76.6525	7.013249
	-76.6522	7.012389
	-76.652	7.011432
	-76.65141	7.010672
	-76.65073	7.010009
	-76.64977	7.009828
	-76.64872	7.009745
	-76.64775	7.009469
	-76.64688	7.009095
	-76.64592	7.008627
	-76.64515	7.008349
	-76.64419	7.008552
	-76.64306	7.0101
	-76.64239	7.010779
	-76.64126	7.012327
	-76.6405	7.012912
	-76.63964	7.01321
	-76.63792	7.013998
	-76.63696	7.014201
	-76.636	7.0145
	-76.63485	7.014705
	-76.63399	7.015003
	-76.63208	7.015218
	-76.62958	7.015248
	-76.62862	7.015163
	-76.62756	7.01508
	-76.6266	7.015091
	-76.62564	7.015007
	-76.61892	7.015086
	-76.6172	7.015874
	-76.61624	7.015981
	-76.61528	7.015993
	-76.61355	7.015246
	-76.61277	7.014679
	-76.61104	7.014124
	-76.61036	7.013461
	-76.60948	7.012416
	-76.60899	7.011655
	-76.6086	7.010796
	-76.60801	7.009652
	-76.60752	7.00889
	-76.60722	7.007935
	-76.60673	7.007173
	-76.60605	7.006509
	-76.60556	7.005748
	-76.60517	7.004889
	-76.60516	7.00393
	-76.60486	7.002974
	-76.60456	7.002115
	-76.60436	7.001158
	-76.60368	7.000494
	-76.60282	7.000984
	-76.60225	7.001758
	-76.60159	7.002437
	-76.60092	7.003213
	-76.60055	7.00408
	-76.59998	7.004854
	-76.59951	7.005627
	-76.59914	7.006495
	-76.59867	7.007268
	-76.59839	7.008135
	-76.59792	7.008908
	-76.59764	7.009774
	-76.59727	7.010642
	-76.5966	7.011417
	-76.59575	7.011811
	-76.59488	7.012109
	-76.59373	7.012122
	-76.59218	7.010989
	-76.59141	7.010327
	-76.59082	7.009471
	-76.59033	7.008421
	-76.59013	7.007465
	-76.59002	7.006507
	-76.58999	7.004492
	-76.58979	7.003535
	-76.58939	7.002015
	-76.58937	7.000385
	-76.58887	6.998856
	-76.58857	6.997996
	-76.58808	6.997138
	-76.58769	6.996279
	-76.58633	6.994952
	-76.58603	6.994092
	-76.58535	6.993333
	-76.58505	6.992473
	-76.58473	6.989599
	-76.58468	6.985667
	-76.58458	6.984709
	-76.58428	6.983849
	-76.58388	6.98299
	-76.58321	6.982327
	-76.58147	6.981771
	-76.57992	6.98083
	-76.57924	6.980167
	-76.57751	6.97942
	-76.57673	6.978853
	-76.57481	6.978684
	-76.57394	6.97831
	-76.57193	6.978334
	-76.57107	6.978727
	-76.5705	6.979501
	-76.57003	6.980274
	-76.56975	6.981141
	-76.56918	6.982011
	-76.56871	6.98288
	-76.56719	6.983857
	-76.56586	6.985215
	-76.56529	6.985989
	-76.56463	6.986669
	-76.56435	6.987535
	-76.56359	6.98812
	-76.56283	6.988608
	-76.56236	6.989381
	-76.5613	6.98949
	-76.56044	6.989787
	-76.55872	6.990575
	-76.55806	6.991254
	-76.5573	6.991935
	-76.55531	6.993972
	-76.55474	6.994746
	-76.55398	6.995427
	-76.55351	6.9962
	-76.55265	6.996881
	-76.55199	6.997561
	-76.55123	6.998145
	-76.55018	6.998829
	-76.54952	6.999604
	-76.54885	7.000283
	-76.54781	7.00183
	-76.54744	7.002698
	-76.54716	7.003756
	-76.54661	7.00549
	-76.54652	7.00645
	-76.54654	7.007697
	-76.54666	7.009518
	-76.54696	7.010858
	-76.54764	7.011809
	-76.54785	7.012766
	-76.54795	7.013724
	-76.54797	7.015643
	-76.5476	7.01651
	-76.54704	7.017476
	-76.54637	7.018252
	-76.54581	7.019026
	-76.54514	7.019801
	-76.54467	7.020574
	-76.54411	7.021348
	-76.54383	7.022215
	-76.54336	7.023275
	-76.54282	7.02616
	-76.54236	7.028362
	-76.54228	7.029322
	-76.54229	7.030281
	-76.5424	7.031239
	-76.54279	7.032098
	-76.54309	7.032958
	-76.5432	7.034012
	-76.54292	7.035071
	-76.54264	7.035937
	-76.54246	7.036899
	-76.54238	7.037859
	-76.54239	7.038818
	-76.54288	7.039772
	-76.54337	7.040629
	-76.54348	7.041588
	-76.54321	7.043001
	-76.54265	7.044542
	-76.54151	7.045611
	-76.54105	7.047247
	-76.54165	7.049639
	-76.54292	7.051638
	-76.54333	7.053648
	-76.5421	7.05491
	-76.53922	7.055135
	-76.53751	7.056978
	-76.53696	7.058903
	-76.53803	7.060426
	-76.54075	7.0626
	-76.54134	7.064061
	-76.54078	7.065315
	-76.54013	7.067049
	-76.53918	7.06802
	-76.53824	7.069661
	-76.53749	7.071397
	-76.53637	7.073713
	-76.53533	7.075164
	-76.53448	7.076325
	-76.5331	7.078214
	-76.53179	7.079237
	-76.53042	7.081499
	-76.53053	7.090639
	-76.53048	7.092886
	-76.5305	7.094977
	-76.5299	7.096456
	-76.52945	7.097391
	-76.52767	7.098186
	-76.52511	7.098294
	-76.52232	7.098326
	-76.52093	7.098575
	-76.52032	7.099512
	-76.52002	7.100445
	-76.52034	7.101293
	-76.52208	7.104139
	-76.52219	7.106539
	-76.52105	7.108412
	-76.51796	7.109533
	-76.51603	7.110872
	-76.51499	7.112258
	-76.51474	7.112591
	-76.51345	7.115318
	-76.51293	7.116873
	-76.51224	7.117888
	-76.51057	7.121239
	-76.50967	7.123729
	-76.50908	7.126563
	-76.50911	7.128964
	-76.50907	7.132218
	-76.50911	7.134929
	-76.5086	7.137878
	-76.50814	7.138736
	-76.50675	7.13914
	-76.50559	7.138998
	-76.50379	7.138013
	-76.502	7.137182
	-76.50029	7.137124
	-76.49835	7.136682
	-76.49725	7.135456
	-76.49637	7.133684
	-76.49628	7.132136
	-76.49556	7.130286
	-76.495	7.129362
	-76.49359	7.128217
	-76.49251	7.12823
	-76.49088	7.128171
	-76.48917	7.128037
	-76.48739	7.128522
	-76.48617	7.129699
	-76.48463	7.131189
	-76.48291	7.133273
	-76.48329	7.133822
	-76.48361	7.134747
	-76.48407	7.135686
	-76.48494	7.136112
	-76.48581	7.136599
	-76.48582	7.13663
	-76.48604	7.137105
	-76.48615	7.137339
	-76.48626	7.137571
	-76.48632	7.137684
	-76.48642	7.137871
	-76.48653	7.13804
	-76.48664	7.138213
	-76.48671	7.138308
	-76.48679	7.1384
	-76.48692	7.138559
	-76.48706	7.138723
	-76.48722	7.138892
	-76.48735	7.139023
	-76.48773	7.139387
	-76.4881	7.139745
	-76.48867	7.140284
	-76.48886	7.140463
	-76.48895	7.140555
	-76.48911	7.140721
	-76.48923	7.140857
	-76.48929	7.140938
	-76.48936	7.14102
	-76.48942	7.141105
	-76.48948	7.141201
	-76.48954	7.141298
	-76.48961	7.141404
	-76.48966	7.141512
	-76.48975	7.141673
	-76.48986	7.141898
	-76.48997	7.142125
	-76.49057	7.143408
	-76.49067	7.143623
	-76.49077	7.143815
	-76.49088	7.144021
	-76.49095	7.14413
	-76.491	7.144209
	-76.49105	7.144285
	-76.49111	7.144359
	-76.49118	7.144442
	-76.49124	7.144504
	-76.4913	7.144564
	-76.49138	7.144639
	-76.49147	7.144709
	-76.49157	7.14478
	-76.49168	7.144845
	-76.49178	7.144904
	-76.49189	7.144959
	-76.49199	7.145008
	-76.4922	7.145101
	-76.49251	7.145231
	-76.49311	7.145479
	-76.4934	7.145604
	-76.4936	7.145702
	-76.4937	7.145758
	-76.49391	7.145876
	-76.49412	7.146003
	-76.49432	7.146135
	-76.49452	7.146273
	-76.49558	7.146729
	-76.49892	7.147689
	-76.50148	7.148645
	-76.50286	7.149324
	-76.50312	7.150619
	-76.50442	7.152173
	-76.50545	7.154503
	-76.50493	7.156572
	-76.50493	7.158124
	-76.50544	7.160712
	-76.50466	7.162523
	-76.50336	7.164332
	-76.50336	7.166143
	-76.50414	7.167955
	-76.50284	7.169506
	-76.50128	7.171057
	-76.5018	7.172092
	-76.50491	7.172614
	-76.50724	7.17391
	-76.50827	7.175205
	-76.50879	7.177276
	-76.50801	7.179345
	-76.50723	7.181155
	-76.50749	7.182449
	-76.50748	7.186072
	-76.50722	7.188659
	-76.5054	7.191762
	-76.50488	7.196159
	-76.50643	7.197455
	-76.50772	7.199268
	-76.50824	7.201597
	-76.51005	7.202635
	-76.51264	7.203673
	-76.51342	7.205226
	-76.51264	7.20833
	-76.51315	7.210142
	-76.51367	7.212471
	-76.51522	7.212991
	-76.51703	7.215063
	-76.51625	7.218943
	-76.51624	7.223342
	-76.51728	7.225413
	-76.51909	7.226968
	-76.52116	7.229816
	-76.52297	7.234476
	-76.52345	7.238755
	-76.52484	7.242938
	-76.52695	7.246876
	-76.52863	7.251076
	-76.53023	7.255108
	-76.53275	7.258023
	-76.53381	7.258253
	-76.53496	7.257991
	-76.53505	7.257529
	-76.53542	7.256742
	-76.53585	7.256389
	-76.53794	7.25676
	-76.53948	7.258206
	-76.5421	7.257921
	-76.54492	7.258908
	-76.54653	7.260138
	-76.54829	7.262836
	-76.55186	7.265309
	-76.55528	7.268137
	-76.55901	7.270668
	-76.56205	7.274004
	-76.56489	7.277522
	-76.56681	7.281598
	-76.56777	7.286019
	-76.56892	7.290367
	-76.57114	7.294308
	-76.57363	7.298088
	-76.57699	7.300917
	-76.57701	7.300965
	-76.57961	7.301378
	-76.5819	7.300237
	-76.58256	7.29899
	-76.58555	7.298664
	-76.58668	7.299233
	-76.59086	7.302246
	-76.59413	7.302975
	-76.59712	7.304804
	-76.59843	7.306336
	-76.60203	7.308531
	-76.60529	7.309658
	-76.6034	7.31441
	-76.60641	7.312759
	-76.61052	7.311878
	-76.61525	7.316353
	-76.61613	7.316625
	-76.61699	7.31693
	-76.61774	7.317225
	-76.61853	7.317574
	-76.61925	7.317064
	-76.61918	7.318107
	-76.61974	7.318575
	-76.62055	7.319128
	-76.62122	7.319782
	-76.62179	7.320539
	-76.62198	7.32143
	-76.62244	7.322393
	-76.62328	7.323179
	-76.62402	7.323519
	-76.62495	7.323813
	-76.62587	7.323802
	-76.62678	7.323638
	-76.62765	7.32327
	-76.62825	7.3226
	-76.6288	7.32188
	-76.62951	7.32131
	-76.63048	7.321095
	-76.63139	7.320879
	-76.63226	7.320563
	-76.63506	7.320528
	-76.63599	7.320466
	-76.63696	7.320709
	-76.63782	7.321061
	-76.6386	7.321453
	-76.63986	7.322152
	-76.64143	7.323354
	-76.64308	7.327423
	-76.64349	7.327624
	-76.64547	7.328586
	-76.64694	7.3293
	-76.64715	7.3294
	-76.64766	7.329836
	-76.64972	7.331577
	-76.65026	7.332036
	-76.65145	7.332876
	-76.65306	7.33415
	-76.65759	7.33718
	-76.66182	7.340412
	-76.66775	7.344718
	-76.676	7.350389
	-76.68383	7.354472
	-76.69057	7.359365
	-76.695	7.362395
	-76.69959	7.362925
	-76.70653	7.364413
	-76.7104	7.36552
	-76.71446	7.366427
	-76.71713	7.367608
	-76.71953	7.371701
	-76.72327	7.376895
	-76.72926	7.385864
	-76.73329	7.390766
	-76.74028	7.399267
	-76.74774	7.408919
	-76.75598	7.419029
	-76.76651	7.432395
	-76.7754	7.444084
	-76.78006	7.449945
	-76.78591	7.456867
	-76.79016	7.461623
	-76.79373	7.46555
	-76.79396	7.465803
	-76.79735	7.469965
	-76.80078	7.47419
	-76.8026	7.476135
	-76.80441	7.479101
	-76.80645	7.482304
	-76.80826	7.484841
	-76.81059	7.489263
	-76.81374	7.49356
	-76.81556	7.496973
	-76.81781	7.500382
	-76.81948	7.503647
	-76.82158	7.507058
	-76.8237	7.510766
	-76.82566	7.514029
	-76.82777	7.517737
	-76.82943	7.521299
	-76.83198	7.52292
	-76.83482	7.524986
	-76.83767	7.526904
	-76.84097	7.529265
	-76.84441	7.531476
	-76.84636	7.532952
	-76.8489	7.534275
	-76.8516	7.536194
	-76.8543	7.537814
	-76.85692	7.53949
	-76.85943	7.541081
	-76.86234	7.542932
	-76.86553	7.544927
	-76.86972	7.54754
	-76.87184	7.549049
	-76.87457	7.551427
	-76.87805	7.554384
	-76.88127	7.55729
	-76.88727	7.562312
	-76.89297	7.567337
	-76.89642	7.570291
	-76.90032	7.57369
	-76.90287	7.575906
	-76.9042	7.577045
	-76.90562	7.578285
	-76.90767	7.580224
	-76.90948	7.581931
	-76.91129	7.583482
	-76.91357	7.585576
	-76.91617	7.58798
	-76.91893	7.590539
	-76.922	7.593409
	-76.92523	7.596278
	-76.92791	7.59876
	-76.9324	7.602882
	-76.93539	7.60567
	-76.93783	7.607702
	-76.94059	7.610264
	-76.94187	7.611512
	-76.94279	7.612241
	-76.94367	7.613215
	-76.94494	7.614396
	-76.94596	7.614915
	-76.94688	7.615398
	-76.94787	7.616057
	-76.94917	7.616363
	-76.95078	7.616772
	-76.95166	7.617011
	-76.9524	7.617251
	-76.95451	7.617537
	-76.95621	7.617967
	-76.95943	7.619686
	-76.9617	7.620656
	-76.96535	7.621701
	-76.96619	7.621791
	-76.96887	7.622559
	-76.97051	7.623008
	-76.97358	7.624269
	-76.9752	7.625013
	-76.97846	7.626828
	-76.98128	7.62823
	-76.98423	7.630127
	-76.98717	7.631802
	-76.9896	7.635781
	-76.99107	7.640612
	-76.99136	7.643707
	-76.99219	7.645526
	-76.99359	7.648175
	-76.99504	7.649883
	-76.99592	7.650854
	-76.99609	7.651741
	-76.99659	7.652625
	-76.99725	7.653344
	-76.99865	7.6547
	-76.99947	7.655174
	-77.0002	7.655811
	-77.00102	7.656366
	-77.00176	7.656923
	-77.00439	7.659476
	-77.00513	7.660032
	-77.00595	7.660587
	-77.00677	7.661223
	-77.00767	7.661858
	-77.00841	7.662495
	-77.00988	7.663607
	-77.01152	7.664717
	-77.01218	7.665355
	-77.01308	7.665828
	-77.01389	7.666383
	-77.01463	7.66702
	-77.01545	7.667575
	-77.01619	7.668132
	-77.0171	7.669252
	-77.01825	7.670692
	-77.01907	7.671166
	-77.01973	7.671966
	-77.02384	7.675955
	-77.02466	7.67659
	-77.02532	7.677229
	-77.02582	7.678031
	-77.02632	7.678914
	-77.0269	7.679877
	-77.02723	7.680762
	-77.02749	7.681729
	-77.02767	7.682617
	-77.02792	7.683503
	-77.02827	7.685278
	-77.02869	7.686082
	-77.02918	7.686884
	-77.02944	7.68777
	-77.02986	7.688655
	-77.0302	7.68954
	-77.03069	7.690342
	-77.03127	7.691143
	-77.03177	7.691945
	-77.03211	7.69283
	-77.03252	7.693634
	-77.0331	7.694515
	-77.0336	7.695398
	-77.03418	7.696361
	-77.03476	7.697081
	-77.03534	7.697882
	-77.036	7.69852
	-77.03666	7.69924
	-77.0374	7.699957
	-77.03798	7.700677
	-77.03821	7.700931
	-77.0383	7.701341
	-77.03894	7.702178
	-77.0398	7.702801
	-77.04065	7.703212
	-77.04151	7.703835
	-77.04237	7.704669
	-77.04323	7.705292
	-77.0443	7.705911
	-77.04516	7.706534
	-77.04602	7.707368
	-77.04708	7.707777
	-77.0488	7.709022
	-77.04965	7.709433
	-77.05136	7.710679
	-77.05201	7.711516
	-77.05458	7.713384
	-77.05502	7.714224
	-77.05589	7.715481
	-77.05632	7.716533
	-77.05676	7.717373
	-77.05741	7.71821
	-77.05784	7.71905
	-77.05828	7.720102
	-77.05873	7.721999
	-77.05895	7.722419
	-77.05897	7.723477
	-77.0594	7.724317
	-77.05986	7.726426
	-77.06051	7.727264
	-77.06138	7.728944
	-77.06182	7.729995
	-77.06225	7.730836
	-77.06269	7.731887
	-77.06334	7.732724
	-77.06465	7.735245
	-77.0653	7.736082
	-77.06573	7.736922
	-77.06638	7.737759
	-77.06682	7.738599
	-77.06705	7.739865
	-77.0677	7.740702
	-77.06855	7.741325
	-77.0705	7.743836
	-77.07135	7.744459
	-77.07179	7.745299
	-77.07245	7.74713
	-77.07289	7.74797
	-77.07333	7.749021
	-77.07464	7.751542
	-77.0755	7.752376
	-77.07635	7.752998
	-77.077	7.753835
	-77.11343	7.779255
	-77.11338	7.781949
	-77.11491	7.783706
	-77.11773	7.784877
	-77.12054	7.78593
	-77.12289	7.788504
	-77.1236	7.793306
	-77.12407	7.803259
	-77.12489	7.812978
	-77.12627	7.820019
	-77.12709	7.825512
	-77.12689	7.829371
	-77.12633	7.830836
	-77.12531	7.832013
	-77.12273	7.832872
	-77.11744	7.831768
	-77.11245	7.828202
	-77.10806	7.825557
	-77.10294	7.823636
	-77.09918	7.823637
	-77.09505	7.824367
	-77.09139	7.827097
	-77.08807	7.831887
	-77.08556	7.838041
	-77.08274	7.842961
	-77.08042	7.845278
	-77.07845	7.846979
	-77.07611	7.847744
	-77.07546	7.847856
	-77.07333	7.848223
	-77.06981	7.84842
	-77.06658	7.848612
	-77.06585	7.848755
	-77.06289	7.849044
	-77.05982	7.850628
	-77.05799	7.851886
	-77.05495	7.855627
	-77.05224	7.860287
	-77.04941	7.86423
	-77.04412	7.868927
	-77.03811	7.873428
	-77.03465	7.876764
	-77.0311	7.880204
	-77.02939	7.883001
	-77.02779	7.886516
	-77.02691	7.889404
	-77.02568	7.896901
	-77.02333	7.9054
	-77.01598	7.921484
	-77.01474	7.924312
	-77.01395	7.927096
	-77.01309	7.931319
	-77.01312	7.933886
	-77.01337	7.936758
	-77.01371	7.939013
	-77.01518	7.94084
	-77.01799	7.942957
	-77.02029	7.944978
	-77.02135	7.947017
	-77.02138	7.949584
	-77.01914	7.950849
	-77.01574	7.951205
	-77.01151	7.951079
	-77.00721	7.951458
	-77.00382	7.953019
	-77.00227	7.954553
	-77.00034	7.957193
	-77.00008	7.959548
	-77.00022	7.960979
	-77.00093	7.962766
	-77.00131	7.96354
	-77.00214	7.965222
	-77.00479	7.969471
	-77.00616	7.977513
	-77.00537	7.987419
	-77.00406	7.993955
	-76.99987	8.00681
	-76.9979	8.014826
	-76.99678	8.018312
	-76.99434	8.023585
	-76.99423	8.023743
	-76.99237	8.026405
	-76.99231	8.026527
	-76.99059	8.028914
	-76.98805	8.030902
	-76.97068	8.031985
	-76.96442	8.034095
	-76.95928	8.037287
	-76.9546	8.04193
	-76.95148	8.052428
	-76.94791	8.066931
	-76.95813	8.078082
	-76.96421	8.074468
	-76.96585	8.078045
	-76.96481	8.085318
	-76.96713	8.09073
	-76.96673	8.094904
	-76.97174	8.096575
	-76.97966	8.099211
	-76.98628	8.105662
	-76.98481	8.110675
	-76.98247	8.120532
	-76.98099	8.124794
	-76.9787	8.126723
	-76.97722	8.132361
	-76.97471	8.132743
	-76.97302	8.131921
	-76.9705	8.132532
	-76.96819	8.132754
	-76.96597	8.130278
	-76.96489	8.127115
	-76.96461	8.122081
	-76.96254	8.118723
	-76.96067	8.116927
	-76.9575	8.116921
	-76.95537	8.12002
	-76.95566	8.125862
	-76.95478	8.129869
	-76.95466	8.139592
	-76.95436	8.14485
	-76.95331	8.153571
	-76.95197	8.15908
	-76.95036	8.169515
	-76.95008	8.170611
	-76.95022	8.17133
	-76.95084	8.172765
	-76.95194	8.175083
	-76.95281	8.176556
	-76.95425	8.179209
	-76.95608	8.181474
	-76.95735	8.182494
	-76.95829	8.183416
	-76.95914	8.184315
	-76.95963	8.184881
	-76.96045	8.18545
	-76.96124	8.186258
	-76.96177	8.186611
	-76.96339	8.188407
	-76.96445	8.189662
	-76.96494	8.190397
	-76.96552	8.191298
	-76.96665	8.192957
	-76.96678	8.19379
	-76.96731	8.195121
	-76.96787	8.196498
	-76.96847	8.19841
	-76.96865	8.199418
	-76.96923	8.201404
	-76.97018	8.204488
	-76.97067	8.205967
	-76.97111	8.207318
	-76.97143	8.208799
	-76.97197	8.210531
	-76.97262	8.213472
	-76.97369	8.216665
	-76.97541	8.221555
	-76.97705	8.225695
	-76.97854	8.230131
	-76.97877	8.231773
	-76.97927	8.235081
	-76.97927	8.237749
	-76.97918	8.241967
	-76.97825	8.24843
	-76.9803	8.255914
	-77.03988	8.641797
END
END
