Finland_Northern Finland
1
	20.54864	69.05997
	20.55233	69.06008
	20.59366	69.07509
	20.62123	69.08509
	20.63193	69.08896
	20.64154	69.09245
	20.65356	69.09679
	20.66749	69.10183
	20.69921	69.11327
	20.71732	69.11979
	20.74304	69.11341
	20.74717	69.11236
	20.74957	69.11176
	20.74984	69.1117
	20.76195	69.10868
	20.83456	69.09055
	20.8812	69.07886
	20.88847	69.07712
	20.98857	69.05298
	21.05754	69.03629
	21.08077	69.06713
	21.10867	69.10393
	21.05562	69.12209
	21.04673	69.13952
	21.00923	69.17277
	20.98757	69.19193
	21.00331	69.22234
	21.02631	69.23192
	21.02884	69.23298
	21.09617	69.26091
	21.20802	69.29211
	21.24358	69.30205
	21.27882	69.31188
	21.36565	69.30263
	21.42304	69.29653
	21.44165	69.29456
	21.4558	69.29319
	21.51054	69.28791
	21.55528	69.28357
	21.60194	69.27903
	21.62709	69.27659
	21.65914	69.25592
	21.67446	69.24602
	21.72334	69.21449
	21.76929	69.18829
	21.79062	69.1761
	21.8464	69.14416
	21.90195	69.11538
	21.93802	69.09664
	21.97666	69.07652
	21.98361	69.07289
	22.0074	69.05852
	22.01535	69.0537
	22.02455	69.04814
	22.05303	69.03088
	22.09069	69.008
	22.1477	68.9736
	22.16198	68.96499
	22.17576	68.95632
	22.18739	68.92925
	22.19187	68.91877
	22.265	68.87391
	22.26635	68.87307
	22.34078	68.82723
	22.34791	68.80494
	22.35372	68.78703
	22.36419	68.7516
	22.37452	68.71667
	22.38574	68.71861
	22.41542	68.72377
	22.43433	68.72705
	22.53539	68.74451
	22.53698	68.7441
	22.59329	68.72939
	22.59957	68.72774
	22.60577	68.72612
	22.63545	68.72026
	22.6577	68.7159
	22.69979	68.7076
	22.74529	68.69858
	22.80082	68.68755
	22.87473	68.68813
	22.95508	68.68872
	23.01062	68.68911
	23.04595	68.68934
	23.10191	68.66126
	23.16758	68.62852
	23.23512	68.64455
	23.36375	68.67523
	23.38974	68.68097
	23.41064	68.68557
	23.44064	68.69216
	23.54583	68.69825
	23.58951	68.70075
	23.67352	68.70552
	23.73106	68.75075
	23.77539	68.81885
	23.81385	68.82595
	23.87146	68.83652
	23.94937	68.83
	23.98333	68.82714
	24.01473	68.8111
	24.04274	68.79677
	24.07559	68.77997
	24.15855	68.78971
	24.15296	68.75359
	24.17157	68.7508
	24.18349	68.749
	24.20805	68.74531
	24.22215	68.73933
	24.25096	68.72713
	24.27778	68.72203
	24.30226	68.71735
	24.3269	68.7147
	24.40106	68.70669
	24.43238	68.70329
	24.46763	68.69957
	24.50916	68.69437
	24.57606	68.68598
	24.60839	68.6819
	24.71642	68.65376
	24.78342	68.63623
	24.79315	68.62666
	24.80001	68.61989
	24.81274	68.60728
	24.85717	68.56221
	24.90317	68.55459
	24.90509	68.57002
	24.90596	68.57713
	24.90657	68.58191
	24.91688	68.60496
	24.91968	68.60555
	24.92085	68.60583
	24.92055	68.60622
	24.92051	68.60652
	24.92102	68.60662
	24.92172	68.6066
	24.92183	68.60659
	24.92229	68.6065
	24.92288	68.60661
	24.92286	68.60684
	24.9224	68.60708
	24.92255	68.60758
	24.92368	68.6078
	24.92441	68.6078
	24.92592	68.60763
	24.92709	68.6074
	24.92735	68.60741
	24.92774	68.60741
	24.92807	68.60765
	24.92849	68.60776
	24.92954	68.60796
	24.9293	68.60841
	24.92935	68.60913
	24.93057	68.60943
	24.93134	68.6097
	24.93204	68.60971
	24.93237	68.61001
	24.93291	68.61021
	24.93321	68.6106
	24.93391	68.61077
	24.93399	68.61106
	24.93468	68.61118
	24.935	68.6115
	24.93498	68.61173
	24.93562	68.61171
	24.93659	68.61187
	24.93713	68.61202
	24.93829	68.61219
	24.93881	68.6124
	24.93974	68.61237
	24.94128	68.61209
	24.94218	68.61194
	24.9429	68.61178
	24.94412	68.61167
	24.94418	68.61186
	24.94466	68.61192
	24.94491	68.61209
	24.94467	68.61233
	24.94533	68.61237
	24.94595	68.61225
	24.94647	68.61225
	24.94752	68.61244
	24.94731	68.61263
	24.94788	68.61279
	24.94767	68.613
	24.94737	68.61343
	24.94768	68.61356
	24.94789	68.61366
	24.94791	68.61385
	24.94883	68.61403
	24.94896	68.61421
	24.94906	68.61448
	24.94886	68.61464
	24.94836	68.61481
	24.94719	68.61483
	24.94668	68.61483
	24.94642	68.61502
	24.94673	68.61518
	24.94718	68.61539
	24.94797	68.61537
	24.94872	68.61534
	24.94912	68.61523
	24.94955	68.61508
	24.9506	68.61514
	24.95181	68.61518
	24.95252	68.615
	24.95319	68.61515
	24.95374	68.61496
	24.95376	68.61496
	24.95567	68.61514
	24.95565	68.61532
	24.95642	68.61539
	24.95648	68.61567
	24.95718	68.61576
	24.9569	68.61607
	24.95763	68.61613
	24.95775	68.61631
	24.95746	68.61654
	24.95784	68.61672
	24.95808	68.61698
	24.95766	68.6172
	24.95763	68.61748
	24.95841	68.61772
	24.95942	68.61754
	24.96003	68.61733
	24.96073	68.61697
	24.96112	68.61711
	24.96097	68.61728
	24.96134	68.61753
	24.96222	68.61747
	24.96244	68.61745
	24.96264	68.61717
	24.96309	68.61695
	24.96416	68.61662
	24.96405	68.61638
	24.96387	68.6162
	24.96456	68.61602
	24.96467	68.61622
	24.9652	68.61639
	24.96599	68.61633
	24.96649	68.61651
	24.96695	68.61649
	24.96705	68.61648
	24.96784	68.6163
	24.96821	68.61652
	24.96847	68.61648
	24.9687	68.61643
	24.96996	68.6164
	24.97049	68.61643
	24.97149	68.61656
	24.97213	68.61672
	24.9728	68.61677
	24.97354	68.61671
	24.97435	68.61662
	24.97521	68.61656
	24.97572	68.61669
	24.97592	68.61691
	24.97644	68.61701
	24.97641	68.61735
	24.97662	68.61765
	24.97703	68.61778
	24.9779	68.61779
	24.97898	68.61769
	24.97939	68.61756
	24.9793	68.6173
	24.97985	68.61715
	24.97965	68.61698
	24.98019	68.61686
	24.98046	68.61679
	24.98069	68.61652
	24.98087	68.61653
	24.98127	68.61653
	24.98143	68.61635
	24.98219	68.61611
	24.98194	68.61589
	24.98266	68.61553
	24.98316	68.61539
	24.98348	68.61505
	24.98348	68.61455
	24.98286	68.61444
	24.98296	68.61422
	24.98351	68.61411
	24.98466	68.61441
	24.98581	68.61437
	24.98546	68.61402
	24.98598	68.61392
	24.98616	68.61368
	24.98608	68.61364
	24.98575	68.61365
	24.98582	68.61353
	24.98654	68.61348
	24.98664	68.61343
	24.9866	68.61334
	24.9862	68.61327
	24.98606	68.6134
	24.98587	68.61337
	24.98596	68.61327
	24.98588	68.61315
	24.98626	68.61305
	24.98687	68.61274
	24.98783	68.61261
	24.98832	68.61242
	24.98884	68.6126
	24.98887	68.61281
	24.9893	68.61307
	24.98999	68.61295
	24.99047	68.61274
	24.991	68.61275
	24.99138	68.61293
	24.99271	68.61296
	24.99312	68.61263
	24.9933	68.6125
	24.99381	68.61248
	24.99444	68.61239
	24.99495	68.61231
	24.99576	68.61224
	24.99651	68.61235
	24.99629	68.61264
	24.99685	68.61283
	24.99725	68.61267
	24.99813	68.61263
	24.9986	68.61268
	24.99867	68.61272
	24.99929	68.61301
	25.00009	68.61297
	25.00001	68.61328
	25.00064	68.61356
	25.00072	68.61359
	25.00131	68.61364
	25.00223	68.61368
	25.00242	68.61388
	25.00301	68.61388
	25.00361	68.61393
	25.00441	68.61378
	25.005	68.61382
	25.00516	68.61362
	25.00523	68.61364
	25.00567	68.61382
	25.0056	68.6141
	25.00624	68.61426
	25.007	68.61412
	25.0069	68.61439
	25.00767	68.61444
	25.00809	68.61433
	25.00832	68.61438
	25.00861	68.61443
	25.00901	68.61427
	25.00989	68.61442
	25.00964	68.61469
	25.01023	68.61495
	25.01084	68.61475
	25.01121	68.61492
	25.01153	68.61489
	25.01176	68.61486
	25.01243	68.61482
	25.01286	68.61516
	25.01366	68.61512
	25.01411	68.61519
	25.01431	68.61523
	25.01531	68.61568
	25.01609	68.61571
	25.01574	68.61593
	25.01598	68.61618
	25.01589	68.61636
	25.0162	68.61668
	25.01614	68.61692
	25.01512	68.61669
	25.01439	68.61685
	25.01422	68.61703
	25.01381	68.61721
	25.0146	68.61737
	25.01392	68.61751
	25.0139	68.61784
	25.0145	68.61785
	25.0148	68.61814
	25.01393	68.61836
	25.01443	68.61854
	25.01407	68.61894
	25.01452	68.61906
	25.01475	68.61936
	25.01453	68.61965
	25.01528	68.61976
	25.01524	68.62
	25.01574	68.62007
	25.01648	68.62016
	25.0162	68.62032
	25.01544	68.62065
	25.01546	68.62116
	25.01537	68.62145
	25.01549	68.62172
	25.01578	68.62197
	25.01649	68.62227
	25.01795	68.62254
	25.01815	68.62261
	25.01871	68.62278
	25.02076	68.62305
	25.021	68.62324
	25.02079	68.62348
	25.02147	68.62373
	25.02262	68.62374
	25.02391	68.62413
	25.02489	68.62415
	25.02578	68.62402
	25.02565	68.62385
	25.02518	68.62346
	25.02566	68.62325
	25.02807	68.62308
	25.02762	68.62352
	25.02813	68.62371
	25.02843	68.6238
	25.02904	68.62396
	25.02983	68.62407
	25.02991	68.62386
	25.03027	68.62372
	25.03113	68.62364
	25.03132	68.62363
	25.03115	68.62331
	25.03112	68.62301
	25.03154	68.62291
	25.03202	68.62286
	25.03238	68.6231
	25.03342	68.62331
	25.03332	68.6236
	25.03416	68.6239
	25.03461	68.62403
	25.03548	68.6242
	25.03565	68.62441
	25.03585	68.62463
	25.03641	68.62493
	25.03694	68.625
	25.03807	68.62502
	25.03858	68.62527
	25.03918	68.62525
	25.03952	68.62525
	25.04011	68.62524
	25.04064	68.62515
	25.04124	68.62517
	25.04183	68.62547
	25.04256	68.62534
	25.04303	68.62539
	25.04353	68.6255
	25.0444	68.6256
	25.04476	68.62602
	25.04593	68.62613
	25.04618	68.62646
	25.04644	68.62666
	25.04695	68.62696
	25.04774	68.62695
	25.04908	68.62677
	25.04936	68.6267
	25.04955	68.62666
	25.05031	68.62637
	25.05054	68.62616
	25.05095	68.62597
	25.0511	68.62579
	25.05099	68.62538
	25.0513	68.62515
	25.05443	68.62441
	25.05523	68.62437
	25.05597	68.62426
	25.05599	68.62391
	25.05549	68.62362
	25.0559	68.62337
	25.056	68.62306
	25.05669	68.62275
	25.05737	68.62235
	25.05757	68.62236
	25.05794	68.62239
	25.05823	68.62209
	25.05834	68.62207
	25.05914	68.62196
	25.05958	68.62184
	25.05972	68.62166
	25.0598	68.62164
	25.06018	68.62158
	25.06077	68.62157
	25.06094	68.62137
	25.06192	68.62136
	25.0623	68.62115
	25.06332	68.6212
	25.06342	68.62121
	25.06348	68.62119
	25.06408	68.62108
	25.06462	68.62105
	25.06534	68.62111
	25.06627	68.62059
	25.06651	68.62012
	25.06718	68.61996
	25.06892	68.61984
	25.06965	68.61991
	25.06945	68.62052
	25.06956	68.62098
	25.06873	68.62118
	25.06912	68.62144
	25.06963	68.62162
	25.06933	68.62184
	25.07042	68.62195
	25.07018	68.6223
	25.07023	68.6223
	25.07085	68.62224
	25.07159	68.62238
	25.07169	68.62239
	25.07199	68.62262
	25.07248	68.62243
	25.07287	68.62244
	25.07329	68.62246
	25.07399	68.62259
	25.07414	68.62254
	25.07463	68.62235
	25.0752	68.62235
	25.07537	68.62234
	25.07636	68.62217
	25.07716	68.62217
	25.07779	68.62231
	25.07831	68.62263
	25.07897	68.62261
	25.07899	68.62292
	25.07961	68.62312
	25.08046	68.62325
	25.08083	68.62341
	25.08081	68.62365
	25.08001	68.62391
	25.07956	68.62422
	25.0796	68.62454
	25.08017	68.62508
	25.07999	68.62544
	25.07941	68.62592
	25.079	68.62618
	25.07867	68.62632
	25.0783	68.62644
	25.07836	68.62663
	25.07893	68.62695
	25.08018	68.62713
	25.08101	68.62698
	25.08102	68.62668
	25.0813	68.62652
	25.08192	68.6264
	25.08263	68.62649
	25.08401	68.62676
	25.0841	68.62677
	25.0843	68.62721
	25.08448	68.62746
	25.08489	68.62759
	25.08584	68.62775
	25.08687	68.62834
	25.0873	68.62884
	25.08655	68.62915
	25.08685	68.62933
	25.08643	68.62961
	25.08648	68.62988
	25.08713	68.63015
	25.08684	68.63034
	25.0868	68.63058
	25.08706	68.63078
	25.08728	68.63131
	25.08759	68.63156
	25.08871	68.63183
	25.08901	68.63212
	25.08919	68.63241
	25.08875	68.63291
	25.08875	68.63336
	25.0889	68.63367
	25.08912	68.63389
	25.08957	68.63416
	25.09014	68.63439
	25.09039	68.63483
	25.09026	68.63503
	25.0909	68.63555
	25.09204	68.63568
	25.09228	68.6357
	25.09355	68.6357
	25.09456	68.63571
	25.09493	68.63572
	25.097	68.63573
	25.09759	68.63605
	25.09823	68.63636
	25.09953	68.63669
	25.10168	68.63717
	25.1026	68.63726
	25.10397	68.63777
	25.10454	68.63791
	25.10514	68.63792
	25.10556	68.63782
	25.10693	68.63733
	25.10799	68.63719
	25.10999	68.63726
	25.11151	68.63726
	25.11224	68.63739
	25.11285	68.63737
	25.11344	68.6374
	25.11343	68.63767
	25.11388	68.63777
	25.11434	68.63802
	25.11367	68.63813
	25.11407	68.63855
	25.1141	68.63857
	25.11501	68.63861
	25.11539	68.6389
	25.11499	68.63902
	25.11522	68.6392
	25.11621	68.63939
	25.11631	68.63962
	25.11621	68.64011
	25.11589	68.64087
	25.11588	68.64107
	25.11652	68.64122
	25.11727	68.64123
	25.11802	68.6414
	25.1184	68.64163
	25.11853	68.64203
	25.11878	68.64224
	25.119	68.64256
	25.11932	68.64283
	25.11915	68.64307
	25.11846	68.64328
	25.11781	68.64356
	25.11745	68.64385
	25.11707	68.64411
	25.11634	68.64442
	25.11607	68.64476
	25.11612	68.64515
	25.11694	68.64552
	25.11736	68.64563
	25.11801	68.6464
	25.11848	68.64716
	25.11872	68.64823
	25.1186	68.64884
	25.11815	68.64961
	25.11793	68.65058
	25.11713	68.6513
	25.11619	68.65169
	25.1156	68.65209
	25.11419	68.65298
	25.11396	68.65428
	25.11391	68.65494
	25.11428	68.65569
	25.11471	68.65604
	25.11501	68.65663
	25.11522	68.65731
	25.11515	68.65798
	25.11519	68.65823
	25.11469	68.65839
	25.11438	68.65848
	25.11462	68.65888
	25.11493	68.65913
	25.11572	68.65928
	25.11533	68.65964
	25.11455	68.66021
	25.11408	68.66071
	25.11368	68.6611
	25.11344	68.66178
	25.11381	68.66198
	25.11418	68.66225
	25.11417	68.66254
	25.11411	68.66274
	25.11412	68.66314
	25.11396	68.66356
	25.11366	68.66394
	25.11403	68.66421
	25.11418	68.6646
	25.11421	68.66509
	25.1147	68.66595
	25.11461	68.66613
	25.11399	68.66642
	25.11358	68.66656
	25.11321	68.66673
	25.11291	68.66716
	25.11304	68.66734
	25.11343	68.66748
	25.11368	68.66775
	25.11349	68.66816
	25.11299	68.66832
	25.11267	68.66908
	25.11258	68.6694
	25.11241	68.66978
	25.11225	68.67019
	25.1121	68.6705
	25.11209	68.67051
	25.11141	68.67075
	25.11122	68.67089
	25.11112	68.67098
	25.11101	68.6713
	25.11095	68.67199
	25.11108	68.67222
	25.11099	68.6725
	25.11076	68.67277
	25.11046	68.67304
	25.11038	68.67329
	25.11041	68.67364
	25.11059	68.67381
	25.1112	68.67396
	25.11112	68.67503
	25.11117	68.67564
	25.11123	68.67594
	25.11146	68.67622
	25.11143	68.67642
	25.1111	68.67674
	25.11049	68.67683
	25.10987	68.67694
	25.10905	68.67722
	25.10808	68.67772
	25.10782	68.67829
	25.10743	68.67902
	25.1074	68.67924
	25.10712	68.67948
	25.10705	68.67972
	25.10726	68.6805
	25.10752	68.68113
	25.10793	68.68165
	25.1083	68.68197
	25.10889	68.68243
	25.10918	68.68285
	25.10933	68.68342
	25.10953	68.68406
	25.10966	68.68456
	25.10977	68.68481
	25.11034	68.6854
	25.11038	68.68542
	25.11086	68.68577
	25.11081	68.68621
	25.11103	68.68669
	25.11174	68.68773
	25.11198	68.68806
	25.11221	68.68857
	25.11241	68.68906
	25.11247	68.68945
	25.11301	68.69016
	25.11312	68.6905
	25.11321	68.6907
	25.11369	68.69148
	25.11385	68.69199
	25.11409	68.6925
	25.1142	68.6933
	25.11412	68.69427
	25.11395	68.69488
	25.11364	68.69546
	25.11343	68.69604
	25.11308	68.69736
	25.11307	68.69787
	25.11302	68.69853
	25.11321	68.69877
	25.11307	68.69897
	25.11241	68.69889
	25.11187	68.69885
	25.11108	68.69892
	25.11084	68.69911
	25.11069	68.69942
	25.11074	68.69966
	25.11065	68.69984
	25.11089	68.70014
	25.11142	68.70043
	25.11182	68.70076
	25.112	68.70093
	25.11189	68.70151
	25.1117	68.70219
	25.11168	68.70248
	25.11225	68.70279
	25.11308	68.70308
	25.11348	68.70346
	25.1135	68.70388
	25.11373	68.70428
	25.11403	68.70467
	25.11433	68.70489
	25.11519	68.70502
	25.11553	68.70521
	25.11559	68.7059
	25.11525	68.70603
	25.11489	68.70633
	25.11486	68.70664
	25.11492	68.70689
	25.11509	68.70725
	25.11624	68.70765
	25.11658	68.70768
	25.11785	68.70777
	25.11843	68.70785
	25.11907	68.7082
	25.11958	68.70861
	25.12113	68.71161
	25.12173	68.71233
	25.12228	68.71282
	25.123	68.71324
	25.12343	68.71342
	25.12443	68.71369
	25.12528	68.71375
	25.1274	68.71392
	25.12873	68.71393
	25.12965	68.71404
	25.13027	68.7143
	25.13046	68.71439
	25.13081	68.71471
	25.13091	68.7151
	25.13085	68.71539
	25.13038	68.7159
	25.13064	68.71608
	25.13123	68.71639
	25.13123	68.71677
	25.13136	68.71722
	25.13103	68.7177
	25.13069	68.71799
	25.13047	68.7186
	25.13085	68.71882
	25.13049	68.71912
	25.12954	68.71907
	25.12904	68.71907
	25.12839	68.71939
	25.12811	68.71966
	25.12794	68.71967
	25.12763	68.7197
	25.12697	68.71973
	25.12584	68.71973
	25.12483	68.7198
	25.12461	68.71981
	25.12413	68.72008
	25.12397	68.72049
	25.12359	68.72087
	25.12343	68.72116
	25.12346	68.72145
	25.12368	68.72194
	25.12355	68.72225
	25.12304	68.72261
	25.1224	68.72329
	25.12207	68.72377
	25.12213	68.72471
	25.12246	68.7256
	25.1225	68.72666
	25.12314	68.72762
	25.12333	68.72816
	25.12335	68.72846
	25.1232	68.72868
	25.12329	68.72905
	25.12328	68.72934
	25.12377	68.72971
	25.12408	68.73
	25.12407	68.73024
	25.12383	68.73054
	25.12348	68.73082
	25.12327	68.73112
	25.12323	68.73143
	25.12349	68.73172
	25.12319	68.73237
	25.12353	68.73339
	25.12394	68.7345
	25.12406	68.73476
	25.12437	68.73501
	25.12518	68.73524
	25.12594	68.73564
	25.12652	68.73586
	25.12681	68.73618
	25.12672	68.73642
	25.12621	68.73695
	25.12618	68.73732
	25.12595	68.73763
	25.12582	68.73794
	25.12578	68.73823
	25.12603	68.73863
	25.12619	68.73892
	25.12618	68.73921
	25.126	68.73964
	25.12574	68.74018
	25.12568	68.74097
	25.1259	68.74156
	25.12576	68.74234
	25.1252	68.74276
	25.1241	68.74336
	25.12292	68.74383
	25.12194	68.74431
	25.12156	68.74474
	25.12123	68.74522
	25.12115	68.74571
	25.12152	68.74595
	25.12243	68.74648
	25.12291	68.74696
	25.12293	68.74735
	25.12319	68.74765
	25.12357	68.74777
	25.12382	68.74797
	25.12372	68.74826
	25.12387	68.74846
	25.1243	68.7488
	25.12412	68.74911
	25.12357	68.74962
	25.12345	68.75005
	25.12357	68.7506
	25.12414	68.75101
	25.12422	68.7514
	25.12381	68.75183
	25.12366	68.75259
	25.12398	68.75308
	25.12506	68.75309
	25.12599	68.75357
	25.12589	68.75419
	25.12647	68.75469
	25.12672	68.75554
	25.12678	68.75667
	25.12728	68.75742
	25.12714	68.75783
	25.1281	68.75801
	25.12891	68.75814
	25.12949	68.75863
	25.13016	68.75928
	25.1312	68.75965
	25.13207	68.76011
	25.13313	68.76058
	25.13436	68.76118
	25.13474	68.76149
	25.13525	68.76193
	25.13559	68.76271
	25.13563	68.76319
	25.13549	68.76381
	25.13581	68.7645
	25.13604	68.76533
	25.13591	68.76602
	25.13593	68.76646
	25.13515	68.76677
	25.13358	68.76717
	25.13326	68.76766
	25.13451	68.76831
	25.13496	68.76914
	25.13513	68.76983
	25.13528	68.77053
	25.13535	68.77102
	25.13597	68.77161
	25.13687	68.77214
	25.13727	68.77239
	25.13758	68.7726
	25.1383	68.77329
	25.13887	68.77366
	25.13956	68.77439
	25.14043	68.7752
	25.14074	68.77571
	25.14063	68.77612
	25.13992	68.77643
	25.13949	68.77691
	25.13944	68.77735
	25.13941	68.77788
	25.13963	68.7782
	25.14047	68.7785
	25.14187	68.77881
	25.14182	68.7792
	25.14179	68.77963
	25.14202	68.78002
	25.1422	68.78051
	25.1423	68.781
	25.14253	68.78149
	25.14255	68.78187
	25.14267	68.78219
	25.14265	68.78247
	25.14248	68.78264
	25.14171	68.78292
	25.14154	68.78297
	25.1409	68.78313
	25.14034	68.78344
	25.14058	68.78363
	25.14122	68.78393
	25.14168	68.78422
	25.14203	68.78472
	25.14208	68.7851
	25.14251	68.78604
	25.14269	68.78653
	25.14279	68.78696
	25.14315	68.78725
	25.14358	68.78743
	25.14389	68.78755
	25.14518	68.78812
	25.14582	68.78833
	25.14599	68.78853
	25.14618	68.78884
	25.14616	68.78911
	25.14676	68.78933
	25.1474	68.78947
	25.14819	68.78954
	25.14873	68.78964
	25.14929	68.79014
	25.14995	68.79119
	25.15018	68.79175
	25.15013	68.79213
	25.14991	68.79253
	25.14986	68.79301
	25.15008	68.7935
	25.15017	68.79395
	25.15048	68.7943
	25.15101	68.79447
	25.15174	68.79468
	25.15224	68.7948
	25.1525	68.79497
	25.15263	68.79537
	25.15309	68.79588
	25.15362	68.79626
	25.15563	68.79749
	25.15707	68.79825
	25.15717	68.79847
	25.15736	68.79877
	25.1575	68.79957
	25.15773	68.7998
	25.15865	68.80006
	25.15922	68.80004
	25.15994	68.80019
	25.1607	68.80059
	25.16203	68.80092
	25.16331	68.80108
	25.16524	68.80108
	25.1659	68.80116
	25.16668	68.80153
	25.1679	68.80201
	25.16848	68.80233
	25.16873	68.80261
	25.16931	68.80282
	25.17121	68.80342
	25.17228	68.80395
	25.17303	68.80431
	25.1743	68.80501
	25.17505	68.8056
	25.17609	68.80622
	25.17665	68.80652
	25.17903	68.80698
	25.1799	68.80719
	25.18096	68.80741
	25.18258	68.80772
	25.18451	68.80805
	25.18582	68.80834
	25.18829	68.80873
	25.19088	68.8089
	25.19227	68.8091
	25.19357	68.80936
	25.19457	68.80962
	25.19555	68.80963
	25.19667	68.80961
	25.19739	68.80965
	25.19764	68.80992
	25.19779	68.81045
	25.19885	68.81091
	25.19901	68.81129
	25.19939	68.81158
	25.20105	68.81261
	25.20174	68.81297
	25.20229	68.81324
	25.20335	68.81373
	25.20464	68.81445
	25.20585	68.81507
	25.20688	68.81588
	25.20738	68.8164
	25.20741	68.81675
	25.20743	68.81733
	25.20747	68.81764
	25.2071	68.81791
	25.2071	68.81813
	25.20753	68.81847
	25.20833	68.81878
	25.20932	68.81885
	25.21011	68.81911
	25.21171	68.81957
	25.21255	68.81976
	25.21466	68.82026
	25.21642	68.82054
	25.21797	68.82097
	25.21902	68.82127
	25.22095	68.82202
	25.22205	68.82309
	25.22283	68.82337
	25.22392	68.82355
	25.22478	68.82356
	25.22661	68.82349
	25.22727	68.82363
	25.22736	68.82392
	25.22745	68.82434
	25.22816	68.82494
	25.229	68.82528
	25.23039	68.82562
	25.23123	68.82609
	25.23165	68.82656
	25.23194	68.82708
	25.23203	68.8278
	25.23195	68.82882
	25.23217	68.82929
	25.2327	68.82958
	25.23328	68.82979
	25.23345	68.8301
	25.2333	68.83044
	25.23353	68.83092
	25.23398	68.83134
	25.23443	68.83156
	25.23533	68.83165
	25.23586	68.83187
	25.23576	68.83216
	25.23498	68.83248
	25.23547	68.83319
	25.23597	68.83373
	25.23599	68.834
	25.23617	68.83465
	25.23663	68.83526
	25.23747	68.83566
	25.23792	68.83583
	25.23885	68.8362
	25.23918	68.83647
	25.23915	68.83684
	25.23905	68.83706
	25.23866	68.83746
	25.23842	68.83813
	25.23854	68.83855
	25.23863	68.83901
	25.23896	68.83918
	25.23967	68.83929
	25.24054	68.83944
	25.24101	68.83964
	25.24101	68.84003
	25.24088	68.84022
	25.24118	68.84049
	25.24143	68.84097
	25.24217	68.84127
	25.24351	68.84183
	25.24496	68.84214
	25.24562	68.84236
	25.24602	68.84253
	25.24781	68.84274
	25.24836	68.84288
	25.24841	68.8429
	25.24875	68.84321
	25.24901	68.84359
	25.24953	68.8439
	25.25022	68.84405
	25.25113	68.84426
	25.25311	68.84457
	25.25463	68.84537
	25.2558	68.84593
	25.25709	68.84649
	25.2598	68.84734
	25.26069	68.84783
	25.26181	68.8483
	25.26326	68.84883
	25.26358	68.84899
	25.2642	68.84932
	25.265	68.84964
	25.26663	68.85034
	25.26677	68.85043
	25.26721	68.85076
	25.26885	68.85146
	25.27108	68.8519
	25.27332	68.85243
	25.2754	68.8528
	25.27784	68.85328
	25.28017	68.85365
	25.28183	68.85376
	25.28343	68.85399
	25.28452	68.85445
	25.28599	68.85495
	25.28781	68.85534
	25.28914	68.85594
	25.28964	68.85626
	25.28961	68.85666
	25.28905	68.85704
	25.28848	68.85732
	25.28816	68.85793
	25.28871	68.85861
	25.28932	68.85881
	25.29146	68.85954
	25.29228	68.85978
	25.29313	68.86004
	25.29641	68.86092
	25.29644	68.86092
	25.30234	68.8622
	25.30375	68.86248
	25.30467	68.86267
	25.30714	68.86299
	25.30864	68.86291
	25.30912	68.86277
	25.31107	68.86277
	25.31231	68.86271
	25.31299	68.86281
	25.31317	68.86299
	25.313	68.86321
	25.31345	68.86347
	25.31465	68.86381
	25.31499	68.8639
	25.3171	68.86435
	25.32629	68.86622
	25.32691	68.86642
	25.32714	68.86679
	25.32866	68.86736
	25.32946	68.86744
	25.33046	68.86759
	25.33136	68.8678
	25.33243	68.8682
	25.33378	68.86878
	25.33522	68.86936
	25.33692	68.86982
	25.33886	68.87021
	25.33992	68.87016
	25.34046	68.87009
	25.34068	68.87007
	25.34078	68.87007
	25.34142	68.87008
	25.34228	68.87019
	25.34268	68.87025
	25.34373	68.8705
	25.34398	68.87098
	25.34462	68.87121
	25.34575	68.87141
	25.34734	68.87181
	25.34833	68.87214
	25.3524	68.87314
	25.35323	68.87335
	25.3538	68.8736
	25.35418	68.87397
	25.35517	68.87425
	25.35622	68.87435
	25.35686	68.87431
	25.35739	68.87432
	25.35804	68.87447
	25.35884	68.87467
	25.35895	68.87474
	25.35935	68.87496
	25.35933	68.87529
	25.35967	68.87542
	25.36207	68.87587
	25.36486	68.87661
	25.36518	68.87667
	25.36765	68.87719
	25.3685	68.87738
	25.37001	68.8776
	25.37096	68.87773
	25.372	68.87803
	25.37239	68.87837
	25.37238	68.87871
	25.3724	68.87873
	25.37288	68.87898
	25.3734	68.87928
	25.37345	68.87969
	25.37395	68.87996
	25.37495	68.88022
	25.37553	68.88042
	25.37548	68.88063
	25.37557	68.88088
	25.37657	68.88113
	25.37775	68.88145
	25.37874	68.88183
	25.37951	68.88203
	25.38094	68.88216
	25.38193	68.88235
	25.3837	68.88285
	25.38497	68.88313
	25.38647	68.88338
	25.38835	68.88362
	25.39108	68.88408
	25.39309	68.88447
	25.39447	68.88474
	25.39792	68.88558
	25.40028	68.88637
	25.40112	68.88682
	25.40135	68.88729
	25.40092	68.88772
	25.40002	68.8881
	25.39891	68.88843
	25.39814	68.8888
	25.39798	68.88927
	25.39771	68.88959
	25.39752	68.89021
	25.398	68.8908
	25.39867	68.89119
	25.40066	68.89136
	25.40252	68.89166
	25.40399	68.89191
	25.40621	68.89238
	25.40982	68.89277
	25.4121	68.89273
	25.41264	68.8927
	25.41336	68.89258
	25.41468	68.89208
	25.41544	68.89187
	25.41687	68.8916
	25.41811	68.89145
	25.41951	68.89126
	25.42053	68.8913
	25.42126	68.89156
	25.42198	68.89186
	25.42215	68.89222
	25.42237	68.89262
	25.42293	68.89295
	25.42383	68.89331
	25.4262	68.894
	25.42922	68.89398
	25.43246	68.89385
	25.43348	68.89389
	25.43449	68.89399
	25.43474	68.89416
	25.43485	68.89433
	25.43607	68.89467
	25.4377	68.89503
	25.44036	68.89574
	25.44253	68.89648
	25.44471	68.897
	25.44746	68.89758
	25.45051	68.89795
	25.4534	68.89825
	25.45414	68.89832
	25.4559	68.89906
	25.45685	68.89998
	25.45942	68.90066
	25.46277	68.90109
	25.4655	68.90183
	25.46802	68.90253
	25.47033	68.90288
	25.47251	68.90329
	25.47491	68.90433
	25.47589	68.90449
	25.47648	68.90458
	25.48141	68.90506
	25.48403	68.90482
	25.48685	68.90454
	25.488	68.90456
	25.48876	68.90458
	25.49032	68.90442
	25.49113	68.90433
	25.49304	68.90381
	25.49439	68.903
	25.49462	68.90198
	25.49349	68.9003
	25.49349	68.89979
	25.49427	68.89939
	25.49611	68.8988
	25.50171	68.89764
	25.50543	68.89732
	25.50892	68.89695
	25.51005	68.89651
	25.51107	68.89557
	25.51185	68.89468
	25.51433	68.89318
	25.51545	68.89241
	25.51804	68.89168
	25.51996	68.89136
	25.5215	68.89064
	25.52182	68.89061
	25.52289	68.89053
	25.52566	68.89051
	25.52681	68.8902
	25.52744	68.88976
	25.52854	68.88887
	25.53027	68.88806
	25.53206	68.88771
	25.53459	68.88735
	25.53886	68.88681
	25.54105	68.88642
	25.54213	68.88632
	25.54238	68.8863
	25.54636	68.88625
	25.54953	68.88669
	25.55161	68.88711
	25.5538	68.88729
	25.55662	68.88715
	25.55783	68.88686
	25.55904	68.88652
	25.56164	68.88648
	25.56245	68.88627
	25.56339	68.88596
	25.56432	68.8859
	25.56908	68.8859
	25.57077	68.88565
	25.57325	68.88516
	25.57486	68.88499
	25.57919	68.88455
	25.58192	68.88402
	25.58447	68.8834
	25.58587	68.88326
	25.58889	68.88326
	25.59016	68.88331
	25.59059	68.88332
	25.591	68.88342
	25.59166	68.88356
	25.5938	68.88359
	25.59484	68.88379
	25.5972	68.8842
	25.60074	68.88504
	25.60255	68.88559
	25.60318	68.88617
	25.60392	68.8869
	25.6056	68.88784
	25.60809	68.88854
	25.61115	68.88953
	25.61362	68.89037
	25.61495	68.89062
	25.61691	68.89073
	25.61993	68.89078
	25.62126	68.89097
	25.623	68.8913
	25.62399	68.8917
	25.62466	68.89218
	25.62569	68.89236
	25.62709	68.89264
	25.62761	68.89291
	25.62824	68.89331
	25.62846	68.89371
	25.62831	68.89409
	25.62776	68.89498
	25.6272	68.89614
	25.62713	68.89667
	25.62728	68.89707
	25.62783	68.89747
	25.62894	68.89787
	25.62948	68.89802
	25.63008	68.8982
	25.63097	68.8987
	25.63156	68.89917
	25.63255	68.89987
	25.63374	68.90052
	25.63503	68.90133
	25.63521	68.90167
	25.63536	68.90217
	25.63591	68.90256
	25.63709	68.90282
	25.63786	68.90293
	25.64104	68.90341
	25.64244	68.90383
	25.64429	68.9042
	25.64588	68.9043
	25.64769	68.9045
	25.6482	68.90483
	25.64901	68.9052
	25.64997	68.90533
	25.65167	68.9054
	25.65241	68.90536
	25.65377	68.90549
	25.65433	68.90577
	25.65444	68.90612
	25.65392	68.90678
	25.65392	68.90714
	25.65389	68.90762
	25.65433	68.90804
	25.65481	68.90844
	25.65547	68.90949
	25.65569	68.91041
	25.65584	68.9113
	25.65621	68.9123
	25.65673	68.91307
	25.65699	68.91404
	25.65747	68.91565
	25.65791	68.9173
	25.65835	68.91773
	25.6589	68.91803
	25.65994	68.91836
	25.66097	68.91901
	25.66153	68.91982
	25.662	68.92067
	25.66226	68.92129
	25.66226	68.92201
	25.6626	68.92229
	25.66355	68.92261
	25.66422	68.92316
	25.66428	68.92323
	25.66481	68.92373
	25.67001	68.92757
	25.67732	68.934
	25.68227	68.93851
	25.68389	68.93969
	25.68684	68.9415
	25.68932	68.94327
	25.69123	68.94487
	25.69275	68.94664
	25.69308	68.94716
	25.69308	68.94761
	25.69249	68.94789
	25.69171	68.94807
	25.69094	68.94838
	25.69079	68.9488
	25.69109	68.94921
	25.69168	68.94982
	25.6919	68.95069
	25.69227	68.95144
	25.69297	68.95196
	25.69415	68.95274
	25.69448	68.95316
	25.69492	68.95336
	25.6957	68.95342
	25.69769	68.95338
	25.6988	68.95344
	25.69965	68.95366
	25.70005	68.95403
	25.69991	68.95501
	25.70002	68.95531
	25.70035	68.95562
	25.70105	68.95603
	25.70404	68.95813
	25.70485	68.95902
	25.70544	68.95986
	25.70614	68.96041
	25.70721	68.96101
	25.70851	68.96149
	25.70906	68.96186
	25.70932	68.96227
	25.70958	68.96317
	25.7102	68.96415
	25.71035	68.96469
	25.71098	68.96508
	25.71201	68.96554
	25.71286	68.96598
	25.71353	68.96664
	25.71371	68.96696
	25.71378	68.96733
	25.71356	68.96779
	25.71242	68.96884
	25.7122	68.9692
	25.71231	68.96954
	25.71382	68.97166
	25.71404	68.9723
	25.71397	68.97265
	25.71356	68.97294
	25.71271	68.97318
	25.71249	68.97363
	25.71238	68.97562
	25.7126	68.97607
	25.7129	68.97709
	25.7126	68.97787
	25.71205	68.97833
	25.71172	68.97885
	25.71183	68.97929
	25.71227	68.98004
	25.71305	68.98057
	25.71478	68.9816
	25.71574	68.9823
	25.71696	68.98312
	25.71858	68.98393
	25.71961	68.98479
	25.72013	68.98534
	25.72032	68.98588
	25.72057	68.98635
	25.72135	68.98684
	25.72227	68.98732
	25.7226	68.98813
	25.72268	68.98899
	25.72279	68.9894
	25.72316	68.98974
	25.72452	68.99039
	25.7249	68.99058
	25.72663	68.99148
	25.72883	68.99279
	25.72999	68.99358
	25.73102	68.99406
	25.73213	68.99443
	25.73357	68.99474
	25.7394	68.99585
	25.74076	68.99624
	25.74143	68.99648
	25.7415	68.99666
	25.74143	68.99686
	25.74113	68.99714
	25.74072	68.99748
	25.74072	68.99769
	25.74095	68.99794
	25.74154	68.99812
	25.7429	68.99862
	25.74349	68.99896
	25.7443	68.9995
	25.74574	69.00014
	25.74744	69.00064
	25.75117	69.00185
	25.75394	69.00306
	25.75667	69.00384
	25.75759	69.00397
	25.75844	69.00397
	25.7594	69.00384
	25.76054	69.00362
	25.76132	69.00363
	25.76191	69.00372
	25.76239	69.00394
	25.76257	69.00401
	25.76453	69.00567
	25.76601	69.00655
	25.76687	69.00694
	25.7673	69.00712
	25.7677	69.00758
	25.76781	69.00819
	25.76892	69.00918
	25.77147	69.01113
	25.77364	69.01286
	25.77464	69.01348
	25.77523	69.01426
	25.77553	69.01523
	25.77571	69.01602
	25.77615	69.01653
	25.77674	69.01704
	25.77693	69.01724
	25.77715	69.0175
	25.77741	69.01799
	25.77763	69.0187
	25.77748	69.01959
	25.77708	69.02011
	25.77649	69.02059
	25.77615	69.02091
	25.77608	69.0213
	25.77619	69.02179
	25.77612	69.02233
	25.77553	69.02311
	25.77494	69.02356
	25.7739	69.02424
	25.77269	69.02543
	25.77228	69.02635
	25.77176	69.02695
	25.77114	69.02739
	25.77087	69.02841
	25.77069	69.0287
	25.76999	69.02906
	25.7687	69.02947
	25.76858	69.02948
	25.76708	69.02969
	25.7646	69.02996
	25.76231	69.0301
	25.76124	69.03012
	25.76017	69.02992
	25.75947	69.02981
	25.75874	69.02976
	25.75755	69.02986
	25.75637	69.03021
	25.75431	69.03113
	25.75301	69.03182
	25.75194	69.03257
	25.75062	69.03429
	25.74936	69.0364
	25.74796	69.03776
	25.74637	69.03902
	25.7456	69.03985
	25.74538	69.04048
	25.74541	69.04155
	25.74549	69.04243
	25.74541	69.04365
	25.74563	69.04426
	25.74608	69.04448
	25.74704	69.04476
	25.74833	69.04509
	25.74956	69.04553
	25.75065	69.04606
	25.7511	69.04659
	25.75106	69.0471
	25.75091	69.04767
	25.75017	69.04847
	25.74984	69.04918
	25.74947	69.04983
	25.74943	69.05053
	25.74984	69.05101
	25.75067	69.05142
	25.7518	69.05181
	25.75276	69.05216
	25.75349	69.0525
	25.75401	69.05293
	25.75397	69.05326
	25.75357	69.0536
	25.75287	69.05378
	25.75257	69.05385
	25.75143	69.05402
	25.75095	69.05433
	25.75028	69.05472
	25.74995	69.05506
	25.75003	69.05542
	25.75076	69.05567
	25.75158	69.05583
	25.75239	69.05607
	25.75268	69.05642
	25.75279	69.05717
	25.75276	69.05761
	25.7522	69.05839
	25.75158	69.05898
	25.75098	69.0593
	25.75084	69.05933
	25.7498	69.0596
	25.74855	69.06002
	25.74622	69.06153
	25.7432	69.06364
	25.7387	69.06683
	25.73622	69.06896
	25.73504	69.07003
	25.73383	69.07085
	25.73349	69.07107
	25.7329	69.07171
	25.73253	69.07235
	25.73194	69.07277
	25.73083	69.07335
	25.72973	69.07409
	25.72925	69.07473
	25.72836	69.07558
	25.72604	69.07798
	25.72504	69.07892
	25.72445	69.07952
	25.72426	69.07998
	25.7243	69.08042
	25.72456	69.08068
	25.72466	69.08071
	25.7253	69.08085
	25.72655	69.08114
	25.73083	69.08203
	25.73135	69.08224
	25.73157	69.0825
	25.7315	69.08282
	25.7312	69.08324
	25.73054	69.08379
	25.73021	69.08416
	25.73006	69.08448
	25.72958	69.08481
	25.72928	69.08529
	25.72928	69.08578
	25.72943	69.08639
	25.72939	69.08689
	25.72892	69.08751
	25.72866	69.08818
	25.72829	69.08859
	25.7277	69.08917
	25.72751	69.08961
	25.72751	69.09001
	25.72733	69.09029
	25.72663	69.09072
	25.72596	69.09093
	25.72574	69.09121
	25.72585	69.09152
	25.72589	69.09187
	25.72563	69.09264
	25.72541	69.09339
	25.72545	69.09426
	25.72574	69.09545
	25.72622	69.09619
	25.727	69.09698
	25.72773	69.09802
	25.72818	69.09886
	25.7284	69.09993
	25.72884	69.10032
	25.72939	69.1007
	25.73024	69.10102
	25.73106	69.1016
	25.7312	69.10207
	25.73117	69.10268
	25.73117	69.10343
	25.7315	69.10482
	25.7315	69.10532
	25.73094	69.10581
	25.73036	69.10609
	25.73024	69.10614
	25.72832	69.10657
	25.72652	69.10677
	25.72552	69.10707
	25.72486	69.10744
	25.72441	69.10792
	25.72435	69.10795
	25.72401	69.10817
	25.72354	69.10833
	25.7229	69.10856
	25.7215	69.10872
	25.72091	69.10889
	25.72046	69.1091
	25.72024	69.10943
	25.72043	69.11006
	25.72139	69.11139
	25.72157	69.11239
	25.72168	69.11315
	25.72198	69.11375
	25.72253	69.11446
	25.72297	69.11518
	25.72345	69.11621
	25.72412	69.11661
	25.72497	69.11706
	25.72663	69.11796
	25.72832	69.11915
	25.72962	69.1203
	25.73061	69.12128
	25.73117	69.12186
	25.73205	69.12297
	25.73246	69.12395
	25.7322	69.1252
	25.73202	69.12622
	25.73205	69.12741
	25.73253	69.12806
	25.73349	69.12917
	25.73368	69.13003
	25.73327	69.13082
	25.73331	69.13149
	25.73368	69.13251
	25.73416	69.13317
	25.73467	69.13342
	25.73667	69.13402
	25.73873	69.13445
	25.73904	69.13449
	25.74021	69.13466
	25.74124	69.13512
	25.7422	69.13579
	25.74287	69.13692
	25.74368	69.13823
	25.74368	69.13876
	25.74331	69.13956
	25.74165	69.14116
	25.74154	69.14166
	25.74202	69.14229
	25.74264	69.14274
	25.74298	69.14307
	25.74301	69.14366
	25.74272	69.1443
	25.74224	69.14492
	25.74196	69.14511
	25.7415	69.14545
	25.74032	69.1461
	25.73903	69.14685
	25.7387	69.14747
	25.7384	69.14798
	25.73748	69.14865
	25.73585	69.14918
	25.73512	69.14937
	25.73345	69.1499
	25.73179	69.15032
	25.73091	69.15073
	25.73032	69.15104
	25.73002	69.15163
	25.73032	69.15217
	25.73087	69.15276
	25.73106	69.1533
	25.73109	69.15376
	25.73103	69.15464
	25.73102	69.15477
	25.73076	69.15595
	25.73069	69.15679
	25.73061	69.15741
	25.73032	69.1582
	25.72976	69.15882
	25.72825	69.1596
	25.72729	69.16023
	25.7272	69.16028
	25.72637	69.16071
	25.72504	69.16132
	25.72441	69.16172
	25.72372	69.16196
	25.72368	69.16198
	25.72193	69.16201
	25.72044	69.1622
	25.71954	69.16292
	25.71895	69.16375
	25.7188	69.16387
	25.71816	69.16432
	25.71757	69.16491
	25.71784	69.16553
	25.71837	69.16612
	25.71906	69.167
	25.71911	69.1678
	25.71906	69.16865
	25.71964	69.16927
	25.72023	69.16965
	25.72007	69.17029
	25.7197	69.17196
	25.71816	69.174
	25.71702	69.17502
	25.71555	69.17636
	25.71497	69.17702
	25.71513	69.17755
	25.71502	69.17813
	25.71476	69.17861
	25.71364	69.17963
	25.71236	69.18084
	25.71141	69.18169
	25.71114	69.1824
	25.71114	69.18306
	25.71029	69.18408
	25.70971	69.18467
	25.70902	69.18514
	25.7079	69.18544
	25.70731	69.18563
	25.707	69.18607
	25.70694	69.18675
	25.70684	69.18746
	25.7062	69.18801
	25.7057	69.18832
	25.70163	69.19077
	25.69738	69.19302
	25.69392	69.19571
	25.69334	69.1966
	25.69339	69.19722
	25.69355	69.1979
	25.69464	69.19908
	25.6952	69.19951
	25.69568	69.20017
	25.69621	69.20111
	25.69578	69.20166
	25.69488	69.20228
	25.69403	69.20277
	25.69355	69.20334
	25.69376	69.20383
	25.69431	69.20433
	25.69525	69.20478
	25.69603	69.20493
	25.69706	69.20493
	25.69846	69.20475
	25.69914	69.20468
	25.69954	69.20463
	25.70028	69.20472
	25.70168	69.20503
	25.70333	69.20563
	25.70436	69.20661
	25.70597	69.20791
	25.70729	69.20884
	25.70894	69.20961
	25.71047	69.2101
	25.71224	69.21039
	25.71299	69.21073
	25.71323	69.21109
	25.71332	69.21146
	25.71303	69.2119
	25.7127	69.21228
	25.7094	69.21408
	25.7082	69.21515
	25.70738	69.21611
	25.70725	69.21674
	25.70717	69.21768
	25.70672	69.21832
	25.70585	69.21909
	25.70548	69.21961
	25.70564	69.22018
	25.7061	69.22073
	25.70713	69.22165
	25.70832	69.22214
	25.70974	69.22263
	25.71091	69.22306
	25.71215	69.22376
	25.71306	69.22459
	25.71365	69.22523
	25.71374	69.22571
	25.71365	69.22611
	25.7134	69.22643
	25.71294	69.22674
	25.7118	69.22704
	25.70932	69.22752
	25.70763	69.22802
	25.70478	69.22907
	25.70318	69.22971
	25.70184	69.23041
	25.70115	69.23094
	25.70095	69.23121
	25.7009	69.23156
	25.7011	69.2319
	25.70158	69.2322
	25.70219	69.2325
	25.70318	69.23318
	25.70387	69.23394
	25.70435	69.23542
	25.70458	69.23636
	25.7051	69.23689
	25.70573	69.23765
	25.70663	69.23913
	25.70752	69.23964
	25.70805	69.23986
	25.70817	69.24021
	25.70812	69.24093
	25.70766	69.24138
	25.70741	69.2416
	25.70739	69.24209
	25.70742	69.24251
	25.70749	69.2433
	25.70777	69.24364
	25.70833	69.24411
	25.7084	69.24439
	25.70812	69.24468
	25.70686	69.24566
	25.70554	69.24688
	25.70506	69.24736
	25.70333	69.24862
	25.70207	69.24937
	25.70169	69.24976
	25.70163	69.25005
	25.70169	69.25047
	25.70232	69.25093
	25.7026	69.25171
	25.70252	69.25322
	25.70275	69.25383
	25.7031	69.25429
	25.70354	69.25472
	25.70414	69.25518
	25.70483	69.25553
	25.70569	69.25579
	25.70769	69.25624
	25.70926	69.25651
	25.71089	69.25672
	25.71317	69.2568
	25.71423	69.25677
	25.71682	69.25671
	25.71918	69.25669
	25.72028	69.25681
	25.72072	69.25685
	25.72347	69.25764
	25.72658	69.25877
	25.72838	69.25949
	25.72978	69.26012
	25.7303	69.26056
	25.73061	69.26112
	25.73	69.26166
	25.7293	69.2622
	25.72969	69.26278
	25.73035	69.26341
	25.73153	69.26448
	25.73223	69.26532
	25.73219	69.26586
	25.73206	69.2664
	25.73114	69.26747
	25.73044	69.2682
	25.7296	69.26916
	25.72899	69.27011
	25.7289	69.27087
	25.72903	69.27169
	25.72947	69.27268
	25.73004	69.27327
	25.73122	69.27385
	25.73232	69.27428
	25.7335	69.27453
	25.73482	69.27467
	25.73583	69.27466
	25.73609	69.27465
	25.73649	69.27466
	25.73788	69.27467
	25.73913	69.27469
	25.74059	69.27495
	25.74146	69.27548
	25.74227	69.27621
	25.74261	69.27682
	25.74255	69.27751
	25.74199	69.27826
	25.74101	69.27913
	25.73966	69.28025
	25.73891	69.28108
	25.73868	69.28166
	25.73879	69.28247
	25.73927	69.28313
	25.74011	69.28356
	25.74093	69.28383
	25.74132	69.28397
	25.74303	69.28429
	25.74558	69.28486
	25.74692	69.28523
	25.74757	69.28555
	25.7479	69.286
	25.74796	69.28652
	25.74782	69.28698
	25.7474	69.28762
	25.74703	69.2884
	25.74552	69.29085
	25.74549	69.29149
	25.74524	69.29223
	25.74504	69.29262
	25.74437	69.29304
	25.74258	69.29359
	25.73846	69.29459
	25.7372	69.29505
	25.73576	69.2955
	25.73554	69.29593
	25.73569	69.29661
	25.73607	69.29718
	25.73649	69.29774
	25.73708	69.29833
	25.73795	69.29869
	25.73868	69.29886
	25.74034	69.29902
	25.74247	69.29926
	25.74322	69.29943
	25.74605	69.30043
	25.74661	69.30079
	25.74762	69.30195
	25.74807	69.30282
	25.74818	69.3038
	25.74802	69.30452
	25.74768	69.30502
	25.74712	69.30542
	25.74617	69.30578
	25.745	69.30604
	25.74493	69.30606
	25.74404	69.3062
	25.7423	69.30657
	25.74146	69.30688
	25.74087	69.30721
	25.74039	69.30781
	25.73955	69.30911
	25.73924	69.30999
	25.73933	69.31106
	25.73933	69.31194
	25.73989	69.31536
	25.74022	69.31618
	25.74067	69.31705
	25.74111	69.31813
	25.7424	69.31901
	25.74471	69.32017
	25.74606	69.32068
	25.74822	69.32151
	25.75128	69.32285
	25.75174	69.32308
	25.75274	69.3236
	25.75455	69.32408
	25.75565	69.32435
	25.75608	69.32462
	25.75632	69.32512
	25.75641	69.32559
	25.75687	69.32637
	25.75822	69.32768
	25.75877	69.32845
	25.75955	69.33064
	25.76042	69.33293
	25.76081	69.33315
	25.76132	69.33329
	25.76238	69.33346
	25.76244	69.33346
	25.76313	69.33376
	25.76329	69.33397
	25.76319	69.33445
	25.76212	69.33545
	25.76105	69.33628
	25.76023	69.33714
	25.75946	69.33893
	25.7591	69.33986
	25.7595	69.3404
	25.761	69.34092
	25.76223	69.34127
	25.76235	69.34131
	25.76351	69.34149
	25.7653	69.34162
	25.76707	69.34195
	25.77052	69.34282
	25.77273	69.34316
	25.77602	69.34361
	25.77754	69.34396
	25.77879	69.34449
	25.77946	69.34535
	25.77981	69.34612
	25.77967	69.34664
	25.77908	69.34743
	25.7789	69.34791
	25.77882	69.34854
	25.7793	69.34942
	25.77915	69.34991
	25.77917	69.35044
	25.77951	69.35128
	25.781	69.35257
	25.78217	69.35373
	25.78382	69.35506
	25.78495	69.35553
	25.78591	69.35583
	25.78782	69.35607
	25.78962	69.35619
	25.79102	69.35639
	25.79282	69.35663
	25.79431	69.35703
	25.79626	69.35695
	25.79804	69.3569
	25.79984	69.35668
	25.80126	69.35678
	25.80257	69.35691
	25.80472	69.35735
	25.80669	69.35779
	25.80803	69.35815
	25.80968	69.35834
	25.81197	69.3585
	25.81364	69.35875
	25.81394	69.35881
	25.81592	69.35917
	25.81724	69.35958
	25.818	69.35998
	25.81862	69.36067
	25.81864	69.36127
	25.81869	69.36194
	25.81852	69.36263
	25.81791	69.3633
	25.81689	69.36427
	25.81577	69.36557
	25.81562	69.3662
	25.81571	69.36673
	25.81593	69.36728
	25.81694	69.36844
	25.81753	69.36914
	25.8177	69.36969
	25.81806	69.37109
	25.81817	69.37136
	25.81827	69.3716
	25.81883	69.37211
	25.81886	69.3724
	25.81866	69.37264
	25.81797	69.37289
	25.81698	69.3731
	25.81468	69.37333
	25.81356	69.37343
	25.81287	69.37361
	25.81251	69.37389
	25.81231	69.37423
	25.81228	69.37462
	25.81237	69.37498
	25.81279	69.37545
	25.81339	69.37586
	25.81422	69.37627
	25.81733	69.37739
	25.81828	69.3778
	25.81878	69.37833
	25.81911	69.37901
	25.81954	69.37936
	25.82037	69.3796
	25.82382	69.37994
	25.82462	69.38012
	25.82554	69.3805
	25.82714	69.38101
	25.82722	69.38103
	25.82873	69.38167
	25.8296	69.3823
	25.8303	69.38331
	25.83075	69.38423
	25.83136	69.38647
	25.8312	69.38806
	25.83123	69.38844
	25.83165	69.38881
	25.83284	69.38921
	25.83384	69.38967
	25.83426	69.39026
	25.83448	69.39069
	25.8348	69.39092
	25.83507	69.39113
	25.83591	69.3915
	25.83687	69.39182
	25.83849	69.39223
	25.83937	69.39235
	25.83982	69.39242
	25.8415	69.39248
	25.84323	69.39244
	25.84434	69.39244
	25.84536	69.39256
	25.84544	69.3926
	25.8462	69.39291
	25.84652	69.39338
	25.84655	69.39423
	25.84629	69.3946
	25.84578	69.39502
	25.84525	69.39556
	25.84476	69.39626
	25.8442	69.3978
	25.84377	69.39835
	25.84059	69.39989
	25.83566	69.4028
	25.83451	69.40331
	25.83433	69.40366
	25.83436	69.40436
	25.83436	69.405
	25.83357	69.40572
	25.83253	69.40629
	25.83137	69.4068
	25.82931	69.40719
	25.8284	69.40727
	25.82799	69.4073
	25.82609	69.40724
	25.82442	69.40695
	25.82298	69.40669
	25.8199	69.40591
	25.81794	69.40563
	25.81657	69.40548
	25.81505	69.40537
	25.81398	69.4053
	25.81318	69.4054
	25.81271	69.40552
	25.81213	69.40565
	25.81201	69.40605
	25.81256	69.40662
	25.81253	69.40717
	25.81212	69.40749
	25.81123	69.40815
	25.81009	69.40859
	25.80929	69.40893
	25.80905	69.40937
	25.8095	69.41032
	25.81027	69.41086
	25.81124	69.41126
	25.81259	69.41142
	25.81427	69.41163
	25.82113	69.41206
	25.82251	69.41229
	25.82268	69.41233
	25.82369	69.41261
	25.82424	69.41302
	25.82415	69.41369
	25.82332	69.41429
	25.82272	69.41502
	25.82194	69.41583
	25.82114	69.41617
	25.82004	69.41639
	25.81896	69.41693
	25.81798	69.41738
	25.81656	69.41763
	25.8149	69.41788
	25.81319	69.41828
	25.81147	69.41864
	25.80971	69.41879
	25.80719	69.41893
	25.80192	69.41889
	25.80052	69.41889
	25.79827	69.41895
	25.79649	69.41929
	25.79484	69.41988
	25.79402	69.42054
	25.7938	69.42114
	25.79421	69.42202
	25.79519	69.42277
	25.7968	69.42375
	25.79847	69.4245
	25.79962	69.42477
	25.80122	69.42495
	25.80274	69.42508
	25.80402	69.42509
	25.80455	69.4251
	25.80576	69.42514
	25.80698	69.42524
	25.80781	69.42541
	25.80862	69.42578
	25.80958	69.42643
	25.81009	69.42724
	25.81058	69.42833
	25.8108	69.42948
	25.81067	69.43013
	25.81006	69.43095
	25.80908	69.43172
	25.80753	69.43257
	25.80661	69.43331
	25.8064	69.43385
	25.80652	69.4344
	25.80695	69.43488
	25.80811	69.43578
	25.81123	69.43675
	25.81319	69.4375
	25.81472	69.43824
	25.81583	69.43899
	25.81674	69.43979
	25.81763	69.44189
	25.81845	69.44325
	25.81953	69.4442
	25.82103	69.44528
	25.82378	69.44673
	25.82515	69.44768
	25.82563	69.44833
	25.82593	69.44876
	25.82605	69.44974
	25.82629	69.45092
	25.82736	69.45266
	25.82958	69.4561
	25.8303	69.45847
	25.83168	69.46233
	25.83314	69.465
	25.83407	69.46662
	25.8352	69.46749
	25.83666	69.46836
	25.83931	69.46929
	25.84726	69.47109
	25.86047	69.47393
	25.86207	69.47447
	25.86318	69.47504
	25.86378	69.47587
	25.86383	69.47664
	25.86297	69.47797
	25.86154	69.48189
	25.86068	69.48362
	25.85968	69.48485
	25.85781	69.48586
	25.85605	69.48634
	25.85479	69.48659
	25.85285	69.48695
	25.85062	69.48744
	25.84922	69.48808
	25.84845	69.48876
	25.84808	69.48936
	25.84833	69.49033
	25.84917	69.49139
	25.84948	69.49243
	25.84998	69.4945
	25.85108	69.49653
	25.85176	69.49789
	25.8533	69.49915
	25.85649	69.50133
	25.85718	69.5021
	25.85753	69.50307
	25.85721	69.5068
	25.85754	69.50833
	25.85775	69.50853
	25.85903	69.50968
	25.86115	69.51186
	25.86407	69.5143
	25.86709	69.51634
	25.87021	69.51778
	25.8729	69.51913
	25.87483	69.52101
	25.87533	69.5228
	25.87651	69.52478
	25.87682	69.52613
	25.87639	69.52724
	25.87565	69.52814
	25.87287	69.53057
	25.8683	69.53335
	25.86307	69.53546
	25.85245	69.53856
	25.84468	69.54123
	25.84221	69.54267
	25.84118	69.54375
	25.84084	69.54549
	25.84128	69.54721
	25.84308	69.54966
	25.84489	69.55144
	25.84652	69.55229
	25.84801	69.55269
	25.84925	69.55284
	25.85106	69.55307
	25.854	69.55322
	25.85478	69.55322
	25.85951	69.55328
	25.86124	69.55345
	25.86159	69.55349
	25.86306	69.55381
	25.87114	69.55547
	25.87541	69.5562
	25.8802	69.55677
	25.88702	69.55745
	25.89329	69.55832
	25.89839	69.55955
	25.90253	69.56111
	25.91866	69.56791
	25.92375	69.56924
	25.93141	69.57092
	25.93548	69.57232
	25.93977	69.57486
	25.94123	69.57574
	25.94426	69.57754
	25.9467	69.57946
	25.94781	69.58133
	25.94796	69.58301
	25.94664	69.58622
	25.9469	69.58706
	25.9475	69.5876
	25.94906	69.5882
	25.95026	69.58892
	25.95179	69.59064
	25.95281	69.59255
	25.95385	69.59444
	25.95457	69.5951
	25.95551	69.59556
	25.9595	69.59674
	25.96251	69.59733
	25.9641	69.59771
	25.96539	69.59814
	25.96647	69.59883
	25.96739	69.59992
	25.96986	69.60381
	25.97165	69.60599
	25.97344	69.60795
	25.97534	69.60946
	25.97604	69.61022
	25.97611	69.61096
	25.97602	69.61157
	25.97518	69.61226
	25.96864	69.6163
	25.96674	69.61706
	25.96477	69.61765
	25.96291	69.61857
	25.96053	69.62007
	25.96	69.62077
	25.96001	69.62125
	25.96072	69.62223
	25.96185	69.62301
	25.96297	69.62409
	25.96328	69.62517
	25.96305	69.62653
	25.96237	69.62764
	25.96166	69.62839
	25.9615	69.62924
	25.96187	69.63032
	25.96288	69.63204
	25.9631	69.63317
	25.96289	69.63461
	25.96228	69.63604
	25.96123	69.63741
	25.95785	69.64057
	25.95771	69.64066
	25.9563	69.64171
	25.95586	69.6423
	25.9556	69.64279
	25.95564	69.64375
	25.95564	69.64468
	25.95548	69.64544
	25.95466	69.64659
	25.95336	69.64753
	25.95158	69.64867
	25.947	69.65054
	25.94205	69.65197
	25.94037	69.65239
	25.93644	69.65339
	25.92969	69.65524
	25.92635	69.65576
	25.9186	69.65652
	25.91429	69.65688
	25.90899	69.65717
	25.90483	69.65735
	25.90185	69.65766
	25.89947	69.65821
	25.89903	69.65832
	25.89664	69.65921
	25.8954	69.66007
	25.89416	69.66128
	25.89301	69.66277
	25.89258	69.66407
	25.89255	69.6654
	25.89377	69.66691
	25.89559	69.66831
	25.89748	69.66968
	25.90263	69.67227
	25.90329	69.67254
	25.90712	69.67406
	25.91567	69.67708
	25.92423	69.67957
	25.93152	69.68143
	25.93661	69.68263
	25.94021	69.68381
	25.94179	69.68465
	25.94361	69.68591
	25.94789	69.68996
	25.95323	69.6937
	25.9561	69.69595
	25.95943	69.69874
	25.96062	69.69972
	25.96629	69.70407
	25.97124	69.70711
	25.9751	69.70831
	25.97906	69.70949
	25.98198	69.71072
	25.98608	69.71276
	25.98951	69.71454
	25.99405	69.71629
	25.99453	69.71698
	25.9948	69.71766
	25.99585	69.7182
	25.99777	69.71876
	25.9993	69.71939
	26.00185	69.71999
	26.00392	69.72057
	26.00507	69.72116
	26.00598	69.72248
	26.00714	69.72286
	26.00867	69.72297
	26.01051	69.72298
	26.01265	69.72324
	26.01418	69.72334
	26.01603	69.72314
	26.01691	69.72279
	26.01841	69.72253
	26.01996	69.72236
	26.02454	69.72155
	26.02659	69.7213
	26.02957	69.72122
	26.0331	69.72132
	26.03623	69.72107
	26.03841	69.72069
	26.0394	69.72045
	26.03972	69.72038
	26.04109	69.72027
	26.0431	69.72033
	26.0455	69.72023
	26.04866	69.72019
	26.05112	69.72048
	26.05223	69.72053
	26.05451	69.72116
	26.05614	69.72206
	26.05713	69.72293
	26.05867	69.72364
	26.06089	69.72407
	26.06444	69.72444
	26.06673	69.72437
	26.06848	69.72413
	26.07013	69.72409
	26.07153	69.72422
	26.07191	69.72425
	26.07316	69.72473
	26.07561	69.72587
	26.07728	69.72641
	26.07793	69.72703
	26.0797	69.72748
	26.08242	69.72787
	26.08554	69.72799
	26.08798	69.72782
	26.09031	69.72781
	26.09555	69.72857
	26.10496	69.72956
	26.11056	69.73048
	26.11543	69.73169
	26.11754	69.7322
	26.11994	69.73279
	26.12556	69.73454
	26.13397	69.73817
	26.13682	69.73907
	26.14056	69.741
	26.14559	69.74427
	26.14715	69.74549
	26.14862	69.74759
	26.1491	69.74951
	26.1491	69.75146
	26.14931	69.75318
	26.1504	69.75467
	26.15206	69.75601
	26.1544	69.75685
	26.15473	69.7569
	26.15793	69.75745
	26.16337	69.75768
	26.16823	69.75795
	26.17491	69.75859
	26.18152	69.75987
	26.18431	69.76097
	26.18522	69.76205
	26.18556	69.76463
	26.18563	69.76636
	26.18503	69.76716
	26.18389	69.76757
	26.18231	69.76782
	26.18166	69.76868
	26.18198	69.76955
	26.18376	69.77048
	26.18611	69.77124
	26.18672	69.77228
	26.18814	69.77392
	26.19083	69.7756
	26.1957	69.77782
	26.19941	69.77856
	26.20462	69.77881
	26.20557	69.77885
	26.21141	69.77924
	26.21513	69.77963
	26.21757	69.78093
	26.21852	69.78319
	26.22	69.7848
	26.2222	69.78553
	26.22436	69.78606
	26.22621	69.78721
	26.22763	69.78985
	26.22905	69.79164
	26.23057	69.79275
	26.23236	69.7935
	26.23505	69.79377
	26.23826	69.79375
	26.24216	69.79399
	26.24449	69.79446
	26.24633	69.79553
	26.24806	69.7977
	26.24875	69.79988
	26.24843	69.80115
	26.24749	69.80265
	26.2448	69.80566
	26.24302	69.80722
	26.24179	69.80873
	26.24171	69.81069
	26.24171	69.8131
	26.24237	69.81455
	26.24262	69.81621
	26.24681	69.8171
	26.25059	69.81773
	26.25734	69.81872
	26.2604	69.81907
	26.26427	69.81961
	26.26445	69.81964
	26.26831	69.82054
	26.27092	69.82127
	26.27264	69.82194
	26.27578	69.82293
	26.27705	69.82334
	26.27892	69.8241
	26.28179	69.8256
	26.28346	69.82604
	26.28454	69.82623
	26.28566	69.82632
	26.28614	69.82633
	26.28795	69.82635
	26.29037	69.82648
	26.29281	69.82671
	26.29699	69.82747
	26.30409	69.82941
	26.30671	69.83001
	26.30897	69.83045
	26.31103	69.83103
	26.31516	69.83269
	26.31808	69.83359
	26.32111	69.83423
	26.32537	69.83493
	26.32796	69.83532
	26.32956	69.83568
	26.33002	69.83579
	26.33165	69.83623
	26.33413	69.83751
	26.33566	69.83876
	26.33633	69.83986
	26.33713	69.84041
	26.33819	69.84091
	26.3388	69.8411
	26.33977	69.84142
	26.34099	69.84193
	26.34266	69.84311
	26.34531	69.84412
	26.34981	69.84542
	26.3514	69.84568
	26.35195	69.84573
	26.35271	69.84581
	26.35373	69.84566
	26.35397	69.84562
	26.35493	69.84522
	26.3563	69.84486
	26.35754	69.84474
	26.35902	69.84474
	26.36064	69.84481
	26.36149	69.84497
	26.36252	69.84553
	26.36473	69.84616
	26.3652	69.84649
	26.36542	69.84666
	26.36738	69.84755
	26.3681	69.84831
	26.36881	69.84939
	26.36946	69.84985
	26.37089	69.8503
	26.37287	69.85084
	26.37889	69.85232
	26.38039	69.85283
	26.38359	69.85416
	26.38594	69.85535
	26.38699	69.85607
	26.38839	69.85784
	26.38935	69.85948
	26.39077	69.86082
	26.39387	69.86281
	26.39588	69.86425
	26.39709	69.86479
	26.3985	69.86518
	26.39975	69.86575
	26.40066	69.86639
	26.40123	69.86725
	26.40185	69.8689
	26.40123	69.87097
	26.40135	69.87164
	26.40183	69.87237
	26.4023	69.87298
	26.40313	69.87362
	26.40556	69.87493
	26.40927	69.87673
	26.41187	69.8787
	26.41311	69.8799
	26.41477	69.88354
	26.41492	69.88468
	26.41554	69.88596
	26.41746	69.88805
	26.41821	69.88909
	26.4183	69.8896
	26.41811	69.89016
	26.41772	69.89061
	26.41557	69.89192
	26.41105	69.89424
	26.40982	69.89506
	26.40861	69.89585
	26.40795	69.89689
	26.40767	69.89882
	26.40773	69.89991
	26.40741	69.90102
	26.40754	69.90148
	26.4083	69.90191
	26.40945	69.90232
	26.41211	69.90302
	26.41621	69.90384
	26.41986	69.90446
	26.4213	69.90481
	26.42256	69.90525
	26.42483	69.90602
	26.42821	69.90738
	26.43356	69.90896
	26.43617	69.90994
	26.43831	69.91086
	26.43932	69.91136
	26.44202	69.91305
	26.44425	69.91413
	26.44648	69.91529
	26.44763	69.91574
	26.44882	69.91614
	26.44926	69.91626
	26.45033	69.91657
	26.45158	69.91703
	26.45437	69.91828
	26.45509	69.9187
	26.45562	69.91924
	26.45623	69.92016
	26.45733	69.92112
	26.45811	69.92224
	26.45803	69.92411
	26.45769	69.92511
	26.45742	69.92732
	26.4578	69.92903
	26.4576	69.93161
	26.45788	69.9326
	26.45856	69.93372
	26.46044	69.936
	26.46124	69.93658
	26.46215	69.93707
	26.46291	69.93758
	26.46372	69.93893
	26.46435	69.93939
	26.46538	69.9398
	26.46663	69.9402
	26.46771	69.94042
	26.47	69.94071
	26.47849	69.94156
	26.48035	69.94189
	26.48165	69.94223
	26.48284	69.94267
	26.48525	69.94394
	26.48669	69.94433
	26.48974	69.94489
	26.49049	69.94502
	26.49369	69.94544
	26.49524	69.94559
	26.50025	69.94581
	26.50527	69.94586
	26.51562	69.94565
	26.52189	69.94565
	26.52284	69.94571
	26.52636	69.94591
	26.53024	69.94608
	26.53695	69.94656
	26.54227	69.94698
	26.54788	69.94725
	26.54963	69.9474
	26.55126	69.94759
	26.55292	69.94791
	26.56451	69.95088
	26.57022	69.952
	26.57264	69.95235
	26.5785	69.953
	26.58769	69.9545
	26.59877	69.95626
	26.60179	69.95663
	26.6095	69.95736
	26.6108	69.95765
	26.61138	69.95797
	26.61246	69.95829
	26.61489	69.95879
	26.61938	69.95938
	26.62354	69.95972
	26.62736	69.95998
	26.62941	69.9601
	26.63151	69.96021
	26.63383	69.9603
	26.63654	69.96049
	26.63949	69.96073
	26.64162	69.96104
	26.64286	69.96116
	26.64372	69.96125
	26.65117	69.96156
	26.65276	69.96167
	26.65422	69.96176
	26.65611	69.96207
	26.65928	69.9625
	26.66212	69.96271
	26.6631	69.96269
	26.66614	69.96266
	26.66882	69.96281
	26.67202	69.96345
	26.67608	69.96462
	26.67869	69.96477
	26.68063	69.96446
	26.68204	69.96393
	26.68341	69.96302
	26.68516	69.96063
	26.68596	69.95973
	26.68608	69.95965
	26.68864	69.95816
	26.69311	69.95527
	26.6972	69.95151
	26.69805	69.95087
	26.70012	69.94955
	26.70131	69.94894
	26.70279	69.94846
	26.70648	69.94752
	26.71045	69.94633
	26.71547	69.94527
	26.71807	69.94499
	26.72047	69.94501
	26.7258	69.94547
	26.73237	69.94644
	26.73534	69.94715
	26.73831	69.94807
	26.74021	69.9486
	26.74281	69.94904
	26.74366	69.94919
	26.74557	69.94941
	26.74803	69.94986
	26.7557	69.95186
	26.76498	69.95494
	26.76763	69.95555
	26.77288	69.95633
	26.77976	69.95771
	26.78136	69.95801
	26.78222	69.95817
	26.78476	69.95855
	26.78711	69.95877
	26.78936	69.95887
	26.79459	69.95882
	26.79574	69.95883
	26.79927	69.95889
	26.80376	69.95905
	26.80505	69.95909
	26.81805	69.95869
	26.82299	69.95908
	26.82475	69.95921
	26.82856	69.95965
	26.82986	69.95977
	26.83302	69.96004
	26.83608	69.96023
	26.84075	69.9603
	26.85129	69.96013
	26.85342	69.95995
	26.8556	69.95944
	26.85704	69.95894
	26.85793	69.95846
	26.85863	69.95793
	26.85893	69.95734
	26.85883	69.95674
	26.85831	69.95602
	26.85755	69.95444
	26.85752	69.95371
	26.85778	69.95317
	26.85893	69.95208
	26.8589	69.95155
	26.85868	69.95098
	26.85824	69.95053
	26.85832	69.94995
	26.85741	69.94875
	26.85537	69.94678
	26.85514	69.94582
	26.8564	69.94382
	26.85858	69.94183
	26.85952	69.94058
	26.86068	69.93991
	26.86886	69.93672
	26.87355	69.93477
	26.8783	69.93341
	26.8818	69.93276
	26.88558	69.93232
	26.89039	69.93211
	26.89401	69.93218
	26.89662	69.93232
	26.89776	69.93245
	26.90233	69.93298
	26.9091	69.93395
	26.91078	69.93427
	26.91631	69.9353
	26.91817	69.93569
	26.92078	69.9364
	26.92232	69.93693
	26.9244	69.9379
	26.92653	69.93876
	26.92779	69.93912
	26.9281	69.93918
	26.92888	69.93932
	26.92908	69.93933
	26.93025	69.93943
	26.93422	69.93946
	26.93744	69.93936
	26.93812	69.93935
	26.9393	69.93935
	26.94477	69.93951
	26.94874	69.93957
	26.95583	69.9398
	26.95863	69.93964
	26.9594	69.93955
	26.961	69.93934
	26.96444	69.939
	26.96819	69.93868
	26.9688	69.9386
	26.96972	69.93849
	26.97052	69.93835
	26.9709	69.93829
	26.9741	69.93755
	26.97919	69.93666
	26.98108	69.93625
	26.98595	69.93508
	26.98704	69.93463
	26.98849	69.93357
	26.98951	69.93303
	26.992	69.93193
	26.99312	69.93153
	26.9944	69.93088
	26.99796	69.92836
	26.99894	69.9278
	27.00362	69.92542
	27.00422	69.92485
	27.0046	69.92429
	27.00507	69.92331
	27.00575	69.92269
	27.00656	69.92214
	27.0077	69.92155
	27.01038	69.91934
	27.01176	69.91857
	27.01613	69.91695
	27.0175	69.91638
	27.01938	69.91539
	27.02056	69.91505
	27.0222	69.91477
	27.0249	69.91389
	27.02587	69.91348
	27.02608	69.9134
	27.02922	69.91174
	27.03161	69.91079
	27.03293	69.91056
	27.03419	69.91041
	27.03561	69.91034
	27.03577	69.91035
	27.03749	69.91039
	27.03976	69.91056
	27.04723	69.91164
	27.05147	69.91295
	27.05464	69.91428
	27.05938	69.91645
	27.0619	69.91721
	27.06397	69.91764
	27.06818	69.91794
	27.07457	69.91794
	27.08105	69.9176
	27.08952	69.91699
	27.09397	69.91685
	27.09741	69.91709
	27.10064	69.91758
	27.10364	69.91852
	27.10988	69.92079
	27.11687	69.92466
	27.12034	69.92681
	27.12447	69.92882
	27.12649	69.93016
	27.12914	69.9316
	27.1334	69.93233
	27.13669	69.93242
	27.13833	69.93243
	27.14516	69.93245
	27.15123	69.93262
	27.16732	69.93508
	27.17493	69.93651
	27.17994	69.9378
	27.18506	69.93858
	27.19237	69.93949
	27.19396	69.93972
	27.19744	69.94024
	27.20099	69.941
	27.20368	69.94188
	27.20776	69.94267
	27.21344	69.94339
	27.21668	69.94394
	27.22003	69.94511
	27.22503	69.94682
	27.22959	69.94761
	27.23772	69.94837
	27.2465	69.94924
	27.2571	69.94956
	27.27444	69.95056
	27.28371	69.95168
	27.29093	69.95257
	27.29619	69.95346
	27.30054	69.95508
	27.30363	69.95647
	27.30495	69.95763
	27.30436	69.95955
	27.30245	69.9618
	27.30019	69.96345
	27.29992	69.96356
	27.2981	69.96437
	27.29541	69.96518
	27.29333	69.96605
	27.29218	69.96696
	27.29159	69.96854
	27.29141	69.96967
	27.2908	69.97055
	27.28955	69.97131
	27.28527	69.9724
	27.28054	69.97327
	27.2779	69.97395
	27.27684	69.97456
	27.27593	69.97564
	27.27581	69.97772
	27.2777	69.97922
	27.28439	69.98167
	27.2923	69.98485
	27.29315	69.9852
	27.29361	69.98531
	27.30444	69.98805
	27.30916	69.98949
	27.31186	69.9901
	27.31409	69.99031
	27.31627	69.9904
	27.31897	69.99026
	27.3224	69.98937
	27.32515	69.98857
	27.32528	69.98856
	27.32726	69.98832
	27.33042	69.98848
	27.33368	69.98858
	27.33838	69.98864
	27.34027	69.98873
	27.34503	69.98898
	27.34871	69.98961
	27.35251	69.99057
	27.35413	69.99097
	27.36164	69.99289
	27.36661	69.99526
	27.37349	69.99718
	27.3843	70.00064
	27.39306	70.0051
	27.39958	70.00963
	27.40458	70.01279
	27.40851	70.01443
	27.4134	70.01603
	27.423	70.01802
	27.43071	70.01945
	27.43694	70.0204
	27.4442	70.02064
	27.45205	70.0206
	27.45809	70.02046
	27.46138	70.02039
	27.46617	70.02074
	27.4696	70.02138
	27.47395	70.02169
	27.47677	70.02174
	27.4793	70.02177
	27.48724	70.02151
	27.49331	70.02147
	27.49941	70.02178
	27.50661	70.02245
	27.51014	70.02239
	27.5156	70.02221
	27.51593	70.02223
	27.5206	70.02244
	27.52309	70.02268
	27.52412	70.02279
	27.52725	70.0239
	27.52982	70.02516
	27.53252	70.027
	27.5337	70.02884
	27.53442	70.03024
	27.53567	70.03123
	27.53791	70.03233
	27.53976	70.03359
	27.54108	70.03561
	27.54245	70.03833
	27.54265	70.04035
	27.54149	70.04206
	27.54035	70.04381
	27.54054	70.0454
	27.54187	70.04736
	27.54224	70.04765
	27.54495	70.04985
	27.54903	70.05254
	27.55141	70.05577
	27.55343	70.05814
	27.55562	70.05933
	27.56034	70.06047
	27.56593	70.06165
	27.56971	70.06255
	27.57169	70.06345
	27.57317	70.06496
	27.57383	70.06597
	27.57465	70.06676
	27.57501	70.06683
	27.5769	70.06724
	27.58115	70.06807
	27.58527	70.06852
	27.58982	70.06871
	27.59349	70.06928
	27.59744	70.07043
	27.60232	70.07183
	27.60814	70.07312
	27.61421	70.07415
	27.61679	70.0744
	27.62031	70.07475
	27.62475	70.07475
	27.62903	70.07455
	27.63159	70.07465
	27.63643	70.07522
	27.63997	70.07539
	27.6491	70.07534
	27.65408	70.07562
	27.6584	70.07601
	27.66242	70.07668
	27.66736	70.07716
	27.67039	70.07713
	27.67443	70.0771
	27.67635	70.07706
	27.68192	70.07696
	27.689	70.07668
	27.69402	70.0764
	27.69879	70.07566
	27.70096	70.07519
	27.70323	70.07469
	27.70668	70.07365
	27.71013	70.07228
	27.71313	70.07057
	27.71499	70.07001
	27.7173	70.07001
	27.71993	70.06959
	27.72289	70.06894
	27.7247	70.06824
	27.72634	70.06732
	27.72883	70.06648
	27.73202	70.06563
	27.73705	70.06457
	27.74082	70.06412
	27.74411	70.06429
	27.74954	70.06504
	27.75275	70.06591
	27.75629	70.06652
	27.75844	70.06693
	27.76099	70.0675
	27.76506	70.06808
	27.76784	70.06875
	27.77135	70.07041
	27.77419	70.07137
	27.77755	70.07198
	27.78075	70.07272
	27.78229	70.0733
	27.78346	70.07373
	27.78525	70.07476
	27.78843	70.07564
	27.79411	70.07675
	27.79735	70.07725
	27.80327	70.07798
	27.8092	70.07841
	27.81363	70.07874
	27.8155	70.07895
	27.81998	70.07944
	27.82352	70.07965
	27.82737	70.07972
	27.8318	70.07949
	27.83292	70.07948
	27.83616	70.07947
	27.841	70.08003
	27.84416	70.08089
	27.84546	70.0811
	27.84946	70.0817
	27.84983	70.08174
	27.85217	70.08193
	27.85523	70.08204
	27.85904	70.08233
	27.86108	70.08259
	27.86208	70.08273
	27.86537	70.08327
	27.86878	70.08403
	27.8709	70.08468
	27.87394	70.08488
	27.87585	70.085
	27.87889	70.08544
	27.88032	70.08552
	27.88163	70.0856
	27.88964	70.08592
	27.89365	70.08601
	27.90179	70.08637
	27.9058	70.08648
	27.91001	70.0867
	27.91278	70.08696
	27.91377	70.08706
	27.9174	70.0875
	27.9233	70.08887
	27.92711	70.08959
	27.93036	70.08997
	27.93389	70.09021
	27.93848	70.09035
	27.94078	70.09056
	27.94152	70.0907
	27.94488	70.09136
	27.94817	70.09186
	27.95139	70.0921
	27.95309	70.09218
	27.95563	70.09229
	27.95938	70.09211
	27.96466	70.08069
	27.97699	70.05425
	27.98241	70.02821
	27.98429	70.01397
	28.01262	69.99819
	28.01788	69.99524
	28.03247	69.98772
	28.06635	69.9701
	28.11476	69.94493
	28.16071	69.92099
	28.2629	69.8988
	28.2965	69.89148
	28.34527	69.88083
	28.33048	69.84919
	28.38404	69.82683
	28.39916	69.82053
	28.40423	69.81843
	28.48885	69.80439
	28.51522	69.8
	28.68859	69.77064
	28.75036	69.75962
	28.86484	69.73913
	28.89441	69.73384
	28.90153	69.73255
	28.917	69.72976
	29.00409	69.71599
	29.03308	69.71139
	29.10878	69.6993
	29.13391	69.69534
	29.14625	69.67641
	29.17054	69.63904
	29.18023	69.62974
	29.20337	69.60743
	29.21994	69.59136
	29.25492	69.55748
	29.27121	69.54181
	29.2894	69.52426
	29.3365	69.47832
	29.29504	69.44985
	29.27168	69.43376
	29.26641	69.43014
	29.21934	69.39764
	29.15815	69.37035
	29.10774	69.34772
	29.05449	69.32382
	28.99296	69.29623
	28.95313	69.27833
	28.93085	69.26832
	28.89105	69.25074
	28.83154	69.22436
	28.83031	69.1719
	28.80543	69.11116
	28.85458	69.07664
	28.87759	69.06904
	28.92945	69.05194
	28.90628	69.04574
	28.90394	69.04512
	28.87021	69.03608
	28.86754	69.03532
	28.85165	69.03086
	28.8076	69.01847
	28.77984	69.01065
	28.67105	68.98001
	28.61976	68.96554
	28.55715	68.94788
	28.55119	68.94619
	28.53976	68.94297
	28.49454	68.93019
	28.44804	68.92134
	28.41609	68.91525
	28.44073	68.90123
	28.44498	68.89878
	28.44743	68.89738
	28.45554	68.8927
	28.46808	68.88551
	28.50957	68.88572
	28.51022	68.88573
	28.51041	68.88574
	28.51536	68.88576
	28.52479	68.88582
	28.52724	68.88583
	28.54714	68.88599
	28.5632	68.88606
	28.58799	68.88613
	28.63008	68.88634
	28.66118	68.88647
	28.72195	68.87919
	28.78989	68.87076
	28.80145	68.86937
	28.79103	68.85462
	28.78852	68.85093
	28.78235	68.84236
	28.78113	68.84041
	28.77533	68.83201
	28.76549	68.81794
	28.76327	68.8148
	28.75792	68.80683
	28.75237	68.79862
	28.74657	68.79027
	28.74406	68.78675
	28.73874	68.77904
	28.73316	68.77085
	28.728	68.76302
	28.72561	68.75963
	28.72187	68.7541
	28.70721	68.73256
	28.68767	68.71868
	28.66844	68.70537
	28.66352	68.7018
	28.64106	68.68608
	28.62751	68.67702
	28.51148	68.59479
	28.46887	68.56464
	28.43412	68.53979
	28.437	68.53462
	28.43999	68.5308
	28.44264	68.5258
	28.45426	68.50669
	28.45719	68.50189
	28.45874	68.49959
	28.46542	68.48856
	28.46673	68.48651
	28.46885	68.48269
	28.46899	68.48247
	28.4692	68.48182
	28.47312	68.47602
	28.47448	68.47376
	28.47815	68.46814
	28.47996	68.46551
	28.48725	68.45238
	28.48919	68.45016
	28.49576	68.43921
	28.53871	68.37
	28.55179	68.34994
	28.56129	68.33539
	28.5826	68.30063
	28.60425	68.26567
	28.62469	68.23219
	28.64784	68.19591
	28.73113	68.18091
	28.8166	68.16607
	28.81848	68.16573
	28.82175	68.16512
	28.84479	68.16087
	28.90144	68.15097
	28.98653	68.13591
	29.03617	68.12692
	29.07146	68.12054
	29.24147	68.09
	29.29468	68.08038
	29.32713	68.07452
	29.36029	68.04797
	29.39488	68.02087
	29.42775	67.99392
	29.46098	67.96696
	29.48811	67.94473
	29.49359	67.94016
	29.52589	67.91205
	29.62556	67.83024
	29.66164	67.80298
	29.71001	67.78447
	29.86368	67.72909
	29.91479	67.71111
	29.96612	67.69209
	30.01734	67.67357
	29.97239	67.5977
	29.93051	67.52282
	29.89236	67.50546
	29.85678	67.48927
	29.83806	67.47822
	29.76711	67.42741
	29.71436	67.39882
	29.71499	67.39854
	29.71509	67.39809
	29.71562	67.39768
	29.71636	67.39703
	29.71657	67.39645
	29.71652	67.39559
	29.71694	67.39521
	29.71721	67.39386
	29.7162	67.39336
	29.71562	67.39228
	29.71414	67.39181
	29.71293	67.39116
	29.71202	67.39046
	29.71088	67.3901
	29.71068	67.38955
	29.70892	67.38911
	29.70747	67.38816
	29.70654	67.3874
	29.70347	67.38673
	29.70193	67.38616
	29.69952	67.38529
	29.69802	67.38485
	29.69631	67.38409
	29.69442	67.38338
	29.69398	67.38329
	29.69302	67.38303
	29.69281	67.3826
	29.69234	67.38246
	29.69213	67.38278
	29.69117	67.38297
	29.69049	67.38293
	29.68985	67.38234
	29.68938	67.38168
	29.68885	67.38128
	29.68763	67.38103
	29.68615	67.3807
	29.68599	67.38067
	29.68499	67.38018
	29.68467	67.37973
	29.68377	67.37912
	29.68324	67.37882
	29.68298	67.37835
	29.68208	67.37827
	29.68155	67.37778
	29.68107	67.37719
	29.68129	67.37674
	29.68033	67.37652
	29.67991	67.37621
	29.68033	67.37556
	29.68002	67.3752
	29.67965	67.37481
	29.6788	67.37453
	29.67774	67.37415
	29.6775	67.37365
	29.67706	67.37347
	29.67639	67.37317
	29.67666	67.37283
	29.67612	67.3724
	29.67585	67.37239
	29.67534	67.37235
	29.67459	67.3724
	29.67293	67.37246
	29.67226	67.37236
	29.67202	67.37208
	29.67159	67.37179
	29.67087	67.37177
	29.66997	67.37184
	29.66939	67.37176
	29.6686	67.37145
	29.66838	67.37143
	29.66765	67.37133
	29.6668	67.37133
	29.66633	67.37111
	29.66601	67.3708
	29.66521	67.3708
	29.66511	67.37082
	29.66481	67.37086
	29.66432	67.37103
	29.66407	67.37103
	29.66373	67.37088
	29.66294	67.3703
	29.66247	67.37019
	29.66178	67.37033
	29.66098	67.37033
	29.66045	67.37019
	29.65987	67.37013
	29.65961	67.37025
	29.6594	67.37052
	29.65839	67.37058
	29.65771	67.3705
	29.6575	67.37011
	29.65797	67.36997
	29.65824	67.3693
	29.65805	67.36914
	29.65778	67.36897
	29.65707	67.36893
	29.6568	67.36883
	29.65672	67.36859
	29.6567	67.3681
	29.65612	67.36769
	29.65564	67.36738
	29.65448	67.3673
	29.6541	67.36723
	29.65389	67.36704
	29.65364	67.36669
	29.65279	67.36631
	29.65268	67.36584
	29.65168	67.36537
	29.65067	67.365
	29.65046	67.36451
	29.65062	67.36342
	29.65057	67.36283
	29.65147	67.36256
	29.65168	67.36185
	29.65147	67.36142
	29.65115	67.36091
	29.65136	67.36032
	29.64983	67.36002
	29.64904	67.35979
	29.64888	67.35955
	29.64904	67.3592
	29.64919	67.35871
	29.64899	67.3586
	29.64861	67.35853
	29.64782	67.35849
	29.64749	67.35838
	29.6474	67.35814
	29.64755	67.35764
	29.64745	67.35713
	29.64731	67.35666
	29.64698	67.35656
	29.64664	67.35652
	29.64654	67.3563
	29.646	67.35618
	29.64589	67.35607
	29.64562	67.35584
	29.64511	67.35569
	29.64508	67.35541
	29.64516	67.35526
	29.64542	67.35511
	29.64596	67.35502
	29.64627	67.35492
	29.64634	67.35477
	29.64626	67.35463
	29.64597	67.3546
	29.64549	67.35464
	29.64493	67.35485
	29.6444	67.35489
	29.64382	67.35489
	29.64359	67.35479
	29.64325	67.35466
	29.64313	67.35452
	29.64335	67.35424
	29.64375	67.35424
	29.6439	67.35408
	29.64345	67.35398
	29.64266	67.35401
	29.6422	67.35416
	29.64216	67.35416
	29.6412	67.35426
	29.6407	67.35408
	29.63986	67.35372
	29.63936	67.35363
	29.63903	67.35345
	29.63837	67.35339
	29.63746	67.35346
	29.63697	67.35349
	29.63633	67.35367
	29.63585	67.35371
	29.63532	67.35364
	29.63405	67.35381
	29.63274	67.35373
	29.63202	67.35339
	29.63163	67.35309
	29.63056	67.353
	29.62961	67.35286
	29.62871	67.35271
	29.628	67.35292
	29.62769	67.35287
	29.62736	67.3527
	29.62668	67.35254
	29.62412	67.35246
	29.62352	67.35235
	29.62281	67.35188
	29.62175	67.35155
	29.62163	67.35122
	29.62131	67.35072
	29.62169	67.35025
	29.62205	67.34996
	29.62268	67.34982
	29.62268	67.34952
	29.62172	67.34914
	29.62068	67.34881
	29.61985	67.34863
	29.61937	67.34837
	29.61964	67.34833
	29.6202	67.34836
	29.62059	67.3484
	29.62068	67.34812
	29.62023	67.34793
	29.61988	67.34774
	29.61943	67.34754
	29.61886	67.34759
	29.61815	67.34751
	29.61794	67.34728
	29.618	67.34709
	29.61821	67.34668
	29.61689	67.34639
	29.61734	67.34618
	29.6177	67.34589
	29.61677	67.34568
	29.61677	67.34542
	29.61698	67.3452
	29.618	67.34522
	29.61832	67.34519
	29.61859	67.34484
	29.61856	67.34459
	29.61923	67.34461
	29.61945	67.34456
	29.61952	67.34436
	29.61979	67.34432
	29.62038	67.34443
	29.62078	67.34436
	29.6211	67.34418
	29.62245	67.34438
	29.62428	67.34426
	29.62537	67.34401
	29.62595	67.34397
	29.62629	67.34361
	29.62742	67.34331
	29.62904	67.34284
	29.63035	67.34255
	29.63103	67.34252
	29.63122	67.34274
	29.63147	67.34278
	29.63204	67.3425
	29.63253	67.34247
	29.63345	67.34274
	29.63434	67.34283
	29.63448	67.34285
	29.63467	67.34286
	29.63574	67.34295
	29.63643	67.34283
	29.63682	67.34253
	29.63691	67.34226
	29.63722	67.342
	29.63846	67.34194
	29.63886	67.34198
	29.63932	67.34204
	29.63981	67.34209
	29.64018	67.34214
	29.64101	67.34195
	29.64229	67.34164
	29.64297	67.34152
	29.64349	67.34117
	29.64403	67.34073
	29.64478	67.34067
	29.64531	67.34055
	29.64538	67.3403
	29.64519	67.34025
	29.64484	67.34022
	29.64445	67.34017
	29.64397	67.33998
	29.64353	67.33983
	29.64335	67.33978
	29.64326	67.33963
	29.64345	67.3393
	29.64364	67.33885
	29.64359	67.33863
	29.64433	67.33821
	29.64454	67.33771
	29.6445	67.33732
	29.6443	67.33712
	29.64402	67.3369
	29.64318	67.33665
	29.64254	67.33649
	29.64249	67.33626
	29.64287	67.33615
	29.64333	67.33615
	29.64349	67.33616
	29.64414	67.33636
	29.64458	67.33659
	29.64509	67.33652
	29.64495	67.33625
	29.64454	67.33592
	29.64357	67.3357
	29.64292	67.33567
	29.64276	67.33567
	29.64223	67.33571
	29.6414	67.33586
	29.64074	67.3358
	29.64058	67.33578
	29.6398	67.33561
	29.63976	67.33545
	29.64028	67.335
	29.64013	67.33477
	29.63966	67.33456
	29.63905	67.33446
	29.63827	67.33449
	29.63778	67.33443
	29.63726	67.33423
	29.63686	67.3336
	29.63632	67.33296
	29.63612	67.33286
	29.63567	67.33282
	29.63526	67.3328
	29.63466	67.33282
	29.63396	67.33294
	29.63325	67.33286
	29.63236	67.33249
	29.63169	67.33236
	29.63098	67.33234
	29.62989	67.33237
	29.6294	67.33224
	29.62892	67.33192
	29.62854	67.33182
	29.62736	67.33117
	29.62656	67.33105
	29.62585	67.33105
	29.62533	67.3309
	29.62499	67.33065
	29.62467	67.33055
	29.62392	67.33058
	29.62333	67.33065
	29.62308	67.33059
	29.62264	67.33046
	29.622	67.33043
	29.62132	67.3305
	29.62087	67.33047
	29.62047	67.33029
	29.62011	67.33004
	29.61927	67.32986
	29.61801	67.32977
	29.61686	67.32965
	29.61644	67.32945
	29.61621	67.32921
	29.61631	67.32893
	29.61614	67.32851
	29.6158	67.32838
	29.61505	67.32822
	29.6149	67.32801
	29.61583	67.32763
	29.61566	67.32739
	29.61505	67.32726
	29.61424	67.32727
	29.61404	67.32706
	29.61326	67.32684
	29.61279	67.32683
	29.61191	67.32658
	29.61144	67.3264
	29.61094	67.3264
	29.61075	67.32641
	29.60899	67.3266
	29.60824	67.32677
	29.6077	67.32699
	29.60698	67.32731
	29.60671	67.32756
	29.60642	67.32787
	29.60561	67.32797
	29.60498	67.32794
	29.60493	67.3276
	29.60455	67.32741
	29.60379	67.32731
	29.60236	67.32734
	29.60156	67.32735
	29.60138	67.32756
	29.60114	67.32796
	29.60049	67.32799
	29.59994	67.32794
	29.59979	67.32774
	29.59925	67.32765
	29.59872	67.32779
	29.59796	67.32787
	29.59679	67.32792
	29.59605	67.32808
	29.59523	67.32838
	29.59488	67.3285
	29.59381	67.32901
	29.59345	67.32923
	29.59312	67.32939
	29.59264	67.32945
	29.59197	67.32939
	29.59152	67.32922
	29.59109	67.32863
	29.59066	67.32859
	29.58978	67.32855
	29.58911	67.32888
	29.58892	67.32906
	29.5883	67.32919
	29.58792	67.32932
	29.58717	67.32961
	29.58599	67.33005
	29.58577	67.33041
	29.58553	67.33066
	29.58516	67.33069
	29.58489	67.33072
	29.58446	67.33068
	29.58425	67.33047
	29.5837	67.33015
	29.58305	67.32995
	29.58282	67.32978
	29.58282	67.32936
	29.5827	67.32908
	29.58227	67.32874
	29.58086	67.32826
	29.5805	67.32799
	29.58019	67.32733
	29.57998	67.32731
	29.57955	67.32725
	29.57936	67.32702
	29.57981	67.3267
	29.58014	67.32649
	29.57993	67.3262
	29.5796	67.32567
	29.57943	67.32515
	29.57914	67.32484
	29.57862	67.32452
	29.57852	67.32421
	29.57847	67.32389
	29.57816	67.32389
	29.57744	67.32387
	29.57659	67.32381
	29.57561	67.32348
	29.57505	67.32348
	29.57426	67.3237
	29.57333	67.32373
	29.57322	67.32368
	29.57254	67.3233
	29.57179	67.3228
	29.57137	67.32262
	29.57058	67.3226
	29.56988	67.32244
	29.56923	67.32206
	29.5682	67.32197
	29.56774	67.32214
	29.56751	67.32251
	29.56685	67.32253
	29.56606	67.32242
	29.56616	67.32217
	29.56653	67.32181
	29.56648	67.32151
	29.56602	67.32127
	29.56606	67.32102
	29.56671	67.32081
	29.56681	67.32063
	29.5668	67.32013
	29.56654	67.31965
	29.56624	67.3195
	29.56561	67.31946
	29.56482	67.31948
	29.56463	67.31947
	29.56448	67.31947
	29.56434	67.31932
	29.56458	67.31922
	29.56489	67.31915
	29.56522	67.31911
	29.56531	67.31909
	29.56691	67.31883
	29.56795	67.31849
	29.57061	67.31837
	29.57124	67.31827
	29.57146	67.31816
	29.57172	67.31777
	29.57203	67.31752
	29.5722	67.31726
	29.57263	67.3171
	29.57302	67.31704
	29.57332	67.31709
	29.57361	67.31715
	29.57411	67.31714
	29.57504	67.31692
	29.57529	67.31678
	29.57518	67.31664
	29.57524	67.3165
	29.57548	67.31639
	29.57557	67.31634
	29.57611	67.31627
	29.57686	67.31624
	29.57772	67.31607
	29.57913	67.31602
	29.57918	67.316
	29.57972	67.31585
	29.57995	67.3157
	29.57995	67.31551
	29.57975	67.31533
	29.57857	67.31499
	29.57779	67.31472
	29.57738	67.31438
	29.57657	67.31364
	29.57612	67.31344
	29.57585	67.31333
	29.57514	67.31326
	29.57392	67.31307
	29.57363	67.313
	29.57304	67.31284
	29.57265	67.31259
	29.57234	67.31228
	29.57191	67.31207
	29.57155	67.31198
	29.57026	67.31191
	29.56989	67.31177
	29.56998	67.31156
	29.57055	67.31133
	29.57122	67.31096
	29.57134	67.31079
	29.57121	67.31071
	29.57077	67.31067
	29.57017	67.31079
	29.56976	67.31093
	29.56953	67.311
	29.56912	67.31128
	29.56866	67.31146
	29.56813	67.31149
	29.56555	67.31142
	29.56474	67.31128
	29.56378	67.31097
	29.56354	67.31094
	29.56323	67.31098
	29.56307	67.31114
	29.56294	67.31138
	29.56195	67.31191
	29.56071	67.31203
	29.55966	67.31202
	29.55927	67.31197
	29.55904	67.31185
	29.5576	67.31185
	29.55667	67.31211
	29.55546	67.31215
	29.55493	67.3122
	29.55453	67.31208
	29.55427	67.31191
	29.55448	67.31162
	29.5535	67.31141
	29.55281	67.31148
	29.55236	67.31167
	29.55201	67.31157
	29.552	67.31156
	29.55102	67.31156
	29.55009	67.31167
	29.54957	67.31149
	29.54931	67.31145
	29.5484	67.31129
	29.5468	67.31097
	29.54656	67.31075
	29.54632	67.31039
	29.54623	67.31018
	29.54624	67.31015
	29.54647	67.30986
	29.54586	67.30967
	29.544	67.30959
	29.54307	67.30943
	29.54158	67.30907
	29.5405	67.30846
	29.53971	67.3083
	29.5385	67.30825
	29.53664	67.30868
	29.53612	67.30922
	29.53659	67.30949
	29.53656	67.30989
	29.53692	67.30994
	29.53786	67.30989
	29.53832	67.30999
	29.53878	67.31015
	29.53861	67.31035
	29.53833	67.31039
	29.53802	67.31042
	29.53754	67.31032
	29.53703	67.31014
	29.5363	67.31012
	29.53552	67.31037
	29.53454	67.31031
	29.53352	67.31051
	29.5324	67.31074
	29.53123	67.3108
	29.53016	67.31089
	29.52904	67.31087
	29.52718	67.31125
	29.52602	67.31101
	29.5249	67.31098
	29.52434	67.31071
	29.52546	67.31022
	29.52476	67.31008
	29.52373	67.31015
	29.52271	67.30992
	29.52262	67.30954
	29.52304	67.30905
	29.52322	67.30859
	29.52304	67.30826
	29.52248	67.30753
	29.52173	67.30674
	29.5222	67.3064
	29.5221	67.30605
	29.52187	67.30539
	29.52075	67.30524
	29.51987	67.30474
	29.51917	67.30384
	29.51875	67.30318
	29.51762	67.30219
	29.51689	67.30166
	29.51703	67.30101
	29.51623	67.30025
	29.51609	67.29913
	29.51529	67.29851
	29.51492	67.2977
	29.5147	67.29691
	29.51514	67.29612
	29.51524	67.29574
	29.51496	67.29547
	29.51412	67.29511
	29.51388	67.2948
	29.51403	67.29458
	29.51449	67.29427
	29.51427	67.29351
	29.51296	67.29267
	29.51199	67.29225
	29.51178	67.29206
	29.51187	67.29157
	29.51187	67.29109
	29.51048	67.2905
	29.51023	67.28972
	29.5099	67.28935
	29.50881	67.28896
	29.50677	67.28851
	29.50604	67.2882
	29.50539	67.28767
	29.50502	67.28699
	29.50524	67.28618
	29.50518	67.28594
	29.50473	67.28567
	29.50445	67.28539
	29.50458	67.28515
	29.50488	67.28497
	29.50714	67.28474
	29.50773	67.28462
	29.50785	67.28443
	29.50764	67.28412
	29.508	67.28392
	29.50852	67.28384
	29.50997	67.28297
	29.51099	67.28188
	29.5117	67.28122
	29.51298	67.28108
	29.5142	67.28106
	29.51536	67.28079
	29.45046	67.23544
	29.34856	67.17028
	29.26392	67.11677
	29.23617	67.09919
	29.2216	67.08997
	29.1763	67.06211
	29.15306	67.04782
	29.07346	66.99577
	29.04056	66.96182
	29.03466	66.94577
	29.03402	66.94371
	29.03399	66.94258
	29.03384	66.94076
	29.03312	66.92547
	29.03907	66.91021
	29.04118	66.90496
	29.04268	66.90089
	29.04606	66.89027
	29.06075	66.85269
	29.10429	66.81476
	29.11942	66.80137
	29.11559	66.79965
	29.10372	66.79429
	29.10556	66.79007
	29.12234	66.78705
	29.13154	66.78704
	29.132	66.78583
	29.13206	66.78535
	29.13248	66.78484
	29.13262	66.7844
	29.13285	66.78418
	29.13341	66.78421
	29.13393	66.7844
	29.13458	66.78421
	29.1349	66.78374
	29.13635	66.78333
	29.13664	66.78314
	29.13667	66.78288
	29.1365	66.78256
	29.13514	66.78219
	29.13514	66.78189
	29.13602	66.78141
	29.13667	66.78132
	29.13686	66.7813
	29.13756	66.78082
	29.13779	66.78034
	29.13891	66.78025
	29.13961	66.77981
	29.14059	66.77961
	29.14161	66.77977
	29.14264	66.77981
	29.14278	66.78012
	29.14501	66.78017
	29.14965	66.78029
	29.18741	66.75458
	29.20483	66.74196
	29.22472	66.72875
	29.24405	66.71555
	29.26337	66.70247
	29.27302	66.69588
	29.30193	66.6763
	29.32253	66.66286
	29.35072	66.64392
	29.35319	66.6418
	29.35574	66.64188
	29.35765	66.64108
	29.35783	66.63957
	29.35692	66.63845
	29.35501	66.63809
	29.36056	66.62932
	29.3602	66.6256
	29.3659	66.62266
	29.38682	66.60808
	29.38356	66.60551
	29.3764	66.60376
	29.38281	66.59846
	29.39637	66.59691
	29.40145	66.59723
	29.40612	66.59619
	29.4079	66.59323
	29.40983	66.59324
	29.41023	66.59295
	29.41038	66.59249
	29.41035	66.59225
	29.41146	66.59198
	29.41281	66.59196
	29.41461	66.5922
	29.41659	66.5925
	29.41709	66.58952
	29.41522	66.58756
	29.41146	66.58548
	29.41135	66.58421
	29.41101	66.58335
	29.41214	66.58268
	29.41362	66.58236
	29.41453	66.58105
	29.41453	66.58042
	29.41704	66.57983
	29.42011	66.58014
	29.42113	66.57965
	29.47268	66.54345
	29.52429	66.4907
	29.63109	66.36658
	29.66332	66.31771
	29.69194	66.28337
	29.69454	66.28029
	29.69732	66.27798
	29.6971	66.27784
	29.69684	66.27773
	29.69701	66.27751
	29.69695	66.27735
	29.69682	66.27721
	29.69716	66.27719
	29.69757	66.27709
	29.69786	66.27713
	29.69813	66.27723
	29.69856	66.27723
	29.69877	66.27717
	29.69911	66.27718
	29.69945	66.27721
	29.70006	66.27723
	29.70053	66.27717
	29.70096	66.27702
	29.70111	66.27685
	29.7015	66.27679
	29.70169	66.27667
	29.70182	66.27649
	29.70209	66.27639
	29.7025	66.27637
	29.70263	66.27628
	29.70294	66.27578
	29.70468	66.27545
	29.70562	66.27509
	29.70661	66.27465
	29.70694	66.27419
	29.70702	66.27372
	29.70695	66.27337
	29.70628	66.27297
	29.70525	66.27253
	29.70415	66.27222
	29.70299	66.272
	29.70152	66.2719
	29.69969	66.27191
	29.69699	66.27195
	29.69599	66.27175
	29.69525	66.27147
	29.69465	66.27111
	29.69446	66.2709
	29.69448	66.27058
	29.69559	66.26973
	29.69664	66.26849
	29.69705	66.26818
	29.69758	66.26784
	29.6986	66.26737
	29.70033	66.26695
	29.7022	66.26676
	29.70386	66.26674
	29.70532	66.26689
	29.7066	66.26721
	29.70724	66.26753
	29.70853	66.26796
	29.70949	66.2682
	29.82284	66.19409
	29.92394	66.12625
	29.97126	66.04587
	29.98093	66.04396
	29.97372	66.04081
	29.97713	66.03554
	29.98135	66.02933
	29.9845	66.02443
	29.99234	66.02264
	29.99314	66.02065
	29.98926	66.01991
	29.9903	66.01441
	29.99727	65.97889
	30.02417	65.96685
	30.02421	65.96162
	30.02428	65.95888
	30.03018	65.95054
	30.04677	65.92755
	30.05944	65.91006
	30.06479	65.90106
	30.0682	65.89518
	30.07502	65.87889
	30.08434	65.85716
	30.08504	65.85538
	30.08735	65.85057
	30.08777	65.84831
	30.09511	65.82475
	30.09829	65.8146
	30.1013	65.80488
	30.10311	65.79878
	30.10445	65.79435
	30.10727	65.7885
	30.10825	65.78525
	30.11062	65.77863
	30.11275	65.77215
	30.11438	65.76768
	30.11618	65.76137
	30.11969	65.75118
	30.12047	65.74823
	30.12266	65.74038
	30.12788	65.72184
	30.13343	65.70235
	30.13405	65.69976
	30.13846	65.66869
	30.04014	65.68712
	30.01709	65.69653
	29.97624	65.68745
	29.94086	65.68071
	29.93072	65.67873
	29.90092	65.67306
	29.78866	65.65071
	29.73957	65.64076
	29.72243	65.63705
	29.75449	65.60929
	29.81588	65.58355
	29.83885	65.57316
	29.86375	65.56047
	29.8133	65.53401
	29.80065	65.52736
	29.79797	65.52596
	29.79227	65.52226
	29.79044	65.52089
	29.78169	65.51524
	29.76389	65.50339
	29.75965	65.50063
	29.75481	65.49758
	29.74738	65.4972
	29.73728	65.49555
	29.73474	65.49471
	29.72981	65.49412
	29.72478	65.49434
	29.71872	65.49428
	29.70661	65.49428
	29.65015	65.49753
	29.54984	65.50584
	29.50454	65.48804
	29.32078	65.52083
	29.21288	65.51827
	29.21821	65.49319
	29.11545	65.44745
	29.04626	65.43716
	28.95842	65.44752
	28.64667	65.38937
	28.65744	65.3723
	28.62832	65.35379
	28.61269	65.32623
	28.60914	65.31537
	28.60621	65.28614
	28.36333	65.26673
	28.16274	65.2507
	28.11096	65.24573
	28.03298	65.23826
	27.99545	65.22127
	27.98357	65.2161
	27.95073	65.20752
	27.94789	65.20574
	27.94104	65.17894
	27.89338	65.09211
	27.66672	65.12087
	27.56852	65.0936
	27.45109	65.08699
	27.33033	65.09057
	27.28408	65.04808
	27.26234	65.02722
	27.31739	64.99689
	27.32253	64.98797
	27.33303	64.98706
	27.33577	64.98683
	27.38609	64.95889
	27.39386	64.94542
	27.37755	64.94155
	27.37685	64.94139
	27.39234	64.93649
	27.39563	64.93606
	27.39963	64.93555
	27.40456	64.92694
	27.40405	64.92681
	27.40353	64.92675
	27.40297	64.92656
	27.40202	64.92642
	27.40169	64.92639
	27.40125	64.9264
	27.40092	64.92647
	27.4005	64.92664
	27.40039	64.92681
	27.40033	64.92708
	27.40016	64.92723
	27.39955	64.92743
	27.39903	64.92747
	27.39798	64.92746
	27.39739	64.92741
	27.39648	64.92731
	27.39613	64.92728
	27.39485	64.9272
	27.39402	64.92711
	27.39334	64.92705
	27.39154	64.92666
	27.39	64.92634
	27.38939	64.92618
	27.38873	64.92603
	27.38799	64.92585
	27.38842	64.92557
	27.38978	64.92588
	27.39015	64.9261
	27.39282	64.92663
	27.3946	64.92695
	27.39944	64.9271
	27.39959	64.92704
	27.40035	64.92549
	27.40022	64.92539
	27.39997	64.92536
	27.39997	64.9253
	27.40023	64.92524
	27.40102	64.92516
	27.40121	64.9251
	27.40126	64.92494
	27.40143	64.92485
	27.40152	64.9247
	27.40157	64.92466
	27.40166	64.92465
	27.40192	64.92464
	27.40215	64.92465
	27.40246	64.92459
	27.40537	64.92332
	27.40472	64.92256
	27.40462	64.92236
	27.4044	64.92223
	27.40376	64.92188
	27.36971	64.88994
	27.40266	64.85516
	27.39323	64.84667
	27.38649	64.8475
	27.3608	64.84292
	27.3698	64.83134
	27.37505	64.83081
	27.35413	64.81188
	27.21343	64.82825
	27.21123	64.82655
	27.2111	64.82556
	27.2098	64.82501
	27.20793	64.82542
	27.20202	64.82571
	27.20051	64.82579
	27.18965	64.82903
	27.18945	64.82886
	27.18369	64.83052
	27.18461	64.83155
	27.15562	64.83496
	27.14832	64.83507
	27.07113	64.81102
	26.90754	64.7589
	26.89009	64.73376
	26.90793	64.72907
	26.90782	64.7289
	26.90764	64.72882
	26.908	64.72867
	26.9079	64.72848
	26.90835	64.72817
	26.90897	64.7278
	26.90975	64.72729
	26.91103	64.72688
	26.91119	64.72675
	26.91074	64.72648
	26.91002	64.72631
	26.90969	64.7261
	26.90926	64.72596
	26.9093	64.72578
	26.90938	64.72555
	26.90934	64.72552
	26.90909	64.7254
	26.90863	64.72542
	26.9083	64.72515
	26.90786	64.72501
	26.90766	64.72498
	26.9073	64.72471
	26.90701	64.72459
	26.90661	64.72452
	26.89921	64.72057
	26.89013	64.71986
	26.89383	64.70983
	26.89034	64.7059
	26.90129	64.70424
	26.90388	64.70069
	26.90015	64.69616
	26.88424	64.69861
	26.87869	64.69189
	26.8892	64.68842
	26.88737	64.68579
	26.87376	64.68752
	26.86004	64.69017
	26.84056	64.66184
	26.80899	64.65877
	26.75537	64.65003
	26.75499	64.64706
	26.74434	64.64487
	26.74093	64.64418
	26.73262	64.65168
	26.72729	64.65054
	26.70615	64.64599
	26.71008	64.64274
	26.68876	64.63605
	26.70422	64.63101
	26.6946	64.628
	26.6662	64.64202
	26.6682	64.64287
	26.68939	64.64786
	26.68985	64.65076
	26.68541	64.653
	26.67169	64.64795
	26.66115	64.64826
	26.65242	64.65506
	26.63398	64.64699
	26.6442	64.64089
	26.6526	64.6396
	26.65751	64.63168
	26.64792	64.62898
	26.6537	64.62583
	26.61225	64.61139
	26.60322	64.61294
	26.5733	64.58981
	26.57783	64.57604
	26.58356	64.57342
	26.57958	64.56913
	26.56818	64.57239
	26.56654	64.57205
	26.56497	64.57268
	26.56257	64.57308
	26.56054	64.57442
	26.55711	64.57478
	26.5574	64.57676
	26.55969	64.57745
	26.55433	64.5797
	26.53107	64.57497
	26.54761	64.56049
	26.54649	64.55809
	26.46945	64.5644
	26.4624	64.56498
	26.46163	64.56505
	26.44454	64.5566
	26.40576	64.53729
	26.39716	64.53243
	26.39043	64.52882
	26.3751	64.52146
	26.36126	64.5148
	26.36019	64.51526
	26.36026	64.5147
	26.35089	64.51364
	26.3499	64.51592
	26.34319	64.51781
	26.3438	64.51603
	26.34768	64.50856
	26.34785	64.50805
	26.31447	64.50534
	26.3245	64.49622
	26.2909	64.47911
	26.4264	64.42732
	26.47928	64.3796
	26.46354	64.35711
	26.47441	64.35153
	26.51168	64.33544
	26.52072	64.33068
	26.54548	64.32016
	26.68085	64.31601
	26.68481	64.31403
	26.68458	64.27643
	26.70519	64.26514
	26.76735	64.26516
	26.77083	64.21569
	26.78026	64.05694
	26.87067	64.03675
	26.59888	63.97968
	26.55977	63.96394
	26.42673	63.9091
	26.3833	63.89304
	26.24333	63.84131
	26.2175	63.83185
	26.24365	63.80838
	26.29149	63.59061
	26.19476	63.56861
	26.19038	63.50864
	26.18823	63.50476
	26.18954	63.50219
	26.16524	63.48071
	26.14171	63.46028
	26.13988	63.45864
	26.13864	63.4576
	26.13697	63.45723
	26.13429	63.45667
	26.10878	63.4517
	26.06983	63.44403
	26.03231	63.4366
	26.00615	63.43143
	25.9946	63.42911
	25.97308	63.43142
	25.89285	63.43964
	25.83901	63.47478
	25.8312	63.47992
	25.81734	63.48901
	25.80908	63.49449
	25.77869	63.50438
	25.77437	63.50571
	25.75298	63.51113
	25.73822	63.51488
	25.73147	63.51573
	25.69824	63.51996
	25.54151	63.52375
	25.48258	63.53256
	25.48117	63.53283
	25.4231	63.55388
	25.42144	63.55446
	25.41587	63.5565
	25.40905	63.55902
	25.39837	63.56294
	25.39174	63.56541
	25.38688	63.56724
	25.34803	63.58148
	25.32334	63.58943
	25.28846	63.60059
	25.28517	63.60163
	25.27926	63.60353
	25.27672	63.60443
	25.27406	63.60523
	25.26841	63.6071
	25.26111	63.60933
	25.26036	63.60951
	25.25113	63.61229
	25.24522	63.61026
	25.23493	63.60679
	25.22689	63.60402
	25.20914	63.59797
	25.19197	63.59208
	25.15922	63.58087
	25.14014	63.57431
	25.14006	63.57418
	25.13624	63.56406
	25.13443	63.55904
	25.13363	63.5567
	25.12874	63.54356
	25.12684	63.5382
	25.12512	63.53346
	25.12317	63.52869
	25.11989	63.51996
	25.11774	63.51299
	25.11529	63.5077
	25.11401	63.50431
	25.11359	63.50358
	25.11301	63.5023
	25.11255	63.50164
	25.10616	63.49435
	25.10372	63.49104
	25.09757	63.48438
	25.09368	63.48025
	25.08705	63.47279
	25.0819	63.46716
	25.05469	63.46175
	25.03632	63.45807
	24.98864	63.44849
	24.97148	63.44507
	24.9369	63.43814
	24.92532	63.43581
	24.90298	63.43135
	24.90227	63.4288
	24.88469	63.41892
	24.88154	63.41719
	24.87584	63.41399
	24.87393	63.41293
	24.85733	63.40364
	24.84767	63.39825
	24.84166	63.39486
	24.82658	63.38645
	24.82387	63.38722
	24.81378	63.38155
	24.79311	63.37005
	24.77293	63.35868
	24.77451	63.35418
	24.77634	63.34926
	24.78256	63.33228
	24.78657	63.32141
	24.78832	63.31658
	24.78971	63.3128
	24.79262	63.30471
	24.7983	63.28946
	24.80226	63.27889
	24.80358	63.27593
	24.78445	63.27206
	24.75415	63.26591
	24.76661	63.2553
	24.75944	63.2537
	24.75182	63.25198
	24.75494	63.24299
	24.75505	63.24235
	24.75647	63.2378
	24.7578	63.23374
	24.76129	63.22286
	24.76265	63.2188
	24.76218	63.21834
	24.75489	63.20904
	24.75365	63.2075
	24.74582	63.19788
	24.7452	63.19562
	24.74329	63.18896
	24.7391	63.17406
	24.7379	63.16971
	24.73599	63.16295
	24.73481	63.1586
	24.7316	63.14704
	24.73939	63.14456
	24.77281	63.13337
	24.73812	63.13664
	24.71849	63.1385
	24.70063	63.14022
	24.69431	63.14084
	24.68487	63.14174
	24.62669	63.1474
	24.58659	63.15127
	24.56765	63.15314
	24.5465	63.15524
	24.53228	63.15662
	24.53078	63.15749
	24.52979	63.15701
	24.51427	63.15336
	24.50326	63.15074
	24.493	63.14835
	24.4588	63.14022
	24.44303	63.13649
	24.41709	63.13031
	24.39917	63.12605
	24.36999	63.11908
	24.36418	63.11769
	24.359	63.11642
	24.35484	63.11836
	24.31341	63.13779
	24.30437	63.14112
	24.27653	63.13635
	24.25969	63.13351
	24.25689	63.13299
	24.26431	63.12223
	24.20479	63.15403
	24.20319	63.15486
	24.19745	63.15364
	24.18051	63.15006
	24.17078	63.14799
	24.16946	63.14933
	24.17788	63.15186
	24.17494	63.15398
	24.1808	63.15561
	24.17959	63.15795
	24.17816	63.16092
	24.18517	63.16207
	24.19507	63.15572
	24.21449	63.16308
	24.23444	63.17069
	24.22786	63.17504
	24.21925	63.18062
	24.20329	63.1911
	24.19679	63.19535
	24.18623	63.20217
	24.1723	63.21128
	24.15379	63.21954
	24.12637	63.2318
	24.10958	63.23935
	24.1092	63.2393
	24.10669	63.2398
	24.10671	63.23997
	24.10649	63.24008
	24.10643	63.24021
	24.10648	63.2405
	24.1067	63.24065
	24.10181	63.24282
	24.09701	63.24501
	24.08064	63.24981
	24.05202	63.25815
	24.01659	63.26838
	24.00729	63.2696
	23.99174	63.2715
	23.95597	63.27601
	23.92616	63.27655
	23.91041	63.27678
	23.88058	63.27724
	23.86201	63.27758
	23.85673	63.27772
	23.85412	63.27692
	23.8515	63.27826
	23.85311	63.27881
	23.84618	63.28175
	23.8384	63.285
	23.8371	63.28536
	23.83138	63.28718
	23.82784	63.28716
	23.82701	63.28691
	23.82823	63.28439
	23.82872	63.28399
	23.83098	63.28249
	23.8328	63.2803
	23.83546	63.27927
	23.8357	63.27915
	23.83499	63.27861
	23.83222	63.27998
	23.83181	63.28027
	23.82928	63.28241
	23.82954	63.28249
	23.82859	63.28279
	23.82711	63.2848
	23.82711	63.28537
	23.82546	63.28694
	23.82583	63.28756
	23.82422	63.28824
	23.82336	63.28888
	23.82162	63.2891
	23.8198	63.29082
	23.82018	63.29103
	23.82256	63.2894
	23.82381	63.289
	23.82578	63.28821
	23.82679	63.28777
	23.83284	63.28737
	23.8325	63.28748
	23.8204	63.29249
	23.81664	63.29405
	23.81862	63.29242
	23.81849	63.29224
	23.81722	63.29258
	23.81638	63.2937
	23.81563	63.29379
	23.81544	63.29453
	23.80435	63.2992
	23.80375	63.2982
	23.80342	63.297
	23.80068	63.2962
	23.79827	63.29656
	23.79828	63.29691
	23.80046	63.29698
	23.80079	63.29667
	23.80143	63.29674
	23.80064	63.2994
	23.80089	63.2998
	23.80016	63.30006
	23.79937	63.30018
	23.79918	63.30044
	23.79999	63.30099
	23.77988	63.30933
	23.77075	63.31309
	23.74764	63.33235
	23.73266	63.34467
	23.72963	63.34723
	23.71952	63.35754
	23.71181	63.36536
	23.70414	63.37308
	23.69837	63.37894
	23.69699	63.38032
	23.70993	63.38288
	23.68571	63.4081
	23.67588	63.41837
	23.67147	63.42292
	23.66003	63.43483
	23.66515	63.43602
	23.66429	63.43826
	23.66397	63.43948
	23.66268	63.44278
	23.66015	63.44975
	23.66765	63.45139
	23.66086	63.46135
	23.65741	63.46125
	23.65784	63.48763
	23.65103	63.53093
	23.64155	63.53387
	23.63125	63.5371
	23.62952	63.53765
	23.62078	63.54034
	23.61113	63.54333
	23.59326	63.5489
	23.58014	63.55296
	23.57862	63.55341
	23.57873	63.55341
	23.57885	63.55504
	23.58425	63.55757
	23.58724	63.55831
	23.58704	63.5589
	23.58424	63.56049
	23.58246	63.56155
	23.58206	63.56169
	23.58062	63.56256
	23.57854	63.56252
	23.57487	63.56306
	23.58197	63.56589
	23.58189	63.56605
	23.58158	63.5663
	23.58156	63.56647
	23.58128	63.56661
	23.58096	63.56668
	23.58036	63.56702
	23.58003	63.56742
	23.57893	63.56825
	23.5786	63.56883
	23.57856	63.56928
	23.57797	63.56961
	23.578	63.56981
	23.57797	63.57001
	23.57801	63.57017
	23.57141	63.56939
	23.56637	63.56884
	23.56275	63.56842
	23.5608	63.56814
	23.556	63.56759
	23.55551	63.57744
	23.55882	63.57735
	23.55896	63.57742
	23.55926	63.57744
	23.55943	63.57756
	23.5595	63.57766
	23.55976	63.5777
	23.56009	63.57782
	23.56088	63.57784
	23.56126	63.57775
	23.56181	63.57773
	23.56222	63.57762
	23.56257	63.57756
	23.56272	63.57744
	23.56303	63.5774
	23.56338	63.57739
	23.56388	63.57714
	23.56404	63.5769
	23.56428	63.57668
	23.56441	63.57625
	23.56449	63.5757
	23.56468	63.57536
	23.56461	63.5752
	23.56414	63.57506
	23.56386	63.57487
	23.56369	63.57468
	23.56364	63.57453
	23.56332	63.57416
	23.57555	63.58007
	23.57279	63.58014
	23.57399	63.58226
	23.57167	63.58247
	23.57263	63.58449
	23.57713	63.58408
	23.57956	63.58527
	23.57883	63.58543
	23.57867	63.58591
	23.57838	63.58607
	23.57789	63.58636
	23.57769	63.58644
	23.57701	63.58687
	23.57517	63.58648
	23.5706	63.58841
	23.56953	63.58892
	23.56772	63.59339
	23.56605	63.59784
	23.56365	63.60046
	23.55659	63.60413
	23.54939	63.59924
	23.54831	63.60033
	23.54786	63.60013
	23.54498	63.60104
	23.5407	63.59827
	23.5387	63.6002
	23.53601	63.59867
	23.53639	63.59696
	23.5331	63.59633
	23.52695	63.59287
	23.52836	63.59065
	23.52761	63.59037
	23.50759	63.59456
	23.50547	63.59052
	23.49825	63.59037
	23.4972	63.59056
	23.49689	63.59022
	23.49585	63.59057
	23.49414	63.58905
	23.49096	63.58638
	23.48607	63.58849
	23.48371	63.58753
	23.48221	63.58817
	23.47948	63.58938
	23.48168	63.59039
	23.46662	63.5969
	23.44841	63.60479
	23.44536	63.60531
	23.44174	63.60764
	23.42314	63.61568
	23.42241	63.61601
	23.43015	63.61709
	23.43362	63.61759
	23.43972	63.61622
	23.44938	63.61396
	23.45297	63.61161
	23.45366	63.61105
	23.45772	63.61023
	23.46005	63.61256
	23.45784	63.61284
	23.45724	63.613
	23.4563	63.61286
	23.45403	63.61483
	23.4609	63.6151
	23.46447	63.61626
	23.4648	63.61675
	23.46431	63.61706
	23.46363	63.61837
	23.46459	63.61849
	23.4654	63.61766
	23.46716	63.62027
	23.46058	63.62439
	23.45823	63.62291
	23.45315	63.62403
	23.45633	63.62691
	23.45323	63.62906
	23.48491	63.63998
	23.48403	63.64273
	23.48473	63.64287
	23.48291	63.64454
	23.48322	63.64548
	23.48405	63.64605
	23.48151	63.64788
	23.48063	63.64958
	23.47967	63.6529
	23.47935	63.6533
	23.47867	63.65461
	23.47829	63.65516
	23.47933	63.65517
	23.47947	63.65525
	23.47947	63.65534
	23.47925	63.65549
	23.47888	63.65561
	23.47885	63.65581
	23.4784	63.6559
	23.47831	63.65607
	23.47791	63.65624
	23.4777	63.65646
	23.47741	63.65661
	23.47738	63.65684
	23.47726	63.65693
	23.47669	63.65695
	23.47575	63.65724
	23.47549	63.65742
	23.47507	63.65742
	23.47367	63.65759
	23.47309	63.65773
	23.47344	63.65951
	23.46768	63.66075
	23.46795	63.66151
	23.46873	63.66162
	23.4689	63.6616
	23.47086	63.66108
	23.47339	63.66061
	23.47475	63.6604
	23.48055	63.65913
	23.4817	63.65896
	23.48478	63.65868
	23.48632	63.65843
	23.48795	63.65807
	23.49077	63.65732
	23.49175	63.65713
	23.49231	63.65706
	23.49463	63.6568
	23.4955	63.6568
	23.49759	63.65662
	23.49844	63.65651
	23.49944	63.65623
	23.50036	63.65577
	23.50138	63.65495
	23.50155	63.65469
	23.50168	63.65422
	23.50187	63.65237
	23.50289	63.6505
	23.50317	63.64981
	23.50322	63.64901
	23.50312	63.64884
	23.50297	63.64877
	23.50256	63.64871
	23.50158	63.64866
	23.50073	63.6488
	23.49996	63.64904
	23.49957	63.64917
	23.49862	63.64967
	23.49832	63.64976
	23.49825	63.64985
	23.498	63.64989
	23.49759	63.65024
	23.49693	63.65062
	23.49644	63.65101
	23.49507	63.65167
	23.49366	63.65217
	23.49221	63.6527
	23.4907	63.65306
	23.48992	63.65303
	23.48907	63.65283
	23.48823	63.65243
	23.48718	63.65166
	23.48537	63.65105
	23.48385	63.65061
	23.48344	63.65045
	23.48299	63.65019
	23.4825	63.64946
	23.48253	63.6491
	23.48293	63.64841
	23.48364	63.64788
	23.48421	63.64759
	23.48596	63.64696
	23.48635	63.64676
	23.48659	63.64652
	23.48671	63.64609
	23.48663	63.64562
	23.48495	63.64472
	23.48444	63.64418
	23.48436	63.64385
	23.48449	63.64346
	23.48496	63.64302
	23.48576	63.64198
	23.48618	63.64095
	23.48639	63.64072
	23.4867	63.64059
	23.48708	63.64072
	23.48656	63.64185
	23.48539	63.64338
	23.48521	63.64408
	23.48566	63.6446
	23.48726	63.64558
	23.48727	63.64646
	23.4868	63.64692
	23.48472	63.64772
	23.4836	63.64838
	23.48316	63.64895
	23.48305	63.64926
	23.48308	63.64954
	23.48333	63.64994
	23.48363	63.65014
	23.48745	63.65145
	23.48831	63.65205
	23.48943	63.65261
	23.49009	63.6528
	23.49056	63.65277
	23.4917	63.65256
	23.49321	63.65207
	23.49457	63.65158
	23.49523	63.65128
	23.49668	63.65048
	23.49847	63.64937
	23.49986	63.64877
	23.50115	63.64845
	23.50256	63.64835
	23.50342	63.64836
	23.50383	63.6483
	23.51658	63.64199
	23.51888	63.6404
	23.5246	63.63671
	23.53212	63.63407
	23.54273	63.63349
	23.54767	63.63521
	23.5476	63.63505
	23.54666	63.63442
	23.54672	63.63429
	23.54646	63.63398
	23.54649	63.63373
	23.54952	63.63472
	23.55388	63.63603
	23.55556	63.63559
	23.55583	63.63648
	23.55503	63.63732
	23.55167	63.64264
	23.5514	63.64359
	23.55108	63.64373
	23.54978	63.64403
	23.54774	63.64427
	23.5476	63.64439
	23.54829	63.64462
	23.54872	63.6451
	23.54921	63.6452
	23.54981	63.64515
	23.55011	63.64494
	23.55171	63.64446
	23.55226	63.64409
	23.55286	63.64387
	23.55294	63.64376
	23.5529	63.64358
	23.5535	63.64352
	23.55497	63.64036
	23.55634	63.64007
	23.5574	63.63971
	23.55789	63.63925
	23.55814	63.63762
	23.55889	63.63743
	23.56113	63.6381
	23.56144	63.63754
	23.5631	63.63775
	23.56367	63.6382
	23.56085	63.6391
	23.57397	63.64297
	23.59958	63.64808
	23.61071	63.65029
	23.6359	63.66348
	23.64142	63.66604
	23.64212	63.66578
	23.64987	63.67109
	23.70485	63.65654
	23.74408	63.67544
	23.68634	63.69926
	23.68304	63.70044
	23.67785	63.70211
	23.62256	63.72024
	23.61868	63.72148
	23.60119	63.72828
	23.59783	63.72962
	23.58036	63.73908
	23.56632	63.74423
	23.54946	63.7505
	23.53102	63.75774
	23.52096	63.76182
	23.48751	63.77556
	23.48428	63.77682
	23.47763	63.77913
	23.45533	63.76141
	23.45568	63.75869
	23.45878	63.75655
	23.45604	63.75596
	23.45773	63.7428
	23.45637	63.74354
	23.45576	63.74332
	23.45781	63.74223
	23.45786	63.74179
	23.45786	63.7416
	23.45294	63.73993
	23.44819	63.73759
	23.44434	63.73722
	23.43936	63.74071
	23.43005	63.73613
	23.42706	63.73797
	23.43821	63.7415
	23.42115	63.75326
	23.40482	63.75036
	23.39186	63.7593
	23.38031	63.75872
	23.37701	63.76059
	23.37447	63.76003
	23.36891	63.76238
	23.36361	63.76121
	23.36491	63.75897
	23.37254	63.75964
	23.37321	63.75811
	23.36103	63.75704
	23.35157	63.75819
	23.33779	63.75991
	23.33716	63.7599
	23.33699	63.75992
	23.33729	63.76123
	23.33636	63.76128
	23.32766	63.75983
	23.32631	63.76224
	23.32346	63.76221
	23.3183	63.75823
	23.30294	63.75561
	23.30363	63.75497
	23.30341	63.75444
	23.30151	63.75392
	23.30003	63.75457
	23.29749	63.75456
	23.2942	63.75403
	23.29563	63.75287
	23.2957	63.7528
	23.29599	63.74999
	23.29318	63.7497
	23.29176	63.75086
	23.2854	63.75071
	23.28192	63.7491
	23.28382	63.74611
	23.28085	63.74442
	23.27831	63.7443
	23.27515	63.74596
	23.26559	63.74148
	23.26502	63.73691
	23.26299	63.73293
	23.26332	63.73245
	23.26209	63.73188
	23.26095	63.73007
	23.25997	63.73024
	23.24993	63.72145
	23.24899	63.72186
	23.24565	63.72048
	23.24571	63.72036
	23.24729	63.71985
	23.2483	63.71851
	23.2484	63.71692
	23.24182	63.71678
	23.23901	63.71605
	23.23758	63.71559
	23.24099	63.71542
	23.23998	63.71358
	23.23577	63.71402
	23.23716	63.7154
	23.23442	63.71661
	23.23559	63.7171
	23.23008	63.71865
	23.22411	63.71876
	23.2149	63.72304
	23.21348	63.72211
	23.20574	63.72678
	23.20144	63.72847
	23.1999	63.7293
	23.19503	63.72843
	23.19045	63.73287
	23.18616	63.7326
	23.17387	63.73834
	23.16909	63.73996
	23.17049	63.74181
	23.17609	63.74068
	23.18067	63.73803
	23.18909	63.73875
	23.18641	63.74049
	23.18313	63.74464
	23.18099	63.74437
	23.18113	63.74407
	23.17401	63.74255
	23.16989	63.74311
	23.16631	63.74093
	23.15802	63.74373
	23.12475	63.75507
	23.09015	63.76779
	23.09028	63.76786
	23.08603	63.76946
	23.07442	63.77373
	23.07375	63.77386
	23.06145	63.77839
	23.02976	63.78831
	23.01129	63.79171
	23.00469	63.79058
	22.98862	63.78795
	22.98685	63.78565
	22.98684	63.7855
	22.99044	63.78478
	22.98942	63.78359
	22.96625	63.77969
	22.96292	63.78357
	22.93201	63.7783
	22.93152	63.7771
	22.93056	63.77672
	22.93117	63.77606
	22.93136	63.77548
	22.93218	63.77554
	22.93331	63.77531
	22.93362	63.77495
	22.93137	63.77438
	22.93136	63.77387
	22.93282	63.77348
	22.93458	63.7724
	22.9359	63.77116
	22.93045	63.76733
	22.92725	63.76879
	22.9269	63.77031
	22.92608	63.77141
	22.92797	63.77278
	22.9237	63.77395
	22.92217	63.77476
	22.92154	63.77511
	22.92551	63.77657
	22.92719	63.77715
	22.92734	63.77721
	22.9241	63.77896
	22.92061	63.77828
	22.92041	63.7783
	22.92033	63.77822
	22.92012	63.77819
	22.91984	63.77828
	22.91956	63.77851
	22.91926	63.77862
	22.91903	63.77874
	22.91214	63.77942
	22.8868	63.78195
	22.8867	63.78177
	22.8866	63.78166
	22.88635	63.78152
	22.88643	63.78129
	22.88625	63.78127
	22.88622	63.78119
	22.88607	63.78117
	22.88594	63.78125
	22.88564	63.78131
	22.88531	63.78142
	22.88512	63.78153
	22.88488	63.78153
	22.8849	63.7814
	22.88454	63.78118
	22.88433	63.78116
	22.88426	63.78122
	22.88401	63.78133
	22.88353	63.78141
	22.88338	63.78152
	22.88341	63.78165
	22.88334	63.78187
	22.88311	63.78187
	22.88304	63.78199
	22.8833	63.782
	22.88332	63.7821
	22.88302	63.78232
	22.85989	63.78471
	22.8639	63.79079
	22.87197	63.8025
	22.87781	63.80434
	22.87881	63.80752
	22.88049	63.80851
	22.8868	63.81255
	22.88162	63.81807
	22.88083	63.81845
	22.88105	63.81851
	22.88113	63.81861
	22.88091	63.81882
	22.88062	63.81862
	22.87984	63.81933
	22.88027	63.81947
	22.87126	63.82873
	22.8709	63.82914
	22.87145	63.82926
	22.87154	63.82936
	22.87171	63.82943
	22.87182	63.82959
	22.8719	63.82978
	22.8719	63.82993
	22.87175	63.83008
	22.87145	63.83028
	22.87107	63.83058
	22.871	63.83124
	22.87124	63.83164
	22.87148	63.8317
	22.87167	63.83181
	22.87199	63.83194
	22.87214	63.83207
	22.87227	63.83248
	22.87214	63.83305
	22.87203	63.83319
	22.87165	63.83332
	22.8713	63.83341
	22.87117	63.83357
	22.87132	63.83363
	22.87124	63.83379
	22.87132	63.83401
	22.87079	63.83436
	22.86716	63.83708
	22.8483	63.85543
	22.83871	63.86511
	22.83886	63.86509
	22.8391	63.86502
	22.83929	63.86505
	22.83937	63.86513
	22.84006	63.86522
	22.84023	63.86539
	22.84038	63.86546
	22.84036	63.86554
	22.84017	63.86559
	22.84013	63.86575
	22.83983	63.86582
	22.83998	63.86596
	22.84028	63.86592
	22.8403	63.86604
	22.8401	63.86617
	22.83998	63.86635
	22.8398	63.86637
	22.83967	63.8663
	22.83944	63.86623
	22.83927	63.86638
	22.83899	63.86651
	22.83824	63.86661
	22.83804	63.86671
	22.83768	63.86674
	22.83751	63.86686
	22.83744	63.86707
	22.83727	63.86725
	22.83731	63.86749
	22.83714	63.86787
	22.83706	63.86814
	22.83691	63.8683
	22.83678	63.8685
	22.83676	63.86865
	22.83661	63.86876
	22.83641	63.86877
	22.83611	63.8688
	22.83598	63.8689
	22.83553	63.86903
	22.83505	63.86922
	22.83464	63.86918
	22.8327	63.87124
	22.83252	63.87227
	22.83204	63.8756
	22.832	63.87578
	22.83178	63.8773
	22.83172	63.87789
	22.83004	63.8782
	22.82562	63.87867
	22.81929	63.88538
	22.81899	63.88538
	22.81899	63.88527
	22.81884	63.88519
	22.81901	63.88508
	22.8191	63.88498
	22.81875	63.88496
	22.81845	63.88489
	22.81815	63.88488
	22.81798	63.88496
	22.81795	63.88517
	22.81798	63.88529
	22.8178	63.88538
	22.81752	63.88527
	22.81714	63.88514
	22.81676	63.88517
	22.81648	63.88529
	22.81635	63.8854
	22.81637	63.88555
	22.81609	63.88571
	22.81601	63.8859
	22.81589	63.88596
	22.81562	63.88595
	22.81551	63.88602
	22.81543	63.88616
	22.81521	63.88621
	22.81495	63.88605
	22.81452	63.8859
	22.81416	63.88598
	22.81378	63.88603
	22.81341	63.88611
	22.81311	63.88625
	22.81272	63.88636
	22.81279	63.88644
	22.81341	63.88654
	22.8133	63.88671
	22.81305	63.88665
	22.81285	63.88663
	22.81257	63.88675
	22.81245	63.8867
	22.81257	63.88652
	22.81236	63.88646
	22.8121	63.88653
	22.81189	63.88661
	22.81141	63.88672
	22.81189	63.8868
	22.81202	63.88687
	22.81159	63.88698
	22.81146	63.88709
	22.81113	63.88704
	22.8112	63.88684
	22.81068	63.88675
	22.81026	63.88676
	22.81012	63.88695
	22.81023	63.88731
	22.81026	63.88746
	22.81084	63.8874
	22.81099	63.88729
	22.81142	63.88738
	22.81157	63.88746
	22.81146	63.8875
	22.81126	63.88775
	22.81137	63.88787
	22.8112	63.88831
	22.81084	63.88846
	22.81071	63.88862
	22.81062	63.88883
	22.81044	63.88902
	22.81011	63.88926
	22.81015	63.88944
	22.80978	63.88988
	22.80989	63.89019
	22.80998	63.89038
	22.80983	63.89052
	22.80996	63.89075
	22.8103	63.89097
	22.81058	63.89105
	22.81144	63.89098
	22.81185	63.89099
	22.81234	63.89085
	22.81267	63.89065
	22.81255	63.89057
	22.81249	63.89043
	22.81285	63.88988
	22.81332	63.88932
	22.8138	63.88916
	22.8141	63.88856
	22.81408	63.88842
	22.81423	63.8883
	22.8144	63.88833
	22.81455	63.88845
	22.81478	63.88852
	22.81506	63.88855
	22.81537	63.88845
	22.81556	63.88835
	22.81589	63.8884
	22.81625	63.88853
	22.79745	63.90505
	22.77972	63.92047
	22.77547	63.92453
	22.77075	63.92843
	22.7491	63.94761
	22.62693	63.96424
	22.5284	63.97744
	22.44986	63.9879
	22.36481	63.99919
	22.06848	64.06013
	24.14446	65.39567
	24.13302	65.51269
	24.1319	65.51538
	24.13613	65.53031
	24.14133	65.54838
	24.14847	65.57332
	24.15154	65.58419
	24.15969	65.61277
	24.16161	65.61928
	24.17768	65.66036
	24.16488	65.69549
	24.16596	65.69986
	24.16635	65.70157
	24.17217	65.72528
	24.14301	65.75877
	24.1318	65.77161
	24.12755	65.77838
	24.12802	65.78461
	24.13116	65.7894
	24.13376	65.79667
	24.14348	65.80259
	24.15532	65.8155
	24.14901	65.83248
	24.14621	65.83792
	24.14461	65.84098
	24.13853	65.84561
	24.13542	65.84672
	24.12793	65.84937
	24.12519	65.85148
	24.12559	65.85745
	24.12555	65.85777
	24.12634	65.85864
	24.12667	65.8593
	24.12828	65.86014
	24.12953	65.86099
	24.13088	65.86228
	24.13111	65.86286
	24.13163	65.86314
	24.1335	65.86317
	24.13498	65.86304
	24.14012	65.8627
	24.14407	65.86219
	24.15298	65.86257
	24.15265	65.86291
	24.1516	65.86381
	24.14979	65.86603
	24.14874	65.86715
	24.14786	65.86819
	24.1458	65.8701
	24.14533	65.87045
	24.14183	65.87268
	24.14106	65.87341
	24.14055	65.87417
	24.13853	65.87672
	24.1381	65.87736
	24.13774	65.87808
	24.13761	65.87864
	24.13724	65.87986
	24.13658	65.8812
	24.13608	65.88205
	24.13514	65.88315
	24.13428	65.8846
	24.13411	65.88552
	24.13394	65.88615
	24.13334	65.88732
	24.1328	65.888
	24.13164	65.88902
	24.13056	65.88975
	24.12947	65.89035
	24.12832	65.89088
	24.12456	65.89215
	24.12329	65.89252
	24.1202	65.89369
	24.1184	65.8945
	24.11802	65.89487
	24.11757	65.89541
	24.11686	65.89671
	24.11557	65.89867
	24.11516	65.89949
	24.11508	65.89988
	24.11509	65.90093
	24.11536	65.90181
	24.11538	65.90233
	24.11514	65.90357
	24.11484	65.90431
	24.11453	65.90498
	24.11374	65.9061
	24.11286	65.90724
	24.11247	65.90762
	24.11125	65.9089
	24.11097	65.90941
	24.11069	65.90974
	24.11002	65.91148
	24.10992	65.91335
	24.11054	65.9145
	24.11135	65.91526
	24.11241	65.91599
	24.1144	65.917
	24.11545	65.91777
	24.11592	65.91843
	24.11618	65.9192
	24.11646	65.91961
	24.1167	65.92064
	24.11674	65.92177
	24.11713	65.92392
	24.11747	65.92487
	24.11818	65.92569
	24.11831	65.92606
	24.1182	65.92645
	24.11792	65.92679
	24.11695	65.92752
	24.11526	65.92833
	24.11423	65.92874
	24.11329	65.92934
	24.11253	65.92994
	24.112	65.93041
	24.11116	65.93087
	24.11009	65.93124
	24.10852	65.9316
	24.10784	65.93165
	24.10704	65.93159
	24.10631	65.93145
	24.10552	65.93121
	24.10414	65.93067
	24.10266	65.93007
	24.10219	65.92992
	24.10099	65.92969
	24.1002	65.92955
	24.09934	65.92951
	24.09839	65.92955
	24.09606	65.92981
	24.09266	65.93028
	24.0894	65.93095
	24.0885	65.93121
	24.08685	65.93204
	24.08571	65.93267
	24.08093	65.93635
	24.08037	65.93687
	24.07985	65.93746
	24.07743	65.94084
	24.07531	65.94351
	24.07432	65.94442
	24.07348	65.94486
	24.07249	65.94528
	24.07058	65.94582
	24.06925	65.94612
	24.06822	65.94628
	24.06662	65.94647
	24.06584	65.94654
	24.06468	65.94678
	24.064	65.94717
	24.06357	65.94756
	24.06265	65.94855
	24.06162	65.94946
	24.06108	65.9498
	24.06007	65.95017
	24.05533	65.95097
	24.05445	65.9512
	24.05368	65.95153
	24.05331	65.95198
	24.05273	65.95339
	24.05121	65.95471
	24.05084	65.95548
	24.05026	65.95701
	24.04883	65.95829
	24.0455	65.96044
	24.0434	65.96201
	24.04256	65.96288
	24.0422	65.96339
	24.04207	65.96395
	24.04228	65.96472
	24.04305	65.96601
	24.0431	65.96643
	24.04248	65.96695
	24.04074	65.96796
	24.03992	65.96851
	24.03973	65.96892
	24.03977	65.96936
	24.03994	65.96968
	24.04046	65.97012
	24.04132	65.97057
	24.04544	65.97183
	24.04775	65.9723
	24.0502	65.97272
	24.05087	65.97293
	24.05157	65.97317
	24.05228	65.97359
	24.0529	65.97449
	24.05286	65.97477
	24.05275	65.97509
	24.05147	65.97645
	24.05016	65.9782
	24.04962	65.97933
	24.04943	65.98029
	24.04979	65.98401
	24.04956	65.99064
	24.04917	65.99503
	24.04866	65.99674
	24.04743	65.99916
	24.04597	66.00131
	24.04507	66.00222
	24.04018	66.00646
	24.03921	66.00741
	24.03743	66.00904
	24.03533	66.01057
	24.03061	66.0135
	24.02368	66.01737
	24.01894	66.02004
	24.01698	66.0211
	24.01353	66.02318
	24.01213	66.02418
	24.00971	66.02624
	24.0075	66.02783
	24.00359	66.03049
	23.99988	66.03268
	23.99647	66.03514
	23.99475	66.0366
	23.99351	66.03792
	23.99207	66.0394
	23.99113	66.04029
	23.98905	66.04264
	23.98726	66.04446
	23.98632	66.04556
	23.98531	66.04662
	23.98502	66.04753
	23.98456	66.04973
	23.98407	66.05042
	23.98274	66.05165
	23.98194	66.05227
	23.97948	66.05447
	23.97696	66.05644
	23.97563	66.05752
	23.97364	66.05884
	23.97222	66.0596
	23.96712	66.06167
	23.96529	66.06267
	23.96415	66.06336
	23.95875	66.06715
	23.9578	66.06805
	23.95714	66.06884
	23.95632	66.06955
	23.95493	66.07036
	23.95295	66.07102
	23.94974	66.07151
	23.94667	66.07232
	23.94486	66.07314
	23.94231	66.07416
	23.94089	66.0748
	23.93948	66.07568
	23.93836	66.07672
	23.93714	66.07871
	23.93675	66.07948
	23.93658	66.0803
	23.93675	66.0813
	23.9375	66.0835
	23.93755	66.08549
	23.9371	66.08706
	23.93695	66.088
	23.93641	66.08993
	23.93667	66.09121
	23.93708	66.0923
	23.93821	66.09399
	23.93862	66.09498
	23.93877	66.09585
	23.93877	66.09741
	23.9392	66.09864
	23.93965	66.09938
	23.94081	66.10048
	23.94411	66.10198
	23.94461	66.10229
	23.94516	66.10313
	23.94547	66.10451
	23.94534	66.10649
	23.94514	66.10734
	23.94476	66.10796
	23.94411	66.10855
	23.94323	66.10909
	23.94182	66.1098
	23.94074	66.11021
	23.93997	66.11043
	23.93815	66.11085
	23.9371	66.11117
	23.93652	66.11148
	23.93607	66.11188
	23.93577	66.11241
	23.9357	66.11284
	23.93585	66.11333
	23.93641	66.11442
	23.9377	66.11551
	23.93916	66.11664
	23.93993	66.1174
	23.94104	66.11874
	23.9413	66.11924
	23.94154	66.11989
	23.94122	66.12041
	23.94062	66.12096
	23.9378	66.12273
	23.93639	66.12385
	23.93366	66.12589
	23.9269	66.12998
	23.92478	66.13103
	23.92302	66.13177
	23.91881	66.13346
	23.91796	66.13378
	23.91594	66.13467
	23.91476	66.13531
	23.91433	66.13562
	23.91405	66.13612
	23.91399	66.13666
	23.91401	66.13782
	23.91422	66.13864
	23.91435	66.13899
	23.91482	66.13948
	23.91553	66.13994
	23.91611	66.14021
	23.91776	66.14083
	23.92092	66.14177
	23.92188	66.14218
	23.92358	66.14311
	23.92564	66.14396
	23.92652	66.14442
	23.92718	66.14499
	23.92759	66.14548
	23.92796	66.14632
	23.92804	66.1471
	23.9277	66.1476
	23.92759	66.14837
	23.92776	66.14858
	23.92838	66.14883
	23.92954	66.14932
	23.92991	66.14955
	23.93002	66.1497
	23.92988	66.14999
	23.92959	66.15034
	23.92886	66.15077
	23.92806	66.15161
	23.9259	66.15439
	23.92154	66.15907
	23.92081	66.15978
	23.91929	66.16089
	23.91815	66.16146
	23.91706	66.16187
	23.91592	66.16216
	23.90858	66.16328
	23.90725	66.16339
	23.90635	66.16343
	23.90558	66.16342
	23.9045	66.16355
	23.90364	66.16377
	23.90169	66.16438
	23.90006	66.16465
	23.89877	66.16491
	23.89772	66.16508
	23.89646	66.16551
	23.89598	66.16578
	23.89478	66.16676
	23.89286	66.16744
	23.89186	66.16767
	23.89143	66.16776
	23.89085	66.16782
	23.8896	66.16782
	23.88854	66.16776
	23.88782	66.16765
	23.88685	66.16742
	23.88556	66.16713
	23.88316	66.16666
	23.88165	66.16632
	23.88085	66.16619
	23.88005	66.16599
	23.87925	66.16589
	23.87832	66.1658
	23.87765	66.16576
	23.87619	66.16579
	23.8757	66.16577
	23.87516	66.16568
	23.8745	66.16559
	23.87374	66.16552
	23.87303	66.1655
	23.87134	66.16561
	23.87076	66.16559
	23.87001	66.16555
	23.86952	66.16545
	23.8689	66.16537
	23.86748	66.16532
	23.86654	66.16543
	23.86605	66.16551
	23.86565	66.16569
	23.86538	66.16584
	23.86507	66.16605
	23.86467	66.16636
	23.86413	66.167
	23.86391	66.16711
	23.86373	66.16727
	23.86329	66.16754
	23.86311	66.16768
	23.86279	66.16813
	23.86266	66.16838
	23.86244	66.1686
	23.86221	66.1688
	23.86181	66.16901
	23.86154	66.16914
	23.86105	66.16935
	23.86074	66.1695
	23.8598	66.17032
	23.85958	66.17063
	23.85927	66.17093
	23.85904	66.17113
	23.85882	66.17125
	23.8582	66.17152
	23.85762	66.17156
	23.85713	66.17152
	23.85664	66.17147
	23.85611	66.17136
	23.85562	66.17121
	23.8554	66.17107
	23.85513	66.17096
	23.8546	66.17089
	23.85366	66.1708
	23.85327	66.1708
	23.85304	66.17076
	23.85238	66.17073
	23.85126	66.17078
	23.85029	66.17089
	23.84914	66.1707
	23.84609	66.17097
	23.84397	66.17097
	23.84173	66.17081
	23.83872	66.17034
	23.83656	66.17019
	23.83459	66.17021
	23.83273	66.17019
	23.83098	66.17034
	23.82936	66.17075
	23.82806	66.1712
	23.82715	66.17148
	23.8257	66.17169
	23.82381	66.17233
	23.82303	66.1727
	23.82125	66.17404
	23.81927	66.17518
	23.81542	66.17675
	23.80966	66.17816
	23.80513	66.17941
	23.80175	66.18082
	23.79791	66.1819
	23.79413	66.18291
	23.79314	66.18357
	23.79227	66.18439
	23.78983	66.18526
	23.78616	66.1857
	23.78262	66.18606
	23.77775	66.18684
	23.75699	66.19141
	23.75103	66.19232
	23.74411	66.19286
	23.7362	66.19324
	23.73138	66.19409
	23.72835	66.19526
	23.72637	66.19686
	23.72585	66.19791
	23.72603	66.19887
	23.72742	66.20049
	23.73033	66.20185
	23.73173	66.20277
	23.73266	66.20406
	23.73266	66.20521
	23.73173	66.20704
	23.72957	66.20946
	23.72579	66.21349
	23.72414	66.21472
	23.72251	66.21545
	23.71945	66.21643
	23.71413	66.21735
	23.70941	66.21838
	23.70556	66.21967
	23.70281	66.22155
	23.70107	66.22368
	23.69918	66.22553
	23.69709	66.2271
	23.69496	66.22876
	23.69362	66.23026
	23.6935	66.23233
	23.69503	66.23494
	23.69925	66.23945
	23.70012	66.24083
	23.70022	66.24172
	23.69874	66.24358
	23.69561	66.2463
	23.69123	66.24933
	23.68521	66.25244
	23.67976	66.25432
	23.67544	66.25629
	23.67169	66.25903
	23.66955	66.26177
	23.66806	66.26662
	23.66908	66.27032
	23.66942	66.2743
	23.66817	66.2786
	23.66531	66.28057
	23.66258	66.28235
	23.66133	66.28404
	23.66155	66.28659
	23.66001	66.28988
	23.65672	66.29428
	23.65333	66.29655
	23.65086	66.29885
	23.64958	66.30112
	23.64898	66.30377
	23.65177	66.30878
	23.65604	66.31722
	23.65651	66.3192
	23.65615	66.32069
	23.65542	66.32227
	23.65542	66.32434
	23.65585	66.32577
	23.65731	66.3291
	23.65804	66.33363
	23.6584	66.33774
	23.65834	66.34042
	23.65784	66.3464
	23.6582	66.349
	23.65784	66.35199
	23.65945	66.3556
	23.66163	66.35858
	23.66479	66.36037
	23.66648	66.36185
	23.66858	66.36431
	23.67214	66.3678
	23.6762	66.36983
	23.68278	66.37416
	23.68421	66.37546
	23.68579	66.37755
	23.68704	66.37959
	23.68804	66.38156
	23.68835	66.38332
	23.68796	66.38573
	23.68683	66.3886
	23.68473	66.39155
	23.6808	66.39427
	23.67649	66.3963
	23.67279	66.39714
	23.66932	66.39851
	23.66625	66.4008
	23.66312	66.40415
	23.66029	66.40848
	23.65668	66.41233
	23.65187	66.41613
	23.64796	66.41931
	23.6454	66.42154
	23.64342	66.42418
	23.64224	66.42726
	23.64315	66.43068
	23.6454	66.43531
	23.64585	66.43724
	23.64706	66.43904
	23.64841	66.4403
	23.64961	66.44271
	23.64886	66.44812
	23.64946	66.4528
	23.65097	66.45575
	23.65387	66.45778
	23.66149	66.46061
	23.67172	66.46344
	23.67894	66.46596
	23.68209	66.46804
	23.6844	66.47022
	23.68718	66.47225
	23.69272	66.47431
	23.69749	66.47539
	23.70057	66.47536
	23.70342	66.47493
	23.70673	66.47462
	23.71012	66.4748
	23.7139	66.4752
	23.71705	66.47582
	23.71837	66.47655
	23.71905	66.47788
	23.71875	66.48028
	23.71744	66.48264
	23.71621	66.48461
	23.7152	66.48614
	23.71451	66.48875
	23.71428	66.49127
	23.71484	66.49268
	23.71621	66.49361
	23.71875	66.49487
	23.72252	66.49625
	23.72537	66.49739
	23.72717	66.49853
	23.72783	66.49984
	23.72737	66.50162
	23.72706	66.50371
	23.72799	66.50614
	23.72907	66.50746
	23.73227	66.50822
	23.73492	66.50779
	23.736	66.50693
	23.739	66.50445
	23.74046	66.50399
	23.74246	66.50393
	23.74453	66.50419
	23.74962	66.50555
	23.7527	66.50696
	23.75517	66.50874
	23.75763	66.50979
	23.7604	66.51068
	23.76349	66.51102
	23.76803	66.512
	23.77493	66.51366
	23.78173	66.51473
	23.78766	66.51537
	23.7929	66.51617
	23.79498	66.517
	23.79655	66.51818
	23.7977	66.51953
	23.79801	66.52076
	23.79701	66.52244
	23.79589	66.5236
	23.79316	66.52523
	23.792	66.52689
	23.79077	66.52852
	23.78923	66.5295
	23.78746	66.5306
	23.7862	66.53211
	23.78532	66.53339
	23.78518	66.53408
	23.78567	66.535
	23.787	66.53582
	23.78937	66.53647
	23.79311	66.53734
	23.80134	66.54024
	23.80779	66.54295
	23.81475	66.54533
	23.82331	66.54764
	23.82981	66.54946
	23.83366	66.55209
	23.83931	66.5541
	23.84461	66.55539
	23.85062	66.55606
	23.85532	66.55702
	23.8582	66.55812
	23.86053	66.55955
	23.86133	66.56128
	23.86133	66.56449
	23.86254	66.56894
	23.8647	66.57123
	23.86852	66.57381
	23.87336	66.57726
	23.87709	66.57865
	23.87949	66.58005
	23.88058	66.58214
	23.8807	66.58429
	23.87962	66.58639
	23.87818	66.58788
	23.87758	66.58945
	23.87782	66.596
	23.87697	66.5982
	23.87649	66.60064
	23.8772	66.60311
	23.87866	66.60522
	23.88094	66.60814
	23.88467	66.61277
	23.88434	66.6155
	23.8813	66.6185
	23.88022	66.62079
	23.87623	66.6245
	23.87238	66.62793
	23.87008	66.63112
	23.86987	66.63359
	23.87064	66.63538
	23.87218	66.6374
	23.87296	66.64023
	23.87267	66.64255
	23.87166	66.64523
	23.87007	66.64793
	23.86917	66.65216
	23.86853	66.65683
	23.87034	66.65886
	23.87072	66.66092
	23.87207	66.66236
	23.87274	66.66351
	23.87342	66.66484
	23.87428	66.6661
	23.87717	66.66846
	23.88314	66.67048
	23.88622	66.67117
	23.8892	66.67277
	23.89017	66.67395
	23.89055	66.67539
	23.89132	66.68062
	23.89032	66.68614
	23.89047	66.69089
	23.89179	66.69542
	23.8934	66.69765
	23.89432	66.70052
	23.89564	66.70407
	23.89765	66.70605
	23.89757	66.70717
	23.89642	66.70858
	23.89593	66.71015
	23.89651	66.71164
	23.89792	66.71258
	23.90042	66.71399
	23.90177	66.71586
	23.90201	66.71767
	23.90307	66.71931
	23.9043	66.72085
	23.90385	66.72285
	23.90153	66.72599
	23.89876	66.72922
	23.89273	66.7353
	23.88989	66.73913
	23.88904	66.74275
	23.88865	66.74576
	23.88827	66.74715
	23.88615	66.75002
	23.88357	66.7516
	23.88095	66.75266
	23.87841	66.75439
	23.87788	66.75539
	23.87895	66.75692
	23.8798	66.75837
	23.87995	66.7602
	23.87972	66.76205
	23.88034	66.76351
	23.88257	66.76488
	23.88488	66.76551
	23.88758	66.76609
	23.88996	66.76773
	23.8905	66.76898
	23.89173	66.76992
	23.89371	66.77041
	23.89666	66.7708
	23.8999	66.77097
	23.90475	66.77088
	23.90914	66.77094
	23.91329	66.77125
	23.91503	66.77191
	23.91614	66.77292
	23.91637	66.77474
	23.9153	66.77966
	23.9136	66.78373
	23.91277	66.78565
	23.91106	66.78755
	23.90929	66.78964
	23.90806	66.7918
	23.90843	66.79285
	23.90975	66.79398
	23.91245	66.79495
	23.91591	66.79547
	23.92201	66.79572
	23.92839	66.79456
	23.93324	66.79295
	23.93809	66.7904
	23.94394	66.78816
	23.94918	66.78661
	23.95572	66.78351
	23.96107	66.78242
	23.9675	66.78239
	23.97378	66.78318
	23.97821	66.78409
	23.98159	66.78573
	23.98261	66.78707
	23.98229	66.78922
	23.98029	66.79186
	23.97703	66.79576
	23.97674	66.79756
	23.97882	66.79885
	23.98528	66.80151
	23.98688	66.8021
	23.98777	66.80295
	23.98849	66.80648
	23.98916	66.8083
	23.98936	66.80915
	23.98817	66.81089
	23.98792	66.81176
	23.98824	66.81265
	23.98912	66.81346
	23.99142	66.81505
	23.99241	66.81585
	23.99351	66.8176
	23.99505	66.81927
	23.99526	66.82016
	23.99566	66.82205
	23.99451	66.82349
	23.99114	66.82606
	23.98508	66.8311
	23.98132	66.83481
	23.97814	66.83705
	23.97362	66.84
	23.97171	66.8421
	23.97064	66.84772
	23.96936	66.8499
	23.9639	66.85438
	23.95899	66.85748
	23.95562	66.86092
	23.95381	66.86342
	23.95245	66.86618
	23.95028	66.86827
	23.94475	66.87166
	23.94253	66.87374
	23.94135	66.87635
	23.93926	66.87968
	23.93743	66.88179
	23.93562	66.88326
	23.93306	66.88457
	23.92776	66.88549
	23.92045	66.88694
	23.91662	66.8885
	23.91222	66.89198
	23.90919	66.89549
	23.89966	66.90187
	23.88904	66.90769
	23.88431	66.90896
	23.88187	66.90999
	23.87999	66.91133
	23.87797	66.91303
	23.87479	66.91495
	23.87046	66.91639
	23.86616	66.91928
	23.86406	66.92213
	23.86421	66.92484
	23.86657	66.93448
	23.86619	66.93682
	23.86485	66.93884
	23.85955	66.94248
	23.85872	66.94408
	23.85888	66.9458
	23.86007	66.94843
	23.86061	66.95066
	23.8597	66.95279
	23.85838	66.95443
	23.85647	66.9559
	23.85256	66.95735
	23.84653	66.95846
	23.83635	66.95951
	23.83222	66.96024
	23.82971	66.96094
	23.82807	66.96192
	23.82785	66.96329
	23.82885	66.96501
	23.82845	66.96681
	23.82711	66.96836
	23.82475	66.96973
	23.82153	66.97153
	23.81922	66.97334
	23.81807	66.97533
	23.81739	66.97702
	23.81624	66.97845
	23.81441	66.9794
	23.81077	66.98035
	23.80613	66.98128
	23.80309	66.98238
	23.79974	66.98382
	23.79957	66.98558
	23.80103	66.98689
	23.80099	66.9884
	23.79891	66.99072
	23.79577	66.99282
	23.79198	66.99445
	23.78659	66.99591
	23.77726	66.99826
	23.76717	67.00112
	23.7635	67.0028
	23.75946	67.00528
	23.75619	67.00769
	23.75474	67.00964
	23.75157	67.0122
	23.74849	67.014
	23.74271	67.01603
	23.73868	67.01818
	23.73482	67.02217
	23.73212	67.02424
	23.72981	67.02665
	23.72741	67.02988
	23.72433	67.03228
	23.72096	67.03378
	23.71643	67.03596
	23.71396	67.03881
	23.71104	67.04159
	23.70777	67.04411
	23.70402	67.04636
	23.70161	67.04824
	23.69788	67.05206
	23.69603	67.05319
	23.69302	67.05437
	23.6884	67.05598
	23.68131	67.05965
	23.67768	67.06203
	23.67397	67.06508
	23.67146	67.06777
	23.66807	67.07204
	23.66597	67.0754
	23.66506	67.07801
	23.66554	67.08101
	23.66684	67.08363
	23.6664	67.086
	23.66521	67.08832
	23.66092	67.09519
	23.65778	67.10087
	23.65599	67.10245
	23.65365	67.10423
	23.64891	67.10643
	23.63998	67.10998
	23.63369	67.11299
	23.6301	67.11523
	23.62735	67.11764
	23.62378	67.12147
	23.61825	67.1255
	23.61078	67.13052
	23.60536	67.13409
	23.59703	67.139
	23.5931	67.14187
	23.58799	67.14709
	23.5838	67.14991
	23.58127	67.15089
	23.57924	67.15142
	23.57714	67.15276
	23.57604	67.15405
	23.57424	67.15553
	23.57174	67.15772
	23.56713	67.1602
	23.56045	67.16399
	23.55694	67.16579
	23.55454	67.16789
	23.55238	67.17038
	23.55189	67.17212
	23.5532	67.17372
	23.55496	67.17477
	23.55698	67.17715
	23.5579	67.18009
	23.55832	67.18039
	23.55947	67.18117
	23.56878	67.18528
	23.57319	67.1864
	23.58152	67.18798
	23.58622	67.18949
	23.58839	67.19053
	23.58934	67.19155
	23.58786	67.19498
	23.58688	67.19794
	23.58799	67.20066
	23.59238	67.20463
	23.59584	67.2072
	23.59608	67.20821
	23.59564	67.20882
	23.59449	67.20938
	23.58638	67.21178
	23.58222	67.21316
	23.58045	67.21441
	23.57875	67.21608
	23.57567	67.21757
	23.57198	67.21915
	23.56771	67.22174
	23.55996	67.22374
	23.55588	67.22389
	23.55303	67.22383
	23.55072	67.2241
	23.54803	67.22499
	23.54765	67.22568
	23.54826	67.22684
	23.55042	67.22806
	23.55303	67.22911
	23.55658	67.23161
	23.55858	67.23364
	23.56212	67.23539
	23.56267	67.23653
	23.56251	67.23772
	23.56135	67.23918
	23.55912	67.24034
	23.5575	67.24189
	23.55596	67.24397
	23.55434	67.24567
	23.55351	67.2468
	23.55373	67.24746
	23.55573	67.24814
	23.5612	67.24883
	23.56536	67.24942
	23.56774	67.25017
	23.56998	67.25118
	23.56964	67.25211
	23.56713	67.25487
	23.56351	67.25931
	23.56378	67.26067
	23.56682	67.26294
	23.57044	67.26476
	23.57466	67.2662
	23.57914	67.26824
	23.58345	67.26931
	23.58745	67.26987
	23.59269	67.27032
	23.59685	67.2708
	23.60039	67.2716
	23.60399	67.27275
	23.6057	67.27326
	23.60855	67.2735
	23.61161	67.27325
	23.61608	67.27174
	23.62001	67.27096
	23.62385	67.27112
	23.63029	67.27216
	23.63669	67.27371
	23.64354	67.276
	23.64904	67.27718
	23.66172	67.2785
	23.66879	67.27944
	23.67699	67.28159
	23.68263	67.28252
	23.69062	67.28321
	23.69624	67.28331
	23.70613	67.28223
	23.71419	67.28197
	23.71788	67.28209
	23.72128	67.28276
	23.7242	67.28383
	23.72842	67.28587
	23.73116	67.28764
	23.73675	67.29564
	23.7369	67.2985
	23.73919	67.30116
	23.73979	67.30334
	23.74113	67.30515
	23.74534	67.30817
	23.74737	67.31144
	23.74755	67.31245
	23.74783	67.31457
	23.74843	67.31549
	23.74926	67.31643
	23.74905	67.31745
	23.74911	67.31778
	23.74945	67.31871
	23.74951	67.31911
	23.7493	67.3199
	23.74875	67.32103
	23.74875	67.32133
	23.74903	67.32196
	23.74941	67.32216
	23.74993	67.32232
	23.75128	67.32254
	23.75233	67.32262
	23.75329	67.32259
	23.75485	67.32265
	23.75562	67.32284
	23.75631	67.3233
	23.75657	67.32381
	23.75653	67.32461
	23.75634	67.32511
	23.75592	67.3258
	23.7556	67.32624
	23.75535	67.3268
	23.75522	67.32735
	23.75523	67.32782
	23.75553	67.32811
	23.75606	67.32839
	23.757	67.3287
	23.75839	67.32906
	23.76127	67.33031
	23.76516	67.33227
	23.76745	67.33311
	23.77109	67.33435
	23.77229	67.33489
	23.77287	67.33557
	23.77331	67.33634
	23.77424	67.33695
	23.77507	67.33805
	23.77532	67.33898
	23.77508	67.33938
	23.77344	67.34001
	23.7716	67.3406
	23.7701	67.34141
	23.76944	67.34237
	23.76885	67.343
	23.76816	67.34341
	23.76698	67.34375
	23.76558	67.34402
	23.76408	67.3447
	23.76323	67.34514
	23.76206	67.34621
	23.76159	67.34755
	23.76035	67.34842
	23.75855	67.34933
	23.75784	67.3494
	23.75688	67.34936
	23.75261	67.34882
	23.74922	67.34856
	23.74697	67.34821
	23.74523	67.34809
	23.74373	67.34819
	23.74177	67.34857
	23.73998	67.34923
	23.73853	67.35037
	23.73757	67.35248
	23.7376	67.35318
	23.73819	67.354
	23.73946	67.35443
	23.7403	67.35476
	23.74072	67.35536
	23.74111	67.35648
	23.74078	67.35724
	23.73985	67.3586
	23.73839	67.35957
	23.73716	67.36022
	23.73543	67.36103
	23.73462	67.36154
	23.73412	67.36228
	23.73399	67.36359
	23.73359	67.36496
	23.73008	67.36776
	23.7297	67.36868
	23.72985	67.36973
	23.73189	67.37492
	23.73269	67.37565
	23.73352	67.37614
	23.7351	67.37728
	23.7355	67.37823
	23.73544	67.37861
	23.73515	67.37904
	23.73447	67.37946
	23.73256	67.38004
	23.731	67.38059
	23.72787	67.38195
	23.72207	67.38384
	23.7194	67.38447
	23.71797	67.38484
	23.71722	67.38531
	23.71706	67.3859
	23.71707	67.38621
	23.7172	67.3866
	23.71811	67.3877
	23.71865	67.38866
	23.71886	67.38923
	23.71905	67.39097
	23.71924	67.39125
	23.72105	67.39251
	23.72169	67.3927
	23.72735	67.39363
	23.73107	67.39467
	23.73358	67.39617
	23.73517	67.39807
	23.73638	67.39902
	23.74022	67.40116
	23.74224	67.40249
	23.74298	67.40291
	23.74411	67.40389
	23.74494	67.40435
	23.74625	67.40493
	23.74841	67.40586
	23.75032	67.40686
	23.75181	67.40791
	23.7527	67.40888
	23.7528	67.40936
	23.75288	67.41019
	23.75249	67.41143
	23.75199	67.41235
	23.75179	67.41387
	23.75185	67.41474
	23.75144	67.41622
	23.75105	67.41796
	23.75114	67.41853
	23.7513	67.41915
	23.75153	67.41967
	23.75173	67.42002
	23.75199	67.42031
	23.7531	67.42111
	23.75379	67.42144
	23.76329	67.4262
	23.76394	67.42772
	23.76271	67.43032
	23.75782	67.43336
	23.75173	67.43532
	23.74313	67.43706
	23.73403	67.43937
	23.71468	67.44449
	23.71016	67.44517
	23.70542	67.44539
	23.70045	67.44516
	23.69502	67.44413
	23.68913	67.44293
	23.68507	67.44243
	23.68026	67.44225
	23.67295	67.44261
	23.66718	67.44348
	23.658	67.44613
	23.65203	67.44659
	23.6453	67.44683
	23.63872	67.44768
	23.62822	67.44956
	23.62239	67.45021
	23.61417	67.45068
	23.58453	67.4535
	23.57602	67.45519
	23.56702	67.45784
	23.55747	67.45985
	23.55087	67.46047
	23.54485	67.46099
	23.54005	67.46077
	23.53652	67.46
	23.52292	67.45514
	23.52017	67.45321
	23.51696	67.44857
	23.51491	67.44713
	23.51109	67.44603
	23.50583	67.44566
	23.50114	67.44592
	23.49388	67.44639
	23.48957	67.44771
	23.4867	67.44995
	23.48375	67.45109
	23.47523	67.45237
	23.45989	67.45389
	23.45343	67.45593
	23.44702	67.4586
	23.44315	67.45931
	23.43884	67.46013
	23.43491	67.4624
	23.42856	67.46448
	23.42481	67.46493
	23.42	67.46533
	23.41542	67.46614
	23.41047	67.46759
	23.40824	67.46939
	23.40644	67.47314
	23.40526	67.47661
	23.40462	67.47771
	23.40298	67.47908
	23.39827	67.48135
	23.39546	67.48327
	23.39442	67.48428
	23.39442	67.48515
	23.39707	67.4898
	23.39898	67.49189
	23.40188	67.49357
	23.40557	67.4955
	23.40658	67.49615
	23.40662	67.49741
	23.40588	67.49925
	23.40577	67.50013
	23.40631	67.50078
	23.40841	67.50144
	23.41179	67.50206
	23.41623	67.5026
	23.42023	67.50291
	23.42269	67.50327
	23.42652	67.50465
	23.42997	67.50573
	23.43191	67.50658
	23.43302	67.50746
	23.43379	67.50837
	23.43482	67.50892
	23.43586	67.51005
	23.436	67.51129
	23.43571	67.51263
	23.43581	67.51378
	23.43645	67.51498
	23.4366	67.51604
	23.43704	67.51689
	23.43832	67.5176
	23.44108	67.519
	23.44433	67.52005
	23.44862	67.52118
	23.45094	67.52213
	23.4534	67.52318
	23.45667	67.52463
	23.45966	67.52586
	23.46311	67.52689
	23.46636	67.52753
	23.47006	67.52816
	23.47178	67.52842
	23.47341	67.52885
	23.47482	67.52974
	23.47707	67.53186
	23.47826	67.53428
	23.47983	67.53559
	23.48187	67.53696
	23.48304	67.53818
	23.48337	67.53923
	23.4832	67.54019
	23.48247	67.54124
	23.48123	67.54263
	23.47797	67.54548
	23.47616	67.54639
	23.4742	67.54709
	23.47241	67.54755
	23.46911	67.54833
	23.46692	67.54921
	23.46539	67.55032
	23.46105	67.55551
	23.45972	67.55764
	23.45868	67.55975
	23.45875	67.56064
	23.45909	67.56144
	23.45952	67.56217
	23.46041	67.56272
	23.46182	67.56333
	23.46542	67.56449
	23.46775	67.56491
	23.47067	67.56535
	23.47454	67.56564
	23.48431	67.5664
	23.4877	67.56665
	23.49043	67.56663
	23.49228	67.56637
	23.49434	67.56586
	23.49587	67.56526
	23.49749	67.56426
	23.49923	67.56366
	23.50066	67.56341
	23.50264	67.56327
	23.50543	67.56326
	23.508	67.5634
	23.5101	67.56365
	23.51231	67.56434
	23.51416	67.56524
	23.5174	67.56718
	23.52161	67.57015
	23.52355	67.57125
	23.52553	67.57207
	23.52742	67.57308
	23.52808	67.57396
	23.52837	67.57528
	23.52895	67.5758
	23.53012	67.57624
	23.53219	67.57668
	23.53423	67.5769
	23.53671	67.57721
	23.53857	67.57757
	23.54011	67.57803
	23.54113	67.57863
	23.54343	67.58077
	23.54505	67.58295
	23.54525	67.58389
	23.54509	67.58474
	23.54453	67.58571
	23.5441	67.58685
	23.54401	67.58782
	23.54405	67.58969
	23.54401	67.59041
	23.54398	67.59195
	23.54351	67.59388
	23.54237	67.59598
	23.54153	67.59879
	23.54014	67.60098
	23.53965	67.60237
	23.53955	67.60349
	23.54037	67.60463
	23.54243	67.60678
	23.5452	67.60999
	23.54724	67.61197
	23.54936	67.61392
	23.55227	67.61579
	23.55509	67.61753
	23.55772	67.61879
	23.55888	67.61927
	23.55929	67.61968
	23.55912	67.62019
	23.55871	67.62081
	23.55756	67.62157
	23.55607	67.62222
	23.55461	67.62261
	23.55286	67.62293
	23.55115	67.62303
	23.54973	67.62294
	23.54859	67.62273
	23.54714	67.62261
	23.54581	67.62264
	23.54465	67.62277
	23.54337	67.62316
	23.54126	67.62441
	23.54041	67.62547
	23.54009	67.62722
	23.54006	67.62901
	23.54078	67.63039
	23.54095	67.63111
	23.54061	67.63178
	23.53997	67.63254
	23.53906	67.63332
	23.53255	67.63738
	23.5294	67.63928
	23.52623	67.64086
	23.52477	67.6413
	23.52238	67.64233
	23.52082	67.64323
	23.5187	67.64496
	23.51687	67.64578
	23.51518	67.64642
	23.51383	67.64723
	23.51229	67.64809
	23.51142	67.64891
	23.5092	67.65174
	23.50785	67.6531
	23.50569	67.65471
	23.50034	67.65818
	23.49659	67.66082
	23.49441	67.66284
	23.49306	67.66419
	23.49225	67.66527
	23.49177	67.66649
	23.49226	67.66805
	23.49345	67.66975
	23.49527	67.67151
	23.49634	67.67337
	23.49659	67.6752
	23.49692	67.67662
	23.49846	67.6785
	23.49928	67.6798
	23.49965	67.68073
	23.4993	67.68154
	23.49871	67.68232
	23.49653	67.684
	23.49389	67.68596
	23.49207	67.6871
	23.49073	67.68854
	23.49045	67.68915
	23.49044	67.68991
	23.49104	67.69094
	23.49206	67.69225
	23.49295	67.69357
	23.49324	67.69476
	23.49267	67.69563
	23.48985	67.69711
	23.48788	67.69758
	23.48567	67.69821
	23.48335	67.69893
	23.48157	67.69975
	23.48037	67.70067
	23.48001	67.70147
	23.47969	67.70235
	23.4799	67.70332
	23.48077	67.70412
	23.48334	67.70549
	23.4844	67.70676
	23.48488	67.70844
	23.48443	67.70975
	23.48282	67.71225
	23.48083	67.71367
	23.4795	67.71455
	23.47832	67.71579
	23.47832	67.71717
	23.47863	67.71888
	23.47863	67.72097
	23.47894	67.72234
	23.47933	67.72348
	23.47985	67.72446
	23.48072	67.72527
	23.48203	67.7259
	23.4848	67.72716
	23.48643	67.72815
	23.48679	67.72868
	23.48677	67.72922
	23.48606	67.73096
	23.48533	67.73214
	23.48424	67.7329
	23.48259	67.73402
	23.48093	67.73531
	23.47935	67.73603
	23.47745	67.73702
	23.47674	67.7378
	23.47664	67.73844
	23.47677	67.73918
	23.47706	67.73981
	23.47848	67.74106
	23.48053	67.7425
	23.48425	67.74487
	23.48685	67.74708
	23.4893	67.74951
	23.49096	67.75158
	23.49203	67.75323
	23.49227	67.7546
	23.49226	67.75594
	23.49161	67.75741
	23.49147	67.75898
	23.4907	67.76077
	23.4907	67.76174
	23.49182	67.7641
	23.4916	67.76525
	23.49047	67.76672
	23.48915	67.76789
	23.48638	67.77098
	23.48511	67.77346
	23.48451	67.77548
	23.48453	67.7766
	23.48496	67.77735
	23.48705	67.77915
	23.49177	67.78215
	23.4927	67.78342
	23.49341	67.78511
	23.49416	67.78716
	23.49465	67.7903
	23.49457	67.79134
	23.49394	67.79222
	23.4918	67.79381
	23.48642	67.7969
	23.48328	67.79851
	23.48237	67.79914
	23.48206	67.79953
	23.48052	67.80207
	23.47902	67.80602
	23.47833	67.80894
	23.47692	67.81158
	23.47633	67.81291
	23.47484	67.81481
	23.47398	67.81714
	23.47428	67.8185
	23.47518	67.81972
	23.47689	67.82107
	23.47881	67.82227
	23.48063	67.82365
	23.48223	67.82597
	23.48285	67.82749
	23.48282	67.82896
	23.48253	67.83121
	23.48118	67.83471
	23.48049	67.83802
	23.48	67.83892
	23.47897	67.84043
	23.47865	67.84117
	23.47871	67.84198
	23.47907	67.84278
	23.47979	67.84338
	23.48119	67.8439
	23.48307	67.84424
	23.48533	67.84456
	23.48705	67.84506
	23.48819	67.84554
	23.48941	67.84624
	23.49008	67.84688
	23.49072	67.84774
	23.49109	67.84892
	23.49148	67.85188
	23.49181	67.85604
	23.49258	67.8594
	23.49376	67.86127
	23.49523	67.86342
	23.49651	67.86471
	23.50152	67.86786
	23.50528	67.87033
	23.50614	67.87144
	23.50662	67.8728
	23.50645	67.87416
	23.50654	67.87537
	23.50761	67.87738
	23.5087	67.8788
	23.50984	67.87995
	23.51172	67.8812
	23.51473	67.88312
	23.51719	67.88434
	23.52102	67.88549
	23.54052	67.88946
	23.54511	67.89095
	23.54717	67.89212
	23.54859	67.89351
	23.54983	67.89585
	23.55083	67.89701
	23.55348	67.8976
	23.55696	67.89776
	23.56161	67.89595
	23.56565	67.89445
	23.5693	67.89351
	23.57162	67.89295
	23.57394	67.89255
	23.57642	67.89244
	23.57897	67.89246
	23.58164	67.89309
	23.58752	67.89513
	23.59415	67.90197
	23.60051	67.90419
	23.60682	67.9054
	23.60939	67.9068
	23.61045	67.90703
	23.61192	67.90718
	23.61713	67.90728
	23.61927	67.90747
	23.62074	67.90774
	23.62233	67.90835
	23.62442	67.90942
	23.62522	67.91019
	23.62611	67.91086
	23.62781	67.91135
	23.6297	67.91165
	23.63307	67.91256
	23.6355	67.91313
	23.6386	67.91412
	23.6408	67.91518
	23.64373	67.91709
	23.64583	67.9196
	23.64659	67.92146
	23.64649	67.92248
	23.64519	67.92486
	23.64514	67.92615
	23.64593	67.92707
	23.64728	67.92802
	23.65054	67.93113
	23.65572	67.93711
	23.65749	67.93782
	23.66001	67.93859
	23.66198	67.93913
	23.66294	67.93951
	23.66367	67.94026
	23.6638	67.94103
	23.66323	67.94219
	23.66161	67.94403
	23.6592	67.94588
	23.65329	67.94953
	23.65116	67.95128
	23.65044	67.95263
	23.6514	67.95444
	23.65235	67.9559
	23.65268	67.9572
	23.65257	67.95894
	23.6512	67.96071
	23.64873	67.96226
	23.64538	67.96361
	23.63898	67.96551
	23.63189	67.96665
	23.62109	67.96797
	23.61601	67.96885
	23.60687	67.97118
	23.60117	67.97215
	23.5941	67.97225
	23.58685	67.97205
	23.58212	67.97176
	23.57853	67.97179
	23.57601	67.97236
	23.56907	67.97425
	23.56526	67.97571
	23.56113	67.97776
	23.558	67.97945
	23.55558	67.98123
	23.55314	67.98263
	23.5515	67.98387
	23.54952	67.98543
	23.54436	67.98883
	23.54171	67.99081
	23.53948	67.99252
	23.53816	67.99444
	23.53738	67.99614
	23.53705	67.99771
	23.53709	67.99896
	23.53709	68.00008
	23.53758	68.00194
	23.53751	68.0034
	23.53687	68.0043
	23.53568	68.00528
	23.534	68.00602
	23.53102	68.00675
	23.52511	68.00753
	23.5218	68.00798
	23.51511	68.00928
	23.5101	68.01037
	23.50684	68.01126
	23.50214	68.01268
	23.49933	68.01346
	23.49693	68.0138
	23.49288	68.01408
	23.4885	68.01482
	23.48453	68.01562
	23.47928	68.01692
	23.47421	68.01844
	23.47129	68.01915
	23.46943	68.01998
	23.46842	68.02076
	23.46655	68.02352
	23.46578	68.02547
	23.46556	68.02663
	23.46595	68.02873
	23.46599	68.02963
	23.46566	68.03037
	23.46461	68.03121
	23.45823	68.03292
	23.45315	68.03458
	23.4483	68.03602
	23.44558	68.0369
	23.44282	68.03722
	23.43968	68.03741
	23.4372	68.03735
	23.43333	68.0375
	23.42898	68.03812
	23.42363	68.03941
	23.41468	68.04093
	23.40565	68.04226
	23.39927	68.04354
	23.39662	68.04418
	23.39371	68.04526
	23.3896	68.04732
	23.38668	68.04925
	23.3856	68.05099
	23.38562	68.05219
	23.38614	68.05338
	23.38664	68.05553
	23.38626	68.05627
	23.38585	68.0567
	23.38532	68.0571
	23.38442	68.05753
	23.38228	68.05775
	23.38052	68.05783
	23.37932	68.05793
	23.3766	68.0587
	23.37462	68.05972
	23.37344	68.06062
	23.37224	68.06204
	23.37162	68.06385
	23.37181	68.06584
	23.37217	68.06789
	23.37176	68.06972
	23.37011	68.07136
	23.36335	68.07722
	23.36082	68.07985
	23.35995	68.08096
	23.35934	68.08273
	23.35855	68.08469
	23.35776	68.08673
	23.35556	68.08887
	23.35358	68.09056
	23.35093	68.09251
	23.34858	68.0939
	23.34569	68.09554
	23.34273	68.09695
	23.33978	68.09821
	23.3386	68.09906
	23.33772	68.10042
	23.33728	68.10295
	23.33696	68.10548
	23.3362	68.10783
	23.33442	68.11016
	23.3316	68.11263
	23.3281	68.11564
	23.32686	68.1165
	23.32607	68.11742
	23.32606	68.11824
	23.32742	68.11923
	23.32867	68.11993
	23.32991	68.12107
	23.32928	68.12326
	23.32785	68.12512
	23.32588	68.12668
	23.32374	68.12781
	23.32251	68.12895
	23.32226	68.13014
	23.32234	68.13174
	23.32252	68.1327
	23.32222	68.13382
	23.3216	68.13471
	23.3194	68.13662
	23.31396	68.14194
	23.31264	68.1428
	23.31083	68.14344
	23.30894	68.14375
	23.30788	68.14408
	23.3073	68.1445
	23.30721	68.14543
	23.30813	68.14649
	23.30859	68.14712
	23.30863	68.14765
	23.30844	68.14805
	23.30776	68.14838
	23.30688	68.14865
	23.3045	68.14886
	23.3022	68.14905
	23.29899	68.14917
	23.29324	68.14941
	23.29212	68.1495
	23.29105	68.1498
	23.28863	68.15208
	23.28677	68.15421
	23.28607	68.15474
	23.2832	68.15598
	23.28045	68.15685
	23.27836	68.15734
	23.2773	68.15744
	23.2755	68.15741
	23.27384	68.15718
	23.26978	68.15674
	23.26825	68.15671
	23.26567	68.15679
	23.26374	68.15687
	23.26245	68.157
	23.26159	68.15697
	23.26035	68.15695
	23.25894	68.15668
	23.25821	68.15631
	23.25736	68.15576
	23.25684	68.1547
	23.25682	68.15434
	23.25709	68.15343
	23.25691	68.15234
	23.25604	68.15154
	23.25196	68.14945
	23.25012	68.14884
	23.24843	68.1485
	23.24366	68.1484
	23.23881	68.14841
	23.22541	68.14743
	23.21792	68.14665
	23.21494	68.14613
	23.2128	68.14548
	23.20946	68.14363
	23.2014	68.13995
	23.19696	68.13884
	23.19482	68.13845
	23.19088	68.13799
	23.18769	68.13781
	23.1856	68.13758
	23.18358	68.13701
	23.18097	68.13614
	23.17394	68.13391
	23.17116	68.13342
	23.16859	68.13318
	23.16563	68.13315
	23.16278	68.13363
	23.15944	68.13451
	23.15727	68.13537
	23.15451	68.1367
	23.15242	68.13835
	23.15149	68.14052
	23.14834	68.14546
	23.14457	68.14976
	23.14153	68.1543
	23.14105	68.15928
	23.14146	68.16166
	23.1431	68.16528
	23.14401	68.16638
	23.145	68.16794
	23.14633	68.16983
	23.14705	68.17142
	23.14648	68.17253
	23.14522	68.17335
	23.14418	68.1744
	23.14306	68.17584
	23.14261	68.177
	23.14253	68.17816
	23.14253	68.17951
	23.14418	68.18174
	23.14607	68.18354
	23.14862	68.18871
	23.14928	68.18988
	23.15005	68.19049
	23.15181	68.1913
	23.15667	68.19284
	23.1604	68.19425
	23.16134	68.19506
	23.16186	68.19606
	23.16157	68.19696
	23.16087	68.19785
	23.1595	68.19874
	23.1577	68.19948
	23.15383	68.20042
	23.14837	68.20158
	23.14625	68.20216
	23.14393	68.20315
	23.14223	68.20418
	23.14162	68.20495
	23.14154	68.20616
	23.14393	68.20876
	23.14508	68.21016
	23.14604	68.21157
	23.14598	68.21233
	23.14541	68.21377
	23.14354	68.21647
	23.14335	68.21719
	23.14376	68.21823
	23.14746	68.22366
	23.1496	68.2262
	23.15089	68.22824
	23.1522	68.22985
	23.15282	68.23107
	23.15283	68.23242
	23.15264	68.23338
	23.15116	68.23545
	23.14968	68.23698
	23.14819	68.23839
	23.14703	68.24124
	23.14462	68.24545
	23.14397	68.24638
	23.14283	68.24731
	23.14193	68.24791
	23.14001	68.2484
	23.13834	68.24871
	23.13692	68.24884
	23.13449	68.24878
	23.13068	68.24837
	23.12999	68.24844
	23.12766	68.24893
	23.11935	68.25033
	23.11526	68.25104
	23.11299	68.25154
	23.11117	68.25212
	23.1096	68.25278
	23.10853	68.25347
	23.10753	68.25445
	23.10653	68.25526
	23.10517	68.25607
	23.10317	68.25703
	23.10082	68.25832
	23.09856	68.25922
	23.09572	68.26003
	23.08985	68.2619
	23.08554	68.26347
	23.08028	68.26586
	23.07849	68.26678
	23.07733	68.26758
	23.0765	68.26845
	23.07608	68.26938
	23.07597	68.26986
	23.07552	68.27066
	23.07461	68.27241
	23.07364	68.27398
	23.07284	68.27503
	23.07171	68.27565
	23.07022	68.2763
	23.0684	68.27727
	23.06628	68.27875
	23.06507	68.27983
	23.06481	68.28068
	23.06524	68.28343
	23.06557	68.28635
	23.06586	68.28841
	23.06618	68.28924
	23.06648	68.28994
	23.06721	68.29075
	23.0691	68.29197
	23.06986	68.29256
	23.07021	68.29324
	23.07013	68.29472
	23.0698	68.29594
	23.06964	68.29706
	23.06982	68.29791
	23.07009	68.29863
	23.07025	68.2997
	23.0697	68.30029
	23.06865	68.3008
	23.06714	68.30127
	23.06564	68.30186
	23.0647	68.30251
	23.06297	68.30421
	23.06187	68.30515
	23.06071	68.30583
	23.05911	68.3064
	23.05756	68.30676
	23.05594	68.30692
	23.05373	68.30701
	23.0483	68.30691
	23.04505	68.30689
	23.03932	68.307
	23.03757	68.3071
	23.0356	68.30744
	23.02976	68.30877
	23.02429	68.31018
	23.01565	68.31253
	23.00592	68.31537
	23.00072	68.31695
	22.98811	68.32019
	22.98649	68.32069
	22.98553	68.32115
	22.98497	68.32147
	22.98429	68.32201
	22.98339	68.32252
	22.98134	68.32319
	22.97907	68.32364
	22.97759	68.32422
	22.97712	68.32467
	22.97706	68.32522
	22.97722	68.32595
	22.97755	68.32702
	22.9774	68.32769
	22.97707	68.3283
	22.97561	68.3306
	22.97453	68.33148
	22.97376	68.33185
	22.97261	68.33202
	22.97069	68.33223
	22.968	68.33237
	22.96333	68.33249
	22.95873	68.33249
	22.95042	68.33282
	22.94376	68.33297
	22.93883	68.33306
	22.93406	68.33304
	22.92954	68.33305
	22.92375	68.3332
	22.91813	68.33351
	22.91696	68.33373
	22.91482	68.33455
	22.91309	68.33546
	22.91203	68.33616
	22.91116	68.33724
	22.90972	68.33896
	22.90874	68.34035
	22.90774	68.34169
	22.90613	68.34273
	22.9046	68.34326
	22.90201	68.34388
	22.90052	68.3444
	22.89356	68.3487
	22.8918	68.34925
	22.89016	68.34965
	22.88596	68.35038
	22.87831	68.35165
	22.87617	68.35215
	22.87362	68.35323
	22.8696	68.35478
	22.86705	68.35578
	22.86431	68.35702
	22.85849	68.35952
	22.85697	68.36004
	22.85493	68.36037
	22.85169	68.3607
	22.8484	68.3611
	22.84663	68.36135
	22.84508	68.3618
	22.84001	68.36375
	22.83723	68.36515
	22.836	68.36612
	22.83541	68.3671
	22.83504	68.36811
	22.83512	68.36953
	22.83565	68.37135
	22.83581	68.37269
	22.83622	68.37326
	22.83691	68.37367
	22.83869	68.37506
	22.8411	68.37746
	22.84211	68.37818
	22.84417	68.37925
	22.84546	68.38017
	22.8465	68.38103
	22.84653	68.38168
	22.84584	68.38242
	22.84484	68.38296
	22.84253	68.38368
	22.83333	68.38669
	22.83055	68.38722
	22.82448	68.38769
	22.81774	68.38831
	22.81344	68.38883
	22.81142	68.38924
	22.80993	68.38973
	22.80824	68.39053
	22.80692	68.39141
	22.80528	68.39236
	22.80411	68.39294
	22.80288	68.39328
	22.79954	68.3934
	22.79568	68.39316
	22.78992	68.39226
	22.78483	68.3914
	22.78138	68.3905
	22.77827	68.38962
	22.77582	68.38869
	22.77339	68.38734
	22.77052	68.38634
	22.76755	68.38574
	22.76406	68.38519
	22.76089	68.38495
	22.75628	68.38476
	22.7494	68.38469
	22.74278	68.38482
	22.73842	68.385
	22.73624	68.3852
	22.73407	68.38581
	22.73208	68.38682
	22.73129	68.3875
	22.72545	68.39306
	22.72312	68.39453
	22.72098	68.39531
	22.71926	68.39583
	22.7173	68.39623
	22.71382	68.39697
	22.7115	68.39733
	22.70665	68.3979
	22.70181	68.39822
	22.69791	68.39849
	22.69261	68.39904
	22.68897	68.39953
	22.68774	68.39983
	22.68706	68.40026
	22.68656	68.40093
	22.68658	68.40138
	22.68725	68.40198
	22.68827	68.40241
	22.6899	68.40299
	22.69153	68.40389
	22.69195	68.40436
	22.69203	68.40491
	22.69191	68.40553
	22.69153	68.40616
	22.69036	68.40693
	22.68587	68.40869
	22.68158	68.41026
	22.67914	68.41137
	22.67784	68.41184
	22.67618	68.4121
	22.6742	68.41215
	22.66941	68.41203
	22.668	68.41213
	22.66696	68.41229
	22.66378	68.41321
	22.66071	68.41395
	22.65857	68.41427
	22.65517	68.41457
	22.65108	68.41532
	22.64821	68.41604
	22.64622	68.41676
	22.64447	68.41755
	22.64265	68.41887
	22.64138	68.42024
	22.64077	68.42114
	22.64051	68.42201
	22.64062	68.42305
	22.64266	68.42603
	22.6435	68.42779
	22.64392	68.43097
	22.64392	68.43194
	22.64341	68.43253
	22.64234	68.43315
	22.64068	68.43372
	22.6388	68.43421
	22.63628	68.4346
	22.6342	68.43469
	22.62885	68.43466
	22.62564	68.43455
	22.62414	68.43434
	22.6224	68.43397
	22.62143	68.4335
	22.62068	68.43306
	22.61996	68.43248
	22.61963	68.43203
	22.61945	68.43155
	22.61997	68.42967
	22.61996	68.42918
	22.61937	68.42849
	22.61864	68.42802
	22.61732	68.42755
	22.6154	68.42716
	22.61201	68.42665
	22.60827	68.42625
	22.60401	68.42567
	22.60103	68.42545
	22.59707	68.42538
	22.59144	68.42503
	22.58936	68.42486
	22.58849	68.42473
	22.5873	68.42442
	22.58567	68.4238
	22.58313	68.42274
	22.58024	68.42215
	22.57777	68.42193
	22.57515	68.42189
	22.57278	68.42211
	22.5713	68.42261
	22.57011	68.42322
	22.56938	68.42367
	22.56893	68.42406
	22.56266	68.42971
	22.55899	68.43252
	22.55761	68.43334
	22.55626	68.43381
	22.5549	68.43419
	22.55331	68.43441
	22.55104	68.43454
	22.54526	68.43449
	22.54134	68.43427
	22.5396	68.43423
	22.53798	68.43424
	22.53581	68.43443
	22.5332	68.43487
	22.5296	68.43588
	22.52379	68.43743
	22.51711	68.43878
	22.51065	68.43997
	22.50485	68.44103
	22.50074	68.44164
	22.49647	68.4422
	22.49244	68.44256
	22.48904	68.4428
	22.48563	68.44288
	22.48167	68.44284
	22.47854	68.44296
	22.47711	68.44285
	22.47517	68.44245
	22.47226	68.44139
	22.4704	68.44114
	22.46845	68.44102
	22.46713	68.44109
	22.46617	68.4413
	22.46532	68.44179
	22.46383	68.44286
	22.46167	68.44478
	22.45844	68.44731
	22.44962	68.45307
	22.44223	68.45716
	22.43959	68.45882
	22.43839	68.45978
	22.43793	68.46038
	22.43765	68.46104
	22.43761	68.46154
	22.43823	68.46259
	22.4383	68.4632
	22.43806	68.4638
	22.43739	68.46418
	22.43588	68.46451
	22.43422	68.46472
	22.4324	68.46475
	22.43069	68.46463
	22.42866	68.46433
	22.42645	68.46389
	22.42434	68.46356
	22.42279	68.46356
	22.42107	68.46368
	22.41883	68.46412
	22.41702	68.46478
	22.41573	68.46542
	22.41508	68.4659
	22.4144	68.46625
	22.41349	68.46653
	22.41161	68.46662
	22.40946	68.46653
	22.40558	68.46612
	22.40248	68.46551
	22.39955	68.46472
	22.39737	68.46393
	22.39474	68.46267
	22.38484	68.45741
	22.38024	68.45535
	22.37047	68.45142
	22.36674	68.44981
	22.35688	68.44612
	22.35395	68.44521
	22.35204	68.44494
	22.34989	68.44492
	22.34645	68.44501
	22.34419	68.44528
	22.34283	68.44574
	22.34158	68.44634
	22.34152	68.44681
	22.34164	68.44731
	22.34212	68.4477
	22.34444	68.44858
	22.34496	68.44898
	22.34508	68.44965
	22.34521	68.45172
	22.34479	68.45329
	22.34421	68.45422
	22.34355	68.45541
	22.34375	68.45689
	22.34462	68.45809
	22.34603	68.45967
	22.34794	68.46124
	22.34906	68.46242
	22.34918	68.46318
	22.34892	68.46406
	22.34775	68.46529
	22.34587	68.46629
	22.34396	68.46752
	22.34332	68.46851
	22.34293	68.4697
	22.34355	68.47063
	22.34529	68.47218
	22.34691	68.47327
	22.34702	68.47337
	22.34807	68.47422
	22.34844	68.47526
	22.34857	68.47679
	22.34902	68.4775
	22.34997	68.4781
	22.351	68.47888
	22.35123	68.47965
	22.35099	68.48036
	22.34993	68.48133
	22.34804	68.48168
	22.34565	68.48177
	22.34324	68.4817
	22.33974	68.48146
	22.33637	68.48097
	22.33196	68.48063
	22.32945	68.48057
	22.32679	68.48067
	22.32455	68.48094
	22.32092	68.48149
	22.31519	68.48228
	22.3075	68.48323
	22.30354	68.48373
	22.29609	68.48404
	22.29457	68.48382
	22.29214	68.48282
	22.28865	68.48137
	22.28401	68.4802
	22.28195	68.4797
	22.27923	68.47931
	22.27639	68.47919
	22.2718	68.47937
	22.26701	68.47978
	22.26263	68.48043
	22.25977	68.48094
	22.2554	68.48211
	22.25333	68.48233
	22.25178	68.48234
	22.2504	68.48218
	22.24908	68.48198
	22.24785	68.48164
	22.24668	68.48119
	22.2443	68.47998
	22.24158	68.47898
	22.23657	68.47751
	22.2318	68.476
	22.22563	68.47412
	22.22324	68.47355
	22.22153	68.4734
	22.22012	68.47349
	22.21872	68.47376
	22.21249	68.47626
	22.20763	68.47805
	22.20689	68.47865
	22.20616	68.47928
	22.20517	68.47976
	22.20449	68.47999
	22.20365	68.48009
	22.20311	68.48002
	22.20095	68.47967
	22.19908	68.47957
	22.19658	68.47965
	22.19496	68.47985
	22.19341	68.47989
	22.19155	68.47972
	22.18907	68.47922
	22.18726	68.47887
	22.18521	68.47859
	22.1812	68.47799
	22.17936	68.47764
	22.1778	68.47722
	22.17706	68.47697
	22.1762	68.47663
	22.17319	68.47584
	22.17159	68.47545
	22.17056	68.47501
	22.17017	68.47475
	22.16968	68.47434
	22.16947	68.4742
	22.16889	68.47397
	22.16799	68.47376
	22.16505	68.47313
	22.16297	68.47265
	22.16145	68.47223
	22.15986	68.47171
	22.15718	68.47079
	22.15612	68.47055
	22.15441	68.47027
	22.15282	68.47018
	22.15076	68.47028
	22.14893	68.47053
	22.14659	68.47066
	22.1443	68.47069
	22.14209	68.47057
	22.14007	68.47054
	22.13601	68.47081
	22.13363	68.47084
	22.13184	68.47095
	22.13047	68.47116
	22.12935	68.47144
	22.1287	68.47163
	22.1278	68.47195
	22.12727	68.47222
	22.12698	68.47246
	22.12677	68.47283
	22.12677	68.47328
	22.12674	68.47368
	22.12661	68.47411
	22.12593	68.47476
	22.12483	68.47557
	22.1245	68.47603
	22.12422	68.4766
	22.12326	68.47901
	22.12304	68.47985
	22.12296	68.48035
	22.12248	68.48087
	22.1219	68.48106
	22.1209	68.4813
	22.11884	68.48146
	22.11749	68.48179
	22.11628	68.48205
	22.11563	68.48212
	22.11513	68.4821
	22.11474	68.48203
	22.11348	68.48173
	22.112	68.48145
	22.10983	68.48116
	22.10905	68.48096
	22.10864	68.48077
	22.10801	68.48016
	22.10733	68.47986
	22.10525	68.47927
	22.10398	68.47899
	22.10201	68.47862
	22.10114	68.47858
	22.10046	68.47863
	22.09975	68.47894
	22.09914	68.47936
	22.09875	68.47984
	22.09856	68.48068
	22.09867	68.48103
	22.09751	68.48123
	22.09509	68.48159
	22.09311	68.4818
	22.09171	68.48196
	22.0904	68.48205
	22.08882	68.48207
	22.08315	68.48201
	22.08138	68.48201
	22.08033	68.48207
	22.07811	68.48223
	22.07708	68.48222
	22.07605	68.48207
	22.07525	68.48187
	22.07344	68.48133
	22.07191	68.48105
	22.06957	68.48073
	22.06693	68.48024
	22.0644	68.47987
	22.06232	68.47963
	22.06081	68.47948
	22.05965	68.47927
	22.05841	68.4792
	22.05658	68.47921
	22.05455	68.47929
	22.05226	68.4794
	22.05118	68.47943
	22.05009	68.47939
	22.04818	68.47911
	22.0471	68.47905
	22.04618	68.47915
	22.04504	68.47933
	22.04396	68.47958
	22.04325	68.4798
	22.04219	68.48018
	22.04119	68.48075
	22.04048	68.48129
	22.03991	68.48196
	22.0393	68.48259
	22.0386	68.48312
	22.03788	68.48358
	22.03698	68.48397
	22.03617	68.48414
	22.03512	68.48428
	22.034	68.48448
	22.03329	68.4847
	22.03264	68.48501
	22.03224	68.48538
	22.03145	68.48618
	22.03053	68.48715
	22.02966	68.48814
	22.02818	68.48934
	22.02729	68.48993
	22.02636	68.49053
	22.02523	68.49106
	22.02471	68.49146
	22.0242	68.49178
	22.02357	68.49225
	22.02341	68.49265
	22.02299	68.49307
	22.02207	68.4935
	22.02102	68.49388
	22.02036	68.4942
	22.0199	68.49446
	22.01824	68.49595
	22.01282	68.50535
	22.01069	68.51049
	22.00929	68.51321
	22.0048	68.51695
	22.00047	68.51962
	21.9982	68.52155
	21.99759	68.52303
	21.99865	68.52416
	22.00039	68.52528
	22.00177	68.52634
	22.00196	68.52743
	22.00221	68.52843
	22.00336	68.52909
	22.00585	68.52982
	22.0075	68.53033
	22.00832	68.53091
	22.00721	68.53156
	22.00643	68.53294
	22.00676	68.53327
	22.00445	68.53419
	22.00162	68.53468
	21.99864	68.53459
	21.99664	68.53435
	21.99422	68.53384
	21.99339	68.53384
	21.99191	68.53398
	21.99104	68.53453
	21.98947	68.53543
	21.98715	68.53642
	21.98491	68.53731
	21.98365	68.53813
	21.98274	68.53918
	21.98213	68.54033
	21.98141	68.54157
	21.98029	68.54218
	21.97877	68.54251
	21.97697	68.543
	21.97505	68.54371
	21.97372	68.5446
	21.97296	68.54521
	21.9718	68.5456
	21.97076	68.54634
	21.97037	68.54676
	21.97035	68.54722
	21.97058	68.54759
	21.97126	68.54809
	21.97154	68.54844
	21.97155	68.54878
	21.97082	68.54978
	21.97004	68.55038
	21.96928	68.55092
	21.96719	68.55165
	21.96296	68.55252
	21.96091	68.55313
	21.95916	68.55377
	21.95733	68.55432
	21.95528	68.55465
	21.95172	68.555
	21.94957	68.55522
	21.94815	68.55549
	21.94589	68.55631
	21.943	68.5579
	21.9407	68.55936
	21.93821	68.56074
	21.93581	68.56231
	21.93299	68.56465
	21.93184	68.56534
	21.93052	68.56656
	21.92936	68.56727
	21.92795	68.56779
	21.92648	68.56824
	21.92506	68.56861
	21.92229	68.56913
	21.92027	68.56961
	21.91853	68.57019
	21.91715	68.57075
	21.9156	68.57172
	21.91399	68.57241
	21.91108	68.57311
	21.90871	68.5738
	21.90722	68.57441
	21.90647	68.57506
	21.90614	68.57558
	21.90606	68.57645
	21.90634	68.5771
	21.90648	68.57764
	21.90625	68.57806
	21.90552	68.57841
	21.90467	68.57867
	21.90268	68.57908
	21.90041	68.57981
	21.89789	68.58068
	21.89636	68.58131
	21.8954	68.58188
	21.89423	68.58254
	21.88987	68.58441
	21.88841	68.58486
	21.88737	68.58501
	21.88617	68.58504
	21.88412	68.58495
	21.88256	68.5849
	21.87983	68.58496
	21.87735	68.58511
	21.87469	68.58516
	21.87324	68.58504
	21.8705	68.58464
	21.8683	68.58425
	21.86648	68.58397
	21.86546	68.58394
	21.86464	68.58401
	21.86401	68.58412
	21.86316	68.58445
	21.86274	68.58479
	21.86245	68.58521
	21.86236	68.58557
	21.86252	68.5859
	21.86397	68.58702
	21.86439	68.5874
	21.86462	68.58776
	21.86454	68.58823
	21.86413	68.58855
	21.86319	68.58872
	21.85957	68.58907
	21.85553	68.58918
	21.85361	68.58924
	21.85216	68.58934
	21.85101	68.58948
	21.84902	68.5899
	21.84719	68.59026
	21.84329	68.59069
	21.84104	68.59083
	21.83952	68.59091
	21.83745	68.59086
	21.83531	68.59072
	21.83201	68.59054
	21.82946	68.59029
	21.82703	68.5899
	21.82458	68.58931
	21.82386	68.58916
	21.82295	68.5891
	21.82221	68.58908
	21.82116	68.58922
	21.8198	68.58942
	21.8181	68.58961
	21.81667	68.58968
	21.81536	68.58961
	21.81412	68.5895
	21.80845	68.58867
	21.80689	68.58857
	21.80513	68.58854
	21.80368	68.5884
	21.80267	68.58812
	21.8021	68.58776
	21.80117	68.58696
	21.80023	68.58663
	21.79904	68.58643
	21.79726	68.58622
	21.79471	68.58613
	21.7932	68.58615
	21.79146	68.58634
	21.79007	68.58641
	21.78837	68.58627
	21.78643	68.58599
	21.78267	68.58555
	21.78073	68.58539
	21.779	68.58539
	21.77714	68.5855
	21.77535	68.58562
	21.774	68.58574
	21.77211	68.58598
	21.77041	68.58623
	21.76725	68.58671
	21.76592	68.58699
	21.76456	68.58716
	21.76338	68.58722
	21.7617	68.58717
	21.75985	68.58717
	21.75669	68.58725
	21.75414	68.58733
	21.7519	68.58747
	21.75077	68.58755
	21.74759	68.58781
	21.74615	68.58807
	21.74458	68.58833
	21.74345	68.58853
	21.74232	68.58872
	21.74131	68.58885
	21.73987	68.58893
	21.73803	68.58901
	21.73569	68.58914
	21.73436	68.58918
	21.73327	68.58919
	21.73171	68.58929
	21.73024	68.58945
	21.72894	68.58971
	21.72778	68.58989
	21.72729	68.59024
	21.72656	68.5905
	21.72174	68.59092
	21.72007	68.5908
	21.71941	68.59061
	21.71853	68.5905
	21.71774	68.59052
	21.71705	68.59069
	21.71644	68.59093
	21.71598	68.59131
	21.71577	68.59166
	21.71578	68.5924
	21.71562	68.59262
	21.7153	68.5929
	21.71495	68.5931
	21.71451	68.59349
	21.7138	68.59375
	21.71231	68.59404
	21.70916	68.59428
	21.70794	68.59441
	21.70632	68.59462
	21.7046	68.59501
	21.70356	68.59541
	21.70253	68.59587
	21.70167	68.59635
	21.70109	68.59687
	21.70083	68.59734
	21.70065	68.59836
	21.69994	68.60022
	21.7011	68.60194
	21.7012	68.60561
	21.70078	68.60776
	21.7006	68.60915
	21.69981	68.61005
	21.69892	68.61026
	21.69827	68.61054
	21.69822	68.61087
	21.69827	68.61111
	21.69896	68.61133
	21.69976	68.61165
	21.70066	68.61209
	21.70101	68.61363
	21.70141	68.61426
	21.70214	68.61473
	21.70352	68.61522
	21.70567	68.61586
	21.70791	68.61641
	21.70856	68.61687
	21.71074	68.61696
	21.71169	68.61719
	21.71215	68.61736
	21.71249	68.61758
	21.71229	68.61832
	21.71229	68.61879
	21.71265	68.61896
	21.71286	68.61913
	21.71269	68.61929
	21.7121	68.61946
	21.71164	68.6198
	21.71162	68.62048
	21.71152	68.62115
	21.71162	68.62216
	21.71179	68.62319
	21.71164	68.62392
	21.71101	68.62507
	21.70965	68.62589
	21.70796	68.62666
	21.70667	68.62743
	21.70516	68.62856
	21.70137	68.63056
	21.69947	68.63141
	21.69723	68.63213
	21.6952	68.6325
	21.69361	68.63267
	21.69199	68.63293
	21.69001	68.63352
	21.68758	68.63413
	21.68517	68.63501
	21.68361	68.63575
	21.68187	68.63641
	21.6798	68.63704
	21.67804	68.63737
	21.67577	68.6377
	21.67307	68.63801
	21.6709	68.63836
	21.66924	68.63884
	21.66745	68.63965
	21.66457	68.64117
	21.66326	68.64236
	21.66179	68.64351
	21.65951	68.64473
	21.65615	68.64608
	21.65419	68.64726
	21.65371	68.6478
	21.65367	68.64835
	21.65373	68.64868
	21.65412	68.6491
	21.65409	68.64943
	21.65382	68.64983
	21.65318	68.65019
	21.65213	68.65043
	21.65079	68.65064
	21.64927	68.65071
	21.64666	68.65078
	21.64447	68.65072
	21.64337	68.65079
	21.6423	68.65088
	21.64123	68.65116
	21.64041	68.65162
	21.63895	68.65259
	21.63821	68.65291
	21.63676	68.65346
	21.63481	68.65387
	21.63266	68.65409
	21.62988	68.6543
	21.62771	68.65452
	21.62654	68.65489
	21.62529	68.65571
	21.62424	68.6573
	21.62389	68.65817
	21.62354	68.65934
	21.62336	68.66009
	21.62356	68.66059
	21.62436	68.66102
	21.62486	68.66136
	21.62518	68.66163
	21.62528	68.66194
	21.62477	68.66233
	21.62358	68.66254
	21.62239	68.66277
	21.62144	68.66302
	21.62071	68.66329
	21.61975	68.66374
	21.61877	68.66389
	21.619	68.66415
	21.61676	68.66501
	21.61359	68.6661
	21.60953	68.6673
	21.60616	68.66788
	21.60338	68.66808
	21.60044	68.6682
	21.59777	68.66808
	21.59487	68.66793
	21.59308	68.66789
	21.59121	68.66809
	21.58504	68.669
	21.57058	68.67152
	21.56913	68.67192
	21.5683	68.67246
	21.5679	68.67307
	21.56781	68.67377
	21.56739	68.67448
	21.5666	68.67496
	21.56515	68.67525
	21.56367	68.67528
	21.56228	68.6752
	21.56074	68.67524
	21.55898	68.67551
	21.55795	68.67599
	21.55741	68.67649
	21.55667	68.67685
	21.55542	68.67705
	21.55407	68.67709
	21.55261	68.6769
	21.55171	68.67663
	21.55087	68.67623
	21.55028	68.67601
	21.54934	68.67575
	21.54737	68.67555
	21.54051	68.67537
	21.53841	68.6755
	21.53284	68.67531
	21.53072	68.67537
	21.52904	68.6755
	21.52797	68.6758
	21.52717	68.67616
	21.5265	68.67652
	21.52575	68.6769
	21.52489	68.67704
	21.52288	68.67727
	21.52122	68.6772
	21.51993	68.67693
	21.51843	68.67648
	21.51682	68.67607
	21.51435	68.67575
	21.51243	68.67562
	21.5089	68.6761
	21.50715	68.6762
	21.50531	68.67618
	21.50313	68.67626
	21.50118	68.67642
	21.49835	68.67716
	21.49672	68.67767
	21.49547	68.67828
	21.49365	68.67876
	21.48977	68.67954
	21.48454	68.68049
	21.48049	68.68127
	21.47738	68.68172
	21.47505	68.68201
	21.47417	68.682
	21.47205	68.68196
	21.46919	68.68172
	21.46844	68.68169
	21.46742	68.68169
	21.46499	68.68249
	21.46333	68.68323
	21.46249	68.68375
	21.46074	68.68469
	21.45874	68.6857
	21.45786	68.68619
	21.45678	68.68652
	21.45469	68.68697
	21.44969	68.68726
	21.44677	68.68766
	21.44566	68.6882
	21.44486	68.68881
	21.44372	68.68917
	21.43964	68.68947
	21.43605	68.68976
	21.42987	68.69135
	21.42866	68.69196
	21.42818	68.69257
	21.42792	68.69329
	21.42705	68.69399
	21.42319	68.69521
	21.42153	68.69587
	21.42063	68.6966
	21.42023	68.69766
	21.42037	68.69871
	21.42101	68.69952
	21.42198	68.70015
	21.42318	68.70088
	21.42364	68.7016
	21.42348	68.70246
	21.42294	68.70353
	21.42229	68.70461
	21.42119	68.70578
	21.41971	68.70666
	21.41733	68.7077
	21.41585	68.70862
	21.41497	68.7094
	21.41419	68.71018
	21.41399	68.7107
	21.41438	68.71143
	21.41488	68.71194
	21.41593	68.71252
	21.4178	68.71309
	21.41973	68.71361
	21.42115	68.7143
	21.42148	68.71482
	21.4217	68.71555
	21.42111	68.7167
	21.41988	68.71804
	21.41747	68.71976
	21.4168	68.72037
	21.414	68.72331
	21.41313	68.7241
	21.41204	68.72516
	21.41186	68.72568
	21.41233	68.72634
	21.41332	68.72708
	21.41502	68.72838
	21.41561	68.72922
	21.41572	68.73002
	21.41519	68.7308
	21.41442	68.73146
	21.41276	68.73233
	21.41059	68.73324
	21.40857	68.73437
	21.40742	68.73547
	21.407	68.73628
	21.40693	68.73745
	21.40759	68.73911
	21.40767	68.74007
	21.40719	68.74092
	21.40714	68.74222
	21.40784	68.74315
	21.4084	68.74406
	21.40978	68.74543
	21.41087	68.74636
	21.41156	68.74719
	21.41203	68.74766
	21.4124	68.74805
	21.41255	68.74836
	21.41228	68.7486
	21.4113	68.74896
	21.40981	68.74949
	21.40923	68.74974
	21.40885	68.74993
	21.40823	68.75028
	21.4074	68.7508
	21.40588	68.75228
	21.40501	68.75327
	21.40476	68.75459
	21.40462	68.75507
	21.40403	68.75553
	21.40343	68.75618
	21.40217	68.75687
	21.39855	68.75847
	21.39623	68.75934
	21.39549	68.75958
	21.39398	68.76002
	21.39219	68.7609
	21.39093	68.76161
	21.39059	68.76191
	21.3905	68.76216
	21.39063	68.7624
	21.39135	68.76279
	21.39179	68.76306
	21.39208	68.76325
	21.39239	68.76353
	21.39255	68.76375
	21.39261	68.76389
	21.39258	68.76405
	21.39243	68.76419
	21.3922	68.76428
	21.39155	68.76446
	21.39043	68.76468
	21.38947	68.7648
	21.38714	68.76482
	21.38616	68.76478
	21.3853	68.76472
	21.38493	68.76473
	21.38428	68.76482
	21.3822	68.7653
	21.38131	68.76548
	21.38049	68.76562
	21.37981	68.76579
	21.37913	68.766
	21.37867	68.7661
	21.37778	68.76619
	21.37644	68.76624
	21.37517	68.76623
	21.37389	68.76628
	21.37213	68.76641
	21.37077	68.7666
	21.3696	68.76678
	21.36835	68.76692
	21.3659	68.76697
	21.36322	68.76701
	21.36239	68.767
	21.36158	68.7669
	21.36107	68.7668
	21.36036	68.76662
	21.35971	68.76636
	21.35867	68.76608
	21.35704	68.76576
	21.35351	68.76518
	21.35008	68.76464
	21.34867	68.76435
	21.34727	68.76399
	21.34481	68.76328
	21.34371	68.76302
	21.34221	68.76284
	21.33924	68.76253
	21.33753	68.76218
	21.33627	68.76171
	21.33559	68.76127
	21.33375	68.76044
	21.33207	68.75988
	21.33077	68.75968
	21.32896	68.7595
	21.32746	68.75932
	21.3257	68.7592
	21.32249	68.75921
	21.31943	68.75927
	21.3172	68.75947
	21.31554	68.75967
	21.31294	68.75985
	21.30941	68.7603
	21.30753	68.76062
	21.30389	68.76137
	21.30237	68.76173
	21.29903	68.76275
	21.29774	68.76326
	21.29682	68.76391
	21.29607	68.76464
	21.29533	68.76558
	21.29455	68.76638
	21.29306	68.76748
	21.29091	68.76854
	21.28781	68.76986
	21.28645	68.77082
	21.28566	68.77202
	21.28366	68.77374
	21.28051	68.77519
	21.27489	68.77835
	21.27275	68.7791
	21.27132	68.77968
	21.27012	68.7806
	21.26898	68.78133
	21.26842	68.78199
	21.26722	68.78405
	21.26628	68.78516
	21.26521	68.78585
	21.2639	68.78637
	21.26291	68.78714
	21.26231	68.7877
	21.26202	68.78832
	21.26166	68.78932
	21.26096	68.79029
	21.26089	68.79064
	21.26125	68.79091
	21.26224	68.79114
	21.26297	68.79139
	21.26342	68.79177
	21.26333	68.79239
	21.26226	68.7934
	21.25861	68.79509
	21.25512	68.79698
	21.25353	68.7982
	21.25258	68.79941
	21.25267	68.80014
	21.25336	68.80092
	21.25417	68.80156
	21.25419	68.8022
	21.25381	68.80267
	21.2529	68.80331
	21.25158	68.80384
	21.24992	68.80434
	21.24922	68.80463
	21.2478	68.80555
	21.24721	68.80635
	21.24675	68.80693
	21.24583	68.80743
	21.24473	68.80764
	21.24346	68.808
	21.24125	68.80894
	21.23979	68.80974
	21.23902	68.81056
	21.2382	68.81172
	21.23753	68.81237
	21.23673	68.81287
	21.23581	68.8132
	21.23544	68.81354
	21.23492	68.81386
	21.23402	68.81409
	21.23289	68.81399
	21.23198	68.81385
	21.23105	68.81402
	21.23025	68.8144
	21.22875	68.8147
	21.22747	68.81454
	21.22552	68.81486
	21.22485	68.81525
	21.22494	68.81563
	21.22437	68.81593
	21.22149	68.81651
	21.21929	68.81663
	21.21736	68.81659
	21.21349	68.81722
	21.2126	68.81756
	21.2109	68.81807
	21.20975	68.81834
	21.20765	68.81893
	21.20617	68.81952
	21.20439	68.82059
	21.20358	68.82093
	21.20266	68.82123
	21.20051	68.8218
	21.19849	68.8226
	21.19727	68.82302
	21.19641	68.8232
	21.19548	68.82331
	21.1938	68.8234
	21.19259	68.82348
	21.19145	68.82358
	21.19043	68.82371
	21.18824	68.82445
	21.18729	68.82478
	21.18611	68.82523
	21.18575	68.82553
	21.18558	68.82591
	21.18558	68.82645
	21.18584	68.82672
	21.18609	68.82702
	21.18595	68.8278
	21.1856	68.82842
	21.18513	68.82878
	21.18406	68.8291
	21.18257	68.8293
	21.18138	68.82958
	21.17995	68.83017
	21.17859	68.83079
	21.17641	68.83146
	21.1755	68.83195
	21.17468	68.83251
	21.17395	68.83286
	21.17304	68.83317
	21.17186	68.83345
	21.17061	68.83373
	21.16922	68.83394
	21.16786	68.83416
	21.16699	68.83441
	21.16621	68.83459
	21.16552	68.83484
	21.16491	68.83519
	21.16373	68.8356
	21.15856	68.83706
	21.15587	68.8379
	21.15349	68.8386
	21.15244	68.83894
	21.15053	68.83937
	21.14857	68.83972
	21.14737	68.83998
	21.14636	68.84024
	21.14596	68.84047
	21.14587	68.84084
	21.14584	68.84164
	21.14557	68.842
	21.14497	68.84235
	21.14412	68.84267
	21.14376	68.8429
	21.14336	68.84338
	21.14345	68.84384
	21.14415	68.84446
	21.14438	68.84483
	21.14425	68.84524
	21.1437	68.84565
	21.1422	68.84629
	21.13904	68.84701
	21.13267	68.84852
	21.13194	68.84891
	21.13149	68.8494
	21.1316	68.85016
	21.13047	68.85195
	21.13044	68.85227
	21.1295	68.85304
	21.12866	68.85355
	21.12747	68.85401
	21.12684	68.85418
	21.12608	68.85437
	21.12517	68.85454
	21.12347	68.85482
	21.12048	68.85544
	21.11964	68.85568
	21.1187	68.85592
	21.11776	68.85639
	21.11689	68.85696
	21.11534	68.85729
	21.11481	68.85751
	21.11432	68.8576
	21.11209	68.85837
	21.11006	68.85891
	21.10942	68.85898
	21.10828	68.85931
	21.10729	68.85957
	21.10638	68.85973
	21.10571	68.85961
	21.10536	68.85938
	21.10444	68.85916
	21.10298	68.8595
	21.10147	68.86019
	21.10077	68.86042
	21.09978	68.86062
	21.09774	68.86081
	21.09452	68.86116
	21.09283	68.86142
	21.09142	68.86172
	21.08871	68.8622
	21.08679	68.86282
	21.08511	68.8634
	21.08213	68.86408
	21.0796	68.86451
	21.07834	68.86582
	21.07849	68.86616
	21.07894	68.86661
	21.07797	68.86741
	21.077	68.86848
	21.07637	68.86951
	21.07608	68.86993
	21.07579	68.87003
	21.07575	68.87015
	21.07585	68.87024
	21.07633	68.87053
	21.07684	68.8707
	21.07701	68.8708
	21.07715	68.87123
	21.07672	68.87148
	21.07543	68.87175
	21.07484	68.87193
	21.07383	68.87236
	21.07228	68.87285
	21.07101	68.8732
	21.06971	68.87342
	21.06754	68.8739
	21.06603	68.87415
	21.06552	68.87431
	21.06499	68.87485
	21.0638	68.87532
	21.06326	68.87562
	21.06301	68.87584
	21.06231	68.87623
	21.06157	68.87655
	21.06091	68.87675
	21.05994	68.87699
	21.05835	68.87725
	21.05697	68.87754
	21.05597	68.87783
	21.05513	68.87803
	21.05365	68.87844
	21.05286	68.87877
	21.05144	68.87913
	21.05117	68.87933
	21.05094	68.87985
	21.05009	68.88065
	21.04952	68.88096
	21.04865	68.88128
	21.04729	68.8816
	21.04638	68.88177
	21.04494	68.88195
	21.04333	68.88203
	21.03994	68.88206
	21.03791	68.8821
	21.03639	68.88219
	21.03525	68.88233
	21.03337	68.88258
	21.03202	68.88263
	21.03058	68.88254
	21.02882	68.8822
	21.02784	68.88199
	21.02704	68.88196
	21.02624	68.8821
	21.02607	68.88238
	21.02622	68.88265
	21.02828	68.88364
	21.02921	68.88423
	21.02986	68.88485
	21.02987	68.88516
	21.02965	68.88542
	21.02879	68.88588
	21.02753	68.88628
	21.02654	68.88641
	21.02575	68.88663
	21.02505	68.88697
	21.02463	68.88738
	21.02273	68.88799
	21.02142	68.88833
	21.02035	68.88873
	21.01965	68.8892
	21.01877	68.88958
	21.01765	68.88982
	21.01597	68.88997
	21.01407	68.89033
	21.01261	68.89099
	21.01085	68.89192
	21.00995	68.89223
	21.0083	68.8926
	21.00507	68.89331
	21.00075	68.89548
	20.99884	68.89612
	20.99679	68.89674
	20.99358	68.89729
	20.99175	68.89743
	20.99095	68.8974
	20.99077	68.89722
	20.9904	68.89614
	20.99067	68.89496
	20.98982	68.89398
	20.98726	68.8923
	20.98659	68.89208
	20.98473	68.89189
	20.98077	68.89127
	20.98023	68.8913
	20.97684	68.89289
	20.97611	68.89303
	20.97524	68.89303
	20.97293	68.89287
	20.9709	68.89275
	20.9693	68.89273
	20.96837	68.89248
	20.96762	68.8921
	20.96612	68.8913
	20.96527	68.89111
	20.96379	68.89119
	20.96199	68.89153
	20.96079	68.8917
	20.96	68.89176
	20.95888	68.89192
	20.95813	68.89227
	20.95765	68.89309
	20.95808	68.8948
	20.95838	68.89565
	20.95837	68.89626
	20.95782	68.89663
	20.95688	68.89692
	20.9557	68.89712
	20.95414	68.89712
	20.95028	68.8966
	20.94746	68.89636
	20.94495	68.89633
	20.94232	68.89663
	20.93971	68.89714
	20.93698	68.89795
	20.93533	68.89839
	20.93397	68.8986
	20.9328	68.89863
	20.93142	68.89852
	20.92689	68.89781
	20.91916	68.89732
	20.91569	68.89714
	20.91483	68.89697
	20.91433	68.89659
	20.91353	68.89584
	20.91265	68.89517
	20.91027	68.89456
	20.90834	68.89377
	20.90757	68.89292
	20.90696	68.8918
	20.90246	68.89113
	20.89536	68.89125
	20.88827	68.89164
	20.88334	68.89232
	20.87981	68.89294
	20.87803	68.89353
	20.87735	68.89424
	20.87722	68.8946
	20.87745	68.89508
	20.87805	68.89561
	20.87928	68.896
	20.8808	68.89635
	20.88208	68.89662
	20.88314	68.89678
	20.88436	68.89689
	20.88491	68.89687
	20.88694	68.89647
	20.88783	68.89645
	20.8907	68.89665
	20.89466	68.89726
	20.89591	68.89786
	20.89637	68.89798
	20.89866	68.89861
	20.90067	68.8987
	20.90272	68.89905
	20.90387	68.89949
	20.90395	68.90054
	20.90073	68.90242
	20.89725	68.90495
	20.89385	68.90656
	20.89136	68.90804
	20.89062	68.90896
	20.8898	68.91012
	20.88924	68.91063
	20.88875	68.91094
	20.88682	68.91194
	20.88485	68.91345
	20.88434	68.91436
	20.88362	68.91503
	20.88181	68.91658
	20.87899	68.91842
	20.87731	68.91921
	20.87612	68.91972
	20.87423	68.92067
	20.87163	68.92149
	20.86741	68.92232
	20.8637	68.92285
	20.86152	68.92287
	20.85976	68.92275
	20.85676	68.92309
	20.85405	68.92372
	20.85305	68.92425
	20.85293	68.92505
	20.85216	68.92632
	20.85099	68.92768
	20.85016	68.92821
	20.84765	68.93157
	20.84628	68.93292
	20.84573	68.93421
	20.84473	68.9354
	20.84419	68.93656
	20.84519	68.93691
	20.84729	68.93745
	20.84916	68.93805
	20.85179	68.93867
	20.85229	68.9388
	20.85265	68.93912
	20.85312	68.93962
	20.8541	68.9401
	20.85623	68.94054
	20.85796	68.94074
	20.86161	68.94185
	20.86408	68.94253
	20.86453	68.94262
	20.865	68.94293
	20.86586	68.94353
	20.86646	68.94365
	20.86736	68.94363
	20.87127	68.94333
	20.87598	68.9429
	20.8844	68.94194
	20.89024	68.94141
	20.89167	68.94145
	20.89232	68.9417
	20.89301	68.94248
	20.89344	68.94348
	20.89346	68.94509
	20.8943	68.94645
	20.89515	68.94736
	20.89664	68.94817
	20.90087	68.95008
	20.90627	68.95315
	20.91042	68.95594
	20.91183	68.95711
	20.91291	68.95874
	20.91373	68.96039
	20.91373	68.96203
	20.91298	68.96343
	20.9121	68.96645
	20.91165	68.96882
	20.90984	68.97026
	20.90699	68.97234
	20.90516	68.97359
	20.89509	68.97789
	20.89271	68.97895
	20.89088	68.9801
	20.88805	68.98142
	20.88389	68.98305
	20.88328	68.98346
	20.8822	68.98447
	20.88113	68.98597
	20.88059	68.98634
	20.87951	68.98676
	20.87808	68.98688
	20.87543	68.98698
	20.87324	68.98698
	20.86887	68.9869
	20.86738	68.98701
	20.86655	68.98716
	20.8626	68.98869
	20.85987	68.98951
	20.85565	68.99042
	20.85289	68.99113
	20.85246	68.99131
	20.85154	68.99144
	20.85053	68.99139
	20.84968	68.99121
	20.84887	68.99118
	20.84784	68.99141
	20.84748	68.99157
	20.84664	68.99172
	20.84508	68.99232
	20.84346	68.99274
	20.84267	68.99303
	20.84187	68.99335
	20.84092	68.99359
	20.83983	68.99416
	20.83921	68.99464
	20.83833	68.99505
	20.83538	68.9959
	20.83467	68.99621
	20.83333	68.99753
	20.83045	68.99951
	20.82609	69.00291
	20.82036	69.00589
	20.81699	69.0116
	20.81345	69.01715
	20.81113	69.01885
	20.80752	69.02028
	20.79986	69.02271
	20.78817	69.02655
	20.78325	69.02827
	20.77941	69.02996
	20.77682	69.03184
	20.77504	69.03261
	20.77194	69.03315
	20.76471	69.03411
	20.74968	69.03571
	20.73584	69.037
	20.72475	69.03878
	20.71881	69.03978
	20.7144	69.04091
	20.70777	69.04294
	20.70502	69.0439
	20.70277	69.04448
	20.70077	69.04439
	20.69256	69.04367
	20.68871	69.04305
	20.6843	69.04299
	20.68013	69.04285
	20.67647	69.04302
	20.67325	69.04332
	20.67041	69.04346
	20.66722	69.04328
	20.66241	69.04311
	20.65944	69.04323
	20.65751	69.04345
	20.65131	69.04394
	20.64941	69.04403
	20.64495	69.04443
	20.64277	69.04447
	20.64104	69.04463
	20.63864	69.0448
	20.63469	69.04528
	20.63112	69.0455
	20.62768	69.04581
	20.62581	69.0463
	20.62409	69.04656
	20.62187	69.04666
	20.61629	69.04741
	20.61433	69.04812
	20.61234	69.04873
	20.61097	69.04901
	20.60963	69.04943
	20.60761	69.04977
	20.60653	69.05
	20.606	69.05002
	20.60495	69.05016
	20.60372	69.05024
	20.60304	69.05014
	20.60241	69.04992
	20.60175	69.05003
	20.60114	69.05027
	20.60096	69.0506
	20.60132	69.05069
	20.60124	69.05092
	20.60071	69.05098
	20.59967	69.05099
	20.5984	69.05092
	20.59716	69.05098
	20.59658	69.05099
	20.59638	69.05106
	20.59588	69.05114
	20.5955	69.05114
	20.59533	69.05119
	20.59509	69.05119
	20.59492	69.05128
	20.59468	69.05131
	20.59384	69.05176
	20.59331	69.05207
	20.59347	69.05224
	20.59381	69.05251
	20.5935	69.05274
	20.59237	69.05309
	20.59092	69.05347
	20.59055	69.05348
	20.58966	69.05349
	20.58905	69.05348
	20.58764	69.05351
	20.58717	69.05335
	20.58661	69.05314
	20.58591	69.05302
	20.58521	69.05311
	20.58515	69.05323
	20.58492	69.05346
	20.58467	69.05358
	20.58395	69.05356
	20.58307	69.05365
	20.58253	69.05391
	20.58207	69.05396
	20.58132	69.05388
	20.5806	69.05366
	20.58016	69.05341
	20.58	69.05326
	20.57968	69.05306
	20.57916	69.05297
	20.57834	69.05272
	20.57784	69.05263
	20.57709	69.05277
	20.5769	69.05284
	20.57545	69.05347
	20.57085	69.05506
	20.56993	69.05596
	20.56881	69.05668
	20.56834	69.05686
	20.5675	69.05704
	20.56652	69.05713
	20.56433	69.05656
	20.56328	69.05641
	20.56086	69.05631
	20.55911	69.05656
	20.55826	69.05687
	20.55768	69.05738
	20.55604	69.05757
	20.55499	69.05803
	20.55479	69.05833
	20.55384	69.05833
	20.55298	69.05853
	20.55198	69.05858
	20.55016	69.05883
	20.54864	69.05997
END
END
