Germany_Mecklenburg-Vorpommern
1
	14.41252	53.3295
	14.411	53.32968
	14.40988	53.32974
	14.40904	53.32991
	14.40802	53.32999
	14.40766	53.33
	14.40552	53.33
	14.40362	53.33005
	14.40226	53.33006
	14.40025	53.3299
	14.39948	53.3298
	14.39734	53.32932
	14.39341	53.32825
	14.39163	53.32755
	14.38944	53.32665
	14.38573	53.32495
	14.38106	53.32366
	14.38072	53.32124
	14.38067	53.32042
	14.38048	53.31981
	14.37996	53.31916
	14.37904	53.31841
	14.37867	53.31795
	14.37811	53.31743
	14.37755	53.31677
	14.37662	53.31606
	14.37551	53.31551
	14.37484	53.31528
	14.37432	53.31521
	14.37082	53.31516
	14.36717	53.31703
	14.3661	53.31754
	14.36554	53.31758
	14.36308	53.31752
	14.36206	53.3176
	14.36175	53.31756
	14.36173	53.317
	14.3619	53.31617
	14.36223	53.31542
	14.36234	53.31509
	14.36082	53.31495
	14.35777	53.31459
	14.35258	53.31401
	14.35205	53.31387
	14.35076	53.31367
	14.35	53.31358
	14.35008	53.31321
	14.3502	53.31287
	14.34941	53.31124
	14.34862	53.3099
	14.34635	53.31016
	14.3431	53.31048
	14.34191	53.31051
	14.34071	53.31041
	14.33921	53.31046
	14.33363	53.31106
	14.33286	53.31111
	14.33052	53.31151
	14.32992	53.31157
	14.32773	53.31156
	14.326	53.31166
	14.32486	53.31146
	14.32357	53.31167
	14.32274	53.31187
	14.3208	53.3121
	14.31767	53.31226
	14.31635	53.31228
	14.31613	53.31212
	14.31624	53.31163
	14.31609	53.31108
	14.31606	53.31033
	14.3161	53.30914
	14.31534	53.30885
	14.31604	53.30747
	14.31586	53.30683
	14.31567	53.30648
	14.3152	53.3062
	14.31436	53.30553
	14.31372	53.30474
	14.3132	53.30392
	14.31304	53.30333
	14.31304	53.3028
	14.31311	53.30246
	14.31302	53.30211
	14.3128	53.30181
	14.31236	53.30126
	14.31177	53.30077
	14.3112	53.30024
	14.31147	53.30014
	14.31142	53.29994
	14.31115	53.29986
	14.31096	53.29973
	14.31056	53.29923
	14.30969	53.29838
	14.30981	53.298
	14.30947	53.2977
	14.30904	53.2975
	14.30853	53.29714
	14.30794	53.29657
	14.30713	53.29576
	14.30603	53.29454
	14.304	53.29244
	14.30439	53.29229
	14.30357	53.29163
	14.30302	53.29121
	14.30289	53.291
	14.30284	53.29072
	14.30236	53.29029
	14.3019	53.28965
	14.30139	53.28885
	14.30081	53.28843
	14.30182	53.28732
	14.30136	53.28709
	14.30206	53.28621
	14.30131	53.28597
	14.30104	53.28596
	14.29991	53.28568
	14.29738	53.28494
	14.2959	53.28446
	14.29307	53.28388
	14.29285	53.28406
	14.29173	53.28379
	14.29103	53.28377
	14.28886	53.28321
	14.2795	53.28135
	14.27733	53.28088
	14.27157	53.27924
	14.26736	53.27795
	14.26296	53.2767
	14.26198	53.2765
	14.26295	53.2744
	14.26347	53.27293
	14.26477	53.2701
	14.26511	53.26885
	14.26568	53.26607
	14.26521	53.2659
	14.26542	53.26503
	14.26532	53.2643
	14.26528	53.26345
	14.26552	53.26271
	14.26597	53.25968
	14.26587	53.25944
	14.26544	53.2593
	14.26463	53.2591
	14.26252	53.25864
	14.26046	53.25825
	14.25714	53.25785
	14.25586	53.25773
	14.25455	53.2577
	14.2537	53.25755
	14.25313	53.2574
	14.25265	53.25719
	14.25218	53.2571
	14.25163	53.25715
	14.2512	53.2572
	14.25017	53.25736
	14.2495	53.25735
	14.24824	53.25719
	14.2476	53.25698
	14.24716	53.25682
	14.24668	53.25685
	14.24564	53.25711
	14.24477	53.25724
	14.24409	53.25711
	14.2434	53.25691
	14.24249	53.25682
	14.24144	53.2569
	14.23987	53.2568
	14.23851	53.25684
	14.23591	53.25688
	14.23426	53.25681
	14.23334	53.25672
	14.2318	53.25644
	14.23079	53.25624
	14.23013	53.25609
	14.22912	53.25582
	14.22868	53.256
	14.22802	53.25591
	14.22733	53.25686
	14.22711	53.25684
	14.22567	53.25656
	14.2254	53.25673
	14.22131	53.25604
	14.21918	53.25572
	14.21755	53.25542
	14.21713	53.25554
	14.21673	53.25558
	14.21636	53.2556
	14.2141	53.25522
	14.21181	53.25479
	14.21117	53.25471
	14.21057	53.25524
	14.2098	53.25584
	14.20924	53.25636
	14.20851	53.25708
	14.20799	53.25794
	14.20754	53.25816
	14.20656	53.25843
	14.2048	53.25875
	14.20361	53.25875
	14.20287	53.25899
	14.20233	53.2597
	14.20203	53.26059
	14.20168	53.261
	14.20088	53.26099
	14.20019	53.26184
	14.20005	53.2618
	14.19796	53.26047
	14.19692	53.26112
	14.19639	53.26157
	14.19594	53.2619
	14.19529	53.26136
	14.19479	53.26122
	14.19366	53.26108
	14.193	53.26118
	14.19201	53.26123
	14.191	53.26137
	14.18976	53.26123
	14.1878	53.26052
	14.18707	53.26048
	14.18653	53.26059
	14.18588	53.26088
	14.1854	53.26126
	14.18465	53.26153
	14.1835	53.26179
	14.18249	53.26192
	14.18106	53.2618
	14.17964	53.26172
	14.17871	53.26189
	14.17758	53.26197
	14.17652	53.26223
	14.17554	53.26263
	14.17387	53.2636
	14.1723	53.26397
	14.17164	53.264
	14.17138	53.26438
	14.17084	53.26475
	14.16742	53.26529
	14.1673	53.26563
	14.16687	53.2658
	14.16648	53.26593
	14.16556	53.26626
	14.16476	53.26664
	14.16415	53.26706
	14.16382	53.26727
	14.16269	53.26757
	14.16186	53.26775
	14.1611	53.26774
	14.16018	53.26777
	14.15936	53.26759
	14.15822	53.26738
	14.15737	53.26747
	14.1566	53.26727
	14.15541	53.26708
	14.15437	53.26684
	14.15324	53.26675
	14.15167	53.26674
	14.15049	53.26643
	14.14975	53.26621
	14.14816	53.26604
	14.14778	53.26585
	14.14684	53.26587
	14.14614	53.26593
	14.14541	53.26585
	14.14458	53.26567
	14.14356	53.26548
	14.14276	53.26546
	14.14142	53.26489
	14.13788	53.26376
	14.13666	53.26345
	14.13634	53.26358
	14.13589	53.26367
	14.13528	53.26347
	14.133	53.26248
	14.13198	53.26228
	14.13134	53.26193
	14.13062	53.26194
	14.12964	53.26191
	14.12866	53.26169
	14.12863	53.26137
	14.12602	53.26108
	14.12533	53.2611
	14.12468	53.26029
	14.1231	53.26011
	14.12201	53.26011
	14.11734	53.26017
	14.11704	53.26101
	14.11687	53.26166
	14.11433	53.26151
	14.11447	53.26051
	14.10552	53.26105
	14.09903	53.26147
	14.09991	53.26361
	14.10042	53.26455
	14.10091	53.26592
	14.10208	53.26885
	14.10192	53.26947
	14.10272	53.27133
	14.10317	53.27345
	14.10468	53.27691
	14.10521	53.27773
	14.10671	53.27956
	14.10836	53.28117
	14.11192	53.2842
	14.11308	53.28493
	14.11412	53.28556
	14.11536	53.2865
	14.11747	53.28763
	14.11895	53.28846
	14.12007	53.28921
	14.12155	53.29027
	14.1245	53.29221
	14.12594	53.29326
	14.12682	53.29387
	14.12865	53.29501
	14.12961	53.29604
	14.13158	53.29736
	14.13524	53.3001
	14.1369	53.30094
	14.14138	53.30374
	14.14269	53.30426
	14.14681	53.30632
	14.15139	53.30854
	14.15431	53.31007
	14.15937	53.31295
	14.16551	53.31631
	14.16909	53.31824
	14.1723	53.32025
	14.17467	53.32185
	14.18499	53.32815
	14.19009	53.33179
	14.19574	53.33577
	14.19916	53.33826
	14.20358	53.34083
	14.2063	53.3426
	14.21234	53.34793
	14.21436	53.35015
	14.21993	53.35484
	14.22714	53.36277
	14.23091	53.36778
	14.23174	53.36941
	14.23304	53.37158
	14.23666	53.37936
	14.23781	53.38129
	14.24155	53.38711
	14.24304	53.39073
	14.24376	53.39461
	14.24338	53.39556
	14.24329	53.39882
	14.24306	53.39978
	14.24281	53.40105
	14.24188	53.40429
	14.24182	53.40573
	14.24154	53.40679
	14.2396	53.41009
	14.23801	53.4136
	14.23745	53.41422
	14.23755	53.41491
	14.23836	53.41649
	14.23931	53.41804
	14.23977	53.41835
	14.23975	53.41883
	14.24022	53.41948
	14.24042	53.41999
	14.241	53.42046
	14.24124	53.4211
	14.24233	53.42192
	14.2421	53.4225
	14.24122	53.4228
	14.24079	53.4231
	14.24012	53.424
	14.23962	53.42444
	14.2395	53.42502
	14.23895	53.4254
	14.23785	53.42661
	14.23772	53.42753
	14.23695	53.42774
	14.23557	53.42891
	14.23311	53.42806
	14.22482	53.43429
	14.21721	53.43079
	14.2153	53.42997
	14.21223	53.42674
	14.21258	53.42654
	14.21181	53.42587
	14.21094	53.42539
	14.2059	53.42302
	14.204	53.4235
	14.19862	53.42294
	14.19552	53.42259
	14.1915	53.42211
	14.18656	53.4221
	14.18174	53.42236
	14.17938	53.42253
	14.17801	53.42275
	14.1762	53.42319
	14.17206	53.42428
	14.16989	53.42511
	14.1693	53.42544
	14.16825	53.426
	14.16628	53.42695
	14.16556	53.42738
	14.16479	53.4277
	14.16389	53.42816
	14.16326	53.42846
	14.1624	53.42872
	14.16144	53.42904
	14.15918	53.43032
	14.15887	53.43046
	14.1571	53.43117
	14.15617	53.43145
	14.15553	53.43171
	14.15496	53.43218
	14.15416	53.4328
	14.15292	53.43326
	14.15234	53.43386
	14.15189	53.43411
	14.15117	53.43431
	14.14992	53.43497
	14.14891	53.43524
	14.14637	53.43632
	14.145	53.43651
	14.14433	53.4367
	14.14326	53.4375
	14.14212	53.43818
	14.13953	53.43943
	14.13788	53.4402
	14.13654	53.44091
	14.13465	53.43901
	14.13417	53.43899
	14.12939	53.43974
	14.12669	53.44035
	14.12454	53.4409
	14.12193	53.4417
	14.12107	53.44077
	14.11978	53.4395
	14.11756	53.43721
	14.11565	53.43522
	14.11438	53.43387
	14.112	53.43147
	14.11077	53.43052
	14.10908	53.42881
	14.10764	53.42656
	14.10686	53.42529
	14.10622	53.424
	14.10552	53.42268
	14.10487	53.42252
	14.10316	53.42249
	14.10246	53.42265
	14.10151	53.42248
	14.10022	53.42223
	14.09757	53.4219
	14.09631	53.42166
	14.09541	53.42163
	14.09389	53.42205
	14.08893	53.41938
	14.08296	53.41597
	14.08177	53.41495
	14.08208	53.41419
	14.08321	53.41342
	14.08363	53.4123
	14.08266	53.4114
	14.08191	53.41085
	14.08144	53.41138
	14.07924	53.41255
	14.07714	53.41317
	14.0757	53.41389
	14.07074	53.41503
	14.06844	53.41512
	14.06758	53.4147
	14.06241	53.41347
	14.06021	53.41316
	14.05659	53.41248
	14.05385	53.41266
	14.05097	53.41368
	14.05014	53.41503
	14.0498	53.41537
	14.04934	53.4166
	14.04802	53.4203
	14.04683	53.4242
	14.04552	53.42883
	14.04529	53.42938
	14.04349	53.42922
	14.03359	53.42933
	14.01882	53.42966
	14.00675	53.43051
	14.00618	53.4309
	14.00469	53.4321
	14.00349	53.43335
	14.00291	53.43377
	14.00222	53.43422
	14.00126	53.43491
	13.99981	53.43478
	13.99707	53.43434
	13.99611	53.43403
	13.99485	53.43379
	13.98898	53.43359
	13.98492	53.43322
	13.97914	53.43252
	13.97384	53.43161
	13.96771	53.43088
	13.96513	53.43071
	13.96355	53.43079
	13.96242	53.43024
	13.95895	53.43067
	13.9548	53.4311
	13.953	53.43113
	13.94932	53.43058
	13.94799	53.43041
	13.94696	53.43074
	13.94632	53.43084
	13.9456	53.43067
	13.94454	53.43032
	13.94299	53.42984
	13.94198	53.42954
	13.94047	53.42948
	13.9379	53.42909
	13.93642	53.42872
	13.9352	53.42812
	13.93358	53.42708
	13.93287	53.42684
	13.93178	53.4265
	13.92894	53.42605
	13.92769	53.42581
	13.92578	53.42559
	13.92434	53.42548
	13.92398	53.42499
	13.92361	53.42436
	13.92324	53.424
	13.92219	53.4235
	13.92003	53.4226
	13.91816	53.42191
	13.91626	53.42258
	13.9134	53.42369
	13.91133	53.42488
	13.91051	53.42518
	13.90955	53.4254
	13.90848	53.42571
	13.90763	53.42622
	13.9067	53.42689
	13.90596	53.42765
	13.90556	53.42838
	13.90516	53.42986
	13.90485	53.4303
	13.90393	53.43124
	13.90291	53.43181
	13.904	53.43249
	13.90495	53.43316
	13.90546	53.43347
	13.90613	53.43369
	13.90795	53.43423
	13.90913	53.4348
	13.91069	53.43552
	13.91182	53.43719
	13.91183	53.43821
	13.90895	53.44059
	13.90768	53.4417
	13.90564	53.44343
	13.90483	53.44396
	13.90534	53.44484
	13.90597	53.44482
	13.90791	53.4453
	13.90869	53.44551
	13.9092	53.44555
	13.91287	53.44564
	13.91514	53.44594
	13.91638	53.44621
	13.91701	53.44648
	13.91735	53.44675
	13.91695	53.44757
	13.91674	53.44806
	13.91675	53.44831
	13.91708	53.44858
	13.91831	53.44909
	13.91837	53.44962
	13.91788	53.45077
	13.9183	53.45105
	13.91735	53.4526
	13.918	53.45263
	13.91825	53.45287
	13.91795	53.45315
	13.91737	53.45338
	13.91667	53.45361
	13.91641	53.45397
	13.91645	53.45464
	13.91749	53.45514
	13.91814	53.45541
	13.91773	53.45582
	13.91659	53.45632
	13.91408	53.45727
	13.91036	53.45893
	13.90766	53.45998
	13.9009	53.4627
	13.89341	53.4659
	13.88887	53.46777
	13.87965	53.47153
	13.87623	53.47298
	13.87553	53.47329
	13.87616	53.47406
	13.87852	53.47748
	13.87881	53.47822
	13.87913	53.47871
	13.87962	53.47903
	13.88031	53.47925
	13.88106	53.47952
	13.88165	53.48011
	13.88194	53.48069
	13.88193	53.48159
	13.88207	53.482
	13.88282	53.48254
	13.88341	53.48317
	13.88345	53.48362
	13.88399	53.48426
	13.88459	53.48466
	13.88477	53.4853
	13.88399	53.48569
	13.88292	53.48609
	13.88143	53.48644
	13.87994	53.48657
	13.87882	53.48664
	13.87746	53.48624
	13.87646	53.48626
	13.87576	53.4867
	13.87565	53.48713
	13.87564	53.48758
	13.87549	53.48799
	13.87495	53.48848
	13.87439	53.48916
	13.87388	53.48957
	13.87336	53.49027
	13.87357	53.49053
	13.87407	53.49103
	13.87408	53.49151
	13.87406	53.49206
	13.87373	53.49263
	13.8738	53.49302
	13.87431	53.49315
	13.87462	53.49325
	13.87476	53.4934
	13.87448	53.49369
	13.87406	53.49398
	13.87406	53.49416
	13.87432	53.4944
	13.87515	53.49486
	13.8767	53.49568
	13.87698	53.49597
	13.87697	53.49633
	13.87681	53.49776
	13.87658	53.49891
	13.87639	53.49996
	13.87756	53.50081
	13.87827	53.50156
	13.87901	53.50222
	13.87895	53.50295
	13.87974	53.50401
	13.87547	53.50553
	13.87382	53.50619
	13.86765	53.50809
	13.8592	53.51136
	13.85036	53.51434
	13.84886	53.51491
	13.84369	53.5156
	13.84019	53.51573
	13.83616	53.51635
	13.83165	53.51697
	13.82452	53.51778
	13.82185	53.51807
	13.82306	53.5187
	13.82333	53.51941
	13.82391	53.52053
	13.82372	53.52122
	13.82349	53.5217
	13.82092	53.52411
	13.81952	53.52604
	13.81785	53.52767
	13.81586	53.52977
	13.81555	53.52982
	13.81209	53.53376
	13.81057	53.53534
	13.80875	53.53652
	13.80782	53.53729
	13.80753	53.53773
	13.80739	53.5383
	13.80688	53.53901
	13.80643	53.53955
	13.80617	53.53999
	13.80556	53.54046
	13.80413	53.54125
	13.80218	53.54296
	13.80036	53.54512
	13.79983	53.54513
	13.79912	53.5454
	13.79842	53.54611
	13.79877	53.54671
	13.79887	53.54691
	13.79891	53.54786
	13.79834	53.54889
	13.79958	53.55091
	13.80017	53.55129
	13.79998	53.55247
	13.79999	53.55327
	13.80014	53.554
	13.80034	53.55426
	13.80024	53.55459
	13.79982	53.55492
	13.8002	53.55512
	13.80104	53.55527
	13.80179	53.55523
	13.80204	53.55549
	13.8012	53.55578
	13.80155	53.55646
	13.80096	53.55679
	13.80102	53.55788
	13.80096	53.55836
	13.80082	53.55855
	13.80018	53.55882
	13.79998	53.55909
	13.79937	53.55912
	13.79845	53.55876
	13.79816	53.55829
	13.79795	53.5579
	13.79739	53.55781
	13.79661	53.55779
	13.79383	53.55792
	13.79312	53.55828
	13.79259	53.55832
	13.79197	53.55833
	13.79115	53.55836
	13.78902	53.55629
	13.78691	53.55414
	13.78706	53.55392
	13.78424	53.55171
	13.78354	53.55004
	13.78084	53.54313
	13.7803	53.5408
	13.77989	53.53998
	13.77834	53.53646
	13.77639	53.53102
	13.77687	53.53012
	13.77689	53.52847
	13.77688	53.527
	13.77851	53.52568
	13.77874	53.52516
	13.77877	53.52484
	13.78009	53.52357
	13.78043	53.52285
	13.78041	53.52244
	13.78028	53.52205
	13.78075	53.52163
	13.78053	53.52058
	13.7792	53.51817
	13.77824	53.51593
	13.7786	53.51592
	13.77881	53.51588
	13.77905	53.51583
	13.77993	53.51559
	13.78133	53.51529
	13.78231	53.5151
	13.78249	53.51507
	13.78321	53.51503
	13.78368	53.51495
	13.78425	53.51474
	13.78438	53.51467
	13.78491	53.51425
	13.78536	53.51375
	13.78578	53.51322
	13.78591	53.51303
	13.78625	53.51298
	13.78668	53.51271
	13.78722	53.51231
	13.78784	53.51173
	13.78839	53.51158
	13.79155	53.51124
	13.79258	53.51094
	13.79285	53.5106
	13.79285	53.50987
	13.79304	53.50942
	13.79287	53.50918
	13.79191	53.50873
	13.79186	53.50855
	13.79311	53.50753
	13.79329	53.50739
	13.79338	53.50734
	13.79392	53.50708
	13.79538	53.50662
	13.79551	53.50632
	13.79535	53.50582
	13.7969	53.50407
	13.79689	53.50369
	13.79737	53.50342
	13.79847	53.50171
	13.79924	53.50142
	13.80002	53.50087
	13.79972	53.5001
	13.7999	53.49984
	13.79993	53.49908
	13.80052	53.49838
	13.80203	53.49783
	13.8028	53.49821
	13.80359	53.49881
	13.80373	53.4992
	13.80483	53.49975
	13.80613	53.50048
	13.80772	53.50166
	13.80888	53.50165
	13.80988	53.50172
	13.81044	53.50143
	13.81091	53.50148
	13.81141	53.5017
	13.81248	53.50179
	13.81398	53.5012
	13.8144	53.50138
	13.8147	53.5011
	13.81508	53.50012
	13.8163	53.49958
	13.81804	53.49937
	13.81902	53.49967
	13.82026	53.49975
	13.8213	53.50002
	13.82201	53.49982
	13.82238	53.49959
	13.8223	53.499
	13.82282	53.4986
	13.82381	53.49869
	13.82377	53.49847
	13.8245	53.49862
	13.82464	53.49849
	13.82449	53.49832
	13.82496	53.49834
	13.82537	53.49857
	13.82532	53.49891
	13.82554	53.49902
	13.8261	53.49887
	13.82603	53.49863
	13.82632	53.49862
	13.82641	53.49849
	13.82278	53.49474
	13.82223	53.49467
	13.82028	53.49117
	13.81974	53.49032
	13.81731	53.48837
	13.81587	53.48732
	13.81433	53.48632
	13.81255	53.48478
	13.81211	53.48413
	13.81145	53.48395
	13.80943	53.48285
	13.80642	53.48084
	13.804	53.47972
	13.80256	53.47903
	13.80213	53.47839
	13.8	53.47799
	13.79499	53.47654
	13.79373	53.47619
	13.78981	53.47572
	13.7897	53.4753
	13.78784	53.47505
	13.78583	53.47468
	13.78237	53.47424
	13.78037	53.47417
	13.77875	53.47431
	13.77859	53.47499
	13.77808	53.47544
	13.77688	53.47569
	13.77545	53.4761
	13.77291	53.47602
	13.76874	53.47639
	13.76684	53.47684
	13.76594	53.47689
	13.76156	53.4773
	13.75827	53.47764
	13.75494	53.47781
	13.75342	53.47811
	13.75019	53.47932
	13.74945	53.47984
	13.74872	53.48061
	13.74808	53.48101
	13.74721	53.48126
	13.74715	53.484
	13.74639	53.4842
	13.74579	53.48525
	13.74421	53.48545
	13.74314	53.48589
	13.74226	53.48584
	13.74134	53.48612
	13.7384	53.48129
	13.73444	53.48182
	13.73156	53.48209
	13.72941	53.48218
	13.72626	53.48288
	13.72607	53.48261
	13.72547	53.48221
	13.72508	53.48207
	13.72393	53.48212
	13.72318	53.48196
	13.72244	53.48176
	13.7217	53.48149
	13.72012	53.4819
	13.71931	53.48226
	13.71855	53.48276
	13.71809	53.48249
	13.71729	53.48246
	13.71596	53.48237
	13.71485	53.48214
	13.71367	53.48183
	13.71332	53.48169
	13.71299	53.48122
	13.71247	53.48141
	13.71178	53.48137
	13.71112	53.48091
	13.71072	53.48032
	13.71085	53.48003
	13.71029	53.47959
	13.7099	53.47883
	13.70943	53.47836
	13.70662	53.47569
	13.70599	53.47528
	13.70469	53.47463
	13.70262	53.47355
	13.70139	53.47287
	13.70019	53.4726
	13.69875	53.47233
	13.69749	53.47208
	13.6969	53.47168
	13.69629	53.47122
	13.69528	53.47055
	13.69429	53.46999
	13.69305	53.46913
	13.69182	53.46844
	13.68995	53.46756
	13.6883	53.46694
	13.68513	53.46598
	13.68466	53.46578
	13.68421	53.46554
	13.68375	53.46562
	13.68312	53.46554
	13.68211	53.4656
	13.681	53.46548
	13.67945	53.46484
	13.67819	53.46419
	13.67718	53.4634
	13.67628	53.46243
	13.67555	53.46139
	13.6749	53.46074
	13.6726	53.45969
	13.67083	53.45898
	13.66929	53.45855
	13.66767	53.45816
	13.66629	53.45798
	13.66537	53.45803
	13.66449	53.45803
	13.66405	53.45814
	13.66254	53.4574
	13.66249	53.45696
	13.66236	53.4567
	13.66208	53.45637
	13.6621	53.45614
	13.6618	53.4561
	13.6614	53.45566
	13.66062	53.45535
	13.65903	53.45438
	13.65861	53.45359
	13.65806	53.45323
	13.65703	53.45306
	13.65694	53.45269
	13.6551	53.45142
	13.65427	53.45116
	13.6541	53.45022
	13.65479	53.45027
	13.65562	53.44964
	13.6555	53.44891
	13.65513	53.44761
	13.65465	53.44761
	13.65322	53.44728
	13.65274	53.44695
	13.65266	53.44663
	13.65177	53.44586
	13.65152	53.44488
	13.65093	53.44438
	13.65139	53.4434
	13.65131	53.44304
	13.64978	53.4439
	13.64908	53.44456
	13.64846	53.44508
	13.64656	53.4455
	13.64516	53.44596
	13.64442	53.44591
	13.6441	53.44569
	13.64348	53.44577
	13.64295	53.44593
	13.64059	53.44711
	13.63625	53.44219
	13.63391	53.43981
	13.63906	53.43803
	13.63876	53.43763
	13.63822	53.43736
	13.63748	53.436
	13.63735	53.43532
	13.63644	53.43417
	13.63733	53.43328
	13.63722	53.43249
	13.6354	53.43214
	13.63401	53.43172
	13.63296	53.43212
	13.63165	53.4322
	13.63017	53.43194
	13.6294	53.4319
	13.62892	53.43201
	13.63054	53.43025
	13.63337	53.42727
	13.63546	53.42517
	13.63584	53.42433
	13.63648	53.42402
	13.63618	53.4234
	13.63557	53.42299
	13.63519	53.42241
	13.63526	53.42215
	13.635	53.42196
	13.63463	53.42158
	13.6346	53.421
	13.63424	53.42077
	13.63391	53.42042
	13.63343	53.42016
	13.63358	53.4199
	13.63328	53.41927
	13.63036	53.41618
	13.62895	53.41486
	13.62746	53.41334
	13.62798	53.41292
	13.62788	53.41247
	13.62741	53.41217
	13.62693	53.41149
	13.62637	53.41121
	13.6263	53.41098
	13.62605	53.41083
	13.62587	53.41075
	13.62599	53.41064
	13.62605	53.4106
	13.62618	53.41054
	13.6261	53.41026
	13.62609	53.41003
	13.62597	53.40983
	13.62553	53.40973
	13.62477	53.40898
	13.62351	53.40869
	13.62132	53.40893
	13.62118	53.40917
	13.62072	53.40962
	13.62006	53.41033
	13.61987	53.41144
	13.61949	53.41207
	13.61906	53.41268
	13.61776	53.41323
	13.61672	53.41328
	13.61586	53.41354
	13.61408	53.41379
	13.61262	53.41363
	13.6101	53.41365
	13.60958	53.41339
	13.60915	53.4131
	13.60824	53.41308
	13.60746	53.41288
	13.60691	53.41252
	13.60671	53.41189
	13.60664	53.41134
	13.60652	53.41096
	13.60601	53.41091
	13.60518	53.41121
	13.60465	53.41116
	13.60387	53.41088
	13.60267	53.41067
	13.60166	53.41048
	13.60023	53.41043
	13.59872	53.4107
	13.59803	53.41066
	13.59713	53.41052
	13.59643	53.41027
	13.59606	53.40981
	13.59605	53.40928
	13.59577	53.40888
	13.59467	53.40858
	13.59361	53.40827
	13.59321	53.40773
	13.59223	53.4077
	13.59073	53.40905
	13.58944	53.40972
	13.5888	53.40936
	13.58789	53.40907
	13.58655	53.40876
	13.58482	53.40844
	13.58287	53.40847
	13.58198	53.40829
	13.58085	53.40782
	13.58	53.40757
	13.5791	53.4076
	13.57817	53.40783
	13.57519	53.40781
	13.57437	53.40804
	13.57342	53.40812
	13.57244	53.40789
	13.57188	53.40771
	13.57151	53.40741
	13.57145	53.4072
	13.57162	53.40695
	13.57119	53.40678
	13.57064	53.40649
	13.57022	53.40612
	13.56971	53.40586
	13.56928	53.40524
	13.569	53.40444
	13.56905	53.4041
	13.57013	53.40361
	13.57012	53.40337
	13.56976	53.40317
	13.56959	53.40302
	13.56909	53.40285
	13.56863	53.40275
	13.56776	53.40304
	13.56748	53.40301
	13.56702	53.40272
	13.56633	53.40267
	13.56572	53.40234
	13.56529	53.40186
	13.56473	53.40153
	13.56437	53.40129
	13.56434	53.40096
	13.56397	53.40055
	13.56356	53.40033
	13.56157	53.40048
	13.56122	53.4004
	13.56096	53.40013
	13.56081	53.39951
	13.55916	53.39993
	13.55928	53.40034
	13.55855	53.40051
	13.55772	53.40087
	13.55712	53.40093
	13.55633	53.4005
	13.5557	53.4003
	13.55445	53.40006
	13.55384	53.40006
	13.55294	53.39983
	13.55199	53.39964
	13.55144	53.39959
	13.55007	53.39917
	13.5496	53.3988
	13.54952	53.39852
	13.54967	53.39785
	13.54988	53.39749
	13.54945	53.39717
	13.54907	53.3967
	13.54892	53.39636
	13.54942	53.39602
	13.54957	53.39577
	13.54963	53.39547
	13.54945	53.3954
	13.54858	53.39577
	13.54834	53.39579
	13.54728	53.39543
	13.54639	53.39521
	13.54632	53.39489
	13.54602	53.39472
	13.54587	53.39439
	13.54632	53.39394
	13.54669	53.39303
	13.54707	53.39255
	13.54781	53.39262
	13.54878	53.39242
	13.54934	53.39261
	13.5497	53.39268
	13.55032	53.39271
	13.55094	53.39267
	13.55228	53.39275
	13.55515	53.39253
	13.55575	53.3923
	13.55645	53.3918
	13.55656	53.39139
	13.55654	53.39104
	13.55614	53.39078
	13.55563	53.39013
	13.55468	53.38968
	13.5549	53.38913
	13.55547	53.38858
	13.55535	53.38824
	13.55506	53.38797
	13.55603	53.3866
	13.55596	53.38617
	13.5552	53.38608
	13.55467	53.38541
	13.55419	53.38506
	13.55388	53.38478
	13.55385	53.38449
	13.5541	53.38412
	13.55423	53.38376
	13.55428	53.38341
	13.55428	53.38309
	13.55391	53.3826
	13.55341	53.38249
	13.55303	53.38196
	13.55298	53.38171
	13.55255	53.38139
	13.55162	53.38127
	13.55119	53.38155
	13.55072	53.38147
	13.55027	53.38122
	13.55022	53.38099
	13.55046	53.38048
	13.55132	53.38001
	13.55435	53.37987
	13.55591	53.37997
	13.55644	53.37979
	13.55671	53.37955
	13.55686	53.37906
	13.5566	53.37825
	13.55671	53.37727
	13.55619	53.37636
	13.55617	53.37604
	13.55556	53.3758
	13.55234	53.37447
	13.55116	53.37393
	13.55041	53.37356
	13.54914	53.37288
	13.54795	53.37237
	13.54734	53.37162
	13.54643	53.37076
	13.54679	53.37043
	13.54665	53.36985
	13.54642	53.36922
	13.54481	53.36663
	13.54315	53.36416
	13.54302	53.36391
	13.54124	53.36404
	13.53666	53.36422
	13.5342	53.36436
	13.5314	53.36554
	13.53107	53.36563
	13.52859	53.36679
	13.52732	53.36706
	13.527	53.36723
	13.52614	53.36725
	13.52541	53.36543
	13.52388	53.36322
	13.52307	53.36179
	13.52271	53.36093
	13.52212	53.36032
	13.52149	53.35989
	13.52126	53.35949
	13.52151	53.35917
	13.52038	53.35708
	13.51998	53.35653
	13.51895	53.35522
	13.51812	53.35419
	13.51749	53.3533
	13.51636	53.35213
	13.51852	53.35208
	13.52103	53.35182
	13.52517	53.35095
	13.52574	53.3474
	13.52542	53.34672
	13.52437	53.34613
	13.52483	53.34573
	13.5247	53.34344
	13.52441	53.34286
	13.52403	53.34236
	13.52306	53.34187
	13.52111	53.34132
	13.52052	53.34109
	13.52022	53.34074
	13.51949	53.33802
	13.51977	53.33753
	13.52075	53.33656
	13.52158	53.33537
	13.52234	53.33505
	13.52289	53.33495
	13.52323	53.33471
	13.52307	53.33431
	13.52222	53.33403
	13.52131	53.33351
	13.52112	53.33236
	13.52118	53.33154
	13.52141	53.33141
	13.52198	53.33029
	13.52195	53.32905
	13.52227	53.32757
	13.52268	53.32672
	13.52286	53.32594
	13.52292	53.32493
	13.52309	53.32431
	13.52339	53.32249
	13.52363	53.32065
	13.5236	53.31992
	13.52265	53.31932
	13.52108	53.31875
	13.51984	53.3187
	13.5174	53.3181
	13.51651	53.31807
	13.51351	53.31807
	13.51035	53.31778
	13.51064	53.31839
	13.51069	53.31889
	13.5105	53.3193
	13.51047	53.31943
	13.5101	53.31995
	13.51002	53.32025
	13.50984	53.32061
	13.50961	53.32087
	13.50921	53.32164
	13.50891	53.32192
	13.50873	53.32212
	13.5086	53.32257
	13.50834	53.32298
	13.50785	53.32339
	13.5071	53.32388
	13.50694	53.32415
	13.50597	53.32455
	13.50552	53.3249
	13.5052	53.32504
	13.50491	53.32513
	13.50474	53.32531
	13.50498	53.32574
	13.50514	53.32651
	13.50475	53.32703
	13.50417	53.32717
	13.50372	53.32722
	13.50293	53.32744
	13.50265	53.32743
	13.50245	53.32739
	13.50236	53.32705
	13.50247	53.32687
	13.50243	53.32674
	13.50179	53.32612
	13.50179	53.32559
	13.50206	53.32523
	13.50198	53.32474
	13.50207	53.32412
	13.50248	53.32362
	13.50321	53.32295
	13.5034	53.32268
	13.50377	53.32248
	13.50389	53.32232
	13.50401	53.32177
	13.50454	53.32101
	13.50476	53.32088
	13.5051	53.32051
	13.50515	53.32032
	13.50547	53.31996
	13.50567	53.31962
	13.50549	53.31933
	13.50541	53.31892
	13.50562	53.31868
	13.50678	53.31803
	13.50697	53.31765
	13.50709	53.3173
	13.50706	53.31703
	13.50716	53.31687
	13.50714	53.31667
	13.50727	53.31641
	13.50736	53.3163
	13.5071	53.31607
	13.50656	53.31598
	13.50645	53.31579
	13.50577	53.31564
	13.50533	53.31543
	13.50505	53.31499
	13.50478	53.31453
	13.50434	53.31407
	13.50327	53.31336
	13.50227	53.31303
	13.50168	53.31263
	13.50057	53.31083
	13.50012	53.31054
	13.4999	53.31029
	13.5	53.31001
	13.49925	53.30977
	13.49883	53.30935
	13.49829	53.30868
	13.49778	53.30794
	13.49743	53.30737
	13.49692	53.30699
	13.49615	53.30616
	13.4961	53.30597
	13.49623	53.30565
	13.49643	53.30502
	13.49667	53.30443
	13.4971	53.30369
	13.49732	53.30342
	13.49756	53.30283
	13.49759	53.30234
	13.49724	53.30188
	13.49652	53.30145
	13.49461	53.30008
	13.49425	53.29984
	13.4934	53.29951
	13.49295	53.29937
	13.4928	53.29887
	13.49252	53.2984
	13.49232	53.29801
	13.49187	53.29737
	13.49128	53.29677
	13.48889	53.29602
	13.48827	53.29584
	13.48828	53.29552
	13.48841	53.29528
	13.48801	53.29471
	13.48786	53.29421
	13.48743	53.29369
	13.48669	53.29338
	13.48632	53.29321
	13.48603	53.29293
	13.48623	53.29226
	13.48595	53.29204
	13.48592	53.29203
	13.48544	53.29203
	13.48493	53.29199
	13.48433	53.29174
	13.48398	53.29144
	13.48359	53.29123
	13.48316	53.29115
	13.48212	53.29119
	13.48165	53.29111
	13.48069	53.29118
	13.47944	53.29121
	13.47877	53.29124
	13.47805	53.29152
	13.47771	53.29154
	13.4775	53.2915
	13.47716	53.29119
	13.4767	53.29107
	13.47619	53.29105
	13.47575	53.29098
	13.47522	53.29086
	13.47488	53.29082
	13.47448	53.2907
	13.47404	53.29068
	13.47353	53.29051
	13.47308	53.29044
	13.47226	53.29033
	13.47162	53.29022
	13.47104	53.29015
	13.47037	53.29011
	13.47019	53.28994
	13.46937	53.28984
	13.46898	53.28988
	13.46813	53.28969
	13.46786	53.28976
	13.46778	53.28963
	13.4671	53.28982
	13.46666	53.2899
	13.46519	53.2896
	13.46425	53.28936
	13.46432	53.28926
	13.46408	53.28912
	13.46358	53.28897
	13.46308	53.28903
	13.46264	53.28911
	13.46244	53.28911
	13.46231	53.28904
	13.46202	53.28901
	13.4618	53.28895
	13.4611	53.28884
	13.4608	53.28881
	13.46047	53.28884
	13.4602	53.28917
	13.4601	53.28939
	13.46018	53.28954
	13.46018	53.28959
	13.46027	53.28967
	13.46034	53.29003
	13.45982	53.29047
	13.45937	53.29058
	13.45911	53.29076
	13.45884	53.29091
	13.45849	53.29098
	13.45808	53.29101
	13.45774	53.29121
	13.4577	53.29145
	13.45772	53.29176
	13.45765	53.29198
	13.45749	53.29221
	13.45689	53.29256
	13.45662	53.29296
	13.45655	53.29391
	13.45661	53.29436
	13.4568	53.29468
	13.45681	53.29495
	13.45655	53.2954
	13.45647	53.29571
	13.45645	53.29668
	13.45669	53.29715
	13.45688	53.29729
	13.45703	53.29742
	13.45683	53.2976
	13.45666	53.29773
	13.45631	53.29782
	13.45599	53.29784
	13.45557	53.29792
	13.45525	53.29806
	13.45489	53.29818
	13.4545	53.29824
	13.45414	53.29832
	13.45306	53.29859
	13.4528	53.29853
	13.4525	53.29844
	13.45206	53.29838
	13.45155	53.29838
	13.45146	53.29836
	13.45133	53.29839
	13.45107	53.29841
	13.45088	53.29847
	13.45063	53.29848
	13.45014	53.29854
	13.44939	53.29861
	13.44912	53.29861
	13.44889	53.29856
	13.44883	53.29845
	13.44856	53.29843
	13.44837	53.29843
	13.44817	53.29836
	13.44764	53.29814
	13.44697	53.29822
	13.44624	53.2984
	13.44544	53.29849
	13.44524	53.29854
	13.44481	53.29854
	13.44466	53.29853
	13.44444	53.29848
	13.44382	53.2984
	13.44348	53.29828
	13.44307	53.29819
	13.44266	53.29813
	13.44215	53.29815
	13.44179	53.29823
	13.44134	53.29836
	13.44112	53.2985
	13.44074	53.29861
	13.44046	53.29882
	13.44045	53.29892
	13.44025	53.29921
	13.43995	53.29925
	13.43994	53.29945
	13.43959	53.29988
	13.43914	53.30002
	13.43864	53.29998
	13.43848	53.29975
	13.43789	53.29965
	13.43708	53.29909
	13.4372	53.29883
	13.43712	53.29872
	13.43725	53.29827
	13.4376	53.29808
	13.43766	53.29796
	13.438	53.29755
	13.43778	53.29721
	13.43751	53.29703
	13.43702	53.29683
	13.43675	53.29649
	13.43657	53.29639
	13.43616	53.29574
	13.43561	53.29542
	13.4354	53.29494
	13.43536	53.2944
	13.43552	53.29385
	13.43557	53.29349
	13.43572	53.29319
	13.43636	53.29272
	13.43646	53.29263
	13.4365	53.29251
	13.43676	53.29246
	13.43679	53.29227
	13.43691	53.29213
	13.43764	53.29213
	13.43794	53.29223
	13.43807	53.29234
	13.43821	53.29241
	13.43839	53.29245
	13.43854	53.2924
	13.4386	53.29206
	13.43872	53.29201
	13.43876	53.29196
	13.43875	53.29191
	13.43852	53.29176
	13.43844	53.29164
	13.43841	53.29153
	13.4383	53.29135
	13.43808	53.29127
	13.43791	53.29113
	13.43785	53.29101
	13.43774	53.29098
	13.43759	53.29103
	13.43755	53.2911
	13.43746	53.29113
	13.43623	53.29117
	13.43595	53.2911
	13.4357	53.291
	13.43535	53.29084
	13.43512	53.29068
	13.43467	53.29058
	13.43427	53.29047
	13.43418	53.29032
	13.43419	53.29017
	13.43432	53.29001
	13.43447	53.28993
	13.43457	53.2898
	13.43472	53.28966
	13.43482	53.28934
	13.43493	53.28916
	13.43514	53.28889
	13.43573	53.28877
	13.43635	53.28888
	13.4367	53.28911
	13.43701	53.28911
	13.43735	53.28899
	13.43749	53.2887
	13.43717	53.2885
	13.43763	53.28817
	13.43785	53.28813
	13.4379	53.28777
	13.438	53.28762
	13.43819	53.28749
	13.43862	53.28741
	13.43883	53.28719
	13.43901	53.28716
	13.43919	53.28718
	13.43954	53.28716
	13.43973	53.28717
	13.43991	53.28725
	13.44031	53.28727
	13.44048	53.28735
	13.44067	53.28737
	13.44153	53.28725
	13.44192	53.28722
	13.44211	53.28723
	13.44245	53.2871
	13.44252	53.28699
	13.44246	53.28686
	13.44247	53.28674
	13.44257	53.28662
	13.44252	53.28652
	13.44245	53.28645
	13.44234	53.28645
	13.44216	53.28637
	13.44206	53.28629
	13.44197	53.28619
	13.44137	53.28576
	13.44109	53.28562
	13.44023	53.28495
	13.43999	53.28497
	13.43996	53.28527
	13.43979	53.28539
	13.43943	53.28519
	13.43902	53.2848
	13.43845	53.2844
	13.43833	53.28385
	13.43814	53.2841
	13.43789	53.28426
	13.43746	53.28426
	13.43698	53.28429
	13.43667	53.28418
	13.43647	53.28397
	13.43578	53.28317
	13.43541	53.28289
	13.43493	53.28272
	13.43434	53.28272
	13.43376	53.28285
	13.43243	53.28367
	13.43183	53.28415
	13.43164	53.28437
	13.43016	53.28326
	13.42974	53.2829
	13.42991	53.28273
	13.42949	53.28268
	13.42768	53.28127
	13.42818	53.28104
	13.42857	53.28073
	13.42889	53.28043
	13.42892	53.28006
	13.42843	53.27986
	13.42814	53.27967
	13.4277	53.27948
	13.42716	53.27903
	13.42701	53.27867
	13.42687	53.27762
	13.42701	53.27693
	13.42644	53.27617
	13.42588	53.27556
	13.4254	53.27495
	13.42476	53.2741
	13.42389	53.27314
	13.42353	53.27265
	13.42249	53.27135
	13.42189	53.27081
	13.42094	53.26984
	13.42026	53.26925
	13.41967	53.26903
	13.41898	53.26882
	13.41801	53.26848
	13.4175	53.2682
	13.41736	53.26783
	13.41734	53.2675
	13.41684	53.26719
	13.41636	53.2672
	13.41528	53.26648
	13.41485	53.2659
	13.41453	53.26529
	13.41511	53.26531
	13.41494	53.26481
	13.41435	53.26396
	13.41413	53.26374
	13.41346	53.26324
	13.41272	53.26296
	13.41212	53.26282
	13.41115	53.26286
	13.41024	53.2633
	13.40853	53.26271
	13.40876	53.26248
	13.40877	53.26217
	13.40848	53.26174
	13.40818	53.26144
	13.40772	53.26081
	13.40758	53.26001
	13.40726	53.25947
	13.40854	53.25823
	13.40831	53.25786
	13.40756	53.25726
	13.40745	53.25669
	13.40761	53.25632
	13.40743	53.25605
	13.40683	53.25592
	13.40652	53.25547
	13.40601	53.25521
	13.40591	53.25502
	13.40606	53.25485
	13.4061	53.25472
	13.40592	53.25453
	13.40573	53.25384
	13.40579	53.25366
	13.40595	53.25345
	13.40582	53.25324
	13.40577	53.25319
	13.40537	53.25296
	13.40515	53.25274
	13.40495	53.25251
	13.40469	53.25237
	13.40443	53.25204
	13.40448	53.25179
	13.40439	53.25163
	13.4044	53.25151
	13.40457	53.25122
	13.40458	53.25103
	13.40464	53.25082
	13.40465	53.25058
	13.40411	53.2501
	13.40396	53.25009
	13.40383	53.24988
	13.40367	53.24974
	13.40365	53.24962
	13.40357	53.24955
	13.40354	53.24943
	13.40368	53.24937
	13.40371	53.24914
	13.40386	53.24896
	13.40393	53.24898
	13.40405	53.24889
	13.40416	53.24894
	13.40449	53.24883
	13.40461	53.24885
	13.40517	53.24868
	13.40524	53.24863
	13.40571	53.24846
	13.40589	53.24826
	13.40584	53.248
	13.40577	53.24797
	13.4057	53.24778
	13.40569	53.24758
	13.40577	53.24724
	13.40577	53.24699
	13.40571	53.24682
	13.40544	53.2468
	13.40517	53.24663
	13.40477	53.24649
	13.40438	53.24633
	13.40375	53.24619
	13.40327	53.24603
	13.40273	53.2459
	13.40223	53.24588
	13.40177	53.24597
	13.40136	53.24618
	13.40095	53.24612
	13.40025	53.24592
	13.39957	53.24581
	13.39904	53.24587
	13.39853	53.24598
	13.3978	53.24589
	13.39722	53.24576
	13.39672	53.24551
	13.39636	53.24516
	13.39579	53.24454
	13.39492	53.24433
	13.39414	53.24412
	13.39368	53.24388
	13.39364	53.24363
	13.39244	53.24304
	13.39232	53.24324
	13.39185	53.24318
	13.3908	53.24301
	13.38936	53.24359
	13.38676	53.24449
	13.3864	53.24457
	13.38607	53.24478
	13.38556	53.2454
	13.38511	53.246
	13.38523	53.24639
	13.38497	53.24746
	13.38493	53.24778
	13.38472	53.24848
	13.38524	53.24866
	13.38588	53.24899
	13.3862	53.24929
	13.38613	53.24977
	13.3858	53.25028
	13.38529	53.25076
	13.38377	53.25037
	13.38307	53.25024
	13.38258	53.25021
	13.38226	53.25037
	13.38084	53.25182
	13.37724	53.25622
	13.37702	53.25652
	13.37693	53.25696
	13.37586	53.25777
	13.37507	53.2585
	13.37414	53.25929
	13.37357	53.25994
	13.37272	53.26065
	13.37158	53.26125
	13.37092	53.26175
	13.37049	53.26192
	13.3703	53.26338
	13.37026	53.26448
	13.37014	53.2656
	13.36991	53.26701
	13.36997	53.26798
	13.36982	53.26824
	13.36911	53.27002
	13.36841	53.27109
	13.36708	53.27243
	13.36583	53.27334
	13.36526	53.27414
	13.36496	53.2748
	13.36423	53.27572
	13.36285	53.27664
	13.36092	53.27776
	13.36022	53.27792
	13.35944	53.27798
	13.35887	53.278
	13.35724	53.27811
	13.34999	53.27827
	13.34798	53.27798
	13.34427	53.27716
	13.34043	53.27623
	13.34109	53.27326
	13.3395	53.27334
	13.33787	53.27328
	13.3368	53.27342
	13.33086	53.2745
	13.32924	53.27472
	13.32888	53.27473
	13.32456	53.27559
	13.32271	53.27599
	13.32007	53.27665
	13.31898	53.27698
	13.31837	53.27728
	13.31714	53.27764
	13.3157	53.27801
	13.3119	53.27846
	13.31036	53.27868
	13.30984	53.27873
	13.30804	53.27894
	13.30691	53.27911
	13.30608	53.27934
	13.30421	53.27973
	13.30353	53.27991
	13.3001	53.28052
	13.29919	53.28088
	13.29845	53.28097
	13.29838	53.28081
	13.29804	53.28033
	13.29756	53.28
	13.2971	53.27932
	13.29654	53.27881
	13.29492	53.27808
	13.2926	53.27689
	13.29024	53.27592
	13.28963	53.2756
	13.28854	53.27483
	13.28836	53.2756
	13.28761	53.27561
	13.2871	53.27605
	13.28597	53.276
	13.28513	53.27557
	13.28433	53.27512
	13.28345	53.27392
	13.28348	53.27338
	13.28392	53.27299
	13.28376	53.27259
	13.28271	53.27225
	13.28201	53.27187
	13.28081	53.27152
	13.28027	53.27118
	13.27887	53.27041
	13.2783	53.26991
	13.27736	53.26829
	13.27659	53.26717
	13.27656	53.26641
	13.27635	53.26557
	13.27547	53.26513
	13.27436	53.26473
	13.27193	53.26388
	13.27094	53.2636
	13.27003	53.26402
	13.26932	53.26404
	13.26778	53.26371
	13.26716	53.26399
	13.26578	53.2638
	13.26516	53.26389
	13.26442	53.26356
	13.26355	53.26368
	13.26312	53.26389
	13.26246	53.26378
	13.26205	53.26368
	13.2619	53.26332
	13.26147	53.26281
	13.26021	53.26245
	13.25871	53.26125
	13.25774	53.26122
	13.25673	53.26136
	13.25591	53.26112
	13.25538	53.26111
	13.25523	53.2613
	13.25523	53.26157
	13.25518	53.26172
	13.25445	53.26196
	13.2531	53.26209
	13.25244	53.2621
	13.25315	53.26172
	13.25359	53.26108
	13.25384	53.26034
	13.25363	53.25958
	13.25301	53.25916
	13.25186	53.25866
	13.25014	53.25821
	13.2491	53.25762
	13.24871	53.25728
	13.24774	53.25616
	13.24725	53.25563
	13.2467	53.25476
	13.24592	53.25244
	13.24623	53.25177
	13.24638	53.25132
	13.246	53.25082
	13.24611	53.25031
	13.24636	53.24988
	13.24609	53.24951
	13.24523	53.2495
	13.24418	53.24912
	13.24383	53.24832
	13.24402	53.24779
	13.24574	53.24696
	13.24631	53.24695
	13.24704	53.24696
	13.24715	53.24714
	13.24784	53.24754
	13.24799	53.24825
	13.24779	53.24846
	13.24853	53.24857
	13.24897	53.24849
	13.24915	53.24806
	13.24984	53.24767
	13.25082	53.24731
	13.25059	53.24631
	13.24974	53.24565
	13.24922	53.24538
	13.24863	53.24483
	13.24794	53.24431
	13.24663	53.24422
	13.24618	53.24403
	13.24607	53.24383
	13.24615	53.24358
	13.24653	53.24334
	13.24781	53.24285
	13.244	53.2389
	13.24321	53.23916
	13.24283	53.23943
	13.24257	53.2397
	13.24227	53.23983
	13.24193	53.23987
	13.24122	53.23958
	13.24022	53.23867
	13.23985	53.23809
	13.23978	53.23782
	13.23983	53.23757
	13.24002	53.23739
	13.24155	53.23765
	13.24195	53.23767
	13.24226	53.23763
	13.24167	53.23671
	13.24134	53.2363
	13.24086	53.23566
	13.24057	53.23503
	13.24088	53.23378
	13.24097	53.2326
	13.24122	53.2319
	13.24073	53.2318
	13.24032	53.23135
	13.24038	53.23078
	13.23976	53.23026
	13.23956	53.22985
	13.23878	53.22948
	13.23859	53.22907
	13.23824	53.22854
	13.23734	53.22776
	13.23724	53.22728
	13.23737	53.22706
	13.23896	53.2257
	13.23887	53.22543
	13.23737	53.22441
	13.23641	53.22316
	13.23538	53.22289
	13.23458	53.22244
	13.23341	53.22129
	13.23317	53.22065
	13.23245	53.22006
	13.2314	53.21871
	13.2311	53.21772
	13.22978	53.21661
	13.22589	53.21746
	13.22416	53.21758
	13.21952	53.21859
	13.21865	53.21907
	13.21771	53.2195
	13.21674	53.2196
	13.21614	53.21953
	13.21565	53.21966
	13.21482	53.22018
	13.21338	53.2208
	13.21308	53.22091
	13.21248	53.22097
	13.21095	53.22094
	13.20766	53.22052
	13.20661	53.22033
	13.20605	53.22013
	13.20349	53.22126
	13.20292	53.22171
	13.20227	53.2224
	13.20185	53.22303
	13.20169	53.22354
	13.2015	53.22377
	13.2007	53.22441
	13.20032	53.22495
	13.20021	53.22533
	13.20012	53.22583
	13.1997	53.22656
	13.19935	53.22733
	13.19795	53.22858
	13.19449	53.23161
	13.19076	53.23501
	13.19061	53.23537
	13.19082	53.23662
	13.19103	53.23753
	13.19107	53.23802
	13.19116	53.23879
	13.19107	53.23964
	13.19083	53.24031
	13.18891	53.24354
	13.18791	53.24498
	13.18775	53.24574
	13.18751	53.24637
	13.18443	53.24964
	13.18329	53.2503
	13.18247	53.25012
	13.18043	53.25123
	13.18006	53.251
	13.17977	53.25069
	13.1797	53.25033
	13.17978	53.24966
	13.17968	53.24876
	13.17953	53.24849
	13.17946	53.24808
	13.17939	53.24791
	13.17864	53.2479
	13.17768	53.24731
	13.1767	53.24721
	13.17401	53.24702
	13.17267	53.24958
	13.17169	53.25024
	13.17116	53.25037
	13.16996	53.25032
	13.16884	53.25009
	13.16787	53.24995
	13.16675	53.24999
	13.16547	53.25012
	13.16435	53.25016
	13.1639	53.25006
	13.16372	53.24989
	13.16346	53.24961
	13.1628	53.24934
	13.16197	53.24911
	13.1607	53.24911
	13.15988	53.24902
	13.15958	53.24888
	13.15892	53.24797
	13.15863	53.24739
	13.15796	53.24738
	13.15652	53.2476
	13.1554	53.2475
	13.15473	53.24723
	13.15399	53.24682
	13.15355	53.24646
	13.1531	53.24632
	13.15242	53.24627
	13.15189	53.24649
	13.15181	53.2469
	13.15181	53.24722
	13.15188	53.24739
	13.15225	53.24794
	13.15254	53.24848
	13.15297	53.2496
	13.15207	53.25
	13.15212	53.25103
	13.15168	53.25098
	13.14981	53.25066
	13.14891	53.25039
	13.1475	53.24957
	13.14616	53.24885
	13.14534	53.24808
	13.14423	53.24744
	13.14446	53.247
	13.14327	53.24658
	13.14163	53.2459
	13.14058	53.24585
	13.13946	53.24571
	13.13887	53.24557
	13.13782	53.24511
	13.13738	53.24462
	13.13732	53.2439
	13.13584	53.24272
	13.13555	53.24204
	13.13519	53.24154
	13.13475	53.24064
	13.13431	53.24032
	13.13349	53.23991
	13.13275	53.23937
	13.13239	53.23869
	13.13269	53.23824
	13.13301	53.23753
	13.13286	53.23708
	13.13218	53.23734
	13.13143	53.23747
	13.12851	53.23728
	13.1282	53.23777
	13.12812	53.2384
	13.12774	53.23876
	13.12721	53.23898
	13.12593	53.23906
	13.12443	53.23946
	13.1236	53.23986
	13.12278	53.24017
	13.12151	53.24016
	13.12084	53.2402
	13.12031	53.2402
	13.11956	53.24015
	13.11896	53.24015
	13.11881	53.24019
	13.11835	53.24068
	13.11798	53.24086
	13.11768	53.24095
	13.1173	53.24095
	13.11693	53.24086
	13.11619	53.24054
	13.11552	53.24012
	13.115	53.23958
	13.1132	53.23993
	13.11193	53.23992
	13.11036	53.23978
	13.11036	53.23933
	13.10992	53.23897
	13.1094	53.23883
	13.10857	53.23887
	13.10777	53.23889
	13.10762	53.23787
	13.10725	53.23729
	13.10703	53.23706
	13.10413	53.23628
	13.10406	53.23574
	13.1053	53.23346
	13.10501	53.23323
	13.1054	53.23197
	13.10601	53.23157
	13.10649	53.2296
	13.10727	53.22781
	13.10744	53.227
	13.10752	53.22638
	13.10783	53.22597
	13.10792	53.22543
	13.10785	53.22494
	13.10741	53.2243
	13.10683	53.22309
	13.10632	53.22232
	13.10611	53.22183
	13.10531	53.22039
	13.10509	53.21989
	13.10503	53.21899
	13.10504	53.21854
	13.10622	53.21563
	13.10653	53.21496
	13.10139	53.21371
	13.09959	53.21366
	13.09661	53.21301
	13.09561	53.21404
	13.09499	53.21551
	13.09346	53.21717
	13.09189	53.21675
	13.09198	53.2164
	13.08967	53.21575
	13.08914	53.21588
	13.0875	53.21547
	13.08698	53.21533
	13.08798	53.2135
	13.08664	53.21353
	13.08596	53.21344
	13.08403	53.21275
	13.0848	53.2115
	13.08542	53.21074
	13.08557	53.21038
	13.08558	53.21007
	13.08513	53.21007
	13.08453	53.21015
	13.084	53.21011
	13.08288	53.21023
	13.08213	53.21
	13.08191	53.20982
	13.08117	53.20946
	13.08087	53.20914
	13.08118	53.20865
	13.08126	53.20842
	13.08097	53.20806
	13.08061	53.20752
	13.08032	53.20689
	13.07914	53.20572
	13.07848	53.20522
	13.07796	53.20486
	13.07744	53.20454
	13.07715	53.20431
	13.07708	53.20404
	13.07731	53.20355
	13.07754	53.20319
	13.0777	53.20301
	13.07837	53.2027
	13.0789	53.20253
	13.07906	53.2023
	13.07937	53.20136
	13.07938	53.20109
	13.07916	53.20082
	13.07872	53.20046
	13.07797	53.20019
	13.07744	53.20045
	13.07707	53.20058
	13.07654	53.20063
	13.07587	53.20062
	13.07498	53.20026
	13.07416	53.20007
	13.07348	53.20011
	13.07273	53.20029
	13.07175	53.20064
	13.07137	53.20082
	13.07122	53.20109
	13.07106	53.20149
	13.07105	53.20207
	13.07089	53.20248
	13.07036	53.20297
	13.06975	53.20346
	13.06937	53.20364
	13.06863	53.20349
	13.06826	53.20326
	13.06767	53.20301
	13.06752	53.20257
	13.06696	53.202
	13.06605	53.20179
	13.06503	53.20164
	13.06442	53.2015
	13.06407	53.201
	13.0636	53.20059
	13.06302	53.20054
	13.06214	53.20053
	13.06139	53.20055
	13.06056	53.20054
	13.05984	53.2007
	13.05947	53.20052
	13.05931	53.20035
	13.0589	53.20021
	13.05856	53.20005
	13.05806	53.20008
	13.0567	53.20033
	13.05603	53.20038
	13.05514	53.20025
	13.05453	53.20011
	13.05412	53.2
	13.05356	53.20003
	13.053	53.19999
	13.05258	53.19983
	13.05211	53.19955
	13.05014	53.19876
	13.04826	53.19791
	13.0476	53.19771
	13.04662	53.19736
	13.045	53.19696
	13.04403	53.1971
	13.0437	53.19701
	13.04332	53.19697
	13.04295	53.19687
	13.04244	53.19651
	13.04169	53.19632
	13.04109	53.196
	13.04053	53.1954
	13.0401	53.19463
	13.03914	53.19348
	13.03759	53.1936
	13.03744	53.19315
	13.03684	53.19295
	13.03626	53.19274
	13.03536	53.19238
	13.03462	53.19206
	13.0341	53.19174
	13.03268	53.19146
	13.03141	53.19159
	13.03127	53.19083
	13.03144	53.19011
	13.03055	53.18952
	13.03064	53.18876
	13.0302	53.18835
	13.03006	53.188
	13.02984	53.18759
	13.02978	53.18701
	13.02888	53.18695
	13.02836	53.1865
	13.02785	53.18615
	13.02703	53.18578
	13.02594	53.18531
	13.02374	53.18549
	13.02254	53.18534
	13.02061	53.18549
	13.02029	53.18555
	13.0194	53.18551
	13.01872	53.18532
	13.01851	53.1851
	13.01799	53.18446
	13.01807	53.1842
	13.01846	53.18389
	13.01892	53.1833
	13.01865	53.1816
	13.01881	53.1812
	13.01919	53.18084
	13.01979	53.18058
	13.02003	53.18026
	13.02011	53.17986
	13.02012	53.17945
	13.0202	53.17887
	13.01999	53.1782
	13.01977	53.1778
	13.01971	53.17726
	13.01995	53.17632
	13.01989	53.17605
	13.01944	53.17587
	13.01892	53.17582
	13.01803	53.17554
	13.01691	53.17495
	13.01491	53.17382
	13.0138	53.17332
	13.01358	53.17287
	13.01314	53.1725
	13.0124	53.17237
	13.01157	53.17232
	13.01112	53.17231
	13.01014	53.17298
	13.00931	53.17306
	13.00879	53.17297
	13.00723	53.17163
	13.00613	53.171
	13.00547	53.17036
	13.00534	53.16987
	13.00557	53.16951
	13.00656	53.16899
	13.00679	53.16859
	13.0068	53.16827
	13.00636	53.168
	13.00541	53.16755
	13.00466	53.16732
	13.00197	53.16743
	13.00248	53.16788
	13.00253	53.16864
	13.00229	53.16944
	12.99952	53.16942
	12.99826	53.16936
	12.99659	53.16862
	12.99577	53.16857
	12.99323	53.16874
	12.99165	53.16869
	12.98777	53.16795
	12.9862	53.16767
	12.98374	53.16717
	12.98414	53.16582
	12.98461	53.16507
	12.98439	53.16467
	12.98372	53.16422
	12.98275	53.16399
	12.98223	53.16377
	12.98178	53.16341
	12.98104	53.16301
	12.98044	53.16273
	12.97977	53.16264
	12.97724	53.16286
	12.97641	53.16282
	12.97597	53.16309
	12.97574	53.1634
	12.97521	53.16484
	12.97506	53.16506
	12.97454	53.16555
	12.97357	53.16604
	12.97273	53.16615
	12.97221	53.16614
	12.97075	53.16585
	12.97011	53.1658
	12.96961	53.16582
	12.96907	53.16599
	12.96824	53.16648
	12.96932	53.16876
	12.96695	53.16777
	12.96664	53.16875
	12.96595	53.17018
	12.96579	53.17081
	12.96553	53.17439
	12.96529	53.17536
	12.96506	53.1759
	12.96438	53.17648
	12.96333	53.17667
	12.9631	53.17683
	12.96243	53.17705
	12.96175	53.17732
	12.96227	53.17832
	12.95921	53.17722
	12.95868	53.17687
	12.95854	53.1769
	12.95787	53.17676
	12.9572	53.17676
	12.95689	53.17672
	12.95638	53.17631
	12.95571	53.17604
	12.95504	53.17554
	12.95438	53.17516
	12.95303	53.17509
	12.95238	53.17457
	12.95154	53.17397
	12.95078	53.17345
	12.94927	53.1731
	12.94938	53.1731
	12.94857	53.17262
	12.94791	53.17269
	12.94667	53.17239
	12.94562	53.17226
	12.94483	53.17227
	12.94441	53.17245
	12.94382	53.17282
	12.94324	53.17335
	12.94242	53.17413
	12.9421	53.17447
	12.94223	53.17476
	12.94297	53.17497
	12.94344	53.17512
	12.94398	53.17554
	12.94532	53.1771
	12.94565	53.17744
	12.9464	53.17816
	12.9477	53.17858
	12.9492	53.17859
	12.95133	53.17872
	12.95254	53.1789
	12.95406	53.17907
	12.95499	53.17924
	12.95564	53.17964
	12.95727	53.17998
	12.95813	53.18027
	12.95952	53.18078
	12.96063	53.1811
	12.96131	53.18113
	12.9619	53.18113
	12.96197	53.18118
	12.96155	53.18156
	12.96102	53.18215
	12.96087	53.18229
	12.96055	53.18244
	12.96047	53.1827
	12.96044	53.18316
	12.96035	53.18367
	12.96077	53.18419
	12.961	53.18437
	12.96213	53.18484
	12.96301	53.1854
	12.96345	53.18571
	12.96429	53.18592
	12.96586	53.18638
	12.96703	53.1866
	12.96782	53.18677
	12.96775	53.18678
	12.9684	53.18695
	12.96884	53.18719
	12.96931	53.18765
	12.97003	53.18783
	12.97081	53.18812
	12.97108	53.18835
	12.97188	53.18874
	12.97182	53.18878
	12.97235	53.18896
	12.97268	53.18935
	12.97296	53.18951
	12.9736	53.18978
	12.97411	53.18987
	12.97526	53.18995
	12.97668	53.19009
	12.97828	53.19033
	12.97894	53.1905
	12.97947	53.1906
	12.97979	53.19081
	12.98005	53.19159
	12.98036	53.19208
	12.97994	53.19229
	12.97915	53.19257
	12.97833	53.19315
	12.97697	53.19385
	12.97674	53.19417
	12.97666	53.19453
	12.97666	53.19511
	12.97658	53.19551
	12.97627	53.19587
	12.97607	53.19623
	12.97617	53.19653
	12.97651	53.19678
	12.97674	53.19697
	12.97695	53.19718
	12.97685	53.19744
	12.97603	53.1978
	12.97527	53.19802
	12.9743	53.19815
	12.97295	53.19814
	12.97183	53.19818
	12.97055	53.19831
	12.96815	53.19866
	12.96748	53.19892
	12.9671	53.19941
	12.96649	53.19986
	12.96594	53.2
	12.96544	53.20025
	12.96432	53.20007
	12.96312	53.19994
	12.96222	53.19989
	12.96133	53.1997
	12.96036	53.19956
	12.95932	53.19937
	12.95841	53.19924
	12.95662	53.19928
	12.95602	53.19928
	12.95556	53.19945
	12.95519	53.19967
	12.95466	53.19994
	12.95429	53.19998
	12.95363	53.19989
	12.95279	53.19971
	12.95145	53.19921
	12.951	53.19929
	12.95033	53.19934
	12.94952	53.19921
	12.94896	53.19924
	12.94796	53.19912
	12.94699	53.19849
	12.94627	53.19783
	12.9456	53.1976
	12.94525	53.19712
	12.94433	53.19636
	12.94414	53.19628
	12.94312	53.19573
	12.94221	53.19534
	12.9402	53.19494
	12.93885	53.19503
	12.93854	53.19486
	12.9383	53.19452
	12.93782	53.19428
	12.93684	53.19425
	12.93652	53.19423
	12.93647	53.19409
	12.93664	53.19393
	12.93694	53.19392
	12.93765	53.19395
	12.93805	53.19375
	12.93849	53.19326
	12.93954	53.19268
	12.94016	53.19229
	12.94084	53.19197
	12.94275	53.19138
	12.94335	53.19108
	12.94355	53.19079
	12.9439	53.19049
	12.94418	53.18991
	12.94392	53.18882
	12.9439	53.18841
	12.94404	53.18793
	12.94438	53.18736
	12.94432	53.18703
	12.9442	53.18685
	12.94341	53.18617
	12.94257	53.1858
	12.94225	53.18561
	12.94187	53.18568
	12.94159	53.18571
	12.94014	53.18583
	12.93834	53.18602
	12.93789	53.1862
	12.93711	53.18629
	12.93719	53.18644
	12.93748	53.18682
	12.93713	53.18703
	12.93699	53.18759
	12.93655	53.18791
	12.93585	53.18794
	12.9353	53.18821
	12.93505	53.18829
	12.93303	53.18819
	12.93213	53.18792
	12.93154	53.18765
	12.93087	53.18747
	12.93012	53.18733
	12.92937	53.18715
	12.9287	53.18683
	12.92818	53.18674
	12.92766	53.18678
	12.9266	53.18713
	12.92562	53.18767
	12.92525	53.18767
	12.92458	53.18733
	12.92281	53.18731
	12.92247	53.18713
	12.92222	53.18698
	12.92217	53.18691
	12.92174	53.18666
	12.92154	53.18649
	12.92115	53.18635
	12.92063	53.18626
	12.9201	53.1863
	12.91984	53.1867
	12.91965	53.18688
	12.91941	53.18764
	12.91956	53.18791
	12.92017	53.1882
	12.92103	53.18864
	12.92216	53.18898
	12.92277	53.18908
	12.92351	53.18915
	12.92404	53.18929
	12.92472	53.1895
	12.92588	53.18972
	12.92687	53.18976
	12.92741	53.18983
	12.92772	53.18993
	12.92823	53.19048
	12.92932	53.19113
	12.92976	53.19181
	12.93031	53.19225
	12.93057	53.19257
	12.93079	53.19298
	12.93071	53.19338
	12.93051	53.19361
	12.93026	53.19383
	12.92965	53.19427
	12.92926	53.19452
	12.92807	53.19507
	12.92724	53.19534
	12.92469	53.19591
	12.92379	53.19604
	12.92319	53.19603
	12.92267	53.1959
	12.92185	53.19553
	12.91991	53.19508
	12.91931	53.19481
	12.91879	53.19463
	12.91827	53.19462
	12.91767	53.19471
	12.91595	53.19479
	12.91414	53.1951
	12.91317	53.19523
	12.91257	53.19522
	12.91205	53.19509
	12.91086	53.19423
	12.91005	53.1936
	12.90948	53.19344
	12.90938	53.19342
	12.90863	53.19346
	12.90728	53.19372
	12.90675	53.19363
	12.90623	53.19349
	12.90586	53.19363
	12.90563	53.19394
	12.9053	53.19416
	12.90465	53.1941
	12.90241	53.19352
	12.90204	53.19329
	12.90197	53.19303
	12.90205	53.1928
	12.90235	53.19262
	12.90243	53.19236
	12.90214	53.19141
	12.90164	53.19038
	12.90127	53.18975
	12.90105	53.1897
	12.90074	53.18979
	12.90022	53.18983
	12.89985	53.18979
	12.89977	53.18948
	12.89664	53.18866
	12.89508	53.18833
	12.89418	53.18851
	12.89007	53.18764
	12.89015	53.18724
	12.88956	53.187
	12.89045	53.18648
	12.89054	53.18613
	12.8906	53.18581
	12.89064	53.18531
	12.89046	53.18429
	12.89025	53.18383
	12.89	53.18335
	12.88878	53.18297
	12.88887	53.18271
	12.88873	53.18226
	12.88821	53.18168
	12.8877	53.18118
	12.88681	53.18042
	12.88637	53.18019
	12.88607	53.18019
	12.88531	53.18068
	12.88464	53.18077
	12.88396	53.18076
	12.88359	53.18067
	12.88299	53.1804
	12.8824	53.18009
	12.88158	53.17973
	12.88054	53.17945
	12.87972	53.17936
	12.87904	53.1794
	12.87724	53.17997
	12.87619	53.18037
	12.87558	53.18082
	12.87475	53.18153
	12.87362	53.18219
	12.87317	53.18257
	12.87182	53.18292
	12.87084	53.18341
	12.87032	53.18376
	12.86789	53.18644
	12.86751	53.1868
	12.86721	53.18679
	12.86669	53.18666
	12.86541	53.18687
	12.86461	53.1871
	12.86387	53.18702
	12.86192	53.1871
	12.86102	53.18723
	12.85975	53.18754
	12.85847	53.18812
	12.85779	53.18879
	12.85727	53.18909
	12.85606	53.19025
	12.85515	53.19128
	12.85453	53.19271
	12.85422	53.19356
	12.85376	53.19418
	12.85293	53.1949
	12.85203	53.19561
	12.85044	53.19672
	12.84976	53.1973
	12.84931	53.19775
	12.84915	53.19815
	12.8493	53.19851
	12.84958	53.19963
	12.84868	53.20025
	12.84837	53.20074
	12.84807	53.20087
	12.84785	53.20087
	12.84703	53.2006
	12.8462	53.20096
	12.84545	53.201
	12.84427	53.20041
	12.8433	53.20005
	12.84196	53.19977
	12.84129	53.19946
	12.84026	53.19833
	12.83929	53.19788
	12.83863	53.19738
	12.83833	53.19702
	12.83751	53.19679
	12.83624	53.19683
	12.83489	53.19705
	12.83414	53.197
	12.83362	53.19686
	12.83295	53.19659
	12.83244	53.19614
	12.83147	53.19605
	12.83095	53.19582
	12.8287	53.19608
	12.82803	53.19612
	12.82736	53.1958
	12.82624	53.19589
	12.82594	53.1962
	12.82556	53.19651
	12.82511	53.19669
	12.82466	53.19664
	12.82347	53.19606
	12.82265	53.19551
	12.82244	53.19529
	12.82214	53.19475
	12.8217	53.19417
	12.82171	53.19354
	12.82164	53.19332
	12.82127	53.19313
	12.82082	53.19304
	12.8203	53.19304
	12.81993	53.19308
	12.81925	53.1933
	12.81887	53.19361
	12.81879	53.19379
	12.81886	53.19415
	12.81908	53.19438
	12.81923	53.1946
	12.81923	53.19487
	12.81915	53.19501
	12.81885	53.19523
	12.81825	53.1955
	12.8169	53.19558
	12.81638	53.19544
	12.81593	53.19521
	12.81571	53.19495
	12.81567	53.19481
	12.81564	53.19459
	12.81565	53.19414
	12.81544	53.19337
	12.8156	53.19257
	12.81531	53.19221
	12.81464	53.19185
	12.81319	53.19195
	12.81277	53.19197
	12.81246	53.19251
	12.8114	53.19345
	12.81095	53.19376
	12.81027	53.19434
	12.80996	53.19492
	12.8098	53.19537
	12.80987	53.19577
	12.81001	53.19617
	12.81038	53.19671
	12.8106	53.19689
	12.8115	53.19699
	12.81232	53.19699
	12.81247	53.19708
	12.81232	53.19712
	12.81135	53.19716
	12.81052	53.19725
	12.80955	53.19725
	12.80776	53.19679
	12.80702	53.19647
	12.8065	53.19607
	12.80599	53.19562
	12.80562	53.19508
	12.80578	53.19445
	12.80579	53.19405
	12.8052	53.19369
	12.8049	53.19355
	12.80438	53.1935
	12.80274	53.1934
	12.80169	53.1934
	12.80109	53.19331
	12.8005	53.19303
	12.79932	53.19205
	12.79962	53.19173
	12.79992	53.19156
	12.80008	53.19129
	12.80001	53.19102
	12.79941	53.19066
	12.79792	53.19056
	12.79762	53.19052
	12.7971	53.19025
	12.79651	53.18984
	12.7957	53.18957
	12.79487	53.18952
	12.7945	53.18943
	12.7939	53.18951
	12.79368	53.18969
	12.79359	53.19032
	12.79344	53.19076
	12.79007	53.19075
	12.78963	53.19061
	12.78955	53.19039
	12.78919	53.18998
	12.78845	53.18962
	12.78763	53.1894
	12.78719	53.18912
	12.78615	53.18885
	12.7854	53.18871
	12.78488	53.1884
	12.78459	53.18795
	12.78407	53.1879
	12.7834	53.1879
	12.78287	53.18785
	12.78243	53.18753
	12.78191	53.18735
	12.78124	53.18735
	12.77997	53.18753
	12.77996	53.18784
	12.77958	53.18815
	12.77921	53.18837
	12.7786	53.18859
	12.77778	53.18877
	12.77756	53.18877
	12.77711	53.18872
	12.77651	53.18858
	12.77591	53.18889
	12.77553	53.18893
	12.77266	53.18832
	12.77256	53.18829
	12.7695	53.18814
	12.76875	53.18814
	12.76665	53.18871
	12.76575	53.18884
	12.76478	53.18888
	12.76425	53.18897
	12.7635	53.18937
	12.76267	53.19008
	12.7622	53.19102
	12.76204	53.19142
	12.76128	53.19209
	12.76067	53.19285
	12.76022	53.19347
	12.7596	53.19446
	12.75884	53.19512
	12.75779	53.19548
	12.75673	53.19578
	12.75576	53.19601
	12.75456	53.19618
	12.75314	53.19608
	12.75232	53.19612
	12.75112	53.19625
	12.74992	53.19647
	12.74887	53.19687
	12.74518	53.1978
	12.7393	53.1993
	12.73962	53.19981
	12.74166	53.2015
	12.74834	53.20551
	12.74908	53.20588
	12.74952	53.20605
	12.75003	53.20686
	12.75054	53.2074
	12.75098	53.20803
	12.75142	53.2088
	12.75208	53.20966
	12.75229	53.21029
	12.7531	53.21114
	12.75331	53.21182
	12.75389	53.2128
	12.75439	53.21389
	12.75533	53.21573
	12.75649	53.21785
	12.75692	53.21911
	12.75727	53.22001
	12.75814	53.2219
	12.75821	53.2223
	12.75819	53.22306
	12.75803	53.22374
	12.75773	53.22409
	12.75727	53.22436
	12.7566	53.22449
	12.75202	53.22501
	12.74947	53.22563
	12.74787	53.22573
	12.74682	53.22573
	12.74588	53.22415
	12.74521	53.22379
	12.74357	53.22341
	12.74223	53.22318
	12.74103	53.22313
	12.73999	53.22312
	12.73618	53.2226
	12.73514	53.2225
	12.73237	53.22235
	12.73082	53.2223
	12.73068	53.22221
	12.73028	53.22224
	12.72892	53.2225
	12.72814	53.22255
	12.72573	53.2222
	12.72289	53.22183
	12.72149	53.22188
	12.72122	53.22218
	12.72084	53.22281
	12.71993	53.22325
	12.71888	53.22369
	12.71759	53.22413
	12.71616	53.22444
	12.71173	53.22522
	12.70445	53.2262
	12.69882	53.2267
	12.69612	53.22704
	12.69537	53.22703
	12.69418	53.2268
	12.69298	53.22661
	12.69111	53.22655
	12.68901	53.22685
	12.68795	53.22734
	12.68712	53.22747
	12.68607	53.2276
	12.68488	53.22741
	12.68391	53.22709
	12.68324	53.22691
	12.68234	53.22685
	12.68143	53.22725
	12.6809	53.2277
	12.67999	53.22823
	12.67901	53.22854
	12.6784	53.22862
	12.67601	53.22861
	12.67563	53.2287
	12.67495	53.22905
	12.67419	53.22936
	12.67314	53.22953
	12.67156	53.22952
	12.67066	53.22969
	12.66998	53.23005
	12.66846	53.23067
	12.66597	53.23182
	12.66491	53.23222
	12.66475	53.2324
	12.66482	53.2328
	12.66474	53.23312
	12.66389	53.23428
	12.66388	53.23451
	12.66418	53.23473
	12.66455	53.23483
	12.66499	53.23515
	12.66537	53.23519
	12.66589	53.23547
	12.66633	53.23565
	12.66648	53.23583
	12.66655	53.2361
	12.667	53.23615
	12.66774	53.23651
	12.66804	53.23661
	12.66819	53.23647
	12.66886	53.23661
	12.66953	53.23693
	12.6699	53.23721
	12.67011	53.23779
	12.66996	53.23793
	12.66958	53.23801
	12.66928	53.23806
	12.66852	53.23837
	12.66657	53.23849
	12.66574	53.23866
	12.66536	53.23898
	12.66535	53.23943
	12.66571	53.24019
	12.66606	53.24123
	12.6665	53.24173
	12.66746	53.24237
	12.66783	53.24287
	12.66798	53.243
	12.66835	53.24314
	12.66872	53.24319
	12.6691	53.24306
	12.66963	53.24292
	12.67008	53.24289
	12.67045	53.24302
	12.67067	53.24329
	12.67089	53.2437
	12.67118	53.24406
	12.67191	53.24474
	12.67205	53.24528
	12.67205	53.24556
	12.67249	53.24592
	12.67301	53.24615
	12.67383	53.24624
	12.6751	53.24661
	12.67524	53.24688
	12.67517	53.24778
	12.67491	53.24864
	12.67453	53.24886
	12.67378	53.24908
	12.67329	53.2494
	12.67257	53.24925
	12.67145	53.24897
	12.67085	53.24865
	12.67041	53.24834
	12.66974	53.24806
	12.66832	53.2481
	12.66779	53.24818
	12.66748	53.24841
	12.66725	53.24868
	12.66717	53.24899
	12.66701	53.24935
	12.66651	53.24995
	12.66657	53.25035
	12.66627	53.25057
	12.66611	53.25088
	12.66603	53.25124
	12.66601	53.25183
	12.66593	53.25214
	12.66554	53.25267
	12.66554	53.25294
	12.66598	53.25317
	12.66508	53.25348
	12.66425	53.25365
	12.66252	53.25391
	12.66018	53.25465
	12.6589	53.25473
	12.65672	53.25494
	12.65521	53.25524
	12.65424	53.25519
	12.6526	53.25491
	12.65065	53.25489
	12.64892	53.25497
	12.64667	53.25496
	12.64137	53.25402
	12.63762	53.25394
	12.63154	53.25426
	12.62981	53.25451
	12.62793	53.25472
	12.62817	53.25401
	12.62789	53.25333
	12.62596	53.25219
	12.6247	53.25178
	12.62267	53.25156
	12.62148	53.25115
	12.62006	53.25123
	12.6187	53.25144
	12.61727	53.25174
	12.61596	53.25003
	12.61537	53.24939
	12.61552	53.24926
	12.61553	53.24917
	12.61575	53.24904
	12.61531	53.24863
	12.61412	53.24799
	12.61255	53.24784
	12.61098	53.24788
	12.61046	53.24752
	12.60989	53.24607
	12.60929	53.24603
	12.60861	53.24584
	12.6075	53.24547
	12.60653	53.24502
	12.60587	53.24438
	12.60565	53.24434
	12.60534	53.24447
	12.60294	53.24472
	12.60151	53.24498
	12.6012	53.24534
	12.60081	53.2462
	12.59974	53.24745
	12.59808	53.24838
	12.59763	53.24842
	12.5971	53.24842
	12.5968	53.24837
	12.59425	53.24885
	12.59184	53.24965
	12.58643	53.25105
	12.58281	53.25205
	12.57183	53.25406
	12.56602	53.2559
	12.56104	53.2577
	12.55901	53.25817
	12.55772	53.25861
	12.55145	53.26098
	12.54971	53.26182
	12.54858	53.26213
	12.54745	53.26225
	12.54558	53.26228
	12.54325	53.26266
	12.54046	53.26336
	12.53746	53.26352
	12.53588	53.26373
	12.53288	53.26406
	12.52979	53.26462
	12.51835	53.26363
	12.50109	53.26174
	12.50111	53.25775
	12.50142	53.25713
	12.50095	53.25701
	12.5006	53.25694
	12.5	53.25647
	12.49877	53.25544
	12.49748	53.25534
	12.49628	53.25528
	12.49501	53.25519
	12.4935	53.25522
	12.4926	53.2554
	12.49079	53.25593
	12.48967	53.25605
	12.48824	53.256
	12.48705	53.25581
	12.48645	53.25563
	12.48563	53.25531
	12.4854	53.25549
	12.48328	53.25552
	12.48262	53.25552
	12.48105	53.2556
	12.47804	53.25581
	12.47678	53.25591
	12.47602	53.25598
	12.47579	53.25624
	12.47263	53.25645
	12.47061	53.25648
	12.46918	53.25639
	12.46776	53.25624
	12.46685	53.25625
	12.46594	53.25623
	12.46521	53.25618
	12.46439	53.256
	12.46327	53.25563
	12.46237	53.25549
	12.4614	53.25526
	12.46035	53.25486
	12.45953	53.25445
	12.45812	53.2539
	12.45669	53.25362
	12.4558	53.25353
	12.4549	53.25334
	12.45438	53.25312
	12.45028	53.25085
	12.44998	53.25076
	12.44864	53.25058
	12.44756	53.2503
	12.44686	53.25029
	12.44535	53.24965
	12.44497	53.25015
	12.44495	53.25127
	12.44487	53.2515
	12.44449	53.25172
	12.44358	53.25216
	12.44148	53.25246
	12.4411	53.25259
	12.44057	53.25295
	12.44049	53.25326
	12.44047	53.25456
	12.44016	53.25528
	12.43993	53.25568
	12.43933	53.25594
	12.43759	53.25647
	12.43578	53.25709
	12.43525	53.25749
	12.43439	53.25942
	12.43445	53.26085
	12.43421	53.2613
	12.43179	53.26286
	12.43244	53.26393
	12.43244	53.26439
	12.43151	53.26599
	12.43162	53.26886
	12.43138	53.26994
	12.43137	53.27043
	12.43129	53.27084
	12.42922	53.27343
	12.42861	53.27401
	12.42793	53.27445
	12.42725	53.27472
	12.42536	53.27498
	12.42484	53.27506
	12.41859	53.27619
	12.41716	53.27654
	12.41308	53.27827
	12.4115	53.27857
	12.41052	53.27879
	12.40983	53.27914
	12.40947	53.27924
	12.40878	53.27941
	12.4078	53.27936
	12.4054	53.27908
	12.40346	53.27875
	12.40241	53.27866
	12.4009	53.27882
	12.4	53.279
	12.39985	53.27907
	12.39962	53.27922
	12.39924	53.27971
	12.3984	53.28043
	12.39733	53.28141
	12.39467	53.28355
	12.39383	53.28417
	12.39345	53.28461
	12.39307	53.2847
	12.39204	53.28489
	12.39177	53.28546
	12.3917	53.28577
	12.3917	53.28618
	12.39191	53.28672
	12.3928	53.28775
	12.39346	53.28861
	12.39435	53.28961
	12.39515	53.29114
	12.39551	53.29199
	12.39602	53.29258
	12.39713	53.29371
	12.39773	53.2942
	12.39787	53.29461
	12.39631	53.29837
	12.39568	53.29998
	12.3953	53.30057
	12.39423	53.30141
	12.39324	53.30204
	12.39256	53.30234
	12.39181	53.30243
	12.38941	53.30233
	12.3867	53.30218
	12.38528	53.30222
	12.38151	53.30251
	12.38061	53.30273
	12.37947	53.30322
	12.37789	53.30379
	12.37713	53.3042
	12.37462	53.3058
	12.37394	53.30592
	12.37241	53.30615
	12.37143	53.3061
	12.36865	53.3064
	12.36595	53.30629
	12.36497	53.30637
	12.3615	53.30734
	12.36044	53.30787
	12.35946	53.30818
	12.35825	53.30875
	12.35681	53.3096
	12.35567	53.3104
	12.35438	53.31124
	12.35355	53.31196
	12.35226	53.31276
	12.35135	53.31302
	12.34977	53.31324
	12.34796	53.31368
	12.34335	53.31562
	12.34207	53.31597
	12.33853	53.31658
	12.33378	53.31754
	12.33198	53.31784
	12.33146	53.3179
	12.33136	53.31793
	12.33096	53.3182
	12.33073	53.31833
	12.33036	53.31858
	12.33026	53.31863
	12.32984	53.31889
	12.32974	53.31897
	12.32907	53.31941
	12.32863	53.31969
	12.32837	53.31984
	12.3276	53.32034
	12.32708	53.32055
	12.32673	53.32071
	12.32539	53.32128
	12.32526	53.32131
	12.32421	53.32141
	12.32343	53.32147
	12.32313	53.32151
	12.3227	53.32155
	12.32191	53.32161
	12.32181	53.32163
	12.32	53.3218
	12.31938	53.3219
	12.31472	53.32277
	12.31274	53.32303
	12.31076	53.32318
	12.31065	53.32321
	12.3106	53.32328
	12.3105	53.32627
	12.31045	53.32716
	12.31036	53.32723
	12.31028	53.32724
	12.30932	53.32727
	12.30607	53.32743
	12.3015	53.32764
	12.29907	53.32774
	12.29261	53.32805
	12.29249	53.32811
	12.2916	53.32898
	12.29104	53.32888
	12.28913	53.32861
	12.28833	53.32851
	12.28661	53.32826
	12.28645	53.32825
	12.286	53.32817
	12.28458	53.32797
	12.2845	53.32799
	12.28429	53.32797
	12.27936	53.32743
	12.2791	53.32721
	12.27827	53.32666
	12.27753	53.32613
	12.27732	53.326
	12.27702	53.32584
	12.27662	53.32566
	12.27503	53.32531
	12.27464	53.32521
	12.27412	53.32503
	12.27325	53.32468
	12.27244	53.3243
	12.27217	53.32421
	12.27141	53.32407
	12.2704	53.32437
	12.26993	53.32452
	12.26875	53.32487
	12.26869	53.32488
	12.26842	53.32476
	12.26819	53.32469
	12.26746	53.3246
	12.26708	53.32458
	12.26642	53.3246
	12.26586	53.32465
	12.26468	53.32486
	12.26464	53.32486
	12.26459	53.32483
	12.26408	53.32431
	12.26395	53.32422
	12.26375	53.32417
	12.26327	53.32412
	12.26179	53.32403
	12.26032	53.32386
	12.26004	53.3239
	12.25719	53.32494
	12.25708	53.32499
	12.257	53.32517
	12.25696	53.32534
	12.25699	53.32552
	12.25727	53.32612
	12.25761	53.32662
	12.25779	53.32683
	12.2583	53.32733
	12.25913	53.32804
	12.25744	53.32901
	12.25606	53.32987
	12.25508	53.3305
	12.25422	53.33079
	12.25317	53.3311
	12.25145	53.33157
	12.2463	53.33277
	12.24551	53.33293
	12.24534	53.33302
	12.24518	53.33366
	12.24499	53.33409
	12.24459	53.33485
	12.24429	53.33519
	12.24394	53.3355
	12.24369	53.3358
	12.2432	53.33673
	12.24275	53.33741
	12.24235	53.3377
	12.24221	53.33782
	12.24201	53.3381
	12.24175	53.33843
	12.24169	53.33848
	12.24123	53.33872
	12.24063	53.33907
	12.23986	53.33942
	12.23948	53.33965
	12.23853	53.34033
	12.23732	53.34096
	12.2371	53.34109
	12.23646	53.34159
	12.23631	53.34172
	12.23618	53.34191
	12.23611	53.34207
	12.23598	53.34251
	12.23591	53.34263
	12.23563	53.343
	12.23538	53.34323
	12.23519	53.34346
	12.23502	53.34389
	12.23482	53.34434
	12.23475	53.34464
	12.23477	53.34515
	12.23447	53.34598
	12.23431	53.34633
	12.23431	53.34678
	12.23411	53.34733
	12.23385	53.34761
	12.23378	53.34784
	12.23367	53.3481
	12.23369	53.34841
	12.23347	53.34917
	12.23332	53.34954
	12.23308	53.34994
	12.23295	53.3501
	12.23268	53.3503
	12.23244	53.35053
	12.2323	53.35064
	12.23192	53.35089
	12.23168	53.35128
	12.23156	53.35144
	12.23136	53.35167
	12.23129	53.35179
	12.2312	53.3519
	12.23081	53.35226
	12.23052	53.35259
	12.23046	53.35275
	12.23037	53.35292
	12.23031	53.35309
	12.23029	53.35339
	12.23022	53.35355
	12.23033	53.35374
	12.23039	53.35389
	12.23039	53.35396
	12.23033	53.35412
	12.23014	53.35434
	12.23007	53.35446
	12.22971	53.35496
	12.22977	53.35525
	12.22977	53.35544
	12.22976	53.35569
	12.22967	53.35624
	12.22967	53.35637
	12.22968	53.35677
	12.2298	53.35726
	12.22984	53.35784
	12.22981	53.35804
	12.22978	53.35813
	12.22901	53.35806
	12.22779	53.35797
	12.22761	53.35797
	12.22251	53.35764
	12.22153	53.35714
	12.22128	53.35703
	12.22088	53.35677
	12.22015	53.35639
	12.21948	53.356
	12.21887	53.35567
	12.21811	53.3551
	12.2174	53.35482
	12.21687	53.35454
	12.21665	53.35446
	12.2163	53.35431
	12.21613	53.35422
	12.21573	53.35404
	12.21549	53.35391
	12.21487	53.35369
	12.21391	53.35344
	12.21371	53.35341
	12.21364	53.35341
	12.21259	53.3533
	12.21208	53.35322
	12.21209	53.35297
	12.21141	53.35302
	12.21119	53.35305
	12.20934	53.35314
	12.20829	53.35324
	12.20752	53.35336
	12.20694	53.35337
	12.2062	53.35336
	12.20602	53.35338
	12.2053	53.35334
	12.20427	53.35326
	12.20377	53.35325
	12.20235	53.35341
	12.20099	53.35349
	12.20058	53.35344
	12.19983	53.35339
	12.19881	53.3533
	12.19806	53.35265
	12.198	53.35267
	12.19601	53.35304
	12.19558	53.35313
	12.19554	53.35313
	12.19322	53.35356
	12.19289	53.35363
	12.19161	53.35383
	12.19081	53.35377
	12.19011	53.35331
	12.18927	53.35335
	12.18915	53.3529
	12.18869	53.35271
	12.18838	53.35255
	12.18794	53.35229
	12.18717	53.35162
	12.18689	53.3511
	12.1867	53.35078
	12.18639	53.35034
	12.18595	53.34977
	12.18591	53.34968
	12.18568	53.34929
	12.18546	53.34888
	12.18565	53.34848
	12.18462	53.34698
	12.18616	53.34666
	12.18757	53.34638
	12.18739	53.34589
	12.18736	53.34585
	12.18722	53.34542
	12.18702	53.34467
	12.18675	53.34346
	12.18553	53.34319
	12.18482	53.34302
	12.1837	53.34278
	12.18332	53.34268
	12.18281	53.34253
	12.18221	53.3424
	12.18149	53.34221
	12.18078	53.34206
	12.18038	53.34196
	12.18018	53.3419
	12.17949	53.34177
	12.17922	53.34171
	12.17886	53.34159
	12.17756	53.34127
	12.17432	53.3405
	12.17062	53.33964
	12.16965	53.33939
	12.1687	53.33916
	12.16397	53.34334
	12.1633	53.34391
	12.16162	53.34538
	12.16131	53.34567
	12.15938	53.34738
	12.15859	53.34804
	12.15683	53.3496
	12.15681	53.34965
	12.15665	53.35076
	12.15661	53.35111
	12.15662	53.35114
	12.15641	53.35232
	12.15633	53.35303
	12.15616	53.3539
	12.15585	53.35587
	12.15469	53.35748
	12.15415	53.35826
	12.15391	53.35857
	12.15179	53.36146
	12.14867	53.36075
	12.14644	53.36023
	12.14442	53.35961
	12.14408	53.35955
	12.14128	53.35914
	12.14106	53.35934
	12.141	53.35948
	12.14106	53.35965
	12.14124	53.35981
	12.14126	53.3599
	12.14119	53.36004
	12.14107	53.36014
	12.14078	53.36031
	12.14065	53.36044
	12.14043	53.36073
	12.14045	53.36083
	12.1403	53.361
	12.1402	53.36109
	12.13996	53.36115
	12.13988	53.36121
	12.13986	53.36128
	12.13971	53.36139
	12.13964	53.3614
	12.13953	53.35988
	12.13933	53.35647
	12.13927	53.35451
	12.13922	53.3538
	12.13887	53.35378
	12.13673	53.35251
	12.13496	53.3515
	12.13491	53.35146
	12.13472	53.34861
	12.13246	53.34875
	12.13211	53.34878
	12.13173	53.34878
	12.13138	53.34881
	12.1307	53.34885
	12.12968	53.34889
	12.12935	53.34892
	12.12877	53.34895
	12.12821	53.34901
	12.12791	53.34901
	12.12759	53.34904
	12.12729	53.34904
	12.12639	53.3491
	12.1258	53.34909
	12.12552	53.34913
	12.12496	53.34916
	12.12468	53.34917
	12.12461	53.34916
	12.12414	53.34918
	12.1237	53.34922
	12.12323	53.34924
	12.12282	53.34924
	12.11389	53.34969
	12.11264	53.34974
	12.10843	53.34997
	12.10841	53.3497
	12.10844	53.3493
	12.1087	53.34744
	12.1088	53.34632
	12.10906	53.34397
	12.10898	53.34397
	12.10898	53.34393
	12.10717	53.34405
	12.1068	53.3441
	12.10684	53.34353
	12.1063	53.34362
	12.10633	53.34363
	12.10562	53.34373
	12.10523	53.3438
	12.10438	53.34389
	12.1036	53.34401
	12.10252	53.34414
	12.10165	53.34426
	12.10135	53.34431
	12.10048	53.34442
	12.10017	53.34445
	12.09782	53.34453
	12.09697	53.34457
	12.09572	53.34468
	12.09423	53.34473
	12.09344	53.34482
	12.09187	53.34497
	12.09149	53.34516
	12.09125	53.34525
	12.0907	53.34548
	12.08984	53.34555
	12.08831	53.34575
	12.0866	53.34599
	12.08451	53.34616
	12.08208	53.34618
	12.08192	53.34619
	12.08123	53.34925
	12.08076	53.35113
	12.08019	53.35251
	12.0799	53.35578
	12.07953	53.35794
	12.07919	53.36008
	12.07925	53.36019
	12.07934	53.36028
	12.07963	53.36047
	12.07987	53.36083
	12.07994	53.36096
	12.07928	53.36428
	12.07945	53.36574
	12.07967	53.36686
	12.07845	53.36693
	12.07821	53.36771
	12.0776	53.36905
	12.07764	53.36906
	12.07763	53.36911
	12.07759	53.36915
	12.07753	53.36927
	12.07627	53.3691
	12.07585	53.36907
	12.07503	53.36908
	12.0746	53.3691
	12.0738	53.36908
	12.07314	53.36905
	12.07261	53.36905
	12.07187	53.36913
	12.0713	53.36915
	12.06993	53.36931
	12.06954	53.36937
	12.06882	53.36946
	12.0687	53.36952
	12.06823	53.36957
	12.068	53.36961
	12.06789	53.36968
	12.06776	53.36971
	12.06727	53.36973
	12.06712	53.36972
	12.06702	53.36968
	12.06684	53.36969
	12.06669	53.36965
	12.06647	53.36966
	12.06595	53.36977
	12.06577	53.36976
	12.06563	53.36979
	12.06546	53.3698
	12.06502	53.37002
	12.06478	53.37005
	12.06455	53.37002
	12.06448	53.37007
	12.0643	53.37012
	12.06413	53.37013
	12.06387	53.37027
	12.06355	53.37033
	12.06345	53.37036
	12.06301	53.37065
	12.06278	53.37076
	12.06231	53.37092
	12.06217	53.371
	12.06179	53.37126
	12.06158	53.37114
	12.0615	53.37114
	12.06031	53.3707
	12.05962	53.37048
	12.05951	53.37046
	12.05942	53.3705
	12.05925	53.37054
	12.05899	53.37055
	12.05891	53.37054
	12.05886	53.37038
	12.05878	53.37027
	12.0576	53.37023
	12.05704	53.37016
	12.05131	53.37034
	12.04918	53.37048
	12.04748	53.37058
	12.04503	53.37076
	12.04531	53.37053
	12.04685	53.36954
	12.04779	53.36895
	12.04939	53.36775
	12.05103	53.36671
	12.04788	53.36477
	12.04766	53.3638
	12.04754	53.36307
	12.04739	53.36244
	12.04713	53.36164
	12.04694	53.36082
	12.04843	53.3606
	12.05109	53.36019
	12.05282	53.35707
	12.05452	53.35625
	12.05526	53.35487
	12.05564	53.35404
	12.05651	53.35281
	12.05252	53.35193
	12.05445	53.34998
	12.05575	53.34915
	12.04989	53.34756
	12.04921	53.34801
	12.04872	53.34787
	12.04578	53.34717
	12.04639	53.34662
	12.04614	53.34656
	12.04005	53.34526
	12.04025	53.34501
	12.04045	53.34472
	12.04057	53.34457
	12.03807	53.34394
	12.03565	53.34261
	12.03519	53.34245
	12.03462	53.34219
	12.0332	53.34163
	12.03333	53.34153
	12.03285	53.34133
	12.0324	53.3411
	12.03081	53.34036
	12.03039	53.34021
	12.02987	53.33998
	12.02864	53.33955
	12.02687	53.33905
	12.0258	53.33872
	12.02361	53.33811
	12.02314	53.33796
	12.02283	53.33788
	12.02276	53.33787
	12.02291	53.33764
	12.02333	53.33659
	12.02284	53.33643
	12.02212	53.33629
	12.02183	53.33625
	12.02125	53.33607
	12.02098	53.33595
	12.02052	53.33579
	12.02008	53.33562
	12.01952	53.33558
	12.01896	53.33538
	12.01843	53.33515
	12.01776	53.33499
	12.01754	53.33497
	12.01709	53.33496
	12.01648	53.33486
	12.01612	53.33482
	12.01496	53.33446
	12.01437	53.33433
	12.01403	53.33423
	12.01449	53.33418
	12.0148	53.33396
	12.01532	53.33353
	12.01567	53.33315
	12.01615	53.33279
	12.01617	53.33279
	12.0176	53.3299
	12.01961	53.32596
	12.02024	53.32469
	12.02102	53.3232
	12.02155	53.32228
	12.02163	53.32195
	12.02171	53.32183
	12.02214	53.3214
	12.02229	53.32121
	12.02224	53.32112
	12.02098	53.31954
	12.02081	53.31931
	12.02068	53.31916
	12.0205	53.319
	12.02038	53.31885
	12.02031	53.31873
	12.02018	53.31842
	12.02012	53.31803
	12.02009	53.31795
	12.01946	53.31685
	12.0193	53.31663
	12.01918	53.31641
	12.01896	53.31575
	12.01892	53.3154
	12.01893	53.31527
	12.01894	53.31523
	12.01903	53.31508
	12.01902	53.31473
	12.01903	53.31468
	12.0191	53.31457
	12.01916	53.31435
	12.02084	53.31067
	12.02131	53.30953
	12.02336	53.30507
	12.02369	53.30437
	12.02371	53.30436
	12.01862	53.29942
	12.01603	53.2996
	12.01235	53.2998
	12.0086	53.30002
	12.00679	53.30009
	12.00675	53.3001
	12.00654	53.30011
	12.0048	53.29994
	12.00477	53.29993
	12.00466	53.29993
	12.00372	53.29979
	12.0025	53.29955
	12.00212	53.29933
	12.00185	53.29904
	12.00171	53.29885
	12.00144	53.29855
	12.00131	53.29844
	12.00102	53.29823
	12.0003	53.29762
	11.99985	53.29704
	11.99964	53.29683
	11.99962	53.29671
	11.99941	53.29653
	11.9994	53.29647
	11.9989	53.29603
	11.99867	53.29571
	11.99834	53.29529
	11.9977	53.29438
	11.99742	53.29396
	11.99733	53.29379
	11.99734	53.29372
	11.99432	53.29435
	11.98985	53.2953
	11.98884	53.29564
	11.98819	53.29589
	11.98692	53.29634
	11.98611	53.29666
	11.98587	53.29686
	11.9857	53.29698
	11.98534	53.2972
	11.98496	53.29741
	11.98423	53.29784
	11.98345	53.29826
	11.98324	53.29818
	11.98277	53.29843
	11.98244	53.29858
	11.98047	53.29739
	11.97776	53.29766
	11.97524	53.29789
	11.97366	53.29753
	11.97357	53.29731
	11.97376	53.29719
	11.97359	53.29702
	11.97354	53.29701
	11.97346	53.29703
	11.97343	53.29692
	11.97338	53.2969
	11.97337	53.29679
	11.97339	53.29667
	11.97347	53.29663
	11.97358	53.29652
	11.97373	53.29647
	11.97377	53.29641
	11.97384	53.29638
	11.97357	53.29624
	11.97343	53.29618
	11.9731	53.2961
	11.97294	53.29597
	11.97288	53.29584
	11.97292	53.29567
	11.97296	53.29558
	11.97283	53.29552
	11.97302	53.29528
	11.97257	53.29477
	11.9726	53.29463
	11.97255	53.29456
	11.97254	53.29449
	11.97256	53.29421
	11.97251	53.29399
	11.97226	53.29363
	11.97211	53.29319
	11.97188	53.2926
	11.97166	53.29214
	11.97142	53.29184
	11.97115	53.29169
	11.9708	53.29138
	11.97067	53.29117
	11.9704	53.29093
	11.9702	53.29078
	11.97002	53.2906
	11.96998	53.29052
	11.96955	53.29008
	11.96919	53.28978
	11.9689	53.28963
	11.96872	53.28947
	11.96868	53.28933
	11.96867	53.28914
	11.9686	53.289
	11.96764	53.28792
	11.9675	53.28774
	11.96727	53.28762
	11.96723	53.28723
	11.96705	53.28693
	11.96665	53.28669
	11.96652	53.28659
	11.96626	53.28642
	11.96612	53.28627
	11.96603	53.28608
	11.96591	53.28567
	11.96575	53.28543
	11.96559	53.28523
	11.96543	53.28517
	11.96497	53.28503
	11.96475	53.28498
	11.96461	53.28496
	11.96432	53.28486
	11.96387	53.28478
	11.96346	53.28455
	11.96314	53.28443
	11.96248	53.28421
	11.96217	53.28406
	11.96179	53.28381
	11.96149	53.28368
	11.96126	53.2835
	11.96117	53.28345
	11.96088	53.28337
	11.96081	53.28328
	11.96048	53.28312
	11.96048	53.28301
	11.96059	53.28297
	11.96071	53.28289
	11.96087	53.28282
	11.96083	53.28277
	11.9607	53.28272
	11.96054	53.28257
	11.96045	53.28255
	11.9604	53.28242
	11.96038	53.28226
	11.96034	53.28213
	11.96027	53.28205
	11.96025	53.28195
	11.96026	53.28189
	11.96035	53.28179
	11.96034	53.28163
	11.96039	53.28157
	11.96038	53.28152
	11.96047	53.28141
	11.96044	53.28134
	11.96044	53.2813
	11.96051	53.28118
	11.96048	53.28111
	11.96041	53.28103
	11.96015	53.28084
	11.96007	53.28086
	11.95996	53.28084
	11.95988	53.28081
	11.95976	53.28084
	11.95972	53.28083
	11.95968	53.2808
	11.9596	53.28079
	11.95958	53.28076
	11.95969	53.28068
	11.95967	53.28065
	11.95959	53.28061
	11.95939	53.28063
	11.95934	53.28061
	11.95934	53.28059
	11.95925	53.28054
	11.95918	53.28053
	11.95913	53.28048
	11.95906	53.28044
	11.95896	53.28042
	11.95892	53.28039
	11.95894	53.28032
	11.95888	53.28024
	11.95874	53.2802
	11.9587	53.28017
	11.95854	53.28011
	11.95832	53.28012
	11.95823	53.28014
	11.95803	53.28005
	11.95799	53.27987
	11.95804	53.27982
	11.95804	53.27979
	11.95796	53.27972
	11.95772	53.27958
	11.95761	53.27956
	11.95751	53.27949
	11.95751	53.27946
	11.95755	53.27942
	11.95747	53.27932
	11.95739	53.27929
	11.95736	53.27923
	11.9574	53.2792
	11.95739	53.27916
	11.95741	53.27911
	11.95729	53.27901
	11.95723	53.27898
	11.95708	53.27895
	11.95705	53.27892
	11.95698	53.27893
	11.95671	53.27904
	11.95665	53.27904
	11.95653	53.27895
	11.95647	53.27893
	11.9563	53.27892
	11.95617	53.27888
	11.95598	53.2789
	11.95586	53.27893
	11.95552	53.27887
	11.95528	53.27877
	11.95523	53.27873
	11.95521	53.27865
	11.95511	53.27861
	11.95508	53.27858
	11.95518	53.27839
	11.95516	53.27834
	11.95512	53.2783
	11.95506	53.27828
	11.95496	53.27819
	11.95504	53.27814
	11.95515	53.27814
	11.95527	53.27812
	11.95538	53.27806
	11.95547	53.27797
	11.95533	53.27775
	11.95532	53.27771
	11.95539	53.27766
	11.95526	53.27744
	11.95522	53.27728
	11.95527	53.27724
	11.9553	53.27705
	11.95537	53.277
	11.95536	53.27692
	11.95548	53.27689
	11.95554	53.27685
	11.95558	53.27679
	11.95567	53.27675
	11.95571	53.27667
	11.95578	53.27663
	11.95592	53.27664
	11.95602	53.27661
	11.95613	53.27655
	11.95634	53.2765
	11.95636	53.27647
	11.95636	53.27641
	11.95633	53.27638
	11.95627	53.27636
	11.95629	53.27615
	11.95636	53.27596
	11.95636	53.27591
	11.95616	53.27585
	11.95596	53.27577
	11.95583	53.27574
	11.9558	53.27567
	11.95574	53.27563
	11.95562	53.2756
	11.95562	53.27553
	11.95559	53.27549
	11.9556	53.27544
	11.95543	53.27534
	11.95539	53.27527
	11.95525	53.27522
	11.95499	53.27518
	11.95496	53.27515
	11.95495	53.2751
	11.95501	53.27507
	11.95513	53.27504
	11.95524	53.27503
	11.95525	53.27498
	11.95518	53.27495
	11.95514	53.27492
	11.955	53.27488
	11.95508	53.27468
	11.955	53.2746
	11.95479	53.27464
	11.95473	53.27463
	11.95468	53.27457
	11.95469	53.27449
	11.95479	53.27444
	11.9548	53.27435
	11.95473	53.27427
	11.95459	53.27426
	11.95455	53.27429
	11.95447	53.27431
	11.95437	53.27428
	11.95433	53.27423
	11.95433	53.27417
	11.95442	53.27404
	11.9543	53.27395
	11.95435	53.27378
	11.9543	53.27371
	11.9542	53.27369
	11.95416	53.27363
	11.95394	53.27365
	11.95382	53.27363
	11.95373	53.27357
	11.9537	53.27345
	11.95361	53.27341
	11.95348	53.27338
	11.9534	53.27346
	11.9533	53.27348
	11.95317	53.27343
	11.95308	53.27347
	11.95293	53.2735
	11.9527	53.27357
	11.95267	53.27361
	11.95254	53.27366
	11.95246	53.27362
	11.95234	53.27361
	11.95217	53.27358
	11.95201	53.27352
	11.95202	53.2735
	11.95208	53.27347
	11.9521	53.27341
	11.95204	53.2733
	11.952	53.27329
	11.95172	53.27332
	11.95141	53.27331
	11.95131	53.27328
	11.95104	53.2733
	11.95092	53.27326
	11.95083	53.27315
	11.95075	53.27313
	11.95068	53.27305
	11.95062	53.27302
	11.95046	53.27306
	11.95041	53.27304
	11.95042	53.27299
	11.95048	53.27293
	11.95045	53.27287
	11.95032	53.27284
	11.95012	53.27281
	11.95	53.27268
	11.94996	53.2726
	11.94991	53.27257
	11.94961	53.27251
	11.94952	53.27252
	11.9495	53.27249
	11.94957	53.27237
	11.94945	53.27231
	11.94912	53.27223
	11.94907	53.27221
	11.94901	53.27215
	11.94892	53.27216
	11.94877	53.27203
	11.94866	53.27201
	11.94853	53.27197
	11.9484	53.27191
	11.94834	53.27186
	11.9482	53.27155
	11.94822	53.27146
	11.94818	53.27142
	11.94808	53.27142
	11.948	53.27146
	11.94765	53.2715
	11.9475	53.27162
	11.94739	53.27166
	11.94731	53.27171
	11.94703	53.27172
	11.94679	53.27171
	11.94677	53.27179
	11.94688	53.27195
	11.94675	53.27211
	11.94673	53.2722
	11.94673	53.27235
	11.9468	53.27239
	11.94691	53.27238
	11.94703	53.27241
	11.94707	53.27256
	11.94717	53.27261
	11.94717	53.27267
	11.94711	53.2727
	11.94699	53.2727
	11.94692	53.27272
	11.94685	53.2728
	11.94669	53.27283
	11.94658	53.27281
	11.94654	53.27293
	11.94659	53.27296
	11.94659	53.27298
	11.94655	53.27299
	11.94647	53.27299
	11.94616	53.27319
	11.94609	53.27325
	11.94604	53.27343
	11.94594	53.27349
	11.9458	53.27353
	11.9457	53.2736
	11.94572	53.27363
	11.94567	53.27378
	11.94567	53.27385
	11.94561	53.2739
	11.94559	53.27397
	11.94551	53.27399
	11.94538	53.27416
	11.94526	53.27424
	11.94513	53.27425
	11.94502	53.27434
	11.94464	53.27435
	11.94184	53.27437
	11.93997	53.2744
	11.93883	53.27444
	11.93587	53.27429
	11.93503	53.27439
	11.93257	53.27432
	11.93191	53.27423
	11.93074	53.27409
	11.93043	53.27407
	11.92987	53.2741
	11.92277	53.27352
	11.9206	53.27382
	11.92031	53.27387
	11.92014	53.27387
	11.91994	53.27384
	11.91968	53.27378
	11.91915	53.27358
	11.91876	53.27345
	11.9182	53.27349
	11.91819	53.2735
	11.91822	53.27357
	11.91822	53.27363
	11.91818	53.27368
	11.9181	53.27372
	11.91795	53.27383
	11.9178	53.27391
	11.91756	53.27398
	11.91729	53.27411
	11.91706	53.27429
	11.91701	53.27442
	11.91696	53.27444
	11.91685	53.27433
	11.91656	53.27399
	11.91456	53.27394
	11.91336	53.27405
	11.91055	53.27427
	11.9098	53.27442
	11.90928	53.27449
	11.90828	53.27471
	11.90659	53.27502
	11.9003	53.27743
	11.89955	53.2778
	11.89777	53.27856
	11.89679	53.27866
	11.89676	53.27867
	11.89547	53.27878
	11.89257	53.27896
	11.89247	53.27444
	11.89251	53.27279
	11.89204	53.2721
	11.89169	53.27168
	11.89139	53.27141
	11.89129	53.27135
	11.89084	53.27063
	11.89044	53.27036
	11.88982	53.26961
	11.88975	53.26952
	11.88948	53.26899
	11.88922	53.26887
	11.88839	53.26853
	11.88734	53.26828
	11.88709	53.26795
	11.88668	53.26783
	11.8866	53.2675
	11.88662	53.2675
	11.88659	53.26734
	11.88662	53.26724
	11.88661	53.26718
	11.88636	53.26702
	11.88621	53.26695
	11.88617	53.26681
	11.88603	53.26671
	11.88602	53.26659
	11.88595	53.26637
	11.88568	53.26562
	11.88545	53.26535
	11.88534	53.26526
	11.885	53.26512
	11.88485	53.26492
	11.88483	53.26478
	11.88469	53.26458
	11.8846	53.26455
	11.88432	53.26459
	11.8842	53.26463
	11.88399	53.2646
	11.88393	53.26461
	11.88347	53.26458
	11.8829	53.26451
	11.88283	53.26452
	11.88273	53.26449
	11.88231	53.26448
	11.88222	53.26446
	11.88204	53.26447
	11.88171	53.26435
	11.88158	53.26419
	11.88158	53.26408
	11.88166	53.26397
	11.88172	53.26374
	11.88186	53.2634
	11.88143	53.26334
	11.88121	53.26327
	11.88109	53.26321
	11.88082	53.26316
	11.88062	53.26309
	11.88053	53.26303
	11.88037	53.26297
	11.88031	53.26292
	11.88012	53.26284
	11.88	53.26277
	11.87988	53.26268
	11.87978	53.26252
	11.87967	53.26244
	11.87932	53.2623
	11.87912	53.26221
	11.87904	53.26216
	11.87883	53.26212
	11.87864	53.2621
	11.8785	53.26207
	11.8784	53.26206
	11.87813	53.26206
	11.87784	53.26204
	11.87764	53.26209
	11.87731	53.26205
	11.87726	53.262
	11.87714	53.26196
	11.87704	53.26194
	11.87643	53.26159
	11.87629	53.26149
	11.87604	53.26138
	11.87525	53.26097
	11.87475	53.26087
	11.87438	53.26086
	11.87431	53.26084
	11.87421	53.26078
	11.87398	53.26073
	11.87384	53.26071
	11.87378	53.26064
	11.87372	53.2606
	11.87329	53.26048
	11.87308	53.26047
	11.87275	53.26039
	11.87236	53.26025
	11.87222	53.26016
	11.872	53.26005
	11.87188	53.25997
	11.87137	53.25953
	11.8713	53.25945
	11.87109	53.25937
	11.87097	53.25922
	11.87077	53.25911
	11.87057	53.25903
	11.87049	53.25898
	11.87027	53.25896
	11.8702	53.25893
	11.87013	53.25885
	11.87006	53.25881
	11.8698	53.25858
	11.86976	53.25851
	11.86968	53.25845
	11.8696	53.25834
	11.8696	53.25825
	11.86958	53.25817
	11.86945	53.25809
	11.86931	53.25807
	11.86919	53.25798
	11.86919	53.2579
	11.86923	53.25781
	11.86917	53.25772
	11.86897	53.25753
	11.86894	53.25743
	11.86888	53.25738
	11.86879	53.25735
	11.86868	53.25733
	11.86858	53.25724
	11.86848	53.25723
	11.86833	53.25726
	11.86826	53.25722
	11.86813	53.25714
	11.86803	53.25706
	11.86791	53.25701
	11.86775	53.25685
	11.86771	53.25678
	11.86768	53.25665
	11.86763	53.25661
	11.86755	53.25657
	11.86731	53.25652
	11.86721	53.25647
	11.86706	53.25643
	11.86701	53.25637
	11.86689	53.2563
	11.8668	53.25629
	11.86672	53.25623
	11.86662	53.25603
	11.86656	53.256
	11.86643	53.25599
	11.86619	53.25599
	11.86613	53.25592
	11.86602	53.25592
	11.8659	53.25582
	11.86594	53.25576
	11.86592	53.25572
	11.86585	53.25566
	11.86589	53.25554
	11.86599	53.25539
	11.86604	53.25537
	11.86606	53.25533
	11.86599	53.25531
	11.86587	53.25523
	11.866	53.2551
	11.86578	53.25492
	11.86569	53.25489
	11.86555	53.2549
	11.86521	53.25488
	11.86516	53.25484
	11.86517	53.25481
	11.86525	53.25474
	11.86522	53.2547
	11.86525	53.25447
	11.86529	53.25442
	11.86539	53.25436
	11.86544	53.25428
	11.86536	53.25415
	11.86537	53.25405
	11.86533	53.25393
	11.86513	53.25382
	11.86493	53.25377
	11.86487	53.25372
	11.86478	53.25367
	11.86493	53.25356
	11.86501	53.25331
	11.86499	53.25327
	11.86499	53.25321
	11.86489	53.25308
	11.86493	53.25297
	11.865	53.25296
	11.86506	53.25282
	11.86509	53.25266
	11.86507	53.25233
	11.86503	53.25227
	11.86491	53.2522
	11.86483	53.25198
	11.86468	53.25187
	11.86431	53.25165
	11.86387	53.25143
	11.86372	53.25125
	11.8638	53.2512
	11.86379	53.25115
	11.86372	53.25103
	11.86374	53.25093
	11.86371	53.25084
	11.86358	53.25075
	11.86361	53.25064
	11.86357	53.25052
	11.86348	53.25048
	11.86322	53.25022
	11.86301	53.25025
	11.86298	53.25022
	11.86301	53.25015
	11.86287	53.25012
	11.86273	53.24999
	11.86275	53.24991
	11.86273	53.24985
	11.86231	53.24965
	11.86241	53.24951
	11.86241	53.24945
	11.86236	53.24938
	11.86233	53.24925
	11.8624	53.24922
	11.86238	53.24919
	11.86228	53.24916
	11.86227	53.24906
	11.86217	53.24898
	11.86218	53.24894
	11.86213	53.24891
	11.86215	53.24882
	11.86197	53.24876
	11.86196	53.24871
	11.86184	53.24869
	11.86179	53.24859
	11.86166	53.24845
	11.86165	53.24846
	11.86145	53.24848
	11.86137	53.24843
	11.86132	53.24842
	11.86073	53.24865
	11.86068	53.24866
	11.8606	53.24864
	11.86049	53.24864
	11.86043	53.24866
	11.86038	53.24874
	11.86037	53.24891
	11.86033	53.24894
	11.86013	53.24896
	11.86007	53.24903
	11.86005	53.24909
	11.86	53.24916
	11.85999	53.24925
	11.85984	53.24928
	11.85977	53.24927
	11.85972	53.24925
	11.85964	53.24925
	11.85956	53.24927
	11.85945	53.24927
	11.85919	53.24925
	11.85873	53.24918
	11.85859	53.24914
	11.85835	53.2491
	11.85824	53.24907
	11.8581	53.24901
	11.85803	53.24901
	11.85788	53.24905
	11.85763	53.24909
	11.85738	53.2491
	11.85696	53.249
	11.8564	53.24885
	11.85632	53.24886
	11.85612	53.249
	11.85591	53.24902
	11.85557	53.24901
	11.85536	53.24907
	11.85516	53.24909
	11.85501	53.24906
	11.8547	53.24897
	11.85429	53.24887
	11.85414	53.24886
	11.8538	53.24889
	11.85342	53.24896
	11.8531	53.24906
	11.85307	53.24908
	11.85279	53.24916
	11.85251	53.24926
	11.85245	53.24935
	11.85243	53.24956
	11.85241	53.24962
	11.85237	53.24967
	11.85218	53.24973
	11.85193	53.24977
	11.85169	53.24985
	11.85148	53.2499
	11.85136	53.24991
	11.85128	53.24988
	11.8512	53.24988
	11.85099	53.24992
	11.85063	53.25004
	11.85043	53.25002
	11.85029	53.24998
	11.85021	53.24994
	11.85012	53.24987
	11.84986	53.24979
	11.84948	53.24971
	11.84933	53.24973
	11.84916	53.2498
	11.84889	53.25
	11.84876	53.25012
	11.84847	53.25033
	11.84843	53.25041
	11.84829	53.2505
	11.84779	53.25088
	11.84769	53.25098
	11.84757	53.25106
	11.84752	53.25118
	11.84727	53.25143
	11.84717	53.25149
	11.84679	53.25164
	11.84658	53.25174
	11.84586	53.25179
	11.84562	53.25186
	11.84555	53.25186
	11.84532	53.2516
	11.84513	53.25151
	11.84485	53.2515
	11.84444	53.25157
	11.84433	53.25153
	11.84422	53.25152
	11.84411	53.25155
	11.84392	53.25153
	11.84382	53.25154
	11.84376	53.2516
	11.84364	53.25161
	11.84355	53.25157
	11.84338	53.25155
	11.84331	53.2515
	11.84309	53.2515
	11.84303	53.25151
	11.84278	53.25146
	11.8425	53.25148
	11.84229	53.25145
	11.84192	53.25146
	11.84178	53.2514
	11.84164	53.2514
	11.84154	53.25138
	11.8414	53.25139
	11.84127	53.25144
	11.84114	53.2514
	11.84093	53.25142
	11.84078	53.25147
	11.84069	53.25145
	11.84067	53.25139
	11.84058	53.25138
	11.84049	53.25142
	11.84043	53.25143
	11.84033	53.25149
	11.84023	53.25151
	11.84008	53.25151
	11.83978	53.25147
	11.83953	53.25153
	11.83946	53.25156
	11.83934	53.25158
	11.83929	53.25162
	11.83926	53.25173
	11.83928	53.2518
	11.83924	53.25186
	11.83907	53.25188
	11.839	53.25192
	11.83895	53.25206
	11.83884	53.25208
	11.8387	53.25203
	11.83858	53.252
	11.83838	53.25197
	11.83811	53.25181
	11.838	53.25178
	11.83786	53.25172
	11.83787	53.25166
	11.83784	53.25166
	11.83778	53.25164
	11.83756	53.25166
	11.83747	53.2517
	11.83743	53.25176
	11.83733	53.2518
	11.83724	53.25182
	11.83718	53.25196
	11.83711	53.25202
	11.83703	53.25203
	11.83672	53.25202
	11.83657	53.25204
	11.83647	53.25204
	11.83642	53.25199
	11.8364	53.25191
	11.83629	53.25186
	11.83624	53.25181
	11.83614	53.25176
	11.83601	53.25175
	11.83575	53.25176
	11.8356	53.25175
	11.8354	53.2518
	11.83529	53.25178
	11.83521	53.25181
	11.83514	53.25179
	11.83498	53.25178
	11.83479	53.25175
	11.83462	53.2518
	11.83443	53.25177
	11.83422	53.25177
	11.83366	53.25161
	11.83339	53.25156
	11.8332	53.25145
	11.83322	53.25137
	11.83315	53.25133
	11.83286	53.25128
	11.83272	53.25129
	11.83254	53.25134
	11.83216	53.25146
	11.83177	53.2516
	11.83163	53.25163
	11.83133	53.25167
	11.8306	53.25173
	11.82902	53.25204
	11.82875	53.25208
	11.82851	53.25211
	11.82811	53.25211
	11.82809	53.25213
	11.82781	53.25228
	11.82741	53.25238
	11.82715	53.25248
	11.82684	53.25256
	11.82652	53.25261
	11.82615	53.25258
	11.82561	53.2526
	11.8254	53.25252
	11.82479	53.25272
	11.82465	53.25282
	11.8246	53.25288
	11.82447	53.25293
	11.8243	53.25304
	11.82387	53.25307
	11.82375	53.25307
	11.82357	53.25302
	11.8232	53.25299
	11.82294	53.25308
	11.82273	53.25312
	11.82252	53.25314
	11.82217	53.25334
	11.822	53.25339
	11.82164	53.25337
	11.82044	53.25336
	11.82028	53.25334
	11.82022	53.25331
	11.82014	53.2533
	11.81999	53.25333
	11.81934	53.25334
	11.81903	53.25331
	11.81874	53.25335
	11.81855	53.25334
	11.81838	53.25337
	11.81823	53.25335
	11.81799	53.25341
	11.81781	53.25347
	11.81741	53.25358
	11.81677	53.2538
	11.81652	53.25383
	11.81641	53.25382
	11.81626	53.25383
	11.81607	53.25386
	11.81586	53.25388
	11.81563	53.25383
	11.8155	53.25382
	11.81502	53.25382
	11.81477	53.25381
	11.81458	53.25379
	11.81415	53.25388
	11.81399	53.25386
	11.81385	53.25382
	11.81369	53.25381
	11.81352	53.25373
	11.81333	53.25354
	11.81296	53.25349
	11.81279	53.25343
	11.81263	53.25341
	11.81248	53.25325
	11.80656	53.25378
	11.80398	53.25317
	11.79988	53.25218
	11.80064	53.24925
	11.80364	53.24566
	11.81109	53.24501
	11.81593	53.24436
	11.82163	53.24095
	11.83154	53.233
	11.83174	53.22985
	11.82785	53.22747
	11.82358	53.22621
	11.81615	53.22551
	11.81365	53.22552
	11.80229	53.22562
	11.79103	53.22698
	11.77448	53.22759
	11.76986	53.22712
	11.76784	53.22707
	11.76659	53.22705
	11.76028	53.22477
	11.74843	53.21955
	11.74286	53.21908
	11.7361	53.21697
	11.7285	53.21695
	11.7282	53.22874
	11.72613	53.23166
	11.72278	53.23209
	11.71925	53.23185
	11.7148	53.23195
	11.71008	53.23343
	11.70708	53.23397
	11.70874	53.23771
	11.70529	53.23924
	11.70454	53.23901
	11.70297	53.23964
	11.7023	53.24004
	11.7021	53.24032
	11.70148	53.2413
	11.70095	53.2431
	11.70058	53.24382
	11.69961	53.24409
	11.69623	53.24445
	11.69511	53.24409
	11.69414	53.24396
	11.69324	53.24287
	11.69159	53.24233
	11.69069	53.24179
	11.68665	53.24228
	11.68545	53.24202
	11.682	53.24246
	11.6805	53.24237
	11.67931	53.24237
	11.67743	53.2421
	11.67653	53.24205
	11.67481	53.24255
	11.67362	53.24377
	11.67309	53.24404
	11.67017	53.24426
	11.66703	53.24417
	11.6653	53.24385
	11.66284	53.24399
	11.66194	53.24399
	11.66134	53.24367
	11.66089	53.24233
	11.66044	53.24115
	11.65879	53.2403
	11.65841	53.24052
	11.65722	53.24002
	11.65625	53.23993
	11.6546	53.23953
	11.6534	53.23899
	11.65093	53.23899
	11.64989	53.23881
	11.64884	53.23908
	11.64547	53.23907
	11.63986	53.23849
	11.63417	53.24069
	11.63312	53.24056
	11.62901	53.242
	11.62796	53.24146
	11.62751	53.24173
	11.62549	53.24105
	11.62422	53.24001
	11.62099	53.23837
	11.61896	53.2368
	11.61843	53.23617
	11.61828	53.23486
	11.61828	53.23374
	11.61737	53.2314
	11.61692	53.23041
	11.6164	53.23019
	11.61467	53.23005
	11.61062	53.22965
	11.60762	53.22893
	11.60755	53.22848
	11.6059	53.22803
	11.60477	53.22794
	11.60372	53.22767
	11.60342	53.22731
	11.60335	53.22691
	11.60312	53.22659
	11.6011	53.22583
	11.59997	53.22524
	11.59922	53.2247
	11.59855	53.22448
	11.59794	53.22363
	11.59742	53.22335
	11.59667	53.22318
	11.59644	53.22287
	11.59652	53.22255
	11.59592	53.22228
	11.59509	53.22174
	11.59479	53.22111
	11.59359	53.22022
	11.59172	53.21851
	11.59164	53.21828
	11.59119	53.21806
	11.59081	53.21738
	11.59021	53.21671
	11.58969	53.21626
	11.58811	53.21568
	11.58782	53.21527
	11.58729	53.21487
	11.58669	53.2146
	11.58542	53.21447
	11.58422	53.21451
	11.58362	53.21402
	11.58272	53.21384
	11.58182	53.2133
	11.58084	53.2128
	11.58002	53.21276
	11.57934	53.21289
	11.57732	53.2124
	11.5765	53.21191
	11.57515	53.21186
	11.5747	53.21249
	11.57455	53.21222
	11.57417	53.21218
	11.57395	53.21222
	11.57365	53.21254
	11.57327	53.21244
	11.57245	53.21254
	11.57073	53.21312
	11.56668	53.21339
	11.56442	53.2132
	11.56324	53.21294
	11.56099	53.21232
	11.55867	53.21114
	11.55806	53.21052
	11.55762	53.21029
	11.55687	53.21016
	11.55627	53.21029
	11.55537	53.20984
	11.55439	53.20971
	11.55409	53.20935
	11.55334	53.20931
	11.55282	53.2085
	11.5523	53.20827
	11.55095	53.20823
	11.5508	53.20787
	11.55125	53.20711
	11.55177	53.20697
	11.55342	53.2067
	11.55439	53.20625
	11.55589	53.20526
	11.55776	53.20369
	11.55918	53.20226
	11.55905	53.20173
	11.55821	53.2014
	11.55812	53.2
	11.55746	53.19786
	11.55709	53.19628
	11.55701	53.19516
	11.55679	53.19431
	11.55694	53.19382
	11.55821	53.19162
	11.55925	53.18817
	11.55813	53.18839
	11.55633	53.18606
	11.55521	53.18422
	11.55596	53.18368
	11.55439	53.18163
	11.56457	53.17916
	11.56224	53.17593
	11.56374	53.17396
	11.56479	53.17338
	11.56666	53.17226
	11.5686	53.17038
	11.56867	53.16975
	11.56837	53.1684
	11.56897	53.16746
	11.56924	53.1661
	11.56749	53.16456
	11.56297	53.16092
	11.5552	53.15448
	11.55731	53.1512
	11.5542	53.15026
	11.55166	53.15177
	11.54742	53.14898
	11.5604	53.141
	11.55178	53.13507
	11.55446	53.13245
	11.5443	53.13192
	11.53978	53.13098
	11.53766	53.12996
	11.53611	53.12768
	11.53427	53.12692
	11.53243	53.12691
	11.52961	53.12724
	11.52623	53.1269
	11.52213	53.12596
	11.51846	53.12569
	11.51352	53.12619
	11.50646	53.12144
	11.50146	53.1278
	11.49243	53.12929
	11.48735	53.12895
	11.48467	53.12859
	11.47549	53.1274
	11.47493	53.12891
	11.47521	53.13077
	11.47634	53.13348
	11.47517	53.13475
	11.4676	53.13784
	11.46054	53.1395
	11.45715	53.13984
	11.44903	53.13852
	11.44558	53.13795
	11.4388	53.1376
	11.43795	53.13771
	11.434	53.13826
	11.42349	53.13928
	11.42236	53.13742
	11.41784	53.13741
	11.41756	53.13556
	11.41405	53.1357
	11.40288	53.13619
	11.39957	53.13681
	11.3948	53.13899
	11.39456	53.13786
	11.39286	53.13473
	11.3923	53.1311
	11.39272	53.12798
	11.39484	53.12436
	11.40232	53.11459
	11.39653	53.11263
	11.39752	53.11095
	11.39371	53.10984
	11.39173	53.11195
	11.38849	53.11118
	11.38637	53.11286
	11.38129	53.11184
	11.37777	53.11343
	11.37509	53.11216
	11.37255	53.11282
	11.37367	53.11409
	11.3724	53.11451
	11.37029	53.11459
	11.36775	53.11424
	11.36408	53.11542
	11.3627	53.11517
	11.35787	53.11422
	11.34602	53.11216
	11.34263	53.11173
	11.34179	53.11274
	11.33939	53.11375
	11.33515	53.11458
	11.33487	53.11593
	11.32584	53.11717
	11.32104	53.11766
	11.31667	53.11698
	11.31145	53.11511
	11.30778	53.11501
	11.30199	53.11517
	11.29818	53.11617
	11.29607	53.11734
	11.29028	53.11893
	11.28548	53.12027
	11.27165	53.12117
	11.27055	53.1206
	11.26872	53.12051
	11.26816	53.12123
	11.26692	53.12296
	11.26449	53.12523
	11.26171	53.12728
	11.25937	53.12891
	11.25595	53.13104
	11.253	53.13304
	11.25001	53.13521
	11.24741	53.13693
	11.24561	53.13798
	11.24402	53.13884
	11.24203	53.13976
	11.24028	53.14035
	11.23865	53.14088
	11.22897	53.14324
	11.22424	53.14446
	11.22285	53.14475
	11.22035	53.14512
	11.21744	53.14541
	11.21538	53.14539
	11.21275	53.14513
	11.21021	53.14462
	11.2085	53.14407
	11.2066	53.14323
	11.20529	53.14251
	11.20287	53.14079
	11.19981	53.13872
	11.1961	53.13689
	11.19577	53.13691
	11.19454	53.13645
	11.19309	53.13604
	11.19166	53.13583
	11.18997	53.13582
	11.18854	53.13599
	11.1872	53.1364
	11.18596	53.137
	11.18472	53.13806
	11.18357	53.13972
	11.18246	53.14199
	11.18198	53.14372
	11.18067	53.14877
	11.1803	53.14977
	11.17982	53.15044
	11.17855	53.15219
	11.17743	53.15345
	11.17642	53.15453
	11.17361	53.15545
	11.17183	53.15666
	11.17405	53.15727
	11.17681	53.15801
	11.17805	53.15824
	11.18029	53.15886
	11.18121	53.15989
	11.18293	53.16157
	11.1836	53.16214
	11.18504	53.16349
	11.18688	53.16415
	11.18791	53.16464
	11.1893	53.16572
	11.19009	53.16659
	11.19075	53.16853
	11.19102	53.17116
	11.19197	53.1726
	11.19255	53.17367
	11.19577	53.17654
	11.19565	53.17734
	11.19461	53.1798
	11.19445	53.1801
	11.19242	53.18222
	11.18351	53.18562
	11.18001	53.18685
	11.17355	53.18728
	11.16919	53.18749
	11.16222	53.18788
	11.14167	53.19127
	11.13695	53.19204
	11.13832	53.19299
	11.13904	53.19393
	11.13986	53.1945
	11.14494	53.19771
	11.14132	53.19878
	11.13986	53.19907
	11.13718	53.19926
	11.13753	53.19976
	11.13794	53.20053
	11.13904	53.2024
	11.13568	53.20209
	11.13091	53.20267
	11.13039	53.20277
	11.1297	53.20301
	11.1269	53.20404
	11.12617	53.20416
	11.12562	53.20413
	11.12115	53.20352
	11.12042	53.20347
	11.11982	53.20351
	11.1178	53.20386
	11.11589	53.2044
	11.11551	53.20464
	11.11502	53.20469
	11.11339	53.20524
	11.11058	53.20684
	11.10994	53.20705
	11.10778	53.20753
	11.10711	53.20769
	11.10656	53.20799
	11.10555	53.20875
	11.10469	53.20951
	11.1033	53.21021
	11.10146	53.21105
	11.1008	53.21133
	11.09681	53.21193
	11.09627	53.21208
	11.09423	53.21282
	11.09222	53.21336
	11.09063	53.21381
	11.09007	53.21418
	11.08929	53.21498
	11.08837	53.21575
	11.08807	53.21612
	11.08751	53.21758
	11.087	53.21791
	11.08536	53.21837
	11.08426	53.2187
	11.08223	53.21949
	11.08005	53.22041
	11.07986	53.22062
	11.07926	53.22215
	11.07594	53.22325
	11.07356	53.22456
	11.07256	53.22681
	11.07232	53.22836
	11.07104	53.22902
	11.06764	53.2301
	11.0642	53.23232
	11.06113	53.23504
	11.05901	53.23838
	11.05769	53.24213
	11.05712	53.24414
	11.05572	53.24605
	11.04873	53.25301
	11.04835	53.25328
	11.04734	53.25383
	11.04649	53.25485
	11.04592	53.2562
	11.0455	53.25695
	11.0438	53.25779
	11.03998	53.25998
	11.03814	53.26158
	11.03657	53.26564
	11.03487	53.26893
	11.03231	53.27214
	11.03167	53.27495
	11.02977	53.27699
	11.02595	53.27935
	11.02241	53.28077
	11.02168	53.28104
	11.0202	53.28091
	11.01859	53.28092
	11.01756	53.28079
	11.01566	53.28035
	11.01152	53.28041
	11.00992	53.28115
	11.00966	53.28132
	11.00946	53.28153
	11.00935	53.28172
	11.00926	53.28221
	11.00885	53.28306
	11.00886	53.28487
	11.00873	53.28625
	11.00834	53.28873
	11.00835	53.28957
	11.00833	53.29022
	11.00825	53.29085
	11.00807	53.2914
	11.0078	53.29174
	11.00684	53.29237
	11.00608	53.29276
	11.00551	53.29297
	11.00503	53.29313
	11.00453	53.29314
	11.00404	53.2931
	11.00295	53.2928
	11.00293	53.29464
	11.00481	53.29586
	11.00597	53.29677
	11.0072	53.29762
	11.00839	53.29849
	11.00897	53.29919
	11.00934	53.29988
	11.00938	53.30026
	11.00915	53.30078
	11.00872	53.30131
	11.00831	53.30177
	11.00773	53.30232
	11.00725	53.30272
	11.00611	53.30316
	11.00431	53.30383
	11.00307	53.30454
	11.00261	53.30498
	11.00232	53.30548
	11.00222	53.3059
	11.00225	53.30628
	11.00245	53.30653
	11.00414	53.30843
	11.00459	53.30898
	11.00416	53.31069
	11.00389	53.31156
	11.00198	53.31296
	11.00053	53.3141
	10.9987	53.31557
	10.99874	53.31782
	10.99858	53.31873
	10.99908	53.32085
	10.99616	53.32095
	10.99554	53.32127
	10.99374	53.32266
	10.99332	53.32313
	10.99232	53.32515
	10.99153	53.32572
	10.99044	53.32572
	10.98847	53.32476
	10.98394	53.32676
	10.98272	53.32736
	10.9852	53.32993
	10.98637	53.33108
	10.98702	53.33199
	10.98741	53.33232
	10.98794	53.33272
	10.9881	53.33316
	10.98804	53.33348
	10.98064	53.33479
	10.97421	53.33588
	10.96716	53.33716
	10.95932	53.33852
	10.95573	53.33368
	10.9554	53.33345
	10.95493	53.33338
	10.95453	53.33348
	10.95243	53.33428
	10.95189	53.33465
	10.94802	53.33518
	10.94723	53.33548
	10.94597	53.33575
	10.9447	53.33624
	10.94094	53.33809
	10.93896	53.33828
	10.93706	53.33836
	10.93552	53.33854
	10.93484	53.33873
	10.93434	53.33895
	10.93356	53.33958
	10.93284	53.34024
	10.9322	53.34055
	10.93233	53.34071
	10.93278	53.34098
	10.93303	53.34091
	10.93375	53.34182
	10.93391	53.34222
	10.93402	53.3426
	10.93386	53.34298
	10.93348	53.34328
	10.93151	53.34394
	10.93072	53.3444
	10.93038	53.34471
	10.92995	53.34551
	10.92909	53.34604
	10.92839	53.34666
	10.92809	53.34712
	10.92814	53.34734
	10.92828	53.34755
	10.92859	53.34784
	10.92866	53.34804
	10.92855	53.34815
	10.92672	53.34798
	10.92254	53.34648
	10.91929	53.34681
	10.91622	53.34444
	10.91632	53.34284
	10.91547	53.34104
	10.91297	53.33961
	10.91014	53.33876
	10.90759	53.33814
	10.90001	53.33415
	10.89827	53.3349
	10.89659	53.33626
	10.89518	53.33642
	10.8939	53.33599
	10.89063	53.33428
	10.88684	53.33419
	10.88538	53.33429
	10.88221	53.33453
	10.87929	53.33553
	10.88136	53.33053
	10.88259	53.32832
	10.88521	53.3274
	10.88744	53.32588
	10.88842	53.3248
	10.88701	53.32471
	10.88433	53.32411
	10.88165	53.32283
	10.87881	53.32443
	10.87669	53.32502
	10.87344	53.3251
	10.87187	53.32628
	10.87098	53.32661
	10.86971	53.32671
	10.86915	53.32706
	10.86785	53.32683
	10.86697	53.32689
	10.86623	53.32633
	10.86622	53.32601
	10.86643	53.32577
	10.86651	53.32495
	10.86787	53.32463
	10.869	53.32431
	10.87104	53.32297
	10.87155	53.32247
	10.87172	53.32198
	10.87169	53.32133
	10.87108	53.32055
	10.87072	53.32005
	10.8705	53.31958
	10.87092	53.31889
	10.8705	53.31838
	10.87029	53.31776
	10.8687	53.31676
	10.86756	53.31611
	10.86703	53.31625
	10.86636	53.31627
	10.86399	53.31602
	10.86297	53.31595
	10.86196	53.31608
	10.86034	53.31644
	10.85988	53.31647
	10.8594	53.31629
	10.85857	53.31628
	10.85791	53.31639
	10.85734	53.31641
	10.85286	53.31574
	10.85245	53.31544
	10.85172	53.31503
	10.8515	53.31475
	10.8512	53.31459
	10.85085	53.3145
	10.85067	53.31419
	10.8508	53.31186
	10.85075	53.31009
	10.85026	53.30952
	10.84924	53.30923
	10.84709	53.30883
	10.84018	53.30794
	10.8404	53.3074
	10.83597	53.30681
	10.83682	53.30567
	10.83608	53.30512
	10.83573	53.30512
	10.83511	53.30544
	10.83441	53.30553
	10.83286	53.30642
	10.83062	53.30731
	10.83027	53.3073
	10.82989	53.30722
	10.82959	53.30723
	10.82925	53.30743
	10.82899	53.3074
	10.82855	53.30727
	10.8282	53.30766
	10.82852	53.30795
	10.82859	53.30818
	10.82839	53.30836
	10.8274	53.30843
	10.82715	53.30865
	10.82694	53.30919
	10.82714	53.30942
	10.82713	53.30966
	10.82646	53.30999
	10.82658	53.31016
	10.82679	53.31021
	10.82784	53.31027
	10.828	53.31038
	10.82779	53.31076
	10.82788	53.31108
	10.82834	53.31137
	10.82844	53.31184
	10.82631	53.31255
	10.82572	53.31291
	10.8252	53.31292
	10.8247	53.31276
	10.82261	53.31235
	10.82207	53.31231
	10.81972	53.31265
	10.81832	53.31284
	10.81676	53.3131
	10.81592	53.31319
	10.81388	53.31287
	10.80744	53.31373
	10.80522	53.314
	10.8047	53.31447
	10.80343	53.31425
	10.79606	53.31424
	10.7944	53.31537
	10.79322	53.31585
	10.7925	53.31672
	10.79059	53.31773
	10.78796	53.31885
	10.7848	53.3196
	10.78398	53.31954
	10.78062	53.32087
	10.77438	53.32348
	10.77141	53.32508
	10.77098	53.32652
	10.77026	53.32778
	10.76913	53.32831
	10.76842	53.32863
	10.76602	53.32862
	10.76178	53.32827
	10.75938	53.32869
	10.75739	53.32995
	10.75597	53.33164
	10.7561	53.33334
	10.75849	53.33571
	10.75892	53.33609
	10.75801	53.33669
	10.75729	53.33917
	10.75749	53.33961
	10.75778	53.33994
	10.75593	53.33993
	10.75451	53.34137
	10.75253	53.34052
	10.74885	53.34246
	10.7432	53.34083
	10.74072	53.34074
	10.73958	53.34067
	10.73942	53.34132
	10.73914	53.34278
	10.73866	53.34419
	10.73767	53.34646
	10.73703	53.34763
	10.73625	53.34895
	10.73326	53.35337
	10.73226	53.35466
	10.73134	53.35575
	10.72943	53.35751
	10.72863	53.35811
	10.72704	53.35905
	10.7257	53.35972
	10.7243	53.36033
	10.72053	53.36169
	10.71833	53.36259
	10.71626	53.36358
	10.71444	53.36454
	10.71238	53.36567
	10.70719	53.36865
	10.70605	53.36924
	10.70485	53.36976
	10.70299	53.37042
	10.70181	53.37069
	10.70032	53.37098
	10.69853	53.37125
	10.69683	53.37144
	10.69518	53.37152
	10.69416	53.37151
	10.69312	53.37144
	10.69287	53.3714
	10.6922	53.37132
	10.69121	53.37114
	10.69022	53.3709
	10.68488	53.3692
	10.68361	53.36883
	10.68245	53.3686
	10.6811	53.36844
	10.67945	53.36832
	10.67795	53.36827
	10.67266	53.36818
	10.6703	53.36821
	10.66539	53.36844
	10.65899	53.3691
	10.65244	53.36979
	10.64871	53.3704
	10.64613	53.37059
	10.64019	53.37142
	10.63411	53.37171
	10.62928	53.37158
	10.61994	53.37091
	10.61727	53.37066
	10.60586	53.36887
	10.59513	53.36389
	10.59426	53.36495
	10.59395	53.36713
	10.59383	53.36765
	10.59386	53.36787
	10.59523	53.36892
	10.59662	53.36996
	10.59687	53.3703
	10.59724	53.37175
	10.59738	53.37292
	10.59752	53.37353
	10.59863	53.37557
	10.59874	53.37597
	10.5989	53.37639
	10.59899	53.37698
	10.59911	53.37734
	10.59914	53.37768
	10.59935	53.37779
	10.59996	53.37796
	10.60014	53.37806
	10.60028	53.37828
	10.60038	53.3785
	10.6005	53.37858
	10.60112	53.37842
	10.60165	53.37826
	10.60193	53.37816
	10.60217	53.37813
	10.60258	53.37821
	10.60283	53.37822
	10.60305	53.37833
	10.60344	53.37861
	10.60381	53.37869
	10.60422	53.37874
	10.60507	53.37893
	10.6056	53.37903
	10.6061	53.3791
	10.60657	53.37918
	10.60673	53.37934
	10.60679	53.3795
	10.60698	53.37968
	10.6079	53.38014
	10.60813	53.38031
	10.60828	53.38044
	10.60885	53.3806
	10.60954	53.38083
	10.60983	53.38088
	10.60995	53.38099
	10.60991	53.38119
	10.60977	53.3816
	10.60979	53.38176
	10.60985	53.38179
	10.6105	53.38176
	10.61066	53.38173
	10.6111	53.38172
	10.61123	53.38169
	10.6114	53.38174
	10.61151	53.38186
	10.61163	53.38208
	10.61178	53.38217
	10.61204	53.38228
	10.61226	53.38243
	10.61238	53.38249
	10.61254	53.38263
	10.61264	53.38265
	10.61342	53.38235
	10.61364	53.38248
	10.61424	53.38291
	10.61451	53.38298
	10.61505	53.38302
	10.61553	53.38302
	10.61562	53.38308
	10.61564	53.38318
	10.61558	53.38346
	10.61546	53.38377
	10.61533	53.38395
	10.61532	53.38409
	10.61552	53.38419
	10.61592	53.38427
	10.61638	53.38426
	10.61668	53.3843
	10.6168	53.38439
	10.6168	53.38458
	10.61665	53.38475
	10.61631	53.38492
	10.61591	53.38509
	10.61559	53.3852
	10.61542	53.38521
	10.6151	53.38531
	10.61505	53.38539
	10.61515	53.38554
	10.61554	53.38578
	10.61598	53.38598
	10.61659	53.38616
	10.61663	53.38624
	10.61651	53.38634
	10.61627	53.38644
	10.6156	53.38667
	10.61545	53.38673
	10.61541	53.38679
	10.61589	53.38744
	10.616	53.38755
	10.61619	53.38757
	10.61636	53.38757
	10.61649	53.38745
	10.61657	53.38729
	10.61671	53.38714
	10.61686	53.38707
	10.61705	53.38701
	10.61725	53.38704
	10.61732	53.3871
	10.61726	53.38727
	10.61717	53.38741
	10.61718	53.38757
	10.61731	53.38773
	10.61758	53.38788
	10.61768	53.38803
	10.61771	53.38814
	10.61778	53.38825
	10.61781	53.38836
	10.61796	53.38847
	10.618	53.38859
	10.618	53.38876
	10.61809	53.38886
	10.61806	53.38895
	10.61793	53.389
	10.61756	53.38908
	10.61722	53.38922
	10.61715	53.38931
	10.61722	53.38955
	10.61747	53.38976
	10.61794	53.39004
	10.61819	53.39017
	10.61837	53.39022
	10.61848	53.39036
	10.61847	53.39045
	10.6183	53.39051
	10.61748	53.39054
	10.61729	53.39059
	10.61719	53.39075
	10.61716	53.39093
	10.61709	53.39101
	10.61707	53.39112
	10.61722	53.39122
	10.61742	53.39131
	10.61769	53.39141
	10.61802	53.39175
	10.61821	53.3919
	10.61878	53.39206
	10.61904	53.39218
	10.61911	53.39226
	10.61899	53.39238
	10.61876	53.39247
	10.61849	53.3925
	10.61816	53.39252
	10.61773	53.39253
	10.61725	53.39248
	10.61715	53.39251
	10.61714	53.3926
	10.6172	53.39295
	10.61733	53.39316
	10.61742	53.39318
	10.61754	53.39315
	10.6177	53.39305
	10.61802	53.39288
	10.61829	53.39279
	10.61872	53.3926
	10.61889	53.3926
	10.61901	53.39265
	10.61907	53.39277
	10.61904	53.39287
	10.61889	53.39298
	10.61862	53.3931
	10.61833	53.39328
	10.61806	53.39337
	10.61795	53.39347
	10.61773	53.39387
	10.61776	53.394
	10.61794	53.39415
	10.61801	53.39428
	10.61819	53.39435
	10.61854	53.39435
	10.61887	53.39432
	10.61902	53.39437
	10.61897	53.39449
	10.61879	53.39468
	10.61868	53.39475
	10.61867	53.39484
	10.61881	53.39494
	10.6196	53.39522
	10.61987	53.39525
	10.61997	53.39534
	10.61991	53.39545
	10.61976	53.39561
	10.6196	53.3957
	10.61934	53.39581
	10.61894	53.39614
	10.61871	53.39649
	10.6185	53.39675
	10.61853	53.39749
	10.61861	53.39764
	10.61881	53.39787
	10.61906	53.39795
	10.61934	53.39801
	10.61957	53.39798
	10.6198	53.39791
	10.62031	53.39787
	10.62063	53.39796
	10.62094	53.39815
	10.62108	53.39827
	10.62118	53.39846
	10.62113	53.39858
	10.62095	53.39869
	10.62066	53.39871
	10.62029	53.39863
	10.61989	53.39848
	10.61933	53.39815
	10.61913	53.39808
	10.61892	53.39805
	10.61869	53.39814
	10.61856	53.39828
	10.61847	53.39854
	10.61859	53.39878
	10.61857	53.39897
	10.61837	53.39939
	10.61838	53.39952
	10.61858	53.3996
	10.61897	53.39958
	10.61942	53.39954
	10.61974	53.39945
	10.62007	53.39947
	10.62048	53.3996
	10.62069	53.39977
	10.62065	53.39989
	10.6204	53.39994
	10.62005	53.39993
	10.61958	53.39987
	10.61916	53.39985
	10.61896	53.39992
	10.61898	53.40005
	10.61927	53.40031
	10.61969	53.40066
	10.6199	53.40074
	10.61995	53.40085
	10.61976	53.4011
	10.61967	53.40158
	10.61992	53.40171
	10.62075	53.4019
	10.62096	53.40201
	10.62101	53.40219
	10.62095	53.40257
	10.62105	53.40299
	10.62114	53.40348
	10.62124	53.40383
	10.62127	53.40419
	10.62119	53.4043
	10.62104	53.40434
	10.62074	53.40433
	10.62045	53.40429
	10.62017	53.40438
	10.61984	53.40468
	10.61918	53.40503
	10.61867	53.40535
	10.61852	53.40536
	10.61828	53.40532
	10.61781	53.40512
	10.61714	53.40486
	10.61696	53.40483
	10.61671	53.40489
	10.61653	53.40504
	10.61646	53.40523
	10.61648	53.40542
	10.6166	53.40548
	10.6169	53.40545
	10.61726	53.40539
	10.61775	53.4054
	10.61812	53.40543
	10.61835	53.40549
	10.61836	53.4056
	10.61819	53.40572
	10.61791	53.40584
	10.61777	53.40594
	10.61777	53.40602
	10.61794	53.40612
	10.61818	53.40622
	10.61847	53.40629
	10.61854	53.40638
	10.61859	53.40654
	10.6186	53.40681
	10.6187	53.40701
	10.61873	53.40722
	10.61867	53.40736
	10.61846	53.40747
	10.61816	53.40757
	10.61798	53.40767
	10.61794	53.40778
	10.61801	53.40805
	10.61805	53.40828
	10.61802	53.4085
	10.61794	53.40873
	10.6178	53.409
	10.61765	53.40936
	10.61757	53.40962
	10.61757	53.40987
	10.61777	53.41019
	10.61785	53.41048
	10.61782	53.41069
	10.61763	53.41097
	10.61756	53.41119
	10.61767	53.41152
	10.61775	53.41167
	10.6177	53.41187
	10.61751	53.4121
	10.61739	53.41227
	10.61743	53.41244
	10.61757	53.41251
	10.61774	53.41247
	10.61841	53.41214
	10.61877	53.41201
	10.61895	53.4121
	10.61902	53.41228
	10.61884	53.41261
	10.61883	53.41294
	10.61899	53.41324
	10.61948	53.4137
	10.61949	53.41395
	10.61946	53.41443
	10.61913	53.41526
	10.61829	53.41569
	10.61776	53.41601
	10.61744	53.4161
	10.61728	53.41621
	10.61731	53.41644
	10.61772	53.41636
	10.61801	53.41621
	10.61834	53.41623
	10.61851	53.41634
	10.61861	53.41649
	10.61861	53.41676
	10.61829	53.4171
	10.61818	53.41727
	10.6182	53.41746
	10.6185	53.41784
	10.61882	53.41814
	10.61936	53.41961
	10.62	53.42064
	10.62	53.42086
	10.61989	53.42105
	10.61944	53.42136
	10.6189	53.42235
	10.61843	53.42293
	10.61841	53.42306
	10.61845	53.42315
	10.61922	53.42358
	10.61931	53.42375
	10.61931	53.42389
	10.61922	53.42405
	10.61903	53.42426
	10.61798	53.42498
	10.61796	53.4251
	10.61811	53.42532
	10.61853	53.42566
	10.61862	53.42583
	10.61877	53.426
	10.61892	53.42601
	10.61978	53.42574
	10.62001	53.42571
	10.62051	53.42569
	10.62074	53.42561
	10.62115	53.42539
	10.62145	53.42535
	10.62175	53.42535
	10.62212	53.42539
	10.62235	53.4255
	10.62248	53.42561
	10.62255	53.42577
	10.62255	53.42592
	10.62246	53.42608
	10.62231	53.4262
	10.62186	53.42642
	10.62132	53.42663
	10.62055	53.42666
	10.62124	53.42693
	10.62145	53.42708
	10.62149	53.42721
	10.62134	53.42737
	10.62106	53.42751
	10.62065	53.42766
	10.62055	53.42781
	10.62055	53.42793
	10.62065	53.42809
	10.62173	53.42883
	10.62186	53.42901
	10.6219	53.42918
	10.62188	53.42933
	10.62177	53.42959
	10.62121	53.43033
	10.62123	53.43043
	10.62136	53.43057
	10.6219	53.43099
	10.62209	53.43122
	10.62228	53.4315
	10.62277	53.43261
	10.62282	53.43284
	10.62293	53.43299
	10.62309	53.43315
	10.62335	53.43326
	10.62395	53.43327
	10.62484	53.43334
	10.62511	53.43342
	10.62532	53.43354
	10.62541	53.43366
	10.62534	53.43384
	10.62519	53.43395
	10.62406	53.43432
	10.6239	53.43442
	10.62365	53.43451
	10.62348	53.43462
	10.62346	53.43472
	10.62352	53.43486
	10.62375	53.43521
	10.62391	53.43553
	10.62395	53.43572
	10.6239	53.43594
	10.62359	53.43642
	10.62359	53.43655
	10.62372	53.43672
	10.62398	53.43695
	10.62446	53.43715
	10.62503	53.43725
	10.62541	53.43734
	10.62553	53.43744
	10.62561	53.43759
	10.62557	53.43773
	10.62542	53.43789
	10.62523	53.43804
	10.62491	53.43822
	10.62405	53.4385
	10.62399	53.43858
	10.624	53.43875
	10.62461	53.43935
	10.62491	53.43995
	10.62507	53.44022
	10.6254	53.44048
	10.62568	53.44074
	10.62598	53.4409
	10.62638	53.44099
	10.62676	53.44105
	10.62713	53.44096
	10.62771	53.44058
	10.62797	53.44046
	10.62844	53.44045
	10.62876	53.4405
	10.62915	53.44059
	10.62924	53.44065
	10.6294	53.44093
	10.62942	53.44109
	10.6294	53.44125
	10.62929	53.44144
	10.62887	53.44171
	10.62857	53.44185
	10.62823	53.4419
	10.62758	53.44195
	10.6272	53.44186
	10.62676	53.4416
	10.62641	53.44143
	10.62609	53.44142
	10.62577	53.44146
	10.62558	53.4416
	10.62572	53.44228
	10.62568	53.44261
	10.62526	53.44311
	10.62515	53.44327
	10.62516	53.44342
	10.62565	53.44358
	10.62635	53.44383
	10.62701	53.44413
	10.62737	53.44439
	10.62744	53.44473
	10.62767	53.445
	10.62778	53.4455
	10.62772	53.44586
	10.62742	53.44674
	10.62746	53.44696
	10.62763	53.44708
	10.62853	53.44737
	10.62883	53.4475
	10.62947	53.44786
	10.6299	53.44821
	10.63013	53.44857
	10.63023	53.44875
	10.6304	53.44912
	10.63036	53.44928
	10.6303	53.44942
	10.6302	53.44957
	10.63009	53.44963
	10.62961	53.44962
	10.6293	53.4496
	10.62916	53.44965
	10.62915	53.44977
	10.6293	53.4499
	10.62973	53.45019
	10.6302	53.45033
	10.63033	53.45042
	10.63031	53.45057
	10.63008	53.45088
	10.63004	53.45108
	10.63006	53.45117
	10.63012	53.45126
	10.63031	53.45132
	10.63075	53.45128
	10.63165	53.45109
	10.63182	53.45112
	10.63196	53.45117
	10.63256	53.45164
	10.63338	53.45213
	10.63349	53.45227
	10.63347	53.45233
	10.63334	53.45252
	10.63305	53.45262
	10.63234	53.45261
	10.63185	53.45269
	10.63169	53.45276
	10.63182	53.45287
	10.63201	53.45293
	10.63267	53.45302
	10.63278	53.45311
	10.63287	53.45324
	10.63279	53.4534
	10.63255	53.45352
	10.63236	53.45355
	10.63212	53.45375
	10.63216	53.45398
	10.63218	53.45428
	10.63209	53.4545
	10.63204	53.45475
	10.63211	53.45485
	10.63221	53.45495
	10.63239	53.45502
	10.63276	53.4551
	10.63307	53.45509
	10.63327	53.4549
	10.63336	53.45434
	10.63354	53.45421
	10.63382	53.45417
	10.63408	53.45422
	10.6342	53.45427
	10.63475	53.45469
	10.63492	53.45508
	10.63495	53.45546
	10.63529	53.45596
	10.63691	53.45584
	10.63893	53.45572
	10.64011	53.45555
	10.64098	53.4555
	10.64163	53.45562
	10.64214	53.45576
	10.64257	53.45614
	10.64285	53.45652
	10.64328	53.45665
	10.64405	53.4567
	10.64536	53.45697
	10.64643	53.4572
	10.64707	53.45742
	10.64761	53.45782
	10.64876	53.4594
	10.64976	53.46005
	10.65181	53.46135
	10.65994	53.46096
	10.66292	53.46022
	10.66502	53.45962
	10.6704	53.45836
	10.68122	53.45739
	10.69303	53.45489
	10.6956	53.46098
	10.69646	53.46354
	10.69806	53.468
	10.70195	53.47832
	10.70495	53.4778
	10.70665	53.47771
	10.70946	53.47736
	10.7141	53.4768
	10.71884	53.47619
	10.72086	53.47599
	10.72104	53.47598
	10.72702	53.48115
	10.73147	53.47943
	10.7345	53.48047
	10.73828	53.48167
	10.74421	53.48198
	10.74627	53.48245
	10.7496	53.48343
	10.75228	53.48425
	10.75589	53.48333
	10.76091	53.48623
	10.7622	53.4883
	10.76328	53.48945
	10.76551	53.4912
	10.77745	53.49504
	10.77745	53.49706
	10.78375	53.50652
	10.78459	53.50781
	10.7861	53.50998
	10.78633	53.51028
	10.78666	53.5104
	10.79126	53.51144
	10.79727	53.51296
	10.81038	53.51611
	10.81077	53.51618
	10.81122	53.51617
	10.81223	53.51597
	10.8175	53.51487
	10.81834	53.51476
	10.81901	53.51483
	10.82319	53.51398
	10.82402	53.51384
	10.82454	53.51478
	10.82425	53.515
	10.82382	53.51526
	10.82373	53.51553
	10.82443	53.51679
	10.82455	53.51713
	10.82455	53.51744
	10.82446	53.51766
	10.82428	53.51778
	10.82392	53.51793
	10.82176	53.51851
	10.81854	53.51926
	10.81757	53.51955
	10.81404	53.52047
	10.8137	53.52059
	10.81346	53.52083
	10.81341	53.52096
	10.81341	53.52121
	10.81351	53.52134
	10.8141	53.52166
	10.81419	53.52188
	10.81595	53.5226
	10.81672	53.52279
	10.81855	53.52312
	10.8188	53.52319
	10.81931	53.52323
	10.82047	53.52321
	10.82087	53.52324
	10.82114	53.52329
	10.82135	53.5234
	10.82156	53.52366
	10.82169	53.52426
	10.82167	53.52444
	10.82151	53.52462
	10.82117	53.52475
	10.82056	53.52494
	10.82009	53.5252
	10.81977	53.52553
	10.81918	53.52592
	10.81866	53.52633
	10.8185	53.52663
	10.81843	53.52728
	10.81851	53.52818
	10.8185	53.53297
	10.81864	53.53349
	10.81864	53.5336
	10.81896	53.53386
	10.82046	53.53487
	10.82095	53.53514
	10.83221	53.54232
	10.83186	53.54347
	10.83161	53.54369
	10.83157	53.54379
	10.83168	53.54387
	10.83173	53.544
	10.83166	53.54417
	10.83055	53.54548
	10.83016	53.54624
	10.83008	53.54657
	10.82993	53.54779
	10.82955	53.54872
	10.82955	53.549
	10.82976	53.54954
	10.82979	53.54973
	10.82965	53.55001
	10.82795	53.55251
	10.82789	53.55298
	10.82757	53.5533
	10.82757	53.55351
	10.82771	53.55384
	10.82757	53.55409
	10.82513	53.55561
	10.82479	53.55587
	10.82506	53.55647
	10.82528	53.55712
	10.82558	53.55751
	10.82605	53.558
	10.8269	53.55904
	10.82694	53.55918
	10.82599	53.56034
	10.82588	53.56074
	10.82597	53.56112
	10.82644	53.56172
	10.8265	53.56201
	10.82627	53.56343
	10.82627	53.56415
	10.82637	53.56453
	10.82678	53.56551
	10.82701	53.56595
	10.82719	53.56654
	10.82722	53.56693
	10.82715	53.56719
	10.82704	53.56732
	10.82662	53.56762
	10.8256	53.56849
	10.8254	53.56871
	10.82518	53.56904
	10.8246	53.57042
	10.82446	53.57082
	10.82387	53.57204
	10.82333	53.57279
	10.82306	53.57306
	10.82245	53.57311
	10.82246	53.57324
	10.82235	53.57348
	10.82253	53.57363
	10.8226	53.57372
	10.82251	53.57411
	10.82247	53.5742
	10.82246	53.57434
	10.82252	53.5744
	10.82283	53.5746
	10.82294	53.57469
	10.82301	53.5748
	10.82337	53.57499
	10.82357	53.57513
	10.82367	53.57514
	10.82424	53.57501
	10.8243	53.57497
	10.82471	53.57492
	10.82487	53.57495
	10.82519	53.57514
	10.82528	53.57523
	10.82534	53.57527
	10.82538	53.57539
	10.82546	53.57551
	10.82563	53.57561
	10.82574	53.57565
	10.82605	53.57585
	10.82617	53.57597
	10.82636	53.57602
	10.82645	53.57611
	10.82666	53.57619
	10.82687	53.57623
	10.82704	53.57616
	10.82716	53.57608
	10.82751	53.57597
	10.82779	53.57598
	10.82791	53.57596
	10.82812	53.57588
	10.8284	53.57586
	10.8288	53.57575
	10.82937	53.57572
	10.82967	53.57573
	10.83091	53.57592
	10.8312	53.57593
	10.83162	53.57578
	10.8321	53.57549
	10.83218	53.57538
	10.83217	53.57518
	10.83219	53.575
	10.83237	53.57478
	10.83244	53.57462
	10.83267	53.57447
	10.83302	53.5744
	10.83333	53.57435
	10.83379	53.57442
	10.8341	53.57467
	10.83415	53.57475
	10.83415	53.57485
	10.83433	53.57504
	10.83448	53.57513
	10.83467	53.5752
	10.83493	53.57533
	10.83554	53.57542
	10.83565	53.57547
	10.83625	53.57557
	10.83649	53.57569
	10.83652	53.57584
	10.83692	53.57586
	10.83719	53.57575
	10.83803	53.57559
	10.83812	53.5756
	10.83833	53.57569
	10.83858	53.57568
	10.83894	53.57572
	10.83913	53.57572
	10.83927	53.57562
	10.83959	53.57558
	10.83985	53.57557
	10.84366	53.57336
	10.84418	53.57211
	10.84617	53.57112
	10.84606	53.57028
	10.84576	53.56858
	10.84606	53.56852
	10.84702	53.56813
	10.84729	53.56791
	10.84739	53.56777
	10.84776	53.56758
	10.84805	53.56745
	10.84827	53.56725
	10.84852	53.56695
	10.84875	53.56671
	10.84894	53.56631
	10.84925	53.56583
	10.84938	53.56569
	10.84979	53.56551
	10.8506	53.56508
	10.85183	53.56508
	10.85287	53.56515
	10.85339	53.56521
	10.85359	53.56542
	10.85378	53.56551
	10.85403	53.56548
	10.85479	53.56562
	10.85522	53.56592
	10.85555	53.56604
	10.85665	53.5659
	10.85698	53.56573
	10.85785	53.56544
	10.85835	53.56537
	10.85864	53.56526
	10.85949	53.56513
	10.86065	53.56484
	10.86174	53.56474
	10.86228	53.56454
	10.86376	53.56459
	10.86509	53.56505
	10.86584	53.56573
	10.86601	53.56602
	10.86643	53.56639
	10.86694	53.56674
	10.86745	53.56696
	10.86808	53.56713
	10.8699	53.56768
	10.87105	53.56818
	10.87191	53.56844
	10.87354	53.5686
	10.87512	53.56871
	10.87663	53.56888
	10.87971	53.56876
	10.88042	53.56883
	10.88334	53.56906
	10.88531	53.56957
	10.88919	53.57029
	10.88987	53.57094
	10.89045	53.57095
	10.89153	53.57132
	10.8929	53.57194
	10.89624	53.57281
	10.89781	53.57243
	10.89869	53.57265
	10.89908	53.57269
	10.89949	53.57265
	10.89984	53.57245
	10.90025	53.57244
	10.90164	53.57275
	10.90308	53.57267
	10.90427	53.57231
	10.90487	53.57222
	10.90497	53.5721
	10.90572	53.57158
	10.90631	53.57148
	10.90672	53.57127
	10.9069	53.57133
	10.90889	53.57136
	10.91053	53.57168
	10.91125	53.57204
	10.91133	53.57223
	10.91508	53.57573
	10.91669	53.57725
	10.91923	53.57978
	10.92105	53.58151
	10.92303	53.58322
	10.92355	53.58375
	10.92384	53.58423
	10.92422	53.58503
	10.92447	53.58599
	10.92455	53.58685
	10.92457	53.58737
	10.92451	53.58802
	10.92425	53.58855
	10.92375	53.5894
	10.9236	53.58997
	10.92314	53.5904
	10.92135	53.59138
	10.92069	53.59197
	10.9204	53.59262
	10.91902	53.59424
	10.91897	53.59447
	10.91918	53.59547
	10.91917	53.59612
	10.91915	53.59622
	10.919	53.59682
	10.91837	53.59803
	10.918	53.59857
	10.91778	53.59934
	10.92092	53.60006
	10.92255	53.60236
	10.92237	53.60428
	10.92752	53.62154
	10.92791	53.62298
	10.92974	53.62893
	10.93191	53.62986
	10.93356	53.63051
	10.93357	53.63214
	10.93891	53.63445
	10.93988	53.63754
	10.9457	53.64064
	10.94654	53.64151
	10.94778	53.64302
	10.94564	53.64526
	10.94565	53.64668
	10.94792	53.64532
	10.95068	53.64531
	10.95231	53.64689
	10.95226	53.64751
	10.95247	53.64774
	10.95252	53.64795
	10.9525	53.64856
	10.95255	53.64891
	10.95267	53.64937
	10.9526	53.64963
	10.95217	53.65031
	10.95199	53.65074
	10.95196	53.65104
	10.95206	53.65132
	10.95235	53.65163
	10.95285	53.65204
	10.95294	53.65224
	10.95297	53.65313
	10.95295	53.65418
	10.95303	53.65439
	10.95441	53.65597
	10.95489	53.65684
	10.95473	53.65769
	10.95473	53.65869
	10.95059	53.65836
	10.95047	53.65847
	10.95014	53.65847
	10.94935	53.65827
	10.94928	53.65836
	10.9495	53.65913
	10.94945	53.65952
	10.9495	53.65977
	10.94962	53.65997
	10.94991	53.66025
	10.94998	53.6604
	10.94998	53.66053
	10.94896	53.66135
	10.9487	53.66146
	10.94834	53.66143
	10.94801	53.66125
	10.94746	53.66087
	10.94682	53.66031
	10.9465	53.65994
	10.94634	53.65963
	10.94615	53.65946
	10.94567	53.65929
	10.94541	53.65917
	10.94519	53.65918
	10.94495	53.65934
	10.94405	53.66008
	10.94396	53.66037
	10.94392	53.66143
	10.94394	53.66163
	10.94378	53.66196
	10.94364	53.66213
	10.94337	53.66227
	10.94299	53.66232
	10.94235	53.66235
	10.94207	53.66245
	10.94176	53.66268
	10.94171	53.66281
	10.94176	53.66291
	10.94212	53.66305
	10.94252	53.66333
	10.94269	53.66354
	10.94271	53.6637
	10.94255	53.66381
	10.94207	53.6639
	10.94165	53.66412
	10.94134	53.66435
	10.94112	53.66463
	10.94091	53.66484
	10.94053	53.66512
	10.94018	53.66534
	10.93977	53.66545
	10.93918	53.66557
	10.93894	53.66568
	10.93882	53.66581
	10.93875	53.66599
	10.93875	53.66623
	10.93885	53.66644
	10.93913	53.66678
	10.93945	53.66707
	10.94019	53.66757
	10.94052	53.66783
	10.94092	53.66803
	10.94188	53.66841
	10.94197	53.66855
	10.942	53.66876
	10.94197	53.66899
	10.94188	53.66925
	10.94193	53.6695
	10.94193	53.66983
	10.94181	53.67006
	10.94131	53.67057
	10.9412	53.67086
	10.94122	53.67105
	10.94139	53.67133
	10.94146	53.6717
	10.94141	53.67198
	10.94127	53.67215
	10.94063	53.67254
	10.93999	53.6729
	10.93985	53.67302
	10.93987	53.67314
	10.94007	53.67323
	10.9404	53.67325
	10.94094	53.67322
	10.94147	53.67323
	10.94221	53.67334
	10.94268	53.67346
	10.94306	53.67361
	10.94344	53.67363
	10.94394	53.67372
	10.94418	53.67391
	10.94425	53.67406
	10.94363	53.67615
	10.94208	53.68447
	10.94158	53.68456
	10.94185	53.68475
	10.94097	53.68501
	10.93992	53.68559
	10.93964	53.68576
	10.93947	53.68607
	10.93931	53.68611
	10.93902	53.68613
	10.93867	53.68609
	10.93852	53.68611
	10.9384	53.68623
	10.93805	53.68689
	10.93784	53.68705
	10.93762	53.68713
	10.93575	53.68757
	10.93532	53.68761
	10.93505	53.6876
	10.9341	53.68732
	10.93346	53.68716
	10.9331	53.68713
	10.93284	53.68715
	10.9322	53.68724
	10.93175	53.68724
	10.93134	53.68718
	10.93099	53.68705
	10.93072	53.68689
	10.93029	53.68639
	10.93003	53.68633
	10.92969	53.68633
	10.92948	53.68634
	10.92906	53.68639
	10.92884	53.68646
	10.92853	53.68662
	10.92822	53.68685
	10.92813	53.68703
	10.92811	53.68727
	10.92813	53.68747
	10.92801	53.68768
	10.92759	53.68813
	10.92754	53.68827
	10.92766	53.68868
	10.92769	53.68894
	10.92762	53.68919
	10.92738	53.6894
	10.92679	53.68971
	10.92641	53.68983
	10.92614	53.68984
	10.926	53.68979
	10.92576	53.68949
	10.92564	53.68942
	10.92498	53.68932
	10.92448	53.68931
	10.92419	53.68935
	10.92324	53.68983
	10.92293	53.68989
	10.9227	53.68989
	10.92253	53.68985
	10.92231	53.68973
	10.92155	53.68893
	10.92129	53.68874
	10.92086	53.68862
	10.92048	53.68858
	10.92019	53.68861
	10.91986	53.68869
	10.91948	53.68885
	10.91896	53.68919
	10.91836	53.68969
	10.91829	53.68981
	10.91825	53.68998
	10.91827	53.69012
	10.91858	53.69079
	10.91875	53.69098
	10.91899	53.69105
	10.91923	53.69106
	10.91982	53.691
	10.92053	53.69098
	10.92091	53.691
	10.9212	53.69107
	10.9217	53.69125
	10.92222	53.69137
	10.92268	53.6914
	10.92306	53.69137
	10.92389	53.69124
	10.92439	53.69122
	10.92494	53.69131
	10.92525	53.69138
	10.92551	53.69148
	10.92579	53.69166
	10.92601	53.69187
	10.92608	53.69203
	10.92606	53.69219
	10.92558	53.69287
	10.92542	53.69317
	10.92533	53.69368
	10.92521	53.69382
	10.92431	53.69436
	10.92407	53.69452
	10.92402	53.69464
	10.92405	53.69517
	10.92402	53.69534
	10.92395	53.69547
	10.92355	53.69571
	10.92334	53.69588
	10.92324	53.69606
	10.92334	53.69833
	10.92288	53.69864
	10.92271	53.69885
	10.92275	53.69918
	10.92254	53.69941
	10.92227	53.69946
	10.92187	53.69938
	10.92061	53.69895
	10.92019	53.69866
	10.91952	53.69865
	10.91916	53.69877
	10.91895	53.69889
	10.91821	53.69894
	10.91783	53.69878
	10.91699	53.69889
	10.91677	53.6991
	10.91568	53.69928
	10.91532	53.69924
	10.91484	53.69905
	10.91444	53.69914
	10.91398	53.69954
	10.91359	53.69972
	10.9129	53.69988
	10.91161	53.70013
	10.91111	53.70028
	10.90995	53.70103
	10.90887	53.70142
	10.90837	53.70175
	10.908	53.70214
	10.90767	53.70232
	10.90675	53.70258
	10.90649	53.70278
	10.90611	53.70298
	10.90558	53.7031
	10.90306	53.70354
	10.9	53.70377
	10.89266	53.70435
	10.89042	53.70496
	10.88713	53.70575
	10.88465	53.70564
	10.88016	53.70412
	10.87954	53.70231
	10.87326	53.70139
	10.87298	53.70156
	10.87274	53.70163
	10.87231	53.70164
	10.87173	53.70169
	10.87135	53.70176
	10.87118	53.70204
	10.87084	53.70227
	10.87048	53.70243
	10.87008	53.70237
	10.86922	53.70265
	10.86931	53.70296
	10.869	53.70309
	10.86861	53.70328
	10.86875	53.70356
	10.86844	53.70373
	10.86798	53.70387
	10.8676	53.70373
	10.86689	53.70369
	10.8665	53.70389
	10.86553	53.70383
	10.86531	53.70364
	10.86503	53.70359
	10.86434	53.70363
	10.86412	53.70386
	10.86357	53.70396
	10.863	53.70387
	10.86308	53.70369
	10.86303	53.70337
	10.86287	53.70293
	10.86249	53.70268
	10.862	53.70261
	10.86176	53.70241
	10.86126	53.70226
	10.86098	53.70228
	10.86059	53.70242
	10.85956	53.70295
	10.85924	53.70296
	10.85905	53.70286
	10.85889	53.70269
	10.85871	53.70217
	10.85831	53.7017
	10.85804	53.70143
	10.85777	53.70128
	10.85735	53.70121
	10.85697	53.7012
	10.85668	53.70131
	10.85622	53.70159
	10.85569	53.70186
	10.85514	53.70198
	10.85443	53.70203
	10.85371	53.702
	10.85314	53.70192
	10.85269	53.70181
	10.85256	53.70165
	10.85254	53.70144
	10.85266	53.70114
	10.85304	53.70086
	10.85312	53.7005
	10.85296	53.7002
	10.85272	53.70007
	10.85215	53.7001
	10.85146	53.70012
	10.85074	53.70026
	10.85035	53.7004
	10.85007	53.70058
	10.8498	53.70086
	10.84967	53.70108
	10.84981	53.70176
	10.84997	53.70213
	10.85009	53.70236
	10.85021	53.70249
	10.8513	53.70254
	10.8515	53.70263
	10.8515	53.70278
	10.85128	53.70369
	10.85141	53.7041
	10.85167	53.70435
	10.85252	53.70487
	10.85271	53.70508
	10.85275	53.70531
	10.85273	53.70557
	10.85251	53.70578
	10.8522	53.70589
	10.85184	53.70596
	10.8511	53.70603
	10.85041	53.70602
	10.84976	53.70599
	10.84893	53.70584
	10.84843	53.70567
	10.84728	53.70495
	10.8469	53.70475
	10.84653	53.70448
	10.84594	53.70493
	10.84585	53.70496
	10.84498	53.70559
	10.84498	53.70575
	10.84516	53.70623
	10.8451	53.70652
	10.84503	53.70661
	10.84422	53.70681
	10.844	53.70694
	10.84383	53.70717
	10.84369	53.70752
	10.84333	53.70766
	10.84304	53.70779
	10.84265	53.7079
	10.84223	53.70794
	10.84183	53.70785
	10.84137	53.70761
	10.841	53.70731
	10.84065	53.70711
	10.8402	53.707
	10.83971	53.70708
	10.83922	53.70733
	10.83874	53.7076
	10.8383	53.70792
	10.83791	53.70815
	10.83754	53.70845
	10.837	53.7087
	10.83647	53.70877
	10.83585	53.7088
	10.83504	53.70901
	10.83479	53.70915
	10.83184	53.71047
	10.83026	53.71087
	10.82945	53.71097
	10.8286	53.71098
	10.82793	53.71093
	10.82736	53.71079
	10.82708	53.71066
	10.82681	53.71065
	10.82641	53.71068
	10.82546	53.71096
	10.82518	53.71097
	10.82482	53.71113
	10.82354	53.71196
	10.82235	53.7131
	10.81936	53.71573
	10.81792	53.71661
	10.81737	53.71692
	10.81658	53.71749
	10.81568	53.71787
	10.81482	53.71831
	10.81168	53.71969
	10.81021	53.72126
	10.8096	53.72236
	10.80861	53.72362
	10.80757	53.72579
	10.80658	53.72758
	10.80641	53.72822
	10.80661	53.72951
	10.80659	53.72985
	10.80691	53.73009
	10.80835	53.73004
	10.80915	53.73018
	10.80977	53.73038
	10.8101	53.73079
	10.80896	53.73158
	10.80859	53.73252
	10.80841	53.73267
	10.80812	53.73313
	10.80809	53.73338
	10.80915	53.73453
	10.80935	53.73538
	10.80919	53.7357
	10.80899	53.73603
	10.80874	53.73624
	10.80852	53.73639
	10.80821	53.73691
	10.80821	53.73711
	10.80806	53.73721
	10.80779	53.73798
	10.80779	53.73819
	10.80427	53.73998
	10.80167	53.74089
	10.80065	53.7412
	10.79992	53.74121
	10.79848	53.74129
	10.79825	53.74133
	10.79606	53.74217
	10.79476	53.74265
	10.79423	53.74295
	10.79361	53.74324
	10.7933	53.74341
	10.79255	53.74373
	10.7915	53.74424
	10.78942	53.74448
	10.7882	53.74459
	10.78674	53.74466
	10.786	53.74494
	10.78578	53.74516
	10.78551	53.74551
	10.78444	53.74581
	10.78356	53.74596
	10.7831	53.74605
	10.78257	53.74612
	10.78218	53.74627
	10.78181	53.74656
	10.78157	53.74707
	10.78131	53.74738
	10.78091	53.74759
	10.77981	53.74774
	10.77676	53.74782
	10.77628	53.74791
	10.77598	53.74813
	10.77578	53.74839
	10.77546	53.74871
	10.77498	53.74883
	10.77427	53.74885
	10.77314	53.7491
	10.77223	53.74949
	10.77192	53.74908
	10.7717	53.74901
	10.77146	53.74925
	10.77095	53.74928
	10.77046	53.74919
	10.77022	53.7491
	10.76985	53.74901
	10.76886	53.74881
	10.76836	53.74873
	10.76832	53.74856
	10.76805	53.7484
	10.76747	53.7483
	10.7666	53.74831
	10.76643	53.74823
	10.76636	53.74804
	10.76593	53.74794
	10.76505	53.74811
	10.76452	53.74792
	10.76376	53.74782
	10.76315	53.74772
	10.76145	53.74769
	10.76024	53.74776
	10.75933	53.74756
	10.75877	53.74763
	10.75851	53.74762
	10.75834	53.74765
	10.75848	53.74809
	10.75848	53.75045
	10.75827	53.75225
	10.75778	53.75405
	10.75766	53.75606
	10.75758	53.75634
	10.75658	53.75889
	10.75682	53.75923
	10.75711	53.75949
	10.75759	53.75981
	10.75792	53.76027
	10.75836	53.76077
	10.7587	53.76107
	10.75887	53.7614
	10.75891	53.76375
	10.7589	53.76392
	10.76062	53.76713
	10.76248	53.76925
	10.7635	53.76954
	10.76495	53.76965
	10.76512	53.76978
	10.76521	53.76989
	10.76538	53.77027
	10.76697	53.77224
	10.76704	53.77249
	10.76704	53.77271
	10.76711	53.77282
	10.76795	53.77347
	10.7684	53.77362
	10.7688	53.77372
	10.76989	53.77461
	10.77022	53.77514
	10.77053	53.77551
	10.77078	53.77572
	10.77083	53.77679
	10.77059	53.77728
	10.76954	53.77855
	10.76942	53.77875
	10.76875	53.77943
	10.76713	53.78042
	10.76732	53.782
	10.76749	53.78229
	10.76764	53.78239
	10.76839	53.78281
	10.76882	53.78293
	10.76899	53.78309
	10.76929	53.78372
	10.76932	53.784
	10.7692	53.78431
	10.76871	53.78486
	10.76865	53.78506
	10.76894	53.78551
	10.76929	53.78647
	10.76929	53.78856
	10.76939	53.78867
	10.76962	53.78875
	10.77008	53.78882
	10.77093	53.7889
	10.77176	53.7891
	10.77205	53.78925
	10.77221	53.78951
	10.77228	53.78972
	10.77228	53.79056
	10.77233	53.79086
	10.77248	53.79103
	10.77342	53.79182
	10.77354	53.79204
	10.77357	53.79228
	10.7735	53.7925
	10.77302	53.79334
	10.77285	53.7938
	10.77261	53.79729
	10.77235	53.79765
	10.77058	53.79839
	10.76897	53.79934
	10.7682	53.8
	10.76756	53.80041
	10.76714	53.80063
	10.76695	53.8008
	10.7668	53.80114
	10.76619	53.80221
	10.76611	53.80248
	10.76567	53.80314
	10.76565	53.80335
	10.76579	53.80372
	10.76667	53.80457
	10.76706	53.80487
	10.76723	53.80515
	10.76735	53.80575
	10.76733	53.80626
	10.76723	53.80653
	10.76632	53.80748
	10.76581	53.80814
	10.76463	53.8093
	10.76405	53.80978
	10.76405	53.80988
	10.7639	53.8103
	10.7637	53.81121
	10.76355	53.81208
	10.76377	53.81278
	10.76387	53.81321
	10.76388	53.81364
	10.7637	53.81421
	10.76338	53.81491
	10.76268	53.81568
	10.7626	53.81586
	10.76258	53.81599
	10.76315	53.81706
	10.76326	53.81783
	10.76327	53.81903
	10.76305	53.82008
	10.76268	53.82121
	10.76228	53.82222
	10.76192	53.82279
	10.7612	53.82373
	10.76055	53.82444
	10.75951	53.8251
	10.75907	53.8254
	10.75797	53.82632
	10.75783	53.8266
	10.75779	53.82684
	10.75789	53.82708
	10.75787	53.82722
	10.75777	53.82727
	10.75709	53.82735
	10.75695	53.82753
	10.75715	53.82757
	10.75753	53.82747
	10.75769	53.82756
	10.75767	53.82772
	10.75759	53.82787
	10.75743	53.82796
	10.75677	53.82804
	10.75662	53.82808
	10.75623	53.82815
	10.75595	53.82827
	10.75583	53.82827
	10.75597	53.82946
	10.75556	53.83021
	10.75429	53.83053
	10.75417	53.83054
	10.75281	53.8309
	10.74976	53.83168
	10.74832	53.83329
	10.74778	53.83385
	10.74879	53.83399
	10.74819	53.83501
	10.74922	53.83612
	10.749	53.83654
	10.74949	53.83728
	10.74963	53.83814
	10.74897	53.83888
	10.74844	53.83945
	10.74983	53.84141
	10.74996	53.84318
	10.74994	53.84337
	10.74963	53.84406
	10.74959	53.84423
	10.75034	53.84527
	10.75122	53.84554
	10.75129	53.84562
	10.75136	53.84559
	10.75174	53.84575
	10.75271	53.84628
	10.75376	53.84744
	10.75401	53.84892
	10.75289	53.8497
	10.75237	53.84966
	10.75196	53.84976
	10.75048	53.84967
	10.74965	53.84991
	10.74891	53.84996
	10.74877	53.85005
	10.74839	53.85018
	10.74817	53.85054
	10.74799	53.85111
	10.74811	53.85169
	10.74844	53.85187
	10.7486	53.85192
	10.74961	53.8523
	10.74973	53.85241
	10.74991	53.85254
	10.75215	53.85404
	10.75274	53.85426
	10.75423	53.85478
	10.75473	53.85504
	10.75564	53.85555
	10.75584	53.85573
	10.75608	53.85608
	10.75635	53.85641
	10.75661	53.85657
	10.75902	53.85768
	10.75925	53.85779
	10.75935	53.85788
	10.75959	53.85811
	10.75974	53.85854
	10.75978	53.85877
	10.75964	53.85941
	10.75966	53.85979
	10.75993	53.86028
	10.75997	53.86057
	10.75973	53.86084
	10.75975	53.86104
	10.75983	53.86119
	10.76016	53.86147
	10.76234	53.86312
	10.76262	53.86329
	10.76334	53.86336
	10.76401	53.8634
	10.76449	53.86359
	10.76474	53.86372
	10.76474	53.86413
	10.76466	53.86432
	10.76434	53.86476
	10.76416	53.8651
	10.7641	53.86552
	10.76416	53.86573
	10.76457	53.86617
	10.76485	53.86693
	10.76522	53.86722
	10.76538	53.86743
	10.76594	53.86769
	10.76621	53.86787
	10.76641	53.86796
	10.76647	53.86815
	10.76667	53.86828
	10.7669	53.86853
	10.7675	53.86872
	10.76955	53.87029
	10.77087	53.87122
	10.7709	53.87278
	10.77145	53.87328
	10.77262	53.87388
	10.77425	53.87417
	10.77667	53.87463
	10.77685	53.8747
	10.7782	53.87488
	10.77981	53.87434
	10.78265	53.87336
	10.78601	53.87355
	10.7867	53.87373
	10.78868	53.87429
	10.78888	53.87439
	10.79029	53.87502
	10.79142	53.87558
	10.79154	53.87565
	10.79176	53.87568
	10.79412	53.8761
	10.79995	53.87615
	10.80006	53.8762
	10.80024	53.87618
	10.80188	53.87679
	10.80381	53.87796
	10.80543	53.88015
	10.80558	53.88122
	10.80822	53.88318
	10.80868	53.88372
	10.80875	53.88399
	10.80859	53.88476
	10.80825	53.88519
	10.8087	53.8855
	10.81059	53.88625
	10.81136	53.88652
	10.81389	53.88768
	10.8159	53.88884
	10.81776	53.88986
	10.81879	53.89209
	10.81899	53.89247
	10.81907	53.89275
	10.81923	53.89351
	10.81965	53.89341
	10.82053	53.89322
	10.82246	53.89302
	10.82453	53.89266
	10.82511	53.89268
	10.82558	53.89275
	10.82606	53.89288
	10.82638	53.89303
	10.82675	53.89325
	10.82738	53.89378
	10.82775	53.89402
	10.82806	53.89417
	10.82843	53.89424
	10.82889	53.8943
	10.82979	53.89428
	10.83182	53.89417
	10.83209	53.89418
	10.83304	53.89457
	10.83392	53.89521
	10.83438	53.89564
	10.83541	53.89677
	10.83565	53.89694
	10.83584	53.89696
	10.83604	53.89692
	10.83626	53.89667
	10.8368	53.89622
	10.83729	53.89595
	10.83804	53.89565
	10.83892	53.8954
	10.84024	53.89521
	10.84075	53.8952
	10.84122	53.89523
	10.8421	53.8955
	10.84388	53.89616
	10.84473	53.89636
	10.84529	53.89646
	10.84637	53.89648
	10.84742	53.89678
	10.84771	53.89692
	10.84793	53.89716
	10.84893	53.89843
	10.84905	53.89909
	10.84908	53.8996
	10.84906	53.89993
	10.84903	53.90017
	10.84894	53.90051
	10.84827	53.90227
	10.84778	53.9037
	10.8478	53.90406
	10.84797	53.90432
	10.84818	53.90468
	10.84847	53.90497
	10.84871	53.90513
	10.84902	53.90527
	10.84931	53.9053
	10.84972	53.90524
	10.85072	53.90489
	10.8511	53.90484
	10.85182	53.90481
	10.85258	53.9047
	10.85368	53.9046
	10.85458	53.90456
	10.85533	53.90461
	10.85592	53.90472
	10.85659	53.90494
	10.857	53.90515
	10.85726	53.90543
	10.85813	53.90722
	10.85854	53.90857
	10.85871	53.90884
	10.85899	53.90908
	10.85938	53.90931
	10.86012	53.90957
	10.86093	53.90976
	10.8617	53.91012
	10.86224	53.91029
	10.86349	53.91053
	10.86535	53.91116
	10.86562	53.91133
	10.86607	53.91177
	10.86638	53.91193
	10.8676	53.91217
	10.8687	53.91288
	10.86906	53.91308
	10.86947	53.91319
	10.86985	53.91324
	10.87193	53.9134
	10.87255	53.91349
	10.87346	53.91372
	10.87418	53.914
	10.8747	53.91431
	10.87506	53.9146
	10.87552	53.91511
	10.87593	53.91583
	10.87605	53.91623
	10.87598	53.91687
	10.87565	53.91808
	10.87565	53.91828
	10.8757	53.91847
	10.87651	53.91938
	10.87747	53.92029
	10.87807	53.92091
	10.87835	53.92138
	10.87891	53.92209
	10.87963	53.92277
	10.88029	53.92322
	10.88087	53.92356
	10.88147	53.92385
	10.88195	53.924
	10.88255	53.92415
	10.88366	53.92435
	10.88425	53.92443
	10.88476	53.92447
	10.88531	53.92448
	10.88574	53.92442
	10.88619	53.92422
	10.88704	53.92371
	10.88733	53.92337
	10.8874	53.9232
	10.88779	53.92274
	10.88782	53.92242
	10.88829	53.92154
	10.88853	53.9212
	10.88912	53.92082
	10.88953	53.92048
	10.89182	53.91945
	10.89284	53.91887
	10.89346	53.9187
	10.8944	53.91814
	10.89494	53.9179
	10.89602	53.91759
	10.89649	53.91752
	10.8974	53.91744
	10.8984	53.91746
	10.89924	53.91744
	10.89965	53.91747
	10.9	53.91755
	10.90046	53.91764
	10.90158	53.91766
	10.90194	53.91763
	10.90232	53.9175
	10.90244	53.91736
	10.90215	53.91668
	10.9022	53.91658
	10.90289	53.916
	10.9033	53.91575
	10.90387	53.91562
	10.9053	53.91548
	10.90683	53.91549
	10.90829	53.91562
	10.90898	53.91563
	10.90998	53.91549
	10.91027	53.91539
	10.91046	53.91525
	10.9107	53.91497
	10.91091	53.91483
	10.91129	53.91476
	10.91148	53.91467
	10.91158	53.91455
	10.91158	53.91406
	10.91151	53.91387
	10.911	53.91351
	10.90945	53.9127
	10.90897	53.91241
	10.90844	53.91213
	10.9077	53.91157
	10.90672	53.91101
	10.90641	53.91053
	10.90593	53.9099
	10.90571	53.90974
	10.90528	53.9096
	10.90435	53.90938
	10.90354	53.90908
	10.90299	53.90883
	10.90261	53.90856
	10.90244	53.90834
	10.90241	53.90807
	10.902	53.90691
	10.90193	53.90646
	10.9019	53.90576
	10.9019	53.90531
	10.902	53.90501
	10.90173	53.90331
	10.90175	53.90314
	10.90218	53.90267
	10.90263	53.90236
	10.90323	53.90214
	10.90347	53.90198
	10.90368	53.90157
	10.90413	53.90099
	10.90447	53.9007
	10.90542	53.90005
	10.9059	53.89982
	10.90633	53.89966
	10.90668	53.89946
	10.90814	53.89851
	10.90902	53.89814
	10.9095	53.89783
	10.91002	53.89759
	10.91031	53.89751
	10.91112	53.89745
	10.91141	53.89726
	10.91332	53.89711
	10.91344	53.89728
	10.91387	53.89727
	10.91408	53.89721
	10.91563	53.89769
	10.91664	53.89783
	10.91702	53.89785
	10.91757	53.898
	10.91901	53.89859
	10.91944	53.89863
	10.91989	53.89874
	10.92018	53.89887
	10.92202	53.89923
	10.92269	53.89924
	10.92447	53.89916
	10.92467	53.89914
	10.92524	53.89917
	10.92682	53.89947
	10.92723	53.89961
	10.92785	53.89994
	10.92823	53.90009
	10.9294	53.90037
	10.93043	53.90049
	10.9311	53.90054
	10.93147	53.90052
	10.93196	53.90051
	10.93313	53.90042
	10.93444	53.90018
	10.93487	53.90017
	10.9352	53.90023
	10.93559	53.90021
	10.93587	53.90025
	10.93618	53.90038
	10.93664	53.90038
	10.93712	53.90044
	10.93757	53.90064
	10.93973	53.90191
	10.93994	53.90216
	10.94293	53.90388
	10.94336	53.90402
	10.9441	53.90416
	10.94484	53.90423
	10.94546	53.90421
	10.94623	53.9041
	10.9474	53.90383
	10.94759	53.90373
	10.94775	53.90351
	10.94797	53.90337
	10.94823	53.90331
	10.94864	53.90334
	10.94919	53.90349
	10.95038	53.904
	10.9511	53.90445
	10.95148	53.90483
	10.95189	53.90538
	10.95251	53.90605
	10.95288	53.9066
	10.95304	53.90693
	10.95376	53.90774
	10.95422	53.90804
	10.9545	53.90828
	10.95467	53.90849
	10.95508	53.90877
	10.95577	53.90917
	10.95611	53.90931
	10.95814	53.90981
	10.95931	53.91005
	10.96	53.91015
	10.96067	53.9103
	10.96132	53.91032
	10.9617	53.91019
	10.96215	53.91008
	10.96258	53.91006
	10.96277	53.90992
	10.96261	53.90986
	10.96134	53.91005
	10.96	53.90998
	10.95969	53.90987
	10.9595	53.9097
	10.95945	53.90952
	10.95965	53.90934
	10.96033	53.90906
	10.96141	53.90871
	10.96181	53.90855
	10.96201	53.90836
	10.9625	53.9076
	10.96296	53.90722
	10.96339	53.90698
	10.96413	53.90679
	10.96491	53.90669
	10.96527	53.90671
	10.96546	53.90679
	10.96582	53.9068
	10.96611	53.90685
	10.96711	53.90731
	10.96795	53.90765
	10.96838	53.90786
	10.96857	53.90801
	10.96869	53.90839
	10.96872	53.90872
	10.96862	53.90911
	10.96803	53.90963
	10.96791	53.90979
	10.96789	53.91035
	10.96781	53.91051
	10.96684	53.9112
	10.96634	53.9113
	10.96583	53.91148
	10.96538	53.91175
	10.96529	53.91192
	10.96534	53.91205
	10.96555	53.91221
	10.96565	53.91241
	10.96565	53.91259
	10.96543	53.91284
	10.96462	53.91334
	10.96424	53.9135
	10.9628	53.91388
	10.96102	53.91453
	10.96057	53.91457
	10.96014	53.91455
	10.9593	53.91441
	10.95799	53.91431
	10.95744	53.91425
	10.95717	53.9142
	10.95555	53.91356
	10.95438	53.91313
	10.95411	53.91306
	10.9534	53.91313
	10.95316	53.9132
	10.95287	53.91318
	10.9516	53.91285
	10.95067	53.91268
	10.95022	53.91266
	10.94991	53.91268
	10.94903	53.9129
	10.94876	53.91302
	10.94802	53.91359
	10.94762	53.91371
	10.94707	53.91381
	10.94673	53.9139
	10.94666	53.91391
	10.94645	53.914
	10.94621	53.91424
	10.94585	53.91449
	10.94361	53.91583
	10.94318	53.91615
	10.9428	53.91651
	10.94197	53.91744
	10.94113	53.91823
	10.94045	53.91875
	10.9398	53.91914
	10.93947	53.9193
	10.93851	53.91956
	10.93787	53.91967
	10.9367	53.91975
	10.93612	53.91971
	10.93572	53.91966
	10.93507	53.9195
	10.93347	53.91905
	10.93151	53.91826
	10.93113	53.91814
	10.93072	53.91808
	10.93041	53.91807
	10.93013	53.91812
	10.92982	53.91831
	10.92717	53.92059
	10.92651	53.92103
	10.92605	53.92128
	10.92512	53.92165
	10.92393	53.92197
	10.92343	53.92207
	10.92266	53.92215
	10.9214	53.92215
	10.9208	53.92219
	10.91989	53.92238
	10.91882	53.92254
	10.91796	53.92272
	10.91689	53.9231
	10.91629	53.92328
	10.91567	53.92338
	10.91495	53.92352
	10.91476	53.92362
	10.91457	53.92383
	10.91428	53.92397
	10.91311	53.9241
	10.91223	53.924
	10.91175	53.92399
	10.91058	53.92372
	10.90998	53.92365
	10.90907	53.92347
	10.90876	53.92348
	10.90845	53.92361
	10.90783	53.92392
	10.90736	53.924
	10.90693	53.924
	10.90614	53.92395
	10.90545	53.92399
	10.90404	53.92395
	10.90358	53.92398
	10.90296	53.92389
	10.90165	53.92367
	10.90081	53.92358
	10.90026	53.92343
	10.89947	53.92304
	10.89916	53.9228
	10.89878	53.92233
	10.89861	53.92228
	10.89837	53.92232
	10.89701	53.92336
	10.89608	53.92395
	10.89549	53.9244
	10.89528	53.92466
	10.89487	53.92547
	10.89483	53.92569
	10.89482	53.92584
	10.89495	53.92687
	10.89504	53.92716
	10.89517	53.928
	10.89517	53.92942
	10.89534	53.92969
	10.89524	53.93004
	10.89534	53.93035
	10.89536	53.93059
	10.89525	53.93084
	10.8952	53.93107
	10.89515	53.93162
	10.89523	53.93202
	10.8954	53.93375
	10.89535	53.93419
	10.896	53.93514
	10.89617	53.93568
	10.89641	53.93596
	10.89732	53.93738
	10.8977	53.93776
	10.89931	53.93902
	10.89969	53.93927
	10.90007	53.93935
	10.90098	53.93982
	10.90153	53.94014
	10.90477	53.94251
	10.90496	53.94277
	10.90493	53.94318
	10.90506	53.94334
	10.90567	53.94353
	10.90623	53.94377
	10.90757	53.94452
	10.90778	53.94469
	10.9079	53.9449
	10.90804	53.945
	10.90843	53.94504
	10.90878	53.94519
	10.90922	53.94553
	10.90965	53.94596
	10.90984	53.94631
	10.90989	53.94669
	10.90984	53.94718
	10.90965	53.94785
	10.90949	53.94809
	10.90901	53.94837
	10.90872	53.94844
	10.90832	53.94848
	10.9082	53.94859
	10.90822	53.94893
	10.90834	53.94914
	10.90842	53.94947
	10.90863	53.94988
	10.90861	53.95034
	10.90852	53.95093
	10.90833	53.95134
	10.90811	53.95165
	10.9064	53.95282
	10.90528	53.95342
	10.90367	53.95416
	10.9037	53.95463
	10.90371	53.95601
	10.90367	53.95665
	10.90367	53.957
	10.90369	53.95705
	11.12381	54.10295
	11.67239	54.31523
	11.87654	54.44618
	12.82315	54.86171
	14.31402	55.07801
	14.22668	53.92899
	14.22658	53.92835
	14.22609	53.92774
	14.22594	53.92764
	14.22574	53.92746
	14.22534	53.92721
	14.22503	53.927
	14.21688	53.92172
	14.20924	53.91689
	14.20767	53.91592
	14.19685	53.91495
	14.19185	53.91568
	14.19078	53.916
	14.18957	53.91545
	14.18851	53.91531
	14.18691	53.91491
	14.18547	53.91427
	14.18528	53.91414
	14.18524	53.91404
	14.18535	53.91208
	14.19255	53.91215
	14.20569	53.9106
	14.20497	53.90959
	14.20392	53.90665
	14.20407	53.90656
	14.2054	53.90559
	14.20706	53.90432
	14.20861	53.90316
	14.21191	53.90066
	14.21208	53.90052
	14.2122	53.90035
	14.21224	53.90027
	14.21226	53.90016
	14.21229	53.89958
	14.21262	53.89656
	14.21272	53.89548
	14.21294	53.89358
	14.21318	53.89117
	14.21332	53.88992
	14.21338	53.88912
	14.21355	53.8875
	14.21355	53.88714
	14.2146	53.88342
	14.21514	53.88163
	14.21533	53.8811
	14.2154	53.88086
	14.21541	53.88067
	14.21531	53.88033
	14.21521	53.88017
	14.21479	53.87973
	14.21454	53.87937
	14.21451	53.87929
	14.21458	53.8784
	14.21453	53.87794
	14.21431	53.87706
	14.21411	53.87649
	14.21409	53.87637
	14.21415	53.87607
	14.21405	53.87554
	14.21406	53.8753
	14.21389	53.87489
	14.21374	53.87413
	14.21376	53.87375
	14.21374	53.87364
	14.21356	53.87314
	14.21353	53.873
	14.21355	53.87283
	14.2135	53.87227
	14.21316	53.87098
	14.21259	53.869
	14.21234	53.86804
	14.21234	53.86745
	14.21236	53.86728
	14.21251	53.86716
	14.21209	53.86687
	14.23952	53.83023
	14.25356	53.81196
	14.26396	53.79786
	14.27071	53.78993
	14.2836	53.7722
	14.26706	53.75345
	14.27357	53.74449
	14.2716	53.74071
	14.27265	53.73859
	14.27308	53.73766
	14.26837	53.70822
	14.27195	53.70586
	14.26782	53.70463
	14.26689	53.6987
	14.26734	53.69826
	14.26743	53.69801
	14.26765	53.69751
	14.26841	53.69709
	14.26866	53.69692
	14.269	53.69624
	14.27051	53.69553
	14.27073	53.69529
	14.27189	53.69377
	14.27196	53.69355
	14.27195	53.69339
	14.27174	53.69265
	14.27175	53.69258
	14.27212	53.69183
	14.2726	53.69111
	14.27281	53.69073
	14.27282	53.69052
	14.27275	53.69027
	14.27272	53.69021
	14.27235	53.69
	14.2722	53.68981
	14.27205	53.68958
	14.27207	53.68953
	14.27219	53.68944
	14.27244	53.68937
	14.27261	53.68936
	14.27375	53.68936
	14.27392	53.68935
	14.27421	53.6893
	14.27473	53.68909
	14.27512	53.68891
	14.27527	53.68868
	14.27528	53.68857
	14.27479	53.68743
	14.27484	53.68734
	14.27488	53.6873
	14.27556	53.68696
	14.27592	53.68677
	14.27601	53.68671
	14.27607	53.6865
	14.27612	53.68641
	14.27625	53.6863
	14.27651	53.68613
	14.27695	53.6859
	14.27786	53.68553
	14.279	53.68518
	14.27957	53.68496
	14.27973	53.68493
	14.28086	53.68486
	14.281	53.68483
	14.28118	53.68476
	14.28233	53.68417
	14.28248	53.68406
	14.28256	53.68397
	14.28277	53.68339
	14.28296	53.68322
	14.28308	53.68316
	14.28317	53.68313
	14.28321	53.68309
	14.28323	53.68295
	14.28362	53.68263
	14.28373	53.68258
	14.28374	53.68251
	14.28371	53.68241
	14.28369	53.68224
	14.28334	53.68165
	14.28327	53.68158
	14.28326	53.68154
	14.28345	53.68111
	14.28359	53.68046
	14.28359	53.6804
	14.28299	53.67911
	14.28288	53.67882
	14.28295	53.67871
	14.28301	53.67856
	14.28304	53.6781
	14.28316	53.67694
	14.28311	53.67683
	14.28291	53.67624
	14.28275	53.67598
	14.28261	53.67581
	14.28256	53.67559
	14.28259	53.67545
	14.28243	53.67456
	14.28225	53.6743
	14.28208	53.67416
	14.28155	53.67389
	14.28112	53.6736
	14.28101	53.67347
	14.281	53.67336
	14.28112	53.67326
	14.28117	53.6732
	14.28118	53.67312
	14.28115	53.67302
	14.28116	53.67292
	14.28072	53.6727
	14.28062	53.6727
	14.28036	53.67266
	14.28025	53.67262
	14.28014	53.67255
	14.27996	53.67252
	14.2798	53.67245
	14.27962	53.6723
	14.27957	53.67221
	14.27953	53.67219
	14.27942	53.67218
	14.27933	53.67216
	14.27926	53.67211
	14.27917	53.67198
	14.27887	53.67172
	14.27882	53.67164
	14.27882	53.67151
	14.27856	53.6712
	14.2779	53.67084
	14.27782	53.67084
	14.27767	53.67089
	14.27762	53.67089
	14.27752	53.67087
	14.27744	53.67084
	14.2774	53.67079
	14.27744	53.67063
	14.27735	53.67056
	14.27736	53.6705
	14.27734	53.67041
	14.27729	53.67037
	14.27719	53.67035
	14.27709	53.6703
	14.27709	53.67019
	14.27717	53.67002
	14.27727	53.66989
	14.2773	53.66982
	14.27725	53.66974
	14.27713	53.66965
	14.27693	53.66953
	14.27679	53.66947
	14.27663	53.66946
	14.27635	53.66948
	14.27626	53.66952
	14.27612	53.66968
	14.27597	53.6698
	14.27593	53.66982
	14.27582	53.66981
	14.27495	53.66959
	14.27474	53.66952
	14.27468	53.66946
	14.27462	53.66911
	14.27453	53.66902
	14.27444	53.66898
	14.27428	53.66894
	14.27411	53.66887
	14.27393	53.66877
	14.27385	53.66852
	14.27382	53.6685
	14.27358	53.66843
	14.27347	53.66842
	14.27336	53.66843
	14.27275	53.66811
	14.27265	53.66811
	14.27247	53.66814
	14.27241	53.66813
	14.27238	53.66809
	14.27235	53.66799
	14.27229	53.66795
	14.27219	53.66789
	14.27208	53.66787
	14.27189	53.66781
	14.2715	53.66756
	14.2715	53.66751
	14.27155	53.6674
	14.2716	53.66733
	14.27157	53.66728
	14.27148	53.66722
	14.27133	53.66716
	14.27124	53.66707
	14.27115	53.66695
	14.27102	53.66686
	14.2709	53.66682
	14.2708	53.6668
	14.27071	53.66674
	14.27067	53.66665
	14.27072	53.66657
	14.2708	53.66652
	14.27101	53.66647
	14.27106	53.66642
	14.27106	53.66629
	14.2708	53.66607
	14.27079	53.66601
	14.27082	53.66592
	14.27081	53.66569
	14.27083	53.66557
	14.2709	53.66537
	14.27106	53.6652
	14.27104	53.66494
	14.27106	53.66487
	14.27124	53.66456
	14.27131	53.66452
	14.27154	53.66451
	14.27164	53.66444
	14.27186	53.66412
	14.2719	53.66398
	14.27191	53.66383
	14.27224	53.66338
	14.27277	53.6632
	14.27286	53.66318
	14.27316	53.66315
	14.2733	53.6631
	14.27341	53.66308
	14.27361	53.66311
	14.27386	53.66313
	14.27433	53.66312
	14.27468	53.6629
	14.27478	53.66285
	14.27494	53.66279
	14.27501	53.66274
	14.27505	53.66265
	14.27526	53.66258
	14.27544	53.66256
	14.27554	53.66248
	14.27567	53.66244
	14.27585	53.66243
	14.27612	53.66245
	14.27625	53.66242
	14.27638	53.66243
	14.27657	53.66252
	14.27668	53.66253
	14.2768	53.6625
	14.2769	53.66254
	14.277	53.66265
	14.27728	53.6628
	14.27738	53.66279
	14.27753	53.66279
	14.27775	53.66286
	14.2778	53.66297
	14.27789	53.66303
	14.27802	53.66307
	14.27818	53.6631
	14.27849	53.66303
	14.27859	53.66304
	14.27867	53.66308
	14.27886	53.66313
	14.27896	53.66313
	14.2791	53.66307
	14.27933	53.66287
	14.27938	53.66286
	14.2795	53.66286
	14.27963	53.66288
	14.27971	53.66286
	14.2798	53.66282
	14.27982	53.66275
	14.27977	53.66269
	14.27967	53.66263
	14.2796	53.66252
	14.27967	53.66227
	14.27973	53.66215
	14.27992	53.66202
	14.28003	53.66189
	14.28027	53.66171
	14.28043	53.66161
	14.28061	53.6614
	14.28088	53.66133
	14.28114	53.66105
	14.28132	53.6609
	14.28164	53.66084
	14.28178	53.66074
	14.28192	53.66056
	14.28214	53.66048
	14.28247	53.66043
	14.28256	53.66037
	14.28285	53.66002
	14.28298	53.65994
	14.28329	53.65989
	14.28337	53.6598
	14.28339	53.65972
	14.28318	53.65947
	14.28317	53.65941
	14.28332	53.65932
	14.28372	53.65926
	14.28452	53.65897
	14.28475	53.65886
	14.28481	53.6586
	14.2847	53.65638
	14.28473	53.65492
	14.28461	53.64958
	14.28466	53.64846
	14.2846	53.64732
	14.28452	53.64407
	14.28368	53.63769
	14.28358	53.63706
	14.28361	53.63672
	14.28366	53.63445
	14.28397	53.63443
	14.28966	53.63101
	14.3003	53.62434
	14.30131	53.62368
	14.30363	53.62243
	14.31132	53.61844
	14.31702	53.61804
	14.31631	53.61249
	14.31595	53.60913
	14.31516	53.60323
	14.31445	53.59816
	14.31303	53.58875
	14.31207	53.58073
	14.3121	53.57969
	14.31217	53.57483
	14.31244	53.57153
	14.31262	53.56319
	14.30689	53.55859
	14.30531	53.55722
	14.30399	53.55584
	14.30242	53.55336
	14.30338	53.55295
	14.30484	53.5522
	14.30697	53.55132
	14.30701	53.55132
	14.30731	53.55116
	14.30644	53.5477
	14.30623	53.54578
	14.30575	53.54357
	14.3089	53.54152
	14.31387	53.53803
	14.31582	53.53675
	14.31902	53.53029
	14.31922	53.52973
	14.31908	53.52933
	14.31861	53.52861
	14.318	53.52793
	14.31726	53.52733
	14.31658	53.52645
	14.31647	53.52612
	14.31567	53.52509
	14.31595	53.52462
	14.31626	53.5237
	14.31799	53.52096
	14.31828	53.52024
	14.31899	53.52009
	14.31908	53.52009
	14.3203	53.51788
	14.32211	53.51507
	14.32332	53.51239
	14.32425	53.5104
	14.32486	53.50901
	14.32654	53.50479
	14.32694	53.50382
	14.3312	53.50174
	14.33216	53.50129
	14.34284	53.49877
	14.34547	53.49791
	14.35042	53.49609
	14.35073	53.49555
	14.35234	53.49216
	14.35364	53.48983
	14.35381	53.48859
	14.35359	53.48437
	14.35359	53.48278
	14.35421	53.47845
	14.35462	53.477
	14.35504	53.47475
	14.35572	53.4728
	14.3562	53.47158
	14.35679	53.47049
	14.35703	53.46962
	14.35709	53.46649
	14.35685	53.46386
	14.35641	53.46129
	14.35704	53.45993
	14.35757	53.45775
	14.358	53.45719
	14.35921	53.4568
	14.36073	53.45661
	14.36562	53.45676
	14.36678	53.45682
	14.3698	53.45653
	14.37067	53.45656
	14.37117	53.45589
	14.37148	53.4554
	14.37136	53.45423
	14.37116	53.45355
	14.37114	53.45297
	14.37074	53.45102
	14.37068	53.44921
	14.37115	53.44849
	14.37156	53.44802
	14.37167	53.44614
	14.37112	53.44324
	14.37102	53.44222
	14.37099	53.44111
	14.37079	53.43925
	14.37055	53.43786
	14.36922	53.43426
	14.36894	53.43327
	14.36867	53.4321
	14.36962	53.4243
	14.37012	53.4236
	14.37214	53.42033
	14.37307	53.41845
	14.3733	53.4173
	14.37353	53.41627
	14.37354	53.41589
	14.37347	53.41464
	14.37349	53.41204
	14.37344	53.41021
	14.37343	53.40915
	14.3735	53.40882
	14.37368	53.40842
	14.37804	53.40186
	14.38022	53.39932
	14.38567	53.39262
	14.38943	53.3878
	14.39161	53.3829
	14.39219	53.38132
	14.39294	53.37958
	14.39427	53.37699
	14.39493	53.37586
	14.39535	53.37434
	14.39599	53.3717
	14.39605	53.37137
	14.396	53.371
	14.39543	53.3684
	14.39495	53.36652
	14.39456	53.36508
	14.39404	53.36232
	14.39393	53.36065
	14.39333	53.35835
	14.39281	53.35752
	14.39191	53.35614
	14.39074	53.35397
	14.39073	53.35382
	14.39088	53.35367
	14.39288	53.35265
	14.3981	53.35062
	14.39997	53.3498
	14.40354	53.34794
	14.4045	53.34742
	14.40495	53.34665
	14.40553	53.34448
	14.40611	53.34265
	14.40684	53.33997
	14.40695	53.33947
	14.40705	53.33916
	14.40841	53.33563
	14.40912	53.33448
	14.4106	53.33241
	14.41125	53.33159
	14.41252	53.3295
END
END
