Hungary_Transdanubia
1
	16.11389	46.86906
	16.1155	46.87031
	16.1164	46.87056
	16.11747	46.87079
	16.11789	46.87119
	16.11846	46.87158
	16.11872	46.87191
	16.11925	46.87186
	16.11995	46.87194
	16.12086	46.87237
	16.12184	46.87257
	16.12245	46.87246
	16.12372	46.87196
	16.12373	46.87186
	16.12399	46.87185
	16.1244	46.8723
	16.12464	46.87284
	16.12493	46.87329
	16.12602	46.87329
	16.12641	46.87325
	16.1265	46.87326
	16.12674	46.87333
	16.12792	46.87404
	16.12855	46.87423
	16.12895	46.8745
	16.12906	46.87468
	16.12924	46.87479
	16.13019	46.87516
	16.13164	46.87521
	16.13192	46.87525
	16.13229	46.87541
	16.13291	46.87557
	16.13316	46.87574
	16.13378	46.87627
	16.13386	46.87638
	16.1339	46.87685
	16.13388	46.87709
	16.13391	46.87767
	16.13398	46.8779
	16.13416	46.87809
	16.13433	46.87823
	16.13487	46.87874
	16.13516	46.87899
	16.13564	46.87923
	16.13618	46.87958
	16.13648	46.87988
	16.13663	46.88007
	16.13662	46.88025
	16.13653	46.8805
	16.13647	46.88074
	16.13683	46.88127
	16.1371	46.88146
	16.13765	46.88204
	16.13771	46.88213
	16.13774	46.88229
	16.13775	46.88294
	16.13801	46.88372
	16.13862	46.88494
	16.13877	46.88516
	16.13897	46.88534
	16.13964	46.8856
	16.13979	46.88564
	16.13996	46.88565
	16.14027	46.88555
	16.14098	46.88546
	16.14134	46.88543
	16.14175	46.88529
	16.14217	46.88509
	16.14231	46.88506
	16.1429	46.88527
	16.14347	46.8854
	16.1445	46.88592
	16.14514	46.88604
	16.14521	46.88612
	16.14532	46.88653
	16.14568	46.88686
	16.14586	46.88697
	16.14615	46.88729
	16.14637	46.88757
	16.14649	46.88785
	16.14665	46.88799
	16.14722	46.8884
	16.14747	46.88864
	16.1478	46.88909
	16.14803	46.88953
	16.14851	46.89029
	16.14847	46.89077
	16.14854	46.89129
	16.14853	46.89162
	16.14855	46.89225
	16.14875	46.89286
	16.14873	46.89306
	16.14936	46.89308
	16.14992	46.89319
	16.15043	46.89322
	16.15088	46.89339
	16.15142	46.89349
	16.15217	46.89347
	16.1527	46.8935
	16.15297	46.89357
	16.15333	46.89364
	16.15398	46.89366
	16.15398	46.89401
	16.15384	46.89417
	16.15379	46.89439
	16.15392	46.89446
	16.15375	46.89505
	16.15364	46.89559
	16.15355	46.89569
	16.15347	46.89581
	16.15336	46.8964
	16.1537	46.89648
	16.15424	46.89642
	16.15472	46.89646
	16.15523	46.89642
	16.15547	46.89639
	16.15582	46.8964
	16.15717	46.8967
	16.15778	46.89682
	16.15796	46.89701
	16.15805	46.89714
	16.15827	46.89717
	16.15849	46.8973
	16.15832	46.89734
	16.15818	46.89743
	16.15816	46.89778
	16.15818	46.89801
	16.15827	46.89856
	16.15843	46.8988
	16.15857	46.89889
	16.15873	46.89891
	16.15879	46.89904
	16.15873	46.89921
	16.15878	46.9
	16.15901	46.9003
	16.15897	46.90046
	16.15914	46.9006
	16.15931	46.90065
	16.15986	46.90139
	16.15999	46.90149
	16.16015	46.90158
	16.16025	46.90169
	16.16024	46.90189
	16.16044	46.90197
	16.16062	46.90197
	16.16098	46.90191
	16.16153	46.90206
	16.16186	46.90221
	16.16205	46.90238
	16.16215	46.90279
	16.16213	46.90295
	16.16205	46.90318
	16.16204	46.9033
	16.16219	46.90331
	16.16249	46.90362
	16.16261	46.90401
	16.16259	46.90428
	16.16265	46.90454
	16.16301	46.90487
	16.16323	46.90481
	16.1636	46.90475
	16.16393	46.90473
	16.16418	46.90475
	16.16503	46.90444
	16.16543	46.90435
	16.16585	46.90417
	16.16647	46.90363
	16.1667	46.9035
	16.16771	46.9032
	16.16802	46.90353
	16.16824	46.90369
	16.16876	46.90426
	16.16928	46.90394
	16.16974	46.90372
	16.17002	46.90345
	16.17122	46.90345
	16.17139	46.90358
	16.1716	46.90398
	16.17163	46.90408
	16.17198	46.90465
	16.1722	46.90476
	16.17262	46.9051
	16.17287	46.90533
	16.17298	46.90537
	16.17333	46.90554
	16.17355	46.90567
	16.1737	46.90568
	16.17395	46.90579
	16.17415	46.9059
	16.17426	46.90601
	16.17471	46.90599
	16.17537	46.90578
	16.17572	46.90545
	16.17686	46.90579
	16.17731	46.90586
	16.17781	46.90598
	16.17843	46.90627
	16.17856	46.90641
	16.17873	46.90653
	16.17924	46.90665
	16.17905	46.90735
	16.17917	46.90777
	16.17931	46.90808
	16.17948	46.90827
	16.17977	46.90876
	16.17997	46.90924
	16.18012	46.90952
	16.18025	46.90998
	16.18029	46.91031
	16.18033	46.9109
	16.18051	46.9117
	16.18046	46.91209
	16.18047	46.91246
	16.18135	46.91355
	16.18152	46.91388
	16.18164	46.91478
	16.18179	46.91495
	16.18191	46.91505
	16.18216	46.91534
	16.18267	46.91618
	16.18313	46.91683
	16.18354	46.91735
	16.18368	46.9178
	16.18394	46.9185
	16.18429	46.91879
	16.18464	46.91905
	16.18495	46.91937
	16.18509	46.9196
	16.18531	46.91985
	16.18554	46.92002
	16.18587	46.9202
	16.18628	46.92045
	16.18666	46.92074
	16.18689	46.92104
	16.18694	46.92139
	16.1867	46.92171
	16.18721	46.92203
	16.18742	46.92226
	16.18769	46.9223
	16.18767	46.92298
	16.18777	46.92324
	16.18821	46.92373
	16.18844	46.9245
	16.18851	46.92486
	16.18862	46.92564
	16.18887	46.92575
	16.18912	46.92596
	16.18909	46.92615
	16.1896	46.92662
	16.18965	46.92675
	16.18962	46.92685
	16.18957	46.92722
	16.18966	46.92733
	16.18976	46.92751
	16.18974	46.92761
	16.19032	46.92776
	16.19015	46.92788
	16.19006	46.9281
	16.19009	46.92817
	16.19016	46.92878
	16.19026	46.92944
	16.19032	46.9295
	16.19046	46.92954
	16.19055	46.92972
	16.19057	46.92978
	16.19052	46.93002
	16.19101	46.93013
	16.19138	46.93019
	16.19175	46.93027
	16.1918	46.93042
	16.19191	46.93066
	16.19203	46.93084
	16.1926	46.93145
	16.19264	46.93169
	16.19264	46.93177
	16.19259	46.93193
	16.19261	46.93241
	16.19263	46.93247
	16.19271	46.93257
	16.19323	46.93308
	16.1933	46.93321
	16.19357	46.93412
	16.19357	46.93421
	16.19346	46.93443
	16.19344	46.93453
	16.1935	46.93483
	16.19364	46.93522
	16.19367	46.93535
	16.19367	46.93542
	16.19365	46.93549
	16.19337	46.93565
	16.19342	46.93572
	16.19358	46.93587
	16.19369	46.93593
	16.19379	46.93602
	16.19386	46.93617
	16.19406	46.93651
	16.19434	46.93679
	16.19531	46.93768
	16.1947	46.93785
	16.19501	46.9381
	16.19546	46.93857
	16.19563	46.93876
	16.19577	46.93898
	16.19594	46.9391
	16.1961	46.93916
	16.19634	46.93916
	16.19664	46.93909
	16.19686	46.93907
	16.19752	46.93906
	16.19762	46.9392
	16.19778	46.93948
	16.19768	46.93973
	16.19755	46.93995
	16.19755	46.94001
	16.19763	46.94018
	16.19781	46.9404
	16.19818	46.94042
	16.19863	46.94031
	16.19882	46.94021
	16.19895	46.94021
	16.19923	46.94046
	16.1993	46.94074
	16.19931	46.94084
	16.19928	46.94096
	16.19943	46.94112
	16.19965	46.94144
	16.1998	46.94171
	16.1999	46.9418
	16.2032	46.94219
	16.20339	46.94214
	16.20362	46.94195
	16.2037	46.94203
	16.20354	46.94224
	16.20592	46.94255
	16.20629	46.94206
	16.20567	46.94152
	16.20572	46.94139
	16.20583	46.94131
	16.20598	46.94129
	16.20628	46.94137
	16.20659	46.9415
	16.20668	46.94144
	16.20685	46.94099
	16.2069	46.94044
	16.20686	46.94035
	16.20655	46.94011
	16.20631	46.93999
	16.20643	46.93988
	16.20672	46.93966
	16.20688	46.93946
	16.2069	46.93939
	16.20718	46.93906
	16.20754	46.9389
	16.20769	46.93888
	16.20819	46.93892
	16.20836	46.93917
	16.20847	46.93941
	16.20876	46.93965
	16.20887	46.93972
	16.20901	46.93975
	16.20922	46.93985
	16.20946	46.94007
	16.20939	46.9402
	16.21007	46.94049
	16.21017	46.94029
	16.21019	46.94021
	16.21037	46.94027
	16.21053	46.94038
	16.21059	46.94053
	16.21063	46.94069
	16.21061	46.94088
	16.21056	46.941
	16.2104	46.9411
	16.20994	46.94135
	16.2096	46.94143
	16.2095	46.9415
	16.20937	46.94188
	16.20932	46.94218
	16.20955	46.94223
	16.2099	46.94241
	16.21003	46.9425
	16.2102	46.94246
	16.21034	46.94238
	16.21069	46.94212
	16.21103	46.94181
	16.21081	46.94158
	16.21071	46.9414
	16.21087	46.94132
	16.21101	46.94127
	16.21161	46.94112
	16.21155	46.94094
	16.21148	46.94065
	16.21151	46.94053
	16.21159	46.94039
	16.21174	46.94028
	16.21202	46.94017
	16.21224	46.94019
	16.21323	46.94055
	16.21343	46.94061
	16.2136	46.94064
	16.21385	46.94066
	16.21394	46.94046
	16.21389	46.94029
	16.21377	46.94006
	16.21375	46.93995
	16.21377	46.93975
	16.21399	46.93977
	16.21407	46.93982
	16.21465	46.94031
	16.21474	46.94036
	16.21498	46.94007
	16.21511	46.93987
	16.21512	46.93977
	16.21519	46.93967
	16.21555	46.9393
	16.21565	46.93923
	16.21591	46.93912
	16.21618	46.93907
	16.2164	46.93908
	16.21651	46.93911
	16.21661	46.93916
	16.21708	46.93972
	16.21701	46.9401
	16.21702	46.94041
	16.2171	46.94064
	16.21721	46.94085
	16.21733	46.9409
	16.21752	46.94089
	16.21763	46.94086
	16.21786	46.94073
	16.21795	46.94062
	16.21823	46.93998
	16.21819	46.93939
	16.21802	46.93904
	16.21796	46.93885
	16.21799	46.93863
	16.21825	46.93816
	16.21825	46.93805
	16.21814	46.93788
	16.21812	46.9378
	16.21814	46.93764
	16.2182	46.93751
	16.21784	46.93743
	16.21765	46.93736
	16.21761	46.93728
	16.21754	46.937
	16.21753	46.93681
	16.21761	46.93673
	16.21774	46.93671
	16.21779	46.93665
	16.21783	46.93646
	16.21773	46.9364
	16.21762	46.93639
	16.21746	46.93612
	16.21778	46.93605
	16.21836	46.93599
	16.21868	46.93593
	16.22002	46.93578
	16.22083	46.93575
	16.22145	46.93559
	16.22183	46.93555
	16.22214	46.93563
	16.22224	46.93575
	16.22233	46.9359
	16.22225	46.9361
	16.22216	46.93621
	16.22213	46.93631
	16.22229	46.93656
	16.22278	46.937
	16.22294	46.93719
	16.22312	46.93752
	16.22314	46.93791
	16.223	46.93821
	16.22284	46.9384
	16.22274	46.93849
	16.22274	46.93865
	16.22323	46.93937
	16.2235	46.93953
	16.22371	46.93957
	16.22375	46.93986
	16.22385	46.93999
	16.22409	46.94023
	16.22477	46.94013
	16.22491	46.94008
	16.2251	46.93982
	16.22585	46.94002
	16.22624	46.94015
	16.22643	46.94023
	16.22695	46.94061
	16.22716	46.94083
	16.22692	46.94107
	16.22689	46.94119
	16.2269	46.9413
	16.22698	46.94142
	16.22719	46.94147
	16.22735	46.94149
	16.22847	46.94141
	16.2291	46.94133
	16.2291	46.94143
	16.22896	46.94154
	16.22859	46.94194
	16.22848	46.94217
	16.22838	46.94244
	16.22833	46.94266
	16.22834	46.943
	16.22839	46.94316
	16.22981	46.9429
	16.23024	46.94284
	16.23029	46.94289
	16.23063	46.94298
	16.23123	46.94294
	16.23197	46.94276
	16.2321	46.94267
	16.23219	46.94248
	16.23213	46.94222
	16.23228	46.94196
	16.23241	46.9419
	16.23268	46.94194
	16.23281	46.94198
	16.2332	46.94218
	16.23344	46.94254
	16.23347	46.9429
	16.23347	46.94329
	16.23333	46.94366
	16.23338	46.94388
	16.23348	46.94402
	16.23368	46.94458
	16.23379	46.94479
	16.2339	46.94496
	16.23407	46.94508
	16.2344	46.94525
	16.2349	46.94544
	16.2355	46.94557
	16.2364	46.94555
	16.23692	46.9457
	16.23717	46.94592
	16.23749	46.94645
	16.23745	46.94665
	16.23755	46.94685
	16.23776	46.94698
	16.23842	46.94716
	16.2393	46.94727
	16.23962	46.94724
	16.24022	46.94702
	16.24149	46.94658
	16.2424	46.94646
	16.24324	46.94642
	16.24422	46.94613
	16.24444	46.94614
	16.24479	46.94624
	16.24484	46.94632
	16.24554	46.94665
	16.2457	46.94678
	16.24573	46.94693
	16.24569	46.94711
	16.24549	46.94739
	16.24544	46.94809
	16.24538	46.94824
	16.24495	46.94863
	16.245	46.94905
	16.24529	46.94931
	16.2457	46.94952
	16.24608	46.94957
	16.24634	46.94957
	16.24657	46.94953
	16.24669	46.94945
	16.2467	46.94938
	16.24692	46.94926
	16.2451	46.95211
	16.24504	46.95237
	16.24292	46.95599
	16.24948	46.96127
	16.24964	46.96126
	16.25532	46.96421
	16.2566	46.96377
	16.2579	46.96387
	16.25919	46.96393
	16.25936	46.96422
	16.25974	46.96415
	16.26243	46.96374
	16.26485	46.96317
	16.26677	46.96247
	16.26696	46.96236
	16.26806	46.96196
	16.26932	46.96118
	16.27192	46.96235
	16.27212	46.96218
	16.27229	46.96194
	16.27328	46.96193
	16.27435	46.96184
	16.27642	46.96263
	16.27642	46.96259
	16.27647	46.96261
	16.27668	46.9643
	16.27691	46.9653
	16.27744	46.96744
	16.27752	46.96868
	16.27747	46.97058
	16.27688	46.97213
	16.27689	46.97308
	16.27677	46.97395
	16.27693	46.97446
	16.27716	46.97493
	16.27705	46.97536
	16.27694	46.97543
	16.27665	46.97596
	16.27657	46.97621
	16.2766	46.97663
	16.27656	46.9771
	16.27663	46.97764
	16.27654	46.97782
	16.27652	46.9784
	16.27582	46.98095
	16.27568	46.98257
	16.27569	46.98279
	16.27802	46.98399
	16.27716	46.98647
	16.2768	46.98667
	16.27702	46.98777
	16.27841	46.9882
	16.27909	46.98875
	16.27955	46.98917
	16.2801	46.98994
	16.28037	46.99073
	16.2812	46.99252
	16.28194	46.99429
	16.2831	46.99684
	16.28345	46.99752
	16.283	46.99782
	16.28256	46.99835
	16.28199	46.99895
	16.28184	46.99979
	16.28189	47.0003
	16.28213	47.00079
	16.28253	47.00146
	16.28256	47.00255
	16.2827	47.00337
	16.2828	47.00427
	16.28354	47.0053
	16.28381	47.00582
	16.28446	47.00639
	16.28495	47.00706
	16.28602	47.00881
	16.28657	47.01026
	16.28678	47.01068
	16.28728	47.01129
	16.28772	47.01165
	16.28864	47.01245
	16.28875	47.01263
	16.28895	47.01313
	16.28931	47.01343
	16.28962	47.0136
	16.28977	47.01376
	16.29009	47.01396
	16.29062	47.01404
	16.29195	47.01396
	16.29259	47.01395
	16.29265	47.01359
	16.29277	47.01313
	16.29308	47.01277
	16.29323	47.01275
	16.29335	47.01279
	16.29351	47.01281
	16.29399	47.01267
	16.2944	47.0126
	16.29492	47.01244
	16.29584	47.01135
	16.29675	47.01036
	16.29742	47.01007
	16.29862	47.0095
	16.29886	47.00916
	16.29923	47.00869
	16.29944	47.0084
	16.2994	47.00815
	16.29887	47.00644
	16.29872	47.00606
	16.29871	47.00584
	16.29882	47.00561
	16.2991	47.00531
	16.29926	47.0052
	16.29935	47.00503
	16.29927	47.00498
	16.29898	47.00492
	16.29876	47.00486
	16.2985	47.00465
	16.29845	47.00456
	16.29846	47.00441
	16.2985	47.00426
	16.29844	47.00263
	16.29837	47.00234
	16.29851	47.00193
	16.2985	47.00173
	16.29856	47.00138
	16.29892	47.00097
	16.29935	47.00058
	16.29944	47.00053
	16.29986	47.00003
	16.30051	46.99956
	16.30087	46.99944
	16.3015	46.99914
	16.30229	46.99845
	16.30335	46.99827
	16.30411	46.99827
	16.30449	46.99834
	16.30454	46.99843
	16.30486	46.99856
	16.30529	46.9987
	16.30608	46.99888
	16.30711	46.99903
	16.3082	46.99897
	16.30876	46.99904
	16.30959	46.99908
	16.31058	46.99918
	16.31078	46.99923
	16.311	46.9994
	16.31135	46.99962
	16.31174	46.99979
	16.313	47.00015
	16.3143	47.00033
	16.31535	47.00031
	16.31587	47.00033
	16.31629	47.00047
	16.31705	47.00059
	16.31743	47.00068
	16.31764	47.00075
	16.31869	47.00103
	16.31904	47.00126
	16.32077	47.00199
	16.32249	47.00259
	16.324	47.00244
	16.32419	47.0024
	16.32479	47.00217
	16.32559	47.00177
	16.3266	47.00103
	16.32763	47.00054
	16.329	47.00013
	16.33209	46.99957
	16.33282	46.99935
	16.33355	46.99887
	16.33436	46.99843
	16.33572	46.99789
	16.33797	46.99712
	16.33946	46.99669
	16.34023	46.99665
	16.34082	46.9965
	16.34124	46.99645
	16.34152	46.99639
	16.34177	46.99617
	16.34212	46.99641
	16.34255	46.99656
	16.34336	46.99668
	16.34345	46.99687
	16.34349	46.9971
	16.34382	46.99789
	16.34411	46.99809
	16.34356	46.99844
	16.34283	46.99904
	16.34294	46.99909
	16.3436	46.99969
	16.34392	47.00013
	16.34451	47.00081
	16.34502	47.00125
	16.34475	47.00142
	16.34459	47.00154
	16.34461	47.00161
	16.34538	47.00218
	16.34502	47.00244
	16.34453	47.00277
	16.3442	47.00307
	16.34408	47.00329
	16.34384	47.00393
	16.34429	47.00432
	16.34459	47.00468
	16.34485	47.00496
	16.34537	47.00543
	16.34571	47.00592
	16.34601	47.0063
	16.34642	47.00664
	16.34666	47.00679
	16.34738	47.00711
	16.34755	47.00724
	16.34778	47.00747
	16.34789	47.00764
	16.34794	47.00776
	16.34807	47.00813
	16.34813	47.00843
	16.34828	47.0087
	16.34841	47.00886
	16.34842	47.00906
	16.34837	47.00931
	16.34828	47.00953
	16.34828	47.00962
	16.34877	47.00983
	16.34865	47.00956
	16.34873	47.00936
	16.34926	47.0086
	16.34975	47.00819
	16.35043	47.00776
	16.35175	47.00683
	16.35224	47.00651
	16.35265	47.00627
	16.35321	47.00605
	16.35442	47.00578
	16.35496	47.00564
	16.356	47.00501
	16.35693	47.00456
	16.35734	47.00441
	16.3576	47.00435
	16.35865	47.00438
	16.35872	47.0044
	16.35925	47.00465
	16.35935	47.00471
	16.35974	47.00506
	16.35994	47.00529
	16.35992	47.00555
	16.36008	47.00555
	16.36032	47.00557
	16.36051	47.00561
	16.36066	47.00566
	16.36088	47.00582
	16.36095	47.00592
	16.36103	47.00617
	16.36103	47.00626
	16.361	47.00634
	16.36102	47.00652
	16.36108	47.00663
	16.36232	47.00708
	16.36255	47.00714
	16.36271	47.00707
	16.36279	47.00702
	16.3629	47.00699
	16.36312	47.007
	16.36326	47.00703
	16.36341	47.00708
	16.3635	47.00713
	16.36358	47.0072
	16.36409	47.00738
	16.36444	47.0074
	16.36464	47.00737
	16.3647	47.00731
	16.36466	47.00722
	16.36473	47.00713
	16.36483	47.00708
	16.36505	47.00711
	16.36522	47.00693
	16.36538	47.00682
	16.36554	47.00673
	16.36594	47.00662
	16.36605	47.0066
	16.3662	47.00661
	16.36639	47.00651
	16.3668	47.00633
	16.36703	47.00636
	16.36727	47.00627
	16.36753	47.00602
	16.36758	47.00593
	16.36764	47.00574
	16.36765	47.00562
	16.36774	47.00539
	16.36786	47.00523
	16.36808	47.005
	16.36816	47.00486
	16.36808	47.00462
	16.36791	47.00449
	16.36774	47.00431
	16.36785	47.00418
	16.36793	47.00412
	16.36803	47.00413
	16.3681	47.0041
	16.3682	47.00392
	16.36879	47.00328
	16.3689	47.00309
	16.36933	47.00254
	16.36946	47.00248
	16.36961	47.00236
	16.36995	47.00204
	16.36994	47.00195
	16.37002	47.00184
	16.3702	47.00166
	16.37018	47.00141
	16.37024	47.00112
	16.37053	47.00081
	16.37074	47.00074
	16.3708	47.00049
	16.37117	47.00032
	16.37114	47.0002
	16.3714	46.99996
	16.37162	46.99962
	16.37201	46.99919
	16.37213	46.99912
	16.37222	46.99919
	16.3723	46.99915
	16.3723	46.99904
	16.37203	46.99898
	16.37197	46.99892
	16.37203	46.99887
	16.37213	46.99886
	16.3723	46.99892
	16.37244	46.9988
	16.37246	46.99871
	16.37253	46.99861
	16.37262	46.99854
	16.37287	46.9984
	16.37332	46.99844
	16.37375	46.99851
	16.37408	46.99862
	16.3745	46.99905
	16.37461	46.99922
	16.37519	46.99957
	16.37593	46.99996
	16.37615	47.00005
	16.37642	47.00012
	16.37678	47.00013
	16.37741	46.99997
	16.37803	46.99986
	16.3781	46.9998
	16.37818	46.99966
	16.37882	46.99939
	16.37944	46.99932
	16.37972	46.99916
	16.37988	46.99875
	16.38032	46.99896
	16.38106	46.99925
	16.38166	46.99928
	16.38309	46.99878
	16.38355	46.99904
	16.38373	46.99925
	16.38462	46.99966
	16.38522	46.99997
	16.38616	47.00026
	16.38652	47.00043
	16.38679	47.00053
	16.38758	47.00108
	16.38776	47.00119
	16.38803	47.00126
	16.38896	47.00141
	16.38932	47.00151
	16.38958	47.0016
	16.38996	47.00186
	16.39071	47.00221
	16.39086	47.00232
	16.39099	47.00245
	16.39127	47.00266
	16.39176	47.00295
	16.39269	47.00319
	16.39348	47.00333
	16.39481	47.00346
	16.39521	47.00357
	16.39533	47.00357
	16.39579	47.00353
	16.39621	47.00344
	16.39659	47.00339
	16.39724	47.0034
	16.39745	47.00342
	16.39762	47.00346
	16.39827	47.00365
	16.39874	47.00374
	16.399	47.00375
	16.3995	47.00388
	16.39966	47.00396
	16.39991	47.00395
	16.39992	47.00374
	16.39995	47.00358
	16.40004	47.00333
	16.40073	47.00349
	16.40149	47.00369
	16.40175	47.00379
	16.40191	47.0039
	16.402	47.00384
	16.40229	47.00377
	16.40274	47.00394
	16.40327	47.00408
	16.40366	47.00415
	16.4043	47.00422
	16.4054	47.00423
	16.40613	47.00425
	16.40664	47.00417
	16.40713	47.00402
	16.40763	47.00396
	16.40873	47.00411
	16.40918	47.00411
	16.40974	47.00408
	16.41079	47.00399
	16.4114	47.00426
	16.41175	47.00446
	16.41261	47.00474
	16.41297	47.00459
	16.41368	47.0041
	16.41411	47.00383
	16.41437	47.0035
	16.41447	47.00332
	16.41497	47.00283
	16.41569	47.00242
	16.41579	47.00232
	16.41596	47.00206
	16.4163	47.00183
	16.41668	47.00168
	16.41705	47.0014
	16.41758	47.00064
	16.41766	47.0005
	16.41769	47.00033
	16.4177	46.99996
	16.41767	46.99977
	16.4177	46.99959
	16.41816	46.99902
	16.41831	46.99878
	16.41845	46.99848
	16.41871	46.99805
	16.41877	46.99781
	16.41882	46.99745
	16.41896	46.99714
	16.41919	46.99687
	16.41987	46.99626
	16.42102	46.99579
	16.42195	46.99507
	16.42252	46.99478
	16.42304	46.99475
	16.42454	46.99462
	16.42527	46.99422
	16.42591	46.99367
	16.42664	46.99331
	16.42688	46.99323
	16.42749	46.99314
	16.428	46.9931
	16.42838	46.99305
	16.42902	46.99304
	16.42995	46.99292
	16.43048	46.99289
	16.43085	46.99289
	16.43144	46.99283
	16.43198	46.99273
	16.43216	46.99268
	16.43234	46.99267
	16.43265	46.9927
	16.43305	46.99277
	16.43365	46.99299
	16.4346	46.99331
	16.43507	46.9934
	16.43616	46.99341
	16.43706	46.99335
	16.43813	46.99318
	16.43916	46.99305
	16.4402	46.99318
	16.4421	46.99339
	16.44258	46.99334
	16.44308	46.99336
	16.44334	46.99331
	16.44356	46.99323
	16.44356	46.99318
	16.44548	46.99321
	16.44555	46.99336
	16.44603	46.99474
	16.44638	46.99569
	16.44653	46.99619
	16.44699	46.99933
	16.44657	47.00023
	16.44656	47.00046
	16.44643	47.00081
	16.44643	47.00101
	16.44622	47.00135
	16.44619	47.00214
	16.44608	47.00233
	16.4461	47.00255
	16.44657	47.00315
	16.44704	47.00325
	16.44747	47.00344
	16.44765	47.00356
	16.44782	47.00363
	16.44811	47.00354
	16.4483	47.00339
	16.44858	47.00328
	16.44874	47.00324
	16.44888	47.00327
	16.44906	47.0034
	16.44917	47.00351
	16.44925	47.00367
	16.44931	47.00374
	16.44941	47.00376
	16.44962	47.0037
	16.44975	47.00373
	16.44999	47.00386
	16.45011	47.00388
	16.45059	47.00369
	16.4511	47.0034
	16.45119	47.00339
	16.45127	47.0034
	16.45134	47.00343
	16.45138	47.0035
	16.45139	47.00366
	16.45135	47.00393
	16.4513	47.00405
	16.4513	47.00417
	16.45148	47.00428
	16.45158	47.00427
	16.45227	47.0041
	16.4525	47.00396
	16.4525	47.00384
	16.45234	47.00362
	16.45236	47.0034
	16.4524	47.0033
	16.45245	47.00323
	16.45262	47.00318
	16.45301	47.00316
	16.45368	47.00321
	16.4541	47.00329
	16.45436	47.00336
	16.45455	47.00335
	16.45455	47.00327
	16.45452	47.00316
	16.45417	47.00263
	16.45424	47.00252
	16.45442	47.00241
	16.45494	47.00225
	16.45527	47.00219
	16.45569	47.00213
	16.45604	47.00204
	16.45615	47.00198
	16.45624	47.00189
	16.45629	47.00173
	16.45632	47.00132
	16.45629	47.00117
	16.45638	47.0011
	16.45652	47.00109
	16.45733	47.00121
	16.45747	47.00121
	16.45774	47.00134
	16.45814	47.00141
	16.45824	47.00139
	16.45847	47.00131
	16.45858	47.00115
	16.45859	47.00073
	16.45864	47.0007
	16.45919	47.00059
	16.45948	47.00093
	16.45954	47.00102
	16.45956	47.00115
	16.45952	47.00127
	16.45938	47.00149
	16.45939	47.00179
	16.45941	47.00186
	16.45997	47.00175
	16.4604	47.00149
	16.46043	47.00143
	16.4604	47.00138
	16.46025	47.0013
	16.46011	47.00119
	16.4601	47.00111
	16.46026	47.00093
	16.46026	47.00063
	16.46018	47.00049
	16.46011	47.00042
	16.46008	47.00036
	16.46013	47.00029
	16.46019	47.00025
	16.46036	47.00018
	16.46141	47.00012
	16.46153	47.00007
	16.4618	46.99984
	16.46185	46.99956
	16.46179	46.99927
	16.46157	46.99892
	16.46163	46.99862
	16.46169	46.99857
	16.46177	46.99853
	16.46186	46.99855
	16.46201	46.99854
	16.46258	46.99836
	16.46274	46.99822
	16.46285	46.99792
	16.46283	46.99779
	16.46285	46.99763
	16.46297	46.99739
	16.46309	46.99732
	16.46318	46.99729
	16.46326	46.99736
	16.46338	46.99739
	16.46349	46.9973
	16.46355	46.99717
	16.46371	46.99708
	16.46387	46.99712
	16.4641	46.99725
	16.46432	46.99749
	16.46446	46.99772
	16.46455	46.99774
	16.46479	46.99771
	16.46536	46.99759
	16.46553	46.9975
	16.4656	46.99742
	16.46568	46.99726
	16.46576	46.9972
	16.46596	46.99718
	16.46604	46.99725
	16.46607	46.99745
	16.46601	46.99776
	16.46582	46.99815
	16.46585	46.99824
	16.46591	46.99829
	16.46603	46.99833
	16.46657	46.99832
	16.46676	46.99826
	16.46726	46.99805
	16.46742	46.99795
	16.4676	46.99778
	16.46769	46.99772
	16.46795	46.99766
	16.46842	46.99782
	16.4687	46.99793
	16.46903	46.99799
	16.46911	46.99799
	16.46938	46.9979
	16.4697	46.99767
	16.46982	46.99753
	16.46986	46.99737
	16.46992	46.99727
	16.47005	46.9972
	16.47014	46.99722
	16.47036	46.99734
	16.47048	46.99744
	16.47047	46.99751
	16.47066	46.99782
	16.47071	46.99785
	16.47089	46.99784
	16.47141	46.9977
	16.47179	46.99726
	16.47191	46.99704
	16.472	46.99701
	16.47232	46.997
	16.47269	46.99704
	16.47362	46.99734
	16.47381	46.99739
	16.47398	46.99734
	16.47418	46.99721
	16.47418	46.99716
	16.47404	46.99703
	16.47386	46.99691
	16.47386	46.99685
	16.47388	46.99672
	16.47407	46.9963
	16.47424	46.99611
	16.47435	46.99608
	16.47504	46.99598
	16.47523	46.99593
	16.47565	46.99572
	16.47585	46.99558
	16.47603	46.99551
	16.47625	46.99544
	16.47644	46.9954
	16.47658	46.99539
	16.4769	46.99531
	16.47709	46.99523
	16.47774	46.99508
	16.47789	46.99508
	16.47804	46.99513
	16.4781	46.99519
	16.4782	46.99525
	16.47842	46.99533
	16.47856	46.99532
	16.47865	46.9953
	16.47873	46.99519
	16.47873	46.99513
	16.47872	46.99507
	16.47861	46.99492
	16.47839	46.99477
	16.47813	46.99467
	16.47802	46.9946
	16.47794	46.9945
	16.47797	46.99443
	16.47828	46.9943
	16.47858	46.99428
	16.47892	46.99437
	16.47905	46.99437
	16.4791	46.99429
	16.47909	46.99424
	16.47894	46.99412
	16.47885	46.99408
	16.47879	46.99397
	16.47882	46.99391
	16.47921	46.99382
	16.47939	46.99384
	16.47952	46.99387
	16.4798	46.99398
	16.48015	46.9942
	16.48031	46.99454
	16.48049	46.99476
	16.48081	46.99497
	16.48094	46.99503
	16.48106	46.99502
	16.48122	46.99496
	16.4816	46.99479
	16.48171	46.99472
	16.48183	46.9946
	16.48192	46.9942
	16.48208	46.99413
	16.48221	46.99411
	16.48248	46.99417
	16.48307	46.99425
	16.48345	46.99422
	16.48367	46.99426
	16.48419	46.99456
	16.48441	46.99466
	16.4848	46.99481
	16.48512	46.99489
	16.48584	46.99518
	16.48626	46.9954
	16.4868	46.99571
	16.4869	46.99583
	16.48705	46.99634
	16.48717	46.99659
	16.48715	46.99685
	16.48716	46.99712
	16.48721	46.99721
	16.48743	46.99736
	16.48767	46.99743
	16.4879	46.99744
	16.48826	46.99742
	16.48864	46.99732
	16.48876	46.99733
	16.48883	46.99738
	16.48881	46.99758
	16.48867	46.99777
	16.48856	46.99799
	16.48845	46.99817
	16.48842	46.99831
	16.48848	46.99864
	16.48855	46.9988
	16.48867	46.99894
	16.48897	46.99907
	16.48937	46.99918
	16.48965	46.99923
	16.48976	46.99931
	16.48984	46.99953
	16.48938	46.99992
	16.48925	46.99998
	16.48906	47.00015
	16.48904	47.0002
	16.48906	47.00029
	16.48917	47.00038
	16.48939	47.00042
	16.48955	47.00038
	16.4898	47.00028
	16.49023	47.00015
	16.49046	47.0001
	16.49076	46.99999
	16.49097	46.99989
	16.49111	46.99977
	16.49151	46.99956
	16.4917	46.99954
	16.49193	46.99955
	16.49217	46.99962
	16.49242	46.99976
	16.49293	46.99995
	16.49308	46.99997
	16.49336	46.99996
	16.49365	46.99989
	16.49382	46.99971
	16.49383	46.9995
	16.49381	46.99945
	16.49361	46.99918
	16.49361	46.9991
	16.49363	46.99906
	16.4937	46.999
	16.49398	46.99887
	16.49448	46.99868
	16.49494	46.99862
	16.49524	46.99861
	16.49562	46.99858
	16.49596	46.99852
	16.49637	46.99835
	16.49674	46.99825
	16.49701	46.9982
	16.49751	46.99833
	16.49809	46.99854
	16.49817	46.99859
	16.49866	46.99874
	16.49894	46.99875
	16.49928	46.99868
	16.49951	46.99869
	16.49981	46.99879
	16.49996	46.9989
	16.50044	46.99918
	16.50061	46.99925
	16.50086	46.99928
	16.50144	46.99929
	16.50156	46.99935
	16.50187	46.99957
	16.50207	46.99973
	16.50241	47.00009
	16.50234	47.0003
	16.50229	47.00059
	16.50228	47.00079
	16.50232	47.00088
	16.50248	47.00102
	16.50256	47.00113
	16.50261	47.00133
	16.5027	47.00141
	16.50287	47.00142
	16.50303	47.00138
	16.50342	47.00104
	16.50348	47.00092
	16.50356	47.00088
	16.50374	47.00085
	16.50383	47.0009
	16.50395	47.00105
	16.50399	47.00117
	16.50397	47.00154
	16.50392	47.0017
	16.50399	47.00175
	16.50407	47.00177
	16.50421	47.00176
	16.50449	47.00167
	16.50479	47.00152
	16.50506	47.00122
	16.5051	47.00105
	16.50505	47.0007
	16.50507	47.00062
	16.50534	47.00044
	16.50555	47.00034
	16.50569	47.00033
	16.50586	47.00043
	16.50593	47.001
	16.50584	47.00123
	16.50582	47.0014
	16.50585	47.00148
	16.50601	47.00158
	16.50634	47.00155
	16.50652	47.00151
	16.50678	47.00135
	16.50686	47.0012
	16.50685	47.0011
	16.50681	47.00104
	16.50663	47.00093
	16.50658	47.00085
	16.50659	47.00073
	16.50666	47.00067
	16.50676	47.00067
	16.50693	47.00078
	16.50706	47.00101
	16.50719	47.00101
	16.50726	47.00097
	16.50736	47.00088
	16.50755	47.00087
	16.50772	47.00096
	16.50776	47.00103
	16.5077	47.00119
	16.50774	47.00127
	16.50791	47.00132
	16.50816	47.00131
	16.50847	47.00118
	16.50867	47.00103
	16.50864	47.00096
	16.50865	47.00087
	16.50874	47.0008
	16.50883	47.00078
	16.50894	47.00079
	16.50928	47.00063
	16.50962	47.00043
	16.5099	47.0004
	16.51005	47.00043
	16.5107	47.00062
	16.51155	47.0009
	16.51155	47.00164
	16.51188	47.00159
	16.5122	47.00157
	16.51232	47.00159
	16.51234	47.00193
	16.51236	47.0035
	16.51219	47.00344
	16.51206	47.00337
	16.51189	47.00335
	16.51179	47.00337
	16.51154	47.00354
	16.51143	47.00357
	16.51075	47.00368
	16.50982	47.00358
	16.50965	47.00358
	16.50926	47.00363
	16.50887	47.00358
	16.50868	47.00361
	16.50833	47.00382
	16.50801	47.00403
	16.50772	47.00425
	16.50767	47.00431
	16.5076	47.00449
	16.5074	47.00461
	16.50724	47.00466
	16.50715	47.00472
	16.50711	47.00482
	16.50694	47.00503
	16.50663	47.00528
	16.50642	47.0054
	16.50611	47.00574
	16.5059	47.0059
	16.50572	47.00596
	16.50558	47.00603
	16.50545	47.00613
	16.50516	47.00649
	16.50482	47.00668
	16.50453	47.00677
	16.50423	47.007
	16.50377	47.00721
	16.5035	47.00732
	16.50307	47.00746
	16.50188	47.00795
	16.50153	47.00812
	16.50035	47.00859
	16.49972	47.00875
	16.4985	47.00927
	16.49836	47.00935
	16.49744	47.00959
	16.49709	47.00977
	16.49694	47.00991
	16.49675	47.01001
	16.49642	47.01014
	16.49614	47.0102
	16.49593	47.0102
	16.49541	47.01024
	16.49492	47.01014
	16.49466	47.01012
	16.49368	47.01014
	16.49308	47.01014
	16.49277	47.01008
	16.49265	47.01009
	16.4925	47.01019
	16.49242	47.01031
	16.4923	47.01061
	16.49213	47.01087
	16.49175	47.01132
	16.49151	47.01172
	16.49137	47.01213
	16.49123	47.01233
	16.491	47.01242
	16.49063	47.01241
	16.49034	47.01237
	16.49023	47.01239
	16.49009	47.01245
	16.48963	47.0127
	16.48929	47.01294
	16.48886	47.01332
	16.4888	47.01345
	16.48876	47.0138
	16.48867	47.01418
	16.48855	47.01452
	16.4885	47.01461
	16.48825	47.0147
	16.48803	47.01473
	16.48787	47.01471
	16.4875	47.01472
	16.48722	47.01483
	16.48691	47.01504
	16.4867	47.01524
	16.48662	47.01544
	16.48672	47.01563
	16.48674	47.01574
	16.48671	47.0159
	16.48665	47.01594
	16.48649	47.01609
	16.48635	47.01637
	16.48641	47.01655
	16.48634	47.01662
	16.48578	47.01689
	16.48543	47.01703
	16.48516	47.0173
	16.48504	47.01739
	16.4849	47.01747
	16.48454	47.01745
	16.48437	47.01752
	16.48427	47.01764
	16.48412	47.01775
	16.48392	47.01783
	16.48365	47.01804
	16.48354	47.0185
	16.4835	47.01877
	16.48349	47.01899
	16.48363	47.0194
	16.48372	47.01954
	16.48383	47.01978
	16.48379	47.01995
	16.48368	47.02009
	16.48338	47.02035
	16.48301	47.02054
	16.48251	47.02095
	16.48235	47.0212
	16.48236	47.02137
	16.48222	47.02154
	16.48211	47.02176
	16.48216	47.02195
	16.4821	47.02212
	16.48197	47.02235
	16.48194	47.02246
	16.4822	47.02268
	16.48183	47.0226
	16.47773	47.02135
	16.47617	47.02482
	16.47511	47.02728
	16.47222	47.02831
	16.47143	47.0283
	16.47114	47.02823
	16.47051	47.02805
	16.47009	47.0285
	16.46977	47.02877
	16.46941	47.02899
	16.46918	47.02908
	16.469	47.02908
	16.4689	47.02904
	16.46806	47.02962
	16.46768	47.02966
	16.46745	47.02983
	16.46669	47.03047
	16.46662	47.03055
	16.46637	47.031
	16.4662	47.03117
	16.46586	47.03101
	16.4653	47.03067
	16.46505	47.03049
	16.46494	47.03056
	16.46488	47.03077
	16.46468	47.03104
	16.46402	47.03174
	16.46374	47.03215
	16.46365	47.03225
	16.46338	47.03223
	16.46313	47.03214
	16.46276	47.03195
	16.46164	47.03155
	16.46085	47.03121
	16.46009	47.03085
	16.45997	47.03087
	16.45951	47.03072
	16.45928	47.0306
	16.45853	47.03011
	16.4581	47.0298
	16.45739	47.02928
	16.45604	47.02824
	16.45453	47.02726
	16.45292	47.02615
	16.45215	47.02574
	16.45188	47.02562
	16.45105	47.02518
	16.45058	47.02487
	16.44999	47.02443
	16.44937	47.02385
	16.44887	47.02344
	16.44827	47.023
	16.44779	47.02267
	16.44513	47.0254
	16.44472	47.02567
	16.44142	47.02798
	16.43889	47.02972
	16.43914	47.03002
	16.43982	47.03068
	16.44018	47.03097
	16.44032	47.0311
	16.44044	47.03132
	16.44066	47.03156
	16.44095	47.03181
	16.4411	47.032
	16.4416	47.03237
	16.44248	47.03312
	16.44406	47.03441
	16.44406	47.03446
	16.44384	47.03455
	16.44209	47.03513
	16.44056	47.03574
	16.4402	47.03592
	16.44067	47.03651
	16.44112	47.03686
	16.44169	47.03722
	16.44242	47.03751
	16.44265	47.03758
	16.44294	47.03772
	16.44311	47.03783
	16.44326	47.03798
	16.44341	47.03809
	16.44368	47.03823
	16.44423	47.03842
	16.44463	47.03859
	16.44507	47.03873
	16.44568	47.03889
	16.44572	47.03893
	16.44581	47.03897
	16.44645	47.03912
	16.44693	47.03928
	16.44799	47.03955
	16.44877	47.03971
	16.44897	47.03971
	16.44929	47.03974
	16.44983	47.03983
	16.45017	47.03994
	16.45034	47.03997
	16.45124	47.0401
	16.45204	47.04012
	16.45494	47.04023
	16.45545	47.04019
	16.45566	47.04019
	16.45624	47.04026
	16.4565	47.04066
	16.4566	47.04089
	16.45851	47.04266
	16.45884	47.04278
	16.45947	47.04285
	16.4607	47.04289
	16.46103	47.04295
	16.4614	47.04307
	16.46129	47.0433
	16.46423	47.0433
	16.46525	47.04328
	16.46583	47.04389
	16.46611	47.04371
	16.46626	47.04347
	16.46642	47.04344
	16.46668	47.04349
	16.46682	47.04354
	16.46706	47.0433
	16.46743	47.04297
	16.46751	47.04289
	16.46785	47.04299
	16.46866	47.04324
	16.46909	47.04342
	16.46996	47.04391
	16.47095	47.04413
	16.47096	47.04423
	16.47093	47.04439
	16.47094	47.0446
	16.47099	47.04467
	16.4712	47.04481
	16.47129	47.04492
	16.47144	47.04498
	16.47182	47.04503
	16.47235	47.04514
	16.47269	47.04525
	16.47294	47.04541
	16.47309	47.04557
	16.473	47.04572
	16.47298	47.04594
	16.47308	47.04607
	16.47364	47.04629
	16.47378	47.04626
	16.47389	47.04618
	16.47419	47.04615
	16.47584	47.04679
	16.4779	47.0471
	16.47896	47.04721
	16.4795	47.04725
	16.4805	47.04734
	16.48234	47.04758
	16.48412	47.04785
	16.48436	47.04699
	16.48439	47.04699
	16.48439	47.04698
	16.48544	47.04717
	16.48604	47.04724
	16.48609	47.04708
	16.4865	47.04719
	16.487	47.04737
	16.48741	47.04756
	16.48851	47.04782
	16.48857	47.04765
	16.49011	47.04781
	16.49014	47.04789
	16.49191	47.04823
	16.49274	47.0483
	16.49361	47.04849
	16.49357	47.04909
	16.4945	47.04908
	16.49461	47.04916
	16.49486	47.04917
	16.49606	47.04891
	16.49683	47.04868
	16.49777	47.04849
	16.49804	47.04857
	16.49843	47.04872
	16.50007	47.04966
	16.50051	47.04996
	16.50045	47.0503
	16.5005	47.05039
	16.50085	47.05071
	16.50189	47.05071
	16.50272	47.05066
	16.50333	47.05055
	16.5035	47.05035
	16.5037	47.0502
	16.50512	47.05
	16.50654	47.04964
	16.50664	47.04957
	16.50692	47.04973
	16.50883	47.05035
	16.50971	47.05062
	16.51133	47.05141
	16.51216	47.0518
	16.51288	47.05236
	16.51362	47.05304
	16.51424	47.05364
	16.51512	47.05407
	16.51554	47.05435
	16.51654	47.0548
	16.51832	47.05535
	16.51941	47.05578
	16.52056	47.05621
	16.52021	47.05652
	16.52079	47.05687
	16.52093	47.05697
	16.52058	47.05773
	16.5206	47.05975
	16.52057	47.06049
	16.52045	47.06155
	16.51927	47.06213
	16.51809	47.0626
	16.51688	47.06297
	16.51652	47.06316
	16.51572	47.06353
	16.51424	47.06408
	16.51277	47.06487
	16.51268	47.06495
	16.51248	47.06509
	16.51116	47.06566
	16.51007	47.06628
	16.50773	47.06699
	16.50527	47.06777
	16.50306	47.06827
	16.50287	47.06839
	16.50188	47.06895
	16.50114	47.06929
	16.50017	47.06969
	16.49917	47.06987
	16.49885	47.06997
	16.49836	47.07018
	16.49757	47.07012
	16.49712	47.07002
	16.49658	47.07042
	16.49596	47.07024
	16.49584	47.07052
	16.49432	47.07014
	16.49418	47.07042
	16.49405	47.07055
	16.49286	47.0703
	16.49205	47.07016
	16.49161	47.07059
	16.49109	47.0705
	16.48988	47.07002
	16.48913	47.06969
	16.48854	47.06951
	16.48759	47.06894
	16.48743	47.06886
	16.4873	47.06882
	16.48705	47.06887
	16.48627	47.07036
	16.48468	47.07002
	16.48398	47.07127
	16.48372	47.0716
	16.48431	47.07178
	16.48413	47.07206
	16.48389	47.07235
	16.48275	47.07206
	16.48256	47.0725
	16.48294	47.07258
	16.48277	47.07329
	16.48261	47.07385
	16.48265	47.07406
	16.48337	47.07423
	16.48276	47.07482
	16.48248	47.07502
	16.4811	47.07492
	16.47891	47.07456
	16.47739	47.07429
	16.47672	47.07422
	16.47665	47.07415
	16.47657	47.07412
	16.476	47.07409
	16.47489	47.07411
	16.4741	47.07396
	16.47306	47.0736
	16.47291	47.07359
	16.47274	47.07406
	16.47265	47.07442
	16.47251	47.07463
	16.47243	47.07483
	16.47243	47.07523
	16.47232	47.07538
	16.47224	47.07555
	16.47218	47.07581
	16.47221	47.07597
	16.47219	47.07604
	16.47184	47.07652
	16.47142	47.07685
	16.47115	47.07685
	16.471	47.07691
	16.471	47.07706
	16.47084	47.07742
	16.47084	47.0782
	16.4714	47.07961
	16.47161	47.07988
	16.47175	47.08002
	16.47179	47.08013
	16.47182	47.08026
	16.4718	47.08043
	16.47183	47.08103
	16.47195	47.08105
	16.47212	47.08101
	16.47219	47.08102
	16.47228	47.08109
	16.47232	47.08117
	16.47215	47.08124
	16.47203	47.08134
	16.47199	47.08138
	16.47203	47.08146
	16.47246	47.0816
	16.47259	47.08161
	16.47266	47.08157
	16.47267	47.08147
	16.47256	47.08135
	16.47255	47.0813
	16.47259	47.08123
	16.47269	47.08117
	16.47278	47.08115
	16.47331	47.08112
	16.47353	47.08114
	16.47363	47.08125
	16.47398	47.08179
	16.47402	47.08196
	16.47389	47.08198
	16.47376	47.08192
	16.47356	47.08193
	16.47473	47.08532
	16.47424	47.08557
	16.47395	47.0858
	16.47351	47.08624
	16.47342	47.08655
	16.4733	47.08667
	16.47298	47.08692
	16.47285	47.08707
	16.47276	47.08713
	16.47261	47.08718
	16.47227	47.08722
	16.4713	47.08686
	16.47099	47.0868
	16.47078	47.0868
	16.47063	47.0869
	16.47049	47.08723
	16.46924	47.08767
	16.4688	47.08805
	16.46849	47.08815
	16.46835	47.08829
	16.46837	47.08875
	16.46847	47.08902
	16.46851	47.08949
	16.46843	47.08969
	16.46835	47.08974
	16.46802	47.08969
	16.46805	47.08957
	16.46796	47.08952
	16.46761	47.08939
	16.46718	47.08933
	16.46672	47.08939
	16.46649	47.08937
	16.46638	47.08929
	16.46599	47.08931
	16.46616	47.08986
	16.46637	47.09011
	16.4665	47.09049
	16.46646	47.09111
	16.46602	47.09175
	16.46547	47.09213
	16.46521	47.09221
	16.46498	47.09261
	16.46465	47.09293
	16.46392	47.09411
	16.4637	47.09468
	16.46335	47.09497
	16.46634	47.09575
	16.46462	47.09895
	16.46867	47.09976
	16.4726	47.10056
	16.47261	47.10072
	16.47256	47.10084
	16.47242	47.10099
	16.47225	47.10121
	16.47212	47.10151
	16.47196	47.10171
	16.47172	47.10206
	16.47247	47.10284
	16.47465	47.10516
	16.47476	47.1052
	16.47519	47.10497
	16.47564	47.10442
	16.47629	47.10324
	16.4765	47.10301
	16.47665	47.1029
	16.47701	47.10251
	16.47746	47.10193
	16.47766	47.10158
	16.47767	47.10143
	16.47813	47.10148
	16.47941	47.10171
	16.48474	47.1026
	16.48401	47.10509
	16.48287	47.10876
	16.48523	47.10896
	16.50072	47.1102
	16.49988	47.12342
	16.5	47.12343
	16.50096	47.12364
	16.50316	47.12364
	16.50499	47.12371
	16.50561	47.12375
	16.50721	47.12395
	16.50953	47.12393
	16.51551	47.1247
	16.51776	47.1252
	16.51886	47.12552
	16.52056	47.12597
	16.52203	47.1263
	16.52346	47.12646
	16.52568	47.12662
	16.52782	47.12701
	16.52934	47.12724
	16.52925	47.12969
	16.52898	47.13442
	16.52878	47.13732
	16.52656	47.13688
	16.52266	47.14
	16.52211	47.14147
	16.52151	47.14241
	16.52104	47.14324
	16.52015	47.14461
	16.51977	47.1456
	16.51959	47.14594
	16.51696	47.14905
	16.51677	47.14933
	16.51429	47.14948
	16.50905	47.14956
	16.50635	47.14949
	16.50333	47.14923
	16.49853	47.14914
	16.49573	47.14923
	16.49329	47.14897
	16.49047	47.14885
	16.48804	47.14852
	16.48534	47.14778
	16.48061	47.1461
	16.47979	47.14587
	16.47872	47.14531
	16.47792	47.14494
	16.47687	47.14457
	16.47488	47.14409
	16.47314	47.14375
	16.47149	47.14334
	16.47129	47.14327
	16.46921	47.14281
	16.46835	47.1427
	16.46796	47.14277
	16.4677	47.14291
	16.46755	47.14292
	16.46697	47.14283
	16.46632	47.14279
	16.46089	47.14201
	16.45915	47.14194
	16.45902	47.14305
	16.45818	47.14278
	16.45639	47.14245
	16.45517	47.14238
	16.4543	47.1423
	16.4526	47.14523
	16.45199	47.14505
	16.45128	47.1448
	16.45114	47.14488
	16.45106	47.14501
	16.45087	47.14514
	16.45062	47.14522
	16.45022	47.14531
	16.44991	47.14545
	16.4498	47.14557
	16.44984	47.14564
	16.45004	47.14577
	16.45012	47.14594
	16.45009	47.14607
	16.45016	47.1462
	16.45023	47.14625
	16.45028	47.14632
	16.4503	47.14641
	16.45025	47.14661
	16.45021	47.1467
	16.44905	47.15187
	16.44916	47.15196
	16.44945	47.15208
	16.4498	47.15219
	16.45051	47.15232
	16.45081	47.15245
	16.45131	47.1529
	16.45132	47.15296
	16.45193	47.15341
	16.45186	47.15346
	16.45189	47.15457
	16.45205	47.15504
	16.45312	47.15772
	16.45824	47.15726
	16.45823	47.15741
	16.45816	47.15755
	16.45811	47.15791
	16.45822	47.15828
	16.46058	47.15907
	16.46057	47.15923
	16.46016	47.16048
	16.46024	47.16103
	16.46236	47.16147
	16.46221	47.16203
	16.46218	47.16235
	16.462	47.16268
	16.46178	47.16287
	16.46135	47.16309
	16.46093	47.16333
	16.46077	47.1638
	16.46077	47.1642
	16.46081	47.16454
	16.46104	47.16514
	16.46117	47.16555
	16.46109	47.16581
	16.46099	47.16603
	16.46061	47.16651
	16.46062	47.16686
	16.461	47.16748
	16.46428	47.1682
	16.46433	47.16841
	16.46374	47.16978
	16.46337	47.17092
	16.46318	47.17091
	16.46286	47.17083
	16.46234	47.17063
	16.46226	47.17065
	16.46144	47.17201
	16.4611	47.17274
	16.46097	47.17311
	16.46075	47.17347
	16.46068	47.17355
	16.46037	47.17422
	16.46014	47.1746
	16.45994	47.17489
	16.45941	47.17639
	16.4593	47.17655
	16.45893	47.17646
	16.45787	47.17686
	16.45736	47.17678
	16.45685	47.17847
	16.45661	47.17935
	16.45625	47.17999
	16.45614	47.18038
	16.45542	47.18127
	16.4552	47.18172
	16.45486	47.18232
	16.45475	47.18268
	16.45447	47.18308
	16.45405	47.18362
	16.45382	47.18405
	16.45373	47.1844
	16.45372	47.18488
	16.45369	47.18523
	16.45371	47.18559
	16.45363	47.18591
	16.45349	47.18608
	16.45311	47.18627
	16.45347	47.1864
	16.45393	47.18668
	16.45434	47.18691
	16.45488	47.18731
	16.45491	47.18739
	16.45481	47.18756
	16.45449	47.18786
	16.45432	47.188
	16.45332	47.18813
	16.4532	47.18812
	16.45271	47.18801
	16.45257	47.1879
	16.45243	47.18783
	16.45227	47.18791
	16.45176	47.18769
	16.45166	47.18758
	16.45141	47.18744
	16.45101	47.18739
	16.45082	47.18771
	16.45084	47.18819
	16.45076	47.18829
	16.45	47.18808
	16.44935	47.18795
	16.44831	47.18768
	16.44624	47.18723
	16.44518	47.18688
	16.4445	47.18661
	16.44324	47.18615
	16.44275	47.18591
	16.44231	47.18556
	16.44167	47.18525
	16.44122	47.18517
	16.44067	47.18512
	16.43933	47.18506
	16.43865	47.18505
	16.43628	47.18484
	16.43548	47.18475
	16.43386	47.18459
	16.43309	47.18453
	16.43268	47.18456
	16.43188	47.18472
	16.4317	47.18481
	16.43137	47.18486
	16.43087	47.1849
	16.43063	47.18486
	16.43049	47.18468
	16.42971	47.18461
	16.4293	47.18468
	16.42908	47.18474
	16.4288	47.18488
	16.42881	47.18496
	16.42821	47.18506
	16.42764	47.18544
	16.4274	47.18558
	16.42739	47.18572
	16.42716	47.18604
	16.427	47.18622
	16.42688	47.18631
	16.42609	47.18711
	16.42601	47.18724
	16.42602	47.18739
	16.42586	47.18755
	16.42576	47.18759
	16.42561	47.18773
	16.42514	47.18835
	16.42507	47.18855
	16.42511	47.18862
	16.42509	47.1887
	16.42501	47.18887
	16.4247	47.18913
	16.42438	47.18948
	16.42401	47.18994
	16.42392	47.19
	16.42368	47.19024
	16.42284	47.19159
	16.42208	47.1922
	16.42199	47.19232
	16.42185	47.1926
	16.42164	47.19289
	16.42038	47.19435
	16.42026	47.19445
	16.42004	47.19459
	16.41967	47.19478
	16.4195	47.19491
	16.41968	47.19526
	16.41988	47.19546
	16.42002	47.19557
	16.42039	47.19596
	16.42079	47.19674
	16.42108	47.19713
	16.42117	47.1972
	16.42123	47.19728
	16.42108	47.19766
	16.42056	47.19868
	16.42004	47.19977
	16.41938	47.2009
	16.41926	47.20101
	16.41889	47.2013
	16.41881	47.20134
	16.41871	47.20143
	16.41872	47.20156
	16.41857	47.2019
	16.41852	47.20194
	16.4183	47.20238
	16.41833	47.20271
	16.41838	47.20285
	16.41821	47.20398
	16.41812	47.20446
	16.41803	47.20465
	16.41783	47.20476
	16.41762	47.20479
	16.41752	47.20482
	16.41739	47.20499
	16.41736	47.20515
	16.4169	47.20534
	16.41698	47.20559
	16.41699	47.20586
	16.41715	47.2063
	16.41745	47.20667
	16.4177	47.20688
	16.41789	47.20732
	16.41779	47.20742
	16.4181	47.2079
	16.41836	47.20827
	16.41862	47.20891
	16.41868	47.20939
	16.41862	47.20957
	16.41874	47.21006
	16.41893	47.21062
	16.41913	47.21084
	16.41941	47.21103
	16.41956	47.21107
	16.41996	47.2111
	16.42031	47.21103
	16.42098	47.21076
	16.42103	47.21068
	16.42092	47.2106
	16.4213	47.21028
	16.42202	47.20896
	16.42204	47.20885
	16.42196	47.20848
	16.42177	47.20827
	16.42179	47.20801
	16.42192	47.20787
	16.42204	47.2078
	16.42226	47.20802
	16.42265	47.20786
	16.42339	47.20775
	16.42438	47.20781
	16.42513	47.20832
	16.42546	47.20872
	16.426	47.20911
	16.42624	47.20914
	16.42701	47.20953
	16.42763	47.20976
	16.42776	47.2099
	16.42837	47.21012
	16.42874	47.21017
	16.42987	47.21012
	16.43073	47.21025
	16.43175	47.21026
	16.43212	47.21019
	16.43259	47.20999
	16.43276	47.21007
	16.43349	47.21003
	16.43433	47.21003
	16.43493	47.20984
	16.43661	47.20994
	16.43669	47.21047
	16.43667	47.21067
	16.43651	47.21082
	16.43618	47.21105
	16.4362	47.2115
	16.43612	47.21182
	16.4353	47.21219
	16.43529	47.21283
	16.43521	47.21318
	16.43513	47.21339
	16.43521	47.21369
	16.43518	47.21481
	16.435	47.21541
	16.43502	47.21552
	16.43523	47.216
	16.43552	47.21641
	16.43633	47.21649
	16.43725	47.21665
	16.43761	47.21661
	16.43803	47.21684
	16.4383	47.21702
	16.43844	47.21721
	16.4387	47.21721
	16.4389	47.21748
	16.439	47.21765
	16.43932	47.21788
	16.43921	47.21842
	16.43882	47.21916
	16.43772	47.22087
	16.43762	47.2212
	16.43755	47.2215
	16.43742	47.22176
	16.43711	47.22206
	16.43686	47.22226
	16.4367	47.22254
	16.43668	47.22271
	16.43668	47.22304
	16.43678	47.22307
	16.43753	47.22304
	16.43775	47.22336
	16.43784	47.22356
	16.43796	47.22411
	16.43784	47.22466
	16.43781	47.22507
	16.43787	47.2252
	16.43814	47.22547
	16.43829	47.22579
	16.43829	47.22611
	16.43819	47.22614
	16.43818	47.22636
	16.4382	47.22649
	16.43818	47.22734
	16.43818	47.22848
	16.43814	47.22882
	16.43813	47.22915
	16.43817	47.22991
	16.43825	47.23
	16.4399	47.23029
	16.44016	47.23026
	16.44037	47.23028
	16.44123	47.23045
	16.44104	47.23075
	16.4407	47.23173
	16.44072	47.23194
	16.44087	47.23203
	16.44124	47.23207
	16.4411	47.23228
	16.44106	47.23304
	16.4414	47.23369
	16.44275	47.23374
	16.44236	47.23867
	16.44247	47.2408
	16.44185	47.24322
	16.44124	47.24593
	16.4413	47.24735
	16.44147	47.24817
	16.44175	47.24859
	16.43851	47.24913
	16.43048	47.25035
	16.43179	47.25294
	16.44243	47.25084
	16.4487	47.25048
	16.44658	47.25336
	16.45088	47.25354
	16.45483	47.25368
	16.46107	47.25601
	16.46184	47.25553
	16.46244	47.25522
	16.46359	47.25483
	16.46458	47.25454
	16.46575	47.25411
	16.46665	47.25336
	16.46713	47.2529
	16.469	47.2552
	16.46932	47.25512
	16.47057	47.2561
	16.4708	47.25624
	16.47126	47.25665
	16.47155	47.257
	16.47164	47.25707
	16.47184	47.25721
	16.47259	47.25759
	16.47322	47.25806
	16.47372	47.25833
	16.47583	47.25914
	16.4779	47.26058
	16.47911	47.26173
	16.47945	47.26215
	16.47972	47.26242
	16.47994	47.2626
	16.47936	47.26263
	16.47907	47.2627
	16.47844	47.26294
	16.47833	47.26306
	16.4783	47.26316
	16.47834	47.26352
	16.47828	47.26386
	16.47798	47.26625
	16.47786	47.26746
	16.47781	47.26848
	16.47768	47.26932
	16.4777	47.26962
	16.47762	47.27009
	16.47733	47.27231
	16.47745	47.2728
	16.4777	47.27422
	16.47815	47.2751
	16.47828	47.27554
	16.47813	47.2758
	16.47814	47.27593
	16.47822	47.27612
	16.47851	47.27656
	16.47873	47.27682
	16.47881	47.27685
	16.47906	47.27719
	16.47927	47.27758
	16.47944	47.27799
	16.47963	47.27819
	16.47989	47.27825
	16.47996	47.27816
	16.48009	47.27809
	16.48024	47.27807
	16.48035	47.27807
	16.48068	47.27824
	16.48096	47.27798
	16.4818	47.2785
	16.4822	47.27809
	16.48243	47.27791
	16.48264	47.27781
	16.48284	47.27777
	16.48317	47.27778
	16.48357	47.27783
	16.4838	47.2779
	16.48393	47.27797
	16.48391	47.27811
	16.48448	47.27842
	16.48551	47.27886
	16.48577	47.27861
	16.48722	47.27913
	16.48719	47.2794
	16.48942	47.28029
	16.48933	47.28049
	16.4885	47.28142
	16.48802	47.28177
	16.48779	47.28207
	16.48738	47.28283
	16.48736	47.28303
	16.48739	47.28321
	16.48752	47.28362
	16.48745	47.28382
	16.48733	47.28396
	16.48672	47.28441
	16.48493	47.28639
	16.48479	47.28648
	16.48434	47.28689
	16.48401	47.28724
	16.48377	47.28767
	16.48367	47.28838
	16.48374	47.28912
	16.48347	47.28949
	16.48253	47.29057
	16.48198	47.29143
	16.48197	47.29158
	16.48205	47.2917
	16.48231	47.29182
	16.48253	47.29203
	16.48273	47.29274
	16.48265	47.29278
	16.48244	47.29337
	16.48204	47.2943
	16.4819	47.2951
	16.4818	47.29771
	16.48168	47.29795
	16.48053	47.29953
	16.48036	47.29968
	16.48019	47.29978
	16.48001	47.29996
	16.47887	47.3015
	16.47819	47.30295
	16.47696	47.30566
	16.47542	47.30929
	16.4749	47.31077
	16.47486	47.3113
	16.47489	47.31164
	16.4748	47.31214
	16.47438	47.3127
	16.47318	47.31383
	16.47237	47.3147
	16.47075	47.31634
	16.47021	47.31694
	16.4702	47.31708
	16.46962	47.31794
	16.46921	47.31867
	16.46921	47.31877
	16.46914	47.31894
	16.46917	47.31941
	16.46925	47.3196
	16.46925	47.31991
	16.46931	47.32024
	16.46936	47.32031
	16.46938	47.32043
	16.46929	47.32062
	16.4692	47.32073
	16.46909	47.32096
	16.469	47.32128
	16.46907	47.32158
	16.46922	47.3217
	16.46935	47.32191
	16.46937	47.32232
	16.46932	47.3225
	16.46907	47.323
	16.46902	47.32341
	16.46902	47.32386
	16.46885	47.3245
	16.46876	47.32459
	16.46863	47.325
	16.46851	47.32524
	16.46842	47.32533
	16.46785	47.32575
	16.46761	47.32578
	16.46688	47.32696
	16.46664	47.32714
	16.4664	47.32723
	16.46622	47.32734
	16.46598	47.3276
	16.46552	47.32796
	16.46548	47.32804
	16.46547	47.32828
	16.46541	47.32837
	16.46519	47.32849
	16.46473	47.32871
	16.46443	47.32895
	16.46427	47.32913
	16.46411	47.3294
	16.46402	47.32975
	16.46407	47.33024
	16.46391	47.33075
	16.46379	47.33078
	16.46361	47.3308
	16.46339	47.33086
	16.46319	47.33102
	16.46311	47.33161
	16.46321	47.33186
	16.46337	47.33204
	16.46346	47.33203
	16.46372	47.33208
	16.46386	47.33214
	16.464	47.33224
	16.46406	47.33239
	16.4644	47.33271
	16.46463	47.33288
	16.46476	47.33309
	16.4647	47.33353
	16.46454	47.33386
	16.46433	47.33405
	16.46397	47.33443
	16.46327	47.33505
	16.46319	47.33516
	16.46313	47.3355
	16.46303	47.3358
	16.4628	47.33606
	16.46245	47.33626
	16.46207	47.33641
	16.46194	47.33641
	16.46168	47.33646
	16.46146	47.33657
	16.46105	47.33685
	16.46058	47.33736
	16.46037	47.33748
	16.4601	47.33761
	16.46001	47.33769
	16.45974	47.33808
	16.45896	47.33858
	16.45831	47.33887
	16.45785	47.339
	16.4574	47.33917
	16.45709	47.33925
	16.45676	47.33928
	16.45645	47.33928
	16.4542	47.33899
	16.45373	47.33898
	16.45353	47.339
	16.45286	47.33898
	16.4526	47.33895
	16.45143	47.33875
	16.45079	47.33869
	16.45056	47.3387
	16.45022	47.33873
	16.45009	47.33876
	16.44949	47.33896
	16.44909	47.33914
	16.44847	47.33945
	16.44797	47.33976
	16.4477	47.33999
	16.44737	47.34053
	16.44709	47.34112
	16.44648	47.34168
	16.44632	47.34197
	16.44609	47.34227
	16.44594	47.34253
	16.44572	47.34323
	16.44571	47.34336
	16.44579	47.34384
	16.44572	47.34456
	16.4455	47.34506
	16.44516	47.34554
	16.44473	47.34609
	16.4447	47.34623
	16.44458	47.34642
	16.44443	47.34651
	16.44413	47.34665
	16.44384	47.34674
	16.44342	47.34698
	16.44332	47.34708
	16.44299	47.34728
	16.44032	47.34849
	16.43977	47.34887
	16.43921	47.34913
	16.439	47.3492
	16.43853	47.34951
	16.43814	47.34984
	16.4377	47.35014
	16.43701	47.35083
	16.43627	47.35134
	16.43574	47.35173
	16.4356	47.3518
	16.43507	47.35214
	16.43498	47.35222
	16.43455	47.35253
	16.43413	47.3527
	16.43377	47.35281
	16.43376	47.35292
	16.43388	47.35308
	16.43428	47.35372
	16.43439	47.35406
	16.43458	47.35423
	16.43478	47.35433
	16.43508	47.35441
	16.43738	47.35538
	16.43806	47.35551
	16.43865	47.35556
	16.43915	47.35571
	16.43962	47.35578
	16.44022	47.3558
	16.44142	47.35597
	16.44157	47.35593
	16.44353	47.35619
	16.44401	47.35637
	16.44511	47.35691
	16.44625	47.35737
	16.44647	47.35751
	16.4472	47.3576
	16.4477	47.35763
	16.44874	47.35744
	16.45039	47.35724
	16.45099	47.35724
	16.45194	47.35709
	16.45235	47.35712
	16.45224	47.35781
	16.45181	47.35835
	16.45165	47.35892
	16.45155	47.3591
	16.45139	47.35979
	16.45116	47.3605
	16.45117	47.36111
	16.45253	47.36173
	16.453	47.36216
	16.45302	47.36225
	16.45309	47.36231
	16.45341	47.36254
	16.45376	47.36285
	16.45398	47.36295
	16.45425	47.36314
	16.45424	47.36334
	16.45449	47.36353
	16.4548	47.36371
	16.45499	47.36399
	16.45503	47.36415
	16.45557	47.36461
	16.45683	47.36672
	16.457	47.36717
	16.45699	47.36724
	16.45687	47.36746
	16.45688	47.3677
	16.45683	47.36806
	16.45674	47.36836
	16.45667	47.36869
	16.45681	47.36892
	16.45688	47.36917
	16.45678	47.36934
	16.45676	47.36953
	16.45683	47.36964
	16.45678	47.36989
	16.4568	47.37016
	16.45687	47.37037
	16.45682	47.37065
	16.45674	47.37071
	16.45678	47.37097
	16.45686	47.37103
	16.45676	47.37144
	16.45673	47.3718
	16.45635	47.37283
	16.456	47.37314
	16.45597	47.37333
	16.45597	47.37344
	16.45583	47.37353
	16.45555	47.37354
	16.45551	47.37358
	16.45549	47.37382
	16.45522	47.37421
	16.45504	47.37439
	16.45484	47.37439
	16.45473	47.37445
	16.45459	47.37469
	16.4544	47.37479
	16.45421	47.37482
	16.45399	47.37481
	16.45384	47.37497
	16.45381	47.37511
	16.45331	47.37526
	16.45318	47.37534
	16.45271	47.37574
	16.45258	47.37593
	16.4525	47.3761
	16.4525	47.37618
	16.45245	47.37629
	16.45221	47.37668
	16.45209	47.37671
	16.45197	47.37671
	16.45184	47.37692
	16.45182	47.37711
	16.45156	47.37729
	16.45119	47.37773
	16.45114	47.37783
	16.45132	47.37821
	16.45132	47.37842
	16.45123	47.37852
	16.45118	47.37864
	16.45134	47.37877
	16.4514	47.37894
	16.45151	47.37945
	16.45141	47.37968
	16.45146	47.37976
	16.45156	47.37981
	16.45175	47.38014
	16.45171	47.38042
	16.45185	47.38043
	16.45195	47.38047
	16.452	47.38056
	16.45199	47.38084
	16.45207	47.38115
	16.45242	47.38143
	16.45284	47.38164
	16.45309	47.38194
	16.45313	47.38204
	16.45312	47.38228
	16.45324	47.38244
	16.45335	47.38251
	16.45364	47.38257
	16.45405	47.38291
	16.45419	47.3829
	16.45454	47.38305
	16.45467	47.38331
	16.45469	47.38343
	16.45512	47.38369
	16.45574	47.38385
	16.45653	47.38366
	16.45727	47.38341
	16.45833	47.38327
	16.46039	47.38321
	16.46125	47.38325
	16.46135	47.3833
	16.46141	47.38373
	16.46139	47.3839
	16.46126	47.38399
	16.46086	47.38408
	16.46055	47.38409
	16.46009	47.3843
	16.45999	47.38441
	16.45967	47.38447
	16.45872	47.38458
	16.45827	47.38469
	16.45819	47.38479
	16.45755	47.3849
	16.45746	47.38522
	16.45715	47.38557
	16.45719	47.3857
	16.45719	47.38585
	16.45706	47.38596
	16.45669	47.38607
	16.4562	47.38629
	16.45614	47.38636
	16.45618	47.38644
	16.45619	47.38652
	16.45612	47.38658
	16.45565	47.38693
	16.45549	47.38701
	16.45538	47.38698
	16.45524	47.38704
	16.45521	47.38715
	16.45526	47.38729
	16.45525	47.38743
	16.45518	47.38748
	16.45516	47.38757
	16.4551	47.38766
	16.45533	47.38782
	16.45548	47.38817
	16.45547	47.38872
	16.4554	47.38877
	16.45491	47.3888
	16.45476	47.38897
	16.4541	47.38942
	16.45431	47.38963
	16.4543	47.38974
	16.45422	47.38974
	16.45394	47.39006
	16.45361	47.39037
	16.45276	47.39098
	16.45256	47.39128
	16.45214	47.39168
	16.45211	47.39196
	16.45164	47.39199
	16.45123	47.39228
	16.4511	47.39247
	16.45067	47.39293
	16.45054	47.39322
	16.45011	47.39394
	16.44985	47.3943
	16.44966	47.39446
	16.4495	47.3947
	16.44946	47.39494
	16.4488	47.39578
	16.44858	47.39629
	16.44753	47.39784
	16.44766	47.39803
	16.44748	47.39823
	16.44752	47.39838
	16.44749	47.39873
	16.44763	47.39926
	16.44705	47.39992
	16.44681	47.40006
	16.44669	47.40023
	16.44673	47.40033
	16.44642	47.40063
	16.44608	47.4012
	16.44602	47.40212
	16.44614	47.40247
	16.44607	47.40266
	16.44607	47.40283
	16.44635	47.40325
	16.4464	47.40342
	16.4464	47.40357
	16.44624	47.40416
	16.44592	47.4052
	16.44572	47.40576
	16.44543	47.40673
	16.44543	47.40711
	16.44546	47.40722
	16.44578	47.40716
	16.44605	47.40775
	16.44613	47.40788
	16.44624	47.40792
	16.44643	47.40809
	16.44649	47.40823
	16.44682	47.4083
	16.44695	47.40836
	16.4469	47.40853
	16.44747	47.40878
	16.44749	47.40885
	16.44778	47.40894
	16.4487	47.40941
	16.44898	47.40962
	16.44916	47.40988
	16.44949	47.41008
	16.44985	47.4102
	16.45027	47.41029
	16.45089	47.41045
	16.4511	47.41056
	16.45201	47.41067
	16.45285	47.41075
	16.45353	47.41086
	16.4542	47.41153
	16.45462	47.41174
	16.4551	47.41194
	16.45542	47.4123
	16.45573	47.4125
	16.45624	47.41273
	16.45656	47.41279
	16.4571	47.41295
	16.45814	47.41304
	16.45869	47.413
	16.45947	47.41285
	16.45982	47.41266
	16.46011	47.41256
	16.46029	47.41251
	16.46101	47.41237
	16.46134	47.41239
	16.46144	47.41243
	16.46178	47.41249
	16.46206	47.41252
	16.46253	47.41259
	16.4628	47.41276
	16.46295	47.41283
	16.46305	47.41285
	16.46316	47.41283
	16.46329	47.41274
	16.46365	47.41265
	16.46393	47.41264
	16.46439	47.41276
	16.46449	47.41264
	16.46462	47.41224
	16.4647	47.41218
	16.46541	47.41188
	16.46572	47.41181
	16.46604	47.41165
	16.46604	47.4114
	16.46645	47.41128
	16.46704	47.41119
	16.46754	47.41099
	16.4679	47.41091
	16.46826	47.41089
	16.46853	47.41081
	16.46847	47.41065
	16.46857	47.41059
	16.46903	47.41052
	16.46943	47.41048
	16.46988	47.41051
	16.47056	47.4105
	16.47105	47.41044
	16.47103	47.41034
	16.4712	47.41016
	16.47142	47.41013
	16.47179	47.41004
	16.47192	47.40993
	16.47225	47.4098
	16.47236	47.40978
	16.47265	47.40981
	16.47289	47.4097
	16.47293	47.40954
	16.4732	47.40939
	16.47364	47.40924
	16.47454	47.409
	16.47559	47.40887
	16.47603	47.40887
	16.47761	47.40911
	16.47845	47.40914
	16.4789	47.4092
	16.47964	47.40938
	16.47999	47.40943
	16.48118	47.40939
	16.48295	47.40919
	16.48366	47.4091
	16.48493	47.40897
	16.48532	47.4089
	16.48511	47.40855
	16.48584	47.40818
	16.48666	47.40783
	16.48732	47.40747
	16.48775	47.4072
	16.48747	47.40707
	16.48728	47.40687
	16.48722	47.40674
	16.48708	47.40654
	16.48702	47.40632
	16.48716	47.40613
	16.48757	47.40606
	16.48774	47.40607
	16.48802	47.40616
	16.48823	47.40631
	16.48886	47.40638
	16.48932	47.40634
	16.48947	47.40629
	16.48983	47.40595
	16.49007	47.40584
	16.49067	47.4057
	16.49031	47.40557
	16.48996	47.40539
	16.48963	47.40513
	16.48863	47.40486
	16.48806	47.40464
	16.48773	47.40442
	16.4877	47.40431
	16.48762	47.40421
	16.48724	47.40388
	16.48718	47.40364
	16.48732	47.40355
	16.48713	47.40323
	16.48672	47.40346
	16.48659	47.40343
	16.48632	47.40314
	16.48582	47.40298
	16.48563	47.40287
	16.48558	47.40272
	16.48528	47.40241
	16.48505	47.40225
	16.48495	47.40198
	16.48464	47.40154
	16.48431	47.40109
	16.48413	47.40096
	16.48394	47.40071
	16.48377	47.40003
	16.48397	47.39996
	16.48371	47.39955
	16.4837	47.3994
	16.48422	47.39921
	16.48501	47.39875
	16.48468	47.39848
	16.48419	47.39815
	16.48383	47.39794
	16.48439	47.39724
	16.48469	47.39737
	16.48494	47.3975
	16.48505	47.3976
	16.48567	47.39788
	16.48593	47.39787
	16.48608	47.39793
	16.48607	47.39801
	16.48663	47.39831
	16.48679	47.39834
	16.48698	47.39841
	16.48816	47.39905
	16.48858	47.3992
	16.48935	47.39967
	16.48946	47.3997
	16.48959	47.39971
	16.48872	47.39918
	16.48824	47.39859
	16.48791	47.39834
	16.48767	47.39763
	16.48808	47.39695
	16.48853	47.39681
	16.48855	47.39604
	16.4886	47.39552
	16.48857	47.39545
	16.48818	47.395
	16.48805	47.39465
	16.48864	47.39452
	16.48885	47.39449
	16.48929	47.3945
	16.48975	47.3946
	16.49	47.39472
	16.49043	47.39488
	16.49066	47.39492
	16.49165	47.39458
	16.49225	47.3943
	16.49308	47.39415
	16.49322	47.39431
	16.49341	47.39465
	16.49381	47.39476
	16.49399	47.39514
	16.49398	47.3959
	16.49454	47.39607
	16.49469	47.39616
	16.4949	47.39624
	16.49536	47.39631
	16.49607	47.39646
	16.49656	47.3963
	16.49649	47.3956
	16.49649	47.39439
	16.49645	47.39403
	16.49654	47.39328
	16.49654	47.39093
	16.49656	47.39039
	16.49653	47.38991
	16.49657	47.38905
	16.49676	47.38927
	16.49716	47.38957
	16.49749	47.38973
	16.49818	47.39012
	16.49856	47.39037
	16.49874	47.39059
	16.49984	47.39095
	16.50044	47.39111
	16.50071	47.39134
	16.50107	47.39172
	16.50149	47.39206
	16.50183	47.39242
	16.50223	47.3929
	16.50267	47.39326
	16.50355	47.39322
	16.50396	47.3934
	16.50433	47.39359
	16.50464	47.39385
	16.50527	47.39424
	16.50587	47.39451
	16.50628	47.3949
	16.50694	47.39531
	16.50736	47.39538
	16.50795	47.3956
	16.50841	47.39585
	16.50923	47.39612
	16.50993	47.39648
	16.51003	47.39662
	16.51007	47.39674
	16.51006	47.39715
	16.51014	47.39737
	16.51022	47.39791
	16.51025	47.39842
	16.51026	47.39936
	16.51031	47.39966
	16.51037	47.39976
	16.51038	47.40021
	16.51019	47.40089
	16.51019	47.40096
	16.50999	47.40128
	16.50981	47.40136
	16.50952	47.40159
	16.50939	47.40176
	16.50926	47.4018
	16.50868	47.40217
	16.50816	47.4028
	16.50798	47.40336
	16.50802	47.40351
	16.50802	47.40362
	16.50788	47.40375
	16.50784	47.40399
	16.50786	47.40412
	16.50786	47.40503
	16.50822	47.40551
	16.50884	47.4058
	16.50969	47.40594
	16.51067	47.40587
	16.51114	47.40577
	16.51221	47.40548
	16.51371	47.40524
	16.51379	47.4055
	16.51426	47.40575
	16.51457	47.40674
	16.51474	47.40742
	16.51477	47.40781
	16.51509	47.40833
	16.5157	47.40895
	16.51658	47.40945
	16.51691	47.4106
	16.51732	47.41045
	16.51788	47.41009
	16.51815	47.41001
	16.51876	47.40993
	16.51973	47.41
	16.52067	47.41014
	16.52122	47.41012
	16.52211	47.41015
	16.52259	47.41021
	16.52327	47.41036
	16.52376	47.41041
	16.525	47.41038
	16.5252	47.4103
	16.52561	47.41003
	16.5265	47.4089
	16.52688	47.40864
	16.52702	47.40863
	16.52738	47.40879
	16.52788	47.40912
	16.52793	47.40926
	16.52798	47.4093
	16.52828	47.40944
	16.52997	47.40986
	16.5301	47.40995
	16.53029	47.4102
	16.53159	47.41033
	16.53192	47.41035
	16.53233	47.41021
	16.53275	47.41015
	16.53394	47.40986
	16.53444	47.40963
	16.53495	47.40931
	16.53544	47.40913
	16.53555	47.40911
	16.53617	47.40923
	16.53671	47.40938
	16.53711	47.40955
	16.53745	47.40976
	16.53774	47.40986
	16.53808	47.40991
	16.5386	47.40992
	16.53891	47.40997
	16.53996	47.41006
	16.54219	47.40865
	16.54253	47.40821
	16.54273	47.40783
	16.54276	47.40767
	16.54284	47.40756
	16.54323	47.40725
	16.54374	47.40697
	16.54425	47.40662
	16.545	47.40597
	16.54588	47.40567
	16.5463	47.40561
	16.5478	47.40569
	16.54801	47.40568
	16.54848	47.40558
	16.54952	47.40553
	16.54991	47.40548
	16.55101	47.40546
	16.55124	47.40562
	16.55171	47.40582
	16.5528	47.40617
	16.55392	47.40647
	16.5545	47.40656
	16.55496	47.4066
	16.55579	47.40655
	16.55666	47.40652
	16.55694	47.40653
	16.55773	47.40666
	16.55841	47.40684
	16.55873	47.4069
	16.55953	47.40698
	16.56015	47.40699
	16.56437	47.40612
	16.56533	47.40614
	16.56615	47.40597
	16.56636	47.40594
	16.56672	47.40594
	16.56696	47.406
	16.56751	47.40608
	16.56853	47.40614
	16.56911	47.40631
	16.56954	47.40634
	16.5699	47.40628
	16.57017	47.40622
	16.57073	47.40597
	16.57106	47.40588
	16.57152	47.40582
	16.57213	47.40578
	16.57242	47.40585
	16.57397	47.40583
	16.57453	47.40596
	16.57574	47.40636
	16.57579	47.40712
	16.57634	47.40799
	16.57652	47.40836
	16.5766	47.40867
	16.57711	47.40917
	16.57722	47.40921
	16.5774	47.40951
	16.57713	47.40974
	16.57696	47.40975
	16.57633	47.40993
	16.57596	47.41035
	16.57543	47.41079
	16.57499	47.41137
	16.57506	47.41217
	16.57511	47.41235
	16.57554	47.41254
	16.57597	47.41265
	16.57655	47.41292
	16.57692	47.41303
	16.5773	47.41326
	16.57808	47.41354
	16.57885	47.41379
	16.57918	47.41383
	16.57999	47.41398
	16.58065	47.41419
	16.58118	47.41445
	16.58208	47.41495
	16.58222	47.41506
	16.58237	47.4153
	16.58259	47.4159
	16.58268	47.4162
	16.58273	47.41678
	16.5826	47.41682
	16.58138	47.41667
	16.58124	47.41677
	16.57992	47.41749
	16.57927	47.41788
	16.57946	47.41818
	16.57985	47.41856
	16.58103	47.41929
	16.58159	47.41952
	16.58181	47.41968
	16.58211	47.41971
	16.58233	47.41976
	16.58254	47.41985
	16.58299	47.41958
	16.58374	47.41998
	16.5839	47.41999
	16.58466	47.41984
	16.58519	47.41959
	16.58645	47.41963
	16.58656	47.41944
	16.58653	47.41919
	16.58658	47.41905
	16.58701	47.41892
	16.58798	47.41914
	16.58889	47.41938
	16.58849	47.42079
	16.58993	47.42072
	16.59042	47.42065
	16.5914	47.42078
	16.59132	47.42144
	16.58975	47.42116
	16.58849	47.42125
	16.58765	47.42135
	16.5877	47.42165
	16.58763	47.42177
	16.58739	47.42175
	16.58761	47.42214
	16.58791	47.42279
	16.58807	47.42271
	16.58817	47.4227
	16.58836	47.42275
	16.58848	47.42272
	16.58887	47.42258
	16.5892	47.42266
	16.58932	47.42267
	16.58953	47.42264
	16.58981	47.42263
	16.59005	47.42281
	16.59087	47.42293
	16.59127	47.42288
	16.59133	47.42286
	16.5915	47.42269
	16.59169	47.42263
	16.59197	47.42273
	16.59214	47.42262
	16.59221	47.42255
	16.59233	47.42251
	16.59268	47.42251
	16.59348	47.42232
	16.59361	47.42217
	16.59378	47.42213
	16.5938	47.42226
	16.59417	47.42246
	16.59428	47.42243
	16.59454	47.42241
	16.59469	47.42246
	16.59464	47.42255
	16.59453	47.42264
	16.59427	47.42292
	16.59429	47.42301
	16.59448	47.42309
	16.59467	47.42311
	16.59477	47.42309
	16.59491	47.42298
	16.595	47.42286
	16.59495	47.42281
	16.59491	47.42268
	16.59496	47.42262
	16.5951	47.42254
	16.59527	47.42263
	16.59556	47.4229
	16.59546	47.42303
	16.59518	47.4231
	16.5954	47.4232
	16.59572	47.42323
	16.59587	47.42322
	16.59603	47.42301
	16.59611	47.42267
	16.59642	47.42271
	16.59661	47.4227
	16.5967	47.42264
	16.59681	47.42266
	16.597	47.42289
	16.59684	47.42354
	16.59655	47.42363
	16.59658	47.42381
	16.59685	47.42403
	16.59712	47.42381
	16.59721	47.42377
	16.5976	47.42373
	16.59781	47.42384
	16.59822	47.42403
	16.59847	47.42412
	16.59874	47.42409
	16.5994	47.42413
	16.5998	47.4243
	16.59973	47.42436
	16.60003	47.42462
	16.60008	47.42468
	16.5998	47.42501
	16.60016	47.42524
	16.59991	47.42547
	16.60031	47.42553
	16.60049	47.42531
	16.60066	47.42519
	16.60104	47.42538
	16.60101	47.42546
	16.60112	47.42581
	16.60127	47.42577
	16.6015	47.42544
	16.60188	47.42538
	16.60223	47.42534
	16.60233	47.42539
	16.60266	47.42539
	16.60313	47.42542
	16.60351	47.42557
	16.60367	47.42549
	16.60383	47.42554
	16.604	47.42571
	16.60391	47.42586
	16.60394	47.42593
	16.60426	47.42594
	16.60468	47.42612
	16.60485	47.42626
	16.60491	47.42634
	16.60512	47.42642
	16.60542	47.42656
	16.6055	47.42665
	16.60549	47.42673
	16.60544	47.42688
	16.6055	47.42702
	16.60555	47.42706
	16.60562	47.42703
	16.60611	47.42694
	16.60624	47.42694
	16.6063	47.427
	16.60628	47.42721
	16.6062	47.42731
	16.60574	47.42738
	16.60562	47.42742
	16.60564	47.42748
	16.60569	47.42754
	16.60562	47.42762
	16.60534	47.42757
	16.60522	47.42762
	16.60522	47.42768
	16.60536	47.42773
	16.60561	47.42779
	16.6057	47.42783
	16.60599	47.42799
	16.60608	47.42809
	16.606	47.42827
	16.60595	47.42855
	16.60599	47.42875
	16.60668	47.42903
	16.60656	47.42927
	16.6066	47.42945
	16.60707	47.42963
	16.60704	47.42973
	16.60721	47.42974
	16.60734	47.42972
	16.60753	47.42966
	16.60765	47.42954
	16.60779	47.42927
	16.60793	47.42917
	16.60801	47.42919
	16.60843	47.42938
	16.60856	47.42931
	16.60867	47.42932
	16.60912	47.4295
	16.60948	47.42973
	16.60972	47.43
	16.60969	47.43009
	16.60963	47.43016
	16.60974	47.43032
	16.60998	47.43053
	16.61014	47.43062
	16.61031	47.43088
	16.61056	47.43114
	16.61082	47.43125
	16.61164	47.43152
	16.6118	47.43162
	16.61185	47.43157
	16.61191	47.43079
	16.61203	47.43033
	16.61227	47.43019
	16.61248	47.43009
	16.613	47.43032
	16.61367	47.43004
	16.61377	47.43046
	16.61392	47.43059
	16.61421	47.4307
	16.6146	47.43055
	16.61468	47.43059
	16.61477	47.43076
	16.61475	47.43091
	16.61446	47.43122
	16.61446	47.4313
	16.61468	47.43139
	16.61498	47.43138
	16.6151	47.43148
	16.61531	47.43234
	16.61588	47.43224
	16.61662	47.43231
	16.617	47.43228
	16.61705	47.43199
	16.6173	47.43173
	16.61726	47.43161
	16.61714	47.43154
	16.61701	47.43151
	16.61696	47.43134
	16.61738	47.43105
	16.61777	47.43085
	16.61856	47.43081
	16.61933	47.43089
	16.61963	47.43088
	16.62036	47.43076
	16.62044	47.43089
	16.62077	47.43127
	16.62077	47.43157
	16.6213	47.4329
	16.62183	47.43386
	16.62214	47.43467
	16.6221	47.43518
	16.62218	47.43533
	16.6224	47.43587
	16.62239	47.43612
	16.62249	47.43632
	16.62304	47.43678
	16.62371	47.4371
	16.62419	47.43729
	16.62443	47.43751
	16.62453	47.43779
	16.62513	47.43876
	16.62557	47.43932
	16.62595	47.43964
	16.62662	47.44093
	16.62682	47.44165
	16.6275	47.4421
	16.62849	47.4425
	16.62878	47.44268
	16.62948	47.44283
	16.63024	47.44307
	16.63102	47.44345
	16.63133	47.44355
	16.63198	47.44369
	16.63244	47.4439
	16.63304	47.44432
	16.63339	47.44461
	16.63455	47.44517
	16.63542	47.44555
	16.63631	47.44583
	16.6371	47.44589
	16.63782	47.44589
	16.63869	47.44576
	16.63917	47.44574
	16.63977	47.44564
	16.64054	47.44555
	16.64259	47.44588
	16.64385	47.44601
	16.64501	47.44633
	16.64547	47.44642
	16.64623	47.44661
	16.64609	47.44677
	16.64648	47.44687
	16.64671	47.44695
	16.64745	47.4473
	16.6482	47.44763
	16.64853	47.44781
	16.64896	47.448
	16.64926	47.44809
	16.651	47.44877
	16.65119	47.44879
	16.6516	47.44895
	16.65044	47.45009
	16.65048	47.45024
	16.64965	47.45082
	16.64922	47.45119
	16.64913	47.4513
	16.65034	47.4517
	16.65121	47.45192
	16.65358	47.45276
	16.65534	47.45311
	16.65626	47.45334
	16.65743	47.45359
	16.65835	47.45394
	16.65901	47.45422
	16.65935	47.45431
	16.65981	47.45453
	16.66001	47.45466
	16.66052	47.45491
	16.66203	47.45571
	16.66174	47.45635
	16.66141	47.45692
	16.66133	47.4569
	16.66105	47.45703
	16.66089	47.45716
	16.66074	47.45786
	16.66081	47.45845
	16.66065	47.45928
	16.66054	47.45972
	16.66016	47.46007
	16.65986	47.4605
	16.65973	47.46074
	16.65969	47.46112
	16.65975	47.46142
	16.66004	47.46203
	16.66029	47.4625
	16.66092	47.46262
	16.66142	47.4627
	16.66177	47.46278
	16.66166	47.46292
	16.66139	47.46305
	16.66129	47.46312
	16.66131	47.46331
	16.6613	47.46342
	16.66108	47.46359
	16.66103	47.4638
	16.66164	47.4645
	16.662	47.46496
	16.6624	47.46576
	16.66243	47.46591
	16.66243	47.46634
	16.66322	47.46686
	16.66401	47.4674
	16.66616	47.47026
	16.66749	47.47194
	16.66905	47.4728
	16.66978	47.47315
	16.67018	47.47377
	16.67033	47.47403
	16.67049	47.47426
	16.67002	47.47578
	16.66943	47.47721
	16.66817	47.47929
	16.66648	47.48112
	16.66613	47.48148
	16.6644	47.48163
	16.66373	47.4817
	16.66346	47.48202
	16.6623	47.4833
	16.66204	47.48389
	16.66168	47.48484
	16.66156	47.48575
	16.66088	47.48672
	16.65983	47.48809
	16.65936	47.48889
	16.65814	47.4902
	16.6571	47.49168
	16.65517	47.49497
	16.65437	47.49619
	16.65399	47.49685
	16.65355	47.49776
	16.65304	47.49852
	16.65282	47.49906
	16.65234	47.50033
	16.65308	47.50062
	16.65371	47.50092
	16.65392	47.50106
	16.65423	47.50138
	16.65475	47.50222
	16.65496	47.5028
	16.65523	47.50336
	16.65555	47.50397
	16.65601	47.50438
	16.6561	47.50448
	16.65635	47.50489
	16.65651	47.50509
	16.65704	47.50556
	16.6573	47.50584
	16.65794	47.50647
	16.65926	47.50732
	16.66001	47.50775
	16.66104	47.5083
	16.66247	47.50903
	16.66342	47.50855
	16.66352	47.50845
	16.66354	47.50834
	16.6636	47.50821
	16.66411	47.50779
	16.66497	47.50731
	16.66542	47.50687
	16.66538	47.50677
	16.66536	47.50666
	16.66538	47.50656
	16.66557	47.50637
	16.66573	47.50639
	16.66585	47.50643
	16.66625	47.50605
	16.66676	47.50552
	16.66702	47.50528
	16.6672	47.50514
	16.66786	47.50456
	16.66876	47.50371
	16.66896	47.50354
	16.66957	47.50394
	16.6699	47.50421
	16.67005	47.5043
	16.67032	47.50442
	16.67128	47.50476
	16.67337	47.50547
	16.67476	47.5061
	16.67623	47.50661
	16.67788	47.50662
	16.67864	47.50682
	16.68009	47.50718
	16.68203	47.50802
	16.68511	47.50908
	16.68599	47.50911
	16.68651	47.5091
	16.68663	47.50912
	16.68696	47.5093
	16.68928	47.5102
	16.68982	47.51042
	16.69015	47.51064
	16.69045	47.51087
	16.6906	47.51101
	16.69084	47.51151
	16.69091	47.51172
	16.6912	47.5122
	16.69131	47.51234
	16.69144	47.51246
	16.69163	47.51259
	16.69191	47.51274
	16.69205	47.51283
	16.69217	47.513
	16.69224	47.51316
	16.69236	47.51332
	16.69244	47.51339
	16.69287	47.51363
	16.69427	47.51478
	16.69457	47.5151
	16.69477	47.51536
	16.69486	47.51551
	16.69494	47.5157
	16.69496	47.5159
	16.69494	47.51642
	16.69489	47.51663
	16.69488	47.51692
	16.69484	47.51733
	16.69485	47.51752
	16.69493	47.51762
	16.6956	47.51818
	16.69754	47.51929
	16.69922	47.5201
	16.70069	47.52097
	16.70155	47.5213
	16.70204	47.52135
	16.70231	47.52139
	16.70253	47.52147
	16.70302	47.52168
	16.70325	47.52182
	16.70399	47.52218
	16.70436	47.52243
	16.70457	47.52254
	16.70549	47.52291
	16.7056	47.52319
	16.70524	47.52434
	16.70533	47.52601
	16.7053	47.52629
	16.70493	47.52687
	16.70451	47.52759
	16.70414	47.52829
	16.70416	47.52891
	16.70426	47.52916
	16.70416	47.52983
	16.70421	47.53079
	16.70405	47.5313
	16.70382	47.53177
	16.70322	47.53291
	16.70317	47.53305
	16.70317	47.53322
	16.70349	47.53338
	16.70478	47.53408
	16.70825	47.536
	16.70905	47.53659
	16.70958	47.53675
	16.70973	47.53753
	16.71079	47.53759
	16.71229	47.53796
	16.71341	47.53874
	16.71437	47.53938
	16.71451	47.53965
	16.71452	47.53993
	16.71399	47.54047
	16.71355	47.54076
	16.71308	47.54114
	16.71233	47.5418
	16.71184	47.5423
	16.71142	47.54284
	16.71125	47.54309
	16.71054	47.54325
	16.71019	47.54325
	16.7095	47.54304
	16.70931	47.54324
	16.70869	47.54302
	16.70787	47.5427
	16.70672	47.54246
	16.70588	47.54238
	16.70554	47.54276
	16.70452	47.54449
	16.7043	47.54496
	16.70413	47.54574
	16.7035	47.54571
	16.70261	47.54557
	16.70195	47.54596
	16.70101	47.54631
	16.70023	47.54609
	16.69818	47.54563
	16.6967	47.54742
	16.69516	47.5491
	16.69469	47.54974
	16.6939	47.5516
	16.69323	47.55243
	16.69168	47.55337
	16.69136	47.55414
	16.69056	47.55501
	16.69004	47.55555
	16.69058	47.55659
	16.69076	47.55775
	16.69098	47.5579
	16.6889	47.55949
	16.68757	47.5601
	16.68685	47.56037
	16.68632	47.56068
	16.68597	47.5606
	16.6847	47.56067
	16.68372	47.56075
	16.68401	47.56131
	16.68296	47.56121
	16.68242	47.56118
	16.68136	47.56107
	16.68085	47.561
	16.67979	47.56089
	16.67958	47.5609
	16.67904	47.56099
	16.67791	47.56107
	16.67732	47.56093
	16.67693	47.56076
	16.67654	47.56052
	16.67614	47.56032
	16.67505	47.55996
	16.67381	47.55968
	16.67328	47.55959
	16.6726	47.55968
	16.67217	47.55975
	16.6718	47.55986
	16.67112	47.56011
	16.67093	47.56021
	16.67047	47.56049
	16.67034	47.5606
	16.67023	47.56075
	16.67003	47.56138
	16.66979	47.56174
	16.66962	47.56194
	16.66941	47.5621
	16.66907	47.56225
	16.66888	47.56239
	16.6687	47.56263
	16.66859	47.56289
	16.66858	47.56307
	16.66871	47.5635
	16.66874	47.56367
	16.66866	47.56388
	16.66817	47.56459
	16.66792	47.5647
	16.66766	47.56475
	16.66727	47.56479
	16.66703	47.56489
	16.66565	47.56574
	16.66539	47.56586
	16.66515	47.56592
	16.66484	47.56604
	16.66467	47.56616
	16.66456	47.56626
	16.66446	47.56643
	16.66442	47.56687
	16.66433	47.56721
	16.66422	47.56735
	16.66412	47.56745
	16.66353	47.56776
	16.66344	47.56785
	16.66313	47.56835
	16.66313	47.56869
	16.66337	47.56879
	16.66374	47.56901
	16.66396	47.56924
	16.66412	47.56938
	16.66472	47.56943
	16.66502	47.56942
	16.66533	47.56936
	16.66589	47.56933
	16.66631	47.56932
	16.66766	47.56965
	16.66778	47.56969
	16.66795	47.56984
	16.66813	47.57007
	16.66834	47.5702
	16.66855	47.57027
	16.66892	47.57036
	16.66915	47.57044
	16.66988	47.57084
	16.67029	47.57105
	16.67072	47.57117
	16.67108	47.57133
	16.67119	47.57146
	16.67128	47.57161
	16.67125	47.57185
	16.67143	47.57236
	16.67145	47.57277
	16.67125	47.57326
	16.67109	47.57401
	16.67123	47.57439
	16.67118	47.57478
	16.67127	47.57517
	16.672	47.57542
	16.67311	47.57598
	16.67384	47.57664
	16.67421	47.57714
	16.67454	47.57794
	16.67513	47.57879
	16.67524	47.58038
	16.67514	47.58103
	16.67526	47.58208
	16.6751	47.58253
	16.67497	47.58267
	16.67452	47.5835
	16.67397	47.58469
	16.67366	47.58528
	16.67326	47.5859
	16.67247	47.58691
	16.67218	47.58739
	16.67228	47.58745
	16.67126	47.58902
	16.6708	47.58984
	16.67036	47.59072
	16.67026	47.59102
	16.67004	47.59152
	16.66989	47.59191
	16.66986	47.59216
	16.66951	47.5928
	16.66922	47.59313
	16.66888	47.59336
	16.66816	47.59436
	16.66785	47.59473
	16.66758	47.59502
	16.66724	47.59553
	16.66722	47.59568
	16.66706	47.59582
	16.66678	47.5959
	16.66663	47.59601
	16.6664	47.59626
	16.6664	47.59659
	16.66644	47.59667
	16.66655	47.59673
	16.66661	47.59687
	16.66664	47.59732
	16.6664	47.59767
	16.66639	47.59775
	16.66642	47.59788
	16.66668	47.5979
	16.66677	47.59813
	16.66688	47.5983
	16.667	47.59843
	16.66732	47.59866
	16.66795	47.59925
	16.6685	47.59964
	16.66872	47.59967
	16.66901	47.59993
	16.67032	47.60062
	16.67055	47.60077
	16.67064	47.60109
	16.67088	47.60147
	16.67119	47.60181
	16.67093	47.60202
	16.67045	47.60234
	16.67056	47.60245
	16.67066	47.6025
	16.67138	47.60339
	16.67263	47.60449
	16.67314	47.60496
	16.67231	47.60566
	16.67171	47.60613
	16.67154	47.60625
	16.67143	47.60624
	16.67119	47.60618
	16.67102	47.60611
	16.67052	47.60587
	16.67033	47.6058
	16.66986	47.60569
	16.66898	47.60558
	16.6686	47.60555
	16.66822	47.60555
	16.66639	47.60547
	16.66429	47.60542
	16.66217	47.60543
	16.66189	47.60545
	16.66157	47.60552
	16.66104	47.60566
	16.65953	47.6061
	16.65952	47.60623
	16.65643	47.6152
	16.6542	47.6189
	16.65342	47.62016
	16.65306	47.62167
	16.65301	47.62199
	16.65294	47.62223
	16.65245	47.62266
	16.65205	47.62291
	16.65183	47.62287
	16.65155	47.62288
	16.65086	47.62302
	16.64995	47.62339
	16.6481	47.62389
	16.64762	47.624
	16.64661	47.62443
	16.64611	47.62461
	16.64571	47.62469
	16.64475	47.62492
	16.64185	47.62584
	16.64134	47.62598
	16.63978	47.62625
	16.63837	47.62654
	16.6377	47.62672
	16.63695	47.62707
	16.63635	47.62741
	16.63577	47.62763
	16.63498	47.62785
	16.63428	47.62786
	16.63342	47.6279
	16.63287	47.62796
	16.63226	47.62811
	16.63159	47.62818
	16.63056	47.62812
	16.62988	47.62811
	16.62959	47.62809
	16.63001	47.62882
	16.63017	47.62914
	16.63024	47.62933
	16.63034	47.6303
	16.63039	47.6304
	16.62981	47.633
	16.62716	47.63271
	16.62669	47.63217
	16.62652	47.63191
	16.62614	47.63166
	16.62592	47.63142
	16.62566	47.63106
	16.62486	47.62969
	16.6248	47.62957
	16.62461	47.62896
	16.62459	47.62883
	16.62461	47.62848
	16.62449	47.62835
	16.62451	47.62811
	16.62447	47.62806
	16.62452	47.62789
	16.62459	47.6267
	16.62388	47.62658
	16.6211	47.62604
	16.61891	47.6258
	16.61409	47.62298
	16.6133	47.62253
	16.61314	47.62254
	16.61228	47.62231
	16.61044	47.62194
	16.60639	47.62127
	16.60424	47.62106
	16.60241	47.62019
	16.60113	47.61967
	16.60087	47.61975
	16.60036	47.61977
	16.59986	47.61974
	16.59878	47.61931
	16.5983	47.6191
	16.59791	47.6188
	16.5972	47.61857
	16.59453	47.61816
	16.5934	47.61785
	16.59297	47.61782
	16.59026	47.61747
	16.58999	47.61742
	16.58923	47.61744
	16.588	47.61753
	16.58666	47.61771
	16.58542	47.61786
	16.58387	47.61811
	16.58339	47.61831
	16.58228	47.6187
	16.57973	47.61905
	16.57883	47.61905
	16.57783	47.61917
	16.57698	47.61918
	16.57439	47.61954
	16.57391	47.61967
	16.57334	47.61986
	16.57305	47.61978
	16.57251	47.61983
	16.57213	47.62008
	16.57151	47.62034
	16.571	47.62069
	16.57013	47.62149
	16.56973	47.62173
	16.56856	47.6227
	16.56823	47.62312
	16.56794	47.62332
	16.56744	47.62353
	16.56626	47.6239
	16.56582	47.62419
	16.56492	47.62445
	16.5645	47.62453
	16.56378	47.62459
	16.56324	47.62461
	16.56263	47.62475
	16.56226	47.62487
	16.56181	47.62519
	16.56139	47.62568
	16.56093	47.62612
	16.56063	47.62644
	16.56012	47.62702
	16.55938	47.62729
	16.55835	47.62764
	16.55731	47.62841
	16.55674	47.62886
	16.55617	47.62917
	16.55587	47.62927
	16.55442	47.62968
	16.55393	47.62977
	16.55371	47.62986
	16.55309	47.63026
	16.55266	47.63077
	16.55248	47.63113
	16.552	47.63184
	16.55167	47.63216
	16.55137	47.6324
	16.55097	47.6326
	16.55011	47.63286
	16.54934	47.63324
	16.5488	47.63359
	16.54819	47.63376
	16.54719	47.634
	16.54676	47.63415
	16.54652	47.63427
	16.54554	47.63461
	16.54519	47.6347
	16.54493	47.63485
	16.54461	47.63498
	16.54355	47.63548
	16.5434	47.6356
	16.54267	47.63579
	16.54216	47.63582
	16.5412	47.63631
	16.54062	47.63646
	16.54008	47.6365
	16.53939	47.6367
	16.53897	47.637
	16.53849	47.63774
	16.5383	47.63783
	16.53779	47.63797
	16.53738	47.63794
	16.53615	47.63802
	16.5358	47.63811
	16.53549	47.63823
	16.53513	47.63853
	16.53469	47.63876
	16.53438	47.63889
	16.53415	47.63891
	16.53356	47.63944
	16.53305	47.63977
	16.53266	47.63989
	16.53178	47.64023
	16.53086	47.64054
	16.53002	47.64098
	16.52939	47.64125
	16.5287	47.6415
	16.52765	47.64172
	16.52688	47.6418
	16.52657	47.64191
	16.52618	47.64197
	16.52595	47.64197
	16.52573	47.64192
	16.52489	47.64184
	16.52383	47.64191
	16.52365	47.64159
	16.52338	47.64128
	16.52315	47.6412
	16.5228	47.6416
	16.52271	47.64188
	16.52271	47.64217
	16.52234	47.64229
	16.52213	47.64262
	16.52168	47.64277
	16.52143	47.64276
	16.52101	47.64295
	16.52066	47.64303
	16.5204	47.64319
	16.5199	47.64337
	16.51953	47.64342
	16.51898	47.64383
	16.51866	47.64399
	16.51801	47.64426
	16.51754	47.64449
	16.51691	47.64495
	16.5169	47.64514
	16.51643	47.64538
	16.51604	47.64543
	16.51549	47.6456
	16.51462	47.64608
	16.51444	47.64614
	16.51375	47.64611
	16.5133	47.64604
	16.51341	47.64581
	16.51337	47.6456
	16.51375	47.64476
	16.51367	47.64433
	16.51327	47.64393
	16.51236	47.64311
	16.51203	47.64262
	16.51114	47.64213
	16.51071	47.64178
	16.51032	47.64163
	16.50918	47.64132
	16.50877	47.64108
	16.50839	47.64072
	16.50746	47.64004
	16.50718	47.6393
	16.50688	47.6389
	16.50674	47.63852
	16.50649	47.63839
	16.50612	47.63844
	16.50564	47.63881
	16.50521	47.63905
	16.50475	47.63918
	16.50416	47.6394
	16.50368	47.63966
	16.50245	47.64007
	16.50212	47.64005
	16.50158	47.63995
	16.50121	47.63978
	16.501	47.63962
	16.50017	47.63936
	16.49987	47.63934
	16.49905	47.63934
	16.49838	47.6394
	16.49745	47.63932
	16.49694	47.63935
	16.49655	47.63949
	16.49625	47.63967
	16.49582	47.64037
	16.49532	47.64048
	16.49449	47.64087
	16.49411	47.64116
	16.49405	47.6414
	16.4938	47.64172
	16.49315	47.6421
	16.49264	47.64226
	16.49223	47.64225
	16.49168	47.64197
	16.49119	47.64164
	16.4898	47.64141
	16.48907	47.64147
	16.48822	47.64162
	16.48732	47.64176
	16.48656	47.6427
	16.48641	47.6429
	16.48633	47.64307
	16.48531	47.64415
	16.48512	47.64455
	16.48457	47.64495
	16.48348	47.64544
	16.48318	47.64566
	16.48291	47.64625
	16.48288	47.64684
	16.48281	47.64735
	16.48264	47.64793
	16.48196	47.64829
	16.48123	47.64871
	16.48063	47.64945
	16.48055	47.64965
	16.48001	47.64988
	16.47931	47.65011
	16.47909	47.65012
	16.47763	47.64999
	16.47675	47.6501
	16.4763	47.65028
	16.47593	47.65031
	16.47564	47.6503
	16.47502	47.65021
	16.47451	47.65033
	16.47284	47.65084
	16.47219	47.65126
	16.47167	47.65145
	16.47108	47.65146
	16.47039	47.65156
	16.4695	47.65157
	16.46836	47.65172
	16.4669	47.65165
	16.46591	47.65158
	16.46554	47.6515
	16.46392	47.65142
	16.46331	47.65137
	16.46266	47.6513
	16.46225	47.6514
	16.46193	47.65158
	16.46147	47.65209
	16.46098	47.65258
	16.46002	47.65318
	16.45897	47.65358
	16.45854	47.65367
	16.45825	47.65368
	16.45759	47.65367
	16.45707	47.65378
	16.45653	47.65376
	16.45572	47.65358
	16.45521	47.65361
	16.45495	47.65365
	16.45397	47.65423
	16.45297	47.65475
	16.45246	47.65514
	16.45197	47.65537
	16.45145	47.65572
	16.45093	47.65582
	16.45022	47.6558
	16.44853	47.65627
	16.44726	47.65645
	16.44597	47.65638
	16.44529	47.65641
	16.44425	47.65657
	16.44331	47.65668
	16.44208	47.65664
	16.44152	47.65669
	16.44102	47.65663
	16.43984	47.65667
	16.43812	47.65729
	16.43686	47.65795
	16.43594	47.65847
	16.435	47.65889
	16.4345	47.65929
	16.43304	47.65992
	16.43244	47.65997
	16.43161	47.65988
	16.43085	47.66012
	16.43009	47.66046
	16.42929	47.66049
	16.42791	47.6608
	16.42476	47.66237
	16.42361	47.66306
	16.4223	47.66411
	16.42183	47.6647
	16.42171	47.66504
	16.42153	47.66531
	16.4218	47.66545
	16.42218	47.66584
	16.42314	47.6664
	16.42351	47.66676
	16.42385	47.66698
	16.4242	47.66707
	16.42469	47.66737
	16.42502	47.66762
	16.42562	47.66791
	16.42622	47.66805
	16.42693	47.66828
	16.42725	47.66844
	16.42825	47.66869
	16.42901	47.66868
	16.42939	47.66861
	16.42987	47.66873
	16.4304	47.669
	16.43094	47.6692
	16.43133	47.66928
	16.43213	47.66938
	16.43267	47.66952
	16.4342	47.67013
	16.43448	47.67018
	16.43472	47.67021
	16.43513	47.67031
	16.43599	47.67072
	16.43738	47.67126
	16.43794	47.67144
	16.43844	47.67168
	16.43869	47.6719
	16.43931	47.67223
	16.43996	47.67251
	16.44026	47.67254
	16.44063	47.67265
	16.44186	47.67321
	16.44313	47.67392
	16.44336	47.67411
	16.4434	47.67428
	16.44338	47.67489
	16.44335	47.67508
	16.44298	47.67561
	16.44278	47.67603
	16.44273	47.6762
	16.44271	47.67655
	16.44253	47.67689
	16.4425	47.67706
	16.4425	47.67734
	16.44261	47.6778
	16.44276	47.67803
	16.44281	47.6784
	16.44285	47.67894
	16.44313	47.67955
	16.44346	47.67996
	16.44364	47.68024
	16.44385	47.68065
	16.44383	47.68111
	16.44379	47.68128
	16.4438	47.68152
	16.44388	47.68173
	16.44403	47.68204
	16.44422	47.68225
	16.44435	47.6825
	16.44436	47.68264
	16.44456	47.68292
	16.44477	47.68311
	16.44529	47.68383
	16.44528	47.68408
	16.44543	47.68445
	16.44543	47.68481
	16.44559	47.68524
	16.44595	47.68582
	16.446	47.68597
	16.44604	47.68656
	16.44599	47.687
	16.44599	47.6875
	16.44595	47.68793
	16.44586	47.68826
	16.44587	47.68877
	16.44591	47.68941
	16.44597	47.68964
	16.44629	47.6901
	16.4465	47.69032
	16.44699	47.69066
	16.44723	47.69119
	16.44744	47.69143
	16.44762	47.69171
	16.44784	47.69291
	16.44781	47.69307
	16.44761	47.69332
	16.44755	47.6935
	16.44754	47.69409
	16.44745	47.69487
	16.44738	47.69506
	16.44736	47.69529
	16.44752	47.69589
	16.44732	47.69631
	16.44792	47.6965
	16.44824	47.69654
	16.44849	47.69647
	16.449	47.69644
	16.44909	47.69648
	16.44923	47.69651
	16.44933	47.69649
	16.44945	47.69643
	16.44961	47.69639
	16.44973	47.69638
	16.44983	47.69642
	16.45035	47.6964
	16.45072	47.69628
	16.45138	47.69649
	16.45145	47.69661
	16.45175	47.69677
	16.45232	47.69684
	16.45398	47.69684
	16.45412	47.69649
	16.45495	47.69476
	16.45601	47.69262
	16.45669	47.69117
	16.45774	47.68903
	16.45824	47.68794
	16.45931	47.68568
	16.45998	47.68411
	16.46017	47.68388
	16.46071	47.6835
	16.46123	47.68326
	16.46147	47.68307
	16.46156	47.68297
	16.46197	47.68269
	16.46216	47.68265
	16.46286	47.68254
	16.46329	47.68243
	16.46348	47.68234
	16.46385	47.68227
	16.46419	47.68222
	16.46464	47.68219
	16.46491	47.68231
	16.46499	47.68214
	16.46536	47.68205
	16.46582	47.68182
	16.46609	47.68166
	16.46617	47.68156
	16.46608	47.68127
	16.46608	47.68111
	16.46612	47.68101
	16.46629	47.68084
	16.46652	47.68098
	16.46682	47.6812
	16.4672	47.68134
	16.4675	47.68138
	16.46802	47.68119
	16.46883	47.68123
	16.46966	47.68119
	16.46972	47.68128
	16.46982	47.68158
	16.46978	47.6818
	16.46978	47.68189
	16.46986	47.68196
	16.46998	47.68202
	16.47027	47.6821
	16.47031	47.68224
	16.47028	47.68229
	16.47035	47.68237
	16.47092	47.68241
	16.47113	47.68234
	16.47125	47.68235
	16.47148	47.6824
	16.47158	47.6824
	16.47164	47.68236
	16.47174	47.68218
	16.472	47.68225
	16.47201	47.6823
	16.47216	47.68222
	16.47241	47.68201
	16.47272	47.68142
	16.47294	47.68133
	16.47313	47.68129
	16.4733	47.68127
	16.47466	47.68126
	16.47478	47.68134
	16.47491	47.68164
	16.4749	47.6819
	16.47485	47.6823
	16.47511	47.68229
	16.47519	47.68243
	16.47527	47.68271
	16.47527	47.68285
	16.4753	47.68295
	16.47547	47.68296
	16.47551	47.68319
	16.47541	47.68349
	16.4753	47.68364
	16.47502	47.68391
	16.47496	47.68407
	16.47499	47.68422
	16.47504	47.68442
	16.47507	47.68448
	16.47525	47.68468
	16.47538	47.68471
	16.47533	47.68509
	16.4754	47.68543
	16.47585	47.68622
	16.47613	47.68724
	16.47605	47.68745
	16.47595	47.68752
	16.47568	47.68814
	16.47572	47.68822
	16.47576	47.68825
	16.47573	47.68839
	16.47563	47.68856
	16.47559	47.6887
	16.47553	47.68916
	16.47557	47.68927
	16.47595	47.69002
	16.47602	47.69012
	16.4763	47.69039
	16.47655	47.6904
	16.4768	47.69062
	16.47701	47.6907
	16.47724	47.69076
	16.47736	47.69065
	16.47809	47.69037
	16.47846	47.69032
	16.47862	47.69032
	16.4788	47.69042
	16.47922	47.69035
	16.47936	47.69022
	16.47966	47.69024
	16.48015	47.69033
	16.4806	47.69031
	16.48077	47.69025
	16.48094	47.69028
	16.48098	47.69043
	16.48129	47.69051
	16.48137	47.69046
	16.48162	47.69052
	16.48174	47.69057
	16.48187	47.69069
	16.48198	47.69087
	16.4822	47.69093
	16.48235	47.69087
	16.48295	47.6909
	16.48353	47.69105
	16.48435	47.69144
	16.48464	47.69161
	16.48474	47.69178
	16.48494	47.69193
	16.48524	47.69205
	16.48556	47.6923
	16.48606	47.69277
	16.48568	47.6933
	16.48541	47.69378
	16.4852	47.69375
	16.48476	47.69419
	16.48436	47.69499
	16.48447	47.6954
	16.48469	47.69589
	16.48583	47.69648
	16.48598	47.69661
	16.486	47.69678
	16.48629	47.69736
	16.48662	47.69766
	16.4872	47.69805
	16.48766	47.69801
	16.48802	47.69802
	16.48821	47.69807
	16.48854	47.69811
	16.48885	47.69809
	16.48904	47.69804
	16.48915	47.69805
	16.48924	47.69809
	16.48984	47.69814
	16.49005	47.69811
	16.49053	47.69826
	16.49069	47.69834
	16.4908	47.69837
	16.49109	47.69835
	16.49128	47.69832
	16.49145	47.69832
	16.49221	47.69859
	16.4926	47.69866
	16.49291	47.69852
	16.49308	47.69849
	16.49339	47.69858
	16.49371	47.69872
	16.49395	47.69891
	16.49427	47.69907
	16.49484	47.69942
	16.49481	47.69962
	16.495	47.69987
	16.49565	47.70042
	16.4957	47.70058
	16.49613	47.7012
	16.49617	47.70129
	16.49636	47.70153
	16.49668	47.70177
	16.49697	47.70166
	16.49729	47.70162
	16.49717	47.70194
	16.49717	47.70208
	16.49726	47.70272
	16.49754	47.70326
	16.49783	47.70346
	16.49815	47.70359
	16.49826	47.70367
	16.49852	47.70378
	16.49879	47.70386
	16.49943	47.70419
	16.49951	47.70432
	16.49952	47.7044
	16.49963	47.70454
	16.49973	47.70464
	16.49984	47.70472
	16.49991	47.70474
	16.50004	47.70475
	16.50051	47.70473
	16.50068	47.70468
	16.5008	47.70439
	16.50181	47.70392
	16.50259	47.70385
	16.50289	47.70374
	16.50319	47.7036
	16.50353	47.70352
	16.50409	47.7035
	16.50437	47.70354
	16.5046	47.70359
	16.50546	47.7039
	16.50512	47.70431
	16.50513	47.70437
	16.50522	47.70442
	16.50589	47.70449
	16.50648	47.70431
	16.50673	47.70435
	16.50695	47.70442
	16.50715	47.70465
	16.50729	47.70478
	16.5074	47.70483
	16.50767	47.70484
	16.50793	47.70479
	16.50806	47.70481
	16.50811	47.70486
	16.50811	47.70493
	16.50826	47.70507
	16.5085	47.70514
	16.5088	47.70528
	16.50888	47.70535
	16.50901	47.70538
	16.50943	47.70541
	16.50953	47.70543
	16.50964	47.70557
	16.51005	47.70588
	16.51028	47.70596
	16.51053	47.70611
	16.5109	47.7065
	16.5109	47.70665
	16.51087	47.70673
	16.51098	47.707
	16.51121	47.70697
	16.51258	47.70669
	16.5127	47.70668
	16.51279	47.70675
	16.51353	47.70721
	16.51419	47.70765
	16.51602	47.70716
	16.51692	47.70693
	16.5171	47.70716
	16.51836	47.70903
	16.51995	47.71134
	16.52063	47.71225
	16.52096	47.71205
	16.52115	47.7119
	16.5214	47.71174
	16.52194	47.71145
	16.52267	47.71114
	16.52352	47.71089
	16.52439	47.71069
	16.52543	47.71053
	16.52751	47.71035
	16.52813	47.71038
	16.52874	47.71045
	16.52919	47.71052
	16.53007	47.71071
	16.53064	47.71078
	16.53094	47.7108
	16.53332	47.71076
	16.53365	47.71073
	16.53429	47.7106
	16.53472	47.71117
	16.53481	47.71112
	16.53491	47.71115
	16.53546	47.71141
	16.53767	47.71181
	16.53797	47.71184
	16.54043	47.71184
	16.54111	47.71216
	16.54221	47.71295
	16.54141	47.71344
	16.54128	47.71356
	16.54245	47.71477
	16.54336	47.71566
	16.54378	47.71615
	16.54424	47.7166
	16.5446	47.71705
	16.54615	47.71843
	16.54777	47.7197
	16.54878	47.72038
	16.55118	47.72193
	16.55222	47.72251
	16.55071	47.72383
	16.54917	47.72567
	16.54879	47.72603
	16.54849	47.72624
	16.54807	47.72662
	16.54787	47.72683
	16.54454	47.7297
	16.5438	47.73032
	16.54268	47.73139
	16.54007	47.73364
	16.53758	47.73573
	16.53646	47.73663
	16.53746	47.73737
	16.53833	47.73799
	16.53883	47.7383
	16.53802	47.73917
	16.53754	47.74002
	16.53818	47.74022
	16.53887	47.74056
	16.53931	47.74081
	16.54124	47.74167
	16.54272	47.74235
	16.54278	47.7424
	16.54344	47.74242
	16.54366	47.7425
	16.54332	47.74028
	16.54358	47.73993
	16.54402	47.7394
	16.54424	47.73918
	16.54449	47.73887
	16.54486	47.73846
	16.54506	47.73827
	16.54546	47.73793
	16.54794	47.73785
	16.54859	47.74024
	16.54841	47.74068
	16.54817	47.7411
	16.54772	47.74167
	16.54724	47.74222
	16.54708	47.74237
	16.54876	47.7432
	16.54793	47.74391
	16.54664	47.74528
	16.54707	47.74541
	16.54709	47.74557
	16.54823	47.74596
	16.5482	47.74611
	16.54749	47.74677
	16.54677	47.74753
	16.5461	47.74895
	16.54601	47.74933
	16.54767	47.74929
	16.54704	47.75101
	16.54737	47.75099
	16.54798	47.75154
	16.54807	47.75157
	16.55181	47.75157
	16.55717	47.75155
	16.5582	47.7516
	16.55935	47.75158
	16.56215	47.75156
	16.56649	47.7516
	16.58306	47.75502
	16.58801	47.75547
	16.58816	47.75567
	16.58894	47.75694
	16.59023	47.75754
	16.59078	47.75784
	16.59221	47.75894
	16.59256	47.7591
	16.59296	47.75895
	16.59486	47.7583
	16.59549	47.758
	16.59613	47.75775
	16.59652	47.75747
	16.59717	47.75716
	16.59878	47.75613
	16.5993	47.7564
	16.59988	47.75678
	16.60222	47.75809
	16.60443	47.75855
	16.60498	47.75877
	16.60715	47.75976
	16.60876	47.76028
	16.60911	47.76037
	16.60954	47.76038
	16.61006	47.76035
	16.6108	47.76027
	16.61228	47.76024
	16.6137	47.75998
	16.61573	47.75956
	16.61741	47.759
	16.61867	47.75841
	16.62015	47.75767
	16.62214	47.75724
	16.62541	47.75694
	16.62716	47.75697
	16.628	47.75708
	16.62901	47.75766
	16.63045	47.75842
	16.63171	47.75871
	16.63253	47.75892
	16.6343	47.75908
	16.63442	47.75875
	16.6344	47.75813
	16.63456	47.75776
	16.63528	47.75721
	16.63616	47.75692
	16.63738	47.75603
	16.6379	47.75526
	16.63839	47.75457
	16.63898	47.75283
	16.63902	47.75183
	16.63873	47.75124
	16.63841	47.75026
	16.63855	47.74959
	16.63974	47.74826
	16.64118	47.74765
	16.64308	47.74663
	16.64449	47.74606
	16.6452	47.74563
	16.64824	47.74477
	16.65053	47.74425
	16.65283	47.74336
	16.65458	47.74226
	16.656	47.74166
	16.65719	47.74155
	16.6577	47.74258
	16.65815	47.74327
	16.67158	47.74044
	16.68734	47.73892
	16.72094	47.73536
	16.72143	47.72265
	16.72892	47.71155
	16.73982	47.69524
	16.74079	47.69376
	16.74333	47.68995
	16.74617	47.68575
	16.74903	47.68141
	16.76105	47.6817
	16.77866	47.68205
	16.79243	47.68235
	16.80098	47.68255
	16.80892	47.68265
	16.8182	47.68266
	16.82836	47.68274
	16.83213	47.68815
	16.83233	47.69031
	16.83284	47.69163
	16.83552	47.6973
	16.83903	47.70459
	16.8411	47.70582
	16.84873	47.70867
	16.85386	47.7105
	16.85553	47.71106
	16.85576	47.71127
	16.8566	47.71252
	16.86076	47.7156
	16.86475	47.71914
	16.86691	47.72166
	16.86883	47.72137
	16.87041	47.70337
	16.87165	47.69011
	16.8752	47.68833
	16.88285	47.68822
	16.88337	47.68824
	16.90235	47.68789
	16.9124	47.68767
	16.91278	47.68779
	16.95925	47.69266
	16.95934	47.69271
	16.96525	47.69332
	16.97546	47.6944
	16.97661	47.69449
	16.98807	47.69629
	17.00182	47.69842
	17.00627	47.69909
	17.01542	47.7005
	17.02473	47.70196
	17.03643	47.70374
	17.04018	47.70432
	17.04045	47.70439
	17.04788	47.70491
	17.06139	47.7059
	17.06807	47.70643
	17.07133	47.70664
	17.0774	47.70708
	17.08461	47.70762
	17.09133	47.70811
	17.09309	47.70826
	17.08719	47.71297
	17.08192	47.71721
	17.07467	47.72297
	17.0742	47.72316
	17.07027	47.7282
	17.07034	47.72903
	17.07043	47.72905
	17.07071	47.73184
	17.07044	47.73425
	17.071	47.73891
	17.07088	47.74326
	17.07081	47.74333
	17.07082	47.74413
	17.07088	47.74425
	17.07082	47.74685
	17.0708	47.74989
	17.07038	47.75394
	17.07012	47.75567
	17.06984	47.75609
	17.06972	47.75729
	17.06843	47.75711
	17.06695	47.76241
	17.06638	47.7643
	17.06587	47.76629
	17.06561	47.76634
	17.06562	47.76689
	17.06717	47.7669
	17.06382	47.7778
	17.06083	47.77763
	17.05964	47.78151
	17.05818	47.78616
	17.05564	47.78918
	17.05438	47.79062
	17.05098	47.79398
	17.05354	47.79755
	17.0624	47.80256
	17.07179	47.80823
	17.07443	47.80827
	17.07345	47.80918
	17.07115	47.81094
	17.0684	47.81324
	17.06398	47.81643
	17.06202	47.81801
	17.06036	47.81956
	17.05974	47.82011
	17.05985	47.82043
	17.06086	47.82271
	17.05609	47.82466
	17.04693	47.82833
	17.05023	47.8312
	17.04653	47.8326
	17.05173	47.83786
	17.04378	47.84166
	17.04384	47.84171
	17.0112	47.85741
	17.00995	47.85836
	17.0115	47.85998
	17.01471	47.86443
	17.0144	47.8645
	17.01624	47.86749
	17.01649	47.86745
	17.01774	47.86842
	17.01906	47.86824
	17.01941	47.86838
	17.0289	47.86771
	17.0375	47.86796
	17.03767	47.86793
	17.03786	47.86786
	17.04003	47.86682
	17.04959	47.87008
	17.04873	47.87192
	17.06305	47.87381
	17.07779	47.87754
	17.08044	47.87447
	17.08519	47.87444
	17.08785	47.8779
	17.09092	47.88195
	17.09276	47.88431
	17.09701	47.8899
	17.10416	47.89926
	17.10078	47.901
	17.09751	47.90347
	17.09558	47.90429
	17.09733	47.90531
	17.09628	47.90613
	17.09848	47.90757
	17.09837	47.90765
	17.09978	47.90859
	17.10275	47.91044
	17.10242	47.91071
	17.10744	47.91883
	17.1113	47.92514
	17.11268	47.92734
	17.10789	47.92912
	17.10531	47.93005
	17.10208	47.93118
	17.09277	47.93388
	17.09094	47.93442
	17.09137	47.93498
	17.09313	47.93642
	17.09537	47.93845
	17.09649	47.93941
	17.09732	47.93966
	17.09844	47.94032
	17.09943	47.94116
	17.10059	47.94202
	17.10221	47.94455
	17.10278	47.94522
	17.1064	47.94801
	17.10781	47.94949
	17.10855	47.95132
	17.10904	47.95292
	17.10992	47.95437
	17.11096	47.95526
	17.11245	47.9565
	17.113	47.95747
	17.11411	47.95879
	17.11496	47.95916
	17.1161	47.95981
	17.11654	47.9603
	17.11702	47.96089
	17.11552	47.96168
	17.11437	47.96219
	17.1138	47.96265
	17.11193	47.96355
	17.11052	47.964
	17.10818	47.96346
	17.10663	47.96471
	17.10439	47.96594
	17.10263	47.96646
	17.09967	47.9672
	17.09664	47.96865
	17.09466	47.97088
	17.10519	47.97596
	17.10809	47.9775
	17.10878	47.97778
	17.11196	47.9795
	17.11323	47.98027
	17.11426	47.98106
	17.11663	47.9834
	17.11807	47.98438
	17.1197	47.98526
	17.12467	47.98729
	17.1261	47.98802
	17.13159	47.99095
	17.13501	47.99332
	17.13422	47.99399
	17.13778	47.99568
	17.13959	47.9964
	17.14451	47.99906
	17.14657	48.00001
	17.15653	48.00401
	17.15691	48.00405
	17.16078	48.00666
	17.16198	48.00773
	17.16209	48.00788
	17.16289	48.00829
	17.16396	48.00875
	17.16501	48.00918
	17.16609	48.00947
	17.16726	48.01003
	17.17079	48.01125
	17.1715	48.01161
	17.172	48.01182
	17.17321	48.01224
	17.17364	48.01237
	17.17438	48.01254
	17.175	48.01273
	17.17559	48.01294
	17.17598	48.013
	17.17676	48.01306
	17.17855	48.01346
	17.17921	48.01365
	17.17952	48.01376
	17.17972	48.01385
	17.18033	48.01407
	17.18198	48.01463
	17.1838	48.01516
	17.18721	48.01622
	17.18944	48.01697
	17.18985	48.01711
	17.18995	48.0172
	17.19103	48.01765
	17.19204	48.0179
	17.19316	48.0182
	17.19441	48.0184
	17.19803	48.01772
	17.19835	48.01769
	17.19904	48.01832
	17.19943	48.01928
	17.19939	48.01946
	17.20005	48.01981
	17.20103	48.01999
	17.20178	48.02007
	17.20288	48.01998
	17.2039	48.01978
	17.20564	48.01932
	17.20712	48.01908
	17.20804	48.01914
	17.20952	48.01914
	17.21131	48.01912
	17.21263	48.01909
	17.21414	48.01908
	17.21617	48.01825
	17.21657	48.01807
	17.21705	48.01789
	17.2173	48.01782
	17.21739	48.01775
	17.22074	48.01647
	17.2218	48.01642
	17.22663	48.01623
	17.22768	48.01654
	17.23098	48.01747
	17.23268	48.01798
	17.23381	48.01822
	17.23494	48.01838
	17.23608	48.01856
	17.2371	48.01899
	17.23809	48.01955
	17.23925	48.01998
	17.24045	48.02056
	17.24031	48.02158
	17.24177	48.02247
	17.2436	48.02134
	17.24452	48.02059
	17.24528	48.01977
	17.24587	48.01888
	17.24628	48.01796
	17.24673	48.01637
	17.24733	48.01286
	17.24743	48.01201
	17.24764	48.00868
	17.24751	48.00663
	17.24753	48.00615
	17.24772	48.0052
	17.2479	48.00474
	17.2484	48.00384
	17.24872	48.00342
	17.2495	48.00262
	17.25088	48.00157
	17.25192	48.00096
	17.25305	48.00043
	17.25651	47.99913
	17.25795	47.99865
	17.25945	47.99825
	17.26098	47.99792
	17.26418	47.99742
	17.26578	47.99709
	17.2679	47.9966
	17.27165	47.99558
	17.27502	47.9949
	17.27725	47.9943
	17.27867	47.99405
	17.2794	47.99397
	17.28086	47.99392
	17.28438	47.99401
	17.28873	47.99427
	17.29121	47.99463
	17.29448	47.99537
	17.29706	47.99577
	17.29881	47.99592
	17.30335	47.99605
	17.3063	47.99606
	17.31073	47.99591
	17.31227	47.99576
	17.31493	47.99523
	17.31672	47.99505
	17.31853	47.99507
	17.32279	47.99537
	17.32413	47.99535
	17.32545	47.99521
	17.32927	47.99462
	17.33131	47.99421
	17.33231	47.99396
	17.33352	47.99359
	17.33465	47.99312
	17.33506	47.9929
	17.33618	47.99227
	17.33956	47.98972
	17.34236	47.98742
	17.343	47.98684
	17.3442	47.98562
	17.34651	47.98289
	17.34682	47.98255
	17.34797	47.98149
	17.34976	47.98002
	17.35163	47.97859
	17.35332	47.97744
	17.35601	47.97582
	17.35915	47.97423
	17.3609	47.97327
	17.36255	47.97222
	17.36407	47.9711
	17.36735	47.96827
	17.37245	47.96264
	17.37436	47.96026
	17.3753	47.95941
	17.3764	47.95865
	17.37868	47.95739
	17.3803	47.95663
	17.38198	47.95595
	17.39088	47.95286
	17.39281	47.95231
	17.39479	47.95184
	17.39644	47.95152
	17.39768	47.95118
	17.39885	47.95074
	17.3994	47.95048
	17.40043	47.9499
	17.4009	47.94958
	17.40299	47.94785
	17.404	47.94682
	17.40444	47.94629
	17.40497	47.94546
	17.40517	47.94503
	17.40543	47.9442
	17.40585	47.94222
	17.40616	47.94142
	17.4066	47.94065
	17.40767	47.9392
	17.40885	47.9378
	17.41013	47.93643
	17.41151	47.93512
	17.41205	47.93465
	17.41325	47.93378
	17.4139	47.93338
	17.41529	47.93265
	17.4168	47.93203
	17.41969	47.93115
	17.42087	47.93063
	17.42194	47.93
	17.42279	47.92936
	17.42354	47.92867
	17.42418	47.92792
	17.4253	47.92628
	17.42607	47.92549
	17.42699	47.92478
	17.42921	47.92347
	17.43031	47.92275
	17.43134	47.92197
	17.43251	47.92086
	17.43301	47.92013
	17.43527	47.91651
	17.43572	47.91564
	17.43589	47.91519
	17.4361	47.91428
	17.43615	47.91335
	17.43607	47.91198
	17.43619	47.91108
	17.43647	47.91019
	17.43691	47.90933
	17.439	47.90608
	17.44143	47.90291
	17.4425	47.90142
	17.44344	47.90049
	17.44463	47.89967
	17.44542	47.89906
	17.44609	47.89839
	17.44666	47.89768
	17.44957	47.89314
	17.45001	47.89229
	17.45046	47.89097
	17.45067	47.88961
	17.45096	47.88869
	17.45118	47.88819
	17.4521	47.8869
	17.45241	47.88657
	17.45311	47.88589
	17.45392	47.88526
	17.45601	47.88402
	17.45687	47.88358
	17.45866	47.88277
	17.4617	47.88162
	17.4639	47.88096
	17.46503	47.88067
	17.46732	47.88019
	17.4693	47.87987
	17.47095	47.87969
	17.47264	47.87957
	17.4735	47.87947
	17.47519	47.87916
	17.47681	47.87872
	17.47834	47.87815
	17.48039	47.87722
	17.48435	47.87512
	17.4901	47.87188
	17.49139	47.87105
	17.49363	47.86938
	17.49462	47.86876
	17.49515	47.86848
	17.49629	47.86799
	17.49751	47.8676
	17.49815	47.86745
	17.49998	47.86712
	17.50239	47.8668
	17.50482	47.86659
	17.50727	47.8665
	17.51334	47.86656
	17.51465	47.86663
	17.51593	47.86682
	17.51836	47.86742
	17.51899	47.86751
	17.52026	47.86758
	17.52153	47.86752
	17.52216	47.86743
	17.52337	47.86716
	17.52399	47.86695
	17.52517	47.86644
	17.52625	47.86584
	17.52674	47.86551
	17.52762	47.86478
	17.52835	47.86398
	17.52964	47.86234
	17.5314	47.86026
	17.53276	47.85892
	17.53452	47.85746
	17.5356	47.85667
	17.53662	47.8561
	17.53777	47.85564
	17.53943	47.85513
	17.53993	47.85493
	17.54084	47.85445
	17.54126	47.85417
	17.542	47.85357
	17.54308	47.85235
	17.54332	47.85181
	17.54338	47.85152
	17.5435	47.84996
	17.54335	47.84937
	17.54271	47.84797
	17.5426	47.84755
	17.54253	47.8467
	17.54266	47.84585
	17.54335	47.8436
	17.54368	47.84286
	17.54416	47.84216
	17.54479	47.84152
	17.54633	47.84031
	17.54695	47.83959
	17.54719	47.83921
	17.54844	47.83653
	17.54897	47.83481
	17.54912	47.83345
	17.54928	47.83279
	17.54957	47.83216
	17.54997	47.83155
	17.55046	47.83099
	17.55104	47.83047
	17.55675	47.8264
	17.55789	47.82547
	17.55877	47.82442
	17.56046	47.82129
	17.56127	47.82022
	17.56196	47.81956
	17.56632	47.81592
	17.56671	47.81564
	17.56758	47.81513
	17.56916	47.8144
	17.5701	47.81412
	17.5706	47.81402
	17.5711	47.81396
	17.57213	47.81392
	17.57315	47.814
	17.57365	47.81409
	17.5746	47.81436
	17.576	47.81496
	17.58506	47.81974
	17.58597	47.82016
	17.58697	47.82051
	17.58856	47.82086
	17.59206	47.82123
	17.5931	47.82128
	17.5949	47.82122
	17.59635	47.82132
	17.59777	47.82155
	17.59969	47.82207
	17.60084	47.82233
	17.60262	47.82254
	17.60443	47.82256
	17.60577	47.82244
	17.60721	47.8222
	17.6084	47.82189
	17.6125	47.81894
	17.61407	47.81771
	17.61937	47.81327
	17.63093	47.8034
	17.63343	47.80193
	17.63603	47.80053
	17.63871	47.7992
	17.64147	47.79794
	17.64944	47.79475
	17.6531	47.79306
	17.65667	47.7913
	17.66016	47.78946
	17.66355	47.78754
	17.66684	47.78554
	17.67943	47.77845
	17.68071	47.77791
	17.68404	47.77684
	17.68595	47.77605
	17.68779	47.77519
	17.69	47.774
	17.69123	47.77326
	17.69282	47.7722
	17.69431	47.77107
	17.69569	47.76988
	17.69662	47.76896
	17.69747	47.76801
	17.70204	47.7621
	17.70374	47.76049
	17.70542	47.75899
	17.70551	47.7589
	17.70734	47.75736
	17.70858	47.75668
	17.70991	47.75608
	17.71133	47.75558
	17.71282	47.75518
	17.71831	47.75418
	17.72015	47.75403
	17.722	47.75396
	17.72386	47.75398
	17.72707	47.75405
	17.729	47.75392
	17.7309	47.7537
	17.73256	47.75341
	17.73278	47.75338
	17.73461	47.75296
	17.73834	47.75214
	17.74002	47.75175
	17.74166	47.75128
	17.74321	47.75076
	17.7434	47.75071
	17.74444	47.75048
	17.74566	47.75028
	17.7469	47.75015
	17.74816	47.75009
	17.74941	47.75011
	17.75863	47.74998
	17.7601	47.74986
	17.76154	47.74966
	17.76296	47.74936
	17.76432	47.74898
	17.76563	47.74852
	17.76705	47.74786
	17.76871	47.74686
	17.77025	47.74578
	17.77167	47.74463
	17.77296	47.74341
	17.77411	47.74212
	17.77478	47.74155
	17.77554	47.74103
	17.77638	47.74057
	17.77727	47.74016
	17.77855	47.73978
	17.77987	47.73949
	17.78124	47.73929
	17.78262	47.73919
	17.78402	47.73919
	17.78541	47.73929
	17.78677	47.73948
	17.78795	47.73975
	17.78915	47.73999
	17.79036	47.74019
	17.79201	47.74063
	17.7936	47.74115
	17.79513	47.74176
	17.79658	47.74244
	17.79796	47.7432
	17.79911	47.7436
	17.80033	47.74391
	17.80158	47.74414
	17.80287	47.74427
	17.80416	47.7443
	17.80564	47.74436
	17.80712	47.74435
	17.8086	47.74427
	17.81006	47.74412
	17.8115	47.74389
	17.81495	47.74325
	17.81587	47.74301
	17.81676	47.74273
	17.82205	47.74068
	17.82337	47.74037
	17.82473	47.74015
	17.82612	47.74002
	17.82751	47.73998
	17.82891	47.74003
	17.83029	47.74019
	17.83164	47.74043
	17.83305	47.74074
	17.8345	47.74096
	17.83597	47.74109
	17.83787	47.74116
	17.83942	47.74132
	17.84096	47.74151
	17.84248	47.74174
	17.85359	47.74389
	17.85693	47.74455
	17.8587	47.74498
	17.86051	47.74532
	17.86235	47.74556
	17.86422	47.74571
	17.8661	47.74575
	17.86712	47.74571
	17.86847	47.74558
	17.86981	47.74538
	17.87112	47.74511
	17.88682	47.74091
	17.89136	47.7398
	17.89348	47.73949
	17.89449	47.73921
	17.90013	47.73926
	17.90125	47.73966
	17.9035	47.74006
	17.90687	47.74123
	17.90798	47.74163
	17.91754	47.74362
	17.92035	47.74403
	17.93728	47.74419
	17.94405	47.74464
	17.94687	47.74467
	17.94798	47.74544
	17.94911	47.74545
	17.95411	47.74893
	17.95633	47.75085
	17.96023	47.75355
	17.96191	47.75433
	17.9642	47.75528
	17.96863	47.75706
	17.96975	47.75744
	17.97087	47.75784
	17.97256	47.75785
	17.97426	47.75749
	17.97653	47.75713
	17.97823	47.75677
	17.98051	47.75564
	17.98222	47.75489
	17.99363	47.74891
	17.99534	47.74816
	17.99761	47.74743
	17.99875	47.74705
	18.00044	47.74669
	18.00271	47.74632
	18.00441	47.74634
	18.00665	47.74674
	18.00835	47.74714
	18.01115	47.74793
	18.01227	47.7487
	18.01449	47.74986
	18.0173	47.75103
	18.02011	47.75181
	18.0229	47.75336
	18.0257	47.75452
	18.02793	47.75569
	18.02906	47.75608
	18.03411	47.75727
	18.03581	47.75728
	18.03806	47.75768
	18.03976	47.75732
	18.04146	47.75733
	18.04653	47.75699
	18.05614	47.7567
	18.06857	47.7568
	18.07534	47.75648
	18.0872	47.75657
	18.08833	47.75621
	18.08946	47.75621
	18.09683	47.75475
	18.10136	47.75365
	18.10363	47.75328
	18.11325	47.75184
	18.11495	47.75186
	18.12682	47.7508
	18.13417	47.75048
	18.13586	47.75011
	18.14152	47.74902
	18.14492	47.74867
	18.14606	47.74829
	18.15116	47.74719
	18.15908	47.74573
	18.16361	47.74462
	18.16475	47.74424
	18.16872	47.74276
	18.17213	47.74164
	18.17383	47.74127
	18.17553	47.74128
	18.17665	47.74091
	18.17948	47.74093
	18.18457	47.74059
	18.18795	47.74023
	18.19303	47.74027
	18.19699	47.73992
	18.19924	47.74031
	18.20206	47.74033
	18.20545	47.74074
	18.20994	47.74154
	18.21333	47.74194
	18.21614	47.74234
	18.22122	47.74238
	18.22292	47.74201
	18.23197	47.74093
	18.23536	47.74057
	18.23818	47.74059
	18.24552	47.74026
	18.25966	47.73846
	18.26758	47.73737
	18.26985	47.73663
	18.27099	47.73587
	18.27382	47.73474
	18.27553	47.73361
	18.27667	47.73324
	18.27837	47.73287
	18.28063	47.73251
	18.2908	47.73143
	18.29588	47.73146
	18.29813	47.73186
	18.29982	47.73225
	18.30657	47.73344
	18.30826	47.73383
	18.31052	47.73384
	18.3139	47.73424
	18.31671	47.73464
	18.32178	47.73505
	18.32404	47.73545
	18.32854	47.73662
	18.33473	47.73742
	18.33698	47.73781
	18.3398	47.73821
	18.34486	47.73938
	18.35049	47.74094
	18.35612	47.74212
	18.35893	47.74252
	18.36344	47.74331
	18.36681	47.74409
	18.3702	47.74411
	18.37245	47.74488
	18.37414	47.74527
	18.37976	47.74758
	18.38256	47.74875
	18.38593	47.74991
	18.39044	47.75107
	18.39269	47.75147
	18.39438	47.75186
	18.40059	47.75189
	18.40509	47.7523
	18.40848	47.7527
	18.41862	47.75466
	18.42707	47.75509
	18.42821	47.75509
	18.4299	47.75548
	18.43214	47.75625
	18.43384	47.75665
	18.43439	47.7574
	18.43944	47.7601
	18.44506	47.76241
	18.44618	47.76318
	18.45125	47.76435
	18.45237	47.76474
	18.45407	47.76512
	18.45632	47.76513
	18.46084	47.76478
	18.46311	47.76441
	18.4665	47.76405
	18.46763	47.76367
	18.46933	47.7633
	18.47273	47.76217
	18.47443	47.76104
	18.4858	47.75424
	18.48807	47.75349
	18.49089	47.75312
	18.49316	47.75276
	18.49429	47.75276
	18.50274	47.75356
	18.50387	47.75357
	18.50951	47.75473
	18.51458	47.75552
	18.52471	47.75785
	18.52696	47.75862
	18.52865	47.75939
	18.53595	47.76323
	18.53765	47.764
	18.53876	47.76438
	18.54046	47.76477
	18.54215	47.76478
	18.5495	47.76443
	18.55119	47.76444
	18.55287	47.76482
	18.55908	47.766
	18.56303	47.76601
	18.57433	47.76491
	18.58055	47.7638
	18.59073	47.76231
	18.59243	47.76194
	18.59921	47.76007
	18.60714	47.75895
	18.61052	47.7582
	18.61787	47.75785
	18.62013	47.75786
	18.62632	47.75864
	18.63648	47.75944
	18.63818	47.75945
	18.64327	47.75908
	18.64609	47.75909
	18.64777	47.75948
	18.65172	47.76064
	18.65397	47.76141
	18.65736	47.76142
	18.65905	47.7618
	18.66976	47.76451
	18.6737	47.76604
	18.67483	47.76604
	18.6799	47.7672
	18.68216	47.76759
	18.68384	47.76836
	18.69904	47.77602
	18.70804	47.78214
	18.71029	47.78291
	18.71198	47.78329
	18.7148	47.78368
	18.7165	47.78406
	18.71875	47.78483
	18.72607	47.78904
	18.7272	47.78981
	18.72832	47.79095
	18.73	47.79362
	18.73056	47.79476
	18.73111	47.79552
	18.73107	47.80314
	18.73163	47.80467
	18.7333	47.80847
	18.73555	47.81077
	18.73779	47.8123
	18.73892	47.81306
	18.74118	47.81382
	18.75247	47.81614
	18.76602	47.81731
	18.76715	47.81732
	18.76885	47.8177
	18.77054	47.81847
	18.7728	47.81999
	18.77392	47.82038
	18.77505	47.82115
	18.77675	47.82153
	18.792	47.82309
	18.79596	47.8231
	18.80726	47.8216
	18.80839	47.8216
	18.81066	47.82084
	18.81349	47.81933
	18.81689	47.81857
	18.82141	47.81858
	18.82649	47.81897
	18.82819	47.81897
	18.84063	47.81709
	18.84854	47.81672
	18.84854	47.81825
	18.84911	47.81825
	18.85081	47.81445
	18.85252	47.81406
	18.85477	47.81369
	18.85703	47.81369
	18.86212	47.81332
	18.8689	47.81295
	18.87061	47.81258
	18.87286	47.81219
	18.87512	47.81182
	18.87795	47.81144
	18.87908	47.81106
	18.88191	47.81068
	18.88417	47.80993
	18.887	47.80917
	18.88926	47.80879
	18.89096	47.80803
	18.89379	47.80689
	18.89605	47.80614
	18.89718	47.80538
	18.89831	47.805
	18.90228	47.80234
	18.90285	47.80158
	18.90341	47.79968
	18.90455	47.79853
	18.90511	47.79701
	18.90568	47.79663
	18.90571	47.78787
	18.90798	47.78255
	18.91026	47.77341
	18.91083	47.77265
	18.91366	47.76961
	18.91479	47.76923
	18.92101	47.76657
	18.92722	47.76506
	18.92441	47.76163
	18.92385	47.76087
	18.92328	47.76048
	18.92328	47.75782
	18.92272	47.75744
	18.92273	47.75591
	18.92386	47.75401
	18.92386	47.75325
	18.925	47.74983
	18.92387	47.74906
	18.92219	47.74677
	18.92162	47.74525
	18.91937	47.74259
	18.91994	47.7403
	18.92051	47.73954
	18.92108	47.73954
	18.92164	47.73878
	18.92277	47.73802
	18.92333	47.73688
	18.9239	47.73612
	18.92447	47.73574
	18.92728	47.73574
	18.92842	47.73536
	18.92899	47.7346
	18.93012	47.73346
	18.93068	47.73346
	18.93125	47.73384
	18.93181	47.73194
	18.9335	47.73118
	18.93464	47.73004
	18.93408	47.72813
	18.93521	47.72737
	18.93803	47.72585
	18.93916	47.72547
	18.94085	47.72509
	18.94198	47.72471
	18.9403	47.72395
	18.93917	47.72281
	18.9386	47.72166
	18.93692	47.72014
	18.93523	47.71709
	18.93466	47.71633
	18.93411	47.71595
	18.93411	47.71557
	18.93354	47.71519
	18.93298	47.71443
	18.93241	47.71404
	18.93185	47.71404
	18.93185	47.71366
	18.93016	47.71366
	18.92904	47.7129
	18.92791	47.7129
	18.92791	47.71252
	18.92734	47.71252
	18.92565	47.71137
	18.92509	47.71137
	18.92115	47.70985
	18.92115	47.71061
	18.91944	47.71213
	18.91888	47.71251
	18.91606	47.71327
	18.91436	47.71441
	18.91211	47.71517
	18.90928	47.71706
	18.90646	47.71782
	18.90645	47.7182
	18.90476	47.71896
	18.90363	47.71896
	18.9025	47.71972
	18.90137	47.7201
	18.90081	47.71972
	18.89968	47.71972
	18.89912	47.7201
	18.89799	47.7201
	18.8963	47.71971
	18.89347	47.72085
	18.89178	47.72047
	18.89066	47.72047
	18.89008	47.72085
	18.88952	47.72084
	18.88784	47.72046
	18.88671	47.72046
	18.88558	47.71932
	18.88445	47.71856
	18.88446	47.71779
	18.8839	47.71741
	18.88277	47.71589
	18.88107	47.71589
	18.87995	47.71665
	18.87938	47.71589
	18.87601	47.71512
	18.87488	47.71512
	18.87149	47.71664
	18.86867	47.71739
	18.86754	47.71587
	18.86641	47.71548
	18.86528	47.71586
	18.8619	47.71586
	18.85965	47.71509
	18.85795	47.71471
	18.85683	47.71356
	18.85457	47.7147
	18.85345	47.71394
	18.85232	47.71279
	18.85176	47.71165
	18.85233	47.71051
	18.8529	47.70861
	18.85516	47.70747
	18.85516	47.70671
	18.85461	47.70557
	18.85348	47.70404
	18.85349	47.7029
	18.85293	47.70175
	18.85236	47.70137
	18.85181	47.70061
	18.85237	47.69985
	18.85181	47.69909
	18.85407	47.69757
	18.85577	47.69681
	18.85407	47.69529
	18.84676	47.69261
	18.84845	47.69109
	18.85072	47.68957
	18.85354	47.68691
	18.85411	47.68577
	18.85411	47.68424
	18.85469	47.68196
	18.85751	47.68006
	18.85978	47.67816
	18.85979	47.6755
	18.86092	47.6736
	18.86206	47.67245
	18.86319	47.66941
	18.86376	47.66865
	18.86379	47.65989
	18.86323	47.65799
	18.86211	47.65646
	18.86436	47.65533
	18.86493	47.65457
	18.86607	47.65342
	18.86495	47.65114
	18.85874	47.65265
	18.85648	47.65341
	18.8531	47.65416
	18.84972	47.65416
	18.8452	47.65605
	18.84351	47.65681
	18.84013	47.65529
	18.83563	47.65452
	18.82944	47.65374
	18.82493	47.65526
	18.8221	47.65601
	18.82154	47.65639
	18.82097	47.65639
	18.82041	47.65677
	18.81928	47.65677
	18.8159	47.65714
	18.81195	47.65713
	18.80743	47.66055
	18.80404	47.66283
	18.80291	47.66321
	18.80178	47.66435
	18.79952	47.6651
	18.79387	47.66776
	18.79105	47.66851
	18.78033	47.67115
	18.77976	47.67115
	18.78148	47.66697
	18.78036	47.66506
	18.77924	47.66353
	18.77869	47.66125
	18.7787	47.66087
	18.77418	47.66086
	18.77193	47.66047
	18.7663	47.66046
	18.76517	47.65969
	18.76011	47.65892
	18.75841	47.65968
	18.75616	47.66005
	18.75503	47.66005
	18.7539	47.66081
	18.75221	47.6608
	18.74939	47.66118
	18.74826	47.66118
	18.74883	47.66042
	18.75165	47.65928
	18.75222	47.65852
	18.75335	47.65814
	18.75674	47.65586
	18.76239	47.65321
	18.76577	47.65246
	18.7669	47.65171
	18.76803	47.65132
	18.7686	47.65133
	18.76973	47.65057
	18.77086	47.64943
	18.77256	47.64867
	18.77369	47.64829
	18.77425	47.6483
	18.77481	47.64715
	18.77482	47.64563
	18.77595	47.64487
	18.77596	47.64373
	18.77653	47.64335
	18.77709	47.64259
	18.77823	47.64145
	18.77991	47.64146
	18.78218	47.63956
	18.77881	47.63879
	18.77656	47.6384
	18.77262	47.63725
	18.77092	47.63839
	18.76755	47.63648
	18.7653	47.63533
	18.76138	47.63266
	18.76025	47.63227
	18.75969	47.63227
	18.75857	47.63189
	18.75857	47.63112
	18.75688	47.62998
	18.75182	47.62806
	18.74789	47.62653
	18.74565	47.625
	18.74397	47.62347
	18.74341	47.62347
	18.74117	47.62004
	18.74062	47.61851
	18.74063	47.61699
	18.73895	47.6147
	18.73334	47.6124
	18.73165	47.61163
	18.72772	47.61086
	18.72097	47.60856
	18.72041	47.60856
	18.72043	47.60589
	18.71932	47.60208
	18.71933	47.60056
	18.71978	47.60003
	18.72048	47.59828
	18.72104	47.59752
	18.72161	47.59714
	18.72161	47.59676
	18.72105	47.59599
	18.72106	47.59485
	18.71881	47.59447
	18.71769	47.59332
	18.71207	47.59178
	18.71095	47.5914
	18.70309	47.58757
	18.69805	47.58489
	18.69749	47.58413
	18.69469	47.58221
	18.68854	47.57724
	18.69477	47.56992
	18.69856	47.56508
	18.69999	47.5611
	18.69444	47.5549
	18.69213	47.54863
	18.69411	47.5449
	18.69476	47.53278
	18.71148	47.51494
	18.72503	47.49663
	18.72981	47.49124
	18.73432	47.49226
	18.73757	47.4903
	18.74228	47.48909
	18.74618	47.49095
	18.75052	47.49245
	18.75699	47.48784
	18.75647	47.48636
	18.76297	47.47799
	18.76775	47.47544
	18.78045	47.4654
	18.7853	47.45689
	18.78656	47.44991
	18.78579	47.44251
	18.79068	47.43503
	18.78699	47.43277
	18.78994	47.42599
	18.77655	47.41871
	18.77151	47.41754
	18.77097	47.41717
	18.76813	47.41563
	18.76592	47.4141
	18.76369	47.41295
	18.76257	47.41182
	18.76035	47.40875
	18.7598	47.40765
	18.75977	47.40723
	18.75922	47.40648
	18.75756	47.40343
	18.7626	47.40003
	18.76542	47.39737
	18.76772	47.39582
	18.77614	47.39051
	18.77781	47.38978
	18.78009	47.3875
	18.78233	47.38406
	18.78347	47.38215
	18.7846	47.38064
	18.78569	47.37953
	18.78687	47.37802
	18.78797	47.37609
	18.79006	47.37385
	18.79135	47.37191
	18.79249	47.37112
	18.79303	47.37153
	18.80473	47.36372
	18.80722	47.35934
	18.81008	47.35542
	18.81966	47.34679
	18.83185	47.33911
	18.8333	47.33987
	18.84198	47.33598
	18.84974	47.33093
	18.85438	47.32712
	18.8591	47.32337
	18.86366	47.31914
	18.86647	47.31537
	18.86762	47.31453
	18.86423	47.31155
	18.86127	47.30631
	18.85832	47.3054
	18.8604	47.30464
	18.86466	47.30604
	18.86802	47.30546
	18.87195	47.30426
	18.88114	47.3014
	18.87831	47.29622
	18.87532	47.29186
	18.87333	47.28666
	18.87778	47.28123
	18.88015	47.27729
	18.8807	47.27842
	18.89072	47.2768
	18.90062	47.27527
	18.91906	47.27448
	18.92048	47.26488
	18.918	47.25703
	18.91156	47.2444
	18.91136	47.23709
	18.91014	47.23125
	18.90669	47.22611
	18.90609	47.22517
	18.89671	47.21484
	18.88677	47.20478
	18.88151	47.19611
	18.88014	47.18869
	18.87819	47.17562
	18.87359	47.16436
	18.87331	47.16225
	18.87291	47.15554
	18.87478	47.1456
	18.87536	47.14406
	18.87961	47.1322
	18.8822	47.1253
	18.88529	47.11105
	18.89081	47.09564
	18.89341	47.08766
	18.89806	47.0761
	18.90233	47.07152
	18.91281	47.0676
	18.93143	47.05807
	18.94691	47.04862
	18.95584	47.04184
	18.96253	47.03529
	18.96671	47.03004
	18.96811	47.0267
	18.96819	47.02606
	18.96824	47.02517
	18.96829	47.02417
	18.96855	47.02293
	18.96871	47.02148
	18.96877	47.02061
	18.96886	47.01961
	18.96879	47.01835
	18.96866	47.01695
	18.96841	47.01546
	18.96827	47.01477
	18.96809	47.0139
	18.96766	47.01187
	18.96669	47.00984
	18.96583	47.00802
	18.96445	47.00596
	18.96286	47.00449
	18.96126	47.00317
	18.95939	47.00166
	18.95674	46.99961
	18.95402	46.99644
	18.95209	46.99382
	18.95104	46.99218
	18.95022	46.98087
	18.95254	46.96957
	18.95359	46.96671
	18.95434	46.96528
	18.95542	46.96337
	18.95678	46.96078
	18.95792	46.95867
	18.95889	46.957
	18.95996	46.95501
	18.96072	46.9536
	18.96132	46.95228
	18.96212	46.95079
	18.96296	46.94911
	18.96408	46.94455
	18.96458	46.94276
	18.96486	46.94159
	18.9652	46.94036
	18.96576	46.93693
	18.96576	46.93541
	18.96522	46.93122
	18.96477	46.9296
	18.96435	46.92793
	18.96352	46.92473
	18.96323	46.92374
	18.9628	46.92229
	18.96205	46.9198
	18.96184	46.91876
	18.96142	46.91644
	18.96024	46.91179
	18.95914	46.9076
	18.95859	46.90608
	18.95582	46.90113
	18.9478	46.89134
	18.9471	46.89073
	18.93974	46.88322
	18.93476	46.87864
	18.93199	46.87597
	18.92645	46.86531
	18.92536	46.85731
	18.92426	46.85426
	18.92483	46.84626
	18.92485	46.83979
	18.92486	46.8337
	18.92542	46.83179
	18.92487	46.82875
	18.92433	46.82417
	18.92489	46.82151
	18.92656	46.81771
	18.92879	46.81466
	18.93212	46.81162
	18.93545	46.80896
	18.94045	46.80706
	18.94433	46.80515
	18.94711	46.80402
	18.94989	46.80249
	18.95377	46.80098
	18.94989	46.79869
	18.95267	46.79564
	18.95378	46.79488
	18.9549	46.79145
	18.95545	46.78994
	18.95657	46.78536
	18.95768	46.78461
	18.95879	46.78461
	18.96045	46.78346
	18.96045	46.78309
	18.96156	46.78232
	18.96211	46.7808
	18.966	46.77547
	18.966	46.77509
	18.96711	46.77433
	18.96767	46.77281
	18.96934	46.76938
	18.9699	46.76786
	18.97045	46.76672
	18.97101	46.76443
	18.97821	46.7652
	18.97766	46.7633
	18.97766	46.76215
	18.97711	46.75987
	18.97711	46.75911
	18.97822	46.7553
	18.97878	46.75454
	18.97989	46.75225
	18.98267	46.74921
	18.98267	46.74692
	18.98322	46.74426
	18.98379	46.74045
	18.98434	46.73931
	18.986	46.73664
	18.98656	46.73474
	18.99044	46.73093
	18.99376	46.72789
	18.9982	46.72332
	18.99931	46.72104
	19.00097	46.7199
	19.00208	46.71799
	19.0043	46.71342
	19.00596	46.70885
	19.00652	46.70504
	19.00653	46.69934
	19.00597	46.69781
	19.00542	46.69552
	19.00486	46.69477
	19.00376	46.69172
	19.0021	46.69058
	18.99934	46.68791
	18.99602	46.68562
	18.99326	46.68295
	18.98939	46.67762
	18.98828	46.67648
	18.98663	46.67457
	18.98497	46.67191
	18.98276	46.66886
	18.97834	46.66352
	18.97393	46.65895
	18.97282	46.65857
	18.97116	46.65666
	18.96785	46.65438
	18.96619	46.65362
	18.96398	46.65247
	18.96177	46.65095
	18.95956	46.65018
	18.95735	46.64904
	18.95625	46.64866
	18.95568	46.65361
	18.95236	46.65247
	18.95016	46.65132
	18.9496	46.65094
	18.9474	46.65055
	18.94629	46.65017
	18.94408	46.64979
	18.94242	46.64941
	18.93468	46.64521
	18.93303	46.64407
	18.93027	46.64293
	18.9264	46.64216
	18.92419	46.64177
	18.92419	46.64063
	18.92309	46.63987
	18.92088	46.63949
	18.91922	46.6391
	18.91701	46.6391
	18.91757	46.63758
	18.91149	46.63757
	18.90983	46.63795
	18.89214	46.63831
	18.88882	46.6383
	18.8855	46.63716
	18.8833	46.63677
	18.88274	46.63677
	18.88054	46.63448
	18.87779	46.63067
	18.87614	46.62915
	18.87558	46.62876
	18.87228	46.62457
	18.86898	46.62076
	18.86236	46.61618
	18.86126	46.61427
	18.85908	46.60665
	18.85965	46.60323
	18.86131	46.60056
	18.86297	46.59828
	18.86409	46.59599
	18.86686	46.59257
	18.87129	46.58877
	18.87351	46.58725
	18.87794	46.58269
	18.88127	46.57851
	18.88458	46.57547
	18.88791	46.57128
	18.88957	46.56938
	18.89013	46.56747
	18.89345	46.56405
	18.89567	46.55987
	18.89736	46.55035
	18.89737	46.54807
	18.89627	46.54387
	18.89573	46.53892
	18.89685	46.53398
	18.89575	46.53207
	18.89522	46.52712
	18.89578	46.52293
	18.89634	46.51912
	18.89911	46.51379
	18.90409	46.50771
	18.90741	46.50314
	18.91018	46.49972
	18.91184	46.49706
	18.91736	46.49135
	18.92236	46.47498
	18.92405	46.46432
	18.9235	46.46051
	18.92022	46.44984
	18.91638	46.44299
	18.91363	46.43879
	18.91089	46.43575
	18.90705	46.43117
	18.90266	46.42545
	18.90047	46.42126
	18.89333	46.41478
	18.88894	46.41135
	18.88566	46.40296
	18.88567	46.39763
	18.88512	46.39573
	18.88623	46.3923
	18.88679	46.39116
	18.88791	46.38735
	18.89122	46.38012
	18.89178	46.3786
	18.8929	46.37403
	18.89346	46.36908
	18.89402	46.36413
	18.89348	46.36108
	18.89403	46.3588
	18.89459	46.35766
	18.89459	46.35652
	18.89571	46.35119
	18.89572	46.34547
	18.89627	46.34471
	18.89738	46.34357
	18.89738	46.34243
	18.89794	46.34091
	18.89794	46.33977
	18.89795	46.33824
	18.8996	46.33406
	18.90511	46.32759
	18.90787	46.32455
	18.91117	46.32226
	18.91558	46.31923
	18.91723	46.3177
	18.91944	46.31543
	18.92109	46.31276
	18.9222	46.30819
	18.92165	46.30591
	18.92166	46.30096
	18.91894	46.29334
	18.91784	46.29371
	18.91784	46.29029
	18.91621	46.28648
	18.91457	46.28267
	18.91402	46.28152
	18.91293	46.27772
	18.9124	46.2739
	18.91131	46.26857
	18.91077	46.26553
	18.91133	46.26096
	18.90969	46.2602
	18.90913	46.2602
	18.90859	46.25981
	18.90695	46.25943
	18.90529	46.25867
	18.90035	46.25866
	18.89816	46.25904
	18.89212	46.25979
	18.88938	46.26055
	18.88882	46.26093
	18.88607	46.26245
	18.88442	46.26435
	18.88057	46.26663
	18.87837	46.26891
	18.87727	46.26967
	18.87617	46.27043
	18.87507	46.27081
	18.87397	46.27081
	18.86958	46.27042
	18.86903	46.27042
	18.86738	46.27004
	18.86409	46.26774
	18.863	46.2666
	18.86246	46.26584
	18.86246	46.2647
	18.86301	46.26431
	18.86523	46.25785
	18.86743	46.2548
	18.86908	46.25366
	18.86964	46.2529
	18.87293	46.24986
	18.87624	46.24644
	18.87679	46.24568
	18.8768	46.24111
	18.87572	46.2392
	18.87517	46.23806
	18.87298	46.23577
	18.86915	46.23348
	18.86696	46.23196
	18.86476	46.23348
	18.86202	46.235
	18.85542	46.23613
	18.85378	46.23612
	18.85104	46.23422
	18.84995	46.23307
	18.84777	46.22926
	18.84504	46.22583
	18.84231	46.22316
	18.84121	46.22277
	18.83957	46.22201
	18.83628	46.22124
	18.83354	46.22009
	18.83244	46.21971
	18.83135	46.21895
	18.82971	46.2178
	18.82698	46.21399
	18.8248	46.21132
	18.82316	46.20941
	18.82261	46.20865
	18.82208	46.20751
	18.82208	46.2056
	18.82373	46.20446
	18.82538	46.2037
	18.82758	46.20256
	18.83032	46.20143
	18.83142	46.20105
	18.83306	46.20105
	18.83525	46.20182
	18.83689	46.20258
	18.83854	46.20373
	18.84018	46.20449
	18.84237	46.20488
	18.84675	46.20717
	18.8484	46.20793
	18.84948	46.20832
	18.85058	46.20908
	18.85386	46.21213
	18.8566	46.21404
	18.86098	46.21786
	18.86261	46.21938
	18.86644	46.22167
	18.867	46.22167
	18.86754	46.22244
	18.87192	46.22244
	18.87194	46.21864
	18.8714	46.21711
	18.87141	46.21292
	18.86922	46.21216
	18.86812	46.21102
	18.86704	46.21025
	18.86649	46.20835
	18.86595	46.20758
	18.86595	46.20644
	18.86596	46.20492
	18.86596	46.2034
	18.86651	46.20187
	18.86651	46.20111
	18.86761	46.19997
	18.87092	46.19769
	18.87093	46.19312
	18.86818	46.19274
	18.866	46.19274
	18.85722	46.1931
	18.85448	46.19272
	18.85284	46.19195
	18.85174	46.19042
	18.8512	46.18928
	18.85121	46.187
	18.85176	46.18509
	18.85177	46.18471
	18.85013	46.18394
	18.8441	46.18356
	18.8441	46.18165
	18.84302	46.17899
	18.84302	46.17746
	18.83922	46.16756
	18.84032	46.16717
	18.84142	46.16641
	18.84087	46.16527
	18.83979	46.16375
	18.8398	46.16261
	18.83925	46.16146
	18.8398	46.16032
	18.83981	46.15803
	18.84036	46.15728
	18.84092	46.15309
	18.84094	46.14851
	18.84039	46.14814
	18.8404	46.147
	18.83986	46.14547
	18.83822	46.14318
	18.83588	46.14278
	18.83219	46.14393
	18.83002	46.14088
	18.82893	46.13859
	18.82893	46.13822
	18.82838	46.13745
	18.82838	46.13707
	18.82784	46.13669
	18.82784	46.13631
	18.8273	46.13479
	18.8273	46.13402
	18.82676	46.13326
	18.82512	46.13363
	18.82294	46.1302
	18.82076	46.12716
	18.81695	46.12257
	18.8164	46.12182
	18.81476	46.1199
	18.81314	46.11686
	18.81096	46.11457
	18.81645	46.11039
	18.81715	46.11007
	18.8171	46.10994
	18.81708	46.10994
	18.81632	46.10985
	18.81494	46.10991
	18.80835	46.11016
	18.80822	46.11016
	18.80799	46.11016
	18.80778	46.11014
	18.80757	46.11012
	18.80732	46.11007
	18.80712	46.11001
	18.80681	46.1099
	18.80664	46.10983
	18.80621	46.10957
	18.80548	46.10899
	18.80545	46.10896
	18.80532	46.10885
	18.80277	46.10884
	18.79787	46.10388
	18.78967	46.10119
	18.78038	46.09927
	18.77	46.09467
	18.76783	46.092
	18.76621	46.08553
	18.76241	46.0798
	18.7608	46.07523
	18.75646	46.0676
	18.7532	46.0634
	18.74178	46.05233
	18.73852	46.04889
	18.73307	46.04545
	18.73472	46.04355
	18.73747	46.04013
	18.73802	46.03899
	18.73912	46.03824
	18.73912	46.03786
	18.73968	46.03747
	18.74133	46.03444
	18.74244	46.03177
	18.74244	46.03139
	18.7419	46.03063
	18.74191	46.02986
	18.743	46.02949
	18.743	46.02911
	18.743	46.02873
	18.74574	46.0295
	18.74737	46.0295
	18.74901	46.02951
	18.7512	46.02913
	18.7523	46.02875
	18.75339	46.02914
	18.75393	46.02914
	18.75557	46.03028
	18.7572	46.03105
	18.76103	46.03144
	18.76431	46.03145
	18.7665	46.03031
	18.7676	46.02917
	18.76815	46.02918
	18.76925	46.02842
	18.77034	46.02766
	18.77143	46.02728
	18.77309	46.02576
	18.77473	46.02424
	18.77473	46.02386
	18.77692	46.02462
	18.77746	46.02463
	18.77746	46.02501
	18.77801	46.02577
	18.77855	46.02577
	18.77909	46.02615
	18.78073	46.02692
	18.78127	46.0273
	18.78182	46.0273
	18.78347	46.02616
	18.78401	46.02654
	18.78456	46.02693
	18.7851	46.02731
	18.78619	46.0277
	18.78674	46.0277
	18.78728	46.0277
	18.78837	46.02846
	18.78892	46.02846
	18.78947	46.02846
	18.79057	46.02732
	18.79112	46.02656
	18.79275	46.02619
	18.7944	46.02543
	18.79604	46.02543
	18.79713	46.02543
	18.79768	46.02543
	18.79823	46.02582
	18.79877	46.02544
	18.79987	46.02506
	18.8037	46.02392
	18.80425	46.02392
	18.80589	46.02393
	18.80807	46.02432
	18.80917	46.0247
	18.81243	46.02623
	18.81298	46.02661
	18.81516	46.02814
	18.81843	46.03043
	18.81897	46.03081
	18.8228	46.03234
	18.82334	46.03311
	18.82661	46.03578
	18.82934	46.03731
	18.83807	46.04189
	18.84464	46.03848
	18.84519	46.03734
	18.84684	46.03544
	18.84738	46.03505
	18.84466	46.03124
	18.84357	46.03009
	18.84577	46.02896
	18.84631	46.02896
	18.8474	46.02896
	18.85452	46.02593
	18.86711	46.021
	18.8682	46.021
	18.86875	46.021
	18.83938	45.9844
	18.83883	45.98401
	18.83557	45.97982
	18.83612	45.97982
	18.83612	45.9802
	18.83721	45.9802
	18.83721	45.97982
	18.83831	45.97868
	18.83885	45.9783
	18.83941	45.97716
	18.83941	45.97602
	18.83941	45.97563
	18.83995	45.97564
	18.84051	45.97564
	18.83724	45.97145
	18.82746	45.95962
	18.82527	45.96038
	18.82529	45.95695
	18.82693	45.95657
	18.82802	45.95581
	18.82911	45.9562
	18.82966	45.95658
	18.8302	45.9562
	18.83129	45.9562
	18.83239	45.9562
	18.83348	45.95582
	18.83458	45.95545
	18.83676	45.95545
	18.83785	45.95469
	18.83894	45.95431
	18.84059	45.95356
	18.84113	45.95317
	18.84113	45.95279
	18.8406	45.95165
	18.8406	45.95127
	18.84114	45.95127
	18.84223	45.95127
	18.84278	45.95013
	18.84333	45.94975
	18.84387	45.94937
	18.84443	45.94937
	18.84606	45.94938
	18.8466	45.94938
	18.84825	45.94785
	18.84934	45.94748
	18.85098	45.94672
	18.85208	45.94634
	18.85481	45.94482
	18.85645	45.9433
	18.85482	45.9414
	18.85428	45.94177
	18.85318	45.94216
	18.85263	45.94215
	18.85209	45.94215
	18.84937	45.94176
	18.84718	45.94176
	18.84718	45.94138
	18.84663	45.941
	18.84609	45.941
	18.84555	45.94138
	18.84609	45.94252
	18.84662	45.94366
	18.84662	45.94519
	18.84607	45.94595
	18.84553	45.94671
	18.84553	45.94709
	18.84443	45.94785
	18.84388	45.94785
	18.84225	45.9467
	18.8417	45.9467
	18.84116	45.9467
	18.84061	45.94708
	18.83843	45.94707
	18.83843	45.94593
	18.83898	45.94479
	18.83844	45.94365
	18.83789	45.94365
	18.83789	45.94441
	18.83789	45.94479
	18.83788	45.94556
	18.83734	45.94555
	18.83625	45.94555
	18.83625	45.94593
	18.83571	45.94555
	18.83516	45.94517
	18.83516	45.94403
	18.83476	45.94367
	18.83463	45.94361
	18.83462	45.94326
	18.83463	45.94174
	18.83517	45.94136
	18.83517	45.94098
	18.83463	45.94098
	18.83408	45.94136
	18.83354	45.94136
	18.83354	45.94174
	18.83299	45.94173
	18.83135	45.94135
	18.83081	45.94097
	18.83026	45.94097
	18.82917	45.94059
	18.82808	45.9402
	18.82808	45.93944
	18.82808	45.93906
	18.82864	45.93906
	18.82918	45.93868
	18.82755	45.9383
	18.82755	45.93792
	18.82646	45.93792
	18.82591	45.93792
	18.82427	45.93753
	18.82373	45.93753
	18.82373	45.93715
	18.8221	45.93715
	18.82155	45.93676
	18.82046	45.93676
	18.81992	45.936
	18.81664	45.93599
	18.81391	45.93599
	18.81119	45.93484
	18.81064	45.93407
	18.80737	45.93445
	18.80302	45.93063
	18.80467	45.92873
	18.80468	45.92797
	18.80359	45.9272
	18.80359	45.92683
	18.80413	45.92683
	18.80468	45.92683
	18.81233	45.92304
	18.81453	45.92152
	18.81344	45.92075
	18.81562	45.91962
	18.81781	45.9181
	18.822	45.91459
	18.82097	45.91395
	18.81783	45.91201
	18.80871	45.90458
	18.80751	45.90361
	18.80978	45.90065
	18.81189	45.8979
	18.81245	45.89638
	18.81301	45.89105
	18.81087	45.88267
	18.81033	45.88152
	18.80925	45.87962
	18.80881	45.87962
	18.80871	45.87962
	18.80734	45.87938
	18.80652	45.87924
	18.8043	45.87897
	18.80325	45.87884
	18.80318	45.87884
	18.79944	45.87884
	18.7975	45.87883
	18.79725	45.87883
	18.79658	45.87867
	18.79562	45.87845
	18.79127	45.87844
	18.78964	45.87889
	18.78853	45.87919
	18.7858	45.88033
	18.7845	45.88123
	18.78307	45.88223
	18.78253	45.88261
	18.78088	45.88413
	18.77869	45.88603
	18.77651	45.8864
	18.77596	45.88716
	18.77512	45.88745
	18.77378	45.88792
	18.77214	45.88848
	18.77159	45.88867
	18.77054	45.88897
	18.76886	45.88943
	18.76722	45.88943
	18.76505	45.88942
	18.76287	45.88903
	18.76068	45.88902
	18.76018	45.89007
	18.76014	45.89017
	18.76035	45.89144
	18.76066	45.89321
	18.75792	45.89549
	18.75737	45.89702
	18.75519	45.89701
	18.75301	45.89738
	18.75191	45.89776
	18.75082	45.89814
	18.74972	45.89928
	18.74972	45.89982
	18.74972	45.90004
	18.75026	45.90043
	18.74971	45.90042
	18.74935	45.90016
	18.74917	45.90004
	18.74552	45.90029
	18.74371	45.90041
	18.73826	45.90077
	18.73607	45.90153
	18.7252	45.90453
	18.72242	45.90529
	18.72116	45.90588
	18.7175	45.90757
	18.71038	45.9125
	18.70763	45.91515
	18.70489	45.91819
	18.6929	45.91701
	18.68853	45.91623
	18.676	45.91505
	18.67002	45.91084
	18.66839	45.9116
	18.66564	45.91426
	18.66454	45.91501
	18.66349	45.91621
	18.6628	45.91699
	18.66194	45.91696
	18.65966	45.91689
	18.65955	45.9102
	18.65951	45.90966
	18.65995	45.90531
	18.65997	45.90521
	18.66005	45.90484
	18.66006	45.90484
	18.66059	45.90477
	18.66064	45.90466
	18.66092	45.90394
	18.6613	45.90293
	18.6615	45.9024
	18.66207	45.90088
	18.66332	45.90031
	18.66437	45.89975
	18.66513	45.89928
	18.6641	45.89933
	18.66261	45.8994
	18.66247	45.89901
	18.66218	45.89637
	18.66113	45.89636
	18.66115	45.89537
	18.65934	45.89543
	18.65867	45.89547
	18.6582	45.89554
	18.65616	45.89522
	18.65596	45.89518
	18.65577	45.89531
	18.65541	45.89556
	18.65541	45.89566
	18.6554	45.89588
	18.6554	45.89591
	18.6554	45.89594
	18.65538	45.89594
	18.65431	45.89556
	18.65422	45.89549
	18.65324	45.89479
	18.65269	45.89479
	18.65215	45.89479
	18.64835	45.89249
	18.64834	45.89287
	18.64786	45.89279
	18.64616	45.89248
	18.64128	45.88904
	18.64185	45.88485
	18.64186	45.88447
	18.64514	45.88258
	18.64789	45.88031
	18.64789	45.87992
	18.65502	45.87424
	18.65393	45.87347
	18.65292	45.87338
	18.64957	45.87307
	18.64795	45.87193
	18.64015	45.86903
	18.63762	45.86809
	18.63156	45.87682
	18.63156	45.87644
	18.63108	45.87558
	18.63049	45.87453
	18.62954	45.87386
	18.62945	45.8738
	18.6294	45.87376
	18.62911	45.87366
	18.62831	45.87338
	18.62777	45.87338
	18.62752	45.87017
	18.62727	45.8669
	18.62674	45.865
	18.62626	45.8629
	18.62622	45.86271
	18.62623	45.86157
	18.6262	45.8615
	18.62569	45.86042
	18.6257	45.85928
	18.62527	45.85882
	18.62461	45.85813
	18.62354	45.85546
	18.62355	45.85432
	18.61921	45.85354
	18.61797	45.85337
	18.61649	45.85315
	18.61594	45.85315
	18.61484	45.85314
	18.62031	45.84491
	18.62367	45.83985
	18.6215	45.83908
	18.61606	45.83754
	18.61199	45.83681
	18.61171	45.83676
	18.60084	45.83405
	18.60305	45.82987
	18.60361	45.82835
	18.60199	45.82682
	18.60091	45.82568
	18.60007	45.82508
	18.59928	45.82452
	18.59647	45.82225
	18.5955	45.82147
	18.59523	45.82137
	18.59441	45.82108
	18.59224	45.81993
	18.58931	45.81865
	18.58536	45.81693
	18.58519	45.81685
	18.58029	45.81569
	18.57486	45.81453
	18.57487	45.81414
	18.57324	45.81376
	18.57342	45.81277
	18.57381	45.81071
	18.57461	45.80371
	18.57498	45.80043
	18.56007	45.80372
	18.55972	45.8038
	18.55906	45.80214
	18.55865	45.80113
	18.55799	45.79983
	18.55708	45.79803
	18.55544	45.79464
	18.55435	45.79425
	18.55054	45.79424
	18.54837	45.79385
	18.54789	45.79418
	18.54782	45.79422
	18.54619	45.79498
	18.54454	45.79536
	18.544	45.79535
	18.54238	45.79496
	18.54021	45.79381
	18.53956	45.79358
	18.53912	45.79343
	18.53694	45.79342
	18.53586	45.79326
	18.53423	45.79302
	18.53259	45.79378
	18.53144	45.79316
	18.52825	45.79147
	18.525	45.78955
	18.52365	45.789
	18.52121	45.78801
	18.52208	45.78566
	18.52233	45.78497
	18.52235	45.78269
	18.52203	45.78291
	18.52181	45.78307
	18.51852	45.78533
	18.51634	45.78532
	18.51036	45.78492
	18.50488	45.78832
	18.50497	45.78894
	18.50539	45.79212
	18.50521	45.79225
	18.5021	45.7944
	18.49992	45.79515
	18.49796	45.79548
	18.49774	45.79551
	18.49448	45.79436
	18.49067	45.79472
	18.49036	45.7945
	18.49013	45.79434
	18.48981	45.79411
	18.48904	45.79357
	18.48906	45.79243
	18.48906	45.79167
	18.48853	45.7909
	18.48853	45.7908
	18.48853	45.79052
	18.48854	45.79031
	18.48854	45.79014
	18.48811	45.78921
	18.48801	45.789
	18.48747	45.78823
	18.48645	45.78751
	18.48639	45.78746
	18.48637	45.78743
	18.48586	45.78632
	18.48588	45.78441
	18.48534	45.78289
	18.48534	45.78284
	18.48536	45.78137
	18.48505	45.7807
	18.48483	45.78022
	18.48458	45.77948
	18.48431	45.7787
	18.48377	45.77793
	18.48366	45.77769
	18.48324	45.77679
	18.48299	45.77644
	18.4827	45.77602
	18.4827	45.7758
	18.4827	45.77564
	18.48271	45.77488
	18.48271	45.77464
	18.48271	45.7745
	18.48272	45.77336
	18.48209	45.77319
	18.48219	45.7655
	18.48113	45.76622
	18.48072	45.7665
	18.47488	45.76641
	18.47414	45.76639
	18.47115	45.76635
	18.4638	45.76624
	18.45628	45.76952
	18.4554	45.76871
	18.45591	45.76656
	18.45339	45.76567
	18.45325	45.76573
	18.45306	45.7658
	18.45275	45.76593
	18.45262	45.76599
	18.45247	45.76606
	18.45243	45.76609
	18.45229	45.76616
	18.44658	45.7617
	18.44508	45.76052
	18.44752	45.75908
	18.44805	45.75869
	18.44906	45.75796
	18.44855	45.7538
	18.44793	45.74871
	18.44869	45.74782
	18.44906	45.74738
	18.44933	45.7471
	18.44989	45.74649
	18.45007	45.74578
	18.44988	45.74503
	18.44911	45.74384
	18.44829	45.74278
	18.44824	45.74271
	18.44807	45.74233
	18.44828	45.74218
	18.44841	45.74209
	18.44685	45.73713
	18.44598	45.7372
	18.44596	45.7372
	18.44531	45.73789
	18.445	45.73796
	18.44396	45.73812
	18.4406	45.73828
	18.43835	45.73848
	18.43731	45.73844
	18.43671	45.73841
	18.43558	45.7387
	18.43498	45.73879
	18.43461	45.73885
	18.43405	45.739
	18.4322	45.73957
	18.42983	45.74069
	18.42855	45.74116
	18.42737	45.7414
	18.42712	45.74093
	18.42705	45.74081
	18.42544	45.74071
	18.42488	45.74068
	18.42433	45.74049
	18.42379	45.7403
	18.42107	45.74104
	18.41944	45.74141
	18.41617	45.74102
	18.41509	45.74063
	18.41293	45.73985
	18.41238	45.73985
	18.41125	45.73901
	18.41057	45.73892
	18.40955	45.73915
	18.40925	45.73921
	18.40897	45.7393
	18.40763	45.73971
	18.40709	45.73998
	18.40617	45.74044
	18.40502	45.74131
	18.40404	45.74206
	18.40257	45.74259
	18.40249	45.74262
	18.40229	45.74268
	18.40099	45.74306
	18.40108	45.74359
	18.40109	45.74401
	18.40102	45.74414
	18.40091	45.74436
	18.39979	45.74461
	18.39928	45.74473
	18.39881	45.74469
	18.39821	45.74464
	18.39814	45.74497
	18.39807	45.74526
	18.3975	45.74703
	18.39743	45.74724
	18.39731	45.74748
	18.39689	45.7483
	18.39688	45.74912
	18.39687	45.74946
	18.39795	45.74977
	18.39882	45.75015
	18.39889	45.75018
	18.39892	45.75019
	18.39952	45.75057
	18.39945	45.75085
	18.39931	45.75141
	18.39934	45.75185
	18.39935	45.75197
	18.39953	45.75231
	18.39985	45.75308
	18.40004	45.75353
	18.40027	45.75484
	18.40014	45.75524
	18.40008	45.75531
	18.39972	45.75538
	18.39969	45.75539
	18.39915	45.75531
	18.39882	45.75508
	18.39858	45.75491
	18.3985	45.75474
	18.39839	45.75448
	18.39808	45.75386
	18.39751	45.75312
	18.39717	45.75314
	18.39562	45.75502
	18.39533	45.75588
	18.39517	45.75636
	18.39506	45.75651
	18.39454	45.75717
	18.39401	45.75746
	18.39368	45.75764
	18.39314	45.75764
	18.39282	45.75754
	18.39252	45.75745
	18.39203	45.75777
	18.39235	45.75909
	18.39237	45.75953
	18.39242	45.76095
	18.39238	45.76108
	18.39232	45.76125
	18.39207	45.76151
	18.39189	45.7617
	18.39126	45.76186
	18.39061	45.76202
	18.39009	45.76214
	18.3896	45.76227
	18.38701	45.76434
	18.38635	45.76464
	18.38564	45.76477
	18.38453	45.76394
	18.38399	45.76385
	18.38381	45.76382
	18.38296	45.76417
	18.38245	45.76421
	18.38237	45.76418
	18.38208	45.76409
	18.38181	45.76383
	18.38171	45.76377
	18.38141	45.76357
	18.38073	45.76367
	18.38069	45.76372
	18.38038	45.76412
	18.37984	45.76491
	18.37836	45.76554
	18.37706	45.76624
	18.37435	45.7677
	18.37286	45.76825
	18.37253	45.76838
	18.37196	45.76853
	18.37197	45.76856
	18.37233	45.76932
	18.37179	45.76893
	18.37124	45.76893
	18.37084	45.76904
	18.37041	45.76917
	18.37021	45.76964
	18.3701	45.7699
	18.36423	45.77294
	18.36588	45.76874
	18.36668	45.76672
	18.36659	45.76669
	18.36637	45.76662
	18.36542	45.76567
	18.36512	45.76565
	18.365	45.76565
	18.36374	45.76613
	18.36257	45.76621
	18.36156	45.76588
	18.3582	45.76725
	18.35809	45.76723
	18.35774	45.76718
	18.35739	45.76704
	18.35713	45.76694
	18.35643	45.76688
	18.35648	45.76641
	18.35657	45.7656
	18.35662	45.7641
	18.35658	45.76403
	18.35652	45.76392
	18.35601	45.76386
	18.35552	45.76416
	18.3551	45.7643
	18.35485	45.76412
	18.35468	45.764
	18.35449	45.7638
	18.35443	45.76374
	18.35175	45.76119
	18.35176	45.76043
	18.35069	45.75967
	18.35025	45.75904
	18.35015	45.7589
	18.34955	45.75873
	18.34959	45.75841
	18.34962	45.75813
	18.3494	45.75785
	18.34896	45.7573
	18.34858	45.75675
	18.34747	45.75583
	18.34696	45.75556
	18.34695	45.75553
	18.34693	45.75545
	18.34672	45.7553
	18.3464	45.75507
	18.34612	45.75456
	18.34605	45.7538
	18.34576	45.75191
	18.34533	45.75082
	18.345	45.74996
	18.34429	45.74972
	18.34214	45.74806
	18.34158	45.74788
	18.34028	45.74745
	18.33942	45.74716
	18.33915	45.74722
	18.33833	45.7474
	18.33831	45.74892
	18.33789	45.75008
	18.33775	45.75044
	18.3372	45.75158
	18.33712	45.75163
	18.3361	45.75234
	18.33544	45.75301
	18.335	45.75347
	18.33335	45.75422
	18.33297	45.75429
	18.33118	45.75459
	18.32846	45.75457
	18.32788	45.75463
	18.32247	45.7552
	18.32199	45.75525
	18.3214	45.7553
	18.31997	45.75587
	18.31988	45.7559
	18.31976	45.75594
	18.31923	45.7561
	18.31615	45.75643
	18.31547	45.75638
	18.31253	45.75612
	18.30975	45.75641
	18.30959	45.75645
	18.30738	45.75701
	18.30541	45.75767
	18.30448	45.75784
	18.30283	45.75897
	18.30238	45.75928
	18.30228	45.75935
	18.30165	45.75964
	18.30064	45.7601
	18.29954	45.76048
	18.29951	45.76048
	18.29791	45.76084
	18.29682	45.76122
	18.29524	45.76121
	18.29464	45.7612
	18.29247	45.76119
	18.29193	45.761
	18.29139	45.7608
	18.28976	45.76003
	18.28847	45.75966
	18.28705	45.75925
	18.28451	45.75773
	18.28382	45.75732
	18.27622	45.75575
	18.27621	45.75575
	18.27567	45.75612
	18.27512	45.7565
	18.26856	45.75874
	18.26364	45.76061
	18.26127	45.76125
	18.26091	45.76135
	18.25656	45.7617
	18.25438	45.76207
	18.25057	45.76204
	18.24987	45.76203
	18.24948	45.76203
	18.24916	45.76195
	18.24786	45.76164
	18.24537	45.76127
	18.24514	45.76124
	18.24405	45.76123
	18.24296	45.76199
	18.24279	45.7621
	18.2424	45.76237
	18.24186	45.76274
	18.24064	45.7644
	18.23963	45.76577
	18.23798	45.76728
	18.23688	45.76842
	18.23603	45.76986
	18.23576	45.77031
	18.23574	45.77145
	18.23531	45.77286
	18.23516	45.77335
	18.23515	45.77437
	18.23515	45.7745
	18.23459	45.77563
	18.23348	45.77677
	18.23293	45.77752
	18.23189	45.77824
	18.23183	45.77828
	18.23181	45.77829
	18.23073	45.77903
	18.22909	45.77978
	18.228	45.77978
	18.22582	45.78014
	18.22418	45.78051
	18.22249	45.7805
	18.22037	45.78048
	18.21871	45.78047
	18.21765	45.78046
	18.21734	45.78051
	18.21547	45.78082
	18.21383	45.78119
	18.21219	45.78156
	18.21056	45.78155
	18.2062	45.78152
	18.20511	45.78151
	18.20457	45.78189
	18.20341	45.78215
	18.20293	45.78225
	18.20073	45.78376
	18.19962	45.78489
	18.19922	45.78517
	18.19852	45.78565
	18.19689	45.78601
	18.19524	45.78676
	18.19454	45.78708
	18.1936	45.78751
	18.19353	45.78751
	18.19251	45.7875
	18.19087	45.78788
	18.19043	45.78772
	18.18979	45.78748
	18.18938	45.78748
	18.1887	45.78748
	18.18807	45.78732
	18.18707	45.78708
	18.18591	45.78666
	18.18491	45.78631
	18.18434	45.7859
	18.18383	45.78553
	18.18276	45.78439
	18.18115	45.78285
	18.18091	45.78267
	18.18008	45.78208
	18.17738	45.78053
	18.17577	45.77938
	18.17503	45.77832
	18.1747	45.77785
	18.17363	45.77708
	18.17254	45.77669
	18.17201	45.7763
	18.17092	45.77629
	18.16983	45.77628
	18.16974	45.77628
	18.16928	45.77628
	18.16825	45.77627
	18.16819	45.77627
	18.16601	45.77702
	18.16546	45.7774
	18.16382	45.77815
	18.16162	45.77927
	18.16134	45.77946
	18.15997	45.7804
	18.15964	45.78085
	18.15941	45.78115
	18.1583	45.78267
	18.15719	45.78419
	18.15663	45.78456
	18.15608	45.78532
	18.15499	45.78569
	18.15279	45.78682
	18.15183	45.78714
	18.15169	45.78718
	18.15087	45.78737
	18.15006	45.78756
	18.14808	45.78829
	18.14589	45.78866
	18.14484	45.78865
	18.14426	45.78865
	18.14379	45.78864
	18.14263	45.78863
	18.14099	45.78862
	18.14035	45.78862
	18.13991	45.78861
	18.13914	45.78842
	18.13666	45.78782
	18.13612	45.78782
	18.13503	45.78781
	18.13475	45.78781
	18.13285	45.78779
	18.13219	45.7879
	18.13066	45.78815
	18.13005	45.78836
	18.12957	45.78853
	18.129	45.78879
	18.12793	45.78928
	18.1264	45.78926
	18.1263	45.78926
	18.1252	45.78963
	18.12465	45.78963
	18.12357	45.78924
	18.12249	45.78885
	18.12161	45.78821
	18.12142	45.78808
	18.12124	45.78795
	18.12088	45.78769
	18.1204	45.78735
	18.1198	45.78692
	18.11821	45.7854
	18.11819	45.78538
	18.11767	45.78424
	18.11745	45.78392
	18.11714	45.78347
	18.11587	45.78156
	18.11376	45.77774
	18.11269	45.77697
	18.11167	45.7755
	18.11163	45.77543
	18.11003	45.77313
	18.10974	45.77293
	18.10896	45.77236
	18.10718	45.77109
	18.10681	45.77083
	18.10519	45.77005
	18.10303	45.76888
	18.09979	45.76734
	18.09871	45.76695
	18.09726	45.76652
	18.096	45.76616
	18.09538	45.76615
	18.09329	45.76614
	18.09166	45.76575
	18.08841	45.76495
	18.08678	45.76494
	18.0865	45.76487
	18.08515	45.76455
	18.08339	45.76453
	18.08243	45.76453
	18.08189	45.76452
	18.0818	45.76455
	18.0797	45.76526
	18.07532	45.76637
	18.07149	45.76786
	18.0713	45.76794
	18.06985	45.7686
	18.06859	45.76894
	18.06712	45.76934
	18.06492	45.77008
	18.06273	45.77082
	18.0589	45.77193
	18.05617	45.77305
	18.05344	45.77341
	18.04962	45.77413
	18.04798	45.77412
	18.04591	45.77446
	18.0458	45.77448
	18.04487	45.77453
	18.03981	45.77481
	18.03824	45.77479
	18.03817	45.77479
	18.0381	45.77481
	18.036	45.77515
	18.03434	45.7759
	18.03216	45.77664
	18.03052	45.77701
	18.02834	45.77737
	18.02724	45.77774
	18.02142	45.77971
	18.02067	45.77996
	18.01792	45.78146
	18.01516	45.78334
	18.01351	45.78447
	18.01128	45.78711
	18.01073	45.78787
	18.00877	45.7892
	18.00742	45.79012
	18.00641	45.79081
	18.00577	45.79125
	18.0041	45.79276
	18.00245	45.79351
	18.00135	45.79426
	17.99916	45.795
	17.99643	45.79535
	17.99588	45.79573
	17.99328	45.79571
	17.99315	45.79571
	17.99152	45.79569
	17.99116	45.7956
	17.9899	45.79529
	17.98858	45.79497
	17.98828	45.7949
	17.98787	45.7948
	17.98665	45.7945
	17.98556	45.79411
	17.98287	45.79256
	17.98131	45.79172
	17.98072	45.7914
	17.97694	45.78984
	17.97602	45.7897
	17.97423	45.78943
	17.97261	45.78903
	17.97175	45.78902
	17.96989	45.78901
	17.96879	45.78938
	17.96715	45.78936
	17.96442	45.79009
	17.95621	45.79269
	17.95456	45.79305
	17.95293	45.79303
	17.94967	45.79262
	17.94696	45.79221
	17.94534	45.79182
	17.94264	45.79064
	17.94101	45.79025
	17.93671	45.78792
	17.9356	45.78739
	17.93509	45.78714
	17.93462	45.78703
	17.93346	45.78675
	17.93183	45.78673
	17.93021	45.78633
	17.92912	45.78632
	17.92748	45.7863
	17.9261	45.78629
	17.92585	45.78629
	17.92475	45.78666
	17.92202	45.78739
	17.91763	45.78887
	17.91599	45.78924
	17.91416	45.79028
	17.91269	45.79111
	17.91051	45.79147
	17.90668	45.79257
	17.9045	45.79217
	17.90287	45.79215
	17.90238	45.79206
	17.9021	45.79201
	17.9007	45.79175
	17.89983	45.79143
	17.89854	45.79096
	17.89774	45.79057
	17.89693	45.79018
	17.89369	45.78849
	17.891	45.78708
	17.88821	45.78573
	17.88777	45.78552
	17.88728	45.78528
	17.88616	45.78474
	17.88477	45.78407
	17.88454	45.78396
	17.88432	45.78383
	17.88185	45.78241
	17.87857	45.78069
	17.87593	45.7793
	17.87448	45.77805
	17.87326	45.77699
	17.87279	45.77665
	17.87219	45.77621
	17.87166	45.77545
	17.87149	45.77508
	17.87114	45.7743
	17.87011	45.77163
	17.8696	45.76972
	17.8695	45.76949
	17.86909	45.76857
	17.86909	45.76836
	17.8691	45.76819
	17.86802	45.7678
	17.86748	45.76741
	17.86694	45.76702
	17.8665	45.76702
	17.86531	45.76701
	17.86368	45.76737
	17.86252	45.76763
	17.86203	45.76773
	17.8608	45.76806
	17.8593	45.76847
	17.85785	45.7692
	17.85709	45.76958
	17.85655	45.76996
	17.85598	45.77071
	17.85541	45.77185
	17.85496	45.77305
	17.85484	45.77337
	17.85428	45.77412
	17.85315	45.77563
	17.85315	45.77564
	17.85315	45.77601
	17.85289	45.77619
	17.8526	45.77639
	17.85293	45.77688
	17.85312	45.77716
	17.85336	45.77808
	17.85363	45.77907
	17.85408	45.77973
	17.85415	45.77984
	17.8536	45.78021
	17.85336	45.78115
	17.853	45.78249
	17.85245	45.78324
	17.85134	45.784
	17.8497	45.78436
	17.8437	45.78505
	17.84205	45.78541
	17.84096	45.78579
	17.8402	45.78604
	17.83987	45.78615
	17.83942	45.78661
	17.83875	45.78729
	17.83431	45.79104
	17.8332	45.7918
	17.83319	45.79256
	17.83311	45.79271
	17.83262	45.79369
	17.83256	45.79636
	17.83247	45.80054
	17.83237	45.80075
	17.8319	45.80168
	17.83155	45.8034
	17.83139	45.80419
	17.83129	45.80472
	17.83071	45.80624
	17.8296	45.80737
	17.82903	45.80812
	17.82792	45.80925
	17.827	45.80957
	17.82683	45.80963
	17.82627	45.81
	17.82463	45.81036
	17.82354	45.81035
	17.8226	45.81034
	17.82245	45.81034
	17.82136	45.81033
	17.82127	45.81033
	17.82082	45.81032
	17.8192	45.80954
	17.81867	45.80915
	17.81794	45.80863
	17.81759	45.80838
	17.81724	45.80812
	17.81706	45.80799
	17.81707	45.80761
	17.81683	45.8069
	17.81655	45.80609
	17.81603	45.80532
	17.81564	45.80504
	17.81549	45.80493
	17.81495	45.80492
	17.8135	45.8044
	17.81279	45.80414
	17.81229	45.80414
	17.8117	45.80413
	17.81007	45.80411
	17.80898	45.8041
	17.80624	45.80482
	17.80186	45.80592
	17.80077	45.80591
	17.80063	45.80601
	17.80022	45.80628
	17.79796	45.80737
	17.79636	45.80814
	17.79472	45.80889
	17.79341	45.81006
	17.79304	45.81039
	17.79085	45.81151
	17.79084	45.81189
	17.78915	45.81378
	17.7886	45.81453
	17.78693	45.81604
	17.78583	45.8164
	17.78418	45.81676
	17.782	45.81712
	17.78126	45.81737
	17.78091	45.81749
	17.77764	45.81745
	17.77437	45.81741
	17.77272	45.8174
	17.77219	45.81739
	17.77183	45.81726
	17.77111	45.817
	17.76948	45.8166
	17.76807	45.81625
	17.76786	45.8162
	17.76759	45.8158
	17.76734	45.81543
	17.76715	45.8153
	17.76627	45.81466
	17.76574	45.81389
	17.7656	45.81379
	17.76467	45.81312
	17.76468	45.81287
	17.76468	45.81274
	17.76414	45.81235
	17.76306	45.81195
	17.76289	45.81195
	17.76143	45.81194
	17.76034	45.81192
	17.75994	45.81206
	17.75924	45.81229
	17.75878	45.81245
	17.75814	45.81266
	17.75703	45.81341
	17.75697	45.81354
	17.75647	45.81454
	17.75547	45.81621
	17.75533	45.81643
	17.75422	45.81757
	17.75102	45.82095
	17.75031	45.82171
	17.75005	45.82189
	17.7492	45.82246
	17.74863	45.8236
	17.74809	45.82432
	17.7475	45.82511
	17.74731	45.8256
	17.74692	45.82662
	17.74581	45.82775
	17.74471	45.82812
	17.74423	45.82844
	17.74415	45.8285
	17.74086	45.8296
	17.7405	45.82966
	17.73648	45.83031
	17.73378	45.83054
	17.73266	45.83064
	17.73047	45.831
	17.72862	45.83086
	17.72449	45.83055
	17.72177	45.83051
	17.72071	45.83075
	17.72013	45.83088
	17.71951	45.83109
	17.71573	45.83234
	17.71465	45.83233
	17.71328	45.83232
	17.71247	45.83231
	17.71203	45.83224
	17.70976	45.8319
	17.70867	45.83188
	17.70703	45.83186
	17.70692	45.83193
	17.70648	45.83223
	17.70537	45.83298
	17.70256	45.83638
	17.70146	45.83675
	17.70091	45.83712
	17.69954	45.83742
	17.69927	45.83748
	17.69916	45.83756
	17.69872	45.83786
	17.69434	45.83818
	17.68888	45.83888
	17.68779	45.83886
	17.68741	45.83886
	17.68725	45.83886
	17.68614	45.83845
	17.68401	45.83768
	17.67859	45.83647
	17.67535	45.83528
	17.67481	45.83528
	17.67469	45.83523
	17.67373	45.83489
	17.67264	45.83487
	17.67099	45.83523
	17.66843	45.83591
	17.66825	45.83596
	17.66605	45.83669
	17.6641	45.83775
	17.66329	45.83818
	17.66108	45.83968
	17.6583	45.84155
	17.65663	45.84296
	17.65608	45.84343
	17.65491	45.84481
	17.65383	45.84606
	17.65213	45.84833
	17.65143	45.84879
	17.64945	45.85324
	17.64868	45.85586
	17.64888	45.86193
	17.64779	45.86661
	17.64329	45.87237
	17.63843	45.88037
	17.6375	45.88236
	17.6348	45.88817
	17.6314	45.89312
	17.62982	45.89514
	17.62762	45.89794
	17.61794	45.90747
	17.61653	45.90844
	17.61468	45.9097
	17.60966	45.91188
	17.60797	45.91262
	17.60555	45.91379
	17.60114	45.91594
	17.59778	45.91811
	17.59298	45.92122
	17.59067	45.92405
	17.5885	45.92526
	17.58452	45.92747
	17.58372	45.92807
	17.58256	45.92894
	17.58001	45.93087
	17.57869	45.93187
	17.57304	45.93407
	17.57007	45.93582
	17.56527	45.93733
	17.56052	45.9374
	17.55633	45.93662
	17.55164	45.93629
	17.54582	45.93515
	17.54114	45.93509
	17.54081	45.93509
	17.53698	45.93407
	17.53686	45.93404
	17.53485	45.93403
	17.53181	45.93403
	17.52712	45.93506
	17.52658	45.93518
	17.52403	45.93578
	17.5202	45.93776
	17.51382	45.93956
	17.51074	45.93962
	17.50744	45.93968
	17.50252	45.94065
	17.49868	45.9414
	17.4928	45.94168
	17.48201	45.9422
	17.47952	45.94216
	17.47744	45.94213
	17.47093	45.94311
	17.46451	45.94479
	17.46248	45.94532
	17.45797	45.94696
	17.45685	45.94736
	17.45199	45.94907
	17.44568	45.95034
	17.43783	45.95038
	17.43306	45.94955
	17.43219	45.94908
	17.42816	45.94691
	17.42721	45.94392
	17.42721	45.94347
	17.42719	45.94213
	17.43283	45.93776
	17.43411	45.93677
	17.43678	45.93318
	17.43725	45.93116
	17.43515	45.92868
	17.4259	45.92727
	17.41198	45.93039
	17.41143	45.93097
	17.40953	45.93302
	17.41126	45.93564
	17.41193	45.93665
	17.41081	45.93997
	17.4106	45.93984
	17.40852	45.93859
	17.40787	45.9382
	17.40507	45.93619
	17.40369	45.93519
	17.40333	45.93504
	17.40032	45.9338
	17.39551	45.93027
	17.39303	45.93023
	17.39215	45.93021
	17.39159	45.93049
	17.38876	45.93187
	17.38506	45.93719
	17.38492	45.9374
	17.38792	45.9417
	17.38666	45.94591
	17.38287	45.94757
	17.37924	45.94773
	17.37304	45.9472
	17.36429	45.94214
	17.35152	45.94126
	17.34762	45.94234
	17.34337	45.9452
	17.34266	45.94632
	17.34098	45.949
	17.34028	45.95333
	17.34035	45.95397
	17.3404	45.95448
	17.34058	45.95451
	17.34146	45.95462
	17.34183	45.95377
	17.342	45.95339
	17.34236	45.95331
	17.34155	45.95717
	17.34234	45.95958
	17.34388	45.96053
	17.34618	45.96096
	17.34759	45.96077
	17.34866	45.96063
	17.35059	45.95859
	17.35054	45.95669
	17.34973	45.95622
	17.34934	45.95598
	17.34953	45.95448
	17.34957	45.95423
	17.34958	45.95422
	17.35123	45.9527
	17.35377	45.9525
	17.35623	45.95389
	17.35675	45.95638
	17.35981	45.95849
	17.36299	45.95914
	17.36489	45.95878
	17.37294	45.9564
	17.38041	45.9561
	17.3853	45.9559
	17.38632	45.95618
	17.38822	45.9567
	17.39004	45.95787
	17.39054	45.95819
	17.39091	45.95895
	17.3918	45.96072
	17.39142	45.963
	17.39091	45.96358
	17.39011	45.96449
	17.38773	45.96599
	17.38742	45.96618
	17.38542	45.96624
	17.3854	45.96624
	17.3841	45.96567
	17.38338	45.96507
	17.38273	45.96453
	17.38108	45.96332
	17.38025	45.9627
	17.37904	45.96205
	17.37819	45.96159
	17.37503	45.9609
	17.37085	45.96078
	17.36656	45.96078
	17.36383	45.96083
	17.36342	45.96083
	17.36291	45.96103
	17.3613	45.96163
	17.35927	45.96312
	17.3586	45.96396
	17.35835	45.96427
	17.35838	45.96605
	17.35948	45.96743
	17.36013	45.96825
	17.36136	45.96878
	17.36321	45.96959
	17.36558	45.96959
	17.36822	45.96911
	17.37062	45.96821
	17.37326	45.96777
	17.37549	45.96869
	17.37604	45.97
	17.37458	45.9713
	17.37042	45.9718
	17.36854	45.97265
	17.36766	45.97305
	17.36692	45.97426
	17.36642	45.97507
	17.36671	45.97559
	17.36768	45.97731
	17.37143	45.97991
	17.3744	45.98193
	17.37518	45.98453
	17.37519	45.98811
	17.37243	45.99118
	17.37068	45.99154
	17.36687	45.99232
	17.36357	45.99154
	17.36322	45.99101
	17.36179	45.98882
	17.3611	45.97824
	17.36095	45.97694
	17.36088	45.97633
	17.35937	45.97485
	17.35858	45.97447
	17.35672	45.97358
	17.35581	45.97377
	17.35256	45.97442
	17.34884	45.9769
	17.34705	45.97904
	17.34273	45.98421
	17.34199	45.99135
	17.34183	45.99172
	17.34094	45.99373
	17.33879	45.99533
	17.33822	45.99575
	17.33807	45.99577
	17.33396	45.99608
	17.33152	45.99509
	17.32994	45.99444
	17.32749	45.99205
	17.32749	45.99197
	17.32745	45.989
	17.32943	45.98716
	17.33269	45.98595
	17.33426	45.98537
	17.33681	45.98313
	17.33673	45.98044
	17.33198	45.97289
	17.32919	45.96977
	17.32538	45.96875
	17.32263	45.96725
	17.31949	45.96764
	17.31927	45.96767
	17.313	45.96653
	17.30973	45.96798
	17.30918	45.96858
	17.30813	45.96972
	17.3085	45.97177
	17.31703	45.97605
	17.31768	45.97731
	17.31804	45.97802
	17.31671	45.97967
	17.32255	45.98279
	17.32261	45.98282
	17.32381	45.98459
	17.32447	45.98557
	17.32365	45.98878
	17.31994	45.99121
	17.31606	45.99159
	17.31407	45.99071
	17.31197	45.98978
	17.30973	45.98552
	17.30799	45.98223
	17.29974	45.98375
	17.29914	45.98382
	17.29877	45.98387
	17.29696	45.98518
	17.29495	45.98664
	17.29406	45.98933
	17.29381	45.99006
	17.29541	45.99242
	17.3016	45.9946
	17.30417	45.99634
	17.30558	45.99889
	17.30624	46.0001
	17.3042	46.00211
	17.3008	46.0037
	17.29827	46.00363
	17.29819	46.00363
	17.29583	46.00277
	17.29062	46.00087
	17.28632	46.00017
	17.27887	46.00194
	17.27241	46.00474
	17.26747	46.00865
	17.26377	46.00893
	17.25797	46.01103
	17.2581	46.01168
	17.25839	46.0131
	17.26007	46.01416
	17.26552	46.01565
	17.27116	46.01719
	17.27192	46.01808
	17.27248	46.01873
	17.27228	46.02093
	17.27404	46.02031
	17.29187	46.02267
	17.29279	46.023
	17.29354	46.02327
	17.29377	46.02355
	17.29556	46.02566
	17.29579	46.02654
	17.29632	46.02852
	17.29444	46.03099
	17.29404	46.03113
	17.29158	46.03195
	17.28466	46.03169
	17.28264	46.03133
	17.2808	46.03101
	17.27132	46.03302
	17.27098	46.03308
	17.26903	46.03339
	17.25848	46.03107
	17.25705	46.03003
	17.25644	46.03002
	17.25415	46.03001
	17.2541	46.03025
	17.25392	46.03104
	17.25486	46.0313
	17.25719	46.03195
	17.2596	46.03228
	17.2598	46.03231
	17.25903	46.03786
	17.25861	46.03999
	17.25815	46.04157
	17.25686	46.04596
	17.26061	46.04617
	17.26172	46.04737
	17.26264	46.04837
	17.27123	46.05289
	17.27209	46.05412
	17.27167	46.05508
	17.27096	46.05671
	17.27022	46.05717
	17.26968	46.05752
	17.26687	46.05748
	17.26306	46.05633
	17.26278	46.05738
	17.26131	46.05766
	17.26102	46.05772
	17.25262	46.05875
	17.25158	46.05888
	17.24556	46.05825
	17.24248	46.05792
	17.23904	46.05748
	17.23565	46.05848
	17.23362	46.05894
	17.23248	46.0592
	17.23183	46.0596
	17.2292	46.06122
	17.22916	46.06133
	17.22837	46.06348
	17.22921	46.0644
	17.22981	46.06504
	17.2309	46.06549
	17.23248	46.06616
	17.23482	46.06578
	17.23532	46.06569
	17.23765	46.06311
	17.23786	46.06303
	17.24137	46.06176
	17.24333	46.06153
	17.24504	46.06134
	17.24838	46.06188
	17.24971	46.06288
	17.25094	46.0638
	17.25251	46.06647
	17.24919	46.06508
	17.2458	46.06437
	17.24326	46.06458
	17.23898	46.06724
	17.23909	46.07221
	17.23944	46.07322
	17.24039	46.07603
	17.24019	46.07606
	17.23755	46.07641
	17.23559	46.07702
	17.23408	46.07749
	17.23131	46.07903
	17.22945	46.0793
	17.2256	46.08
	17.22444	46.08021
	17.22201	46.08103
	17.21483	46.07902
	17.21325	46.07857
	17.21295	46.07838
	17.20971	46.07631
	17.20709	46.07591
	17.20588	46.07573
	17.20545	46.07582
	17.20199	46.07655
	17.20055	46.07834
	17.2013	46.08089
	17.20324	46.08291
	17.20655	46.08407
	17.20899	46.08363
	17.21158	46.08315
	17.21243	46.08282
	17.21575	46.08151
	17.21902	46.08238
	17.21881	46.08465
	17.21881	46.08716
	17.22023	46.08896
	17.22215	46.0914
	17.22315	46.09417
	17.22333	46.09467
	17.22785	46.09501
	17.2316	46.09564
	17.23289	46.0968
	17.23341	46.09728
	17.23328	46.09807
	17.23313	46.09896
	17.23182	46.09923
	17.22986	46.09964
	17.22194	46.0994
	17.22092	46.09858
	17.22069	46.09839
	17.21926	46.09884
	17.21888	46.09896
	17.21878	46.09885
	17.21785	46.09782
	17.2104	46.10017
	17.21537	46.10547
	17.21673	46.10692
	17.21778	46.10897
	17.21803	46.10993
	17.21833	46.11101
	17.21723	46.11204
	17.21617	46.11304
	17.21297	46.11386
	17.2127	46.1137
	17.21082	46.11265
	17.20982	46.10742
	17.20729	46.10968
	17.20609	46.11076
	17.20273	46.11118
	17.20082	46.11142
	17.19557	46.11115
	17.19164	46.10928
	17.18594	46.10658
	17.18122	46.10627
	17.17593	46.10846
	17.17585	46.10879
	17.17495	46.11265
	17.1758	46.11267
	17.17683	46.1127
	17.17896	46.11396
	17.17971	46.11496
	17.18142	46.11725
	17.18197	46.11855
	17.18218	46.11905
	17.18147	46.12038
	17.18056	46.12207
	17.18016	46.12215
	17.17657	46.12294
	17.17626	46.12366
	17.17595	46.12437
	17.17589	46.12619
	17.17589	46.12623
	17.17434	46.12876
	17.17458	46.12899
	17.17518	46.12957
	17.17628	46.12942
	17.17684	46.12934
	17.1784	46.12891
	17.18185	46.13107
	17.18418	46.1315
	17.18574	46.132
	17.18652	46.13323
	17.18563	46.13392
	17.18546	46.13481
	17.18332	46.13546
	17.18329	46.13547
	17.18294	46.13621
	17.18274	46.13662
	17.1814	46.13685
	17.18101	46.13785
	17.17996	46.13943
	17.18152	46.13986
	17.18172	46.14091
	17.17979	46.14248
	17.17939	46.14383
	17.17929	46.14417
	17.17764	46.14461
	17.17748	46.14578
	17.17771	46.14628
	17.17825	46.14751
	17.18047	46.14848
	17.1811	46.15055
	17.17895	46.15138
	17.17602	46.15252
	17.17588	46.15261
	17.17491	46.1532
	17.17372	46.15374
	17.1729	46.15411
	17.17246	46.15471
	17.17192	46.15547
	17.16875	46.15673
	17.16687	46.15629
	17.16421	46.15563
	17.16367	46.15506
	17.16142	46.15526
	17.1608	46.15581
	17.15991	46.15659
	17.15991	46.15736
	17.15881	46.15763
	17.15755	46.15794
	17.15623	46.15858
	17.1564	46.15929
	17.15755	46.16001
	17.15758	46.16012
	17.15786	46.16127
	17.15623	46.16172
	17.15616	46.16206
	17.15615	46.16212
	17.15742	46.16266
	17.15653	46.16383
	17.15804	46.16463
	17.15937	46.16454
	17.15933	46.16528
	17.15866	46.16552
	17.1584	46.16562
	17.15821	46.16663
	17.15808	46.16728
	17.15915	46.16731
	17.15999	46.16806
	17.16009	46.16814
	17.15985	46.16859
	17.15929	46.16968
	17.1584	46.17005
	17.15795	46.17024
	17.15608	46.17003
	17.1551	46.17122
	17.15437	46.1714
	17.15353	46.1716
	17.15332	46.17165
	17.15263	46.17143
	17.15141	46.17104
	17.14905	46.17147
	17.14728	46.17104
	17.14461	46.17079
	17.14329	46.17123
	17.14305	46.17131
	17.14167	46.17227
	17.14077	46.17261
	17.14035	46.17277
	17.13989	46.17295
	17.13811	46.17147
	17.13707	46.17156
	17.13678	46.17159
	17.13589	46.17004
	17.13549	46.16934
	17.13371	46.16823
	17.13328	46.16835
	17.1322	46.16863
	17.13046	46.16848
	17.12937	46.16892
	17.12868	46.16919
	17.12741	46.16882
	17.1261	46.16845
	17.12538	46.16919
	17.12499	46.16959
	17.1242	46.17041
	17.12401	46.17061
	17.12432	46.17139
	17.12441	46.17162
	17.1233	46.1739
	17.1241	46.17454
	17.12419	46.17461
	17.12428	46.17575
	17.12435	46.17591
	17.12481	46.17698
	17.12456	46.17757
	17.12297	46.17789
	17.12272	46.17794
	17.12274	46.17898
	17.11938	46.1792
	17.11901	46.17934
	17.11765	46.17985
	17.11569	46.17791
	17.11515	46.17759
	17.1136	46.17667
	17.11142	46.17652
	17.11094	46.17682
	17.10929	46.17788
	17.10744	46.17995
	17.1035	46.1825
	17.10288	46.1844
	17.10226	46.18579
	17.10221	46.18588
	17.09838	46.18705
	17.09372	46.18822
	17.09265	46.18902
	17.0924	46.18898
	17.09149	46.18881
	17.08998	46.18961
	17.08811	46.18887
	17.08687	46.18918
	17.08549	46.18811
	17.08547	46.18712
	17.08546	46.18622
	17.08446	46.18612
	17.083	46.18598
	17.08285	46.18603
	17.08217	46.18627
	17.08169	46.18719
	17.08131	46.18792
	17.07962	46.1889
	17.07768	46.18862
	17.07617	46.18883
	17.07525	46.18895
	17.07393	46.19088
	17.07134	46.19203
	17.07073	46.1923
	17.06939	46.19367
	17.06935	46.19368
	17.06875	46.1938
	17.06858	46.19393
	17.06868	46.19462
	17.06868	46.19467
	17.06833	46.19535
	17.06815	46.19549
	17.0677	46.19586
	17.06754	46.19614
	17.06732	46.19654
	17.06686	46.19705
	17.06681	46.1971
	17.06582	46.19733
	17.0658	46.19739
	17.06567	46.19784
	17.06563	46.19799
	17.0661	46.19919
	17.06614	46.19927
	17.06616	46.1993
	17.06649	46.19965
	17.06662	46.20043
	17.06602	46.20108
	17.06601	46.20132
	17.06619	46.2016
	17.0662	46.20166
	17.06629	46.2021
	17.06555	46.2021
	17.06503	46.2021
	17.05783	46.20183
	17.05723	46.20191
	17.05545	46.20214
	17.05303	46.20273
	17.04704	46.20532
	17.04021	46.2083
	17.02217	46.21621
	17.02188	46.21619
	17.02162	46.21617
	17.02109	46.21601
	17.02016	46.21607
	17.01878	46.21671
	17.01774	46.21763
	17.0174	46.21782
	17.01694	46.21807
	17.01659	46.21825
	17.01653	46.21828
	17.01636	46.2183
	17.01554	46.21839
	17.01468	46.21851
	17.0142	46.21888
	17.01388	46.21931
	17.01376	46.21934
	17.01358	46.21938
	17.01332	46.21936
	17.01287	46.21931
	17.01244	46.21938
	17.01235	46.21939
	17.01186	46.21972
	17.01163	46.21989
	17.01114	46.22029
	17.01002	46.22068
	17.00917	46.22089
	17.00853	46.22126
	17.00758	46.22154
	17.00706	46.22206
	17.00652	46.22244
	17.006	46.2228
	17.00576	46.22281
	17.00539	46.2225
	17.00515	46.22231
	17.0044	46.22196
	17.0037	46.22164
	17.00349	46.22188
	17.00347	46.22197
	17.00341	46.22226
	17.00331	46.22226
	17.00194	46.22228
	17.00148	46.22239
	17.00101	46.22245
	17.00048	46.22244
	17.00012	46.22249
	16.99987	46.2227
	16.99982	46.22275
	16.99968	46.22288
	16.99954	46.22291
	16.99946	46.22292
	16.99924	46.22276
	16.99921	46.22274
	16.99913	46.2222
	16.99891	46.22186
	16.99867	46.22161
	16.99842	46.22152
	16.9979	46.22151
	16.99727	46.22153
	16.99721	46.22153
	16.99717	46.22153
	16.99694	46.22152
	16.99676	46.22139
	16.99675	46.22116
	16.99689	46.22078
	16.99683	46.22053
	16.99668	46.22035
	16.99664	46.2203
	16.99641	46.22022
	16.99608	46.22022
	16.99593	46.22023
	16.99359	46.22105
	16.99329	46.22122
	16.99326	46.22124
	16.99319	46.22136
	16.99311	46.22151
	16.99281	46.22266
	16.99184	46.22356
	16.9916	46.22378
	16.99141	46.22393
	16.99073	46.22446
	16.99	46.22483
	16.98842	46.22491
	16.98782	46.22491
	16.98767	46.22485
	16.98768	46.22474
	16.98768	46.22467
	16.98783	46.2244
	16.98781	46.22437
	16.98775	46.22423
	16.98723	46.22405
	16.98662	46.22394
	16.98639	46.22383
	16.98624	46.22358
	16.98593	46.2233
	16.98574	46.22313
	16.98568	46.22305
	16.98554	46.22288
	16.98526	46.22268
	16.98523	46.22266
	16.98454	46.22247
	16.98397	46.22208
	16.98375	46.22205
	16.98373	46.22204
	16.9834	46.22217
	16.98176	46.22371
	16.98176	46.22421
	16.98172	46.22429
	16.98143	46.2244
	16.98131	46.22445
	16.98093	46.22461
	16.98072	46.22466
	16.98056	46.22471
	16.98029	46.22459
	16.9802	46.22446
	16.98009	46.22431
	16.97954	46.22395
	16.97885	46.22361
	16.9786	46.22353
	16.97824	46.22351
	16.97789	46.22365
	16.9773	46.22385
	16.97663	46.22373
	16.97634	46.22386
	16.9758	46.22445
	16.97557	46.22459
	16.97548	46.22464
	16.97531	46.22465
	16.97508	46.22466
	16.97401	46.22469
	16.97309	46.22479
	16.97294	46.22508
	16.97292	46.22512
	16.97299	46.22548
	16.97299	46.22552
	16.97312	46.22627
	16.97343	46.22668
	16.97348	46.22676
	16.97366	46.22728
	16.97364	46.22734
	16.97355	46.22769
	16.97297	46.22807
	16.97275	46.22821
	16.97231	46.22885
	16.9722	46.22928
	16.97229	46.22952
	16.97231	46.22957
	16.97289	46.23
	16.97294	46.2302
	16.97299	46.23035
	16.97294	46.23052
	16.97291	46.23064
	16.97225	46.23086
	16.9722	46.23103
	16.9728	46.23133
	16.97306	46.23146
	16.9732	46.23169
	16.9731	46.23219
	16.97229	46.23281
	16.97179	46.23319
	16.97163	46.23337
	16.97119	46.23386
	16.97119	46.23428
	16.97135	46.23447
	16.97147	46.2345
	16.97176	46.23457
	16.97309	46.23433
	16.97373	46.23442
	16.97381	46.23451
	16.974	46.23469
	16.97416	46.23518
	16.97404	46.23562
	16.97362	46.23629
	16.97356	46.2364
	16.97365	46.23664
	16.9739	46.23689
	16.97475	46.23745
	16.97486	46.23753
	16.97489	46.23763
	16.97533	46.23941
	16.97541	46.23976
	16.97538	46.23984
	16.97526	46.24017
	16.97321	46.24271
	16.97293	46.24272
	16.97237	46.2427
	16.97233	46.2427
	16.97211	46.24259
	16.97187	46.24247
	16.97165	46.24246
	16.97129	46.24243
	16.97013	46.24266
	16.96958	46.24265
	16.96961	46.24188
	16.96962	46.24174
	16.96963	46.24151
	16.96892	46.24116
	16.96801	46.24071
	16.96748	46.24033
	16.96745	46.24033
	16.96692	46.24032
	16.96659	46.24031
	16.96583	46.2403
	16.96528	46.24029
	16.96472	46.24065
	16.96454	46.24065
	16.96362	46.24063
	16.96307	46.24062
	16.96198	46.24022
	16.96164	46.24022
	16.96144	46.24021
	16.96119	46.24021
	16.9609	46.2402
	16.95896	46.24115
	16.95871	46.24128
	16.95866	46.2413
	16.9581	46.24129
	16.95754	46.24166
	16.95708	46.24165
	16.957	46.24165
	16.95692	46.24159
	16.95646	46.24126
	16.95646	46.24121
	16.95647	46.24088
	16.95608	46.23997
	16.95597	46.23973
	16.95559	46.23945
	16.95543	46.23934
	16.95513	46.23954
	16.95487	46.23971
	16.95319	46.24044
	16.95163	46.24121
	16.95096	46.24154
	16.95041	46.24153
	16.95038	46.24224
	16.95038	46.24238
	16.95037	46.24256
	16.95036	46.24267
	16.94979	46.24343
	16.9494	46.24342
	16.94924	46.24342
	16.94812	46.24377
	16.94755	46.24453
	16.94728	46.24452
	16.947	46.24452
	16.94526	46.24677
	16.94415	46.24713
	16.94022	46.24934
	16.94011	46.24926
	16.93969	46.24895
	16.93912	46.24932
	16.93911	46.2497
	16.93871	46.24997
	16.93855	46.25007
	16.93842	46.25007
	16.93801	46.25006
	16.938	46.2503
	16.93799	46.25044
	16.93795	46.25158
	16.93758	46.25228
	16.93735	46.25272
	16.93676	46.25385
	16.93675	46.25417
	16.93674	46.25423
	16.93618	46.2546
	16.93453	46.25457
	16.9334	46.25531
	16.93339	46.25569
	16.93225	46.25681
	16.93169	46.25718
	16.92999	46.25829
	16.92663	46.26014
	16.92496	46.26048
	16.92177	46.26042
	16.92112	46.26041
	16.92081	46.26048
	16.91896	46.26091
	16.91614	46.26146
	16.91379	46.26188
	16.9117	46.26342
	16.90813	46.26636
	16.90764	46.26706
	16.90721	46.26772
	16.9065	46.26916
	16.90613	46.27009
	16.9061	46.27012
	16.90539	46.27118
	16.90335	46.27289
	16.90287	46.274
	16.90284	46.27408
	16.90261	46.27452
	16.90202	46.2748
	16.90032	46.27561
	16.8995	46.27595
	16.89359	46.27776
	16.89088	46.27854
	16.88978	46.27891
	16.88863	46.27934
	16.88708	46.2801
	16.88606	46.28097
	16.88576	46.28143
	16.88544	46.28192
	16.88517	46.28308
	16.88605	46.28603
	16.8865	46.2874
	16.88655	46.28756
	16.88706	46.28833
	16.88754	46.29025
	16.88755	46.29131
	16.8874	46.29367
	16.88716	46.2954
	16.88676	46.29609
	16.88667	46.29625
	16.88618	46.2971
	16.88587	46.2977
	16.88557	46.299
	16.88552	46.29935
	16.88552	46.29942
	16.88546	46.30027
	16.8853	46.30074
	16.88515	46.30117
	16.88223	46.30198
	16.88072	46.30295
	16.87994	46.30345
	16.87866	46.30473
	16.87787	46.30594
	16.87724	46.30703
	16.8769	46.30816
	16.87681	46.30847
	16.87651	46.3109
	16.87641	46.31111
	16.87626	46.31141
	16.87583	46.31175
	16.8757	46.31209
	16.87525	46.31325
	16.87537	46.31438
	16.87548	46.31545
	16.87573	46.31593
	16.877	46.31761
	16.87712	46.31841
	16.87715	46.3187
	16.87713	46.31882
	16.87702	46.31937
	16.87634	46.32102
	16.87348	46.32327
	16.87306	46.32468
	16.87324	46.32582
	16.87355	46.3266
	16.87415	46.32737
	16.87483	46.32825
	16.87685	46.32999
	16.87909	46.33198
	16.88007	46.33388
	16.88011	46.3343
	16.8802	46.33538
	16.87983	46.33638
	16.87869	46.33695
	16.87644	46.33636
	16.87534	46.33608
	16.87477	46.33601
	16.87397	46.3359
	16.87341	46.33597
	16.87267	46.3362
	16.87218	46.33635
	16.87177	46.33669
	16.87154	46.33687
	16.87123	46.33776
	16.8712	46.33786
	16.8717	46.33848
	16.872	46.33886
	16.8727	46.33931
	16.87433	46.34063
	16.87458	46.34123
	16.87451	46.3419
	16.87427	46.34226
	16.87411	46.3425
	16.87348	46.34317
	16.87312	46.34334
	16.87159	46.34407
	16.87134	46.34407
	16.8676	46.34405
	16.86426	46.34476
	16.86296	46.34545
	16.86271	46.34558
	16.86247	46.34582
	16.86179	46.3465
	16.8615	46.34731
	16.86182	46.34769
	16.86206	46.34797
	16.86348	46.34891
	16.86452	46.34936
	16.86492	46.34953
	16.86623	46.35026
	16.86661	46.35082
	16.86692	46.35129
	16.86676	46.35279
	16.86665	46.35374
	16.86584	46.35462
	16.86551	46.35478
	16.86462	46.35521
	16.86352	46.3552
	16.86275	46.35519
	16.862	46.35475
	16.86092	46.3541
	16.85727	46.35233
	16.85704	46.35222
	16.85609	46.35232
	16.85514	46.35265
	16.8532	46.35346
	16.85238	46.3538
	16.85109	46.35445
	16.8507	46.35465
	16.85076	46.35554
	16.85086	46.35691
	16.85099	46.35786
	16.85114	46.35903
	16.85102	46.36047
	16.85081	46.36105
	16.85072	46.3613
	16.84862	46.36214
	16.84608	46.36328
	16.84439	46.36373
	16.84345	46.36397
	16.84282	46.36412
	16.84274	46.36412
	16.84228	46.36412
	16.84166	46.36395
	16.84077	46.36371
	16.84017	46.36375
	16.83907	46.36383
	16.83783	46.36415
	16.83714	46.36433
	16.83668	46.36462
	16.83607	46.36501
	16.8357	46.36584
	16.83567	46.36591
	16.83596	46.36731
	16.83618	46.36843
	16.83658	46.36899
	16.83735	46.36969
	16.83775	46.37005
	16.83843	46.37117
	16.83846	46.37133
	16.83868	46.37225
	16.83847	46.37299
	16.83843	46.37314
	16.83835	46.37327
	16.83811	46.37362
	16.8374	46.37409
	16.83652	46.37445
	16.83515	46.37476
	16.83442	46.37485
	16.83407	46.37483
	16.83392	46.37476
	16.83308	46.37439
	16.83258	46.37401
	16.83238	46.37386
	16.83227	46.37374
	16.83169	46.37305
	16.83157	46.37275
	16.83152	46.37263
	16.83137	46.3705
	16.83131	46.36971
	16.83085	46.36885
	16.8295	46.36791
	16.82856	46.36754
	16.82787	46.36741
	16.82739	46.36748
	16.82647	46.36761
	16.82577	46.36791
	16.82538	46.36823
	16.82519	46.36838
	16.82501	46.3687
	16.82486	46.36897
	16.82485	46.36911
	16.82479	46.37011
	16.82455	46.37147
	16.82452	46.37164
	16.8244	46.37189
	16.8241	46.37248
	16.82388	46.37264
	16.82341	46.37297
	16.82222	46.37341
	16.82103	46.37354
	16.82027	46.37342
	16.81977	46.37323
	16.8196	46.37309
	16.81908	46.37265
	16.818	46.37161
	16.81694	46.37106
	16.81619	46.37098
	16.81611	46.37097
	16.81564	46.37097
	16.81475	46.37098
	16.81446	46.37106
	16.81413	46.37115
	16.81293	46.37182
	16.81251	46.37265
	16.81244	46.37286
	16.81212	46.37382
	16.81194	46.3753
	16.8118	46.37578
	16.81128	46.37648
	16.81103	46.37678
	16.8109	46.37694
	16.81081	46.37698
	16.81061	46.37708
	16.81059	46.37709
	16.8093	46.37742
	16.80923	46.37741
	16.80879	46.3774
	16.80692	46.3771
	16.80592	46.37704
	16.80531	46.377
	16.80354	46.37742
	16.80286	46.37818
	16.80275	46.37839
	16.80231	46.37922
	16.80221	46.3798
	16.80217	46.38004
	16.80296	46.38194
	16.80299	46.38227
	16.80303	46.38272
	16.80234	46.38413
	16.80125	46.38495
	16.80079	46.38529
	16.7969	46.38603
	16.79671	46.38606
	16.79643	46.38612
	16.79471	46.38651
	16.79466	46.38653
	16.79317	46.38713
	16.79177	46.38704
	16.79126	46.387
	16.78977	46.38651
	16.78804	46.38595
	16.78596	46.38491
	16.78542	46.38464
	16.78504	46.38439
	16.78369	46.3835
	16.78293	46.38241
	16.78269	46.38203
	16.78227	46.38136
	16.7818	46.3807
	16.78128	46.38021
	16.78096	46.37992
	16.78071	46.37976
	16.77998	46.37942
	16.77929	46.3791
	16.77878	46.37896
	16.77842	46.37886
	16.77773	46.3788
	16.7773	46.37883
	16.77692	46.37885
	16.77647	46.379
	16.77635	46.37904
	16.77591	46.37928
	16.77548	46.37962
	16.7751	46.37993
	16.7743	46.38091
	16.77418	46.38128
	16.77394	46.38205
	16.77264	46.38439
	16.77202	46.38518
	16.77198	46.38522
	16.77131	46.38576
	16.77027	46.38587
	16.76868	46.38552
	16.76783	46.38528
	16.7671	46.38478
	16.76698	46.38469
	16.76686	46.3846
	16.76637	46.38421
	16.76573	46.38353
	16.76515	46.38139
	16.76493	46.38056
	16.76464	46.38022
	16.76424	46.37974
	16.76317	46.37896
	16.76295	46.3789
	16.76215	46.3787
	16.76056	46.37879
	16.75957	46.3791
	16.75927	46.37919
	16.75814	46.38001
	16.75679	46.38179
	16.7568	46.3824
	16.75682	46.3834
	16.75662	46.38385
	16.75643	46.38429
	16.75619	46.38548
	16.75601	46.38643
	16.75554	46.3872
	16.75533	46.38753
	16.75421	46.38807
	16.75359	46.38823
	16.7527	46.38847
	16.75098	46.38839
	16.75023	46.38823
	16.74948	46.38796
	16.74845	46.38703
	16.74829	46.38691
	16.74751	46.38633
	16.74647	46.38581
	16.7448	46.38557
	16.74323	46.3857
	16.74278	46.38591
	16.74176	46.38639
	16.74101	46.38715
	16.74033	46.38793
	16.7399	46.38843
	16.73898	46.38971
	16.73904	46.39114
	16.73929	46.39279
	16.73978	46.39629
	16.73993	46.39795
	16.73995	46.39812
	16.73964	46.39878
	16.73879	46.39921
	16.73764	46.3998
	16.73691	46.40034
	16.73594	46.40081
	16.73419	46.40114
	16.73239	46.40113
	16.73081	46.40111
	16.72935	46.40089
	16.7275	46.4006
	16.72684	46.40036
	16.72608	46.40007
	16.72501	46.39924
	16.72481	46.39908
	16.7236	46.39777
	16.7237	46.39552
	16.72284	46.39296
	16.72272	46.39262
	16.7222	46.39209
	16.72145	46.39167
	16.72001	46.39127
	16.71872	46.39155
	16.71849	46.39168
	16.71759	46.39222
	16.71722	46.39261
	16.71708	46.39275
	16.71656	46.39361
	16.71617	46.39424
	16.71615	46.39506
	16.71611	46.39723
	16.71582	46.39776
	16.71561	46.39814
	16.71513	46.39855
	16.71443	46.39915
	16.71266	46.40043
	16.71058	46.4013
	16.7096	46.40171
	16.70852	46.4024
	16.70756	46.403
	16.70443	46.40591
	16.70316	46.40756
	16.70312	46.40768
	16.70248	46.40951
	16.69991	46.41359
	16.69692	46.41657
	16.69669	46.4168
	16.69668	46.41681
	16.6949	46.41875
	16.69451	46.41912
	16.69373	46.41985
	16.69212	46.42141
	16.69105	46.42306
	16.69027	46.4241
	16.69003	46.4244
	16.68901	46.42564
	16.68891	46.42591
	16.68807	46.42804
	16.6866	46.42991
	16.68568	46.43121
	16.68377	46.43379
	16.68295	46.43492
	16.68171	46.43669
	16.68156	46.43699
	16.68142	46.43728
	16.68099	46.43838
	16.68074	46.43885
	16.68058	46.43915
	16.67947	46.44045
	16.67862	46.441
	16.67695	46.44178
	16.67638	46.44205
	16.67567	46.44276
	16.67547	46.44296
	16.67479	46.44406
	16.67466	46.44432
	16.67454	46.44455
	16.6744	46.44491
	16.67439	46.44507
	16.67437	46.44542
	16.67437	46.44543
	16.67442	46.44609
	16.67435	46.44732
	16.67397	46.44822
	16.67367	46.44847
	16.67329	46.44881
	16.67209	46.44929
	16.67192	46.44933
	16.6709	46.44955
	16.66965	46.44947
	16.6691	46.44944
	16.66738	46.44906
	16.66622	46.44853
	16.6651	46.44802
	16.66419	46.44741
	16.66305	46.44618
	16.6619	46.4455
	16.66075	46.44508
	16.65979	46.44499
	16.65962	46.44502
	16.65893	46.44513
	16.65804	46.44554
	16.65759	46.44601
	16.65747	46.44614
	16.65718	46.44693
	16.65739	46.44757
	16.65819	46.44868
	16.65881	46.44897
	16.65911	46.44912
	16.66006	46.44946
	16.66051	46.44957
	16.66202	46.44992
	16.66243	46.45011
	16.66397	46.45083
	16.66495	46.45176
	16.66522	46.45201
	16.66571	46.45272
	16.66597	46.45353
	16.666	46.45361
	16.6662	46.45594
	16.66605	46.45625
	16.66597	46.45642
	16.6656	46.45687
	16.66487	46.45775
	16.66435	46.459
	16.66422	46.45916
	16.66377	46.45946
	16.66324	46.4597
	16.66205	46.45979
	16.6611	46.4601
	16.65961	46.46058
	16.65664	46.46167
	16.65435	46.4622
	16.65323	46.46309
	16.65227	46.46331
	16.64671	46.46411
	16.64564	46.46419
	16.64558	46.46419
	16.64548	46.46419
	16.64432	46.46422
	16.64397	46.46413
	16.6437	46.46406
	16.64351	46.464
	16.64312	46.46388
	16.64278	46.46382
	16.64274	46.46381
	16.64252	46.46377
	16.64239	46.46375
	16.64207	46.46375
	16.6415	46.46375
	16.64067	46.46383
	16.63965	46.46398
	16.6391	46.46406
	16.63731	46.46465
	16.63668	46.46472
	16.63644	46.46474
	16.6355	46.46455
	16.63466	46.46405
	16.63369	46.46267
	16.63364	46.46259
	16.633	46.46196
	16.63201	46.46154
	16.63119	46.46153
	16.63044	46.46167
	16.6303	46.46169
	16.62947	46.46208
	16.62839	46.46289
	16.62836	46.46296
	16.62807	46.46352
	16.62798	46.46386
	16.6279	46.46418
	16.62779	46.46637
	16.62726	46.46707
	16.6267	46.46751
	16.62651	46.46767
	16.62532	46.46805
	16.62375	46.46831
	16.62347	46.46829
	16.62296	46.46825
	16.62164	46.46778
	16.62151	46.46767
	16.62033	46.46676
	16.6193	46.46539
	16.61875	46.46508
	16.61873	46.46507
	16.61832	46.46486
	16.61809	46.4648
	16.61796	46.46476
	16.61768	46.46472
	16.6175	46.46469
	16.61705	46.46472
	16.61695	46.46476
	16.61663	46.4649
	16.61589	46.4653
	16.61571	46.46548
	16.61542	46.46577
	16.61533	46.4663
	16.61516	46.46736
	16.61504	46.46763
	16.61467	46.46804
	16.61427	46.4683
	16.61378	46.46848
	16.61292	46.46865
	16.61181	46.4687
	16.6115	46.46871
	16.61089	46.46871
	16.61101	46.46965
	16.61104	46.46988
	16.61099	46.47012
	16.61008	46.47098
	16.61005	46.47119
	16.61001	46.47145
	16.60929	46.47189
	16.60858	46.47224
	16.60722	46.47261
	16.60656	46.47313
	16.60631	46.47365
	16.6061	46.47424
	16.6061	46.47466
	16.60629	46.4751
	16.6064	46.47536
	16.60653	46.47568
	16.60637	46.47599
	16.60586	46.47643
	16.60506	46.47647
	16.60475	46.47642
	16.60457	46.47638
	16.60345	46.47648
	16.60299	46.47649
	16.6027	46.47649
	16.6025	46.47636
	16.60237	46.47628
	16.60212	46.47623
	16.60123	46.47607
	16.6009	46.47611
	16.60022	46.47649
	16.599	46.47711
	16.59827	46.47706
	16.5979	46.4768
	16.59768	46.47664
	16.59748	46.47635
	16.59732	46.47612
	16.59716	46.47602
	16.59701	46.47593
	16.5968	46.47591
	16.59677	46.4759
	16.59601	46.47606
	16.59594	46.47612
	16.59533	46.4766
	16.59465	46.47668
	16.59413	46.47675
	16.59388	46.47673
	16.59351	46.4767
	16.59286	46.47677
	16.59239	46.47683
	16.59212	46.47684
	16.59186	46.47684
	16.59136	46.47693
	16.59017	46.47693
	16.58954	46.47702
	16.58717	46.4772
	16.58662	46.47716
	16.58632	46.47714
	16.58619	46.47714
	16.5858	46.47715
	16.58493	46.47729
	16.58452	46.47728
	16.58411	46.47733
	16.58355	46.47747
	16.5825	46.47773
	16.58167	46.47801
	16.58137	46.47801
	16.58061	46.47803
	16.58043	46.47818
	16.5803	46.47846
	16.58024	46.47858
	16.57994	46.47922
	16.57989	46.47932
	16.57992	46.4802
	16.57927	46.48107
	16.57827	46.48152
	16.57736	46.48185
	16.57519	46.48286
	16.57427	46.48313
	16.57393	46.48322
	16.57341	46.48355
	16.5713	46.48423
	16.57082	46.48441
	16.57067	46.48447
	16.5706	46.48449
	16.57	46.48466
	16.56921	46.485
	16.5686	46.48601
	16.56868	46.48624
	16.56871	46.48632
	16.56894	46.48661
	16.56895	46.48663
	16.56902	46.48664
	16.57011	46.48695
	16.56991	46.4872
	16.5699	46.48758
	16.56927	46.48799
	16.56684	46.48898
	16.56615	46.48926
	16.56592	46.48932
	16.56488	46.4896
	16.56353	46.48966
	16.56313	46.48968
	16.56308	46.48968
	16.56299	46.48966
	16.56301	46.4896
	16.56221	46.48922
	16.562	46.48921
	16.56174	46.48919
	16.55859	46.49056
	16.5569	46.49129
	16.55658	46.49145
	16.55592	46.49177
	16.55533	46.49192
	16.55407	46.49214
	16.55318	46.4923
	16.55263	46.49249
	16.55081	46.49347
	16.54661	46.49482
	16.54628	46.49505
	16.53801	46.49946
	16.53686	46.50006
	16.53665	46.50013
	16.53643	46.5002
	16.53478	46.50033
	16.53294	46.50047
	16.53212	46.50061
	16.53167	46.50076
	16.5315	46.50082
	16.52667	46.5036
	16.5236	46.50538
	16.52525	46.50868
	16.52993	46.50762
	16.53091	46.50973
	16.5316	46.51119
	16.5332	46.51446
	16.53287	46.51457
	16.53252	46.51467
	16.53205	46.51504
	16.53179	46.51525
	16.53179	46.51526
	16.53182	46.51529
	16.53155	46.51542
	16.52868	46.51516
	16.52847	46.51512
	16.52826	46.51507
	16.52721	46.51547
	16.5263	46.51557
	16.52596	46.51551
	16.52585	46.51549
	16.52574	46.51565
	16.52565	46.5158
	16.52544	46.51595
	16.5254	46.516
	16.52531	46.51614
	16.52549	46.51633
	16.52559	46.51643
	16.52539	46.51661
	16.52546	46.51667
	16.52572	46.51692
	16.52585	46.51716
	16.52586	46.51717
	16.52567	46.51718
	16.5255	46.51729
	16.52553	46.51751
	16.52557	46.51774
	16.52549	46.51773
	16.52579	46.5182
	16.52585	46.51848
	16.52586	46.51851
	16.52565	46.51862
	16.52529	46.51901
	16.52512	46.51928
	16.52504	46.51941
	16.525	46.51943
	16.52487	46.5195
	16.52448	46.51957
	16.52439	46.51963
	16.52805	46.52329
	16.52863	46.52266
	16.52871	46.52266
	16.52943	46.52277
	16.52952	46.5228
	16.52981	46.52293
	16.52996	46.523
	16.5302	46.52315
	16.53026	46.5232
	16.53057	46.52349
	16.53064	46.52357
	16.53107	46.52437
	16.53109	46.52445
	16.53111	46.52453
	16.53122	46.52469
	16.53141	46.52505
	16.53146	46.52518
	16.53147	46.52521
	16.53163	46.52562
	16.53172	46.52592
	16.53176	46.52609
	16.53189	46.52629
	16.53192	46.52637
	16.53209	46.52726
	16.53209	46.52738
	16.53158	46.52863
	16.53152	46.5287
	16.531	46.52911
	16.53094	46.52915
	16.53051	46.52933
	16.53045	46.52935
	16.53064	46.52976
	16.53067	46.52982
	16.5311	46.52969
	16.53126	46.52967
	16.5315	46.52963
	16.53166	46.52995
	16.53174	46.5301
	16.53199	46.53044
	16.53203	46.5305
	16.53205	46.53087
	16.53258	46.5314
	16.53253	46.53157
	16.53251	46.53161
	16.53186	46.53198
	16.5317	46.53202
	16.53123	46.53213
	16.53067	46.53213
	16.52998	46.53238
	16.52994	46.5324
	16.52925	46.53287
	16.52897	46.5328
	16.52878	46.53327
	16.52863	46.53345
	16.5285	46.53359
	16.52848	46.53379
	16.52846	46.53403
	16.52836	46.53429
	16.52794	46.53494
	16.52793	46.53494
	16.52783	46.5349
	16.52782	46.5349
	16.52774	46.53492
	16.5273	46.53511
	16.527	46.53507
	16.52569	46.53529
	16.52436	46.53528
	16.52436	46.53529
	16.52401	46.53559
	16.52347	46.53571
	16.52318	46.53523
	16.52234	46.53529
	16.52192	46.53522
	16.52153	46.53529
	16.52122	46.53514
	16.52084	46.53506
	16.52041	46.53502
	16.52036	46.53503
	16.51998	46.53505
	16.5196	46.53514
	16.51907	46.53527
	16.51905	46.53531
	16.51905	46.53533
	16.51858	46.53542
	16.51862	46.5356
	16.51867	46.53583
	16.51844	46.53599
	16.51843	46.536
	16.51794	46.53616
	16.51767	46.53635
	16.51764	46.5367
	16.51763	46.53682
	16.51764	46.53688
	16.51769	46.53709
	16.51808	46.53745
	16.51809	46.53773
	16.51799	46.53779
	16.5177	46.53798
	16.51748	46.53805
	16.5173	46.5381
	16.51728	46.53811
	16.51704	46.53812
	16.51684	46.53821
	16.51682	46.53831
	16.51723	46.53888
	16.51782	46.53863
	16.51798	46.53887
	16.51783	46.53904
	16.51753	46.53923
	16.51699	46.53947
	16.51716	46.53997
	16.51737	46.5401
	16.51742	46.54013
	16.51785	46.54056
	16.51786	46.54057
	16.51725	46.54094
	16.51667	46.5411
	16.51649	46.54115
	16.51643	46.54116
	16.51619	46.54119
	16.51624	46.54132
	16.51627	46.5414
	16.51623	46.54173
	16.51642	46.54213
	16.51663	46.54232
	16.5171	46.54299
	16.51729	46.54346
	16.51807	46.54419
	16.51816	46.54438
	16.5182	46.54448
	16.5185	46.54484
	16.51852	46.54486
	16.51885	46.54577
	16.51937	46.54625
	16.51937	46.54627
	16.51941	46.54637
	16.51934	46.54664
	16.51932	46.54674
	16.51902	46.54691
	16.51872	46.54707
	16.51838	46.54738
	16.5183	46.54776
	16.51831	46.54782
	16.51832	46.54825
	16.51817	46.54938
	16.51827	46.54992
	16.51832	46.55018
	16.51835	46.55025
	16.51842	46.55042
	16.51873	46.5508
	16.51889	46.55109
	16.51894	46.55119
	16.51895	46.55125
	16.51897	46.55155
	16.51873	46.55217
	16.51877	46.55238
	16.51878	46.55244
	16.51878	46.55247
	16.51874	46.55274
	16.51841	46.55315
	16.51747	46.55431
	16.51656	46.55537
	16.51649	46.55545
	16.51353	46.5591
	16.5136	46.55914
	16.5137	46.5592
	16.51352	46.55939
	16.51343	46.55949
	16.5133	46.5595
	16.51315	46.5595
	16.51032	46.56295
	16.50841	46.56527
	16.50809	46.5649
	16.50773	46.56474
	16.50766	46.56469
	16.50744	46.56454
	16.50729	46.56449
	16.50712	46.56443
	16.50693	46.56423
	16.50681	46.56421
	16.50665	46.56415
	16.50659	46.56413
	16.5065	46.56413
	16.50636	46.56414
	16.50618	46.56419
	16.50597	46.5642
	16.50591	46.56421
	16.50566	46.56423
	16.5056	46.56424
	16.50543	46.56427
	16.50496	46.56439
	16.50472	46.56434
	16.50461	46.56426
	16.50448	46.56416
	16.50449	46.56409
	16.50452	46.56394
	16.50446	46.56384
	16.50428	46.56365
	16.50415	46.5636
	16.50412	46.56359
	16.5041	46.56358
	16.50383	46.56357
	16.50342	46.56351
	16.50322	46.56357
	16.50299	46.56367
	16.5028	46.56342
	16.50273	46.56338
	16.50266	46.56334
	16.50251	46.56331
	16.50235	46.56329
	16.50208	46.56318
	16.50194	46.56312
	16.50192	46.5631
	16.5018	46.56299
	16.50176	46.56291
	16.50157	46.56272
	16.50142	46.56258
	16.50121	46.56248
	16.50096	46.56247
	16.50032	46.56238
	16.50017	46.56236
	16.50013	46.56236
	16.50001	46.56238
	16.4996	46.56255
	16.49922	46.56277
	16.49889	46.56275
	16.49827	46.56296
	16.49771	46.56308
	16.49716	46.56335
	16.49671	46.56329
	16.49651	46.56312
	16.49627	46.56308
	16.49622	46.56303
	16.49588	46.56273
	16.49544	46.56249
	16.49532	46.56249
	16.49524	46.5625
	16.49484	46.56257
	16.49479	46.56258
	16.4944	46.56259
	16.49366	46.56259
	16.49308	46.56255
	16.49306	46.56286
	16.49302	46.56313
	16.493	46.5633
	16.49307	46.5636
	16.49313	46.56389
	16.49312	46.56404
	16.49309	46.5644
	16.49309	46.56451
	16.49297	46.56455
	16.49283	46.56459
	16.4921	46.56497
	16.49176	46.56503
	16.49143	46.56517
	16.49119	46.56526
	16.49085	46.5654
	16.49024	46.56565
	16.48978	46.5657
	16.48974	46.5657
	16.48923	46.56544
	16.48875	46.56519
	16.48854	46.56514
	16.4884	46.56511
	16.48832	46.56513
	16.48813	46.56518
	16.48796	46.56519
	16.48789	46.5652
	16.48787	46.56521
	16.48767	46.56526
	16.48728	46.56527
	16.48722	46.56527
	16.48685	46.56537
	16.4864	46.56549
	16.48625	46.56566
	16.485	46.5659
	16.48466	46.56589
	16.483	46.56604
	16.483	46.56605
	16.48294	46.56622
	16.4828	46.56621
	16.482	46.56688
	16.48191	46.56743
	16.48195	46.56756
	16.48201	46.56777
	16.4823	46.56824
	16.48243	46.56848
	16.48255	46.56929
	16.48256	46.56931
	16.48271	46.56971
	16.48253	46.57077
	16.4823	46.57132
	16.48218	46.57182
	16.48217	46.57187
	16.48215	46.57208
	16.4822	46.57242
	16.48227	46.57295
	16.48225	46.57336
	16.48224	46.57352
	16.482	46.57363
	16.48186	46.57444
	16.48191	46.57486
	16.482	46.57521
	16.48222	46.5758
	16.48233	46.57604
	16.48234	46.57606
	16.48236	46.57608
	16.48289	46.57676
	16.48407	46.57762
	16.48401	46.57766
	16.48378	46.57782
	16.4834	46.5786
	16.48294	46.57879
	16.48212	46.57906
	16.48208	46.57907
	16.48196	46.57917
	16.48141	46.57958
	16.48022	46.58161
	16.4801	46.58182
	16.48009	46.58183
	16.48003	46.58208
	16.47946	46.58261
	16.47891	46.58313
	16.47877	46.58331
	16.47783	46.5841
	16.47754	46.58442
	16.47736	46.58463
	16.47675	46.5851
	16.47635	46.58542
	16.475	46.58617
	16.47344	46.58757
	16.47319	46.58744
	16.47256	46.58713
	16.47231	46.58702
	16.47183	46.58679
	16.47062	46.58617
	16.47047	46.58609
	16.46999	46.58584
	16.46915	46.58564
	16.46891	46.58582
	16.46819	46.58689
	16.46745	46.588
	16.46655	46.58935
	16.4649	46.59181
	16.46476	46.59186
	16.4646	46.59192
	16.4635	46.59361
	16.46297	46.59443
	16.46301	46.59449
	16.4633	46.59496
	16.46301	46.59527
	16.46351	46.59546
	16.46354	46.59548
	16.46361	46.59552
	16.46406	46.59587
	16.4642	46.59601
	16.46469	46.59687
	16.4649	46.59763
	16.4649	46.59766
	16.46494	46.59779
	16.46459	46.59951
	16.46434	46.59984
	16.46401	46.60031
	16.46391	46.6004
	16.46391	46.60041
	16.46377	46.6006
	16.46368	46.6007
	16.46118	46.60063
	16.46111	46.60085
	16.46092	46.60079
	16.46078	46.60076
	16.4607	46.60068
	16.46069	46.60067
	16.46067	46.60066
	16.46067	46.60065
	16.46064	46.60061
	16.46056	46.60061
	16.46047	46.60049
	16.46039	46.60038
	16.45941	46.59943
	16.45913	46.59855
	16.45904	46.59783
	16.45904	46.59773
	16.45904	46.59772
	16.45884	46.5974
	16.4588	46.59733
	16.45867	46.59736
	16.4582	46.59744
	16.45816	46.59749
	16.45779	46.59751
	16.45776	46.59751
	16.45775	46.59751
	16.45732	46.59755
	16.45714	46.59759
	16.45688	46.59763
	16.45568	46.59783
	16.45562	46.5988
	16.45509	46.59932
	16.45432	46.60008
	16.45389	46.60048
	16.45364	46.60071
	16.45219	46.60069
	16.45162	46.60147
	16.45065	46.60278
	16.44986	46.60401
	16.44961	46.60441
	16.44852	46.60597
	16.44677	46.60778
	16.44639	46.60903
	16.44557	46.61095
	16.43877	46.61221
	16.43776	46.61239
	16.43662	46.61261
	16.43363	46.61319
	16.43316	46.61316
	16.43165	46.61306
	16.42757	46.61313
	16.42753	46.61313
	16.42744	46.61313
	16.42592	46.61316
	16.4256	46.61317
	16.42543	46.61317
	16.4249	46.61316
	16.42488	46.61316
	16.42486	46.61316
	16.42454	46.61355
	16.42328	46.61487
	16.4228	46.61537
	16.42142	46.61679
	16.42141	46.61686
	16.4214	46.61698
	16.42123	46.61699
	16.42114	46.61704
	16.42047	46.61761
	16.41906	46.61883
	16.41822	46.61955
	16.41731	46.62033
	16.41559	46.62367
	16.41532	46.6237
	16.4151	46.62376
	16.41497	46.6238
	16.41469	46.624
	16.41393	46.62499
	16.41387	46.62507
	16.41271	46.62722
	16.41263	46.62737
	16.41252	46.6276
	16.41249	46.62765
	16.41152	46.6278
	16.41026	46.628
	16.41004	46.62807
	16.40911	46.62835
	16.40899	46.62839
	16.40886	46.62848
	16.40871	46.62858
	16.40865	46.62864
	16.40857	46.62873
	16.40832	46.6291
	16.40774	46.62968
	16.4076	46.62985
	16.40759	46.62986
	16.40758	46.6299
	16.40754	46.63006
	16.40762	46.63027
	16.40777	46.63065
	16.40767	46.63076
	16.40756	46.63089
	16.40647	46.63134
	16.4058	46.63167
	16.40478	46.63219
	16.40446	46.63237
	16.40431	46.63205
	16.40402	46.632
	16.40383	46.63203
	16.40347	46.63209
	16.40319	46.63208
	16.40301	46.63208
	16.40295	46.63208
	16.40285	46.63209
	16.40257	46.63214
	16.40252	46.63215
	16.40211	46.63233
	16.40198	46.63241
	16.40167	46.63262
	16.40142	46.63278
	16.40116	46.63289
	16.40116	46.63294
	16.40111	46.63296
	16.40091	46.63302
	16.40089	46.63302
	16.40075	46.63304
	16.40053	46.63328
	16.40038	46.63347
	16.40028	46.63366
	16.40015	46.63374
	16.40005	46.63392
	16.39999	46.63399
	16.39995	46.63403
	16.3998	46.63409
	16.39964	46.63416
	16.39928	46.63421
	16.39922	46.63422
	16.39906	46.63424
	16.39883	46.63428
	16.39839	46.63431
	16.39833	46.63431
	16.39807	46.63433
	16.39806	46.63433
	16.39804	46.63434
	16.39764	46.63434
	16.39749	46.63435
	16.39743	46.63434
	16.39734	46.63432
	16.39731	46.63431
	16.39726	46.6343
	16.39718	46.63432
	16.39706	46.63432
	16.39704	46.63432
	16.397	46.63432
	16.39688	46.63431
	16.39673	46.6343
	16.39665	46.63429
	16.39662	46.63429
	16.3966	46.63427
	16.39631	46.63415
	16.39604	46.63403
	16.39586	46.63399
	16.39551	46.63401
	16.39527	46.63401
	16.39513	46.63399
	16.39512	46.63399
	16.39511	46.63398
	16.39498	46.63396
	16.39483	46.63392
	16.3945	46.63392
	16.39438	46.63393
	16.39386	46.63385
	16.39382	46.63384
	16.39356	46.63385
	16.39352	46.63385
	16.39349	46.63384
	16.39324	46.63374
	16.39302	46.63365
	16.39297	46.63363
	16.39245	46.63361
	16.39225	46.6336
	16.39177	46.63373
	16.39189	46.63473
	16.39193	46.63534
	16.39202	46.6359
	16.39203	46.63593
	16.39174	46.63599
	16.39169	46.63602
	16.39159	46.63608
	16.39133	46.63617
	16.39118	46.63625
	16.39114	46.63629
	16.3911	46.63639
	16.39108	46.63644
	16.39107	46.63643
	16.39106	46.63643
	16.39108	46.63652
	16.39113	46.63677
	16.39103	46.63708
	16.39094	46.63736
	16.39089	46.6374
	16.39057	46.63768
	16.39054	46.63777
	16.39048	46.63796
	16.39046	46.6382
	16.39045	46.63824
	16.39033	46.63821
	16.39031	46.63823
	16.39028	46.63825
	16.39021	46.63824
	16.38964	46.63829
	16.38958	46.6383
	16.3896	46.63842
	16.38961	46.63844
	16.3897	46.63864
	16.38975	46.63889
	16.38975	46.63893
	16.38972	46.639
	16.38965	46.6392
	16.38967	46.63929
	16.38968	46.63935
	16.38972	46.63943
	16.38974	46.63947
	16.38974	46.63949
	16.38975	46.63953
	16.38973	46.63957
	16.38968	46.63973
	16.38969	46.63981
	16.3897	46.63989
	16.38997	46.64017
	16.39	46.64018
	16.39013	46.64027
	16.39039	46.6404
	16.39041	46.64041
	16.39048	46.64042
	16.39057	46.64043
	16.39059	46.64043
	16.39065	46.64043
	16.39079	46.64046
	16.39117	46.64053
	16.39141	46.64057
	16.39158	46.6406
	16.39169	46.64064
	16.39188	46.64071
	16.39201	46.64074
	16.39211	46.64077
	16.3921	46.6408
	16.39209	46.64088
	16.39046	46.64201
	16.39038	46.64205
	16.39036	46.64206
	16.38994	46.64235
	16.38762	46.64394
	16.3867	46.64411
	16.38594	46.64425
	16.38591	46.64463
	16.38575	46.64683
	16.38566	46.64806
	16.38559	46.64891
	16.38543	46.65142
	16.38532	46.6531
	16.38526	46.65389
	16.38626	46.65366
	16.3873	46.65361
	16.38741	46.6536
	16.38762	46.65371
	16.38816	46.65401
	16.38883	46.65444
	16.38931	46.65479
	16.3898	46.65505
	16.39004	46.65518
	16.39005	46.65517
	16.39056	46.65491
	16.3911	46.65514
	16.39103	46.65529
	16.3908	46.65582
	16.3911	46.65626
	16.39125	46.65649
	16.39148	46.65826
	16.39142	46.65842
	16.39144	46.65875
	16.39149	46.65899
	16.39151	46.65908
	16.39189	46.65917
	16.39286	46.6592
	16.39315	46.65918
	16.39317	46.65925
	16.39345	46.6604
	16.39355	46.6608
	16.39358	46.66096
	16.3936	46.66105
	16.39332	46.6611
	16.39318	46.66112
	16.3933	46.66146
	16.39342	46.66181
	16.39355	46.66194
	16.39371	46.66209
	16.39341	46.66218
	16.39277	46.66237
	16.39179	46.66273
	16.39144	46.66335
	16.39154	46.66373
	16.39242	46.66389
	16.39293	46.66398
	16.39454	46.66437
	16.39592	46.6647
	16.39646	46.66431
	16.39646	46.6643
	16.3965	46.66406
	16.39653	46.66392
	16.39807	46.66339
	16.39945	46.66376
	16.39947	46.66377
	16.3995	46.66377
	16.39954	46.66366
	16.39955	46.66364
	16.39966	46.66282
	16.39968	46.66269
	16.39977	46.66252
	16.39992	46.66223
	16.39994	46.66223
	16.39995	46.66224
	16.40019	46.66199
	16.40064	46.66191
	16.40102	46.66194
	16.40141	46.66191
	16.40189	46.66188
	16.40193	46.66187
	16.40201	46.66187
	16.40217	46.66169
	16.40273	46.66147
	16.40306	46.66135
	16.40329	46.66127
	16.40334	46.66126
	16.40341	46.66123
	16.40325	46.65993
	16.40312	46.65882
	16.40451	46.65889
	16.40529	46.65907
	16.40646	46.6592
	16.40713	46.65927
	16.40728	46.65931
	16.40747	46.65936
	16.40826	46.65964
	16.40967	46.65944
	16.4102	46.65942
	16.41029	46.65938
	16.41043	46.65932
	16.41072	46.65926
	16.41078	46.65925
	16.41081	46.65924
	16.41108	46.65925
	16.41131	46.65926
	16.41245	46.65928
	16.41281	46.65918
	16.41282	46.65924
	16.41387	46.65933
	16.41445	46.65923
	16.41463	46.6592
	16.41486	46.65924
	16.4152	46.65923
	16.41554	46.65922
	16.41607	46.65908
	16.41661	46.65901
	16.41985	46.65848
	16.4197	46.65883
	16.4193	46.65983
	16.41955	46.66069
	16.42003	46.66085
	16.42007	46.66094
	16.42013	46.66105
	16.4199	46.66191
	16.42037	46.66205
	16.42054	46.66232
	16.42064	46.66249
	16.42046	46.66276
	16.4204	46.66288
	16.42039	46.66289
	16.4203	46.66311
	16.42023	46.66315
	16.42015	46.6632
	16.41967	46.66337
	16.41951	46.66351
	16.41926	46.66373
	16.41924	46.66376
	16.41895	46.66418
	16.41894	46.66428
	16.41894	46.66433
	16.41865	46.66443
	16.41832	46.66454
	16.41842	46.66458
	16.41844	46.6646
	16.41855	46.66467
	16.41868	46.66476
	16.41917	46.66496
	16.41957	46.66514
	16.41959	46.66515
	16.41967	46.66525
	16.41977	46.66537
	16.41982	46.6654
	16.41987	46.66545
	16.42012	46.66567
	16.42017	46.66572
	16.42018	46.66572
	16.42067	46.66583
	16.42112	46.66613
	16.42133	46.66619
	16.42171	46.6663
	16.42325	46.66704
	16.42327	46.66703
	16.42332	46.66701
	16.42344	46.66716
	16.42388	46.66771
	16.42396	46.66778
	16.42405	46.66787
	16.42428	46.6684
	16.42436	46.66881
	16.42441	46.66898
	16.42451	46.66919
	16.42459	46.66931
	16.42483	46.66957
	16.42489	46.66964
	16.42492	46.66967
	16.42529	46.67021
	16.42536	46.67031
	16.42537	46.67042
	16.42533	46.67053
	16.42528	46.67058
	16.42526	46.67061
	16.42504	46.6708
	16.42505	46.67109
	16.42515	46.67136
	16.42522	46.67156
	16.42526	46.67165
	16.42498	46.67175
	16.42473	46.6719
	16.4243	46.67219
	16.42386	46.67247
	16.42364	46.67259
	16.42338	46.67273
	16.42323	46.67259
	16.42318	46.67262
	16.42287	46.67282
	16.4227	46.67288
	16.42235	46.67301
	16.42163	46.67342
	16.42144	46.67352
	16.42084	46.67384
	16.42072	46.6739
	16.4207	46.67392
	16.42033	46.67412
	16.42037	46.67417
	16.42058	46.67442
	16.42057	46.67505
	16.4207	46.67527
	16.42073	46.67533
	16.42083	46.67542
	16.42085	46.67546
	16.4209	46.67553
	16.42091	46.67567
	16.42073	46.6757
	16.42064	46.67571
	16.42055	46.67574
	16.42043	46.67577
	16.42047	46.67585
	16.4205	46.6759
	16.42088	46.67628
	16.42124	46.67659
	16.42182	46.67698
	16.42208	46.6771
	16.42214	46.67712
	16.42231	46.6772
	16.42239	46.67722
	16.42249	46.67725
	16.42267	46.67727
	16.42272	46.67728
	16.42303	46.67729
	16.42366	46.67731
	16.42391	46.67752
	16.42405	46.67763
	16.42407	46.67764
	16.42412	46.67766
	16.42443	46.67741
	16.42474	46.67766
	16.42496	46.6779
	16.42513	46.67808
	16.42523	46.67821
	16.42541	46.67843
	16.42546	46.67859
	16.42548	46.67864
	16.42557	46.67896
	16.42558	46.67898
	16.42558	46.67899
	16.42544	46.67903
	16.42473	46.679
	16.42455	46.67899
	16.42448	46.679
	16.42387	46.6791
	16.42355	46.67913
	16.4231	46.67911
	16.423	46.67911
	16.42284	46.67915
	16.42254	46.67923
	16.4218	46.67937
	16.42159	46.67949
	16.42163	46.67954
	16.42165	46.67956
	16.42165	46.67964
	16.42166	46.67972
	16.42153	46.68001
	16.42138	46.68018
	16.42135	46.68041
	16.42149	46.68061
	16.42149	46.68062
	16.42191	46.68117
	16.4223	46.68181
	16.42239	46.68195
	16.42243	46.68205
	16.42253	46.68237
	16.42267	46.6828
	16.42287	46.68365
	16.42294	46.68451
	16.42297	46.68478
	16.42304	46.68536
	16.42316	46.68598
	16.4232	46.68623
	16.42325	46.6863
	16.42385	46.68718
	16.42412	46.68758
	16.42435	46.68794
	16.42452	46.68821
	16.42466	46.68845
	16.4248	46.68872
	16.42482	46.68875
	16.42487	46.68887
	16.42501	46.68915
	16.42515	46.68944
	16.42536	46.68946
	16.42558	46.68993
	16.42569	46.69016
	16.42624	46.69126
	16.4266	46.69193
	16.42689	46.69239
	16.42699	46.69248
	16.42808	46.69351
	16.42843	46.6938
	16.42863	46.69397
	16.42861	46.69398
	16.42857	46.694
	16.42782	46.69422
	16.42717	46.69439
	16.42644	46.69475
	16.42648	46.69482
	16.42655	46.69494
	16.42609	46.69516
	16.42565	46.69548
	16.42548	46.69555
	16.42546	46.69556
	16.42522	46.69563
	16.4252	46.69563
	16.425	46.69567
	16.42437	46.69579
	16.424	46.69586
	16.42392	46.69586
	16.42376	46.69587
	16.42368	46.69586
	16.42352	46.69584
	16.42315	46.69574
	16.42308	46.69573
	16.42294	46.69571
	16.42258	46.69571
	16.42243	46.69571
	16.42168	46.69575
	16.42129	46.69577
	16.4209	46.69579
	16.42051	46.69583
	16.42048	46.69584
	16.41918	46.69604
	16.41877	46.69611
	16.41833	46.69616
	16.4178	46.69619
	16.41742	46.6962
	16.41718	46.6962
	16.41706	46.69619
	16.41695	46.69616
	16.41685	46.69613
	16.4168	46.6961
	16.41654	46.69595
	16.41614	46.69578
	16.416	46.69573
	16.41582	46.69566
	16.41547	46.69556
	16.41525	46.6955
	16.41505	46.69544
	16.41504	46.69554
	16.41508	46.69581
	16.41506	46.69583
	16.41502	46.69582
	16.415	46.69582
	16.41486	46.6958
	16.41474	46.69578
	16.41472	46.69577
	16.41468	46.69576
	16.41428	46.69559
	16.41402	46.69555
	16.41371	46.69556
	16.41368	46.69556
	16.41355	46.69557
	16.41341	46.6956
	16.41338	46.6956
	16.41329	46.69562
	16.41324	46.69562
	16.41322	46.69562
	16.41305	46.69563
	16.41248	46.69575
	16.4119	46.69591
	16.41152	46.69602
	16.41097	46.69612
	16.41057	46.6962
	16.40883	46.69668
	16.4088	46.69669
	16.40827	46.69679
	16.40805	46.69681
	16.4079	46.69682
	16.40776	46.69682
	16.40751	46.69683
	16.40701	46.69688
	16.40629	46.69695
	16.40628	46.69695
	16.40591	46.69698
	16.40546	46.69702
	16.40485	46.6971
	16.40462	46.69716
	16.40439	46.69721
	16.40435	46.69722
	16.40416	46.69725
	16.40376	46.69731
	16.40302	46.69741
	16.40272	46.69745
	16.40219	46.69748
	16.40179	46.69749
	16.40148	46.6974
	16.40131	46.69735
	16.40082	46.69733
	16.40028	46.69735
	16.39961	46.69737
	16.39931	46.69737
	16.39913	46.6973
	16.39897	46.6973
	16.39841	46.69734
	16.39821	46.69736
	16.39795	46.69741
	16.3979	46.69743
	16.39785	46.69743
	16.39767	46.69743
	16.3975	46.69741
	16.39746	46.69741
	16.39747	46.6974
	16.39748	46.69739
	16.39685	46.69726
	16.3963	46.69731
	16.39621	46.69732
	16.39597	46.69737
	16.3951	46.69762
	16.39509	46.69762
	16.39496	46.69765
	16.39406	46.69786
	16.394	46.69787
	16.39396	46.69787
	16.39384	46.69784
	16.39339	46.69771
	16.39275	46.69742
	16.39262	46.6974
	16.39258	46.69739
	16.39237	46.69744
	16.39215	46.69757
	16.39207	46.69761
	16.39177	46.69773
	16.39178	46.69776
	16.39118	46.69782
	16.39057	46.69782
	16.39046	46.69781
	16.39036	46.69779
	16.39	46.69781
	16.38962	46.69784
	16.38945	46.69786
	16.38934	46.69786
	16.38911	46.69785
	16.38871	46.69778
	16.38808	46.6978
	16.38754	46.6979
	16.38649	46.69793
	16.38612	46.69794
	16.38556	46.69804
	16.3855	46.69805
	16.38504	46.69806
	16.38487	46.69808
	16.38485	46.69808
	16.38453	46.69797
	16.38365	46.69803
	16.38346	46.69806
	16.38346	46.69804
	16.3828	46.69817
	16.3827	46.69817
	16.38245	46.69815
	16.3823	46.69814
	16.38216	46.69812
	16.38169	46.69805
	16.38087	46.69841
	16.38045	46.69859
	16.38031	46.69885
	16.38021	46.69898
	16.38018	46.69903
	16.37994	46.69924
	16.3796	46.69951
	16.37886	46.6999
	16.37881	46.69985
	16.37847	46.69997
	16.37816	46.70004
	16.37809	46.70005
	16.37539	46.70095
	16.37494	46.70118
	16.37447	46.70141
	16.37383	46.70178
	16.37353	46.70195
	16.37348	46.702
	16.37319	46.7023
	16.37279	46.70263
	16.37241	46.70279
	16.37186	46.70298
	16.37118	46.7032
	16.37085	46.70331
	16.37056	46.70341
	16.36925	46.70385
	16.36899	46.70398
	16.36892	46.70401
	16.36884	46.70406
	16.3686	46.70419
	16.36855	46.70423
	16.3686	46.70423
	16.36867	46.70428
	16.36904	46.70451
	16.36974	46.70499
	16.36978	46.70501
	16.37004	46.7052
	16.37016	46.70527
	16.37024	46.70531
	16.37104	46.70576
	16.37154	46.70601
	16.3716	46.70603
	16.37158	46.70604
	16.37224	46.70654
	16.37244	46.70669
	16.37279	46.70696
	16.3728	46.70696
	16.37284	46.70695
	16.37313	46.70718
	16.37325	46.70715
	16.37366	46.70743
	16.37456	46.70812
	16.37497	46.70844
	16.37537	46.70867
	16.37574	46.70883
	16.37644	46.70912
	16.37671	46.70922
	16.37711	46.70938
	16.37714	46.70938
	16.37718	46.70939
	16.37778	46.70982
	16.37784	46.70987
	16.37841	46.71016
	16.37857	46.71027
	16.3786	46.71029
	16.3786	46.7103
	16.37878	46.71042
	16.37929	46.71088
	16.37943	46.71104
	16.37969	46.71147
	16.37976	46.71171
	16.37985	46.71202
	16.37979	46.71354
	16.3797	46.71377
	16.37968	46.71383
	16.37967	46.71393
	16.37966	46.71408
	16.37968	46.71421
	16.37971	46.71436
	16.37967	46.71453
	16.37964	46.71466
	16.37962	46.71474
	16.37954	46.71501
	16.37954	46.71507
	16.37955	46.71512
	16.3798	46.71537
	16.37983	46.71539
	16.37976	46.71542
	16.37973	46.71544
	16.37761	46.71587
	16.37755	46.71592
	16.37749	46.71598
	16.37749	46.71609
	16.37747	46.71617
	16.37745	46.71618
	16.37726	46.71629
	16.37714	46.71635
	16.3768	46.71652
	16.37614	46.71679
	16.37588	46.71682
	16.37566	46.7169
	16.37548	46.71696
	16.37541	46.71699
	16.37513	46.71708
	16.37498	46.71714
	16.37505	46.71725
	16.37508	46.7173
	16.3752	46.71772
	16.37534	46.71825
	16.37537	46.71862
	16.37488	46.71869
	16.37474	46.71871
	16.37428	46.71878
	16.3733	46.71893
	16.37302	46.71904
	16.37289	46.71923
	16.37245	46.71993
	16.37179	46.72095
	16.37166	46.72136
	16.37167	46.72137
	16.37181	46.72156
	16.37173	46.72182
	16.37173	46.72184
	16.37164	46.72211
	16.37163	46.72232
	16.37148	46.72231
	16.37109	46.72229
	16.37061	46.72195
	16.37025	46.72163
	16.37011	46.72151
	16.36987	46.72137
	16.36955	46.72117
	16.36916	46.72092
	16.3689	46.72077
	16.36847	46.72052
	16.36841	46.72051
	16.36807	46.72044
	16.36729	46.72025
	16.3677	46.71937
	16.36736	46.71926
	16.36698	46.71909
	16.36695	46.71907
	16.3669	46.71892
	16.36632	46.71863
	16.36625	46.71859
	16.36594	46.71839
	16.36516	46.71809
	16.36456	46.71784
	16.36426	46.71765
	16.36423	46.71764
	16.36421	46.71763
	16.36346	46.71735
	16.36287	46.71698
	16.36254	46.71676
	16.36252	46.71676
	16.36242	46.71678
	16.36111	46.71681
	16.36099	46.71682
	16.36094	46.71682
	16.36067	46.71683
	16.35968	46.71693
	16.35948	46.71693
	16.35938	46.71693
	16.35921	46.71694
	16.35878	46.71696
	16.35871	46.71683
	16.35868	46.71675
	16.35883	46.71669
	16.35885	46.71666
	16.35886	46.71666
	16.35885	46.71657
	16.35885	46.71654
	16.35876	46.71651
	16.35875	46.71643
	16.35878	46.71641
	16.35883	46.71637
	16.35882	46.71634
	16.3588	46.71623
	16.35873	46.71617
	16.3587	46.71614
	16.35869	46.71614
	16.35871	46.71607
	16.3587	46.71605
	16.35868	46.71605
	16.35866	46.71605
	16.35864	46.71606
	16.35862	46.71606
	16.35849	46.71603
	16.35849	46.71602
	16.35848	46.71598
	16.35857	46.71595
	16.35857	46.71594
	16.35856	46.71592
	16.35853	46.71589
	16.35839	46.71575
	16.35835	46.71574
	16.35832	46.71574
	16.3583	46.71568
	16.35829	46.71557
	16.35826	46.71554
	16.35825	46.71553
	16.35826	46.71547
	16.35825	46.71546
	16.35824	46.71545
	16.35822	46.71544
	16.35819	46.71543
	16.3582	46.71535
	16.35814	46.71533
	16.35811	46.71532
	16.3579	46.71497
	16.35776	46.71492
	16.35713	46.7143
	16.3571	46.71427
	16.35706	46.71424
	16.35698	46.71458
	16.35686	46.71513
	16.35683	46.71526
	16.35636	46.71596
	16.35563	46.71652
	16.35544	46.71665
	16.35531	46.71683
	16.35506	46.71716
	16.35496	46.7173
	16.35463	46.71782
	16.35435	46.7181
	16.35417	46.71849
	16.35409	46.71887
	16.35395	46.7191
	16.35394	46.71911
	16.35337	46.72037
	16.35315	46.7211
	16.35309	46.72124
	16.35294	46.72153
	16.35286	46.72171
	16.35275	46.72196
	16.35273	46.72203
	16.3526	46.72259
	16.35261	46.72268
	16.35261	46.72278
	16.35262	46.72287
	16.35275	46.72323
	16.35288	46.72357
	16.35308	46.72401
	16.35332	46.72443
	16.35356	46.7248
	16.35355	46.7248
	16.35338	46.7248
	16.35324	46.72479
	16.35319	46.72479
	16.35196	46.72465
	16.35168	46.72456
	16.35091	46.72431
	16.35075	46.72432
	16.34982	46.72434
	16.34887	46.72441
	16.34863	46.72442
	16.34849	46.72443
	16.34761	46.72444
	16.3475	46.72447
	16.34748	46.72448
	16.34731	46.72451
	16.3473	46.72451
	16.34722	46.72453
	16.34731	46.72477
	16.34749	46.72494
	16.34766	46.72504
	16.34789	46.72511
	16.34799	46.72514
	16.34835	46.72539
	16.34848	46.7254
	16.34849	46.72541
	16.34857	46.72559
	16.34882	46.7258
	16.3489	46.72582
	16.34895	46.72583
	16.34906	46.72586
	16.34907	46.72586
	16.34912	46.72591
	16.34914	46.72593
	16.34919	46.72604
	16.3492	46.72606
	16.34926	46.7261
	16.34933	46.72615
	16.34935	46.72617
	16.34936	46.72618
	16.34939	46.7262
	16.34943	46.72623
	16.34948	46.72627
	16.34958	46.72632
	16.34966	46.72636
	16.34973	46.72644
	16.34981	46.72648
	16.34983	46.72653
	16.34986	46.72658
	16.34997	46.72668
	16.34998	46.72672
	16.34999	46.72673
	16.35007	46.72675
	16.35007	46.72679
	16.35008	46.72689
	16.35009	46.72694
	16.35023	46.7271
	16.35022	46.72711
	16.3502	46.7272
	16.35022	46.7273
	16.35025	46.72736
	16.35025	46.72743
	16.35025	46.7275
	16.35036	46.72778
	16.35036	46.72779
	16.35036	46.72786
	16.35038	46.72793
	16.35041	46.72808
	16.35038	46.72825
	16.3504	46.72842
	16.35037	46.72849
	16.35035	46.72853
	16.35033	46.72867
	16.35034	46.72868
	16.35034	46.72878
	16.35027	46.72885
	16.35016	46.72896
	16.35021	46.72908
	16.35021	46.72909
	16.35023	46.72912
	16.35034	46.72933
	16.35028	46.72948
	16.35021	46.72954
	16.35018	46.72963
	16.35017	46.72967
	16.35015	46.72969
	16.35007	46.72975
	16.3501	46.72984
	16.35005	46.72998
	16.35003	46.73003
	16.35002	46.73005
	16.34999	46.73009
	16.34997	46.73022
	16.34997	46.73026
	16.34997	46.73027
	16.34996	46.73033
	16.3499	46.73046
	16.34994	46.73066
	16.34992	46.73067
	16.34985	46.73073
	16.34986	46.73074
	16.34986	46.73076
	16.34987	46.73081
	16.34988	46.73087
	16.34986	46.73091
	16.34987	46.73099
	16.34977	46.73119
	16.34972	46.7312
	16.3497	46.7313
	16.34953	46.73144
	16.34946	46.7316
	16.34946	46.73167
	16.34946	46.73169
	16.34937	46.73183
	16.34939	46.73187
	16.3494	46.73189
	16.3494	46.73201
	16.34929	46.73211
	16.34927	46.7322
	16.34924	46.73237
	16.34909	46.7324
	16.34882	46.73272
	16.34875	46.73279
	16.34858	46.73298
	16.34827	46.7333
	16.34799	46.73359
	16.34734	46.73423
	16.34676	46.7349
	16.34651	46.73517
	16.34639	46.73529
	16.34639	46.73531
	16.34636	46.73537
	16.3466	46.73578
	16.34663	46.73582
	16.34676	46.73604
	16.34675	46.73605
	16.34674	46.73608
	16.3462	46.7362
	16.346	46.73624
	16.34593	46.73624
	16.34579	46.73623
	16.34548	46.73626
	16.34536	46.73627
	16.34516	46.73627
	16.34484	46.73628
	16.34438	46.73641
	16.34355	46.73676
	16.34354	46.73677
	16.34353	46.73677
	16.34292	46.73701
	16.34266	46.73723
	16.34262	46.73731
	16.34262	46.73732
	16.34263	46.73739
	16.34279	46.73752
	16.34283	46.73756
	16.34266	46.73778
	16.34263	46.73778
	16.34257	46.73791
	16.34256	46.73794
	16.34252	46.73798
	16.34244	46.73807
	16.342	46.73843
	16.34191	46.73859
	16.34179	46.7388
	16.34177	46.73884
	16.34162	46.73903
	16.34145	46.73925
	16.34133	46.73971
	16.34123	46.73998
	16.34115	46.74013
	16.34083	46.74061
	16.34067	46.74107
	16.34019	46.74161
	16.34016	46.74164
	16.33994	46.7418
	16.33938	46.74211
	16.33927	46.74217
	16.33919	46.74219
	16.33906	46.74222
	16.33871	46.7423
	16.33831	46.74245
	16.33803	46.7426
	16.33802	46.7426
	16.3379	46.74265
	16.33729	46.74277
	16.33705	46.74282
	16.33681	46.74285
	16.33634	46.74291
	16.3359	46.74306
	16.3356	46.74312
	16.33505	46.74332
	16.33469	46.74348
	16.33439	46.74375
	16.33413	46.74416
	16.33385	46.74445
	16.33381	46.74448
	16.33377	46.74451
	16.33353	46.7447
	16.33338	46.7449
	16.33334	46.74504
	16.33336	46.74547
	16.33331	46.74579
	16.3331	46.74652
	16.33306	46.74689
	16.33284	46.74739
	16.33284	46.7474
	16.33279	46.74759
	16.3328	46.74764
	16.3328	46.74767
	16.33277	46.74781
	16.3327	46.74805
	16.3326	46.74844
	16.33247	46.74855
	16.33244	46.74858
	16.33216	46.74866
	16.33193	46.74872
	16.33143	46.74881
	16.33095	46.74874
	16.33066	46.74867
	16.33053	46.74864
	16.33029	46.74862
	16.33017	46.74865
	16.33005	46.7487
	16.33002	46.74871
	16.32999	46.74874
	16.32986	46.74885
	16.32947	46.74917
	16.32933	46.74929
	16.32908	46.74937
	16.32902	46.74939
	16.32764	46.74961
	16.32754	46.74964
	16.3275	46.74965
	16.32728	46.74968
	16.32723	46.74969
	16.32671	46.74979
	16.32639	46.74983
	16.32593	46.74994
	16.32514	46.75017
	16.32521	46.75041
	16.32521	46.75053
	16.32521	46.75062
	16.32525	46.75068
	16.32529	46.75072
	16.3253	46.75079
	16.32531	46.75083
	16.32532	46.75094
	16.3253	46.75103
	16.32532	46.75106
	16.32535	46.75112
	16.32533	46.75112
	16.32531	46.75113
	16.32515	46.75115
	16.32426	46.7511
	16.32372	46.7512
	16.32359	46.75122
	16.32322	46.75119
	16.32317	46.75119
	16.32307	46.75117
	16.32297	46.75113
	16.32291	46.75158
	16.32287	46.7519
	16.32285	46.7519
	16.32283	46.7519
	16.32286	46.75213
	16.32295	46.75284
	16.32203	46.75307
	16.32144	46.75322
	16.32144	46.75333
	16.32144	46.75343
	16.32098	46.75352
	16.31996	46.75371
	16.31922	46.75383
	16.31896	46.75404
	16.31894	46.75405
	16.31883	46.7541
	16.3186	46.75414
	16.31858	46.75422
	16.31854	46.75439
	16.31856	46.75446
	16.31859	46.75455
	16.31858	46.75478
	16.31858	46.75489
	16.31861	46.75513
	16.31856	46.7554
	16.31856	46.75543
	16.31867	46.75556
	16.31869	46.7556
	16.31974	46.75606
	16.3201	46.75675
	16.32062	46.75667
	16.32105	46.75726
	16.3212	46.75726
	16.32128	46.75741
	16.32138	46.7576
	16.32151	46.75783
	16.32156	46.75791
	16.32175	46.7582
	16.32183	46.75832
	16.32189	46.75851
	16.32152	46.7589
	16.32139	46.75895
	16.32138	46.75895
	16.32126	46.75907
	16.32124	46.75937
	16.32122	46.75946
	16.32121	46.75948
	16.3212	46.75955
	16.32124	46.75967
	16.32128	46.75981
	16.32136	46.75989
	16.32135	46.75995
	16.32124	46.75999
	16.32126	46.7602
	16.32137	46.76025
	16.32142	46.76035
	16.32141	46.76048
	16.32143	46.76057
	16.32145	46.76061
	16.32147	46.76074
	16.32149	46.76083
	16.32172	46.76096
	16.32173	46.76105
	16.32176	46.76121
	16.32183	46.76123
	16.32188	46.76131
	16.32191	46.76157
	16.32187	46.76169
	16.32203	46.76184
	16.32208	46.762
	16.32224	46.76228
	16.32222	46.76232
	16.32219	46.76238
	16.3222	46.7625
	16.32207	46.76272
	16.32225	46.76281
	16.32244	46.76281
	16.32245	46.7632
	16.32252	46.76323
	16.32262	46.76329
	16.32248	46.76353
	16.32251	46.76361
	16.32257	46.76384
	16.3224	46.76395
	16.32232	46.76401
	16.32229	46.76408
	16.32215	46.76449
	16.32216	46.76456
	16.32216	46.76458
	16.32248	46.76478
	16.32253	46.76485
	16.32258	46.76491
	16.32291	46.76513
	16.32304	46.76518
	16.32324	46.76534
	16.32328	46.7654
	16.32376	46.76579
	16.32392	46.76588
	16.32435	46.76604
	16.32532	46.76655
	16.32549	46.76666
	16.32564	46.76674
	16.32575	46.76698
	16.32594	46.76715
	16.32627	46.76745
	16.3263	46.76748
	16.3263	46.76749
	16.3263	46.76754
	16.32655	46.76791
	16.32662	46.76812
	16.32664	46.76818
	16.3269	46.76875
	16.32692	46.76879
	16.32697	46.76889
	16.32715	46.76926
	16.32721	46.76936
	16.32724	46.76935
	16.32741	46.76972
	16.32748	46.76975
	16.32763	46.76982
	16.32789	46.77042
	16.32808	46.77084
	16.32821	46.77084
	16.32838	46.77086
	16.3284	46.77086
	16.32846	46.77116
	16.32858	46.7718
	16.32865	46.77315
	16.32909	46.7732
	16.32921	46.77397
	16.32924	46.77423
	16.32927	46.77445
	16.32927	46.77473
	16.32927	46.77489
	16.32928	46.77501
	16.32955	46.77505
	16.33054	46.77521
	16.33038	46.77548
	16.33016	46.77583
	16.33006	46.77615
	16.33	46.77664
	16.33	46.7768
	16.33	46.77695
	16.32998	46.77706
	16.32997	46.77714
	16.32997	46.77763
	16.32997	46.7779
	16.32965	46.77794
	16.32964	46.77807
	16.32963	46.77813
	16.32912	46.77807
	16.32858	46.778
	16.32839	46.77796
	16.32808	46.7779
	16.32737	46.77784
	16.32584	46.77761
	16.32486	46.77755
	16.32469	46.77754
	16.32449	46.77752
	16.32409	46.77748
	16.32387	46.77745
	16.32358	46.7774
	16.32309	46.77729
	16.32265	46.7773
	16.32196	46.77737
	16.32092	46.77746
	16.3199	46.77753
	16.31917	46.77755
	16.31866	46.7775
	16.31814	46.77737
	16.31814	46.77735
	16.31814	46.77734
	16.31725	46.77725
	16.3171	46.77728
	16.31694	46.77729
	16.316	46.77745
	16.31598	46.77745
	16.3147	46.77761
	16.31451	46.77762
	16.31436	46.77762
	16.31376	46.77775
	16.31367	46.77777
	16.31247	46.77798
	16.31238	46.77798
	16.31216	46.778
	16.31218	46.77895
	16.31229	46.7791
	16.31233	46.77947
	16.31232	46.77947
	16.31214	46.77946
	16.31205	46.7799
	16.31201	46.7801
	16.31187	46.78061
	16.31186	46.78068
	16.31181	46.78101
	16.31175	46.7811
	16.31172	46.78126
	16.31167	46.78156
	16.31166	46.78159
	16.31162	46.78159
	16.31157	46.78162
	16.31151	46.78175
	16.31147	46.78176
	16.31144	46.78177
	16.31129	46.78241
	16.31117	46.78306
	16.31107	46.78365
	16.31099	46.78381
	16.31099	46.78389
	16.31099	46.784
	16.31099	46.78402
	16.31099	46.78405
	16.31117	46.78415
	16.31116	46.7842
	16.31102	46.78516
	16.31105	46.78542
	16.31106	46.78639
	16.31115	46.78658
	16.31126	46.78735
	16.31137	46.78767
	16.31153	46.78819
	16.3115	46.7883
	16.31149	46.78832
	16.31181	46.78899
	16.31183	46.78901
	16.31183	46.78902
	16.31205	46.78946
	16.3122	46.78978
	16.31227	46.79004
	16.31241	46.79051
	16.31246	46.79079
	16.31247	46.79082
	16.31246	46.79088
	16.31244	46.79124
	16.31223	46.79205
	16.31221	46.79216
	16.31237	46.7925
	16.31241	46.7926
	16.31247	46.79275
	16.31251	46.79287
	16.31274	46.7931
	16.31295	46.79388
	16.31301	46.79404
	16.31302	46.79406
	16.31301	46.79419
	16.313	46.79482
	16.31288	46.79569
	16.31288	46.79571
	16.31276	46.79614
	16.31273	46.79653
	16.31272	46.79669
	16.31275	46.79712
	16.31277	46.79731
	16.31284	46.79742
	16.31298	46.79765
	16.31299	46.79768
	16.31306	46.79766
	16.3131	46.79762
	16.31315	46.79759
	16.31316	46.79755
	16.31318	46.79753
	16.31319	46.79752
	16.31327	46.79752
	16.31339	46.79757
	16.31345	46.79755
	16.31353	46.79759
	16.31356	46.7976
	16.3136	46.79756
	16.31366	46.79755
	16.31377	46.79754
	16.3138	46.79754
	16.31381	46.79754
	16.31383	46.79755
	16.31385	46.79763
	16.31385	46.79764
	16.31393	46.79771
	16.31404	46.79776
	16.31419	46.79779
	16.31422	46.79765
	16.31426	46.79764
	16.31428	46.79764
	16.3143	46.79769
	16.31429	46.79773
	16.31432	46.79775
	16.31437	46.79774
	16.31443	46.7977
	16.3145	46.79766
	16.31453	46.79767
	16.31454	46.79771
	16.31456	46.79771
	16.31459	46.79771
	16.31462	46.79777
	16.31466	46.79779
	16.31478	46.79772
	16.3148	46.79774
	16.31483	46.79775
	16.31482	46.79779
	16.31486	46.79789
	16.31487	46.79788
	16.31491	46.79784
	16.31496	46.79782
	16.31504	46.7978
	16.31509	46.79772
	16.31515	46.79775
	16.31512	46.79779
	16.31515	46.79781
	16.31516	46.79781
	16.31524	46.7978
	16.31529	46.79776
	16.31533	46.79773
	16.31538	46.79774
	16.3154	46.79775
	16.31541	46.79781
	16.31542	46.79783
	16.31542	46.79784
	16.31543	46.79785
	16.31544	46.79785
	16.31557	46.79789
	16.31556	46.7979
	16.31551	46.798
	16.31551	46.79801
	16.31552	46.79804
	16.31552	46.79806
	16.31551	46.79808
	16.31548	46.79808
	16.31547	46.79808
	16.31546	46.79807
	16.31544	46.79805
	16.31542	46.79805
	16.31541	46.79805
	16.3154	46.79807
	16.31539	46.79808
	16.31537	46.79814
	16.31551	46.79816
	16.31551	46.79821
	16.31552	46.79824
	16.31546	46.79831
	16.31546	46.79834
	16.31544	46.79838
	16.31544	46.79839
	16.31547	46.79843
	16.31551	46.79845
	16.3155	46.79845
	16.3155	46.79846
	16.31549	46.79849
	16.31551	46.7985
	16.31551	46.79852
	16.31553	46.79858
	16.31555	46.79862
	16.31555	46.79864
	16.31555	46.79865
	16.31559	46.79866
	16.31566	46.79868
	16.31567	46.79866
	16.31568	46.79864
	16.31576	46.79867
	16.31585	46.7987
	16.31593	46.79871
	16.31595	46.79872
	16.31593	46.7988
	16.31594	46.79883
	16.31607	46.79887
	16.31615	46.7989
	16.31622	46.79893
	16.31623	46.79899
	16.31621	46.79904
	16.31638	46.79904
	16.31644	46.79903
	16.31645	46.79905
	16.31646	46.79906
	16.31644	46.79908
	16.31652	46.79914
	16.31657	46.79919
	16.31644	46.7994
	16.31634	46.79945
	16.31641	46.79953
	16.31649	46.79957
	16.3166	46.79963
	16.31662	46.79962
	16.31668	46.7996
	16.31675	46.79964
	16.3168	46.79962
	16.31689	46.79966
	16.31706	46.79966
	16.31707	46.79967
	16.31708	46.79969
	16.31721	46.79969
	16.3172	46.79974
	16.31724	46.79987
	16.31726	46.79991
	16.31727	46.79995
	16.31725	46.80002
	16.31724	46.80004
	16.31732	46.80008
	16.31738	46.80014
	16.31742	46.80019
	16.31755	46.8002
	16.31761	46.80022
	16.31769	46.80027
	16.3177	46.80027
	16.31777	46.80039
	16.3178	46.80046
	16.31774	46.80049
	16.31773	46.80052
	16.31786	46.80064
	16.31799	46.80055
	16.31834	46.8005
	16.31978	46.80035
	16.32022	46.80044
	16.32036	46.80047
	16.32119	46.80061
	16.32147	46.80071
	16.32174	46.80076
	16.32178	46.80077
	16.32272	46.80106
	16.32286	46.80111
	16.32294	46.80114
	16.32344	46.8012
	16.32358	46.80119
	16.3238	46.80117
	16.32441	46.80118
	16.32462	46.80119
	16.32491	46.80119
	16.32565	46.80122
	16.32608	46.80145
	16.32661	46.80166
	16.32668	46.8017
	16.32707	46.80188
	16.32765	46.80214
	16.32846	46.80197
	16.32915	46.80169
	16.32991	46.80171
	16.33058	46.80171
	16.33088	46.80181
	16.33121	46.8018
	16.33132	46.8018
	16.33141	46.80181
	16.33163	46.80182
	16.33235	46.80197
	16.33253	46.802
	16.33266	46.802
	16.33337	46.80203
	16.33368	46.80204
	16.33399	46.80206
	16.33435	46.80231
	16.33472	46.80256
	16.33491	46.80275
	16.33509	46.80279
	16.33517	46.8028
	16.3352	46.80281
	16.33531	46.80284
	16.33581	46.80298
	16.33624	46.80311
	16.33679	46.8032
	16.33702	46.80324
	16.33715	46.80326
	16.33746	46.80329
	16.33795	46.80333
	16.3382	46.80337
	16.33895	46.80357
	16.33894	46.8038
	16.33904	46.80381
	16.33979	46.80396
	16.33988	46.80398
	16.33989	46.80398
	16.34012	46.80435
	16.34012	46.80436
	16.34013	46.80438
	16.34044	46.80487
	16.34064	46.80519
	16.34081	46.80581
	16.34084	46.80596
	16.34086	46.80606
	16.34086	46.80608
	16.34084	46.80617
	16.34066	46.80702
	16.34064	46.80719
	16.34063	46.8072
	16.34071	46.80806
	16.34064	46.80865
	16.34056	46.80888
	16.34056	46.80902
	16.34056	46.80908
	16.34063	46.80929
	16.34066	46.80937
	16.34069	46.80946
	16.34083	46.80979
	16.34088	46.80991
	16.34099	46.81027
	16.34111	46.81034
	16.3412	46.81039
	16.34132	46.81078
	16.34134	46.81085
	16.34135	46.81093
	16.34136	46.81115
	16.34136	46.81158
	16.34135	46.81209
	16.34135	46.81227
	16.34137	46.81276
	16.34136	46.81291
	16.34137	46.8136
	16.34074	46.8138
	16.34048	46.81387
	16.34042	46.81389
	16.34038	46.81391
	16.34036	46.81394
	16.34033	46.81405
	16.34036	46.81414
	16.34046	46.81417
	16.34051	46.81416
	16.34056	46.81416
	16.34052	46.81432
	16.3406	46.8145
	16.34061	46.81452
	16.34054	46.81454
	16.34037	46.81448
	16.34029	46.81449
	16.34023	46.8145
	16.34019	46.81452
	16.34017	46.81453
	16.34016	46.81456
	16.34014	46.81462
	16.3401	46.81466
	16.33995	46.81472
	16.33995	46.81476
	16.33994	46.81486
	16.33993	46.81496
	16.34011	46.81592
	16.34017	46.81627
	16.34015	46.81635
	16.34018	46.81639
	16.3402	46.81643
	16.3402	46.8166
	16.34019	46.81664
	16.34024	46.81673
	16.34025	46.81675
	16.34025	46.81676
	16.34026	46.81687
	16.34027	46.81693
	16.34031	46.81706
	16.34032	46.81718
	16.34041	46.81791
	16.34044	46.818
	16.34054	46.81825
	16.34055	46.81835
	16.34056	46.81848
	16.34055	46.81849
	16.3405	46.81853
	16.3405	46.8187
	16.34054	46.81902
	16.34056	46.81925
	16.3406	46.81938
	16.34065	46.81957
	16.34066	46.81964
	16.34064	46.81979
	16.34063	46.81989
	16.3406	46.82004
	16.3406	46.82006
	16.34043	46.82101
	16.3403	46.82181
	16.34191	46.82197
	16.34217	46.82198
	16.34339	46.82194
	16.34373	46.8219
	16.34374	46.82194
	16.34376	46.822
	16.34375	46.82239
	16.34372	46.82252
	16.3437	46.82262
	16.3437	46.82272
	16.34357	46.82352
	16.34353	46.82391
	16.34354	46.82401
	16.34354	46.82403
	16.34353	46.82433
	16.34396	46.8256
	16.3441	46.82604
	16.34424	46.82656
	16.34426	46.82661
	16.34439	46.82714
	16.34455	46.82787
	16.34466	46.82838
	16.34473	46.82882
	16.34479	46.82922
	16.34469	46.82947
	16.34462	46.82965
	16.34461	46.82968
	16.3446	46.82972
	16.34717	46.82977
	16.34803	46.82978
	16.34852	46.82979
	16.35047	46.82982
	16.35062	46.82982
	16.35074	46.82992
	16.35079	46.82995
	16.3508	46.82996
	16.35084	46.83006
	16.35058	46.83027
	16.35057	46.83042
	16.35057	46.83046
	16.35064	46.83063
	16.35064	46.83065
	16.3506	46.83068
	16.35056	46.83071
	16.35056	46.83075
	16.35061	46.8308
	16.35072	46.83079
	16.35071	46.83083
	16.35068	46.83091
	16.35066	46.83105
	16.35064	46.83104
	16.35063	46.83104
	16.35056	46.83105
	16.35052	46.83112
	16.35048	46.83118
	16.35047	46.83123
	16.35046	46.83127
	16.35051	46.83133
	16.35051	46.83142
	16.35045	46.83152
	16.35043	46.83155
	16.3505	46.8316
	16.35051	46.8316
	16.35054	46.83162
	16.35051	46.8317
	16.35054	46.83175
	16.35054	46.83176
	16.35053	46.83177
	16.3505	46.83181
	16.3504	46.83183
	16.35038	46.83185
	16.35036	46.83188
	16.3504	46.83195
	16.35041	46.83198
	16.35042	46.83198
	16.35044	46.83207
	16.3504	46.83212
	16.35037	46.83222
	16.35041	46.83227
	16.35053	46.83234
	16.35054	46.83237
	16.35055	46.83239
	16.35038	46.83252
	16.35032	46.83254
	16.35026	46.83258
	16.35028	46.83266
	16.35028	46.83267
	16.3503	46.83269
	16.35026	46.83271
	16.35016	46.83275
	16.35014	46.83279
	16.35017	46.83285
	16.35019	46.8329
	16.35017	46.83295
	16.35016	46.83298
	16.35006	46.83307
	16.35004	46.83314
	16.34997	46.83321
	16.34995	46.83322
	16.34993	46.83323
	16.35003	46.83334
	16.35003	46.83338
	16.35002	46.8334
	16.34995	46.83347
	16.34986	46.83353
	16.34979	46.83356
	16.34978	46.83356
	16.34978	46.83363
	16.34978	46.83365
	16.34964	46.83376
	16.34958	46.83379
	16.34961	46.83381
	16.34961	46.83382
	16.34961	46.83383
	16.34957	46.83392
	16.34962	46.83405
	16.34962	46.83408
	16.3495	46.83406
	16.34949	46.83407
	16.34941	46.83409
	16.34935	46.83412
	16.34922	46.83422
	16.34918	46.83426
	16.34911	46.8343
	16.34915	46.83432
	16.34918	46.83439
	16.34919	46.83441
	16.3491	46.83455
	16.34908	46.83458
	16.34903	46.83466
	16.34897	46.83475
	16.34886	46.83477
	16.34885	46.83478
	16.34885	46.8348
	16.34884	46.83482
	16.34884	46.83483
	16.34889	46.83488
	16.34877	46.83492
	16.34873	46.83492
	16.34873	46.83493
	16.34874	46.83494
	16.34875	46.83495
	16.34885	46.83502
	16.34884	46.83503
	16.34877	46.83504
	16.34872	46.83504
	16.34866	46.83508
	16.34861	46.83523
	16.3486	46.83526
	16.34861	46.83528
	16.34863	46.83532
	16.34863	46.83533
	16.3485	46.83536
	16.34849	46.83542
	16.34847	46.83548
	16.34845	46.83549
	16.34842	46.83547
	16.34841	46.83546
	16.34836	46.83544
	16.34831	46.83548
	16.3482	46.83558
	16.34821	46.83564
	16.34826	46.83568
	16.34832	46.83572
	16.3484	46.83574
	16.34841	46.8358
	16.34836	46.83582
	16.34836	46.83583
	16.34831	46.83581
	16.3483	46.83581
	16.34831	46.83586
	16.34832	46.83588
	16.34838	46.83595
	16.34843	46.83608
	16.34844	46.83614
	16.34836	46.83629
	16.34806	46.8365
	16.34806	46.83651
	16.34806	46.83653
	16.34815	46.83655
	16.34815	46.83661
	16.3481	46.83664
	16.34807	46.8367
	16.34811	46.83671
	16.34813	46.83672
	16.34813	46.83677
	16.34811	46.83678
	16.3481	46.8368
	16.34809	46.83681
	16.34809	46.83683
	16.3481	46.83685
	16.34811	46.83688
	16.34813	46.83689
	16.34814	46.83689
	16.3481	46.83694
	16.34808	46.83695
	16.34805	46.83697
	16.34806	46.83701
	16.34801	46.83707
	16.34803	46.83709
	16.34809	46.83714
	16.34813	46.83717
	16.34817	46.8372
	16.34815	46.83725
	16.34814	46.83728
	16.34816	46.83736
	16.34827	46.83738
	16.34824	46.83746
	16.34826	46.8375
	16.34837	46.83749
	16.34839	46.8375
	16.34845	46.83754
	16.3484	46.8376
	16.34836	46.83765
	16.3483	46.83766
	16.34828	46.83768
	16.34828	46.83774
	16.34829	46.83784
	16.34827	46.8379
	16.34827	46.83805
	16.3484	46.83812
	16.34843	46.83814
	16.34844	46.83815
	16.34842	46.83819
	16.34837	46.83826
	16.34837	46.83827
	16.34835	46.83831
	16.34836	46.83833
	16.34827	46.8384
	16.34829	46.83859
	16.34827	46.83862
	16.34822	46.83868
	16.34823	46.83872
	16.34822	46.83873
	16.34816	46.83878
	16.34817	46.83893
	16.34822	46.83902
	16.34814	46.8391
	16.34812	46.83912
	16.34813	46.8392
	16.34814	46.83922
	16.34815	46.83925
	16.34809	46.83931
	16.34808	46.83943
	16.34807	46.83945
	16.34804	46.83952
	16.34799	46.83974
	16.34799	46.83976
	16.34799	46.83979
	16.34804	46.83982
	16.34799	46.83991
	16.34799	46.83994
	16.34798	46.83997
	16.34798	46.84
	16.34798	46.84002
	16.34795	46.84006
	16.34791	46.8402
	16.3479	46.84023
	16.34788	46.84034
	16.34784	46.84041
	16.34782	46.84045
	16.34781	46.84048
	16.34782	46.84052
	16.34777	46.84058
	16.34773	46.84068
	16.34772	46.84071
	16.3477	46.84072
	16.34756	46.84079
	16.34753	46.84083
	16.34745	46.84098
	16.3474	46.84101
	16.34711	46.841
	16.3471	46.84103
	16.34708	46.84105
	16.34711	46.84107
	16.34704	46.84113
	16.34687	46.84123
	16.34685	46.84129
	16.34674	46.84132
	16.34672	46.84134
	16.34662	46.84144
	16.3464	46.84148
	16.34629	46.84153
	16.34617	46.84155
	16.34613	46.84152
	16.34609	46.84158
	16.34608	46.84159
	16.34607	46.84159
	16.34603	46.84161
	16.34599	46.84159
	16.34599	46.8416
	16.34588	46.84169
	16.34583	46.84171
	16.34574	46.84174
	16.34395	46.84251
	16.34322	46.84323
	16.34208	46.84289
	16.34117	46.84261
	16.34078	46.8428
	16.34065	46.84287
	16.34062	46.84287
	16.33912	46.84309
	16.33929	46.84336
	16.33971	46.84403
	16.34051	46.84518
	16.34051	46.84528
	16.34052	46.84633
	16.34033	46.84688
	16.3402	46.84681
	16.34009	46.84671
	16.33991	46.84669
	16.33986	46.84668
	16.33986	46.84667
	16.33983	46.84661
	16.33982	46.84659
	16.3398	46.84652
	16.3397	46.84646
	16.33966	46.84643
	16.33892	46.8465
	16.33836	46.84655
	16.33807	46.8465
	16.33774	46.84642
	16.33759	46.84638
	16.33751	46.84639
	16.33749	46.84638
	16.33746	46.84638
	16.33741	46.84642
	16.33726	46.84638
	16.33711	46.84644
	16.33709	46.84646
	16.33708	46.84647
	16.33704	46.84649
	16.33696	46.84653
	16.33678	46.84657
	16.33676	46.84657
	16.3367	46.84653
	16.33661	46.8465
	16.33648	46.84657
	16.33645	46.84657
	16.33633	46.84649
	16.33609	46.84653
	16.33606	46.84661
	16.33596	46.84666
	16.33596	46.84667
	16.3359	46.84668
	16.33582	46.84671
	16.33578	46.84672
	16.33573	46.84672
	16.3355	46.84662
	16.33534	46.84653
	16.33531	46.84651
	16.33528	46.84649
	16.33526	46.84646
	16.33524	46.84644
	16.33522	46.84641
	16.33515	46.84642
	16.33511	46.84643
	16.33502	46.84651
	16.335	46.84653
	16.33492	46.84644
	16.3349	46.84636
	16.33475	46.84622
	16.33472	46.84619
	16.33447	46.84616
	16.33434	46.84615
	16.33423	46.84613
	16.33417	46.84612
	16.33414	46.84614
	16.33412	46.84614
	16.33399	46.84614
	16.33338	46.84608
	16.33325	46.84601
	16.3332	46.84601
	16.3331	46.84601
	16.33309	46.84595
	16.33295	46.84596
	16.33286	46.84583
	16.33281	46.84566
	16.33275	46.84552
	16.33254	46.84547
	16.33252	46.84546
	16.33239	46.84545
	16.33237	46.84546
	16.33228	46.84548
	16.33214	46.84549
	16.33194	46.84557
	16.33193	46.84557
	16.33192	46.84557
	16.33188	46.84556
	16.33179	46.84553
	16.33169	46.84559
	16.33167	46.8456
	16.33166	46.84559
	16.33164	46.84558
	16.33149	46.84551
	16.33136	46.84544
	16.33098	46.84524
	16.33051	46.84499
	16.33002	46.84478
	16.32991	46.84474
	16.32977	46.8447
	16.32963	46.84466
	16.32956	46.84464
	16.32947	46.84495
	16.32942	46.84513
	16.3294	46.84523
	16.32935	46.8453
	16.32933	46.84538
	16.32932	46.84539
	16.32929	46.84548
	16.32927	46.8456
	16.32924	46.84569
	16.32922	46.84573
	16.32919	46.8458
	16.32917	46.84584
	16.32909	46.84601
	16.32907	46.84605
	16.32905	46.84608
	16.32898	46.84615
	16.32895	46.84619
	16.32861	46.84651
	16.32849	46.84664
	16.32848	46.84664
	16.32831	46.84684
	16.32821	46.847
	16.32809	46.84719
	16.32797	46.84734
	16.32783	46.84749
	16.3278	46.84749
	16.32771	46.84749
	16.32758	46.84752
	16.32742	46.84759
	16.3274	46.8476
	16.32731	46.8476
	16.32728	46.8476
	16.32709	46.8476
	16.32702	46.84765
	16.32699	46.84767
	16.32675	46.84777
	16.32648	46.84789
	16.32652	46.84802
	16.32642	46.84811
	16.32635	46.84817
	16.32638	46.84826
	16.32626	46.84834
	16.32613	46.84842
	16.3261	46.84845
	16.32607	46.84847
	16.32606	46.84851
	16.32605	46.84854
	16.3259	46.84856
	16.32583	46.84863
	16.32582	46.84864
	16.3258	46.84866
	16.32568	46.84884
	16.32556	46.84903
	16.32554	46.84907
	16.32553	46.84909
	16.32549	46.84913
	16.32542	46.84922
	16.32535	46.8493
	16.32523	46.84941
	16.32507	46.84955
	16.32492	46.84966
	16.32453	46.84996
	16.32447	46.85002
	16.32438	46.85005
	16.32409	46.8501
	16.32386	46.85022
	16.32372	46.85033
	16.32364	46.85041
	16.32354	46.85049
	16.3234	46.85054
	16.32325	46.85059
	16.32317	46.85063
	16.32306	46.85068
	16.32292	46.85074
	16.32272	46.85082
	16.32257	46.85086
	16.32255	46.85087
	16.32241	46.85094
	16.32236	46.85099
	16.32235	46.85101
	16.32235	46.85104
	16.32229	46.85108
	16.32228	46.85116
	16.32226	46.85121
	16.32223	46.85122
	16.32221	46.85123
	16.32206	46.85127
	16.32185	46.85133
	16.32177	46.85134
	16.32174	46.85137
	16.32161	46.8515
	16.32143	46.85167
	16.32138	46.85172
	16.32137	46.85175
	16.3213	46.85186
	16.32128	46.85191
	16.32129	46.85199
	16.32118	46.85207
	16.32116	46.85208
	16.3211	46.85214
	16.32109	46.85215
	16.32107	46.85219
	16.32098	46.85225
	16.32091	46.85227
	16.3209	46.85228
	16.32087	46.85233
	16.3208	46.85237
	16.32076	46.85244
	16.32074	46.85247
	16.32073	46.85248
	16.3206	46.85258
	16.32048	46.85272
	16.32038	46.85287
	16.32031	46.85302
	16.32029	46.85304
	16.32017	46.85342
	16.32009	46.85362
	16.32005	46.85371
	16.31996	46.85395
	16.31992	46.85403
	16.31977	46.85437
	16.31974	46.85442
	16.31968	46.8545
	16.31964	46.85459
	16.31956	46.8547
	16.31956	46.85472
	16.31949	46.85486
	16.31945	46.85497
	16.3194	46.8551
	16.31933	46.85526
	16.31928	46.85535
	16.31923	46.85546
	16.31918	46.85561
	16.31916	46.85565
	16.31914	46.85573
	16.31902	46.85587
	16.31901	46.85588
	16.31889	46.856
	16.31877	46.85611
	16.31859	46.85623
	16.31821	46.85639
	16.31786	46.85647
	16.31776	46.85649
	16.31763	46.85652
	16.31745	46.85655
	16.31712	46.85662
	16.31711	46.85673
	16.3171	46.85675
	16.31686	46.85675
	16.31676	46.85675
	16.31642	46.85673
	16.31613	46.85669
	16.31608	46.85668
	16.31568	46.8566
	16.31523	46.85653
	16.31522	46.85653
	16.31474	46.85648
	16.31435	46.85642
	16.31436	46.85636
	16.31439	46.85624
	16.31437	46.85624
	16.31434	46.85624
	16.31343	46.85627
	16.31313	46.85627
	16.31044	46.85637
	16.30996	46.85639
	16.30966	46.85641
	16.3095	46.8564
	16.30853	46.85639
	16.30772	46.85658
	16.30764	46.8566
	16.30787	46.85686
	16.30826	46.85729
	16.30829	46.85729
	16.30833	46.8573
	16.30846	46.85806
	16.30855	46.85827
	16.30866	46.85853
	16.3087	46.85862
	16.30871	46.85866
	16.30865	46.85941
	16.30845	46.85941
	16.30735	46.85944
	16.30655	46.85948
	16.30561	46.8595
	16.30565	46.85987
	16.30396	46.8598
	16.30314	46.8596
	16.3015	46.85951
	16.30149	46.85966
	16.30148	46.85971
	16.30147	46.85981
	16.30141	46.85996
	16.30134	46.86002
	16.30132	46.86011
	16.30131	46.86013
	16.30126	46.86022
	16.30113	46.86035
	16.30103	46.86049
	16.30091	46.86066
	16.30076	46.86076
	16.30069	46.8608
	16.30065	46.86081
	16.30056	46.86084
	16.30054	46.86088
	16.30039	46.8611
	16.30034	46.8612
	16.30034	46.86121
	16.30016	46.8614
	16.30013	46.86142
	16.30009	46.86144
	16.30002	46.8615
	16.29997	46.86158
	16.29991	46.86166
	16.29979	46.86169
	16.29965	46.86181
	16.29962	46.86183
	16.29955	46.86197
	16.29946	46.8622
	16.29954	46.8622
	16.29962	46.86219
	16.29963	46.86242
	16.29964	46.86244
	16.29969	46.86255
	16.29958	46.86288
	16.29955	46.86295
	16.29887	46.86279
	16.29863	46.86271
	16.29813	46.86261
	16.29808	46.86343
	16.29805	46.86381
	16.29804	46.8643
	16.29802	46.86496
	16.29799	46.86504
	16.29788	46.86534
	16.2977	46.86573
	16.29769	46.86585
	16.29768	46.8663
	16.29763	46.86633
	16.2975	46.8664
	16.29736	46.86652
	16.29724	46.86664
	16.2972	46.86668
	16.29715	46.86676
	16.29704	46.86693
	16.29678	46.86724
	16.29668	46.86736
	16.2966	46.86746
	16.29639	46.86764
	16.29629	46.86776
	16.29617	46.86789
	16.29606	46.86804
	16.29599	46.86812
	16.2959	46.86826
	16.29585	46.86833
	16.29578	46.86851
	16.29572	46.86865
	16.29564	46.8688
	16.29561	46.86888
	16.29558	46.86895
	16.29553	46.86911
	16.29554	46.86924
	16.29552	46.86953
	16.29548	46.86967
	16.29546	46.86971
	16.29538	46.86992
	16.29533	46.87005
	16.29518	46.87038
	16.29512	46.87049
	16.29501	46.87064
	16.29481	46.87091
	16.29475	46.87097
	16.29471	46.87101
	16.29456	46.87112
	16.29443	46.87118
	16.29416	46.8713
	16.29391	46.87138
	16.2938	46.87141
	16.29365	46.87146
	16.29349	46.87157
	16.29344	46.8716
	16.29338	46.87164
	16.29306	46.87177
	16.29298	46.8718
	16.29286	46.87185
	16.29264	46.8719
	16.29234	46.87199
	16.29208	46.87211
	16.29193	46.87219
	16.29179	46.87231
	16.29169	46.87239
	16.29166	46.87244
	16.29165	46.87246
	16.29161	46.87251
	16.29153	46.8726
	16.29149	46.87273
	16.29147	46.87276
	16.29139	46.87283
	16.2913	46.87284
	16.29123	46.87284
	16.291	46.87285
	16.29054	46.8729
	16.29052	46.8729
	16.29045	46.8729
	16.29026	46.8729
	16.2896	46.87282
	16.28937	46.8728
	16.2893	46.8728
	16.28904	46.87279
	16.28841	46.87279
	16.28813	46.87279
	16.28794	46.8728
	16.28786	46.8728
	16.28762	46.87278
	16.28707	46.87276
	16.2866	46.87273
	16.28616	46.87271
	16.28609	46.8727
	16.28604	46.8727
	16.2859	46.87272
	16.28584	46.87273
	16.28545	46.87279
	16.28509	46.87274
	16.28506	46.87273
	16.28457	46.87261
	16.28421	46.87249
	16.28339	46.87237
	16.28312	46.87235
	16.28299	46.87234
	16.28271	46.87233
	16.28233	46.87236
	16.28206	46.87238
	16.28197	46.87239
	16.28155	46.87251
	16.28139	46.87256
	16.28138	46.87256
	16.28124	46.87258
	16.28058	46.87253
	16.27982	46.8724
	16.27961	46.87235
	16.27945	46.87228
	16.27937	46.87225
	16.27927	46.87223
	16.27889	46.87213
	16.27888	46.87213
	16.27871	46.8721
	16.27841	46.87202
	16.27816	46.87197
	16.27797	46.87193
	16.27777	46.87191
	16.27684	46.8718
	16.27657	46.87183
	16.27646	46.87185
	16.27624	46.87192
	16.27595	46.87201
	16.27574	46.87208
	16.27571	46.87209
	16.27524	46.8722
	16.27518	46.87221
	16.275	46.87225
	16.27471	46.87228
	16.27445	46.8723
	16.27422	46.8723
	16.27385	46.87231
	16.27365	46.87231
	16.27326	46.87231
	16.2729	46.87231
	16.27263	46.87236
	16.27261	46.87236
	16.2721	46.87241
	16.27186	46.87242
	16.27128	46.87242
	16.27125	46.87242
	16.27076	46.87245
	16.27067	46.87244
	16.27043	46.87241
	16.27021	46.87237
	16.26992	46.8723
	16.26986	46.87228
	16.26978	46.87223
	16.26972	46.8722
	16.26948	46.87208
	16.26932	46.87205
	16.26927	46.87204
	16.26906	46.872
	16.26898	46.87199
	16.26884	46.87199
	16.26859	46.87201
	16.26847	46.87201
	16.26838	46.87201
	16.26831	46.872
	16.26826	46.87199
	16.26813	46.87197
	16.26798	46.87194
	16.26746	46.87182
	16.26706	46.87176
	16.26652	46.87175
	16.26584	46.8718
	16.2653	46.87183
	16.26472	46.87189
	16.26444	46.87193
	16.26431	46.87194
	16.26412	46.87199
	16.26353	46.87213
	16.2632	46.87219
	16.26303	46.87223
	16.26285	46.87223
	16.26257	46.87224
	16.26243	46.87227
	16.26187	46.87237
	16.26148	46.87243
	16.26033	46.87439
	16.25999	46.87448
	16.25982	46.87451
	16.25943	46.87458
	16.25907	46.87466
	16.25756	46.87506
	16.2575	46.87508
	16.25746	46.87509
	16.25697	46.87523
	16.2545	46.87385
	16.25451	46.87383
	16.25442	46.87386
	16.25419	46.87393
	16.25397	46.87395
	16.25382	46.87397
	16.25348	46.87405
	16.25315	46.87409
	16.2529	46.87413
	16.25263	46.87418
	16.25215	46.87434
	16.25211	46.87435
	16.25192	46.8744
	16.2518	46.87443
	16.25166	46.87443
	16.25153	46.87443
	16.25135	46.87442
	16.25099	46.87438
	16.25062	46.87434
	16.25059	46.87433
	16.2502	46.87431
	16.24987	46.87431
	16.24974	46.8743
	16.24948	46.87429
	16.24884	46.87429
	16.24882	46.87429
	16.24837	46.87426
	16.24833	46.87427
	16.2483	46.87428
	16.24793	46.87428
	16.24758	46.87431
	16.24757	46.87431
	16.24713	46.87437
	16.24676	46.8744
	16.24619	46.87447
	16.24601	46.8745
	16.24594	46.87452
	16.24587	46.87454
	16.24577	46.87458
	16.2455	46.87468
	16.24532	46.87479
	16.24527	46.87482
	16.24518	46.87488
	16.24492	46.87505
	16.24457	46.8752
	16.24444	46.87525
	16.24431	46.87529
	16.24399	46.87541
	16.24384	46.87545
	16.24376	46.87548
	16.24354	46.87557
	16.24318	46.87575
	16.24266	46.87604
	16.24265	46.87604
	16.24244	46.87617
	16.24235	46.87621
	16.24229	46.87624
	16.24211	46.87627
	16.24203	46.87628
	16.24173	46.87631
	16.2413	46.87634
	16.24126	46.87634
	16.24119	46.87634
	16.24072	46.87632
	16.24041	46.87632
	16.24008	46.87634
	16.23958	46.87638
	16.23886	46.8764
	16.2384	46.87635
	16.23814	46.87635
	16.2379	46.87636
	16.23738	46.87634
	16.23732	46.87634
	16.23697	46.87633
	16.23686	46.87631
	16.23683	46.87631
	16.23664	46.87627
	16.23647	46.87625
	16.23641	46.87624
	16.23631	46.87623
	16.23611	46.87621
	16.23595	46.87622
	16.23586	46.87623
	16.2358	46.87624
	16.23568	46.87626
	16.23545	46.87629
	16.23511	46.87631
	16.23486	46.87636
	16.23457	46.87642
	16.23394	46.8766
	16.23362	46.87667
	16.23349	46.87668
	16.23323	46.87667
	16.23304	46.87664
	16.23289	46.87659
	16.23283	46.87658
	16.2327	46.87653
	16.23258	46.87647
	16.23231	46.8763
	16.23224	46.87626
	16.23196	46.87614
	16.23194	46.87613
	16.23185	46.8761
	16.23162	46.87602
	16.23137	46.87595
	16.23122	46.87589
	16.23116	46.87586
	16.2307	46.87549
	16.23059	46.87539
	16.23057	46.87537
	16.23045	46.87525
	16.23036	46.87515
	16.23035	46.87514
	16.23034	46.87513
	16.23013	46.87496
	16.22989	46.87479
	16.22988	46.87478
	16.22972	46.87468
	16.22958	46.87459
	16.22947	46.87452
	16.22934	46.87444
	16.2293	46.87442
	16.22927	46.8744
	16.22902	46.87429
	16.22875	46.87415
	16.22869	46.87411
	16.22856	46.87403
	16.22851	46.874
	16.22843	46.87396
	16.22822	46.87382
	16.22796	46.87363
	16.22785	46.87355
	16.22771	46.87344
	16.2277	46.87341
	16.22768	46.87337
	16.22762	46.87325
	16.22759	46.87319
	16.22754	46.87307
	16.22748	46.87296
	16.22746	46.87297
	16.22733	46.87306
	16.22721	46.87314
	16.22704	46.87324
	16.22686	46.87333
	16.22666	46.87343
	16.22653	46.87349
	16.22636	46.87359
	16.2262	46.87367
	16.22587	46.87382
	16.22579	46.87385
	16.22501	46.87345
	16.22416	46.87368
	16.22391	46.87354
	16.22366	46.8734
	16.22353	46.87335
	16.22338	46.87329
	16.22337	46.87329
	16.22321	46.87323
	16.22302	46.87315
	16.22245	46.87294
	16.22237	46.87291
	16.2221	46.87279
	16.22209	46.87279
	16.2218	46.87266
	16.22178	46.87265
	16.22112	46.87236
	16.22098	46.87229
	16.22075	46.87216
	16.2206	46.87212
	16.22006	46.87184
	16.21987	46.87171
	16.21973	46.87166
	16.21972	46.87166
	16.21954	46.87165
	16.21948	46.87164
	16.21931	46.87162
	16.21918	46.87161
	16.21909	46.87161
	16.21895	46.87161
	16.21878	46.8716
	16.21865	46.87159
	16.21817	46.87154
	16.21777	46.87149
	16.21759	46.87147
	16.21741	46.87143
	16.2173	46.8714
	16.2171	46.87135
	16.21694	46.8713
	16.21645	46.87113
	16.21639	46.87111
	16.21623	46.87105
	16.21609	46.87099
	16.21571	46.87081
	16.21548	46.87067
	16.21525	46.87052
	16.21509	46.8704
	16.21496	46.8703
	16.2148	46.86871
	16.21417	46.86888
	16.2139	46.86894
	16.21369	46.869
	16.21337	46.86908
	16.21314	46.86915
	16.21275	46.86929
	16.21269	46.86932
	16.21268	46.86932
	16.21257	46.86935
	16.21254	46.86935
	16.2122	46.86939
	16.21191	46.86944
	16.2119	46.86944
	16.21173	46.86947
	16.2113	46.86955
	16.21106	46.86956
	16.21088	46.86957
	16.21084	46.86957
	16.21075	46.86957
	16.21045	46.86957
	16.21031	46.86956
	16.21006	46.86956
	16.20981	46.86957
	16.20971	46.86959
	16.20966	46.8696
	16.20961	46.8696
	16.2096	46.86961
	16.20945	46.86963
	16.2094	46.86966
	16.20937	46.86968
	16.20935	46.86968
	16.20931	46.86971
	16.20926	46.86971
	16.20924	46.86971
	16.20913	46.86971
	16.20909	46.8697
	16.20891	46.86968
	16.20845	46.86959
	16.20805	46.86953
	16.2077	46.86949
	16.20759	46.86949
	16.20752	46.86949
	16.20743	46.8695
	16.20718	46.8695
	16.20691	46.86951
	16.20665	46.86946
	16.20657	46.86944
	16.20641	46.86941
	16.20624	46.86938
	16.20616	46.86936
	16.2061	46.86935
	16.20603	46.86934
	16.20583	46.86932
	16.20565	46.86932
	16.20556	46.86931
	16.20522	46.86931
	16.205	46.86932
	16.20448	46.86933
	16.204	46.86932
	16.20392	46.86932
	16.20369	46.8693
	16.20354	46.86927
	16.20344	46.86924
	16.20326	46.86912
	16.20308	46.86904
	16.20278	46.86892
	16.2024	46.86883
	16.20235	46.86882
	16.20224	46.86879
	16.2021	46.86875
	16.2018	46.86866
	16.20132	46.86845
	16.20113	46.86837
	16.20106	46.86834
	16.20099	46.86831
	16.20094	46.86829
	16.20037	46.86814
	16.20021	46.86808
	16.19984	46.86796
	16.19975	46.86792
	16.19968	46.86788
	16.19937	46.86779
	16.19906	46.8677
	16.19891	46.86766
	16.19863	46.86757
	16.19854	46.86752
	16.19844	46.86747
	16.19835	46.86739
	16.19834	46.86738
	16.1983	46.86733
	16.19823	46.86722
	16.19818	46.86719
	16.19794	46.86706
	16.19774	46.86696
	16.19767	46.86695
	16.19741	46.86691
	16.19728	46.86688
	16.1972	46.86687
	16.19701	46.86683
	16.19654	46.86675
	16.19583	46.86676
	16.19512	46.86673
	16.1951	46.86673
	16.19508	46.86673
	16.19468	46.86669
	16.19453	46.86672
	16.19429	46.86675
	16.19418	46.86673
	16.19413	46.86672
	16.19388	46.86666
	16.19344	46.86657
	16.19322	46.86654
	16.19285	46.86649
	16.19277	46.86647
	16.19269	46.86646
	16.19241	46.86644
	16.19225	46.86642
	16.19187	46.86646
	16.19147	46.86647
	16.19115	46.86649
	16.19103	46.8665
	16.19059	46.86651
	16.19057	46.86651
	16.19055	46.86652
	16.19027	46.86653
	16.18951	46.86651
	16.18909	46.86644
	16.18868	46.86635
	16.18836	46.86627
	16.18811	46.86621
	16.18753	46.86607
	16.18743	46.86603
	16.18741	46.86603
	16.18717	46.86599
	16.18686	46.86596
	16.18638	46.86589
	16.18596	46.86585
	16.18593	46.86584
	16.18591	46.86584
	16.18572	46.86578
	16.18556	46.86574
	16.18539	46.86565
	16.18489	46.86533
	16.18474	46.86525
	16.18448	46.8651
	16.18441	46.86507
	16.18424	46.86498
	16.18414	46.86492
	16.18397	46.86481
	16.18382	46.86476
	16.1838	46.86475
	16.18356	46.86465
	16.18353	46.86463
	16.18352	46.86187
	16.1835	46.86185
	16.18345	46.86178
	16.18339	46.8617
	16.18332	46.8616
	16.18326	46.86152
	16.18313	46.86136
	16.18291	46.86113
	16.18281	46.86105
	16.18278	46.86101
	16.18271	46.86092
	16.18257	46.86075
	16.18256	46.86074
	16.18255	46.86073
	16.18248	46.86062
	16.18235	46.86071
	16.18034	46.85928
	16.17988	46.85993
	16.17977	46.85983
	16.1795	46.85963
	16.17928	46.85947
	16.17923	46.85939
	16.17903	46.85926
	16.17893	46.85918
	16.17886	46.85912
	16.1788	46.85907
	16.17875	46.85901
	16.17865	46.8589
	16.1786	46.85884
	16.17851	46.85873
	16.17845	46.85859
	16.17844	46.85858
	16.17841	46.85851
	16.17836	46.85846
	16.17806	46.85824
	16.1776	46.85792
	16.17703	46.85754
	16.17699	46.85751
	16.17688	46.85744
	16.17643	46.85732
	16.17602	46.85723
	16.17566	46.85714
	16.17554	46.85713
	16.17528	46.8571
	16.17517	46.85717
	16.1751	46.85721
	16.17434	46.85779
	16.17432	46.85781
	16.17403	46.85801
	16.1734	46.85827
	16.17324	46.85834
	16.1732	46.85835
	16.17308	46.8584
	16.17274	46.85847
	16.17246	46.85855
	16.17205	46.85867
	16.17202	46.85868
	16.17191	46.85872
	16.17183	46.85872
	16.17137	46.85876
	16.17116	46.85876
	16.17107	46.85876
	16.17101	46.85876
	16.17095	46.85877
	16.17083	46.85879
	16.17067	46.85882
	16.17048	46.85887
	16.17029	46.85896
	16.17026	46.85897
	16.16998	46.85904
	16.1698	46.85908
	16.16965	46.85912
	16.16932	46.85921
	16.16914	46.85926
	16.1688	46.85935
	16.16864	46.85942
	16.16813	46.85953
	16.16788	46.8596
	16.16783	46.85961
	16.1678	46.85962
	16.16775	46.85963
	16.16707	46.85974
	16.16685	46.85978
	16.16658	46.85985
	16.16622	46.85991
	16.16602	46.85992
	16.16587	46.85997
	16.16576	46.86001
	16.1656	46.86004
	16.16537	46.86008
	16.16526	46.86009
	16.16521	46.86007
	16.1652	46.86007
	16.16506	46.8599
	16.16504	46.85989
	16.16475	46.85964
	16.16471	46.85961
	16.16469	46.85959
	16.16461	46.85955
	16.16458	46.85953
	16.16456	46.85953
	16.16444	46.85949
	16.16437	46.85948
	16.16416	46.85946
	16.16412	46.85945
	16.16403	46.85943
	16.16369	46.85944
	16.16361	46.85944
	16.16349	46.85944
	16.16337	46.85943
	16.1631	46.85941
	16.16287	46.8594
	16.16264	46.8594
	16.16245	46.85936
	16.16226	46.85925
	16.16224	46.85917
	16.16223	46.85915
	16.1622	46.85911
	16.16212	46.85899
	16.1618	46.85864
	16.16178	46.85861
	16.16174	46.85857
	16.16168	46.8585
	16.16155	46.85835
	16.16137	46.85815
	16.16135	46.85813
	16.16134	46.85811
	16.16123	46.85797
	16.16113	46.85782
	16.16106	46.85771
	16.16092	46.85751
	16.1609	46.85749
	16.16073	46.85735
	16.16067	46.85729
	16.16062	46.85724
	16.16063	46.85723
	16.16065	46.85723
	16.16052	46.85704
	16.16044	46.85699
	16.16017	46.85679
	16.16007	46.85671
	16.15989	46.85654
	16.1595	46.85631
	16.15913	46.85609
	16.15912	46.8561
	16.15875	46.85586
	16.15854	46.85572
	16.15849	46.85569
	16.15816	46.8555
	16.15803	46.85538
	16.15802	46.85536
	16.15794	46.85521
	16.1579	46.85514
	16.15781	46.85498
	16.15772	46.85488
	16.15754	46.8548
	16.15736	46.85475
	16.15731	46.85473
	16.15727	46.85472
	16.1569	46.85442
	16.15684	46.85433
	16.15678	46.85423
	16.15673	46.85417
	16.15671	46.85416
	16.15663	46.85408
	16.15654	46.85399
	16.15647	46.85392
	16.15637	46.85385
	16.15629	46.85379
	16.15609	46.85371
	16.15606	46.85372
	16.15576	46.85385
	16.15532	46.85404
	16.15486	46.85418
	16.15428	46.85436
	16.15326	46.85469
	16.15311	46.85475
	16.15242	46.85499
	16.15172	46.85507
	16.15134	46.85523
	16.15127	46.85526
	16.1512	46.8553
	16.151	46.85544
	16.15056	46.85584
	16.15046	46.85605
	16.15026	46.85587
	16.15016	46.85578
	16.15011	46.85572
	16.14998	46.85561
	16.14995	46.85559
	16.14994	46.85559
	16.14982	46.85561
	16.1497	46.85561
	16.14949	46.85564
	16.14948	46.85564
	16.14947	46.85565
	16.14915	46.85568
	16.14911	46.85562
	16.14908	46.85559
	16.14905	46.85555
	16.14901	46.8555
	16.14888	46.85535
	16.14872	46.85521
	16.14865	46.85509
	16.14862	46.85504
	16.14854	46.85485
	16.14853	46.85478
	16.14851	46.85465
	16.14823	46.85464
	16.14755	46.85462
	16.14659	46.85471
	16.14633	46.85473
	16.14571	46.85479
	16.14559	46.85477
	16.14554	46.85476
	16.14548	46.85475
	16.14523	46.85473
	16.14522	46.85473
	16.14493	46.85473
	16.1446	46.8548
	16.14454	46.85482
	16.14451	46.85483
	16.14447	46.85483
	16.14407	46.85486
	16.14355	46.85489
	16.14313	46.85503
	16.1431	46.85504
	16.1424	46.85487
	16.14235	46.85487
	16.1422	46.85484
	16.14208	46.85482
	16.14202	46.85484
	16.14193	46.85487
	16.1418	46.85487
	16.1417	46.85492
	16.14162	46.85492
	16.14161	46.85492
	16.14157	46.85492
	16.14136	46.85494
	16.14121	46.85494
	16.14109	46.85494
	16.14103	46.85491
	16.14098	46.85489
	16.14092	46.85489
	16.14072	46.85489
	16.14059	46.85488
	16.14007	46.85485
	16.14002	46.85487
	16.13979	46.85497
	16.13963	46.85505
	16.13911	46.85528
	16.13879	46.85543
	16.13865	46.85552
	16.1386	46.85555
	16.13853	46.8556
	16.13834	46.85578
	16.13815	46.85593
	16.13803	46.85603
	16.138	46.85604
	16.13699	46.85649
	16.13687	46.85655
	16.13682	46.85651
	16.13677	46.85648
	16.1365	46.85643
	16.13614	46.85632
	16.13571	46.8562
	16.1356	46.85626
	16.13538	46.85624
	16.13521	46.85616
	16.13506	46.85616
	16.13502	46.85618
	16.135	46.85619
	16.13494	46.85618
	16.13486	46.85617
	16.13478	46.85612
	16.1347	46.85612
	16.13459	46.85612
	16.13458	46.85612
	16.13447	46.85604
	16.13421	46.85614
	16.13406	46.85622
	16.1338	46.85637
	16.13367	46.85636
	16.13356	46.85641
	16.1335	46.85644
	16.13341	46.85655
	16.13337	46.85661
	16.13331	46.85665
	16.13321	46.85666
	16.13314	46.85669
	16.13296	46.85678
	16.1328	46.8568
	16.13269	46.85682
	16.1326	46.85682
	16.13252	46.85681
	16.13249	46.85683
	16.13244	46.85686
	16.1324	46.85691
	16.1324	46.85692
	16.13238	46.85695
	16.13239	46.85697
	16.13239	46.857
	16.13225	46.85706
	16.13212	46.85716
	16.13206	46.85721
	16.13199	46.85722
	16.13174	46.85716
	16.13172	46.85715
	16.13171	46.85715
	16.13171	46.85712
	16.13165	46.85709
	16.13157	46.85704
	16.13151	46.857
	16.13132	46.85687
	16.13124	46.85685
	16.13118	46.85683
	16.13104	46.85681
	16.13096	46.8568
	16.13075	46.85677
	16.13054	46.85676
	16.13052	46.85676
	16.13048	46.85676
	16.13033	46.85677
	16.13024	46.85673
	16.12997	46.85667
	16.12984	46.85667
	16.12979	46.85668
	16.12974	46.85669
	16.12952	46.85669
	16.12946	46.8567
	16.12944	46.85671
	16.12926	46.85672
	16.12911	46.85672
	16.12905	46.85673
	16.12893	46.85676
	16.12883	46.85676
	16.12875	46.85676
	16.12856	46.85678
	16.1285	46.85677
	16.12825	46.85673
	16.12812	46.85674
	16.12793	46.85676
	16.1277	46.85679
	16.12757	46.85684
	16.12752	46.85688
	16.12719	46.85691
	16.12713	46.85691
	16.12702	46.85689
	16.12697	46.8569
	16.12689	46.85692
	16.12677	46.85693
	16.12657	46.85691
	16.12655	46.85702
	16.12659	46.85709
	16.12661	46.85714
	16.12659	46.85723
	16.12639	46.85744
	16.12639	46.85745
	16.1263	46.85764
	16.12626	46.85777
	16.12623	46.85787
	16.12621	46.85794
	16.12619	46.85801
	16.12618	46.85803
	16.12614	46.85809
	16.12613	46.85817
	16.12609	46.85822
	16.12606	46.85827
	16.12603	46.8583
	16.12599	46.85836
	16.12594	46.85843
	16.12588	46.85863
	16.12594	46.8588
	16.12598	46.8589
	16.12597	46.85893
	16.12585	46.85922
	16.12583	46.8593
	16.1258	46.85941
	16.12561	46.85954
	16.1252	46.86008
	16.12506	46.86036
	16.12498	46.86066
	16.12497	46.86068
	16.12496	46.86071
	16.12494	46.86079
	16.12489	46.86099
	16.12484	46.86118
	16.12484	46.86119
	16.12486	46.8613
	16.12481	46.86136
	16.1248	46.86138
	16.12479	46.86144
	16.12479	46.86151
	16.12477	46.8616
	16.12476	46.86164
	16.12475	46.86166
	16.12474	46.86167
	16.12469	46.8617
	16.12462	46.8617
	16.12455	46.86185
	16.12452	46.86191
	16.12458	46.86196
	16.12446	46.86201
	16.12436	46.86202
	16.12446	46.86211
	16.12447	46.86217
	16.12457	46.86217
	16.12457	46.86219
	16.12457	46.86225
	16.12454	46.86232
	16.12451	46.86238
	16.12456	46.86246
	16.12458	46.86248
	16.12469	46.86249
	16.12463	46.86255
	16.12459	46.86259
	16.12467	46.86268
	16.12492	46.86274
	16.12497	46.86279
	16.12493	46.86282
	16.12489	46.86285
	16.12492	46.86288
	16.12478	46.86301
	16.12462	46.86303
	16.12435	46.86306
	16.12433	46.86305
	16.12414	46.86309
	16.12405	46.86315
	16.12404	46.86316
	16.12401	46.86315
	16.12395	46.86313
	16.12311	46.8629
	16.12276	46.8628
	16.12247	46.86272
	16.12219	46.86264
	16.1222	46.86295
	16.12222	46.86313
	16.12226	46.86334
	16.12223	46.86349
	16.12216	46.86361
	16.12215	46.86362
	16.12204	46.86374
	16.12189	46.86384
	16.12159	46.86392
	16.12158	46.86392
	16.12137	46.86393
	16.1213	46.86392
	16.12111	46.8639
	16.12095	46.86386
	16.12072	46.86379
	16.12051	46.86369
	16.12034	46.86362
	16.12025	46.8636
	16.12003	46.86354
	16.11981	46.86348
	16.11977	46.86347
	16.11959	46.86342
	16.11921	46.8633
	16.11889	46.86325
	16.1188	46.86327
	16.11875	46.86327
	16.11865	46.86328
	16.11848	46.86329
	16.1182	46.86333
	16.11757	46.86349
	16.11705	46.86363
	16.11692	46.86375
	16.11683	46.8639
	16.1168	46.86396
	16.11675	46.86419
	16.11669	46.86444
	16.1167	46.86486
	16.11671	46.86491
	16.11674	46.86499
	16.11682	46.86513
	16.11695	46.86531
	16.11695	46.86543
	16.11692	46.86559
	16.1169	46.86566
	16.11689	46.86573
	16.11686	46.86588
	16.11688	46.86595
	16.11689	46.86598
	16.1169	46.866
	16.11702	46.86622
	16.11705	46.86632
	16.11705	46.86635
	16.11706	46.86652
	16.11707	46.86663
	16.11707	46.86664
	16.11703	46.86687
	16.11696	46.86699
	16.11683	46.86713
	16.11659	46.86727
	16.11654	46.86729
	16.11627	46.8674
	16.11622	46.86741
	16.11592	46.86746
	16.11569	46.86752
	16.11567	46.86753
	16.11537	46.86766
	16.11521	46.86776
	16.11423	46.86873
	16.11389	46.86906
END
END
