Iran_South
1
	59.09216	25.20082
	59.05699	25.20373
	58.05299	25.35757
	58.03137	25.36183
	57.7013	25.44224
	57.67806	25.44915
	57.29665	25.58336
	56.54922	25.69272
	56.55433	25.70082
	56.65223	25.82535
	56.67382	25.85939
	56.68769	25.89657
	56.6933	25.93549
	56.69613	26.0162
	56.72959	26.05792
	56.74917	26.08732
	56.76293	26.1193
	56.77046	26.15292
	56.77154	26.18721
	56.75979	26.37194
	56.76028	26.48581
	56.75694	26.52118
	56.74671	26.55548
	56.72992	26.58761
	56.70708	26.61658
	56.69681	26.62742
	56.66543	26.65463
	56.62875	26.67583
	56.61123	26.6839
	56.57546	26.69699
	56.54625	26.70267
	56.32784	26.61668
	56.29815	26.60339
	56.19832	26.52125
	56.05303	26.39859
	56.03645	26.38393
	56.00638	26.35072
	55.99473	26.3346
	55.98418	26.31837
	55.89271	26.16103
	55.88837	26.15172
	55.00061	25.44883
	52.98529	25.8781
	53.09134	26.62435
	51.33016	27.67692
	51.29885	27.69904
	51.27241	27.72572
	49.95056	27.81903
	49.92973	27.90343
	49.4643	29.78958
	48.85447	29.7477
	48.84127	29.78577
	48.83903	29.79804
	48.82603	29.81178
	48.79742	29.82109
	48.77227	29.832
	48.74235	29.84488
	48.71644	29.85444
	48.68168	29.87463
	48.65621	29.89977
	48.63419	29.91915
	48.61502	29.93232
	48.6003	29.93932
	48.59257	29.94288
	48.58389	29.94528
	48.57726	29.94705
	48.57022	29.94844
	48.56583	29.94911
	48.5626	29.94913
	48.55637	29.95068
	48.55054	29.95193
	48.54651	29.95277
	48.54224	29.95332
	48.53654	29.95423
	48.52788	29.9573
	48.52122	29.95946
	48.51148	29.96255
	48.50872	29.9641
	48.50212	29.96819
	48.49676	29.97124
	48.49209	29.97433
	48.48583	29.97778
	48.48192	29.98047
	48.47678	29.98323
	48.47092	29.98652
	48.46681	29.98877
	48.4618	29.99156
	48.458	29.99442
	48.45402	29.99832
	48.45111	30.00306
	48.44917	30.00806
	48.44694	30.01278
	48.44417	30.02389
	48.44361	30.03028
	48.44417	30.04389
	48.44389	30.05028
	48.44333	30.05639
	48.44056	30.0675
	48.43833	30.0725
	48.43528	30.07667
	48.4325	30.08083
	48.42877	30.0845
	48.42504	30.08789
	48.42115	30.0913
	48.40958	30.09837
	48.4036	30.10134
	48.39623	30.10641
	48.3885	30.11203
	48.38275	30.12319
	48.38333	30.12832
	48.38467	30.13392
	48.38778	30.13694
	48.39141	30.14135
	48.39503	30.14539
	48.39825	30.14829
	48.40242	30.15221
	48.40587	30.15532
	48.40948	30.15939
	48.41344	30.1645
	48.41596	30.17057
	48.41767	30.17702
	48.41735	30.18392
	48.41623	30.18963
	48.4158	30.19643
	48.41306	30.20222
	48.41083	30.20722
	48.40806	30.21139
	48.40417	30.215
	48.39944	30.21861
	48.39556	30.22222
	48.39111	30.225
	48.38639	30.22806
	48.3825	30.23167
	48.37861	30.235
	48.37107	30.23732
	48.36677	30.2407
	48.36326	30.24365
	48.35804	30.24794
	48.35627	30.25055
	48.35212	30.25502
	48.34935	30.25836
	48.34429	30.2617
	48.34032	30.26579
	48.3375	30.26965
	48.33396	30.27332
	48.33127	30.27746
	48.32677	30.28206
	48.32416	30.28479
	48.3206	30.28827
	48.31669	30.29274
	48.31319	30.29579
	48.30858	30.29992
	48.305	30.30349
	48.30146	30.30712
	48.29831	30.31099
	48.29526	30.31447
	48.29132	30.3185
	48.2873	30.32274
	48.28308	30.3266
	48.27995	30.32992
	48.27773	30.33252
	48.27273	30.33609
	48.2675	30.33861
	48.26028	30.33833
	48.25235	30.3401
	48.24612	30.33813
	48.2407	30.33494
	48.23667	30.33139
	48.23335	30.32708
	48.2275	30.32164
	48.22268	30.31844
	48.21652	30.31572
	48.20843	30.31577
	48.20273	30.32058
	48.19889	30.32639
	48.19611	30.33056
	48.19167	30.34056
	48.18889	30.35167
	48.18917	30.35833
	48.18861	30.36472
	48.18722	30.37028
	48.18611	30.38278
	48.18333	30.39389
	48.18222	30.39944
	48.18212	30.39967
	48.18	30.40417
	48.17694	30.40833
	48.17389	30.41278
	48.17	30.41639
	48.16389	30.42472
	48.16144	30.42758
	48.15794	30.43027
	48.15116	30.43512
	48.14611	30.43694
	48.14139	30.44
	48.13583	30.44222
	48.13139	30.445
	48.12579	30.4469
	48.11995	30.44864
	48.11439	30.45014
	48.10913	30.4518
	48.10857	30.45332
	48.10725	30.45407
	48.10476	30.45469
	48.09988	30.45562
	48.09446	30.45675
	48.08534	30.45839
	48.07823	30.4602
	48.06968	30.46274
	48.0622	30.46522
	48.05778	30.46712
	48.05376	30.469
	48.04789	30.47194
	48.04165	30.4745
	48.03856	30.47551
	48.03666	30.47566
	48.03449	30.47603
	48.03019	30.47685
	48.02884	30.47712
	48.0264	30.47735
	48.02442	30.47735
	48.02643	30.48248
	48.02637	30.4854
	48.02604	30.49218
	48.02633	30.50118
	48.03241	30.99425
	48.03219	30.99537
	48.03129	30.99606
	48.02952	30.99644
	48.00596	30.99679
	47.73132	30.9975
	47.6969	30.99826
	47.68323	30.99849
	47.6828	31.05342
	47.68289	31.08036
	47.68267	31.16789
	47.68346	31.19578
	47.68312	31.21384
	47.6828	31.24493
	47.68297	31.39461
	47.75	31.53719
	47.86586	31.78361
	47.85612	31.80456
	47.85609	31.81134
	47.85619	31.81194
	47.85614	31.81218
	47.856	31.81237
	47.85607	31.81276
	47.85603	31.81303
	47.85565	31.81369
	47.8555	31.81387
	47.85513	31.814
	47.85495	31.81435
	47.85472	31.81457
	47.85461	31.81479
	47.8544	31.81502
	47.85414	31.81551
	47.85381	31.81569
	47.85373	31.81576
	47.85365	31.81584
	47.85324	31.81634
	47.85308	31.8169
	47.85287	31.81734
	47.85257	31.81822
	47.85237	31.81837
	47.8514	31.81848
	47.85098	31.81862
	47.85071	31.81894
	47.85052	31.8195
	47.8503	31.81964
	47.84963	31.81972
	47.84856	31.82015
	47.84669	31.82078
	47.84629	31.82096
	47.84539	31.82121
	47.8453	31.82138
	47.84452	31.82189
	47.84399	31.82208
	47.82522	31.8325
	47.82495	31.83302
	47.82462	31.83391
	47.82454	31.83488
	47.82442	31.83561
	47.82412	31.83634
	47.82361	31.83693
	47.82343	31.83717
	47.82308	31.83769
	47.82248	31.83831
	47.82202	31.83892
	47.82103	31.83997
	47.82003	31.84018
	47.81889	31.84012
	47.81816	31.83977
	47.81801	31.83949
	47.81756	31.8389
	47.81754	31.83855
	47.81743	31.83844
	47.81688	31.8384
	47.81661	31.83845
	47.8159	31.8391
	47.81518	31.83958
	47.81477	31.84007
	47.8143	31.84034
	47.81404	31.8406
	47.81383	31.84093
	47.81315	31.84161
	47.81278	31.84178
	47.81241	31.84184
	47.8115	31.84191
	47.81077	31.84195
	47.80967	31.84222
	47.80915	31.84223
	47.80891	31.8422
	47.80861	31.84207
	47.80781	31.84211
	47.80751	31.84205
	47.8073	31.84211
	47.80663	31.84205
	47.80632	31.84214
	47.80568	31.84224
	47.80544	31.84241
	47.80534	31.84258
	47.80555	31.84363
	47.80603	31.84418
	47.80562	31.84457
	47.80543	31.84481
	47.80535	31.84503
	47.80536	31.8454
	47.80535	31.84542
	47.80523	31.84556
	47.80496	31.84576
	47.80483	31.84597
	47.80487	31.84649
	47.80504	31.84662
	47.80517	31.8469
	47.805	31.84788
	47.8051	31.84857
	47.80499	31.8488
	47.80431	31.8495
	47.80402	31.84987
	47.80361	31.85015
	47.80319	31.85054
	47.80296	31.8507
	47.80285	31.85077
	47.80243	31.85095
	47.80232	31.85111
	47.80242	31.85154
	47.80234	31.85179
	47.80214	31.852
	47.80182	31.85216
	47.80152	31.85238
	47.80139	31.85262
	47.80136	31.85284
	47.80141	31.85298
	47.80159	31.85318
	47.80203	31.85351
	47.8021	31.85367
	47.80213	31.85395
	47.80208	31.85406
	47.80201	31.85418
	47.80185	31.85432
	47.80127	31.85457
	47.80099	31.85476
	47.80049	31.85528
	47.80012	31.85584
	47.79978	31.85609
	47.79962	31.85628
	47.79956	31.85674
	47.79933	31.8571
	47.79906	31.85779
	47.79867	31.85846
	47.79865	31.85864
	47.79872	31.85877
	47.79911	31.8591
	47.79922	31.85936
	47.79926	31.85954
	47.79902	31.86006
	47.79896	31.86038
	47.79901	31.86074
	47.79935	31.86186
	47.7995	31.86199
	47.79967	31.86242
	47.79968	31.86277
	47.79962	31.86293
	47.79949	31.86304
	47.79937	31.86329
	47.79908	31.86404
	47.79906	31.86448
	47.79944	31.8655
	47.80002	31.86659
	47.80004	31.86679
	47.79995	31.86702
	47.79981	31.86717
	47.79962	31.86774
	47.79962	31.86791
	47.79967	31.86804
	47.79987	31.86816
	47.80108	31.86814
	47.80181	31.86848
	47.80257	31.86863
	47.8028	31.86885
	47.80289	31.86887
	47.80302	31.86889
	47.80337	31.86885
	47.80361	31.86872
	47.80376	31.8687
	47.80392	31.86878
	47.80417	31.86906
	47.80427	31.86929
	47.80431	31.86987
	47.80446	31.87053
	47.80461	31.87074
	47.80479	31.87091
	47.80518	31.87111
	47.80539	31.87126
	47.80555	31.87148
	47.80559	31.87163
	47.80554	31.8719
	47.80563	31.87202
	47.80593	31.87219
	47.80608	31.87233
	47.80614	31.87249
	47.80614	31.87268
	47.80596	31.87319
	47.80595	31.8734
	47.80603	31.87353
	47.80694	31.87394
	47.80746	31.87426
	47.80774	31.87434
	47.80864	31.87419
	47.80881	31.87424
	47.80887	31.87437
	47.80886	31.87451
	47.80866	31.87481
	47.80842	31.87539
	47.80817	31.87579
	47.80792	31.87655
	47.80794	31.87678
	47.80842	31.87742
	47.80846	31.87782
	47.80828	31.87829
	47.80828	31.87851
	47.80844	31.87884
	47.80859	31.87895
	47.80938	31.87912
	47.80981	31.87929
	47.81005	31.87947
	47.81021	31.8797
	47.8103	31.88002
	47.81031	31.88037
	47.81022	31.88068
	47.80986	31.88137
	47.80974	31.88149
	47.80883	31.88186
	47.80812	31.88227
	47.80792	31.88234
	47.80763	31.88236
	47.80705	31.88229
	47.80659	31.88238
	47.80639	31.88248
	47.8062	31.88266
	47.80574	31.88343
	47.80556	31.88358
	47.80445	31.88435
	47.80408	31.88453
	47.8036	31.88491
	47.80272	31.88529
	47.80253	31.88533
	47.80213	31.88522
	47.80204	31.88521
	47.8015	31.88519
	47.80117	31.88524
	47.80056	31.88521
	47.80004	31.88537
	47.79928	31.88531
	47.79875	31.88512
	47.79825	31.88518
	47.79799	31.88513
	47.79766	31.8852
	47.79752	31.88541
	47.79732	31.88545
	47.79691	31.88534
	47.79645	31.88533
	47.7962	31.88534
	47.79565	31.88547
	47.79541	31.8854
	47.79524	31.88526
	47.79502	31.8852
	47.79466	31.88527
	47.79378	31.88564
	47.79313	31.88616
	47.79285	31.88627
	47.79198	31.88635
	47.79157	31.8865
	47.79115	31.88676
	47.79061	31.88696
	47.79036	31.88713
	47.78989	31.88717
	47.78959	31.88727
	47.78907	31.88729
	47.78876	31.88743
	47.78812	31.88808
	47.78793	31.88818
	47.78765	31.88826
	47.78721	31.88868
	47.78708	31.88896
	47.78691	31.88967
	47.78679	31.88989
	47.78641	31.8903
	47.78594	31.89051
	47.78582	31.89065
	47.78562	31.89147
	47.78573	31.89184
	47.78565	31.892
	47.78534	31.89227
	47.78525	31.89293
	47.78528	31.89372
	47.78562	31.89496
	47.78555	31.89548
	47.78543	31.89586
	47.78464	31.8965
	47.78333	31.89672
	47.78334	31.90579
	47.78157	31.90747
	47.78096	31.90789
	47.7788	31.90856
	47.77828	31.90865
	47.77793	31.90866
	47.7772	31.90822
	47.77632	31.90806
	47.77596	31.90809
	47.77537	31.90826
	47.77418	31.90872
	47.77317	31.9088
	47.77228	31.9088
	47.77189	31.90887
	47.77163	31.90898
	47.77084	31.90967
	47.77039	31.91061
	47.77016	31.91093
	47.7699	31.91109
	47.76932	31.91133
	47.76848	31.91177
	47.76785	31.91199
	47.76636	31.91228
	47.76507	31.91262
	47.76464	31.91266
	47.76385	31.91259
	47.76341	31.91272
	47.76242	31.91313
	47.76216	31.9131
	47.76203	31.913
	47.76195	31.91252
	47.7618	31.91232
	47.76099	31.91195
	47.76063	31.91186
	47.75988	31.91205
	47.75923	31.91214
	47.75912	31.91222
	47.75911	31.91237
	47.75921	31.91313
	47.75903	31.91323
	47.75827	31.91332
	47.75812	31.91344
	47.75805	31.91361
	47.75811	31.914
	47.75807	31.91418
	47.75769	31.9146
	47.75744	31.91473
	47.75708	31.91484
	47.75692	31.91495
	47.7568	31.91518
	47.75657	31.9154
	47.75613	31.91556
	47.75575	31.91563
	47.75542	31.91562
	47.75531	31.91545
	47.75502	31.91538
	47.75473	31.91546
	47.75454	31.91563
	47.75428	31.9164
	47.75368	31.91687
	47.75352	31.91717
	47.75346	31.91749
	47.75336	31.91765
	47.75315	31.91784
	47.75255	31.91799
	47.75227	31.91819
	47.75163	31.91837
	47.75142	31.91867
	47.75117	31.91881
	47.75073	31.91882
	47.75048	31.91893
	47.7498	31.91987
	47.74929	31.92083
	47.74818	31.92252
	47.74809	31.92279
	47.74795	31.92293
	47.74746	31.92386
	47.74723	31.9241
	47.74659	31.92455
	47.74568	31.92602
	47.74553	31.92644
	47.74471	31.92768
	47.74442	31.92781
	47.74416	31.92807
	47.74377	31.9286
	47.74274	31.9294
	47.74215	31.92971
	47.74174	31.9297
	47.74167	31.92978
	47.7416	31.93007
	47.7411	31.93047
	47.7409	31.93108
	47.74074	31.93132
	47.73953	31.93243
	47.73901	31.93273
	47.73887	31.93286
	47.73867	31.93329
	47.738	31.93368
	47.73718	31.93432
	47.73692	31.93446
	47.73656	31.93436
	47.73617	31.93451
	47.73594	31.93469
	47.73499	31.93608
	47.73494	31.9363
	47.73518	31.93715
	47.73519	31.93742
	47.73513	31.93761
	47.73476	31.93802
	47.73465	31.93842
	47.73452	31.93855
	47.7341	31.93866
	47.73357	31.93886
	47.73277	31.93937
	47.73248	31.93934
	47.73218	31.9392
	47.73171	31.93926
	47.73155	31.93955
	47.73137	31.94009
	47.73139	31.941
	47.73118	31.9412
	47.73075	31.94139
	47.73081	31.94183
	47.73103	31.94224
	47.73119	31.94296
	47.73142	31.94352
	47.73132	31.94412
	47.73085	31.94492
	47.73069	31.94537
	47.7298	31.94617
	47.72874	31.94804
	47.72883	31.95123
	47.72877	31.95308
	47.72862	31.95398
	47.72746	31.9562
	47.72692	31.95766
	47.72627	31.95967
	47.72618	31.96042
	47.72509	31.96296
	47.72475	31.96318
	47.72466	31.96341
	47.72441	31.96371
	47.72302	31.96428
	47.72258	31.96439
	47.72092	31.96446
	47.71931	31.9647
	47.71744	31.96515
	47.71702	31.96534
	47.71529	31.96659
	47.71451	31.96727
	47.71422	31.9676
	47.71341	31.96891
	47.71314	31.96922
	47.71285	31.96946
	47.71202	31.9699
	47.71177	31.97016
	47.71157	31.9706
	47.71147	31.97107
	47.71148	31.97182
	47.71199	31.97402
	47.71234	31.97597
	47.7136	31.97852
	47.71397	31.97913
	47.71424	31.97946
	47.71641	31.98157
	47.71717	31.98264
	47.71767	31.98378
	47.71775	31.98418
	47.71765	31.98546
	47.71769	31.98601
	47.71766	31.9863
	47.71752	31.98645
	47.71738	31.98651
	47.71711	31.98654
	47.7169	31.98665
	47.71658	31.9869
	47.71607	31.9875
	47.71542	31.98876
	47.71519	31.98931
	47.71505	31.98986
	47.71475	31.99055
	47.71391	31.99143
	47.71386	31.99164
	47.71393	31.9918
	47.7142	31.99211
	47.71423	31.99227
	47.71413	31.99246
	47.71392	31.99266
	47.71363	31.99281
	47.71316	31.99289
	47.71279	31.99288
	47.71243	31.99276
	47.71219	31.99267
	47.71192	31.9925
	47.71136	31.99201
	47.71116	31.9919
	47.71083	31.99175
	47.71029	31.99177
	47.71004	31.99164
	47.70983	31.99151
	47.70925	31.99089
	47.70907	31.99077
	47.70874	31.99072
	47.70847	31.99075
	47.70819	31.99089
	47.70796	31.9912
	47.7078	31.99156
	47.70753	31.99263
	47.70682	31.99382
	47.70657	31.99401
	47.70559	31.99413
	47.7054	31.99432
	47.70536	31.99458
	47.7054	31.99487
	47.70571	31.99554
	47.70613	31.99583
	47.70711	31.99624
	47.70788	31.99679
	47.70851	31.99717
	47.70885	31.99745
	47.70895	31.99762
	47.70899	31.99848
	47.70913	31.99908
	47.70927	31.99927
	47.70966	31.99954
	47.71	31.99984
	47.71069	32.00014
	47.71097	32.00014
	47.71218	31.9999
	47.71238	31.99952
	47.71241	31.99933
	47.71219	31.99889
	47.71218	31.99866
	47.71224	31.99845
	47.71237	31.99832
	47.71263	31.99819
	47.71289	31.99813
	47.71332	31.99818
	47.71401	31.99847
	47.71447	31.99912
	47.7146	31.99944
	47.71461	31.99979
	47.71451	32.00011
	47.714	32.00114
	47.71335	32.00167
	47.71273	32.00196
	47.71221	32.00214
	47.71161	32.00229
	47.71039	32.00248
	47.70929	32.0029
	47.70846	32.00339
	47.70753	32.0042
	47.70716	32.00465
	47.70703	32.00491
	47.70688	32.00499
	47.70669	32.00497
	47.7065	32.00489
	47.70628	32.00497
	47.70603	32.00514
	47.70596	32.00538
	47.70601	32.00554
	47.70618	32.00572
	47.70695	32.00614
	47.70775	32.00673
	47.70801	32.00696
	47.7082	32.00728
	47.70829	32.0076
	47.70832	32.00795
	47.70828	32.00833
	47.70794	32.00929
	47.70774	32.00957
	47.70714	32.01018
	47.70598	32.01126
	47.70568	32.01151
	47.70551	32.01157
	47.70517	32.01156
	47.70455	32.01145
	47.70409	32.01109
	47.70356	32.01092
	47.70317	32.0109
	47.70281	32.01094
	47.70242	32.01106
	47.70199	32.01128
	47.70181	32.0114
	47.70161	32.01161
	47.70139	32.01194
	47.70113	32.01291
	47.70116	32.01331
	47.70123	32.0136
	47.7014	32.01393
	47.70182	32.01438
	47.70245	32.01479
	47.70334	32.01512
	47.70366	32.01532
	47.70396	32.01559
	47.70443	32.01632
	47.70467	32.0171
	47.70498	32.01754
	47.70513	32.01758
	47.70562	32.01745
	47.70589	32.01736
	47.70633	32.01708
	47.70651	32.01708
	47.70665	32.0171
	47.70682	32.01722
	47.70747	32.01777
	47.70774	32.0178
	47.70849	32.01773
	47.70868	32.01762
	47.70887	32.0174
	47.709	32.01714
	47.70911	32.01678
	47.70912	32.0166
	47.70885	32.01594
	47.70859	32.01513
	47.70862	32.01476
	47.70872	32.0144
	47.709	32.01395
	47.70945	32.01373
	47.71001	32.01367
	47.71038	32.01367
	47.71121	32.01388
	47.71202	32.01431
	47.71229	32.0145
	47.7124	32.01464
	47.71244	32.01553
	47.7125	32.01584
	47.7126	32.01614
	47.71296	32.01664
	47.71311	32.01736
	47.71296	32.01807
	47.71242	32.0189
	47.71211	32.01921
	47.7117	32.01951
	47.70999	32.02036
	47.70896	32.02067
	47.7081	32.02079
	47.70648	32.02097
	47.70443	32.02104
	47.7038	32.02114
	47.70344	32.02125
	47.70281	32.02157
	47.70183	32.02162
	47.7015	32.02172
	47.70114	32.022
	47.70086	32.02232
	47.70057	32.02257
	47.70012	32.02285
	47.6998	32.02295
	47.69942	32.02293
	47.69907	32.02284
	47.69885	32.02265
	47.69788	32.02237
	47.69758	32.02223
	47.69747	32.02206
	47.69743	32.0212
	47.69729	32.02047
	47.69732	32.02019
	47.69724	32.01991
	47.69708	32.01948
	47.69687	32.01914
	47.69608	32.01826
	47.69605	32.01805
	47.69622	32.01741
	47.69624	32.01684
	47.69609	32.01633
	47.69585	32.016
	47.69563	32.01577
	47.69529	32.01556
	47.69498	32.01539
	47.69459	32.01526
	47.69221	32.01488
	47.69189	32.01468
	47.69177	32.01451
	47.69158	32.01384
	47.69135	32.01341
	47.69114	32.01326
	47.6908	32.01317
	47.69024	32.01324
	47.69007	32.0134
	47.68985	32.01374
	47.68903	32.01544
	47.68882	32.01578
	47.68819	32.01652
	47.68778	32.01686
	47.68729	32.01714
	47.68629	32.01752
	47.68547	32.01791
	47.68515	32.01794
	47.68422	32.01788
	47.6836	32.018
	47.68315	32.01804
	47.68283	32.01819
	47.68265	32.01842
	47.68267	32.01863
	47.68273	32.01882
	47.68296	32.01917
	47.68302	32.01931
	47.68307	32.01949
	47.68311	32.02043
	47.68332	32.02088
	47.68386	32.02147
	47.6844	32.02197
	47.68484	32.0228
	47.68497	32.02296
	47.68521	32.02316
	47.68657	32.02397
	47.68669	32.02418
	47.68672	32.02447
	47.68662	32.0247
	47.68649	32.02486
	47.68596	32.02518
	47.68562	32.02533
	47.68555	32.02552
	47.68562	32.02575
	47.68592	32.02597
	47.68615	32.02605
	47.68619	32.02605
	47.68643	32.02602
	47.68666	32.0259
	47.68717	32.02574
	47.68801	32.02557
	47.68841	32.02554
	47.68861	32.02562
	47.68884	32.02585
	47.6889	32.0262
	47.68884	32.02632
	47.68801	32.02711
	47.68801	32.02729
	47.68811	32.02739
	47.68832	32.02749
	47.68832	32.0276
	47.68817	32.02776
	47.68816	32.02795
	47.68807	32.02814
	47.68736	32.0288
	47.68735	32.02892
	47.68762	32.02911
	47.6877	32.02928
	47.68772	32.0296
	47.6876	32.0299
	47.68736	32.03013
	47.68706	32.03026
	47.68683	32.03025
	47.68649	32.03032
	47.6864	32.0304
	47.68476	32.03037
	47.68404	32.03063
	47.68344	32.03097
	47.68265	32.03129
	47.6811	32.03135
	47.68078	32.03148
	47.6806	32.0315
	47.68045	32.03151
	47.68019	32.03148
	47.68006	32.03131
	47.67981	32.03114
	47.67948	32.03112
	47.67907	32.03102
	47.6789	32.03092
	47.67876	32.03074
	47.6785	32.03068
	47.67813	32.03079
	47.67783	32.03108
	47.67759	32.03124
	47.67721	32.03133
	47.67635	32.03189
	47.67592	32.03195
	47.67545	32.03241
	47.67509	32.03249
	47.67352	32.03216
	47.67299	32.03211
	47.67257	32.03199
	47.67231	32.03171
	47.67198	32.03166
	47.67176	32.03175
	47.67151	32.03198
	47.67118	32.03201
	47.67096	32.03255
	47.67088	32.03334
	47.67055	32.03406
	47.66983	32.03534
	47.66987	32.03545
	47.67017	32.03563
	47.66998	32.03597
	47.67015	32.03637
	47.67011	32.03691
	47.67033	32.03765
	47.67041	32.03798
	47.67042	32.03834
	47.67056	32.03875
	47.67061	32.03921
	47.67059	32.03962
	47.67004	32.04042
	47.66975	32.04107
	47.66969	32.04139
	47.66976	32.0416
	47.66956	32.04213
	47.66957	32.04233
	47.66821	32.04372
	47.66776	32.04387
	47.66752	32.04413
	47.66738	32.04441
	47.66742	32.04457
	47.66755	32.04472
	47.66753	32.04493
	47.667	32.04561
	47.6669	32.04581
	47.66699	32.0459
	47.66728	32.04599
	47.66752	32.04614
	47.66759	32.04633
	47.66734	32.04669
	47.66508	32.04808
	47.66446	32.04827
	47.66411	32.04854
	47.66383	32.04863
	47.6627	32.04852
	47.66245	32.04856
	47.66191	32.04881
	47.66122	32.04925
	47.66058	32.04941
	47.65938	32.05031
	47.65904	32.05041
	47.65873	32.05034
	47.65846	32.05043
	47.65725	32.05112
	47.65616	32.05143
	47.65552	32.05148
	47.65517	32.05158
	47.65461	32.0519
	47.65425	32.05198
	47.65391	32.05213
	47.65358	32.05242
	47.65346	32.05314
	47.65325	32.05329
	47.65256	32.05356
	47.65209	32.05389
	47.65085	32.05508
	47.65023	32.05542
	47.64901	32.05643
	47.64832	32.0573
	47.64804	32.0578
	47.64767	32.05826
	47.64717	32.05862
	47.6467	32.05888
	47.64616	32.0595
	47.64611	32.0596
	47.64606	32.05973
	47.64602	32.06009
	47.64657	32.06047
	47.64684	32.06077
	47.64709	32.06136
	47.64732	32.06154
	47.64755	32.06197
	47.64779	32.06203
	47.64799	32.06214
	47.64847	32.06213
	47.64863	32.0622
	47.64922	32.06322
	47.64994	32.0647
	47.65013	32.06496
	47.65153	32.06614
	47.65195	32.06665
	47.65225	32.06716
	47.65253	32.06791
	47.6527	32.06874
	47.65272	32.06922
	47.65315	32.06973
	47.65334	32.07012
	47.65346	32.07025
	47.65398	32.07041
	47.65409	32.07052
	47.65414	32.07069
	47.65382	32.07196
	47.65367	32.0723
	47.65335	32.07284
	47.6527	32.07363
	47.65161	32.07529
	47.6513	32.07601
	47.65121	32.07633
	47.65116	32.07697
	47.65098	32.07769
	47.65069	32.07999
	47.65071	32.08134
	47.65104	32.08235
	47.65096	32.08328
	47.65055	32.08209
	47.65039	32.08238
	47.65007	32.08253
	47.64954	32.08299
	47.64925	32.08316
	47.64901	32.08318
	47.64858	32.08296
	47.64831	32.08289
	47.64768	32.08299
	47.6471	32.08354
	47.64679	32.08364
	47.64623	32.08419
	47.64551	32.08431
	47.64541	32.08446
	47.6445	32.08487
	47.64426	32.08506
	47.64327	32.08547
	47.64271	32.08564
	47.64232	32.08588
	47.64208	32.08617
	47.64204	32.08653
	47.64194	32.08678
	47.64148	32.08698
	47.64062	32.08718
	47.64024	32.08751
	47.63975	32.08783
	47.63907	32.08811
	47.63813	32.08842
	47.63774	32.08861
	47.63759	32.08858
	47.63742	32.08887
	47.63722	32.08896
	47.63701	32.08917
	47.63676	32.08931
	47.63656	32.0893
	47.63641	32.08921
	47.63631	32.08939
	47.63582	32.08968
	47.63551	32.08962
	47.63537	32.08982
	47.63522	32.08986
	47.63515	32.09008
	47.63479	32.09021
	47.63445	32.09062
	47.63455	32.09078
	47.63424	32.09096
	47.63409	32.09087
	47.63363	32.09095
	47.63357	32.09118
	47.63337	32.09128
	47.63347	32.09141
	47.6336	32.09176
	47.6334	32.09212
	47.63312	32.09237
	47.63245	32.09273
	47.63168	32.09306
	47.6316	32.09322
	47.63168	32.0934
	47.63139	32.09401
	47.63101	32.09429
	47.63091	32.09462
	47.6307	32.09483
	47.63039	32.09511
	47.62944	32.09573
	47.62904	32.09587
	47.62881	32.096
	47.62858	32.09639
	47.6284	32.09685
	47.62765	32.09732
	47.62719	32.09792
	47.62612	32.09856
	47.62579	32.09891
	47.62535	32.09922
	47.62428	32.10041
	47.62424	32.10074
	47.62403	32.1011
	47.62403	32.10134
	47.62412	32.10144
	47.62395	32.10162
	47.62338	32.10198
	47.62319	32.1023
	47.62275	32.1025
	47.62267	32.10239
	47.62254	32.10237
	47.62221	32.10258
	47.62185	32.10292
	47.62145	32.10351
	47.62147	32.1038
	47.61957	32.10483
	47.61876	32.10539
	47.61771	32.10589
	47.6176	32.10604
	47.61748	32.10611
	47.61734	32.10634
	47.61712	32.10642
	47.61656	32.1069
	47.61636	32.10696
	47.61613	32.10705
	47.61555	32.1074
	47.61534	32.10759
	47.61496	32.10772
	47.61451	32.10809
	47.61395	32.1087
	47.61386	32.10897
	47.61374	32.10914
	47.61311	32.10922
	47.61271	32.10949
	47.61266	32.10975
	47.61252	32.10984
	47.61225	32.1099
	47.61196	32.10988
	47.61172	32.10992
	47.61128	32.10987
	47.61095	32.10996
	47.61078	32.1101
	47.61025	32.11033
	47.61006	32.11051
	47.61001	32.11073
	47.60965	32.11078
	47.60933	32.11097
	47.60873	32.11108
	47.60848	32.11123
	47.60844	32.11146
	47.60849	32.11164
	47.60837	32.1118
	47.60816	32.11191
	47.60803	32.11187
	47.6079	32.11173
	47.60762	32.11162
	47.60717	32.11154
	47.60701	32.11157
	47.60684	32.11145
	47.60628	32.11161
	47.60521	32.1125
	47.60491	32.11261
	47.60475	32.11272
	47.60464	32.11286
	47.60429	32.11309
	47.60406	32.11315
	47.60356	32.11348
	47.60288	32.11384
	47.60251	32.11435
	47.60234	32.11438
	47.60211	32.11431
	47.60186	32.11442
	47.60126	32.11479
	47.60095	32.11531
	47.60074	32.11546
	47.6002	32.11558
	47.59993	32.11585
	47.59988	32.11613
	47.59967	32.11632
	47.59926	32.11628
	47.59877	32.1165
	47.59874	32.11696
	47.5985	32.11705
	47.59795	32.1169
	47.59765	32.117
	47.5975	32.11715
	47.59704	32.11731
	47.59683	32.11722
	47.59655	32.11718
	47.59623	32.11725
	47.5959	32.11723
	47.59575	32.11727
	47.59563	32.11741
	47.59549	32.11747
	47.59519	32.11732
	47.59478	32.11734
	47.59453	32.11723
	47.59435	32.1172
	47.59362	32.11719
	47.59341	32.11713
	47.59326	32.11715
	47.59305	32.11709
	47.59281	32.11715
	47.59229	32.11696
	47.59147	32.11703
	47.59128	32.11694
	47.59125	32.11677
	47.59134	32.11658
	47.5912	32.11632
	47.59089	32.11635
	47.59067	32.11643
	47.59057	32.11647
	47.59017	32.11672
	47.58967	32.11644
	47.58935	32.11642
	47.58918	32.11591
	47.58956	32.11557
	47.58948	32.11539
	47.58911	32.11523
	47.58895	32.11507
	47.5885	32.11419
	47.58824	32.11407
	47.58786	32.11371
	47.58765	32.11374
	47.58708	32.11392
	47.58714	32.11413
	47.58714	32.11438
	47.58694	32.11459
	47.58677	32.11468
	47.58644	32.11468
	47.58596	32.11503
	47.58567	32.11509
	47.58477	32.11502
	47.58352	32.1152
	47.58367	32.11544
	47.58369	32.1156
	47.58357	32.11578
	47.58306	32.11583
	47.58292	32.11599
	47.58258	32.11608
	47.58228	32.11622
	47.58152	32.11632
	47.58125	32.11646
	47.58093	32.11648
	47.58079	32.11652
	47.58058	32.1166
	47.58001	32.1169
	47.57961	32.11694
	47.57927	32.11689
	47.57867	32.11601
	47.57875	32.11541
	47.57892	32.11521
	47.57898	32.11496
	47.57894	32.11467
	47.57878	32.11447
	47.57842	32.11438
	47.57805	32.11419
	47.57799	32.11395
	47.57803	32.11352
	47.57798	32.11341
	47.57783	32.11328
	47.57774	32.11305
	47.57793	32.11275
	47.57787	32.11252
	47.57793	32.11232
	47.57821	32.11227
	47.57847	32.11183
	47.57836	32.11166
	47.57573	32.11138
	47.57547	32.11124
	47.57522	32.11122
	47.57499	32.11128
	47.5745	32.11158
	47.57347	32.1118
	47.57298	32.11226
	47.57265	32.11243
	47.5717	32.11247
	47.57136	32.11244
	47.571	32.11239
	47.57085	32.11226
	47.5706	32.1122
	47.57001	32.11233
	47.56964	32.11235
	47.56937	32.11245
	47.56853	32.1125
	47.56835	32.11242
	47.56798	32.11243
	47.56757	32.1122
	47.56756	32.11201
	47.56734	32.11194
	47.56674	32.11213
	47.56648	32.11216
	47.56593	32.11202
	47.56571	32.11208
	47.5654	32.11253
	47.565	32.11266
	47.56455	32.11311
	47.56438	32.1132
	47.56359	32.11395
	47.56332	32.11411
	47.56298	32.11424
	47.56265	32.11429
	47.56244	32.11464
	47.56221	32.11483
	47.56141	32.11506
	47.56103	32.11508
	47.56071	32.11503
	47.5604	32.11506
	47.56007	32.11518
	47.55926	32.11515
	47.55892	32.11518
	47.55883	32.11527
	47.55867	32.11599
	47.55908	32.11635
	47.55935	32.1165
	47.55942	32.1167
	47.55921	32.11708
	47.55917	32.11745
	47.55923	32.1178
	47.55904	32.11813
	47.55915	32.11848
	47.55919	32.11885
	47.55974	32.11892
	47.55981	32.11939
	47.5597	32.12069
	47.55974	32.12098
	47.56004	32.12129
	47.56	32.12141
	47.55957	32.12152
	47.55942	32.12162
	47.55935	32.12194
	47.55906	32.12202
	47.55877	32.12203
	47.55766	32.12261
	47.55742	32.12286
	47.55745	32.12322
	47.55724	32.12353
	47.55728	32.1238
	47.55714	32.12423
	47.55666	32.1246
	47.55643	32.12504
	47.55612	32.12552
	47.55574	32.12582
	47.55543	32.12591
	47.55525	32.12608
	47.55525	32.12649
	47.55481	32.12717
	47.55444	32.1275
	47.55442	32.12768
	47.55455	32.12783
	47.55483	32.12796
	47.55473	32.12821
	47.55458	32.12833
	47.55425	32.12841
	47.55416	32.1286
	47.55416	32.12887
	47.55437	32.12953
	47.55437	32.12989
	47.55379	32.13027
	47.55333	32.13036
	47.55284	32.13062
	47.55255	32.13067
	47.55241	32.13079
	47.55224	32.13119
	47.55228	32.1314
	47.55243	32.13155
	47.55269	32.13159
	47.55278	32.1317
	47.55262	32.13193
	47.55228	32.13276
	47.55188	32.13343
	47.55159	32.13353
	47.55145	32.13367
	47.5513	32.13409
	47.55128	32.13434
	47.55063	32.13464
	47.55007	32.13507
	47.54895	32.13556
	47.54776	32.13584
	47.54693	32.13609
	47.5468	32.13617
	47.54648	32.13624
	47.5463	32.13636
	47.54543	32.13654
	47.54502	32.13668
	47.54492	32.13675
	47.54453	32.13679
	47.54393	32.13692
	47.54371	32.13704
	47.54353	32.13709
	47.54324	32.13735
	47.54254	32.13733
	47.54171	32.1376
	47.54125	32.13788
	47.54084	32.13787
	47.53966	32.13827
	47.53911	32.13839
	47.53891	32.1384
	47.53858	32.13834
	47.53787	32.13845
	47.53748	32.13865
	47.53735	32.13883
	47.53713	32.13891
	47.53689	32.1391
	47.53658	32.13917
	47.5363	32.13934
	47.53611	32.13982
	47.53607	32.14006
	47.53588	32.14019
	47.53532	32.14012
	47.53465	32.14016
	47.53431	32.14007
	47.53387	32.14026
	47.53348	32.14059
	47.53307	32.14063
	47.53294	32.14082
	47.53238	32.1411
	47.53193	32.14113
	47.53166	32.14108
	47.53125	32.14118
	47.53096	32.14114
	47.53071	32.141
	47.53051	32.14098
	47.53037	32.14105
	47.52985	32.14116
	47.52971	32.14138
	47.5292	32.14175
	47.52907	32.1422
	47.52912	32.14258
	47.52921	32.14291
	47.52948	32.14326
	47.52968	32.14345
	47.52978	32.1437
	47.52979	32.14397
	47.52963	32.14451
	47.52959	32.14525
	47.52904	32.14563
	47.529	32.14599
	47.52911	32.14631
	47.52953	32.14683
	47.53009	32.14739
	47.53056	32.14769
	47.53125	32.14832
	47.53177	32.14858
	47.53208	32.1495
	47.53249	32.14973
	47.53283	32.15
	47.53321	32.1511
	47.53331	32.15189
	47.53344	32.15229
	47.53379	32.15256
	47.53416	32.15293
	47.53421	32.15325
	47.53438	32.15352
	47.53471	32.15436
	47.53505	32.15474
	47.53517	32.15496
	47.53522	32.1552
	47.53507	32.1555
	47.53485	32.15568
	47.53449	32.15581
	47.53411	32.15603
	47.5339	32.15628
	47.53374	32.15734
	47.5338	32.15819
	47.53358	32.15853
	47.53331	32.15871
	47.53295	32.15876
	47.5326	32.15894
	47.5325	32.15915
	47.53233	32.16058
	47.53233	32.16125
	47.53242	32.16161
	47.53237	32.16187
	47.532	32.16238
	47.53172	32.16268
	47.53177	32.16321
	47.53194	32.1637
	47.53184	32.16388
	47.53152	32.16404
	47.53138	32.16423
	47.53117	32.16429
	47.53107	32.16436
	47.53105	32.16454
	47.53083	32.16466
	47.53065	32.16488
	47.53027	32.16497
	47.52986	32.16521
	47.52974	32.16536
	47.52968	32.16591
	47.52932	32.16655
	47.52958	32.16712
	47.52922	32.16814
	47.52904	32.16839
	47.52907	32.16864
	47.52885	32.1692
	47.52892	32.16943
	47.52861	32.16988
	47.52829	32.16998
	47.52796	32.17026
	47.52786	32.1704
	47.52789	32.17055
	47.52803	32.17069
	47.52844	32.17057
	47.52865	32.17058
	47.52878	32.17071
	47.5292	32.17091
	47.52966	32.17136
	47.53015	32.17197
	47.53021	32.17217
	47.53037	32.17236
	47.53063	32.17252
	47.53108	32.17266
	47.53165	32.17267
	47.53223	32.17261
	47.53263	32.17268
	47.53289	32.17295
	47.53333	32.17303
	47.53379	32.17298
	47.53403	32.1731
	47.53411	32.17332
	47.53429	32.17345
	47.53469	32.17328
	47.53603	32.17286
	47.53646	32.17292
	47.53698	32.17314
	47.53745	32.17348
	47.53766	32.17379
	47.53773	32.17399
	47.53746	32.17403
	47.53723	32.17414
	47.5367	32.17455
	47.53636	32.17487
	47.53633	32.17513
	47.53707	32.17609
	47.53742	32.17646
	47.53765	32.17665
	47.53812	32.17681
	47.53833	32.17692
	47.53858	32.17744
	47.53882	32.17759
	47.53918	32.17771
	47.53998	32.17781
	47.54014	32.17798
	47.54024	32.17837
	47.5406	32.17867
	47.54085	32.17909
	47.54117	32.17945
	47.54151	32.17968
	47.54192	32.1797
	47.54273	32.18005
	47.54386	32.18014
	47.54418	32.18004
	47.5445	32.18013
	47.54493	32.18013
	47.54571	32.18059
	47.54633	32.18135
	47.5462	32.18156
	47.5462	32.18183
	47.54634	32.18198
	47.54688	32.18215
	47.54721	32.18239
	47.54791	32.1825
	47.54825	32.18318
	47.5484	32.18336
	47.54865	32.18351
	47.54954	32.18381
	47.54916	32.1844
	47.5491	32.18463
	47.54917	32.18494
	47.54979	32.18574
	47.5502	32.18586
	47.55078	32.18588
	47.55186	32.18617
	47.55308	32.18577
	47.55324	32.18577
	47.55295	32.18639
	47.55292	32.18666
	47.55315	32.18702
	47.55327	32.18735
	47.5537	32.18752
	47.55408	32.18757
	47.55459	32.1875
	47.55478	32.18755
	47.555	32.18771
	47.55539	32.18779
	47.55593	32.18806
	47.5562	32.1881
	47.55659	32.18798
	47.55682	32.18812
	47.55712	32.18816
	47.55743	32.18793
	47.55781	32.1879
	47.55793	32.18807
	47.55854	32.18947
	47.55882	32.18954
	47.55936	32.18982
	47.55973	32.18986
	47.56008	32.18998
	47.56048	32.19018
	47.56216	32.19078
	47.56279	32.19113
	47.56345	32.19182
	47.56415	32.19237
	47.56471	32.19294
	47.56528	32.19323
	47.56538	32.19371
	47.56524	32.19447
	47.56469	32.19506
	47.56462	32.19564
	47.56477	32.19633
	47.56489	32.19725
	47.56488	32.19812
	47.56478	32.19928
	47.56486	32.20061
	47.56481	32.20144
	47.56489	32.20316
	47.56504	32.20357
	47.56561	32.20448
	47.56626	32.20517
	47.56657	32.20529
	47.56741	32.20583
	47.56774	32.20595
	47.56803	32.20601
	47.56838	32.20617
	47.56863	32.20635
	47.56866	32.20649
	47.56842	32.20674
	47.56837	32.20698
	47.56854	32.20738
	47.56891	32.20755
	47.56926	32.2076
	47.56946	32.20773
	47.5695	32.208
	47.56924	32.20845
	47.56916	32.20894
	47.56937	32.2096
	47.57018	32.21048
	47.57042	32.2108
	47.57049	32.21099
	47.57041	32.21152
	47.57049	32.21184
	47.57047	32.21217
	47.57056	32.21253
	47.57058	32.21341
	47.57053	32.21426
	47.57027	32.21515
	47.56951	32.21705
	47.56929	32.21775
	47.56875	32.21887
	47.56789	32.22045
	47.56769	32.22072
	47.56746	32.2215
	47.56713	32.22232
	47.56689	32.2231
	47.56712	32.22467
	47.56696	32.22509
	47.56652	32.22554
	47.56599	32.22577
	47.56551	32.22586
	47.56522	32.22608
	47.56456	32.22712
	47.56371	32.22865
	47.56334	32.22901
	47.56292	32.22919
	47.56171	32.22956
	47.56117	32.2298
	47.56077	32.23009
	47.56055	32.23041
	47.56009	32.23082
	47.55847	32.23116
	47.55814	32.23145
	47.55776	32.2317
	47.55725	32.23175
	47.55684	32.2317
	47.55625	32.23192
	47.55452	32.23302
	47.55394	32.23309
	47.55348	32.23319
	47.55254	32.23326
	47.55206	32.23337
	47.55113	32.23331
	47.55007	32.233
	47.54977	32.23287
	47.54934	32.23271
	47.54899	32.23268
	47.54871	32.23266
	47.54739	32.233
	47.54717	32.233
	47.54696	32.23289
	47.54672	32.23286
	47.54656	32.23291
	47.54633	32.23305
	47.54539	32.233
	47.54512	32.2328
	47.54442	32.23283
	47.54418	32.23275
	47.54404	32.23263
	47.54345	32.23269
	47.54309	32.23263
	47.54249	32.23227
	47.54251	32.23209
	47.54221	32.23164
	47.54192	32.23157
	47.54168	32.23164
	47.54138	32.23197
	47.54111	32.23237
	47.54121	32.23278
	47.54143	32.23317
	47.54131	32.23356
	47.54096	32.23399
	47.5406	32.23418
	47.54016	32.2343
	47.53995	32.23446
	47.53991	32.23489
	47.53994	32.23525
	47.53949	32.23563
	47.53862	32.23586
	47.53839	32.23611
	47.53778	32.23723
	47.53702	32.23787
	47.53525	32.24
	47.53419	32.24097
	47.53391	32.24154
	47.53392	32.24195
	47.53382	32.2424
	47.53358	32.24282
	47.53345	32.24336
	47.53305	32.24384
	47.53252	32.2441
	47.53174	32.24507
	47.53085	32.24585
	47.53075	32.24626
	47.53053	32.24665
	47.52973	32.24719
	47.52937	32.24768
	47.52916	32.24811
	47.5287	32.24841
	47.52817	32.24862
	47.52782	32.24892
	47.52748	32.24954
	47.52698	32.24989
	47.52668	32.25026
	47.52659	32.25087
	47.52553	32.25125
	47.52527	32.2515
	47.52502	32.25187
	47.52491	32.25235
	47.52401	32.25293
	47.52377	32.2533
	47.52377	32.25364
	47.52352	32.25395
	47.52356	32.25451
	47.5235	32.25481
	47.52263	32.25593
	47.52209	32.25654
	47.52097	32.25755
	47.52062	32.258
	47.52039	32.25847
	47.51988	32.25887
	47.51973	32.25911
	47.5201	32.25949
	47.52011	32.2598
	47.51995	32.26014
	47.51926	32.2606
	47.51918	32.26097
	47.51889	32.26143
	47.51849	32.26187
	47.51818	32.26233
	47.51777	32.26238
	47.51753	32.26226
	47.51717	32.26223
	47.51678	32.26211
	47.51654	32.26191
	47.5163	32.26185
	47.51595	32.26203
	47.51586	32.26228
	47.51584	32.26255
	47.51529	32.26291
	47.51491	32.26334
	47.51429	32.26375
	47.51371	32.26434
	47.51326	32.26469
	47.51317	32.2651
	47.51297	32.26554
	47.51288	32.26597
	47.51187	32.26695
	47.51162	32.2674
	47.51062	32.26805
	47.50978	32.26899
	47.50923	32.26948
	47.50888	32.26996
	47.50849	32.27035
	47.5078	32.27073
	47.50742	32.27082
	47.50706	32.27129
	47.50657	32.27179
	47.50633	32.2722
	47.50595	32.27247
	47.50539	32.2728
	47.5049	32.27323
	47.50415	32.27412
	47.50414	32.2746
	47.50319	32.27542
	47.50268	32.27576
	47.50212	32.27654
	47.50209	32.27674
	47.50195	32.27703
	47.50153	32.27703
	47.50119	32.27723
	47.50097	32.2775
	47.50052	32.27779
	47.50009	32.27776
	47.49985	32.27788
	47.49989	32.27811
	47.50059	32.27879
	47.50109	32.27879
	47.50165	32.27848
	47.50211	32.27842
	47.50251	32.27857
	47.50273	32.27871
	47.50268	32.27902
	47.50222	32.27963
	47.50269	32.28034
	47.503	32.28057
	47.50334	32.28046
	47.50369	32.28025
	47.5042	32.28023
	47.50487	32.28005
	47.50531	32.28012
	47.50552	32.28037
	47.50548	32.28072
	47.50574	32.28088
	47.50611	32.28087
	47.50677	32.28076
	47.50729	32.28095
	47.50777	32.28098
	47.50838	32.28131
	47.50904	32.28252
	47.50914	32.28333
	47.50916	32.28408
	47.50932	32.28476
	47.50953	32.2853
	47.50925	32.28579
	47.50911	32.28621
	47.5093	32.28681
	47.50942	32.28773
	47.50974	32.28827
	47.51017	32.28866
	47.51075	32.2887
	47.51138	32.28861
	47.51215	32.28858
	47.51289	32.28872
	47.51376	32.28875
	47.51436	32.28871
	47.51533	32.2889
	47.51648	32.28922
	47.51683	32.28907
	47.51733	32.28895
	47.51924	32.2892
	47.51989	32.28925
	47.52052	32.28948
	47.52155	32.28929
	47.52164	32.28957
	47.52166	32.29007
	47.52162	32.2908
	47.52143	32.29137
	47.52137	32.29277
	47.52057	32.29386
	47.52076	32.29452
	47.5212	32.29504
	47.52145	32.29562
	47.52126	32.29599
	47.52096	32.2964
	47.52161	32.2972
	47.52171	32.29775
	47.5215	32.29894
	47.52183	32.30004
	47.52177	32.30106
	47.52154	32.30172
	47.52104	32.30221
	47.52061	32.30275
	47.52019	32.30361
	47.51949	32.30452
	47.51889	32.30501
	47.51833	32.30489
	47.51791	32.3046
	47.51734	32.30457
	47.51687	32.30459
	47.51617	32.30471
	47.51523	32.30466
	47.51347	32.30467
	47.51199	32.30453
	47.51141	32.30435
	47.51073	32.30423
	47.50989	32.30396
	47.50918	32.30368
	47.50843	32.30377
	47.50808	32.30387
	47.5077	32.30448
	47.50723	32.30494
	47.50669	32.30518
	47.50629	32.30533
	47.50538	32.30515
	47.50439	32.30544
	47.50396	32.30576
	47.5035	32.30566
	47.50325	32.3055
	47.50321	32.30509
	47.50287	32.30481
	47.50239	32.30457
	47.50158	32.30451
	47.50055	32.30432
	47.49933	32.30437
	47.49905	32.30443
	47.49875	32.30469
	47.49859	32.30499
	47.49859	32.30571
	47.49821	32.30674
	47.49776	32.30719
	47.49741	32.30737
	47.49724	32.30766
	47.49714	32.30806
	47.49677	32.30841
	47.496	32.3086
	47.49583	32.30875
	47.49549	32.30937
	47.49503	32.30976
	47.49472	32.31013
	47.49404	32.31035
	47.4939	32.31046
	47.4927	32.31064
	47.49247	32.31104
	47.49269	32.31109
	47.49284	32.3112
	47.49301	32.31146
	47.49304	32.31165
	47.49285	32.31172
	47.49263	32.31174
	47.49238	32.31185
	47.49226	32.312
	47.49228	32.31226
	47.49222	32.31262
	47.49153	32.31321
	47.49145	32.31339
	47.4916	32.31364
	47.49162	32.31387
	47.49142	32.31402
	47.49118	32.31398
	47.4907	32.31368
	47.49046	32.3137
	47.49011	32.31391
	47.48989	32.31391
	47.48962	32.31388
	47.48937	32.31373
	47.48929	32.31359
	47.48885	32.31359
	47.4874	32.31372
	47.48654	32.31391
	47.48591	32.31425
	47.48519	32.31436
	47.48498	32.31431
	47.48443	32.31403
	47.48425	32.31386
	47.48375	32.31327
	47.48358	32.31317
	47.48343	32.313
	47.48303	32.31237
	47.48265	32.31231
	47.48242	32.31178
	47.48172	32.31179
	47.48136	32.31202
	47.48077	32.31185
	47.4805	32.31184
	47.48033	32.31173
	47.4803	32.31138
	47.48015	32.31121
	47.47996	32.31121
	47.47952	32.31097
	47.47929	32.31102
	47.47918	32.31098
	47.47929	32.31082
	47.47911	32.31061
	47.47905	32.3104
	47.47886	32.3103
	47.47839	32.31039
	47.478	32.31057
	47.47768	32.31095
	47.4773	32.31166
	47.47683	32.31229
	47.47555	32.31301
	47.47528	32.31339
	47.475	32.3137
	47.47426	32.31382
	47.47371	32.31397
	47.47312	32.31468
	47.47255	32.3151
	47.47207	32.31559
	47.47176	32.31604
	47.47071	32.31705
	47.47015	32.3173
	47.46864	32.31721
	47.46654	32.31677
	47.46572	32.31644
	47.46509	32.31611
	47.46445	32.31569
	47.46413	32.31525
	47.46411	32.31475
	47.46397	32.31433
	47.4635	32.31427
	47.46314	32.31432
	47.46174	32.31621
	47.46179	32.31836
	47.46195	32.31955
	47.4627	32.32105
	47.46245	32.32168
	47.46171	32.32281
	47.46136	32.32365
	47.46142	32.32412
	47.46209	32.32486
	47.46168	32.32523
	47.46047	32.3257
	47.46007	32.32611
	47.45986	32.32673
	47.45923	32.32738
	47.45916	32.32789
	47.45893	32.32839
	47.45818	32.32963
	47.45764	32.33031
	47.457	32.33098
	47.45621	32.33143
	47.45583	32.33175
	47.45581	32.3322
	47.4561	32.33249
	47.45647	32.33262
	47.45737	32.33275
	47.45768	32.33304
	47.45795	32.33407
	47.45796	32.33468
	47.45748	32.33667
	47.45717	32.33734
	47.45658	32.33838
	47.4562	32.33959
	47.45578	32.34025
	47.45527	32.34081
	47.45509	32.34129
	47.45496	32.3419
	47.45426	32.34298
	47.45373	32.34409
	47.45346	32.34432
	47.45307	32.34477
	47.45238	32.34509
	47.45165	32.34559
	47.45099	32.34581
	47.45039	32.34618
	47.44943	32.34629
	47.4488	32.3465
	47.44814	32.34688
	47.44766	32.3469
	47.44736	32.34678
	47.44717	32.34658
	47.44681	32.34662
	47.4465	32.34676
	47.44573	32.34744
	47.44555	32.34797
	47.44524	32.34825
	47.44479	32.34851
	47.44433	32.34848
	47.44341	32.3482
	47.44302	32.34818
	47.44256	32.34825
	47.44188	32.34862
	47.4409	32.34927
	47.44024	32.34995
	47.43969	32.3502
	47.43889	32.35041
	47.43741	32.35058
	47.43641	32.35077
	47.43569	32.35138
	47.43526	32.35187
	47.43542	32.35209
	47.43584	32.3523
	47.43675	32.35237
	47.43762	32.35234
	47.4382	32.35263
	47.43895	32.35341
	47.4395	32.35424
	47.43988	32.35504
	47.44079	32.35558
	47.442	32.35584
	47.44285	32.3561
	47.44746	32.35692
	47.44842	32.35717
	47.44953	32.35753
	47.4512	32.35818
	47.45104	32.3595
	47.45074	32.36034
	47.45072	32.36103
	47.45126	32.36248
	47.45162	32.36288
	47.45193	32.36338
	47.45206	32.36412
	47.45202	32.36448
	47.45267	32.36498
	47.45293	32.36539
	47.45292	32.36595
	47.45282	32.36637
	47.45293	32.36665
	47.45352	32.36688
	47.45396	32.36693
	47.45435	32.36719
	47.45585	32.36873
	47.45756	32.37038
	47.45799	32.37094
	47.45835	32.37131
	47.45927	32.37205
	47.46003	32.37253
	47.46019	32.37272
	47.46031	32.37311
	47.46061	32.37481
	47.46089	32.3752
	47.46134	32.37516
	47.4618	32.37488
	47.46245	32.37463
	47.46308	32.3746
	47.46365	32.37483
	47.46403	32.37529
	47.46441	32.37603
	47.46467	32.37641
	47.46537	32.37677
	47.46571	32.3771
	47.46602	32.37757
	47.46608	32.37812
	47.46622	32.3785
	47.46587	32.37925
	47.46542	32.37931
	47.46505	32.37946
	47.46501	32.37957
	47.46512	32.37971
	47.46516	32.37988
	47.46502	32.37997
	47.46484	32.37994
	47.46462	32.37982
	47.46417	32.37975
	47.46411	32.37983
	47.46428	32.38011
	47.46425	32.38043
	47.464	32.38066
	47.46384	32.38095
	47.46379	32.38142
	47.46332	32.38168
	47.46297	32.38212
	47.46257	32.38209
	47.4624	32.38254
	47.46252	32.38289
	47.46245	32.38324
	47.46219	32.38391
	47.46233	32.38415
	47.46263	32.38432
	47.46297	32.38483
	47.46294	32.38531
	47.46308	32.38575
	47.46317	32.38621
	47.46308	32.38666
	47.46317	32.38715
	47.46347	32.38734
	47.46387	32.38741
	47.46411	32.38767
	47.46419	32.38858
	47.46404	32.38896
	47.46416	32.38947
	47.46446	32.38963
	47.46467	32.38988
	47.46535	32.39132
	47.46458	32.39152
	47.46445	32.3918
	47.4642	32.39202
	47.46391	32.39212
	47.46354	32.39236
	47.46298	32.39261
	47.46285	32.39284
	47.46265	32.39304
	47.46224	32.39329
	47.46196	32.39355
	47.46157	32.39373
	47.4614	32.394
	47.46164	32.39444
	47.46134	32.39469
	47.46095	32.39486
	47.4607	32.39473
	47.45979	32.39475
	47.45951	32.39484
	47.45919	32.39539
	47.45871	32.39564
	47.45801	32.39579
	47.45754	32.39602
	47.45724	32.39637
	47.45691	32.39685
	47.45671	32.39701
	47.45625	32.39696
	47.45606	32.39702
	47.45585	32.39726
	47.45563	32.39743
	47.45468	32.39772
	47.4545	32.39785
	47.4543	32.39834
	47.45435	32.39868
	47.45414	32.39886
	47.45399	32.39923
	47.45378	32.39924
	47.4535	32.39933
	47.45327	32.39962
	47.4525	32.39992
	47.45239	32.40003
	47.45233	32.40032
	47.45205	32.40036
	47.45179	32.40046
	47.4516	32.40098
	47.45122	32.40134
	47.45107	32.40157
	47.45036	32.40163
	47.45014	32.40173
	47.45	32.40208
	47.44954	32.40251
	47.44878	32.40277
	47.44848	32.40303
	47.4479	32.40322
	47.44762	32.4034
	47.44746	32.40369
	47.44714	32.40384
	47.44682	32.40427
	47.44607	32.40463
	47.44558	32.40512
	47.44543	32.40536
	47.44567	32.40552
	47.4458	32.40573
	47.44571	32.40595
	47.44545	32.40617
	47.44503	32.4063
	47.44486	32.4064
	47.44468	32.40662
	47.44435	32.40678
	47.44415	32.40706
	47.4439	32.40719
	47.44382	32.40765
	47.44361	32.40772
	47.44321	32.40773
	47.44294	32.40783
	47.44227	32.40864
	47.44187	32.40872
	47.44162	32.40887
	47.44132	32.40919
	47.44086	32.40981
	47.43983	32.41013
	47.43961	32.41058
	47.43938	32.41079
	47.43914	32.41089
	47.43902	32.41121
	47.43867	32.41153
	47.43843	32.41165
	47.43775	32.41238
	47.4377	32.41249
	47.43747	32.41266
	47.43727	32.41297
	47.43706	32.41307
	47.43695	32.41327
	47.4369	32.41348
	47.43646	32.41361
	47.43645	32.41381
	47.43628	32.41415
	47.43603	32.41431
	47.43591	32.41447
	47.43543	32.4147
	47.43534	32.41482
	47.43536	32.41505
	47.43516	32.41516
	47.43505	32.41533
	47.43475	32.41542
	47.4346	32.41561
	47.43429	32.41619
	47.43366	32.41661
	47.43355	32.41682
	47.43336	32.41695
	47.43301	32.41696
	47.43281	32.41706
	47.43266	32.41711
	47.43247	32.41715
	47.43221	32.41733
	47.4321	32.41757
	47.43176	32.41783
	47.43176	32.41814
	47.43086	32.41805
	47.4307	32.41805
	47.4306	32.41806
	47.43038	32.41814
	47.43019	32.41833
	47.42985	32.41876
	47.42952	32.41929
	47.42897	32.41974
	47.42869	32.42012
	47.42801	32.42059
	47.42773	32.42092
	47.42745	32.42114
	47.42733	32.42159
	47.42711	32.42183
	47.4271	32.422
	47.42701	32.42213
	47.42678	32.42223
	47.42665	32.42237
	47.42666	32.42256
	47.42658	32.42269
	47.42614	32.42309
	47.42591	32.42346
	47.42528	32.42389
	47.42503	32.42396
	47.42452	32.42471
	47.42412	32.42486
	47.42392	32.42511
	47.4238	32.4253
	47.42391	32.42583
	47.42369	32.42613
	47.42347	32.42624
	47.42318	32.42669
	47.42292	32.427
	47.42255	32.42764
	47.42211	32.4282
	47.42198	32.42856
	47.42165	32.42905
	47.42145	32.42988
	47.42108	32.43048
	47.42062	32.43084
	47.42049	32.43127
	47.42024	32.43181
	47.41956	32.43254
	47.41899	32.43344
	47.41901	32.4337
	47.41896	32.4339
	47.41856	32.43412
	47.41842	32.43437
	47.41811	32.43455
	47.41806	32.43473
	47.41789	32.43484
	47.41698	32.43589
	47.4167	32.43609
	47.41584	32.43644
	47.41574	32.43666
	47.41596	32.437
	47.41582	32.43725
	47.41544	32.43754
	47.41506	32.4379
	47.41482	32.43803
	47.41456	32.43815
	47.41446	32.43862
	47.41415	32.43905
	47.4138	32.43933
	47.41316	32.44008
	47.41282	32.44008
	47.4126	32.4402
	47.41257	32.44048
	47.41263	32.44068
	47.41255	32.4409
	47.4119	32.4416
	47.41118	32.4419
	47.41102	32.44209
	47.41105	32.44226
	47.41118	32.44242
	47.4109	32.44288
	47.41009	32.44387
	47.40957	32.44435
	47.40924	32.44426
	47.40896	32.44443
	47.40866	32.44491
	47.40878	32.4453
	47.40806	32.4463
	47.40763	32.4468
	47.40733	32.44724
	47.40605	32.44871
	47.4058	32.44893
	47.4051	32.44993
	47.40349	32.45192
	47.40295	32.45246
	47.40263	32.453
	47.40244	32.45321
	47.40215	32.45376
	47.40152	32.45381
	47.40112	32.45411
	47.40049	32.45421
	47.40034	32.45433
	47.40021	32.45441
	47.39886	32.45623
	47.39828	32.45684
	47.39797	32.45723
	47.39768	32.45748
	47.39722	32.45776
	47.39668	32.45791
	47.39615	32.45829
	47.3953	32.45841
	47.39515	32.45849
	47.39489	32.45918
	47.39478	32.45929
	47.39461	32.45934
	47.39462	32.45986
	47.39435	32.46009
	47.39421	32.46028
	47.39418	32.4605
	47.39448	32.4615
	47.39454	32.46197
	47.39468	32.46235
	47.3944	32.46307
	47.39344	32.46401
	47.39319	32.46455
	47.39262	32.46488
	47.39231	32.46498
	47.39207	32.46511
	47.39154	32.4657
	47.39103	32.46585
	47.38975	32.46678
	47.38909	32.46687
	47.3888	32.46697
	47.38844	32.46693
	47.38795	32.46715
	47.38775	32.46714
	47.38759	32.46705
	47.38752	32.46691
	47.38738	32.4668
	47.38706	32.46672
	47.3868	32.46677
	47.3865	32.46701
	47.38626	32.46699
	47.386	32.46709
	47.38552	32.46777
	47.38493	32.46816
	47.38473	32.4684
	47.38463	32.46867
	47.38471	32.46889
	47.38461	32.46908
	47.38429	32.46915
	47.384	32.46937
	47.38416	32.46976
	47.38398	32.47033
	47.38386	32.47053
	47.38329	32.47064
	47.38312	32.47074
	47.38296	32.47092
	47.38243	32.471
	47.38223	32.47095
	47.38169	32.47134
	47.38115	32.47123
	47.38088	32.47122
	47.38062	32.47149
	47.38038	32.47156
	47.38008	32.47151
	47.37987	32.47183
	47.37995	32.47206
	47.37982	32.4722
	47.37988	32.47261
	47.37977	32.47281
	47.37974	32.47308
	47.37957	32.47321
	47.37935	32.47314
	47.37892	32.4732
	47.37852	32.4732
	47.378	32.47348
	47.37802	32.47387
	47.37777	32.47385
	47.37746	32.47369
	47.37681	32.47355
	47.37653	32.47336
	47.3761	32.47334
	47.37571	32.47339
	47.3754	32.47351
	47.37477	32.47421
	47.37448	32.47436
	47.37349	32.47452
	47.37309	32.47473
	47.37279	32.47475
	47.37201	32.47496
	47.37157	32.47516
	47.37115	32.4753
	47.37081	32.47533
	47.37065	32.47518
	47.37061	32.47499
	47.37072	32.47474
	47.37109	32.47442
	47.37121	32.47401
	47.37116	32.4738
	47.37039	32.47346
	47.37012	32.47326
	47.37013	32.47283
	47.36994	32.47267
	47.36976	32.47225
	47.36942	32.47221
	47.36891	32.47156
	47.36871	32.47144
	47.36833	32.47157
	47.36786	32.47121
	47.36776	32.47101
	47.36782	32.47074
	47.36746	32.47066
	47.367	32.47069
	47.36666	32.47061
	47.36628	32.47065
	47.36557	32.47041
	47.36527	32.47038
	47.36494	32.47024
	47.36433	32.47041
	47.36397	32.47026
	47.36348	32.47038
	47.36326	32.47015
	47.36304	32.4701
	47.36251	32.47052
	47.36235	32.47045
	47.36195	32.47042
	47.36159	32.47053
	47.36118	32.47039
	47.36099	32.47016
	47.36079	32.47025
	47.36074	32.47072
	47.36045	32.47093
	47.3601	32.47107
	47.35975	32.47085
	47.35951	32.47083
	47.35911	32.4705
	47.35886	32.47048
	47.35883	32.47065
	47.35863	32.47083
	47.35801	32.47094
	47.35763	32.47136
	47.3576	32.47172
	47.35702	32.47207
	47.3563	32.47274
	47.35607	32.47279
	47.35576	32.47294
	47.35564	32.47324
	47.35487	32.47433
	47.35468	32.47452
	47.35435	32.47471
	47.35252	32.47497
	47.35148	32.47504
	47.34906	32.47508
	47.34817	32.47515
	47.34687	32.47545
	47.34631	32.47545
	47.34579	32.4756
	47.34523	32.47593
	47.34467	32.47582
	47.34419	32.47579
	47.34388	32.47572
	47.34387	32.47571
	47.34414	32.47541
	47.34203	32.47353
	47.33667	32.47383
	47.33646	32.47385
	47.336	32.47393
	47.33548	32.47409
	47.33464	32.47449
	47.33276	32.47533
	47.33201	32.47568
	47.33164	32.4757
	47.33008	32.47568
	47.32908	32.47573
	47.32865	32.47581
	47.32829	32.47591
	47.32775	32.47615
	47.3275	32.47631
	47.32702	32.47675
	47.32687	32.47694
	47.3267	32.47706
	47.32564	32.47772
	47.32442	32.47844
	47.3214	32.48039
	47.32069	32.4808
	47.31563	32.48293
	47.3152	32.48312
	47.31466	32.48343
	47.31437	32.48366
	47.31261	32.48522
	47.31162	32.48618
	47.31091	32.48639
	47.30953	32.48686
	47.30951	32.48684
	47.30924	32.48683
	47.30875	32.48712
	47.30855	32.48718
	47.30821	32.48717
	47.30808	32.48734
	47.30728	32.4876
	47.3069	32.4875
	47.3067	32.48766
	47.30668	32.48779
	47.30455	32.4885
	47.30418	32.48853
	47.30387	32.48868
	47.30382	32.48874
	47.3018	32.48942
	47.30088	32.4897
	47.29902	32.49036
	47.29874	32.49043
	47.29865	32.49044
	47.297	32.49045
	47.29656	32.49049
	47.29594	32.49068
	47.29502	32.49113
	47.2924	32.49262
	47.29168	32.493
	47.29007	32.49393
	47.2898	32.49404
	47.28934	32.49416
	47.28861	32.49424
	47.28662	32.49442
	47.2863	32.49448
	47.2846	32.49492
	47.28388	32.49516
	47.28348	32.49535
	47.28323	32.49551
	47.28289	32.49576
	47.28287	32.49574
	47.28298	32.49527
	47.2829	32.49515
	47.28253	32.49502
	47.28238	32.49489
	47.28267	32.49424
	47.2826	32.49409
	47.28241	32.49398
	47.28231	32.49386
	47.28235	32.4936
	47.28213	32.49318
	47.28197	32.49306
	47.28182	32.49305
	47.28166	32.49298
	47.28163	32.49275
	47.28182	32.49256
	47.28187	32.49236
	47.2818	32.49174
	47.28144	32.49112
	47.28138	32.49079
	47.28149	32.49023
	47.2819	32.48949
	47.28201	32.48911
	47.28198	32.48852
	47.28033	32.48632
	47.28027	32.48595
	47.28005	32.48564
	47.27973	32.48549
	47.27884	32.48535
	47.27851	32.48524
	47.27844	32.48499
	47.27831	32.4848
	47.27846	32.48452
	47.27835	32.48433
	47.27773	32.48396
	47.27772	32.48377
	47.27793	32.48349
	47.27783	32.48322
	47.27764	32.48293
	47.27789	32.4825
	47.27779	32.48229
	47.27747	32.48206
	47.27729	32.48185
	47.27737	32.48143
	47.27726	32.48117
	47.27662	32.48107
	47.27635	32.48117
	47.27619	32.48141
	47.27591	32.48142
	47.2756	32.4815
	47.27524	32.48134
	47.27481	32.48133
	47.27444	32.48147
	47.27391	32.48145
	47.27361	32.48136
	47.27329	32.48149
	47.27276	32.48141
	47.27283	32.48088
	47.27264	32.48063
	47.27233	32.48049
	47.27189	32.48043
	47.27165	32.48024
	47.27164	32.47999
	47.27144	32.47968
	47.27119	32.47941
	47.27113	32.47903
	47.27096	32.47891
	47.2703	32.47895
	47.26951	32.4793
	47.26889	32.47887
	47.26872	32.47859
	47.26847	32.47858
	47.2683	32.47843
	47.26763	32.47821
	47.26721	32.47818
	47.26715	32.47803
	47.26756	32.47778
	47.26829	32.4772
	47.26917	32.47675
	47.26931	32.47647
	47.26921	32.47626
	47.26885	32.47603
	47.26852	32.47595
	47.26816	32.47601
	47.26784	32.47615
	47.26694	32.47602
	47.26672	32.4758
	47.26638	32.47569
	47.26598	32.47576
	47.26584	32.47572
	47.26567	32.47542
	47.26546	32.4752
	47.26493	32.47512
	47.26467	32.47444
	47.26383	32.4742
	47.2634	32.47387
	47.26308	32.47376
	47.26294	32.47365
	47.26269	32.4736
	47.26237	32.47365
	47.26207	32.47362
	47.26145	32.47351
	47.26111	32.47335
	47.26111	32.47309
	47.26123	32.47281
	47.26124	32.47264
	47.26077	32.4724
	47.26005	32.47217
	47.25992	32.47187
	47.25965	32.47174
	47.25942	32.47153
	47.25923	32.47121
	47.25907	32.4704
	47.25887	32.47009
	47.25881	32.46976
	47.25866	32.46942
	47.25837	32.46895
	47.25809	32.46887
	47.25782	32.46872
	47.25712	32.46845
	47.25687	32.4683
	47.25667	32.46807
	47.25637	32.46794
	47.25591	32.46809
	47.25547	32.46798
	47.25516	32.46807
	47.25489	32.46803
	47.25462	32.46785
	47.25455	32.46757
	47.25406	32.46709
	47.25395	32.46692
	47.25404	32.46677
	47.25406	32.46659
	47.25358	32.46646
	47.25348	32.4663
	47.25315	32.4662
	47.25295	32.46599
	47.25275	32.4659
	47.25267	32.46579
	47.25245	32.46572
	47.25225	32.46551
	47.25205	32.46547
	47.25157	32.46557
	47.25143	32.46539
	47.25138	32.46523
	47.25112	32.46511
	47.25096	32.46511
	47.25074	32.46521
	47.25038	32.46521
	47.24999	32.46515
	47.24965	32.46518
	47.24898	32.46533
	47.24886	32.46528
	47.24884	32.46527
	47.24864	32.46492
	47.24845	32.46478
	47.24838	32.46451
	47.24847	32.46428
	47.24835	32.46421
	47.2483	32.4642
	47.24819	32.46419
	47.24791	32.4642
	47.24762	32.46433
	47.24746	32.46433
	47.24737	32.46414
	47.24736	32.46393
	47.2472	32.46373
	47.24686	32.46363
	47.2454	32.46359
	47.24521	32.46343
	47.24494	32.46336
	47.24464	32.46339
	47.24441	32.46394
	47.2443	32.46447
	47.244	32.46469
	47.24292	32.46492
	47.24254	32.46494
	47.24231	32.46485
	47.24213	32.46487
	47.24195	32.46498
	47.2409	32.4651
	47.24067	32.46523
	47.24034	32.46524
	47.24007	32.46534
	47.23938	32.46531
	47.23839	32.46518
	47.23782	32.46522
	47.23722	32.46537
	47.2361	32.46577
	47.23588	32.46594
	47.23578	32.46623
	47.23548	32.4664
	47.23514	32.46648
	47.23462	32.46646
	47.23429	32.46653
	47.23369	32.46678
	47.23342	32.46682
	47.23277	32.46672
	47.23208	32.46565
	47.23161	32.46554
	47.23161	32.46535
	47.23132	32.46476
	47.23097	32.46453
	47.23024	32.46419
	47.23013	32.46409
	47.22985	32.46407
	47.22959	32.46361
	47.22944	32.46355
	47.22935	32.46341
	47.22939	32.4632
	47.22927	32.46313
	47.22897	32.46307
	47.22868	32.46312
	47.2285	32.46307
	47.22826	32.46291
	47.22802	32.46288
	47.22777	32.46292
	47.2273	32.46311
	47.2266	32.46315
	47.22578	32.46326
	47.22534	32.46321
	47.22506	32.46322
	47.22477	32.46305
	47.22476	32.46293
	47.22469	32.46287
	47.22443	32.46279
	47.22453	32.46246
	47.22448	32.46216
	47.22415	32.46206
	47.22392	32.46209
	47.22346	32.46188
	47.22343	32.46175
	47.22314	32.4618
	47.22299	32.46186
	47.22289	32.46192
	47.22271	32.46206
	47.22267	32.46234
	47.22236	32.46236
	47.22132	32.46222
	47.22116	32.46215
	47.22088	32.46217
	47.22052	32.46226
	47.22017	32.46245
	47.21999	32.46238
	47.21957	32.46242
	47.21864	32.46269
	47.21831	32.4627
	47.21713	32.46265
	47.21681	32.46255
	47.2166	32.46234
	47.21564	32.46271
	47.21534	32.46279
	47.21506	32.4628
	47.21459	32.46295
	47.21422	32.46308
	47.21403	32.46319
	47.21362	32.4631
	47.21301	32.46323
	47.21296	32.4631
	47.21309	32.46293
	47.21298	32.46266
	47.2127	32.46222
	47.2126	32.46186
	47.21248	32.46167
	47.21261	32.46119
	47.2128	32.46102
	47.2128	32.46091
	47.21269	32.46072
	47.21236	32.46039
	47.21161	32.4606
	47.21146	32.46043
	47.21126	32.46041
	47.21114	32.46027
	47.21058	32.4602
	47.21053	32.46033
	47.21034	32.46037
	47.21022	32.46045
	47.2098	32.46031
	47.20952	32.46038
	47.20941	32.46058
	47.20925	32.4607
	47.20916	32.46073
	47.2091	32.46074
	47.20884	32.46052
	47.20868	32.46052
	47.20845	32.46082
	47.20817	32.46067
	47.20788	32.46075
	47.20784	32.46082
	47.20791	32.46105
	47.20773	32.46112
	47.20756	32.4613
	47.20745	32.46134
	47.2071	32.46115
	47.20673	32.46113
	47.20636	32.46124
	47.20621	32.46123
	47.20606	32.46137
	47.20587	32.46142
	47.20558	32.46164
	47.20543	32.46149
	47.20514	32.46148
	47.20495	32.46142
	47.20475	32.46122
	47.20454	32.46125
	47.2043	32.46138
	47.2043	32.46178
	47.2042	32.46188
	47.20405	32.4618
	47.20394	32.46165
	47.20378	32.46156
	47.20364	32.46149
	47.20345	32.46148
	47.20305	32.4613
	47.20284	32.46137
	47.20267	32.46149
	47.20265	32.46161
	47.20246	32.46169
	47.20207	32.46157
	47.20178	32.46172
	47.20159	32.46165
	47.20123	32.46174
	47.20109	32.46165
	47.20081	32.46162
	47.20057	32.46139
	47.20032	32.46135
	47.20016	32.4614
	47.1993	32.46189
	47.19892	32.46204
	47.19872	32.46187
	47.19856	32.46182
	47.19765	32.46195
	47.19752	32.46208
	47.19628	32.46187
	47.19614	32.46192
	47.19594	32.46191
	47.19553	32.46201
	47.19517	32.46204
	47.19501	32.46213
	47.19491	32.4625
	47.19475	32.46283
	47.19047	32.46299
	47.1904	32.46183
	47.19023	32.46164
	47.18974	32.4614
	47.18916	32.46125
	47.18857	32.46117
	47.18781	32.46122
	47.18572	32.4616
	47.18444	32.46189
	47.18395	32.46182
	47.18354	32.46168
	47.18328	32.46147
	47.183	32.46098
	47.183	32.46031
	47.18284	32.45959
	47.18246	32.45953
	47.18071	32.45951
	47.18047	32.45937
	47.18035	32.45918
	47.18015	32.45807
	47.18013	32.45696
	47.18032	32.45638
	47.18077	32.45575
	47.1684	32.45728
	47.14981	32.46928
	47.13631	32.47554
	47.13621	32.47572
	47.13582	32.47633
	47.13496	32.4774
	47.13394	32.47845
	47.13376	32.47861
	47.13277	32.47941
	47.13245	32.47961
	47.12962	32.48111
	47.12671	32.48279
	47.12264	32.48506
	47.11919	32.48659
	47.11603	32.48786
	47.11481	32.48848
	47.10834	32.49255
	47.10714	32.49342
	47.10597	32.49466
	47.10374	32.49695
	47.10304	32.4976
	47.10244	32.49808
	47.10227	32.4982
	47.10173	32.49855
	47.09404	32.50271
	47.09274	32.50346
	47.09097	32.50471
	47.0905	32.50502
	47.09026	32.50515
	47.08981	32.5056
	47.08844	32.50658
	47.08463	32.5094
	47.08312	32.51049
	47.08226	32.51107
	47.08112	32.51167
	47.07825	32.51311
	47.07515	32.51463
	47.07451	32.51498
	47.07397	32.51517
	47.07187	32.51623
	47.06591	32.51948
	47.06454	32.52017
	47.06361	32.5206
	47.06241	32.52107
	47.06123	32.52148
	47.06004	32.52182
	47.05536	32.52615
	47.04898	32.5268
	47.04451	32.52925
	47.03314	32.54454
	47.02264	32.5508
	47.01741	32.55562
	46.97342	32.58134
	46.95577	32.59763
	46.9397	32.60577
	46.92216	32.61528
	46.91413	32.61833
	46.88724	32.63195
	46.87209	32.64648
	46.85735	32.65549
	46.84239	32.66698
	46.83637	32.67257
	46.83026	32.68632
	46.8259	32.69473
	46.81189	32.70102
	46.80424	32.70544
	46.79131	32.71195
	46.78779	32.72279
	46.7838	32.73016
	46.78367	32.73031
	46.7663	32.74203
	46.76633	32.74208
	46.75847	32.75116
	46.75846	32.75128
	46.75136	32.76034
	46.74046	32.76877
	46.7344	32.7754
	46.72062	32.78596
	46.7079	32.78546
	46.69836	32.78919
	46.69123	32.79335
	46.68865	32.79789
	46.65599	32.80735
	46.64731	32.81445
	46.63247	32.8178
	46.62262	32.82222
	46.61372	32.83248
	46.60159	32.84075
	46.5921	32.84786
	46.59241	32.85057
	46.58874	32.85138
	46.58522	32.85178
	46.57365	32.86162
	46.5557	32.8747
	46.52768	32.89241
	46.51869	32.89816
	46.51071	32.90028
	46.50416	32.90211
	46.49151	32.90299
	46.48051	32.9162
	46.47165	32.91766
	46.46209	32.92138
	46.46177	32.92157
	46.44941	32.92737
	46.45102	32.93107
	46.44742	32.93328
	46.44438	32.93051
	46.44118	32.93109
	46.43694	32.9334
	46.43161	32.93458
	46.42762	32.93553
	46.42257	32.93753
	46.41541	32.94153
	46.4101	32.94723
	46.38756	32.94884
	46.35919	32.95479
	46.34751	32.96032
	46.34481	32.95859
	46.33153	32.96523
	46.32202	32.96578
	46.31233	32.96882
	46.29814	32.96829
	46.28237	32.9689
	46.26637	32.97245
	46.25374	32.96861
	46.24413	32.97019
	46.2205	32.96343
	46.20735	32.96054
	46.19985	32.95912
	46.17356	32.95329
	46.1594	32.95513
	46.1378	32.95993
	46.13375	32.96087
	46.11999	32.96889
	46.10909	32.97426
	46.10218	32.97761
	46.09651	32.98168
	46.0966	32.98185
	46.09676	32.98198
	46.09699	32.98206
	46.09743	32.98197
	46.09758	32.98208
	46.09779	32.98247
	46.09782	32.98268
	46.09777	32.98293
	46.09764	32.98316
	46.09744	32.98334
	46.09669	32.98377
	46.09647	32.98398
	46.09639	32.98412
	46.09629	32.98418
	46.09592	32.98412
	46.09571	32.98417
	46.09411	32.98498
	46.09403	32.98513
	46.0951	32.98806
	46.09515	32.98841
	46.0951	32.98877
	46.09513	32.98903
	46.09521	32.98926
	46.09544	32.98983
	46.09562	32.99011
	46.09594	32.9904
	46.096	32.99053
	46.0961	32.9911
	46.09599	32.99163
	46.09608	32.99201
	46.09603	32.99241
	46.09609	32.99261
	46.0962	32.99278
	46.09669	32.99321
	46.09792	32.99413
	46.09816	32.99442
	46.09824	32.9947
	46.09816	32.99495
	46.09795	32.99512
	46.09755	32.99566
	46.09733	32.99623
	46.09714	32.99646
	46.09714	32.9966
	46.09723	32.9969
	46.09748	32.99728
	46.09789	32.99747
	46.09856	32.99788
	46.09909	32.99843
	46.09958	32.99936
	46.09978	33.00036
	46.09958	33.00127
	46.09936	33.00171
	46.09908	33.0021
	46.09874	33.00241
	46.09834	33.00264
	46.098	33.00278
	46.09561	33.00312
	46.0946	33.00335
	46.09375	33.00368
	46.09357	33.0038
	46.09348	33.0039
	46.09353	33.00411
	46.09369	33.00436
	46.09397	33.00459
	46.09486	33.00506
	46.09506	33.00523
	46.09545	33.00583
	46.09579	33.00619
	46.09582	33.00628
	46.09581	33.00641
	46.09565	33.00657
	46.09483	33.00713
	46.09403	33.00781
	46.09359	33.00849
	46.0936	33.00857
	46.09372	33.00865
	46.09443	33.00862
	46.09524	33.00851
	46.0959	33.00853
	46.09661	33.00877
	46.09682	33.00889
	46.09694	33.00906
	46.09702	33.00949
	46.0967	33.01029
	46.09632	33.01185
	46.09645	33.01235
	46.09643	33.01276
	46.09649	33.01285
	46.09716	33.01298
	46.09785	33.0132
	46.09858	33.01371
	46.09938	33.01462
	46.09978	33.01532
	46.09992	33.0157
	46.10003	33.01664
	46.10023	33.01736
	46.1002	33.0176
	46.10012	33.01777
	46.09956	33.01809
	46.09934	33.01829
	46.09916	33.01853
	46.09905	33.01885
	46.09887	33.01908
	46.09896	33.01944
	46.09916	33.01981
	46.0996	33.02003
	46.09995	33.02032
	46.1003	33.02026
	46.10048	33.02011
	46.10073	33.01963
	46.1013	33.01926
	46.10242	33.01874
	46.10274	33.01847
	46.10292	33.01838
	46.10312	33.01834
	46.10404	33.01843
	46.10438	33.01855
	46.1047	33.01877
	46.10494	33.01915
	46.10514	33.01991
	46.10551	33.02066
	46.1059	33.02104
	46.10606	33.02112
	46.10668	33.02123
	46.1076	33.02124
	46.10812	33.02096
	46.10822	33.02088
	46.1083	33.02065
	46.10838	33.02019
	46.10837	33.01913
	46.10859	33.01772
	46.10881	33.01744
	46.10942	33.01725
	46.10959	33.01726
	46.10982	33.01736
	46.11114	33.01805
	46.11119	33.01825
	46.11103	33.01909
	46.11108	33.01923
	46.11151	33.0196
	46.11163	33.01963
	46.11233	33.01968
	46.11297	33.01954
	46.11326	33.0194
	46.11377	33.01899
	46.11438	33.01868
	46.11489	33.01854
	46.11552	33.01859
	46.11697	33.01889
	46.11749	33.01902
	46.11779	33.01915
	46.11788	33.01924
	46.11796	33.01955
	46.11796	33.01963
	46.11795	33.01975
	46.11774	33.02008
	46.11776	33.02047
	46.11799	33.02075
	46.11824	33.02144
	46.11848	33.02188
	46.11859	33.02279
	46.11865	33.02288
	46.1188	33.02293
	46.11909	33.02289
	46.11945	33.02274
	46.12043	33.02213
	46.12074	33.02184
	46.12135	33.02103
	46.12165	33.02073
	46.12181	33.02063
	46.12232	33.02048
	46.12244	33.02012
	46.12242	33.01943
	46.12252	33.0189
	46.12317	33.01794
	46.12328	33.01786
	46.12339	33.01783
	46.12366	33.01787
	46.12443	33.01816
	46.12501	33.01871
	46.12485	33.02009
	46.12503	33.02052
	46.12522	33.02066
	46.12556	33.0207
	46.12881	33.02075
	46.12929	33.02079
	46.12991	33.02097
	46.13007	33.02112
	46.13031	33.02151
	46.13034	33.02181
	46.1301	33.02207
	46.12872	33.02264
	46.12847	33.02279
	46.12821	33.02306
	46.12819	33.02322
	46.12833	33.02359
	46.12851	33.02377
	46.12879	33.02386
	46.13026	33.024
	46.13119	33.02364
	46.13211	33.02347
	46.13263	33.02346
	46.13304	33.02354
	46.13335	33.0237
	46.13359	33.02392
	46.13373	33.02418
	46.13381	33.02472
	46.13373	33.02506
	46.13351	33.02545
	46.13327	33.02572
	46.13303	33.02585
	46.13182	33.02627
	46.13156	33.02643
	46.13136	33.02675
	46.13138	33.02713
	46.13145	33.02731
	46.13217	33.02795
	46.1323	33.02819
	46.13275	33.02953
	46.13288	33.02962
	46.13392	33.03001
	46.13425	33.03018
	46.1351	33.03073
	46.13529	33.0309
	46.13536	33.03104
	46.13538	33.03123
	46.13529	33.03155
	46.13511	33.03196
	46.13487	33.03233
	46.13463	33.03256
	46.13349	33.03307
	46.13306	33.0331
	46.13248	33.03326
	46.13196	33.03352
	46.13156	33.03382
	46.13139	33.03417
	46.1313	33.03457
	46.13132	33.03496
	46.13143	33.03527
	46.13164	33.03565
	46.13182	33.03583
	46.13381	33.03659
	46.13453	33.03698
	46.13573	33.03792
	46.13601	33.03822
	46.13693	33.0388
	46.13766	33.03937
	46.13848	33.04036
	46.13898	33.04129
	46.13919	33.04185
	46.13919	33.04213
	46.13898	33.043
	46.13891	33.04365
	46.13937	33.04547
	46.13952	33.04637
	46.13972	33.04679
	46.13983	33.04688
	46.13998	33.04688
	46.14122	33.04669
	46.14154	33.04675
	46.14168	33.04711
	46.14169	33.04739
	46.14181	33.04794
	46.1417	33.04827
	46.14171	33.04844
	46.14187	33.04864
	46.14198	33.04864
	46.14215	33.04854
	46.14282	33.04781
	46.14299	33.04773
	46.14324	33.04777
	46.14341	33.04816
	46.14336	33.04892
	46.14341	33.04905
	46.14359	33.04926
	46.14398	33.04954
	46.14454	33.05013
	46.14492	33.05077
	46.14509	33.05094
	46.14601	33.05128
	46.14629	33.0513
	46.14659	33.05124
	46.14726	33.05094
	46.14755	33.0506
	46.14759	33.05045
	46.14769	33.05044
	46.14791	33.05053
	46.14836	33.05101
	46.14858	33.05155
	46.14856	33.05184
	46.14866	33.05249
	46.14875	33.05269
	46.14889	33.05285
	46.14964	33.05335
	46.14986	33.05366
	46.14985	33.0539
	46.14945	33.05508
	46.14955	33.05637
	46.14967	33.0567
	46.14981	33.05697
	46.15	33.05717
	46.15089	33.05757
	46.15148	33.05804
	46.15187	33.05811
	46.15202	33.0582
	46.1522	33.05841
	46.15227	33.05867
	46.15231	33.05968
	46.15227	33.05986
	46.15207	33.06004
	46.15191	33.06032
	46.15147	33.06089
	46.1514	33.06112
	46.15139	33.06139
	46.15147	33.06167
	46.15166	33.06197
	46.15247	33.06258
	46.15279	33.06311
	46.153	33.0633
	46.15343	33.06355
	46.15385	33.06358
	46.15429	33.06346
	46.15452	33.06345
	46.15522	33.06357
	46.15533	33.06368
	46.15573	33.06433
	46.15565	33.06464
	46.1557	33.0647
	46.15613	33.06475
	46.15643	33.06489
	46.15643	33.06528
	46.15735	33.06501
	46.1579	33.06511
	46.1581	33.06535
	46.15827	33.06539
	46.15851	33.0654
	46.15867	33.06528
	46.15873	33.06512
	46.15886	33.06508
	46.1591	33.06517
	46.1594	33.06514
	46.15961	33.06525
	46.16052	33.06545
	46.16087	33.0661
	46.16084	33.06635
	46.16093	33.06656
	46.1615	33.0669
	46.16186	33.06726
	46.1621	33.06738
	46.16256	33.0678
	46.16265	33.06803
	46.16318	33.06846
	46.16342	33.06848
	46.1636	33.06856
	46.16369	33.0687
	46.16406	33.06883
	46.16414	33.06897
	46.16431	33.06907
	46.16463	33.06943
	46.16437	33.06958
	46.1642	33.06976
	46.16385	33.06995
	46.16365	33.0703
	46.16363	33.07046
	46.16323	33.07058
	46.16287	33.07108
	46.16167	33.07129
	46.16147	33.07129
	46.16133	33.07113
	46.1612	33.07107
	46.16081	33.07107
	46.16067	33.07085
	46.15986	33.07098
	46.15957	33.07123
	46.15911	33.07147
	46.15897	33.07167
	46.15878	33.07179
	46.15799	33.07176
	46.15773	33.07194
	46.1574	33.07201
	46.15722	33.07225
	46.15683	33.07247
	46.1566	33.07253
	46.15561	33.07254
	46.15527	33.0724
	46.15505	33.07223
	46.15507	33.07212
	46.15529	33.072
	46.15527	33.07165
	46.15443	33.07131
	46.15402	33.07133
	46.15385	33.07126
	46.15379	33.07113
	46.15367	33.07106
	46.15315	33.07121
	46.15292	33.07118
	46.15276	33.07126
	46.15217	33.07118
	46.15194	33.07122
	46.15127	33.07119
	46.15123	33.07133
	46.15099	33.07161
	46.15054	33.07155
	46.15041	33.07149
	46.14996	33.07146
	46.14962	33.07137
	46.14903	33.07153
	46.14885	33.07143
	46.14868	33.0714
	46.14863	33.07132
	46.14844	33.07127
	46.14836	33.07093
	46.14813	33.07081
	46.14788	33.07043
	46.14757	33.07038
	46.14709	33.07047
	46.14704	33.07057
	46.14641	33.07061
	46.14622	33.07069
	46.14596	33.07095
	46.14556	33.07099
	46.14442	33.07122
	46.14424	33.07129
	46.14416	33.07143
	46.14397	33.0714
	46.14376	33.07142
	46.14244	33.07095
	46.14199	33.07117
	46.14177	33.07116
	46.14157	33.07107
	46.14151	33.07095
	46.14135	33.07092
	46.14127	33.07094
	46.1412	33.07098
	46.14111	33.07111
	46.14106	33.07133
	46.1406	33.07158
	46.14017	33.07155
	46.13992	33.0716
	46.13955	33.07159
	46.13939	33.07166
	46.13887	33.07158
	46.13803	33.07181
	46.1376	33.07173
	46.13731	33.07151
	46.13716	33.0716
	46.1369	33.07153
	46.13675	33.07162
	46.13636	33.07157
	46.13635	33.0717
	46.13627	33.07186
	46.13617	33.07192
	46.13597	33.07181
	46.13578	33.07182
	46.13557	33.07203
	46.13521	33.07198
	46.13507	33.0719
	46.13472	33.07211
	46.13465	33.07227
	46.13452	33.07235
	46.13432	33.07238
	46.1338	33.07235
	46.13357	33.07245
	46.13329	33.07245
	46.13305	33.07257
	46.13279	33.07258
	46.13275	33.07274
	46.13256	33.07291
	46.1322	33.073
	46.13217	33.07306
	46.13234	33.07318
	46.13216	33.0736
	46.13203	33.07376
	46.13188	33.07384
	46.13152	33.0739
	46.13132	33.07404
	46.13113	33.07408
	46.13035	33.07411
	46.13031	33.07403
	46.12975	33.07396
	46.12962	33.07386
	46.12942	33.07386
	46.12928	33.07373
	46.12895	33.07372
	46.12839	33.07385
	46.12824	33.074
	46.128	33.07403
	46.1277	33.07394
	46.12743	33.0737
	46.12706	33.07367
	46.12696	33.07353
	46.12672	33.07348
	46.12614	33.07346
	46.12569	33.07327
	46.1252	33.07323
	46.12513	33.0731
	46.12495	33.07302
	46.12481	33.07289
	46.12429	33.07286
	46.12363	33.07261
	46.1235	33.07263
	46.12334	33.07275
	46.12321	33.07272
	46.12296	33.07242
	46.12279	33.07201
	46.12241	33.07192
	46.12221	33.07201
	46.12194	33.07204
	46.12173	33.07215
	46.12108	33.07213
	46.12067	33.07224
	46.12038	33.07251
	46.12009	33.07252
	46.11998	33.07248
	46.11987	33.07253
	46.1198	33.07287
	46.11964	33.07303
	46.11919	33.07303
	46.119	33.07318
	46.11871	33.07314
	46.11844	33.07319
	46.1183	33.07329
	46.1181	33.07326
	46.11801	33.07333
	46.11795	33.07349
	46.11783	33.07348
	46.11723	33.07325
	46.11704	33.07324
	46.11651	33.07354
	46.11644	33.07377
	46.11652	33.07395
	46.11646	33.0741
	46.11626	33.07415
	46.11584	33.07411
	46.11568	33.07418
	46.11575	33.07446
	46.11555	33.07452
	46.11514	33.07473
	46.11486	33.07538
	46.11482	33.07578
	46.11501	33.07584
	46.11512	33.07594
	46.11509	33.07643
	46.11497	33.07662
	46.11471	33.07686
	46.11436	33.07702
	46.11419	33.07701
	46.11399	33.07708
	46.11377	33.07721
	46.11367	33.07736
	46.11375	33.07752
	46.11365	33.07776
	46.11372	33.07782
	46.11376	33.07798
	46.11374	33.07818
	46.11349	33.07843
	46.11313	33.07898
	46.11303	33.07933
	46.11291	33.07951
	46.11273	33.07964
	46.11259	33.07962
	46.11241	33.07938
	46.1123	33.07935
	46.11214	33.07943
	46.11199	33.07956
	46.11151	33.07972
	46.11102	33.07977
	46.11025	33.07958
	46.11016	33.07948
	46.10998	33.07947
	46.10987	33.07963
	46.10981	33.08013
	46.10914	33.0806
	46.10878	33.08073
	46.10869	33.08083
	46.10828	33.0809
	46.10783	33.08107
	46.10765	33.08089
	46.10746	33.08091
	46.10729	33.08102
	46.10718	33.08159
	46.10701	33.08175
	46.10665	33.08188
	46.1066	33.08203
	46.1066	33.08248
	46.1065	33.0827
	46.10661	33.08279
	46.10679	33.08284
	46.10685	33.08299
	46.10665	33.08347
	46.10669	33.08361
	46.1065	33.08403
	46.10631	33.0841
	46.10568	33.08411
	46.10546	33.08424
	46.10533	33.08446
	46.10515	33.08453
	46.10453	33.08443
	46.10415	33.08454
	46.10392	33.08452
	46.10379	33.08442
	46.10361	33.08381
	46.10352	33.08378
	46.10319	33.08393
	46.1028	33.084
	46.10257	33.08409
	46.1024	33.08425
	46.10241	33.08441
	46.10222	33.08456
	46.102	33.08455
	46.1019	33.08464
	46.10171	33.0847
	46.10156	33.08454
	46.10127	33.08454
	46.10111	33.0846
	46.10086	33.08495
	46.1007	33.08498
	46.1005	33.08494
	46.1004	33.08502
	46.1003	33.08503
	46.1001	33.085
	46.09985	33.08474
	46.09981	33.08464
	46.09955	33.08464
	46.09938	33.08465
	46.09937	33.08478
	46.09914	33.085
	46.09853	33.08525
	46.09832	33.08524
	46.09825	33.08521
	46.0982	33.08518
	46.09804	33.08499
	46.09761	33.08503
	46.09755	33.08539
	46.09733	33.08546
	46.09722	33.0856
	46.09722	33.08578
	46.09705	33.08583
	46.09691	33.08612
	46.09677	33.08627
	46.09663	33.08641
	46.09637	33.08633
	46.09618	33.08633
	46.09609	33.08647
	46.0958	33.08663
	46.09565	33.08706
	46.09544	33.08717
	46.09525	33.08745
	46.09493	33.08761
	46.09462	33.08765
	46.09446	33.08772
	46.09433	33.08788
	46.09394	33.08808
	46.09377	33.08814
	46.09348	33.08809
	46.09317	33.08837
	46.09277	33.08838
	46.09266	33.08814
	46.09244	33.08815
	46.09191	33.08793
	46.09169	33.08792
	46.09148	33.08797
	46.09113	33.08791
	46.09108	33.0878
	46.09114	33.08757
	46.0905	33.08734
	46.09025	33.08732
	46.09002	33.08726
	46.08977	33.08699
	46.08978	33.08687
	46.08954	33.08669
	46.08893	33.08686
	46.08884	33.0869
	46.08881	33.08725
	46.08868	33.08733
	46.08905	33.08773
	46.08901	33.0879
	46.08891	33.08803
	46.08845	33.08822
	46.08849	33.08849
	46.08815	33.08888
	46.08795	33.08888
	46.08773	33.08896
	46.08752	33.08929
	46.08729	33.08944
	46.08717	33.08959
	46.08683	33.09028
	46.08649	33.09046
	46.08645	33.09067
	46.08635	33.09077
	46.08614	33.09074
	46.08497	33.09121
	46.08475	33.09123
	46.08437	33.0915
	46.08376	33.0914
	46.08362	33.09126
	46.08334	33.09118
	46.08321	33.09099
	46.08294	33.09103
	46.08245	33.09098
	46.08223	33.09081
	46.08201	33.09056
	46.08184	33.09056
	46.08137	33.09035
	46.08127	33.08999
	46.08114	33.08981
	46.08102	33.0898
	46.08087	33.08987
	46.08079	33.09003
	46.08066	33.09008
	46.08051	33.09004
	46.08026	33.0899
	46.08003	33.08995
	46.07991	33.08989
	46.07979	33.08966
	46.07969	33.08963
	46.07934	33.0897
	46.07926	33.08984
	46.07897	33.09006
	46.07849	33.0901
	46.07821	33.09036
	46.07798	33.09073
	46.07774	33.09083
	46.07738	33.09087
	46.07707	33.09097
	46.07688	33.0911
	46.0767	33.09111
	46.07652	33.09102
	46.07582	33.09148
	46.07569	33.09144
	46.07563	33.09127
	46.07547	33.09118
	46.07501	33.09122
	46.0749	33.09117
	46.07482	33.09104
	46.07483	33.09092
	46.07474	33.09089
	46.07451	33.09092
	46.07421	33.09082
	46.07416	33.0908
	46.07405	33.09066
	46.07358	33.09047
	46.07348	33.09033
	46.07345	33.09009
	46.07348	33.08995
	46.07362	33.0898
	46.07344	33.08964
	46.0734	33.08953
	46.07325	33.08942
	46.07274	33.08942
	46.07257	33.08934
	46.07236	33.08932
	46.07219	33.08912
	46.07202	33.08913
	46.07185	33.08921
	46.07125	33.08909
	46.0709	33.08927
	46.07087	33.08949
	46.07077	33.08966
	46.07077	33.08985
	46.07052	33.08998
	46.07044	33.09018
	46.0701	33.09033
	46.07002	33.09045
	46.06982	33.09057
	46.06959	33.09061
	46.06917	33.09092
	46.06877	33.09088
	46.06861	33.09095
	46.06855	33.09098
	46.06846	33.09126
	46.06824	33.09138
	46.06766	33.09137
	46.0675	33.09141
	46.06738	33.09158
	46.06684	33.0917
	46.06666	33.09162
	46.06628	33.09166
	46.06573	33.09159
	46.06558	33.09143
	46.06519	33.09117
	46.06515	33.09101
	46.06542	33.09046
	46.06513	33.09036
	46.06506	33.08991
	46.06478	33.0897
	46.06445	33.08998
	46.06427	33.09002
	46.0641	33.08997
	46.06404	33.08983
	46.06365	33.08981
	46.06291	33.09008
	46.06252	33.08999
	46.06232	33.08984
	46.06193	33.08973
	46.0618	33.08965
	46.06169	33.08945
	46.06167	33.08945
	46.06157	33.08946
	46.06145	33.08956
	46.06106	33.0896
	46.06084	33.08956
	46.06054	33.08959
	46.06047	33.08979
	46.06032	33.08982
	46.06021	33.08991
	46.06014	33.09007
	46.05997	33.09027
	46.05992	33.09028
	46.05981	33.09029
	46.05965	33.09021
	46.05928	33.09023
	46.05862	33.09045
	46.05846	33.09042
	46.05823	33.09029
	46.05751	33.09035
	46.05708	33.09029
	46.05693	33.0904
	46.05669	33.09047
	46.05647	33.09066
	46.05633	33.09085
	46.05629	33.09103
	46.0561	33.09108
	46.05587	33.09127
	46.05532	33.09156
	46.05508	33.09154
	46.0549	33.09166
	46.05459	33.09153
	46.05416	33.09144
	46.05397	33.09152
	46.05346	33.09176
	46.05342	33.09189
	46.05312	33.09205
	46.0528	33.09211
	46.05267	33.09242
	46.05249	33.09256
	46.0523	33.09263
	46.05222	33.09297
	46.05182	33.09322
	46.05177	33.09337
	46.05186	33.09359
	46.05186	33.09376
	46.05176	33.09397
	46.05159	33.09415
	46.05102	33.09436
	46.05022	33.09427
	46.05006	33.09409
	46.04939	33.09384
	46.04919	33.09387
	46.04895	33.09401
	46.04885	33.09392
	46.0487	33.09361
	46.04854	33.09361
	46.04835	33.09368
	46.04821	33.09366
	46.04812	33.09362
	46.04806	33.09351
	46.04804	33.0935
	46.04784	33.09344
	46.04758	33.09348
	46.04746	33.09336
	46.04674	33.09352
	46.04654	33.09352
	46.04597	33.09378
	46.04595	33.0939
	46.04582	33.09406
	46.04499	33.0943
	46.04463	33.09427
	46.04435	33.09432
	46.04401	33.09396
	46.04406	33.09381
	46.0442	33.09369
	46.04416	33.09353
	46.04399	33.09353
	46.04369	33.09359
	46.04358	33.09384
	46.04321	33.0939
	46.04305	33.09401
	46.04284	33.09406
	46.04263	33.09405
	46.04254	33.0941
	46.04247	33.0943
	46.0423	33.09435
	46.04224	33.09447
	46.04212	33.09453
	46.04197	33.09454
	46.04184	33.09448
	46.04176	33.09435
	46.04163	33.09433
	46.04125	33.09454
	46.041	33.09429
	46.04071	33.09452
	46.04037	33.09454
	46.04683	33.11135
	46.05367	33.12813
	46.05364	33.1273
	46.05386	33.12685
	46.05417	33.12651
	46.05454	33.12624
	46.05513	33.12599
	46.05732	33.12529
	46.05855	33.1251
	46.05883	33.12498
	46.05922	33.1247
	46.05999	33.1244
	46.06152	33.12406
	46.06209	33.12405
	46.06263	33.12416
	46.06328	33.12421
	46.06472	33.12413
	46.06521	33.12402
	46.0654	33.12407
	46.06554	33.12417
	46.06564	33.12434
	46.06569	33.12456
	46.06567	33.12476
	46.06575	33.12504
	46.06593	33.12544
	46.06637	33.12611
	46.06659	33.12667
	46.0671	33.12696
	46.06784	33.12712
	46.0699	33.12693
	46.07041	33.12681
	46.07176	33.12629
	46.07212	33.12606
	46.07235	33.12581
	46.07252	33.12552
	46.07347	33.12474
	46.07357	33.12458
	46.07351	33.12418
	46.07354	33.12399
	46.07364	33.12382
	46.07381	33.1237
	46.07404	33.12362
	46.07456	33.12358
	46.07516	33.12367
	46.07579	33.12384
	46.07604	33.12393
	46.07675	33.1242
	46.07697	33.12466
	46.07729	33.12481
	46.07818	33.12485
	46.07967	33.12452
	46.08002	33.1244
	46.08027	33.12423
	46.08098	33.12346
	46.08121	33.12328
	46.08177	33.12314
	46.08213	33.12314
	46.08248	33.12322
	46.08319	33.12319
	46.08369	33.12304
	46.08413	33.12284
	46.0846	33.12271
	46.08542	33.12233
	46.08572	33.12197
	46.08598	33.12179
	46.08663	33.12154
	46.08763	33.12145
	46.0879	33.12134
	46.08877	33.12076
	46.08907	33.12047
	46.08931	33.12018
	46.0893	33.11951
	46.08944	33.11925
	46.08965	33.11912
	46.08985	33.11906
	46.09161	33.11945
	46.09227	33.11942
	46.09267	33.11948
	46.09292	33.11958
	46.09356	33.12015
	46.09434	33.12074
	46.09477	33.12098
	46.0954	33.1212
	46.09639	33.12132
	46.09685	33.12143
	46.09806	33.12181
	46.09862	33.12189
	46.09954	33.1222
	46.10002	33.12244
	46.1004	33.12213
	46.10052	33.12194
	46.10074	33.1218
	46.10104	33.12169
	46.10134	33.12166
	46.10376	33.12188
	46.10417	33.12203
	46.10484	33.12242
	46.10512	33.12287
	46.10528	33.123
	46.10594	33.12307
	46.1065	33.12324
	46.10668	33.12325
	46.10689	33.12316
	46.10749	33.12279
	46.1077	33.1226
	46.10774	33.12238
	46.10772	33.12194
	46.10785	33.12131
	46.10814	33.12092
	46.10869	33.12041
	46.1088	33.12005
	46.10883	33.11964
	46.1087	33.11927
	46.10869	33.11893
	46.10905	33.11845
	46.10986	33.11803
	46.11153	33.11689
	46.1125	33.11613
	46.11272	33.116
	46.1132	33.1154
	46.1139	33.11502
	46.11428	33.11493
	46.11536	33.11492
	46.11595	33.11478
	46.11753	33.11489
	46.11777	33.11488
	46.11806	33.1148
	46.11832	33.11482
	46.1186	33.11494
	46.1189	33.11514
	46.1191	33.11538
	46.1192	33.11558
	46.11927	33.11593
	46.11925	33.11623
	46.11935	33.11649
	46.11955	33.11672
	46.11985	33.11693
	46.12036	33.11719
	46.1208	33.11728
	46.12136	33.11747
	46.1217	33.11753
	46.12196	33.11748
	46.1223	33.11736
	46.12255	33.11717
	46.12274	33.1169
	46.12279	33.1167
	46.12268	33.11619
	46.12273	33.116
	46.12324	33.11582
	46.12346	33.11589
	46.12358	33.11601
	46.12372	33.11643
	46.12387	33.11667
	46.12412	33.11689
	46.12497	33.11699
	46.12545	33.11708
	46.12674	33.11824
	46.12654	33.11874
	46.12657	33.119
	46.12693	33.1196
	46.12713	33.11985
	46.12766	33.12001
	46.12785	33.12013
	46.12809	33.1207
	46.12859	33.1213
	46.12885	33.12148
	46.12931	33.1222
	46.12998	33.12286
	46.13021	33.12298
	46.13051	33.12304
	46.13068	33.12307
	46.13111	33.12307
	46.13259	33.12281
	46.13298	33.12285
	46.13314	33.12302
	46.13379	33.12335
	46.13394	33.1235
	46.13436	33.12375
	46.13474	33.1238
	46.13511	33.12391
	46.13612	33.1245
	46.13652	33.12492
	46.13664	33.12526
	46.13669	33.12601
	46.13667	33.12679
	46.137	33.12797
	46.1372	33.12813
	46.13751	33.12819
	46.13778	33.12817
	46.13809	33.12825
	46.13867	33.12891
	46.13936	33.1295
	46.13979	33.12981
	46.14008	33.12996
	46.14111	33.1302
	46.14137	33.13039
	46.14157	33.13071
	46.14187	33.13093
	46.14237	33.13121
	46.14281	33.13135
	46.14348	33.13148
	46.14408	33.13155
	46.14456	33.13152
	46.14539	33.13138
	46.14565	33.13139
	46.14596	33.1315
	46.14628	33.13191
	46.14666	33.13203
	46.14839	33.13292
	46.14909	33.13356
	46.14951	33.13383
	46.14981	33.13412
	46.15001	33.1344
	46.15008	33.13462
	46.15006	33.13491
	46.15023	33.13518
	46.15107	33.13574
	46.15118	33.13615
	46.15113	33.13646
	46.15121	33.13667
	46.15154	33.13699
	46.15293	33.13766
	46.15312	33.13791
	46.15334	33.13854
	46.15357	33.13891
	46.15412	33.13937
	46.15441	33.13976
	46.15455	33.14015
	46.15487	33.14038
	46.15548	33.14068
	46.15741	33.14154
	46.1581	33.14197
	46.15847	33.14228
	46.1593	33.14269
	46.15946	33.14306
	46.15953	33.14338
	46.15948	33.14375
	46.15921	33.14479
	46.15886	33.14562
	46.15885	33.14589
	46.15889	33.14625
	46.15903	33.14661
	46.15926	33.14694
	46.15959	33.14725
	46.15984	33.14791
	46.1599	33.14826
	46.15994	33.14925
	46.15973	33.14999
	46.15977	33.1508
	46.15998	33.15141
	46.16068	33.15222
	46.16092	33.15243
	46.16129	33.1526
	46.16146	33.15264
	46.16235	33.15311
	46.16315	33.15319
	46.1644	33.15283
	46.16466	33.15283
	46.1651	33.1529
	46.16564	33.15309
	46.16593	33.15325
	46.16606	33.15333
	46.16645	33.15367
	46.1666	33.15399
	46.16688	33.15422
	46.16714	33.15455
	46.16747	33.15519
	46.16786	33.1555
	46.16874	33.15691
	46.16892	33.15702
	46.16925	33.15709
	46.16973	33.1571
	46.17033	33.15744
	46.17102	33.15767
	46.17186	33.15863
	46.17256	33.15896
	46.17299	33.15928
	46.17363	33.15967
	46.17488	33.16038
	46.17578	33.16078
	46.17615	33.16104
	46.17636	33.16145
	46.17661	33.16262
	46.17686	33.16317
	46.17786	33.16421
	46.17834	33.16458
	46.17932	33.16509
	46.18048	33.16607
	46.18061	33.16635
	46.18057	33.16701
	46.18003	33.16781
	46.17997	33.16809
	46.17999	33.16833
	46.18027	33.16878
	46.18061	33.16916
	46.18084	33.16955
	46.18122	33.17001
	46.18157	33.17024
	46.18204	33.17038
	46.18237	33.17061
	46.18314	33.17147
	46.18335	33.17192
	46.18377	33.17247
	46.18433	33.17335
	46.18497	33.17537
	46.1862	33.17698
	46.18683	33.1776
	46.18827	33.17852
	46.18878	33.17869
	46.18945	33.17901
	46.1912	33.17974
	46.19182	33.17989
	46.19344	33.18014
	46.19385	33.18032
	46.19423	33.18038
	46.19516	33.18043
	46.19634	33.18055
	46.19663	33.18062
	46.19685	33.18078
	46.19753	33.18155
	46.19808	33.18254
	46.19819	33.18298
	46.19819	33.18358
	46.19829	33.18395
	46.19901	33.18569
	46.19928	33.18643
	46.19936	33.18686
	46.19934	33.18741
	46.19926	33.18779
	46.19833	33.18888
	46.19818	33.18927
	46.19812	33.18969
	46.19813	33.19033
	46.19806	33.19105
	46.19812	33.19137
	46.19832	33.19174
	46.19873	33.19201
	46.19995	33.19244
	46.20211	33.19363
	46.20306	33.19403
	46.20401	33.19463
	46.20476	33.19484
	46.20488	33.19504
	46.20502	33.19545
	46.20531	33.19579
	46.20574	33.19612
	46.20627	33.19642
	46.2068	33.19665
	46.20742	33.19679
	46.20791	33.19676
	46.20822	33.19687
	46.20855	33.19712
	46.20891	33.19724
	46.20939	33.19727
	46.21085	33.1971
	46.21197	33.19704
	46.21235	33.19707
	46.21237	33.19802
	46.21246	33.19866
	46.21206	33.19931
	46.21161	33.1996
	46.21147	33.19961
	46.21145	33.19969
	46.21153	33.20007
	46.21149	33.20027
	46.21156	33.2004
	46.21177	33.2004
	46.21229	33.20035
	46.21248	33.20025
	46.21265	33.20024
	46.21314	33.20045
	46.21347	33.2005
	46.21362	33.2006
	46.2138	33.20079
	46.21392	33.20102
	46.21404	33.20158
	46.21482	33.20251
	46.21488	33.20268
	46.21552	33.20307
	46.2156	33.20322
	46.21544	33.20344
	46.21499	33.20359
	46.20553	33.20243
	46.19734	33.20128
	46.18323	33.20422
	46.1821	33.2049
	46.18174	33.2052
	46.18157	33.2055
	46.18082	33.20591
	46.18068	33.20607
	46.18058	33.20634
	46.18055	33.20707
	46.1806	33.20731
	46.18093	33.20773
	46.18122	33.20796
	46.18159	33.20813
	46.18183	33.20831
	46.18192	33.20847
	46.18185	33.20947
	46.18192	33.20964
	46.18208	33.20978
	46.18235	33.20993
	46.18264	33.20998
	46.18307	33.20994
	46.18328	33.20988
	46.18343	33.20975
	46.18367	33.20931
	46.18385	33.20918
	46.18414	33.20914
	46.18451	33.20918
	46.18543	33.20952
	46.18612	33.20984
	46.18624	33.20997
	46.18631	33.21019
	46.18633	33.2105
	46.18625	33.21077
	46.18627	33.21093
	46.18687	33.2118
	46.18698	33.21213
	46.18662	33.21274
	46.1863	33.21315
	46.18607	33.21362
	46.18572	33.21409
	46.18555	33.2146
	46.18536	33.21481
	46.18525	33.21507
	46.18507	33.21564
	46.18441	33.21635
	46.18419	33.21678
	46.18406	33.21729
	46.18366	33.21773
	46.18308	33.21815
	46.18279	33.21854
	46.1824	33.21933
	46.18239	33.21969
	46.18256	33.22
	46.1827	33.2201
	46.18274	33.2202
	46.18278	33.22077
	46.18293	33.2212
	46.18331	33.22171
	46.18363	33.22238
	46.18401	33.22275
	46.18432	33.22345
	46.18467	33.2236
	46.18475	33.22373
	46.18492	33.22441
	46.18487	33.22474
	46.18503	33.22517
	46.18535	33.22547
	46.18533	33.2259
	46.18559	33.22635
	46.18568	33.22674
	46.18601	33.22694
	46.18649	33.22703
	46.18678	33.22715
	46.18715	33.22721
	46.18731	33.22738
	46.18757	33.22737
	46.18775	33.22742
	46.18802	33.22755
	46.18846	33.22767
	46.18857	33.22776
	46.18891	33.22771
	46.18915	33.22758
	46.18934	33.22759
	46.18946	33.22764
	46.18958	33.22789
	46.18973	33.22793
	46.19033	33.22795
	46.1907	33.22812
	46.19106	33.22865
	46.19129	33.22923
	46.19152	33.22951
	46.19152	33.22973
	46.19172	33.22989
	46.19186	33.23015
	46.19218	33.23026
	46.19224	33.23035
	46.19223	33.23044
	46.19216	33.2305
	46.19186	33.23056
	46.19186	33.23087
	46.19176	33.2311
	46.192	33.23146
	46.19194	33.2317
	46.19214	33.23194
	46.19232	33.23255
	46.1923	33.23271
	46.19218	33.23281
	46.19216	33.23291
	46.19226	33.23318
	46.19217	33.23329
	46.19241	33.23401
	46.19228	33.23438
	46.19216	33.23457
	46.19213	33.2348
	46.19215	33.23495
	46.19233	33.2353
	46.1923	33.23546
	46.19235	33.23589
	46.19286	33.23658
	46.19286	33.2368
	46.19302	33.23723
	46.19326	33.23735
	46.19341	33.2375
	46.19359	33.23795
	46.19352	33.23838
	46.19336	33.23857
	46.19283	33.23861
	46.19277	33.23899
	46.19248	33.23911
	46.19243	33.23917
	46.19255	33.23947
	46.19249	33.23951
	46.19226	33.23956
	46.192	33.23969
	46.19193	33.23967
	46.1918	33.23929
	46.19171	33.23928
	46.19157	33.2394
	46.19147	33.23959
	46.19158	33.23991
	46.19124	33.24001
	46.19107	33.24014
	46.19098	33.24016
	46.19088	33.2401
	46.19088	33.23974
	46.19079	33.23971
	46.19042	33.23974
	46.18972	33.23989
	46.18968	33.24011
	46.18958	33.24025
	46.18941	33.24035
	46.18919	33.24038
	46.18917	33.24068
	46.18909	33.24097
	46.1889	33.24108
	46.18873	33.24111
	46.18853	33.24105
	46.18839	33.24109
	46.18824	33.24121
	46.1882	33.24136
	46.18805	33.24148
	46.18797	33.24163
	46.18798	33.24174
	46.18819	33.24189
	46.18812	33.24197
	46.1881	33.24222
	46.18774	33.24231
	46.18763	33.24238
	46.18762	33.24245
	46.18772	33.24255
	46.18807	33.24263
	46.18812	33.24274
	46.1881	33.24282
	46.1876	33.24285
	46.18751	33.24297
	46.18753	33.24319
	46.18874	33.24733
	46.18869	33.24743
	46.18893	33.24787
	46.18888	33.24809
	46.1887	33.24819
	46.18868	33.24833
	46.18878	33.24852
	46.18875	33.24867
	46.18862	33.24885
	46.18864	33.249
	46.18902	33.24929
	46.18906	33.24943
	46.18901	33.24962
	46.18911	33.25002
	46.18903	33.25006
	46.18867	33.25003
	46.18855	33.25006
	46.18849	33.25015
	46.18862	33.25039
	46.18862	33.25053
	46.18798	33.25081
	46.18792	33.25091
	46.18792	33.25123
	46.18784	33.25138
	46.18732	33.25174
	46.18722	33.25187
	46.1872	33.25199
	46.18724	33.25204
	46.18738	33.25206
	46.18775	33.25197
	46.18788	33.25202
	46.18796	33.25212
	46.18796	33.25229
	46.18786	33.25248
	46.18779	33.25258
	46.18783	33.25265
	46.18812	33.25277
	46.18815	33.25286
	46.188	33.2533
	46.18805	33.25341
	46.18816	33.25347
	46.18828	33.25347
	46.18852	33.25333
	46.18868	33.25316
	46.18884	33.25311
	46.18898	33.25314
	46.18937	33.25393
	46.18941	33.2541
	46.18937	33.25423
	46.18907	33.25434
	46.18905	33.2544
	46.18904	33.25447
	46.18912	33.25474
	46.18923	33.2549
	46.18945	33.25494
	46.18985	33.25482
	46.19	33.25447
	46.19016	33.25443
	46.19072	33.25452
	46.19085	33.25467
	46.19093	33.25481
	46.1909	33.25491
	46.19066	33.25515
	46.19034	33.25535
	46.19001	33.25541
	46.18987	33.25549
	46.18957	33.25596
	46.18948	33.25598
	46.18935	33.25594
	46.18924	33.25599
	46.1891	33.25638
	46.18897	33.25646
	46.18881	33.25646
	46.18868	33.25652
	46.18856	33.25668
	46.18863	33.25693
	46.1886	33.25706
	46.18865	33.25722
	46.18883	33.25736
	46.18889	33.25752
	46.18898	33.25761
	46.18923	33.2576
	46.18933	33.25773
	46.18984	33.25774
	46.19038	33.25821
	46.1907	33.25834
	46.19116	33.25832
	46.1916	33.25879
	46.19159	33.25893
	46.19167	33.25923
	46.19164	33.25952
	46.19153	33.25983
	46.19086	33.26077
	46.19064	33.26122
	46.19053	33.26137
	46.19001	33.26168
	46.18989	33.26219
	46.18999	33.26254
	46.18983	33.26397
	46.1892	33.26447
	46.18896	33.26453
	46.1885	33.26448
	46.18825	33.26452
	46.18803	33.26463
	46.18787	33.26484
	46.18743	33.26494
	46.18721	33.26512
	46.18676	33.26516
	46.18645	33.26507
	46.18584	33.2653
	46.18564	33.26531
	46.18554	33.26534
	46.18531	33.26543
	46.18513	33.26568
	46.18428	33.26597
	46.18366	33.26602
	46.18326	33.26585
	46.18312	33.26588
	46.18293	33.26602
	46.18277	33.26607
	46.18257	33.26605
	46.18148	33.26555
	46.18126	33.26541
	46.18066	33.26526
	46.18046	33.26527
	46.18021	33.26546
	46.18003	33.26566
	46.17966	33.26584
	46.17932	33.2662
	46.17896	33.26691
	46.17873	33.26722
	46.17826	33.26763
	46.17805	33.2677
	46.17767	33.26802
	46.17746	33.26807
	46.17712	33.26804
	46.17682	33.26809
	46.17669	33.26821
	46.17641	33.26828
	46.17602	33.26847
	46.17536	33.2689
	46.17518	33.26909
	46.17502	33.26945
	46.17488	33.26955
	46.17469	33.26961
	46.17395	33.26959
	46.17358	33.26972
	46.17301	33.27001
	46.17286	33.2703
	46.17213	33.27036
	46.17209	33.27037
	46.17197	33.27047
	46.17166	33.27049
	46.1714	33.27045
	46.17094	33.27027
	46.17039	33.27037
	46.16971	33.2706
	46.16894	33.27106
	46.1686	33.27137
	46.16837	33.27151
	46.16781	33.27178
	46.16748	33.27213
	46.16751	33.27248
	46.16732	33.27277
	46.16712	33.2729
	46.16659	33.27307
	46.16641	33.27336
	46.16624	33.27346
	46.16596	33.27376
	46.16575	33.27381
	46.16552	33.27403
	46.16493	33.27436
	46.16424	33.2745
	46.16383	33.27487
	46.16327	33.27519
	46.16263	33.27572
	46.16171	33.27602
	46.16091	33.27645
	46.16066	33.27665
	46.16052	33.27684
	46.16039	33.27705
	46.16029	33.27727
	46.16031	33.27753
	46.15998	33.27769
	46.15954	33.27772
	46.15919	33.27769
	46.15809	33.2783
	46.15791	33.27848
	46.15741	33.27858
	46.1571	33.27873
	46.15633	33.2792
	46.15545	33.28015
	46.15452	33.28064
	46.154	33.28079
	46.15336	33.28086
	46.15302	33.28097
	46.15263	33.28125
	46.1521	33.28145
	46.152	33.28155
	46.15127	33.28166
	46.15107	33.28175
	46.15094	33.28187
	46.15084	33.28235
	46.15074	33.28253
	46.14955	33.28244
	46.14922	33.28264
	46.14886	33.28267
	46.14855	33.2828
	46.14809	33.28315
	46.14766	33.28313
	46.14747	33.2832
	46.1471	33.28352
	46.14697	33.28371
	46.14671	33.28381
	46.14631	33.28407
	46.14594	33.28444
	46.14556	33.28458
	46.14538	33.2847
	46.14429	33.28555
	46.14408	33.28574
	46.14388	33.28614
	46.1438	33.2865
	46.14303	33.28636
	46.14288	33.28637
	46.14281	33.28646
	46.14243	33.28665
	46.14215	33.2869
	46.14189	33.28705
	46.14131	33.28759
	46.14106	33.28766
	46.1406	33.28789
	46.14045	33.28787
	46.14033	33.28803
	46.14003	33.2882
	46.14	33.28855
	46.13985	33.28872
	46.13979	33.28892
	46.13954	33.28917
	46.13947	33.28934
	46.1388	33.28944
	46.13859	33.28952
	46.13749	33.29016
	46.13729	33.29025
	46.13685	33.29034
	46.13651	33.29054
	46.13615	33.29063
	46.13616	33.29078
	46.13609	33.29093
	46.13584	33.29107
	46.13547	33.29162
	46.13498	33.29203
	46.13452	33.29213
	46.13434	33.29207
	46.13416	33.2921
	46.134	33.29219
	46.13397	33.29232
	46.13403	33.29248
	46.13397	33.29264
	46.13348	33.29306
	46.13324	33.2934
	46.13282	33.2935
	46.13259	33.29347
	46.13217	33.29367
	46.1323	33.29398
	46.13228	33.29449
	46.13193	33.29524
	46.13166	33.29547
	46.13163	33.29563
	46.13152	33.29579
	46.13126	33.29603
	46.13099	33.29621
	46.12993	33.29611
	46.12987	33.29686
	46.12975	33.29741
	46.12977	33.29805
	46.12922	33.29822
	46.129	33.29823
	46.12856	33.29841
	46.12856	33.2987
	46.12837	33.29886
	46.12831	33.29901
	46.12799	33.2991
	46.12759	33.29912
	46.12739	33.29908
	46.12714	33.29912
	46.12696	33.29918
	46.12664	33.29949
	46.12609	33.29963
	46.12597	33.29972
	46.12582	33.30006
	46.12564	33.30022
	46.12552	33.30041
	46.12538	33.30075
	46.12519	33.30083
	46.12513	33.30092
	46.12478	33.30164
	46.12502	33.30202
	46.12504	33.30215
	46.1245	33.3025
	46.12429	33.3027
	46.12411	33.30327
	46.12405	33.30351
	46.12398	33.30394
	46.12402	33.30416
	46.12392	33.3043
	46.12372	33.30445
	46.12336	33.3045
	46.12324	33.30458
	46.12277	33.30513
	46.12237	33.30537
	46.12214	33.30561
	46.12174	33.30579
	46.12139	33.30614
	46.12118	33.30628
	46.12101	33.30633
	46.12029	33.30629
	46.11989	33.30653
	46.11896	33.30669
	46.1187	33.3067
	46.11827	33.30661
	46.11799	33.30667
	46.11781	33.3069
	46.11758	33.30709
	46.1175	33.30742
	46.11711	33.30774
	46.11705	33.30823
	46.11693	33.30835
	46.11674	33.30845
	46.1165	33.30848
	46.11578	33.30874
	46.11535	33.309
	46.11509	33.3093
	46.11516	33.31004
	46.11504	33.31071
	46.1151	33.3111
	46.11536	33.3113
	46.11607	33.31115
	46.1164	33.31119
	46.11659	33.31158
	46.11705	33.31179
	46.11709	33.31191
	46.11701	33.3121
	46.11684	33.31218
	46.1167	33.3124
	46.11632	33.31332
	46.11629	33.31355
	46.11599	33.3138
	46.11584	33.31421
	46.11584	33.31436
	46.11597	33.31466
	46.11613	33.3148
	46.11662	33.31507
	46.11699	33.31514
	46.11711	33.31523
	46.11723	33.31555
	46.11715	33.31566
	46.11713	33.31588
	46.11697	33.31605
	46.11614	33.31662
	46.11588	33.31697
	46.1158	33.31726
	46.11549	33.31762
	46.11523	33.31778
	46.11495	33.31787
	46.11475	33.31804
	46.11423	33.31829
	46.11415	33.31844
	46.11428	33.31886
	46.1145	33.31911
	46.11474	33.31928
	46.11532	33.31938
	46.11578	33.31963
	46.11601	33.31982
	46.11622	33.32045
	46.11654	33.32057
	46.11684	33.32083
	46.1169	33.32105
	46.11672	33.32191
	46.1167	33.32221
	46.11678	33.32274
	46.1167	33.32305
	46.11645	33.32349
	46.11615	33.32365
	46.11601	33.32393
	46.11573	33.32424
	46.11561	33.32456
	46.1154	33.32489
	46.11547	33.32524
	46.11574	33.32574
	46.11594	33.32595
	46.11611	33.32632
	46.11601	33.32647
	46.11574	33.32672
	46.11545	33.32687
	46.11515	33.3269
	46.11493	33.32685
	46.11482	33.3269
	46.11479	33.32728
	46.11465	33.3276
	46.11455	33.32803
	46.11428	33.32819
	46.11367	33.3283
	46.11308	33.32852
	46.1125	33.32877
	46.11234	33.32891
	46.11227	33.32939
	46.11248	33.32991
	46.11238	33.33015
	46.1121	33.33057
	46.11207	33.33059
	46.11184	33.33072
	46.11172	33.33073
	46.11144	33.33073
	46.1112	33.33066
	46.11057	33.33091
	46.11038	33.33106
	46.11004	33.33117
	46.10975	33.33114
	46.10953	33.331
	46.1093	33.33093
	46.10903	33.33091
	46.10895	33.33139
	46.10887	33.33158
	46.10858	33.3317
	46.1078	33.33214
	46.10736	33.3322
	46.10707	33.33249
	46.10567	33.33294
	46.10496	33.33291
	46.10442	33.33272
	46.10422	33.33293
	46.1035	33.3334
	46.10315	33.33395
	46.10269	33.33405
	46.10211	33.33428
	46.10227	33.33468
	46.1021	33.33544
	46.1003	33.33693
	46.10016	33.33715
	46.10002	33.33766
	46.09987	33.33775
	46.09947	33.33774
	46.099	33.33785
	46.09851	33.33817
	46.0981	33.33879
	46.09712	33.33919
	46.09658	33.33915
	46.09592	33.33929
	46.09564	33.33913
	46.09532	33.33917
	46.0946	33.33973
	46.09452	33.33989
	46.09428	33.34019
	46.09258	33.34225
	46.09181	33.34224
	46.09086	33.3433
	46.09019	33.34362
	46.0895	33.34383
	46.08891	33.34414
	46.08897	33.3443
	46.08932	33.34472
	46.08989	33.34525
	46.08946	33.34593
	46.08894	33.34638
	46.08792	33.34686
	46.08644	33.34745
	46.08096	33.35175
	46.08157	33.35268
	46.0824	33.35322
	46.08252	33.35365
	46.08256	33.3547
	46.082	33.35558
	46.08105	33.35631
	46.08005	33.35654
	46.07929	33.35663
	46.07785	33.35746
	46.07863	33.35848
	46.079	33.35869
	46.07954	33.35911
	46.07995	33.36002
	46.07944	33.36103
	46.07891	33.36153
	46.07792	33.36212
	46.07802	33.38795
	46.0777	33.38841
	46.07744	33.38891
	46.07761	33.38922
	46.0776	33.38965
	46.0769	33.39059
	46.07648	33.39106
	46.0757	33.39123
	46.07511	33.39084
	46.07429	33.39098
	46.07368	33.39131
	46.07337	33.39201
	46.07269	33.39302
	46.07212	33.39484
	46.07213	33.39535
	46.07216	33.39562
	46.07225	33.39604
	46.0725	33.39672
	46.07209	33.39729
	46.07044	33.3976
	46.06996	33.39797
	46.06999	33.39867
	46.07054	33.39912
	46.07097	33.3997
	46.07081	33.40124
	46.07014	33.40159
	46.06943	33.40214
	46.06886	33.40229
	46.06795	33.40195
	46.0668	33.40187
	46.06591	33.40167
	46.06549	33.40196
	46.06523	33.40304
	46.06496	33.40352
	46.06415	33.40463
	46.0631	33.40548
	46.06222	33.40612
	46.06175	33.40666
	46.06137	33.40762
	46.06069	33.40822
	46.05996	33.40834
	46.05945	33.4091
	46.059	33.40946
	46.05834	33.40976
	46.05808	33.41002
	46.05733	33.41029
	46.05742	33.41053
	46.05747	33.4109
	46.05735	33.41119
	46.05706	33.41135
	46.0567	33.41141
	46.0563	33.41215
	46.05605	33.41244
	46.05542	33.41277
	46.05471	33.41384
	46.05465	33.41423
	46.05456	33.41445
	46.05416	33.41469
	46.05394	33.41508
	46.0535	33.41512
	46.05326	33.41522
	46.05228	33.41511
	46.05188	33.41519
	46.05149	33.41517
	46.05031	33.41482
	46.04999	33.4151
	46.05003	33.41579
	46.04989	33.41605
	46.04991	33.41648
	46.04949	33.41719
	46.04916	33.41757
	46.04884	33.41774
	46.04861	33.41778
	46.04772	33.41873
	46.04733	33.41903
	46.04645	33.41931
	46.04583	33.41997
	46.04528	33.42114
	46.04506	33.42175
	46.04549	33.4225
	46.04554	33.42328
	46.04576	33.42427
	46.04543	33.42645
	46.04549	33.42714
	46.04541	33.42797
	46.04513	33.42841
	46.04532	33.42909
	46.04498	33.4293
	46.04427	33.42995
	46.0433	33.43033
	46.04168	33.43083
	46.04114	33.43106
	46.04068	33.43138
	46.0406	33.43236
	46.04042	33.43286
	46.04042	33.43331
	46.0403	33.43409
	46.04034	33.43452
	46.04042	33.43478
	46.04084	33.43485
	46.04101	33.43515
	46.0413	33.43545
	46.04143	33.43594
	46.04121	33.43629
	46.04082	33.43654
	46.04078	33.43709
	46.04019	33.43742
	46.04004	33.4377
	46.04015	33.43795
	46.03976	33.43891
	46.03918	33.43958
	46.03865	33.43993
	46.03843	33.44051
	46.03807	33.44103
	46.0373	33.44143
	46.03681	33.44158
	46.03643	33.44177
	46.03597	33.44262
	46.03609	33.44273
	46.03666	33.44282
	46.03734	33.44274
	46.03786	33.44298
	46.03845	33.44308
	46.03968	33.44306
	46.04041	33.44334
	46.04108	33.44396
	46.04153	33.44454
	46.04205	33.4449
	46.04277	33.44505
	46.04365	33.4456
	46.0446	33.44724
	46.04355	33.44777
	46.04299	33.44854
	46.04278	33.44927
	46.04219	33.44931
	46.04144	33.44965
	46.04113	33.45027
	46.04041	33.45131
	46.03939	33.45212
	46.03866	33.45278
	46.03826	33.45335
	46.03829	33.45371
	46.0396	33.45402
	46.03967	33.45444
	46.03938	33.45516
	46.03905	33.4554
	46.03841	33.45559
	46.03783	33.45607
	46.03784	33.45671
	46.03767	33.4577
	46.03731	33.45817
	46.0367	33.45844
	46.0362	33.45873
	46.03652	33.45946
	46.03656	33.46014
	46.03679	33.46047
	46.03677	33.46095
	46.0365	33.46125
	46.03593	33.46137
	46.03553	33.46198
	46.03565	33.46238
	46.03568	33.46276
	46.03505	33.46303
	46.03445	33.46318
	46.03426	33.46343
	46.03424	33.46347
	46.03452	33.46394
	46.03442	33.46446
	46.0341	33.46484
	46.03398	33.46529
	46.03347	33.46636
	46.03344	33.46702
	46.0335	33.46756
	46.03279	33.4678
	46.03199	33.46825
	46.03194	33.46847
	46.03239	33.46893
	46.03175	33.46935
	46.0314	33.46992
	46.03126	33.47115
	46.03045	33.47157
	46.02964	33.47178
	46.02859	33.47247
	46.02798	33.47314
	46.02789	33.47377
	46.02799	33.47438
	46.02812	33.47471
	46.02806	33.47498
	46.02732	33.47645
	46.02727	33.47724
	46.02681	33.47747
	46.02646	33.47869
	46.02614	33.47919
	46.02603	33.47955
	46.02605	33.47994
	46.02647	33.48006
	46.02653	33.48031
	46.02595	33.48118
	46.02519	33.48193
	46.02456	33.48284
	46.02393	33.48358
	46.02326	33.48424
	46.02149	33.48525
	46.02089	33.48526
	46.01965	33.48569
	46.01928	33.48606
	46.01896	33.48611
	46.01886	33.4861
	46.01864	33.48605
	46.01845	33.48576
	46.01837	33.48501
	46.01886	33.48458
	46.01933	33.48385
	46.01935	33.48313
	46.01918	33.48278
	46.01882	33.4824
	46.01839	33.48225
	46.01805	33.4824
	46.01785	33.48267
	46.01692	33.48266
	46.01681	33.48254
	46.01668	33.48206
	46.01641	33.48198
	46.01595	33.48196
	46.01517	33.48164
	46.01479	33.48157
	46.01451	33.48164
	46.01385	33.48203
	46.01353	33.48233
	46.01334	33.48264
	46.01322	33.48307
	46.01256	33.48381
	46.01238	33.48411
	46.0121	33.48421
	46.01131	33.48424
	46.01052	33.48466
	46.00987	33.48507
	46.00968	33.48526
	46.00957	33.48546
	46.00956	33.48567
	46.0095	33.48579
	46.00942	33.48593
	46.00918	33.4862
	46.00885	33.48637
	46.00832	33.48647
	46.00808	33.48659
	46.00787	33.48683
	46.0078	33.48749
	46.00708	33.48812
	46.00668	33.4883
	46.00573	33.48839
	46.00495	33.48859
	46.00465	33.48913
	46.00481	33.48943
	46.00485	33.48969
	46.00503	33.49014
	46.00581	33.49083
	46.00642	33.49183
	46.00686	33.49353
	46.00701	33.49365
	46.00684	33.49475
	46.00693	33.49508
	46.00685	33.49555
	46.007	33.4958
	46.00689	33.49631
	46.00718	33.49668
	46.00741	33.49705
	46.00742	33.49731
	46.00754	33.49765
	46.00744	33.49831
	46.00747	33.49864
	46.00738	33.49891
	46.00746	33.49923
	46.00742	33.50014
	46.0075	33.50024
	46.00749	33.50062
	46.00732	33.50104
	46.00724	33.50149
	46.00735	33.50175
	46.00736	33.50209
	46.00758	33.50265
	46.00754	33.50306
	46.00763	33.50333
	46.0076	33.50361
	46.00767	33.50383
	46.00814	33.5041
	46.00819	33.50449
	46.00795	33.50507
	46.00794	33.50545
	46.00769	33.50575
	46.00772	33.50634
	46.00786	33.50672
	46.00776	33.50717
	46.0074	33.50755
	46.00725	33.50781
	46.00658	33.50793
	46.00617	33.50792
	46.00584	33.50799
	46.00546	33.50814
	46.00513	33.50819
	46.00486	33.5084
	46.00432	33.50848
	46.00405	33.50865
	46.00399	33.50888
	46.00405	33.50906
	46.00384	33.5093
	46.0035	33.50955
	46.00285	33.50976
	46.00158	33.50992
	46.00105	33.5103
	46.00086	33.51094
	46.00063	33.51109
	46.00029	33.51121
	45.99992	33.51109
	45.99924	33.51079
	45.99905	33.51087
	45.99897	33.51128
	45.99878	33.51147
	45.99829	33.51158
	45.99738	33.51041
	45.99619	33.50829
	45.9957	33.50834
	45.99516	33.50832
	45.99485	33.50826
	45.9947	33.50818
	45.9946	33.50801
	45.99401	33.50801
	45.99369	33.50797
	45.99349	33.50787
	45.99318	33.50785
	45.99301	33.50764
	45.99276	33.50757
	45.99227	33.50752
	45.992	33.50739
	45.99186	33.50726
	45.9913	33.50758
	45.99106	33.50762
	45.99093	33.5076
	45.99073	33.50769
	45.99053	33.50787
	45.98997	33.50806
	45.98971	33.50799
	45.98937	33.50777
	45.98846	33.50671
	45.98729	33.50693
	45.9862	33.5075
	45.98563	33.50762
	45.98521	33.50754
	45.9848	33.50739
	45.98434	33.50762
	45.984	33.50769
	45.98354	33.50746
	45.98305	33.50713
	45.98283	33.5071
	45.98264	33.50695
	45.98223	33.50673
	45.98151	33.50619
	45.98141	33.50587
	45.98056	33.50571
	45.98029	33.50579
	45.98011	33.50577
	45.98002	33.50522
	45.97978	33.50539
	45.97959	33.50559
	45.97933	33.50567
	45.97912	33.50535
	45.97892	33.50517
	45.97879	33.5045
	45.97866	33.50444
	45.97837	33.50442
	45.97833	33.50424
	45.97799	33.50397
	45.97789	33.50366
	45.97761	33.50358
	45.97729	33.50339
	45.97692	33.50331
	45.97614	33.50344
	45.97576	33.5031
	45.97559	33.50302
	45.97455	33.50274
	45.97418	33.50244
	45.9739	33.50241
	45.97381	33.5023
	45.97346	33.50212
	45.97324	33.50227
	45.97291	33.50236
	45.97216	33.50207
	45.97203	33.50198
	45.97163	33.50151
	45.9712	33.50129
	45.97055	33.50116
	45.97008	33.50092
	45.96959	33.50078
	45.96889	33.50104
	45.96833	33.50075
	45.96813	33.50082
	45.96815	33.50095
	45.96808	33.50113
	45.96748	33.50146
	45.96725	33.50145
	45.96661	33.5016
	45.96614	33.5015
	45.9659	33.5017
	45.96568	33.50174
	45.96504	33.50209
	45.96485	33.50208
	45.96456	33.50194
	45.96428	33.50135
	45.96414	33.50118
	45.96386	33.50113
	45.96343	33.50134
	45.96322	33.50134
	45.96293	33.50145
	45.96223	33.50121
	45.96198	33.50081
	45.9616	33.50082
	45.9614	33.50071
	45.96072	33.49985
	45.96056	33.49916
	45.96063	33.49901
	45.96061	33.49887
	45.9602	33.49825
	45.96003	33.49824
	45.95989	33.49829
	45.95977	33.49849
	45.9596	33.49865
	45.95902	33.49894
	45.95867	33.49892
	45.95841	33.49885
	45.95824	33.49867
	45.95807	33.4981
	45.95793	33.4979
	45.95763	33.4978
	45.95753	33.49764
	45.95738	33.49727
	45.95721	33.49635
	45.95702	33.49612
	45.95693	33.49544
	45.95683	33.49537
	45.95658	33.49544
	45.9559	33.4953
	45.9556	33.49512
	45.95541	33.49492
	45.95514	33.49475
	45.95514	33.49457
	45.95524	33.49424
	45.95506	33.49364
	45.95495	33.49349
	45.9544	33.49313
	45.95435	33.49298
	45.95413	33.4929
	45.95404	33.49266
	45.95405	33.49233
	45.95398	33.492
	45.95395	33.49125
	45.954	33.49104
	45.9539	33.49084
	45.9539	33.49067
	45.95405	33.4905
	45.95443	33.49019
	45.95475	33.48973
	45.95447	33.48947
	45.95416	33.48952
	45.95393	33.48949
	45.95371	33.48952
	45.95344	33.48968
	45.9528	33.48969
	45.95228	33.48981
	45.95159	33.48964
	45.95112	33.48934
	45.9503	33.48918
	45.9494	33.48912
	45.94909	33.48851
	45.94859	33.48822
	45.94822	33.48763
	45.94798	33.4875
	45.94741	33.48744
	45.94721	33.48706
	45.94686	33.48703
	45.94653	33.48689
	45.9459	33.48692
	45.94568	33.48652
	45.94533	33.48615
	45.94474	33.48609
	45.94438	33.48578
	45.94415	33.48544
	45.94404	33.48508
	45.94361	33.48485
	45.94344	33.48422
	45.94296	33.48349
	45.94068	33.48272
	45.94001	33.48256
	45.93949	33.48189
	45.93911	33.48189
	45.93845	33.48205
	45.93832	33.48222
	45.93818	33.48257
	45.93803	33.48315
	45.93816	33.48347
	45.93812	33.48413
	45.93816	33.48462
	45.93844	33.48506
	45.9387	33.48535
	45.93912	33.48558
	45.93923	33.486
	45.93923	33.48627
	45.93891	33.48663
	45.93826	33.48698
	45.93771	33.48718
	45.93756	33.48741
	45.93752	33.48764
	45.937	33.48837
	45.93694	33.48857
	45.93717	33.48943
	45.93694	33.48992
	45.9366	33.49012
	45.93624	33.49043
	45.93601	33.4907
	45.93496	33.49114
	45.93453	33.49141
	45.93409	33.49209
	45.93339	33.49193
	45.93329	33.49182
	45.93299	33.49176
	45.93252	33.49157
	45.93231	33.49136
	45.93197	33.49129
	45.93167	33.49131
	45.9313	33.49144
	45.93086	33.49133
	45.93029	33.4915
	45.9299	33.49127
	45.92946	33.49114
	45.92879	33.49126
	45.92882	33.49098
	45.92858	33.4907
	45.92765	33.49073
	45.9272	33.49067
	45.92689	33.49068
	45.92594	33.49049
	45.92546	33.49056
	45.92513	33.49047
	45.92412	33.49075
	45.92374	33.4908
	45.92341	33.49064
	45.92311	33.49039
	45.92237	33.49047
	45.92168	33.49027
	45.92118	33.49023
	45.92077	33.49006
	45.92034	33.4901
	45.92004	33.48999
	45.91931	33.4901
	45.91883	33.48998
	45.91857	33.49008
	45.91821	33.49004
	45.91795	33.49029
	45.91781	33.49051
	45.9171	33.49085
	45.91669	33.49091
	45.91619	33.49085
	45.9158	33.49066
	45.91338	33.49048
	45.91296	33.48994
	45.91267	33.48974
	45.91222	33.48963
	45.9117	33.48958
	45.91076	33.48964
	45.91027	33.48979
	45.90978	33.48976
	45.90934	33.48983
	45.90799	33.48983
	45.90769	33.48972
	45.90668	33.48903
	45.90604	33.48891
	45.90554	33.48964
	45.90523	33.48996
	45.905	33.49005
	45.90415	33.49099
	45.90263	33.49203
	45.90145	33.49191
	45.90074	33.49151
	45.90038	33.49163
	45.90015	33.49244
	45.89972	33.49254
	45.89941	33.49278
	45.89922	33.49283
	45.89863	33.49247
	45.89665	33.49206
	45.89594	33.49218
	45.89513	33.49226
	45.89424	33.49242
	45.89398	33.49273
	45.89331	33.4927
	45.89287	33.49289
	45.89181	33.49354
	45.89134	33.49372
	45.89089	33.49396
	45.89032	33.49394
	45.88981	33.49369
	45.88932	33.49363
	45.88911	33.49364
	45.88751	33.49379
	45.8845	33.49239
	45.88361	33.49252
	45.88204	33.49191
	45.88158	33.4916
	45.87961	33.49074
	45.87891	33.4906
	45.87351	33.49384
	45.863	33.49315
	45.89525	33.51256
	45.92446	33.53083
	45.94696	33.54531
	45.94728	33.54538
	45.9476	33.54526
	45.94768	33.5451
	45.94811	33.54491
	45.94839	33.54471
	45.94865	33.54507
	45.9493	33.54546
	45.94942	33.54563
	45.94965	33.54576
	45.95004	33.54579
	45.95029	33.54602
	45.95058	33.54612
	45.95074	33.54622
	45.95085	33.54631
	45.95089	33.54646
	45.95152	33.54722
	45.95197	33.5481
	45.95223	33.5483
	45.95238	33.54853
	45.95242	33.54883
	45.9528	33.54932
	45.95311	33.54952
	45.95324	33.55004
	45.95339	33.5503
	45.95364	33.55058
	45.95335	33.55102
	45.95352	33.55159
	45.95378	33.5519
	45.95462	33.55239
	45.9551	33.55309
	45.95553	33.55351
	45.95571	33.55383
	45.95546	33.55433
	45.9555	33.55452
	45.95559	33.55462
	45.95614	33.55463
	45.95641	33.5549
	45.95666	33.55501
	45.95677	33.55517
	45.95709	33.55535
	45.95697	33.55554
	45.95722	33.55629
	45.95705	33.55635
	45.9568	33.55659
	45.95676	33.55675
	45.95679	33.55689
	45.95692	33.55701
	45.95708	33.55705
	45.95724	33.55715
	45.95773	33.55758
	45.95826	33.55831
	45.95864	33.55864
	45.95888	33.55905
	45.95911	33.55933
	45.95917	33.55951
	45.95907	33.55964
	45.95909	33.55982
	45.95932	33.56015
	45.95958	33.56039
	45.96024	33.56075
	45.96053	33.56106
	45.961	33.56133
	45.96074	33.56179
	45.96114	33.56244
	45.96121	33.56268
	45.96124	33.5629
	45.96114	33.56327
	45.96068	33.56325
	45.96039	33.56379
	45.95958	33.56403
	45.95949	33.56421
	45.95953	33.56447
	45.95975	33.56476
	45.95987	33.56503
	45.95984	33.56522
	45.95938	33.56544
	45.95919	33.56574
	45.95938	33.56645
	45.95924	33.56654
	45.95927	33.5671
	45.95903	33.56725
	45.95891	33.56741
	45.95884	33.56776
	45.9587	33.56807
	45.95847	33.56813
	45.95833	33.56839
	45.95809	33.56852
	45.9579	33.56874
	45.95768	33.56878
	45.95725	33.56903
	45.95706	33.56908
	45.95636	33.56907
	45.9559	33.56915
	45.95556	33.56911
	45.9546	33.56868
	45.95415	33.56854
	45.95392	33.56828
	45.95367	33.56811
	45.95339	33.56802
	45.95305	33.56802
	45.95215	33.56868
	45.95176	33.56888
	45.9518	33.56933
	45.95147	33.57016
	45.95105	33.57068
	45.95068	33.57129
	45.95003	33.57176
	45.94991	33.5719
	45.94985	33.57207
	45.95	33.57242
	45.94971	33.57273
	45.94972	33.57297
	45.94944	33.57341
	45.94939	33.57356
	45.94944	33.5737
	45.94929	33.57392
	45.94874	33.57397
	45.94858	33.57417
	45.94829	33.57435
	45.94846	33.57472
	45.94837	33.57487
	45.94806	33.57504
	45.94744	33.57511
	45.94714	33.57527
	45.94688	33.57571
	45.94584	33.57688
	45.9456	33.57754
	45.94553	33.57787
	45.94539	33.57813
	45.9451	33.57835
	45.94495	33.57868
	45.94516	33.57885
	45.94537	33.57925
	45.94554	33.57941
	45.94555	33.57954
	45.94533	33.58023
	45.945	33.58032
	45.94478	33.58047
	45.94467	33.58071
	45.94413	33.58123
	45.94388	33.58133
	45.94343	33.5817
	45.94317	33.58209
	45.94262	33.58234
	45.94245	33.58247
	45.94218	33.58282
	45.94211	33.58323
	45.94203	33.5834
	45.94171	33.58355
	45.94154	33.58369
	45.94141	33.58391
	45.94104	33.58431
	45.94092	33.58436
	45.94067	33.58459
	45.94035	33.58475
	45.9403	33.58494
	45.94014	33.58515
	45.94012	33.58533
	45.93987	33.58575
	45.93942	33.58608
	45.93922	33.58637
	45.93904	33.58653
	45.93877	33.58667
	45.93862	33.58704
	45.93831	33.58721
	45.93812	33.5874
	45.93798	33.58768
	45.93783	33.58825
	45.93748	33.58863
	45.93717	33.58884
	45.93654	33.58949
	45.9361	33.58981
	45.93596	33.59006
	45.93565	33.59034
	45.93524	33.59079
	45.93508	33.59109
	45.93467	33.59148
	45.93451	33.59184
	45.93438	33.59204
	45.93407	33.59227
	45.93386	33.5926
	45.93334	33.59307
	45.93314	33.59315
	45.93271	33.59345
	45.93191	33.59365
	45.93168	33.59376
	45.9312	33.5938
	45.93075	33.59407
	45.93079	33.59425
	45.93074	33.59448
	45.93042	33.5946
	45.93024	33.59492
	45.93008	33.59506
	45.92986	33.59514
	45.92969	33.59526
	45.92946	33.59557
	45.92914	33.59562
	45.92867	33.59609
	45.92857	33.59626
	45.92791	33.59628
	45.92764	33.59638
	45.92709	33.5964
	45.92686	33.59635
	45.92659	33.59642
	45.92646	33.59669
	45.92646	33.59688
	45.92586	33.59744
	45.92502	33.59776
	45.92448	33.59783
	45.92413	33.59817
	45.92408	33.59846
	45.92375	33.59873
	45.9236	33.599
	45.92321	33.59915
	45.9229	33.59906
	45.92156	33.59965
	45.92134	33.59994
	45.92095	33.60033
	45.92057	33.60056
	45.92035	33.60079
	45.92016	33.60112
	45.91994	33.60127
	45.9196	33.60136
	45.91928	33.60164
	45.91859	33.60177
	45.9184	33.60216
	45.91787	33.60244
	45.91719	33.60287
	45.917	33.60294
	45.91657	33.60297
	45.91609	33.6032
	45.91581	33.60321
	45.91557	33.60327
	45.91529	33.60351
	45.91449	33.60406
	45.91399	33.60411
	45.9135	33.60431
	45.91232	33.60468
	45.9121	33.60485
	45.91165	33.60501
	45.91091	33.60511
	45.91052	33.60508
	45.90935	33.60567
	45.90901	33.60576
	45.90831	33.60581
	45.90717	33.60616
	45.90684	33.60616
	45.90648	33.60609
	45.90525	33.60628
	45.9166	33.62761
	45.90706	33.6381
	45.90632	33.63809
	45.90606	33.63817
	45.90542	33.63801
	45.90478	33.63813
	45.90454	33.63798
	45.90383	33.63784
	45.90366	33.63768
	45.90348	33.63741
	45.90308	33.63719
	45.90221	33.63685
	45.90197	33.63663
	45.902	33.63639
	45.90179	33.63603
	45.90118	33.6356
	45.90096	33.63554
	45.89995	33.6357
	45.89973	33.63562
	45.89888	33.63565
	45.8984	33.6358
	45.89741	33.63577
	45.89704	33.6358
	45.89649	33.63599
	45.89623	33.63574
	45.89599	33.63568
	45.89527	33.63583
	45.89494	33.63598
	45.89471	33.63603
	45.89413	33.63595
	45.89385	33.63601
	45.89265	33.63606
	45.89232	33.63617
	45.89207	33.63617
	45.89169	33.63629
	45.89112	33.63637
	45.89078	33.6364
	45.88998	33.63636
	45.88966	33.63638
	45.88943	33.63638
	45.88844	33.63656
	45.88778	33.63674
	45.88756	33.63668
	45.88753	33.63606
	45.88777	33.63585
	45.88791	33.63557
	45.88789	33.63534
	45.88777	33.63511
	45.88752	33.63491
	45.88727	33.63482
	45.88706	33.63442
	45.88664	33.63398
	45.88644	33.63388
	45.88624	33.6339
	45.88605	33.63407
	45.88568	33.63409
	45.8854	33.63387
	45.88484	33.63362
	45.88477	33.63346
	45.8846	33.63339
	45.88438	33.63344
	45.88425	33.63354
	45.8841	33.63348
	45.88398	33.63337
	45.88357	33.63334
	45.88335	33.63328
	45.8832	33.63338
	45.88283	33.6333
	45.88258	33.63342
	45.88183	33.63347
	45.88163	33.6336
	45.88119	33.63357
	45.88061	33.63366
	45.88049	33.6336
	45.88032	33.63367
	45.88014	33.63367
	45.87994	33.63361
	45.87983	33.63353
	45.87887	33.63391
	45.87823	33.63401
	45.87794	33.63396
	45.87774	33.63399
	45.87727	33.6341
	45.87631	33.63415
	45.8762	33.63418
	45.87598	33.63443
	45.87583	33.63441
	45.87564	33.63429
	45.87538	33.63426
	45.87468	33.63441
	45.87421	33.63457
	45.87398	33.63445
	45.87376	33.63443
	45.87322	33.63459
	45.87302	33.63447
	45.87276	33.63446
	45.87252	33.63461
	45.87219	33.63463
	45.87169	33.63452
	45.87154	33.63427
	45.87142	33.63417
	45.87082	33.63403
	45.87065	33.63408
	45.8703	33.63398
	45.87009	33.63404
	45.86997	33.63414
	45.86939	33.63408
	45.86914	33.634
	45.86865	33.63404
	45.86815	33.63397
	45.86781	33.63394
	45.86717	33.63391
	45.86612	33.63389
	45.86511	33.63291
	45.86445	33.63241
	45.86379	33.63208
	45.86307	33.63187
	45.86283	33.63195
	45.86247	33.63217
	45.86156	33.63251
	45.86107	33.63237
	45.86021	33.63249
	45.85895	33.63254
	45.85867	33.63249
	45.85849	33.63253
	45.85835	33.63246
	45.85783	33.63196
	45.85784	33.63178
	45.85774	33.63165
	45.85774	33.63133
	45.85764	33.63106
	45.85744	33.63087
	45.85732	33.63051
	45.85685	33.63009
	45.85688	33.62994
	45.85677	33.62982
	45.85654	33.62981
	45.8562	33.62992
	45.85585	33.63014
	45.8555	33.63021
	45.8552	33.63011
	45.85491	33.62988
	45.85437	33.6297
	45.85414	33.62949
	45.85404	33.62931
	45.85402	33.62909
	45.85382	33.6289
	45.85368	33.62862
	45.85351	33.62845
	45.853	33.62818
	45.8527	33.62819
	45.8523	33.62831
	45.85184	33.62834
	45.85163	33.62844
	45.85141	33.62847
	45.85124	33.62844
	45.85075	33.62851
	45.85064	33.62869
	45.85038	33.6288
	45.85006	33.62886
	45.84985	33.62887
	45.84976	33.62887
	45.84948	33.62878
	45.84932	33.62835
	45.84891	33.62855
	45.84873	33.62855
	45.84853	33.62846
	45.84839	33.62829
	45.84805	33.62818
	45.84743	33.62826
	45.84707	33.62844
	45.84663	33.62846
	45.84569	33.62806
	45.84539	33.62779
	45.84435	33.62732
	45.84424	33.62721
	45.84425	33.62703
	45.84415	33.62689
	45.8436	33.62665
	45.84339	33.62651
	45.84335	33.62635
	45.84232	33.62606
	45.84178	33.62572
	45.84141	33.62564
	45.8406	33.62555
	45.84003	33.6253
	45.83971	33.62528
	45.83935	33.62511
	45.83906	33.62517
	45.83875	33.62533
	45.83838	33.62541
	45.83737	33.62528
	45.83695	33.62515
	45.83662	33.62491
	45.83581	33.62503
	45.83555	33.62491
	45.83522	33.62495
	45.83495	33.62507
	45.83452	33.62501
	45.83394	33.62512
	45.83342	33.62561
	45.83286	33.62564
	45.83205	33.62535
	45.83158	33.62564
	45.83134	33.62577
	45.83122	33.6258
	45.83075	33.62587
	45.8302	33.62577
	45.82998	33.62583
	45.82927	33.62591
	45.82906	33.626
	45.82892	33.62615
	45.82887	33.62639
	45.82819	33.62688
	45.82792	33.62719
	45.82764	33.62719
	45.82719	33.6271
	45.82685	33.6271
	45.8258	33.62726
	45.82541	33.62758
	45.82542	33.62775
	45.82529	33.62814
	45.8253	33.62829
	45.82468	33.62878
	45.82453	33.62882
	45.82353	33.62844
	45.82337	33.62829
	45.82328	33.62805
	45.82309	33.628
	45.82288	33.62789
	45.82271	33.62787
	45.82248	33.62773
	45.82203	33.62771
	45.82156	33.62759
	45.82115	33.62765
	45.82098	33.62762
	45.8203	33.62766
	45.81984	33.62747
	45.81957	33.62745
	45.81912	33.62734
	45.8184	33.62744
	45.8179	33.62741
	45.81739	33.62772
	45.81715	33.62794
	45.8167	33.62825
	45.81583	33.62843
	45.81525	33.62837
	45.81507	33.62843
	45.81472	33.62841
	45.81455	33.62821
	45.81423	33.62797
	45.81381	33.62773
	45.81344	33.62762
	45.81325	33.62741
	45.81291	33.62622
	45.81293	33.62579
	45.81285	33.62569
	45.81299	33.62535
	45.81296	33.62509
	45.81278	33.6248
	45.8128	33.62447
	45.81286	33.62424
	45.81285	33.62393
	45.81257	33.62391
	45.81241	33.62376
	45.81249	33.62337
	45.8124	33.62327
	45.81231	33.62268
	45.81231	33.62256
	45.8125	33.62229
	45.81241	33.62159
	45.81245	33.62145
	45.81256	33.6214
	45.81273	33.62095
	45.81272	33.62075
	45.81279	33.62058
	45.81287	33.62009
	45.81267	33.61996
	45.81229	33.61982
	45.81188	33.61942
	45.81161	33.61926
	45.81122	33.61884
	45.81065	33.61839
	45.81041	33.61811
	45.81012	33.61799
	45.80971	33.61763
	45.80944	33.61747
	45.80917	33.61719
	45.80909	33.61703
	45.80807	33.61618
	45.80769	33.61595
	45.80676	33.61552
	45.80651	33.61532
	45.80585	33.61526
	45.80506	33.61509
	45.80473	33.6147
	45.80449	33.61459
	45.80391	33.61408
	45.80349	33.61406
	45.80323	33.61391
	45.80231	33.61315
	45.80187	33.61272
	45.8017	33.61267
	45.80002	33.61286
	45.78892	33.60753
	45.77486	33.60243
	45.75755	33.59442
	45.75317	33.59292
	45.75327	33.59321
	45.7537	33.59599
	45.75384	33.59626
	45.75407	33.5965
	45.75426	33.59744
	45.75449	33.59801
	45.75472	33.59826
	45.75458	33.60024
	45.75473	33.60064
	45.75518	33.60154
	45.75565	33.60218
	45.75614	33.60275
	45.7569	33.60409
	45.75709	33.60459
	45.75711	33.60465
	45.75729	33.60599
	45.75757	33.60724
	45.75762	33.60769
	45.75754	33.60823
	45.75758	33.60861
	45.75775	33.60911
	45.75844	33.61016
	45.75859	33.61073
	45.75859	33.61163
	45.7588	33.61264
	45.759	33.61296
	45.75927	33.61324
	45.75955	33.61331
	45.75984	33.6133
	45.76078	33.61377
	45.76106	33.61398
	45.76189	33.61407
	45.76269	33.61396
	45.76298	33.61396
	45.76378	33.61413
	45.76457	33.61442
	45.76558	33.61509
	45.76598	33.61559
	45.76627	33.6163
	45.76628	33.61658
	45.76606	33.61711
	45.76609	33.61732
	45.76626	33.61773
	45.76647	33.61805
	45.76667	33.61856
	45.76673	33.6189
	45.76711	33.61973
	45.76704	33.62047
	45.76707	33.62063
	45.76756	33.62155
	45.76771	33.62197
	45.76785	33.62212
	45.76867	33.62246
	45.7693	33.62285
	45.76961	33.6233
	45.76985	33.62354
	45.77055	33.62385
	45.7711	33.62401
	45.77225	33.62947
	45.77223	33.63028
	45.77167	33.63694
	45.73456	33.65563
	45.72175	33.66039
	45.72133	33.66039
	45.72003	33.66128
	45.71986	33.66161
	45.7195	33.66184
	45.71906	33.66199
	45.71875	33.66236
	45.7185	33.66347
	45.71821	33.66391
	45.71824	33.66443
	45.71834	33.66492
	45.71818	33.66529
	45.71801	33.66549
	45.71788	33.66557
	45.71757	33.66557
	45.71682	33.66581
	45.71639	33.6661
	45.71628	33.66626
	45.71609	33.66641
	45.71565	33.66666
	45.71549	33.66671
	45.7149	33.66671
	45.71468	33.66697
	45.71462	33.66715
	45.71465	33.66728
	45.71449	33.66751
	45.71469	33.66775
	45.71476	33.66794
	45.71469	33.66824
	45.71455	33.66852
	45.71412	33.669
	45.71403	33.66923
	45.71406	33.66975
	45.71332	33.67043
	45.71304	33.6709
	45.71282	33.67108
	45.71144	33.67168
	45.71133	33.67198
	45.71118	33.67221
	45.71092	33.67242
	45.71064	33.67249
	45.71045	33.6728
	45.71002	33.67328
	45.70986	33.6736
	45.70956	33.6738
	45.70936	33.6741
	45.70922	33.67437
	45.70922	33.67475
	45.70905	33.67497
	45.70894	33.67507
	45.70843	33.67494
	45.70714	33.67481
	45.70692	33.67487
	45.70669	33.67483
	45.70641	33.67498
	45.7058	33.67503
	45.70547	33.67523
	45.70275	33.67768
	45.70303	33.67824
	45.703	33.6788
	45.7025	33.67948
	45.70244	33.67983
	45.70228	33.68006
	45.7018	33.68032
	45.70163	33.68047
	45.70157	33.68082
	45.70145	33.68102
	45.70126	33.68119
	45.70115	33.68163
	45.70093	33.68179
	45.70027	33.68251
	45.7001	33.68264
	45.69993	33.68309
	45.69942	33.6834
	45.69947	33.68358
	45.69987	33.68398
	45.69998	33.68418
	45.6999	33.68433
	45.69915	33.68469
	45.69892	33.68484
	45.69875	33.68516
	45.69855	33.6852
	45.69828	33.68521
	45.69794	33.68503
	45.69703	33.68488
	45.69689	33.68507
	45.6967	33.68521
	45.69594	33.68564
	45.69578	33.68592
	45.69558	33.68605
	45.69532	33.68611
	45.69513	33.68625
	45.69491	33.68634
	45.69464	33.68633
	45.69469	33.68704
	45.69426	33.68767
	45.69432	33.68831
	45.69493	33.68897
	45.69437	33.69017
	45.69252	33.69097
	45.69138	33.69117
	45.69021	33.69094
	45.68922	33.69089
	45.6888	33.69092
	45.68308	33.69324
	45.68304	33.6934
	45.6827	33.69364
	45.68255	33.69389
	45.68241	33.69402
	45.68188	33.69417
	45.68122	33.69481
	45.68098	33.69493
	45.68064	33.69498
	45.68042	33.69506
	45.68019	33.69509
	45.67997	33.69501
	45.6794	33.69531
	45.67916	33.69529
	45.67889	33.69535
	45.67867	33.69551
	45.6784	33.69633
	45.6784	33.69687
	45.67827	33.69719
	45.67804	33.69737
	45.67786	33.69765
	45.67737	33.69796
	45.67727	33.69834
	45.67724	33.69852
	45.67745	33.69897
	45.67775	33.69933
	45.67742	33.69951
	45.67711	33.69957
	45.67678	33.69923
	45.67634	33.69897
	45.67609	33.69886
	45.67588	33.69888
	45.67569	33.69885
	45.67549	33.69872
	45.67513	33.69872
	45.67472	33.69883
	45.67451	33.69891
	45.67433	33.69907
	45.67406	33.69953
	45.6741	33.70002
	45.67394	33.70034
	45.67403	33.70062
	45.67376	33.7008
	45.67384	33.70155
	45.67321	33.70225
	45.67307	33.70251
	45.67313	33.70266
	45.67325	33.70278
	45.67329	33.70299
	45.67297	33.70339
	45.67314	33.70392
	45.67304	33.70433
	45.67222	33.70476
	45.67173	33.70468
	45.67108	33.70499
	45.67095	33.70521
	45.67095	33.70544
	45.67088	33.70567
	45.67048	33.70571
	45.67023	33.70582
	45.67017	33.70601
	45.67007	33.70614
	45.66985	33.7062
	45.66969	33.70616
	45.66945	33.70618
	45.66924	33.7063
	45.66911	33.70642
	45.66906	33.70669
	45.669	33.70672
	45.66877	33.70671
	45.6656	33.70893
	45.66536	33.70925
	45.66533	33.70999
	45.6651	33.71026
	45.66504	33.71042
	45.66473	33.71065
	45.66463	33.71106
	45.66444	33.71156
	45.66453	33.71194
	45.66451	33.71201
	45.66413	33.71234
	45.66376	33.71284
	45.66387	33.71322
	45.66418	33.71369
	45.66425	33.71407
	45.66412	33.71417
	45.66359	33.71427
	45.66332	33.71422
	45.66316	33.71423
	45.66304	33.71432
	45.66288	33.71462
	45.66292	33.71496
	45.66314	33.71518
	45.66323	33.71563
	45.66309	33.71576
	45.66294	33.71581
	45.66239	33.71556
	45.66216	33.71536
	45.66169	33.71541
	45.66135	33.71575
	45.66114	33.71586
	45.6606	33.7168
	45.66036	33.71685
	45.66023	33.71693
	45.66021	33.71707
	45.6605	33.71768
	45.66043	33.71781
	45.66048	33.71799
	45.66007	33.7193
	45.65987	33.71968
	45.65965	33.71977
	45.65954	33.72006
	45.65955	33.72029
	45.65966	33.72043
	45.65988	33.72054
	45.65988	33.72066
	45.65974	33.72083
	45.65957	33.7209
	45.65933	33.72093
	45.65919	33.72101
	45.65916	33.72114
	45.65934	33.72169
	45.65981	33.72198
	45.65989	33.72212
	45.65968	33.7223
	45.6594	33.72268
	45.65917	33.7227
	45.65893	33.72264
	45.65891	33.72291
	45.65901	33.7232
	45.65896	33.72336
	45.65894	33.72338
	45.65886	33.72344
	45.65833	33.7234
	45.65806	33.7238
	45.65764	33.72402
	45.65716	33.72447
	45.65686	33.72438
	45.65659	33.72448
	45.656	33.72451
	45.65566	33.72457
	45.65543	33.72466
	45.65524	33.72463
	45.65505	33.7247
	45.65499	33.72476
	45.65495	33.72478
	45.655	33.72506
	45.65481	33.72556
	45.65434	33.72568
	45.65402	33.72561
	45.65383	33.72572
	45.65381	33.72586
	45.65305	33.72592
	45.65293	33.72596
	45.65282	33.72609
	45.65278	33.72627
	45.65254	33.72648
	45.6521	33.72657
	45.65201	33.72668
	45.65082	33.72685
	45.6504	33.72701
	45.6497	33.72702
	45.64893	33.72766
	45.64845	33.72775
	45.64818	33.72772
	45.64793	33.72775
	45.64745	33.72802
	45.64724	33.72821
	45.64689	33.72899
	45.64665	33.72927
	45.64657	33.7296
	45.64651	33.73215
	45.64481	33.73269
	45.64468	33.73268
	45.64437	33.73278
	45.64394	33.73278
	45.6437	33.73292
	45.64362	33.7331
	45.64335	33.73321
	45.6429	33.73356
	45.64237	33.73374
	45.6421	33.73397
	45.64196	33.73431
	45.64185	33.73442
	45.642	33.73553
	45.64214	33.73609
	45.64209	33.73669
	45.64182	33.73698
	45.6413	33.73687
	45.64085	33.73687
	45.64072	33.73698
	45.64055	33.73726
	45.64044	33.73771
	45.64032	33.73787
	45.64005	33.73802
	45.64009	33.73828
	45.64	33.73865
	45.64006	33.73901
	45.63985	33.73934
	45.64012	33.73983
	45.64028	33.74004
	45.64046	33.74022
	45.64075	33.74036
	45.64117	33.74068
	45.64078	33.74171
	45.64059	33.74185
	45.6405	33.74198
	45.64047	33.74232
	45.64019	33.74265
	45.64004	33.74331
	45.64004	33.74355
	45.64005	33.74367
	45.64025	33.7441
	45.64021	33.74438
	45.63978	33.74512
	45.63953	33.74511
	45.63938	33.74526
	45.63932	33.74548
	45.63909	33.74565
	45.63896	33.74582
	45.63909	33.74639
	45.63903	33.74665
	45.63922	33.74747
	45.63954	33.74783
	45.6397	33.74841
	45.63986	33.7486
	45.63996	33.74885
	45.64009	33.74897
	45.64014	33.74911
	45.64001	33.74938
	45.64015	33.74949
	45.64022	33.74961
	45.64017	33.74971
	45.63996	33.74991
	45.6399	33.7501
	45.63999	33.75034
	45.63992	33.75071
	45.63965	33.75105
	45.63969	33.75116
	45.63984	33.75124
	45.63993	33.75139
	45.63993	33.75155
	45.63972	33.75222
	45.63982	33.7524
	45.64003	33.75257
	45.64013	33.7528
	45.6403	33.75303
	45.64032	33.75352
	45.64044	33.75362
	45.64061	33.75364
	45.64083	33.75396
	45.64122	33.75403
	45.64135	33.75419
	45.64202	33.75444
	45.64261	33.75455
	45.64274	33.75466
	45.6427	33.75495
	45.64277	33.75524
	45.64325	33.75575
	45.6438	33.75626
	45.64404	33.75628
	45.6442	33.75638
	45.64441	33.75655
	45.64458	33.75681
	45.64505	33.75707
	45.64536	33.75732
	45.64536	33.75751
	45.64527	33.75776
	45.6453	33.75796
	45.64565	33.75818
	45.64581	33.75847
	45.64604	33.75869
	45.64613	33.7589
	45.64595	33.75938
	45.64608	33.7596
	45.64614	33.75998
	45.64611	33.76021
	45.64594	33.7605
	45.64608	33.76145
	45.64651	33.76161
	45.64667	33.76178
	45.64686	33.76204
	45.64711	33.76268
	45.64734	33.76286
	45.64762	33.7632
	45.64775	33.7633
	45.64821	33.76341
	45.64814	33.76369
	45.64798	33.76377
	45.64735	33.76464
	45.64727	33.76497
	45.64711	33.76519
	45.64706	33.7654
	45.6471	33.76554
	45.64699	33.7657
	45.64672	33.76596
	45.64672	33.76608
	45.64642	33.76631
	45.64642	33.76654
	45.64605	33.76749
	45.64567	33.76791
	45.64552	33.7684
	45.6454	33.76862
	45.64524	33.76877
	45.645	33.7696
	45.64476	33.76985
	45.64416	33.77085
	45.64403	33.77134
	45.64383	33.77173
	45.64384	33.77184
	45.64376	33.772
	45.64343	33.77234
	45.64322	33.77274
	45.64304	33.77296
	45.64301	33.77299
	45.64266	33.77319
	45.64246	33.77383
	45.64243	33.77416
	45.6418	33.77471
	45.64169	33.77499
	45.64133	33.77549
	45.6412	33.77574
	45.6408	33.77609
	45.64059	33.77635
	45.64052	33.77667
	45.64033	33.77692
	45.64029	33.77705
	45.64028	33.7774
	45.64021	33.7776
	45.64007	33.77775
	45.63994	33.778
	45.63973	33.7782
	45.63961	33.77848
	45.63925	33.77895
	45.63913	33.77922
	45.63876	33.77951
	45.63849	33.77983
	45.63847	33.78018
	45.63815	33.78061
	45.63768	33.78093
	45.63758	33.78119
	45.63759	33.78144
	45.63748	33.78154
	45.63741	33.78172
	45.63713	33.78184
	45.63708	33.782
	45.63698	33.78209
	45.63659	33.78218
	45.63658	33.78253
	45.63635	33.78284
	45.63614	33.78295
	45.63601	33.78315
	45.63578	33.78327
	45.63573	33.78341
	45.63543	33.78379
	45.63524	33.78387
	45.63497	33.78421
	45.63417	33.78487
	45.63417	33.78497
	45.634	33.78521
	45.63382	33.78532
	45.63363	33.78537
	45.6334	33.78557
	45.63331	33.78579
	45.63312	33.78601
	45.63291	33.78609
	45.63259	33.78629
	45.63242	33.78662
	45.6323	33.78674
	45.63218	33.78676
	45.63194	33.78692
	45.6318	33.78716
	45.6315	33.78733
	45.63105	33.7875
	45.63096	33.78765
	45.63049	33.788
	45.63044	33.78813
	45.63048	33.78822
	45.63036	33.78838
	45.63001	33.78871
	45.62974	33.78883
	45.62978	33.78909
	45.60703	33.8003
	45.60327	33.80302
	45.59954	33.81039
	45.60121	33.81846
	45.60101	33.81857
	45.60063	33.81914
	45.60041	33.81928
	45.60015	33.81934
	45.59982	33.81961
	45.59972	33.81984
	45.5992	33.82036
	45.59925	33.82073
	45.59917	33.82093
	45.59879	33.82109
	45.59873	33.82138
	45.59828	33.8216
	45.59779	33.82163
	45.59763	33.82192
	45.59765	33.82214
	45.59757	33.82234
	45.59735	33.82258
	45.59683	33.82281
	45.59668	33.82303
	45.59643	33.82326
	45.59589	33.82336
	45.59574	33.82364
	45.59547	33.82391
	45.59538	33.82447
	45.59523	33.82457
	45.5945	33.8246
	45.59445	33.82471
	45.59452	33.82486
	45.59439	33.82513
	45.59419	33.82538
	45.59403	33.82549
	45.59392	33.82568
	45.59376	33.82623
	45.5936	33.82637
	45.59319	33.82649
	45.59283	33.82688
	45.59236	33.82699
	45.59209	33.82729
	45.59201	33.82758
	45.59191	33.82764
	45.59152	33.82756
	45.59117	33.82779
	45.59056	33.82797
	45.59013	33.82844
	45.59006	33.82865
	45.58984	33.82888
	45.58963	33.82928
	45.58884	33.82982
	45.58868	33.82987
	45.58844	33.82987
	45.58829	33.82994
	45.58787	33.83047
	45.58755	33.83055
	45.58722	33.83087
	45.58678	33.83149
	45.58673	33.83166
	45.5868	33.83185
	45.58679	33.83206
	45.58671	33.83217
	45.58634	33.83232
	45.58618	33.8325
	45.58584	33.83251
	45.58565	33.83245
	45.58525	33.83243
	45.58469	33.83252
	45.58463	33.83262
	45.58467	33.83278
	45.58462	33.83298
	45.58487	33.83314
	45.58504	33.83374
	45.585	33.83394
	45.58509	33.83426
	45.58503	33.83443
	45.58514	33.83455
	45.58516	33.83478
	45.58522	33.83492
	45.58519	33.83537
	45.58508	33.83555
	45.5851	33.83612
	45.58542	33.83668
	45.58579	33.8369
	45.58567	33.83732
	45.58534	33.83764
	45.58524	33.83779
	45.58522	33.83793
	45.58491	33.83835
	45.58446	33.83868
	45.58427	33.83907
	45.58419	33.83969
	45.58381	33.83994
	45.58378	33.84008
	45.58352	33.84023
	45.58347	33.84036
	45.5833	33.84045
	45.5832	33.8406
	45.58309	33.8406
	45.58286	33.84053
	45.58265	33.84056
	45.5826	33.84073
	45.58278	33.84106
	45.58281	33.84134
	45.5823	33.84213
	45.58215	33.84257
	45.58202	33.84274
	45.58183	33.84318
	45.58142	33.84343
	45.58105	33.84357
	45.58096	33.84383
	45.58098	33.8441
	45.58066	33.84452
	45.58018	33.84487
	45.57965	33.84549
	45.57944	33.84618
	45.57937	33.84629
	45.57901	33.84646
	45.57852	33.84704
	45.57848	33.84716
	45.57853	33.84729
	45.57849	33.84752
	45.57831	33.8477
	45.57825	33.84794
	45.57809	33.84811
	45.57784	33.84827
	45.57785	33.84853
	45.57771	33.84879
	45.57745	33.84901
	45.57707	33.84919
	45.57699	33.84928
	45.57694	33.84963
	45.57652	33.85004
	45.57633	33.85041
	45.57607	33.85062
	45.57596	33.85091
	45.57564	33.8514
	45.57538	33.85167
	45.57485	33.85266
	45.57469	33.85279
	45.57443	33.85339
	45.57405	33.85378
	45.57384	33.85391
	45.57362	33.8542
	45.5734	33.85432
	45.57336	33.8544
	45.57341	33.85467
	45.57338	33.85484
	45.57306	33.85515
	45.57293	33.85555
	45.5729	33.85559
	45.57279	33.8557
	45.5724	33.85595
	45.57231	33.85607
	45.5723	33.85624
	45.57211	33.8565
	45.57204	33.85686
	45.57182	33.85703
	45.5715	33.8575
	45.57129	33.85798
	45.57073	33.85859
	45.57047	33.85898
	45.5703	33.85908
	45.57026	33.85927
	45.56996	33.85968
	45.56956	33.85996
	45.56946	33.86051
	45.56907	33.86086
	45.56898	33.86112
	45.56877	33.86141
	45.5687	33.86173
	45.56836	33.86212
	45.5683	33.86262
	45.56821	33.86276
	45.568	33.86286
	45.56773	33.86309
	45.56775	33.86365
	45.56753	33.86391
	45.5672	33.86417
	45.56716	33.86423
	45.56712	33.86432
	45.56712	33.86479
	45.56698	33.86506
	45.56677	33.86515
	45.5666	33.8655
	45.56611	33.8658
	45.56612	33.86601
	45.56594	33.86655
	45.56585	33.8667
	45.56587	33.86699
	45.56582	33.86704
	45.56566	33.86727
	45.56562	33.86749
	45.56553	33.8676
	45.56542	33.86765
	45.5652	33.86767
	45.56504	33.86781
	45.56504	33.86813
	45.5648	33.86869
	45.56464	33.86887
	45.56434	33.86904
	45.56433	33.86925
	45.56424	33.86951
	45.56399	33.86964
	45.56386	33.86983
	45.56398	33.87024
	45.56384	33.87059
	45.56336	33.87089
	45.56306	33.87089
	45.56289	33.87096
	45.56297	33.87166
	45.56288	33.87183
	45.56265	33.87203
	45.5625	33.8721
	45.56233	33.87227
	45.56226	33.87246
	45.56236	33.87284
	45.5623	33.87301
	45.56209	33.87318
	45.56157	33.87328
	45.56112	33.87378
	45.56103	33.87412
	45.56084	33.87437
	45.56049	33.87449
	45.56048	33.87504
	45.56012	33.87545
	45.55992	33.87587
	45.55985	33.87618
	45.55892	33.87715
	45.55881	33.87745
	45.5581	33.87816
	45.55804	33.87841
	45.55778	33.87879
	45.55734	33.87908
	45.55712	33.87939
	45.55694	33.87977
	45.55691	33.88003
	45.5566	33.88049
	45.55639	33.88059
	45.55629	33.8807
	45.55613	33.88099
	45.55608	33.88143
	45.55597	33.88161
	45.55567	33.88192
	45.55528	33.88263
	45.55495	33.88305
	45.55486	33.88347
	45.55466	33.88383
	45.55436	33.88401
	45.55425	33.88448
	45.5541	33.8846
	45.55382	33.88509
	45.55359	33.88534
	45.55339	33.886
	45.55284	33.88674
	45.55289	33.88694
	45.55282	33.88708
	45.55267	33.88721
	45.55245	33.88733
	45.5524	33.88768
	45.5523	33.88784
	45.55207	33.88788
	45.55197	33.88797
	45.55195	33.88832
	45.55186	33.88852
	45.55158	33.88881
	45.55141	33.88885
	45.55122	33.88922
	45.55112	33.88983
	45.55073	33.89049
	45.55063	33.89086
	45.55048	33.89111
	45.55026	33.89135
	45.55022	33.89153
	45.55025	33.89177
	45.54993	33.89217
	45.54972	33.89224
	45.54952	33.89223
	45.54936	33.89216
	45.54908	33.89213
	45.54856	33.89238
	45.54778	33.89256
	45.54745	33.89252
	45.54729	33.89262
	45.54711	33.89286
	45.54713	33.89323
	45.54686	33.89341
	45.54678	33.89369
	45.54664	33.89386
	45.5464	33.894
	45.54637	33.89417
	45.54648	33.89456
	45.54637	33.89469
	45.54609	33.89484
	45.54594	33.89511
	45.54552	33.89533
	45.54534	33.89551
	45.54537	33.89576
	45.54523	33.89583
	45.54521	33.89609
	45.54483	33.8965
	45.54471	33.8974
	45.54459	33.89754
	45.54398	33.8979
	45.5435	33.89807
	45.54328	33.89827
	45.54316	33.89844
	45.54311	33.89875
	45.54287	33.89924
	45.54265	33.89936
	45.5418	33.89942
	45.54159	33.89969
	45.54134	33.89989
	45.54089	33.90037
	45.54066	33.9005
	45.54049	33.9007
	45.54043	33.90087
	45.53992	33.90125
	45.53954	33.90167
	45.53873	33.90232
	45.53829	33.90332
	45.53755	33.90434
	45.53703	33.90492
	45.53691	33.90526
	45.5369	33.90559
	45.53683	33.90569
	45.53627	33.90602
	45.53587	33.906
	45.53553	33.90604
	45.53501	33.90599
	45.53477	33.90604
	45.53456	33.90615
	45.5344	33.90632
	45.53416	33.90722
	45.53421	33.90748
	45.53436	33.90771
	45.53522	33.90811
	45.5354	33.90828
	45.53574	33.90875
	45.53601	33.90926
	45.53606	33.90949
	45.53602	33.9098
	45.53594	33.91008
	45.53563	33.91047
	45.53563	33.91068
	45.53554	33.91079
	45.5347	33.91166
	45.53455	33.91174
	45.53408	33.91176
	45.53359	33.91195
	45.53275	33.91175
	45.53249	33.91184
	45.5317	33.91197
	45.53098	33.91226
	45.52973	33.91299
	45.52909	33.91318
	45.52897	33.91331
	45.5289	33.91348
	45.52893	33.91372
	45.5291	33.91405
	45.52896	33.91419
	45.52852	33.91442
	45.5285	33.91462
	45.52855	33.9148
	45.52851	33.91493
	45.52775	33.91557
	45.52775	33.91599
	45.52787	33.91622
	45.52689	33.91662
	45.5266	33.91663
	45.52594	33.91649
	45.52552	33.91652
	45.52548	33.91669
	45.5253	33.9169
	45.52527	33.91708
	45.52494	33.91732
	45.525	33.91766
	45.52495	33.91785
	45.52439	33.91821
	45.5246	33.91862
	45.52443	33.91887
	45.52446	33.91904
	45.52439	33.91918
	45.52427	33.91925
	45.52409	33.91927
	45.52362	33.91923
	45.5233	33.91912
	45.5228	33.91915
	45.52264	33.91942
	45.52243	33.91954
	45.52236	33.91964
	45.52202	33.91966
	45.52145	33.92006
	45.52146	33.92021
	45.52168	33.92041
	45.5217	33.92072
	45.52192	33.92096
	45.52196	33.92106
	45.52192	33.9212
	45.52163	33.92132
	45.52133	33.92161
	45.52126	33.9219
	45.52097	33.92255
	45.52089	33.92286
	45.52064	33.92318
	45.52041	33.92325
	45.52	33.92324
	45.51986	33.9233
	45.51975	33.92339
	45.51974	33.92383
	45.51931	33.92401
	45.51927	33.92412
	45.5193	33.92454
	45.51898	33.92504
	45.51896	33.9254
	45.51855	33.92595
	45.51853	33.92619
	45.51837	33.92654
	45.51835	33.92665
	45.51849	33.9268
	45.51862	33.92707
	45.51861	33.92722
	45.51828	33.92748
	45.51823	33.92788
	45.51815	33.92806
	45.51806	33.9282
	45.51776	33.92842
	45.51767	33.92884
	45.51781	33.92908
	45.51781	33.92924
	45.51774	33.92934
	45.51733	33.92958
	45.51722	33.92972
	45.51723	33.92984
	45.51738	33.93018
	45.51733	33.93057
	45.51726	33.93072
	45.51727	33.93096
	45.51705	33.93122
	45.51696	33.93152
	45.51704	33.93177
	45.51665	33.93204
	45.51656	33.93229
	45.51637	33.93249
	45.51631	33.93271
	45.51631	33.93327
	45.51642	33.93346
	45.5166	33.93359
	45.51678	33.93384
	45.51675	33.93398
	45.51648	33.93421
	45.51632	33.93458
	45.51644	33.93488
	45.51652	33.93537
	45.51639	33.9357
	45.51613	33.93588
	45.51571	33.93601
	45.51511	33.9365
	45.51487	33.93742
	45.51387	33.93792
	45.51331	33.93807
	45.51286	33.93843
	45.51277	33.93858
	45.51294	33.93892
	45.51298	33.93926
	45.51288	33.93945
	45.51263	33.93974
	45.51253	33.94024
	45.51255	33.94036
	45.51286	33.94051
	45.51295	33.94062
	45.51295	33.94077
	45.51286	33.94118
	45.51276	33.94128
	45.51245	33.94136
	45.51231	33.94145
	45.51227	33.94172
	45.51233	33.94189
	45.51228	33.94202
	45.51194	33.94218
	45.51179	33.94236
	45.51211	33.94265
	45.5121	33.94289
	45.51191	33.94317
	45.51189	33.94328
	45.51207	33.94351
	45.51208	33.94362
	45.51192	33.94395
	45.51186	33.94443
	45.51176	33.9445
	45.51145	33.94458
	45.51139	33.94466
	45.5114	33.94494
	45.51136	33.94508
	45.51154	33.94534
	45.51158	33.94557
	45.51157	33.94559
	45.51148	33.94566
	45.51064	33.94598
	45.51045	33.94622
	45.51014	33.94635
	45.51003	33.94649
	45.51003	33.94677
	45.50994	33.94689
	45.50966	33.94704
	45.50959	33.94719
	45.50937	33.94738
	45.50918	33.94739
	45.50898	33.94747
	45.50872	33.94774
	45.50839	33.94791
	45.50837	33.94822
	45.50831	33.94834
	45.50777	33.94849
	45.50766	33.94862
	45.50762	33.94894
	45.50715	33.94916
	45.50704	33.94926
	45.50702	33.94937
	45.50674	33.9497
	45.50675	33.94995
	45.50646	33.95027
	45.50639	33.9504
	45.50625	33.95051
	45.50586	33.95063
	45.5058	33.95073
	45.5057	33.95077
	45.5055	33.95076
	45.50529	33.95083
	45.50519	33.95092
	45.5052	33.95106
	45.50531	33.95129
	45.50527	33.95135
	45.50494	33.95141
	45.50434	33.95172
	45.50429	33.95182
	45.50441	33.95222
	45.50405	33.95245
	45.50395	33.95277
	45.50386	33.95288
	45.5037	33.95294
	45.5033	33.95297
	45.50295	33.95316
	45.50273	33.95318
	45.50246	33.95309
	45.50232	33.95294
	45.50241	33.95253
	45.50238	33.95239
	45.50223	33.95233
	45.50212	33.95221
	45.50165	33.95199
	45.50162	33.95196
	45.50151	33.95183
	45.50144	33.9514
	45.50133	33.95121
	45.50126	33.9511
	45.50097	33.95088
	45.50041	33.95097
	45.49941	33.95102
	45.49893	33.95098
	45.49852	33.95088
	45.49797	33.95093
	45.49669	33.95145
	45.49638	33.95145
	45.49603	33.95141
	45.49562	33.9513
	45.49487	33.95131
	45.49466	33.95126
	45.49444	33.95105
	45.49411	33.95059
	45.49381	33.95041
	45.49346	33.95033
	45.49273	33.95007
	45.49234	33.9498
	45.49185	33.94963
	45.49134	33.94962
	45.49086	33.94972
	45.49015	33.94963
	45.4893	33.94973
	45.48838	33.95012
	45.48792	33.95013
	45.48688	33.9499
	45.48653	33.94971
	45.48596	33.94922
	45.48528	33.94897
	45.48504	33.94874
	45.48461	33.9485
	45.48414	33.94837
	45.48367	33.94812
	45.4829	33.94762
	45.4826	33.94752
	45.48237	33.94752
	45.48205	33.94763
	45.48183	33.94789
	45.48135	33.94811
	45.48092	33.94841
	45.48035	33.9494
	45.48002	33.94957
	45.4791	33.94966
	45.47872	33.94953
	45.47824	33.94953
	45.47769	33.94932
	45.47747	33.94917
	45.47719	33.94914
	45.47681	33.94921
	45.47539	33.94929
	45.47484	33.94947
	45.47449	33.94944
	45.47415	33.94934
	45.47351	33.94941
	45.47218	33.94929
	45.47192	33.94913
	45.47166	33.94883
	45.47138	33.94878
	45.47117	33.94866
	45.47106	33.94846
	45.47079	33.9483
	45.47052	33.94829
	45.46991	33.94842
	45.46959	33.94834
	45.46898	33.94836
	45.46878	33.94842
	45.46859	33.94882
	45.46846	33.949
	45.46822	33.94911
	45.46798	33.94914
	45.46778	33.94904
	45.46758	33.94883
	45.46728	33.94871
	45.46696	33.94865
	45.46634	33.94828
	45.46613	33.94826
	45.466	33.94825
	45.46523	33.94849
	45.46479	33.94886
	45.46459	33.94882
	45.46428	33.94872
	45.46388	33.94841
	45.46373	33.94792
	45.46339	33.9474
	45.46355	33.94684
	45.46346	33.94661
	45.46305	33.94614
	45.46285	33.94605
	45.46229	33.946
	45.4621	33.94589
	45.46182	33.94558
	45.46099	33.94575
	45.46084	33.94573
	45.46064	33.94561
	45.46035	33.94555
	45.46005	33.94524
	45.4598	33.94516
	45.45941	33.9451
	45.45891	33.9451
	45.45857	33.94501
	45.45794	33.94494
	45.45772	33.94497
	45.45731	33.94578
	45.45716	33.94595
	45.45701	33.94605
	45.45673	33.94605
	45.45638	33.94593
	45.45609	33.94591
	45.45584	33.94565
	45.45564	33.94564
	45.45497	33.94576
	45.45468	33.94575
	45.45418	33.94559
	45.45378	33.94537
	45.45219	33.94513
	45.45193	33.94503
	45.45177	33.94487
	45.45152	33.94481
	45.45121	33.94485
	45.45095	33.94501
	45.45081	33.94522
	45.45006	33.94578
	45.45	33.94593
	45.45003	33.94625
	45.44998	33.94643
	45.44983	33.94656
	45.44903	33.94663
	45.44884	33.94674
	45.44798	33.947
	45.4477	33.94713
	45.44742	33.94742
	45.44741	33.94759
	45.44726	33.9478
	45.44706	33.94782
	45.44682	33.94767
	45.44658	33.94761
	45.44599	33.94754
	45.44566	33.94762
	45.44546	33.94776
	45.44528	33.9481
	45.4451	33.94813
	45.44479	33.94797
	45.44452	33.94795
	45.44448	33.94757
	45.44426	33.94739
	45.44411	33.94711
	45.44411	33.94685
	45.44404	33.94662
	45.44393	33.94655
	45.44377	33.94659
	45.4436	33.94676
	45.4434	33.94681
	45.44293	33.94678
	45.44274	33.9469
	45.44228	33.94705
	45.44212	33.94765
	45.44199	33.94776
	45.44182	33.94777
	45.44152	33.94727
	45.44045	33.9472
	45.44017	33.9473
	45.4399	33.94751
	45.43955	33.94801
	45.43937	33.94805
	45.43906	33.94795
	45.43856	33.94795
	45.43842	33.94767
	45.43826	33.94754
	45.43797	33.94746
	45.43775	33.94751
	45.43752	33.94744
	45.43715	33.94748
	45.43699	33.94738
	45.43638	33.94728
	45.43605	33.94703
	45.43583	33.94673
	45.43564	33.94667
	45.43542	33.94634
	45.43472	33.94648
	45.43443	33.94674
	45.43413	33.9468
	45.43361	33.94672
	45.43326	33.94651
	45.43281	33.94632
	45.43229	33.94576
	45.43211	33.94574
	45.43182	33.9456
	45.43154	33.94556
	45.43135	33.94563
	45.43131	33.94579
	45.43106	33.94608
	45.43111	33.94645
	45.43105	33.94697
	45.43083	33.94776
	45.43019	33.94845
	45.43017	33.94904
	45.43013	33.94916
	45.4299	33.94942
	45.42986	33.94952
	45.43005	33.95049
	45.42985	33.951
	45.42967	33.9511
	45.42977	33.95139
	45.4298	33.95184
	45.42997	33.95257
	45.42993	33.95309
	45.42999	33.95397
	45.42987	33.9541
	45.42853	33.95493
	45.42776	33.95527
	45.42718	33.9559
	45.42645	33.95607
	45.42629	33.95645
	45.42601	33.95657
	45.42481	33.95703
	45.42448	33.95729
	45.42402	33.95732
	45.42322	33.95757
	45.42246	33.95804
	45.42198	33.95867
	45.4218	33.95866
	45.42165	33.95881
	45.42153	33.95886
	45.42111	33.95878
	45.42074	33.95901
	45.42047	33.95936
	45.42016	33.95963
	45.42016	33.95975
	45.42079	33.96174
	45.42079	33.96186
	45.42003	33.96292
	45.41913	33.96379
	45.41919	33.96451
	45.41909	33.96511
	45.41827	33.96613
	45.41777	33.96706
	45.41758	33.96775
	45.4175	33.96895
	45.41723	33.96939
	45.41724	33.96964
	45.41714	33.96998
	45.41593	33.97188
	45.41495	33.97308
	45.41341	33.97428
	45.41204	33.9752
	45.40913	33.97676
	45.40766	33.97725
	45.41064	33.97834
	45.4109	33.97834
	45.41155	33.97823
	45.41197	33.97826
	45.41271	33.97838
	45.41396	33.97874
	45.41546	33.97893
	45.41561	33.97896
	45.4158	33.97901
	45.41636	33.97932
	45.41708	33.97939
	45.41774	33.97928
	45.41819	33.97927
	45.41865	33.97933
	45.41942	33.97954
	45.41972	33.97967
	45.4211	33.98064
	45.42158	33.98086
	45.42236	33.98146
	45.42267	33.98185
	45.42272	33.98222
	45.42267	33.98247
	45.42224	33.98349
	45.42216	33.98416
	45.42208	33.98439
	45.42169	33.98508
	45.42138	33.98591
	45.42107	33.98637
	45.42073	33.98729
	45.42084	33.98867
	45.42083	33.98915
	45.421	33.98978
	45.42117	33.9901
	45.42155	33.99054
	45.42207	33.99079
	45.42301	33.99141
	45.42363	33.99175
	45.42471	33.99196
	45.42532	33.99203
	45.42569	33.9918
	45.42634	33.99127
	45.42703	33.99088
	45.42784	33.99027
	45.4284	33.99016
	45.42895	33.99018
	45.42962	33.99027
	45.43081	33.99022
	45.43122	33.99027
	45.4313	33.99035
	45.43135	33.99053
	45.4314	33.99097
	45.43113	33.99158
	45.43105	33.99211
	45.43075	33.99262
	45.43064	33.99318
	45.43062	33.99347
	45.43069	33.9938
	45.43063	33.99477
	45.43076	33.99527
	45.43072	33.99627
	45.43128	33.99644
	45.43135	33.99656
	45.43144	33.9966
	45.43177	33.99661
	45.43252	33.99649
	45.43315	33.99601
	45.43361	33.99606
	45.43389	33.99616
	45.43403	33.99627
	45.43407	33.99669
	45.43417	33.99689
	45.43461	33.99726
	45.43531	33.99749
	45.43638	33.99756
	45.43716	33.9975
	45.43744	33.99741
	45.43782	33.99739
	45.43805	33.99734
	45.43894	33.99707
	45.43961	33.99669
	45.4397	33.99661
	45.43984	33.99656
	45.44001	33.99659
	45.44106	33.99703
	45.44164	33.99733
	45.44264	33.99804
	45.44295	33.99815
	45.44368	33.99865
	45.44403	33.99931
	45.44449	33.9997
	45.44495	34.00019
	45.44532	34.00076
	45.44575	34.00097
	45.4459	34.00111
	45.44628	34.0012
	45.44651	34.00133
	45.44756	34.0021
	45.44832	34.00257
	45.44853	34.00274
	45.44879	34.00307
	45.4493	34.00339
	45.45004	34.00395
	45.45101	34.00476
	45.45186	34.00584
	45.45209	34.00633
	45.45233	34.00661
	45.45427	34.00684
	45.45697	34.00692
	45.4576	34.00681
	45.45814	34.00688
	45.45837	34.00696
	45.45854	34.00712
	45.45902	34.00729
	45.45933	34.00746
	45.46025	34.00758
	45.46079	34.00771
	45.46157	34.00801
	45.46187	34.00799
	45.4624	34.00811
	45.46308	34.00817
	45.46375	34.00819
	45.46463	34.00839
	45.4664	34.00935
	45.46685	34.00982
	45.46709	34.01031
	45.46707	34.0105
	45.46693	34.01071
	45.46633	34.01123
	45.46583	34.01179
	45.4657	34.01206
	45.46567	34.01223
	45.46585	34.01257
	45.46626	34.01292
	45.46696	34.01338
	45.46724	34.01362
	45.46738	34.01382
	45.46743	34.01401
	45.4673	34.01466
	45.4673	34.01501
	45.46734	34.01527
	45.46755	34.01587
	45.46755	34.01623
	45.46749	34.01668
	45.46735	34.01711
	45.46718	34.01744
	45.4671	34.01798
	45.46677	34.01852
	45.46676	34.01865
	45.46686	34.01893
	45.46719	34.01895
	45.46771	34.0191
	45.4682	34.01913
	45.46881	34.01924
	45.46904	34.01922
	45.46935	34.01912
	45.46952	34.01902
	45.46975	34.01837
	45.47008	34.01831
	45.47027	34.01839
	45.4703	34.01839
	45.47065	34.01875
	45.47083	34.01903
	45.47098	34.01938
	45.47109	34.01994
	45.47131	34.02058
	45.47153	34.021
	45.47185	34.02144
	45.47201	34.02163
	45.4726	34.02201
	45.47326	34.02261
	45.47402	34.02313
	45.47493	34.02399
	45.47549	34.02468
	45.47567	34.02493
	45.47574	34.02515
	45.47573	34.02547
	45.47563	34.0258
	45.47552	34.02596
	45.4754	34.02599
	45.47522	34.02596
	45.47493	34.02579
	45.47404	34.02504
	45.47257	34.02405
	45.47237	34.02397
	45.47216	34.02396
	45.47198	34.02401
	45.47183	34.02412
	45.47075	34.02548
	45.47064	34.02574
	45.47053	34.02643
	45.47058	34.0266
	45.47069	34.02673
	45.47087	34.02684
	45.47144	34.02708
	45.47216	34.02768
	45.47286	34.02867
	45.47308	34.02919
	45.47313	34.02957
	45.47309	34.03049
	45.47313	34.03132
	45.47304	34.03227
	45.47276	34.0331
	45.47236	34.0335
	45.47004	34.0338
	45.46976	34.03408
	45.4697	34.0342
	45.46972	34.03431
	45.46982	34.03447
	45.46995	34.03455
	45.47085	34.03489
	45.47129	34.03516
	45.47155	34.03545
	45.47171	34.03557
	45.47192	34.03563
	45.47244	34.03555
	45.47272	34.03543
	45.47331	34.03529
	45.47385	34.03487
	45.47463	34.03461
	45.47511	34.03451
	45.47585	34.03455
	45.47692	34.03475
	45.47741	34.035
	45.47757	34.03514
	45.47762	34.03524
	45.47766	34.03533
	45.47769	34.03558
	45.47764	34.03585
	45.47709	34.03676
	45.47686	34.03745
	45.47686	34.03858
	45.47691	34.03883
	45.47703	34.03905
	45.47725	34.03932
	45.47775	34.03976
	45.47814	34.03974
	45.47822	34.03984
	45.47825	34.04
	45.4782	34.04016
	45.47792	34.04045
	45.47787	34.04061
	45.47789	34.04086
	45.47797	34.04106
	45.47812	34.04129
	45.47903	34.0419
	45.47923	34.0421
	45.47942	34.04236
	45.47965	34.04287
	45.47964	34.04304
	45.47938	34.04353
	45.4792	34.04367
	45.4789	34.04378
	45.47878	34.04389
	45.4787	34.04414
	45.47876	34.04429
	45.47923	34.0447
	45.47953	34.04505
	45.4797	34.04543
	45.47978	34.04575
	45.47979	34.04615
	45.4797	34.04653
	45.47946	34.04694
	45.47917	34.04724
	45.47871	34.04761
	45.47724	34.04856
	45.47666	34.049
	45.47588	34.0499
	45.47568	34.05033
	45.4757	34.0508
	45.47583	34.05106
	45.4767	34.05186
	45.47733	34.05239
	45.47806	34.05276
	45.47881	34.0533
	45.47921	34.05342
	45.4793	34.05355
	45.47926	34.05415
	45.47933	34.05532
	45.47898	34.05617
	45.47898	34.05636
	45.47928	34.05725
	45.47908	34.05825
	45.47894	34.05875
	45.4788	34.05901
	45.47794	34.05969
	45.47764	34.05981
	45.47733	34.05985
	45.47509	34.05995
	45.47359	34.05997
	45.47293	34.05988
	45.47227	34.05971
	45.47205	34.05975
	45.47092	34.06056
	45.47009	34.06108
	45.46835	34.06207
	45.46659	34.06323
	45.46617	34.06338
	45.46613	34.06373
	45.46632	34.06406
	45.46719	34.06499
	45.46785	34.06556
	45.46821	34.06595
	45.46859	34.06616
	45.46879	34.06617
	45.46919	34.06605
	45.4696	34.06629
	45.46984	34.06653
	45.47036	34.06733
	45.47058	34.06779
	45.4706	34.06807
	45.47051	34.06818
	45.4706	34.06838
	45.47111	34.06865
	45.47195	34.06867
	45.47209	34.06873
	45.47218	34.06885
	45.47232	34.0691
	45.47237	34.06938
	45.47233	34.06965
	45.47208	34.07018
	45.47155	34.07074
	45.47152	34.07102
	45.47161	34.07119
	45.47227	34.07173
	45.4725	34.07256
	45.47252	34.07286
	45.47296	34.07368
	45.4733	34.07384
	45.47347	34.07387
	45.47356	34.07399
	45.4736	34.0742
	45.47358	34.0749
	45.47339	34.07536
	45.47352	34.07561
	45.47396	34.07584
	45.47433	34.07595
	45.47476	34.07587
	45.47624	34.07591
	45.47701	34.07613
	45.47854	34.07633
	45.47899	34.07649
	45.47916	34.07663
	45.47924	34.07698
	45.47914	34.07814
	45.47916	34.07903
	45.47927	34.07969
	45.47935	34.07989
	45.4795	34.08007
	45.48047	34.08045
	45.48094	34.08082
	45.48119	34.08093
	45.48206	34.08108
	45.48243	34.08107
	45.48299	34.08094
	45.4832	34.08082
	45.4836	34.0796
	45.48368	34.07895
	45.48368	34.07798
	45.48379	34.07779
	45.48403	34.07715
	45.48418	34.0765
	45.4844	34.07608
	45.48462	34.07588
	45.48531	34.07549
	45.48552	34.07546
	45.48571	34.07553
	45.48589	34.07572
	45.48617	34.07643
	45.48619	34.07694
	45.48597	34.07728
	45.48592	34.07745
	45.48591	34.07791
	45.48602	34.07811
	45.48647	34.07843
	45.48704	34.07917
	45.48757	34.07964
	45.48786	34.07981
	45.4881	34.07989
	45.48885	34.07981
	45.48896	34.07989
	45.48918	34.08094
	45.48954	34.08161
	45.48973	34.08179
	45.49007	34.08204
	45.49089	34.08227
	45.49145	34.08234
	45.49209	34.08248
	45.49294	34.08247
	45.4942	34.08252
	45.49545	34.08295
	45.49555	34.08309
	45.49559	34.08327
	45.49554	34.0835
	45.49538	34.08373
	45.49438	34.08435
	45.49222	34.08532
	45.4916	34.08549
	45.49067	34.08589
	45.49012	34.08631
	45.48997	34.08652
	45.48983	34.08691
	45.48985	34.0871
	45.49023	34.08737
	45.49131	34.08757
	45.49244	34.08787
	45.49262	34.08796
	45.49277	34.08818
	45.49285	34.08845
	45.49319	34.08867
	45.49329	34.08883
	45.49327	34.09073
	45.49343	34.09122
	45.49356	34.09137
	45.49375	34.09145
	45.4941	34.0915
	45.49461	34.09148
	45.49536	34.09156
	45.49596	34.09172
	45.49615	34.09186
	45.49618	34.09202
	45.496	34.09291
	45.49602	34.09328
	45.49624	34.09392
	45.49625	34.09408
	45.49616	34.09439
	45.49632	34.09481
	45.49648	34.09489
	45.49696	34.09487
	45.49721	34.09491
	45.49761	34.0951
	45.49835	34.09589
	45.49933	34.09674
	45.50127	34.09784
	45.50307	34.09857
	45.50349	34.09866
	45.50396	34.09869
	45.50466	34.09864
	45.50494	34.09878
	45.50518	34.09881
	45.50584	34.09853
	45.50646	34.09837
	45.50668	34.09838
	45.5068	34.09846
	45.50695	34.09895
	45.50698	34.09968
	45.50684	34.0999
	45.5064	34.10021
	45.5059	34.10097
	45.50498	34.10196
	45.50461	34.10234
	45.50411	34.10274
	45.50392	34.10308
	45.50397	34.10325
	45.50443	34.1037
	45.50483	34.10393
	45.50534	34.10412
	45.50567	34.10418
	45.50598	34.10429
	45.50681	34.10419
	45.50713	34.10425
	45.50768	34.10448
	45.50785	34.10467
	45.50808	34.10529
	45.50838	34.10583
	45.5086	34.10601
	45.5092	34.10631
	45.50935	34.10646
	45.50962	34.10697
	45.50983	34.10717
	45.50993	34.10735
	45.50991	34.10775
	45.51005	34.10787
	45.51075	34.10818
	45.51108	34.1085
	45.51158	34.1094
	45.51173	34.10955
	45.51244	34.11001
	45.51321	34.11063
	45.51328	34.1107
	45.51389	34.1107
	45.51418	34.11064
	45.51445	34.11067
	45.515	34.11169
	45.51507	34.11192
	45.51495	34.11224
	45.51498	34.11242
	45.51507	34.11252
	45.51528	34.11259
	45.51565	34.11256
	45.51652	34.11239
	45.51816	34.11177
	45.5184	34.11162
	45.51902	34.11085
	45.51956	34.11042
	45.52026	34.1102
	45.52058	34.11015
	45.52111	34.11013
	45.52128	34.11021
	45.52141	34.11034
	45.52147	34.11077
	45.52143	34.11102
	45.52125	34.11117
	45.52108	34.11146
	45.52102	34.11191
	45.52099	34.11299
	45.52103	34.11321
	45.52112	34.11335
	45.5215	34.11372
	45.52165	34.11375
	45.5221	34.11362
	45.52239	34.11362
	45.5232	34.11375
	45.52359	34.11402
	45.52381	34.11426
	45.5243	34.11518
	45.52432	34.11531
	45.52423	34.11555
	45.524	34.11586
	45.52376	34.11665
	45.52348	34.11716
	45.52341	34.11742
	45.52344	34.11773
	45.52365	34.11787
	45.52481	34.11823
	45.52538	34.11854
	45.52583	34.11862
	45.52678	34.1186
	45.52745	34.11841
	45.52806	34.1183
	45.52835	34.11812
	45.52837	34.11799
	45.52823	34.11756
	45.52822	34.11707
	45.52829	34.11685
	45.52826	34.11622
	45.52773	34.11545
	45.52772	34.11523
	45.52782	34.115
	45.52806	34.11477
	45.52862	34.11453
	45.52963	34.11432
	45.53029	34.11437
	45.53049	34.11448
	45.53059	34.11452
	45.5311	34.11576
	45.53112	34.11609
	45.53124	34.11624
	45.53187	34.11648
	45.53237	34.11648
	45.53297	34.11665
	45.53385	34.11682
	45.53395	34.11706
	45.53394	34.11721
	45.53379	34.11739
	45.53355	34.11755
	45.53323	34.11771
	45.53286	34.11783
	45.53166	34.11809
	45.53106	34.1184
	45.53024	34.11907
	45.53017	34.11917
	45.5301	34.11928
	45.52997	34.11996
	45.52999	34.12073
	45.53011	34.1211
	45.53048	34.12162
	45.53079	34.1219
	45.53137	34.12222
	45.5318	34.12234
	45.53312	34.12288
	45.53487	34.12352
	45.53512	34.12368
	45.53529	34.12386
	45.53549	34.12396
	45.53574	34.124
	45.53598	34.12393
	45.53613	34.1238
	45.53607	34.12351
	45.53596	34.12338
	45.53594	34.1233
	45.53594	34.12322
	45.53599	34.12308
	45.53612	34.12301
	45.53669	34.12304
	45.53759	34.12331
	45.53847	34.12394
	45.5395	34.12439
	45.54043	34.12464
	45.54195	34.12486
	45.54268	34.1251
	45.54279	34.12526
	45.54305	34.12596
	45.54327	34.12628
	45.54405	34.1271
	45.5446	34.12738
	45.54494	34.12827
	45.54871	34.13067
	45.56006	34.13883
	45.56802	34.13995
	45.58159	34.14613
	45.58116	34.14689
	45.58093	34.14722
	45.58083	34.14736
	45.58023	34.14806
	45.5789	34.14993
	45.57628	34.15456
	45.57558	34.15687
	45.57517	34.15777
	45.57508	34.15867
	45.5751	34.16172
	45.57478	34.16353
	45.57473	34.16629
	45.57462	34.1672
	45.57389	34.16899
	45.57375	34.1698
	45.57332	34.17093
	45.57225	34.17265
	45.57127	34.17387
	45.56956	34.17512
	45.56748	34.17694
	45.56455	34.18025
	45.56425	34.1806
	45.5613	34.18421
	45.55995	34.1857
	45.55831	34.18786
	45.55673	34.19006
	45.5557	34.19206
	45.55501	34.19375
	45.55487	34.19512
	45.55497	34.19613
	45.55517	34.19695
	45.5556	34.19824
	45.55603	34.19902
	45.55679	34.20008
	45.55714	34.20043
	45.56173	34.20582
	45.5668	34.2102
	45.56865	34.21227
	45.57033	34.21625
	45.57087	34.2193
	45.57154	34.22129
	45.57213	34.22257
	45.57372	34.22523
	45.57509	34.22711
	45.57822	34.23165
	45.57874	34.2327
	45.5811	34.23956
	45.58149	34.24179
	45.58179	34.24462
	45.58205	34.24531
	45.58246	34.24605
	45.58275	34.24703
	45.58285	34.24816
	45.58281	34.24906
	45.58268	34.25016
	45.58208	34.25298
	45.58177	34.2551
	45.58171	34.25527
	45.58155	34.25715
	45.58153	34.26102
	45.58174	34.26423
	45.58214	34.26712
	45.58268	34.26894
	45.58322	34.27326
	45.58438	34.27857
	45.58512	34.28276
	45.58562	34.28671
	45.58554	34.28877
	45.5857	34.29121
	45.58517	34.29688
	45.58357	34.30266
	45.57475	34.31623
	45.56181	34.33162
	45.56162	34.33221
	45.56144	34.33263
	45.56115	34.3327
	45.56093	34.33298
	45.56066	34.33316
	45.56034	34.33323
	45.55973	34.33347
	45.55959	34.33347
	45.55931	34.33356
	45.55909	34.33369
	45.55878	34.33373
	45.55876	34.33375
	45.5588	34.33397
	45.5584	34.33438
	45.55829	34.33442
	45.55773	34.33436
	45.55736	34.33448
	45.55725	34.33458
	45.55727	34.33467
	45.55757	34.33493
	45.55759	34.33496
	45.5576	34.33505
	45.5575	34.33515
	45.55712	34.33514
	45.55704	34.33518
	45.55704	34.33528
	45.55726	34.33549
	45.55728	34.33558
	45.55723	34.33566
	45.55685	34.33577
	45.55668	34.33588
	45.55657	34.33624
	45.5566	34.33653
	45.55646	34.33689
	45.55631	34.33695
	45.55593	34.33698
	45.55572	34.33721
	45.55556	34.33729
	45.55539	34.3373
	45.55522	34.33723
	45.55463	34.33722
	45.55397	34.33766
	45.55394	34.3378
	45.5541	34.33814
	45.55386	34.33832
	45.5539	34.33845
	45.55414	34.33861
	45.55418	34.33866
	45.55417	34.33872
	45.55408	34.33878
	45.55356	34.33893
	45.55348	34.33899
	45.55344	34.33918
	45.55345	34.33936
	45.55353	34.33943
	45.55382	34.33941
	45.55386	34.33944
	45.55388	34.33944
	45.55389	34.33953
	45.55373	34.33976
	45.55321	34.34014
	45.55297	34.3402
	45.55271	34.34018
	45.5524	34.34
	45.55178	34.34003
	45.55169	34.3401
	45.55185	34.34026
	45.55193	34.34043
	45.55182	34.34047
	45.55158	34.34043
	45.55144	34.34046
	45.55145	34.34082
	45.55138	34.34087
	45.5513	34.34087
	45.55117	34.34078
	45.55098	34.34076
	45.55084	34.34079
	45.55061	34.341
	45.55055	34.34121
	45.55041	34.34128
	45.55004	34.34185
	45.54995	34.34186
	45.54987	34.3418
	45.54985	34.34163
	45.54977	34.34156
	45.54956	34.34154
	45.54904	34.34182
	45.54897	34.34191
	45.54904	34.34216
	45.54893	34.34262
	45.54882	34.34272
	45.54841	34.34283
	45.54849	34.34307
	45.54846	34.34311
	45.54822	34.34306
	45.54816	34.34306
	45.54809	34.34307
	45.54804	34.34315
	45.54805	34.34347
	45.54826	34.3436
	45.54828	34.34367
	45.54828	34.3437
	45.54822	34.34384
	45.5481	34.34394
	45.54774	34.34395
	45.54704	34.34426
	45.54725	34.34465
	45.54717	34.34502
	45.5469	34.34515
	45.54676	34.34532
	45.54677	34.34546
	45.54689	34.34571
	45.5468	34.34584
	45.54666	34.34593
	45.54642	34.34594
	45.54632	34.34589
	45.54619	34.34566
	45.54609	34.34567
	45.54565	34.34599
	45.54528	34.34638
	45.54506	34.34682
	45.54483	34.34682
	45.54474	34.34694
	45.54472	34.3472
	45.54441	34.34753
	45.54404	34.3484
	45.54354	34.34882
	45.54342	34.34886
	45.54335	34.34881
	45.54335	34.34851
	45.54314	34.34848
	45.54295	34.34853
	45.54249	34.34851
	45.54222	34.34865
	45.5421	34.3488
	45.54196	34.34915
	45.54174	34.34929
	45.54153	34.34933
	45.54135	34.3493
	45.54125	34.34935
	45.54122	34.34943
	45.54129	34.34973
	45.5412	34.34986
	45.54061	34.35038
	45.54026	34.35077
	45.54015	34.35084
	45.53995	34.35084
	45.53953	34.35096
	45.53948	34.35092
	45.53945	34.35077
	45.53952	34.35061
	45.53977	34.35035
	45.53969	34.35028
	45.53943	34.35034
	45.53909	34.35073
	45.53892	34.35102
	45.53887	34.35155
	45.53875	34.3516
	45.53857	34.35159
	45.53838	34.35147
	45.53828	34.35148
	45.53823	34.35153
	45.53819	34.3519
	45.53807	34.35211
	45.53781	34.35214
	45.53772	34.35208
	45.53765	34.35193
	45.53742	34.35165
	45.53766	34.3513
	45.53762	34.35122
	45.53751	34.35118
	45.53721	34.35121
	45.53685	34.35133
	45.53641	34.35187
	45.53594	34.35195
	45.53587	34.3521
	45.53574	34.35219
	45.53536	34.35208
	45.53513	34.35207
	45.53454	34.35153
	45.53427	34.35141
	45.53435	34.35096
	45.53429	34.35046
	45.53379	34.34907
	45.53334	34.34758
	45.53332	34.34685
	45.53317	34.34652
	45.53301	34.34635
	45.53266	34.3462
	45.53234	34.34613
	45.53112	34.34609
	45.53093	34.34603
	45.53084	34.34594
	45.53034	34.34578
	45.52996	34.34569
	45.52952	34.34568
	45.52926	34.3457
	45.52896	34.34581
	45.52856	34.34606
	45.52843	34.34654
	45.52808	34.34682
	45.52795	34.34697
	45.52762	34.34764
	45.52731	34.34812
	45.52714	34.34818
	45.52685	34.34845
	45.52613	34.34886
	45.52537	34.34901
	45.52508	34.34914
	45.52484	34.34917
	45.52455	34.34915
	45.52446	34.34906
	45.52443	34.34905
	45.52426	34.34902
	45.52386	34.34899
	45.52248	34.34907
	45.52237	34.349
	45.52231	34.34888
	45.52208	34.34882
	45.52182	34.3486
	45.52161	34.34853
	45.52114	34.34851
	45.52084	34.34859
	45.52033	34.34861
	45.51956	34.34851
	45.51789	34.3481
	45.51672	34.34788
	45.51586	34.34784
	45.51519	34.34794
	45.51502	34.34799
	45.51467	34.34825
	45.51388	34.34864
	45.51221	34.3497
	45.51093	34.35034
	45.51021	34.35091
	45.50923	34.35184
	45.50872	34.35218
	45.50832	34.35232
	45.50816	34.35233
	45.5076	34.35219
	45.50726	34.35196
	45.50694	34.3516
	45.50616	34.35045
	45.50603	34.35009
	45.50605	34.34972
	45.50614	34.34944
	45.50608	34.34902
	45.50575	34.34813
	45.50472	34.34701
	45.5043	34.34668
	45.50384	34.34642
	45.5037	34.34628
	45.50299	34.34534
	45.50275	34.34489
	45.50248	34.34418
	45.50247	34.34412
	45.50246	34.34369
	45.50255	34.34303
	45.50257	34.34211
	45.5027	34.3416
	45.5025	34.3408
	45.50169	34.33977
	45.49918	34.33721
	45.49888	34.33655
	45.49875	34.33573
	45.49857	34.33532
	45.49618	34.33687
	45.48003	34.36534
	45.46775	34.37915
	45.46814	34.382
	45.46731	34.38256
	45.46669	34.38363
	45.4639	34.39868
	45.4625	34.4025
	45.45856	34.41583
	45.45745	34.41648
	45.4573	34.41645
	45.45714	34.41655
	45.4568	34.41656
	45.4562	34.41645
	45.45556	34.4175
	45.45558	34.41791
	45.45552	34.41832
	45.45599	34.41894
	45.45562	34.41939
	45.45555	34.41985
	45.45672	34.42103
	45.45673	34.42177
	45.45648	34.42226
	45.4569	34.42277
	45.45698	34.42292
	45.457	34.42318
	45.45713	34.42339
	45.45709	34.42366
	45.45696	34.42393
	45.45696	34.42404
	45.45709	34.42427
	45.4571	34.42443
	45.45701	34.42476
	45.45688	34.42497
	45.45703	34.42524
	45.457	34.42555
	45.45721	34.42637
	45.45706	34.42669
	45.45679	34.42691
	45.45681	34.42733
	45.45665	34.42771
	45.45653	34.42787
	45.45628	34.42803
	45.45573	34.42856
	45.45571	34.42972
	45.45583	34.43007
	45.45598	34.43033
	45.45614	34.43044
	45.45608	34.4308
	45.45611	34.43113
	45.45602	34.4315
	45.45591	34.4316
	45.45589	34.4317
	45.45591	34.43235
	45.45583	34.43254
	45.45594	34.43299
	45.4543	34.43275
	45.45431	34.43511
	45.45396	34.43507
	45.45346	34.43527
	45.45306	34.43532
	45.45287	34.43529
	45.45274	34.4352
	45.45242	34.43511
	45.45217	34.4352
	45.45206	34.43531
	45.45174	34.43536
	45.45143	34.43533
	45.45132	34.43549
	45.45083	34.4355
	45.45074	34.43552
	45.45077	34.43558
	45.45069	34.43563
	45.45027	34.4357
	45.45024	34.43584
	45.45009	34.43611
	45.44992	34.43626
	45.44965	34.43639
	45.4496	34.43665
	45.44943	34.43672
	45.44931	34.43661
	45.44918	34.4366
	45.44913	34.43662
	45.44916	34.43673
	45.44911	34.43676
	45.44909	34.43677
	45.449	34.43673
	45.44885	34.43678
	45.44892	34.43682
	45.44868	34.43713
	45.44856	34.4371
	45.44837	34.43714
	45.4482	34.43727
	45.44801	34.43765
	45.44756	34.43803
	45.44704	34.43834
	45.44656	34.43894
	45.44627	34.43914
	45.44617	34.43903
	45.44586	34.43885
	45.44507	34.43883
	45.44457	34.4386
	45.44374	34.43873
	45.44348	34.4388
	45.44324	34.43893
	45.44306	34.43908
	45.44292	34.43931
	45.44284	34.43968
	45.44282	34.43985
	45.44285	34.44039
	45.44276	34.44051
	45.44251	34.44062
	45.44248	34.44072
	45.44248	34.44076
	45.44256	34.44099
	45.4427	34.44108
	45.4429	34.44136
	45.44285	34.44148
	45.44262	34.44167
	45.44234	34.44206
	45.44218	34.44219
	45.44214	34.44232
	45.44215	34.4424
	45.4426	34.44227
	45.44271	34.44236
	45.44284	34.44259
	45.44299	34.44297
	45.44278	34.44322
	45.44246	34.44338
	45.44238	34.44334
	45.44234	34.44321
	45.44245	34.44296
	45.44238	34.44285
	45.44227	34.44278
	45.44213	34.44277
	45.44203	34.44281
	45.44196	34.44292
	45.44193	34.44305
	45.44204	34.44328
	45.442	34.44337
	45.44185	34.44343
	45.4418	34.44353
	45.44177	34.44367
	45.44183	34.44391
	45.44189	34.44399
	45.44254	34.44396
	45.44264	34.44398
	45.44266	34.44404
	45.44242	34.44432
	45.44228	34.44438
	45.44216	34.44452
	45.44211	34.44505
	45.44237	34.44558
	45.44231	34.44569
	45.44208	34.44582
	45.44218	34.44609
	45.44195	34.44616
	45.4419	34.44622
	45.44196	34.44656
	45.44176	34.44681
	45.44193	34.44689
	45.44225	34.44686
	45.44249	34.44716
	45.44276	34.44734
	45.44286	34.44772
	45.44298	34.44787
	45.44316	34.44837
	45.44345	34.44851
	45.44319	34.44883
	45.44301	34.44916
	45.44229	34.44971
	45.44227	34.44982
	45.44234	34.45005
	45.44229	34.45017
	45.44223	34.45024
	45.44198	34.45027
	45.44194	34.45033
	45.442	34.45059
	45.44221	34.45062
	45.44228	34.45074
	45.44228	34.45085
	45.44223	34.45095
	45.44197	34.45118
	45.44196	34.45129
	45.44211	34.45163
	45.44256	34.45166
	45.44266	34.45169
	45.44266	34.45178
	45.44241	34.452
	45.44223	34.45205
	45.44214	34.45213
	45.44198	34.45268
	45.44191	34.45269
	45.4418	34.45253
	45.44137	34.45259
	45.44137	34.45284
	45.44129	34.45302
	45.44118	34.45308
	45.44099	34.45303
	45.44073	34.45284
	45.44055	34.45287
	45.44043	34.45295
	45.44033	34.45324
	45.44012	34.45335
	45.43999	34.4535
	45.43984	34.45382
	45.43982	34.45426
	45.43992	34.45443
	45.43997	34.45471
	45.44008	34.45506
	45.44036	34.45537
	45.44036	34.45546
	45.44029	34.45551
	45.44012	34.45552
	45.43993	34.45565
	45.43994	34.45577
	45.43997	34.4558
	45.44004	34.45587
	45.44007	34.45622
	45.44	34.45648
	45.43999	34.4565
	45.43985	34.45659
	45.43984	34.4566
	45.43986	34.45672
	45.43989	34.45689
	45.43981	34.45712
	45.43979	34.45715
	45.44004	34.45747
	45.44008	34.4576
	45.44006	34.45772
	45.43974	34.45797
	45.43985	34.45813
	45.43984	34.45824
	45.43983	34.4583
	45.44002	34.45833
	45.44008	34.4584
	45.43999	34.45878
	45.43989	34.45887
	45.43981	34.45893
	45.44009	34.45904
	45.4401	34.45904
	45.44016	34.45915
	45.44022	34.45916
	45.44026	34.45916
	45.44033	34.45911
	45.44042	34.45905
	45.4405	34.45907
	45.44061	34.45921
	45.44063	34.45923
	45.44067	34.45945
	45.44076	34.45948
	45.44112	34.45944
	45.44119	34.4593
	45.44122	34.45925
	45.44149	34.45913
	45.44158	34.45914
	45.44159	34.45914
	45.44166	34.4592
	45.44166	34.45938
	45.44167	34.45951
	45.44158	34.45976
	45.44147	34.46007
	45.44157	34.46009
	45.44174	34.46
	45.44183	34.46001
	45.44204	34.46041
	45.44218	34.46053
	45.44261	34.46065
	45.44275	34.46064
	45.44294	34.46063
	45.44303	34.46067
	45.44305	34.461
	45.44306	34.46108
	45.44311	34.46112
	45.44332	34.46129
	45.44337	34.46137
	45.44339	34.46141
	45.44337	34.46158
	45.44335	34.46184
	45.44351	34.46274
	45.44365	34.46279
	45.44366	34.46279
	45.44382	34.46295
	45.44393	34.46305
	45.44394	34.46314
	45.44379	34.46347
	45.44381	34.46352
	45.44385	34.4636
	45.44409	34.4636
	45.4441	34.46361
	45.4441	34.4636
	45.44428	34.46343
	45.4444	34.46341
	45.44446	34.46341
	45.44449	34.46346
	45.44455	34.46356
	45.44448	34.46368
	45.44449	34.46376
	45.44453	34.4638
	45.44466	34.46393
	45.44478	34.46401
	45.44493	34.4641
	45.44533	34.46403
	45.4457	34.46403
	45.44597	34.46404
	45.44619	34.46399
	45.44629	34.46402
	45.44647	34.46407
	45.4466	34.46405
	45.44699	34.464
	45.44733	34.46391
	45.44744	34.46388
	45.44821	34.46357
	45.44829	34.46357
	45.44862	34.46358
	45.44903	34.46374
	45.45011	34.46366
	45.45032	34.46415
	45.45006	34.46463
	45.45	34.46474
	45.45017	34.46497
	45.45019	34.46506
	45.45023	34.46523
	45.45007	34.4656
	45.45045	34.46594
	45.45063	34.46604
	45.45085	34.46616
	45.45114	34.46627
	45.4514	34.46637
	45.45163	34.46631
	45.45189	34.46606
	45.4521	34.46594
	45.45228	34.46589
	45.45251	34.46583
	45.45261	34.46585
	45.45276	34.46588
	45.45296	34.46594
	45.45305	34.46596
	45.45342	34.46625
	45.45391	34.46675
	45.45401	34.46679
	45.45412	34.46682
	45.45443	34.46709
	45.4548	34.46694
	45.45528	34.46667
	45.45547	34.4666
	45.45555	34.46657
	45.4558	34.46653
	45.45621	34.46645
	45.45654	34.46644
	45.45701	34.46632
	45.45735	34.4662
	45.45772	34.466
	45.45864	34.4657
	45.45902	34.46628
	45.45946	34.46649
	45.45979	34.46658
	45.46082	34.46651
	45.46094	34.46657
	45.46121	34.46696
	45.46136	34.46699
	45.46154	34.46692
	45.46169	34.46676
	45.46178	34.46676
	45.4619	34.46681
	45.46196	34.46683
	45.46201	34.46689
	45.46208	34.46697
	45.46219	34.46728
	45.46227	34.46732
	45.4623	34.46734
	45.46263	34.46717
	45.46276	34.46718
	45.46284	34.46726
	45.46286	34.46764
	45.46302	34.46795
	45.46272	34.46808
	45.46266	34.46814
	45.46263	34.46817
	45.46266	34.4684
	45.4626	34.46841
	45.46232	34.46845
	45.46222	34.46853
	45.46223	34.46869
	45.46233	34.46887
	45.46245	34.46907
	45.46262	34.46919
	45.46269	34.46924
	45.46274	34.46937
	45.46269	34.46972
	45.46272	34.46978
	45.46275	34.46986
	45.46276	34.46987
	45.46291	34.47004
	45.46311	34.4701
	45.46328	34.47023
	45.46359	34.47047
	45.46355	34.47056
	45.46353	34.4706
	45.46343	34.47065
	45.46323	34.47075
	45.46301	34.47077
	45.46291	34.47078
	45.46255	34.47091
	45.46241	34.47096
	45.46165	34.47083
	45.46124	34.47104
	45.46109	34.47112
	45.4609	34.47136
	45.46074	34.47156
	45.46069	34.47169
	45.46093	34.47274
	45.46096	34.47277
	45.46111	34.47296
	45.46123	34.47324
	45.46125	34.47336
	45.46127	34.4735
	45.46114	34.47361
	45.46167	34.47415
	45.46212	34.47416
	45.4624	34.47426
	45.46243	34.47428
	45.46257	34.47437
	45.46291	34.47476
	45.46301	34.47487
	45.46339	34.47522
	45.46405	34.47551
	45.46436	34.47554
	45.46456	34.47552
	45.4649	34.47523
	45.46491	34.4752
	45.46502	34.47497
	45.46509	34.47492
	45.46527	34.47478
	45.46547	34.47455
	45.46556	34.47444
	45.46558	34.47443
	45.46569	34.4744
	45.46594	34.47448
	45.46602	34.47451
	45.46616	34.47459
	45.4662	34.47462
	45.46632	34.4748
	45.46623	34.47492
	45.46613	34.47508
	45.4661	34.47526
	45.46609	34.47532
	45.46614	34.47545
	45.4662	34.47559
	45.46672	34.47616
	45.46742	34.47633
	45.46753	34.4764
	45.46756	34.47642
	45.46797	34.47679
	45.46876	34.4775
	45.4689	34.47767
	45.46904	34.47783
	45.46943	34.47788
	45.46951	34.47789
	45.46992	34.47806
	45.47002	34.47805
	45.47034	34.47801
	45.4706	34.47788
	45.47078	34.47758
	45.47078	34.47757
	45.4709	34.47747
	45.47096	34.47742
	45.4712	34.47738
	45.47131	34.47736
	45.47139	34.47729
	45.47148	34.47722
	45.47166	34.47698
	45.47167	34.47688
	45.47169	34.47665
	45.47185	34.47651
	45.47216	34.47647
	45.47222	34.47646
	45.47234	34.47648
	45.47263	34.47653
	45.47306	34.47653
	45.47318	34.47647
	45.47342	34.47633
	45.47382	34.47581
	45.47416	34.47565
	45.47417	34.47565
	45.47451	34.47568
	45.47465	34.47574
	45.47483	34.47582
	45.47513	34.47589
	45.47584	34.47591
	45.47725	34.47565
	45.47776	34.47561
	45.4781	34.4757
	45.47827	34.47574
	45.47892	34.4756
	45.47935	34.47555
	45.48082	34.4754
	45.48134	34.47554
	45.48188	34.47569
	45.48195	34.47578
	45.48202	34.47587
	45.48208	34.47628
	45.48212	34.47653
	45.48246	34.47658
	45.48252	34.4766
	45.48315	34.47676
	45.48326	34.4767
	45.48342	34.47661
	45.48494	34.47628
	45.48509	34.47619
	45.48522	34.4761
	45.48559	34.47601
	45.4856	34.476
	45.48579	34.47581
	45.48617	34.47582
	45.48639	34.47582
	45.48662	34.4757
	45.48701	34.47562
	45.48732	34.47567
	45.48761	34.47555
	45.48789	34.47544
	45.48799	34.47543
	45.48826	34.4754
	45.48857	34.47544
	45.48866	34.47545
	45.48888	34.47544
	45.4891	34.47543
	45.4902	34.47553
	45.49049	34.47551
	45.49078	34.4754
	45.49103	34.47525
	45.49114	34.47511
	45.49165	34.47509
	45.49173	34.4751
	45.49229	34.47516
	45.49242	34.47508
	45.49255	34.47499
	45.49265	34.47476
	45.49271	34.47446
	45.49283	34.47438
	45.49354	34.47436
	45.49447	34.47423
	45.49492	34.47411
	45.49533	34.47411
	45.49586	34.47424
	45.49673	34.47392
	45.4977	34.47366
	45.4977	34.47364
	45.49792	34.47324
	45.49917	34.47269
	45.49966	34.47227
	45.4997	34.47223
	45.49975	34.47222
	45.50007	34.47216
	45.5003	34.47203
	45.50035	34.47194
	45.50051	34.47167
	45.50091	34.47166
	45.50114	34.47149
	45.50121	34.47148
	45.50159	34.47143
	45.50185	34.47149
	45.50189	34.4715
	45.50203	34.47146
	45.50216	34.47142
	45.50295	34.47083
	45.50309	34.47084
	45.50359	34.47086
	45.50396	34.47075
	45.50424	34.47054
	45.50435	34.47057
	45.50447	34.47062
	45.50532	34.47061
	45.50597	34.47076
	45.50604	34.47078
	45.5066	34.47097
	45.5073	34.47087
	45.50767	34.47093
	45.50801	34.47131
	45.50908	34.47128
	45.50938	34.47148
	45.50955	34.47183
	45.50974	34.47196
	45.5098	34.472
	45.50998	34.472
	45.51036	34.47201
	45.51079	34.47206
	45.51097	34.47215
	45.51129	34.4723
	45.51252	34.47253
	45.51313	34.47346
	45.51321	34.4735
	45.51339	34.47359
	45.51368	34.47365
	45.51407	34.47357
	45.51421	34.47362
	45.51454	34.47374
	45.51502	34.47414
	45.51516	34.47426
	45.51581	34.47451
	45.51593	34.47468
	45.51611	34.47516
	45.51721	34.4757
	45.51733	34.4759
	45.51738	34.47598
	45.51748	34.4764
	45.51764	34.47675
	45.51769	34.47679
	45.5181	34.47708
	45.51835	34.47754
	45.51809	34.47803
	45.51796	34.47841
	45.51809	34.47858
	45.51832	34.47886
	45.51892	34.47939
	45.51906	34.47951
	45.51919	34.47952
	45.51938	34.47954
	45.51947	34.47961
	45.51978	34.47987
	45.52004	34.47996
	45.52041	34.48017
	45.5205	34.48022
	45.52062	34.48066
	45.52115	34.48087
	45.52125	34.48098
	45.52127	34.48119
	45.52128	34.48126
	45.5212	34.48159
	45.52121	34.48163
	45.52123	34.48172
	45.52134	34.48183
	45.52166	34.48202
	45.52194	34.48219
	45.52221	34.48257
	45.52252	34.48347
	45.52252	34.4845
	45.52257	34.48463
	45.52258	34.48465
	45.523	34.48497
	45.52318	34.4851
	45.52333	34.4855
	45.52374	34.48656
	45.52395	34.4869
	45.52378	34.48713
	45.52363	34.48734
	45.52361	34.48752
	45.52359	34.48765
	45.52352	34.4878
	45.52343	34.48801
	45.52386	34.48879
	45.52387	34.4888
	45.52389	34.48898
	45.52373	34.48927
	45.52418	34.49003
	45.52413	34.49033
	45.52428	34.49052
	45.52465	34.49098
	45.5249	34.49146
	45.52498	34.49198
	45.52493	34.4923
	45.52499	34.49245
	45.52512	34.49256
	45.52515	34.49259
	45.52534	34.49266
	45.52544	34.49269
	45.52547	34.49273
	45.52554	34.4928
	45.52562	34.49297
	45.52571	34.49316
	45.5257	34.49329
	45.52567	34.49371
	45.5256	34.49385
	45.52551	34.49401
	45.52552	34.49416
	45.52571	34.49443
	45.52592	34.49473
	45.52596	34.4949
	45.52577	34.49549
	45.52554	34.49591
	45.52552	34.49596
	45.52557	34.49608
	45.52562	34.49621
	45.52558	34.4966
	45.52558	34.49665
	45.52558	34.49667
	45.5256	34.49686
	45.52565	34.49695
	45.5257	34.49707
	45.52568	34.49712
	45.52531	34.49779
	45.52505	34.49878
	45.52515	34.49923
	45.52605	34.49982
	45.52644	34.50027
	45.5266	34.50059
	45.52661	34.50074
	45.52657	34.50084
	45.52653	34.50093
	45.52631	34.50122
	45.52625	34.50133
	45.52619	34.50147
	45.52617	34.50201
	45.52623	34.5022
	45.52638	34.50263
	45.52635	34.50281
	45.52634	34.50284
	45.52591	34.50338
	45.52588	34.50369
	45.52562	34.50386
	45.52561	34.50387
	45.52556	34.50393
	45.52548	34.50402
	45.5255	34.50411
	45.52552	34.50419
	45.52567	34.50437
	45.52596	34.50454
	45.52639	34.50495
	45.52649	34.50562
	45.52651	34.50576
	45.52647	34.50591
	45.52624	34.50691
	45.526	34.50748
	45.52606	34.50823
	45.52593	34.50866
	45.52596	34.50882
	45.52597	34.5089
	45.52619	34.50915
	45.52623	34.50918
	45.52641	34.50932
	45.52637	34.50985
	45.52633	34.51
	45.52631	34.51007
	45.52614	34.51039
	45.52599	34.51067
	45.5258	34.51096
	45.52569	34.51113
	45.52549	34.51123
	45.52517	34.51155
	45.52514	34.5116
	45.52507	34.51173
	45.52591	34.51321
	45.52592	34.5134
	45.52593	34.51352
	45.52612	34.51429
	45.52622	34.51448
	45.52643	34.51468
	45.52663	34.51516
	45.52668	34.51574
	45.52656	34.51592
	45.52656	34.51596
	45.52658	34.51619
	45.52641	34.51643
	45.52638	34.51657
	45.52634	34.51671
	45.52635	34.51709
	45.52636	34.51759
	45.52687	34.51789
	45.52704	34.518
	45.52721	34.51816
	45.52721	34.51823
	45.52721	34.51829
	45.52706	34.51872
	45.52709	34.5189
	45.52709	34.51894
	45.52708	34.51899
	45.52703	34.51919
	45.52706	34.51939
	45.52689	34.51955
	45.52682	34.51962
	45.52674	34.51993
	45.52679	34.5202
	45.52664	34.52044
	45.52662	34.52049
	45.52657	34.52068
	45.52669	34.521
	45.52678	34.52125
	45.52681	34.52138
	45.52684	34.52155
	45.52677	34.52197
	45.52671	34.52223
	45.52639	34.52281
	45.52637	34.52295
	45.52636	34.52298
	45.52638	34.52336
	45.52639	34.52355
	45.52644	34.52375
	45.52645	34.52375
	45.52669	34.52396
	45.527	34.52505
	45.527	34.52507
	45.527	34.52508
	45.52685	34.52552
	45.52686	34.526
	45.52686	34.5262
	45.52679	34.52632
	45.5267	34.52646
	45.52667	34.52671
	45.52665	34.52687
	45.52667	34.52699
	45.52668	34.52704
	45.5269	34.52728
	45.52696	34.52734
	45.52703	34.52772
	45.52708	34.52805
	45.52707	34.5281
	45.52698	34.52843
	45.5268	34.52881
	45.52667	34.52908
	45.52677	34.52954
	45.52667	34.52991
	45.52664	34.53057
	45.52619	34.53108
	45.52594	34.53135
	45.52554	34.53157
	45.52552	34.53157
	45.52502	34.5316
	45.52477	34.53179
	45.52449	34.53225
	45.52429	34.53247
	45.52425	34.5326
	45.52434	34.53275
	45.5245	34.53301
	45.52432	34.53329
	45.52412	34.53362
	45.52413	34.53408
	45.52395	34.53433
	45.52351	34.53455
	45.52327	34.53482
	45.52315	34.53502
	45.52311	34.5351
	45.52308	34.53526
	45.52285	34.5356
	45.52279	34.53585
	45.5225	34.53623
	45.52247	34.53643
	45.52246	34.53648
	45.52277	34.53682
	45.52288	34.5369
	45.523	34.53699
	45.52306	34.53711
	45.52303	34.53746
	45.52322	34.5381
	45.52319	34.53818
	45.52314	34.53838
	45.52302	34.53856
	45.52298	34.53862
	45.52292	34.53878
	45.52289	34.53889
	45.52287	34.53918
	45.52271	34.5395
	45.52266	34.5396
	45.52266	34.53977
	45.52266	34.53996
	45.52262	34.54002
	45.52257	34.54012
	45.52186	34.54045
	45.52168	34.54057
	45.52166	34.54059
	45.52161	34.54065
	45.5212	34.54122
	45.52117	34.5413
	45.52114	34.54137
	45.52115	34.54141
	45.52116	34.54152
	45.5213	34.54216
	45.52122	34.54227
	45.52064	34.54244
	45.52045	34.54266
	45.5203	34.54295
	45.52021	34.543
	45.52007	34.54307
	45.51974	34.54316
	45.51964	34.54319
	45.51927	34.54336
	45.51894	34.54344
	45.51859	34.54364
	45.51796	34.5437
	45.51762	34.54374
	45.51743	34.54392
	45.51733	34.54397
	45.51715	34.54406
	45.51693	34.54422
	45.51658	34.54448
	45.51607	34.54469
	45.51559	34.54535
	45.51465	34.54573
	45.51442	34.54587
	45.51372	34.54633
	45.51364	34.54651
	45.51363	34.54653
	45.51358	34.5468
	45.51357	34.54687
	45.51357	34.54692
	45.51358	34.54722
	45.51399	34.54813
	45.51394	34.54881
	45.51396	34.54894
	45.51399	34.54912
	45.51408	34.54924
	45.51424	34.54943
	45.5146	34.54974
	45.51511	34.55018
	45.51441	34.55047
	45.5139	34.55081
	45.51385	34.55086
	45.51373	34.55101
	45.51361	34.55104
	45.5131	34.55101
	45.513	34.551
	45.51283	34.55105
	45.51199	34.55163
	45.51287	34.55196
	45.51315	34.55206
	45.51325	34.55217
	45.51338	34.55232
	45.51352	34.55241
	45.5136	34.55243
	45.51377	34.55247
	45.51387	34.55265
	45.51394	34.55268
	45.51411	34.55273
	45.51432	34.55286
	45.51437	34.5529
	45.51467	34.55323
	45.51477	34.55328
	45.51488	34.55355
	45.51495	34.55375
	45.51504	34.55379
	45.5151	34.55391
	45.51514	34.55398
	45.5152	34.55402
	45.51528	34.55406
	45.51525	34.55413
	45.51517	34.55418
	45.51509	34.55423
	45.5151	34.55431
	45.5151	34.55435
	45.51502	34.55448
	45.51504	34.55452
	45.51507	34.55458
	45.51501	34.55474
	45.515	34.55477
	45.51502	34.55485
	45.5151	34.55489
	45.51524	34.55496
	45.51532	34.55509
	45.51535	34.55512
	45.51551	34.55515
	45.51596	34.55538
	45.51617	34.55529
	45.51627	34.55531
	45.51631	34.55546
	45.51633	34.55552
	45.51645	34.5557
	45.51692	34.55587
	45.51698	34.55603
	45.517	34.55607
	45.51712	34.55609
	45.5174	34.55612
	45.51748	34.55616
	45.51752	34.55618
	45.51753	34.5563
	45.51755	34.55632
	45.5176	34.55638
	45.5178	34.55643
	45.51795	34.55648
	45.51801	34.55649
	45.51831	34.55658
	45.5184	34.55664
	45.51842	34.55665
	45.51857	34.55698
	45.51861	34.55706
	45.5187	34.55718
	45.51882	34.55724
	45.5189	34.55728
	45.51934	34.55774
	45.51936	34.55774
	45.51976	34.55775
	45.52	34.55782
	45.52005	34.55783
	45.52018	34.55792
	45.52032	34.55817
	45.52045	34.55841
	45.52046	34.55855
	45.52037	34.5588
	45.52041	34.55885
	45.52042	34.55886
	45.52059	34.55889
	45.5207	34.55891
	45.52073	34.55895
	45.52084	34.5591
	45.52096	34.5591
	45.52108	34.55911
	45.52113	34.55913
	45.52119	34.55915
	45.52156	34.55913
	45.52161	34.55915
	45.52167	34.55917
	45.52168	34.55918
	45.52175	34.55923
	45.52186	34.55945
	45.52213	34.55949
	45.52235	34.55952
	45.52241	34.55973
	45.52245	34.55985
	45.52282	34.56005
	45.52286	34.56015
	45.52287	34.56019
	45.52319	34.56034
	45.52323	34.5604
	45.52325	34.56042
	45.52324	34.56061
	45.52335	34.56094
	45.52329	34.56108
	45.5232	34.56132
	45.5231	34.56134
	45.52302	34.56135
	45.52301	34.56136
	45.52295	34.56154
	45.52252	34.56158
	45.52242	34.56165
	45.52241	34.56191
	45.52239	34.56194
	45.52233	34.56208
	45.52231	34.56263
	45.52231	34.56272
	45.52231	34.56277
	45.52232	34.56283
	45.52235	34.56293
	45.52269	34.56306
	45.52278	34.56318
	45.52304	34.56356
	45.52305	34.56367
	45.52297	34.56377
	45.52296	34.5639
	45.52298	34.56394
	45.52302	34.56402
	45.52333	34.56419
	45.52337	34.56421
	45.52324	34.56442
	45.52342	34.56475
	45.52351	34.56493
	45.52349	34.56505
	45.52295	34.56563
	45.52285	34.56573
	45.52285	34.56576
	45.52284	34.56582
	45.52305	34.56588
	45.52323	34.56594
	45.5234	34.56606
	45.52365	34.56594
	45.52376	34.56592
	45.52379	34.56595
	45.52381	34.56597
	45.5237	34.56633
	45.52363	34.56657
	45.52355	34.56669
	45.52336	34.56678
	45.52329	34.56687
	45.52327	34.56691
	45.52314	34.56696
	45.52286	34.56697
	45.5228	34.56709
	45.52268	34.56732
	45.5224	34.56748
	45.5223	34.56753
	45.52231	34.56762
	45.5224	34.56769
	45.52241	34.5677
	45.52256	34.56806
	45.52256	34.56822
	45.52255	34.56837
	45.52264	34.56849
	45.52272	34.56853
	45.52302	34.56868
	45.523	34.56883
	45.52283	34.56892
	45.52285	34.56896
	45.52286	34.56898
	45.52302	34.569
	45.52311	34.56905
	45.52314	34.56906
	45.52328	34.56918
	45.52332	34.56931
	45.52328	34.56937
	45.52327	34.56939
	45.52306	34.56943
	45.52299	34.56944
	45.52288	34.56954
	45.52284	34.56968
	45.52296	34.56985
	45.52302	34.57016
	45.52309	34.57031
	45.52314	34.57042
	45.52305	34.57048
	45.52301	34.5705
	45.52282	34.57043
	45.52264	34.57037
	45.52238	34.57058
	45.52215	34.57069
	45.52203	34.57081
	45.52198	34.57107
	45.52195	34.57127
	45.52197	34.57134
	45.52199	34.57137
	45.52201	34.57137
	45.52219	34.5714
	45.52224	34.57175
	45.52225	34.57177
	45.52232	34.57184
	45.52252	34.57189
	45.52265	34.57192
	45.52267	34.57196
	45.5227	34.57202
	45.52282	34.57205
	45.52285	34.57206
	45.52326	34.57191
	45.5233	34.57191
	45.5234	34.57191
	45.52343	34.57194
	45.52347	34.57199
	45.52338	34.57213
	45.52334	34.57218
	45.52332	34.57228
	45.52341	34.57261
	45.5234	34.57273
	45.5234	34.57278
	45.52356	34.57284
	45.5237	34.57297
	45.52372	34.57307
	45.52365	34.5731
	45.5236	34.57312
	45.52341	34.57309
	45.52315	34.57304
	45.52302	34.57291
	45.52292	34.57286
	45.52287	34.57284
	45.52272	34.57284
	45.52255	34.57291
	45.52254	34.57293
	45.52249	34.57303
	45.52264	34.57315
	45.52269	34.57323
	45.52278	34.57337
	45.5229	34.57342
	45.52308	34.5735
	45.52307	34.5737
	45.52306	34.57378
	45.52307	34.57381
	45.52314	34.57404
	45.52348	34.57416
	45.52358	34.57419
	45.52373	34.57429
	45.52376	34.57433
	45.52378	34.57437
	45.52374	34.57442
	45.52371	34.57443
	45.52355	34.57444
	45.5234	34.57443
	45.52334	34.57442
	45.52322	34.57435
	45.52317	34.57432
	45.52303	34.57433
	45.52289	34.57442
	45.52282	34.5746
	45.52281	34.57463
	45.52285	34.57479
	45.5231	34.57515
	45.5231	34.57521
	45.5231	34.57527
	45.52301	34.57532
	45.52292	34.57545
	45.52289	34.57561
	45.52295	34.57591
	45.52289	34.57599
	45.52283	34.57632
	45.52284	34.57633
	45.52294	34.57643
	45.52316	34.57648
	45.5232	34.57649
	45.52336	34.57666
	45.52351	34.57683
	45.5237	34.57709
	45.52372	34.57715
	45.52378	34.57734
	45.52388	34.57745
	45.52391	34.57754
	45.52398	34.5778
	45.52408	34.57786
	45.52409	34.57786
	45.52433	34.57781
	45.52435	34.5777
	45.52414	34.57753
	45.52413	34.57745
	45.52421	34.57723
	45.52428	34.5772
	45.52431	34.57719
	45.52463	34.57752
	45.52499	34.57767
	45.52518	34.57775
	45.52524	34.57781
	45.52536	34.57792
	45.52585	34.57813
	45.52588	34.57816
	45.52597	34.57825
	45.52612	34.57822
	45.52639	34.57816
	45.52652	34.57821
	45.52653	34.57873
	45.52675	34.57903
	45.527	34.57922
	45.5271	34.5794
	45.52712	34.57972
	45.52732	34.5799
	45.52759	34.58007
	45.52777	34.58018
	45.52777	34.58033
	45.52772	34.58042
	45.52767	34.58052
	45.52751	34.58058
	45.52735	34.58051
	45.52727	34.58047
	45.5268	34.58051
	45.52685	34.58073
	45.52688	34.58086
	45.52705	34.58089
	45.52709	34.58092
	45.52723	34.58102
	45.52727	34.58109
	45.5273	34.58113
	45.52715	34.58126
	45.52717	34.58139
	45.52718	34.58148
	45.52735	34.58212
	45.52761	34.58239
	45.52761	34.58253
	45.52743	34.58275
	45.52759	34.5832
	45.52777	34.58318
	45.52783	34.58314
	45.52789	34.58311
	45.52787	34.5829
	45.52793	34.58286
	45.52803	34.5828
	45.52841	34.58278
	45.52841	34.58279
	45.52847	34.58287
	45.52835	34.58314
	45.52836	34.5833
	45.52853	34.58335
	45.52857	34.58344
	45.52853	34.58351
	45.52843	34.58367
	45.52843	34.58368
	45.52863	34.58404
	45.52863	34.58442
	45.52871	34.58451
	45.52871	34.58452
	45.52928	34.58475
	45.52938	34.58512
	45.52986	34.58544
	45.53012	34.58561
	45.53028	34.58578
	45.5302	34.58605
	45.53019	34.58608
	45.53029	34.58617
	45.53036	34.58622
	45.53037	34.58627
	45.53037	34.5863
	45.53021	34.58642
	45.53013	34.58647
	45.53011	34.58653
	45.53006	34.58661
	45.53007	34.58666
	45.53008	34.58669
	45.53024	34.5868
	45.53092	34.58687
	45.53097	34.58691
	45.53097	34.58692
	45.53099	34.58697
	45.5311	34.58743
	45.53148	34.5882
	45.53201	34.58828
	45.53211	34.58834
	45.53209	34.58843
	45.53181	34.58858
	45.53143	34.58856
	45.53128	34.5886
	45.53126	34.58865
	45.53114	34.58886
	45.53169	34.58895
	45.5317	34.58895
	45.53177	34.58909
	45.53152	34.58916
	45.5315	34.58919
	45.53149	34.58923
	45.53153	34.58937
	45.53154	34.58941
	45.53129	34.58958
	45.53131	34.58968
	45.5315	34.58977
	45.53157	34.58997
	45.53146	34.59014
	45.53138	34.59072
	45.53139	34.59077
	45.53141	34.59087
	45.53137	34.591
	45.53134	34.59112
	45.53129	34.59124
	45.53127	34.59128
	45.53107	34.59138
	45.53097	34.59151
	45.53098	34.59154
	45.531	34.5916
	45.53117	34.59164
	45.53137	34.59177
	45.53109	34.59199
	45.53106	34.59201
	45.53103	34.59213
	45.53103	34.59215
	45.53103	34.59219
	45.53106	34.5924
	45.53068	34.59271
	45.53068	34.59275
	45.53069	34.59282
	45.53088	34.59296
	45.5309	34.59304
	45.53064	34.59329
	45.53065	34.59339
	45.53065	34.59344
	45.53094	34.59377
	45.53091	34.59382
	45.5309	34.59384
	45.53078	34.59386
	45.53074	34.59389
	45.53067	34.59396
	45.53055	34.59425
	45.53054	34.59437
	45.53054	34.59448
	45.53056	34.59463
	45.53089	34.59465
	45.53094	34.59472
	45.53098	34.59479
	45.53094	34.59482
	45.53082	34.5949
	45.5308	34.59493
	45.53075	34.59503
	45.53079	34.59533
	45.53071	34.59535
	45.53062	34.59534
	45.53043	34.59532
	45.53041	34.5954
	45.53047	34.59578
	45.53061	34.59593
	45.53055	34.59622
	45.53046	34.59658
	45.53076	34.59702
	45.53013	34.59776
	45.53008	34.59779
	45.52997	34.59784
	45.52983	34.59808
	45.52956	34.59817
	45.52931	34.59809
	45.52917	34.5981
	45.52914	34.59816
	45.52916	34.5982
	45.52919	34.59825
	45.52916	34.59826
	45.52867	34.59834
	45.52867	34.59836
	45.52864	34.59845
	45.52865	34.59849
	45.52867	34.59856
	45.52887	34.5986
	45.5289	34.59864
	45.52892	34.59867
	45.52884	34.5989
	45.52893	34.59895
	45.52904	34.59917
	45.52904	34.59925
	45.52899	34.59931
	45.52896	34.59934
	45.52905	34.59949
	45.5291	34.59956
	45.52904	34.5997
	45.52907	34.59987
	45.52921	34.59998
	45.52927	34.60002
	45.52957	34.60001
	45.52964	34.60009
	45.52965	34.60016
	45.52971	34.60021
	45.52982	34.6003
	45.52972	34.60049
	45.52989	34.60083
	45.53001	34.60084
	45.53024	34.60086
	45.5303	34.60093
	45.53047	34.60113
	45.53074	34.60124
	45.53093	34.60132
	45.53117	34.60147
	45.53146	34.6019
	45.53528	34.60231
	45.53626	34.60154
	45.53753	34.60055
	45.53716	34.59843
	45.53471	34.59652
	45.53381	34.59379
	45.53594	34.59278
	45.53726	34.59215
	45.54038	34.59495
	45.54324	34.59662
	45.5478	34.59405
	45.55136	34.59344
	45.55398	34.59169
	45.55621	34.59245
	45.55691	34.59016
	45.55395	34.58874
	45.55688	34.58545
	45.55871	34.5834
	45.55787	34.58319
	45.55454	34.58238
	45.5558	34.57996
	45.56042	34.57938
	45.55816	34.57621
	45.55952	34.57418
	45.55975	34.57384
	45.56262	34.57461
	45.5655	34.57335
	45.5657	34.57274
	45.56652	34.57022
	45.56602	34.56702
	45.56584	34.56588
	45.5718	34.56288
	45.57302	34.56486
	45.57356	34.56574
	45.57511	34.56542
	45.57526	34.56539
	45.57447	34.56212
	45.57526	34.56173
	45.57634	34.5612
	45.57647	34.5608
	45.57714	34.55875
	45.57871	34.55792
	45.57908	34.55773
	45.57977	34.55869
	45.58048	34.55967
	45.58168	34.55917
	45.58182	34.55779
	45.58478	34.55681
	45.58774	34.5584
	45.58784	34.55857
	45.58787	34.55863
	45.58876	34.55873
	45.58891	34.55815
	45.589	34.55779
	45.58956	34.55734
	45.5897	34.55658
	45.59062	34.5557
	45.59176	34.55567
	45.59302	34.55565
	45.59365	34.55551
	45.5941	34.55542
	45.59496	34.55473
	45.59518	34.55419
	45.59538	34.55369
	45.59423	34.55281
	45.59459	34.55049
	45.59469	34.54989
	45.59565	34.54978
	45.59766	34.54955
	45.59789	34.54976
	45.60009	34.55181
	45.60749	34.54861
	45.60895	34.5504
	45.60936	34.55091
	45.6113	34.55125
	45.61526	34.55193
	45.61842	34.55026
	45.61948	34.55037
	45.6228	34.55073
	45.62465	34.55338
	45.62548	34.55319
	45.626	34.55137
	45.62622	34.55058
	45.62621	34.54931
	45.62673	34.54913
	45.62769	34.5488
	45.62925	34.5498
	45.62959	34.55071
	45.63116	34.55117
	45.63185	34.55173
	45.63225	34.55205
	45.63242	34.55297
	45.63267	34.55428
	45.63209	34.55675
	45.63212	34.55685
	45.6327	34.55837
	45.63371	34.55901
	45.63499	34.55801
	45.63527	34.55778
	45.63574	34.55644
	45.63659	34.55618
	45.63776	34.55643
	45.63821	34.55653
	45.63878	34.55674
	45.63958	34.55703
	45.63925	34.55791
	45.63989	34.55891
	45.64056	34.55878
	45.64069	34.55876
	45.64178	34.55623
	45.64053	34.55383
	45.64066	34.55377
	45.64109	34.55355
	45.64206	34.55333
	45.64541	34.55221
	45.64598	34.55149
	45.64653	34.55131
	45.64785	34.55088
	45.64818	34.55148
	45.64864	34.5523
	45.64866	34.55312
	45.65012	34.55314
	45.65085	34.55285
	45.65106	34.55276
	45.65123	34.55362
	45.65047	34.55477
	45.65091	34.55535
	45.65093	34.55604
	45.65093	34.55616
	45.65195	34.5562
	45.65277	34.55571
	45.65248	34.5547
	45.65247	34.55465
	45.65349	34.55333
	45.65353	34.55327
	45.6551	34.55354
	45.65475	34.55481
	45.65466	34.55517
	45.65582	34.55561
	45.65754	34.55447
	45.65909	34.55467
	45.6597	34.55475
	45.66092	34.55426
	45.66192	34.55273
	45.66226	34.55222
	45.66361	34.5513
	45.66437	34.55032
	45.66569	34.5516
	45.66533	34.55268
	45.66532	34.55271
	45.6662	34.55374
	45.66695	34.55382
	45.66806	34.55394
	45.67057	34.55206
	45.67198	34.55249
	45.67362	34.55299
	45.67423	34.55368
	45.67408	34.55422
	45.67403	34.55439
	45.67466	34.55526
	45.67487	34.55556
	45.67567	34.55625
	45.67619	34.55677
	45.67742	34.55666
	45.67945	34.55557
	45.68056	34.55579
	45.68113	34.55716
	45.68151	34.55806
	45.68184	34.55867
	45.68235	34.55961
	45.68347	34.55958
	45.68429	34.55896
	45.68431	34.55869
	45.68442	34.55764
	45.68406	34.55675
	45.68372	34.55592
	45.68409	34.5554
	45.68519	34.55531
	45.68559	34.55699
	45.68631	34.55737
	45.68677	34.55761
	45.68758	34.55777
	45.68831	34.55531
	45.68918	34.55453
	45.68922	34.55449
	45.69006	34.55407
	45.69012	34.55416
	45.69055	34.55489
	45.69071	34.55547
	45.69193	34.55562
	45.69303	34.5553
	45.6937	34.55364
	45.69524	34.55307
	45.69576	34.55161
	45.69636	34.55076
	45.69638	34.55073
	45.69814	34.55109
	45.69906	34.55107
	45.69969	34.55106
	45.69972	34.55077
	45.69981	34.55008
	45.69932	34.54955
	45.69862	34.54878
	45.70044	34.54751
	45.7009	34.54782
	45.70227	34.54876
	45.70325	34.54862
	45.70363	34.54856
	45.70379	34.54814
	45.70397	34.54766
	45.70386	34.54689
	45.70394	34.54638
	45.70408	34.54605
	45.70415	34.54591
	45.70437	34.54578
	45.70472	34.54592
	45.70475	34.54592
	45.70512	34.54593
	45.70571	34.54617
	45.70617	34.54611
	45.70658	34.54588
	45.70716	34.54549
	45.70721	34.54546
	45.70788	34.54556
	45.70832	34.54575
	45.70886	34.54599
	45.70968	34.54582
	45.71052	34.54569
	45.71057	34.54569
	45.71106	34.54582
	45.7111	34.54583
	45.71144	34.5458
	45.71159	34.54542
	45.71131	34.54471
	45.71103	34.54448
	45.71067	34.54418
	45.71044	34.54415
	45.70999	34.54408
	45.70924	34.54414
	45.70901	34.54389
	45.70901	34.54372
	45.70902	34.54353
	45.70936	34.54292
	45.70951	34.54266
	45.70952	34.54265
	45.71017	34.54234
	45.71031	34.54239
	45.71051	34.54246
	45.71081	34.54282
	45.71095	34.54286
	45.7112	34.54292
	45.71268	34.54287
	45.71279	34.54277
	45.71293	34.54264
	45.71292	34.54241
	45.71291	34.54223
	45.7124	34.54165
	45.71228	34.54119
	45.71235	34.54083
	45.71275	34.54049
	45.71305	34.54043
	45.71372	34.54087
	45.71389	34.54099
	45.71415	34.54096
	45.71514	34.5404
	45.71543	34.54023
	45.71566	34.54017
	45.71641	34.53997
	45.7171	34.54013
	45.71723	34.54015
	45.71756	34.54005
	45.71794	34.53992
	45.718	34.5397
	45.71806	34.53949
	45.71788	34.53914
	45.71782	34.53901
	45.71765	34.5386
	45.71745	34.53834
	45.71735	34.53821
	45.71744	34.53799
	45.71764	34.53794
	45.71798	34.53786
	45.7185	34.53791
	45.71913	34.53796
	45.7195	34.53795
	45.72018	34.53792
	45.72068	34.53833
	45.72103	34.53904
	45.72104	34.53907
	45.72106	34.53916
	45.72112	34.53959
	45.7214	34.53977
	45.72191	34.53957
	45.72222	34.53935
	45.72244	34.53921
	45.72247	34.53916
	45.72285	34.53858
	45.72314	34.53849
	45.72344	34.53849
	45.72367	34.53863
	45.72384	34.53857
	45.72397	34.53852
	45.72431	34.53755
	45.72422	34.53722
	45.72425	34.5372
	45.72438	34.53713
	45.72518	34.53719
	45.72554	34.53763
	45.72668	34.5379
	45.7271	34.53781
	45.72724	34.53778
	45.72742	34.53771
	45.72774	34.53758
	45.72797	34.53755
	45.72867	34.53744
	45.72937	34.53715
	45.72983	34.53697
	45.73008	34.53681
	45.73043	34.53658
	45.73063	34.53638
	45.73099	34.53603
	45.73125	34.53601
	45.73142	34.53599
	45.73165	34.53608
	45.73203	34.53622
	45.73212	34.53633
	45.73229	34.53653
	45.73235	34.53673
	45.73239	34.53684
	45.73232	34.53718
	45.73211	34.53817
	45.73229	34.53849
	45.73231	34.53853
	45.73282	34.53871
	45.73324	34.53869
	45.73336	34.53868
	45.73386	34.53849
	45.73432	34.53832
	45.73535	34.5383
	45.73656	34.53826
	45.73696	34.53804
	45.73778	34.53733
	45.73869	34.53722
	45.73874	34.5372
	45.73924	34.537
	45.73972	34.53665
	45.7408	34.53652
	45.74081	34.53652
	45.74146	34.53678
	45.7423	34.53744
	45.74257	34.53768
	45.74268	34.53777
	45.74292	34.53789
	45.7432	34.53803
	45.74327	34.53829
	45.74334	34.53855
	45.74296	34.53887
	45.74271	34.53918
	45.7423	34.53944
	45.74222	34.53949
	45.74219	34.53977
	45.7422	34.53981
	45.74225	34.53999
	45.74195	34.54026
	45.74181	34.54048
	45.74179	34.54064
	45.74173	34.54102
	45.74172	34.54102
	45.74129	34.54122
	45.7411	34.54142
	45.74117	34.5416
	45.74123	34.54176
	45.74106	34.5419
	45.74104	34.54191
	45.74104	34.54195
	45.74099	34.54277
	45.74108	34.54289
	45.74111	34.54294
	45.74108	34.54299
	45.74095	34.54316
	45.74094	34.54337
	45.74094	34.5434
	45.74124	34.54353
	45.74127	34.54356
	45.74134	34.54363
	45.74131	34.54386
	45.74133	34.54394
	45.74136	34.54401
	45.74191	34.54406
	45.74217	34.5443
	45.74222	34.54442
	45.74273	34.54475
	45.74286	34.54494
	45.74278	34.54574
	45.74258	34.5464
	45.7426	34.54651
	45.74263	34.54664
	45.74313	34.54724
	45.7431	34.54806
	45.74284	34.54848
	45.7428	34.54866
	45.7429	34.54882
	45.74294	34.54888
	45.74322	34.54906
	45.74335	34.5493
	45.7433	34.54954
	45.7429	34.54984
	45.74284	34.54993
	45.74276	34.55007
	45.74279	34.55026
	45.74275	34.55036
	45.74268	34.55051
	45.74263	34.55086
	45.74246	34.5511
	45.74249	34.55131
	45.74244	34.55149
	45.74226	34.55163
	45.74212	34.55174
	45.74194	34.55197
	45.74187	34.55205
	45.74146	34.55229
	45.74144	34.5523
	45.74112	34.55237
	45.74059	34.55276
	45.74052	34.55302
	45.74061	34.55323
	45.74059	34.55332
	45.74051	34.55365
	45.74036	34.55397
	45.74027	34.55401
	45.74006	34.5541
	45.73938	34.55409
	45.73919	34.55407
	45.73886	34.55403
	45.73659	34.55414
	45.73638	34.55417
	45.73602	34.55424
	45.73627	34.55484
	45.73601	34.55528
	45.73597	34.55555
	45.73596	34.55563
	45.73598	34.55587
	45.73599	34.55606
	45.73584	34.55654
	45.73497	34.55756
	45.73485	34.55775
	45.73467	34.55802
	45.73462	34.55832
	45.73504	34.55959
	45.73502	34.56074
	45.73543	34.5613
	45.73549	34.56139
	45.7355	34.5614
	45.73611	34.56204
	45.73619	34.56275
	45.73635	34.56332
	45.73627	34.56359
	45.7363	34.56362
	45.73684	34.56426
	45.73759	34.56471
	45.73824	34.56511
	45.73904	34.56569
	45.73934	34.56595
	45.7395	34.56609
	45.74	34.5664
	45.74016	34.567
	45.74038	34.5678
	45.73999	34.56949
	45.74003	34.56988
	45.74005	34.57001
	45.74041	34.57026
	45.74092	34.5704
	45.74125	34.57081
	45.7405	34.57248
	45.74012	34.57332
	45.73951	34.57441
	45.73935	34.57493
	45.73914	34.57627
	45.73914	34.57633
	45.73915	34.57667
	45.73931	34.57708
	45.7394	34.57731
	45.74023	34.57797
	45.74043	34.57846
	45.74079	34.57933
	45.74029	34.58027
	45.73987	34.58093
	45.73984	34.58136
	45.73981	34.58187
	45.73998	34.58224
	45.74002	34.5824
	45.74006	34.58257
	45.74006	34.58261
	45.74006	34.5828
	45.73996	34.58367
	45.73989	34.58392
	45.73983	34.5841
	45.73977	34.58417
	45.73964	34.58433
	45.73969	34.58456
	45.73972	34.58474
	45.73988	34.58497
	45.73994	34.58533
	45.73985	34.58571
	45.73983	34.58582
	45.7397	34.58597
	45.73951	34.5862
	45.73947	34.58632
	45.73938	34.58662
	45.73924	34.58676
	45.73915	34.58685
	45.73859	34.58728
	45.73812	34.58764
	45.73796	34.5878
	45.73779	34.58797
	45.73782	34.58821
	45.73756	34.58847
	45.73719	34.58904
	45.73719	34.58912
	45.73721	34.58937
	45.73704	34.58967
	45.73683	34.58982
	45.73573	34.58966
	45.73459	34.58958
	45.73397	34.5897
	45.73383	34.58973
	45.73374	34.58976
	45.7332	34.58995
	45.73256	34.59009
	45.73244	34.59012
	45.73234	34.59012
	45.73184	34.59015
	45.73172	34.59071
	45.73163	34.59085
	45.73129	34.59139
	45.73106	34.59197
	45.73065	34.59281
	45.72998	34.59419
	45.72976	34.59488
	45.72928	34.59555
	45.72923	34.59567
	45.72908	34.59597
	45.72925	34.59706
	45.72932	34.59753
	45.72945	34.59791
	45.72922	34.59823
	45.72863	34.59857
	45.72833	34.599
	45.72802	34.59946
	45.72743	34.60006
	45.72731	34.60019
	45.72713	34.60062
	45.72697	34.60101
	45.72698	34.60123
	45.727	34.60166
	45.72672	34.60198
	45.72616	34.6031
	45.72571	34.60341
	45.72516	34.60398
	45.72516	34.60437
	45.7249	34.60501
	45.72457	34.60541
	45.72437	34.60565
	45.72428	34.60598
	45.72422	34.60618
	45.72385	34.60681
	45.72375	34.60698
	45.72365	34.60707
	45.72344	34.60726
	45.72305	34.60744
	45.72293	34.6075
	45.72405	34.60842
	45.72457	34.60893
	45.72492	34.60952
	45.72526	34.61026
	45.72536	34.61034
	45.72561	34.61057
	45.72615	34.6107
	45.72623	34.61072
	45.72627	34.61112
	45.72628	34.6113
	45.72631	34.61142
	45.72639	34.61174
	45.72612	34.61198
	45.72557	34.61248
	45.72508	34.61308
	45.72458	34.61349
	45.72442	34.61362
	45.72424	34.61393
	45.72438	34.61423
	45.72479	34.61445
	45.72487	34.6145
	45.72561	34.61456
	45.72684	34.61495
	45.72719	34.615
	45.72755	34.61505
	45.72901	34.61584
	45.72951	34.61652
	45.72949	34.6172
	45.72947	34.61831
	45.72996	34.61939
	45.72982	34.61997
	45.72953	34.62068
	45.72936	34.62167
	45.72901	34.62215
	45.72885	34.62237
	45.72865	34.62298
	45.7285	34.62345
	45.72844	34.62404
	45.72842	34.62423
	45.72834	34.62434
	45.72745	34.62547
	45.72699	34.62596
	45.72704	34.62655
	45.72705	34.6267
	45.72697	34.62714
	45.72678	34.62815
	45.72616	34.62926
	45.72593	34.6298
	45.72507	34.6307
	45.72463	34.63098
	45.72425	34.63129
	45.72422	34.63132
	45.72418	34.63146
	45.72412	34.63164
	45.72473	34.6322
	45.72489	34.63261
	45.72476	34.63534
	45.72468	34.63551
	45.7246	34.63567
	45.72379	34.63613
	45.72342	34.63715
	45.72288	34.63752
	45.72226	34.63825
	45.72168	34.63848
	45.72045	34.63874
	45.72012	34.6388
	45.71968	34.63905
	45.71974	34.63939
	45.71977	34.63953
	45.71977	34.64043
	45.71964	34.64074
	45.71962	34.6408
	45.71932	34.64106
	45.71929	34.64116
	45.71925	34.64133
	45.71894	34.6418
	45.71865	34.64226
	45.71861	34.64257
	45.71869	34.64284
	45.71863	34.64328
	45.71725	34.64531
	45.71613	34.64733
	45.7152	34.64938
	45.71507	34.64982
	45.71496	34.6502
	45.71464	34.65104
	45.71444	34.65143
	45.71427	34.65176
	45.71382	34.65258
	45.71358	34.65313
	45.71336	34.65415
	45.71333	34.65429
	45.71357	34.65485
	45.71355	34.65527
	45.71341	34.65554
	45.71312	34.65608
	45.7128	34.65677
	45.71265	34.65709
	45.71244	34.65756
	45.71241	34.65819
	45.7121	34.65885
	45.71209	34.65886
	45.71145	34.65968
	45.71124	34.66023
	45.71123	34.66025
	45.71099	34.66101
	45.71067	34.66158
	45.7106	34.66186
	45.71047	34.66229
	45.71053	34.6627
	45.71059	34.66318
	45.71042	34.66349
	45.71037	34.66358
	45.71038	34.66392
	45.71039	34.66424
	45.71046	34.66484
	45.71057	34.66542
	45.71072	34.66581
	45.71073	34.66612
	45.71092	34.6666
	45.71103	34.66692
	45.7111	34.6671
	45.71109	34.66739
	45.71108	34.66806
	45.71105	34.66853
	45.7111	34.66881
	45.71114	34.66908
	45.7108	34.66916
	45.71035	34.66927
	45.70958	34.66928
	45.70898	34.6693
	45.70872	34.66926
	45.70823	34.66919
	45.70803	34.66914
	45.70767	34.66906
	45.70704	34.66871
	45.70664	34.66863
	45.70627	34.66865
	45.70608	34.66869
	45.70592	34.66872
	45.70584	34.66869
	45.70568	34.66864
	45.70531	34.66862
	45.70488	34.66869
	45.7045	34.66841
	45.70424	34.6683
	45.70368	34.66833
	45.70313	34.66846
	45.70269	34.6686
	45.70253	34.66865
	45.70221	34.66868
	45.70214	34.66868
	45.70174	34.66869
	45.70136	34.66888
	45.70119	34.66918
	45.70078	34.66951
	45.70039	34.66965
	45.69987	34.66964
	45.69948	34.66953
	45.69923	34.66951
	45.69856	34.6696
	45.69813	34.66963
	45.69799	34.66963
	45.69788	34.66964
	45.69733	34.66964
	45.69684	34.66957
	45.69696	34.67017
	45.69697	34.67022
	45.69686	34.67112
	45.69681	34.67142
	45.69675	34.67177
	45.69678	34.67222
	45.69682	34.67276
	45.69687	34.67332
	45.69689	34.67339
	45.697	34.67372
	45.69707	34.67398
	45.69709	34.67405
	45.69738	34.67475
	45.69748	34.67529
	45.69751	34.67564
	45.69752	34.67584
	45.69758	34.6762
	45.69758	34.67676
	45.69766	34.67716
	45.69768	34.67726
	45.6978	34.67756
	45.69799	34.67773
	45.69804	34.67777
	45.69804	34.67817
	45.69795	34.6785
	45.69774	34.67883
	45.69783	34.6792
	45.69776	34.67954
	45.69776	34.67956
	45.69781	34.67996
	45.69797	34.68031
	45.69808	34.68057
	45.69806	34.68099
	45.69852	34.68136
	45.69853	34.68211
	45.69892	34.68239
	45.69919	34.68321
	45.69922	34.68348
	45.69923	34.68354
	45.69943	34.68407
	45.69954	34.68451
	45.69977	34.68514
	45.69985	34.68563
	45.70005	34.68586
	45.70015	34.68646
	45.70036	34.68723
	45.70084	34.68793
	45.701	34.68834
	45.70119	34.6889
	45.70149	34.68946
	45.70181	34.69023
	45.70229	34.69066
	45.70268	34.69098
	45.70319	34.69127
	45.70334	34.69136
	45.70309	34.69222
	45.70262	34.69377
	45.70247	34.69407
	45.70222	34.69453
	45.70145	34.69515
	45.70106	34.69546
	45.70012	34.69594
	45.69979	34.6961
	45.69897	34.69634
	45.69869	34.69641
	45.6985	34.69646
	45.6976	34.6965
	45.69678	34.69647
	45.69675	34.69646
	45.6961	34.69635
	45.69559	34.6964
	45.69544	34.69643
	45.6947	34.69659
	45.69412	34.69691
	45.69408	34.69694
	45.69337	34.69747
	45.69317	34.69781
	45.69294	34.69819
	45.69279	34.69869
	45.69275	34.69882
	45.69264	34.69901
	45.69234	34.69947
	45.692	34.69991
	45.69199	34.69992
	45.69136	34.70018
	45.69096	34.70049
	45.69091	34.70098
	45.69104	34.70157
	45.69119	34.70197
	45.6912	34.702
	45.69134	34.70252
	45.69138	34.70265
	45.69145	34.70289
	45.69148	34.7032
	45.69152	34.70353
	45.69166	34.70409
	45.69157	34.70425
	45.69144	34.70447
	45.69134	34.70487
	45.6913	34.70495
	45.69114	34.70526
	45.69071	34.70547
	45.69055	34.70554
	45.69022	34.70566
	45.68957	34.7059
	45.68908	34.70602
	45.68876	34.7061
	45.68841	34.70604
	45.68825	34.70602
	45.68783	34.70611
	45.68744	34.70637
	45.68694	34.70657
	45.68613	34.70703
	45.68543	34.70713
	45.68503	34.70719
	45.68483	34.70746
	45.6848	34.7075
	45.68459	34.70777
	45.68439	34.70812
	45.68355	34.70853
	45.6829	34.70879
	45.68265	34.70899
	45.68196	34.70897
	45.68181	34.70891
	45.68122	34.70865
	45.68121	34.70865
	45.68072	34.70882
	45.68016	34.70902
	45.67993	34.70936
	45.67962	34.70961
	45.67875	34.70955
	45.67865	34.70958
	45.6783	34.70969
	45.6778	34.70985
	45.67765	34.70989
	45.67719	34.71
	45.67679	34.70989
	45.6762	34.70972
	45.676	34.70956
	45.6758	34.70941
	45.67561	34.709
	45.67493	34.70888
	45.67483	34.70886
	45.67429	34.70896
	45.6738	34.70928
	45.67366	34.70937
	45.67342	34.70947
	45.67293	34.70966
	45.67274	34.70998
	45.67265	34.71013
	45.67255	34.7102
	45.67213	34.71048
	45.67203	34.71086
	45.67194	34.71111
	45.67184	34.71142
	45.67131	34.71166
	45.67113	34.71172
	45.67079	34.71184
	45.66995	34.71203
	45.66961	34.7125
	45.66944	34.71275
	45.66937	34.71342
	45.6688	34.7136
	45.66848	34.7137
	45.66834	34.71383
	45.66785	34.71427
	45.66745	34.71473
	45.66708	34.71514
	45.66655	34.71592
	45.66569	34.71605
	45.66506	34.71557
	45.66467	34.71552
	45.66437	34.71548
	45.66411	34.71544
	45.66375	34.71537
	45.66334	34.71548
	45.66323	34.71557
	45.66299	34.71579
	45.66277	34.71641
	45.66264	34.71668
	45.6625	34.71701
	45.66207	34.71706
	45.66184	34.7171
	45.66154	34.71727
	45.6614	34.71735
	45.66135	34.71744
	45.66106	34.71797
	45.66065	34.71815
	45.66064	34.71816
	45.66062	34.71816
	45.66024	34.7182
	45.65961	34.71811
	45.65884	34.71829
	45.65819	34.71825
	45.65801	34.71835
	45.65785	34.71843
	45.65776	34.71857
	45.65755	34.71885
	45.6573	34.71914
	45.65725	34.71941
	45.65722	34.71956
	45.65706	34.71994
	45.65708	34.72034
	45.65709	34.72054
	45.65702	34.72059
	45.65687	34.72071
	45.65658	34.72074
	45.65637	34.72076
	45.65583	34.7208
	45.65533	34.72102
	45.65515	34.72157
	45.65528	34.72198
	45.65515	34.72246
	45.65477	34.72259
	45.65465	34.72263
	45.65415	34.72278
	45.65326	34.72311
	45.6538	34.72409
	45.65387	34.72421
	45.6547	34.72489
	45.65532	34.72516
	45.65579	34.72537
	45.65613	34.72561
	45.65619	34.72566
	45.65657	34.72617
	45.65687	34.72659
	45.65744	34.72714
	45.6586	34.72743
	45.65944	34.72789
	45.65945	34.72789
	45.65946	34.7279
	45.66033	34.72822
	45.66145	34.72834
	45.66209	34.72847
	45.6629	34.72883
	45.6638	34.72954
	45.66411	34.72994
	45.66453	34.73048
	45.66524	34.73172
	45.66526	34.73176
	45.66542	34.73216
	45.66583	34.73317
	45.66627	34.73433
	45.66731	34.73517
	45.66764	34.73544
	45.66789	34.73564
	45.66888	34.73644
	45.67021	34.73682
	45.6703	34.73684
	45.67049	34.73692
	45.67117	34.73721
	45.67136	34.73776
	45.67153	34.73827
	45.67159	34.73979
	45.67187	34.74109
	45.6723	34.74178
	45.67241	34.74196
	45.67284	34.74352
	45.67304	34.74449
	45.67321	34.74531
	45.67336	34.74644
	45.67363	34.74707
	45.67378	34.74717
	45.67428	34.74751
	45.6745	34.74788
	45.67466	34.74817
	45.67507	34.75013
	45.67538	34.7516
	45.67539	34.75167
	45.67584	34.75256
	45.67612	34.75309
	45.67656	34.75393
	45.67635	34.75462
	45.67592	34.7554
	45.67616	34.75592
	45.67623	34.75599
	45.67685	34.75655
	45.67709	34.7577
	45.67735	34.75871
	45.67769	34.75999
	45.67786	34.76082
	45.67803	34.76167
	45.6783	34.76254
	45.67901	34.763
	45.68043	34.76391
	45.68198	34.76477
	45.68442	34.76609
	45.6853	34.76656
	45.68578	34.76681
	45.68831	34.76772
	45.6889	34.76812
	45.68924	34.76835
	45.68946	34.76863
	45.6899	34.7692
	45.6903	34.77031
	45.69134	34.77076
	45.69502	34.7707
	45.69587	34.76986
	45.69675	34.7693
	45.69774	34.76868
	45.69867	34.7699
	45.69876	34.77002
	45.69877	34.77211
	45.69877	34.77285
	45.69811	34.77532
	45.6981	34.77536
	45.69791	34.77596
	45.69782	34.77624
	45.69762	34.7769
	45.69741	34.77753
	45.69727	34.77797
	45.69688	34.77867
	45.69647	34.77903
	45.69614	34.77924
	45.69594	34.77936
	45.69574	34.77955
	45.69532	34.77995
	45.69483	34.78036
	45.6946	34.78067
	45.69446	34.78086
	45.69412	34.78142
	45.69383	34.78186
	45.69379	34.78192
	45.69336	34.78224
	45.69305	34.78243
	45.69287	34.78254
	45.69281	34.78277
	45.69297	34.7828
	45.69328	34.78284
	45.69376	34.7829
	45.6944	34.78309
	45.69486	34.78323
	45.69511	34.78342
	45.69521	34.7835
	45.6953	34.78356
	45.69557	34.78375
	45.69582	34.7837
	45.69598	34.78367
	45.69613	34.78364
	45.69652	34.78358
	45.69676	34.78362
	45.69692	34.78365
	45.69718	34.78403
	45.69735	34.78433
	45.6975	34.7846
	45.69795	34.78487
	45.69816	34.785
	45.69838	34.78513
	45.69901	34.78551
	45.69941	34.78555
	45.69986	34.7856
	45.7001	34.78602
	45.70023	34.78631
	45.70027	34.78641
	45.70033	34.78653
	45.70055	34.78696
	45.70089	34.78726
	45.70094	34.7873
	45.70099	34.78733
	45.70142	34.78763
	45.70186	34.7878
	45.70211	34.7879
	45.70237	34.78798
	45.70296	34.78816
	45.70355	34.78876
	45.70359	34.78884
	45.70381	34.78921
	45.70402	34.78963
	45.70374	34.78998
	45.70363	34.79012
	45.70309	34.7905
	45.70216	34.79102
	45.70198	34.79151
	45.70191	34.79159
	45.70164	34.79189
	45.7014	34.79215
	45.70117	34.79239
	45.70101	34.79294
	45.70098	34.79325
	45.70095	34.79351
	45.70075	34.79408
	45.7007	34.79425
	45.70064	34.79443
	45.70014	34.79477
	45.69992	34.79499
	45.69983	34.79509
	45.69974	34.79522
	45.69954	34.79552
	45.69935	34.79575
	45.69907	34.79609
	45.69889	34.79645
	45.69875	34.79673
	45.69867	34.79686
	45.69849	34.7971
	45.69838	34.79753
	45.69855	34.79791
	45.69852	34.79839
	45.69812	34.79867
	45.69768	34.79896
	45.69757	34.79911
	45.69733	34.79948
	45.69719	34.79977
	45.69706	34.80004
	45.69671	34.80006
	45.69647	34.80007
	45.6958	34.80002
	45.69536	34.80001
	45.69508	34.8
	45.69484	34.79967
	45.69458	34.79936
	45.69445	34.7992
	45.69412	34.79907
	45.69368	34.79937
	45.69356	34.79956
	45.69352	34.79962
	45.69342	34.80002
	45.69327	34.80032
	45.6932	34.80045
	45.69313	34.80055
	45.69302	34.80072
	45.69278	34.80104
	45.6927	34.80129
	45.69261	34.80156
	45.69246	34.80193
	45.69222	34.80213
	45.69202	34.8023
	45.69176	34.80265
	45.69175	34.80297
	45.69174	34.80314
	45.69169	34.80343
	45.69166	34.80362
	45.69167	34.80369
	45.69178	34.80421
	45.69183	34.80463
	45.69192	34.80503
	45.69194	34.80512
	45.69195	34.8052
	45.69204	34.80583
	45.69196	34.80619
	45.69195	34.80624
	45.69196	34.80629
	45.692	34.80668
	45.69192	34.80691
	45.69186	34.80708
	45.69185	34.80729
	45.69185	34.80745
	45.69194	34.80773
	45.69187	34.80794
	45.6918	34.80815
	45.69173	34.80854
	45.69163	34.80896
	45.6913	34.80951
	45.69123	34.80979
	45.69115	34.81013
	45.69102	34.81057
	45.69075	34.81072
	45.69045	34.81079
	45.69031	34.81082
	45.69003	34.81094
	45.68966	34.8111
	45.6895	34.81121
	45.68918	34.81144
	45.6891	34.81158
	45.68901	34.81175
	45.689	34.81202
	45.689	34.81226
	45.68914	34.81291
	45.68923	34.81341
	45.6893	34.81379
	45.68933	34.81419
	45.68936	34.8146
	45.68945	34.81486
	45.68954	34.81516
	45.68987	34.8157
	45.68988	34.81571
	45.69044	34.8156
	45.6909	34.81554
	45.69112	34.81551
	45.69168	34.81556
	45.69208	34.81605
	45.69224	34.81624
	45.69281	34.81706
	45.69288	34.81715
	45.69315	34.8175
	45.69347	34.81788
	45.6938	34.81862
	45.69406	34.81911
	45.69479	34.81979
	45.69492	34.81994
	45.69542	34.82054
	45.69649	34.82113
	45.69664	34.82121
	45.69691	34.82207
	45.69696	34.82256
	45.69778	34.82304
	45.69858	34.82351
	45.6988	34.82377
	45.69919	34.82422
	45.70334	34.82529
	45.71024	34.82806
	45.71168	34.82863
	45.71231	34.82904
	45.71299	34.82948
	45.71363	34.83029
	45.71473	34.83086
	45.71534	34.83143
	45.72237	34.83801
	45.72252	34.83785
	45.72243	34.83765
	45.72237	34.83752
	45.72255	34.83742
	45.7229	34.83758
	45.72315	34.83751
	45.72339	34.83765
	45.72362	34.83796
	45.72385	34.83794
	45.72391	34.83789
	45.72394	34.83786
	45.72407	34.83789
	45.72417	34.83791
	45.7244	34.838
	45.72463	34.83808
	45.72495	34.83795
	45.72556	34.83795
	45.726	34.83814
	45.7263	34.8383
	45.72649	34.8384
	45.72673	34.83846
	45.72692	34.83851
	45.72703	34.8387
	45.72704	34.83873
	45.72704	34.83899
	45.72714	34.83921
	45.72716	34.83925
	45.72761	34.83944
	45.72777	34.83951
	45.72809	34.83956
	45.72816	34.83953
	45.72835	34.83946
	45.72852	34.83927
	45.72869	34.83921
	45.72878	34.83917
	45.72901	34.83924
	45.72928	34.83919
	45.72945	34.83905
	45.72948	34.8389
	45.7294	34.83874
	45.72954	34.83859
	45.72955	34.83858
	45.72988	34.83858
	45.73023	34.8386
	45.7305	34.83862
	45.73065	34.83873
	45.73066	34.83875
	45.73069	34.83875
	45.73108	34.83888
	45.73115	34.83897
	45.73163	34.83902
	45.73169	34.83901
	45.73235	34.83891
	45.73268	34.83896
	45.73321	34.83908
	45.73331	34.83922
	45.73351	34.83927
	45.73359	34.83927
	45.73364	34.83926
	45.73374	34.83932
	45.73389	34.83942
	45.73418	34.83947
	45.73437	34.8395
	45.73446	34.83954
	45.73467	34.83962
	45.73504	34.83966
	45.73516	34.83971
	45.73539	34.83982
	45.73553	34.83997
	45.73562	34.84015
	45.73566	34.84024
	45.73567	34.84034
	45.7357	34.84065
	45.73583	34.84148
	45.73578	34.84185
	45.73577	34.84193
	45.73588	34.84281
	45.73598	34.84317
	45.73605	34.84342
	45.73601	34.84381
	45.73598	34.84416
	45.73598	34.8448
	45.73601	34.84492
	45.73613	34.84543
	45.73632	34.84564
	45.73654	34.84589
	45.73678	34.84626
	45.73689	34.84642
	45.73685	34.84609
	45.73705	34.84561
	45.73739	34.8451
	45.73737	34.84495
	45.73735	34.84479
	45.73735	34.84454
	45.73735	34.84442
	45.73738	34.844
	45.73732	34.84353
	45.73723	34.84284
	45.73691	34.84149
	45.73677	34.84104
	45.73663	34.84059
	45.73652	34.84
	45.73645	34.8396
	45.73631	34.8387
	45.73591	34.83775
	45.73591	34.83772
	45.73599	34.83715
	45.73608	34.83659
	45.7362	34.83578
	45.73619	34.83501
	45.73617	34.83488
	45.73609	34.83447
	45.73598	34.83413
	45.73595	34.83404
	45.73596	34.83366
	45.73603	34.83315
	45.7361	34.83258
	45.73616	34.83191
	45.73632	34.83156
	45.73654	34.83123
	45.74421	34.8296
	45.74724	34.82896
	45.74725	34.82896
	45.74826	34.82877
	45.74952	34.82879
	45.75022	34.82893
	45.75038	34.82896
	45.75069	34.82894
	45.75114	34.82891
	45.75175	34.82885
	45.75208	34.82883
	45.75235	34.8288
	45.75293	34.82876
	45.75362	34.82869
	45.75458	34.82902
	45.75496	34.8292
	45.75524	34.8295
	45.75525	34.82953
	45.75562	34.83009
	45.75581	34.83031
	45.75611	34.83065
	45.75624	34.83077
	45.75653	34.83103
	45.75715	34.83142
	45.75756	34.83205
	45.75816	34.83208
	45.75886	34.83207
	45.76008	34.83221
	45.76164	34.83253
	45.76219	34.83265
	45.76261	34.83269
	45.76437	34.83287
	45.76652	34.83386
	45.76702	34.8341
	45.76714	34.83414
	45.76768	34.83431
	45.76787	34.83455
	45.76793	34.83477
	45.76812	34.83516
	45.76869	34.83551
	45.76989	34.83557
	45.77081	34.83541
	45.77135	34.83527
	45.77178	34.83501
	45.77221	34.83497
	45.7724	34.83495
	45.77311	34.83515
	45.77316	34.83539
	45.77319	34.83556
	45.77384	34.83567
	45.77436	34.83575
	45.77446	34.83584
	45.77481	34.8362
	45.77508	34.83649
	45.77526	34.83669
	45.77551	34.83699
	45.77582	34.83746
	45.77583	34.83749
	45.77595	34.83788
	45.77618	34.83812
	45.77637	34.83881
	45.77667	34.83904
	45.77681	34.83914
	45.7769	34.83991
	45.77697	34.84002
	45.77712	34.84024
	45.77739	34.84059
	45.77772	34.84101
	45.77809	34.84134
	45.77827	34.84198
	45.77864	34.84224
	45.77906	34.84273
	45.77968	34.84356
	45.78031	34.84428
	45.78053	34.84444
	45.7813	34.84502
	45.78191	34.8457
	45.78234	34.84622
	45.78243	34.84633
	45.78281	34.84709
	45.78304	34.84731
	45.78318	34.84746
	45.78347	34.84757
	45.78391	34.84774
	45.78443	34.84822
	45.78485	34.8484
	45.78526	34.8485
	45.78608	34.84869
	45.78651	34.84921
	45.78664	34.84946
	45.78671	34.84958
	45.78721	34.85
	45.78756	34.85019
	45.78789	34.85038
	45.78943	34.85078
	45.78953	34.85085
	45.79052	34.85165
	45.79083	34.8519
	45.79105	34.85207
	45.79153	34.85254
	45.79207	34.85303
	45.79257	34.85364
	45.7928	34.854
	45.79304	34.85438
	45.79327	34.85461
	45.79346	34.8548
	45.79383	34.85516
	45.7946	34.85581
	45.79491	34.85603
	45.79517	34.85621
	45.79534	34.8564
	45.79575	34.85688
	45.79599	34.85729
	45.79594	34.85762
	45.79616	34.85806
	45.79631	34.85836
	45.79636	34.85894
	45.79665	34.85928
	45.79669	34.8596
	45.79675	34.86009
	45.79691	34.86091
	45.79719	34.86121
	45.7975	34.86158
	45.79774	34.86187
	45.79794	34.86223
	45.79764	34.86337
	45.79748	34.86369
	45.79743	34.86379
	45.79766	34.86423
	45.79762	34.86479
	45.79772	34.86519
	45.79773	34.86607
	45.79774	34.86612
	45.79782	34.86677
	45.79783	34.8678
	45.79787	34.8684
	45.79789	34.8693
	45.79784	34.86959
	45.79778	34.86998
	45.79786	34.87064
	45.79789	34.87086
	45.79781	34.87114
	45.79791	34.87138
	45.79805	34.87171
	45.7982	34.87241
	45.79797	34.87291
	45.79785	34.87326
	45.79798	34.8737
	45.79804	34.8739
	45.79802	34.87466
	45.798	34.87485
	45.79796	34.87517
	45.79772	34.87565
	45.79751	34.87614
	45.79744	34.87653
	45.79743	34.87657
	45.79707	34.87692
	45.79704	34.87709
	45.79695	34.87756
	45.79696	34.8777
	45.79698	34.87803
	45.79686	34.87818
	45.7967	34.87839
	45.79653	34.87865
	45.7964	34.87918
	45.79626	34.88001
	45.79621	34.88034
	45.79619	34.88045
	45.79638	34.88098
	45.79632	34.88136
	45.79629	34.88154
	45.79613	34.88196
	45.79604	34.88217
	45.79611	34.88267
	45.79588	34.88362
	45.79563	34.88383
	45.79558	34.88387
	45.79554	34.88399
	45.79542	34.88429
	45.79513	34.88454
	45.79505	34.885
	45.79495	34.88559
	45.7949	34.88567
	45.79479	34.88585
	45.79446	34.88601
	45.7944	34.88604
	45.7942	34.88672
	45.79436	34.88726
	45.79444	34.88771
	45.79444	34.88776
	45.79447	34.88825
	45.79432	34.88849
	45.79419	34.88872
	45.79403	34.88908
	45.79392	34.88934
	45.79386	34.88944
	45.79371	34.88968
	45.79387	34.89008
	45.79398	34.8904
	45.79393	34.89072
	45.79387	34.89118
	45.79376	34.89202
	45.79373	34.89225
	45.79365	34.89252
	45.79363	34.89257
	45.79354	34.89273
	45.79345	34.89288
	45.79335	34.89334
	45.79321	34.89349
	45.79313	34.89357
	45.79311	34.89365
	45.79287	34.89435
	45.79254	34.89502
	45.79236	34.8958
	45.7921	34.89657
	45.79214	34.89676
	45.79217	34.89693
	45.79209	34.89739
	45.79176	34.89787
	45.79156	34.89819
	45.79142	34.89841
	45.79119	34.89874
	45.79112	34.89907
	45.79116	34.89959
	45.79092	34.89975
	45.79078	34.90023
	45.79051	34.90073
	45.7903	34.90104
	45.7899	34.90139
	45.78923	34.90149
	45.78885	34.90153
	45.78847	34.90175
	45.78825	34.90211
	45.78794	34.90251
	45.78793	34.90252
	45.78764	34.90295
	45.78736	34.90308
	45.78725	34.90312
	45.78708	34.90319
	45.78702	34.90321
	45.78693	34.90342
	45.78692	34.90375
	45.78691	34.90391
	45.78689	34.90414
	45.78706	34.90458
	45.78709	34.90466
	45.7871	34.90473
	45.78716	34.90496
	45.78702	34.90513
	45.78702	34.90514
	45.78667	34.90523
	45.78663	34.90525
	45.78648	34.90533
	45.78637	34.90544
	45.78628	34.90552
	45.78615	34.90576
	45.78613	34.90588
	45.78621	34.90601
	45.78632	34.90619
	45.78648	34.90651
	45.78648	34.90671
	45.78624	34.90705
	45.78615	34.90731
	45.78613	34.90756
	45.78616	34.90806
	45.78621	34.90834
	45.78625	34.90868
	45.78625	34.90869
	45.78625	34.90874
	45.78623	34.90893
	45.78615	34.90901
	45.78601	34.90915
	45.78602	34.9093
	45.78608	34.90944
	45.78613	34.90954
	45.7861	34.90959
	45.78605	34.90968
	45.7862	34.9098
	45.78622	34.90981
	45.78654	34.91005
	45.78672	34.91035
	45.78706	34.91079
	45.78715	34.91088
	45.78738	34.91108
	45.78761	34.91141
	45.78772	34.91154
	45.78781	34.91165
	45.78803	34.91192
	45.7881	34.91201
	45.7882	34.91212
	45.78843	34.9123
	45.78882	34.91232
	45.78914	34.91223
	45.7893	34.91218
	45.78948	34.91201
	45.78995	34.91171
	45.79055	34.91169
	45.7909	34.91177
	45.79112	34.91183
	45.79123	34.91185
	45.79163	34.91192
	45.79198	34.91184
	45.79219	34.91179
	45.79291	34.9117
	45.79294	34.91171
	45.79366	34.91179
	45.79394	34.91186
	45.7941	34.91186
	45.79417	34.91185
	45.79445	34.91176
	45.79456	34.91174
	45.79482	34.9117
	45.79559	34.9118
	45.79672	34.91238
	45.79729	34.9124
	45.7977	34.91221
	45.79782	34.91208
	45.79802	34.91187
	45.7982	34.91152
	45.79826	34.91153
	45.79864	34.91155
	45.79914	34.91166
	45.79923	34.91168
	45.79988	34.91183
	45.80058	34.91189
	45.80067	34.9119
	45.80075	34.9119
	45.80116	34.91188
	45.80142	34.91188
	45.80151	34.91188
	45.80195	34.91203
	45.80199	34.91204
	45.80241	34.91214
	45.8032	34.91212
	45.80352	34.91211
	45.80403	34.91192
	45.8044	34.9117
	45.80443	34.91168
	45.80513	34.91144
	45.80559	34.91138
	45.80617	34.91129
	45.8067	34.91127
	45.80698	34.91138
	45.80734	34.91146
	45.80779	34.91141
	45.80833	34.91143
	45.80857	34.91145
	45.80872	34.91137
	45.80884	34.91131
	45.80903	34.91112
	45.80929	34.91088
	45.80984	34.9108
	45.81058	34.91076
	45.81077	34.91071
	45.81091	34.91067
	45.81122	34.91082
	45.81163	34.91103
	45.81193	34.91134
	45.81231	34.91142
	45.81267	34.91139
	45.81289	34.91149
	45.81312	34.91165
	45.81316	34.9117
	45.81332	34.91191
	45.81358	34.91206
	45.81366	34.91211
	45.81377	34.91217
	45.81389	34.91216
	45.81415	34.91213
	45.81446	34.91218
	45.81478	34.91228
	45.81504	34.91223
	45.81514	34.91219
	45.81527	34.91213
	45.81539	34.91211
	45.81554	34.91207
	45.81577	34.91202
	45.8159	34.91181
	45.81604	34.9117
	45.81607	34.91167
	45.81612	34.91159
	45.81618	34.91149
	45.81631	34.91119
	45.81642	34.91107
	45.81661	34.91113
	45.81683	34.91119
	45.81707	34.91131
	45.81728	34.91159
	45.81733	34.91164
	45.8175	34.9118
	45.81774	34.9119
	45.81782	34.91193
	45.81887	34.91166
	45.81946	34.91151
	45.81986	34.91145
	45.82004	34.91143
	45.82053	34.91125
	45.82088	34.91111
	45.8213	34.91095
	45.82182	34.91094
	45.82214	34.91084
	45.82241	34.91065
	45.82254	34.91047
	45.82255	34.91044
	45.82266	34.91033
	45.82281	34.91017
	45.82305	34.90995
	45.82308	34.90989
	45.82311	34.90982
	45.82309	34.90963
	45.82309	34.90959
	45.82315	34.90928
	45.82312	34.90908
	45.82313	34.90886
	45.82331	34.90873
	45.82352	34.90868
	45.82362	34.90873
	45.82375	34.9088
	45.82398	34.90886
	45.82431	34.90881
	45.82453	34.90874
	45.82476	34.90872
	45.82489	34.90863
	45.82499	34.90841
	45.82503	34.90835
	45.82512	34.90818
	45.82535	34.90807
	45.82547	34.90801
	45.82549	34.90798
	45.82561	34.90778
	45.82563	34.90753
	45.82564	34.90734
	45.82565	34.90719
	45.8257	34.90684
	45.82574	34.90667
	45.82576	34.90659
	45.82586	34.90642
	45.82599	34.90618
	45.82606	34.90598
	45.82609	34.90589
	45.82612	34.90587
	45.82635	34.90566
	45.82654	34.90545
	45.8266	34.90531
	45.82672	34.90514
	45.82685	34.90491
	45.8269	34.90473
	45.82692	34.90465
	45.8269	34.90455
	45.82688	34.90449
	45.82701	34.9042
	45.82701	34.90411
	45.827	34.90383
	45.82713	34.90371
	45.82719	34.90371
	45.82732	34.90369
	45.82747	34.90377
	45.82763	34.90398
	45.82766	34.90401
	45.82772	34.90409
	45.82788	34.90419
	45.82798	34.90424
	45.82804	34.90426
	45.82829	34.90427
	45.82833	34.90428
	45.82851	34.90436
	45.82866	34.90436
	45.82893	34.90449
	45.82917	34.90448
	45.82928	34.90434
	45.82941	34.90422
	45.82944	34.9042
	45.82952	34.90406
	45.82955	34.90402
	45.82975	34.90401
	45.82991	34.90422
	45.83006	34.90426
	45.83026	34.90418
	45.83038	34.90414
	45.83045	34.9041
	45.83064	34.904
	45.83084	34.90384
	45.83089	34.90364
	45.83094	34.90347
	45.831	34.90323
	45.83107	34.9032
	45.83118	34.90313
	45.83136	34.90324
	45.83143	34.90338
	45.83147	34.90344
	45.83165	34.90371
	45.83176	34.90386
	45.83181	34.90393
	45.83213	34.9039
	45.8325	34.90388
	45.83254	34.90387
	45.83258	34.90384
	45.83277	34.90366
	45.83287	34.90349
	45.8329	34.90345
	45.83298	34.90324
	45.8331	34.90316
	45.83315	34.90312
	45.83339	34.90299
	45.83349	34.90287
	45.83355	34.9028
	45.83362	34.90273
	45.83374	34.90262
	45.83396	34.9026
	45.83419	34.90261
	45.83424	34.90262
	45.83448	34.90269
	45.83454	34.90266
	45.83462	34.90262
	45.8346	34.90251
	45.83459	34.90239
	45.83452	34.90219
	45.83418	34.90181
	45.83411	34.9017
	45.83396	34.90146
	45.83393	34.90103
	45.83398	34.90068
	45.83402	34.9004
	45.83417	34.90001
	45.83418	34.89999
	45.83425	34.89979
	45.83432	34.89968
	45.83438	34.8996
	45.83451	34.89951
	45.83458	34.89946
	45.83494	34.89948
	45.83523	34.89941
	45.83543	34.89935
	45.83559	34.8993
	45.83563	34.89926
	45.83582	34.89903
	45.8359	34.89872
	45.83591	34.89865
	45.83645	34.89866
	45.8365	34.89866
	45.83677	34.89865
	45.83702	34.89871
	45.83724	34.89876
	45.8376	34.89878
	45.83789	34.89882
	45.83805	34.89878
	45.83812	34.89877
	45.83824	34.89872
	45.83844	34.89865
	45.83869	34.89864
	45.83893	34.89871
	45.83914	34.89873
	45.83927	34.8988
	45.83941	34.89887
	45.83943	34.89887
	45.83959	34.89886
	45.83999	34.89891
	45.84018	34.89878
	45.84021	34.89876
	45.84029	34.89868
	45.84034	34.89848
	45.84036	34.8984
	45.84068	34.89831
	45.8409	34.89815
	45.84109	34.89798
	45.84112	34.8979
	45.84117	34.89778
	45.84136	34.89767
	45.84162	34.89768
	45.84186	34.89785
	45.8419	34.89787
	45.84221	34.8981
	45.84244	34.89819
	45.84256	34.8983
	45.84264	34.89843
	45.84281	34.89851
	45.84284	34.89853
	45.84291	34.89859
	45.84301	34.89869
	45.84321	34.89867
	45.84346	34.89842
	45.84361	34.89824
	45.84375	34.89818
	45.84384	34.89815
	45.84396	34.89816
	45.84403	34.89816
	45.84424	34.89824
	45.84428	34.89825
	45.84484	34.89828
	45.84495	34.89828
	45.8451	34.89827
	45.84541	34.89822
	45.84542	34.89822
	45.84565	34.89794
	45.84595	34.89767
	45.84601	34.89756
	45.84605	34.89746
	45.84633	34.89725
	45.84639	34.89719
	45.84652	34.89703
	45.84669	34.89693
	45.84682	34.89686
	45.84705	34.89677
	45.84729	34.89673
	45.84736	34.89671
	45.84757	34.89665
	45.84761	34.89662
	45.84776	34.89652
	45.84801	34.89629
	45.8481	34.8962
	45.84816	34.89611
	45.84824	34.89599
	45.84861	34.89569
	45.84899	34.89553
	45.84905	34.89544
	45.84918	34.89523
	45.84928	34.89491
	45.84948	34.89477
	45.84963	34.89452
	45.84976	34.89455
	45.84985	34.89458
	45.85032	34.89495
	45.85063	34.89502
	45.85085	34.89513
	45.85095	34.8952
	45.8512	34.89538
	45.85155	34.89542
	45.85178	34.89557
	45.85203	34.89564
	45.85228	34.89563
	45.85237	34.89569
	45.85256	34.8958
	45.85286	34.8958
	45.85289	34.8958
	45.85316	34.89574
	45.85331	34.89582
	45.85346	34.89588
	45.85357	34.8959
	45.85377	34.89594
	45.85401	34.8959
	45.85408	34.89589
	45.85434	34.89609
	45.85437	34.89611
	45.85465	34.8962
	45.85478	34.89617
	45.85491	34.89615
	45.85513	34.89607
	45.85546	34.89584
	45.85558	34.89579
	45.85585	34.89567
	45.85615	34.89536
	45.85621	34.89529
	45.85638	34.89533
	45.85658	34.89537
	45.85685	34.89538
	45.85708	34.89556
	45.85739	34.89579
	45.85757	34.89583
	45.85758	34.89583
	45.85761	34.89584
	45.85779	34.89585
	45.85812	34.89578
	45.8583	34.89583
	45.85842	34.89586
	45.85859	34.89596
	45.85872	34.89603
	45.85887	34.89609
	45.85896	34.89612
	45.85905	34.89616
	45.85926	34.89626
	45.85943	34.89629
	45.85963	34.89632
	45.85977	34.89586
	45.85981	34.89566
	45.86014	34.89546
	45.86027	34.89525
	45.86059	34.89511
	45.86092	34.89492
	45.86096	34.89492
	45.86119	34.89493
	45.8614	34.89494
	45.86144	34.89493
	45.86183	34.89483
	45.86213	34.89484
	45.86232	34.89479
	45.86234	34.89481
	45.86256	34.89493
	45.86264	34.89499
	45.8627	34.89503
	45.86295	34.89531
	45.86305	34.89547
	45.86314	34.89561
	45.8636	34.89584
	45.86376	34.89581
	45.86389	34.89578
	45.86399	34.89588
	45.86406	34.89595
	45.86411	34.89597
	45.86427	34.89605
	45.86478	34.89619
	45.86504	34.89633
	45.86499	34.89649
	45.86493	34.89659
	45.86499	34.89669
	45.865	34.89671
	45.86486	34.89695
	45.86475	34.89719
	45.86476	34.89742
	45.86477	34.89762
	45.86483	34.89778
	45.86491	34.898
	45.86478	34.89818
	45.86497	34.89838
	45.86499	34.8984
	45.865	34.89841
	45.86506	34.8985
	45.86505	34.89851
	45.86498	34.89874
	45.86497	34.89884
	45.86497	34.89885
	45.8649	34.89901
	45.8649	34.89908
	45.86491	34.89917
	45.86484	34.89927
	45.86482	34.8993
	45.86453	34.89935
	45.86441	34.89939
	45.86419	34.89946
	45.86419	34.89975
	45.8642	34.89979
	45.86423	34.8999
	45.86425	34.90008
	45.86422	34.90018
	45.86418	34.90033
	45.86402	34.90051
	45.86395	34.90071
	45.86392	34.90078
	45.86389	34.90087
	45.86374	34.90099
	45.86377	34.90113
	45.86381	34.90126
	45.86382	34.90127
	45.86391	34.90138
	45.86399	34.90154
	45.86407	34.90162
	45.86436	34.90166
	45.86459	34.90174
	45.86466	34.90179
	45.86469	34.90181
	45.86473	34.90184
	45.86484	34.90193
	45.86489	34.90195
	45.86494	34.90198
	45.86496	34.90202
	45.86497	34.90206
	45.86495	34.90213
	45.86492	34.90222
	45.86493	34.90241
	45.86494	34.90244
	45.86477	34.90274
	45.86446	34.90309
	45.86452	34.90321
	45.86461	34.90337
	45.86476	34.9036
	45.86477	34.90361
	45.86478	34.90363
	45.86497	34.90414
	45.86502	34.90471
	45.86514	34.90484
	45.86524	34.90494
	45.86555	34.90527
	45.86562	34.90527
	45.86581	34.90526
	45.86603	34.90518
	45.86605	34.90517
	45.86623	34.90506
	45.86651	34.9051
	45.8668	34.90519
	45.86711	34.90511
	45.86715	34.90512
	45.86733	34.90513
	45.86746	34.90514
	45.86747	34.90514
	45.86776	34.90514
	45.86786	34.90517
	45.86805	34.90523
	45.86827	34.90545
	45.86828	34.90546
	45.86829	34.90547
	45.86842	34.90565
	45.86848	34.90581
	45.86851	34.90588
	45.86853	34.90604
	45.86851	34.90613
	45.86848	34.90622
	45.86846	34.90632
	45.86842	34.90656
	45.8683	34.90688
	45.86822	34.90719
	45.86819	34.90729
	45.86822	34.90758
	45.86819	34.90776
	45.86819	34.90802
	45.86819	34.90807
	45.86819	34.90818
	45.8682	34.90833
	45.86837	34.90874
	45.86857	34.90896
	45.86867	34.90902
	45.86891	34.90918
	45.86899	34.90925
	45.86906	34.90932
	45.86916	34.90951
	45.86921	34.90961
	45.86916	34.90972
	45.86912	34.90984
	45.86911	34.90991
	45.86911	34.90998
	45.86906	34.91008
	45.8691	34.91022
	45.86908	34.91027
	45.86907	34.91032
	45.86894	34.91034
	45.86877	34.91025
	45.86862	34.91025
	45.86854	34.91026
	45.8684	34.91033
	45.86837	34.91034
	45.8682	34.91052
	45.86811	34.9107
	45.86803	34.91087
	45.86794	34.91112
	45.86804	34.91136
	45.86814	34.91154
	45.86815	34.91157
	45.86815	34.91179
	45.86814	34.91218
	45.86807	34.91233
	45.86801	34.91246
	45.86796	34.91263
	45.86792	34.91279
	45.86791	34.91293
	45.86789	34.91306
	45.86783	34.91337
	45.86783	34.91359
	45.86785	34.91387
	45.86786	34.91402
	45.86788	34.91413
	45.86793	34.91435
	45.86788	34.91463
	45.86787	34.91465
	45.8678	34.91485
	45.86772	34.91507
	45.86772	34.91508
	45.86763	34.91522
	45.86742	34.91551
	45.86739	34.91561
	45.86735	34.91576
	45.86726	34.916
	45.86726	34.91601
	45.86714	34.91631
	45.86712	34.91643
	45.86712	34.91649
	45.86728	34.91662
	45.86729	34.91663
	45.86734	34.91677
	45.8674	34.91692
	45.86757	34.91712
	45.86749	34.9173
	45.86729	34.9174
	45.86718	34.9175
	45.86711	34.91755
	45.86709	34.91758
	45.867	34.91767
	45.86733	34.91789
	45.86747	34.91805
	45.86752	34.91821
	45.86742	34.91851
	45.86739	34.91863
	45.86736	34.91876
	45.86743	34.91906
	45.86744	34.91908
	45.86745	34.91911
	45.86759	34.91935
	45.8678	34.91953
	45.86784	34.91958
	45.86792	34.91966
	45.86804	34.91974
	45.86802	34.91984
	45.86799	34.91994
	45.86805	34.92008
	45.86818	34.92017
	45.86847	34.92017
	45.86857	34.92023
	45.86863	34.92027
	45.86859	34.92046
	45.86854	34.92067
	45.86851	34.92079
	45.86857	34.921
	45.86879	34.92111
	45.86888	34.92115
	45.86898	34.92119
	45.86907	34.92126
	45.86923	34.92139
	45.86924	34.92177
	45.86924	34.92179
	45.86919	34.92191
	45.86909	34.92214
	45.86913	34.92246
	45.86912	34.92248
	45.86901	34.92264
	45.86878	34.92286
	45.86876	34.92288
	45.86876	34.92292
	45.86878	34.92327
	45.86858	34.92377
	45.86863	34.92397
	45.86849	34.9244
	45.86853	34.92466
	45.86823	34.92497
	45.86822	34.9252
	45.86812	34.9254
	45.86792	34.92552
	45.86774	34.92578
	45.86755	34.92587
	45.86749	34.92593
	45.86736	34.92607
	45.8675	34.92628
	45.86752	34.92642
	45.8676	34.92655
	45.86765	34.92664
	45.8676	34.92694
	45.86761	34.92705
	45.86761	34.92706
	45.86777	34.92713
	45.86781	34.92714
	45.86784	34.92715
	45.86804	34.9272
	45.86818	34.92727
	45.86845	34.9273
	45.86855	34.92751
	45.86868	34.92769
	45.86884	34.92794
	45.86887	34.92798
	45.86912	34.92816
	45.86928	34.92829
	45.8694	34.92838
	45.8698	34.92836
	45.87029	34.92831
	45.87046	34.92832
	45.87053	34.92832
	45.87063	34.92841
	45.8708	34.92858
	45.871	34.92881
	45.87114	34.92897
	45.87135	34.92896
	45.87148	34.92894
	45.87154	34.92893
	45.8716	34.92896
	45.87168	34.92899
	45.87183	34.92917
	45.87199	34.92933
	45.87215	34.92937
	45.87226	34.9294
	45.8726	34.92947
	45.87279	34.92961
	45.87306	34.92972
	45.87303	34.92982
	45.87295	34.93009
	45.87257	34.93037
	45.87262	34.93067
	45.87263	34.93071
	45.87262	34.93074
	45.87259	34.93087
	45.87263	34.93104
	45.87257	34.93115
	45.87246	34.93135
	45.87244	34.93142
	45.87239	34.93158
	45.87241	34.93167
	45.87243	34.93177
	45.87238	34.93185
	45.87234	34.93192
	45.87216	34.93203
	45.87197	34.9323
	45.87197	34.93231
	45.87195	34.93234
	45.87182	34.9326
	45.87161	34.93283
	45.87154	34.9329
	45.87148	34.93324
	45.8715	34.93337
	45.87152	34.93347
	45.87158	34.93372
	45.87166	34.93402
	45.87168	34.93437
	45.87168	34.93457
	45.87174	34.93468
	45.87177	34.93476
	45.87181	34.93498
	45.87183	34.93509
	45.87179	34.93537
	45.87191	34.93552
	45.87195	34.93556
	45.87199	34.9356
	45.87214	34.93572
	45.87221	34.9358
	45.87231	34.93592
	45.87235	34.93612
	45.87243	34.93635
	45.87249	34.93637
	45.87264	34.93641
	45.87271	34.93638
	45.87293	34.93628
	45.8731	34.93624
	45.87321	34.93622
	45.87327	34.93622
	45.87328	34.93615
	45.87334	34.93594
	45.87341	34.9358
	45.87342	34.93578
	45.87359	34.93564
	45.87374	34.9356
	45.87386	34.93557
	45.87391	34.93558
	45.87416	34.93563
	45.87433	34.93564
	45.8747	34.93574
	45.87488	34.9358
	45.87495	34.93594
	45.87499	34.93603
	45.87514	34.93626
	45.87522	34.93631
	45.87537	34.93641
	45.87539	34.93642
	45.8756	34.9365
	45.87572	34.93647
	45.87588	34.93643
	45.87598	34.93646
	45.87615	34.9365
	45.8764	34.93659
	45.87643	34.9366
	45.87676	34.93667
	45.87677	34.93667
	45.87698	34.93675
	45.87712	34.93689
	45.87719	34.93696
	45.87754	34.9371
	45.87769	34.93725
	45.87793	34.93736
	45.87794	34.93738
	45.87797	34.93747
	45.87801	34.93766
	45.87814	34.93775
	45.8782	34.93779
	45.87814	34.93795
	45.87802	34.93821
	45.878	34.9383
	45.87797	34.93847
	45.878	34.93874
	45.87818	34.93893
	45.87847	34.939
	45.87857	34.93904
	45.87863	34.93907
	45.87872	34.93917
	45.87888	34.93924
	45.87899	34.9394
	45.87912	34.93963
	45.87918	34.93981
	45.87919	34.93985
	45.87912	34.94009
	45.87908	34.94035
	45.87907	34.9404
	45.87904	34.94053
	45.8792	34.94063
	45.87934	34.94071
	45.87935	34.94072
	45.87942	34.94087
	45.87948	34.94099
	45.8795	34.94108
	45.87957	34.94133
	45.87981	34.94143
	45.87998	34.94154
	45.88019	34.94174
	45.88036	34.94176
	45.88048	34.94178
	45.88062	34.94179
	45.88065	34.9418
	45.88086	34.94203
	45.88091	34.94217
	45.88094	34.94228
	45.88099	34.94232
	45.88126	34.94257
	45.88138	34.94296
	45.88137	34.94299
	45.88129	34.9433
	45.88134	34.94338
	45.88145	34.94353
	45.88152	34.9437
	45.88154	34.94431
	45.88146	34.94463
	45.88142	34.94474
	45.88138	34.94487
	45.88139	34.94488
	45.88163	34.94512
	45.88191	34.94548
	45.88213	34.94554
	45.88247	34.94545
	45.88248	34.94545
	45.88283	34.94545
	45.88356	34.94544
	45.88427	34.94535
	45.88444	34.94534
	45.88459	34.94527
	45.88517	34.94501
	45.88563	34.94478
	45.88593	34.94484
	45.88618	34.94491
	45.88647	34.945
	45.88676	34.94513
	45.88699	34.94523
	45.88729	34.94527
	45.88735	34.94528
	45.88753	34.94528
	45.88785	34.94538
	45.88811	34.94543
	45.88837	34.94549
	45.88873	34.94574
	45.88894	34.94601
	45.889	34.94606
	45.8891	34.94616
	45.88921	34.94633
	45.88933	34.94637
	45.88937	34.94639
	45.88949	34.94654
	45.88953	34.94658
	45.88956	34.94662
	45.88969	34.94678
	45.88995	34.94664
	45.89021	34.9466
	45.89057	34.94649
	45.891	34.94648
	45.89121	34.94641
	45.8917	34.94637
	45.8916	34.94673
	45.89153	34.94696
	45.89146	34.94736
	45.89104	34.94788
	45.89086	34.94825
	45.89073	34.94851
	45.89047	34.94891
	45.89022	34.94938
	45.89033	34.9494
	45.89054	34.94944
	45.89091	34.94943
	45.89092	34.94943
	45.89133	34.94949
	45.89173	34.94955
	45.89185	34.94959
	45.89194	34.94962
	45.89203	34.94977
	45.89207	34.94984
	45.89219	34.94991
	45.89221	34.94992
	45.89226	34.94994
	45.89241	34.95002
	45.89284	34.94999
	45.89302	34.94988
	45.89332	34.94975
	45.89343	34.9497
	45.89355	34.9497
	45.89378	34.94969
	45.89415	34.94978
	45.89415	34.9499
	45.89416	34.95004
	45.89422	34.95036
	45.89419	34.95047
	45.89415	34.95062
	45.89393	34.95067
	45.89387	34.95069
	45.89384	34.95069
	45.89365	34.95072
	45.89352	34.95082
	45.89351	34.95083
	45.89351	34.95091
	45.8935	34.95101
	45.89347	34.95119
	45.89342	34.95131
	45.89339	34.95141
	45.89343	34.95146
	45.89353	34.95158
	45.89363	34.95188
	45.89366	34.95217
	45.89375	34.95231
	45.8939	34.95255
	45.89394	34.95273
	45.8936	34.95294
	45.89329	34.95307
	45.89275	34.95317
	45.8926	34.95318
	45.89231	34.9532
	45.89212	34.9533
	45.89181	34.95333
	45.89162	34.95338
	45.89147	34.95341
	45.89162	34.9539
	45.89163	34.95401
	45.89164	34.95411
	45.89166	34.95416
	45.89172	34.95427
	45.89181	34.95446
	45.89187	34.9547
	45.89206	34.95483
	45.89208	34.95488
	45.89217	34.95506
	45.89216	34.95512
	45.89213	34.95523
	45.89214	34.95536
	45.89215	34.95551
	45.89239	34.95536
	45.89247	34.95531
	45.89251	34.95529
	45.89272	34.95515
	45.89312	34.95524
	45.89323	34.95528
	45.89331	34.95531
	45.8935	34.95542
	45.89355	34.95546
	45.89374	34.95558
	45.89388	34.95575
	45.89391	34.95579
	45.89392	34.95581
	45.89395	34.9559
	45.89414	34.95585
	45.89432	34.95583
	45.89446	34.95592
	45.89444	34.95618
	45.89446	34.95621
	45.8945	34.95629
	45.89462	34.95642
	45.8947	34.95655
	45.89479	34.95656
	45.89492	34.95657
	45.89505	34.95663
	45.89506	34.95663
	45.8951	34.95669
	45.89521	34.95683
	45.89525	34.95705
	45.89506	34.95739
	45.89511	34.95747
	45.89518	34.95761
	45.89514	34.95804
	45.89512	34.95832
	45.89505	34.9585
	45.89515	34.9586
	45.89521	34.95867
	45.89531	34.95872
	45.89545	34.95879
	45.89568	34.95886
	45.89598	34.95904
	45.89615	34.95916
	45.8963	34.95922
	45.89634	34.95925
	45.89649	34.95938
	45.89662	34.95942
	45.89683	34.9595
	45.89696	34.95957
	45.89702	34.9596
	45.89716	34.95979
	45.89731	34.95999
	45.897	34.96022
	45.89686	34.96044
	45.89672	34.96053
	45.89669	34.96058
	45.89658	34.96073
	45.89642	34.96091
	45.89622	34.96128
	45.89617	34.96138
	45.89616	34.96152
	45.89615	34.96172
	45.89599	34.96207
	45.89597	34.96217
	45.89593	34.96234
	45.89601	34.96248
	45.89604	34.96253
	45.8961	34.96259
	45.89621	34.9627
	45.89608	34.96301
	45.89606	34.96305
	45.89604	34.96307
	45.89584	34.96325
	45.89584	34.96332
	45.89584	34.96336
	45.8956	34.96339
	45.89535	34.96348
	45.89533	34.96348
	45.89506	34.96338
	45.89474	34.9634
	45.89439	34.96361
	45.89436	34.96366
	45.89431	34.96377
	45.89428	34.96388
	45.89426	34.96395
	45.89425	34.9641
	45.89424	34.9642
	45.89435	34.96449
	45.89439	34.96471
	45.89429	34.96479
	45.89416	34.9649
	45.894	34.96496
	45.89395	34.96498
	45.89384	34.9652
	45.89382	34.96526
	45.89378	34.96542
	45.89366	34.96564
	45.89362	34.96582
	45.89355	34.96601
	45.89355	34.96602
	45.89331	34.96627
	45.89306	34.96655
	45.89306	34.96671
	45.89306	34.96691
	45.89304	34.96733
	45.89304	34.96739
	45.89303	34.96769
	45.8926	34.96798
	45.89227	34.96818
	45.89209	34.96842
	45.89205	34.96854
	45.89197	34.96874
	45.89184	34.9689
	45.89168	34.96891
	45.89162	34.96892
	45.89135	34.96882
	45.89116	34.96901
	45.89069	34.96915
	45.89008	34.96936
	45.88998	34.96966
	45.88994	34.96978
	45.88994	34.9698
	45.88995	34.96994
	45.88985	34.97041
	45.88991	34.97062
	45.88977	34.97087
	45.88968	34.97094
	45.88934	34.97105
	45.8892	34.97119
	45.88914	34.97125
	45.88928	34.97151
	45.8893	34.97155
	45.88947	34.97177
	45.88957	34.97189
	45.88961	34.97206
	45.8897	34.97214
	45.88977	34.9722
	45.88993	34.97234
	45.89003	34.97242
	45.89022	34.97256
	45.89028	34.97264
	45.89029	34.97266
	45.89054	34.97288
	45.89072	34.97317
	45.89085	34.97324
	45.89096	34.9733
	45.89102	34.97346
	45.89109	34.97365
	45.8911	34.97382
	45.89111	34.97389
	45.89123	34.97422
	45.89126	34.9743
	45.89134	34.97448
	45.8912	34.97477
	45.89112	34.9749
	45.89088	34.97506
	45.89075	34.97528
	45.89073	34.97532
	45.89083	34.97563
	45.89084	34.97565
	45.89087	34.97575
	45.89057	34.97601
	45.89035	34.97619
	45.89003	34.97643
	45.89011	34.97663
	45.89	34.97695
	45.88987	34.97721
	45.8899	34.9774
	45.88991	34.97747
	45.88994	34.97776
	45.8899	34.97796
	45.88989	34.97798
	45.88979	34.97822
	45.88974	34.97849
	45.88955	34.97882
	45.88954	34.97885
	45.88959	34.97928
	45.88969	34.97963
	45.88955	34.97975
	45.88945	34.97984
	45.8891	34.98015
	45.88918	34.98064
	45.88919	34.98067
	45.88924	34.98081
	45.88909	34.98092
	45.88883	34.9811
	45.88845	34.98137
	45.88821	34.9814
	45.88793	34.9816
	45.88762	34.98192
	45.88757	34.9821
	45.88752	34.98216
	45.88736	34.98235
	45.88745	34.98268
	45.88751	34.98306
	45.88747	34.98325
	45.88747	34.98326
	45.8875	34.98339
	45.8875	34.98343
	45.88748	34.98365
	45.88745	34.98387
	45.88763	34.98418
	45.88791	34.98435
	45.88799	34.98446
	45.88803	34.98452
	45.88809	34.98461
	45.88818	34.98474
	45.88823	34.98475
	45.88837	34.98479
	45.88834	34.98507
	45.88832	34.9852
	45.88829	34.98532
	45.88834	34.98539
	45.88841	34.9855
	45.88844	34.98566
	45.88847	34.98584
	45.88862	34.98613
	45.88846	34.98627
	45.8884	34.98631
	45.88828	34.98649
	45.88841	34.98667
	45.88849	34.98678
	45.88864	34.98709
	45.88865	34.98727
	45.88852	34.98742
	45.88853	34.98756
	45.88864	34.9876
	45.88887	34.9877
	45.88901	34.98789
	45.88902	34.9879
	45.88926	34.98798
	45.88938	34.98801
	45.88945	34.98817
	45.88948	34.98824
	45.88964	34.98835
	45.88964	34.98836
	45.88974	34.9886
	45.88971	34.98873
	45.88951	34.98884
	45.88921	34.98892
	45.88901	34.98913
	45.889	34.98915
	45.88881	34.98928
	45.88876	34.98931
	45.88857	34.98943
	45.88837	34.98961
	45.88835	34.98971
	45.88826	34.9898
	45.88824	34.98981
	45.88821	34.98987
	45.8881	34.99008
	45.8881	34.99025
	45.88809	34.99028
	45.8882	34.99043
	45.88818	34.99053
	45.88816	34.99068
	45.8882	34.991
	45.8882	34.99102
	45.88821	34.99132
	45.88807	34.99147
	45.88778	34.99172
	45.88778	34.99186
	45.88779	34.99203
	45.88786	34.99223
	45.88788	34.99227
	45.88797	34.99249
	45.8879	34.99254
	45.88769	34.99269
	45.88756	34.99282
	45.88739	34.99297
	45.88694	34.99319
	45.88668	34.99335
	45.88665	34.99336
	45.88662	34.99346
	45.88656	34.9936
	45.88657	34.99365
	45.88659	34.99379
	45.88661	34.99396
	45.88672	34.99415
	45.88677	34.99431
	45.88685	34.99454
	45.88685	34.99455
	45.88692	34.99474
	45.887	34.99497
	45.88702	34.99507
	45.88704	34.99517
	45.88689	34.99525
	45.88652	34.99558
	45.88648	34.99586
	45.88628	34.99593
	45.88602	34.99613
	45.88613	34.99627
	45.88615	34.9963
	45.88615	34.99639
	45.88616	34.99651
	45.8862	34.99672
	45.88622	34.99682
	45.88628	34.99703
	45.88628	34.99706
	45.88624	34.99741
	45.88623	34.99746
	45.88621	34.99773
	45.88623	34.9978
	45.88627	34.99799
	45.88633	34.99814
	45.88643	34.99833
	45.88647	34.99841
	45.88639	34.99855
	45.88638	34.9988
	45.88644	34.99905
	45.88628	34.99915
	45.88623	34.99918
	45.88624	34.99942
	45.88621	34.99957
	45.88618	34.99975
	45.88616	34.99989
	45.88616	34.99991
	45.88599	35.0
	45.88577	35.0001
	45.88573	35.00033
	45.88569	35.00046
	45.88552	35.00041
	45.88539	35.00042
	45.88532	35.00047
	45.8853	35.00049
	45.88529	35.00061
	45.88529	35.00067
	45.88525	35.00071
	45.88514	35.00086
	45.88488	35.00091
	45.8845	35.00087
	45.88448	35.00103
	45.88448	35.00123
	45.88457	35.00155
	45.88458	35.00177
	45.88446	35.00177
	45.88436	35.00177
	45.88416	35.00169
	45.88393	35.00157
	45.8839	35.00156
	45.88358	35.00162
	45.8831	35.00157
	45.88306	35.00169
	45.88305	35.00171
	45.88305	35.00172
	45.88301	35.00186
	45.88303	35.00202
	45.88305	35.0021
	45.88301	35.00221
	45.88299	35.00227
	45.88294	35.00233
	45.88289	35.00242
	45.88265	35.00251
	45.8825	35.00257
	45.88238	35.00284
	45.88218	35.00288
	45.88194	35.00278
	45.88182	35.00273
	45.88175	35.0027
	45.88158	35.00261
	45.88134	35.00246
	45.88125	35.00243
	45.88101	35.00235
	45.8809	35.00255
	45.88083	35.00281
	45.88082	35.00293
	45.88082	35.00307
	45.88078	35.00315
	45.88071	35.0033
	45.88029	35.00349
	45.87996	35.00366
	45.87992	35.00379
	45.87983	35.00407
	45.87981	35.00416
	45.87978	35.00438
	45.87971	35.00451
	45.87954	35.00474
	45.8794	35.00501
	45.87929	35.00516
	45.87908	35.00528
	45.87878	35.00544
	45.87851	35.0057
	45.87824	35.00592
	45.87802	35.00615
	45.87775	35.00619
	45.8775	35.00623
	45.87736	35.00624
	45.87718	35.00649
	45.87715	35.00652
	45.8768	35.00687
	45.87664	35.00707
	45.87639	35.00714
	45.87611	35.00731
	45.87588	35.00734
	45.87576	35.00736
	45.87557	35.00738
	45.87546	35.00739
	45.87534	35.0074
	45.8752	35.00748
	45.87523	35.00764
	45.87526	35.0078
	45.87531	35.00806
	45.87533	35.00816
	45.87533	35.00837
	45.87532	35.0085
	45.87532	35.00856
	45.87531	35.00869
	45.87529	35.00883
	45.87528	35.00891
	45.87526	35.00897
	45.87521	35.00912
	45.87523	35.00923
	45.87513	35.00932
	45.87511	35.00957
	45.87505	35.00976
	45.87506	35.00997
	45.87505	35.01001
	45.87503	35.01013
	45.8754	35.01025
	45.87557	35.0103
	45.8757	35.01033
	45.87595	35.01045
	45.8762	35.0106
	45.87649	35.01077
	45.87683	35.01092
	45.87704	35.011
	45.87713	35.01103
	45.87729	35.01108
	45.87733	35.01114
	45.87741	35.01125
	45.87748	35.01129
	45.87756	35.01134
	45.87757	35.01135
	45.87764	35.01147
	45.87804	35.01163
	45.8781	35.01181
	45.87819	35.01192
	45.87836	35.01201
	45.87862	35.01198
	45.87878	35.01199
	45.87888	35.01215
	45.87896	35.01222
	45.87897	35.01223
	45.87909	35.01248
	45.87911	35.01256
	45.87913	35.01263
	45.87897	35.01281
	45.87895	35.01298
	45.87894	35.01306
	45.87877	35.01326
	45.87875	35.01333
	45.87872	35.01343
	45.87858	35.01355
	45.87856	35.01356
	45.87837	35.0137
	45.87832	35.01387
	45.87835	35.01397
	45.87836	35.01398
	45.87846	35.01414
	45.8785	35.0142
	45.87857	35.01429
	45.87871	35.01434
	45.87884	35.01438
	45.87896	35.01439
	45.87913	35.01439
	45.87931	35.0144
	45.87942	35.01441
	45.87956	35.01446
	45.8796	35.01446
	45.8797	35.01447
	45.8799	35.01454
	45.88004	35.01477
	45.8801	35.01502
	45.88012	35.01512
	45.88011	35.01527
	45.8801	35.01532
	45.88009	35.01536
	45.88005	35.01555
	45.87996	35.01567
	45.87972	35.01585
	45.87969	35.01587
	45.87964	35.01599
	45.87963	35.01609
	45.87962	35.01617
	45.8797	35.0162
	45.87979	35.01623
	45.87985	35.01634
	45.87978	35.01651
	45.87958	35.01671
	45.87957	35.01685
	45.87953	35.01702
	45.87931	35.01719
	45.87926	35.01719
	45.87918	35.01718
	45.87906	35.01714
	45.87891	35.01717
	45.87875	35.01733
	45.87873	35.01735
	45.87862	35.01747
	45.87853	35.01763
	45.87837	35.01788
	45.87814	35.01801
	45.8781	35.01814
	45.87806	35.01825
	45.87806	35.01843
	45.87807	35.01847
	45.87809	35.01853
	45.87825	35.0186
	45.87832	35.01865
	45.87839	35.01869
	45.8784	35.01871
	45.87842	35.01877
	45.87847	35.01887
	45.87859	35.01896
	45.87878	35.01897
	45.87884	35.01906
	45.87884	35.01907
	45.87892	35.01923
	45.87891	35.01926
	45.87886	35.01947
	45.8788	35.01957
	45.87875	35.01966
	45.87873	35.01973
	45.8787	35.0198
	45.87872	35.01989
	45.87873	35.01997
	45.87876	35.0201
	45.87877	35.02016
	45.87877	35.02022
	45.87876	35.02027
	45.87875	35.02036
	45.87868	35.0206
	45.87862	35.02072
	45.87866	35.02081
	45.87868	35.02084
	45.87879	35.0209
	45.87895	35.02086
	45.87898	35.02086
	45.87913	35.02092
	45.87923	35.02099
	45.87924	35.02118
	45.87915	35.02134
	45.87908	35.02145
	45.87903	35.02163
	45.87897	35.02167
	45.87893	35.0217
	45.87883	35.02178
	45.87869	35.02191
	45.87858	35.02206
	45.87846	35.02216
	45.87839	35.02222
	45.87838	35.0223
	45.87837	35.0225
	45.87825	35.02267
	45.87811	35.02275
	45.87805	35.02278
	45.87799	35.02286
	45.8779	35.02299
	45.87783	35.02311
	45.87781	35.02316
	45.87772	35.02331
	45.87768	35.02339
	45.87761	35.02353
	45.8776	35.02355
	45.8775	35.02378
	45.8774	35.02397
	45.87731	35.02408
	45.87722	35.02421
	45.87721	35.0244
	45.87718	35.02457
	45.87719	35.02475
	45.87719	35.02477
	45.87721	35.02506
	45.87718	35.02534
	45.87722	35.02569
	45.87737	35.02626
	45.87755	35.02669
	45.87766	35.02703
	45.87762	35.02725
	45.87768	35.02752
	45.87778	35.02777
	45.87773	35.0281
	45.87761	35.02828
	45.87754	35.02863
	45.87753	35.02865
	45.87753	35.02866
	45.87749	35.02894
	45.87756	35.0291
	45.8775	35.02939
	45.87752	35.02981
	45.87745	35.03015
	45.87745	35.03034
	45.8773	35.03051
	45.87726	35.03054
	45.87711	35.03064
	45.87708	35.03067
	45.87694	35.03081
	45.87682	35.03096
	45.87667	35.03132
	45.87653	35.03151
	45.87681	35.03176
	45.87704	35.0319
	45.8772	35.03199
	45.87731	35.03209
	45.87754	35.03233
	45.87768	35.03249
	45.87777	35.03257
	45.87782	35.03261
	45.87801	35.03281
	45.87802	35.03282
	45.87838	35.03301
	45.8785	35.03313
	45.87858	35.03321
	45.87865	35.03334
	45.87876	35.03356
	45.87888	35.03375
	45.87892	35.03381
	45.87898	35.03392
	45.8791	35.03414
	45.87904	35.03433
	45.87907	35.03456
	45.87911	35.03467
	45.87913	35.0347
	45.87924	35.03492
	45.87926	35.03497
	45.87933	35.03516
	45.87942	35.03535
	45.87949	35.03552
	45.87955	35.03586
	45.87956	35.03595
	45.87957	35.03603
	45.87959	35.03627
	45.87963	35.03636
	45.87966	35.03643
	45.87972	35.03658
	45.87975	35.03668
	45.87981	35.03688
	45.87982	35.03697
	45.87983	35.03711
	45.87994	35.03718
	45.88002	35.03723
	45.88009	35.03728
	45.88039	35.03798
	45.89103	35.04282
	45.89817	35.04606
	45.89907	35.04628
	45.89911	35.04629
	45.89948	35.04636
	45.89987	35.04646
	45.90024	35.04663
	45.90059	35.04668
	45.9006	35.04668
	45.90117	35.04681
	45.90176	35.04692
	45.902	35.047
	45.90211	35.04704
	45.90246	35.04719
	45.90264	35.04731
	45.90266	35.04732
	45.9027	35.04733
	45.90298	35.04742
	45.9033	35.04748
	45.90382	35.04747
	45.90423	35.04757
	45.90424	35.04757
	45.90466	35.04768
	45.90495	35.04767
	45.905	35.04766
	45.90506	35.04766
	45.90548	35.04761
	45.90572	35.04756
	45.90583	35.04753
	45.90593	35.04751
	45.90616	35.04746
	45.90636	35.04745
	45.90646	35.04745
	45.9067	35.04742
	45.90702	35.04738
	45.90738	35.04728
	45.90776	35.0471
	45.90804	35.04701
	45.90819	35.04697
	45.90861	35.04695
	45.9087	35.04693
	45.90892	35.04689
	45.90911	35.0468
	45.90934	35.04656
	45.90945	35.0465
	45.9096	35.04642
	45.90975	35.0464
	45.90989	35.04638
	45.91022	35.04634
	45.91058	35.0461
	45.91086	35.04603
	45.91092	35.04601
	45.91115	35.04599
	45.91136	35.04596
	45.91161	35.04592
	45.91189	35.04587
	45.91205	35.04582
	45.91229	35.04575
	45.91242	35.04566
	45.91257	35.04555
	45.9126	35.04553
	45.91281	35.04541
	45.91309	35.04548
	45.91315	35.0455
	45.91343	35.04566
	45.91379	35.04585
	45.91405	35.04595
	45.91413	35.04598
	45.91439	35.04596
	45.91467	35.04598
	45.91475	35.04598
	45.91503	35.04599
	45.91508	35.04598
	45.91548	35.04594
	45.91568	35.04591
	45.91589	35.04589
	45.91612	35.0459
	45.91625	35.04591
	45.91655	35.04595
	45.917	35.04596
	45.91741	35.04593
	45.91803	35.04592
	45.9184	35.04593
	45.91866	35.04593
	45.91901	35.04595
	45.91927	35.04591
	45.91943	35.04589
	45.91989	35.04583
	45.91997	35.04582
	45.92039	35.04585
	45.92052	35.04586
	45.92081	35.04588
	45.92089	35.04586
	45.92114	35.04581
	45.92124	35.04579
	45.92146	35.04574
	45.92169	35.04574
	45.92203	35.04569
	45.92236	35.04565
	45.92261	35.04568
	45.92263	35.04569
	45.92264	35.04569
	45.92306	35.04582
	45.92334	35.04587
	45.92363	35.04593
	45.92395	35.04598
	45.92417	35.04598
	45.9242	35.04597
	45.92427	35.04599
	45.92455	35.04604
	45.92467	35.04607
	45.925	35.04617
	45.92538	35.04631
	45.9256	35.04629
	45.92583	35.04619
	45.92596	35.04614
	45.92606	35.04609
	45.92609	35.04608
	45.92636	35.04601
	45.92667	35.04596
	45.92685	35.04591
	45.92695	35.04589
	45.9272	35.04573
	45.9273	35.04569
	45.92753	35.04557
	45.92782	35.04549
	45.92785	35.04548
	45.92794	35.04543
	45.92826	35.04526
	45.92895	35.04514
	45.92938	35.04509
	45.92958	35.0451
	45.92984	35.04512
	45.93025	35.04509
	45.93034	35.04508
	45.93054	35.04505
	45.93073	35.04527
	45.9308	35.04535
	45.93096	35.04563
	45.93111	35.04596
	45.93113	35.04603
	45.93118	35.04629
	45.93122	35.04649
	45.93124	35.04665
	45.93127	35.04691
	45.93127	35.04695
	45.93128	35.04697
	45.9314	35.04721
	45.93154	35.04742
	45.93155	35.04768
	45.93151	35.04792
	45.93138	35.04818
	45.93131	35.04836
	45.93128	35.04844
	45.93127	35.04863
	45.93127	35.04872
	45.93128	35.04877
	45.93133	35.04896
	45.93134	35.04905
	45.93135	35.04915
	45.9313	35.04924
	45.93128	35.0493
	45.93124	35.04934
	45.93118	35.04941
	45.93099	35.04951
	45.9308	35.04962
	45.93069	35.04981
	45.93068	35.04983
	45.93062	35.04989
	45.93043	35.05007
	45.93015	35.05043
	45.93005	35.05054
	45.92986	35.05077
	45.92969	35.05105
	45.92969	35.0511
	45.92969	35.05131
	45.92953	35.05151
	45.92948	35.05161
	45.92939	35.05181
	45.92939	35.05205
	45.92939	35.05206
	45.92919	35.05238
	45.92903	35.05258
	45.9289	35.05265
	45.92859	35.0528
	45.9283	35.05297
	45.92792	35.053
	45.92758	35.05309
	45.92735	35.0531
	45.92725	35.0531
	45.92685	35.05323
	45.92638	35.05335
	45.92609	35.05346
	45.92595	35.05351
	45.92571	35.05357
	45.92554	35.05362
	45.92543	35.05363
	45.92513	35.05365
	45.92485	35.05368
	45.9248	35.05368
	45.92462	35.05372
	45.9245	35.05376
	45.92429	35.05383
	45.92394	35.05399
	45.92369	35.05405
	45.92358	35.05407
	45.92349	35.05409
	45.92313	35.05413
	45.92295	35.05418
	45.92281	35.05421
	45.92251	35.05429
	45.92213	35.05455
	45.92186	35.05464
	45.92176	35.05465
	45.92148	35.05468
	45.9212	35.05473
	45.92116	35.05475
	45.92093	35.05483
	45.92077	35.05494
	45.92058	35.05516
	45.92053	35.05522
	45.92041	35.05538
	45.92029	35.05551
	45.92036	35.05563
	45.92053	35.05591
	45.92067	35.05634
	45.92083	35.05694
	45.92094	35.05716
	45.92112	35.05751
	45.92129	35.05777
	45.92106	35.05866
	45.92109	35.0589
	45.92122	35.05987
	45.92122	35.0611
	45.92127	35.06157
	45.92133	35.0621
	45.92174	35.06288
	45.92196	35.06365
	45.92201	35.06385
	45.92202	35.06441
	45.92224	35.06491
	45.92244	35.0652
	45.92265	35.06564
	45.92273	35.0658
	45.92282	35.06604
	45.92296	35.06641
	45.92326	35.06689
	45.92327	35.0669
	45.92344	35.06738
	45.9233	35.06755
	45.92327	35.06759
	45.92296	35.06775
	45.92285	35.06784
	45.92267	35.068
	45.92258	35.06835
	45.92279	35.06896
	45.92285	35.06914
	45.92295	35.06971
	45.92303	35.06989
	45.92298	35.0702
	45.92278	35.07043
	45.9225	35.07079
	45.92223	35.07115
	45.92212	35.07151
	45.92212	35.07154
	45.92222	35.07204
	45.92222	35.07217
	45.92222	35.07242
	45.92227	35.07297
	45.92228	35.07318
	45.92229	35.07348
	45.92222	35.07376
	45.92222	35.07378
	45.92219	35.07384
	45.9221	35.07409
	45.9221	35.07411
	45.92212	35.07423
	45.92213	35.0743
	45.92214	35.07435
	45.92214	35.07449
	45.92215	35.07457
	45.9221	35.07485
	45.92213	35.0749
	45.92219	35.07498
	45.92225	35.07517
	45.92224	35.07529
	45.92224	35.07538
	45.92228	35.07555
	45.9223	35.07565
	45.92244	35.07595
	45.92245	35.07598
	45.92265	35.07627
	45.92275	35.07659
	45.9228	35.07676
	45.9229	35.07694
	45.92297	35.07707
	45.92315	35.07743
	45.92324	35.07768
	45.9233	35.07787
	45.92341	35.07837
	45.92344	35.07859
	45.9235	35.07903
	45.92342	35.0798
	45.92341	35.0802
	45.92342	35.08055
	45.92347	35.08073
	45.92352	35.08092
	45.92355	35.08109
	45.92357	35.08117
	45.92366	35.08151
	45.92375	35.08187
	45.92355	35.08236
	45.92353	35.08251
	45.92351	35.08266
	45.92334	35.083
	45.92318	35.08347
	45.92303	35.08404
	45.9229	35.08457
	45.92267	35.08486
	45.92246	35.08511
	45.92237	35.08522
	45.92212	35.08563
	45.92169	35.08629
	45.92139	35.08706
	45.92137	35.0873
	45.92132	35.08782
	45.92144	35.08822
	45.92182	35.08847
	45.92191	35.08853
	45.92199	35.08857
	45.92226	35.08872
	45.92253	35.08914
	45.92264	35.08976
	45.92264	35.09005
	45.92265	35.09028
	45.9226	35.09074
	45.92247	35.09118
	45.92245	35.09124
	45.92233	35.09155
	45.92222	35.09181
	45.92222	35.09182
	45.9222	35.09184
	45.92208	35.09199
	45.92199	35.0921
	45.92199	35.09549
	45.92242	35.09539
	45.92307	35.09492
	45.92374	35.0943
	45.92405	35.09369
	45.92428	35.09307
	45.92442	35.09256
	45.92457	35.09199
	45.92485	35.09088
	45.92515	35.08978
	45.92518	35.08966
	45.92519	35.08963
	45.92558	35.0886
	45.9257	35.0883
	45.9259	35.08776
	45.92656	35.08667
	45.92684	35.08621
	45.92716	35.08571
	45.92807	35.08464
	45.92809	35.08461
	45.92876	35.0838
	45.92918	35.08342
	45.92968	35.08297
	45.93039	35.08242
	45.93066	35.0822
	45.93146	35.08155
	45.93212	35.08111
	45.93241	35.08102
	45.9328	35.0809
	45.933	35.0809
	45.93333	35.08089
	45.93379	35.08096
	45.93406	35.081
	45.93478	35.08114
	45.93517	35.08131
	45.93552	35.08146
	45.93591	35.08174
	45.93646	35.08213
	45.93716	35.08298
	45.93809	35.08423
	45.93953	35.08597
	45.94016	35.08675
	45.94068	35.08739
	45.94133	35.0882
	45.94154	35.08845
	45.94175	35.08869
	45.94201	35.08929
	45.94209	35.08949
	45.94232	35.08991
	45.94273	35.09023
	45.94288	35.09036
	45.94304	35.09046
	45.94347	35.09073
	45.94412	35.09097
	45.94471	35.09106
	45.94531	35.09109
	45.94534	35.09109
	45.94599	35.09103
	45.94635	35.09095
	45.9467	35.09087
	45.94763	35.09064
	45.94835	35.09041
	45.94889	35.09019
	45.94964	35.08981
	45.95035	35.08936
	45.95097	35.0889
	45.95151	35.08847
	45.95197	35.08804
	45.9525	35.08723
	45.95274	35.08685
	45.95306	35.08645
	45.95349	35.08604
	45.95366	35.08589
	45.9546	35.08495
	45.9548	35.0847
	45.95498	35.08449
	45.9554	35.08398
	45.95569	35.08344
	45.95587	35.08303
	45.95608	35.08273
	45.95629	35.08245
	45.95666	35.08226
	45.9569	35.08214
	45.95718	35.08201
	45.95744	35.08189
	45.95808	35.08171
	45.95876	35.08163
	45.95949	35.08152
	45.96026	35.08135
	45.96045	35.08131
	45.9621	35.08092
	45.96268	35.08075
	45.96313	35.08061
	45.96469	35.08021
	45.96526	35.0801
	45.96534	35.08008
	45.96535	35.08008
	45.9659	35.07993
	45.96643	35.07969
	45.96662	35.07955
	45.96704	35.07925
	45.96731	35.07902
	45.96742	35.07892
	45.96774	35.07855
	45.968	35.0782
	45.96812	35.07783
	45.96812	35.07779
	45.96814	35.07743
	45.96809	35.07725
	45.96803	35.07702
	45.9678	35.07653
	45.96779	35.07648
	45.96769	35.07606
	45.96767	35.07556
	45.96776	35.07512
	45.96787	35.0747
	45.96828	35.07422
	45.96845	35.07403
	45.96872	35.07373
	45.96914	35.07345
	45.96956	35.07328
	45.97003	35.07319
	45.97007	35.0732
	45.9705	35.07323
	45.97076	35.07329
	45.97108	35.07336
	45.97142	35.07349
	45.97165	35.07358
	45.9723	35.0737
	45.97251	35.0737
	45.97282	35.0737
	45.97331	35.07363
	45.9738	35.07351
	45.97383	35.07351
	45.97421	35.07329
	45.97476	35.07291
	45.97514	35.07259
	45.97516	35.07258
	45.97542	35.07241
	45.97575	35.07228
	45.97601	35.07226
	45.97621	35.07225
	45.97681	35.07228
	45.97748	35.07241
	45.97807	35.07245
	45.97844	35.07247
	45.97859	35.07249
	45.97916	35.07256
	45.97969	35.07251
	45.97982	35.0725
	45.98004	35.07248
	45.98039	35.07244
	45.98066	35.07238
	45.98126	35.0721
	45.98156	35.07191
	45.98181	35.0717
	45.98185	35.07159
	45.98189	35.07146
	45.98194	35.0712
	45.98192	35.07084
	45.98196	35.07067
	45.98199	35.07051
	45.98213	35.07012
	45.98231	35.06979
	45.98253	35.06951
	45.98278	35.06929
	45.98314	35.06909
	45.98365	35.06888
	45.98394	35.06879
	45.9841	35.06873
	45.98448	35.0685
	45.98483	35.06841
	45.98514	35.06839
	45.98543	35.06843
	45.98563	35.06855
	45.98586	35.06883
	45.98618	35.0691
	45.98661	35.06931
	45.98695	35.06941
	45.9873	35.06944
	45.9876	35.06936
	45.9877	35.06933
	45.988	35.06915
	45.98868	35.06846
	45.98949	35.06734
	45.98952	35.06729
	45.99003	35.06646
	45.99126	35.06545
	45.99254	35.06469
	45.99298	35.06443
	45.99415	35.06364
	45.99446	35.0634
	45.99486	35.0631
	45.99597	35.06263
	45.99631	35.06249
	45.99733	35.06219
	45.9982	35.06193
	45.99946	35.06176
	46.00009	35.06183
	46.00036	35.06202
	46.00047	35.0621
	46.00069	35.0624
	46.00079	35.06253
	46.00085	35.06285
	46.00093	35.06318
	46.00101	35.06366
	46.00116	35.0646
	46.00134	35.06584
	46.00168	35.06686
	46.00211	35.06755
	46.0024	35.06801
	46.00303	35.06907
	46.00362	35.07038
	46.004	35.07077
	46.00469	35.07108
	46.00626	35.07126
	46.00855	35.07141
	46.00946	35.07147
	46.01045	35.07146
	46.01224	35.07144
	46.01363	35.07151
	46.01391	35.07146
	46.01453	35.07135
	46.0152	35.07115
	46.01582	35.07066
	46.01605	35.07047
	46.01669	35.06961
	46.01712	35.06889
	46.01717	35.06796
	46.01701	35.06765
	46.01682	35.06726
	46.01661	35.06665
	46.0168	35.06598
	46.01743	35.06537
	46.01843	35.06495
	46.01969	35.06438
	46.02051	35.06385
	46.0206	35.06379
	46.02249	35.06253
	46.0239	35.06176
	46.0246	35.06139
	46.02491	35.06119
	46.02548	35.06082
	46.02569	35.06049
	46.02602	35.05997
	46.02651	35.0588
	46.02725	35.05817
	46.02756	35.05766
	46.0276	35.0576
	46.02761	35.05736
	46.02763	35.057
	46.02737	35.05658
	46.02732	35.0565
	46.02651	35.05609
	46.02602	35.0559
	46.02584	35.05584
	46.02565	35.05558
	46.02578	35.05524
	46.02619	35.05483
	46.02792	35.05401
	46.02881	35.05351
	46.02897	35.05342
	46.02923	35.05317
	46.02964	35.05277
	46.03023	35.05249
	46.03184	35.05235
	46.03227	35.0522
	46.03309	35.0519
	46.03377	35.05169
	46.03422	35.05155
	46.03519	35.05132
	46.03649	35.05102
	46.03757	35.05087
	46.03842	35.05076
	46.03919	35.05079
	46.03921	35.05079
	46.04	35.05101
	46.04027	35.05121
	46.04049	35.05137
	46.04082	35.05178
	46.04097	35.05197
	46.0416	35.05242
	46.04209	35.05255
	46.04243	35.05261
	46.04254	35.05263
	46.04257	35.05263
	46.04305	35.05258
	46.04357	35.05233
	46.04388	35.05211
	46.0445	35.05165
	46.04524	35.05105
	46.04589	35.05052
	46.04656	35.05001
	46.04659	35.04999
	46.04709	35.04979
	46.04724	35.0498
	46.0476	35.04981
	46.04809	35.05005
	46.04857	35.05038
	46.04862	35.05041
	46.04904	35.05092
	46.04913	35.05106
	46.04958	35.05171
	46.04968	35.0519
	46.04997	35.05242
	46.05043	35.05282
	46.051	35.053
	46.05105	35.05301
	46.0517	35.05303
	46.05232	35.05284
	46.05274	35.05254
	46.05282	35.05242
	46.05305	35.05206
	46.05311	35.05173
	46.05314	35.05156
	46.05304	35.05059
	46.05295	35.05032
	46.05275	35.04972
	46.05234	35.04906
	46.05227	35.04847
	46.05241	35.04797
	46.05298	35.04738
	46.05384	35.0467
	46.05472	35.04592
	46.05537	35.04509
	46.05593	35.04412
	46.05617	35.04309
	46.05652	35.04201
	46.05655	35.04187
	46.05665	35.04119
	46.0566	35.04099
	46.05649	35.04053
	46.05621	35.04016
	46.05619	35.03995
	46.05616	35.03969
	46.05648	35.03915
	46.05662	35.03903
	46.05715	35.03858
	46.05778	35.03816
	46.05857	35.03799
	46.05862	35.03798
	46.05888	35.03797
	46.05943	35.03795
	46.06016	35.03814
	46.06126	35.03853
	46.06221	35.03906
	46.06304	35.03959
	46.06318	35.03969
	46.06389	35.04024
	46.06429	35.04049
	46.06495	35.04091
	46.06576	35.04134
	46.06622	35.04167
	46.06653	35.04212
	46.06685	35.04259
	46.06722	35.04279
	46.06736	35.04287
	46.06751	35.04295
	46.0677	35.04307
	46.06784	35.0436
	46.06788	35.04424
	46.0679	35.04451
	46.06794	35.04592
	46.06789	35.047
	46.0679	35.04739
	46.0679	35.04762
	46.06784	35.04822
	46.06814	35.04865
	46.06842	35.04889
	46.06879	35.04921
	46.06914	35.04943
	46.06938	35.04958
	46.06985	35.04976
	46.07093	35.05019
	46.07211	35.05065
	46.07342	35.05114
	46.07433	35.05124
	46.07479	35.05129
	46.07524	35.05144
	46.0762	35.05178
	46.07713	35.05221
	46.07782	35.05305
	46.07832	35.05357
	46.07844	35.0537
	46.07896	35.0541
	46.07946	35.05468
	46.07953	35.05476
	46.07967	35.05495
	46.08006	35.05547
	46.08012	35.05558
	46.08028	35.05592
	46.08034	35.05673
	46.08033	35.05691
	46.08033	35.05747
	46.08015	35.05832
	46.08011	35.05839
	46.07985	35.0588
	46.07944	35.05933
	46.07882	35.05966
	46.07826	35.05971
	46.07811	35.05973
	46.07791	35.05973
	46.07734	35.05971
	46.07665	35.05956
	46.07604	35.05935
	46.07552	35.05902
	46.07499	35.05858
	46.07438	35.05802
	46.0737	35.05757
	46.07297	35.05703
	46.07224	35.05672
	46.07174	35.05668
	46.07103	35.05679
	46.07029	35.05712
	46.06982	35.05742
	46.06947	35.05784
	46.06947	35.05785
	46.06914	35.0584
	46.0689	35.05916
	46.06883	35.05987
	46.06879	35.06016
	46.06872	35.06122
	46.06871	35.06138
	46.06859	35.06244
	46.06852	35.06331
	46.06864	35.06377
	46.06897	35.06445
	46.06948	35.06517
	46.06988	35.06562
	46.07043	35.06623
	46.07062	35.06654
	46.07094	35.06707
	46.07117	35.06741
	46.07147	35.06784
	46.07174	35.06815
	46.07198	35.06843
	46.07241	35.06867
	46.07261	35.06895
	46.07266	35.06902
	46.07279	35.06952
	46.07275	35.06992
	46.0727	35.07041
	46.07231	35.07165
	46.07228	35.07171
	46.07186	35.07256
	46.07115	35.07359
	46.07051	35.07411
	46.0704	35.0742
	46.06999	35.07466
	46.06983	35.07504
	46.06972	35.07529
	46.06958	35.07602
	46.06976	35.07638
	46.07005	35.07662
	46.07043	35.07693
	46.07089	35.07717
	46.07139	35.07741
	46.0717	35.07774
	46.07189	35.07802
	46.07189	35.07806
	46.07196	35.07847
	46.07189	35.07891
	46.07187	35.07903
	46.07159	35.07957
	46.0713	35.08013
	46.0712	35.08052
	46.07116	35.08061
	46.07108	35.08083
	46.07103	35.08122
	46.07107	35.08178
	46.07115	35.08197
	46.07132	35.08239
	46.07156	35.08278
	46.0717	35.08292
	46.07192	35.08313
	46.07215	35.08325
	46.0724	35.08338
	46.07297	35.08369
	46.07349	35.08385
	46.07406	35.08375
	46.07448	35.08367
	46.07512	35.08367
	46.07532	35.08367
	46.07573	35.0837
	46.0762	35.08373
	46.07682	35.08378
	46.07707	35.0838
	46.07725	35.08383
	46.07758	35.08387
	46.07812	35.08389
	46.07815	35.08389
	46.07836	35.08405
	46.07856	35.08443
	46.07867	35.08457
	46.07898	35.08492
	46.0795	35.08533
	46.07955	35.08537
	46.08021	35.08573
	46.08076	35.08588
	46.08147	35.08599
	46.08185	35.08614
	46.08205	35.08622
	46.0829	35.08652
	46.08394	35.08668
	46.08429	35.08674
	46.08493	35.08691
	46.08551	35.08696
	46.08661	35.08716
	46.08782	35.08734
	46.08806	35.08737
	46.08824	35.08741
	46.08907	35.08758
	46.08953	35.08772
	46.09011	35.08769
	46.09082	35.08787
	46.09086	35.08787
	46.09158	35.08801
	46.09196	35.08803
	46.09213	35.08804
	46.0928	35.08794
	46.09368	35.08773
	46.09391	35.08761
	46.09431	35.08739
	46.09472	35.08711
	46.09508	35.08672
	46.09559	35.0864
	46.0956	35.08638
	46.09601	35.08609
	46.09613	35.08575
	46.09642	35.08517
	46.09643	35.08516
	46.09644	35.0851
	46.09662	35.08439
	46.09665	35.08384
	46.09667	35.08335
	46.09669	35.08317
	46.09671	35.08294
	46.09693	35.08243
	46.09706	35.08192
	46.09714	35.08161
	46.09723	35.08131
	46.09741	35.0807
	46.09766	35.08011
	46.09777	35.0798
	46.09778	35.07971
	46.09781	35.07942
	46.09787	35.07928
	46.09794	35.07915
	46.09822	35.07899
	46.0987	35.07899
	46.09934	35.07895
	46.09992	35.07874
	46.10002	35.07871
	46.10049	35.07857
	46.10078	35.07849
	46.10123	35.0782
	46.10143	35.07807
	46.10184	35.0778
	46.10228	35.07757
	46.1026	35.0774
	46.10319	35.0772
	46.10331	35.07716
	46.10346	35.07712
	46.10408	35.07695
	46.10445	35.07693
	46.10464	35.07692
	46.10522	35.07702
	46.10537	35.07704
	46.10592	35.07718
	46.10617	35.07725
	46.10623	35.07725
	46.10711	35.07735
	46.10742	35.07733
	46.10773	35.07731
	46.10825	35.07717
	46.10841	35.07713
	46.10857	35.07708
	46.10908	35.07692
	46.10983	35.07686
	46.11065	35.07692
	46.11142	35.07705
	46.11183	35.07709
	46.11223	35.07698
	46.11287	35.07659
	46.11319	35.07618
	46.11347	35.07597
	46.1138	35.07573
	46.11439	35.075
	46.11458	35.07482
	46.11491	35.0745
	46.11535	35.07419
	46.1154	35.07416
	46.11561	35.0741
	46.11581	35.07404
	46.11622	35.074
	46.11624	35.07401
	46.11656	35.07406
	46.11696	35.07424
	46.11744	35.07464
	46.11774	35.07495
	46.11815	35.07538
	46.11853	35.07596
	46.11915	35.07655
	46.11982	35.07702
	46.12053	35.07742
	46.12103	35.07761
	46.12135	35.07763
	46.1217	35.07767
	46.12263	35.0777
	46.12313	35.07776
	46.12356	35.07791
	46.1239	35.07818
	46.12411	35.07853
	46.12425	35.07878
	46.12438	35.07888
	46.12464	35.07908
	46.12521	35.07939
	46.12548	35.07969
	46.12571	35.07994
	46.12626	35.08073
	46.12697	35.08142
	46.12779	35.08176
	46.12836	35.08199
	46.1287	35.08213
	46.13013	35.08251
	46.13237	35.08303
	46.13308	35.08317
	46.13471	35.0835
	46.13548	35.08366
	46.13653	35.08388
	46.13684	35.08397
	46.13772	35.08423
	46.13896	35.08463
	46.13971	35.08503
	46.14064	35.08572
	46.1414	35.08609
	46.14218	35.08643
	46.14267	35.08647
	46.14272	35.08647
	46.14276	35.08647
	46.14371	35.08658
	46.14423	35.08666
	46.14456	35.08671
	46.14532	35.08696
	46.14595	35.08709
	46.1466	35.08703
	46.14726	35.08698
	46.14854	35.0867
	46.14961	35.08666
	46.15137	35.08666
	46.15215	35.08661
	46.15346	35.08641
	46.15461	35.08637
	46.15563	35.08651
	46.15591	35.0865
	46.15714	35.0865
	46.15796	35.08661
	46.15881	35.08688
	46.15974	35.08739
	46.16047	35.0879
	46.16074	35.08815
	46.16117	35.08853
	46.16184	35.08937
	46.16204	35.08995
	46.16211	35.09062
	46.1625	35.09133
	46.16315	35.09224
	46.16337	35.09254
	46.16467	35.09395
	46.16537	35.09476
	46.16548	35.0949
	46.16602	35.0956
	46.1663	35.0962
	46.16658	35.09701
	46.1669	35.09761
	46.16738	35.09803
	46.16749	35.09812
	46.16841	35.09846
	46.16964	35.09863
	46.17082	35.09889
	46.17179	35.09913
	46.17229	35.09957
	46.1725	35.09989
	46.17259	35.10003
	46.17264	35.10019
	46.17288	35.10093
	46.17305	35.10145
	46.17309	35.10148
	46.17346	35.1018
	46.1742	35.10218
	46.17441	35.10229
	46.17512	35.10257
	46.1756	35.10276
	46.17726	35.10347
	46.17873	35.10409
	46.17989	35.10455
	46.18078	35.10524
	46.18154	35.10577
	46.18236	35.10639
	46.18321	35.10684
	46.18395	35.10697
	46.18432	35.10707
	46.18471	35.10717
	46.18523	35.10741
	46.18556	35.10756
	46.18643	35.10802
	46.18732	35.10855
	46.18787	35.10914
	46.18814	35.10934
	46.18853	35.10963
	46.18917	35.10992
	46.18951	35.11005
	46.19002	35.11024
	46.19025	35.11037
	46.19044	35.11049
	46.19065	35.11056
	46.19098	35.11068
	46.19116	35.1108
	46.19129	35.11089
	46.19021	35.11151
	46.18933	35.11256
	46.18809	35.11326
	46.18736	35.11327
	46.18693	35.11327
	46.18647	35.11335
	46.1857	35.11347
	46.18437	35.11356
	46.18399	35.11387
	46.18359	35.11419
	46.18303	35.11503
	46.18154	35.11545
	46.18139	35.11549
	46.18089	35.11563
	46.18019	35.11583
	46.1795	35.11609
	46.1793	35.11617
	46.1791	35.11635
	46.1783	35.11707
	46.17722	35.11769
	46.17649	35.11825
	46.17553	35.11844
	46.17448	35.11837
	46.17321	35.11818
	46.17219	35.11806
	46.17148	35.11799
	46.17061	35.11846
	46.17011	35.1189
	46.16936	35.11927
	46.16907	35.11959
	46.16895	35.11973
	46.16853	35.12006
	46.16843	35.12014
	46.16818	35.12039
	46.16783	35.12075
	46.16715	35.12097
	46.16663	35.12139
	46.16639	35.1215
	46.16609	35.12163
	46.16568	35.1219
	46.16536	35.12211
	46.16458	35.12239
	46.16414	35.12266
	46.16386	35.12283
	46.16377	35.12288
	46.16302	35.12331
	46.1619	35.1237
	46.16118	35.12401
	46.15995	35.12476
	46.15937	35.12545
	46.15904	35.12584
	46.15897	35.12593
	46.15876	35.1262
	46.15844	35.12653
	46.1574	35.12716
	46.15668	35.12746
	46.15644	35.12815
	46.15575	35.12859
	46.15506	35.129
	46.15496	35.12952
	46.15532	35.13004
	46.15558	35.13042
	46.15614	35.1318
	46.15591	35.13258
	46.1557	35.13318
	46.1557	35.13359
	46.1557	35.13379
	46.15614	35.13437
	46.15622	35.1344
	46.15697	35.13469
	46.15732	35.13502
	46.15783	35.13543
	46.15799	35.1358
	46.15837	35.13604
	46.15841	35.13607
	46.1585	35.13617
	46.15878	35.13653
	46.15901	35.13711
	46.1591	35.13728
	46.15923	35.13752
	46.15966	35.13813
	46.16008	35.13861
	46.16046	35.13913
	46.16071	35.13942
	46.1609	35.13963
	46.16094	35.13974
	46.16094	35.13977
	46.16044	35.14033
	46.16018	35.14062
	46.15998	35.14072
	46.15956	35.14091
	46.15924	35.14156
	46.15924	35.14209
	46.15924	35.14239
	46.1597	35.14303
	46.15982	35.14343
	46.15967	35.14437
	46.15952	35.14487
	46.15941	35.14521
	46.15952	35.1463
	46.15949	35.14649
	46.15936	35.14722
	46.15931	35.14767
	46.15968	35.14812
	46.16002	35.14862
	46.16016	35.14894
	46.16025	35.14914
	46.16016	35.14927
	46.15975	35.14982
	46.15916	35.15034
	46.15897	35.15051
	46.15884	35.15062
	46.1584	35.15098
	46.15744	35.15154
	46.1573	35.15165
	46.15692	35.15197
	46.15678	35.1523
	46.15659	35.15277
	46.15635	35.15325
	46.15632	35.15332
	46.15628	35.15347
	46.15615	35.15391
	46.15633	35.15436
	46.15578	35.15486
	46.15572	35.15491
	46.15511	35.15524
	46.15462	35.15548
	46.15447	35.15555
	46.15455	35.15575
	46.15463	35.156
	46.15482	35.15633
	46.155	35.15663
	46.15523	35.15703
	46.15526	35.15765
	46.15513	35.1582
	46.15489	35.15859
	46.15477	35.15895
	46.15476	35.159
	46.15487	35.15913
	46.15494	35.15922
	46.15537	35.15957
	46.15562	35.15975
	46.15592	35.15996
	46.1561	35.16029
	46.15614	35.16045
	46.15615	35.16049
	46.1564	35.16081
	46.15651	35.16104
	46.15664	35.16128
	46.15686	35.16181
	46.15692	35.16209
	46.15692	35.1621
	46.15688	35.1622
	46.15682	35.16239
	46.15671	35.16296
	46.15673	35.16327
	46.15682	35.16345
	46.15687	35.16356
	46.15689	35.16369
	46.15692	35.16386
	46.15696	35.16424
	46.15744	35.16429
	46.1579	35.16464
	46.15797	35.16467
	46.15842	35.16492
	46.15852	35.16497
	46.15864	35.16503
	46.15907	35.16522
	46.15919	35.16527
	46.15945	35.1654
	46.15987	35.16545
	46.16003	35.16547
	46.16038	35.16552
	46.16056	35.16584
	46.16072	35.16611
	46.16088	35.16634
	46.16154	35.16666
	46.16165	35.16677
	46.16169	35.16681
	46.16177	35.16698
	46.16181	35.16708
	46.16186	35.16724
	46.16195	35.16753
	46.16251	35.16823
	46.16261	35.16836
	46.16289	35.1687
	46.16323	35.16913
	46.16363	35.16933
	46.16415	35.16942
	46.16453	35.16967
	46.16457	35.1697
	46.16475	35.16989
	46.16499	35.17042
	46.16505	35.1705
	46.16536	35.17098
	46.16551	35.17139
	46.16588	35.17204
	46.1662	35.1725
	46.16679	35.17278
	46.168	35.17306
	46.16846	35.17326
	46.16929	35.17347
	46.16996	35.17363
	46.17093	35.17375
	46.1713	35.17391
	46.17146	35.17398
	46.17178	35.1742
	46.17205	35.17439
	46.17212	35.17444
	46.17242	35.17469
	46.17265	35.17492
	46.17287	35.17514
	46.17298	35.17525
	46.17304	35.17527
	46.1735	35.17539
	46.1741	35.17556
	46.17422	35.17561
	46.17474	35.17581
	46.17507	35.17591
	46.17534	35.17599
	46.17547	35.17613
	46.17577	35.17643
	46.17602	35.17695
	46.17607	35.17774
	46.17626	35.17814
	46.17641	35.17844
	46.17679	35.17885
	46.17681	35.17887
	46.17685	35.17891
	46.17715	35.17922
	46.17767	35.17949
	46.17812	35.17975
	46.17854	35.17999
	46.17914	35.17992
	46.17947	35.18006
	46.17979	35.18019
	46.18039	35.18069
	46.1804	35.1807
	46.18044	35.18072
	46.18105	35.18107
	46.18181	35.18163
	46.18288	35.18278
	46.18335	35.18295
	46.18372	35.18308
	46.18409	35.18333
	46.1842	35.1834
	46.18447	35.18365
	46.18525	35.18433
	46.18683	35.18383
	46.18777	35.18371
	46.18782	35.18372
	46.19031	35.18391
	46.19198	35.18411
	46.19365	35.1842
	46.19414	35.18409
	46.19448	35.18401
	46.19497	35.18401
	46.19595	35.18474
	46.19601	35.18479
	46.1959	35.1852
	46.19582	35.1855
	46.19594	35.18602
	46.19608	35.18665
	46.19653	35.18842
	46.19733	35.18948
	46.19842	35.19106
	46.19792	35.19237
	46.19726	35.19327
	46.19723	35.19331
	46.19636	35.19457
	46.19664	35.19527
	46.19677	35.19553
	46.19694	35.19584
	46.19691	35.19629
	46.19688	35.1967
	46.19744	35.19771
	46.19976	35.1995
	46.2004	35.20024
	46.20074	35.20063
	46.20071	35.20083
	46.20078	35.2009
	46.20082	35.20095
	46.20125	35.20123
	46.20028	35.20151
	46.20001	35.20159
	46.19929	35.20181
	46.19826	35.20192
	46.19812	35.20193
	46.19783	35.20202
	46.19688	35.20229
	46.19587	35.2026
	46.19512	35.20265
	46.19478	35.20267
	46.194	35.20306
	46.19413	35.20361
	46.19422	35.20395
	46.19432	35.20435
	46.19443	35.20474
	46.19472	35.20542
	46.19474	35.20548
	46.19522	35.20621
	46.19538	35.20694
	46.19492	35.20791
	46.19491	35.20793
	46.19438	35.20972
	46.19426	35.21046
	46.19418	35.21095
	46.19033	35.21643
	46.19008	35.21656
	46.18985	35.21669
	46.18952	35.21694
	46.18941	35.21702
	46.18929	35.21738
	46.18932	35.2176
	46.18935	35.21782
	46.18939	35.21791
	46.18944	35.21802
	46.18942	35.2183
	46.18883	35.21925
	46.1888	35.21929
	46.18876	35.21939
	46.18865	35.21965
	46.1886	35.21973
	46.18815	35.22047
	46.18768	35.22077
	46.1872	35.2214
	46.18673	35.22207
	46.18627	35.22234
	46.18576	35.2233
	46.18554	35.22341
	46.1852	35.2238
	46.18513	35.22389
	46.18444	35.22468
	46.1841	35.22508
	46.18397	35.22523
	46.18392	35.22527
	46.18272	35.22566
	46.18259	35.22575
	46.18229	35.22594
	46.18167	35.22621
	46.18128	35.22639
	46.18068	35.22651
	46.18061	35.22655
	46.1805	35.22662
	46.18043	35.22682
	46.1801	35.227
	46.17991	35.2271
	46.17959	35.22722
	46.17919	35.22747
	46.17857	35.22786
	46.17857	35.22787
	46.17856	35.22787
	46.17779	35.22836
	46.17682	35.22875
	46.17473	35.22735
	46.17242	35.22536
	46.17175	35.22539
	46.17122	35.22537
	46.17064	35.22541
	46.17025	35.22522
	46.17003	35.22482
	46.16959	35.2244
	46.16953	35.22436
	46.16901	35.22398
	46.16848	35.22406
	46.16843	35.22406
	46.16748	35.2241
	46.16613	35.22434
	46.16502	35.22464
	46.16451	35.22415
	46.1641	35.22361
	46.16375	35.22339
	46.16343	35.2232
	46.16314	35.22304
	46.16296	35.22294
	46.16272	35.22294
	46.16232	35.22294
	46.16198	35.22317
	46.16021	35.22437
	46.15911	35.22516
	46.15894	35.22528
	46.15864	35.22548
	46.15804	35.22588
	46.15602	35.22568
	46.15548	35.22545
	46.15523	35.22544
	46.15473	35.22543
	46.1532	35.22572
	46.15258	35.22582
	46.15241	35.22585
	46.15136	35.22606
	46.15063	35.22665
	46.14975	35.22728
	46.14965	35.22735
	46.14821	35.22797
	46.14747	35.22807
	46.14739	35.22808
	46.14736	35.22809
	46.14601	35.22823
	46.14448	35.22847
	46.14391	35.2284
	46.14292	35.22827
	46.1418	35.22812
	46.14129	35.22816
	46.14108	35.22818
	46.14005	35.2283
	46.13874	35.2287
	46.13795	35.22874
	46.13681	35.2288
	46.13545	35.22866
	46.13495	35.22866
	46.13467	35.22866
	46.13404	35.22847
	46.13334	35.22825
	46.133	35.22813
	46.13256	35.22798
	46.13169	35.22782
	46.13148	35.22777
	46.13126	35.22771
	46.12763	35.22946
	46.12348	35.23145
	46.12347	35.23145
	46.12367	35.23173
	46.12391	35.232
	46.12398	35.23206
	46.12416	35.23222
	46.12448	35.23237
	46.12485	35.23253
	46.12538	35.23286
	46.12552	35.23296
	46.12569	35.23318
	46.126	35.23348
	46.12609	35.23358
	46.12628	35.23382
	46.12633	35.23389
	46.12638	35.23397
	46.12645	35.2341
	46.12648	35.2342
	46.12652	35.23431
	46.12652	35.23434
	46.12654	35.23448
	46.12652	35.23465
	46.12653	35.23466
	46.12681	35.235
	46.12701	35.2353
	46.12704	35.23537
	46.12707	35.23545
	46.12722	35.23577
	46.12648	35.23631
	46.1263	35.23614
	46.12615	35.23599
	46.12579	35.23575
	46.12546	35.23558
	46.12532	35.23544
	46.12494	35.23531
	46.12475	35.23527
	46.12465	35.23528
	46.12435	35.23538
	46.12432	35.23539
	46.12428	35.23542
	46.12391	35.23563
	46.12382	35.23565
	46.12376	35.23566
	46.1237	35.23567
	46.12362	35.23567
	46.1235	35.23567
	46.12346	35.23559
	46.1236	35.23541
	46.12361	35.23539
	46.12362	35.23536
	46.12362	35.2353
	46.12362	35.23525
	46.1236	35.23502
	46.12358	35.23478
	46.12353	35.23454
	46.12347	35.23425
	46.12328	35.23396
	46.12316	35.23378
	46.12268	35.23342
	46.12235	35.23318
	46.12213	35.23298
	46.12202	35.23285
	46.12192	35.23272
	46.12179	35.23255
	46.12173	35.23249
	46.12169	35.23247
	46.12161	35.23244
	46.12153	35.23241
	46.1215	35.23242
	46.12138	35.23244
	46.12109	35.23263
	46.12068	35.23289
	46.12011	35.23319
	46.11989	35.23331
	46.1197	35.23332
	46.11947	35.23334
	46.11938	35.23332
	46.11933	35.23331
	46.11927	35.23332
	46.11916	35.23335
	46.11908	35.23319
	46.11886	35.23274
	46.11855	35.23229
	46.11817	35.23208
	46.11794	35.23196
	46.11677	35.23254
	46.11632	35.23275
	46.11572	35.23316
	46.11542	35.23284
	46.11525	35.23265
	46.11523	35.23265
	46.11494	35.23282
	46.11519	35.23319
	46.11533	35.2334
	46.11424	35.2336
	46.11396	35.23365
	46.11361	35.23392
	46.11318	35.23424
	46.11292	35.23455
	46.11284	35.23465
	46.11234	35.23489
	46.11217	35.23524
	46.11197	35.23611
	46.11161	35.23612
	46.11158	35.23621
	46.11153	35.23636
	46.11155	35.23649
	46.11157	35.2366
	46.11169	35.23678
	46.11324	35.23637
	46.11363	35.23634
	46.11371	35.2364
	46.11388	35.23641
	46.11383	35.23656
	46.11378	35.2367
	46.11376	35.23671
	46.11366	35.23674
	46.11362	35.23676
	46.11353	35.23684
	46.11345	35.23691
	46.11337	35.23699
	46.1133	35.23705
	46.11322	35.23715
	46.1132	35.23721
	46.11316	35.23731
	46.11307	35.23741
	46.11303	35.23745
	46.113	35.23746
	46.11299	35.23749
	46.11299	35.23752
	46.11302	35.23754
	46.11305	35.23754
	46.11307	35.23754
	46.11312	35.23754
	46.11315	35.23755
	46.11316	35.23755
	46.11318	35.23754
	46.1132	35.23754
	46.11321	35.23753
	46.11323	35.23752
	46.11327	35.23754
	46.11336	35.23759
	46.11342	35.23761
	46.11343	35.23762
	46.11347	35.23763
	46.11352	35.23765
	46.11354	35.23766
	46.1136	35.23767
	46.11365	35.23781
	46.1137	35.23792
	46.11375	35.23799
	46.11377	35.23804
	46.11378	35.23807
	46.11378	35.23811
	46.11379	35.2382
	46.11382	35.23828
	46.1138	35.23833
	46.11377	35.23837
	46.11375	35.23839
	46.11361	35.23852
	46.11357	35.23855
	46.11356	35.23856
	46.11351	35.23858
	46.11349	35.23858
	46.11342	35.2386
	46.11333	35.23862
	46.11324	35.23867
	46.11317	35.23873
	46.11308	35.2388
	46.11305	35.23882
	46.113	35.23885
	46.11295	35.23888
	46.11289	35.23891
	46.11281	35.23892
	46.11275	35.23891
	46.11261	35.23896
	46.11245	35.239
	46.11231	35.23908
	46.11218	35.23916
	46.11213	35.2392
	46.11212	35.2392
	46.11205	35.23922
	46.11193	35.23926
	46.1119	35.23927
	46.11188	35.23928
	46.11175	35.23933
	46.11165	35.23938
	46.11158	35.23942
	46.11156	35.23944
	46.11152	35.23946
	46.11142	35.23953
	46.1114	35.23956
	46.11139	35.23957
	46.11138	35.23959
	46.11137	35.23961
	46.11131	35.23966
	46.11124	35.23974
	46.11116	35.23985
	46.11109	35.23991
	46.11103	35.23993
	46.11098	35.23994
	46.11093	35.23996
	46.11087	35.23997
	46.11078	35.24001
	46.11074	35.24003
	46.11062	35.24009
	46.11053	35.24014
	46.11045	35.24017
	46.11043	35.24017
	46.11036	35.24018
	46.11028	35.24019
	46.11008	35.24013
	46.10991	35.24011
	46.10975	35.24013
	46.10969	35.24014
	46.10965	35.24015
	46.10957	35.24017
	46.10951	35.24024
	46.10944	35.24036
	46.10939	35.24044
	46.1093	35.24058
	46.10928	35.24062
	46.10922	35.24075
	46.10917	35.24087
	46.10913	35.24091
	46.10905	35.24095
	46.10904	35.24095
	46.10885	35.24101
	46.10878	35.24103
	46.10869	35.24105
	46.10856	35.24108
	46.10853	35.24108
	46.1084	35.24113
	46.10878	35.24129
	46.1088	35.2413
	46.10882	35.24131
	46.10909	35.24142
	46.10963	35.24166
	46.10994	35.24179
	46.1108	35.24199
	46.11224	35.24233
	46.11312	35.24292
	46.11389	35.24345
	46.11428	35.24349
	46.11457	35.24354
	46.11504	35.24361
	46.11548	35.24363
	46.11555	35.24363
	46.11626	35.24382
	46.11648	35.24387
	46.11703	35.24391
	46.11714	35.24397
	46.11742	35.24412
	46.11811	35.24429
	46.11861	35.2444
	46.11866	35.24441
	46.11869	35.24441
	46.11973	35.24463
	46.12013	35.24493
	46.12033	35.24507
	46.12052	35.24509
	46.12076	35.24511
	46.12125	35.24524
	46.12194	35.24563
	46.12245	35.24598
	46.12269	35.24615
	46.12273	35.24621
	46.12288	35.24641
	46.12299	35.24669
	46.1231	35.24695
	46.12331	35.2472
	46.1235	35.24744
	46.12357	35.24762
	46.12364	35.24783
	46.12357	35.24867
	46.12356	35.24888
	46.12393	35.24938
	46.12404	35.24983
	46.12412	35.25015
	46.12431	35.25048
	46.12434	35.25053
	46.12471	35.25106
	46.12514	35.25162
	46.12527	35.2518
	46.12528	35.25192
	46.12534	35.25256
	46.12539	35.25322
	46.12541	35.25352
	46.12589	35.25385
	46.1259	35.25386
	46.12649	35.25452
	46.12751	35.25444
	46.12784	35.25447
	46.12842	35.25452
	46.1287	35.25495
	46.12901	35.25544
	46.12929	35.25596
	46.12945	35.25624
	46.12947	35.25675
	46.1295	35.25726
	46.13004	35.25783
	46.13064	35.2583
	46.1312	35.25874
	46.13194	35.25955
	46.13219	35.25979
	46.13244	35.26003
	46.13268	35.26019
	46.13311	35.26047
	46.13422	35.26091
	46.13512	35.26131
	46.13541	35.26144
	46.13572	35.26159
	46.13574	35.26167
	46.13579	35.26198
	46.13583	35.26249
	46.13587	35.26293
	46.13567	35.26404
	46.13561	35.26434
	46.13608	35.26454
	46.13616	35.26457
	46.13776	35.26463
	46.13929	35.26501
	46.14066	35.26566
	46.14135	35.2661
	46.14142	35.26617
	46.14187	35.2666
	46.14233	35.26704
	46.14291	35.26762
	46.14313	35.26784
	46.14321	35.268
	46.14339	35.26834
	46.14373	35.26929
	46.14379	35.26947
	46.14459	35.26984
	46.14482	35.27015
	46.14571	35.27134
	46.14686	35.27175
	46.14735	35.27217
	46.14763	35.27241
	46.1478	35.27278
	46.14802	35.27328
	46.14826	35.27401
	46.14836	35.27488
	46.14839	35.27542
	46.14841	35.27576
	46.14865	35.27618
	46.14895	35.27667
	46.14942	35.27749
	46.1494	35.27785
	46.14935	35.27861
	46.14914	35.27928
	46.14894	35.27989
	46.1496	35.28007
	46.14988	35.28015
	46.15011	35.28021
	46.15095	35.28046
	46.15208	35.28089
	46.15384	35.28163
	46.15492	35.28205
	46.15611	35.28235
	46.15686	35.28254
	46.15757	35.28299
	46.15774	35.28313
	46.15816	35.28349
	46.15854	35.28422
	46.15868	35.28451
	46.16461	35.28217
	46.17478	35.27676
	46.18695	35.26687
	46.2052	35.24564
	46.21946	35.23802
	46.23515	35.22417
	46.29947	35.19157
	46.31231	35.18212
	46.33891	35.15324
	46.38952	35.11588
	46.41556	35.08727
	46.42902	35.06793
	46.45392	35.04929
	46.46634	35.03993
	46.47972	35.02048
	46.5064	34.9815
	46.53206	34.95253
	46.5586	34.91343
	46.58507	34.87428
	46.58599	34.86421
	46.59736	34.86475
	46.60964	34.85522
	46.62007	34.86581
	46.6314	34.86631
	46.64273	34.8668
	46.65405	34.86728
	46.65498	34.85722
	46.66722	34.84763
	46.65683	34.83709
	46.65775	34.82703
	46.64734	34.81647
	46.63781	34.79583
	46.63959	34.77569
	46.64048	34.76561
	46.65272	34.75604
	46.65361	34.74597
	46.66495	34.74646
	46.67717	34.73687
	46.6885	34.73734
	46.69982	34.73781
	46.71114	34.73825
	46.72157	34.74877
	46.73287	34.7492
	46.74329	34.7597
	46.74239	34.76977
	46.7537	34.7702
	46.7659	34.76056
	46.7781	34.75092
	46.79029	34.74127
	46.80248	34.73162
	46.81383	34.73206
	46.82535	34.73253
	46.83628	34.74313
	46.84808	34.74364
	46.85995	34.74417
	46.88384	34.74531
	46.89583	34.74591
	46.90786	34.7465
	46.91991	34.74709
	46.93198	34.74768
	46.94348	34.75839
	46.94289	34.76853
	46.93019	34.77813
	46.92959	34.78827
	46.91689	34.79785
	46.9284	34.80854
	46.93992	34.81921
	46.95206	34.81973
	46.9642	34.82025
	46.98851	34.82127
	47.00067	34.82177
	47.01283	34.82227
	47.02441	34.83288
	47.036	34.84349
	47.02325	34.85313
	47.02266	34.86324
	47.0099	34.87287
	47.0093	34.88298
	47.0087	34.89309
	47.02027	34.90367
	47.03243	34.90413
	47.04461	34.90458
	47.05738	34.89493
	47.06955	34.89537
	47.08172	34.89579
	47.09328	34.90631
	47.10485	34.9169
	47.10425	34.92703
	47.09085	34.94681
	47.09024	34.95695
	47.08963	34.9671
	47.10143	34.97776
	47.11387	34.97826
	47.12636	34.97877
	47.13889	34.97926
	47.15177	34.96961
	47.16432	34.97009
	47.17719	34.96043
	47.19006	34.95077
	47.20261	34.95125
	47.22747	34.96232
	47.24005	34.96278
	47.25263	34.96324
	47.25235	34.97338
	47.26465	34.98397
	47.26437	34.9941
	47.25123	35.01392
	47.25095	35.02405
	47.25037	35.04431
	47.26294	35.04476
	47.26265	35.05488
	47.27492	35.06545
	47.28748	35.06589
	47.30003	35.06632
	47.33764	35.0676
	47.38802	35.05914
	47.40052	35.05955
	47.42551	35.06036
	47.438	35.06075
	47.45016	35.07126
	47.44984	35.08138
	47.46198	35.09188
	47.46166	35.10199
	47.44886	35.11172
	47.44852	35.12183
	47.43538	35.14166
	47.42257	35.15138
	47.42246	35.15465
	47.42247	35.15465
	47.42249	35.15467
	47.42411	35.15607
	47.42486	35.15659
	47.42497	35.15667
	47.42525	35.15689
	47.42594	35.15794
	47.42599	35.15816
	47.42596	35.15929
	47.42594	35.15937
	47.42597	35.15938
	47.42643	35.15955
	47.4268	35.15973
	47.42723	35.15999
	47.42931	35.16127
	47.42932	35.16127
	47.4306	35.16207
	47.43097	35.16236
	47.43117	35.16257
	47.43163	35.1633
	47.43174	35.16362
	47.43186	35.16429
	47.43186	35.16454
	47.43155	35.16561
	47.43141	35.16582
	47.43085	35.16641
	47.43007	35.16694
	47.42729	35.16641
	47.42758	35.1649
	47.42722	35.16467
	47.42514	35.1634
	47.42513	35.1634
	47.42488	35.16324
	47.42479	35.16321
	47.42432	35.16313
	47.42423	35.16312
	47.4226	35.16278
	47.42244	35.16277
	47.42218	35.16279
	47.42189	35.17159
	47.42154	35.1817
	47.434	35.18209
	47.44646	35.18248
	47.45892	35.18287
	47.47172	35.17315
	47.48487	35.15331
	47.49766	35.14359
	47.51045	35.13385
	47.53566	35.12449
	47.54844	35.11475
	47.5857	35.11584
	47.59811	35.1162
	47.61052	35.11655
	47.62328	35.1068
	47.63603	35.09703
	47.63637	35.08693
	47.6622	35.05729
	47.66255	35.04718
	47.67528	35.03741
	47.68801	35.02764
	47.70074	35.01787
	47.71346	35.0081
	47.71379	34.99799
	47.73889	34.98857
	47.77732	34.94919
	47.78969	34.94954
	47.80238	34.93979
	47.81474	34.94014
	47.82709	34.94049
	47.85147	34.95129
	47.85113	34.96138
	47.86314	34.97183
	47.87514	34.98228
	47.88748	34.98263
	47.89981	34.98298
	47.92482	34.97359
	47.93749	34.96386
	47.94981	34.96421
	47.96212	34.96457
	47.97409	34.97501
	47.97375	34.9851
	47.98571	34.99554
	47.98536	35.00563
	47.985	35.01572
	47.98464	35.02582
	47.99659	35.03626
	48.00888	35.03661
	48.02155	35.02687
	48.02227	35.0067
	48.02262	34.99661
	48.01067	34.98617
	48.02332	34.97644
	48.03597	34.96671
	48.04861	34.95699
	48.06126	34.94727
	48.07355	34.94763
	48.08549	34.95807
	48.09777	34.95844
	48.09742	34.96851
	48.12091	34.99948
	48.13245	35.02001
	48.14397	35.04053
	48.15509	35.07112
	48.16616	35.10171
	48.16537	35.12186
	48.16456	35.14202
	48.15149	35.16183
	48.13842	35.18164
	48.12575	35.19138
	48.11266	35.21121
	48.08731	35.2307
	48.07505	35.23036
	48.06237	35.24011
	48.02515	35.2492
	48.01201	35.26905
	47.98703	35.27848
	47.9616	35.29801
	47.96117	35.30812
	47.94755	35.33809
	47.9056	35.44833
	47.89236	35.46825
	47.87862	35.49827
	47.85256	35.52798
	47.83927	35.54789
	47.81366	35.56744
	47.80085	35.57722
	47.80035	35.58734
	47.79984	35.59746
	47.79933	35.60758
	47.79882	35.6177
	47.81113	35.61805
	47.82293	35.62853
	47.83524	35.62888
	47.84704	35.63935
	47.85883	35.64984
	47.85832	35.65997
	47.87011	35.67045
	47.88241	35.6708
	47.89523	35.66101
	47.90804	35.65122
	47.90855	35.64108
	47.91006	35.61067
	47.92286	35.60088
	47.92336	35.59074
	47.93615	35.58094
	47.94893	35.57113
	47.96122	35.57146
	47.98579	35.57211
	47.98529	35.58225
	47.99758	35.58257
	48.04471	35.62443
	48.05699	35.62476
	48.0943	35.6156
	48.10657	35.61593
	48.11835	35.6264
	48.11785	35.63655
	48.10509	35.64636
	48.09132	35.67649
	48.07854	35.68632
	48.09082	35.68664
	48.09031	35.6968
	48.07753	35.70663
	48.06474	35.71647
	48.03966	35.72597
	48.00176	35.74527
	47.98895	35.75509
	47.98843	35.76524
	47.9879	35.7754
	48.00019	35.77574
	48.01249	35.77608
	48.07497	35.75745
	48.10005	35.74794
	48.15017	35.72891
	48.20073	35.69976
	48.21349	35.68994
	48.22574	35.69028
	48.22624	35.68013
	48.25221	35.65037
	48.26494	35.64057
	48.26543	35.63044
	48.27815	35.62064
	48.29039	35.62099
	48.30311	35.6112
	48.32758	35.61189
	48.35252	35.60246
	48.36475	35.60281
	48.37698	35.60316
	48.38874	35.61364
	48.40096	35.61399
	48.41272	35.62447
	48.42448	35.63496
	48.4367	35.63531
	48.44892	35.63567
	48.46114	35.63602
	48.47335	35.63638
	48.49823	35.62696
	48.52308	35.61754
	48.561	35.58823
	48.58581	35.57882
	48.67229	35.55096
	48.68444	35.55132
	48.70875	35.55203
	48.7209	35.55238
	48.76906	35.56393
	48.7812	35.56429
	48.79333	35.56465
	48.80547	35.56502
	48.80505	35.57513
	48.80464	35.58524
	48.80422	35.59535
	48.8038	35.60547
	48.80339	35.61559
	48.80297	35.62571
	48.80255	35.63583
	48.80213	35.64595
	48.81385	35.65643
	48.826	35.65679
	48.83772	35.66728
	48.862	35.668
	48.88628	35.66874
	48.92268	35.66988
	48.93482	35.67027
	48.97161	35.66137
	48.99668	35.642
	49.02133	35.63275
	49.03426	35.61302
	49.05929	35.59375
	49.0718	35.58412
	49.08431	35.57451
	49.09682	35.5649
	49.09722	35.55484
	49.09761	35.54479
	49.0859	35.53427
	49.04958	35.5329
	49.02536	35.53201
	49.01324	35.53157
	49.00153	35.52106
	49.00193	35.511
	49.00234	35.50093
	49.01485	35.49132
	49.02736	35.48171
	49.05198	35.47256
	49.13708	35.46577
	49.17336	35.46718
	49.23379	35.46955
	49.24549	35.48006
	49.26965	35.48101
	49.29381	35.48197
	49.30588	35.48244
	49.31835	35.4729
	49.33042	35.47338
	49.34287	35.46383
	49.35532	35.45429
	49.36739	35.45478
	49.37907	35.46529
	49.40321	35.46627
	49.42771	35.45723
	49.44014	35.44771
	49.44051	35.43769
	49.4522	35.44821
	49.47631	35.4492
	49.48837	35.4497
	49.51247	35.4507
	49.53693	35.4417
	49.59749	35.43426
	49.60952	35.43477
	49.62155	35.43529
	49.62118	35.44529
	49.63214	35.47581
	49.64309	35.50633
	49.64274	35.51633
	49.65476	35.51685
	49.67882	35.51788
	49.69049	35.5284
	49.72656	35.52996
	49.73858	35.53049
	49.75059	35.53101
	49.77427	35.54207
	49.78628	35.5426
	49.83397	35.55473
	49.84564	35.56527
	49.85764	35.5658
	49.89331	35.57743
	49.92897	35.58906
	49.94064	35.59961
	49.95263	35.60016
	49.97661	35.60128
	50.00058	35.60241
	50.01257	35.60298
	50.03653	35.60413
	50.04819	35.61468
	50.07216	35.61584
	50.10744	35.63753
	50.14299	35.64923
	50.1901	35.67146
	50.20202	35.67203
	50.21392	35.6726
	50.22583	35.67317
	50.23772	35.67374
	50.26181	35.66492
	50.28556	35.66606
	50.29773	35.65667
	50.3099	35.64729
	50.33362	35.64843
	50.36915	35.65013
	50.40495	35.64187
	50.48732	35.65573
	50.51123	35.6469
	50.53544	35.62809
	50.54722	35.62862
	50.55965	35.60924
	50.58385	35.59038
	50.58417	35.58041
	50.59628	35.57096
	50.60805	35.57148
	50.61983	35.572
	50.6195	35.58197
	50.63095	35.59246
	50.61885	35.60191
	50.61853	35.61188
	50.59434	35.63076
	50.58192	35.65015
	50.56983	35.65957
	50.5695	35.66952
	50.58096	35.68002
	50.59272	35.68055
	50.60449	35.68109
	50.61625	35.68162
	50.65152	35.6832
	50.66327	35.68373
	50.67502	35.68425
	50.67535	35.67428
	50.68744	35.66483
	50.69918	35.66535
	50.69952	35.65537
	50.70085	35.61547
	50.69009	35.58503
	50.69042	35.57505
	50.67932	35.55458
	50.69141	35.5451
	50.7035	35.5356
	50.71493	35.54608
	50.71426	35.56606
	50.72602	35.56655
	50.74952	35.56753
	50.76093	35.57801
	50.77267	35.5785
	50.77233	35.58849
	50.75957	35.61796
	50.75924	35.62795
	50.77064	35.63843
	50.78237	35.63892
	50.7941	35.63941
	50.80618	35.62991
	50.81928	35.59042
	50.8317	35.57091
	50.84378	35.56138
	50.85586	35.55185
	50.86863	35.52229
	50.88071	35.51275
	50.88141	35.49273
	50.88175	35.48272
	50.8821	35.47271
	50.88279	35.45269
	50.8714	35.44223
	50.87175	35.43222
	50.86104	35.40174
	50.86139	35.39173
	50.85033	35.37127
	50.83927	35.35081
	50.83962	35.3408
	50.8282	35.33034
	50.82708	35.32717
	50.81746	35.29988
	50.80704	35.2594
	50.79559	35.24895
	50.7848	35.21848
	50.75045	35.18713
	50.72789	35.15622
	50.72926	35.11621
	50.71921	35.06576
	50.70847	35.03531
	50.71026	34.98529
	50.70027	34.93483
	50.70209	34.88481
	50.68993	34.89439
	50.66559	34.91352
	50.60765	34.88132
	50.56077	34.86952
	50.51351	34.86768
	50.46585	34.87578
	50.4196	34.84392
	50.37296	34.82201
	50.34962	34.81105
	50.3022	34.80906
	50.25473	34.80703
	50.2065	34.82489
	50.17047	34.83327
	50.14846	34.78237
	50.13834	34.732
	50.15095	34.71259
	50.17544	34.6937
	50.16126	34.67987
	50.16277	34.67494
	50.15268	34.66273
	50.10539	34.65064
	50.0345	34.62743
	50.03516	34.60749
	50.03582	34.58756
	50.06034	34.56871
	50.08484	34.54984
	50.08576	34.5199
	50.1099	34.51098
	50.14595	34.50256
	50.17033	34.48362
	50.18252	34.47414
	50.21821	34.47565
	50.25359	34.48713
	50.27872	34.43813
	50.31461	34.42956
	50.30387	34.37904
	50.3043	34.35904
	50.30544	34.30914
	50.31732	34.3096
	50.47463	34.19633
	50.48648	34.19674
	50.51427	34.21338
	50.51454	34.21338
	50.51455	34.21338
	50.51845	34.21341
	50.51852	34.21341
	50.51988	34.21346
	50.52038	34.21354
	50.52099	34.21373
	50.52516	34.21465
	50.52575	34.21488
	50.52641	34.21527
	50.52663	34.21543
	50.52733	34.21598
	50.52791	34.2162
	50.52814	34.21631
	50.52908	34.21682
	50.5298	34.21748
	50.53013	34.21798
	50.53329	34.21809
	50.54111	34.22505
	50.54567	34.2272
	50.54568	34.2272
	50.55072	34.22959
	50.55167	34.23226
	50.54991	34.23288
	50.55643	34.23869
	50.59169	34.24982
	50.62695	34.26095
	50.65087	34.2518
	50.66347	34.22245
	50.69797	34.19539
	50.69977	34.19397
	50.72302	34.182
	50.7358	34.17542
	50.75915	34.18598
	50.77096	34.18635
	50.78334	34.16707
	50.80724	34.158
	50.81988	34.14818
	50.82005	34.14827
	50.82016	34.14832
	50.82039	34.14841
	50.82045	34.14843
	50.82051	34.14845
	50.8207	34.14851
	50.82081	34.14853
	50.82082	34.14854
	50.82093	34.14856
	50.82115	34.1486
	50.82125	34.14861
	50.82127	34.14861
	50.82138	34.14862
	50.82155	34.14864
	50.82165	34.14864
	50.82192	34.14863
	50.82202	34.14861
	50.82212	34.1486
	50.82223	34.14858
	50.82248	34.14852
	50.82258	34.14849
	50.82274	34.14843
	50.8228	34.14841
	50.82287	34.1484
	50.82303	34.14837
	50.82305	34.14836
	50.82328	34.14831
	50.82331	34.1483
	50.82345	34.14827
	50.8236	34.14823
	50.82367	34.14821
	50.82376	34.14818
	50.82383	34.14816
	50.82409	34.14804
	50.82416	34.148
	50.82426	34.14794
	50.82433	34.1479
	50.82438	34.14786
	50.82445	34.14782
	50.82464	34.14767
	50.82468	34.14763
	50.82477	34.14756
	50.82478	34.14756
	50.82488	34.14747
	50.825	34.14737
	50.82512	34.14729
	50.82517	34.14725
	50.82578	34.14677
	50.82583	34.14673
	50.82632	34.14632
	50.82644	34.14621
	50.82653	34.14612
	50.8266	34.14605
	50.82672	34.14592
	50.82684	34.14579
	50.82696	34.14566
	50.82699	34.14563
	50.82718	34.14542
	50.82729	34.14529
	50.82744	34.14514
	50.8277	34.1449
	50.82772	34.14488
	50.82788	34.14472
	50.8279	34.14471
	50.82797	34.14463
	50.82807	34.14453
	50.82813	34.14446
	50.82825	34.1443
	50.8283	34.14423
	50.82841	34.14406
	50.82844	34.144
	50.82848	34.14393
	50.82852	34.14386
	50.82852	34.14385
	50.82853	34.14384
	50.8286	34.14371
	50.82875	34.14344
	50.82875	34.14343
	50.82883	34.1433
	50.82905	34.14342
	50.82912	34.14345
	50.82932	34.14352
	50.82938	34.14354
	50.82945	34.14356
	50.82952	34.14358
	50.82964	34.14361
	50.82969	34.14362
	50.82993	34.14365
	50.82999	34.14366
	50.83026	34.14366
	50.83033	34.14366
	50.83054	34.14364
	50.83064	34.14362
	50.83078	34.1436
	50.8311	34.14352
	50.83123	34.14349
	50.83135	34.14345
	50.83154	34.14338
	50.83167	34.14333
	50.83192	34.1432
	50.83203	34.14313
	50.83208	34.14311
	50.83224	34.143
	50.8324	34.14289
	50.83256	34.14277
	50.83263	34.14271
	50.8327	34.14265
	50.83279	34.14258
	50.83283	34.14253
	50.83299	34.14237
	50.83302	34.14233
	50.83311	34.14221
	50.83314	34.14217
	50.83334	34.14183
	50.83336	34.14179
	50.83352	34.14126
	50.83353	34.14121
	50.83355	34.14097
	50.83355	34.14092
	50.83354	34.14069
	50.83354	34.14064
	50.83351	34.14045
	50.8335	34.14039
	50.83346	34.14021
	50.83338	34.13994
	50.83334	34.1398
	50.83332	34.13975
	50.83303	34.13922
	50.833	34.13918
	50.83297	34.13915
	50.83296	34.13911
	50.83294	34.13906
	50.83292	34.13898
	50.83289	34.13888
	50.83281	34.13868
	50.83277	34.13859
	50.83275	34.13853
	50.86745	34.12078
	50.91492	34.11239
	51.03302	34.10585
	50.9974	34.11465
	50.98533	34.12407
	50.97326	34.13348
	50.97297	34.14321
	50.98419	34.16309
	50.98392	34.1729
	50.99496	34.20279
	50.99448	34.2226
	51.00559	34.25275
	51.00474	34.29267
	51.00433	34.31269
	51.01536	34.35316
	51.01495	34.37326
	51.02654	34.38364
	51.03787	34.40407
	51.04941	34.41444
	51.06095	34.42482
	51.08428	34.43552
	51.09608	34.43585
	51.13119	34.44686
	51.14299	34.44718
	51.17809	34.45816
	51.22496	34.46943
	51.29572	34.47121
	51.33109	34.47207
	51.43718	34.47454
	51.49641	34.46579
	51.53177	34.46655
	51.59071	34.46778
	51.61428	34.46827
	51.66114	34.47926
	51.67292	34.47949
	51.6962	34.49
	51.70799	34.49023
	51.73127	34.50074
	51.75454	34.51123
	51.76601	34.5215
	51.77748	34.53177
	51.78895	34.54203
	51.82532	34.51256
	51.88495	34.49355
	51.89705	34.48372
	51.93306	34.46427
	52.00451	34.44545
	52.01633	34.44566
	52.05207	34.43625
	52.08756	34.43688
	52.11096	34.44734
	52.15831	34.44817
	52.18172	34.45863
	52.22912	34.45946
	52.27654	34.46029
	52.30025	34.4607
	52.34769	34.46152
	52.37169	34.45189
	52.40728	34.4525
	52.41915	34.45271
	52.45502	34.44327
	52.47901	34.43364
	52.5744	34.41517
	52.59836	34.40553
	52.63417	34.39608
	52.65811	34.38643
	52.67018	34.37658
	52.70595	34.36713
	52.75356	34.35786
	52.82501	34.33891
	52.83449	34.33907
	52.83687	34.33911
	52.84095	34.32911
	52.87257	34.32961
	52.88442	34.3298
	52.90824	34.32012
	52.96752	34.32104
	53.02678	34.32194
	53.08602	34.32283
	53.12156	34.32335
	53.1334	34.32352
	53.16893	34.32404
	53.24012	34.31497
	53.28748	34.31562
	53.31116	34.31594
	53.34668	34.31641
	53.37036	34.31673
	53.42955	34.31749
	53.48873	34.31823
	53.52423	34.31867
	53.53607	34.31881
	53.6069	34.3297
	53.63056	34.32997
	53.67789	34.33051
	53.76071	34.33142
	53.83171	34.33217
	53.87904	34.33265
	53.9382	34.33323
	53.96162	34.34351
	54.00895	34.34396
	54.0915	34.35476
	54.12701	34.35507
	54.16252	34.35538
	54.19805	34.35569
	54.2691	34.35628
	54.29279	34.35647
	54.34018	34.35684
	54.36388	34.35703
	54.3764	34.35915
	54.41128	34.35738
	54.42313	34.35747
	54.45834	34.36776
	54.48771	34.38372
	54.57855	34.3846
	54.63626	34.36897
	54.64813	34.36904
	54.70749	34.3694
	54.73123	34.36954
	54.74311	34.36961
	54.75499	34.36968
	54.80251	34.36995
	54.83816	34.37014
	54.96898	34.37076
	55.02848	34.37099
	55.12331	34.3813
	55.15856	34.39138
	55.19431	34.39146
	55.21815	34.39151
	55.26584	34.39159
	55.27712	34.38851
	55.30213	34.38167
	55.31405	34.38169
	55.33843	34.37174
	55.35088	34.36179
	55.3628	34.36178
	55.3633	34.35182
	55.37522	34.34196
	55.3751	34.30237
	55.37503	34.26278
	55.37501	34.21332
	55.38696	34.18339
	55.38713	34.10432
	55.3872	34.08457
	55.38741	34.03519
	55.39962	33.97571
	55.40015	33.88694
	55.45492	33.80211
	55.46196	33.74153
	55.44103	33.69843
	55.41739	33.67849
	55.40474	33.66495
	55.38941	33.65066
	55.37759	33.63123
	55.35394	33.5825
	55.34209	33.56307
	55.3421	33.55322
	55.33023	33.53378
	55.31835	33.52419
	55.29456	33.49516
	55.28264	33.47573
	55.24689	33.437
	55.23502	33.4268
	55.18763	33.43614
	55.10462	33.42501
	55.05719	33.42441
	55.03338	33.4041
	54.99761	33.37365
	54.99754	33.36363
	54.98551	33.34347
	54.98524	33.31343
	54.97326	33.30328
	54.97281	33.2632
	54.96041	33.22298
	54.96028	33.21296
	54.93585	33.16261
	54.9233	33.1124
	54.91128	33.10227
	54.89898	33.07211
	54.87451	33.02181
	54.85047	33.00159
	54.8383	32.98147
	54.80239	32.96118
	54.77834	32.94099
	54.7067	32.91046
	54.6591	32.90013
	54.64724	32.90004
	54.5044	32.85909
	54.45686	32.84878
	54.39744	32.83837
	54.34985	32.82802
	54.33799	32.82793
	54.29041	32.81757
	54.26671	32.81739
	54.15968	32.78654
	54.0881	32.7459
	53.99321	32.71509
	53.92203	32.68447
	53.91026	32.68438
	53.87479	32.67408
	53.86291	32.66397
	53.83933	32.65379
	53.79235	32.63347
	53.71046	32.61295
	53.61691	32.61231
	53.58174	32.62203
	53.53479	32.64162
	53.49974	32.64137
	53.44123	32.65089
	53.37094	32.67027
	53.3476	32.67009
	53.3008	32.67967
	53.27761	32.66953
	53.23098	32.66916
	53.17329	32.63889
	53.15002	32.6387
	53.11579	32.60864
	53.10417	32.60855
	53.08117	32.59845
	53.05872	32.56852
	53.04739	32.55852
	53.02446	32.54843
	52.97835	32.53816
	52.93197	32.5378
	52.9091	32.52771
	52.89751	32.52762
	52.88656	32.50774
	52.8753	32.49775
	52.87698	32.4483
	52.87767	32.42853
	52.87908	32.389
	52.89245	32.33969
	52.89543	32.26073
	52.90849	32.22133
	52.91076	32.16213
	52.89998	32.14232
	52.9015	32.10286
	52.89035	32.09292
	52.89109	32.07318
	52.87012	32.01373
	52.85959	31.98398
	52.84871	31.96411
	52.83815	31.93435
	52.84088	31.8452
	52.82967	31.83523
	52.81934	31.79554
	52.81992	31.77572
	52.82161	31.71626
	52.83365	31.69648
	52.84595	31.6668
	52.85796	31.64702
	52.86971	31.63715
	52.87076	31.5975
	52.89395	31.58767
	52.92861	31.57788
	52.94008	31.57792
	52.97473	31.56812
	53.02109	31.54843
	53.09038	31.5288
	53.10185	31.52883
	53.12524	31.50905
	53.15987	31.49921
	53.22953	31.45966
	53.26455	31.42994
	53.31118	31.39029
	53.33446	31.37046
	53.34627	31.35062
	53.36953	31.33078
	53.39308	31.29108
	53.39323	31.28115
	53.40483	31.27122
	53.41658	31.25137
	53.417	31.22158
	53.44029	31.19181
	53.45248	31.13225
	53.47591	31.08263
	53.49927	31.033
	53.52257	30.98339
	53.53415	30.96354
	53.55737	30.91394
	53.58039	30.88417
	53.60345	30.84448
	53.60351	30.83457
	53.62657	30.78498
	53.63807	30.76514
	53.64959	30.7354
	53.64963	30.72549
	53.67253	30.69572
	53.69538	30.67586
	53.70686	30.64612
	53.74114	30.59652
	53.76398	30.55685
	53.77537	30.54692
	53.79817	30.51715
	53.80957	30.48742
	53.82095	30.46759
	53.86644	30.42787
	53.91188	30.38814
	53.93457	30.35839
	53.97996	30.31867
	54.00261	30.28891
	54.01387	30.2493
	54.02514	30.21959
	54.03634	30.17011
	54.036	30.08114
	54.04708	30.0317
	54.04697	30.01194
	54.05824	30.00203
	54.06943	29.98224
	54.09195	29.96241
	54.10314	29.94262
	54.12571	29.93267
	54.17077	29.90289
	54.18201	29.89298
	54.22723	29.88294
	54.26113	29.87293
	54.27236	29.86302
	54.30625	29.85301
	54.35136	29.83309
	54.3738	29.81326
	54.4189	29.79332
	54.43023	29.79328
	54.42949	29.73408
	54.44069	29.72416
	54.45177	29.70437
	54.45164	29.69451
	54.47389	29.66481
	54.47377	29.65495
	54.48496	29.64503
	54.48483	29.63517
	54.49587	29.61539
	54.54033	29.55599
	54.54005	29.53627
	54.56183	29.47699
	54.57301	29.46708
	54.58432	29.46702
	54.59534	29.44724
	54.61782	29.43727
	54.62899	29.42735
	54.66278	29.41732
	54.75332	29.41686
	54.86655	29.41626
	54.88903	29.40628
	54.91169	29.40615
	54.92285	29.39623
	54.93418	29.39616
	54.94533	29.38623
	54.94516	29.37637
	54.96713	29.33678
	54.97776	29.29725
	54.98856	29.26759
	54.99917	29.22805
	55.02092	29.17858
	55.03151	29.13904
	55.04227	29.10936
	55.05322	29.08954
	55.06397	29.05986
	55.0749	29.04004
	55.08564	29.01034
	55.08545	29.00047
	55.10768	28.98057
	55.10749	28.9707
	55.12971	28.95079
	55.19753	28.95035
	55.20864	28.9404
	55.32172	28.93964
	55.33283	28.92968
	55.35545	28.92952
	55.36634	28.90968
	55.37765	28.9096
	55.44488	28.87946
	55.45576	28.85961
	55.46685	28.84964
	55.50034	28.82962
	55.51098	28.79987
	55.56661	28.75989
	55.56639	28.75
	55.57769	28.74991
	55.60008	28.73984
	55.64532	28.73945
	55.65687	28.74924
	55.7026	28.76861
	55.79513	28.84687
	55.84119	28.8761
	55.85277	28.88588
	55.90996	28.9051
	55.95584	28.92443
	55.96719	28.92432
	55.97879	28.9341
	56.00174	28.94376
	56.01309	28.94364
	56.02418	28.93363
	56.03553	28.93351
	56.04662	28.92351
	56.04609	28.90372
	56.05664	28.87393
	56.06746	28.85403
	56.06558	28.78481
	56.06287	28.68594
	56.07202	28.60673
	56.07037	28.54743
	56.05739	28.48826
	56.04553	28.46861
	56.02184	28.42929
	56.02081	28.38967
	56.0316	28.36972
	56.03135	28.3598
	56.05342	28.33975
	56.0973	28.28968
	56.11937	28.26961
	56.1527	28.24943
	56.20782	28.19921
	56.24112	28.17902
	56.24087	28.16907
	56.28543	28.14878
	56.2967	28.14867
	56.31872	28.12858
	56.34124	28.12837
	56.35225	28.11832
	56.38605	28.11801
	56.41958	28.10775
	56.4534	28.10741
	56.47596	28.10708
	56.49851	28.10668
	56.54426	28.12558
	56.57846	28.13473
	56.59008	28.14436
	56.63596	28.16308
	56.6476	28.17268
	56.65926	28.18227
	56.68225	28.19159
	56.71762	28.23021
	56.72964	28.24967
	56.74098	28.2494
	56.75266	28.259
	56.76504	28.28834
	56.77673	28.29794
	56.77708	28.3078
	56.82315	28.32649
	56.8345	28.32622
	56.84619	28.33583
	56.85719	28.32569
	56.87988	28.32515
	56.90222	28.31474
	56.9132	28.30459
	56.92455	28.30432
	56.95823	28.29363
	56.96957	28.29336
	56.96921	28.28348
	56.99153	28.27305
	56.99004	28.23353
	56.97759	28.20417
	56.97535	28.1449
	56.9965	28.10483
	56.99459	28.05545
	57.00592	28.05516
	57.01532	28.00548
	57.01494	27.9956
	57.02587	27.98543
	57.02549	27.97554
	57.0368	27.97525
	57.04772	27.96508
	57.08165	27.96423
	57.10429	27.96368
	57.12652	27.95324
	57.13784	27.95296
	57.14836	27.9329
	57.15928	27.92273
	57.18032	27.88258
	57.19044	27.85258
	57.20175	27.85232
	57.21227	27.83222
	57.24499	27.80168
	57.26719	27.79124
	57.28897	27.77083
	57.29945	27.75066
	57.29904	27.7407
	57.30951	27.72051
	57.29783	27.7108
	57.29703	27.69084
	57.28536	27.68112
	57.27409	27.68138
	57.25118	27.6719
	57.23991	27.67217
	57.23955	27.66219
	57.22796	27.65251
	57.22762	27.64256
	57.24942	27.62211
	57.28309	27.62125
	57.31576	27.59058
	57.32698	27.5903
	57.32665	27.58035
	57.33636	27.53048
	57.35721	27.47061
	57.36813	27.46043
	57.3675	27.43091
	57.36694	27.40145
	57.36627	27.36224
	57.36583	27.33288
	57.37649	27.30318
	57.37581	27.24462
	57.37508	27.1667
	57.38583	27.13712
	57.38531	27.07889
	57.39615	27.05907
	57.40708	27.04896
	57.407	27.03927
	57.42388	27.02364
	57.43979	27.00894
	57.47282	27.00769
	57.48376	26.99759
	57.51681	26.99638
	57.54987	26.99519
	57.57175	26.97501
	57.59373	26.96455
	57.60468	26.95447
	57.62665	26.94401
	57.6376	26.93394
	57.69278	26.93207
	57.71469	26.91195
	57.7421	26.88681
	57.7805	26.85164
	57.79155	26.85128
	57.79148	26.84159
	57.80253	26.84124
	57.81364	26.85056
	57.82469	26.85021
	57.83582	26.85955
	57.83589	26.86924
	57.85816	26.88794
	57.88036	26.89696
	57.89159	26.91604
	57.89178	26.93547
	57.90304	26.9546
	57.9141	26.95427
	57.93614	26.94388
	57.95828	26.94324
	57.96946	26.95266
	57.98054	26.95234
	57.9915	26.94228
	58.01366	26.94165
	58.03561	26.92154
	58.05767	26.91118
	58.06865	26.90113
	58.10162	26.871
	58.1347	26.85062
	58.16772	26.82053
	58.17881	26.82022
	58.21185	26.79015
	58.21171	26.77075
	58.22253	26.73167
	58.23351	26.71199
	58.22237	26.70263
	58.21128	26.70295
	58.18921	26.72294
	58.17823	26.74263
	58.16715	26.74294
	58.15612	26.75295
	58.13395	26.75359
	58.13389	26.74391
	58.12281	26.74423
	58.1227	26.72488
	58.13373	26.71488
	58.14466	26.68555
	58.1557	26.67556
	58.15552	26.62728
	58.14441	26.61796
	58.14438	26.60831
	58.11107	26.58037
	58.11105	26.57073
	58.12208	26.53186
	58.12208	26.51261
	58.111	26.50331
	58.111	26.49369
	58.09993	26.47478
	58.10004	26.4171
	58.10014	26.38828
	58.08909	26.379
	58.08917	26.35981
	58.11145	26.33996
	58.1115	26.33036
	58.08942	26.31182
	58.08955	26.29264
	58.10071	26.28273
	58.10078	26.27314
	58.08982	26.25429
	58.07872	26.25461
	58.0788	26.24502
	58.0677	26.24534
	58.05667	26.23607
	58.05683	26.21689
	58.06793	26.21658
	58.06802	26.20699
	58.07913	26.20667
	58.09015	26.21595
	58.10126	26.21563
	58.12339	26.22459
	58.13441	26.23385
	58.20108	26.23197
	58.24565	26.22115
	58.25687	26.21127
	58.27912	26.21065
	58.30143	26.20045
	58.31253	26.20013
	58.34564	26.22794
	58.36785	26.22731
	58.3789	26.23657
	58.39	26.23625
	58.40112	26.22634
	58.4122	26.21641
	58.42327	26.21608
	58.43432	26.20614
	58.52274	26.20348
	58.52269	26.19386
	58.53373	26.19353
	58.53367	26.18391
	58.51146	26.16535
	58.51127	26.13649
	58.53334	26.13582
	58.5443	26.12587
	58.53319	26.11658
	58.53285	26.06845
	58.5438	26.05849
	58.54374	26.04887
	58.58784	26.04754
	58.59893	26.05683
	58.64303	26.0555
	58.65398	26.04554
	58.68705	26.04453
	58.69815	26.05382
	58.69823	26.06344
	58.70934	26.07272
	58.7095	26.09195
	58.72061	26.10123
	58.73163	26.10089
	58.77539	26.06108
	58.79744	26.0604
	58.79752	26.07001
	58.80863	26.07928
	58.81965	26.07894
	58.83059	26.06899
	58.83016	26.02093
	58.84118	26.02059
	58.85211	26.01064
	58.86313	26.0103
	58.85203	26.00103
	58.84101	26.00136
	58.82984	25.98247
	58.82969	25.96324
	58.8186	25.95396
	58.81852	25.94434
	58.82947	25.93439
	58.8294	25.92478
	58.87345	25.92345
	58.8844	25.9135
	58.88433	25.90389
	58.90621	25.884
	58.93905	25.85418
	58.99383	25.8141
	59.01572	25.79423
	59.07058	25.76377
	59.09242	25.7343
	59.10336	25.72438
	59.10306	25.66677
	59.11402	25.65685
	59.11397	25.64725
	59.16898	25.64563
	59.17993	25.63571
	59.16889	25.62643
	59.17985	25.61651
	59.17979	25.59733
	59.20174	25.5775
	59.21273	25.57718
	59.21272	25.56758
	59.23469	25.54776
	59.23468	25.52858
	59.24568	25.51867
	59.24568	25.50908
	59.25668	25.50877
	59.25668	25.50462
	59.25952	25.50187
	59.25698	25.49917
	59.26768	25.49886
	59.26767	25.50844
	59.27866	25.50813
	59.27868	25.48895
	59.26769	25.48927
	59.27869	25.47937
	59.2693	25.47144
	59.28417	25.46944
	59.28795	25.46576
	59.2839	25.46324
	59.26318	25.46215
	59.25711	25.45803
	59.25155	25.45713
	59.247	25.4548
	59.25271	25.45075
	59.25661	25.44677
	59.2593	25.44187
	59.26038	25.43874
	59.09216	25.20082
END
END
