Italy_Veneto_Venezia
1
	11.9688	45.13398
	11.96743	45.13686
	11.96198	45.14935
	11.96252	45.14953
	11.96428	45.14995
	11.96591	45.15038
	11.96617	45.1504
	11.96661	45.15035
	11.96919	45.1495
	11.96934	45.1495
	11.97003	45.14976
	11.97181	45.15053
	11.97899	45.15369
	11.98159	45.15481
	11.9835	45.15561
	11.98344	45.15579
	11.98283	45.16267
	11.98247	45.1626
	11.98206	45.16258
	11.98155	45.16261
	11.98114	45.16265
	11.98056	45.16263
	11.97986	45.16259
	11.9781	45.16255
	11.97698	45.16254
	11.97635	45.16556
	11.9755	45.1702
	11.97521	45.17021
	11.9755	45.17238
	11.97593	45.17233
	11.97624	45.17409
	11.97679	45.17416
	11.97715	45.17403
	11.97634	45.17503
	11.97568	45.17569
	11.97514	45.17622
	11.97457	45.17659
	11.97495	45.17692
	11.97521	45.17725
	11.9753	45.1775
	11.97534	45.17767
	11.97525	45.17788
	11.97451	45.17859
	11.97427	45.17892
	11.97389	45.1796
	11.97345	45.18024
	11.97312	45.18081
	11.97302	45.18104
	11.97285	45.18151
	11.97284	45.18185
	11.97291	45.18225
	11.97305	45.18264
	11.97314	45.18279
	11.97339	45.18314
	11.97364	45.18335
	11.97389	45.18352
	11.97477	45.18393
	11.97575	45.18422
	11.97648	45.1844
	11.97704	45.18448
	11.97768	45.18454
	11.97839	45.18457
	11.97883	45.18463
	11.97907	45.1847
	11.97925	45.18478
	11.97941	45.18487
	11.97955	45.185
	11.97977	45.18542
	11.97979	45.18555
	11.97979	45.18571
	11.97972	45.18594
	11.97964	45.1861
	11.97942	45.18629
	11.97878	45.18667
	11.97836	45.18697
	11.97818	45.18712
	11.97812	45.18718
	11.97833	45.18725
	11.98447	45.18811
	11.99681	45.1899
	11.99899	45.19021
	11.9992	45.19023
	12.00632	45.19135
	12.02173	45.19356
	12.03351	45.19536
	12.0389	45.19608
	12.03904	45.19646
	12.04068	45.19654
	12.04204	45.19668
	12.04391	45.19694
	12.04574	45.19722
	12.04724	45.19749
	12.0476	45.19756
	12.04804	45.1977
	12.04957	45.19803
	12.05093	45.19826
	12.05368	45.1987
	12.05656	45.19904
	12.05788	45.19918
	12.05917	45.19941
	12.0613	45.19977
	12.07108	45.20141
	12.07384	45.2019
	12.07553	45.20218
	12.07713	45.20246
	12.07868	45.20272
	12.08014	45.20295
	12.08232	45.20333
	12.08249	45.2034
	12.083	45.20349
	12.09255	45.20513
	12.09371	45.20532
	12.0984	45.20614
	12.10274	45.20687
	12.10742	45.20764
	12.11202	45.20844
	12.11674	45.20923
	12.11831	45.20951
	12.12012	45.20973
	12.12082	45.20993
	12.12235	45.21019
	12.12319	45.21026
	12.1234	45.21017
	12.12403	45.20984
	12.1282	45.20763
	12.13369	45.20469
	12.13446	45.20427
	12.1351	45.20385
	12.13613	45.2033
	12.13745	45.20267
	12.1387	45.20196
	12.1408	45.20081
	12.14165	45.20033
	12.1419	45.2003
	12.14211	45.19994
	12.14238	45.19961
	12.1426	45.19938
	12.14301	45.19912
	12.1443	45.19851
	12.14448	45.19817
	12.14458	45.19791
	12.14493	45.19763
	12.14532	45.19735
	12.14609	45.19696
	12.14671	45.19681
	12.14751	45.19667
	12.14778	45.1966
	12.14858	45.19619
	12.14898	45.19585
	12.14963	45.19473
	12.151	45.19392
	12.15136	45.19391
	12.153	45.19396
	12.1567	45.19413
	12.15966	45.19423
	12.16194	45.19429
	12.16514	45.1943
	12.16566	45.19432
	12.16598	45.19443
	12.16649	45.19452
	12.16676	45.19455
	12.16725	45.19458
	12.17055	45.19472
	12.17615	45.19489
	12.1799	45.19504
	12.18043	45.19512
	12.1807	45.19512
	12.18388	45.19529
	12.18417	45.19518
	12.18433	45.19555
	12.18432	45.19594
	12.18421	45.19671
	12.184	45.19698
	12.18371	45.19714
	12.18322	45.19723
	12.18271	45.19728
	12.18223	45.19721
	12.18187	45.1971
	12.18163	45.19682
	12.18125	45.19627
	12.18077	45.19583
	12.18041	45.19575
	12.17999	45.19571
	12.17966	45.19576
	12.17925	45.19578
	12.17834	45.19632
	12.17767	45.1967
	12.17725	45.19689
	12.17692	45.19699
	12.17645	45.1971
	12.17502	45.19741
	12.17485	45.19756
	12.1746	45.19774
	12.17421	45.19793
	12.17393	45.19814
	12.1734	45.19843
	12.17244	45.19868
	12.17206	45.19874
	12.17185	45.19876
	12.17145	45.19876
	12.17089	45.1986
	12.17055	45.19845
	12.17008	45.19834
	12.16976	45.19842
	12.1694	45.19853
	12.16916	45.19864
	12.16896	45.19879
	12.16887	45.19888
	12.16858	45.19929
	12.16851	45.19981
	12.16846	45.20058
	12.16836	45.20093
	12.16851	45.20106
	12.16886	45.20118
	12.16916	45.20121
	12.16952	45.20123
	12.17025	45.20075
	12.17051	45.20116
	12.17101	45.20115
	12.17135	45.20129
	12.17143	45.20137
	12.17144	45.20157
	12.17101	45.20188
	12.17099	45.20188
	12.1718	45.20312
	12.17174	45.20337
	12.17128	45.20429
	12.17109	45.20451
	12.17091	45.20469
	12.17035	45.20516
	12.16953	45.2057
	12.16923	45.20587
	12.16817	45.20634
	12.16535	45.20729
	12.16507	45.20736
	12.16499	45.20737
	12.16266	45.20577
	12.16338	45.20472
	12.16331	45.20468
	12.16307	45.20446
	12.16224	45.20376
	12.16165	45.20399
	12.1618	45.20416
	12.16219	45.2047
	12.16232	45.20521
	12.16244	45.20603
	12.16224	45.20648
	12.16182	45.20673
	12.16115	45.20698
	12.16073	45.2071
	12.16038	45.20715
	12.15844	45.20739
	12.15757	45.20741
	12.15621	45.20742
	12.15555	45.20755
	12.15499	45.20774
	12.15456	45.20793
	12.15387	45.20855
	12.15334	45.20898
	12.15375	45.20904
	12.15392	45.20916
	12.15455	45.21031
	12.15502	45.21073
	12.15531	45.21106
	12.15536	45.21128
	12.15533	45.2116
	12.15525	45.21182
	12.155	45.21209
	12.15443	45.21234
	12.15367	45.21256
	12.15362	45.2128
	12.15356	45.21346
	12.15387	45.21487
	12.15393	45.21557
	12.15424	45.21666
	12.1563	45.21868
	12.1566	45.21907
	12.15663	45.21912
	12.1569	45.22046
	12.15674	45.22105
	12.15662	45.22134
	12.1564	45.22172
	12.15623	45.22194
	12.15585	45.2223
	12.15555	45.22252
	12.15743	45.22385
	12.15791	45.22415
	12.15674	45.2252
	12.15737	45.22553
	12.15809	45.22582
	12.15847	45.22592
	12.15877	45.22598
	12.15913	45.22598
	12.15936	45.22595
	12.16145	45.22594
	12.16202	45.22636
	12.16218	45.22643
	12.16333	45.2255
	12.16399	45.22594
	12.16468	45.22621
	12.16528	45.22574
	12.16555	45.22568
	12.16595	45.22564
	12.16704	45.22559
	12.16759	45.22563
	12.16813	45.22561
	12.16835	45.22624
	12.16873	45.22625
	12.16907	45.22631
	12.1695	45.22647
	12.16965	45.2266
	12.16982	45.22687
	12.17006	45.22711
	12.17019	45.22739
	12.17089	45.22759
	12.17151	45.22761
	12.17212	45.22768
	12.17292	45.22784
	12.17309	45.22791
	12.1734	45.22793
	12.1742	45.22826
	12.17449	45.22829
	12.17599	45.22853
	12.17748	45.22886
	12.17986	45.22941
	12.18132	45.22973
	12.18264	45.23017
	12.19199	45.23344
	12.19266	45.23367
	12.19312	45.23381
	12.19342	45.234
	12.19368	45.23431
	12.19554	45.23713
	12.19565	45.23726
	12.19398	45.23871
	12.19328	45.23928
	12.19331	45.23972
	12.1924	45.23979
	12.18972	45.23992
	12.18818	45.24004
	12.18739	45.24007
	12.189	45.24109
	12.1918	45.2428
	12.19243	45.24323
	12.19265	45.24332
	12.19361	45.24457
	12.1946	45.2462
	12.19573	45.24699
	12.19599	45.24712
	12.19558	45.24768
	12.1954	45.2479
	12.19556	45.24801
	12.19561	45.2482
	12.19565	45.24846
	12.19539	45.24858
	12.19523	45.24863
	12.19521	45.24876
	12.1955	45.24929
	12.196	45.24969
	12.19711	45.25078
	12.19846	45.25306
	12.20024	45.25665
	12.20081	45.25786
	12.20283	45.26281
	12.20463	45.26755
	12.20559	45.27014
	12.20641	45.27272
	12.20541	45.27403
	12.20351	45.27632
	12.20162	45.27662
	12.20165	45.27764
	12.20185	45.27841
	12.19945	45.28124
	12.19928	45.28126
	12.19811	45.28134
	12.19659	45.28285
	12.19265	45.28385
	12.19077	45.28434
	12.19135	45.28495
	12.1915	45.28532
	12.19148	45.286
	12.19099	45.28584
	12.18961	45.28832
	12.19006	45.2886
	12.19025	45.28885
	12.18946	45.28977
	12.18967	45.29161
	12.19009	45.29441
	12.19025	45.29528
	12.19048	45.29609
	12.18976	45.29715
	12.18669	45.30216
	12.17523	45.30218
	12.15617	45.30218
	12.15102	45.30158
	12.14905	45.30146
	12.14628	45.30175
	12.14484	45.30153
	12.14319	45.30121
	12.13832	45.29945
	12.13763	45.29946
	12.13211	45.30052
	12.13046	45.30056
	12.12929	45.30041
	12.12723	45.30082
	12.12517	45.30141
	12.1238	45.3015
	12.12184	45.30191
	12.12109	45.30224
	12.11702	45.3034
	12.11596	45.30405
	12.11383	45.30515
	12.11253	45.30592
	12.1122	45.30621
	12.11083	45.30661
	12.11077	45.30702
	12.10999	45.30775
	12.10972	45.30812
	12.10955	45.30868
	12.10976	45.30926
	12.10156	45.31844
	12.10194	45.31934
	12.0983	45.32019
	12.09795	45.32066
	12.10268	45.32221
	12.10232	45.3227
	12.10188	45.32304
	12.10147	45.32329
	12.10113	45.32355
	12.101	45.32381
	12.10095	45.32406
	12.10082	45.32419
	12.1008	45.32441
	12.10083	45.32475
	12.10077	45.32512
	12.10066	45.32539
	12.10029	45.32558
	12.09957	45.3257
	12.09932	45.32581
	12.09905	45.32584
	12.09832	45.32617
	12.09789	45.32642
	12.09738	45.32658
	12.09692	45.32666
	12.09653	45.32687
	12.09622	45.32738
	12.09606	45.32773
	12.09571	45.32817
	12.09533	45.32847
	12.09495	45.3287
	12.09482	45.32886
	12.09434	45.32925
	12.09389	45.32957
	12.09333	45.32973
	12.09291	45.3299
	12.09262	45.32998
	12.09236	45.32999
	12.09189	45.33007
	12.09095	45.33036
	12.09029	45.33064
	12.08938	45.33108
	12.08909	45.33119
	12.08869	45.33129
	12.08824	45.33145
	12.0876	45.33182
	12.08743	45.3319
	12.0872	45.33191
	12.08663	45.33172
	12.08631	45.33168
	12.08593	45.33172
	12.0849	45.33192
	12.08337	45.33207
	12.08304	45.33207
	12.08233	45.33202
	12.08221	45.33202
	12.08126	45.33192
	12.07978	45.3321
	12.07899	45.33222
	12.07897	45.33203
	12.07875	45.33132
	12.07846	45.33101
	12.0784	45.33071
	12.07778	45.32864
	12.07749	45.32761
	12.07733	45.32734
	12.07722	45.32731
	12.07623	45.32736
	12.07582	45.32747
	12.07531	45.32752
	12.07512	45.32764
	12.07512	45.3278
	12.07519	45.32796
	12.07494	45.32803
	12.07465	45.32816
	12.07435	45.32849
	12.07373	45.32866
	12.07341	45.32853
	12.07296	45.32817
	12.07256	45.32741
	12.07223	45.32665
	12.07194	45.32629
	12.07154	45.32588
	12.07129	45.32551
	12.07113	45.32503
	12.07088	45.32459
	12.0705	45.32384
	12.06989	45.32295
	12.06977	45.32275
	12.06954	45.32247
	12.06912	45.32204
	12.06875	45.32174
	12.06849	45.32169
	12.06965	45.31942
	12.06887	45.31971
	12.06827	45.31991
	12.06802	45.31995
	12.06701	45.32001
	12.06559	45.32014
	12.06524	45.32018
	12.06501	45.32024
	12.06433	45.32051
	12.06363	45.32081
	12.0621	45.3215
	12.05992	45.32243
	12.05976	45.32233
	12.05943	45.32209
	12.05871	45.32153
	12.05763	45.32232
	12.05737	45.32217
	12.05832	45.32148
	12.05866	45.32129
	12.05757	45.32051
	12.0572	45.32065
	12.05632	45.32013
	12.05563	45.31965
	12.05762	45.31842
	12.05734	45.31821
	12.05693	45.31785
	12.05677	45.31747
	12.05651	45.31727
	12.05619	45.31705
	12.05588	45.31688
	12.05537	45.31646
	12.05475	45.31685
	12.05429	45.31724
	12.0541	45.31753
	12.05326	45.31707
	12.05223	45.31654
	12.05265	45.31618
	12.05209	45.31565
	12.05192	45.31543
	12.05164	45.31498
	12.05287	45.31456
	12.05238	45.31403
	12.05199	45.31348
	12.0519	45.3133
	12.05196	45.31323
	12.05192	45.31298
	12.05182	45.31268
	12.05173	45.31168
	12.05139	45.31167
	12.0508	45.3118
	12.05012	45.31199
	12.05027	45.31252
	12.05041	45.3131
	12.05021	45.31308
	12.04977	45.31309
	12.04945	45.31324
	12.04914	45.31301
	12.04881	45.31289
	12.04818	45.31287
	12.04793	45.3129
	12.04708	45.31339
	12.04677	45.31376
	12.04655	45.31387
	12.04593	45.31399
	12.04561	45.31407
	12.04521	45.31454
	12.0449	45.31478
	12.04456	45.31499
	12.04441	45.31506
	12.04372	45.31518
	12.04345	45.31527
	12.04309	45.31532
	12.04271	45.31531
	12.04268	45.3155
	12.04192	45.31564
	12.04135	45.31582
	12.0412	45.31582
	12.04092	45.31594
	12.04066	45.31592
	12.04018	45.31592
	12.03966	45.31609
	12.03946	45.31619
	12.03934	45.31629
	12.03911	45.31657
	12.03894	45.31662
	12.03873	45.3163
	12.03843	45.31596
	12.03736	45.31519
	12.03738	45.31508
	12.03755	45.31478
	12.0365	45.3143
	12.03568	45.31391
	12.03503	45.31359
	12.0345	45.31328
	12.03428	45.31344
	12.03416	45.31356
	12.03416	45.31372
	12.03438	45.31409
	12.0344	45.31418
	12.03438	45.31428
	12.03424	45.31455
	12.03427	45.31502
	12.03423	45.31514
	12.03409	45.31534
	12.03402	45.31551
	12.03386	45.31568
	12.03366	45.3158
	12.03327	45.3161
	12.03297	45.3162
	12.03283	45.31628
	12.03275	45.31639
	12.0327	45.31657
	12.03263	45.31669
	12.0326	45.31689
	12.03229	45.31709
	12.03217	45.31723
	12.03212	45.31734
	12.03196	45.31746
	12.03148	45.31754
	12.03127	45.31762
	12.03108	45.31767
	12.03056	45.31765
	12.03049	45.3176
	12.03033	45.31742
	12.02999	45.31743
	12.02968	45.31747
	12.02942	45.31747
	12.02891	45.3173
	12.0286	45.31729
	12.02812	45.31749
	12.02781	45.3176
	12.02762	45.31776
	12.02736	45.31804
	12.02717	45.31828
	12.02705	45.31837
	12.02661	45.31852
	12.02608	45.31872
	12.0259	45.31882
	12.02563	45.31902
	12.02532	45.31922
	12.02437	45.3198
	12.02393	45.32011
	12.02365	45.32033
	12.02359	45.32047
	12.02343	45.32068
	12.0232	45.32086
	12.02297	45.32094
	12.02258	45.32105
	12.0224	45.32115
	12.02223	45.3213
	12.02213	45.32157
	12.02206	45.32171
	12.02196	45.32182
	12.02152	45.32204
	12.02114	45.3222
	12.02107	45.32226
	12.02101	45.32241
	12.02098	45.3226
	12.02044	45.32341
	12.02022	45.3237
	12.01993	45.32404
	12.01932	45.32483
	12.01919	45.32507
	12.01888	45.32577
	12.01879	45.32607
	12.01873	45.3262
	12.01855	45.32644
	12.01836	45.32663
	12.01825	45.32668
	12.01789	45.32674
	12.0178	45.32677
	12.01769	45.32683
	12.01744	45.32717
	12.01735	45.32735
	12.0173	45.32753
	12.0173	45.3276
	12.01732	45.32786
	12.01731	45.32812
	12.01738	45.32853
	12.01741	45.32945
	12.0174	45.32973
	12.01737	45.32982
	12.01732	45.32991
	12.01648	45.33085
	12.01614	45.33125
	12.01556	45.33181
	12.0154	45.33201
	12.01521	45.33267
	12.01515	45.33296
	12.015	45.33313
	12.01493	45.33332
	12.01493	45.33343
	12.01571	45.33391
	12.01582	45.33403
	12.01616	45.33434
	12.01619	45.3345
	12.01614	45.33458
	12.01579	45.33485
	12.0156	45.33505
	12.01509	45.33542
	12.01483	45.33564
	12.01614	45.33638
	12.01743	45.33701
	12.01765	45.33684
	12.01985	45.33557
	12.02092	45.33491
	12.02125	45.33705
	12.02029	45.33789
	12.01968	45.33834
	12.01869	45.33963
	12.01863	45.33962
	12.01808	45.3396
	12.01684	45.33897
	12.01649	45.33878
	12.01592	45.3394
	12.01427	45.34108
	12.01362	45.34161
	12.01306	45.34197
	12.01229	45.34242
	12.01415	45.34354
	12.01491	45.34284
	12.01555	45.34328
	12.01497	45.3438
	12.01543	45.34409
	12.01535	45.34415
	12.01522	45.34432
	12.01499	45.34453
	12.01461	45.34482
	12.01422	45.34763
	12.01702	45.34801
	12.01749	45.34765
	12.0178	45.34738
	12.01949	45.34764
	12.01958	45.34707
	12.02123	45.34672
	12.02134	45.34692
	12.02236	45.34853
	12.02252	45.34911
	12.02278	45.34975
	12.02297	45.35006
	12.02286	45.35016
	12.02272	45.35022
	12.02271	45.35025
	12.02284	45.35041
	12.02288	45.35044
	12.02342	45.35041
	12.02372	45.35041
	12.02439	45.35052
	12.02456	45.35058
	12.02499	45.35089
	12.02504	45.35088
	12.02532	45.35088
	12.02561	45.3509
	12.02595	45.35097
	12.02617	45.35105
	12.02649	45.35119
	12.0268	45.3514
	12.02693	45.35151
	12.02705	45.35151
	12.02717	45.3517
	12.0273	45.35171
	12.02841	45.3514
	12.02867	45.35194
	12.02884	45.3519
	12.02906	45.35187
	12.03128	45.35362
	12.03001	45.35525
	12.03055	45.35605
	12.03068	45.35619
	12.03098	45.35642
	12.03136	45.3566
	12.03191	45.35677
	12.03395	45.3571
	12.03438	45.35718
	12.03321	45.35807
	12.03342	45.35852
	12.03278	45.359
	12.03372	45.35995
	12.03172	45.3604
	12.0313	45.36061
	12.02939	45.36111
	12.03151	45.36436
	12.02883	45.36499
	12.02868	45.36432
	12.02733	45.36215
	12.0267	45.36071
	12.02355	45.36131
	12.02373	45.3616
	12.02252	45.36205
	12.02302	45.36258
	12.02417	45.36214
	12.02474	45.36298
	12.02497	45.36321
	12.02548	45.36405
	12.02609	45.36478
	12.0264	45.36554
	12.02649	45.36636
	12.02678	45.36762
	12.02594	45.36778
	12.02518	45.36776
	12.02487	45.3679
	12.02407	45.36844
	12.02377	45.36874
	12.02355	45.36882
	12.02327	45.36878
	12.02258	45.36831
	12.02215	45.3682
	12.02111	45.36826
	12.02035	45.36824
	12.01999	45.36832
	12.01973	45.36862
	12.01907	45.3693
	12.01885	45.36938
	12.01823	45.36955
	12.01773	45.36979
	12.01696	45.37006
	12.01619	45.37021
	12.01559	45.37041
	12.01507	45.37054
	12.01488	45.37069
	12.01435	45.37087
	12.01403	45.37084
	12.01443	45.36947
	12.01204	45.36878
	12.01197	45.36857
	12.01116	45.36886
	12.01077	45.36904
	12.01051	45.36919
	12.00943	45.36995
	12.00906	45.37028
	12.00875	45.37066
	12.0086	45.37078
	12.00824	45.37101
	12.00796	45.37121
	12.00757	45.37157
	12.00747	45.37168
	12.00732	45.37193
	12.00675	45.37215
	12.00623	45.37252
	12.00613	45.37261
	12.00577	45.37299
	12.00552	45.37334
	12.00544	45.37347
	12.0053	45.37376
	12.00525	45.37395
	12.00238	45.37449
	12.00147	45.37472
	12.00077	45.37495
	12.00047	45.37498
	12.00021	45.37502
	11.99975	45.37513
	11.99912	45.37532
	11.99837	45.37557
	11.99779	45.37578
	11.99724	45.376
	11.9965	45.37771
	11.99636	45.37781
	11.99628	45.37793
	11.99613	45.37849
	11.99503	45.3792
	11.99459	45.37947
	11.99315	45.38024
	11.99297	45.38036
	11.99258	45.38058
	11.99218	45.38079
	11.99195	45.38088
	11.99195	45.381
	11.992	45.38114
	11.99206	45.3812
	11.99233	45.38128
	11.99252	45.3814
	11.99276	45.38183
	11.99336	45.38255
	11.99353	45.38292
	11.99365	45.38308
	11.99458	45.38476
	11.99493	45.38497
	11.99518	45.38515
	11.99563	45.38553
	11.99589	45.3858
	11.99613	45.38623
	11.9964	45.38676
	11.99664	45.38714
	11.99714	45.38758
	11.99746	45.38783
	11.99775	45.38824
	11.99751	45.3883
	11.99696	45.38841
	11.99674	45.38848
	11.99657	45.38865
	11.99646	45.38873
	11.99623	45.38876
	11.99585	45.38878
	11.99512	45.3888
	11.99463	45.38899
	11.99453	45.38914
	11.99354	45.38868
	11.99344	45.38814
	11.9932	45.38825
	11.99294	45.38839
	11.99151	45.38878
	11.9917	45.38927
	11.99201	45.38984
	11.99236	45.39056
	11.99249	45.39122
	11.99188	45.39133
	11.99042	45.39147
	11.9902	45.39158
	11.98993	45.39188
	11.98994	45.39198
	11.99009	45.3922
	11.99053	45.39266
	11.99097	45.39303
	11.99168	45.39356
	11.98887	45.39543
	11.98852	45.39565
	11.98796	45.3958
	11.98681	45.39592
	11.98586	45.39595
	11.98179	45.39595
	11.97861	45.39589
	11.97728	45.39613
	11.97531	45.3964
	11.97517	45.39648
	11.97646	45.4011
	11.97552	45.40134
	11.97643	45.40357
	11.97985	45.40779
	11.97992	45.40784
	11.9927	45.40809
	12.00296	45.40814
	12.0027	45.4085
	12.0025	45.40896
	12.0025	45.40908
	12.00323	45.4099
	12.00343	45.41015
	12.00377	45.41039
	12.00432	45.41058
	12.00415	45.41078
	12.0037	45.41196
	12.00335	45.4127
	12.003	45.41297
	12.00234	45.41326
	12.00183	45.41345
	11.99911	45.41404
	11.99902	45.41393
	11.99726	45.41456
	11.9961	45.41495
	11.99578	45.41504
	11.99582	45.41504
	11.99633	45.41568
	11.99576	45.41865
	11.99554	45.41878
	11.99557	45.41886
	11.99563	45.41929
	11.9958	45.42007
	11.99566	45.42029
	11.99603	45.42145
	11.99617	45.42167
	11.99571	45.42191
	11.99588	45.42245
	11.99614	45.42264
	11.99629	45.42283
	11.99583	45.42309
	11.99528	45.42326
	11.9958	45.42382
	11.9962	45.42406
	11.99671	45.42469
	11.99693	45.42464
	11.99728	45.42452
	11.9981	45.42417
	11.99873	45.42394
	11.99887	45.42392
	11.99922	45.42395
	12.0004	45.42399
	12.00072	45.42406
	12.00338	45.42486
	12.00399	45.42511
	12.00471	45.42511
	12.00587	45.42519
	12.00653	45.42511
	12.00709	45.42509
	12.00745	45.42491
	12.00797	45.42482
	12.00836	45.42491
	12.00951	45.42483
	12.01061	45.42473
	12.01227	45.4245
	12.01295	45.42421
	12.01344	45.42412
	12.01465	45.42395
	12.01547	45.42376
	12.01598	45.42355
	12.01676	45.42359
	12.01858	45.42381
	12.0189	45.42373
	12.0192	45.42359
	12.01943	45.42361
	12.01877	45.4253
	12.01905	45.42746
	12.01952	45.42921
	12.02059	45.43342
	12.0222	45.4376
	12.02245	45.43766
	12.02253	45.43776
	12.02277	45.43764
	12.02295	45.43762
	12.02335	45.43849
	12.02324	45.4388
	12.02336	45.43898
	12.02326	45.43915
	12.024	45.44061
	12.02358	45.44079
	12.02292	45.44119
	12.02255	45.4415
	12.02313	45.4417
	12.02402	45.44362
	12.02581	45.44317
	12.02633	45.44424
	12.0263	45.44457
	12.0271	45.44684
	12.02638	45.44708
	12.02723	45.44898
	12.02613	45.44858
	12.02538	45.44868
	12.0244	45.44926
	12.02405	45.44911
	12.02367	45.44924
	12.02335	45.44925
	12.02301	45.44951
	12.02215	45.44949
	12.02192	45.44971
	12.02156	45.44979
	12.02139	45.45005
	12.0208	45.45022
	12.02014	45.45078
	12.02013	45.45081
	12.02019	45.45089
	12.02015	45.45093
	12.01945	45.45111
	12.01941	45.45114
	12.01943	45.45123
	12.01939	45.45127
	12.01929	45.4513
	12.01891	45.45137
	12.01714	45.45157
	12.01676	45.45032
	12.01643	45.44993
	12.01635	45.44961
	12.01616	45.44945
	12.01609	45.44929
	12.0159	45.44868
	12.01476	45.4487
	12.01321	45.44883
	12.01259	45.44835
	12.01244	45.44814
	12.01227	45.44749
	12.01211	45.44752
	12.01207	45.44754
	12.01152	45.44767
	12.01139	45.44769
	12.01128	45.44769
	12.01112	45.44767
	12.01104	45.44765
	12.01085	45.44755
	12.01047	45.44718
	12.01027	45.44702
	12.00985	45.44713
	12.00883	45.44695
	12.00828	45.44709
	12.00765	45.44715
	12.00728	45.44733
	12.00671	45.44743
	12.00632	45.44765
	12.00562	45.44764
	12.00496	45.4474
	12.00304	45.44776
	12.00298	45.44778
	12.00264	45.44815
	12.00255	45.44842
	12.00213	45.44911
	12.00207	45.44926
	12.00207	45.44932
	12.00205	45.44935
	12.00198	45.44939
	11.99883	45.44993
	11.99852	45.44999
	11.99792	45.45018
	11.99573	45.45059
	11.99725	45.45502
	11.99669	45.45538
	11.99585	45.4555
	11.99559	45.45576
	11.99508	45.45588
	11.99465	45.45585
	11.99443	45.45574
	11.99302	45.4556
	11.99291	45.45546
	11.99216	45.45337
	11.9907	45.45285
	11.98994	45.45155
	11.98508	45.45248
	11.98384	45.45266
	11.98355	45.45266
	11.98324	45.45271
	11.98155	45.45303
	11.98172	45.45321
	11.98095	45.45342
	11.98075	45.45357
	11.97983	45.45411
	11.97981	45.45455
	11.97921	45.45549
	11.97892	45.45571
	11.97891	45.45601
	11.97846	45.45634
	11.97918	45.45838
	11.97894	45.45856
	11.97903	45.45941
	11.97931	45.45941
	11.97954	45.46059
	11.97824	45.4606
	11.97685	45.46107
	11.97669	45.4611
	11.97853	45.46185
	11.97873	45.46233
	11.97909	45.46312
	11.97945	45.46406
	11.98014	45.46606
	11.98082	45.4679
	11.98055	45.468
	11.98068	45.46851
	11.98098	45.4684
	11.98323	45.47439
	11.98305	45.4748
	11.99017	45.47346
	11.99151	45.47666
	11.99253	45.47947
	11.99401	45.48374
	11.99485	45.48561
	11.99603	45.48948
	11.997	45.49185
	11.99954	45.49817
	12.00146	45.50329
	12.00303	45.50772
	12.00401	45.51025
	12.00396	45.51028
	12.00379	45.51033
	12.0035	45.51038
	12.00191	45.51075
	12.00057	45.51098
	12.00043	45.51099
	12.00031	45.51099
	12.00011	45.51097
	12.00002	45.51098
	11.99992	45.51101
	11.99916	45.51136
	11.99894	45.51148
	11.99886	45.51151
	11.99867	45.51153
	11.99852	45.5115
	11.9983	45.51143
	11.9982	45.51141
	11.99811	45.51141
	11.99681	45.51164
	11.99594	45.51173
	11.99523	45.51186
	11.99751	45.51805
	12.00198	45.51733
	12.00335	45.52087
	12.00558	45.52674
	12.00601	45.52668
	12.00768	45.53155
	12.00789	45.53192
	12.008	45.532
	12.00817	45.53197
	12.00829	45.53186
	12.00845	45.53178
	12.00863	45.53177
	12.00876	45.53182
	12.00894	45.53192
	12.00906	45.53194
	12.00914	45.53191
	12.00931	45.53179
	12.00954	45.53176
	12.00965	45.53173
	12.00973	45.53159
	12.01008	45.53157
	12.01022	45.53169
	12.01028	45.53178
	12.01048	45.53176
	12.01064	45.53171
	12.01095	45.53153
	12.01124	45.5315
	12.01133	45.53154
	12.01155	45.53148
	12.01194	45.53129
	12.01223	45.5313
	12.01249	45.53126
	12.01261	45.53114
	12.0127	45.53099
	12.01281	45.53096
	12.01291	45.53098
	12.0131	45.5311
	12.01336	45.53102
	12.01342	45.53089
	12.01344	45.5308
	12.01352	45.5307
	12.01363	45.53069
	12.01407	45.53058
	12.01433	45.5305
	12.01434	45.53044
	12.01433	45.53024
	12.01438	45.53021
	12.01447	45.53019
	12.01452	45.53024
	12.01462	45.5305
	12.01466	45.53055
	12.01477	45.53056
	12.01484	45.53053
	12.01496	45.53036
	12.0151	45.53012
	12.0157	45.53
	12.01552	45.5297
	12.01573	45.52961
	12.01627	45.52949
	12.01602	45.52897
	12.01606	45.52887
	12.01664	45.52871
	12.01664	45.52839
	12.01672	45.52828
	12.0173	45.52827
	12.01737	45.5287
	12.01764	45.52883
	12.01841	45.52868
	12.01992	45.52829
	12.01915	45.52626
	12.01913	45.52591
	12.01934	45.52588
	12.01954	45.5259
	12.01974	45.52597
	12.0199	45.52601
	12.02016	45.52599
	12.02037	45.52584
	12.02029	45.52573
	12.02028	45.52563
	12.02056	45.52546
	12.02072	45.52541
	12.021	45.52551
	12.02109	45.52553
	12.0212	45.5255
	12.02122	45.52537
	12.02127	45.52524
	12.02139	45.52506
	12.02151	45.52505
	12.02161	45.5251
	12.02164	45.5252
	12.02168	45.52522
	12.02177	45.52522
	12.02201	45.52511
	12.02265	45.52488
	12.02283	45.52488
	12.02295	45.52484
	12.02317	45.52469
	12.02323	45.52458
	12.02323	45.52445
	12.02348	45.52445
	12.02368	45.52433
	12.02384	45.52432
	12.02401	45.5246
	12.02401	45.52483
	12.02407	45.52491
	12.02448	45.52488
	12.02451	45.5248
	12.0245	45.52456
	12.02445	45.52426
	12.02442	45.52419
	12.02451	45.5241
	12.02449	45.52388
	12.02432	45.52345
	12.02439	45.5234
	12.02501	45.52321
	12.02523	45.52319
	12.02549	45.52319
	12.02494	45.52166
	12.02466	45.52072
	12.02439	45.5199
	12.02493	45.51985
	12.02611	45.51956
	12.02623	45.51974
	12.02634	45.52026
	12.02725	45.5227
	12.02784	45.52439
	12.02828	45.52548
	12.02867	45.52655
	12.02992	45.52984
	12.03028	45.53084
	12.0309	45.53243
	12.03129	45.53338
	12.03157	45.53378
	12.03194	45.53399
	12.03192	45.53415
	12.03179	45.53426
	12.03158	45.5344
	12.032	45.53461
	12.03153	45.53515
	12.0315	45.53525
	12.03156	45.53705
	12.03166	45.53804
	12.03232	45.54628
	12.03241	45.54711
	12.03292	45.55379
	12.03295	45.55481
	12.03318	45.55669
	12.0335	45.55954
	12.0338	45.56278
	12.03384	45.5629
	12.03401	45.56288
	12.03401	45.5638
	12.03415	45.56385
	12.03422	45.56424
	12.03426	45.56428
	12.0343	45.56429
	12.03436	45.56427
	12.03508	45.56392
	12.03542	45.5637
	12.03622	45.56365
	12.03632	45.56489
	12.03543	45.56498
	12.03441	45.56505
	12.03466	45.56907
	12.03469	45.56977
	12.03592	45.56972
	12.03598	45.57085
	12.04071	45.57062
	12.0462	45.57048
	12.04867	45.57035
	12.04884	45.57279
	12.05691	45.57241
	12.05722	45.57242
	12.05873	45.57234
	12.05917	45.57233
	12.06038	45.57225
	12.06082	45.57224
	12.06121	45.57225
	12.06142	45.57221
	12.06161	45.57219
	12.06176	45.57218
	12.06197	45.57219
	12.06189	45.57242
	12.06157	45.57258
	12.0615	45.57266
	12.06145	45.57299
	12.06127	45.57316
	12.06131	45.5733
	12.06152	45.5734
	12.06159	45.57355
	12.06177	45.57367
	12.06174	45.57379
	12.06132	45.57418
	12.06158	45.57423
	12.0617	45.57424
	12.06193	45.57429
	12.06203	45.57428
	12.06216	45.57422
	12.06232	45.57412
	12.06245	45.57409
	12.0626	45.5741
	12.0629	45.57417
	12.06295	45.57421
	12.06293	45.57427
	12.06287	45.57434
	12.06288	45.57438
	12.06293	45.57439
	12.06303	45.57436
	12.06315	45.57436
	12.06317	45.57438
	12.06316	45.57445
	12.06303	45.57457
	12.0628	45.57473
	12.06263	45.57479
	12.06259	45.57478
	12.06248	45.57465
	12.06239	45.57458
	12.0622	45.57455
	12.06204	45.57459
	12.06191	45.57466
	12.06189	45.57471
	12.06192	45.57476
	12.06195	45.57478
	12.06224	45.57487
	12.06234	45.57497
	12.06234	45.57503
	12.06226	45.57508
	12.0622	45.57509
	12.06194	45.57507
	12.06176	45.57508
	12.06172	45.57511
	12.06167	45.57533
	12.06197	45.5756
	12.06213	45.57583
	12.06222	45.57604
	12.06209	45.57619
	12.06211	45.57628
	12.06232	45.57652
	12.06229	45.57659
	12.06217	45.57672
	12.06205	45.57691
	12.06223	45.57703
	12.06238	45.57703
	12.0625	45.57707
	12.06264	45.5772
	12.06268	45.57731
	12.06264	45.57745
	12.06267	45.57753
	12.0647	45.57739
	12.06508	45.57755
	12.06937	45.57737
	12.07205	45.57723
	12.07208	45.57687
	12.07308	45.57672
	12.07316	45.57798
	12.07237	45.57798
	12.07238	45.57859
	12.07232	45.57861
	12.0725	45.58126
	12.07353	45.5813
	12.07396	45.58122
	12.07546	45.58088
	12.0757	45.58076
	12.07596	45.58114
	12.07642	45.58245
	12.0768	45.58226
	12.07664	45.58122
	12.07727	45.58096
	12.07737	45.58088
	12.07754	45.58082
	12.08315	45.58057
	12.08327	45.58166
	12.08341	45.58172
	12.08347	45.58189
	12.08373	45.58315
	12.08378	45.5843
	12.08393	45.58483
	12.08398	45.58608
	12.08414	45.58618
	12.08425	45.5871
	12.08484	45.58715
	12.08511	45.58716
	12.08539	45.58715
	12.08564	45.58703
	12.08614	45.58634
	12.08635	45.58631
	12.087	45.58608
	12.08715	45.58606
	12.08772	45.58619
	12.08798	45.58616
	12.08825	45.58611
	12.08828	45.58692
	12.08871	45.58682
	12.08876	45.58776
	12.08879	45.58889
	12.08867	45.58925
	12.08874	45.59269
	12.08951	45.59229
	12.08982	45.59219
	12.0902	45.59217
	12.09096	45.59229
	12.09214	45.59271
	12.09214	45.59286
	12.09227	45.59303
	12.0924	45.59344
	12.09246	45.59404
	12.09276	45.59809
	12.09271	45.59836
	12.09284	45.59904
	12.09283	45.59912
	12.093	45.60063
	12.09314	45.60048
	12.09344	45.60047
	12.09389	45.6004
	12.09429	45.60028
	12.09479	45.6002
	12.09544	45.60019
	12.09594	45.60021
	12.09625	45.60024
	12.0981	45.60221
	12.09812	45.60365
	12.09803	45.6039
	12.09841	45.6039
	12.09973	45.60385
	12.10097	45.60383
	12.10287	45.60375
	12.10404	45.60364
	12.10458	45.60362
	12.10535	45.60356
	12.10746	45.60346
	12.10843	45.6034
	12.10966	45.60335
	12.10981	45.60468
	12.10986	45.605
	12.10991	45.60518
	12.10998	45.60527
	12.10984	45.60534
	12.10975	45.60542
	12.10969	45.60552
	12.10967	45.60566
	12.10959	45.60585
	12.1095	45.60596
	12.10934	45.60605
	12.10906	45.60617
	12.10895	45.60632
	12.10886	45.60635
	12.10862	45.60646
	12.10851	45.60648
	12.10833	45.60657
	12.10821	45.60665
	12.10813	45.60682
	12.1082	45.60692
	12.10816	45.60708
	12.10815	45.60736
	12.10808	45.60808
	12.10808	45.60826
	12.10843	45.60825
	12.10846	45.6087
	12.10854	45.61024
	12.10842	45.61025
	12.10848	45.61132
	12.1085	45.61271
	12.10856	45.61442
	12.10903	45.61442
	12.11197	45.61434
	12.11273	45.61427
	12.11263	45.61392
	12.11259	45.61366
	12.11262	45.61331
	12.11262	45.61271
	12.11342	45.61259
	12.11481	45.61234
	12.11499	45.6123
	12.11515	45.61223
	12.11541	45.61221
	12.11568	45.61217
	12.116	45.61197
	12.11654	45.61167
	12.11664	45.6116
	12.11707	45.61115
	12.11712	45.61112
	12.11742	45.611
	12.1179	45.61084
	12.11815	45.61093
	12.11859	45.61071
	12.11852	45.61049
	12.11873	45.61038
	12.11883	45.61031
	12.11897	45.61019
	12.11907	45.61003
	12.11909	45.61002
	12.11959	45.61001
	12.11963	45.60991
	12.11983	45.6099
	12.11993	45.60998
	12.12002	45.61002
	12.12008	45.60999
	12.12015	45.60989
	12.12018	45.60977
	12.12037	45.60971
	12.12062	45.60975
	12.12077	45.60972
	12.12088	45.60958
	12.12103	45.60953
	12.12132	45.60958
	12.12149	45.60966
	12.12162	45.60964
	12.12151	45.60838
	12.12149	45.6079
	12.12151	45.60768
	12.1217	45.60759
	12.1217	45.60748
	12.12316	45.60738
	12.12468	45.6073
	12.1244	45.60506
	12.12421	45.60506
	12.12407	45.60503
	12.12399	45.60415
	12.12396	45.60275
	12.12337	45.60268
	12.12314	45.6008
	12.12307	45.60038
	12.12345	45.60032
	12.12359	45.60039
	12.12381	45.60038
	12.12373	45.59972
	12.12435	45.59962
	12.12434	45.59916
	12.12454	45.59915
	12.12474	45.59911
	12.12481	45.59801
	12.12642	45.59796
	12.12799	45.59789
	12.12794	45.59718
	12.12779	45.59577
	12.12776	45.59529
	12.12953	45.59514
	12.12966	45.59603
	12.13081	45.59597
	12.1331	45.5959
	12.13481	45.59582
	12.13475	45.59433
	12.13521	45.59435
	12.13595	45.59433
	12.13668	45.59428
	12.13716	45.59427
	12.13723	45.59585
	12.13766	45.59583
	12.13895	45.59574
	12.13996	45.59573
	12.14077	45.59568
	12.14062	45.59421
	12.14168	45.59415
	12.14255	45.59407
	12.1427	45.59535
	12.14323	45.59531
	12.14338	45.59526
	12.14374	45.5952
	12.14463	45.59511
	12.14456	45.59418
	12.14447	45.59386
	12.14436	45.59321
	12.14415	45.59224
	12.1441	45.59197
	12.14403	45.59134
	12.14423	45.59128
	12.1446	45.59106
	12.14492	45.59093
	12.14504	45.59085
	12.14517	45.59084
	12.14583	45.59084
	12.14605	45.59083
	12.14635	45.59079
	12.14639	45.59073
	12.14637	45.58966
	12.14611	45.5895
	12.14592	45.58934
	12.1458	45.58921
	12.14574	45.58912
	12.14568	45.58894
	12.1456	45.58835
	12.14557	45.588
	12.14552	45.58773
	12.14526	45.58772
	12.14337	45.58779
	12.14264	45.5878
	12.14253	45.58776
	12.14246	45.5877
	12.14245	45.58756
	12.14235	45.58741
	12.14238	45.58687
	12.14237	45.58677
	12.14283	45.58664
	12.14298	45.58658
	12.14323	45.58642
	12.14331	45.58636
	12.14335	45.58616
	12.14334	45.58599
	12.14337	45.58588
	12.14344	45.58579
	12.14353	45.58573
	12.1438	45.58574
	12.14398	45.58576
	12.14405	45.58575
	12.14418	45.58567
	12.1443	45.58557
	12.14439	45.58547
	12.14447	45.58535
	12.14458	45.58531
	12.1447	45.58529
	12.14478	45.58526
	12.1448	45.58505
	12.14478	45.585
	12.1448	45.58496
	12.14518	45.58483
	12.14533	45.58467
	12.14538	45.58459
	12.14539	45.58452
	12.14529	45.58443
	12.14517	45.58437
	12.14509	45.5843
	12.14505	45.58422
	12.14513	45.58403
	12.14516	45.58392
	12.14521	45.58383
	12.14527	45.58361
	12.1452	45.58354
	12.1463	45.58355
	12.14638	45.58356
	12.14653	45.58372
	12.1472	45.58377
	12.1478	45.58379
	12.14781	45.58421
	12.14779	45.58478
	12.14782	45.58494
	12.14878	45.5849
	12.14971	45.58489
	12.15005	45.58486
	12.1502	45.58707
	12.15069	45.58704
	12.15143	45.58702
	12.15148	45.58746
	12.15228	45.58732
	12.15233	45.58729
	12.15238	45.58721
	12.15241	45.58703
	12.15244	45.58699
	12.15253	45.58696
	12.15286	45.58694
	12.15296	45.58692
	12.15303	45.58686
	12.15314	45.58682
	12.15326	45.5868
	12.15329	45.58671
	12.15329	45.58652
	12.1532	45.58646
	12.15312	45.58637
	12.1531	45.58633
	12.15313	45.5863
	12.15322	45.58629
	12.15368	45.58644
	12.15374	45.58644
	12.15389	45.58635
	12.15395	45.5863
	12.15418	45.58632
	12.15423	45.58629
	12.15424	45.5862
	12.1542	45.58611
	12.1541	45.58598
	12.15411	45.58591
	12.15415	45.58588
	12.15432	45.58588
	12.15461	45.58591
	12.15483	45.5859
	12.15484	45.58586
	12.15474	45.58563
	12.15473	45.58542
	12.15477	45.58537
	12.15488	45.58533
	12.15519	45.58529
	12.15535	45.58518
	12.15544	45.58515
	12.1556	45.58522
	12.15565	45.58527
	12.15575	45.58526
	12.15584	45.58522
	12.15593	45.58509
	12.15597	45.58498
	12.15586	45.58472
	12.15597	45.58465
	12.15615	45.58457
	12.15634	45.58453
	12.15677	45.58457
	12.15733	45.58453
	12.15753	45.58448
	12.15782	45.58448
	12.15786	45.5845
	12.15797	45.58444
	12.15814	45.58444
	12.15836	45.58448
	12.15902	45.58446
	12.15953	45.58446
	12.15984	45.58442
	12.16004	45.58441
	12.16066	45.58441
	12.16124	45.58437
	12.16132	45.58434
	12.16128	45.58347
	12.16123	45.58289
	12.16124	45.58264
	12.16132	45.58259
	12.1615	45.58257
	12.16209	45.58256
	12.16192	45.58129
	12.16188	45.58082
	12.16188	45.58049
	12.16186	45.58017
	12.16187	45.57991
	12.16192	45.57922
	12.16196	45.57894
	12.16189	45.57791
	12.16185	45.57754
	12.16185	45.57742
	12.16191	45.57694
	12.16183	45.57459
	12.16204	45.57458
	12.16212	45.57455
	12.16213	45.57439
	12.16215	45.57435
	12.16224	45.57433
	12.16232	45.57435
	12.16253	45.57447
	12.16262	45.57449
	12.16293	45.57448
	12.16332	45.57431
	12.16343	45.57429
	12.16374	45.57438
	12.16385	45.57438
	12.16405	45.5743
	12.16407	45.5742
	12.1642	45.57404
	12.16431	45.57402
	12.16458	45.57408
	12.16594	45.57398
	12.16634	45.57398
	12.16687	45.574
	12.16688	45.57411
	12.16687	45.5742
	12.16662	45.57519
	12.16687	45.5752
	12.16674	45.57599
	12.16668	45.57627
	12.16628	45.57629
	12.16605	45.57645
	12.16608	45.57764
	12.16672	45.57752
	12.16711	45.57747
	12.16739	45.57742
	12.1676	45.57733
	12.1677	45.57713
	12.16801	45.57709
	12.16852	45.57707
	12.16899	45.57707
	12.16918	45.57703
	12.16946	45.57693
	12.16968	45.57687
	12.17045	45.57677
	12.17084	45.57674
	12.17144	45.57672
	12.17191	45.57669
	12.17378	45.57663
	12.17616	45.57651
	12.17677	45.57649
	12.1767	45.57779
	12.1768	45.57785
	12.17688	45.57794
	12.17736	45.57929
	12.17767	45.57931
	12.17782	45.57934
	12.17865	45.57972
	12.17874	45.57979
	12.17939	45.58067
	12.17943	45.58078
	12.17956	45.58137
	12.17964	45.5828
	12.17982	45.5828
	12.17976	45.58222
	12.17976	45.58188
	12.17973	45.58168
	12.17962	45.58119
	12.18146	45.58112
	12.18172	45.58109
	12.18196	45.58103
	12.1821	45.58101
	12.1837	45.58093
	12.18379	45.58166
	12.18377	45.58173
	12.18393	45.58351
	12.18391	45.58359
	12.18399	45.5845
	12.1849	45.58457
	12.185	45.58467
	12.18499	45.58489
	12.18496	45.58498
	12.18539	45.58526
	12.18548	45.58529
	12.1856	45.58531
	12.18578	45.5853
	12.18616	45.58525
	12.18632	45.58525
	12.18653	45.58527
	12.18671	45.58531
	12.18694	45.58534
	12.18708	45.58533
	12.18721	45.5853
	12.18738	45.58519
	12.1875	45.58508
	12.18785	45.58489
	12.188	45.58479
	12.18835	45.58449
	12.18861	45.5843
	12.18902	45.58407
	12.1893	45.58395
	12.18957	45.58389
	12.19019	45.5838
	12.19055	45.58377
	12.19072	45.58387
	12.1909	45.584
	12.191	45.58404
	12.19115	45.58406
	12.19133	45.584
	12.19175	45.58373
	12.1922	45.58351
	12.19171	45.58301
	12.19137	45.58282
	12.1913	45.58275
	12.19127	45.58265
	12.19125	45.58211
	12.19146	45.5821
	12.19166	45.58206
	12.19183	45.58201
	12.19202	45.58191
	12.19205	45.58184
	12.19202	45.58177
	12.19183	45.58157
	12.19137	45.58123
	12.19126	45.58111
	12.19108	45.58095
	12.19097	45.58082
	12.19081	45.58074
	12.19063	45.58067
	12.19038	45.58067
	12.19045	45.58044
	12.19065	45.57944
	12.19074	45.57919
	12.19117	45.5789
	12.19137	45.57873
	12.19156	45.57854
	12.1917	45.57831
	12.19186	45.57778
	12.19196	45.57762
	12.19206	45.57756
	12.19273	45.57755
	12.19428	45.57749
	12.19409	45.5756
	12.19409	45.57528
	12.19413	45.57491
	12.19415	45.57453
	12.19424	45.57437
	12.19439	45.57418
	12.19445	45.57404
	12.19451	45.57383
	12.19457	45.5734
	12.19462	45.57318
	12.19598	45.57308
	12.1969	45.57303
	12.19716	45.57276
	12.19741	45.57261
	12.198	45.57256
	12.19829	45.57251
	12.19925	45.57245
	12.19959	45.57244
	12.20003	45.57238
	12.20056	45.57225
	12.20087	45.57219
	12.20152	45.57214
	12.20152	45.57203
	12.20193	45.572
	12.20229	45.57196
	12.20257	45.57199
	12.20375	45.57204
	12.20493	45.57204
	12.20586	45.572
	12.20732	45.57182
	12.20772	45.57176
	12.20981	45.57153
	12.21028	45.57146
	12.21033	45.5714
	12.21032	45.57126
	12.20974	45.56856
	12.2097	45.56829
	12.20957	45.56775
	12.20947	45.5672
	12.20928	45.56636
	12.20917	45.56579
	12.20953	45.56576
	12.20988	45.56571
	12.21072	45.5657
	12.21146	45.56566
	12.21184	45.56561
	12.21195	45.56556
	12.21203	45.56549
	12.21203	45.56483
	12.212	45.56442
	12.21201	45.56355
	12.21197	45.56269
	12.21193	45.56219
	12.21062	45.56226
	12.20954	45.56234
	12.2084	45.56246
	12.20834	45.56187
	12.20829	45.56109
	12.20843	45.56098
	12.20865	45.56088
	12.20925	45.5607
	12.20937	45.56065
	12.2095	45.56054
	12.20969	45.56044
	12.21	45.56032
	12.20947	45.55997
	12.20932	45.55992
	12.20906	45.55989
	12.20898	45.55984
	12.20904	45.55917
	12.20898	45.55807
	12.20891	45.5577
	12.20884	45.55677
	12.20884	45.55648
	12.2089	45.55625
	12.20843	45.55402
	12.20831	45.55334
	12.20807	45.55229
	12.20788	45.55128
	12.20781	45.55099
	12.20769	45.55075
	12.2076	45.55071
	12.20733	45.55069
	12.2064	45.5507
	12.20634	45.54983
	12.20436	45.54976
	12.20435	45.54911
	12.20432	45.54864
	12.20414	45.54827
	12.20416	45.54815
	12.20433	45.54773
	12.20433	45.54703
	12.20465	45.54704
	12.20431	45.54327
	12.20384	45.54309
	12.20371	45.54244
	12.20446	45.5424
	12.20489	45.54268
	12.20521	45.54262
	12.20553	45.54223
	12.20585	45.54195
	12.20603	45.54175
	12.20596	45.54154
	12.20592	45.54135
	12.206	45.54123
	12.20637	45.54106
	12.20667	45.54082
	12.20697	45.54061
	12.20749	45.54056
	12.20766	45.5408
	12.20795	45.54115
	12.20825	45.5413
	12.20875	45.54136
	12.20909	45.54129
	12.20944	45.54112
	12.20965	45.54088
	12.20985	45.54071
	12.21023	45.54065
	12.21065	45.54073
	12.21096	45.54065
	12.21132	45.54032
	12.21158	45.53977
	12.21163	45.53932
	12.21197	45.53884
	12.21214	45.53875
	12.21239	45.53882
	12.21263	45.53885
	12.21283	45.53876
	12.213	45.5384
	12.21302	45.53795
	12.21328	45.53771
	12.21379	45.53774
	12.21482	45.53736
	12.21533	45.53727
	12.21639	45.53757
	12.21665	45.53775
	12.21685	45.53781
	12.21728	45.53785
	12.21761	45.53807
	12.21793	45.53807
	12.21847	45.53798
	12.21892	45.53789
	12.2192	45.53802
	12.21952	45.53811
	12.21999	45.53808
	12.22046	45.53813
	12.22166	45.53861
	12.22205	45.53867
	12.22243	45.53865
	12.2231	45.53882
	12.22345	45.53879
	12.22388	45.53866
	12.2254	45.5387
	12.2271	45.53882
	12.22763	45.53894
	12.22795	45.53912
	12.22819	45.53909
	12.22838	45.53881
	12.22849	45.5387
	12.22873	45.53858
	12.22908	45.53859
	12.22971	45.53886
	12.23047	45.53888
	12.23167	45.53878
	12.23244	45.53881
	12.23289	45.53863
	12.23351	45.53844
	12.23437	45.53838
	12.23486	45.53832
	12.2355	45.53813
	12.23583	45.53801
	12.23643	45.5379
	12.23712	45.53789
	12.238	45.53769
	12.23873	45.53729
	12.23941	45.53685
	12.24007	45.53537
	12.24057	45.53476
	12.24085	45.5346
	12.24145	45.53439
	12.24137	45.53409
	12.24156	45.53359
	12.24214	45.533
	12.24231	45.53269
	12.24232	45.53223
	12.24246	45.53204
	12.2427	45.53186
	12.24315	45.53171
	12.24353	45.53195
	12.24416	45.53215
	12.2445	45.53192
	12.24534	45.53103
	12.24576	45.53093
	12.24617	45.53076
	12.24643	45.5306
	12.24692	45.53061
	12.24812	45.53073
	12.24855	45.53097
	12.24958	45.53106
	12.25067	45.53106
	12.25134	45.53103
	12.2522	45.53128
	12.25322	45.5315
	12.25362	45.53174
	12.25422	45.53173
	12.2546	45.53188
	12.25518	45.53215
	12.25617	45.53284
	12.2581	45.53428
	12.25865	45.53449
	12.25928	45.53476
	12.2599	45.53477
	12.26025	45.53469
	12.26055	45.53448
	12.26056	45.53401
	12.26039	45.53359
	12.2603	45.53321
	12.26028	45.53289
	12.26128	45.53297
	12.26298	45.53308
	12.26316	45.53339
	12.26269	45.53362
	12.26252	45.53393
	12.26282	45.53428
	12.26312	45.53435
	12.26345	45.5343
	12.26393	45.53395
	12.26426	45.53362
	12.26445	45.53351
	12.26518	45.53347
	12.26528	45.53371
	12.2684	45.53342
	12.26874	45.53336
	12.27136	45.53246
	12.27169	45.53326
	12.27209	45.53412
	12.27239	45.5344
	12.27324	45.53575
	12.27361	45.53668
	12.27431	45.53654
	12.2743	45.5365
	12.2744	45.5364
	12.27453	45.53636
	12.27464	45.53634
	12.27472	45.53624
	12.27478	45.5362
	12.27484	45.53618
	12.27497	45.53753
	12.2755	45.53794
	12.276	45.53824
	12.27635	45.53842
	12.27676	45.53859
	12.27749	45.53882
	12.27781	45.53889
	12.27847	45.53898
	12.27873	45.539
	12.27916	45.539
	12.27921	45.54044
	12.27856	45.54044
	12.27866	45.54138
	12.27595	45.54154
	12.27617	45.54493
	12.27623	45.54607
	12.27707	45.54614
	12.27761	45.54607
	12.27806	45.54593
	12.27839	45.54577
	12.27863	45.5456
	12.27884	45.54542
	12.27911	45.54509
	12.27935	45.54491
	12.28004	45.54455
	12.28051	45.54446
	12.28064	45.54545
	12.28069	45.54616
	12.28072	45.54731
	12.28071	45.54815
	12.28072	45.54906
	12.28096	45.54907
	12.28098	45.55005
	12.28029	45.55018
	12.28035	45.55151
	12.2809	45.55157
	12.28094	45.5522
	12.28097	45.55237
	12.28085	45.55253
	12.28078	45.55278
	12.28081	45.55294
	12.28086	45.55301
	12.28092	45.55305
	12.28101	45.55307
	12.28145	45.553
	12.28155	45.55302
	12.28161	45.55307
	12.28162	45.55313
	12.28159	45.55318
	12.28152	45.55323
	12.2813	45.5533
	12.28117	45.55339
	12.28112	45.55345
	12.28108	45.55351
	12.28106	45.55359
	12.28106	45.55366
	12.2811	45.55373
	12.28119	45.55378
	12.28143	45.55385
	12.28191	45.55403
	12.28202	45.55405
	12.28218	45.55406
	12.28241	45.55406
	12.2825	45.55409
	12.28254	45.55416
	12.28254	45.55424
	12.28249	45.55433
	12.28232	45.55446
	12.28213	45.55455
	12.28185	45.55462
	12.28176	45.55463
	12.2816	45.5546
	12.28146	45.55455
	12.28134	45.55449
	12.28119	45.55447
	12.2811	45.55448
	12.28103	45.55452
	12.281	45.55456
	12.28099	45.55462
	12.28102	45.55476
	12.28108	45.55491
	12.28109	45.55497
	12.28108	45.55503
	12.28104	45.55509
	12.28098	45.55514
	12.28082	45.5552
	12.28061	45.55522
	12.28042	45.55521
	12.28032	45.55518
	12.28022	45.55517
	12.28006	45.55513
	12.27997	45.55505
	12.2798	45.55482
	12.27965	45.55477
	12.27958	45.55477
	12.27951	45.55479
	12.27945	45.55482
	12.27941	45.55486
	12.27938	45.55512
	12.27936	45.55517
	12.27933	45.55523
	12.27927	45.5553
	12.2792	45.55532
	12.27905	45.55531
	12.27892	45.55527
	12.27859	45.55509
	12.27847	45.55506
	12.27837	45.55506
	12.27829	45.5551
	12.27823	45.55515
	12.2782	45.55521
	12.2782	45.55533
	12.27816	45.55552
	12.27809	45.55559
	12.278	45.55563
	12.27792	45.55565
	12.27783	45.55564
	12.27768	45.55555
	12.27743	45.55526
	12.27734	45.55517
	12.27725	45.55511
	12.27703	45.55501
	12.2769	45.55502
	12.2768	45.55506
	12.27673	45.55513
	12.27671	45.55522
	12.27673	45.5553
	12.27689	45.55546
	12.27711	45.55561
	12.27715	45.5557
	12.27716	45.55579
	12.27712	45.55586
	12.27704	45.55593
	12.27692	45.55596
	12.27682	45.55596
	12.27672	45.55593
	12.27664	45.55588
	12.27649	45.55575
	12.27638	45.55573
	12.27626	45.55575
	12.27614	45.5558
	12.27606	45.55589
	12.27603	45.55597
	12.27602	45.55607
	12.27605	45.55617
	12.27621	45.55635
	12.27624	45.55645
	12.27621	45.55654
	12.27614	45.55661
	12.27602	45.55666
	12.2759	45.55669
	12.27577	45.55668
	12.27569	45.55662
	12.27554	45.55647
	12.27544	45.55641
	12.2753	45.55637
	12.27518	45.55636
	12.27505	45.55637
	12.27492	45.55643
	12.27459	45.55667
	12.27482	45.55893
	12.27518	45.55892
	12.27522	45.55894
	12.27527	45.55904
	12.27531	45.55923
	12.27507	45.55926
	12.27512	45.56077
	12.27509	45.56274
	12.27518	45.56279
	12.27526	45.56281
	12.27543	45.56282
	12.27556	45.56279
	12.27584	45.56267
	12.2763	45.56264
	12.27635	45.56262
	12.27644	45.56255
	12.27665	45.56227
	12.27674	45.56221
	12.27685	45.56219
	12.27697	45.56219
	12.27726	45.56224
	12.27772	45.56228
	12.27805	45.56227
	12.27828	45.56222
	12.27869	45.5622
	12.27943	45.56229
	12.27943	45.56267
	12.27935	45.56312
	12.27965	45.56319
	12.27971	45.56319
	12.27975	45.56322
	12.27977	45.56326
	12.27974	45.56346
	12.27975	45.56365
	12.27973	45.5655
	12.27975	45.56589
	12.27982	45.5666
	12.27982	45.5681
	12.28022	45.56805
	12.28156	45.56806
	12.28204	45.56808
	12.28225	45.5681
	12.28519	45.56846
	12.28553	45.56849
	12.28603	45.56856
	12.28695	45.56874
	12.2872	45.56881
	12.28759	45.5689
	12.28782	45.56893
	12.28793	45.56893
	12.28816	45.5689
	12.2891	45.56871
	12.28946	45.56867
	12.28974	45.56865
	12.29086	45.56864
	12.29152	45.56862
	12.29188	45.56858
	12.29276	45.56857
	12.29256	45.57297
	12.29301	45.57297
	12.29315	45.57662
	12.2959	45.57631
	12.29604	45.57628
	12.29625	45.57619
	12.29635	45.57611
	12.29641	45.57602
	12.29646	45.57593
	12.29648	45.57582
	12.29646	45.57368
	12.29647	45.5736
	12.29651	45.57351
	12.29656	45.57342
	12.29664	45.57333
	12.29686	45.57315
	12.297	45.57307
	12.2975	45.57282
	12.30042	45.57124
	12.3007	45.5711
	12.30109	45.57086
	12.30123	45.57076
	12.30149	45.57053
	12.30181	45.5731
	12.30224	45.57307
	12.3033	45.57304
	12.30341	45.573
	12.30377	45.57282
	12.30394	45.57325
	12.30397	45.57327
	12.30401	45.57327
	12.30795	45.57261
	12.30851	45.57253
	12.30838	45.57334
	12.30839	45.57338
	12.30843	45.57342
	12.3085	45.57343
	12.30999	45.57344
	12.31008	45.57158
	12.31029	45.57172
	12.31047	45.57178
	12.31074	45.57183
	12.31091	45.57183
	12.31167	45.57177
	12.31285	45.57164
	12.31314	45.57162
	12.31341	45.57163
	12.31368	45.57168
	12.31381	45.57169
	12.31391	45.57168
	12.31402	45.57166
	12.31458	45.57142
	12.31498	45.57132
	12.31558	45.57124
	12.31573	45.5712
	12.31627	45.57091
	12.31659	45.57083
	12.31698	45.5708
	12.31754	45.57085
	12.31774	45.57085
	12.31798	45.57083
	12.31814	45.5708
	12.31861	45.57078
	12.31881	45.57075
	12.31901	45.57071
	12.31923	45.57065
	12.31964	45.5705
	12.3198	45.57043
	12.31996	45.57034
	12.32008	45.57025
	12.32023	45.57019
	12.32037	45.57015
	12.32081	45.57014
	12.321	45.57012
	12.32119	45.57008
	12.3213	45.57
	12.32138	45.56988
	12.32143	45.56975
	12.32151	45.56962
	12.32195	45.56917
	12.32316	45.56801
	12.32333	45.56787
	12.32363	45.56772
	12.3238	45.56768
	12.32469	45.5676
	12.32487	45.56757
	12.32515	45.56749
	12.32525	45.56743
	12.32535	45.56735
	12.32566	45.56698
	12.32624	45.56637
	12.32664	45.56592
	12.32691	45.56565
	12.32711	45.56549
	12.32739	45.56536
	12.32788	45.56516
	12.32854	45.56491
	12.32931	45.56464
	12.3298	45.56443
	12.32992	45.56435
	12.33002	45.56426
	12.33012	45.56413
	12.3302	45.56406
	12.33029	45.56399
	12.33039	45.56395
	12.33053	45.5639
	12.33112	45.56376
	12.33283	45.5634
	12.33298	45.56336
	12.3331	45.56331
	12.33337	45.56317
	12.33378	45.56285
	12.33415	45.56247
	12.33443	45.56209
	12.33464	45.56188
	12.3349	45.56173
	12.33504	45.56167
	12.33521	45.56163
	12.3354	45.56161
	12.33573	45.5616
	12.33565	45.56184
	12.33554	45.5624
	12.33545	45.56272
	12.33546	45.5629
	12.33583	45.56336
	12.33594	45.56334
	12.33611	45.56334
	12.33655	45.56351
	12.33748	45.56395
	12.33784	45.56417
	12.33802	45.56432
	12.33802	45.56444
	12.33817	45.56475
	12.33851	45.56529
	12.33902	45.56622
	12.33945	45.56695
	12.34083	45.56944
	12.34113	45.57001
	12.34158	45.5708
	12.34285	45.57277
	12.34307	45.57314
	12.34338	45.57356
	12.34291	45.57356
	12.34237	45.57408
	12.3421	45.57441
	12.34191	45.57472
	12.34185	45.57483
	12.34166	45.57535
	12.34163	45.5755
	12.34163	45.57625
	12.34165	45.57638
	12.34183	45.5769
	12.3419	45.57706
	12.34226	45.57757
	12.34236	45.57767
	12.34275	45.57798
	12.3432	45.57823
	12.34343	45.57832
	12.34456	45.57871
	12.34485	45.57883
	12.34518	45.579
	12.34535	45.57872
	12.34663	45.57881
	12.34815	45.58114
	12.34868	45.58192
	12.34896	45.58237
	12.35092	45.58537
	12.35151	45.5862
	12.35218	45.58724
	12.35241	45.58745
	12.35264	45.58779
	12.35269	45.58807
	12.35304	45.58819
	12.35316	45.58825
	12.35401	45.58848
	12.35459	45.58877
	12.35512	45.58921
	12.35558	45.58976
	12.35576	45.59027
	12.35593	45.59051
	12.35614	45.59069
	12.35648	45.59077
	12.35694	45.59075
	12.35733	45.59064
	12.3577	45.59041
	12.35792	45.59022
	12.35819	45.58988
	12.35842	45.58947
	12.35841	45.58901
	12.35836	45.58864
	12.35847	45.58797
	12.35878	45.58711
	12.35907	45.58618
	12.35926	45.58568
	12.35965	45.58479
	12.35995	45.5843
	12.36038	45.58371
	12.36068	45.58348
	12.36242	45.58262
	12.36285	45.58251
	12.36321	45.58256
	12.3658	45.58334
	12.36706	45.58369
	12.36765	45.58389
	12.36819	45.58393
	12.36879	45.58381
	12.3694	45.5835
	12.37014	45.58293
	12.37088	45.58244
	12.37139	45.5823
	12.37199	45.58225
	12.37242	45.58214
	12.37275	45.582
	12.37342	45.58143
	12.37475	45.58068
	12.37559	45.58018
	12.37663	45.5796
	12.37736	45.57904
	12.37789	45.57858
	12.37819	45.57829
	12.37857	45.57801
	12.37897	45.57789
	12.37936	45.57789
	12.37997	45.5779
	12.38102	45.57805
	12.38157	45.57803
	12.38191	45.5778
	12.38203	45.57752
	12.38209	45.57703
	12.38207	45.57549
	12.38214	45.57492
	12.38226	45.5744
	12.38249	45.57416
	12.38286	45.57391
	12.38324	45.57349
	12.38338	45.5732
	12.38371	45.57271
	12.38447	45.57141
	12.38491	45.5708
	12.38627	45.56947
	12.3868	45.56904
	12.38715	45.56886
	12.38779	45.56872
	12.38867	45.56862
	12.38979	45.56867
	12.39076	45.56879
	12.39107	45.56886
	12.39165	45.56897
	12.39289	45.56936
	12.39535	45.5702
	12.39576	45.57029
	12.39604	45.57024
	12.39649	45.57003
	12.39771	45.56931
	12.3985	45.56868
	12.39906	45.56816
	12.39954	45.56781
	12.39993	45.56758
	12.40049	45.56737
	12.40101	45.56726
	12.40158	45.56705
	12.40248	45.5665
	12.40313	45.56605
	12.40334	45.56589
	12.40411	45.56527
	12.40478	45.56469
	12.4053	45.56428
	12.40551	45.56418
	12.40623	45.56405
	12.40841	45.56368
	12.40922	45.56359
	12.40976	45.56361
	12.41011	45.56367
	12.41048	45.5638
	12.41126	45.56439
	12.41162	45.56482
	12.4125	45.56601
	12.41301	45.56667
	12.41344	45.56709
	12.41386	45.56739
	12.41451	45.56775
	12.41504	45.56787
	12.41541	45.56786
	12.41572	45.56779
	12.41641	45.56748
	12.41687	45.56741
	12.41778	45.56724
	12.41809	45.56713
	12.41822	45.56691
	12.41811	45.5651
	12.41814	45.56471
	12.4182	45.56429
	12.41835	45.56399
	12.41855	45.56349
	12.41872	45.56323
	12.41891	45.56308
	12.41919	45.56299
	12.42044	45.56274
	12.42098	45.56257
	12.42204	45.56212
	12.42388	45.56115
	12.42451	45.56091
	12.42493	45.56086
	12.42535	45.56099
	12.42554	45.56118
	12.42577	45.56147
	12.42654	45.5622
	12.42697	45.56268
	12.42759	45.5633
	12.42785	45.56347
	12.42826	45.56356
	12.4288	45.56354
	12.42923	45.56344
	12.42952	45.56329
	12.43009	45.56269
	12.43064	45.56214
	12.4315	45.56131
	12.43194	45.56094
	12.4321	45.56089
	12.43235	45.56092
	12.43268	45.56117
	12.43319	45.56181
	12.43412	45.56324
	12.43446	45.56354
	12.43485	45.56368
	12.43524	45.56372
	12.43563	45.56363
	12.43593	45.56346
	12.43616	45.56314
	12.43623	45.56258
	12.43611	45.5616
	12.436	45.56115
	12.43594	45.56065
	12.43593	45.5604
	12.43608	45.56004
	12.4364	45.55963
	12.43667	45.55938
	12.43715	45.55916
	12.43769	45.55905
	12.43858	45.55901
	12.43938	45.55902
	12.44008	45.55915
	12.44105	45.55946
	12.44109	45.55969
	12.44124	45.55994
	12.44199	45.56064
	12.45319	45.57177
	12.44714	45.57577
	12.44556	45.57715
	12.44383	45.57878
	12.44308	45.58029
	12.44361	45.58215
	12.44426	45.58383
	12.44229	45.58671
	12.43976	45.58884
	12.43821	45.58925
	12.43697	45.59109
	12.43969	45.59322
	12.44039	45.59564
	12.44061	45.59628
	12.4408	45.59693
	12.44095	45.59731
	12.44203	45.59816
	12.44263	45.59861
	12.44283	45.59879
	12.44307	45.59912
	12.44359	45.59991
	12.44448	45.60132
	12.44458	45.60158
	12.44454	45.60172
	12.44431	45.60198
	12.44359	45.60262
	12.44342	45.60283
	12.44234	45.60463
	12.44224	45.60472
	12.44174	45.60483
	12.44067	45.60501
	12.4403	45.6051
	12.43965	45.6057
	12.43915	45.60621
	12.43844	45.6068
	12.43706	45.60785
	12.43668	45.60819
	12.43669	45.60828
	12.43674	45.60837
	12.43706	45.60878
	12.4374	45.60918
	12.43805	45.6095
	12.43812	45.60958
	12.43823	45.60986
	12.43842	45.61023
	12.43843	45.61061
	12.43808	45.61082
	12.43654	45.61158
	12.43586	45.61176
	12.43222	45.61266
	12.43136	45.6129
	12.4306	45.61335
	12.42974	45.61383
	12.42964	45.61393
	12.42928	45.61486
	12.42893	45.61537
	12.42875	45.61567
	12.42881	45.61733
	12.42885	45.61793
	12.429	45.61857
	12.42895	45.61879
	12.42878	45.61903
	12.42837	45.61931
	12.42717	45.61989
	12.42617	45.62035
	12.42501	45.62086
	12.42413	45.62112
	12.42428	45.6223
	12.42471	45.62285
	12.42514	45.62337
	12.42491	45.62363
	12.42463	45.62382
	12.4249	45.62412
	12.42543	45.62479
	12.42598	45.62545
	12.42624	45.62583
	12.42666	45.62649
	12.42681	45.62675
	12.42719	45.62668
	12.4276	45.62726
	12.4284	45.62807
	12.43163	45.62575
	12.4319	45.6256
	12.43265	45.62535
	12.43312	45.6253
	12.4342	45.62532
	12.43447	45.62546
	12.43483	45.62567
	12.43513	45.62602
	12.43546	45.62676
	12.43552	45.62711
	12.43555	45.62742
	12.43441	45.62774
	12.43418	45.62787
	12.43379	45.62805
	12.43331	45.62825
	12.43373	45.62867
	12.4336	45.62872
	12.43378	45.62895
	12.43445	45.62971
	12.43497	45.63025
	12.43566	45.63088
	12.43595	45.63121
	12.43637	45.63164
	12.43703	45.63243
	12.43789	45.63341
	12.43806	45.63362
	12.43846	45.63423
	12.43883	45.63457
	12.43928	45.63521
	12.43942	45.63555
	12.43956	45.63597
	12.43969	45.63645
	12.43709	45.63699
	12.43666	45.63704
	12.43575	45.63711
	12.43588	45.63755
	12.43604	45.63789
	12.43619	45.63816
	12.43655	45.63842
	12.43782	45.63928
	12.4383	45.63965
	12.43862	45.63982
	12.43871	45.63984
	12.43886	45.63981
	12.43911	45.63963
	12.43946	45.63953
	12.43987	45.63945
	12.44023	45.6395
	12.44057	45.6396
	12.44084	45.63964
	12.44122	45.63953
	12.44144	45.6394
	12.44157	45.63924
	12.44163	45.63906
	12.44179	45.63894
	12.44191	45.63893
	12.44238	45.63906
	12.44268	45.63902
	12.44298	45.63895
	12.44312	45.63894
	12.44413	45.63915
	12.44462	45.63923
	12.44492	45.63925
	12.44507	45.63919
	12.44515	45.63908
	12.4452	45.63895
	12.4453	45.63886
	12.44581	45.63869
	12.44596	45.63857
	12.44607	45.63829
	12.44618	45.63809
	12.44641	45.63789
	12.44815	45.63872
	12.44865	45.63878
	12.44905	45.63885
	12.45073	45.63953
	12.45192	45.63998
	12.45279	45.64034
	12.45301	45.64047
	12.45341	45.63963
	12.45405	45.6399
	12.45501	45.64028
	12.45725	45.64122
	12.4587	45.64179
	12.46032	45.64246
	12.4614	45.64288
	12.46247	45.64335
	12.46303	45.64356
	12.46316	45.64354
	12.4632	45.64289
	12.46314	45.64251
	12.46304	45.6416
	12.46299	45.64147
	12.46279	45.64122
	12.46274	45.64096
	12.46252	45.64066
	12.46159	45.63983
	12.46046	45.63926
	12.46031	45.63911
	12.46019	45.63894
	12.46016	45.63878
	12.46014	45.6382
	12.46015	45.63799
	12.46019	45.63791
	12.461	45.63766
	12.46129	45.63763
	12.46153	45.63767
	12.46168	45.63766
	12.46206	45.63782
	12.46237	45.63791
	12.4629	45.63802
	12.46312	45.63805
	12.46374	45.638
	12.4639	45.638
	12.46407	45.63806
	12.46467	45.63854
	12.46477	45.6386
	12.46491	45.63866
	12.46504	45.63874
	12.4654	45.63905
	12.46575	45.63926
	12.46593	45.6393
	12.4666	45.63933
	12.46701	45.63932
	12.4673	45.63934
	12.46785	45.63947
	12.46915	45.63964
	12.46932	45.63977
	12.47001	45.64001
	12.47027	45.64017
	12.47087	45.64037
	12.47129	45.64039
	12.47209	45.64046
	12.47226	45.64051
	12.47255	45.64073
	12.47276	45.64076
	12.47313	45.64078
	12.47335	45.64078
	12.47366	45.64076
	12.47484	45.64035
	12.47514	45.64027
	12.47548	45.6402
	12.47562	45.63996
	12.47596	45.63975
	12.47635	45.63955
	12.47655	45.6395
	12.4767	45.63941
	12.47683	45.63911
	12.47676	45.63892
	12.47697	45.63877
	12.47749	45.63857
	12.47779	45.63848
	12.47794	45.6385
	12.47831	45.63863
	12.47852	45.63878
	12.47881	45.63937
	12.47866	45.63948
	12.47815	45.63974
	12.47802	45.63983
	12.47786	45.63997
	12.47769	45.64015
	12.47754	45.64041
	12.47744	45.64061
	12.47736	45.64088
	12.4773	45.64125
	12.47731	45.64163
	12.47729	45.6419
	12.47722	45.64222
	12.47723	45.64231
	12.47719	45.6426
	12.47706	45.6433
	12.477	45.64374
	12.47698	45.64392
	12.47698	45.64422
	12.47709	45.64463
	12.47716	45.64483
	12.47727	45.64496
	12.47743	45.64504
	12.47757	45.64506
	12.47775	45.64503
	12.4783	45.64498
	12.47858	45.64487
	12.47986	45.64423
	12.48014	45.64405
	12.48066	45.6436
	12.48109	45.6432
	12.48151	45.64291
	12.48166	45.64268
	12.48194	45.64215
	12.48227	45.64122
	12.48224	45.6411
	12.48212	45.64099
	12.4821	45.64066
	12.4822	45.63955
	12.48347	45.63978
	12.48494	45.63986
	12.48564	45.63988
	12.48549	45.64
	12.4854	45.64009
	12.48519	45.64051
	12.48497	45.64087
	12.48489	45.64105
	12.4849	45.64115
	12.48501	45.64144
	12.48512	45.64162
	12.48474	45.6421
	12.48452	45.64243
	12.48459	45.64253
	12.48479	45.64269
	12.48504	45.64294
	12.48517	45.64317
	12.4854	45.64348
	12.48605	45.64404
	12.48636	45.64433
	12.4866	45.6446
	12.48671	45.64482
	12.48677	45.64502
	12.4857	45.64522
	12.48607	45.64574
	12.48646	45.64634
	12.4869	45.64681
	12.48798	45.64779
	12.48826	45.64816
	12.48856	45.64885
	12.48865	45.64908
	12.48867	45.64917
	12.48912	45.65006
	12.48931	45.65019
	12.48807	45.65235
	12.48766	45.65392
	12.48744	45.65493
	12.48733	45.65534
	12.48714	45.65627
	12.48827	45.65633
	12.48853	45.65661
	12.48888	45.65706
	12.48916	45.65755
	12.48933	45.658
	12.48943	45.65834
	12.48958	45.65912
	12.4897	45.66017
	12.48969	45.66079
	12.48991	45.6619
	12.49056	45.66207
	12.49164	45.66233
	12.49264	45.6626
	12.49313	45.66272
	12.49346	45.66218
	12.49424	45.6626
	12.49497	45.66312
	12.49712	45.66459
	12.49777	45.66498
	12.49819	45.66518
	12.49848	45.66523
	12.49875	45.6653
	12.49895	45.66533
	12.4993	45.66541
	12.49952	45.66541
	12.49991	45.66543
	12.50038	45.66543
	12.50357	45.66535
	12.50476	45.66534
	12.50556	45.66537
	12.50052	45.66822
	12.4996	45.66879
	12.49819	45.66998
	12.49705	45.67115
	12.49493	45.67391
	12.49478	45.67439
	12.49486	45.67485
	12.49555	45.67569
	12.4964	45.67644
	12.49739	45.67742
	12.49906	45.67948
	12.50041	45.6807
	12.50134	45.68141
	12.50269	45.68217
	12.50375	45.68258
	12.50441	45.6829
	12.50491	45.6832
	12.50547	45.6838
	12.5057	45.68424
	12.50573	45.68478
	12.50556	45.6857
	12.50545	45.68592
	12.50509	45.68653
	12.50521	45.68656
	12.50539	45.68666
	12.50552	45.68685
	12.50567	45.68738
	12.50581	45.68803
	12.50656	45.68826
	12.5083	45.68873
	12.50898	45.68895
	12.5093	45.68902
	12.51058	45.68912
	12.51106	45.68917
	12.51113	45.68903
	12.51105	45.68881
	12.51246	45.68807
	12.51488	45.68821
	12.51548	45.68823
	12.51759	45.68864
	12.51881	45.68886
	12.52016	45.68912
	12.52017	45.68885
	12.52035	45.68861
	12.52045	45.68851
	12.52037	45.68835
	12.51987	45.68822
	12.51991	45.68803
	12.51999	45.68786
	12.52023	45.68762
	12.52051	45.68741
	12.52076	45.68727
	12.52108	45.68713
	12.52142	45.68702
	12.5217	45.68678
	12.52083	45.68619
	12.52056	45.68618
	12.52041	45.68602
	12.52072	45.68563
	12.52124	45.68504
	12.5214	45.68474
	12.52149	45.68428
	12.52226	45.68369
	12.52428	45.68204
	12.52416	45.682
	12.52368	45.68179
	12.52274	45.68135
	12.52177	45.67869
	12.52443	45.67772
	12.52563	45.67828
	12.52622	45.67849
	12.5273	45.67885
	12.52847	45.67935
	12.52863	45.67976
	12.52865	45.67977
	12.52884	45.67982
	12.52901	45.67983
	12.52904	45.67965
	12.52958	45.6801
	12.53008	45.68043
	12.53037	45.68073
	12.53085	45.68116
	12.53128	45.68088
	12.53156	45.68067
	12.53183	45.68049
	12.53219	45.68027
	12.53249	45.68005
	12.53275	45.67975
	12.53384	45.67912
	12.53486	45.67981
	12.53529	45.68006
	12.53557	45.67983
	12.53573	45.67973
	12.53604	45.67998
	12.53648	45.6803
	12.53662	45.68035
	12.53675	45.68035
	12.53682	45.68032
	12.53724	45.68008
	12.53804	45.67959
	12.54023	45.68123
	12.54032	45.68128
	12.54054	45.68124
	12.54081	45.68123
	12.54189	45.68054
	12.54328	45.68188
	12.54478	45.68087
	12.54565	45.68156
	12.54651	45.68222
	12.54767	45.68317
	12.54756	45.68329
	12.54837	45.68385
	12.54907	45.68432
	12.54977	45.6839
	12.55064	45.68459
	12.55189	45.68553
	12.5529	45.68633
	12.55389	45.6857
	12.55489	45.68509
	12.55704	45.68612
	12.55789	45.68661
	12.55853	45.68709
	12.55985	45.68828
	12.56103	45.68922
	12.56109	45.68936
	12.56129	45.68947
	12.56136	45.68948
	12.56329	45.69098
	12.565	45.69224
	12.56773	45.69173
	12.57576	45.69745
	12.57595	45.69762
	12.57656	45.69724
	12.58249	45.69339
	12.58607	45.69104
	12.5869	45.69094
	12.58774	45.69087
	12.58905	45.69122
	12.58947	45.69129
	12.58984	45.69127
	12.59037	45.69104
	12.59107	45.69063
	12.59141	45.69046
	12.59209	45.69016
	12.59223	45.69009
	12.59235	45.69001
	12.5925	45.68975
	12.59285	45.68928
	12.59328	45.68884
	12.59402	45.68813
	12.59636	45.68578
	12.59776	45.68462
	12.59901	45.68436
	12.5992	45.6843
	12.59932	45.68424
	12.59952	45.68413
	12.60083	45.68302
	12.60083	45.68295
	12.60058	45.68275
	12.60002	45.68234
	12.5999	45.68219
	12.59965	45.6818
	12.59998	45.68155
	12.60084	45.681
	12.60256	45.67977
	12.60357	45.68045
	12.60775	45.68357
	12.60857	45.68411
	12.60859	45.68408
	12.60914	45.68392
	12.60965	45.68366
	12.61018	45.68411
	12.60961	45.68441
	12.61028	45.68464
	12.6111	45.68468
	12.61158	45.68472
	12.61133	45.68494
	12.61174	45.6854
	12.61142	45.68575
	12.61132	45.68584
	12.6097	45.68664
	12.60903	45.68694
	12.60875	45.68709
	12.60869	45.68718
	12.60958	45.68853
	12.61011	45.68908
	12.61077	45.68964
	12.6113	45.69014
	12.61218	45.69092
	12.61436	45.6929
	12.6154	45.69388
	12.61589	45.69432
	12.61691	45.69521
	12.61718	45.69546
	12.61747	45.69571
	12.61773	45.69591
	12.61963	45.69484
	12.62059	45.69582
	12.62118	45.69648
	12.62235	45.69587
	12.62389	45.69672
	12.62465	45.69717
	12.62559	45.69698
	12.62728	45.69666
	12.62836	45.69647
	12.6281	45.69616
	12.62899	45.69562
	12.63047	45.69758
	12.63136	45.69881
	12.63148	45.69899
	12.63157	45.6993
	12.63166	45.69946
	12.63191	45.69978
	12.63256	45.70036
	12.63289	45.70074
	12.6331	45.70101
	12.63363	45.70064
	12.63425	45.70013
	12.63535	45.69919
	12.63595	45.69886
	12.63642	45.69868
	12.63691	45.69854
	12.63735	45.69845
	12.63783	45.69846
	12.63838	45.6986
	12.63861	45.69871
	12.63931	45.69901
	12.63969	45.69919
	12.64027	45.69942
	12.64071	45.69961
	12.64123	45.69973
	12.64153	45.69975
	12.64219	45.69967
	12.64305	45.69938
	12.64339	45.69921
	12.64524	45.70222
	12.64547	45.70247
	12.64533	45.70267
	12.64528	45.7028
	12.64529	45.7029
	12.64536	45.70304
	12.64567	45.70323
	12.64665	45.70379
	12.64733	45.70414
	12.64764	45.70428
	12.64815	45.70443
	12.64869	45.70455
	12.64912	45.70463
	12.65008	45.70478
	12.65088	45.705
	12.65142	45.70519
	12.65169	45.7053
	12.65222	45.70559
	12.65266	45.70588
	12.65296	45.70611
	12.65323	45.70638
	12.65381	45.70686
	12.65467	45.70752
	12.65525	45.70789
	12.65563	45.70804
	12.65598	45.70811
	12.65669	45.70814
	12.65681	45.70819
	12.65692	45.70828
	12.65691	45.7085
	12.65663	45.70953
	12.65762	45.70978
	12.65821	45.70998
	12.65869	45.71018
	12.65933	45.71042
	12.65968	45.7101
	12.65997	45.70979
	12.66072	45.7091
	12.66081	45.70914
	12.6612	45.70888
	12.6614	45.70877
	12.66269	45.70795
	12.663	45.70781
	12.66373	45.70754
	12.66495	45.70706
	12.6657	45.70678
	12.66611	45.70661
	12.66686	45.70635
	12.6677	45.706
	12.66822	45.70585
	12.66882	45.7057
	12.66901	45.70567
	12.67066	45.70562
	12.67224	45.7056
	12.67443	45.70555
	12.67534	45.70555
	12.67711	45.70551
	12.67791	45.70725
	12.67896	45.70961
	12.67932	45.71036
	12.67966	45.71086
	12.68102	45.71044
	12.68146	45.71072
	12.68373	45.71206
	12.68431	45.71239
	12.68467	45.71258
	12.68512	45.71286
	12.68532	45.71294
	12.68517	45.7132
	12.68503	45.7137
	12.68498	45.71404
	12.68499	45.71441
	12.68486	45.7153
	12.6847	45.7157
	12.68447	45.7162
	12.68419	45.71662
	12.68373	45.71707
	12.68285	45.71765
	12.68197	45.718
	12.6816	45.71811
	12.68091	45.71819
	12.68029	45.71822
	12.67964	45.71823
	12.67902	45.71821
	12.67871	45.71812
	12.67842	45.71793
	12.67814	45.71746
	12.67785	45.71674
	12.67767	45.71581
	12.67732	45.71476
	12.67707	45.71426
	12.67686	45.71388
	12.67658	45.7137
	12.67623	45.71361
	12.67587	45.71369
	12.67537	45.7139
	12.67488	45.71419
	12.67403	45.71472
	12.67305	45.71541
	12.67158	45.71659
	12.6713	45.71673
	12.67115	45.71685
	12.67087	45.71714
	12.67078	45.71727
	12.67078	45.71745
	12.67088	45.71767
	12.67127	45.71797
	12.67161	45.7182
	12.67193	45.71847
	12.67208	45.71857
	12.67254	45.71894
	12.67298	45.7194
	12.67331	45.71981
	12.67342	45.72014
	12.67343	45.7204
	12.67337	45.72054
	12.67323	45.72073
	12.67245	45.72127
	12.67204	45.72157
	12.67166	45.7219
	12.67128	45.7224
	12.6711	45.72277
	12.67107	45.72291
	12.67105	45.72338
	12.6711	45.72367
	12.67117	45.72389
	12.67129	45.72412
	12.67158	45.72494
	12.67166	45.72526
	12.67169	45.72545
	12.67172	45.72585
	12.67179	45.72641
	12.67186	45.72674
	12.67212	45.72765
	12.67263	45.7289
	12.67276	45.72916
	12.67289	45.72935
	12.67348	45.7301
	12.67378	45.73055
	12.67409	45.73105
	12.67449	45.73182
	12.67458	45.73209
	12.67469	45.73252
	12.67473	45.73299
	12.67473	45.73338
	12.67467	45.73365
	12.67445	45.73428
	12.6742	45.73484
	12.67417	45.73485
	12.67288	45.73572
	12.67206	45.73619
	12.67146	45.73655
	12.66974	45.73741
	12.66948	45.7375
	12.66941	45.73754
	12.66873	45.7377
	12.66773	45.73804
	12.667	45.73834
	12.66602	45.73879
	12.66517	45.73915
	12.66482	45.73934
	12.66464	45.73946
	12.66445	45.73965
	12.66433	45.73981
	12.66428	45.74004
	12.66433	45.74045
	12.66443	45.74061
	12.66463	45.74084
	12.66492	45.74107
	12.66533	45.74133
	12.66564	45.74151
	12.66629	45.74171
	12.66673	45.74186
	12.66679	45.74219
	12.66693	45.74278
	12.66702	45.74306
	12.66719	45.74344
	12.66733	45.74369
	12.66753	45.74397
	12.66777	45.74427
	12.66809	45.74458
	12.66787	45.74475
	12.66674	45.74543
	12.66626	45.74567
	12.66463	45.74643
	12.6641	45.74666
	12.66377	45.74678
	12.66379	45.74657
	12.66372	45.746
	12.66359	45.74522
	12.66294	45.74342
	12.66273	45.74309
	12.66218	45.74262
	12.66178	45.74234
	12.66113	45.7421
	12.6604	45.74175
	12.65954	45.74143
	12.65884	45.74125
	12.65809	45.74114
	12.65739	45.74111
	12.6567	45.74122
	12.6561	45.74134
	12.65521	45.74168
	12.65451	45.74199
	12.65434	45.74209
	12.65198	45.74382
	12.65004	45.74534
	12.64918	45.74595
	12.64833	45.74658
	12.64668	45.7477
	12.64718	45.74805
	12.6476	45.74831
	12.64838	45.74863
	12.64978	45.74898
	12.65039	45.74912
	12.65079	45.74928
	12.65098	45.74947
	12.6512	45.74974
	12.65137	45.7499
	12.65168	45.75024
	12.65178	45.75037
	12.65195	45.75051
	12.65345	45.75137
	12.65423	45.75194
	12.6547	45.75172
	12.65576	45.75272
	12.65779	45.7516
	12.65866	45.75114
	12.65894	45.75105
	12.65966	45.75118
	12.66074	45.75141
	12.66112	45.75147
	12.6615	45.75156
	12.66237	45.75216
	12.66272	45.75245
	12.66241	45.75276
	12.66214	45.75307
	12.66229	45.75324
	12.66233	45.75381
	12.66254	45.75399
	12.66237	45.75428
	12.6622	45.75469
	12.66217	45.75513
	12.66211	45.75565
	12.66211	45.75579
	12.66285	45.75671
	12.66307	45.75719
	12.66408	45.76092
	12.66427	45.76168
	12.66435	45.76207
	12.66425	45.76236
	12.66407	45.76279
	12.66399	45.76311
	12.66399	45.76328
	12.66403	45.76346
	12.66462	45.76452
	12.66541	45.7658
	12.66552	45.76606
	12.66561	45.76655
	12.6658	45.76722
	12.66602	45.7676
	12.66687	45.76865
	12.6671	45.7689
	12.66796	45.76934
	12.66807	45.76943
	12.6682	45.76967
	12.66844	45.77019
	12.66859	45.77063
	12.66881	45.771
	12.66896	45.77113
	12.66924	45.77124
	12.67025	45.77155
	12.67018	45.77159
	12.66921	45.77185
	12.66617	45.77259
	12.66583	45.77225
	12.66328	45.77284
	12.66269	45.77295
	12.66228	45.77307
	12.66296	45.77412
	12.663	45.77439
	12.66304	45.77486
	12.66303	45.77511
	12.66221	45.77516
	12.66061	45.77537
	12.66041	45.77544
	12.65982	45.77571
	12.6588	45.77618
	12.65834	45.77642
	12.65818	45.77656
	12.6579	45.77778
	12.6578	45.77787
	12.65687	45.77816
	12.65542	45.77859
	12.65526	45.77867
	12.65528	45.77887
	12.65536	45.77899
	12.65587	45.77964
	12.65653	45.78036
	12.65695	45.78079
	12.65737	45.78119
	12.65783	45.78151
	12.65815	45.78176
	12.65835	45.78189
	12.65833	45.78196
	12.65826	45.78204
	12.65748	45.78274
	12.65739	45.78289
	12.65737	45.783
	12.65734	45.78407
	12.6573	45.78487
	12.65726	45.78525
	12.65598	45.78811
	12.65593	45.78852
	12.65614	45.78873
	12.65634	45.78899
	12.65649	45.78929
	12.65655	45.78956
	12.65653	45.7898
	12.65641	45.78996
	12.65637	45.79014
	12.65666	45.79038
	12.65674	45.79061
	12.65674	45.79079
	12.65663	45.7909
	12.65703	45.79114
	12.65792	45.79175
	12.65904	45.79246
	12.65954	45.7921
	12.65988	45.79197
	12.6605	45.79183
	12.66088	45.79176
	12.66168	45.79159
	12.66202	45.792
	12.66225	45.79244
	12.66212	45.79291
	12.66363	45.79281
	12.66431	45.79279
	12.66434	45.79278
	12.66419	45.7927
	12.6655	45.7902
	12.66584	45.79005
	12.66604	45.78994
	12.66876	45.7907
	12.66868	45.79101
	12.6689	45.79091
	12.66954	45.79073
	12.66986	45.79061
	12.67008	45.7906
	12.67199	45.7908
	12.67205	45.79082
	12.67216	45.79094
	12.67221	45.79107
	12.67231	45.79141
	12.67231	45.79145
	12.67237	45.79147
	12.67255	45.79147
	12.67283	45.79149
	12.67327	45.79154
	12.674	45.79169
	12.67462	45.79184
	12.67481	45.79191
	12.67504	45.79205
	12.67537	45.79227
	12.67553	45.79311
	12.6757	45.79368
	12.67578	45.79421
	12.67586	45.79448
	12.67602	45.79483
	12.67617	45.79505
	12.67645	45.79537
	12.67778	45.79653
	12.67784	45.79657
	12.67855	45.79688
	12.67913	45.79693
	12.67941	45.79691
	12.6799	45.7968
	12.68027	45.7962
	12.6803	45.79624
	12.68036	45.79628
	12.68055	45.79638
	12.68063	45.79646
	12.68066	45.79654
	12.68063	45.79673
	12.68072	45.79683
	12.68076	45.79684
	12.68082	45.79688
	12.68099	45.79706
	12.68103	45.79712
	12.68112	45.79717
	12.6812	45.79725
	12.68138	45.79747
	12.6814	45.79754
	12.68145	45.79759
	12.68151	45.79761
	12.68157	45.79765
	12.68167	45.79774
	12.68181	45.79783
	12.68193	45.79783
	12.68207	45.79779
	12.68225	45.79776
	12.68231	45.7978
	12.68242	45.79791
	12.68259	45.79798
	12.68263	45.79805
	12.68264	45.79818
	12.68266	45.79824
	12.68285	45.79846
	12.68286	45.79857
	12.68279	45.79877
	12.6829	45.79904
	12.68289	45.79921
	12.68321	45.79968
	12.68335	45.79986
	12.68354	45.80029
	12.6836	45.80048
	12.68369	45.80063
	12.68383	45.80082
	12.68401	45.80102
	12.68405	45.80104
	12.6841	45.80104
	12.6843	45.80101
	12.68452	45.80096
	12.6847	45.80094
	12.68472	45.80098
	12.6847	45.8011
	12.68472	45.80119
	12.68499	45.80136
	12.68509	45.80139
	12.68529	45.80138
	12.68556	45.80134
	12.68572	45.80134
	12.68589	45.80137
	12.6863	45.80141
	12.68662	45.80141
	12.68672	45.80146
	12.6868	45.80156
	12.68683	45.80167
	12.68683	45.80178
	12.68687	45.80181
	12.68749	45.80212
	12.68761	45.80216
	12.68772	45.80218
	12.68775	45.8022
	12.68782	45.80235
	12.68845	45.80282
	12.68852	45.80285
	12.68859	45.80284
	12.68868	45.8028
	12.6889	45.80267
	12.68906	45.8026
	12.68912	45.80262
	12.68952	45.80302
	12.68987	45.8032
	12.69001	45.80321
	12.69027	45.80308
	12.69039	45.80307
	12.69048	45.80309
	12.69057	45.80318
	12.69065	45.80332
	12.69069	45.80336
	12.69074	45.80339
	12.69104	45.80346
	12.69115	45.8035
	12.69124	45.80355
	12.69129	45.80364
	12.69126	45.80401
	12.69138	45.80416
	12.69144	45.8042
	12.69163	45.80421
	12.69204	45.80418
	12.69221	45.80418
	12.69228	45.80419
	12.69258	45.80432
	12.69276	45.80443
	12.69282	45.80448
	12.69298	45.80466
	12.69311	45.80483
	12.69333	45.80528
	12.69338	45.80546
	12.69348	45.80556
	12.69364	45.80562
	12.69394	45.80571
	12.69405	45.80573
	12.6944	45.80576
	12.6945	45.8058
	12.69494	45.80605
	12.69497	45.8061
	12.69517	45.80681
	12.69521	45.80686
	12.69543	45.80705
	12.69555	45.80707
	12.69563	45.80706
	12.69571	45.80707
	12.69639	45.80728
	12.69645	45.80731
	12.69648	45.80734
	12.69668	45.80762
	12.69679	45.80771
	12.69754	45.80802
	12.69768	45.80809
	12.69807	45.80833
	12.69897	45.80866
	12.69917	45.80877
	12.69923	45.80892
	12.6992	45.80917
	12.69914	45.80931
	12.699	45.80948
	12.69895	45.80966
	12.69888	45.81008
	12.69888	45.81013
	12.69899	45.81033
	12.69889	45.81079
	12.6989	45.81092
	12.69893	45.811
	12.69898	45.81105
	12.69972	45.81134
	12.69988	45.81143
	12.70028	45.81171
	12.70053	45.81194
	12.70055	45.81201
	12.70055	45.81222
	12.70061	45.81239
	12.70064	45.81273
	12.70067	45.81278
	12.70074	45.81283
	12.70109	45.81297
	12.70122	45.81307
	12.70128	45.81315
	12.70136	45.81328
	12.70137	45.81344
	12.70134	45.81355
	12.70136	45.81364
	12.70141	45.8137
	12.70155	45.81382
	12.7017	45.81407
	12.70188	45.81447
	12.70192	45.81451
	12.70269	45.8148
	12.70307	45.81491
	12.70314	45.81498
	12.70321	45.81516
	12.70328	45.81552
	12.70328	45.81561
	12.70321	45.81583
	12.70321	45.81588
	12.70326	45.81594
	12.70339	45.816
	12.70358	45.81613
	12.70365	45.81627
	12.70369	45.81642
	12.70376	45.81653
	12.70403	45.81674
	12.70415	45.81679
	12.70559	45.81702
	12.70574	45.81706
	12.70608	45.81716
	12.70652	45.81733
	12.70676	45.81741
	12.70693	45.81744
	12.70703	45.81748
	12.70726	45.81766
	12.7074	45.81772
	12.70766	45.81781
	12.70789	45.81784
	12.70797	45.81788
	12.70837	45.81819
	12.70871	45.81837
	12.70876	45.81853
	12.70878	45.81874
	12.70899	45.81907
	12.70906	45.81912
	12.7092	45.81919
	12.7098	45.81946
	12.70986	45.81951
	12.7099	45.81958
	12.70996	45.81982
	12.71	45.81991
	12.71007	45.81996
	12.71014	45.82
	12.71037	45.82008
	12.71061	45.82019
	12.71093	45.82037
	12.71131	45.82044
	12.71177	45.82065
	12.71189	45.82072
	12.71209	45.8209
	12.71217	45.82095
	12.71277	45.82119
	12.71288	45.82127
	12.71315	45.8215
	12.71334	45.82174
	12.71345	45.82183
	12.71365	45.82196
	12.71476	45.82279
	12.71492	45.82293
	12.71538	45.82353
	12.71541	45.82363
	12.71549	45.82414
	12.71554	45.82422
	12.71564	45.82426
	12.71631	45.82446
	12.71636	45.82449
	12.71649	45.8246
	12.71676	45.82493
	12.71709	45.82528
	12.71775	45.82582
	12.71796	45.82597
	12.71811	45.82604
	12.71837	45.82634
	12.71847	45.82642
	12.7188	45.82661
	12.71913	45.82694
	12.71946	45.82732
	12.71969	45.82747
	12.72018	45.82786
	12.72063	45.82824
	12.7209	45.82851
	12.72096	45.82862
	12.72095	45.82868
	12.72082	45.82878
	12.72082	45.8288
	12.72084	45.82883
	12.72116	45.8291
	12.72137	45.8293
	12.72141	45.82936
	12.7215	45.82988
	12.72152	45.82994
	12.72159	45.83003
	12.72192	45.8303
	12.72215	45.83051
	12.72236	45.83075
	12.72331	45.83144
	12.72387	45.83181
	12.7244	45.83244
	12.72543	45.83344
	12.7268	45.83489
	12.72691	45.83497
	12.72775	45.83531
	12.72788	45.83539
	12.72813	45.83569
	12.7286	45.83633
	12.72883	45.83662
	12.72898	45.83677
	12.72918	45.83694
	12.72964	45.83724
	12.73005	45.8372
	12.73016	45.83717
	12.73101	45.83652
	12.73139	45.83626
	12.73158	45.83645
	12.7318	45.83657
	12.73246	45.837
	12.73256	45.83696
	12.73258	45.83691
	12.73256	45.83684
	12.73234	45.83661
	12.73233	45.8365
	12.73239	45.83643
	12.73262	45.83626
	12.7338	45.83522
	12.73423	45.83486
	12.73439	45.83471
	12.73445	45.83461
	12.73448	45.83444
	12.73445	45.83435
	12.73434	45.83422
	12.73428	45.83417
	12.73417	45.83411
	12.73376	45.83397
	12.73398	45.8339
	12.73407	45.83389
	12.73414	45.8339
	12.7342	45.83392
	12.73426	45.83396
	12.73442	45.83409
	12.73458	45.83395
	12.73475	45.83383
	12.73508	45.83355
	12.73565	45.83296
	12.73601	45.83265
	12.73622	45.83245
	12.73639	45.83226
	12.73686	45.83182
	12.73716	45.83157
	12.7376	45.83115
	12.73759	45.83105
	12.7378	45.83086
	12.73851	45.83014
	12.73935	45.82922
	12.73958	45.82901
	12.73986	45.82884
	12.74097	45.82796
	12.73846	45.82682
	12.73767	45.82649
	12.73575	45.82573
	12.73521	45.82546
	12.73327	45.82431
	12.73282	45.82402
	12.73258	45.82385
	12.73236	45.82366
	12.73221	45.82351
	12.73159	45.82276
	12.73132	45.8225
	12.73132	45.81967
	12.73415	45.81966
	12.73464	45.82017
	12.73507	45.82071
	12.73512	45.82075
	12.73717	45.82197
	12.73732	45.82205
	12.73915	45.82277
	12.74009	45.82316
	12.74316	45.82455
	12.74316	45.82456
	12.74415	45.82501
	12.7447	45.8253
	12.74559	45.8258
	12.74631	45.82618
	12.74854	45.82732
	12.74909	45.82765
	12.74946	45.8279
	12.75018	45.82844
	12.75091	45.82906
	12.75144	45.82956
	12.75255	45.83066
	12.75305	45.83118
	12.75368	45.83187
	12.75544	45.83353
	12.75582	45.83392
	12.75612	45.83426
	12.75815	45.83541
	12.75858	45.83567
	12.75883	45.83584
	12.75927	45.83626
	12.75936	45.83638
	12.75963	45.83691
	12.75972	45.83729
	12.76611	45.84092
	12.76602	45.84107
	12.7672	45.84332
	12.76605	45.84392
	12.76609	45.84393
	12.76741	45.84459
	12.76782	45.84476
	12.76884	45.84523
	12.76835	45.84567
	12.76619	45.84741
	12.76641	45.84766
	12.76652	45.84773
	12.76744	45.8483
	12.76757	45.84837
	12.76804	45.84858
	12.76812	45.84863
	12.7688	45.84932
	12.76884	45.84941
	12.76884	45.84984
	12.76888	45.84994
	12.76893	45.84999
	12.76934	45.8503
	12.76979	45.85061
	12.7699	45.85066
	12.77114	45.85108
	12.77199	45.85161
	12.77212	45.85168
	12.77224	45.85172
	12.77276	45.85179
	12.77333	45.85201
	12.77366	45.85216
	12.77375	45.85221
	12.77481	45.85324
	12.77511	45.85334
	12.77533	45.85339
	12.77538	45.85339
	12.77576	45.85331
	12.77613	45.85327
	12.77741	45.85393
	12.77751	45.85396
	12.77808	45.85405
	12.77815	45.85405
	12.7786	45.85396
	12.77872	45.85398
	12.77892	45.85405
	12.77918	45.85404
	12.77925	45.85405
	12.77934	45.85408
	12.77972	45.85427
	12.77998	45.85436
	12.78053	45.8546
	12.78173	45.85421
	12.78184	45.85417
	12.78202	45.85407
	12.78333	45.85295
	12.78339	45.85291
	12.78344	45.85293
	12.7836	45.8528
	12.78594	45.8508
	12.78599	45.85076
	12.78642	45.85053
	12.7864	45.85049
	12.78644	45.85046
	12.78728	45.85012
	12.78761	45.84996
	12.78773	45.84988
	12.78799	45.84966
	12.78894	45.84908
	12.7894	45.84883
	12.78995	45.84858
	12.7912	45.8481
	12.79146	45.84798
	12.79111	45.84769
	12.79084	45.84754
	12.79098	45.84741
	12.79142	45.84708
	12.79185	45.84679
	12.79266	45.84618
	12.79278	45.84604
	12.79284	45.84599
	12.79332	45.84578
	12.79363	45.84563
	12.79463	45.8451
	12.79476	45.84502
	12.79485	45.845
	12.79504	45.84502
	12.79542	45.84509
	12.79562	45.84514
	12.79584	45.84522
	12.79698	45.84594
	12.79716	45.84585
	12.79745	45.84573
	12.79902	45.84512
	12.80039	45.84464
	12.80047	45.84491
	12.80054	45.84508
	12.80055	45.84524
	12.80052	45.84541
	12.80038	45.84573
	12.80039	45.84611
	12.80043	45.84617
	12.80061	45.84632
	12.80152	45.84608
	12.80181	45.84603
	12.80204	45.84594
	12.80257	45.84579
	12.8035	45.84549
	12.80392	45.84538
	12.80448	45.84521
	12.80541	45.84498
	12.80533	45.84492
	12.80512	45.84482
	12.80469	45.84468
	12.80454	45.84457
	12.80441	45.84438
	12.8044	45.84427
	12.80437	45.84424
	12.8043	45.84422
	12.80422	45.84422
	12.8041	45.84414
	12.80402	45.84405
	12.80386	45.84382
	12.80385	45.84375
	12.80396	45.84343
	12.80393	45.84327
	12.80382	45.84319
	12.80363	45.84312
	12.8036	45.84309
	12.80368	45.84296
	12.80379	45.84287
	12.80392	45.84281
	12.80409	45.8426
	12.80415	45.84255
	12.80439	45.84246
	12.80444	45.84241
	12.80449	45.84225
	12.8045	45.84215
	12.80449	45.84201
	12.80446	45.84194
	12.80445	45.84186
	12.80446	45.84181
	12.80454	45.84166
	12.80451	45.8416
	12.80445	45.84155
	12.80438	45.84153
	12.80413	45.84152
	12.80406	45.84151
	12.80398	45.84148
	12.8039	45.84143
	12.80387	45.84139
	12.80385	45.84128
	12.80381	45.84122
	12.80369	45.84117
	12.80357	45.84116
	12.80342	45.8412
	12.80335	45.84118
	12.80324	45.84106
	12.80295	45.84096
	12.8029	45.84093
	12.80284	45.84083
	12.80276	45.84077
	12.80269	45.84074
	12.80245	45.84068
	12.80234	45.84068
	12.80221	45.84071
	12.80215	45.84071
	12.8021	45.84067
	12.80192	45.84037
	12.80179	45.84024
	12.80171	45.84012
	12.80173	45.84008
	12.80173	45.84002
	12.80168	45.83993
	12.80169	45.83981
	12.80173	45.8397
	12.80178	45.83962
	12.80184	45.83957
	12.80204	45.83949
	12.80219	45.83945
	12.80223	45.83942
	12.80225	45.83936
	12.80224	45.83933
	12.80217	45.8393
	12.80209	45.8393
	12.80201	45.83927
	12.80192	45.83915
	12.80186	45.83896
	12.80186	45.8389
	12.80199	45.83882
	12.80204	45.83875
	12.80207	45.83869
	12.80208	45.83859
	12.80205	45.83853
	12.80163	45.83829
	12.80151	45.8382
	12.80147	45.83815
	12.80147	45.838
	12.80144	45.83793
	12.80145	45.83788
	12.80151	45.83781
	12.80151	45.83776
	12.80134	45.83756
	12.80112	45.83743
	12.80103	45.83741
	12.80095	45.83742
	12.80089	45.83741
	12.80083	45.83737
	12.80065	45.83718
	12.80043	45.83709
	12.8004	45.83706
	12.80033	45.83683
	12.80029	45.83675
	12.80015	45.83655
	12.80019	45.8362
	12.80022	45.83612
	12.80038	45.83592
	12.80064	45.83566
	12.80068	45.83559
	12.80068	45.83554
	12.80065	45.83547
	12.80056	45.83538
	12.8003	45.83524
	12.80018	45.83515
	12.80014	45.8351
	12.80013	45.83504
	12.80019	45.83492
	12.8003	45.83486
	12.80045	45.83474
	12.80045	45.83454
	12.80041	45.83444
	12.80018	45.83421
	12.8001	45.83405
	12.80011	45.834
	12.80001	45.8339
	12.79961	45.83356
	12.79939	45.83331
	12.79929	45.83324
	12.79918	45.83319
	12.7991	45.83317
	12.79896	45.8331
	12.7989	45.83301
	12.7989	45.83292
	12.79894	45.83283
	12.79897	45.8328
	12.79907	45.83277
	12.7992	45.83277
	12.79947	45.83283
	12.79962	45.83283
	12.79982	45.8328
	12.79992	45.83274
	12.80005	45.83259
	12.80021	45.83237
	12.80042	45.8314
	12.8005	45.83116
	12.80044	45.83077
	12.8005	45.8306
	12.80022	45.8306
	12.80014	45.83053
	12.80005	45.83048
	12.79995	45.82999
	12.79982	45.82992
	12.79991	45.82979
	12.79949	45.82771
	12.80079	45.82744
	12.80062	45.82722
	12.8006	45.82716
	12.80061	45.82706
	12.80069	45.82692
	12.80079	45.8268
	12.80095	45.82667
	12.80118	45.82657
	12.80122	45.82654
	12.80124	45.8265
	12.80123	45.82647
	12.80089	45.82631
	12.80074	45.82635
	12.80056	45.82645
	12.80046	45.82648
	12.80034	45.82647
	12.80023	45.82639
	12.80018	45.82628
	12.80018	45.82621
	12.80022	45.82609
	12.80047	45.82585
	12.80057	45.82572
	12.80061	45.82565
	12.80062	45.8256
	12.80062	45.82552
	12.80059	45.82546
	12.80047	45.82534
	12.80045	45.82526
	12.80057	45.82517
	12.80108	45.82501
	12.80125	45.82498
	12.80138	45.82493
	12.80178	45.82472
	12.80183	45.82467
	12.80184	45.82461
	12.80174	45.82444
	12.80171	45.82436
	12.80172	45.82431
	12.80175	45.82427
	12.80183	45.82423
	12.80194	45.82418
	12.80245	45.82428
	12.80255	45.82422
	12.80238	45.8241
	12.80232	45.82403
	12.80214	45.82394
	12.80208	45.82387
	12.80195	45.82379
	12.80183	45.8238
	12.80158	45.82379
	12.80156	45.82373
	12.80156	45.82357
	12.80166	45.82351
	12.80183	45.82346
	12.80201	45.82335
	12.80209	45.82315
	12.80212	45.82311
	12.8023	45.82302
	12.80241	45.82298
	12.80248	45.82278
	12.80286	45.82276
	12.80322	45.82261
	12.80343	45.82256
	12.80384	45.82241
	12.80506	45.82193
	12.80523	45.82185
	12.8054	45.82173
	12.80594	45.82126
	12.80633	45.82082
	12.8065	45.82065
	12.8067	45.82048
	12.80704	45.82008
	12.80737	45.82021
	12.80779	45.8204
	12.80872	45.82084
	12.80881	45.82086
	12.80885	45.82082
	12.80886	45.82075
	12.8089	45.8202
	12.80924	45.82021
	12.80924	45.82028
	12.80928	45.8203
	12.8096	45.82043
	12.8097	45.82046
	12.8098	45.82047
	12.80992	45.82051
	12.81034	45.82069
	12.81041	45.82073
	12.81107	45.82099
	12.81426	45.82234
	12.81685	45.82349
	12.81709	45.82355
	12.81743	45.82369
	12.81883	45.82228
	12.82084	45.82428
	12.8209	45.83039
	12.82084	45.83287
	12.82081	45.83381
	12.82054	45.83406
	12.82144	45.83422
	12.82148	45.83423
	12.8215	45.83425
	12.82151	45.8344
	12.82149	45.83474
	12.82151	45.83485
	12.82172	45.83548
	12.82195	45.83609
	12.82204	45.83623
	12.82212	45.83632
	12.82248	45.83657
	12.82289	45.83681
	12.82294	45.83681
	12.82303	45.83678
	12.82369	45.83637
	12.82502	45.83558
	12.82521	45.83565
	12.82537	45.83567
	12.82573	45.83567
	12.82597	45.83573
	12.82608	45.83574
	12.82625	45.83567
	12.82631	45.83566
	12.82691	45.83547
	12.82701	45.83543
	12.82709	45.83538
	12.82715	45.83537
	12.82729	45.8354
	12.82746	45.83541
	12.82774	45.8354
	12.82806	45.83536
	12.82823	45.83536
	12.82827	45.83537
	12.82859	45.8353
	12.82874	45.83534
	12.82872	45.83536
	12.82868	45.8355
	12.82868	45.83566
	12.8287	45.83576
	12.82887	45.83604
	12.82891	45.83616
	12.82891	45.83664
	12.82897	45.83678
	12.82928	45.83732
	12.8294	45.83749
	12.82954	45.83763
	12.82971	45.83777
	12.82996	45.8379
	12.83042	45.83819
	12.83073	45.83816
	12.8308	45.83818
	12.83211	45.83832
	12.83249	45.83835
	12.83264	45.83835
	12.8328	45.83833
	12.83315	45.83823
	12.83356	45.83813
	12.83382	45.83809
	12.83387	45.83807
	12.8343	45.83833
	12.83458	45.83854
	12.83463	45.83874
	12.83483	45.83931
	12.83487	45.83952
	12.83526	45.83951
	12.8355	45.83955
	12.83521	45.83971
	12.83515	45.83978
	12.83514	45.83998
	12.83521	45.84049
	12.83511	45.84088
	12.83514	45.84094
	12.8352	45.84101
	12.83528	45.84106
	12.83571	45.84114
	12.8368	45.84129
	12.83758	45.84142
	12.83772	45.84143
	12.83757	45.84198
	12.83754	45.84222
	12.83744	45.8427
	12.83729	45.84359
	12.83711	45.8445
	12.83709	45.84467
	12.83703	45.84492
	12.83652	45.84583
	12.83643	45.84611
	12.83624	45.84628
	12.83587	45.84718
	12.83657	45.84743
	12.8374	45.84775
	12.83747	45.84774
	12.83842	45.84772
	12.8387	45.8477
	12.83912	45.84765
	12.83959	45.84764
	12.84071	45.84765
	12.84085	45.84763
	12.84154	45.84763
	12.84218	45.84765
	12.84293	45.8477
	12.84381	45.8478
	12.84483	45.84804
	12.84554	45.84806
	12.84699	45.84807
	12.84745	45.84811
	12.84756	45.84813
	12.84769	45.84816
	12.84805	45.84828
	12.84819	45.84834
	12.84854	45.84845
	12.84879	45.84849
	12.84925	45.84853
	12.84934	45.84855
	12.8506	45.84893
	12.85099	45.84916
	12.85092	45.84927
	12.85085	45.84933
	12.85108	45.84944
	12.85138	45.84952
	12.85208	45.84965
	12.85351	45.84982
	12.85417	45.84988
	12.85485	45.84988
	12.85469	45.85007
	12.85684	45.8519
	12.85701	45.85191
	12.85789	45.85204
	12.8581	45.85208
	12.86057	45.85267
	12.8615	45.85284
	12.86383	45.85124
	12.86224	45.84891
	12.86157	45.84879
	12.86152	45.84877
	12.86144	45.84876
	12.8603	45.84849
	12.8604	45.84841
	12.86046	45.84838
	12.86098	45.84819
	12.86132	45.84814
	12.86156	45.84812
	12.86183	45.84812
	12.86235	45.84821
	12.8626	45.8483
	12.8628	45.84839
	12.8628	45.8484
	12.86295	45.84848
	12.86289	45.84859
	12.86305	45.84896
	12.86308	45.84889
	12.86313	45.84883
	12.86324	45.84881
	12.86346	45.84882
	12.86363	45.84881
	12.86444	45.84871
	12.86458	45.84867
	12.8647	45.84861
	12.86485	45.8485
	12.86494	45.84841
	12.8651	45.84815
	12.86523	45.84802
	12.86536	45.84796
	12.86568	45.84785
	12.86631	45.84765
	12.86671	45.84746
	12.86708	45.84724
	12.86744	45.84707
	12.86752	45.84699
	12.86755	45.84688
	12.86746	45.84645
	12.86746	45.84625
	12.86749	45.84618
	12.86829	45.84588
	12.86846	45.84579
	12.86866	45.84565
	12.86886	45.84548
	12.86917	45.84528
	12.86938	45.84511
	12.86945	45.84522
	12.8695	45.84538
	12.86965	45.84563
	12.86966	45.84579
	12.86982	45.84599
	12.87002	45.84613
	12.87019	45.84622
	12.8705	45.84638
	12.87082	45.84651
	12.87102	45.84661
	12.87167	45.84703
	12.87188	45.84719
	12.87217	45.84747
	12.87224	45.84759
	12.87231	45.84776
	12.8724	45.84789
	12.87269	45.84809
	12.87314	45.84879
	12.87337	45.84973
	12.8735	45.85
	12.8735	45.8502
	12.87403	45.85029
	12.87459	45.8503
	12.8746	45.85027
	12.87475	45.85028
	12.8748	45.85019
	12.87502	45.85003
	12.8751	45.84987
	12.87539	45.84943
	12.87544	45.84931
	12.87555	45.8489
	12.87551	45.84873
	12.87556	45.84858
	12.87557	45.84848
	12.87555	45.84841
	12.87557	45.84827
	12.87565	45.84795
	12.87569	45.84795
	12.87573	45.84793
	12.87574	45.8479
	12.87583	45.84746
	12.87586	45.84738
	12.87583	45.84715
	12.87581	45.84676
	12.87585	45.84642
	12.87588	45.84636
	12.87611	45.84629
	12.87612	45.84626
	12.876	45.84598
	12.87599	45.84588
	12.87602	45.84564
	12.87607	45.84543
	12.87609	45.8454
	12.8761	45.84521
	12.87598	45.84483
	12.87574	45.84424
	12.87678	45.84356
	12.87748	45.84314
	12.8773	45.84297
	12.87734	45.84294
	12.87738	45.84279
	12.87754	45.84281
	12.87771	45.84149
	12.87804	45.8402
	12.87789	45.84016
	12.87791	45.84
	12.87728	45.83919
	12.87689	45.83875
	12.87666	45.83853
	12.87612	45.83806
	12.87514	45.8373
	12.87233	45.83758
	12.87262	45.8404
	12.87232	45.84016
	12.87148	45.83937
	12.87138	45.83929
	12.87122	45.83913
	12.87094	45.83879
	12.87072	45.83843
	12.87099	45.83826
	12.87097	45.83802
	12.87006	45.83804
	12.86898	45.83701
	12.86856	45.8365
	12.86837	45.83621
	12.86842	45.83601
	12.87084	45.83703
	12.87194	45.83443
	12.87184	45.83413
	12.87155	45.83292
	12.87223	45.8327
	12.87226	45.83268
	12.87227	45.83265
	12.87222	45.83254
	12.87356	45.83208
	12.87347	45.83194
	12.87352	45.83188
	12.87364	45.83182
	12.87383	45.83176
	12.87403	45.83167
	12.87417	45.83163
	12.87443	45.83163
	12.87482	45.83166
	12.87516	45.83125
	12.87517	45.83123
	12.87514	45.83116
	12.87482	45.83083
	12.87471	45.83069
	12.87465	45.83059
	12.87454	45.83025
	12.87506	45.8301
	12.87491	45.82994
	12.87547	45.82983
	12.87553	45.82942
	12.87564	45.82909
	12.876	45.8285
	12.87636	45.82817
	12.87666	45.82798
	12.87695	45.82784
	12.8773	45.82772
	12.87741	45.82777
	12.87752	45.82752
	12.87751	45.82679
	12.87747	45.82641
	12.87743	45.82621
	12.87733	45.82588
	12.87727	45.82556
	12.87682	45.82449
	12.87714	45.82441
	12.8777	45.82424
	12.87812	45.8242
	12.87853	45.82429
	12.87892	45.8244
	12.87957	45.82461
	12.87984	45.82471
	12.88002	45.82485
	12.88058	45.82506
	12.8825	45.82564
	12.8829	45.82581
	12.88356	45.82583
	12.88438	45.82589
	12.88469	45.82589
	12.88485	45.8257
	12.88492	45.82567
	12.88498	45.82558
	12.88508	45.82548
	12.88516	45.82543
	12.88555	45.82533
	12.88578	45.82522
	12.8859	45.82509
	12.88605	45.82483
	12.88611	45.82479
	12.8876	45.82432
	12.88807	45.82423
	12.88888	45.8241
	12.88902	45.82407
	12.88976	45.82386
	12.88994	45.82383
	12.89043	45.82383
	12.89088	45.8238
	12.89129	45.82374
	12.89135	45.82374
	12.89154	45.8237
	12.89159	45.82365
	12.89162	45.82357
	12.89158	45.8233
	12.89153	45.82315
	12.89124	45.82246
	12.89103	45.82202
	12.89098	45.82187
	12.89096	45.82171
	12.89093	45.82163
	12.89085	45.82146
	12.89064	45.82109
	12.89017	45.8205
	12.89058	45.82041
	12.89118	45.82031
	12.89158	45.82023
	12.89203	45.82009
	12.89226	45.82
	12.89233	45.81996
	12.89305	45.82009
	12.8931	45.82009
	12.89315	45.81979
	12.89386	45.81989
	12.8943	45.81992
	12.89409	45.82022
	12.89415	45.82026
	12.89457	45.82042
	12.89474	45.82051
	12.89511	45.82078
	12.89537	45.82095
	12.89597	45.82126
	12.89621	45.82097
	12.8963	45.82094
	12.89695	45.82118
	12.8975	45.82141
	12.89774	45.82149
	12.89785	45.82154
	12.89877	45.82186
	12.89912	45.82197
	12.89947	45.8221
	12.89974	45.82221
	12.90033	45.82251
	12.90029	45.82276
	12.90013	45.82345
	12.90016	45.8238
	12.90016	45.82402
	12.90026	45.82407
	12.90036	45.82415
	12.90068	45.82434
	12.90074	45.82439
	12.90085	45.8245
	12.90102	45.82474
	12.9013	45.82505
	12.90119	45.82528
	12.90112	45.82552
	12.90108	45.82581
	12.90108	45.82608
	12.90113	45.82624
	12.90152	45.82684
	12.90183	45.82735
	12.902	45.82751
	12.9021	45.82756
	12.90246	45.8277
	12.904	45.82809
	12.90398	45.82817
	12.9049	45.82832
	12.90784	45.82869
	12.90822	45.82772
	12.90968	45.82794
	12.91048	45.82656
	12.91056	45.82637
	12.91076	45.82599
	12.91192	45.8262
	12.91302	45.82638
	12.91333	45.82641
	12.91432	45.82662
	12.91438	45.82658
	12.91449	45.82654
	12.91456	45.8265
	12.9146	45.82645
	12.91474	45.82536
	12.91525	45.82426
	12.91532	45.82437
	12.91536	45.82448
	12.9154	45.82453
	12.91613	45.82527
	12.9167	45.82593
	12.91704	45.82629
	12.91745	45.82676
	12.91779	45.82718
	12.91824	45.82765
	12.9189	45.82838
	12.91915	45.82863
	12.92041	45.83011
	12.92094	45.8307
	12.92132	45.83105
	12.92138	45.83116
	12.92148	45.83106
	12.92196	45.83017
	12.92307	45.82822
	12.92344	45.82737
	12.92359	45.82685
	12.92401	45.82579
	12.9244	45.82444
	12.92443	45.82439
	12.92516	45.82348
	12.92528	45.82337
	12.92584	45.82278
	12.92715	45.82129
	12.92718	45.82123
	12.92718	45.82106
	12.92799	45.82001
	12.92975	45.81766
	12.92998	45.81737
	12.93009	45.81745
	12.93021	45.81749
	12.93092	45.81765
	12.93103	45.81769
	12.93288	45.81814
	12.93293	45.81816
	12.93521	45.8187
	12.93542	45.81874
	12.93718	45.81917
	12.94136	45.82022
	12.94163	45.82026
	12.94274	45.82054
	12.94615	45.82135
	12.94709	45.82106
	12.94727	45.82098
	12.9481	45.82075
	12.94834	45.82075
	12.94848	45.82059
	12.94868	45.82075
	12.94875	45.82084
	12.94878	45.82096
	12.94868	45.82114
	12.94917	45.82138
	12.94943	45.82154
	12.9497	45.82174
	12.94976	45.82177
	12.95089	45.82224
	12.95828	45.82252
	12.95767	45.8231
	12.95689	45.82375
	12.9562	45.82435
	12.95085	45.82911
	12.95104	45.82922
	12.95097	45.82965
	12.95089	45.83361
	12.95089	45.83362
	12.95104	45.83364
	12.95061	45.83513
	12.95077	45.83524
	12.95086	45.83539
	12.95096	45.83608
	12.951	45.83654
	12.95102	45.83708
	12.95121	45.8374
	12.95134	45.83773
	12.95138	45.83803
	12.95138	45.83861
	12.95173	45.83862
	12.95227	45.83867
	12.95224	45.83918
	12.9521	45.83922
	12.95152	45.83934
	12.95164	45.84065
	12.9517	45.84171
	12.95135	45.84175
	12.95144	45.84246
	12.95118	45.84248
	12.95174	45.84365
	12.95331	45.84433
	12.95349	45.84443
	12.9549	45.84541
	12.95502	45.84552
	12.95516	45.84572
	12.95536	45.84594
	12.95547	45.8461
	12.95549	45.84622
	12.95549	45.84645
	12.95563	45.84648
	12.95575	45.84626
	12.95588	45.8463
	12.9562	45.84647
	12.95627	45.84648
	12.95636	45.84651
	12.95737	45.847
	12.95798	45.8474
	12.95905	45.84727
	12.95914	45.84725
	12.95934	45.84718
	12.95952	45.8472
	12.95966	45.8472
	12.9612	45.84699
	12.96158	45.84692
	12.96229	45.84625
	12.96249	45.84604
	12.96262	45.84595
	12.96512	45.84617
	12.96551	45.84579
	12.9674	45.84333
	12.96705	45.84052
	12.96672	45.84056
	12.9667	45.84027
	12.9668	45.8392
	12.9667	45.8375
	12.96724	45.83684
	12.96934	45.83566
	12.97157	45.83561
	12.97412	45.83584
	12.97669	45.83533
	12.97684	45.83511
	12.97708	45.83487
	12.97717	45.83476
	12.97747	45.8345
	12.97745	45.83442
	12.97727	45.8341
	12.97708	45.83371
	12.97623	45.83201
	12.97434	45.8314
	12.97371	45.83133
	12.96925	45.82935
	12.96918	45.8293
	12.96913	45.8287
	12.96912	45.8283
	12.9692	45.82808
	12.9705	45.82673
	12.97057	45.82665
	12.97056	45.82655
	12.97277	45.82412
	12.97323	45.82365
	12.97376	45.82364
	12.97415	45.82362
	12.97476	45.82344
	12.97628	45.82365
	12.97668	45.82368
	12.97695	45.82374
	12.97711	45.82386
	12.97733	45.82411
	12.978	45.82674
	12.97824	45.82693
	12.97888	45.82662
	12.97957	45.82675
	12.98046	45.82699
	12.98213	45.8274
	12.98263	45.82708
	12.98372	45.82674
	12.98428	45.82654
	12.98448	45.82649
	12.98473	45.8264
	12.98468	45.8263
	12.98448	45.82608
	12.98409	45.82578
	12.98362	45.82528
	12.98367	45.82501
	12.98296	45.8251
	12.98195	45.82486
	12.9808	45.82463
	12.98043	45.82454
	12.97967	45.82461
	12.97855	45.82391
	12.9783	45.8238
	12.97815	45.82372
	12.97779	45.82348
	12.97725	45.82309
	12.977	45.82297
	12.97641	45.82274
	12.97597	45.82267
	12.97494	45.82259
	12.97436	45.82268
	12.97376	45.82273
	12.97327	45.82184
	12.9732	45.82153
	12.97316	45.82123
	12.97315	45.82102
	12.97317	45.82088
	12.97337	45.82021
	12.97342	45.82011
	12.9735	45.82003
	12.97404	45.81987
	12.97451	45.81965
	12.97493	45.81947
	12.97529	45.81937
	12.97589	45.81926
	12.97625	45.81914
	12.97642	45.81907
	12.97657	45.81907
	12.97662	45.81908
	12.97758	45.81898
	12.97803	45.81888
	12.97888	45.81863
	12.97908	45.81859
	12.97934	45.81859
	12.97982	45.81867
	12.98063	45.8187
	12.98143	45.81878
	12.98291	45.81891
	12.98431	45.81896
	12.98614	45.81887
	12.98628	45.81885
	12.98684	45.81859
	12.98845	45.81779
	12.98892	45.81744
	12.99079	45.8165
	12.99121	45.81627
	12.99173	45.81589
	12.99248	45.81541
	12.99299	45.81559
	12.99316	45.81535
	12.99339	45.81475
	12.99343	45.81444
	12.99339	45.81415
	12.99339	45.81404
	12.9932	45.81349
	12.99301	45.81308
	12.99292	45.81282
	12.99276	45.81213
	12.99261	45.81166
	12.99245	45.81124
	12.99218	45.81072
	12.99199	45.81045
	12.99156	45.80999
	12.99105	45.80966
	12.99068	45.80945
	12.98959	45.80914
	12.98912	45.80899
	12.98877	45.8089
	12.98851	45.80889
	12.98807	45.80896
	12.98749	45.80907
	12.98745	45.80909
	12.98728	45.80913
	12.98694	45.80928
	12.98666	45.80943
	12.98643	45.80958
	12.98594	45.81
	12.98558	45.81028
	12.98508	45.81074
	12.98498	45.81091
	12.98492	45.81169
	12.98493	45.81219
	12.98474	45.81345
	12.98386	45.81424
	12.98337	45.8146
	12.98281	45.81481
	12.98188	45.81513
	12.98146	45.81521
	12.98023	45.81496
	12.97864	45.81429
	12.97848	45.81415
	12.97791	45.81375
	12.97752	45.81233
	12.97744	45.81194
	12.97738	45.81094
	12.97739	45.81084
	12.97737	45.81077
	12.97733	45.81031
	12.97728	45.81018
	12.97724	45.80997
	12.97719	45.80982
	12.97714	45.80971
	12.97705	45.80957
	12.9768	45.80894
	12.97661	45.80867
	12.97653	45.80871
	12.97625	45.80879
	12.97604	45.80877
	12.97586	45.80876
	12.97585	45.80876
	12.97572	45.80872
	12.97545	45.80853
	12.97445	45.80769
	12.97429	45.80749
	12.97417	45.80724
	12.97401	45.80698
	12.97392	45.80662
	12.97399	45.80641
	12.97436	45.8057
	12.97455	45.80547
	12.97472	45.80531
	12.97515	45.80486
	12.9754	45.80465
	12.97567	45.80445
	12.97719	45.80347
	12.97745	45.80332
	12.97787	45.80303
	12.97798	45.80297
	12.97859	45.80254
	12.97934	45.80205
	12.97986	45.80169
	12.98033	45.80139
	12.98062	45.80117
	12.98102	45.80079
	12.98116	45.80062
	12.98139	45.80007
	12.98147	45.79976
	12.98149	45.79952
	12.98148	45.79911
	12.98145	45.79888
	12.98132	45.79843
	12.98114	45.79766
	12.98114	45.79734
	12.98118	45.79688
	12.98126	45.79651
	12.98132	45.79633
	12.98137	45.79624
	12.98147	45.79611
	12.98182	45.79577
	12.98211	45.79556
	12.98251	45.79537
	12.98274	45.79526
	12.98339	45.79516
	12.98365	45.79518
	12.98404	45.79523
	12.9844	45.79531
	12.98472	45.79536
	12.98493	45.79542
	12.98543	45.79564
	12.98577	45.79583
	12.9861	45.79609
	12.98678	45.79679
	12.98692	45.79701
	12.98698	45.79714
	12.98705	45.79765
	12.98705	45.79776
	12.98699	45.79804
	12.98701	45.79842
	12.98699	45.79864
	12.98718	45.79911
	12.98745	45.79966
	12.98796	45.80061
	12.98808	45.80078
	12.98834	45.80106
	12.98868	45.80133
	12.98896	45.8015
	12.98926	45.80156
	12.98926	45.80157
	12.9895	45.80153
	12.98984	45.80143
	12.98998	45.80136
	12.99063	45.80084
	12.99089	45.8006
	12.99111	45.80035
	12.99128	45.80011
	12.99145	45.79978
	12.99154	45.79941
	12.9917	45.79899
	12.9918	45.79855
	12.99183	45.79789
	12.99178	45.79762
	12.9917	45.79743
	12.9914	45.7971
	12.99116	45.79693
	12.99065	45.79661
	12.99	45.79626
	12.98959	45.79604
	12.98916	45.79579
	12.98915	45.79577
	12.98879	45.79559
	12.98783	45.79513
	12.98737	45.79493
	12.98573	45.79435
	12.98549	45.79433
	12.9851	45.79426
	12.98484	45.79417
	12.98455	45.7941
	12.98337	45.79365
	12.9832	45.79356
	12.98274	45.79346
	12.98261	45.79342
	12.98245	45.79339
	12.98196	45.79324
	12.9816	45.79315
	12.98123	45.79308
	12.98095	45.79291
	12.98001	45.79288
	12.97862	45.79288
	12.97747	45.7929
	12.97687	45.79289
	12.97658	45.79286
	12.97629	45.7928
	12.97608	45.79277
	12.97587	45.79272
	12.97505	45.79243
	12.97481	45.79232
	12.97411	45.79217
	12.97389	45.79201
	12.97369	45.79183
	12.97338	45.79152
	12.97316	45.79135
	12.97264	45.7909
	12.97235	45.79055
	12.97228	45.79042
	12.97215	45.79013
	12.97212	45.78997
	12.97211	45.78972
	12.97215	45.78955
	12.97229	45.78919
	12.97244	45.78895
	12.97252	45.78885
	12.97285	45.7885
	12.97331	45.7882
	12.97357	45.78813
	12.97402	45.78808
	12.97463	45.78805
	12.97554	45.78803
	12.97618	45.788
	12.97677	45.78795
	12.97709	45.7879
	12.97956	45.7872
	12.97978	45.78713
	12.98025	45.78701
	12.98039	45.78696
	12.98123	45.78673
	12.98188	45.78645
	12.98213	45.78631
	12.9826	45.78595
	12.98299	45.78569
	12.9832	45.78552
	12.9839	45.78506
	12.98419	45.78484
	12.98435	45.7847
	12.98449	45.78445
	12.98453	45.78429
	12.98463	45.78403
	12.98468	45.78381
	12.98472	45.78343
	12.98482	45.78287
	12.98488	45.78199
	12.98486	45.78117
	12.98487	45.7805
	12.985	45.7795
	12.985	45.77934
	12.98497	45.7792
	12.98489	45.77805
	12.98488	45.77743
	12.9849	45.77717
	12.9851	45.77664
	12.98517	45.77654
	12.98545	45.77637
	12.98567	45.77627
	12.98594	45.77622
	12.98653	45.77616
	12.98709	45.77616
	12.98787	45.77625
	12.9892	45.77622
	12.99049	45.77623
	12.99062	45.77622
	12.99145	45.77621
	12.99209	45.77619
	12.99276	45.77614
	12.99311	45.77606
	12.99344	45.77595
	12.99382	45.77582
	12.99411	45.77568
	12.99435	45.77551
	12.99479	45.77508
	12.99506	45.77477
	12.99567	45.77398
	12.99579	45.77379
	12.99604	45.7733
	12.99621	45.77278
	12.99633	45.77231
	12.99642	45.77208
	12.99655	45.77164
	12.99666	45.77137
	12.99694	45.7708
	12.99715	45.77032
	12.99739	45.76987
	12.99756	45.7696
	12.99785	45.76919
	12.99827	45.76869
	12.99842	45.76852
	12.99876	45.76819
	12.99899	45.76802
	13.00001	45.76729
	13.00047	45.7671
	13.00118	45.76684
	13.00236	45.76649
	13.00365	45.76624
	13.00492	45.76601
	13.00618	45.76581
	13.00741	45.7655
	13.00815	45.7653
	13.00866	45.7651
	13.00981	45.76463
	13.01043	45.76431
	13.01083	45.76404
	13.01128	45.7637
	13.01169	45.76338
	13.01218	45.76295
	13.01236	45.7627
	13.01239	45.76261
	13.01241	45.76236
	13.01232	45.76205
	13.01215	45.76172
	13.0119	45.76141
	13.01166	45.7612
	13.01135	45.761
	13.01086	45.76078
	13.01051	45.76066
	13.01009	45.76058
	13.00947	45.76055
	13.00891	45.76054
	13.00751	45.76063
	13.00536	45.76085
	13.00487	45.76089
	13.00416	45.76093
	13.00237	45.76094
	13.00165	45.76091
	13.00134	45.76087
	13.00114	45.76082
	13.00076	45.76069
	13.00065	45.76063
	13.00012	45.76033
	12.9999	45.76018
	12.99968	45.75994
	12.99952	45.75971
	12.99938	45.75926
	12.99936	45.75905
	12.99939	45.7587
	12.99949	45.75846
	12.99969	45.7582
	12.99992	45.75803
	13.00013	45.7579
	13.00114	45.75736
	13.00234	45.75688
	13.00343	45.75641
	13.004	45.75618
	13.00435	45.75599
	13.00507	45.75546
	13.00542	45.75511
	13.00564	45.75485
	13.00583	45.75459
	13.00588	45.75448
	13.00593	45.7543
	13.00598	45.75386
	13.00587	45.75337
	13.00573	45.75304
	13.0056	45.75281
	13.00538	45.75255
	13.00446	45.75182
	13.00418	45.75167
	13.00368	45.75147
	13.00328	45.75134
	13.00232	45.75078
	13.00137	45.75019
	13.00117	45.75003
	13.00099	45.74985
	13.0009	45.74971
	13.0009	45.74967
	13.00099	45.74938
	13.00122	45.7488
	13.00141	45.74844
	13.00171	45.74808
	13.00212	45.7477
	13.00286	45.74714
	13.00361	45.7467
	13.00394	45.74647
	13.00637	45.74497
	13.0072	45.74451
	13.00781	45.74421
	13.00844	45.74395
	13.00909	45.74376
	13.01063	45.74343
	13.01229	45.74316
	13.01383	45.74286
	13.01435	45.74273
	13.01469	45.74259
	13.01497	45.7424
	13.01528	45.742
	13.0155	45.74165
	13.01565	45.7412
	13.0157	45.74077
	13.01568	45.74029
	13.01562	45.74008
	13.01554	45.73891
	13.01556	45.73839
	13.0156	45.73788
	13.01559	45.73772
	13.01585	45.73664
	13.01605	45.73611
	13.01606	45.73582
	13.016	45.7355
	13.0159	45.73527
	13.01564	45.73494
	13.01542	45.73477
	13.01503	45.73457
	13.01439	45.73427
	13.01385	45.73408
	13.01138	45.73353
	13.01085	45.73337
	13.01007	45.73306
	13.00915	45.73265
	13.00896	45.73254
	13.00871	45.73236
	13.0085	45.73214
	13.00835	45.73191
	13.00776	45.7308
	13.0076	45.73037
	13.00748	45.72968
	13.00743	45.72861
	13.00749	45.72745
	13.0075	45.72676
	13.00752	45.72635
	13.00758	45.72598
	13.00767	45.72568
	13.00785	45.72542
	13.0083	45.72486
	13.00883	45.72458
	13.01133	45.72374
	13.01206	45.7236
	13.01288	45.72357
	13.01339	45.72364
	13.01388	45.72378
	13.01462	45.72413
	13.01535	45.72454
	13.01578	45.72497
	13.01625	45.72557
	13.01652	45.72599
	13.01666	45.72645
	13.01669	45.72689
	13.01635	45.72827
	13.01617	45.72936
	13.01615	45.72986
	13.01616	45.73032
	13.01627	45.73065
	13.0165	45.73087
	13.01724	45.73141
	13.01919	45.73253
	13.02331	45.73504
	13.0245	45.73581
	13.02525	45.73622
	13.02574	45.73645
	13.02588	45.7365
	13.02733	45.7369
	13.0279	45.737
	13.02836	45.737
	13.02867	45.73695
	13.02898	45.73679
	13.02935	45.73652
	13.02978	45.73602
	13.02986	45.73551
	13.02984	45.7352
	13.02976	45.73491
	13.02972	45.73484
	13.02865	45.73322
	13.0283	45.73274
	13.02789	45.73164
	13.02757	45.73055
	13.02735	45.72938
	13.02722	45.72828
	13.02719	45.72757
	13.02735	45.72688
	13.0275	45.72655
	13.02797	45.72593
	13.02845	45.72555
	13.02887	45.7254
	13.03042	45.72495
	13.03188	45.72446
	13.03321	45.72394
	13.03421	45.72349
	13.03524	45.72306
	13.03689	45.7223
	13.0378	45.72191
	13.03824	45.72167
	13.0384	45.72158
	13.03943	45.72091
	13.03982	45.72055
	13.04022	45.72003
	13.04036	45.71982
	13.04042	45.7197
	13.04037	45.71949
	13.04001	45.71885
	13.03921	45.71784
	13.03893	45.71732
	13.03879	45.71676
	13.03857	45.71563
	13.03838	45.71455
	13.03838	45.7139
	13.03861	45.71229
	13.03889	45.7109
	13.03922	45.70963
	13.0395	45.70878
	13.04032	45.70686
	13.04104	45.70586
	13.04164	45.70532
	13.04232	45.70484
	13.04289	45.70449
	13.04376	45.70405
	13.04516	45.70339
	13.04581	45.70306
	13.04648	45.70263
	13.04719	45.70199
	13.04728	45.70189
	13.04732	45.70173
	13.04714	45.70146
	13.04698	45.70129
	13.04679	45.70115
	13.0463	45.70099
	13.04481	45.70083
	13.04419	45.70081
	13.04327	45.70083
	13.04238	45.70094
	13.04073	45.70108
	13.03985	45.70122
	13.03927	45.70135
	13.03917	45.70137
	13.03875	45.70145
	13.0382	45.70142
	13.03775	45.70138
	13.03709	45.70125
	13.03678	45.70117
	13.03656	45.70105
	13.03638	45.70086
	13.03609	45.70046
	13.03607	45.70032
	13.03607	45.70011
	13.03612	45.69991
	13.03627	45.69966
	13.0369	45.69911
	13.03714	45.69896
	13.03805	45.69828
	13.0393	45.69738
	13.03971	45.69714
	13.03993	45.69705
	13.04013	45.69693
	13.04069	45.69669
	13.04188	45.69614
	13.04329	45.6956
	13.04363	45.69544
	13.04391	45.69516
	13.04422	45.69475
	13.04452	45.6945
	13.04491	45.69425
	13.04594	45.69375
	13.04636	45.69359
	13.04656	45.69359
	13.04678	45.69364
	13.04699	45.69377
	13.04717	45.69399
	13.04735	45.69438
	13.04747	45.69518
	13.04773	45.69603
	13.04789	45.69625
	13.04809	45.69641
	13.04824	45.69651
	13.04851	45.69664
	13.04908	45.69687
	13.04921	45.69694
	13.04931	45.69696
	13.04941	45.69694
	13.0496	45.69681
	13.04971	45.69683
	13.04988	45.6969
	13.04999	45.69696
	13.05004	45.69703
	13.05012	45.69706
	13.05031	45.69707
	13.0505	45.69705
	13.05066	45.697
	13.05116	45.69692
	13.05144	45.69684
	13.05208	45.69677
	13.05259	45.69589
	13.05293	45.69515
	13.05317	45.69436
	13.05321	45.69415
	13.05325	45.69366
	13.05325	45.6933
	13.05318	45.69295
	13.05253	45.69155
	13.05129	45.68947
	13.05087	45.68881
	13.05057	45.68843
	13.04966	45.68751
	13.04934	45.68722
	13.04904	45.68703
	13.04874	45.68691
	13.04845	45.68686
	13.04839	45.68684
	13.04799	45.68686
	13.04698	45.68719
	13.04641	45.68741
	13.04585	45.68755
	13.04508	45.68763
	13.04463	45.6876
	13.04405	45.68735
	13.04383	45.68718
	13.04369	45.68696
	13.04361	45.68673
	13.04357	45.68631
	13.04354	45.6852
	13.04363	45.68485
	13.04366	45.68479
	13.04385	45.68446
	13.04413	45.68417
	13.04442	45.68391
	13.04495	45.68356
	13.04546	45.68335
	13.0472	45.68252
	13.04743	45.6824
	13.04799	45.68207
	13.04939	45.68121
	13.04985	45.68081
	13.05185	45.67923
	13.05278	45.67841
	13.05373	45.67776
	13.05404	45.67758
	13.05428	45.67748
	13.05454	45.67741
	13.05479	45.67736
	13.05512	45.67735
	13.05557	45.67741
	13.05606	45.67756
	13.0566	45.6778
	13.05774	45.67861
	13.05869	45.67914
	13.05903	45.67927
	13.05942	45.6794
	13.0602	45.67958
	13.06037	45.6796
	13.06062	45.67959
	13.06124	45.67951
	13.06172	45.67937
	13.06254	45.67908
	13.06299	45.67882
	13.06331	45.67856
	13.06418	45.67765
	13.06484	45.67669
	13.06551	45.67568
	13.06612	45.67463
	13.06642	45.67388
	13.0666	45.67336
	13.06692	45.67233
	13.06701	45.67174
	13.06701	45.67122
	13.06694	45.67075
	13.06689	45.67048
	13.06675	45.67002
	13.06659	45.66963
	13.06635	45.6693
	13.06609	45.66905
	13.06537	45.66829
	13.06422	45.66727
	13.06384	45.6669
	13.06341	45.66637
	13.06296	45.66575
	13.06222	45.66462
	13.06196	45.6641
	13.0617	45.66323
	13.06145	45.66219
	13.06137	45.66101
	13.06139	45.6599
	13.06153	45.65931
	13.06167	45.65881
	13.06208	45.65767
	13.06228	45.65728
	13.06244	45.65707
	13.06273	45.65674
	13.06293	45.65656
	13.06347	45.65612
	13.06387	45.65583
	13.06425	45.65569
	13.06475	45.65561
	13.06539	45.65559
	13.06603	45.65563
	13.06693	45.65585
	13.06889	45.65659
	13.0697	45.65695
	13.07221	45.65849
	13.07304	45.65894
	13.0735	45.65918
	13.0749	45.6597
	13.0755	45.65983
	13.07599	45.65987
	13.07657	45.65987
	13.07815	45.65978
	13.07896	45.65971
	13.07979	45.65957
	13.08234	45.65851
	13.08284	45.65816
	13.08379	45.65761
	13.08424	45.65728
	13.08452	45.65698
	13.08455	45.65687
	13.08449	45.65671
	13.08446	45.65668
	13.08405	45.65633
	13.0837	45.6561
	13.08319	45.65584
	13.08298	45.65577
	13.08213	45.65556
	13.0805	45.65449
	13.08026	45.65435
	13.07987	45.65403
	13.07925	45.65362
	13.07916	45.65353
	13.0788	45.65292
	13.07866	45.65259
	13.07862	45.65257
	13.07858	45.65221
	13.07852	45.65204
	13.07849	45.65189
	13.07842	45.65121
	13.07844	45.65068
	13.07867	45.65
	13.07881	45.64969
	13.0791	45.64939
	13.07979	45.64906
	13.08002	45.64901
	13.0807	45.64902
	13.08133	45.64897
	13.08163	45.64898
	13.08211	45.64906
	13.08279	45.64929
	13.08378	45.64985
	13.08413	45.65021
	13.08522	45.65087
	13.08544	45.65103
	13.08589	45.65146
	13.08622	45.65186
	13.08795	45.65147
	13.08946	45.65086
	13.08952	45.65084
	13.09005	45.65057
	13.09112	45.6501
	13.09233	45.6494
	13.09298	45.64888
	13.09355	45.64837
	13.09485	45.64741
	13.09545	45.6469
	13.09759	45.64522
	13.098	45.64495
	13.099	45.64439
	13.27314	45.59171
	12.84856	45.47
	12.57406	45.04487
	12.33401	45.16324
	12.32948	45.1605
	12.32871	45.1594
	12.32747	45.15797
	12.32657	45.15723
	12.32553	45.15642
	12.32454	45.15573
	12.32347	45.15459
	12.32306	45.15425
	12.32259	45.15362
	12.32208	45.15272
	12.32144	45.15188
	12.32117	45.15163
	12.32065	45.15135
	12.31876	45.15081
	12.31821	45.15049
	12.31717	45.14968
	12.31586	45.1486
	12.31548	45.14763
	12.31444	45.14657
	12.31395	45.14612
	12.31326	45.14559
	12.31251	45.1451
	12.31238	45.14498
	12.31231	45.14467
	12.3113	45.14438
	12.31059	45.14432
	12.30847	45.14408
	12.30709	45.14391
	12.3058	45.1437
	12.30464	45.14362
	12.30411	45.14363
	12.30318	45.14352
	12.30205	45.14328
	12.30084	45.14318
	12.29993	45.14314
	12.29745	45.14314
	12.29666	45.14312
	12.29571	45.14312
	12.29163	45.14332
	12.29038	45.14354
	12.2887	45.14387
	12.28822	45.14395
	12.28717	45.14408
	12.28636	45.14416
	12.28573	45.14417
	12.28492	45.14406
	12.28424	45.14389
	12.28373	45.14373
	12.28319	45.14351
	12.28197	45.14286
	12.28141	45.14227
	12.28091	45.14166
	12.28076	45.14139
	12.28068	45.14102
	12.2806	45.13942
	12.28064	45.13855
	12.2808	45.13737
	12.28098	45.13657
	12.2822	45.13501
	12.28303	45.13401
	12.28381	45.13301
	12.2844	45.13201
	12.28526	45.12997
	12.28555	45.12896
	12.2855	45.12823
	12.28526	45.12722
	12.28448	45.12581
	12.28407	45.12545
	12.28322	45.12466
	12.28227	45.12402
	12.28158	45.12347
	12.2807	45.12284
	12.27864	45.12189
	12.27059	45.11795
	12.26962	45.11733
	12.26822	45.11655
	12.26722	45.11597
	12.26081	45.1136
	12.25498	45.1111
	12.2521	45.11
	12.24926	45.10905
	12.2457	45.10831
	12.24541	45.10826
	12.24102	45.10716
	12.23896	45.10671
	12.2374	45.10651
	12.23585	45.10624
	12.23372	45.10621
	12.23179	45.10622
	12.23059	45.10624
	12.22877	45.10617
	12.22578	45.10565
	12.2229	45.10508
	12.22057	45.10468
	12.2186	45.10447
	12.2156	45.10451
	12.21323	45.10466
	12.20997	45.10484
	12.20582	45.10519
	12.2029	45.10548
	12.20263	45.10465
	12.20247	45.10425
	12.20235	45.10379
	12.20201	45.10302
	12.20197	45.10289
	12.20157	45.10193
	12.20138	45.10153
	12.20125	45.1013
	12.20093	45.10089
	12.20066	45.10064
	12.20049	45.10045
	12.20027	45.10026
	12.20015	45.10011
	12.19965	45.09968
	12.19895	45.0992
	12.19879	45.09911
	12.1971	45.09849
	12.1961	45.09911
	12.19612	45.09911
	12.19478	45.09988
	12.19428	45.09911
	12.19396	45.09856
	12.19196	45.09544
	12.19032	45.09278
	12.18782	45.08842
	12.18673	45.08884
	12.18527	45.08923
	12.18447	45.08935
	12.18387	45.08923
	12.18241	45.08865
	12.18088	45.08824
	12.17972	45.08827
	12.17871	45.08866
	12.17796	45.08921
	12.17712	45.08987
	12.17619	45.09006
	12.17535	45.09028
	12.17482	45.09063
	12.1747	45.09097
	12.17444	45.0921
	12.17378	45.09315
	12.17335	45.09317
	12.17268	45.09285
	12.1714	45.09218
	12.17051	45.09207
	12.17011	45.09221
	12.16925	45.09296
	12.16874	45.0935
	12.16873	45.09413
	12.16827	45.09414
	12.16839	45.09322
	12.16783	45.09314
	12.16716	45.09231
	12.16707	45.09199
	12.16568	45.09051
	12.16444	45.08911
	12.1623	45.08666
	12.15989	45.08385
	12.15996	45.08259
	12.15851	45.08095
	12.15861	45.08059
	12.16212	45.07895
	12.1602	45.07512
	12.15887	45.07241
	12.15504	45.07231
	12.15118	45.07042
	12.14872	45.06918
	12.14703	45.06838
	12.14775	45.06733
	12.14788	45.06597
	12.14725	45.06337
	12.1475	45.06089
	12.14926	45.05853
	12.14782	45.05807
	12.14621	45.05764
	12.14477	45.05736
	12.14353	45.0572
	12.14252	45.05723
	12.14189	45.0557
	12.14063	45.05618
	12.13929	45.05619
	12.13669	45.05625
	12.13565	45.05706
	12.13483	45.05729
	12.13362	45.05784
	12.1326	45.05834
	12.1312	45.05853
	12.13039	45.05877
	12.1286	45.05933
	12.1281	45.05933
	12.12739	45.05917
	12.12725	45.05948
	12.12708	45.05966
	12.12705	45.05964
	12.12664	45.06055
	12.12628	45.06073
	12.126	45.06084
	12.12571	45.06094
	12.12529	45.06103
	12.12495	45.06106
	12.12456	45.06106
	12.1243	45.06104
	12.12396	45.06099
	12.12359	45.0609
	12.12341	45.06084
	12.12318	45.06093
	12.12298	45.06099
	12.12255	45.06109
	12.12242	45.0611
	12.12201	45.06165
	12.12187	45.06182
	12.1215	45.06222
	12.12145	45.06244
	12.12139	45.06261
	12.1211	45.06316
	12.121	45.06329
	12.12076	45.06356
	12.12062	45.06369
	12.12006	45.06406
	12.1197	45.0642
	12.11944	45.06428
	12.11891	45.06435
	12.11851	45.06435
	12.11819	45.06432
	12.11743	45.06421
	12.11724	45.06422
	12.11616	45.06434
	12.11595	45.06435
	12.11532	45.06435
	12.11252	45.06605
	12.11124	45.06687
	12.10848	45.06627
	12.10856	45.06589
	12.10634	45.06731
	12.10463	45.06837
	12.09435	45.07492
	12.08791	45.07899
	12.08405	45.08147
	12.08235	45.08258
	12.07904	45.08464
	12.07759	45.08557
	12.07728	45.08583
	12.07713	45.08604
	12.077	45.08616
	12.07674	45.08628
	12.07653	45.08632
	12.07635	45.08637
	12.07588	45.08665
	12.07098	45.08976
	12.06286	45.09494
	12.0586	45.0977
	12.05778	45.09821
	12.05743	45.09849
	12.05706	45.09884
	12.05584	45.09957
	12.05555	45.09969
	12.05513	45.0999
	12.05391	45.10069
	12.05096	45.10255
	12.0484	45.10423
	12.04713	45.10504
	12.04825	45.10855
	12.04892	45.1105
	12.04938	45.1119
	12.05001	45.11391
	12.05041	45.11509
	12.04598	45.11542
	12.04343	45.11558
	12.04273	45.11565
	12.04218	45.11574
	12.04068	45.11613
	12.03987	45.11635
	12.03891	45.11663
	12.03775	45.11693
	12.03685	45.11713
	12.03433	45.11761
	12.03048	45.1184
	12.02862	45.11877
	12.0288	45.11932
	12.02881	45.11952
	12.02869	45.12029
	12.02859	45.12057
	12.02876	45.12079
	12.02898	45.12113
	12.0294	45.12197
	12.02963	45.12236
	12.03038	45.1234
	12.03063	45.12353
	12.03102	45.12368
	12.03133	45.12383
	12.03231	45.12441
	12.03259	45.12454
	12.03299	45.12462
	12.03323	45.12468
	12.03497	45.12526
	12.03559	45.12559
	12.03589	45.12583
	12.03664	45.1274
	12.03664	45.12759
	12.03639	45.12856
	12.03585	45.12954
	12.03594	45.12966
	12.03608	45.12972
	12.0363	45.12974
	12.03698	45.12971
	12.03864	45.12949
	12.04008	45.12925
	12.04054	45.12918
	12.04068	45.12917
	12.04122	45.12922
	12.04213	45.12928
	12.04302	45.12953
	12.04364	45.12973
	12.04425	45.12976
	12.04473	45.12983
	12.04554	45.13007
	12.04636	45.13069
	12.0465	45.1309
	12.04579	45.13207
	12.04531	45.1331
	12.04429	45.13294
	12.04356	45.13291
	12.04282	45.13296
	12.04198	45.13306
	12.04008	45.1334
	12.03945	45.13345
	12.03809	45.1333
	12.03527	45.13321
	12.03352	45.13337
	12.03291	45.13353
	12.03232	45.13375
	12.03198	45.13395
	12.03173	45.13413
	12.03133	45.13454
	12.03038	45.13615
	12.02941	45.13767
	12.02901	45.13802
	12.02848	45.13835
	12.02783	45.13856
	12.02732	45.13863
	12.02585	45.13875
	12.02523	45.13874
	12.02458	45.13861
	12.02209	45.13816
	12.0215	45.13809
	12.01605	45.13821
	12.01406	45.13829
	12.01338	45.13842
	12.0104	45.13927
	12.00929	45.13968
	12.00819	45.14004
	12.00751	45.14019
	12.007	45.14027
	12.00647	45.14028
	12.00024	45.13979
	11.99931	45.13975
	11.99337	45.13973
	11.99269	45.1397
	11.99213	45.13962
	11.99121	45.13936
	11.98924	45.13877
	11.98727	45.13822
	11.98326	45.13717
	11.97349	45.13504
	11.97188	45.13471
	11.9688	45.13398
END
END
