Luxembourg
1
	5.735701	49.89693
	5.735708	49.89698
	5.735727	49.89702
	5.735781	49.8971
	5.735891	49.89721
	5.736006	49.89732
	5.736128	49.89742
	5.736204	49.8975
	5.736364	49.89761
	5.736433	49.89765
	5.736525	49.89775
	5.736582	49.89783
	5.736635	49.89793
	5.736666	49.89802
	5.7367	49.89815
	5.736715	49.89824
	5.736712	49.89827
	5.736673	49.89837
	5.736628	49.89848
	5.736582	49.89855
	5.736513	49.89863
	5.736441	49.89871
	5.736334	49.89881
	5.736269	49.89891
	5.736223	49.89897
	5.736212	49.89901
	5.736216	49.89904
	5.73625	49.89909
	5.736597	49.89952
	5.736723	49.89976
	5.736826	49.89995
	5.73694	49.90013
	5.737146	49.90043
	5.737413	49.90075
	5.737532	49.90088
	5.737665	49.90104
	5.737742	49.9011
	5.737837	49.90116
	5.738096	49.90129
	5.738386	49.90142
	5.738588	49.90151
	5.738645	49.90155
	5.738913	49.90173
	5.739275	49.90183
	5.739466	49.90189
	5.739744	49.90197
	5.739775	49.90198
	5.740229	49.90212
	5.740416	49.90216
	5.740461	49.90218
	5.740652	49.90266
	5.740576	49.90313
	5.740202	49.90354
	5.740076	49.90369
	5.739992	49.90379
	5.739786	49.904
	5.739782	49.90402
	5.73979	49.90406
	5.739836	49.90413
	5.739889	49.9042
	5.739916	49.90422
	5.740259	49.90434
	5.740278	49.90436
	5.740786	49.90448
	5.741446	49.90468
	5.741625	49.90473
	5.741644	49.90476
	5.741716	49.9048
	5.74177	49.90481
	5.741839	49.90482
	5.742136	49.90491
	5.742273	49.90496
	5.742384	49.905
	5.742426	49.90501
	5.74264	49.90505
	5.742777	49.90505
	5.742853	49.90505
	5.742968	49.90507
	5.743189	49.90514
	5.743399	49.90519
	5.743471	49.90521
	5.74365	49.90523
	5.743799	49.90526
	5.743868	49.90528
	5.743998	49.90533
	5.744249	49.90548
	5.744368	49.90555
	5.744513	49.90562
	5.744551	49.90565
	5.744612	49.90572
	5.744654	49.90576
	5.744696	49.90578
	5.744734	49.90583
	5.744821	49.90585
	5.74486	49.90587
	5.744986	49.90593
	5.745024	49.90594
	5.745108	49.90595
	5.745153	49.90596
	5.745215	49.90598
	5.745329	49.90599
	5.745489	49.90609
	5.745581	49.90615
	5.745672	49.90619
	5.745798	49.90623
	5.746134	49.90629
	5.746309	49.9063
	5.746454	49.90631
	5.746672	49.90631
	5.746653	49.90664
	5.74663	49.90704
	5.74655	49.90705
	5.746061	49.90779
	5.746206	49.90787
	5.746469	49.90799
	5.746641	49.90805
	5.746618	49.90808
	5.746492	49.90828
	5.747015	49.90841
	5.74721	49.90846
	5.747557	49.90859
	5.747713	49.90868
	5.747797	49.90873
	5.747881	49.90879
	5.74793	49.90887
	5.747988	49.90897
	5.748091	49.90906
	5.748354	49.90925
	5.748098	49.90944
	5.748518	49.90966
	5.74877	49.90978
	5.749533	49.91017
	5.749968	49.91039
	5.750204	49.91051
	5.750421	49.91063
	5.750746	49.91079
	5.751047	49.91095
	5.751585	49.91122
	5.752294	49.91159
	5.752501	49.91169
	5.75308	49.91198
	5.753515	49.91213
	5.753832	49.91223
	5.754591	49.91246
	5.755232	49.91265
	5.75635	49.91299
	5.757151	49.91324
	5.757597	49.91339
	5.757894	49.91348
	5.75881	49.91378
	5.75987	49.91414
	5.760931	49.91449
	5.761358	49.91463
	5.762034	49.91486
	5.762541	49.91502
	5.762896	49.91514
	5.76335	49.9153
	5.763586	49.91537
	5.763681	49.9154
	5.763929	49.91568
	5.764013	49.91577
	5.763311	49.91607
	5.763014	49.91627
	5.762777	49.9164
	5.76232	49.91665
	5.761759	49.91692
	5.761419	49.91706
	5.760935	49.91727
	5.760904	49.91728
	5.760748	49.91729
	5.760683	49.91729
	5.760618	49.91727
	5.76058	49.91727
	5.760546	49.91727
	5.760489	49.91729
	5.760477	49.91729
	5.760469	49.9173
	5.760473	49.91732
	5.760492	49.91732
	5.760557	49.91734
	5.760595	49.91735
	5.760645	49.91737
	5.760675	49.9174
	5.760694	49.91743
	5.760698	49.91748
	5.760691	49.91768
	5.760759	49.91795
	5.760843	49.91821
	5.760939	49.91841
	5.761	49.91853
	5.761149	49.91859
	5.761255	49.91866
	5.761366	49.91875
	5.761576	49.91895
	5.761694	49.91912
	5.761843	49.9194
	5.762026	49.91969
	5.762106	49.92021
	5.762137	49.92039
	5.762182	49.92059
	5.762198	49.9207
	5.762194	49.92083
	5.762182	49.92094
	5.762178	49.92098
	5.762182	49.92106
	5.762209	49.92117
	5.762247	49.9213
	5.762255	49.92135
	5.762247	49.92149
	5.762236	49.92159
	5.762213	49.92167
	5.762156	49.92178
	5.761999	49.92206
	5.761995	49.9221
	5.761991	49.92219
	5.762026	49.92225
	5.762098	49.92235
	5.762102	49.92245
	5.762075	49.92251
	5.762072	49.92254
	5.762064	49.92263
	5.762045	49.9227
	5.761923	49.9231
	5.761904	49.92314
	5.761877	49.92316
	5.761827	49.92318
	5.761743	49.92319
	5.761702	49.92321
	5.761675	49.92323
	5.761679	49.92325
	5.761743	49.92328
	5.761908	49.92335
	5.762072	49.9234
	5.762274	49.92343
	5.762499	49.92352
	5.762808	49.92368
	5.763086	49.9238
	5.763273	49.92388
	5.763388	49.92391
	5.763586	49.92395
	5.763952	49.92402
	5.764349	49.92408
	5.764494	49.92412
	5.764479	49.92413
	5.763594	49.9245
	5.763929	49.92509
	5.763956	49.92514
	5.764063	49.92527
	5.764418	49.92568
	5.764631	49.92605
	5.764715	49.92622
	5.764753	49.92631
	5.764792	49.92643
	5.764067	49.92646
	5.763613	49.92648
	5.763617	49.92674
	5.76364	49.92689
	5.763659	49.92701
	5.763464	49.92702
	5.763445	49.92702
	5.763452	49.92711
	5.763433	49.92719
	5.763411	49.92732
	5.763426	49.92738
	5.763472	49.92748
	5.763586	49.92768
	5.763723	49.92791
	5.763742	49.92791
	5.763918	49.92799
	5.764063	49.92807
	5.764303	49.9282
	5.764109	49.92842
	5.764097	49.92843
	5.764097	49.92845
	5.764113	49.92847
	5.764181	49.92851
	5.764681	49.92883
	5.764936	49.92899
	5.764746	49.92902
	5.764662	49.92902
	5.764605	49.92904
	5.764574	49.92907
	5.764486	49.92918
	5.764444	49.92922
	5.76404	49.92959
	5.76399	49.92964
	5.763884	49.92973
	5.76383	49.92978
	5.764517	49.93002
	5.764525	49.93005
	5.764593	49.93034
	5.764631	49.93052
	5.764547	49.93062
	5.764437	49.93078
	5.764418	49.9308
	5.764318	49.93087
	5.764212	49.93093
	5.764093	49.93099
	5.764055	49.93101
	5.764036	49.93103
	5.764006	49.93109
	5.763994	49.93113
	5.763979	49.93117
	5.763964	49.93128
	5.763956	49.93138
	5.763948	49.93146
	5.764223	49.93146
	5.764471	49.93145
	5.764666	49.93143
	5.765028	49.93139
	5.765421	49.93135
	5.76586	49.93132
	5.766214	49.93125
	5.766386	49.93122
	5.766501	49.93122
	5.766813	49.93122
	5.767008	49.93123
	5.767202	49.93126
	5.767355	49.93128
	5.76753	49.93131
	5.767671	49.93135
	5.767988	49.93144
	5.768564	49.93158
	5.768766	49.93162
	5.768915	49.93165
	5.769037	49.93166
	5.769297	49.93168
	5.769575	49.93169
	5.76988	49.93169
	5.770235	49.93169
	5.770517	49.93169
	5.770578	49.93168
	5.770971	49.93165
	5.770468	49.93243
	5.770357	49.9326
	5.769774	49.93311
	5.770075	49.93321
	5.770079	49.93322
	5.77009	49.93341
	5.770101	49.93353
	5.77014	49.93364
	5.77033	49.93411
	5.770269	49.93412
	5.770319	49.93438
	5.770353	49.93462
	5.770388	49.93494
	5.770395	49.93515
	5.770388	49.93539
	5.770361	49.9357
	5.770701	49.93579
	5.770636	49.93593
	5.770506	49.93632
	5.77046	49.93653
	5.770426	49.93668
	5.770906	49.93669
	5.770994	49.93669
	5.771563	49.93671
	5.772421	49.93673
	5.772512	49.93673
	5.772512	49.93692
	5.772516	49.93705
	5.772516	49.93716
	5.772818	49.93718
	5.772825	49.93722
	5.773016	49.93722
	5.773012	49.93744
	5.773008	49.93758
	5.773004	49.93763
	5.773123	49.93769
	5.775156	49.93771
	5.775084	49.93811
	5.774862	49.93848
	5.774782	49.93861
	5.774668	49.93895
	5.77453	49.93935
	5.774492	49.93978
	5.77442	49.93977
	5.774115	49.94075
	5.773836	49.94137
	5.773861	49.94141
	5.773886	49.94144
	5.773108	49.94254
	5.772539	49.94334
	5.772196	49.94368
	5.771776	49.94448
	5.773249	49.94476
	5.772867	49.9453
	5.772707	49.94561
	5.772722	49.94579
	5.772825	49.94597
	5.77281	49.94652
	5.771337	49.94613
	5.771326	49.94616
	5.770956	49.94732
	5.770784	49.94784
	5.770792	49.94823
	5.770781	49.94861
	5.770681	49.9488
	5.770586	49.94902
	5.770369	49.94959
	5.770487	49.94962
	5.770598	49.94966
	5.770857	49.94976
	5.77109	49.94989
	5.771486	49.95013
	5.771238	49.95054
	5.771185	49.95061
	5.771227	49.95067
	5.771391	49.95084
	5.771742	49.95117
	5.772169	49.95151
	5.772455	49.95166
	5.772974	49.9519
	5.773401	49.95207
	5.773928	49.95231
	5.774015	49.95236
	5.774187	49.95249
	5.77463	49.95282
	5.774736	49.9529
	5.775034	49.95315
	5.774439	49.95366
	5.774618	49.9538
	5.774523	49.95427
	5.77495	49.95462
	5.774858	49.95494
	5.774557	49.95533
	5.774435	49.95548
	5.774241	49.95573
	5.774095	49.95602
	5.774034	49.95614
	5.773981	49.95626
	5.77379	49.95641
	5.773668	49.95651
	5.774107	49.95668
	5.77458	49.95687
	5.775011	49.95712
	5.775175	49.9572
	5.775271	49.95712
	5.775332	49.95707
	5.775484	49.95712
	5.775614	49.95717
	5.775827	49.95725
	5.776792	49.9576
	5.777227	49.95774
	5.777006	49.95801
	5.776686	49.95831
	5.776289	49.95864
	5.776174	49.9588
	5.77574	49.95937
	5.775671	49.95946
	5.775564	49.95973
	5.775431	49.95995
	5.775335	49.96013
	5.775038	49.96077
	5.775023	49.9608
	5.775221	49.96087
	5.775495	49.96099
	5.775843	49.96111
	5.775999	49.96117
	5.7768	49.96148
	5.776991	49.96154
	5.777315	49.96165
	5.777609	49.96174
	5.778124	49.9619
	5.77907	49.96221
	5.779116	49.96223
	5.77936	49.9623
	5.780607	49.9627
	5.780947	49.96262
	5.781202	49.96256
	5.781275	49.96254
	5.781431	49.96252
	5.781782	49.96243
	5.782061	49.96234
	5.782377	49.96224
	5.783186	49.96199
	5.783358	49.96209
	5.783377	49.96211
	5.783812	49.96181
	5.784368	49.96146
	5.784391	49.96147
	5.784723	49.9616
	5.785433	49.96105
	5.785471	49.96106
	5.785627	49.96099
	5.785761	49.96099
	5.786516	49.96107
	5.78689	49.9611
	5.787313	49.96115
	5.787462	49.96117
	5.787794	49.96123
	5.78805	49.96127
	5.788107	49.96128
	5.788195	49.96128
	5.788191	49.96136
	5.789034	49.96145
	5.789026	49.96149
	5.789232	49.96155
	5.78927	49.96156
	5.789793	49.96165
	5.790361	49.96174
	5.790442	49.96175
	5.790564	49.96177
	5.790644	49.96178
	5.79075	49.96179
	5.790781	49.9618
	5.790991	49.9618
	5.791185	49.9618
	5.791224	49.96186
	5.791258	49.96195
	5.791292	49.96205
	5.791323	49.96217
	5.79133	49.96223
	5.791319	49.9623
	5.7913	49.96237
	5.791258	49.96247
	5.791224	49.96254
	5.791159	49.96264
	5.791044	49.96278
	5.791033	49.96302
	5.790964	49.96361
	5.790964	49.96365
	5.790949	49.96381
	5.790941	49.96388
	5.791262	49.96402
	5.791559	49.9641
	5.792276	49.96429
	5.792452	49.96434
	5.792658	49.9644
	5.792917	49.96449
	5.793241	49.96462
	5.793489	49.96473
	5.793692	49.96482
	5.793867	49.96492
	5.794092	49.96504
	5.794321	49.96516
	5.794371	49.96518
	5.794466	49.96523
	5.794538	49.96527
	5.794577	49.96528
	5.794592	49.96529
	5.794672	49.96532
	5.794848	49.96539
	5.794893	49.9654
	5.794931	49.96542
	5.795004	49.96544
	5.795484	49.96554
	5.795549	49.96551
	5.795782	49.96569
	5.79608	49.96563
	5.796102	49.96562
	5.79624	49.96553
	5.796362	49.96545
	5.79648	49.96536
	5.796659	49.9652
	5.79674	49.96513
	5.796759	49.96511
	5.797068	49.96469
	5.797083	49.96466
	5.797087	49.96464
	5.797094	49.96463
	5.797125	49.9646
	5.797171	49.96457
	5.797209	49.96455
	5.797236	49.96453
	5.79727	49.9645
	5.797346	49.96441
	5.797434	49.96435
	5.797487	49.96436
	5.797529	49.96436
	5.797579	49.96435
	5.79764	49.96434
	5.797693	49.96433
	5.797739	49.96431
	5.797811	49.96428
	5.79788	49.96425
	5.797972	49.96422
	5.798075	49.96419
	5.798155	49.96417
	5.798204	49.96415
	5.798266	49.96412
	5.798315	49.96408
	5.798376	49.96404
	5.798437	49.96399
	5.79859	49.96388
	5.798704	49.96379
	5.798868	49.96369
	5.798998	49.96361
	5.799292	49.96344
	5.799578	49.96331
	5.799707	49.96325
	5.79994	49.9631
	5.800219	49.96296
	5.80047	49.96294
	5.800718	49.96294
	5.800997	49.96301
	5.801435	49.96302
	5.801462	49.96302
	5.802294	49.96305
	5.802687	49.96304
	5.80271	49.9631
	5.802778	49.96314
	5.803076	49.96327
	5.803087	49.96333
	5.803488	49.9633
	5.803934	49.96322
	5.80427	49.96314
	5.804579	49.96302
	5.804983	49.96287
	5.805155	49.96279
	5.805326	49.96272
	5.806543	49.96231
	5.806593	49.9623
	5.806757	49.96233
	5.807039	49.9624
	5.807196	49.96246
	5.807245	49.96249
	5.807356	49.96256
	5.807489	49.96266
	5.807665	49.96279
	5.808024	49.96302
	5.808157	49.96308
	5.808512	49.96323
	5.808603	49.96326
	5.809008	49.96347
	5.809221	49.96357
	5.809576	49.96371
	5.809639	49.96373
	5.80986	49.9638
	5.809968	49.96384
	5.810026	49.96385
	5.810124	49.96382
	5.810495	49.96404
	5.810553	49.96407
	5.810484	49.96415
	5.810366	49.96423
	5.810461	49.96443
	5.810179	49.96455
	5.810579	49.96494
	5.810999	49.96581
	5.810694	49.96595
	5.810732	49.96603
	5.810705	49.96605
	5.810579	49.96619
	5.810312	49.9665
	5.810083	49.96678
	5.810057	49.96682
	5.809977	49.96699
	5.809927	49.96706
	5.809877	49.96713
	5.809675	49.96761
	5.809671	49.96763
	5.809679	49.96764
	5.810064	49.96802
	5.810217	49.96841
	5.810308	49.96874
	5.810404	49.96898
	5.810511	49.96902
	5.810812	49.96987
	5.810801	49.96998
	5.81077	49.97009
	5.810709	49.97022
	5.810473	49.97065
	5.81061	49.9708
	5.810782	49.97095
	5.811056	49.97118
	5.811235	49.9713
	5.811266	49.97133
	5.811285	49.97134
	5.81135	49.97139
	5.812067	49.97191
	5.812391	49.97213
	5.812475	49.97219
	5.812616	49.97226
	5.812822	49.97235
	5.812902	49.97238
	5.812952	49.97241
	5.81299	49.97245
	5.813047	49.9725
	5.813097	49.97254
	5.813139	49.97255
	5.813185	49.97256
	5.813231	49.97255
	5.813292	49.97255
	5.813391	49.97253
	5.813444	49.97252
	5.813509	49.97252
	5.813555	49.97252
	5.813631	49.97248
	5.813692	49.97248
	5.813829	49.97247
	5.813978	49.97247
	5.814135	49.97247
	5.814165	49.97247
	5.814199	49.97245
	5.814226	49.97243
	5.814245	49.97243
	5.814264	49.97243
	5.814283	49.97246
	5.814283	49.97248
	5.814302	49.9725
	5.814352	49.97251
	5.814398	49.97252
	5.814508	49.97252
	5.814653	49.97253
	5.81473	49.97253
	5.814897	49.97252
	5.814943	49.97252
	5.815168	49.97253
	5.815191	49.97253
	5.815207	49.97252
	5.815214	49.9725
	5.815226	49.97249
	5.815249	49.97247
	5.815306	49.97244
	5.815382	49.9724
	5.815424	49.97238
	5.815466	49.97236
	5.815504	49.97236
	5.81555	49.97236
	5.81558	49.97237
	5.815596	49.97238
	5.815615	49.9724
	5.815634	49.9724
	5.81566	49.97239
	5.815683	49.97237
	5.815702	49.97237
	5.815809	49.97237
	5.815859	49.97235
	5.815886	49.97234
	5.816015	49.97235
	5.816099	49.97236
	5.816183	49.97237
	5.81629	49.97241
	5.81637	49.97242
	5.816546	49.97243
	5.816595	49.97245
	5.816622	49.97247
	5.816641	49.97249
	5.816683	49.97252
	5.816774	49.97257
	5.816813	49.97258
	5.816847	49.97259
	5.816896	49.97258
	5.81695	49.97257
	5.817038	49.97253
	5.81708	49.97253
	5.817137	49.97253
	5.817183	49.97253
	5.817228	49.97252
	5.817259	49.9725
	5.817316	49.97245
	5.817362	49.97244
	5.8174	49.97243
	5.817473	49.97242
	5.817514	49.97242
	5.817564	49.97243
	5.817598	49.97242
	5.817625	49.9724
	5.817671	49.97239
	5.817705	49.97238
	5.817736	49.97239
	5.817804	49.97241
	5.817881	49.97241
	5.817965	49.97243
	5.818071	49.97242
	5.818113	49.97242
	5.818136	49.97241
	5.818178	49.9724
	5.818266	49.97236
	5.818289	49.97235
	5.818308	49.97235
	5.818308	49.97238
	5.818403	49.97238
	5.81843	49.97239
	5.818464	49.97241
	5.818487	49.9724
	5.818506	49.9724
	5.818522	49.97237
	5.818567	49.97235
	5.818617	49.97233
	5.818678	49.97232
	5.818838	49.97231
	5.818979	49.97229
	5.819117	49.97227
	5.819208	49.97224
	5.819288	49.97221
	5.819342	49.97217
	5.819361	49.97214
	5.819376	49.97213
	5.819426	49.9721
	5.819452	49.97208
	5.819479	49.97205
	5.819532	49.97204
	5.819582	49.97208
	5.819628	49.9721
	5.819655	49.97211
	5.819677	49.97214
	5.819693	49.97218
	5.819727	49.9723
	5.819761	49.97236
	5.819807	49.97242
	5.820055	49.97257
	5.82004	49.97264
	5.820028	49.97266
	5.820009	49.97269
	5.819944	49.97276
	5.819964	49.97278
	5.820009	49.97281
	5.820032	49.97283
	5.820047	49.97286
	5.820063	49.97288
	5.820089	49.9729
	5.820185	49.97293
	5.820288	49.97296
	5.820322	49.97297
	5.820345	49.97299
	5.820372	49.97304
	5.820398	49.9731
	5.820456	49.97317
	5.820501	49.97322
	5.820513	49.97326
	5.820513	49.97328
	5.820501	49.97333
	5.82049	49.97341
	5.820475	49.97346
	5.820452	49.9735
	5.82041	49.97353
	5.820368	49.97356
	5.820318	49.97362
	5.820265	49.97368
	5.820253	49.97368
	5.820242	49.97371
	5.820242	49.97376
	5.820223	49.97378
	5.820684	49.97396
	5.821352	49.97423
	5.822088	49.97453
	5.822428	49.97467
	5.822722	49.97479
	5.822958	49.97488
	5.823198	49.97497
	5.823263	49.97503
	5.823317	49.97507
	5.823378	49.97511
	5.823458	49.97516
	5.823523	49.97518
	5.823584	49.97519
	5.823885	49.9752
	5.823969	49.9752
	5.824019	49.9752
	5.824087	49.97523
	5.824163	49.97525
	5.824236	49.97527
	5.824289	49.97527
	5.824343	49.97525
	5.824427	49.97523
	5.824484	49.9752
	5.824537	49.9752
	5.824598	49.9752
	5.824812	49.9752
	5.82501	49.9752
	5.825277	49.97519
	5.825586	49.9752
	5.825846	49.97501
	5.825968	49.97492
	5.8262	49.97477
	5.826399	49.97466
	5.82649	49.97471
	5.826563	49.97475
	5.826666	49.97481
	5.826796	49.9749
	5.82686	49.97494
	5.826941	49.97501
	5.82699	49.97505
	5.827116	49.97519
	5.827292	49.97538
	5.827402	49.97549
	5.827551	49.97563
	5.827715	49.97576
	5.827795	49.97583
	5.827955	49.97597
	5.828592	49.97595
	5.828646	49.97595
	5.828814	49.97598
	5.828939	49.976
	5.829001	49.97601
	5.829035	49.976
	5.82913	49.97599
	5.829214	49.97597
	5.829336	49.97597
	5.830141	49.97596
	5.830206	49.97596
	5.8305	49.97596
	5.831259	49.9762
	5.831427	49.97627
	5.831591	49.97633
	5.831755	49.9764
	5.832037	49.97653
	5.832117	49.9767
	5.832178	49.97682
	5.832422	49.97695
	5.832441	49.97704
	5.83246	49.9771
	5.832487	49.97716
	5.832525	49.97722
	5.832773	49.97757
	5.83293	49.97777
	5.833143	49.97803
	5.833208	49.97812
	5.833391	49.97835
	5.833548	49.97854
	5.834166	49.97823
	5.834738	49.97872
	5.835119	49.97905
	5.835138	49.97907
	5.835779	49.97892
	5.835791	49.97894
	5.836027	49.97935
	5.836348	49.97993
	5.836386	49.97995
	5.83647	49.98002
	5.836565	49.98009
	5.836641	49.98016
	5.836706	49.98022
	5.836798	49.98031
	5.836935	49.98044
	5.837168	49.98064
	5.837267	49.98073
	5.837381	49.98083
	5.837408	49.98085
	5.837503	49.98095
	5.837713	49.98135
	5.83779	49.9815
	5.837805	49.98153
	5.83798	49.98186
	5.838255	49.98239
	5.838388	49.98235
	5.838556	49.98229
	5.838678	49.98252
	5.838873	49.9829
	5.839025	49.98319
	5.839109	49.98336
	5.839182	49.98351
	5.839327	49.98379
	5.839468	49.98407
	5.839262	49.98413
	5.839075	49.98418
	5.8389	49.98424
	5.838846	49.98427
	5.838762	49.98437
	5.838755	49.98454
	5.838758	49.98467
	5.83877	49.98477
	5.838781	49.98484
	5.838831	49.98499
	5.838797	49.98518
	5.838777	49.98531
	5.838785	49.98544
	5.8388	49.98556
	5.838827	49.98575
	5.838846	49.9859
	5.838858	49.98612
	5.838884	49.98626
	5.838903	49.9864
	5.838926	49.98656
	5.838953	49.9867
	5.838957	49.98679
	5.838976	49.98682
	5.839098	49.98689
	5.839121	49.98691
	5.839174	49.98699
	5.839216	49.98704
	5.8393	49.9871
	5.839399	49.98727
	5.839407	49.98732
	5.839415	49.98742
	5.839415	49.98748
	5.839403	49.98753
	5.839388	49.98756
	5.839289	49.98766
	5.839262	49.98771
	5.839247	49.9878
	5.839232	49.98792
	5.839216	49.98798
	5.839182	49.98802
	5.839132	49.98809
	5.839109	49.98814
	5.839109	49.9882
	5.839113	49.98828
	5.839113	49.98832
	5.839086	49.98838
	5.83906	49.98844
	5.83906	49.98848
	5.839067	49.98853
	5.839117	49.98862
	5.839224	49.98887
	5.839239	49.98889
	5.839266	49.9889
	5.839441	49.98897
	5.839487	49.98899
	5.839815	49.98917
	5.839941	49.98924
	5.840132	49.98934
	5.840136	49.98944
	5.84009	49.98946
	5.839945	49.98951
	5.839865	49.98953
	5.83956	49.9896
	5.839491	49.98962
	5.839441	49.98964
	5.839418	49.98965
	5.839376	49.98973
	5.83935	49.98976
	5.839323	49.98978
	5.839262	49.98982
	5.839186	49.98986
	5.83906	49.98992
	5.8388	49.99003
	5.838674	49.99008
	5.838469	49.99018
	5.83832	49.99026
	5.83835	49.9903
	5.838228	49.99035
	5.837927	49.9905
	5.837763	49.99058
	5.837614	49.99065
	5.837046	49.99088
	5.836882	49.99101
	5.836748	49.99111
	5.836695	49.99114
	5.836672	49.99115
	5.836638	49.99116
	5.83642	49.99117
	5.836206	49.99118
	5.83592	49.9912
	5.83581	49.9912
	5.835711	49.99119
	5.835642	49.99115
	5.8356	49.99112
	5.835562	49.99107
	5.835405	49.99107
	5.835283	49.99106
	5.835154	49.99103
	5.834959	49.99104
	5.834913	49.99104
	5.834833	49.99102
	5.834772	49.99099
	5.834711	49.99097
	5.834654	49.99096
	5.834516	49.99096
	5.834421	49.99094
	5.83436	49.99094
	5.8342	49.99094
	5.834097	49.99091
	5.834028	49.99089
	5.833952	49.99088
	5.833902	49.99086
	5.833818	49.99079
	5.833795	49.99079
	5.833731	49.99079
	5.8337	49.99078
	5.833632	49.99075
	5.833479	49.9907
	5.83338	49.99067
	5.833158	49.9906
	5.83309	49.99059
	5.832937	49.99059
	5.832838	49.99056
	5.832758	49.99054
	5.832426	49.99052
	5.832315	49.99064
	5.832167	49.99081
	5.831888	49.99114
	5.831747	49.99131
	5.831606	49.99149
	5.831423	49.99172
	5.831015	49.99226
	5.83069	49.99278
	5.830664	49.99283
	5.830522	49.99307
	5.83045	49.99321
	5.830397	49.99328
	5.830236	49.99348
	5.830133	49.99361
	5.829988	49.99379
	5.829813	49.99398
	5.829702	49.9941
	5.829645	49.99414
	5.828772	49.99469
	5.828661	49.99476
	5.828604	49.9948
	5.828287	49.99502
	5.82802	49.99522
	5.827898	49.9953
	5.827661	49.99548
	5.827547	49.99556
	5.827349	49.99567
	5.827154	49.99578
	5.826826	49.99593
	5.826731	49.99597
	5.826361	49.99611
	5.825487	49.99645
	5.824686	49.99675
	5.82461	49.99677
	5.823793	49.99704
	5.823595	49.99699
	5.822729	49.99794
	5.822043	49.99872
	5.821547	49.99927
	5.821264	49.99965
	5.820875	50.00015
	5.820849	50.00018
	5.820806	50.00024
	5.820795	50.00027
	5.820757	50.00044
	5.820684	50.00081
	5.820715	50.00086
	5.820806	50.00095
	5.821474	50.00161
	5.821543	50.00167
	5.821684	50.0018
	5.821699	50.00182
	5.821627	50.00216
	5.821623	50.00219
	5.821623	50.00223
	5.821642	50.00251
	5.821646	50.00258
	5.821661	50.00277
	5.821669	50.00285
	5.821234	50.00315
	5.821126	50.00325
	5.821208	50.00326
	5.82149	50.00332
	5.821672	50.00337
	5.821905	50.00344
	5.821999	50.00347
	5.822284	50.00358
	5.822547	50.0037
	5.822724	50.00379
	5.822803	50.00384
	5.822969	50.00394
	5.82308	50.00401
	5.823787	50.00451
	5.82517	50.00517
	5.826114	50.00561
	5.827064	50.00605
	5.827103	50.00606
	5.827627	50.00632
	5.827998	50.00647
	5.828155	50.00653
	5.828263	50.00657
	5.83026	50.00702
	5.830393	50.00705
	5.83072	50.00715
	5.830905	50.00722
	5.831183	50.00733
	5.831336	50.0074
	5.83182	50.00765
	5.831876	50.00768
	5.832189	50.00785
	5.832253	50.00789
	5.832735	50.00817
	5.833	50.00837
	5.833113	50.00846
	5.833551	50.00899
	5.833605	50.00908
	5.833856	50.00984
	5.833873	50.00998
	5.833854	50.01057
	5.833828	50.01072
	5.833761	50.01098
	5.833645	50.01134
	5.833619	50.01142
	5.833678	50.01155
	5.833766	50.0116
	5.834621	50.01429
	5.831926	50.01515
	5.831461	50.01491
	5.831252	50.01478
	5.831065	50.01466
	5.830703	50.01434
	5.830584	50.0142
	5.830244	50.01368
	5.829828	50.01274
	5.829746	50.01252
	5.829691	50.01234
	5.829625	50.01205
	5.829602	50.0119
	5.829589	50.0118
	5.829574	50.01164
	5.8296	50.01107
	5.829611	50.01101
	5.829592	50.011
	5.829483	50.01095
	5.829315	50.0109
	5.827297	50.01045
	5.827125	50.0104
	5.826881	50.01033
	5.826779	50.01029
	5.826537	50.0102
	5.826469	50.01017
	5.826022	50.00998
	5.825937	50.00994
	5.825391	50.00968
	5.824448	50.00925
	5.824424	50.00924
	5.82346	50.00879
	5.823446	50.00878
	5.821951	50.00806
	5.821795	50.00798
	5.821707	50.00793
	5.821582	50.00785
	5.820983	50.00743
	5.820883	50.00759
	5.82078	50.00776
	5.820688	50.00795
	5.820471	50.0085
	5.820406	50.00866
	5.820127	50.00915
	5.819998	50.00935
	5.819918	50.00957
	5.819879	50.00969
	5.819796	50.00989
	5.819727	50.01002
	5.819609	50.01025
	5.819544	50.01041
	5.819525	50.0105
	5.819493	50.01071
	5.819494	50.01071
	5.8197	50.01085
	5.820211	50.01124
	5.820453	50.01139
	5.820694	50.01151
	5.820878	50.01157
	5.821216	50.01169
	5.82128	50.01171
	5.821748	50.01188
	5.822073	50.012
	5.822172	50.01204
	5.822329	50.01211
	5.822376	50.01213
	5.822539	50.0122
	5.82268	50.01227
	5.822947	50.01242
	5.822983	50.01244
	5.82328	50.01262
	5.823341	50.01265
	5.824103	50.01314
	5.824173	50.01318
	5.824732	50.01357
	5.82492	50.01372
	5.825266	50.01403
	5.82529	50.01405
	5.825618	50.01435
	5.825954	50.01459
	5.826188	50.01475
	5.826544	50.01456
	5.827436	50.01408
	5.827532	50.01429
	5.827547	50.01433
	5.827578	50.01441
	5.82765	50.01459
	5.827738	50.01481
	5.827757	50.01485
	5.828116	50.0148
	5.828352	50.01478
	5.828539	50.01477
	5.828691	50.01476
	5.828909	50.01476
	5.829061	50.01476
	5.829367	50.01479
	5.829836	50.01482
	5.830133	50.01484
	5.82992	50.01507
	5.829771	50.01524
	5.829676	50.01534
	5.829618	50.01539
	5.829584	50.01542
	5.829485	50.01554
	5.829302	50.01577
	5.830042	50.01603
	5.83	50.01608
	5.830633	50.01625
	5.830656	50.01625
	5.831526	50.01655
	5.831671	50.01662
	5.831877	50.01673
	5.83209	50.01685
	5.832315	50.01697
	5.832872	50.0173
	5.832396	50.01795
	5.832601	50.01801
	5.833376	50.01824
	5.833769	50.01835
	5.833754	50.01842
	5.834047	50.01847
	5.834402	50.01852
	5.835188	50.01862
	5.835733	50.0187
	5.836023	50.01873
	5.836065	50.01873
	5.836119	50.01872
	5.83658	50.0187
	5.836908	50.01868
	5.837477	50.01867
	5.837736	50.01872
	5.837931	50.01876
	5.838057	50.01879
	5.838297	50.01886
	5.838407	50.01891
	5.838472	50.01893
	5.838438	50.01902
	5.838373	50.01922
	5.838781	50.01924
	5.839365	50.01923
	5.839541	50.01923
	5.83988	50.01932
	5.839903	50.01933
	5.839918	50.01934
	5.839949	50.01933
	5.839964	50.01934
	5.839994	50.01935
	5.84004	50.01939
	5.840075	50.01941
	5.840105	50.01942
	5.840132	50.01942
	5.840159	50.01942
	5.8402	50.01941
	5.840212	50.0194
	5.840212	50.01939
	5.840185	50.01937
	5.840174	50.01936
	5.84017	50.01935
	5.84017	50.01933
	5.840174	50.01932
	5.840166	50.01931
	5.840155	50.01929
	5.840136	50.01928
	5.840124	50.01927
	5.840132	50.01926
	5.840159	50.01924
	5.84017	50.01923
	5.84017	50.01922
	5.840159	50.01921
	5.840143	50.0192
	5.840124	50.0192
	5.840113	50.01919
	5.840109	50.01917
	5.840128	50.01914
	5.840151	50.01913
	5.840185	50.01912
	5.840231	50.01912
	5.840296	50.01913
	5.840345	50.01914
	5.840383	50.01914
	5.840429	50.01914
	5.840456	50.01913
	5.840494	50.01911
	5.840551	50.01908
	5.840593	50.01907
	5.840628	50.01905
	5.840666	50.01904
	5.840681	50.01903
	5.840685	50.01901
	5.840693	50.01897
	5.8407	50.0189
	5.840746	50.01875
	5.840803	50.01859
	5.840815	50.01854
	5.840803	50.0185
	5.840738	50.01844
	5.840723	50.01841
	5.840727	50.01837
	5.840746	50.01834
	5.840788	50.01831
	5.840826	50.0183
	5.840868	50.0183
	5.840898	50.01832
	5.840967	50.01835
	5.841013	50.01836
	5.841047	50.01836
	5.841085	50.01835
	5.841135	50.01834
	5.841391	50.01861
	5.841501	50.01872
	5.84173	50.0186
	5.841864	50.01883
	5.842028	50.01899
	5.842402	50.01934
	5.842573	50.01951
	5.842836	50.01945
	5.843187	50.01944
	5.843477	50.01941
	5.843809	50.01938
	5.843927	50.01948
	5.844034	50.01955
	5.844114	50.0196
	5.844244	50.01968
	5.844435	50.01979
	5.844694	50.01993
	5.844904	50.02003
	5.845156	50.02014
	5.845358	50.02024
	5.845659	50.0204
	5.845869	50.02052
	5.846178	50.02068
	5.84638	50.02079
	5.846567	50.02087
	5.846842	50.02099
	5.846987	50.02106
	5.847139	50.02112
	5.84749	50.02126
	5.847593	50.02131
	5.847956	50.02146
	5.848814	50.02181
	5.849142	50.02194
	5.849772	50.02222
	5.849855	50.02222
	5.850409	50.02247
	5.850519	50.02251
	5.850664	50.02256
	5.850954	50.02263
	5.851328	50.02271
	5.851774	50.0228
	5.852457	50.0229
	5.852468	50.02306
	5.852465	50.02317
	5.852457	50.02321
	5.85243	50.02329
	5.8524	50.0234
	5.85232	50.02363
	5.852217	50.02393
	5.852175	50.02408
	5.852159	50.02417
	5.852137	50.02435
	5.852083	50.02449
	5.852015	50.02467
	5.851946	50.02487
	5.851892	50.02506
	5.851847	50.02525
	5.851748	50.02562
	5.851728	50.02567
	5.85166	50.02582
	5.851522	50.0261
	5.85177	50.02619
	5.851999	50.02625
	5.852232	50.02631
	5.852655	50.02639
	5.85372	50.02662
	5.853598	50.02721
	5.853258	50.02757
	5.8538	50.0277
	5.855261	50.02804
	5.856066	50.02821
	5.856668	50.02834
	5.856806	50.02837
	5.857019	50.02838
	5.8575	50.02839
	5.858011	50.02842
	5.85885	50.02845
	5.859095	50.02846
	5.859453	50.02863
	5.859877	50.02888
	5.859831	50.02909
	5.859816	50.02913
	5.859728	50.02925
	5.859499	50.02946
	5.8594	50.02956
	5.859335	50.02964
	5.859243	50.02976
	5.859159	50.0299
	5.859083	50.03007
	5.859026	50.03026
	5.859037	50.03042
	5.859057	50.03053
	5.859198	50.03064
	5.859358	50.03075
	5.859404	50.0308
	5.859442	50.03089
	5.859449	50.03092
	5.859426	50.03098
	5.859407	50.03099
	5.859201	50.03099
	5.859087	50.031
	5.859011	50.03111
	5.858992	50.03118
	5.85898	50.03124
	5.858942	50.03134
	5.859072	50.0313
	5.859159	50.03126
	5.859194	50.03126
	5.859224	50.03128
	5.859243	50.0313
	5.859266	50.03133
	5.859274	50.03135
	5.859262	50.03138
	5.859026	50.03179
	5.858881	50.03199
	5.858648	50.03223
	5.858553	50.03232
	5.858507	50.03236
	5.858232	50.03253
	5.85795	50.03271
	5.857744	50.03287
	5.857641	50.033
	5.857573	50.0331
	5.857523	50.03323
	5.857508	50.03342
	5.857573	50.03366
	5.857725	50.03399
	5.857863	50.03424
	5.857927	50.03433
	5.858087	50.03448
	5.858087	50.03454
	5.858076	50.03469
	5.857996	50.03474
	5.857801	50.03488
	5.857496	50.03505
	5.85734	50.03512
	5.857161	50.03519
	5.856787	50.03531
	5.856516	50.0354
	5.856855	50.03571
	5.856523	50.03585
	5.856119	50.03604
	5.856127	50.03608
	5.856161	50.0361
	5.856089	50.03619
	5.85607	50.03623
	5.85607	50.03628
	5.856111	50.03632
	5.856184	50.03635
	5.856794	50.03656
	5.857027	50.03665
	5.857279	50.03676
	5.857462	50.03685
	5.857657	50.03695
	5.857763	50.03706
	5.857954	50.03726
	5.858	50.0373
	5.858557	50.03768
	5.859037	50.038
	5.859285	50.03815
	5.859823	50.0384
	5.860037	50.03848
	5.860449	50.03863
	5.860823	50.03876
	5.861189	50.03889
	5.861219	50.03883
	5.861937	50.03893
	5.862463	50.03902
	5.862703	50.03907
	5.86315	50.0392
	5.863512	50.03932
	5.863653	50.03938
	5.863382	50.03944
	5.863298	50.0394
	5.863092	50.03959
	5.862791	50.03988
	5.862577	50.04009
	5.862959	50.04021
	5.862646	50.04067
	5.862555	50.0408
	5.862371	50.04104
	5.862299	50.04113
	5.862478	50.04121
	5.862459	50.04125
	5.862429	50.04131
	5.862658	50.04147
	5.862955	50.04168
	5.863012	50.0417
	5.863104	50.04173
	5.86331	50.04178
	5.863237	50.04221
	5.863924	50.04223
	5.864069	50.04224
	5.864283	50.04226
	5.864752	50.04233
	5.865343	50.04242
	5.865271	50.04271
	5.86603	50.04292
	5.866362	50.04302
	5.866476	50.04307
	5.866617	50.04314
	5.867018	50.04333
	5.867205	50.04342
	5.867445	50.04328
	5.867708	50.04344
	5.867903	50.04356
	5.86809	50.04363
	5.868227	50.04369
	5.868307	50.04374
	5.868349	50.04378
	5.868414	50.04386
	5.868456	50.04393
	5.868467	50.04395
	5.868463	50.04396
	5.86836	50.04421
	5.868269	50.04435
	5.868216	50.04441
	5.868074	50.04453
	5.868025	50.04457
	5.867903	50.04473
	5.867769	50.04491
	5.867594	50.04514
	5.86746	50.04533
	5.8678	50.04543
	5.868177	50.0455
	5.868799	50.04565
	5.869432	50.04582
	5.869871	50.04593
	5.869909	50.04594
	5.8697	50.04623
	5.869455	50.04651
	5.869234	50.04685
	5.868723	50.04771
	5.86833	50.04836
	5.867945	50.04901
	5.867804	50.04925
	5.867727	50.0494
	5.867586	50.04977
	5.867441	50.05019
	5.867155	50.05037
	5.866911	50.05053
	5.866583	50.05071
	5.866274	50.05089
	5.866102	50.05099
	5.86595	50.05112
	5.865583	50.05142
	5.865183	50.05172
	5.86492	50.05202
	5.864782	50.05215
	5.86447	50.05244
	5.864351	50.05255
	5.864119	50.05275
	5.863916	50.05291
	5.863771	50.05302
	5.86347	50.05321
	5.86297	50.05352
	5.862471	50.0538
	5.862139	50.05399
	5.861791	50.05423
	5.86141	50.05452
	5.861242	50.05466
	5.861174	50.05475
	5.861135	50.05483
	5.86112	50.05494
	5.861124	50.05503
	5.861025	50.05505
	5.861002	50.05499
	5.860971	50.05492
	5.860846	50.05472
	5.86062	50.05445
	5.860304	50.0545
	5.860029	50.05455
	5.859888	50.05459
	5.85951	50.05471
	5.859198	50.05482
	5.858847	50.05494
	5.858625	50.055
	5.858347	50.05503
	5.858099	50.05504
	5.857824	50.05504
	5.857519	50.05502
	5.857405	50.05529
	5.857248	50.05562
	5.857115	50.05587
	5.856943	50.05619
	5.856833	50.05645
	5.856729	50.05678
	5.856645	50.05706
	5.856543	50.0574
	5.856466	50.05768
	5.85626	50.05767
	5.856066	50.05767
	5.855989	50.05786
	5.855646	50.05785
	5.855467	50.058
	5.855162	50.05826
	5.855055	50.05835
	5.854826	50.05851
	5.854452	50.05875
	5.854204	50.05889
	5.854467	50.05904
	5.854574	50.05938
	5.854776	50.06
	5.854948	50.06012
	5.855257	50.06035
	5.855581	50.06062
	5.855883	50.06089
	5.856287	50.06126
	5.856573	50.06153
	5.856645	50.0616
	5.856588	50.06176
	5.856451	50.06213
	5.856489	50.06222
	5.856554	50.06234
	5.856596	50.06243
	5.856592	50.06258
	5.856604	50.06274
	5.856626	50.0633
	5.856668	50.06366
	5.856729	50.06394
	5.856844	50.06425
	5.857012	50.06458
	5.857183	50.06488
	5.857317	50.06509
	5.857473	50.06533
	5.857649	50.06556
	5.857866	50.06588
	5.858156	50.06638
	5.858351	50.06668
	5.858442	50.06681
	5.858686	50.06707
	5.859049	50.06742
	5.859095	50.06746
	5.859274	50.06765
	5.859602	50.068
	5.859827	50.06822
	5.860167	50.0686
	5.860411	50.06885
	5.860559	50.06904
	5.860663	50.06921
	5.860971	50.06925
	5.861277	50.0693
	5.86149	50.06935
	5.861608	50.06937
	5.861822	50.06939
	5.862005	50.06939
	5.862291	50.06943
	5.862551	50.06948
	5.862738	50.06952
	5.862913	50.06957
	5.863195	50.06972
	5.863317	50.06978
	5.863451	50.06984
	5.863584	50.06988
	5.86384	50.06995
	5.864141	50.07002
	5.864412	50.07008
	5.864656	50.07014
	5.864958	50.07025
	5.865541	50.07049
	5.865751	50.07057
	5.865934	50.07066
	5.866255	50.07085
	5.866575	50.07106
	5.866831	50.07123
	5.867193	50.07151
	5.867441	50.07171
	5.867636	50.07187
	5.867888	50.07209
	5.867842	50.07244
	5.867781	50.07287
	5.867716	50.07335
	5.868074	50.07349
	5.868486	50.07364
	5.869253	50.07388
	5.869821	50.07406
	5.870306	50.07421
	5.870851	50.0744
	5.871332	50.07455
	5.871767	50.07468
	5.872251	50.07486
	5.872923	50.07504
	5.873808	50.07526
	5.874235	50.07538
	5.874746	50.07549
	5.875174	50.07559
	5.875876	50.07575
	5.876459	50.07589
	5.877279	50.07609
	5.877851	50.07621
	5.878531	50.07634
	5.878779	50.0764
	5.879301	50.07648
	5.879705	50.07653
	5.879999	50.07657
	5.880842	50.07669
	5.881502	50.07677
	5.881876	50.07681
	5.882196	50.07682
	5.882254	50.07657
	5.882338	50.07613
	5.882357	50.07605
	5.882517	50.07636
	5.882631	50.07656
	5.882822	50.07672
	5.883085	50.07689
	5.88352	50.07715
	5.883776	50.07726
	5.884249	50.07742
	5.885225	50.07772
	5.885782	50.07796
	5.886011	50.07809
	5.886167	50.07819
	5.886454	50.0784
	5.88674	50.07867
	5.886927	50.0789
	5.887137	50.07921
	5.887239	50.07941
	5.887304	50.0797
	5.887403	50.08033
	5.887434	50.08056
	5.887503	50.08113
	5.887537	50.08152
	5.887548	50.08192
	5.887529	50.08215
	5.887422	50.08281
	5.887258	50.08364
	5.887236	50.08387
	5.887316	50.08434
	5.887335	50.08483
	5.887323	50.0853
	5.887301	50.08566
	5.887247	50.08602
	5.887178	50.08641
	5.887133	50.08655
	5.88706	50.08682
	5.886854	50.08753
	5.886808	50.08784
	5.886702	50.08828
	5.886641	50.08859
	5.886583	50.08894
	5.88648	50.08986
	5.886476	50.0901
	5.886457	50.09041
	5.886469	50.09051
	5.886526	50.09066
	5.886583	50.09079
	5.886705	50.09098
	5.886999	50.09142
	5.887465	50.09209
	5.887846	50.09262
	5.888018	50.0929
	5.888334	50.09335
	5.888693	50.09401
	5.888784	50.0942
	5.88909	50.09508
	5.889185	50.09528
	5.889288	50.09555
	5.889341	50.09563
	5.889513	50.09575
	5.889593	50.09582
	5.889761	50.09599
	5.889879	50.09616
	5.889978	50.09632
	5.89023	50.0966
	5.890478	50.09687
	5.890707	50.0971
	5.891016	50.09757
	5.891119	50.09782
	5.891306	50.09831
	5.891546	50.09873
	5.891981	50.09932
	5.892084	50.09942
	5.892752	50.09979
	5.89358	50.10033
	5.893915	50.10057
	5.894152	50.10074
	5.894434	50.10102
	5.89456	50.10115
	5.894606	50.10133
	5.894598	50.10141
	5.894491	50.102
	5.894396	50.1027
	5.894384	50.10292
	5.8944	50.10311
	5.894438	50.1033
	5.894541	50.10357
	5.894693	50.10389
	5.894949	50.10435
	5.895007	50.10449
	5.895052	50.1046
	5.895201	50.10495
	5.8953	50.10528
	5.895323	50.10551
	5.89533	50.10593
	5.895315	50.10612
	5.895212	50.1067
	5.895075	50.10733
	5.895067	50.10791
	5.895052	50.10859
	5.895041	50.10918
	5.89506	50.10935
	5.895186	50.1099
	5.895246	50.11021
	5.895418	50.1107
	5.895502	50.1111
	5.895513	50.11128
	5.895456	50.11153
	5.895316	50.11216
	5.895385	50.11221
	5.896723	50.11286
	5.897924	50.11346
	5.898161	50.11357
	5.898249	50.11363
	5.898306	50.11367
	5.89842	50.11377
	5.898581	50.11391
	5.898619	50.11395
	5.899008	50.11429
	5.899157	50.11443
	5.899256	50.11453
	5.899446	50.11473
	5.899656	50.11496
	5.899794	50.11511
	5.900007	50.11536
	5.900263	50.11567
	5.900354	50.11577
	5.900465	50.11587
	5.900526	50.11592
	5.900667	50.11602
	5.900743	50.11608
	5.900827	50.11613
	5.900888	50.11616
	5.90101	50.1162
	5.901213	50.11626
	5.901461	50.11634
	5.901522	50.11635
	5.901983	50.11649
	5.902395	50.11662
	5.902411	50.11663
	5.902491	50.11666
	5.902723	50.11678
	5.902849	50.11685
	5.902956	50.11691
	5.9032	50.11705
	5.903494	50.11721
	5.90354	50.11723
	5.903913	50.11733
	5.904325	50.11745
	5.904604	50.11755
	5.904856	50.11765
	5.905024	50.11771
	5.90526	50.1178
	5.905817	50.118
	5.905943	50.11803
	5.906244	50.11813
	5.906561	50.11822
	5.906836	50.11829
	5.907003	50.11835
	5.907167	50.11841
	5.907347	50.11847
	5.90769	50.11859
	5.90798	50.11866
	5.908339	50.11872
	5.90869	50.11879
	5.908792	50.11881
	5.908895	50.11885
	5.908964	50.11888
	5.909151	50.11895
	5.909525	50.11909
	5.909716	50.11923
	5.909899	50.11937
	5.91028	50.11966
	5.910395	50.11976
	5.910421	50.11978
	5.91049	50.11986
	5.910585	50.11999
	5.910681	50.12011
	5.910871	50.12035
	5.911074	50.1206
	5.911188	50.12074
	5.911253	50.12068
	5.911722	50.12088
	5.912153	50.12106
	5.912512	50.12122
	5.912859	50.12136
	5.912874	50.12137
	5.913221	50.12152
	5.913542	50.12166
	5.914061	50.12188
	5.914095	50.1219
	5.914579	50.12181
	5.914823	50.12177
	5.915262	50.12166
	5.915548	50.1216
	5.915949	50.12154
	5.916082	50.12154
	5.916224	50.12153
	5.916441	50.12154
	5.917013	50.12154
	5.91741	50.12154
	5.917444	50.12156
	5.917669	50.12165
	5.917894	50.12174
	5.91815	50.12183
	5.918413	50.12194
	5.918985	50.12216
	5.91963	50.12241
	5.920359	50.1227
	5.920843	50.12288
	5.921492	50.12313
	5.921568	50.12318
	5.921637	50.12323
	5.92227	50.1234
	5.92285	50.12356
	5.923571	50.12376
	5.924639	50.12405
	5.925898	50.12441
	5.926218	50.12456
	5.9265	50.1247
	5.926539	50.12471
	5.927095	50.12497
	5.928083	50.12545
	5.928427	50.12561
	5.928812	50.12579
	5.929239	50.12599
	5.929663	50.12619
	5.929754	50.12621
	5.929937	50.12626
	5.93014	50.12629
	5.930345	50.12632
	5.930559	50.12634
	5.930845	50.12636
	5.931185	50.12638
	5.931402	50.1264
	5.931623	50.12643
	5.931921	50.12647
	5.932215	50.12653
	5.932371	50.12656
	5.932756	50.12666
	5.933145	50.12676
	5.933397	50.12683
	5.933573	50.12687
	5.93371	50.1269
	5.933889	50.12692
	5.934008	50.12693
	5.934141	50.12695
	5.934305	50.12676
	5.934317	50.12675
	5.934492	50.12677
	5.93471	50.12678
	5.935327	50.12683
	5.935507	50.12684
	5.935778	50.12696
	5.935789	50.12696
	5.936289	50.12702
	5.936678	50.12696
	5.936777	50.12695
	5.936884	50.12694
	5.937174	50.12694
	5.937414	50.12715
	5.937502	50.12722
	5.937613	50.12729
	5.937784	50.12737
	5.938044	50.12749
	5.938246	50.12756
	5.93849	50.12765
	5.938734	50.12773
	5.939123	50.12784
	5.939531	50.12796
	5.939798	50.12804
	5.93984	50.12806
	5.939913	50.12805
	5.940042	50.1281
	5.940309	50.12818
	5.940809	50.12833
	5.941595	50.12857
	5.942343	50.12877
	5.942705	50.12883
	5.942751	50.12884
	5.942644	50.129
	5.942675	50.12901
	5.943136	50.12911
	5.94343	50.12916
	5.943655	50.12918
	5.943785	50.12919
	5.94396	50.12918
	5.94425	50.12917
	5.944258	50.12922
	5.944548	50.12919
	5.944742	50.12917
	5.945074	50.12915
	5.945105	50.12911
	5.945486	50.12912
	5.945982	50.12915
	5.94607	50.12916
	5.946218	50.12919
	5.946279	50.12922
	5.946348	50.12924
	5.946383	50.12924
	5.946405	50.12923
	5.94644	50.12923
	5.94647	50.12922
	5.946508	50.12922
	5.946547	50.12923
	5.946611	50.12925
	5.946646	50.12925
	5.946688	50.12923
	5.946756	50.12925
	5.946794	50.12926
	5.946833	50.12926
	5.946894	50.12925
	5.94697	50.12923
	5.947	50.12923
	5.947035	50.12923
	5.947111	50.12925
	5.947168	50.12925
	5.94729	50.12925
	5.947298	50.1292
	5.947523	50.12914
	5.947592	50.12913
	5.947649	50.12912
	5.94776	50.12913
	5.947943	50.12913
	5.948069	50.12913
	5.948202	50.12913
	5.948393	50.12912
	5.949106	50.12914
	5.949743	50.12917
	5.949865	50.12917
	5.950003	50.12918
	5.950128	50.1292
	5.950224	50.12922
	5.950777	50.12933
	5.951521	50.12949
	5.951723	50.12954
	5.951883	50.12958
	5.952143	50.12965
	5.952406	50.12973
	5.952738	50.12984
	5.953375	50.13003
	5.953669	50.13011
	5.954016	50.13021
	5.954042	50.13022
	5.953993	50.1303
	5.953753	50.13069
	5.953787	50.13074
	5.953852	50.13081
	5.953943	50.1309
	5.954008	50.13098
	5.954119	50.13098
	5.954222	50.13099
	5.954321	50.13101
	5.954668	50.13109
	5.954859	50.13107
	5.954973	50.13106
	5.955229	50.13105
	5.955347	50.13105
	5.955793	50.13106
	5.956156	50.13107
	5.956297	50.13107
	5.956419	50.13106
	5.956678	50.13105
	5.956823	50.13104
	5.956904	50.13104
	5.957018	50.13105
	5.957109	50.13105
	5.9573	50.13108
	5.957476	50.1311
	5.95764	50.13112
	5.957701	50.13112
	5.957808	50.13112
	5.95796	50.13111
	5.958261	50.13108
	5.958559	50.13105
	5.958841	50.13103
	5.958952	50.13102
	5.959131	50.131
	5.959269	50.131
	5.959417	50.131
	5.959677	50.13101
	5.959848	50.13102
	5.959955	50.13104
	5.960199	50.13109
	5.960482	50.13113
	5.960638	50.13117
	5.960794	50.1312
	5.961332	50.13136
	5.961164	50.13158
	5.960905	50.13201
	5.960791	50.13218
	5.960463	50.13276
	5.960382	50.13292
	5.960062	50.13369
	5.959829	50.13427
	5.959765	50.13446
	5.959631	50.13498
	5.959627	50.13502
	5.959616	50.13508
	5.95957	50.13539
	5.959539	50.13557
	5.959352	50.13615
	5.959082	50.13709
	5.958883	50.13776
	5.958666	50.13842
	5.958563	50.13879
	5.958555	50.13881
	5.95854	50.13887
	5.958632	50.13898
	5.959207	50.13973
	5.959475	50.14008
	5.960237	50.1411
	5.960955	50.14204
	5.961168	50.14233
	5.961348	50.14257
	5.961302	50.14297
	5.961226	50.14369
	5.961149	50.1442
	5.961042	50.14484
	5.960909	50.1451
	5.960722	50.14545
	5.960657	50.14561
	5.96055	50.14587
	5.960459	50.14613
	5.960329	50.14653
	5.960249	50.14684
	5.960199	50.14709
	5.960184	50.14731
	5.960173	50.14756
	5.960276	50.14761
	5.960302	50.14782
	5.960329	50.14802
	5.960367	50.14823
	5.960405	50.14839
	5.960463	50.14858
	5.960543	50.14881
	5.96063	50.149
	5.960802	50.14928
	5.960935	50.14946
	5.96121	50.14981
	5.960745	50.14999
	5.960394	50.15012
	5.959963	50.15024
	5.95973	50.15032
	5.959566	50.15036
	5.959402	50.1504
	5.959211	50.15044
	5.9587	50.15053
	5.958727	50.15065
	5.958826	50.15118
	5.958136	50.1514
	5.958261	50.15145
	5.958422	50.15152
	5.959257	50.15194
	5.95957	50.15208
	5.959906	50.15222
	5.960337	50.15239
	5.96044	50.15231
	5.961348	50.15268
	5.961683	50.15285
	5.962133	50.15308
	5.962122	50.15309
	5.96269	50.15334
	5.962892	50.15311
	5.962935	50.15306
	5.963533	50.15318
	5.96398	50.15329
	5.964495	50.15342
	5.964968	50.15357
	5.96509	50.15361
	5.965265	50.15366
	5.965418	50.15372
	5.965586	50.15379
	5.965712	50.15385
	5.965868	50.15394
	5.965998	50.15403
	5.966135	50.15412
	5.966242	50.1542
	5.966398	50.15433
	5.966585	50.15449
	5.966829	50.1547
	5.966997	50.15486
	5.967077	50.15494
	5.967127	50.15501
	5.967146	50.15509
	5.967154	50.15516
	5.96715	50.15526
	5.967142	50.1553
	5.967115	50.15538
	5.96707	50.15544
	5.9667	50.15582
	5.966616	50.15591
	5.965921	50.1566
	5.965326	50.1572
	5.964911	50.15762
	5.964308	50.15824
	5.964182	50.15854
	5.964022	50.15892
	5.96377	50.15952
	5.963587	50.15997
	5.963324	50.16063
	5.963198	50.16094
	5.961771	50.16076
	5.961863	50.16105
	5.961924	50.16124
	5.961954	50.1613
	5.96224	50.16164
	5.962347	50.16179
	5.962938	50.16266
	5.963701	50.16372
	5.963804	50.16383
	5.963881	50.16393
	5.963938	50.16405
	5.964025	50.16433
	5.964129	50.16469
	5.964178	50.16489
	5.964193	50.16526
	5.964197	50.16574
	5.964197	50.16608
	5.964155	50.16634
	5.964086	50.16653
	5.964064	50.16658
	5.964071	50.16666
	5.964121	50.16685
	5.964247	50.16715
	5.964285	50.16728
	5.964315	50.16744
	5.964327	50.16761
	5.964308	50.16805
	5.964281	50.16826
	5.964235	50.16866
	5.964228	50.16886
	5.964235	50.16906
	5.964285	50.16937
	5.964292	50.16946
	5.964277	50.16993
	5.964243	50.17039
	5.964254	50.17126
	5.964239	50.17141
	5.964201	50.17153
	5.963976	50.17194
	5.963831	50.17225
	5.963678	50.17263
	5.963793	50.17268
	5.964144	50.1728
	5.964167	50.17281
	5.964928	50.17123
	5.965127	50.17116
	5.96573	50.17105
	5.965966	50.17104
	5.966293	50.17102
	5.96641	50.17101
	5.966886	50.17091
	5.967046	50.17089
	5.967463	50.17084
	5.967689	50.17083
	5.968042	50.17083
	5.968185	50.17083
	5.968511	50.17085
	5.9691	50.17098
	5.96945	50.17112
	5.969675	50.17123
	5.970237	50.17153
	5.970345	50.17159
	5.970665	50.17179
	5.971118	50.17218
	5.971343	50.17244
	5.971415	50.17253
	5.97147	50.1726
	5.971737	50.17283
	5.971868	50.17296
	5.972063	50.17323
	5.972142	50.17327
	5.972982	50.17359
	5.973007	50.1736
	5.973624	50.17385
	5.974467	50.17417
	5.974587	50.17422
	5.975185	50.17449
	5.975402	50.17506
	5.975779	50.17507
	5.976114	50.17508
	5.976835	50.17509
	5.977224	50.17509
	5.977686	50.17509
	5.978079	50.1751
	5.978514	50.1751
	5.979124	50.17511
	5.979578	50.17511
	5.979902	50.17511
	5.980623	50.17512
	5.981386	50.17513
	5.981916	50.17513
	5.982057	50.17513
	5.98242	50.17513
	5.98282	50.17514
	5.983591	50.17514
	5.984976	50.17514
	5.984999	50.17519
	5.986101	50.1752
	5.986765	50.1752
	5.987844	50.17521
	5.988733	50.17521
	5.989298	50.1752
	5.990049	50.17521
	5.990953	50.17522
	5.992216	50.17532
	5.992636	50.17535
	5.993311	50.1754
	5.994833	50.17551
	5.995832	50.17558
	5.996477	50.17562
	5.997179	50.17567
	5.998671	50.17578
	5.99922	50.17582
	5.999739	50.17586
	5.999933	50.17587
	6.000471	50.17593
	6.001081	50.17601
	6.001703	50.1761
	6.002562	50.17625
	6.003012	50.17634
	6.003538	50.17646
	6.004206	50.17663
	6.005217	50.17694
	6.0063	50.17726
	6.007429	50.17758
	6.008051	50.17777
	6.009172	50.17814
	6.009516	50.17826
	6.009661	50.17829
	6.010923	50.17842
	6.011293	50.17846
	6.011507	50.1785
	6.011999	50.17864
	6.012281	50.17872
	6.012753	50.17885
	6.012983	50.17891
	6.013212	50.17899
	6.013464	50.17909
	6.013662	50.17919
	6.014158	50.17951
	6.01438	50.17962
	6.014597	50.17972
	6.014872	50.17985
	6.015204	50.17996
	6.015837	50.18015
	6.016245	50.18029
	6.016684	50.18045
	6.017023	50.18058
	6.017103	50.18062
	6.01716	50.18065
	6.01721	50.1807
	6.017393	50.18094
	6.017488	50.18108
	6.017572	50.18117
	6.017641	50.18121
	6.017805	50.18127
	6.018157	50.18137
	6.018084	50.18158
	6.018083	50.1816
	6.018394	50.18276
	6.018406	50.18278
	6.01904	50.18341
	6.019063	50.18342
	6.019658	50.18367
	6.019689	50.18368
	6.020185	50.18373
	6.020212	50.18373
	6.020659	50.18367
	6.020684	50.18366
	6.021163	50.18348
	6.021183	50.18347
	6.0213	50.18307
	6.021717	50.18304
	6.021731	50.18303
	6.022057	50.18241
	6.022127	50.18243
	6.022276	50.18246
	6.022454	50.18248
	6.022056	50.18117
	6.02216	50.18103
	6.024373	50.18038
	6.025186	50.18066
	6.025264	50.18099
	6.025275	50.18095
	6.025457	50.18032
	6.025552	50.18
	6.025686	50.17954
	6.025824	50.17916
	6.025957	50.17882
	6.026449	50.17749
	6.026567	50.17722
	6.02663	50.17714
	6.026663	50.1771
	6.027372	50.17646
	6.027416	50.1764
	6.027468	50.17632
	6.027666	50.17598
	6.027807	50.17574
	6.027978	50.17545
	6.028116	50.17522
	6.028197	50.175
	6.028273	50.1748
	6.028391	50.17456
	6.028605	50.17413
	6.028658	50.17402
	6.028669	50.17399
	6.028694	50.17394
	6.028845	50.17365
	6.028951	50.17343
	6.029005	50.17332
	6.02915	50.17286
	6.029161	50.17279
	6.02928	50.17194
	6.029298	50.17185
	6.029314	50.17176
	6.029455	50.17135
	6.029528	50.17107
	6.029562	50.17074
	6.029554	50.17028
	6.029525	50.16998
	6.029509	50.16981
	6.02942	50.16935
	6.029417	50.16933
	6.02941	50.16929
	6.029356	50.16903
	6.029355	50.16902
	6.029348	50.16892
	6.029363	50.16883
	6.029367	50.16881
	6.029391	50.16869
	6.029444	50.16843
	6.029472	50.16825
	6.029505	50.16804
	6.029522	50.1679
	6.029554	50.16766
	6.029577	50.16747
	6.029577	50.16737
	6.029524	50.16714
	6.029421	50.16689
	6.029291	50.16656
	6.029267	50.16649
	6.029257	50.16646
	6.029249	50.16638
	6.029252	50.16636
	6.029265	50.16628
	6.029291	50.16619
	6.029409	50.16598
	6.02947	50.16592
	6.029591	50.16579
	6.029699	50.16568
	6.030055	50.16528
	6.030111	50.16522
	6.030443	50.16484
	6.030732	50.16452
	6.030733	50.16452
	6.030775	50.16452
	6.030806	50.16452
	6.031006	50.16436
	6.03116	50.16423
	6.031137	50.16419
	6.031244	50.16406
	6.03136	50.16395
	6.031393	50.16392
	6.031797	50.16372
	6.032052	50.16353
	6.032099	50.1635
	6.032324	50.1633
	6.032824	50.16285
	6.033297	50.16247
	6.033594	50.16227
	6.033842	50.16217
	6.034077	50.16211
	6.034224	50.16208
	6.034289	50.16207
	6.034906	50.16196
	6.035219	50.16191
	6.035353	50.16187
	6.03565	50.16164
	6.035766	50.16157
	6.035994	50.16142
	6.03652	50.16108
	6.036912	50.16075
	6.037111	50.16058
	6.037166	50.16054
	6.037249	50.16048
	6.037462	50.16041
	6.037527	50.16038
	6.037811	50.16029
	6.038057	50.1602
	6.039076	50.15979
	6.040049	50.1594
	6.041071	50.15918
	6.04137	50.15911
	6.04204	50.15895
	6.042134	50.15892
	6.042299	50.15887
	6.043146	50.15863
	6.04352	50.1585
	6.044123	50.15823
	6.04484	50.15791
	6.045172	50.1577
	6.045656	50.15759
	6.045725	50.15769
	6.045743	50.15769
	6.04619	50.15761
	6.046774	50.15752
	6.046938	50.15749
	6.04767	50.15738
	6.04779	50.15736
	6.048067	50.15731
	6.048252	50.15728
	6.048391	50.15726
	6.048495	50.15725
	6.048624	50.15723
	6.048777	50.1572
	6.049255	50.15708
	6.049318	50.15706
	6.049397	50.15704
	6.049906	50.15692
	6.050299	50.15682
	6.050623	50.15671
	6.051191	50.15653
	6.051729	50.15634
	6.052057	50.15624
	6.052116	50.15622
	6.052252	50.15618
	6.053	50.15594
	6.053207	50.15587
	6.053553	50.15575
	6.054209	50.15552
	6.054785	50.15534
	6.054993	50.15527
	6.055075	50.15524
	6.055092	50.15524
	6.055185	50.15521
	6.055348	50.15515
	6.055349	50.15515
	6.055354	50.15515
	6.05541	50.15512
	6.055419	50.15511
	6.055567	50.15501
	6.055708	50.15493
	6.055835	50.15485
	6.055899	50.15481
	6.055938	50.15479
	6.055986	50.15477
	6.056059	50.15472
	6.056127	50.15467
	6.056192	50.15464
	6.056372	50.15459
	6.056543	50.15454
	6.056696	50.15449
	6.05702	50.15435
	6.057097	50.15437
	6.057107	50.15437
	6.057108	50.15437
	6.057116	50.15435
	6.057128	50.15434
	6.057131	50.15434
	6.05714	50.15433
	6.05715	50.15432
	6.057184	50.15432
	6.057276	50.15431
	6.057331	50.1543
	6.057402	50.15429
	6.057566	50.15426
	6.057692	50.15425
	6.057833	50.15424
	6.057898	50.15424
	6.058008	50.15425
	6.058107	50.15425
	6.058153	50.15425
	6.058233	50.15424
	6.058281	50.15423
	6.058378	50.1542
	6.058576	50.15416
	6.058596	50.15416
	6.05861	50.15415
	6.058683	50.15413
	6.058699	50.15412
	6.058764	50.15406
	6.058809	50.15404
	6.058863	50.15403
	6.058928	50.15405
	6.058988	50.15407
	6.059004	50.15407
	6.059023	50.15407
	6.059046	50.15406
	6.059154	50.154
	6.059168	50.154
	6.059324	50.15396
	6.059397	50.15396
	6.059538	50.15395
	6.059656	50.15396
	6.059732	50.15396
	6.059909	50.15393
	6.059961	50.15392
	6.059996	50.15391
	6.060045	50.15389
	6.060091	50.15387
	6.060137	50.15387
	6.060141	50.15387
	6.060183	50.15388
	6.060259	50.15389
	6.060316	50.15389
	6.060377	50.15389
	6.06045	50.15387
	6.060537	50.15385
	6.060632	50.15382
	6.060698	50.1538
	6.060785	50.15377
	6.060831	50.15375
	6.060849	50.15375
	6.060885	50.15374
	6.060954	50.15373
	6.060976	50.15372
	6.061041	50.15372
	6.061144	50.15373
	6.061197	50.15372
	6.06121	50.15372
	6.061266	50.1537
	6.061384	50.15366
	6.061452	50.15365
	6.061453	50.15364
	6.061482	50.15364
	6.061495	50.15364
	6.061539	50.15365
	6.061579	50.15366
	6.061582	50.15366
	6.061624	50.15367
	6.061663	50.15366
	6.061724	50.15365
	6.061762	50.15366
	6.06193	50.15369
	6.061953	50.15371
	6.061975	50.15373
	6.061998	50.15374
	6.062029	50.15374
	6.062044	50.15373
	6.062049	50.15372
	6.062059	50.15371
	6.062073	50.1537
	6.062075	50.15369
	6.062091	50.15369
	6.062105	50.15369
	6.062118	50.15369
	6.062132	50.15369
	6.062155	50.15371
	6.062182	50.15373
	6.06222	50.15375
	6.062227	50.15375
	6.062269	50.15375
	6.062357	50.15375
	6.062364	50.15376
	6.062441	50.15376
	6.062479	50.15377
	6.062482	50.15378
	6.062494	50.15378
	6.062551	50.15383
	6.062585	50.15385
	6.062597	50.15385
	6.062628	50.15386
	6.062651	50.15386
	6.062666	50.15385
	6.062671	50.15384
	6.062674	50.15383
	6.062674	50.1538
	6.062677	50.15379
	6.062681	50.15378
	6.062704	50.15376
	6.062727	50.15375
	6.062777	50.15373
	6.062818	50.1537
	6.062857	50.15368
	6.06288	50.15368
	6.062933	50.15367
	6.063017	50.15367
	6.063089	50.15366
	6.063158	50.15364
	6.063177	50.15364
	6.063192	50.15363
	6.063242	50.15362
	6.063292	50.15361
	6.063311	50.15361
	6.063324	50.15361
	6.063353	50.1536
	6.063387	50.15357
	6.063408	50.15354
	6.063417	50.15353
	6.063429	50.15351
	6.06343	50.15349
	6.063436	50.15343
	6.063414	50.1534
	6.063421	50.15336
	6.063443	50.15334
	6.063444	50.15334
	6.063459	50.15334
	6.063467	50.15335
	6.063559	50.15337
	6.063646	50.15339
	6.063791	50.15341
	6.063879	50.15341
	6.064055	50.15341
	6.064083	50.15341
	6.064115	50.15342
	6.064131	50.15342
	6.064199	50.15345
	6.064279	50.15349
	6.064306	50.1535
	6.064324	50.15351
	6.064375	50.15353
	6.064444	50.15355
	6.064455	50.15356
	6.064484	50.15357
	6.064562	50.15359
	6.064576	50.1536
	6.0646	50.15361
	6.064602	50.15362
	6.064627	50.15363
	6.064592	50.15369
	6.064527	50.15379
	6.064566	50.1538
	6.064596	50.1538
	6.064844	50.15381
	6.065046	50.15382
	6.065405	50.15391
	6.065771	50.15402
	6.065792	50.15403
	6.065859	50.15408
	6.066027	50.1542
	6.06616	50.15427
	6.0662	50.15429
	6.066229	50.1543
	6.066262	50.15431
	6.066294	50.15433
	6.066347	50.15434
	6.066374	50.15435
	6.066401	50.15435
	6.0665	50.15437
	6.066633	50.1544
	6.066792	50.15446
	6.066866	50.15448
	6.067183	50.15459
	6.067381	50.15467
	6.067652	50.15478
	6.068205	50.15505
	6.068472	50.15517
	6.068518	50.15519
	6.06853	50.1552
	6.068636	50.15524
	6.068717	50.15526
	6.068754	50.15527
	6.06883	50.1553
	6.068842	50.1553
	6.068873	50.15532
	6.068918	50.15535
	6.068964	50.1554
	6.068974	50.15541
	6.069014	50.15546
	6.06905	50.15551
	6.06909	50.15556
	6.069118	50.1556
	6.069147	50.15563
	6.069216	50.1557
	6.069292	50.15577
	6.069307	50.15578
	6.069384	50.15584
	6.069408	50.15586
	6.06959	50.15604
	6.069792	50.15624
	6.06991	50.15633
	6.069937	50.15635
	6.070005	50.1564
	6.070051	50.15644
	6.07014	50.15654
	6.0702	50.1566
	6.070237	50.15663
	6.070276	50.15667
	6.070314	50.15669
	6.07036	50.1567
	6.070421	50.1567
	6.070436	50.1567
	6.070478	50.15669
	6.07052	50.15668
	6.070547	50.15668
	6.070589	50.1567
	6.070631	50.15671
	6.070658	50.15671
	6.070669	50.15671
	6.070684	50.1567
	6.070715	50.15667
	6.070742	50.15665
	6.070768	50.15665
	6.070782	50.15666
	6.070787	50.15667
	6.070791	50.15667
	6.070795	50.15668
	6.070793	50.15669
	6.070787	50.1567
	6.070776	50.15674
	6.070778	50.15675
	6.07078	50.15675
	6.070784	50.15678
	6.070783	50.15678
	6.070776	50.1568
	6.070761	50.15681
	6.070757	50.15681
	6.070746	50.15683
	6.070748	50.15684
	6.070753	50.15685
	6.070787	50.15686
	6.070822	50.15688
	6.070864	50.15688
	6.070883	50.15689
	6.070906	50.15689
	6.070925	50.15689
	6.070929	50.15688
	6.070936	50.15686
	6.07097	50.15684
	6.071001	50.15683
	6.07102	50.15683
	6.071043	50.15684
	6.07105	50.15685
	6.071058	50.15686
	6.071054	50.15688
	6.071047	50.1569
	6.071051	50.15692
	6.071081	50.15694
	6.071123	50.15694
	6.071138	50.15691
	6.071173	50.15691
	6.071176	50.15691
	6.071245	50.15695
	6.071367	50.15701
	6.071489	50.15707
	6.071604	50.15714
	6.071665	50.15718
	6.071672	50.1572
	6.071676	50.15721
	6.071678	50.15722
	6.07168	50.15725
	6.071699	50.15727
	6.071707	50.15728
	6.071751	50.1573
	6.071768	50.15731
	6.071804	50.15732
	6.07189	50.15736
	6.072012	50.15739
	6.072054	50.1574
	6.072122	50.15741
	6.07221	50.15743
	6.072298	50.15743
	6.072347	50.15742
	6.07237	50.15742
	6.072396	50.15742
	6.072455	50.15741
	6.072561	50.15739
	6.072602	50.15738
	6.072626	50.15738
	6.072687	50.1574
	6.072794	50.15743
	6.072882	50.15745
	6.072977	50.15748
	6.073011	50.15747
	6.073033	50.15746
	6.073042	50.15746
	6.073039	50.15745
	6.073038	50.15744
	6.073027	50.15743
	6.073023	50.15742
	6.073034	50.15741
	6.073061	50.15741
	6.073063	50.15741
	6.073133	50.15742
	6.073141	50.15742
	6.07316	50.15743
	6.073178	50.15742
	6.073191	50.15742
	6.073233	50.15741
	6.073271	50.15741
	6.073283	50.15741
	6.07329	50.15741
	6.073297	50.15743
	6.073291	50.15744
	6.07329	50.15744
	6.073288	50.15745
	6.073282	50.15746
	6.07329	50.15748
	6.073304	50.15749
	6.073305	50.15749
	6.073332	50.15749
	6.073351	50.15748
	6.073355	50.15747
	6.073355	50.15745
	6.073366	50.15744
	6.073404	50.15743
	6.0735	50.15743
	6.073542	50.15744
	6.073565	50.15745
	6.073568	50.15745
	6.07358	50.15747
	6.073595	50.15749
	6.073622	50.1575
	6.073644	50.1575
	6.073656	50.1575
	6.073673	50.1575
	6.073702	50.15751
	6.073732	50.1575
	6.073754	50.15748
	6.073759	50.15748
	6.073764	50.15748
	6.073786	50.15745
	6.073805	50.15744
	6.073839	50.15743
	6.073874	50.15744
	6.073901	50.15744
	6.073927	50.15744
	6.073996	50.15744
	6.074022	50.15745
	6.074022	50.15746
	6.07403	50.15747
	6.074041	50.15747
	6.074057	50.15747
	6.07407	50.15746
	6.074083	50.15746
	6.074118	50.15746
	6.074132	50.15746
	6.074148	50.15747
	6.07417	50.15748
	6.074171	50.15748
	6.07419	50.15748
	6.074221	50.15747
	6.074232	50.15745
	6.074236	50.15745
	6.074247	50.15744
	6.074255	50.15745
	6.07427	50.15745
	6.074308	50.15745
	6.074327	50.15744
	6.07435	50.15741
	6.074411	50.15739
	6.074438	50.15738
	6.074438	50.15737
	6.074423	50.15735
	6.074419	50.15733
	6.074423	50.15732
	6.074442	50.15731
	6.074465	50.1573
	6.074484	50.1573
	6.074518	50.15728
	6.07453	50.15728
	6.074549	50.15727
	6.07456	50.15725
	6.074572	50.15724
	6.074573	50.15724
	6.074587	50.15723
	6.074614	50.15721
	6.07464	50.1572
	6.074694	50.15718
	6.07472	50.15718
	6.074774	50.15719
	6.074808	50.15719
	6.074827	50.15718
	6.07485	50.15716
	6.07485	50.15714
	6.074823	50.15711
	6.074812	50.15709
	6.074812	50.15708
	6.074827	50.15708
	6.074869	50.15708
	6.074938	50.15709
	6.074961	50.15709
	6.074976	50.15709
	6.074995	50.15709
	6.075026	50.15708
	6.075058	50.15707
	6.075079	50.15706
	6.075084	50.15706
	6.075102	50.15706
	6.075117	50.15706
	6.075129	50.15708
	6.075148	50.15709
	6.07517	50.1571
	6.075193	50.1571
	6.075228	50.15709
	6.075262	50.15708
	6.075279	50.15708
	6.075289	50.15707
	6.075327	50.15707
	6.075336	50.15708
	6.075357	50.15709
	6.075384	50.1571
	6.075407	50.15709
	6.075423	50.15709
	6.075434	50.15708
	6.075437	50.15706
	6.075453	50.15705
	6.07546	50.15704
	6.075459	50.15703
	6.075457	50.15702
	6.075459	50.157
	6.07546	50.15699
	6.075476	50.15699
	6.075521	50.15697
	6.075552	50.15697
	6.075563	50.15696
	6.075586	50.15695
	6.075598	50.15695
	6.075613	50.15696
	6.075617	50.15696
	6.075624	50.15698
	6.075636	50.157
	6.075659	50.15699
	6.075677	50.15697
	6.075678	50.15697
	6.075682	50.15695
	6.07568	50.15694
	6.075674	50.15693
	6.075679	50.15691
	6.075682	50.1569
	6.075693	50.15689
	6.075724	50.15689
	6.075754	50.15689
	6.075861	50.15691
	6.075892	50.15691
	6.075907	50.15691
	6.075911	50.15689
	6.075907	50.15687
	6.075918	50.15686
	6.075949	50.15686
	6.075983	50.15686
	6.076029	50.15688
	6.076055	50.15688
	6.076082	50.15688
	6.076113	50.15687
	6.076136	50.15686
	6.076168	50.15684
	6.07617	50.15683
	6.0762	50.15682
	6.076216	50.15682
	6.076227	50.15682
	6.076255	50.15682
	6.076265	50.15683
	6.076266	50.15683
	6.076303	50.15685
	6.07633	50.15685
	6.07634	50.15685
	6.076368	50.15684
	6.076375	50.15685
	6.076384	50.15686
	6.07641	50.15686
	6.076441	50.15686
	6.076479	50.15686
	6.076494	50.15686
	6.076525	50.15688
	6.076531	50.15688
	6.076548	50.15689
	6.076557	50.15688
	6.076571	50.15688
	6.076565	50.1569
	6.076505	50.15792
	6.076861	50.15968
	6.077073	50.16025
	6.077571	50.16115
	6.07796	50.16164
	6.078156	50.16183
	6.078271	50.16192
	6.078465	50.16208
	6.078535	50.16284
	6.078349	50.16339
	6.078242	50.1637
	6.078048	50.16427
	6.07795	50.16453
	6.079135	50.1671
	6.07923	50.16706
	6.07921	50.16718
	6.07913	50.16769
	6.079117	50.16775
	6.079111	50.16777
	6.079097	50.16781
	6.079081	50.16785
	6.079064	50.16788
	6.078985	50.16798
	6.078932	50.16806
	6.078924	50.16813
	6.078969	50.16828
	6.078997	50.16837
	6.079043	50.16844
	6.079065	50.16848
	6.079309	50.16869
	6.079579	50.16897
	6.079676	50.16907
	6.079786	50.16922
	6.079882	50.16941
	6.079905	50.16949
	6.079901	50.16956
	6.079878	50.16966
	6.079832	50.16977
	6.079702	50.16998
	6.079409	50.1704
	6.079367	50.17047
	6.079275	50.17063
	6.079246	50.1707
	6.079206	50.17079
	6.079274	50.17081
	6.07929	50.17082
	6.079458	50.17086
	6.079603	50.1709
	6.079805	50.17095
	6.080056	50.17101
	6.080145	50.17104
	6.080324	50.17108
	6.080423	50.1711
	6.080469	50.17112
	6.080481	50.17112
	6.080815	50.17121
	6.081247	50.17132
	6.081739	50.17145
	6.082193	50.17157
	6.082573	50.17166
	6.082659	50.17168
	6.08267	50.17168
	6.082958	50.17176
	6.083036	50.17178
	6.083204	50.17182
	6.083353	50.17186
	6.083367	50.17186
	6.083483	50.17188
	6.083673	50.17191
	6.084081	50.17198
	6.084253	50.172
	6.084395	50.17199
	6.084528	50.17197
	6.084574	50.17196
	6.084623	50.17198
	6.084646	50.17198
	6.084707	50.17197
	6.084723	50.17196
	6.084772	50.17195
	6.084783	50.17195
	6.084803	50.17195
	6.084822	50.17195
	6.084833	50.17195
	6.084864	50.17195
	6.084906	50.17196
	6.084974	50.17197
	6.084978	50.17197
	6.084989	50.17197
	6.085012	50.17199
	6.085039	50.172
	6.085074	50.17201
	6.085104	50.172
	6.085126	50.172
	6.085138	50.17199
	6.08516	50.17198
	6.085173	50.17198
	6.085207	50.17198
	6.085209	50.17198
	6.085241	50.17199
	6.085253	50.17198
	6.085256	50.17198
	6.085299	50.17197
	6.085375	50.17193
	6.085463	50.17191
	6.085485	50.1719
	6.085577	50.17185
	6.085653	50.17183
	6.085764	50.17182
	6.085821	50.17182
	6.085882	50.1718
	6.085939	50.17178
	6.086016	50.17177
	6.086084	50.17177
	6.086161	50.17178
	6.086187	50.17177
	6.086206	50.17176
	6.086233	50.17174
	6.086248	50.17173
	6.08626	50.17173
	6.086298	50.17173
	6.086328	50.17172
	6.086382	50.17171
	6.086402	50.17171
	6.086412	50.1717
	6.086438	50.17168
	6.086439	50.17168
	6.086477	50.17165
	6.086508	50.17164
	6.086561	50.17163
	6.086622	50.17163
	6.08664	50.17162
	6.086668	50.17162
	6.086702	50.17161
	6.086729	50.17159
	6.086763	50.17154
	6.086794	50.17148
	6.086811	50.17146
	6.086832	50.17144
	6.086925	50.17138
	6.08695	50.17137
	6.086955	50.17136
	6.086966	50.17136
	6.086981	50.17133
	6.086992	50.1713
	6.087011	50.17129
	6.087021	50.17128
	6.087038	50.17128
	6.087076	50.17126
	6.087126	50.17125
	6.087202	50.17123
	6.087286	50.17119
	6.087309	50.17117
	6.087339	50.17115
	6.087446	50.17112
	6.087553	50.17106
	6.087584	50.17105
	6.08762	50.17104
	6.087648	50.17104
	6.087659	50.17104
	6.087683	50.17104
	6.087778	50.17101
	6.08787	50.17099
	6.087965	50.17096
	6.088054	50.17094
	6.088091	50.17093
	6.088114	50.17091
	6.08813	50.17091
	6.088167	50.17089
	6.088247	50.17086
	6.088304	50.17083
	6.088341	50.17082
	6.088407	50.17079
	6.088472	50.17075
	6.088488	50.17075
	6.088553	50.17071
	6.088568	50.17071
	6.088644	50.17069
	6.088793	50.17064
	6.088907	50.17063
	6.088999	50.17061
	6.089017	50.17061
	6.089075	50.1706
	6.089174	50.1706
	6.089272	50.17058
	6.089312	50.17057
	6.089376	50.17057
	6.089476	50.17056
	6.089502	50.17058
	6.089529	50.17058
	6.089552	50.17058
	6.089575	50.17057
	6.08959	50.17056
	6.089596	50.17056
	6.089628	50.17053
	6.08967	50.17051
	6.08972	50.17049
	6.089769	50.17048
	6.089796	50.17047
	6.089806	50.17047
	6.089891	50.17046
	6.089922	50.17045
	6.090002	50.17041
	6.090036	50.17038
	6.090038	50.17038
	6.090063	50.17038
	6.090094	50.17037
	6.09012	50.17037
	6.090143	50.17036
	6.090154	50.17036
	6.09017	50.17035
	6.090197	50.17033
	6.0903	50.1703
	6.090326	50.17029
	6.090338	50.17027
	6.090364	50.17023
	6.090383	50.17022
	6.09041	50.17022
	6.090456	50.17022
	6.090509	50.17022
	6.09057	50.17022
	6.090576	50.17022
	6.090612	50.17022
	6.090643	50.17022
	6.090653	50.17023
	6.090673	50.17023
	6.090708	50.17026
	6.090731	50.17027
	6.090753	50.17027
	6.090769	50.17027
	6.090872	50.17027
	6.090877	50.17027
	6.090921	50.17028
	6.09096	50.17028
	6.091001	50.17027
	6.091024	50.17027
	6.09107	50.17025
	6.091108	50.17022
	6.091162	50.17017
	6.091201	50.17015
	6.09123	50.17013
	6.091271	50.17011
	6.091314	50.17008
	6.091456	50.17003
	6.091564	50.16997
	6.091574	50.16996
	6.091587	50.16996
	6.091627	50.16994
	6.091689	50.16993
	6.091738	50.16991
	6.091746	50.16991
	6.091765	50.1699
	6.091804	50.16986
	6.091822	50.16984
	6.091845	50.16983
	6.091875	50.16981
	6.091917	50.16979
	6.091958	50.16979
	6.091978	50.16978
	6.091994	50.16979
	6.092039	50.16979
	6.092154	50.16981
	6.092179	50.16982
	6.09226	50.16983
	6.092386	50.16984
	6.092459	50.16985
	6.092501	50.16984
	6.092531	50.16983
	6.092546	50.16982
	6.092554	50.16981
	6.092558	50.16978
	6.092543	50.16973
	6.092524	50.16967
	6.092512	50.16965
	6.092505	50.16964
	6.092482	50.16962
	6.09248	50.16961
	6.092474	50.16959
	6.092477	50.16958
	6.092478	50.16958
	6.09248	50.16957
	6.092489	50.16955
	6.092516	50.16953
	6.09252	50.16952
	6.092539	50.1695
	6.09255	50.16942
	6.092562	50.16939
	6.092595	50.16939
	6.092653	50.1694
	6.092684	50.1694
	6.092703	50.16943
	6.092726	50.16945
	6.092756	50.16946
	6.092771	50.16946
	6.092863	50.16945
	6.092943	50.16946
	6.092977	50.16946
	6.093003	50.16946
	6.093004	50.16946
	6.093005	50.16946
	6.093039	50.16945
	6.093164	50.1694
	6.093206	50.16942
	6.093225	50.16943
	6.093233	50.16943
	6.09326	50.16946
	6.093266	50.16947
	6.093317	50.1695
	6.09334	50.16952
	6.093346	50.16953
	6.093351	50.16955
	6.093374	50.16955
	6.093393	50.16953
	6.093424	50.16951
	6.093447	50.1695
	6.093466	50.1695
	6.093512	50.1695
	6.093533	50.1695
	6.093546	50.16949
	6.093556	50.16949
	6.093565	50.16948
	6.093567	50.16947
	6.093569	50.16946
	6.093569	50.16943
	6.093592	50.1694
	6.093626	50.16938
	6.093672	50.16937
	6.093866	50.16931
	6.093935	50.16929
	6.093992	50.16929
	6.093995	50.16929
	6.094034	50.1693
	6.094122	50.16933
	6.094183	50.16936
	6.094255	50.16938
	6.094297	50.16939
	6.094318	50.16939
	6.094358	50.16939
	6.094404	50.16938
	6.094431	50.16939
	6.094446	50.1694
	6.094446	50.16941
	6.094454	50.16942
	6.094469	50.16943
	6.09448	50.16942
	6.094492	50.16941
	6.094502	50.16939
	6.094511	50.16938
	6.094534	50.16936
	6.094553	50.16936
	6.094574	50.16935
	6.094591	50.16935
	6.094596	50.16935
	6.094698	50.16938
	6.09474	50.16938
	6.094774	50.16938
	6.094774	50.16937
	6.094748	50.16931
	6.094763	50.1693
	6.094782	50.16929
	6.094923	50.1693
	6.095004	50.1693
	6.095114	50.16931
	6.095285	50.16933
	6.095364	50.16935
	6.095381	50.16935
	6.095413	50.16936
	6.095461	50.16937
	6.095644	50.16943
	6.095804	50.16949
	6.0959	50.16953
	6.095949	50.16957
	6.09601	50.16957
	6.096025	50.16956
	6.096044	50.16954
	6.096102	50.16952
	6.096139	50.16951
	6.096144	50.16951
	6.096158	50.16951
	6.096232	50.16952
	6.096376	50.16954
	6.096415	50.16954
	6.096426	50.16954
	6.09646	50.16954
	6.096519	50.16953
	6.096537	50.16953
	6.096579	50.16952
	6.096659	50.16953
	6.09666	50.16953
	6.096682	50.16953
	6.096683	50.16953
	6.096705	50.16955
	6.096712	50.16957
	6.09672	50.16963
	6.096746	50.16964
	6.096766	50.16964
	6.096815	50.16964
	6.096869	50.16964
	6.096886	50.16964
	6.096937	50.16965
	6.096994	50.16965
	6.097055	50.16965
	6.097124	50.16964
	6.097143	50.16964
	6.097148	50.16964
	6.097204	50.16962
	6.097258	50.16962
	6.097284	50.16963
	6.097302	50.16964
	6.09733	50.16965
	6.097385	50.16964
	6.097399	50.16964
	6.097403	50.16964
	6.097433	50.16965
	6.097464	50.16967
	6.097476	50.16968
	6.09749	50.16969
	6.097513	50.16969
	6.097586	50.16969
	6.097609	50.1697
	6.097647	50.16971
	6.097715	50.16972
	6.097784	50.16975
	6.097803	50.16977
	6.097811	50.16979
	6.097799	50.16981
	6.097796	50.16983
	6.097807	50.16984
	6.09782	50.16984
	6.097845	50.16985
	6.097876	50.16986
	6.097891	50.16986
	6.097906	50.16988
	6.097905	50.16988
	6.097898	50.16989
	6.097906	50.16991
	6.097921	50.16993
	6.097947	50.16995
	6.097963	50.16996
	6.098047	50.17002
	6.098061	50.17003
	6.098089	50.17004
	6.098173	50.17006
	6.098196	50.17007
	6.098196	50.17009
	6.098208	50.1701
	6.098234	50.1701
	6.098272	50.17009
	6.09833	50.17006
	6.098356	50.17006
	6.098425	50.17007
	6.098455	50.17009
	6.098501	50.17012
	6.098516	50.17012
	6.098517	50.17012
	6.098539	50.17012
	6.098568	50.17013
	6.098593	50.17014
	6.098617	50.17015
	6.098627	50.17015
	6.098684	50.17017
	6.098707	50.17018
	6.098719	50.17018
	6.098768	50.17019
	6.098806	50.1702
	6.098871	50.17021
	6.098929	50.17023
	6.098967	50.17026
	6.099001	50.17027
	6.099024	50.17028
	6.099047	50.17028
	6.099112	50.1703
	6.099157	50.17031
	6.099183	50.17033
	6.099241	50.17038
	6.099283	50.17039
	6.099405	50.17044
	6.099424	50.17048
	6.099447	50.17049
	6.099474	50.1705
	6.099543	50.17051
	6.099578	50.17052
	6.099596	50.17053
	6.099619	50.17054
	6.099642	50.17055
	6.099685	50.17057
	6.099691	50.17058
	6.099692	50.17058
	6.099729	50.17059
	6.099806	50.17061
	6.099832	50.17063
	6.099849	50.17064
	6.099875	50.17066
	6.099886	50.17068
	6.099883	50.17069
	6.099878	50.1707
	6.099876	50.1707
	6.099875	50.17071
	6.099889	50.17072
	6.099894	50.17072
	6.09992	50.17072
	6.099974	50.17072
	6.100008	50.17074
	6.100039	50.17074
	6.100065	50.17074
	6.100103	50.17073
	6.100126	50.17074
	6.100153	50.17075
	6.100161	50.17076
	6.10018	50.17076
	6.100195	50.17076
	6.100202	50.17075
	6.100214	50.17073
	6.100225	50.17073
	6.100241	50.17072
	6.100256	50.17072
	6.100267	50.17071
	6.10026	50.1707
	6.100241	50.17068
	6.100229	50.17067
	6.100233	50.17065
	6.100271	50.17062
	6.100313	50.17061
	6.100344	50.17061
	6.100345	50.17061
	6.100363	50.17062
	6.100378	50.17062
	6.100393	50.17063
	6.100396	50.17063
	6.100405	50.17062
	6.100439	50.17062
	6.100462	50.17061
	6.1005	50.17062
	6.100523	50.17062
	6.10055	50.17061
	6.10056	50.17061
	6.100584	50.1706
	6.100649	50.17057
	6.100687	50.17056
	6.100729	50.17056
	6.100759	50.17056
	6.10079	50.17057
	6.100837	50.1706
	6.100882	50.17062
	6.100912	50.17062
	6.100939	50.17062
	6.100988	50.1706
	6.101011	50.17061
	6.101014	50.17062
	6.101019	50.17063
	6.10103	50.17064
	6.101038	50.17065
	6.101053	50.17065
	6.101072	50.17065
	6.101084	50.17064
	6.101092	50.17063
	6.101095	50.17062
	6.101114	50.17059
	6.101133	50.17057
	6.10116	50.17056
	6.10116	50.17054
	6.101172	50.17053
	6.101183	50.17053
	6.101202	50.17052
	6.10124	50.17052
	6.101278	50.17052
	6.101311	50.17055
	6.101324	50.17056
	6.101347	50.17055
	6.101374	50.17054
	6.101412	50.17053
	6.101454	50.17054
	6.101473	50.17055
	6.101473	50.17058
	6.101477	50.17059
	6.101484	50.1706
	6.101515	50.17061
	6.101538	50.17061
	6.101568	50.17061
	6.101637	50.1706
	6.101717	50.17056
	6.101774	50.17056
	6.101839	50.17056
	6.101862	50.17054
	6.101887	50.17053
	6.101889	50.17053
	6.101927	50.17052
	6.102015	50.17052
	6.102015	50.17049
	6.102024	50.17049
	6.102026	50.17049
	6.102045	50.17049
	6.102068	50.17051
	6.102087	50.17051
	6.102118	50.17051
	6.10214	50.1705
	6.102163	50.17051
	6.102152	50.17053
	6.102125	50.17055
	6.102125	50.17056
	6.102136	50.17057
	6.102144	50.17057
	6.102163	50.17056
	6.102198	50.17054
	6.10224	50.17052
	6.102245	50.17052
	6.102289	50.17052
	6.102358	50.17052
	6.102415	50.17053
	6.102429	50.17054
	6.102449	50.17055
	6.102789	50.17042
	6.103552	50.1701
	6.104075	50.16989
	6.104165	50.16985
	6.104227	50.16983
	6.104952	50.16953
	6.105091	50.16947
	6.105616	50.16926
	6.10615	50.16904
	6.106447	50.16892
	6.106897	50.16874
	6.107322	50.16856
	6.107409	50.16852
	6.108027	50.16827
	6.108551	50.16805
	6.108572	50.16804
	6.108585	50.16804
	6.109022	50.16786
	6.109327	50.16774
	6.109566	50.16764
	6.109633	50.16761
	6.110201	50.16738
	6.110239	50.16736
	6.110605	50.16721
	6.110854	50.16711
	6.111128	50.16699
	6.111921	50.16667
	6.112116	50.16659
	6.112631	50.16637
	6.113398	50.16606
	6.113484	50.16602
	6.113661	50.16595
	6.114133	50.16576
	6.114199	50.16573
	6.114297	50.16569
	6.115282	50.16529
	6.115588	50.16516
	6.115645	50.16513
	6.115876	50.16504
	6.116129	50.16493
	6.116602	50.16474
	6.117228	50.16447
	6.117416	50.16439
	6.11743	50.16438
	6.117451	50.16437
	6.117826	50.16421
	6.117895	50.16419
	6.118399	50.16398
	6.118686	50.16386
	6.119356	50.16357
	6.119385	50.16355
	6.119408	50.16354
	6.119438	50.16352
	6.119471	50.1635
	6.119515	50.16348
	6.1197	50.16339
	6.119782	50.16335
	6.119784	50.16335
	6.120012	50.16272
	6.120053	50.1626
	6.120089	50.16249
	6.120207	50.16217
	6.120283	50.16201
	6.120405	50.16183
	6.120379	50.16179
	6.120093	50.1615
	6.120073	50.16148
	6.119738	50.16114
	6.119658	50.16106
	6.119539	50.16094
	6.119455	50.16085
	6.119261	50.16065
	6.119221	50.16061
	6.119127	50.16051
	6.119069	50.16045
	6.119051	50.16043
	6.118975	50.16036
	6.11891	50.16029
	6.118858	50.16024
	6.118757	50.16013
	6.118616	50.15998
	6.118467	50.15984
	6.118406	50.15978
	6.118341	50.15971
	6.118235	50.1596
	6.118029	50.15939
	6.117804	50.15917
	6.117605	50.15897
	6.117564	50.15893
	6.117536	50.1589
	6.11748	50.15883
	6.117468	50.15882
	6.117444	50.15879
	6.117342	50.15867
	6.117237	50.15854
	6.11717	50.15846
	6.117103	50.15837
	6.117079	50.15834
	6.117042	50.15829
	6.117025	50.15826
	6.117019	50.15825
	6.116987	50.15819
	6.116978	50.15817
	6.116968	50.15815
	6.116964	50.15811
	6.116961	50.15808
	6.116949	50.15804
	6.116934	50.15801
	6.116899	50.15795
	6.116878	50.15792
	6.116858	50.15789
	6.116826	50.15782
	6.116819	50.1578
	6.116809	50.15779
	6.116797	50.15777
	6.116775	50.15775
	6.116758	50.15773
	6.116682	50.15768
	6.116034	50.15717
	6.115961	50.15711
	6.11592	50.15708
	6.115839	50.15702
	6.115748	50.15694
	6.115675	50.15687
	6.115559	50.15673
	6.115507	50.15666
	6.115429	50.15656
	6.115366	50.15648
	6.115212	50.15627
	6.115107	50.15613
	6.115083	50.15609
	6.11503	50.15602
	6.115007	50.15598
	6.114996	50.15596
	6.114985	50.1559
	6.114983	50.15589
	6.114977	50.15586
	6.114977	50.1558
	6.114981	50.15575
	6.114992	50.1557
	6.115015	50.15562
	6.115076	50.15548
	6.115225	50.15535
	6.115236	50.15532
	6.115235	50.15523
	6.115233	50.15506
	6.115299	50.15508
	6.115545	50.15512
	6.115628	50.15514
	6.115652	50.15514
	6.115744	50.15515
	6.115831	50.15516
	6.115902	50.15515
	6.115999	50.15513
	6.116036	50.15513
	6.116064	50.15512
	6.116162	50.1551
	6.116274	50.15509
	6.1164	50.15507
	6.116411	50.15507
	6.116495	50.15506
	6.116542	50.15506
	6.116587	50.15506
	6.116701	50.15506
	6.116716	50.15506
	6.116739	50.15506
	6.116762	50.15505
	6.1168	50.15504
	6.116884	50.15499
	6.116901	50.15499
	6.116972	50.15496
	6.116999	50.15495
	6.117086	50.15494
	6.117155	50.15492
	6.117202	50.1549
	6.117224	50.1549
	6.117296	50.15488
	6.117328	50.15486
	6.117357	50.15484
	6.117422	50.15482
	6.117449	50.15481
	6.117491	50.1548
	6.117502	50.15479
	6.117548	50.15478
	6.11758	50.15477
	6.117621	50.15476
	6.117645	50.15475
	6.117674	50.15473
	6.117712	50.1547
	6.117758	50.15465
	6.117784	50.15461
	6.117815	50.15453
	6.117838	50.15448
	6.117884	50.15444
	6.117903	50.1544
	6.117917	50.15439
	6.117929	50.15437
	6.11796	50.15434
	6.117975	50.15433
	6.118013	50.15431
	6.118051	50.15427
	6.118054	50.15426
	6.118071	50.15422
	6.118136	50.15415
	6.118296	50.15407
	6.118376	50.15403
	6.118429	50.154
	6.118451	50.15397
	6.118456	50.15396
	6.118461	50.15394
	6.118463	50.15393
	6.118444	50.15388
	6.118425	50.15384
	6.118425	50.15383
	6.118414	50.15381
	6.118418	50.15379
	6.118441	50.15375
	6.118521	50.15362
	6.118529	50.1536
	6.118578	50.15349
	6.118588	50.15347
	6.118597	50.15346
	6.118608	50.15345
	6.118616	50.15344
	6.118627	50.15344
	6.11865	50.15343
	6.118875	50.15337
	6.118929	50.15335
	6.118975	50.15334
	6.119005	50.15334
	6.11904	50.15335
	6.119108	50.15337
	6.119135	50.15338
	6.119169	50.15338
	6.119173	50.15338
	6.119192	50.15337
	6.119204	50.15335
	6.1192	50.15332
	6.119177	50.1533
	6.119172	50.15329
	6.119162	50.15327
	6.119162	50.15324
	6.119177	50.15322
	6.119183	50.15322
	6.119207	50.15321
	6.119241	50.15321
	6.119249	50.15321
	6.119269	50.15322
	6.119299	50.15322
	6.119333	50.15322
	6.119349	50.15322
	6.119368	50.15322
	6.119394	50.1532
	6.119395	50.1532
	6.119413	50.15318
	6.119417	50.15315
	6.119405	50.15313
	6.119398	50.15311
	6.119387	50.1531
	6.119368	50.15308
	6.119328	50.15305
	6.11931	50.15303
	6.119288	50.153
	6.119284	50.15298
	6.119295	50.15297
	6.119341	50.15295
	6.119375	50.15293
	6.119398	50.15291
	6.119421	50.15288
	6.119428	50.15284
	6.119421	50.15282
	6.119415	50.15282
	6.11939	50.15279
	6.11938	50.15277
	6.119375	50.15276
	6.11936	50.15274
	6.119344	50.15273
	6.11933	50.15272
	6.119318	50.1527
	6.119303	50.15269
	6.119291	50.15267
	6.119295	50.15265
	6.119322	50.15264
	6.119352	50.15265
	6.119378	50.15266
	6.119398	50.15266
	6.119408	50.15266
	6.119448	50.15266
	6.119478	50.15266
	6.119517	50.15266
	6.119532	50.15266
	6.119564	50.15265
	6.1196	50.15263
	6.119684	50.1526
	6.119749	50.15258
	6.119795	50.15258
	6.119821	50.15258
	6.119841	50.1526
	6.119856	50.15261
	6.119871	50.15262
	6.119894	50.15263
	6.119924	50.15263
	6.119951	50.15261
	6.119967	50.1526
	6.119982	50.15257
	6.119997	50.15255
	6.120012	50.15253
	6.120029	50.15253
	6.120069	50.15251
	6.120096	50.15248
	6.120104	50.15247
	6.120096	50.15246
	6.120085	50.15245
	6.120066	50.15244
	6.120005	50.15244
	6.119974	50.15243
	6.11994	50.15242
	6.119932	50.15241
	6.119946	50.1524
	6.119947	50.15239
	6.119982	50.15238
	6.120035	50.15238
	6.120054	50.15238
	6.120085	50.15237
	6.1201	50.15236
	6.120123	50.15235
	6.120199	50.15232
	6.120211	50.15231
	6.120287	50.15227
	6.120336	50.15223
	6.120371	50.1522
	6.120371	50.15218
	6.120348	50.15217
	6.120351	50.15215
	6.120352	50.15215
	6.120352	50.15214
	6.120382	50.15213
	6.120405	50.15211
	6.120417	50.15208
	6.120417	50.15207
	6.120416	50.15206
	6.120401	50.15204
	6.120396	50.15203
	6.120394	50.15202
	6.120398	50.15201
	6.120414	50.152
	6.120424	50.15199
	6.120435	50.15198
	6.120443	50.15198
	6.120489	50.15196
	6.120536	50.15195
	6.120562	50.15195
	6.120573	50.15195
	6.120623	50.15194
	6.120661	50.15193
	6.120695	50.15193
	6.120722	50.15194
	6.120726	50.15195
	6.120737	50.15197
	6.120764	50.15198
	6.120794	50.15198
	6.12084	50.15197
	6.120846	50.15196
	6.120867	50.15196
	6.120881	50.15196
	6.12089	50.15197
	6.120899	50.15197
	6.120905	50.15198
	6.12092	50.15199
	6.120923	50.15199
	6.120943	50.152
	6.120969	50.15199
	6.120981	50.15199
	6.121003	50.15199
	6.121042	50.15198
	6.121077	50.15196
	6.121096	50.15196
	6.121116	50.15196
	6.121126	50.15197
	6.121141	50.15198
	6.121153	50.15201
	6.121153	50.15203
	6.121164	50.15205
	6.12118	50.15206
	6.12121	50.15206
	6.121244	50.15205
	6.121271	50.15203
	6.12129	50.15202
	6.121317	50.152
	6.121359	50.152
	6.121428	50.15201
	6.121481	50.15202
	6.121512	50.15201
	6.121542	50.152
	6.121561	50.15198
	6.121561	50.15196
	6.12155	50.15195
	6.121534	50.15194
	6.121515	50.15193
	6.121485	50.15193
	6.12145	50.15193
	6.121431	50.15192
	6.121424	50.15191
	6.121435	50.15189
	6.121454	50.15188
	6.121473	50.15186
	6.121476	50.15185
	6.121481	50.15182
	6.1215	50.15181
	6.121526	50.15182
	6.121527	50.15182
	6.121544	50.15183
	6.121565	50.15184
	6.12158	50.15185
	6.121618	50.15185
	6.121628	50.15184
	6.12166	50.15183
	6.121683	50.15183
	6.121702	50.15185
	6.121714	50.15187
	6.121729	50.15187
	6.121759	50.15187
	6.121775	50.15186
	6.121794	50.15185
	6.121799	50.15185
	6.121817	50.15184
	6.121819	50.15183
	6.121824	50.15181
	6.121836	50.15179
	6.12187	50.15178
	6.121923	50.15176
	6.121939	50.15176
	6.121958	50.15175
	6.121966	50.15174
	6.121969	50.15173
	6.121969	50.15172
	6.121983	50.1517
	6.121984	50.1517
	6.122007	50.15168
	6.122045	50.15167
	6.122068	50.15165
	6.122071	50.15164
	6.122076	50.15163
	6.122074	50.15162
	6.122072	50.15161
	6.122062	50.1516
	6.122053	50.15159
	6.122019	50.15157
	6.122	50.15155
	6.122	50.15154
	6.122006	50.15153
	6.122015	50.15152
	6.122057	50.15151
	6.122088	50.15151
	6.122129	50.15151
	6.122153	50.1515
	6.122164	50.1515
	6.122176	50.15149
	6.122194	50.15147
	6.122206	50.15146
	6.122229	50.15146
	6.122286	50.15147
	6.122312	50.15147
	6.122331	50.15147
	6.122351	50.15147
	6.122389	50.15146
	6.122518	50.15144
	6.122583	50.15144
	6.122644	50.15145
	6.122686	50.15145
	6.122751	50.15144
	6.122778	50.15144
	6.122846	50.15144
	6.122892	50.15143
	6.122896	50.15143
	6.122934	50.15141
	6.123015	50.15137
	6.123039	50.15136
	6.123064	50.15134
	6.123074	50.15133
	6.123125	50.15131
	6.12321	50.15127
	6.12322	50.15127
	6.123243	50.15126
	6.123331	50.15123
	6.123495	50.15121
	6.123545	50.1512
	6.123564	50.15121
	6.123579	50.15122
	6.123579	50.15123
	6.123566	50.15125
	6.123552	50.15127
	6.123552	50.15129
	6.12356	50.15131
	6.123556	50.15132
	6.123554	50.15134
	6.123552	50.15134
	6.12356	50.15137
	6.12359	50.15139
	6.123613	50.15139
	6.12364	50.1514
	6.123667	50.1514
	6.123686	50.15139
	6.123712	50.15136
	6.123739	50.15131
	6.123758	50.15129
	6.123761	50.15129
	6.123789	50.15128
	6.123861	50.15126
	6.123919	50.15125
	6.123967	50.15125
	6.123983	50.15125
	6.124015	50.15125
	6.124052	50.15126
	6.124072	50.15125
	6.124086	50.15125
	6.124121	50.15125
	6.124155	50.15123
	6.124165	50.15122
	6.124174	50.15121
	6.124175	50.1512
	6.124178	50.15118
	6.124182	50.15117
	6.124189	50.15116
	6.124205	50.15114
	6.12422	50.15114
	6.124243	50.15113
	6.124252	50.15113
	6.124254	50.15112
	6.124264	50.15111
	6.124269	50.1511
	6.124267	50.15109
	6.124266	50.15109
	6.12425	50.15106
	6.124225	50.15103
	6.124224	50.15103
	6.124208	50.15102
	6.124212	50.151
	6.124224	50.151
	6.124243	50.151
	6.124262	50.15102
	6.124281	50.15104
	6.124292	50.15104
	6.124308	50.15104
	6.124327	50.15103
	6.12435	50.151
	6.124372	50.15096
	6.124399	50.15091
	6.124395	50.15089
	6.124384	50.15089
	6.124371	50.15088
	6.124357	50.15088
	6.124357	50.15087
	6.124361	50.15086
	6.124372	50.15086
	6.124383	50.15085
	6.124395	50.15084
	6.124418	50.15083
	6.124423	50.15082
	6.124464	50.15076
	6.124533	50.15071
	6.124563	50.15067
	6.124617	50.15064
	6.124643	50.15061
	6.124665	50.1506
	6.124685	50.15058
	6.124713	50.15058
	6.124762	50.15056
	6.124807	50.15054
	6.12483	50.15052
	6.124846	50.15049
	6.124846	50.15046
	6.124843	50.15043
	6.124842	50.15041
	6.124849	50.15038
	6.124872	50.15036
	6.124952	50.1503
	6.124964	50.15029
	6.124983	50.15029
	6.124994	50.15033
	6.125009	50.15035
	6.125029	50.15037
	6.12504	50.15038
	6.125067	50.15038
	6.12509	50.15037
	6.125109	50.15036
	6.125139	50.15035
	6.125159	50.15034
	6.125166	50.15033
	6.125178	50.15032
	6.1252	50.1503
	6.125238	50.15027
	6.125287	50.15024
	6.125296	50.15024
	6.125345	50.15023
	6.125471	50.15023
	6.125494	50.15022
	6.125574	50.15019
	6.125635	50.15016
	6.125681	50.15012
	6.12568	50.15012
	6.125658	50.15011
	6.125624	50.15008
	6.125597	50.15007
	6.125532	50.15004
	6.125509	50.15002
	6.125353	50.14994
	6.125208	50.14987
	6.125147	50.14984
	6.125109	50.14983
	6.125092	50.14982
	6.125021	50.14979
	6.124929	50.14976
	6.124742	50.14972
	6.124521	50.14968
	6.124353	50.14966
	6.124258	50.14964
	6.124102	50.14963
	6.124075	50.14961
	6.123998	50.14955
	6.123483	50.14954
	6.123423	50.14954
	6.123328	50.14953
	6.12324	50.14952
	6.122778	50.1495
	6.122515	50.14938
	6.122324	50.1493
	6.122262	50.14928
	6.122148	50.14923
	6.122121	50.14922
	6.122053	50.1492
	6.121881	50.14917
	6.121853	50.14917
	6.121824	50.14916
	6.121778	50.14913
	6.121738	50.14911
	6.121729	50.1491
	6.121658	50.14908
	6.121595	50.14906
	6.121244	50.14894
	6.12119	50.14892
	6.120836	50.14877
	6.120802	50.14876
	6.120275	50.14853
	6.119394	50.14812
	6.119189	50.14803
	6.119017	50.14795
	6.118974	50.14793
	6.118883	50.1479
	6.1187	50.14778
	6.118644	50.14774
	6.118551	50.14768
	6.118353	50.14757
	6.118196	50.14746
	6.118185	50.14745
	6.118155	50.14743
	6.118081	50.1474
	6.118059	50.1474
	6.118038	50.14739
	6.117983	50.14736
	6.117907	50.14732
	6.117815	50.14726
	6.1177	50.14719
	6.117586	50.1471
	6.117506	50.14703
	6.117437	50.14697
	6.117392	50.14692
	6.117346	50.14685
	6.117327	50.14682
	6.1173	50.14677
	6.117294	50.14676
	6.117269	50.14672
	6.117224	50.14661
	6.117212	50.14657
	6.117203	50.14654
	6.117182	50.14645
	6.117159	50.14637
	6.117155	50.14636
	6.11715	50.14634
	6.117113	50.14617
	6.117107	50.14613
	6.117102	50.1461
	6.117094	50.14603
	6.117095	50.14602
	6.117098	50.14599
	6.11711	50.14592
	6.117125	50.14584
	6.117125	50.14579
	6.117104	50.14556
	6.11709	50.1454
	6.11706	50.14509
	6.117029	50.14481
	6.117014	50.14466
	6.11701	50.1446
	6.117006	50.14453
	6.115534	50.14451
	6.115295	50.14434
	6.115068	50.14419
	6.115049	50.14411
	6.114962	50.14381
	6.114817	50.1433
	6.114702	50.1429
	6.114557	50.14275
	6.114363	50.14244
	6.114042	50.14191
	6.114004	50.14176
	6.114	50.14174
	6.113863	50.14122
	6.113855	50.1412
	6.113849	50.14119
	6.113825	50.14116
	6.113794	50.14114
	6.113684	50.14071
	6.113653	50.14057
	6.113653	50.14051
	6.113661	50.14032
	6.113662	50.1403
	6.113668	50.14018
	6.113657	50.14002
	6.113649	50.13992
	6.113623	50.13979
	6.113592	50.13969
	6.113573	50.13964
	6.113558	50.13959
	6.113512	50.1395
	6.11345	50.13939
	6.113348	50.13923
	6.113295	50.13914
	6.11326	50.13908
	6.113187	50.13897
	6.113146	50.13892
	6.113089	50.13885
	6.113031	50.13878
	6.112887	50.13861
	6.112834	50.13855
	6.112802	50.13851
	6.112719	50.13842
	6.112704	50.13841
	6.112684	50.13839
	6.112602	50.13832
	6.112474	50.13823
	6.112313	50.13811
	6.112143	50.138
	6.112131	50.13795
	6.112097	50.13782
	6.112089	50.13777
	6.112085	50.13775
	6.112081	50.13764
	6.112078	50.13756
	6.112081	50.1373
	6.112082	50.13728
	6.112093	50.13696
	6.112093	50.13674
	6.112082	50.13646
	6.112063	50.13625
	6.112063	50.13617
	6.112255	50.13604
	6.11228	50.13602
	6.112295	50.13602
	6.11233	50.13602
	6.112359	50.13602
	6.112398	50.13603
	6.112467	50.13605
	6.112516	50.13607
	6.112543	50.13608
	6.112631	50.13614
	6.112688	50.13617
	6.112703	50.13617
	6.112722	50.13617
	6.112734	50.13617
	6.112772	50.13618
	6.112844	50.13618
	6.112871	50.13618
	6.112894	50.13616
	6.1129	50.13615
	6.112913	50.13613
	6.112932	50.13612
	6.112951	50.13612
	6.112966	50.13614
	6.11302	50.13618
	6.113039	50.13619
	6.113085	50.13621
	6.113108	50.13621
	6.113207	50.13621
	6.113238	50.13622
	6.113241	50.13622
	6.113295	50.13623
	6.113311	50.13624
	6.113348	50.13625
	6.113366	50.13626
	6.113378	50.13627
	6.113432	50.13627
	6.113446	50.13627
	6.113478	50.13627
	6.113513	50.13628
	6.113531	50.13628
	6.113619	50.13632
	6.113676	50.13634
	6.113714	50.13636
	6.113752	50.13636
	6.11381	50.13636
	6.11384	50.13635
	6.113853	50.13635
	6.113867	50.13634
	6.113883	50.13634
	6.113893	50.13633
	6.11392	50.13633
	6.113995	50.13635
	6.114008	50.13635
	6.114054	50.13636
	6.114183	50.13636
	6.114244	50.13636
	6.114302	50.13637
	6.114363	50.13638
	6.114431	50.13638
	6.114592	50.13639
	6.114683	50.13641
	6.114698	50.13641
	6.11474	50.13642
	6.114759	50.13642
	6.114794	50.13643
	6.114838	50.13642
	6.114855	50.13642
	6.114879	50.13642
	6.114904	50.13641
	6.114945	50.13639
	6.114977	50.13638
	6.114986	50.13638
	6.115042	50.13637
	6.115107	50.13636
	6.11521	50.13636
	6.115268	50.13637
	6.115313	50.13638
	6.11532	50.13638
	6.115366	50.13639
	6.115404	50.13639
	6.115477	50.13638
	6.115576	50.13638
	6.115633	50.13638
	6.115656	50.13639
	6.11566	50.13641
	6.115656	50.13644
	6.115654	50.13645
	6.115652	50.13647
	6.11566	50.13648
	6.115669	50.13648
	6.115683	50.13648
	6.115744	50.13648
	6.115781	50.13649
	6.115782	50.13649
	6.115824	50.1365
	6.115885	50.13653
	6.115923	50.13655
	6.11595	50.13656
	6.11598	50.13656
	6.116003	50.13655
	6.116018	50.13653
	6.116022	50.1365
	6.116018	50.13644
	6.116015	50.13641
	6.116026	50.13638
	6.116041	50.13637
	6.116087	50.13636
	6.116163	50.13635
	6.116289	50.13635
	6.116316	50.13635
	6.116423	50.13635
	6.116436	50.13635
	6.116507	50.13636
	6.116598	50.13638
	6.116629	50.13638
	6.116686	50.13637
	6.116827	50.13637
	6.116877	50.13636
	6.116905	50.13635
	6.116911	50.13635
	6.116924	50.13634
	6.116961	50.13633
	6.116991	50.13633
	6.117086	50.13633
	6.117109	50.13632
	6.117121	50.13631
	6.117144	50.1363
	6.117153	50.1363
	6.117182	50.13628
	6.117209	50.13627
	6.117235	50.13627
	6.117281	50.13629
	6.117342	50.13632
	6.117395	50.13633
	6.117423	50.13632
	6.117441	50.13632
	6.11751	50.1363
	6.117563	50.13629
	6.117586	50.13628
	6.117604	50.13627
	6.117643	50.13626
	6.117663	50.13625
	6.117689	50.13625
	6.117712	50.13625
	6.117717	50.13626
	6.117727	50.13627
	6.11775	50.13627
	6.117807	50.13628
	6.117876	50.1363
	6.117894	50.13631
	6.117907	50.13631
	6.117945	50.1363
	6.117975	50.13629
	6.11801	50.13627
	6.118012	50.13626
	6.118036	50.13625
	6.118065	50.13624
	6.118078	50.13623
	6.118101	50.13623
	6.118113	50.13623
	6.118121	50.13623
	6.118139	50.13622
	6.118162	50.13621
	6.118212	50.13615
	6.118234	50.13614
	6.118242	50.13614
	6.118273	50.13614
	6.118307	50.13614
	6.118353	50.13615
	6.118711	50.1362
	6.11875	50.13621
	6.118769	50.13621
	6.118779	50.13621
	6.118792	50.1362
	6.118817	50.13619
	6.118822	50.13619
	6.118823	50.13619
	6.118826	50.13618
	6.118815	50.13615
	6.118811	50.13614
	6.118826	50.13612
	6.11886	50.13611
	6.118898	50.13611
	6.118978	50.13612
	6.118998	50.13612
	6.119002	50.13612
	6.119024	50.13611
	6.119108	50.13609
	6.11913	50.13609
	6.119154	50.13608
	6.11916	50.13608
	6.119169	50.13609
	6.119204	50.13611
	6.119253	50.13613
	6.119284	50.13614
	6.119303	50.13614
	6.11936	50.13614
	6.119371	50.13613
	6.119406	50.13612
	6.119463	50.1361
	6.119482	50.13609
	6.119524	50.13608
	6.119562	50.13608
	6.119635	50.13609
	6.119741	50.13609
	6.11978	50.13609
	6.119787	50.1361
	6.119795	50.13611
	6.119806	50.13614
	6.119795	50.13618
	6.119795	50.13621
	6.119797	50.13621
	6.119814	50.13623
	6.119848	50.13625
	6.119852	50.13626
	6.119928	50.13629
	6.119943	50.13629
	6.119997	50.1363
	6.120005	50.1363
	6.12002	50.1363
	6.120066	50.13629
	6.120083	50.13629
	6.120115	50.13629
	6.120167	50.13629
	6.120188	50.13629
	6.120249	50.1363
	6.120298	50.13632
	6.120317	50.13632
	6.12034	50.13631
	6.120356	50.1363
	6.120371	50.13628
	6.12039	50.13627
	6.120428	50.13627
	6.120439	50.13629
	6.120459	50.13631
	6.120474	50.13632
	6.120497	50.13631
	6.120516	50.13631
	6.120539	50.13629
	6.12055	50.13628
	6.120569	50.13628
	6.12057	50.13628
	6.120604	50.13629
	6.120617	50.1363
	6.120649	50.13631
	6.120691	50.13631
	6.120722	50.1363
	6.12073	50.1363
	6.120749	50.13628
	6.120783	50.13625
	6.120788	50.13625
	6.120806	50.13622
	6.120808	50.13621
	6.12081	50.13621
	6.120808	50.1362
	6.120806	50.13618
	6.120802	50.13615
	6.120821	50.13614
	6.120825	50.13614
	6.120839	50.13614
	6.120851	50.13615
	6.120894	50.13617
	6.120913	50.13617
	6.12092	50.13617
	6.120943	50.13617
	6.120966	50.13616
	6.120985	50.13615
	6.121009	50.13612
	6.121016	50.13612
	6.121026	50.1361
	6.121054	50.13607
	6.121073	50.13604
	6.121099	50.13601
	6.121126	50.136
	6.121164	50.13599
	6.121267	50.13598
	6.121295	50.13597
	6.121321	50.13596
	6.121378	50.13594
	6.12142	50.13592
	6.121443	50.13591
	6.121458	50.13586
	6.121466	50.13585
	6.121485	50.13584
	6.121496	50.13584
	6.121569	50.13582
	6.121679	50.1358
	6.12171	50.1358
	6.121824	50.13575
	6.121962	50.13571
	6.121986	50.13571
	6.121996	50.13571
	6.122	50.13571
	6.122038	50.13572
	6.122071	50.13574
	6.122084	50.13574
	6.122126	50.13576
	6.122148	50.13577
	6.12216	50.13577
	6.122187	50.13578
	6.122232	50.13578
	6.122269	50.13577
	6.122278	50.13577
	6.122312	50.13575
	6.122326	50.13575
	6.122339	50.13574
	6.122343	50.13573
	6.122339	50.13571
	6.122263	50.13559
	6.122263	50.13557
	6.122269	50.13557
	6.122278	50.13557
	6.122335	50.13555
	6.122381	50.13551
	6.122385	50.13551
	6.122387	50.1355
	6.122435	50.13547
	6.122535	50.13542
	6.122549	50.13541
	6.122606	50.13539
	6.122625	50.13539
	6.122648	50.1354
	6.122683	50.13543
	6.122702	50.13543
	6.122732	50.13543
	6.122751	50.13541
	6.122816	50.13535
	6.122831	50.13533
	6.122831	50.1353
	6.122854	50.13527
	6.122889	50.13526
	6.122913	50.13525
	6.122961	50.13524
	6.122979	50.13523
	6.123003	50.13522
	6.123026	50.13521
	6.123171	50.1351
	6.12324	50.13507
	6.123249	50.13506
	6.123266	50.13506
	6.123289	50.13507
	6.123301	50.13507
	6.123312	50.13508
	6.123334	50.13507
	6.123342	50.13507
	6.123381	50.13504
	6.123442	50.13496
	6.123465	50.13494
	6.12351	50.13491
	6.123541	50.1349
	6.123579	50.13486
	6.123598	50.13484
	6.123922	50.1347
	6.124014	50.13466
	6.12409	50.13464
	6.124124	50.13463
	6.12417	50.13464
	6.124239	50.13465
	6.124319	50.13467
	6.12443	50.1347
	6.124495	50.13472
	6.12454	50.13473
	6.124655	50.13473
	6.124742	50.13473
	6.124756	50.13472
	6.124769	50.13472
	6.124792	50.1347
	6.124796	50.1347
	6.1248	50.13469
	6.1248	50.13466
	6.124807	50.13465
	6.124818	50.13464
	6.124826	50.13463
	6.124857	50.13462
	6.124968	50.13459
	6.125135	50.13453
	6.125345	50.13445
	6.125597	50.13435
	6.126055	50.13414
	6.126131	50.13412
	6.126215	50.1341
	6.126261	50.13409
	6.126329	50.13408
	6.126385	50.13406
	6.126402	50.13406
	6.126478	50.13403
	6.126518	50.13401
	6.126528	50.134
	6.126555	50.13397
	6.126581	50.13393
	6.126589	50.1339
	6.126593	50.13386
	6.126604	50.13383
	6.126611	50.13382
	6.126623	50.13381
	6.126665	50.13378
	6.126783	50.13372
	6.12686	50.13367
	6.126909	50.13363
	6.12694	50.1336
	6.12697	50.13355
	6.126979	50.13353
	6.126985	50.13351
	6.126983	50.1335
	6.126982	50.13349
	6.126942	50.13343
	6.126928	50.13341
	6.126936	50.13339
	6.126974	50.13335
	6.127123	50.13328
	6.127148	50.13326
	6.127176	50.13323
	6.127279	50.13315
	6.127303	50.13313
	6.127459	50.13299
	6.127554	50.1329
	6.127588	50.13285
	6.127619	50.13281
	6.127649	50.13278
	6.127665	50.13276
	6.127726	50.13272
	6.12777	50.1327
	6.127825	50.13267
	6.127951	50.13264
	6.127972	50.13264
	6.128035	50.13262
	6.128088	50.13259
	6.128222	50.13251
	6.128283	50.13246
	6.128305	50.13244
	6.128336	50.13238
	6.128344	50.13237
	6.128374	50.13233
	6.128416	50.13231
	6.128458	50.13229
	6.128538	50.13229
	6.128588	50.13229
	6.128614	50.13227
	6.128637	50.13226
	6.128637	50.13224
	6.128633	50.13221
	6.12863	50.13219
	6.12863	50.13216
	6.128637	50.13215
	6.128678	50.13211
	6.128683	50.13211
	6.128754	50.13206
	6.128779	50.13205
	6.128839	50.13201
	6.128878	50.13197
	6.128899	50.13195
	6.128931	50.13192
	6.128947	50.13189
	6.128984	50.13184
	6.12903	50.13179
	6.129103	50.13173
	6.129164	50.13167
	6.129183	50.13164
	6.12919	50.13161
	6.129184	50.13159
	6.129183	50.13159
	6.129161	50.13158
	6.129156	50.13157
	6.129141	50.13155
	6.129143	50.13153
	6.129145	50.13152
	6.129171	50.13149
	6.129213	50.13147
	6.129244	50.13144
	6.129261	50.13141
	6.129301	50.13136
	6.129319	50.13135
	6.129362	50.13131
	6.129375	50.1313
	6.129427	50.13126
	6.129442	50.13123
	6.129454	50.13119
	6.129465	50.13117
	6.129484	50.13115
	6.129545	50.13112
	6.129559	50.13111
	6.129564	50.1311
	6.129572	50.13108
	6.129572	50.13107
	6.12957	50.13106
	6.129568	50.13105
	6.129557	50.13104
	6.129561	50.131
	6.129572	50.13099
	6.129625	50.13095
	6.129627	50.13094
	6.129633	50.13092
	6.129644	50.13089
	6.129667	50.13087
	6.129705	50.13085
	6.129751	50.13083
	6.129793	50.13081
	6.129847	50.13077
	6.129869	50.13076
	6.129931	50.13073
	6.129995	50.13071
	6.13006	50.13066
	6.130098	50.13063
	6.130171	50.13053
	6.130224	50.13046
	6.130247	50.13044
	6.130259	50.13043
	6.130275	50.13042
	6.130289	50.13041
	6.130313	50.1304
	6.130354	50.13039
	6.130407	50.13038
	6.130438	50.13038
	6.130478	50.13037
	6.130495	50.13036
	6.130501	50.13036
	6.130522	50.13034
	6.130527	50.13033
	6.130529	50.13032
	6.130526	50.13031
	6.130507	50.13029
	6.130495	50.13027
	6.130507	50.13025
	6.130533	50.13021
	6.130583	50.13017
	6.130597	50.13016
	6.130632	50.13013
	6.130655	50.13009
	6.130659	50.13008
	6.130667	50.13005
	6.130667	50.12997
	6.130678	50.12995
	6.130682	50.12994
	6.13069	50.12993
	6.130724	50.12989
	6.130785	50.12985
	6.1308	50.12983
	6.130834	50.12981
	6.130845	50.12981
	6.130861	50.1298
	6.130899	50.1298
	6.130931	50.12979
	6.130949	50.12979
	6.13096	50.12979
	6.130979	50.1298
	6.13101	50.12981
	6.131013	50.12981
	6.131029	50.12982
	6.131049	50.12983
	6.131056	50.12984
	6.131079	50.12984
	6.131098	50.12984
	6.131117	50.12983
	6.131193	50.12977
	6.131222	50.12976
	6.131231	50.12975
	6.131277	50.12973
	6.131327	50.12972
	6.131346	50.12973
	6.131353	50.12973
	6.131376	50.12974
	6.131393	50.12975
	6.131395	50.12975
	6.13143	50.12976
	6.131456	50.12976
	6.131491	50.12975
	6.131516	50.12973
	6.131529	50.12973
	6.131536	50.12972
	6.131552	50.12971
	6.131586	50.1297
	6.131769	50.12966
	6.131884	50.12963
	6.131941	50.12962
	6.13199	50.12962
	6.132013	50.12962
	6.132067	50.12962
	6.132083	50.12962
	6.132124	50.12962
	6.132151	50.12963
	6.132216	50.12964
	6.132311	50.12967
	6.132341	50.12967
	6.132368	50.12967
	6.132418	50.12967
	6.132505	50.12967
	6.132557	50.12967
	6.132597	50.12967
	6.132654	50.12967
	6.132681	50.12967
	6.132727	50.12967
	6.132736	50.12967
	6.132776	50.12968
	6.132816	50.12969
	6.132834	50.12969
	6.132846	50.12969
	6.132883	50.1297
	6.13294	50.12968
	6.13299	50.12966
	6.133074	50.12963
	6.1332	50.1296
	6.133219	50.12959
	6.133253	50.12957
	6.133306	50.12953
	6.133373	50.12951
	6.133421	50.12949
	6.133451	50.12949
	6.133497	50.12949
	6.133585	50.12951
	6.133722	50.12952
	6.133763	50.12953
	6.133787	50.12953
	6.133814	50.12954
	6.133856	50.12954
	6.133921	50.12955
	6.133933	50.12955
	6.133993	50.12955
	6.134035	50.12956
	6.134062	50.12958
	6.134068	50.12959
	6.134085	50.12962
	6.134094	50.12962
	6.134111	50.12963
	6.134146	50.12964
	6.134149	50.12963
	6.134176	50.12963
	6.134192	50.12962
	6.134195	50.1296
	6.134184	50.12957
	6.134192	50.12956
	6.134218	50.12955
	6.134268	50.12957
	6.13431	50.1296
	6.134383	50.12966
	6.13439	50.12967
	6.134401	50.12967
	6.134413	50.12967
	6.134462	50.12968
	6.134508	50.12968
	6.134531	50.12969
	6.134542	50.12971
	6.13455	50.12972
	6.134565	50.12973
	6.134578	50.12973
	6.134596	50.12973
	6.134626	50.12973
	6.134668	50.1297
	6.134703	50.12968
	6.134737	50.12968
	6.134771	50.12968
	6.13481	50.12969
	6.134832	50.12971
	6.134897	50.12976
	6.134898	50.12977
	6.134901	50.12978
	6.134863	50.12981
	6.134848	50.12982
	6.134829	50.12984
	6.134821	50.12988
	6.134813	50.12989
	6.134806	50.1299
	6.134793	50.12992
	6.134783	50.12993
	6.134785	50.12994
	6.13479	50.12996
	6.13481	50.12998
	6.134832	50.12999
	6.134858	50.12999
	6.134882	50.12999
	6.134896	50.13
	6.134909	50.13
	6.134962	50.13002
	6.135004	50.13003
	6.135042	50.13005
	6.135077	50.13007
	6.135089	50.13007
	6.135134	50.13009
	6.135158	50.13009
	6.135176	50.1301
	6.135191	50.13012
	6.135202	50.13014
	6.13522	50.13015
	6.135222	50.13015
	6.135248	50.13015
	6.135279	50.13014
	6.1353	50.13014
	6.135313	50.13014
	6.135323	50.13014
	6.13534	50.13014
	6.135385	50.13015
	6.13544	50.13017
	6.135454	50.13018
	6.135508	50.13019
	6.13555	50.13019
	6.135565	50.13019
	6.135645	50.13017
	6.135748	50.13015
	6.135792	50.13014
	6.135824	50.13014
	6.135878	50.13013
	6.135927	50.13012
	6.135999	50.13011
	6.136026	50.13011
	6.13608	50.1301
	6.136081	50.1301
	6.136091	50.1301
	6.136126	50.13009
	6.136152	50.13007
	6.136167	50.13005
	6.136175	50.13004
	6.136183	50.13002
	6.136215	50.12998
	6.136225	50.12997
	6.136228	50.12996
	6.136244	50.12994
	6.136258	50.12993
	6.136278	50.12992
	6.136297	50.12991
	6.136316	50.12991
	6.136323	50.1299
	6.136374	50.12989
	6.136419	50.12987
	6.136438	50.12987
	6.136465	50.12986
	6.136496	50.12986
	6.136522	50.12985
	6.136564	50.12983
	6.1366	50.12984
	6.13661	50.12984
	6.13662	50.12985
	6.136648	50.12986
	6.136679	50.12989
	6.136689	50.12991
	6.136694	50.12993
	6.136695	50.12994
	6.136698	50.12998
	6.136705	50.13005
	6.136732	50.1301
	6.136743	50.1301
	6.13677	50.13013
	6.136784	50.13013
	6.136808	50.13014
	6.13685	50.13014
	6.136873	50.13014
	6.136889	50.13014
	6.136946	50.13011
	6.136974	50.13009
	6.137007	50.13007
	6.13706	50.13005
	6.137163	50.13003
	6.137198	50.13
	6.137247	50.12996
	6.137258	50.12996
	6.137369	50.12989
	6.137465	50.12989
	6.13764	50.12987
	6.137803	50.12987
	6.137815	50.12987
	6.137822	50.12979
	6.137775	50.12954
	6.137762	50.12947
	6.137792	50.12902
	6.137829	50.12863
	6.137954	50.1276
	6.13769	50.1272
	6.137906	50.12707
	6.138064	50.12697
	6.137887	50.12619
	6.137774	50.12621
	6.137492	50.12627
	6.137276	50.12631
	6.137307	50.12593
	6.137331	50.12563
	6.137055	50.12524
	6.136975	50.12508
	6.136865	50.12486
	6.136726	50.12453
	6.136661	50.12437
	6.136331	50.12396
	6.135956	50.12365
	6.135275	50.12332
	6.134588	50.12312
	6.133311	50.12297
	6.133308	50.12297
	6.132493	50.12277
	6.130139	50.12189
	6.129992	50.12176
	6.129607	50.12142
	6.129536	50.12123
	6.129431	50.12039
	6.129354	50.11982
	6.129175	50.11936
	6.128978	50.11885
	6.128937	50.11868
	6.12892	50.11862
	6.128889	50.11847
	6.128801	50.11806
	6.128662	50.11776
	6.128601	50.11763
	6.128487	50.11729
	6.12831	50.11676
	6.128228	50.11656
	6.128214	50.11652
	6.128201	50.11649
	6.128171	50.11641
	6.12813	50.11631
	6.128048	50.11611
	6.128131	50.11591
	6.128177	50.1158
	6.129157	50.11458
	6.129602	50.11421
	6.129875	50.11412
	6.130543	50.1139
	6.131037	50.1138
	6.131225	50.11378
	6.131571	50.11375
	6.132193	50.11375
	6.132448	50.11375
	6.13281	50.11378
	6.133993	50.11388
	6.134286	50.11382
	6.134611	50.11373
	6.134707	50.11367
	6.134801	50.11361
	6.134937	50.11351
	6.135088	50.11341
	6.135213	50.11319
	6.135041	50.11299
	6.134829	50.11271
	6.134432	50.11206
	6.134156	50.11157
	6.133451	50.11094
	6.132107	50.10971
	6.131614	50.1091
	6.131405	50.10878
	6.131338	50.10868
	6.130903	50.10827
	6.130881	50.10773
	6.130878	50.10765
	6.130899	50.10757
	6.131039	50.10703
	6.131182	50.10659
	6.13119	50.10654
	6.13121	50.10641
	6.131475	50.10625
	6.131546	50.1062
	6.131826	50.10603
	6.132072	50.10591
	6.132298	50.1058
	6.132727	50.10564
	6.133757	50.1054
	6.133934	50.10532
	6.134111	50.10524
	6.134135	50.10523
	6.134359	50.10514
	6.134617	50.10499
	6.134831	50.10482
	6.135112	50.10455
	6.135235	50.10438
	6.135393	50.10416
	6.135575	50.10385
	6.135719	50.1036
	6.135715	50.10357
	6.135699	50.10345
	6.135593	50.10323
	6.135359	50.10305
	6.135153	50.10295
	6.134976	50.10286
	6.134506	50.10269
	6.134046	50.10258
	6.133951	50.10255
	6.133703	50.10254
	6.132924	50.10248
	6.132304	50.10251
	6.130523	50.10289
	6.130132	50.10292
	6.126863	50.10214
	6.12649	50.10195
	6.125875	50.10162
	6.125689	50.10152
	6.125556	50.10123
	6.125548	50.10121
	6.125502	50.10092
	6.125623	50.09943
	6.125638	50.09938
	6.12584	50.09877
	6.12589	50.09865
	6.125951	50.09851
	6.126456	50.09787
	6.128224	50.09565
	6.128419	50.09535
	6.128466	50.09531
	6.128557	50.09523
	6.128579	50.09522
	6.128722	50.09515
	6.129608	50.095
	6.129632	50.09499
	6.131115	50.09499
	6.131563	50.09502
	6.131807	50.09501
	6.131877	50.09501
	6.131918	50.095
	6.132193	50.09494
	6.132374	50.09487
	6.132602	50.0947
	6.132808	50.09448
	6.132973	50.09408
	6.132982	50.09399
	6.133029	50.0935
	6.133001	50.09334
	6.132988	50.09327
	6.132958	50.09322
	6.132879	50.0931
	6.132646	50.09293
	6.132613	50.09291
	6.132093	50.09266
	6.132012	50.09262
	6.131655	50.09251
	6.131008	50.09236
	6.130601	50.09233
	6.130536	50.09232
	6.129908	50.09232
	6.129698	50.09233
	6.129346	50.09236
	6.128965	50.09243
	6.12857	50.09254
	6.127746	50.09272
	6.126963	50.09289
	6.126721	50.09294
	6.12547	50.09306
	6.125051	50.09317
	6.124725	50.09325
	6.124274	50.09341
	6.123641	50.09361
	6.123551	50.09364
	6.123513	50.09365
	6.123349	50.09367
	6.123139	50.09369
	6.123011	50.09371
	6.122628	50.09371
	6.122338	50.09367
	6.122026	50.09354
	6.121785	50.09342
	6.121581	50.09331
	6.121294	50.09307
	6.121023	50.0928
	6.120258	50.09204
	6.120082	50.09179
	6.120017	50.0917
	6.119976	50.09159
	6.119868	50.09128
	6.11949	50.08992
	6.11939	50.08933
	6.119422	50.08873
	6.119503	50.08821
	6.119678	50.08709
	6.11964	50.08674
	6.1196	50.08645
	6.119608	50.08604
	6.119669	50.08578
	6.119681	50.08573
	6.119837	50.0855
	6.120108	50.08519
	6.120582	50.08472
	6.120783	50.08456
	6.122013	50.08358
	6.122111	50.08342
	6.122137	50.08313
	6.122139	50.0831
	6.121992	50.08233
	6.121886	50.08105
	6.121455	50.08006
	6.120835	50.07923
	6.120624	50.07894
	6.120457	50.07877
	6.120052	50.07834
	6.118217	50.07677
	6.118172	50.07668
	6.118067	50.07648
	6.118101	50.0762
	6.118118	50.07606
	6.118116	50.07604
	6.1181	50.07587
	6.117901	50.07566
	6.117543	50.07546
	6.117346	50.07534
	6.116812	50.07512
	6.116423	50.07497
	6.116246	50.07489
	6.116143	50.07482
	6.11594	50.07468
	6.116066	50.07439
	6.116703	50.07376
	6.117077	50.07343
	6.117335	50.0732
	6.117529	50.07309
	6.1178	50.07295
	6.119176	50.07245
	6.119468	50.07241
	6.120075	50.07238
	6.12039	50.0724
	6.120591	50.07242
	6.120881	50.07246
	6.121149	50.07257
	6.121279	50.07263
	6.121437	50.07272
	6.121682	50.07289
	6.121855	50.07317
	6.122053	50.07398
	6.12213	50.0743
	6.122164	50.07436
	6.122267	50.07454
	6.123456	50.07642
	6.124167	50.0768
	6.124501	50.07692
	6.124681	50.07693
	6.12484	50.07694
	6.124905	50.07694
	6.125036	50.07689
	6.125131	50.07685
	6.125305	50.07669
	6.125452	50.07655
	6.125482	50.07653
	6.127311	50.07535
	6.127833	50.07509
	6.128529	50.07473
	6.128878	50.07443
	6.129312	50.07371
	6.129322	50.07367
	6.129357	50.07349
	6.129316	50.07332
	6.129138	50.07313
	6.127675	50.07216
	6.127555	50.07208
	6.126819	50.07178
	6.126781	50.07171
	6.126633	50.07146
	6.126314	50.07113
	6.123751	50.07009
	6.123503	50.06999
	6.123155	50.06982
	6.121697	50.06909
	6.121502	50.06898
	6.121442	50.06894
	6.121409	50.0689
	6.121289	50.06878
	6.121226	50.06849
	6.121023	50.06557
	6.12095	50.06539
	6.120838	50.0651
	6.120703	50.06492
	6.120683	50.0649
	6.120372	50.06472
	6.119901	50.06458
	6.119747	50.06454
	6.119222	50.06447
	6.118985	50.06443
	6.118401	50.06446
	6.117746	50.06464
	6.117157	50.06488
	6.116113	50.06554
	6.115755	50.06571
	6.115705	50.06573
	6.115507	50.0658
	6.115214	50.06586
	6.115008	50.06587
	6.114961	50.06587
	6.114547	50.06581
	6.114032	50.06558
	6.113963	50.06555
	6.113757	50.06544
	6.113744	50.06541
	6.113693	50.06528
	6.113736	50.06513
	6.113789	50.06494
	6.113827	50.06465
	6.113831	50.06461
	6.113841	50.06454
	6.113973	50.06355
	6.113888	50.06322
	6.112655	50.06085
	6.112567	50.06063
	6.11251	50.06049
	6.112429	50.06006
	6.112449	50.05991
	6.112474	50.05971
	6.112665	50.05916
	6.11279	50.059
	6.113122	50.05858
	6.113232	50.05844
	6.11335	50.05828
	6.113668	50.05796
	6.113972	50.05772
	6.114336	50.05756
	6.115226	50.05731
	6.116783	50.05673
	6.117435	50.0565
	6.117623	50.05643
	6.117768	50.05639
	6.117929	50.05635
	6.118263	50.05639
	6.118342	50.05642
	6.118525	50.0565
	6.119211	50.05647
	6.11932	50.05647
	6.119659	50.05649
	6.119847	50.05654
	6.119912	50.05655
	6.120021	50.05661
	6.120186	50.05671
	6.120311	50.05684
	6.120319	50.05685
	6.120335	50.05687
	6.120527	50.05713
	6.120591	50.05757
	6.120395	50.05868
	6.120297	50.05924
	6.120284	50.05943
	6.120279	50.0595
	6.120571	50.06003
	6.120586	50.06004
	6.120986	50.06025
	6.121506	50.06039
	6.121777	50.06041
	6.121856	50.06042
	6.122139	50.06039
	6.12236	50.06037
	6.122634	50.06034
	6.122726	50.06032
	6.123016	50.06024
	6.123642	50.06007
	6.123828	50.05994
	6.124177	50.05946
	6.124193	50.05849
	6.124178	50.05846
	6.123957	50.05801
	6.123544	50.05715
	6.123137	50.05631
	6.122869	50.056
	6.122816	50.05594
	6.122785	50.0559
	6.122256	50.05541
	6.121613	50.05491
	6.12115	50.05444
	6.12109	50.05418
	6.12119	50.054
	6.121252	50.05388
	6.121289	50.05371
	6.121335	50.05349
	6.121423	50.05328
	6.121696	50.05265
	6.121917	50.05242
	6.121977	50.05235
	6.122226	50.05221
	6.12225	50.0522
	6.122611	50.05204
	6.124908	50.05125
	6.12497	50.0512
	6.125139	50.05107
	6.125317	50.05088
	6.125579	50.05059
	6.125952	50.05008
	6.126445	50.0494
	6.12664	50.04909
	6.127267	50.0481
	6.127323	50.04799
	6.127442	50.04776
	6.128031	50.04722
	6.12872	50.04649
	6.129177	50.04601
	6.129431	50.04577
	6.129663	50.04555
	6.131434	50.0441
	6.132117	50.0436
	6.13242	50.04339
	6.132438	50.04337
	6.133318	50.04218
	6.133522	50.04187
	6.13362	50.04172
	6.134103	50.04074
	6.134139	50.04066
	6.134336	50.04021
	6.134357	50.04012
	6.134361	50.0401
	6.134372	50.04006
	6.134411	50.03989
	6.134441	50.03951
	6.134271	50.03923
	6.133983	50.03876
	6.133611	50.03821
	6.133104	50.03747
	6.132999	50.03739
	6.132888	50.0373
	6.132795	50.0372
	6.132565	50.03696
	6.132403	50.03643
	6.132376	50.03597
	6.132324	50.03562
	6.132255	50.03517
	6.13206	50.03478
	6.131957	50.03466
	6.131884	50.03458
	6.131824	50.03452
	6.131736	50.03443
	6.131534	50.03425
	6.131487	50.03421
	6.131066	50.03389
	6.131013	50.03383
	6.130949	50.03375
	6.130627	50.03342
	6.130338	50.03299
	6.130276	50.0329
	6.129969	50.0325
	6.129856	50.03207
	6.129688	50.03151
	6.129658	50.03141
	6.129653	50.03134
	6.129615	50.03072
	6.12965	50.03036
	6.129715	50.03014
	6.129821	50.02979
	6.129947	50.02951
	6.130023	50.02935
	6.13032	50.02918
	6.131016	50.02884
	6.131362	50.02867
	6.132703	50.0281
	6.134396	50.02737
	6.136724	50.0265
	6.137677	50.026
	6.138036	50.02584
	6.138221	50.02576
	6.13862	50.0256
	6.14028	50.02496
	6.140683	50.02488
	6.140731	50.02487
	6.140953	50.02486
	6.141786	50.02485
	6.142259	50.02473
	6.143093	50.0246
	6.143203	50.02453
	6.14332	50.02447
	6.144231	50.0238
	6.144513	50.02363
	6.144594	50.02358
	6.14541	50.0232
	6.145616	50.02304
	6.145799	50.0228
	6.145855	50.02265
	6.14587	50.02261
	6.145899	50.02229
	6.14568	50.02199
	6.144824	50.02095
	6.144002	50.02026
	6.143697	50.02
	6.143576	50.01992
	6.142971	50.01952
	6.142084	50.01882
	6.141616	50.01845
	6.141216	50.01819
	6.14075	50.01795
	6.140085	50.01777
	6.139595	50.01754
	6.139307	50.01732
	6.138555	50.01646
	6.138157	50.01611
	6.137969	50.01606
	6.13779	50.01593
	6.137735	50.01589
	6.137315	50.01579
	6.137025	50.01577
	6.136906	50.01577
	6.136463	50.01581
	6.136416	50.01582
	6.136349	50.01584
	6.136011	50.01594
	6.13544	50.01616
	6.135103	50.01637
	6.134328	50.01709
	6.133932	50.01752
	6.133325	50.01832
	6.133286	50.01837
	6.133273	50.01839
	6.133039	50.01866
	6.132784	50.01886
	6.132572	50.01898
	6.132402	50.01909
	6.131742	50.01933
	6.131479	50.01934
	6.131427	50.01934
	6.130218	50.01908
	6.129957	50.01894
	6.129654	50.01837
	6.129608	50.01817
	6.129722	50.01801
	6.129933	50.01788
	6.130381	50.01767
	6.131407	50.0171
	6.131819	50.01678
	6.131994	50.01665
	6.132256	50.01649
	6.133683	50.01559
	6.134227	50.0152
	6.13448	50.01491
	6.134824	50.0146
	6.135075	50.01443
	6.135163	50.01437
	6.135771	50.01378
	6.136193	50.01337
	6.13749	50.01178
	6.137665	50.01157
	6.137983	50.01133
	6.138625	50.01099
	6.138823	50.01088
	6.138961	50.01084
	6.139252	50.01076
	6.139793	50.01063
	6.140424	50.01056
	6.141953	50.01045
	6.143051	50.01041
	6.143547	50.01039
	6.14402	50.01034
	6.144627	50.01028
	6.145867	50.01022
	6.146133	50.0102
	6.146716	50.01025
	6.146827	50.01028
	6.147298	50.01038
	6.147589	50.01043
	6.147699	50.01044
	6.147716	50.01044
	6.147858	50.01044
	6.147992	50.01039
	6.148151	50.01034
	6.148379	50.0102
	6.148699	50.00985
	6.149042	50.00958
	6.149285	50.00941
	6.149701	50.00912
	6.149788	50.00904
	6.149838	50.00899
	6.14984	50.00894
	6.149842	50.00886
	6.149714	50.00823
	6.149595	50.00766
	6.149496	50.00692
	6.149359	50.00649
	6.149347	50.00646
	6.14934	50.00644
	6.149153	50.00607
	6.148453	50.00512
	6.146809	50.00301
	6.146761	50.0029
	6.146745	50.00286
	6.146704	50.00277
	6.146551	50.00241
	6.146495	50.00178
	6.146505	50.00129
	6.146444	50.00091
	6.146298	50.00034
	6.14605	49.9999
	6.14569	49.99923
	6.145668	49.99882
	6.145635	49.99873
	6.145559	49.99851
	6.145429	49.99826
	6.145233	49.99805
	6.145015	49.99789
	6.144753	49.99781
	6.144492	49.99779
	6.14417	49.99783
	6.144165	49.99783
	6.143728	49.99797
	6.143117	49.99828
	6.143081	49.99831
	6.142747	49.99855
	6.142441	49.99883
	6.141858	49.99925
	6.141827	49.99927
	6.140268	49.99986
	6.139948	50.0
	6.139678	50.00011
	6.139652	50.00012
	6.139453	50.00014
	6.139226	50.00008
	6.139091	50.0
	6.139076	49.99999
	6.138986	49.99992
	6.138414	49.9994
	6.138346	49.99934
	6.137883	49.99884
	6.137882	49.99883
	6.137862	49.99863
	6.137913	49.99848
	6.137971	49.99831
	6.139493	49.99666
	6.139764	49.99643
	6.140194	49.99607
	6.140815	49.99561
	6.142488	49.9966
	6.142691	49.99655
	6.142767	49.99654
	6.142795	49.99654
	6.142925	49.99654
	6.143103	49.99654
	6.143958	49.99658
	6.144332	49.99662
	6.145229	49.99673
	6.145348	49.99674
	6.145764	49.99676
	6.145807	49.99676
	6.146189	49.99678
	6.14629	49.99678
	6.146631	49.99677
	6.146701	49.99677
	6.147098	49.99675
	6.147166	49.99675
	6.147479	49.99672
	6.147535	49.99672
	6.147782	49.99669
	6.147847	49.99668
	6.148175	49.99664
	6.148289	49.99662
	6.148589	49.99655
	6.148682	49.99653
	6.148957	49.99646
	6.149091	49.99642
	6.150157	49.99607
	6.150245	49.99604
	6.150495	49.99595
	6.150727	49.99584
	6.15096	49.99571
	6.151199	49.99556
	6.151388	49.99542
	6.151651	49.99519
	6.151801	49.99503
	6.151804	49.99503
	6.151925	49.9949
	6.152078	49.99472
	6.15352	49.99278
	6.153553	49.99273
	6.154476	49.99141
	6.154488	49.99139
	6.154792	49.99095
	6.154881	49.9909
	6.155103	49.99078
	6.15528	49.99066
	6.155437	49.99054
	6.155624	49.99039
	6.155715	49.99031
	6.156323	49.98976
	6.156467	49.98965
	6.156594	49.98957
	6.156729	49.98949
	6.156881	49.98942
	6.157758	49.98904
	6.157827	49.98901
	6.159555	49.98882
	6.160935	49.98709
	6.161641	49.98719
	6.161947	49.98724
	6.163009	49.98718
	6.16308	49.98718
	6.163628	49.98708
	6.165113	49.98676
	6.166012	49.98655
	6.166703	49.98629
	6.166927	49.98621
	6.16767	49.98597
	6.167906	49.98591
	6.168195	49.98584
	6.16832	49.98582
	6.168675	49.98576
	6.169392	49.98568
	6.169671	49.98565
	6.170418	49.98558
	6.170761	49.98551
	6.171105	49.98543
	6.171491	49.98529
	6.171826	49.98516
	6.172203	49.98496
	6.172495	49.98471
	6.172736	49.98445
	6.172796	49.9842
	6.172676	49.98399
	6.17247	49.98386
	6.172161	49.98385
	6.171894	49.98386
	6.171543	49.98397
	6.171182	49.98411
	6.170903	49.98418
	6.170753	49.98421
	6.170629	49.98422
	6.170427	49.98424
	6.169929	49.98428
	6.169615	49.98421
	6.169483	49.98407
	6.169234	49.98379
	6.169053	49.98324
	6.168899	49.98225
	6.169002	49.98149
	6.16895	49.98103
	6.168864	49.98085
	6.16871	49.9807
	6.168273	49.98056
	6.167875	49.98033
	6.167516	49.98012
	6.167286	49.97987
	6.167018	49.97934
	6.166964	49.97924
	6.166878	49.97881
	6.166835	49.97756
	6.166815	49.97749
	6.16677	49.97733
	6.166464	49.97679
	6.165852	49.97586
	6.165733	49.97568
	6.165483	49.9753
	6.165242	49.97472
	6.165062	49.97413
	6.164788	49.9726
	6.16488	49.97181
	6.164925	49.97143
	6.164985	49.97102
	6.165088	49.97032
	6.165234	49.96977
	6.165603	49.96941
	6.165741	49.9693
	6.166017	49.96908
	6.166556	49.96882
	6.167062	49.96846
	6.167217	49.96823
	6.167483	49.96776
	6.167665	49.96723
	6.167714	49.96708
	6.16782	49.96685
	6.168126	49.96617
	6.168264	49.96597
	6.16847	49.96566
	6.168646	49.96543
	6.168736	49.96531
	6.168908	49.96502
	6.169174	49.96464
	6.169783	49.96384
	6.170032	49.96356
	6.170332	49.96321
	6.170456	49.9631
	6.170762	49.96283
	6.170829	49.96279
	6.171045	49.96267
	6.171505	49.96247
	6.171526	49.96246
	6.173209	49.96217
	6.174467	49.96206
	6.175177	49.962
	6.175655	49.96189
	6.175874	49.96174
	6.175875	49.96173
	6.175989	49.96159
	6.176139	49.9614
	6.176269	49.96112
	6.176647	49.96025
	6.176866	49.95952
	6.177061	49.95862
	6.177149	49.95769
	6.177259	49.95679
	6.177369	49.9559
	6.177444	49.95542
	6.177515	49.95498
	6.177753	49.95456
	6.177938	49.95424
	6.178494	49.95369
	6.178689	49.95357
	6.179092	49.95333
	6.179802	49.95313
	6.180464	49.95311
	6.180656	49.9531
	6.180847	49.95311
	6.181248	49.95314
	6.181673	49.95326
	6.182626	49.95358
	6.183	49.9537
	6.183546	49.95387
	6.184238	49.95427
	6.184777	49.95458
	6.186035	49.95523
	6.186234	49.95533
	6.18659	49.95551
	6.18699	49.95571
	6.187481	49.95596
	6.187696	49.95607
	6.188028	49.95625
	6.188035	49.95643
	6.188037	49.95647
	6.187843	49.9566
	6.186949	49.95672
	6.185163	49.95707
	6.183961	49.95727
	6.183142	49.95756
	6.183098	49.95771
	6.182934	49.95825
	6.182948	49.9584
	6.182974	49.95868
	6.18296	49.95901
	6.183154	49.95911
	6.183154	49.95921
	6.183153	49.95984
	6.182721	49.96066
	6.182653	49.96078
	6.182225	49.96128
	6.181838	49.96172
	6.181718	49.96194
	6.181302	49.96269
	6.181042	49.96322
	6.180948	49.96342
	6.180817	49.96371
	6.180778	49.9638
	6.18086	49.96412
	6.180989	49.96436
	6.18109	49.96458
	6.181163	49.96474
	6.181233	49.96489
	6.181341	49.96512
	6.181501	49.96525
	6.181578	49.96532
	6.181949	49.96583
	6.182458	49.96654
	6.183154	49.96714
	6.183731	49.96764
	6.184302	49.96785
	6.18433	49.96786
	6.184896	49.96805
	6.185732	49.96833
	6.185796	49.96836
	6.186015	49.96843
	6.187632	49.969
	6.188435	49.96913
	6.188923	49.96922
	6.189249	49.96926
	6.190118	49.96938
	6.19061	49.96942
	6.190872	49.96987
	6.190878	49.96983
	6.190943	49.96941
	6.191297	49.96928
	6.191532	49.96919
	6.192415	49.96873
	6.193006	49.96777
	6.193271	49.96719
	6.193294	49.96672
	6.193314	49.96632
	6.193307	49.96555
	6.193707	49.96536
	6.194244	49.96563
	6.194167	49.9655
	6.194058	49.96532
	6.193342	49.96513
	6.193175	49.96509
	6.192994	49.96481
	6.192932	49.96471
	6.19297	49.96412
	6.193327	49.96339
	6.194117	49.96231
	6.194184	49.96211
	6.194197	49.96208
	6.194589	49.96125
	6.194786	49.96055
	6.195008	49.96056
	6.195162	49.96057
	6.195184	49.96057
	6.195713	49.96066
	6.195289	49.96046
	6.194919	49.96028
	6.194846	49.96025
	6.194815	49.96023
	6.194802	49.96012
	6.194738	49.95968
	6.194726	49.9596
	6.194215	49.95834
	6.194133	49.95819
	6.193876	49.95771
	6.193768	49.95695
	6.194025	49.95656
	6.194984	49.95551
	6.19525	49.95522
	6.195562	49.95518
	6.196257	49.9551
	6.195707	49.95482
	6.196	49.9545
	6.196214	49.95449
	6.196503	49.95448
	6.196832	49.95451
	6.197004	49.95452
	6.196493	49.95428
	6.197461	49.9527
	6.198237	49.95102
	6.198603	49.95011
	6.198728	49.94938
	6.198447	49.94887
	6.197802	49.94823
	6.198282	49.94844
	6.198357	49.94847
	6.198458	49.94851
	6.198485	49.94856
	6.198507	49.9486
	6.198484	49.9487
	6.19851	49.9487
	6.198603	49.94873
	6.198667	49.94879
	6.198786	49.94882
	6.198853	49.9489
	6.198946	49.94901
	6.199194	49.94914
	6.199431	49.94931
	6.199591	49.9495
	6.199602	49.94954
	6.199623	49.9496
	6.199656	49.94969
	6.199584	49.95054
	6.199579	49.9506
	6.199578	49.95062
	6.19956	49.95082
	6.199556	49.95085
	6.199553	49.95089
	6.199551	49.95089
	6.199549	49.9509
	6.199544	49.951
	6.199541	49.95105
	6.199582	49.95118
	6.199606	49.95126
	6.199793	49.95147
	6.200243	49.95191
	6.200347	49.95204
	6.200476	49.95219
	6.20051	49.9523
	6.2005	49.95235
	6.200487	49.9524
	6.200628	49.95272
	6.200785	49.95293
	6.200945	49.95304
	6.2012	49.95321
	6.201624	49.95344
	6.201695	49.95346
	6.201742	49.95348
	6.201807	49.95352
	6.201941	49.95362
	6.201982	49.95364
	6.202192	49.95374
	6.202383	49.95383
	6.202513	49.95389
	6.202593	49.95393
	6.203146	49.95424
	6.203398	49.95449
	6.203821	49.95468
	6.204168	49.95484
	6.204294	49.95491
	6.204493	49.95501
	6.204603	49.95505
	6.204874	49.95511
	6.205189	49.95516
	6.205198	49.95516
	6.205431	49.95519
	6.205598	49.9552
	6.205603	49.9552
	6.205973	49.95518
	6.206232	49.95513
	6.206485	49.95508
	6.206583	49.95506
	6.206938	49.95496
	6.207179	49.95488
	6.20735	49.95483
	6.207712	49.95473
	6.208212	49.95464
	6.208494	49.95461
	6.208502	49.95439
	6.208509	49.95405
	6.208513	49.95382
	6.208635	49.95353
	6.208746	49.95325
	6.208841	49.95301
	6.209125	49.95275
	6.209242	49.95264
	6.209395	49.95249
	6.209776	49.95214
	6.209909	49.952
	6.210306	49.95155
	6.210848	49.95097
	6.211115	49.95068
	6.211741	49.95023
	6.21306	49.95021
	6.213152	49.95021
	6.213213	49.95021
	6.213839	49.95021
	6.214487	49.9502
	6.215159	49.9502
	6.215795	49.95019
	6.217096	49.95017
	6.217955	49.95016
	6.218306	49.95016
	6.218626	49.95016
	6.219171	49.95015
	6.219309	49.95015
	6.219507	49.95015
	6.219641	49.95015
	6.21993	49.95014
	6.220072	49.95014
	6.220457	49.95014
	6.220552	49.95014
	6.221407	49.95013
	6.221826	49.95012
	6.221979	49.95012
	6.22201	49.95012
	6.222719	49.95011
	6.223307	49.9501
	6.223913	49.95009
	6.223744	49.94959
	6.223646	49.9493
	6.223631	49.94924
	6.223578	49.94909
	6.223551	49.94901
	6.223517	49.94899
	6.222994	49.94867
	6.220171	49.94717
	6.220049	49.94708
	6.219358	49.94659
	6.219208	49.94645
	6.218859	49.94614
	6.218626	49.94599
	6.218623	49.94598
	6.218508	49.9455
	6.217642	49.94541
	6.217632	49.94541
	6.217428	49.94536
	6.217278	49.94537
	6.216894	49.94539
	6.21687	49.94536
	6.216684	49.94517
	6.216543	49.94451
	6.218233	49.94382
	6.219106	49.94358
	6.219723	49.94341
	6.219933	49.94335
	6.220003	49.94333
	6.219988	49.94325
	6.219875	49.94299
	6.21985	49.94293
	6.219828	49.94288
	6.219801	49.94282
	6.220781	49.94243
	6.220938	49.94225
	6.221151	49.94166
	6.221335	49.94155
	6.221438	49.94155
	6.221487	49.94155
	6.22151	49.94156
	6.221979	49.94141
	6.222876	49.94101
	6.222867	49.94097
	6.222856	49.94092
	6.222951	49.94085
	6.223146	49.94071
	6.223145	49.94064
	6.223139	49.94043
	6.223883	49.94004
	6.224215	49.93977
	6.224565	49.93937
	6.224563	49.93928
	6.224558	49.93911
	6.224555	49.93908
	6.224554	49.93907
	6.224409	49.93877
	6.22444	49.93876
	6.224619	49.93865
	6.22467	49.93866
	6.224863	49.9387
	6.224963	49.93872
	6.225035	49.93873
	6.225306	49.93876
	6.22536	49.93871
	6.225554	49.93853
	6.225851	49.93815
	6.2263	49.93762
	6.226431	49.93747
	6.226481	49.93743
	6.226748	49.93722
	6.226782	49.93719
	6.226964	49.93698
	6.227011	49.93693
	6.227025	49.93691
	6.227076	49.93687
	6.227088	49.93685
	6.227102	49.93684
	6.227331	49.93662
	6.226374	49.93602
	6.225351	49.93551
	6.225241	49.93546
	6.224749	49.93514
	6.224173	49.93469
	6.223874	49.93445
	6.223688	49.9343
	6.223604	49.9343
	6.223557	49.93413
	6.223524	49.934
	6.223535	49.93399
	6.223589	49.93391
	6.223787	49.93363
	6.224509	49.93353
	6.224825	49.93349
	6.224934	49.93345
	6.225225	49.93336
	6.225168	49.93314
	6.22506	49.93297
	6.224909	49.93274
	6.224455	49.9328
	6.224449	49.93278
	6.224413	49.93264
	6.224311	49.93247
	6.224268	49.93241
	6.224239	49.93236
	6.224226	49.93234
	6.22414	49.93222
	6.224028	49.93207
	6.224044	49.932
	6.224058	49.93195
	6.224244	49.93195
	6.224619	49.93196
	6.224703	49.93158
	6.224859	49.93157
	6.224913	49.93142
	6.224919	49.9314
	6.224932	49.93136
	6.225027	49.93137
	6.225183	49.93091
	6.225428	49.93061
	6.225468	49.93056
	6.225622	49.93037
	6.225847	49.93012
	6.225876	49.93
	6.225958	49.92963
	6.226183	49.92937
	6.226187	49.92931
	6.226113	49.92904
	6.226084	49.92893
	6.225901	49.92874
	6.225828	49.92867
	6.225818	49.92866
	6.225733	49.92859
	6.225695	49.92856
	6.22563	49.9285
	6.225275	49.92821
	6.225176	49.92815
	6.225157	49.92813
	6.224955	49.928
	6.22493	49.92798
	6.224905	49.92797
	6.224724	49.92785
	6.224581	49.92776
	6.224479	49.92766
	6.22447	49.92765
	6.224449	49.92765
	6.224292	49.92766
	6.224276	49.92766
	6.223955	49.92775
	6.223673	49.92783
	6.223551	49.9276
	6.223469	49.92745
	6.223361	49.92734
	6.223159	49.92713
	6.222979	49.927
	6.222876	49.92692
	6.222684	49.92685
	6.222498	49.92677
	6.221767	49.92649
	6.220211	49.92604
	6.220016	49.92596
	6.219882	49.9259
	6.219412	49.92564
	6.219318	49.92558
	6.219226	49.92552
	6.218864	49.92526
	6.218717	49.92512
	6.218563	49.92497
	6.218443	49.92476
	6.218407	49.9247
	6.218371	49.9246
	6.218286	49.92438
	6.218196	49.9241
	6.218086	49.92375
	6.218084	49.92341
	6.218132	49.92326
	6.218162	49.92317
	6.218166	49.92316
	6.218486	49.92277
	6.21903	49.92257
	6.219749	49.92239
	6.220439	49.92223
	6.220598	49.92219
	6.22356	49.92163
	6.225737	49.92125
	6.225761	49.92125
	6.228738	49.92114
	6.22906	49.92107
	6.229176	49.92104
	6.229439	49.92092
	6.229549	49.92088
	6.229632	49.9208
	6.230051	49.9204
	6.230198	49.92025
	6.23111	49.91931
	6.231368	49.91897
	6.232681	49.91666
	6.233076	49.91584
	6.233246	49.91555
	6.233333	49.91541
	6.233377	49.91533
	6.233582	49.915
	6.233688	49.91486
	6.233762	49.91476
	6.233949	49.91446
	6.233968	49.91443
	6.233996	49.91432
	6.234046	49.91412
	6.234097	49.91393
	6.234112	49.91327
	6.234114	49.91319
	6.233972	49.9127
	6.233898	49.91259
	6.233868	49.91254
	6.23263	49.91181
	6.231943	49.91137
	6.231776	49.91127
	6.231719	49.91123
	6.231642	49.91119
	6.231503	49.91112
	6.231107	49.91109
	6.230787	49.91104
	6.230269	49.91106
	6.229631	49.9112
	6.229042	49.91133
	6.228895	49.91135
	6.228036	49.91147
	6.22767	49.91153
	6.227425	49.9115
	6.22724	49.91139
	6.227235	49.91139
	6.227119	49.91124
	6.227073	49.91113
	6.227053	49.91062
	6.227129	49.91038
	6.227375	49.91019
	6.227548	49.91006
	6.227732	49.91001
	6.227922	49.90996
	6.228467	49.90951
	6.229737	49.90875
	6.230638	49.90807
	6.231053	49.90775
	6.231266	49.90758
	6.231468	49.90736
	6.231642	49.90717
	6.232054	49.90662
	6.232154	49.9065
	6.232253	49.90638
	6.232252	49.90596
	6.232199	49.90574
	6.232175	49.90564
	6.232149	49.90528
	6.232209	49.90493
	6.232247	49.9048
	6.232406	49.90427
	6.232442	49.90406
	6.232451	49.90401
	6.232874	49.90318
	6.233144	49.90244
	6.233218	49.90198
	6.233249	49.90168
	6.233283	49.90136
	6.233356	49.90095
	6.233396	49.90073
	6.233433	49.90063
	6.233499	49.90045
	6.233645	49.90023
	6.233945	49.9
	6.234002	49.89996
	6.23455	49.89966
	6.235252	49.89928
	6.23544	49.89919
	6.235491	49.89917
	6.235777	49.89907
	6.236202	49.89884
	6.236338	49.89876
	6.236473	49.89868
	6.236589	49.89857
	6.236715	49.89845
	6.238269	49.89725
	6.238663	49.89695
	6.238728	49.89691
	6.239195	49.89664
	6.239822	49.89639
	6.239834	49.89638
	6.240697	49.8961
	6.241607	49.89594
	6.242483	49.89577
	6.243336	49.89569
	6.244038	49.89564
	6.244041	49.89564
	6.244941	49.89562
	6.245305	49.89562
	6.245463	49.89561
	6.245704	49.8956
	6.246076	49.89557
	6.246459	49.89545
	6.246719	49.89528
	6.246843	49.8952
	6.246928	49.89513
	6.247197	49.89491
	6.247433	49.89446
	6.247476	49.89438
	6.247807	49.89396
	6.248139	49.89364
	6.248329	49.89345
	6.248627	49.89322
	6.249164	49.8929
	6.249704	49.89245
	6.249912	49.8921
	6.249962	49.89201
	6.250079	49.89182
	6.250217	49.89146
	6.250228	49.89143
	6.250411	49.89078
	6.250635	49.89036
	6.250813	49.89026
	6.251051	49.89013
	6.251108	49.8901
	6.251577	49.88986
	6.25528	49.88816
	6.256031	49.88777
	6.25617	49.88767
	6.25639	49.8875
	6.256968	49.88698
	6.257848	49.88621
	6.257997	49.886
	6.258102	49.88586
	6.258288	49.88537
	6.258311	49.88531
	6.258902	49.88356
	6.258931	49.88349
	6.259025	49.88326
	6.259232	49.88308
	6.259296	49.88302
	6.259881	49.88267
	6.260413	49.88242
	6.260883	49.88222
	6.261194	49.88196
	6.261366	49.88178
	6.261402	49.88174
	6.261441	49.88167
	6.261554	49.88144
	6.26166	49.88116
	6.261793	49.88102
	6.262029	49.88089
	6.262395	49.8808
	6.262767	49.8808
	6.26309	49.88076
	6.263485	49.88065
	6.263912	49.88049
	6.264712	49.88023
	6.265083	49.88015
	6.265259	49.88011
	6.265571	49.88002
	6.265674	49.87999
	6.266347	49.87975
	6.266409	49.87973
	6.266647	49.87965
	6.267406	49.87952
	6.268286	49.87937
	6.268858	49.87922
	6.269492	49.87905
	6.269766	49.87896
	6.270174	49.87881
	6.270514	49.87865
	6.271952	49.87784
	6.272613	49.87744
	6.272729	49.87738
	6.273174	49.87717
	6.274109	49.877
	6.274846	49.87704
	6.275357	49.87687
	6.275475	49.87685
	6.275767	49.87678
	6.27594	49.87676
	6.276058	49.87675
	6.276239	49.87681
	6.276463	49.87688
	6.277488	49.87729
	6.277791	49.87741
	6.278533	49.87776
	6.278693	49.87786
	6.278745	49.87791
	6.278801	49.87795
	6.278929	49.87809
	6.279001	49.87815
	6.279236	49.87833
	6.279583	49.87853
	6.280123	49.87871
	6.280567	49.87879
	6.280578	49.87879
	6.28119	49.87884
	6.281951	49.87875
	6.28211	49.87874
	6.282431	49.87869
	6.28251	49.87868
	6.282883	49.87855
	6.282933	49.87852
	6.283166	49.87836
	6.283406	49.87801
	6.28438	49.87696
	6.284643	49.87669
	6.285315	49.87597
	6.285806	49.87558
	6.286389	49.87519
	6.286665	49.87507
	6.286986	49.87502
	6.287365	49.87511
	6.28845	49.87527
	6.289322	49.87528
	6.290042	49.87519
	6.290978	49.87495
	6.291398	49.8748
	6.291681	49.87462
	6.291903	49.87431
	6.291965	49.87422
	6.292011	49.87416
	6.292069	49.87403
	6.292097	49.87397
	6.291983	49.8733
	6.291971	49.87178
	6.291995	49.87149
	6.292011	49.8713
	6.292076	49.8711
	6.292183	49.87077
	6.292312	49.87055
	6.292636	49.87002
	6.292763	49.86981
	6.292945	49.86956
	6.293647	49.86862
	6.295522	49.86702
	6.296069	49.86664
	6.296136	49.8666
	6.297109	49.86621
	6.297405	49.86616
	6.297718	49.86615
	6.297824	49.86615
	6.29874	49.86623
	6.299109	49.86628
	6.299939	49.8664
	6.300632	49.86657
	6.301084	49.86673
	6.303872	49.86813
	6.305292	49.86884
	6.30591	49.86912
	6.306385	49.86934
	6.307085	49.86958
	6.307307	49.86964
	6.307674	49.86973
	6.308329	49.86984
	6.309158	49.86997
	6.310083	49.87003
	6.310593	49.86995
	6.310994	49.86981
	6.311228	49.86965
	6.311553	49.8694
	6.312333	49.86876
	6.313069	49.86808
	6.313459	49.86766
	6.313525	49.86756
	6.313889	49.86707
	6.31417	49.86654
	6.314404	49.86588
	6.314484	49.86548
	6.314529	49.86526
	6.314541	49.86492
	6.314547	49.86475
	6.314389	49.86402
	6.313926	49.86263
	6.313903	49.86256
	6.313853	49.86241
	6.313763	49.86192
	6.313761	49.86164
	6.313759	49.86144
	6.313837	49.86087
	6.314047	49.86048
	6.314096	49.86038
	6.314127	49.86034
	6.314269	49.86013
	6.314377	49.85993
	6.314693	49.85951
	6.315535	49.85853
	6.315887	49.85812
	6.316629	49.85714
	6.316709	49.85703
	6.317766	49.85567
	6.31807	49.85534
	6.318427	49.85502
	6.31939	49.85448
	6.320493	49.85385
	6.321376	49.85321
	6.321749	49.85284
	6.322387	49.8522
	6.322761	49.85162
	6.322816	49.85153
	6.322899	49.85102
	6.322773	49.85047
	6.32256	49.84969
	6.322341	49.84889
	6.322056	49.84741
	6.322055	49.84741
	6.321926	49.84705
	6.321508	49.84651
	6.321257	49.84625
	6.321019	49.846
	6.320632	49.84558
	6.320421	49.84521
	6.320298	49.84481
	6.320256	49.84436
	6.320231	49.84409
	6.320216	49.84406
	6.319882	49.84331
	6.319771	49.84282
	6.319835	49.84247
	6.319903	49.84209
	6.319949	49.8416
	6.319971	49.84135
	6.320032	49.84078
	6.320085	49.84062
	6.320289	49.84
	6.320486	49.83969
	6.320569	49.83955
	6.320943	49.83917
	6.321122	49.83903
	6.3214	49.83881
	6.323176	49.83779
	6.324731	49.837
	6.32639	49.83628
	6.326971	49.83611
	6.32749	49.83604
	6.328187	49.83601
	6.328947	49.83608
	6.329451	49.83615
	6.329696	49.83621
	6.329723	49.83621
	6.329736	49.83622
	6.32993	49.83627
	6.331447	49.83668
	6.3329	49.83716
	6.333777	49.83746
	6.333942	49.83752
	6.33412	49.8376
	6.334569	49.8378
	6.335113	49.83805
	6.335655	49.83834
	6.335679	49.83835
	6.336068	49.83863
	6.336466	49.83898
	6.336741	49.83923
	6.337046	49.83957
	6.337217	49.83976
	6.337693	49.84052
	6.338169	49.84161
	6.338378	49.84256
	6.338532	49.84326
	6.338864	49.84502
	6.339043	49.84595
	6.339301	49.8468
	6.339599	49.84737
	6.339781	49.84762
	6.34008	49.84802
	6.340596	49.84844
	6.341181	49.84872
	6.341811	49.84894
	6.342247	49.84909
	6.342859	49.84926
	6.343168	49.84933
	6.344055	49.84953
	6.344979	49.84969
	6.346161	49.84988
	6.347178	49.85008
	6.34788	49.85021
	6.348259	49.85029
	6.348535	49.85035
	6.34908	49.85043
	6.349145	49.85044
	6.350255	49.85052
	6.352257	49.85059
	6.355374	49.85073
	6.356277	49.85077
	6.358807	49.85079
	6.359765	49.85076
	6.360717	49.85078
	6.361683	49.85083
	6.36248	49.85088
	6.363393	49.85091
	6.364002	49.85088
	6.364308	49.8508
	6.364311	49.85079
	6.364683	49.85064
	6.365988	49.84993
	6.366402	49.84964
	6.366555	49.84953
	6.366658	49.84944
	6.3668	49.84931
	6.36778	49.84811
	6.367806	49.84808
	6.368436	49.84738
	6.368486	49.84733
	6.368678	49.84713
	6.369527	49.84626
	6.371083	49.84456
	6.371152	49.84447
	6.371391	49.84413
	6.372179	49.84288
	6.37234	49.84269
	6.372463	49.84255
	6.372521	49.84251
	6.372704	49.84236
	6.373903	49.84171
	6.375625	49.84093
	6.376387	49.84053
	6.376889	49.84021
	6.377327	49.83985
	6.378727	49.83816
	6.378989	49.83784
	6.379149	49.83773
	6.379316	49.83761
	6.379643	49.83748
	6.379818	49.8374
	6.380232	49.83728
	6.380537	49.83711
	6.380712	49.83701
	6.381715	49.83621
	6.382174	49.83582
	6.382895	49.835
	6.383539	49.8344
	6.383638	49.83431
	6.384601	49.83287
	6.384855	49.83263
	6.384995	49.8325
	6.387679	49.83077
	6.388045	49.83043
	6.388317	49.83017
	6.388677	49.82982
	6.388989	49.82952
	6.389469	49.82914
	6.389756	49.82899
	6.390516	49.82858
	6.391631	49.82808
	6.392021	49.82791
	6.392609	49.82754
	6.392653	49.82751
	6.392976	49.82725
	6.393543	49.82671
	6.394615	49.8255
	6.395631	49.82427
	6.396439	49.82328
	6.396703	49.82296
	6.396883	49.82274
	6.39713	49.82251
	6.397583	49.82218
	6.397769	49.82206
	6.398008	49.82192
	6.398193	49.82182
	6.398351	49.82174
	6.399993	49.82086
	6.401927	49.81983
	6.402363	49.81963
	6.402887	49.8195
	6.40358	49.81941
	6.403823	49.81939
	6.404541	49.81936
	6.404618	49.81935
	6.405129	49.81927
	6.40542	49.81919
	6.405543	49.81916
	6.408334	49.81807
	6.408562	49.81802
	6.409008	49.81791
	6.415999	49.81667
	6.417827	49.81641
	6.418266	49.81637
	6.419728	49.81625
	6.420383	49.81621
	6.421556	49.81615
	6.424293	49.81615
	6.424661	49.81611
	6.424859	49.81609
	6.425015	49.81607
	6.425447	49.81602
	6.425641	49.81592
	6.425709	49.81588
	6.425846	49.8157
	6.425884	49.81564
	6.426038	49.81524
	6.426212	49.81339
	6.426324	49.81294
	6.42634	49.81291
	6.426586	49.81246
	6.426882	49.81214
	6.427266	49.81179
	6.427777	49.81144
	6.428667	49.81097
	6.429478	49.81067
	6.430393	49.81045
	6.430894	49.81039
	6.431002	49.81038
	6.431094	49.81039
	6.43159	49.81041
	6.431861	49.8105
	6.431973	49.81054
	6.432326	49.81072
	6.432438	49.81078
	6.434783	49.81239
	6.436042	49.81298
	6.436954	49.81337
	6.438084	49.8137
	6.438747	49.81384
	6.440776	49.81429
	6.441298	49.81435
	6.441371	49.81434
	6.441646	49.8143
	6.441821	49.8142
	6.441864	49.81418
	6.441869	49.81417
	6.441996	49.81402
	6.442065	49.81382
	6.442089	49.81374
	6.442104	49.81365
	6.442133	49.81346
	6.442327	49.81266
	6.442459	49.8124
	6.443316	49.81173
	6.443686	49.81152
	6.443741	49.81151
	6.444034	49.81147
	6.444388	49.81151
	6.444426	49.81151
	6.44489	49.81156
	6.445077	49.81158
	6.445147	49.81158
	6.445965	49.81169
	6.446717	49.81176
	6.446753	49.81177
	6.447347	49.81176
	6.448118	49.81172
	6.448407	49.81167
	6.448953	49.81157
	6.44989	49.81146
	6.450042	49.81144
	6.450195	49.81143
	6.450919	49.81137
	6.45152	49.81137
	6.451943	49.81136
	6.452871	49.81136
	6.453543	49.8114
	6.453907	49.81142
	6.454284	49.81148
	6.454708	49.81164
	6.455227	49.81192
	6.455248	49.81193
	6.455519	49.81211
	6.456079	49.81247
	6.456179	49.81254
	6.456516	49.81275
	6.456782	49.81295
	6.457059	49.81316
	6.458597	49.81478
	6.45979	49.81594
	6.460744	49.81693
	6.460992	49.81712
	6.461265	49.81733
	6.462915	49.81863
	6.463718	49.81926
	6.464589	49.81972
	6.4653	49.81992
	6.465498	49.81998
	6.465615	49.82002
	6.466011	49.82019
	6.466635	49.82051
	6.468028	49.82137
	6.469025	49.82194
	6.469268	49.82208
	6.469391	49.82213
	6.469965	49.82235
	6.470321	49.82242
	6.470473	49.82244
	6.471017	49.82249
	6.47143	49.82248
	6.471646	49.82245
	6.471908	49.82242
	6.472824	49.82212
	6.473907	49.82173
	6.474241	49.82161
	6.475144	49.82121
	6.475342	49.82112
	6.476181	49.82075
	6.478862	49.81963
	6.479929	49.81914
	6.48065	49.81873
	6.48115	49.81825
	6.481633	49.81778
	6.481649	49.81777
	6.481651	49.81776
	6.482343	49.81682
	6.483427	49.81536
	6.484025	49.8143
	6.484459	49.81379
	6.484501	49.81374
	6.484784	49.81358
	6.485814	49.81317
	6.487728	49.81229
	6.488752	49.81186
	6.489178	49.81177
	6.489454	49.8117
	6.489733	49.81166
	6.490325	49.81158
	6.492524	49.81134
	6.492871	49.81137
	6.49322	49.81147
	6.493313	49.81151
	6.493427	49.81157
	6.494559	49.81224
	6.494872	49.81231
	6.495197	49.81239
	6.495584	49.81242
	6.495892	49.81243
	6.496025	49.81241
	6.496307	49.81236
	6.496591	49.81224
	6.49683	49.81214
	6.498766	49.81123
	6.499109	49.81101
	6.499317	49.81088
	6.499432	49.81084
	6.499999	49.81061
	6.500068	49.81058
	6.500122	49.81056
	6.501558	49.81013
	6.502495	49.80992
	6.502539	49.80992
	6.503018	49.80988
	6.503792	49.80987
	6.50415	49.80987
	6.504803	49.80978
	6.505369	49.80963
	6.505935	49.80938
	6.506063	49.8093
	6.506349	49.80914
	6.506749	49.80877
	6.506762	49.80876
	6.506798	49.80871
	6.507176	49.8082
	6.50786	49.80695
	6.508117	49.80648
	6.508276	49.80619
	6.508314	49.80613
	6.508375	49.80602
	6.509195	49.80452
	6.509409	49.80413
	6.509728	49.80355
	6.510116	49.80284
	6.510486	49.80237
	6.510606	49.80227
	6.510682	49.8022
	6.510717	49.80218
	6.510922	49.80205
	6.511161	49.80195
	6.511466	49.80189
	6.511901	49.80189
	6.512082	49.80191
	6.512272	49.80193
	6.51238	49.80197
	6.512707	49.8021
	6.513338	49.80244
	6.513847	49.80282
	6.514012	49.80294
	6.514562	49.80342
	6.515057	49.80386
	6.515754	49.80466
	6.515815	49.80472
	6.516648	49.8056
	6.516984	49.80616
	6.517111	49.80648
	6.517152	49.80659
	6.517333	49.80691
	6.517623	49.80744
	6.517648	49.80749
	6.517865	49.80793
	6.518003	49.80814
	6.518104	49.80829
	6.518108	49.80831
	6.518169	49.80856
	6.518191	49.80928
	6.518142	49.80986
	6.518126	49.81005
	6.518138	49.81016
	6.518169	49.81045
	6.518243	49.81078
	6.518256	49.81083
	6.518452	49.81144
	6.518552	49.81164
	6.518669	49.81187
	6.519056	49.8124
	6.519168	49.81251
	6.519279	49.81261
	6.519622	49.81282
	6.519636	49.81283
	6.520042	49.81301
	6.520345	49.81308
	6.520407	49.81309
	6.521021	49.81323
	6.521391	49.81323
	6.521633	49.81319
	6.521712	49.81318
	6.523767	49.81239
	6.525626	49.81168
	6.526063	49.81152
	6.526633	49.81131
	6.527089	49.81106
	6.527124	49.81104
	6.52716	49.81102
	6.527993	49.81034
	6.52883	49.80981
	6.529174	49.80958
	6.529452	49.80938
	6.529652	49.80917
	6.529739	49.80891
	6.529768	49.80882
	6.529932	49.80796
	6.530012	49.80768
	6.530027	49.80763
	6.53026	49.80714
	6.530295	49.80707
	6.530317	49.80704
	6.530861	49.80628
	6.530969	49.80607
	6.530995	49.80602
	6.53095	49.80566
	6.530942	49.80562
	6.530883	49.80528
	6.530687	49.80495
	6.530338	49.80445
	6.530015	49.8042
	6.529338	49.80366
	6.527988	49.80287
	6.526488	49.8021
	6.526139	49.80182
	6.525137	49.80083
	6.52298	49.7989
	6.522661	49.79847
	6.52254	49.79831
	6.522383	49.79791
	6.52234	49.7978
	6.522194	49.79752
	6.521762	49.7972
	6.521563	49.79706
	6.520679	49.79651
	6.520452	49.79637
	6.520012	49.79615
	6.519297	49.79584
	6.519053	49.79575
	6.518276	49.79548
	6.517418	49.7952
	6.517374	49.79518
	6.517246	49.79514
	6.516698	49.79495
	6.516224	49.79472
	6.515472	49.79438
	6.515205	49.79427
	6.515168	49.79425
	6.514801	49.7941
	6.514172	49.79385
	6.514101	49.79381
	6.513865	49.79371
	6.513648	49.79365
	6.513206	49.79351
	6.512926	49.79345
	6.512221	49.79329
	6.51078	49.79297
	6.509631	49.79256
	6.50957	49.79254
	6.508617	49.79222
	6.507789	49.79192
	6.507342	49.79157
	6.507073	49.79137
	6.50651	49.79084
	6.506401	49.79069
	6.506204	49.79043
	6.506085	49.79021
	6.505902	49.78986
	6.50582	49.78961
	6.505756	49.78941
	6.505797	49.7891
	6.505805	49.78904
	6.505933	49.7886
	6.506047	49.78842
	6.506273	49.78807
	6.506644	49.78774
	6.50673	49.78767
	6.507256	49.78733
	6.507295	49.7873
	6.507786	49.78694
	6.508611	49.7866
	6.508681	49.78657
	6.508765	49.78653
	6.509835	49.78609
	6.510616	49.78579
	6.512345	49.78538
	6.512746	49.78528
	6.513455	49.7851
	6.513692	49.78502
	6.514292	49.78484
	6.514806	49.78459
	6.515167	49.78442
	6.515651	49.78416
	6.515854	49.78405
	6.516264	49.78372
	6.516582	49.78336
	6.516887	49.783
	6.517074	49.78263
	6.51708	49.78223
	6.516958	49.78186
	6.516705	49.78162
	6.516601	49.78152
	6.513747	49.77916
	6.513359	49.77885
	6.512805	49.77841
	6.512378	49.77807
	6.512254	49.77797
	6.511853	49.77769
	6.511311	49.77735
	6.511053	49.77708
	6.51099	49.77702
	6.51064	49.77657
	6.510611	49.77651
	6.510566	49.77642
	6.510326	49.77593
	6.510182	49.77562
	6.509951	49.77512
	6.509821	49.77471
	6.509852	49.77442
	6.509864	49.7743
	6.509901	49.77363
	6.510521	49.77327
	6.510862	49.77315
	6.512136	49.77263
	6.512791	49.77233
	6.513732	49.77186
	6.513949	49.77171
	6.515806	49.77047
	6.51656	49.76985
	6.516599	49.76982
	6.516829	49.76958
	6.517284	49.7691
	6.517718	49.76855
	6.517906	49.76826
	6.518027	49.76805
	6.518105	49.76782
	6.518193	49.76751
	6.518194	49.76745
	6.518196	49.76712
	6.518118	49.76673
	6.518057	49.76654
	6.518006	49.76638
	6.517912	49.76576
	6.517901	49.76562
	6.517891	49.7655
	6.517897	49.76543
	6.517915	49.76519
	6.517981	49.76486
	6.517996	49.76478
	6.518057	49.76439
	6.518221	49.76379
	6.518287	49.76355
	6.518375	49.76323
	6.518419	49.76307
	6.518489	49.76281
	6.518512	49.76258
	6.518529	49.76241
	6.518497	49.76219
	6.518322	49.76186
	6.518189	49.7616
	6.517881	49.76114
	6.517708	49.76089
	6.517072	49.76022
	6.516032	49.75945
	6.515752	49.75925
	6.515251	49.75893
	6.514742	49.75862
	6.513993	49.75819
	6.513047	49.75775
	6.512276	49.75744
	6.511741	49.75728
	6.51096	49.75706
	6.509626	49.75674
	6.507721	49.75628
	6.506233	49.75587
	6.504963	49.75546
	6.503802	49.755
	6.50315	49.75465
	6.502645	49.75437
	6.501899	49.7538
	6.501821	49.75371
	6.501224	49.75306
	6.500828	49.75241
	6.500684	49.75209
	6.500585	49.75175
	6.500567	49.75157
	6.500551	49.7514
	6.500604	49.75019
	6.500605	49.74933
	6.500631	49.74903
	6.500667	49.74863
	6.50073	49.74842
	6.500787	49.74823
	6.501064	49.7478
	6.501514	49.74718
	6.502453	49.7462
	6.502567	49.74603
	6.502615	49.74585
	6.5026	49.74559
	6.502509	49.74541
	6.502434	49.74525
	6.502405	49.74521
	6.502078	49.74474
	6.50195	49.74446
	6.501912	49.74411
	6.501855	49.74358
	6.501822	49.7433
	6.501815	49.74324
	6.501817	49.74315
	6.501824	49.74296
	6.502127	49.74209
	6.50214	49.74199
	6.502155	49.74186
	6.502155	49.74105
	6.502276	49.7398
	6.502268	49.73926
	6.502222	49.73897
	6.502174	49.73867
	6.501977	49.73796
	6.501803	49.73719
	6.501723	49.73685
	6.501555	49.73582
	6.501541	49.73546
	6.50153	49.73515
	6.501729	49.73356
	6.501854	49.73346
	6.501863	49.7334
	6.501871	49.73335
	6.501875	49.7333
	6.501881	49.73324
	6.501925	49.73285
	6.501943	49.73269
	6.501965	49.73263
	6.502061	49.73235
	6.502287	49.73201
	6.502577	49.73173
	6.503552	49.73098
	6.504348	49.73053
	6.504636	49.73033
	6.504789	49.73022
	6.504959	49.73007
	6.505679	49.7294
	6.506187	49.72911
	6.507264	49.72868
	6.509259	49.72798
	6.510243	49.72769
	6.510792	49.72753
	6.5111	49.72743
	6.511538	49.72728
	6.513192	49.72633
	6.514161	49.72583
	6.514623	49.72561
	6.515297	49.72535
	6.515912	49.72512
	6.516186	49.72495
	6.516707	49.72462
	6.516986	49.7244
	6.517077	49.72433
	6.517125	49.72429
	6.517254	49.72419
	6.517309	49.72407
	6.517433	49.72378
	6.517306	49.7234
	6.517211	49.72323
	6.51718	49.72318
	6.516628	49.72268
	6.516463	49.72255
	6.516203	49.72234
	6.515999	49.72221
	6.515391	49.72182
	6.514942	49.7216
	6.514489	49.72145
	6.512484	49.72121
	6.512258	49.72119
	6.51115	49.72117
	6.510715	49.72124
	6.510385	49.72139
	6.509941	49.72171
	6.506572	49.72466
	6.505424	49.72574
	6.50534	49.72582
	6.505009	49.72604
	6.503524	49.72637
	6.502916	49.72655
	6.502822	49.72658
	6.502749	49.72659
	6.502123	49.72671
	6.500273	49.72683
	6.500085	49.72683
	6.499999	49.72682
	6.499674	49.72682
	6.499326	49.72681
	6.498177	49.72668
	6.49772	49.72662
	6.497507	49.72658
	6.49703	49.72646
	6.496488	49.72625
	6.496324	49.72615
	6.49573	49.72578
	6.495472	49.72558
	6.495342	49.7254
	6.495337	49.72539
	6.495312	49.72534
	6.495229	49.72517
	6.495217	49.72494
	6.4952	49.72464
	6.495204	49.72458
	6.495212	49.72445
	6.495246	49.72436
	6.495323	49.72414
	6.495498	49.72383
	6.495847	49.72347
	6.496763	49.72264
	6.497835	49.7218
	6.499257	49.72068
	6.499587	49.72044
	6.500009	49.72014
	6.502748	49.7185
	6.504668	49.71744
	6.504954	49.71728
	6.505792	49.71676
	6.506168	49.71647
	6.506256	49.71637
	6.506415	49.71621
	6.50653	49.716
	6.506588	49.71577
	6.506602	49.71571
	6.506569	49.71431
	6.506572	49.71383
	6.506572	49.71382
	6.506575	49.71367
	6.506649	49.71333
	6.506818	49.71303
	6.506716	49.71292
	6.506571	49.71277
	6.506379	49.71285
	6.505809	49.71303
	6.505308	49.71309
	6.50483	49.71312
	6.504114	49.71308
	6.503372	49.71299
	6.50221	49.71275
	6.501171	49.71244
	6.500461	49.71217
	6.499999	49.71193
	6.499366	49.71159
	6.497073	49.71008
	6.49628	49.70956
	6.495307	49.70899
	6.494524	49.70845
	6.493902	49.70802
	6.493744	49.7079
	6.493297	49.70757
	6.492087	49.70655
	6.491419	49.70588
	6.490988	49.70537
	6.490905	49.70529
	6.490686	49.7051
	6.490481	49.70493
	6.489866	49.70444
	6.486192	49.70182
	6.485863	49.70156
	6.48576	49.70148
	6.483019	49.69891
	6.48251	49.69847
	6.4819	49.69809
	6.48163	49.69795
	6.481334	49.6978
	6.480366	49.69714
	6.480296	49.6971
	6.479378	49.69659
	6.479271	49.69653
	6.479203	49.69649
	6.478594	49.69627
	6.477378	49.69591
	6.476855	49.69579
	6.476228	49.69564
	6.474858	49.69528
	6.473882	49.69498
	6.472947	49.69463
	6.471295	49.69391
	6.470143	49.69346
	6.469852	49.69337
	6.469514	49.69327
	6.468754	49.69307
	6.46835	49.693
	6.467559	49.69286
	6.464175	49.69245
	6.463391	49.69233
	6.46311	49.69228
	6.461917	49.69206
	6.46177	49.69203
	6.461429	49.69195
	6.461331	49.69192
	6.460901	49.69179
	6.460667	49.69171
	6.460213	49.6915
	6.46007	49.69143
	6.459912	49.69134
	6.459565	49.69113
	6.458346	49.69032
	6.457599	49.68963
	6.457561	49.68959
	6.457557	49.68959
	6.457299	49.6893
	6.456927	49.68874
	6.4567	49.68835
	6.456534	49.68806
	6.455921	49.68697
	6.455519	49.68636
	6.455287	49.68601
	6.45437	49.68497
	6.452933	49.6836
	6.452419	49.68318
	6.451539	49.68246
	6.45144	49.68237
	6.44968	49.68078
	6.44963	49.68073
	6.449599	49.68071
	6.44919	49.6803
	6.448526	49.67955
	6.447898	49.67885
	6.447336	49.67817
	6.44648	49.67745
	6.443787	49.6756
	6.436218	49.67117
	6.435782	49.67098
	6.435195	49.67079
	6.43511	49.67076
	6.433958	49.67057
	6.433307	49.67042
	6.432177	49.67003
	6.431872	49.66986
	6.431395	49.66951
	6.431151	49.66928
	6.428975	49.66722
	6.428478	49.66669
	6.428038	49.66621
	6.427545	49.66562
	6.427163	49.66516
	6.426639	49.66442
	6.426356	49.66399
	6.42613	49.6635
	6.425975	49.66307
	6.425938	49.66297
	6.425934	49.66294
	6.425849	49.66243
	6.425847	49.66216
	6.425846	49.66208
	6.425868	49.662
	6.425953	49.66169
	6.426211	49.66133
	6.426556	49.66098
	6.426924	49.6607
	6.427465	49.66042
	6.428136	49.66024
	6.428733	49.66014
	6.428893	49.66012
	6.429117	49.66011
	6.429653	49.66008
	6.430565	49.66013
	6.431235	49.66019
	6.432278	49.66029
	6.432523	49.66033
	6.432907	49.66039
	6.434204	49.66047
	6.434253	49.66047
	6.434278	49.66047
	6.435105	49.66042
	6.435712	49.66032
	6.435987	49.66027
	6.436832	49.66007
	6.437741	49.65975
	6.437998	49.65963
	6.438412	49.65945
	6.439017	49.65911
	6.439535	49.65874
	6.439875	49.65842
	6.439988	49.65831
	6.44009	49.65813
	6.440225	49.6579
	6.440373	49.65745
	6.440375	49.65744
	6.44042	49.65719
	6.440475	49.65688
	6.440448	49.65653
	6.440405	49.65597
	6.440247	49.65487
	6.439957	49.65324
	6.439758	49.65248
	6.439634	49.65214
	6.43956	49.65195
	6.439144	49.65106
	6.438982	49.65079
	6.43875	49.65039
	6.437954	49.64927
	6.437089	49.64806
	6.436329	49.64693
	6.435274	49.6452
	6.432061	49.64027
	6.431104	49.63886
	6.430231	49.63781
	6.429216	49.63647
	6.42855	49.63559
	6.428156	49.63494
	6.427865	49.63442
	6.427164	49.63315
	6.427084	49.633
	6.427056	49.63294
	6.426799	49.63242
	6.426623	49.63196
	6.426091	49.62999
	6.425805	49.62922
	6.425258	49.62813
	6.424035	49.62645
	6.423626	49.62583
	6.423357	49.62543
	6.423271	49.62526
	6.423073	49.62488
	6.422956	49.62453
	6.422918	49.62442
	6.422692	49.62273
	6.422638	49.62233
	6.422632	49.6223
	6.42253	49.62173
	6.422477	49.62161
	6.422442	49.62153
	6.420979	49.6197
	6.420194	49.6186
	6.419319	49.61737
	6.418993	49.61712
	6.418124	49.61671
	6.417896	49.61663
	6.414103	49.61527
	6.413805	49.61513
	6.413624	49.61505
	6.412711	49.61457
	6.411016	49.6134
	6.410014	49.61271
	6.409752	49.6125
	6.409474	49.61228
	6.408531	49.61129
	6.408231	49.61103
	6.407883	49.61073
	6.407323	49.61039
	6.407034	49.61021
	6.406529	49.60987
	6.405946	49.60943
	6.405705	49.6092
	6.405335	49.60885
	6.404567	49.60808
	6.404445	49.60792
	6.404267	49.60769
	6.404212	49.60757
	6.404069	49.60728
	6.403626	49.60645
	6.403479	49.60617
	6.40319	49.60574
	6.402648	49.60493
	6.40239	49.60468
	6.40219	49.60449
	6.39962	49.60258
	6.398075	49.60168
	6.397099	49.60122
	6.396375	49.60093
	6.396142	49.60084
	6.395253	49.60056
	6.394828	49.60045
	6.394471	49.60035
	6.393927	49.60024
	6.392672	49.6
	6.392509	49.59997
	6.392428	49.59995
	6.391712	49.59985
	6.390629	49.5998
	6.387978	49.59989
	6.387614	49.59991
	6.386768	49.59991
	6.386269	49.59983
	6.38551	49.59958
	6.3847	49.59921
	6.384073	49.59893
	6.383391	49.5986
	6.38292	49.59837
	6.382755	49.59828
	6.38219	49.59796
	6.381421	49.59743
	6.381297	49.59734
	6.3801	49.59647
	6.379643	49.59607
	6.379088	49.59559
	6.378417	49.59498
	6.377246	49.59392
	6.376701	49.59338
	6.376173	49.59285
	6.375479	49.59207
	6.375465	49.59206
	6.375261	49.59176
	6.375001	49.59139
	6.374969	49.59133
	6.374639	49.59072
	6.374502	49.59026
	6.37446	49.59012
	6.374449	49.59
	6.374432	49.58982
	6.374401	49.58948
	6.374464	49.58852
	6.374714	49.58752
	6.375106	49.58669
	6.375599	49.58598
	6.376592	49.58501
	6.376766	49.58484
	6.376781	49.58483
	6.377543	49.58424
	6.37834	49.58375
	6.380691	49.58244
	6.381448	49.58194
	6.38194	49.58152
	6.382437	49.581
	6.382761	49.58051
	6.382885	49.58009
	6.382938	49.57968
	6.38295	49.57959
	6.382917	49.57911
	6.382821	49.57872
	6.382772	49.57854
	6.382568	49.57809
	6.382451	49.57783
	6.382094	49.57721
	6.382054	49.57718
	6.381684	49.57683
	6.381331	49.57664
	6.381101	49.57653
	6.380972	49.5765
	6.380429	49.5764
	6.378947	49.57634
	6.378923	49.57634
	6.377367	49.57644
	6.376917	49.57654
	6.376105	49.57672
	6.375833	49.57681
	6.375193	49.57702
	6.374493	49.57729
	6.37381	49.57762
	6.37364	49.5777
	6.373334	49.57788
	6.372694	49.57825
	6.371958	49.5786
	6.371306	49.57888
	6.371041	49.57893
	6.370897	49.57896
	6.370705	49.57896
	6.370286	49.57898
	6.369739	49.57895
	6.368864	49.57881
	6.368455	49.57875
	6.367758	49.57857
	6.365935	49.57809
	6.364772	49.57772
	6.364389	49.5776
	6.363954	49.57744
	6.362603	49.57693
	6.36145	49.5764
	6.361012	49.57614
	6.360639	49.57592
	6.360238	49.57565
	6.359807	49.57535
	6.358998	49.57469
	6.35837	49.57411
	6.358065	49.57384
	6.358011	49.57377
	6.357722	49.5734
	6.357519	49.573
	6.357381	49.57249
	6.357382	49.57225
	6.357382	49.57214
	6.357384	49.57214
	6.357507	49.57177
	6.357754	49.57141
	6.358451	49.57078
	6.359187	49.57027
	6.360487	49.56956
	6.361477	49.56903
	6.362043	49.56875
	6.365785	49.56691
	6.366032	49.56678
	6.375493	49.56179
	6.376251	49.56138
	6.376627	49.56118
	6.377034	49.56095
	6.37841	49.56018
	6.380394	49.55901
	6.381458	49.55825
	6.382216	49.55748
	6.382443	49.55709
	6.382524	49.55681
	6.382526	49.55681
	6.38252	49.55678
	6.382467	49.5565
	6.381968	49.55482
	6.381692	49.55403
	6.381423	49.55325
	6.381036	49.55256
	6.37998	49.55196
	6.380273	49.55145
	6.379993	49.55106
	6.378412	49.549
	6.377842	49.5485
	6.377598	49.54831
	6.37646	49.54773
	6.37585	49.54739
	6.373956	49.54615
	6.370184	49.54331
	6.369866	49.54304
	6.368488	49.54132
	6.368103	49.5409
	6.367614	49.54046
	6.367003	49.53999
	6.365837	49.53934
	6.36324	49.538
	6.360857	49.53652
	6.360654	49.53637
	6.359718	49.53536
	6.358781	49.53422
	6.357744	49.53289
	6.357153	49.53206
	6.356828	49.53166
	6.356624	49.53125
	6.356543	49.53088
	6.356483	49.53018
	6.356524	49.52977
	6.356666	49.52917
	6.357562	49.52735
	6.358418	49.52572
	6.359173	49.52344
	6.360924	49.51949
	6.366462	49.50828
	6.36683	49.50742
	6.367117	49.5058
	6.367635	49.50435
	6.367922	49.50328
	6.368029	49.50164
	6.367555	49.50016
	6.367198	49.4984
	6.367048	49.49647
	6.367052	49.49575
	6.36739	49.49367
	6.369288	49.489
	6.369158	49.48702
	6.368617	49.48479
	6.368064	49.48228
	6.367715	49.47928
	6.367914	49.47588
	6.368423	49.47159
	6.367727	49.46942
	6.366279	49.46778
	6.366214	49.4674
	6.366216	49.46655
	6.36709	49.46576
	6.367439	49.46536
	6.367563	49.46506
	6.367697	49.46425
	6.367845	49.46352
	6.368109	49.46249
	6.368311	49.46162
	6.368589	49.46085
	6.368891	49.45987
	6.368078	49.45981
	6.367983	49.4598
	6.367956	49.45979
	6.367605	49.45977
	6.367201	49.45977
	6.366739	49.45968
	6.366507	49.45966
	6.36622	49.45964
	6.365126	49.45958
	6.364451	49.4595
	6.364351	49.45958
	6.363642	49.45992
	6.363455	49.46008
	6.362654	49.46035
	6.361788	49.46078
	6.361364	49.46101
	6.360548	49.46142
	6.360273	49.46164
	6.359713	49.46206
	6.359304	49.46234
	6.358438	49.46292
	6.357069	49.46388
	6.356039	49.46462
	6.355295	49.46526
	6.355246	49.4653
	6.354471	49.46594
	6.353689	49.46656
	6.352854	49.46732
	6.351099	49.46704
	6.351042	49.4671
	6.349897	49.46691
	6.348745	49.46617
	6.347254	49.46588
	6.345865	49.46653
	6.344328	49.46766
	6.342676	49.46908
	6.34265	49.4691
	6.340101	49.46823
	6.340075	49.46823
	6.339232	49.4685
	6.339052	49.46855
	6.338846	49.4686
	6.338751	49.46862
	6.337961	49.46845
	6.335401	49.46749
	6.334024	49.46694
	6.333681	49.46745
	6.333113	49.46874
	6.332804	49.46959
	6.332789	49.46963
	6.331949	49.46979
	6.33103	49.46994
	6.330442	49.46999
	6.329897	49.47006
	6.329786	49.47014
	6.329615	49.47037
	6.329569	49.47057
	6.329496	49.47087
	6.329428	49.47106
	6.329258	49.47139
	6.329119	49.47167
	6.328953	49.47192
	6.328806	49.47213
	6.328671	49.47231
	6.328543	49.47248
	6.328302	49.47273
	6.328257	49.47271
	6.327444	49.47237
	6.325334	49.47381
	6.325106	49.474
	6.324804	49.4743
	6.324499	49.47468
	6.324701	49.47476
	6.323271	49.47565
	6.321638	49.47667
	6.321573	49.47668
	6.321508	49.47668
	6.320959	49.47718
	6.320692	49.47739
	6.32065	49.47742
	6.320585	49.47742
	6.320288	49.47745
	6.3202	49.47745
	6.320116	49.47746
	6.31996	49.47748
	6.319887	49.47749
	6.319826	49.47749
	6.319559	49.47758
	6.319479	49.47766
	6.319403	49.47768
	6.319197	49.47774
	6.31912	49.47779
	6.319048	49.47783
	6.318762	49.47794
	6.318685	49.47802
	6.318651	49.47802
	6.318609	49.47801
	6.318525	49.47791
	6.318479	49.47785
	6.318411	49.47782
	6.318247	49.47779
	6.318197	49.47777
	6.318071	49.47773
	6.318041	49.47774
	6.317995	49.4778
	6.317953	49.47784
	6.317915	49.47791
	6.317865	49.47796
	6.3178	49.47802
	6.317766	49.47805
	6.317713	49.47805
	6.317686	49.47805
	6.317667	49.47803
	6.317625	49.47799
	6.317564	49.47797
	6.317473	49.47795
	6.317347	49.47794
	6.317278	49.47795
	6.317083	49.47794
	6.316999	49.47794
	6.316843	49.4779
	6.316382	49.47784
	6.316313	49.47783
	6.316267	49.4778
	6.31624	49.4778
	6.316229	49.47778
	6.316248	49.47773
	6.316271	49.47769
	6.316298	49.47763
	6.316286	49.47759
	6.316256	49.47752
	6.316179	49.47739
	6.316153	49.47738
	6.316095	49.47736
	6.316019	49.47733
	6.315897	49.47731
	6.315718	49.47729
	6.315596	49.47724
	6.315527	49.47723
	6.315424	49.47721
	6.31529	49.4772
	6.315134	49.47718
	6.315081	49.47716
	6.314966	49.47714
	6.314882	49.47713
	6.314604	49.47707
	6.3146	49.47712
	6.314589	49.47738
	6.31455	49.47747
	6.31452	49.47757
	6.314493	49.47762
	6.314466	49.4777
	6.314432	49.47774
	6.314421	49.47781
	6.314428	49.47785
	6.314421	49.47789
	6.314413	49.47791
	6.31436	49.47796
	6.31444	49.47797
	6.314432	49.47803
	6.314424	49.47805
	6.314249	49.47836
	6.313719	49.47917
	6.31349	49.47957
	6.312988	49.48036
	6.312965	49.4804
	6.312964	49.4804
	6.312732	49.48033
	6.311123	49.47985
	6.309563	49.47939
	6.308538	49.4791
	6.308023	49.47893
	6.307955	49.47887
	6.307917	49.47878
	6.307775	49.47861
	6.307615	49.47848
	6.306883	49.47796
	6.306143	49.47743
	6.305636	49.47717
	6.305441	49.47714
	6.305357	49.47733
	6.305246	49.47752
	6.305143	49.47767
	6.304804	49.47797
	6.304293	49.47832
	6.303999	49.47794
	6.303942	49.47788
	6.303877	49.47787
	6.303865	49.47791
	6.303782	49.478
	6.303701	49.47809
	6.303579	49.47816
	6.303423	49.47831
	6.303331	49.47836
	6.303202	49.47841
	6.303011	49.47846
	6.302675	49.4786
	6.302286	49.47871
	6.302111	49.47886
	6.301931	49.47896
	6.3016	49.47908
	6.301546	49.47912
	6.301416	49.47915
	6.301287	49.47915
	6.301004	49.47918
	6.300722	49.47923
	6.300654	49.47924
	6.300566	49.47928
	6.300493	49.47934
	6.300398	49.47943
	6.300241	49.47951
	6.300177	49.47953
	6.300108	49.47954
	6.299963	49.47953
	6.299784	49.47956
	6.299662	49.47955
	6.299582	49.47956
	6.29944	49.4796
	6.299334	49.47963
	6.299257	49.47965
	6.299204	49.47968
	6.299192	49.47973
	6.299162	49.47981
	6.299101	49.47989
	6.29907	49.48003
	6.299108	49.48017
	6.299112	49.48022
	6.299063	49.48027
	6.298975	49.48032
	6.298868	49.48034
	6.298742	49.48035
	6.298632	49.48035
	6.298502	49.48033
	6.29838	49.48035
	6.298143	49.48035
	6.297857	49.48033
	6.297678	49.48035
	6.297548	49.48033
	6.297461	49.48031
	6.297399	49.48028
	6.297319	49.48021
	6.297163	49.48013
	6.297091	49.4801
	6.296957	49.48008
	6.296812	49.48004
	6.296778	49.48004
	6.296568	49.4801
	6.296404	49.48013
	6.296225	49.48019
	6.296202	49.48023
	6.296019	49.48049
	6.295973	49.48054
	6.295713	49.48073
	6.295591	49.48085
	6.295523	49.4809
	6.295328	49.48111
	6.295126	49.48136
	6.295107	49.48139
	6.295271	49.48179
	6.295298	49.48191
	6.295294	49.48197
	6.29534	49.48201
	6.295439	49.48216
	6.295454	49.48226
	6.295587	49.48243
	6.295683	49.48256
	6.295679	49.48268
	6.295706	49.48276
	6.295996	49.48284
	6.296106	49.48293
	6.29648	49.48317
	6.296579	49.4834
	6.296816	49.48375
	6.296866	49.48386
	6.296953	49.48401
	6.297014	49.48412
	6.297072	49.48432
	6.29711	49.4845
	6.297178	49.48461
	6.297346	49.48482
	6.297495	49.48498
	6.29759	49.48508
	6.297686	49.48525
	6.297766	49.48537
	6.297846	49.48547
	6.297873	49.48555
	6.297953	49.48563
	6.298147	49.48588
	6.298201	49.48597
	6.298258	49.48609
	6.298304	49.48633
	6.298319	49.48648
	6.29833	49.48655
	6.298387	49.48666
	6.298628	49.48684
	6.298685	49.4869
	6.298765	49.48701
	6.298864	49.48722
	6.298876	49.48729
	6.298925	49.48742
	6.29904	49.48754
	6.299067	49.48761
	6.299204	49.48766
	6.299326	49.48768
	6.299482	49.4878
	6.299482	49.48793
	6.299467	49.48801
	6.29933	49.48816
	6.299253	49.48823
	6.299227	49.48825
	6.299208	49.48827
	6.299154	49.48831
	6.299128	49.48843
	6.299051	49.4885
	6.298914	49.48858
	6.2988	49.48863
	6.298658	49.48865
	6.298445	49.48866
	6.298262	49.4886
	6.297995	49.4885
	6.297441	49.48821
	6.297399	49.48817
	6.297106	49.48785
	6.296312	49.48741
	6.296049	49.48729
	6.29579	49.48723
	6.295347	49.48712
	6.294859	49.48711
	6.294702	49.4871
	6.294485	49.48706
	6.294134	49.48713
	6.293947	49.48751
	6.293749	49.48772
	6.293711	49.48775
	6.293611	49.48777
	6.293455	49.48773
	6.293188	49.48758
	6.292719	49.48752
	6.292269	49.48749
	6.292116	49.48744
	6.29207	49.48741
	6.291952	49.4873
	6.291727	49.48697
	6.291658	49.48684
	6.291677	49.48655
	6.291666	49.48618
	6.291761	49.48583
	6.291738	49.48567
	6.291677	49.48553
	6.291567	49.48534
	6.291521	49.48523
	6.29112	49.48495
	6.291124	49.48481
	6.291212	49.48469
	6.291212	49.48468
	6.29117	49.48465
	6.290941	49.48461
	6.29075	49.48459
	6.290232	49.48461
	6.289926	49.48466
	6.289327	49.48478
	6.288904	49.48481
	6.288843	49.48482
	6.288805	49.48484
	6.288752	49.48489
	6.28837	49.48529
	6.288298	49.48544
	6.288195	49.48561
	6.288088	49.48571
	6.287714	49.48594
	6.287615	49.486
	6.287542	49.48607
	6.287542	49.48615
	6.28779	49.48654
	6.287882	49.48661
	6.28795	49.48665
	6.288111	49.4867
	6.288504	49.48672
	6.288672	49.48671
	6.288797	49.48666
	6.288877	49.48656
	6.289003	49.48635
	6.289061	49.48629
	6.289148	49.48626
	6.289255	49.48626
	6.289408	49.4863
	6.289473	49.48632
	6.289556	49.48642
	6.289568	49.4865
	6.289572	49.48665
	6.289556	49.48681
	6.28953	49.48694
	6.289511	49.487
	6.28948	49.48707
	6.289392	49.48719
	6.289007	49.48737
	6.288843	49.4875
	6.288721	49.48759
	6.288599	49.48766
	6.288481	49.4877
	6.288347	49.48774
	6.288153	49.48777
	6.288008	49.48779
	6.287672	49.4878
	6.287458	49.48782
	6.287283	49.48784
	6.287073	49.48788
	6.286802	49.48796
	6.286421	49.48805
	6.286223	49.48814
	6.286104	49.48831
	6.286009	49.48843
	6.285894	49.48866
	6.285734	49.48893
	6.285666	49.48903
	6.285585	49.48921
	6.285513	49.48936
	6.285406	49.48954
	6.285273	49.48973
	6.284849	49.49009
	6.284754	49.4902
	6.284639	49.49057
	6.284559	49.49081
	6.284506	49.49103
	6.284388	49.49143
	6.284388	49.49147
	6.284452	49.49157
	6.284609	49.4917
	6.284769	49.4918
	6.285154	49.492
	6.285349	49.49209
	6.28565	49.49218
	6.285776	49.49217
	6.285852	49.49216
	6.28697	49.49195
	6.287207	49.4919
	6.287992	49.49161
	6.288172	49.49148
	6.288218	49.49145
	6.288279	49.49143
	6.288343	49.49144
	6.288557	49.49152
	6.288843	49.49166
	6.2889	49.49174
	6.288942	49.49183
	6.288954	49.49192
	6.288946	49.49204
	6.288897	49.49223
	6.288847	49.49234
	6.288801	49.49252
	6.288809	49.4926
	6.288908	49.49278
	6.289	49.49285
	6.289091	49.4929
	6.289156	49.49293
	6.289354	49.49298
	6.289526	49.49301
	6.289618	49.49304
	6.289671	49.4931
	6.289705	49.49323
	6.289686	49.49329
	6.289667	49.49332
	6.289648	49.49339
	6.289618	49.49371
	6.28956	49.49383
	6.289446	49.49394
	6.288919	49.49432
	6.288633	49.49443
	6.288534	49.49446
	6.288416	49.49447
	6.288252	49.49446
	6.287748	49.49438
	6.28747	49.4943
	6.287256	49.49417
	6.287062	49.49402
	6.286932	49.49392
	6.286413	49.49363
	6.285982	49.4934
	6.285902	49.49337
	6.285391	49.49321
	6.285158	49.49314
	6.284834	49.49309
	6.284639	49.49308
	6.284273	49.49303
	6.284105	49.493
	6.283854	49.49299
	6.283724	49.493
	6.283407	49.49311
	6.283213	49.49316
	6.283003	49.49316
	6.282736	49.4931
	6.282541	49.4931
	6.282393	49.49312
	6.282076	49.49316
	6.281897	49.4932
	6.281797	49.49327
	6.281668	49.4934
	6.281462	49.49376
	6.281408	49.49387
	6.281279	49.49394
	6.280846	49.49407
	6.280779	49.49409
	6.280409	49.49423
	6.280226	49.49429
	6.279863	49.49443
	6.279749	49.49448
	6.279665	49.49453
	6.279581	49.49459
	6.279501	49.49469
	6.279455	49.49475
	6.279455	49.49483
	6.279497	49.49492
	6.279539	49.49501
	6.279528	49.49505
	6.279501	49.49518
	6.279409	49.49529
	6.279398	49.49535
	6.279379	49.49539
	6.279345	49.49543
	6.279291	49.49548
	6.279211	49.49556
	6.279177	49.4956
	6.279123	49.49569
	6.279108	49.49572
	6.279081	49.49577
	6.279055	49.49585
	6.279058	49.4959
	6.279055	49.49596
	6.27902	49.49604
	6.279013	49.4961
	6.278971	49.49618
	6.278902	49.49624
	6.278883	49.4963
	6.278891	49.4964
	6.278925	49.49646
	6.278986	49.49654
	6.279028	49.49658
	6.279074	49.49661
	6.279215	49.49672
	6.279356	49.49683
	6.279406	49.49689
	6.279459	49.49699
	6.279459	49.49705
	6.279432	49.49708
	6.279364	49.49712
	6.279318	49.49713
	6.27923	49.49717
	6.279177	49.4972
	6.279066	49.49731
	6.279066	49.49734
	6.279089	49.49743
	6.279207	49.49754
	6.279329	49.49761
	6.279402	49.49767
	6.279459	49.49786
	6.279375	49.49795
	6.279364	49.49804
	6.279314	49.49815
	6.279341	49.49836
	6.279402	49.49859
	6.279432	49.49865
	6.27952	49.49875
	6.279635	49.49887
	6.279745	49.49896
	6.279962	49.4991
	6.280054	49.49921
	6.280088	49.49929
	6.280077	49.4995
	6.280191	49.49999
	6.280455	49.50039
	6.280672	49.50054
	6.280886	49.50061
	6.280989	49.50061
	6.281172	49.50059
	6.281263	49.50059
	6.281389	49.50064
	6.281439	49.50068
	6.281523	49.50081
	6.28153	49.50085
	6.28153	49.5009
	6.281496	49.50095
	6.281443	49.501
	6.281328	49.50104
	6.281111	49.50107
	6.280973	49.50109
	6.280775	49.50111
	6.280435	49.50124
	6.280205	49.50129
	6.279979	49.50132
	6.279893	49.50138
	6.279834	49.50144
	6.279761	49.50162
	6.279698	49.50173
	6.279692	49.50181
	6.279734	49.50189
	6.27983	49.50194
	6.279921	49.50198
	6.280278	49.5021
	6.280407	49.50219
	6.280418	49.50221
	6.280422	49.50224
	6.280419	49.50227
	6.280369	49.50233
	6.280282	49.5024
	6.280084	49.50251
	6.279962	49.50256
	6.279752	49.50261
	6.279696	49.50264
	6.279643	49.50268
	6.279664	49.50275
	6.279721	49.50281
	6.279931	49.50299
	6.279999	49.50309
	6.279999	49.50312
	6.279962	49.50319
	6.279857	49.50328
	6.279658	49.50336
	6.279399	49.50339
	6.27925	49.5034
	6.279124	49.50339
	6.279	49.50338
	6.278788	49.50338
	6.278499	49.5034
	6.278308	49.50343
	6.278188	49.50346
	6.278056	49.50347
	6.27798	49.50348
	6.27762	49.50353
	6.277426	49.50357
	6.277313	49.50358
	6.277273	49.50358
	6.277226	49.50358
	6.277143	49.50354
	6.277024	49.50346
	6.276934	49.50339
	6.276857	49.50331
	6.276819	49.5033
	6.276775	49.50329
	6.2767	49.50331
	6.276289	49.50349
	6.275932	49.50357
	6.275569	49.50366
	6.275424	49.50368
	6.275337	49.50368
	6.274853	49.50374
	6.274794	49.50375
	6.274642	49.50379
	6.274572	49.50384
	6.274512	49.50388
	6.274493	49.5039
	6.274467	49.50394
	6.274406	49.50418
	6.274384	49.50424
	6.274342	49.5043
	6.274265	49.50439
	6.274151	49.50444
	6.274064	49.50446
	6.273943	49.50447
	6.273662	49.50446
	6.273357	49.50447
	6.272985	49.5045
	6.272817	49.50452
	6.272407	49.50458
	6.272235	49.50462
	6.271992	49.5047
	6.271921	49.50472
	6.271857	49.50473
	6.271787	49.50473
	6.271717	49.50472
	6.271568	49.50469
	6.271365	49.50463
	6.271201	49.50456
	6.271066	49.50448
	6.270954	49.50442
	6.270643	49.50426
	6.270529	49.50417
	6.270498	49.50411
	6.270369	49.50403
	6.270151	49.50403
	6.269938	49.50406
	6.269808	49.50408
	6.269472	49.50415
	6.269186	49.50423
	6.268938	49.5043
	6.268789	49.50432
	6.268511	49.50431
	6.26819	49.50426
	6.267736	49.50419
	6.267519	49.50414
	6.267168	49.50408
	6.266668	49.50402
	6.266577	49.50403
	6.265986	49.50404
	6.265673	49.50404
	6.26507	49.50401
	6.264719	49.50398
	6.264261	49.50393
	6.263758	49.50392
	6.263617	49.50392
	6.26343	49.50393
	6.263296	49.50395
	6.263056	49.5041
	6.263052	49.50416
	6.262785	49.50449
	6.262526	49.50478
	6.262396	49.50493
	6.262354	49.50505
	6.262308	49.50533
	6.26232	49.50549
	6.262369	49.50566
	6.262449	49.5058
	6.262747	49.50614
	6.262835	49.50627
	6.26285	49.50638
	6.262819	49.50648
	6.262713	49.50662
	6.262632	49.5067
	6.262503	49.50679
	6.262445	49.50687
	6.262301	49.50698
	6.262137	49.50708
	6.261946	49.50714
	6.261541	49.50721
	6.261274	49.50724
	6.26111	49.50723
	6.260889	49.50719
	6.260672	49.50714
	6.26034	49.50705
	6.260145	49.50702
	6.260019	49.50701
	6.259939	49.50702
	6.259661	49.50706
	6.259092	49.50713
	6.258883	49.50719
	6.258558	49.50735
	6.258272	49.50748
	6.258051	49.50755
	6.257971	49.5076
	6.257868	49.50771
	6.257723	49.50793
	6.257662	49.50802
	6.25757	49.50817
	6.257422	49.50842
	6.257364	49.50863
	6.257319	49.50906
	6.257219	49.50943
	6.257135	49.50962
	6.257063	49.50973
	6.257006	49.5098
	6.256926	49.50982
	6.256586	49.5099
	6.256281	49.50997
	6.256006	49.50996
	6.255529	49.50985
	6.255331	49.50979
	6.25506	49.50976
	6.254694	49.50969
	6.254389	49.50967
	6.253942	49.50959
	6.253488	49.50942
	6.253099	49.50926
	6.252684	49.50911
	6.252459	49.50901
	6.252371	49.509
	6.252272	49.50897
	6.252138	49.50895
	6.251959	49.50892
	6.25149	49.50889
	6.251291	49.50888
	6.250464	49.50884
	6.250238	49.50881
	6.250017	49.50876
	6.24935	49.50858
	6.249186	49.50856
	6.249083	49.50855
	6.248777	49.50854
	6.248629	49.50852
	6.248445	49.50851
	6.248415	49.50851
	6.248342	49.50853
	6.248266	49.50856
	6.248114	49.50861
	6.247732	49.50873
	6.247522	49.50877
	6.246916	49.50889
	6.246565	49.50904
	6.246405	49.5092
	6.246393	49.50937
	6.246344	49.50953
	6.246267	49.50964
	6.24621	49.50977
	6.246038	49.51005
	6.245997	49.51009
	6.245913	49.51028
	6.245882	49.51032
	6.24581	49.51037
	6.245779	49.51043
	6.245699	49.51055
	6.245493	49.51073
	6.245405	49.51096
	6.245325	49.51121
	6.24523	49.5114
	6.245134	49.51151
	6.244989	49.51159
	6.244871	49.51163
	6.244337	49.51171
	6.244165	49.51176
	6.243887	49.51183
	6.243627	49.51185
	6.243517	49.51188
	6.242952	49.51194
	6.242712	49.51191
	6.242258	49.5119
	6.242067	49.51187
	6.241819	49.51188
	6.241709	49.51192
	6.241644	49.51196
	6.241571	49.51205
	6.241552	49.51215
	6.241571	49.51226
	6.241568	49.51235
	6.241507	49.51246
	6.241369	49.51258
	6.241335	49.51268
	6.241377	49.51288
	6.241499	49.51311
	6.241518	49.51316
	6.241625	49.51318
	6.24164	49.51319
	6.241697	49.51326
	6.241728	49.51335
	6.241709	49.51344
	6.241777	49.51369
	6.241743	49.51376
	6.241751	49.51383
	6.241747	49.5139
	6.241766	49.51408
	6.241716	49.51423
	6.241663	49.51431
	6.241533	49.51441
	6.24151	49.51445
	6.241388	49.51452
	6.241327	49.51454
	6.241236	49.5146
	6.241209	49.51463
	6.241117	49.51467
	6.240992	49.5147
	6.240896	49.51478
	6.240782	49.51486
	6.240725	49.5149
	6.240651	49.51494
	6.240639	49.51479
	6.240673	49.51463
	6.240651	49.51445
	6.240463	49.51425
	6.24037	49.5142
	6.24014	49.51411
	6.239554	49.51396
	6.239357	49.51386
	6.239193	49.51376
	6.239064	49.51364
	6.238959	49.5135
	6.238915	49.51335
	6.238879	49.51309
	6.238921	49.51264
	6.238871	49.51241
	6.238835	49.51227
	6.23875	49.51204
	6.238029	49.51096
	6.237959	49.51081
	6.23673	49.50899
	6.236233	49.50825
	6.236164	49.50815
	6.234274	49.50879
	6.233835	49.509
	6.233118	49.50921
	6.232305	49.50938
	6.232122	49.5094
	6.231878	49.50943
	6.22986	49.50957
	6.229231	49.5096
	6.229063	49.5096
	6.228678	49.50956
	6.228273	49.50951
	6.228258	49.50953
	6.227575	49.51036
	6.224573	49.50953
	6.222803	49.50918
	6.220003	49.50877
	6.21987	49.50954
	6.21837	49.5094
	6.218103	49.50996
	6.217131	49.50976
	6.216372	49.50901
	6.216814	49.50877
	6.217306	49.50789
	6.217035	49.50786
	6.21723	49.5069
	6.216768	49.50675
	6.215895	49.5066
	6.214502	49.50635
	6.213781	49.50629
	6.21303	49.50626
	6.212423	49.50626
	6.211592	49.5063
	6.211256	49.50629
	6.210337	49.50624
	6.209372	49.50619
	6.209166	49.50619
	6.208601	49.50619
	6.208059	49.50621
	6.207659	49.50623
	6.207403	49.50625
	6.205481	49.50658
	6.205347	49.50659
	6.204054	49.50679
	6.202902	49.50699
	6.202501	49.50701
	6.202124	49.50694
	6.201334	49.50676
	6.200728	49.50662
	6.199354	49.50625
	6.19816	49.50595
	6.196791	49.50561
	6.195761	49.50536
	6.195746	49.50539
	6.195246	49.50642
	6.194029	49.50624
	6.194002	49.50631
	6.193163	49.50624
	6.193048	49.5062
	6.192968	49.50618
	6.192888	49.50616
	6.192186	49.50605
	6.191755	49.50599
	6.191565	49.50598
	6.191359	49.50598
	6.190756	49.50607
	6.190008	49.50619
	6.18836	49.50637
	6.188192	49.50643
	6.187487	49.5067
	6.18717	49.50682
	6.186384	49.50697
	6.185465	49.50716
	6.184641	49.50735
	6.183596	49.50758
	6.18273	49.50776
	6.182119	49.50786
	6.181612	49.50791
	6.181215	49.50795
	6.180841	49.50801
	6.180788	49.50796
	6.180471	49.5076
	6.180269	49.50731
	6.180258	49.50729
	6.178308	49.50696
	6.178145	49.5072
	6.177465	49.50784
	6.177141	49.50811
	6.176603	49.50861
	6.176836	49.50879
	6.176905	49.50887
	6.176737	49.50971
	6.176859	49.50997
	6.17639	49.5102
	6.176207	49.51025
	6.175325	49.51034
	6.175142	49.51035
	6.174974	49.51031
	6.174753	49.5102
	6.174444	49.51002
	6.173876	49.50963
	6.173533	49.50941
	6.173227	49.50917
	6.172754	49.50872
	6.172436	49.5085
	6.17222	49.50827
	6.171991	49.50814
	6.171244	49.50781
	6.170832	49.50764
	6.170637	49.50758
	6.17034	49.50749
	6.169813	49.50725
	6.169632	49.5072
	6.169256	49.5071
	6.16926	49.50706
	6.168604	49.50678
	6.168219	49.50657
	6.167955	49.50644
	6.167555	49.5063
	6.167047	49.5061
	6.166578	49.50595
	6.166006	49.50574
	6.165438	49.50554
	6.165323	49.5055
	6.165121	49.5054
	6.164431	49.50494
	6.164045	49.50472
	6.163629	49.50454
	6.163412	49.50447
	6.162619	49.50428
	6.161997	49.50416
	6.161936	49.50415
	6.161749	49.5046
	6.161653	49.50492
	6.161615	49.50491
	6.159914	49.50442
	6.158541	49.504
	6.15832	49.50429
	6.15735	49.50397
	6.157114	49.50423
	6.156546	49.50401
	6.155958	49.50367
	6.156061	49.50354
	6.155542	49.50283
	6.154688	49.50215
	6.154799	49.50205
	6.153929	49.50165
	6.153891	49.50163
	6.1541	49.5013
	6.154478	49.5008
	6.154592	49.50054
	6.154875	49.50008
	6.15521	49.49957
	6.155466	49.49925
	6.156256	49.49802
	6.15637	49.49785
	6.156549	49.49762
	6.156569	49.4976
	6.156758	49.49739
	6.156851	49.49728
	6.156931	49.49723
	6.157083	49.49706
	6.157259	49.49693
	6.157473	49.49673
	6.157711	49.49659
	6.158041	49.49638
	6.158119	49.49632
	6.15814	49.4963
	6.158285	49.49623
	6.15843	49.49618
	6.158628	49.49617
	6.158976	49.49612
	6.159372	49.496
	6.159624	49.49589
	6.159597	49.49585
	6.160124	49.49549
	6.16036	49.49531
	6.160494	49.49516
	6.160822	49.49471
	6.161116	49.49439
	6.161264	49.49446
	6.161814	49.49408
	6.16205	49.49395
	6.162226	49.49388
	6.162294	49.49383
	6.162432	49.4935
	6.162493	49.49348
	6.161833	49.49267
	6.161776	49.49269
	6.16094	49.49234
	6.159437	49.49177
	6.158701	49.49163
	6.157335	49.49148
	6.156794	49.49227
	6.156336	49.4928
	6.155855	49.49339
	6.155321	49.49325
	6.155031	49.49331
	6.154001	49.49301
	6.153501	49.49288
	6.152807	49.49274
	6.153135	49.49171
	6.153026	49.49168
	6.152815	49.49162
	6.152159	49.49141
	6.152058	49.49138
	6.151438	49.4912
	6.150755	49.49099
	6.150377	49.49087
	6.149797	49.49059
	6.148626	49.49008
	6.148086	49.48975
	6.147354	49.4893
	6.14675	49.48895
	6.146592	49.48887
	6.146563	49.48885
	6.146158	49.48863
	6.145617	49.48836
	6.144697	49.48789
	6.144316	49.48775
	6.143511	49.48746
	6.142672	49.48721
	6.142237	49.4869
	6.140768	49.48667
	6.140779	49.48707
	6.140799	49.48747
	6.140833	49.4883
	6.141031	49.48895
	6.141287	49.48966
	6.141645	49.49062
	6.141756	49.49168
	6.141604	49.49166
	6.141237	49.49162
	6.140856	49.49157
	6.140657	49.49154
	6.140539	49.49152
	6.140451	49.49152
	6.13949	49.49139
	6.138941	49.4913
	6.138887	49.49128
	6.138456	49.49113
	6.13822	49.49106
	6.138052	49.491
	6.137888	49.49094
	6.137697	49.49088
	6.13735	49.49075
	6.137224	49.49071
	6.137159	49.4907
	6.136919	49.49068
	6.136499	49.49066
	6.136019	49.49053
	6.135767	49.49046
	6.134863	49.49025
	6.134413	49.49015
	6.13426	49.49011
	6.13373	49.48998
	6.132795	49.48999
	6.132097	49.49041
	6.13175	49.49063
	6.131483	49.491
	6.131243	49.49134
	6.130892	49.49184
	6.130575	49.49217
	6.130217	49.49256
	6.129667	49.49287
	6.129019	49.49327
	6.128618	49.49356
	6.128252	49.49382
	6.128103	49.4939
	6.128073	49.49391
	6.128038	49.49392
	6.128031	49.49379
	6.127939	49.49322
	6.127871	49.49287
	6.127832	49.49271
	6.127829	49.4927
	6.127714	49.4922
	6.127535	49.49141
	6.127211	49.49085
	6.127134	49.49072
	6.126963	49.49041
	6.126749	49.49003
	6.12676	49.49002
	6.126776	49.48985
	6.126818	49.48937
	6.126829	49.48923
	6.126852	49.48898
	6.126871	49.48883
	6.126917	49.48834
	6.126944	49.48798
	6.126963	49.48791
	6.127054	49.48727
	6.127108	49.48675
	6.127119	49.48665
	6.127119	49.48654
	6.12715	49.4862
	6.127161	49.48602
	6.127192	49.48576
	6.127222	49.48547
	6.127264	49.4851
	6.127283	49.48489
	6.127153	49.48487
	6.127176	49.48474
	6.127199	49.48463
	6.127207	49.48458
	6.127222	49.48449
	6.127233	49.48445
	6.127249	49.48435
	6.127256	49.48431
	6.127264	49.48427
	6.127272	49.48422
	6.127287	49.48414
	6.127317	49.48397
	6.127337	49.48387
	6.127352	49.48378
	6.127367	49.48367
	6.127378	49.4836
	6.127428	49.48312
	6.127436	49.48306
	6.127443	49.48297
	6.127447	49.48288
	6.127451	49.48283
	6.127466	49.48259
	6.12747	49.48255
	6.12747	49.4825
	6.127474	49.48248
	6.127478	49.48239
	6.127478	49.48233
	6.127455	49.48226
	6.12742	49.48221
	6.127207	49.48185
	6.126852	49.48127
	6.126619	49.48094
	6.126375	49.48066
	6.1262	49.48045
	6.126146	49.48039
	6.126013	49.48022
	6.125925	49.48011
	6.12586	49.48003
	6.125784	49.47995
	6.125647	49.47979
	6.125536	49.47966
	6.125425	49.47951
	6.125296	49.47926
	6.125231	49.47914
	6.125166	49.47902
	6.125097	49.47889
	6.125071	49.47884
	6.125021	49.47875
	6.124991	49.47869
	6.12496	49.47863
	6.124849	49.47842
	6.1248	49.47832
	6.124735	49.47819
	6.124613	49.47797
	6.124369	49.47753
	6.124273	49.47745
	6.123941	49.47721
	6.123529	49.47691
	6.122999	49.47652
	6.122988	49.47648
	6.122953	49.47637
	6.122675	49.47555
	6.122614	49.47537
	6.122564	49.47522
	6.122557	49.4752
	6.122564	49.47515
	6.122576	49.47511
	6.122671	49.47494
	6.122824	49.47466
	6.12295	49.47441
	6.123064	49.47418
	6.123198	49.47394
	6.123385	49.47359
	6.123449	49.47346
	6.123075	49.47326
	6.122465	49.47293
	6.122118	49.47274
	6.121839	49.47264
	6.121645	49.47257
	6.121483	49.47251
	6.12131	49.47245
	6.121115	49.4724
	6.120752	49.4723
	6.120268	49.47216
	6.119955	49.47207
	6.119886	49.47205
	6.119848	49.47205
	6.119821	49.47205
	6.119806	49.47205
	6.11976	49.47207
	6.119657	49.47209
	6.119597	49.4721
	6.119558	49.4721
	6.119505	49.4721
	6.119379	49.47207
	6.119207	49.47204
	6.119188	49.47203
	6.119177	49.47202
	6.119207	49.47201
	6.119211	49.472
	6.119204	49.47198
	6.119146	49.47197
	6.11907	49.47195
	6.118929	49.47189
	6.118906	49.47188
	6.11886	49.47189
	6.118803	49.47188
	6.118757	49.47188
	6.118708	49.47187
	6.118654	49.47184
	6.118551	49.47178
	6.118395	49.47169
	6.118319	49.47164
	6.118238	49.47158
	6.118185	49.47155
	6.118086	49.47152
	6.117991	49.47149
	6.117979	49.47145
	6.117903	49.47142
	6.11783	49.47139
	6.117796	49.47139
	6.117792	49.47136
	6.11764	49.47134
	6.117472	49.47132
	6.1173	49.47129
	6.117159	49.47126
	6.117113	49.47124
	6.117067	49.47122
	6.117033	49.4712
	6.117014	49.47119
	6.116922	49.47119
	6.116808	49.4712
	6.116667	49.47121
	6.116587	49.47122
	6.116457	49.47121
	6.116354	49.4712
	6.116198	49.47117
	6.114969	49.47089
	6.114801	49.47084
	6.114328	49.47055
	6.114256	49.47052
	6.114218	49.4705
	6.114191	49.47049
	6.114168	49.47049
	6.114077	49.47049
	6.113958	49.47052
	6.113836	49.47056
	6.113794	49.47058
	6.113733	49.47063
	6.113691	49.47068
	6.113672	49.47071
	6.113649	49.47076
	6.113546	49.47087
	6.113432	49.47097
	6.11334	49.47104
	6.113226	49.47113
	6.113173	49.47113
	6.112997	49.47115
	6.112837	49.47118
	6.112799	49.4712
	6.112772	49.47122
	6.112738	49.47126
	6.112715	49.47131
	6.112707	49.47135
	6.112696	49.47149
	6.112669	49.47155
	6.112608	49.47168
	6.112581	49.47171
	6.112253	49.47199
	6.112146	49.47207
	6.111917	49.47221
	6.111643	49.47237
	6.111387	49.47252
	6.111284	49.47253
	6.111181	49.47255
	6.111078	49.47255
	6.110926	49.47256
	6.110727	49.47255
	6.110426	49.47254
	6.110251	49.47252
	6.110048	49.47249
	6.109831	49.47246
	6.109728	49.47244
	6.109648	49.47243
	6.109602	49.47244
	6.109552	49.47247
	6.10951	49.47249
	6.10948	49.47252
	6.108458	49.47223
	6.108065	49.47211
	6.107573	49.47197
	6.107527	49.47195
	6.107348	49.47189
	6.106909	49.47172
	6.106028	49.4714
	6.105772	49.47134
	6.105627	49.47133
	6.105417	49.47131
	6.105291	49.47131
	6.105101	49.47134
	6.105013	49.47134
	6.104925	49.47134
	6.104834	49.47134
	6.104731	49.47132
	6.104063	49.47116
	6.103559	49.47102
	6.103422	49.47097
	6.103037	49.4708
	6.102808	49.47069
	6.102671	49.47063
	6.102426	49.47054
	6.102201	49.47046
	6.10198	49.47038
	6.102079	49.4701
	6.102144	49.46997
	6.102217	49.46985
	6.102293	49.46975
	6.102461	49.46956
	6.102602	49.4694
	6.102526	49.46936
	6.102369	49.46928
	6.102278	49.46924
	6.102087	49.46917
	6.101793	49.46907
	6.101564	49.469
	6.101538	49.46895
	6.1015	49.4689
	6.101454	49.46885
	6.101423	49.46883
	6.101305	49.46875
	6.101107	49.46864
	6.10092	49.46854
	6.100779	49.46845
	6.10066	49.46837
	6.10055	49.46828
	6.10047	49.46822
	6.10037	49.46812
	6.100287	49.46802
	6.100161	49.46787
	6.09981	49.46746
	6.099764	49.46728
	6.099707	49.46708
	6.099772	49.46675
	6.099794	49.4666
	6.099802	49.46654
	6.099806	49.46646
	6.099806	49.46638
	6.099798	49.46629
	6.099783	49.46617
	6.099775	49.46614
	6.099752	49.46606
	6.099718	49.46598
	6.099665	49.46587
	6.099432	49.4656
	6.099241	49.4654
	6.099131	49.4653
	6.0991	49.46527
	6.099009	49.46519
	6.098948	49.46512
	6.098696	49.46484
	6.098535	49.46464
	6.098455	49.46455
	6.098387	49.46447
	6.098276	49.46435
	6.098208	49.46427
	6.098181	49.4641
	6.098166	49.46395
	6.098131	49.46377
	6.098112	49.46359
	6.098093	49.46349
	6.098093	49.46347
	6.098097	49.46346
	6.098177	49.46331
	6.098307	49.46305
	6.098581	49.46279
	6.098967	49.46247
	6.098993	49.46244
	6.09905	49.46234
	6.099127	49.46222
	6.099062	49.46198
	6.099028	49.46191
	6.098993	49.46184
	6.098902	49.46163
	6.098856	49.46154
	6.098806	49.46145
	6.098749	49.46135
	6.098734	49.46106
	6.098719	49.46085
	6.098783	49.46063
	6.09886	49.46055
	6.09902	49.46042
	6.099138	49.46033
	6.099207	49.46028
	6.099432	49.46015
	6.099508	49.46011
	6.099718	49.45988
	6.099794	49.45978
	6.09981	49.45976
	6.099813	49.4597
	6.099802	49.45954
	6.099772	49.45937
	6.099825	49.45924
	6.099878	49.45912
	6.09992	49.45903
	6.099935	49.45901
	6.099966	49.45898
	6.100069	49.45889
	6.100191	49.4588
	6.100287	49.45873
	6.100405	49.45864
	6.100504	49.45855
	6.100588	49.45847
	6.100664	49.45838
	6.100706	49.45832
	6.100779	49.45821
	6.100828	49.45815
	6.100905	49.45805
	6.101023	49.45786
	6.100905	49.45743
	6.100836	49.4571
	6.100832	49.45703
	6.100828	49.45699
	6.10084	49.45691
	6.100862	49.45672
	6.100862	49.45664
	6.100885	49.45653
	6.100924	49.45632
	6.10095	49.45618
	6.100985	49.45603
	6.101065	49.45572
	6.101103	49.45555
	6.101122	49.45551
	6.101248	49.45527
	6.101332	49.45509
	6.101389	49.45495
	6.101408	49.45489
	6.101419	49.45484
	6.101446	49.45472
	6.101465	49.45461
	6.101477	49.45457
	6.101576	49.45443
	6.101606	49.45438
	6.101625	49.45433
	6.101629	49.4543
	6.101622	49.4542
	6.101614	49.45416
	6.101587	49.4541
	6.101549	49.45405
	6.101511	49.45401
	6.101419	49.45394
	6.10137	49.45392
	6.101297	49.45389
	6.101244	49.45387
	6.101221	49.45385
	6.101175	49.45383
	6.101141	49.4538
	6.101118	49.45377
	6.101053	49.4537
	6.100966	49.45361
	6.100882	49.4535
	6.100862	49.45347
	6.100847	49.45334
	6.100824	49.45311
	6.100805	49.45301
	6.100775	49.45289
	6.100679	49.4529
	6.100134	49.45296
	6.099791	49.453
	6.099798	49.45309
	6.099413	49.45312
	6.09905	49.45313
	6.098299	49.45318
	6.0977	49.4532
	6.096952	49.45323
	6.096182	49.45325
	6.096182	49.4533
	6.096243	49.45332
	6.096224	49.45351
	6.095697	49.45342
	6.095419	49.45337
	6.095324	49.45336
	6.095213	49.45335
	6.094831	49.45333
	6.094271	49.45332
	6.093935	49.45331
	6.093668	49.45329
	6.093332	49.45328
	6.093233	49.45327
	6.092718	49.45319
	6.092535	49.45316
	6.092321	49.45314
	6.092268	49.45331
	6.092222	49.45342
	6.092176	49.45356
	6.092169	49.45362
	6.092165	49.45369
	6.092169	49.4538
	6.092161	49.45386
	6.092127	49.454
	6.092108	49.45409
	6.092081	49.45428
	6.091661	49.45427
	6.0912	49.45424
	6.091066	49.45423
	6.09096	49.45424
	6.090868	49.45425
	6.090792	49.45426
	6.090727	49.45427
	6.090696	49.45428
	6.09038	49.45425
	6.090349	49.45432
	6.090323	49.45443
	6.08972	49.45448
	6.089205	49.45452
	6.088793	49.45455
	6.088606	49.45457
	6.088415	49.45461
	6.088232	49.45464
	6.088034	49.45468
	6.08779	49.45475
	6.087568	49.45482
	6.087328	49.45491
	6.086935	49.45504
	6.086638	49.45516
	6.086443	49.45525
	6.086229	49.45536
	6.086004	49.45548
	6.08581	49.45559
	6.085573	49.45573
	6.085646	49.4558
	6.085676	49.45582
	6.085733	49.45587
	6.085901	49.45603
	6.086	49.45612
	6.085764	49.45622
	6.085585	49.4563
	6.08544	49.45637
	6.085287	49.45644
	6.085058	49.45655
	6.084738	49.45674
	6.084593	49.45666
	6.084207	49.45687
	6.084043	49.45696
	6.084013	49.45698
	6.083761	49.45712
	6.083292	49.4574
	6.082991	49.45758
	6.083017	49.45761
	6.082609	49.45779
	6.082155	49.45798
	6.081438	49.45819
	6.081102	49.45828
	6.0809	49.45832
	6.08095	49.45845
	6.080778	49.45846
	6.080706	49.45847
	6.08069	49.45853
	6.08061	49.45897
	6.080572	49.45914
	6.080481	49.45961
	6.080366	49.4599
	6.080225	49.46013
	6.080065	49.4604
	6.080019	49.46047
	6.080023	49.46053
	6.080027	49.46082
	6.080027	49.46096
	6.08003	49.46141
	6.079927	49.46159
	6.079683	49.46204
	6.07947	49.46243
	6.079351	49.46264
	6.079306	49.46303
	6.079256	49.46346
	6.079233	49.46368
	6.079218	49.46381
	6.079206	49.46392
	6.079168	49.46391
	6.079096	49.46391
	6.078943	49.4639
	6.078878	49.4639
	6.078711	49.4639
	6.078543	49.46389
	6.077814	49.46386
	6.077025	49.46384
	6.076597	49.46384
	6.076441	49.46384
	6.076021	49.46384
	6.075892	49.46383
	6.075647	49.46382
	6.075422	49.46381
	6.074846	49.46377
	6.074514	49.46375
	6.074247	49.46373
	6.074114	49.46372
	6.073973	49.4637
	6.073671	49.46365
	6.073607	49.46384
	6.073549	49.46401
	6.07342	49.46438
	6.073351	49.46457
	6.073221	49.46476
	6.073076	49.46495
	6.07292	49.46513
	6.072786	49.46527
	6.072645	49.46542
	6.072382	49.46554
	6.072233	49.46561
	6.071993	49.46563
	6.071848	49.46562
	6.071703	49.4656
	6.071493	49.46555
	6.071325	49.46551
	6.070646	49.46532
	6.070337	49.46524
	6.07015	49.46519
	6.070036	49.46516
	6.069883	49.4651
	6.069582	49.46498
	6.069544	49.46498
	6.069288	49.46495
	6.069048	49.46493
	6.068777	49.46491
	6.06782	49.46483
	6.067427	49.46482
	6.06719	49.46481
	6.066649	49.46482
	6.066309	49.46482
	6.066248	49.46482
	6.066194	49.46483
	6.066141	49.46484
	6.065992	49.46487
	6.06584	49.46491
	6.065718	49.46493
	6.065592	49.46494
	6.065435	49.46496
	6.065321	49.46497
	6.064886	49.46498
	6.064718	49.46498
	6.064352	49.46498
	6.063848	49.46499
	6.063723	49.46498
	6.063658	49.46499
	6.063398	49.46503
	6.062971	49.46511
	6.062716	49.46516
	6.062521	49.46518
	6.062079	49.46523
	6.06185	49.46526
	6.061403	49.46534
	6.061136	49.46539
	6.060755	49.46552
	6.060499	49.4656
	6.060152	49.46571
	6.059599	49.46589
	6.058988	49.4661
	6.058588	49.46625
	6.058451	49.4663
	6.058218	49.46639
	6.058107	49.46644
	6.05805	49.46637
	6.057844	49.46616
	6.057783	49.46609
	6.057638	49.46594
	6.057505	49.46579
	6.057417	49.46571
	6.057169	49.46545
	6.056623	49.46518
	6.056467	49.4651
	6.056059	49.46492
	6.055975	49.46488
	6.055235	49.46472
	6.055056	49.46469
	6.054491	49.46458
	6.054125	49.46441
	6.053682	49.46421
	6.053095	49.4639
	6.052607	49.46333
	6.052465	49.46315
	6.052126	49.46271
	6.051947	49.46247
	6.05187	49.46236
	6.05163	49.46204
	6.051271	49.46158
	6.051142	49.4614
	6.050947	49.46113
	6.050859	49.46101
	6.050798	49.46093
	6.050673	49.46075
	6.050421	49.4604
	6.050261	49.46021
	6.050131	49.46003
	6.050066	49.45995
	6.05002	49.45987
	6.049959	49.45976
	6.049906	49.45967
	6.049787	49.45942
	6.049746	49.45928
	6.049696	49.45911
	6.04962	49.45895
	6.049547	49.45882
	6.049482	49.45872
	6.049417	49.45863
	6.049299	49.45849
	6.049074	49.45819
	6.04891	49.45798
	6.048555	49.45754
	6.048513	49.45748
	6.048273	49.45718
	6.048166	49.45703
	6.047922	49.45669
	6.04785	49.4566
	6.04738	49.45606
	6.046934	49.45555
	6.046923	49.45509
	6.046728	49.45483
	6.046587	49.45463
	6.046492	49.4545
	6.046347	49.45429
	6.046309	49.45423
	6.046156	49.45399
	6.045828	49.45348
	6.045713	49.45332
	6.045389	49.45301
	6.04513	49.45276
	6.044722	49.45238
	6.04431	49.45173
	6.044168	49.4515
	6.044085	49.45137
	6.044008	49.45128
	6.043982	49.45123
	6.043814	49.45096
	6.043634	49.4507
	6.043371	49.45032
	6.043127	49.44998
	6.043016	49.4497
	6.042852	49.44939
	6.042707	49.44911
	6.042627	49.44899
	6.042414	49.44868
	6.042208	49.44838
	6.041774	49.44785
	6.04163	49.44789
	6.041342	49.44795
	6.039892	49.44825
	6.038817	49.44846
	6.038237	49.44859
	6.037657	49.44864
	6.037546	49.44864
	6.037024	49.44868
	6.036142	49.44874
	6.035708	49.44885
	6.035356	49.44897
	6.034849	49.44914
	6.034624	49.44921
	6.034334	49.44931
	6.034048	49.44934
	6.033358	49.4494
	6.032976	49.44944
	6.032583	49.44953
	6.030832	49.44944
	6.029322	49.44934
	6.028704	49.44916
	6.027792	49.44866
	6.027254	49.44826
	6.026842	49.44859
	6.026758	49.44897
	6.026628	49.44956
	6.026606	49.44962
	6.026499	49.44985
	6.026358	49.45017
	6.026316	49.45023
	6.025976	49.45071
	6.025881	49.45073
	6.025885	49.45097
	6.025923	49.45159
	6.025923	49.45185
	6.025972	49.45204
	6.026041	49.45217
	6.026255	49.45248
	6.026842	49.45329
	6.027105	49.45364
	6.02725	49.45377
	6.02738	49.45388
	6.027559	49.454
	6.027723	49.45411
	6.028021	49.45428
	6.028234	49.45441
	6.029081	49.45489
	6.029284	49.45505
	6.029215	49.45509
	6.028856	49.4553
	6.028273	49.45563
	6.028158	49.4557
	6.028097	49.45573
	6.028074	49.45575
	6.027899	49.45549
	6.027754	49.45526
	6.027678	49.45514
	6.027479	49.45491
	6.026697	49.45419
	6.026678	49.4542
	6.02664	49.45422
	6.026247	49.4544
	6.025824	49.45451
	6.025213	49.45467
	6.02466	49.45482
	6.023714	49.45502
	6.023657	49.45503
	6.02326	49.45507
	6.022585	49.45505
	6.02175	49.45497
	6.020895	49.45468
	6.020365	49.45446
	6.019777	49.45426
	6.01914	49.45414
	6.018026	49.45395
	6.016848	49.45396
	6.016787	49.45396
	6.015593	49.45395
	6.015524	49.45363
	6.015268	49.45347
	6.01494	49.45327
	6.014635	49.45308
	6.014467	49.45298
	6.014368	49.45292
	6.01404	49.45269
	6.013819	49.45253
	6.011499	49.45352
	6.010889	49.45317
	6.010775	49.4531
	6.009516	49.45245
	6.008654	49.45203
	6.007849	49.45164
	6.007383	49.45202
	6.006952	49.45234
	6.006533	49.45269
	6.006109	49.45304
	6.00567	49.45338
	6.005209	49.4537
	6.004618	49.45414
	6.004557	49.45418
	6.004446	49.45426
	6.004297	49.45437
	6.004175	49.45447
	6.004118	49.45451
	6.004011	49.45459
	6.003954	49.45463
	6.003389	49.45501
	6.003279	49.45509
	6.003069	49.45523
	6.002523	49.45558
	6.002428	49.45564
	6.002108	49.45585
	6.002035	49.45589
	6.001814	49.45606
	6.001638	49.4562
	6.001505	49.4563
	6.001352	49.45641
	6.001234	49.4565
	6.000982	49.45651
	6.000464	49.45652
	6.000273	49.45652
	5.99996	49.45652
	5.998358	49.45649
	5.997934	49.4565
	5.995909	49.45579
	5.995188	49.45553
	5.991899	49.45441
	5.991102	49.45414
	5.989695	49.45366
	5.986891	49.45271
	5.985838	49.45234
	5.981974	49.45106
	5.980314	49.45187
	5.97909	49.45268
	5.978983	49.45313
	5.978754	49.45399
	5.979299	49.45524
	5.980841	49.4562
	5.982359	49.45703
	5.982546	49.45695
	5.983023	49.45678
	5.983999	49.45633
	5.985723	49.45574
	5.985777	49.45589
	5.98596	49.45643
	5.986181	49.45701
	5.986292	49.45731
	5.986574	49.45812
	5.986734	49.4587
	5.987261	49.45937
	5.987783	49.46028
	5.988069	49.46129
	5.987692	49.46234
	5.987318	49.46264
	5.986013	49.46288
	5.984835	49.46304
	5.98361	49.46329
	5.98258	49.46352
	5.981989	49.46278
	5.981859	49.46249
	5.981562	49.46182
	5.98144	49.46122
	5.980818	49.46117
	5.980421	49.46114
	5.980368	49.46113
	5.980146	49.46108
	5.979574	49.46094
	5.979418	49.46091
	5.979311	49.46091
	5.97872	49.46118
	5.978396	49.46164
	5.978281	49.4618
	5.978159	49.46196
	5.978052	49.4621
	5.977964	49.46219
	5.977846	49.46232
	5.977774	49.46236
	5.977644	49.46244
	5.97748	49.46253
	5.977297	49.46263
	5.977087	49.46267
	5.976862	49.46271
	5.976698	49.46273
	5.976522	49.46275
	5.976366	49.46276
	5.975779	49.46279
	5.975725	49.46304
	5.975759	49.46343
	5.975565	49.46372
	5.975489	49.4638
	5.975405	49.46389
	5.975134	49.46419
	5.974699	49.4645
	5.974527	49.4647
	5.974436	49.46481
	5.974344	49.46493
	5.974283	49.46502
	5.974005	49.46549
	5.973967	49.4666
	5.973959	49.46679
	5.97394	49.46691
	5.973738	49.468
	5.973627	49.46859
	5.972868	49.46914
	5.972246	49.46935
	5.971941	49.46957
	5.971964	49.46976
	5.971983	49.46983
	5.972002	49.46988
	5.972017	49.46992
	5.972052	49.46998
	5.972082	49.47003
	5.9722	49.47017
	5.972345	49.47031
	5.972521	49.4705
	5.972685	49.47067
	5.972715	49.47071
	5.972753	49.47078
	5.972776	49.47084
	5.972788	49.47091
	5.972796	49.47102
	5.972799	49.4711
	5.972788	49.47119
	5.972761	49.4713
	5.972738	49.47137
	5.972689	49.47148
	5.972486	49.47182
	5.972349	49.47206
	5.972281	49.47221
	5.972254	49.47228
	5.97223	49.47237
	5.972223	49.47239
	5.972216	49.47246
	5.972216	49.47251
	5.972235	49.47262
	5.972246	49.47267
	5.972269	49.47274
	5.972319	49.47287
	5.972425	49.47314
	5.972444	49.47321
	5.972464	49.47331
	5.972471	49.47343
	5.972471	49.47367
	5.972464	49.47377
	5.972441	49.47393
	5.972418	49.47406
	5.972391	49.47416
	5.972311	49.47438
	5.971594	49.47464
	5.971216	49.47451
	5.970678	49.4748
	5.969835	49.47524
	5.969648	49.47551
	5.969957	49.47548
	5.970038	49.47548
	5.970133	49.47548
	5.970209	49.47548
	5.970327	49.47548
	5.970518	49.47549
	5.971006	49.47551
	5.971319	49.47553
	5.971376	49.47553
	5.97159	49.47553
	5.971689	49.47553
	5.972414	49.47553
	5.97241	49.47554
	5.972403	49.47555
	5.97291	49.47595
	5.972967	49.47599
	5.973021	49.47602
	5.9732	49.47611
	5.973459	49.47626
	5.973631	49.47637
	5.973795	49.47649
	5.97397	49.47663
	5.9741	49.47675
	5.974287	49.47695
	5.974581	49.4773
	5.974718	49.47748
	5.97484	49.47768
	5.974939	49.47789
	5.974985	49.47799
	5.975012	49.47808
	5.975058	49.47823
	5.975084	49.47842
	5.975107	49.47863
	5.975096	49.47884
	5.975058	49.47897
	5.974993	49.47911
	5.97489	49.47926
	5.974802	49.47942
	5.974756	49.47953
	5.974729	49.4796
	5.974714	49.4797
	5.974699	49.47983
	5.974703	49.47994
	5.974718	49.48007
	5.974737	49.48017
	5.974764	49.48027
	5.974791	49.48034
	5.974813	49.48038
	5.974852	49.48043
	5.975073	49.48064
	5.97513	49.48103
	5.975153	49.48129
	5.975161	49.48146
	5.975138	49.48156
	5.975088	49.48168
	5.975004	49.48185
	5.97492	49.48203
	5.974447	49.48226
	5.973284	49.48283
	5.973104	49.48346
	5.972811	49.48341
	5.972448	49.48333
	5.972166	49.48327
	5.971926	49.4832
	5.971746	49.48315
	5.971579	49.48309
	5.971205	49.48336
	5.971037	49.48349
	5.970945	49.48358
	5.970675	49.48387
	5.97051	49.48406
	5.970201	49.48441
	5.969896	49.48476
	5.969583	49.48507
	5.969145	49.4855
	5.968871	49.48576
	5.968821	49.48581
	5.968744	49.48591
	5.968676	49.486
	5.96829	49.48634
	5.968191	49.48644
	5.968168	49.48645
	5.968542	49.48663
	5.968672	49.48668
	5.968756	49.48672
	5.968882	49.48683
	5.968962	49.48689
	5.969068	49.48694
	5.969122	49.48698
	5.969156	49.48703
	5.969179	49.48708
	5.96921	49.4871
	5.969248	49.48712
	5.969305	49.48713
	5.969378	49.48716
	5.969461	49.48722
	5.969614	49.48733
	5.96966	49.48739
	5.969702	49.48743
	5.969736	49.48745
	5.969786	49.48747
	5.969847	49.48748
	5.969923	49.48751
	5.969984	49.48754
	5.970079	49.4876
	5.970144	49.48765
	5.970182	49.4877
	5.970201	49.48776
	5.970217	49.48783
	5.97024	49.48796
	5.970251	49.48799
	5.97027	49.488
	5.970308	49.48801
	5.970488	49.48801
	5.970549	49.48801
	5.970606	49.48803
	5.970636	49.48805
	5.970655	49.48808
	5.970686	49.48814
	5.970728	49.48821
	5.9708	49.4883
	5.9709	49.4884
	5.970953	49.48841
	5.971521	49.48854
	5.971922	49.48864
	5.973104	49.48892
	5.973726	49.48909
	5.973799	49.48911
	5.973646	49.48935
	5.97333	49.48985
	5.97299	49.49053
	5.972546	49.49098
	5.972113	49.49141
	5.970831	49.49139
	5.969629	49.49122
	5.969091	49.4915
	5.967939	49.49178
	5.967947	49.49152
	5.966131	49.49134
	5.966021	49.49215
	5.965494	49.49204
	5.965315	49.49231
	5.965235	49.49276
	5.964598	49.493
	5.963404	49.4929
	5.960894	49.49306
	5.959017	49.49337
	5.958464	49.4932
	5.956968	49.49356
	5.955652	49.49321
	5.955431	49.49316
	5.955202	49.49309
	5.95511	49.49322
	5.954855	49.4936
	5.954496	49.49414
	5.954485	49.49416
	5.954069	49.4941
	5.953787	49.49405
	5.953688	49.49405
	5.952661	49.49411
	5.952074	49.49414
	5.952055	49.49416
	5.951197	49.49516
	5.95114	49.4952
	5.95109	49.49523
	5.951036	49.49526
	5.950979	49.49529
	5.950914	49.49531
	5.950563	49.49542
	5.948912	49.49586
	5.948946	49.49594
	5.948988	49.49604
	5.949011	49.49611
	5.949087	49.49629
	5.949118	49.49636
	5.949148	49.49644
	5.949167	49.49649
	5.949111	49.4965
	5.947548	49.49678
	5.946287	49.497
	5.946208	49.4976
	5.945184	49.49764
	5.943629	49.49744
	5.943418	49.4974
	5.943499	49.4971
	5.94362	49.4968
	5.943782	49.49651
	5.943982	49.49623
	5.944274	49.49584
	5.944515	49.49558
	5.943822	49.49518
	5.943463	49.49548
	5.943031	49.49592
	5.942667	49.49649
	5.942521	49.49682
	5.942449	49.49708
	5.942367	49.49746
	5.942317	49.49752
	5.942153	49.49766
	5.942036	49.49782
	5.941968	49.498
	5.941954	49.49817
	5.941993	49.49835
	5.942072	49.4984
	5.942082	49.49852
	5.942213	49.49866
	5.942405	49.49898
	5.942737	49.49917
	5.942642	49.49938
	5.943154	49.50023
	5.942464	49.5004
	5.941449	49.50064
	5.940118	49.50096
	5.936119	49.50086
	5.935975	49.50086
	5.935911	49.50082
	5.93545	49.50057
	5.935114	49.50037
	5.934926	49.50023
	5.934141	49.50062
	5.93241	49.49957
	5.932197	49.49975
	5.932121	49.49991
	5.931999	49.49982
	5.931795	49.49999
	5.931627	49.5001
	5.931112	49.50037
	5.930557	49.50064
	5.927595	49.49842
	5.927538	49.49838
	5.927481	49.4984
	5.92565	49.49897
	5.925568	49.49891
	5.924464	49.4992
	5.924196	49.49926
	5.924046	49.49931
	5.923902	49.49937
	5.92386	49.49939
	5.923644	49.4995
	5.923449	49.49962
	5.923288	49.49976
	5.923151	49.4999
	5.922879	49.5002
	5.922648	49.50036
	5.922361	49.50053
	5.921945	49.50073
	5.920643	49.50097
	5.920565	49.50098
	5.920515	49.5009
	5.920446	49.50077
	5.92037	49.50062
	5.920295	49.50047
	5.920141	49.50034
	5.920015	49.50021
	5.919955	49.50024
	5.919916	49.50025
	5.919855	49.50027
	5.919832	49.50027
	5.919794	49.50028
	5.919714	49.5003
	5.919634	49.50031
	5.919588	49.50032
	5.919516	49.50034
	5.919401	49.50036
	5.919168	49.5004
	5.919043	49.50042
	5.918936	49.50044
	5.918833	49.50046
	5.918745	49.50048
	5.918558	49.50051
	5.918421	49.50054
	5.918356	49.50055
	5.91828	49.50057
	5.918165	49.50059
	5.918051	49.50062
	5.917971	49.50064
	5.917894	49.50066
	5.917868	49.50066
	5.917791	49.50068
	5.917688	49.50071
	5.917593	49.50074
	5.917494	49.50077
	5.917475	49.50078
	5.917379	49.50081
	5.917265	49.50085
	5.917246	49.50086
	5.917173	49.50089
	5.917082	49.50092
	5.916994	49.50096
	5.916929	49.50098
	5.916906	49.501
	5.916735	49.50106
	5.916666	49.50109
	5.916506	49.50116
	5.916422	49.50119
	5.916128	49.50131
	5.91601	49.50135
	5.915972	49.50136
	5.91596	49.50137
	5.915865	49.5014
	5.915758	49.50144
	5.915712	49.50144
	5.915552	49.50147
	5.915472	49.50148
	5.915453	49.50148
	5.915388	49.50149
	5.9153	49.5015
	5.915216	49.50151
	5.915136	49.50153
	5.914816	49.50159
	5.914717	49.50161
	5.91469	49.50162
	5.914621	49.50163
	5.914545	49.50165
	5.914465	49.50166
	5.914423	49.50167
	5.914373	49.50169
	5.914282	49.50171
	5.914194	49.50173
	5.914019	49.50177
	5.913946	49.50179
	5.913923	49.5018
	5.913824	49.50182
	5.913774	49.50183
	5.913725	49.50185
	5.91361	49.50187
	5.913561	49.50189
	5.9135	49.5019
	5.913458	49.50191
	5.913408	49.50193
	5.913317	49.50194
	5.913275	49.50196
	5.913229	49.50196
	5.913176	49.50197
	5.913122	49.50198
	5.913099	49.50198
	5.913073	49.50198
	5.912958	49.50199
	5.912943	49.50199
	5.912886	49.502
	5.912809	49.502
	5.912729	49.502
	5.912272	49.502
	5.912184	49.502
	5.912161	49.50199
	5.91205	49.50199
	5.911974	49.50198
	5.911917	49.50198
	5.911894	49.50198
	5.911596	49.50195
	5.91152	49.50194
	5.911146	49.50191
	5.911097	49.50191
	5.910971	49.5019
	5.910795	49.50189
	5.910658	49.50188
	5.910555	49.50188
	5.910517	49.50187
	5.910353	49.50186
	5.910185	49.50185
	5.910067	49.50184
	5.909948	49.50183
	5.909906	49.50182
	5.909841	49.50182
	5.909731	49.50181
	5.909586	49.50179
	5.909437	49.50178
	5.909246	49.50176
	5.90922	49.50176
	5.909197	49.50175
	5.909143	49.50174
	5.909109	49.50174
	5.909098	49.50174
	5.909052	49.50173
	5.90901	49.50172
	5.908983	49.50171
	5.908968	49.50171
	5.908949	49.5017
	5.908922	49.5017
	5.908876	49.50169
	5.908838	49.50167
	5.908812	49.50166
	5.9088	49.50166
	5.908716	49.50163
	5.908659	49.50161
	5.908598	49.50159
	5.908571	49.5016
	5.908544	49.50161
	5.908533	49.50161
	5.908495	49.50162
	5.908419	49.50165
	5.908392	49.50166
	5.908335	49.50168
	5.908289	49.50171
	5.908262	49.50171
	5.908239	49.50172
	5.908171	49.50176
	5.908106	49.50179
	5.908064	49.50182
	5.908049	49.50182
	5.907984	49.50187
	5.907949	49.50189
	5.9079	49.50193
	5.907858	49.50196
	5.907839	49.50198
	5.907789	49.50202
	5.907755	49.50205
	5.907724	49.50208
	5.907698	49.50211
	5.90769	49.50212
	5.907675	49.50213
	5.907598	49.50205
	5.907572	49.50202
	5.907526	49.50196
	5.907507	49.50194
	5.90748	49.5019
	5.907434	49.50181
	5.907423	49.50178
	5.907415	49.50177
	5.907396	49.50172
	5.907389	49.50169
	5.907385	49.50167
	5.907385	49.50166
	5.907373	49.50162
	5.907373	49.50151
	5.907385	49.50147
	5.907389	49.50144
	5.907396	49.50142
	5.9074	49.5014
	5.907408	49.50137
	5.907419	49.50131
	5.907427	49.50125
	5.907434	49.5012
	5.907434	49.50118
	5.90745	49.50103
	5.90745	49.50097
	5.907453	49.50092
	5.907453	49.50082
	5.90745	49.50079
	5.90745	49.50074
	5.907446	49.50073
	5.907442	49.50069
	5.907434	49.50065
	5.907415	49.50056
	5.907415	49.50055
	5.907373	49.50039
	5.907366	49.50035
	5.907278	49.5001
	5.90727	49.50009
	5.907011	49.49997
	5.906977	49.49995
	5.906927	49.49993
	5.905848	49.49947
	5.905085	49.49915
	5.904512	49.49891
	5.904116	49.49874
	5.904036	49.49867
	5.903898	49.49852
	5.903818	49.49844
	5.903627	49.49826
	5.903543	49.4982
	5.903475	49.49815
	5.90341	49.49812
	5.903326	49.4981
	5.903257	49.49809
	5.903166	49.49808
	5.902937	49.49807
	5.90262	49.49807
	5.902506	49.49806
	5.902426	49.49805
	5.902349	49.49803
	5.902223	49.498
	5.902075	49.49795
	5.90193	49.49789
	5.901774	49.49783
	5.901697	49.49781
	5.901609	49.49779
	5.901514	49.49778
	5.901007	49.49771
	5.900774	49.49767
	5.900614	49.49764
	5.900476	49.4976
	5.900347	49.49756
	5.900137	49.49748
	5.899874	49.49738
	5.89979	49.49736
	5.899675	49.49733
	5.8995	49.49729
	5.899092	49.49718
	5.898714	49.49709
	5.898497	49.49703
	5.897989	49.49687
	5.897787	49.49682
	5.897524	49.49676
	5.897196	49.4967
	5.896288	49.49656
	5.896143	49.49655
	5.896006	49.49654
	5.895739	49.49653
	5.895536	49.49653
	5.895086	49.49656
	5.894823	49.49657
	5.894644	49.4966
	5.893984	49.49671
	5.893771	49.49676
	5.893477	49.49681
	5.893454	49.49681
	5.893347	49.49683
	5.893152	49.49683
	5.892965	49.49683
	5.891901	49.49678
	5.891157	49.49676
	5.89105	49.49675
	5.891005	49.49675
	5.890899	49.49674
	5.890638	49.49671
	5.890435	49.49669
	5.89031	49.49668
	5.890223	49.49668
	5.890161	49.49668
	5.890051	49.49668
	5.889849	49.4967
	5.889727	49.49671
	5.889612	49.49672
	5.8895	49.49673
	5.889357	49.49675
	5.889287	49.49678
	5.889208	49.4968
	5.889116	49.49683
	5.888979	49.49688
	5.888765	49.49698
	5.888719	49.497
	5.888632	49.49705
	5.888517	49.49712
	5.888501	49.49713
	5.888418	49.49719
	5.888296	49.49728
	5.888136	49.49741
	5.887613	49.4979
	5.887434	49.49804
	5.887339	49.49811
	5.887266	49.49815
	5.887144	49.49821
	5.88698	49.49827
	5.88689	49.4983
	5.886671	49.49837
	5.886438	49.49844
	5.886263	49.49849
	5.885763	49.49863
	5.885077	49.49883
	5.884359	49.49876
	5.884241	49.4988
	5.883021	49.49898
	5.882811	49.49902
	5.88183	49.49917
	5.8813	49.49908
	5.880949	49.49903
	5.880304	49.49894
	5.879759	49.49887
	5.878942	49.49877
	5.878843	49.49894
	5.87871	49.49895
	5.878672	49.49894
	5.878629	49.49893
	5.878614	49.49893
	5.878386	49.49887
	5.878372	49.49886
	5.878252	49.49882
	5.878038	49.49875
	5.877856	49.49869
	5.87768	49.49862
	5.87756	49.49858
	5.877451	49.49854
	5.877401	49.49853
	5.877367	49.49852
	5.87735	49.49851
	5.87731	49.4985
	5.877249	49.49849
	5.877075	49.49846
	5.877005	49.49844
	5.876902	49.49843
	5.876261	49.49837
	5.876177	49.49836
	5.875631	49.49826
	5.875532	49.49839
	5.875051	49.49839
	5.874908	49.49839
	5.874838	49.49839
	5.874732	49.4984
	5.874632	49.4984
	5.874357	49.49843
	5.874159	49.49845
	5.873873	49.49845
	5.873774	49.49845
	5.873655	49.49846
	5.873579	49.49847
	5.873503	49.49848
	5.873438	49.4985
	5.873385	49.49851
	5.873316	49.49852
	5.873262	49.49854
	5.873064	49.49863
	5.872984	49.49868
	5.872975	49.49868
	5.872877	49.49874
	5.872698	49.49888
	5.87261	49.49895
	5.872553	49.499
	5.872537	49.49902
	5.872503	49.49905
	5.87249	49.49907
	5.872465	49.49911
	5.872415	49.49921
	5.872391	49.4993
	5.872385	49.49932
	5.872374	49.49939
	5.872375	49.49941
	5.872377	49.49944
	5.872386	49.49946
	5.872396	49.49948
	5.872419	49.49954
	5.872441	49.49957
	5.872477	49.49963
	5.872249	49.49989
	5.872211	49.49993
	5.87213	49.50003
	5.872105	49.50006
	5.872092	49.50007
	5.872069	49.5001
	5.871924	49.50027
	5.871313	49.49999
	5.871117	49.4999
	5.870691	49.49971
	5.869997	49.49939
	5.86998	49.49939
	5.869806	49.49932
	5.869791	49.49931
	5.869753	49.4993
	5.869688	49.49928
	5.86966	49.49928
	5.869535	49.49929
	5.869333	49.49932
	5.869322	49.49933
	5.869202	49.49936
	5.868769	49.49948
	5.867925	49.49972
	5.867804	49.49975
	5.867723	49.49977
	5.867159	49.49994
	5.867086	49.49996
	5.867032	49.49997
	5.867018	49.49997
	5.867001	49.49997
	5.866953	49.49997
	5.866613	49.49997
	5.866533	49.49996
	5.866487	49.49995
	5.866471	49.49995
	5.866262	49.49991
	5.866251	49.49992
	5.865492	49.50034
	5.864958	49.50067
	5.864386	49.50098
	5.864229	49.50088
	5.864182	49.5009
	5.864111	49.50094
	5.864008	49.501
	5.863905	49.50106
	5.863865	49.50108
	5.863798	49.50112
	5.863742	49.50116
	5.863657	49.50121
	5.863501	49.50131
	5.863317	49.50142
	5.863289	49.50143
	5.863257	49.50145
	5.863237	49.50145
	5.863192	49.50147
	5.863134	49.50148
	5.863089	49.5015
	5.863059	49.50152
	5.863039	49.50153
	5.862997	49.50156
	5.862955	49.50159
	5.862898	49.50164
	5.862795	49.50171
	5.862692	49.50177
	5.862691	49.50177
	5.862642	49.5018
	5.862577	49.50182
	5.862497	49.50185
	5.862459	49.50187
	5.862421	49.50191
	5.86242	49.50191
	5.862349	49.50198
	5.862326	49.502
	5.862265	49.50203
	5.862234	49.50205
	5.862228	49.50207
	5.862227	49.50207
	5.862227	49.50208
	5.862234	49.50209
	5.862242	49.5021
	5.862252	49.50211
	5.862303	49.50215
	5.862304	49.50216
	5.862306	49.50217
	5.86231	49.50219
	5.862309	49.5022
	5.862303	49.50221
	5.862287	49.50223
	5.862268	49.50224
	5.862234	49.50225
	5.862214	49.50225
	5.862192	49.50225
	5.862177	49.50226
	5.862165	49.50227
	5.862154	49.50229
	5.862153	49.5023
	5.86215	49.50231
	5.86215	49.50233
	5.862169	49.50242
	5.862173	49.50245
	5.862165	49.50248
	5.862163	49.50249
	5.86215	49.50251
	5.862142	49.50252
	5.862127	49.50254
	5.862104	49.50256
	5.862093	49.50258
	5.862093	49.5026
	5.862096	49.50261
	5.862101	49.50264
	5.862109	49.50267
	5.862116	49.50269
	5.86212	49.50271
	5.862119	49.50272
	5.862112	49.50274
	5.862101	49.50275
	5.862089	49.50277
	5.86207	49.50279
	5.862059	49.50281
	5.862051	49.50282
	5.86204	49.50284
	5.862041	49.50285
	5.862043	49.50286
	5.862057	49.5029
	5.862063	49.50292
	5.862075	49.50294
	5.862093	49.50298
	5.862095	49.503
	5.862097	49.50302
	5.862094	49.50304
	5.862093	49.50305
	5.862082	49.50309
	5.862076	49.5031
	5.862063	49.50312
	5.862032	49.50316
	5.862005	49.50319
	5.861975	49.50322
	5.861943	49.50323
	5.861929	49.50324
	5.861902	49.50325
	5.861879	49.50326
	5.861826	49.50327
	5.861708	49.50328
	5.861688	49.50328
	5.861647	49.50327
	5.86157	49.50326
	5.86154	49.50326
	5.861531	49.50327
	5.861509	49.50327
	5.861452	49.50328
	5.861446	49.50329
	5.861418	49.5033
	5.861353	49.5033
	5.861319	49.50332
	5.861298	49.50332
	5.86128	49.50333
	5.86126	49.50334
	5.861246	49.50335
	5.861185	49.5034
	5.861158	49.50342
	5.861145	49.50343
	5.861132	49.50344
	5.861128	49.50345
	5.86112	49.50347
	5.86112	49.50349
	5.861126	49.50351
	5.861132	49.50353
	5.861137	49.50354
	5.861139	49.50355
	5.861139	49.50357
	5.861124	49.50358
	5.861109	49.50359
	5.861093	49.5036
	5.861067	49.5036
	5.860903	49.50359
	5.86088	49.5036
	5.860853	49.50361
	5.860834	49.50361
	5.860788	49.50364
	5.860766	49.50365
	5.860747	49.50365
	5.860731	49.50365
	5.860639	49.50365
	5.860609	49.50366
	5.860598	49.50366
	5.860563	49.50367
	5.860523	49.50369
	5.860521	49.5037
	5.860388	49.50383
	5.860292	49.50391
	5.860197	49.50399
	5.860178	49.504
	5.860151	49.50401
	5.860138	49.50401
	5.860125	49.50402
	5.86009	49.50402
	5.860071	49.50403
	5.860064	49.50404
	5.859999	49.50408
	5.859961	49.50411
	5.85996	49.50411
	5.859957	49.50412
	5.859957	49.50415
	5.859961	49.50417
	5.859964	49.50418
	5.859961	49.5042
	5.859953	49.50422
	5.859938	49.50423
	5.859919	49.50423
	5.8599	49.50423
	5.859877	49.50423
	5.859839	49.50422
	5.859796	49.50421
	5.859777	49.5042
	5.859758	49.5042
	5.859747	49.50421
	5.859736	49.50422
	5.859724	49.50422
	5.859709	49.50423
	5.859689	49.50428
	5.859659	49.50435
	5.859658	49.50436
	5.859655	49.50438
	5.859657	49.5044
	5.859659	49.50442
	5.859662	49.50444
	5.859663	49.50445
	5.859659	49.50447
	5.859644	49.50449
	5.859622	49.5045
	5.859621	49.5045
	5.859619	49.5045
	5.859568	49.50452
	5.859561	49.50453
	5.859484	49.50456
	5.859449	49.50458
	5.859442	49.50459
	5.85943	49.5046
	5.859426	49.50461
	5.859423	49.50462
	5.859423	49.50465
	5.859453	49.50483
	5.859449	49.50487
	5.859445	49.50489
	5.859442	49.5049
	5.859432	49.50492
	5.859415	49.50496
	5.859396	49.505
	5.859369	49.50503
	5.85935	49.50505
	5.859324	49.50506
	5.859281	49.50508
	5.85927	49.50509
	5.859251	49.50509
	5.859205	49.50511
	5.859175	49.50513
	5.85916	49.50514
	5.859152	49.50515
	5.859137	49.50517
	5.859121	49.50519
	5.859117	49.50522
	5.859123	49.50524
	5.859125	49.50525
	5.85914	49.50528
	5.859182	49.50534
	5.859194	49.50537
	5.859194	49.50539
	5.859192	49.5054
	5.85919	49.50541
	5.859178	49.50542
	5.859173	49.50543
	5.859163	49.50544
	5.85916	49.50544
	5.85914	49.50545
	5.859127	49.50545
	5.85911	49.50545
	5.859064	49.50545
	5.859027	49.50545
	5.859003	49.50545
	5.858994	49.50545
	5.858973	49.50545
	5.858957	49.50546
	5.858946	49.50547
	5.858942	49.50554
	5.858934	49.50556
	5.858921	49.50558
	5.858915	49.50559
	5.858897	49.5056
	5.85887	49.50562
	5.858854	49.50565
	5.858851	49.50566
	5.858847	49.50567
	5.858847	49.5057
	5.858858	49.50573
	5.858897	49.50579
	5.858904	49.50579
	5.858911	49.50581
	5.858919	49.50583
	5.858923	49.50586
	5.858919	49.50588
	5.858919	49.50589
	5.8589	49.5059
	5.858885	49.50592
	5.858881	49.50592
	5.858862	49.50593
	5.85882	49.50594
	5.858736	49.50594
	5.858633	49.50596
	5.858568	49.50596
	5.858547	49.50596
	5.858522	49.50597
	5.858461	49.50599
	5.858381	49.50601
	5.858259	49.50607
	5.858217	49.50608
	5.858183	49.50609
	5.858068	49.50609
	5.858007	49.50609
	5.857939	49.50608
	5.857904	49.50608
	5.85787	49.50609
	5.857847	49.5061
	5.857831	49.50611
	5.857828	49.50611
	5.857717	49.50621
	5.857702	49.50622
	5.857664	49.50624
	5.857588	49.50628
	5.857523	49.5063
	5.857512	49.5063
	5.85739	49.50634
	5.857344	49.50634
	5.857317	49.50634
	5.857302	49.50634
	5.857291	49.50632
	5.857283	49.50631
	5.85727	49.50627
	5.857264	49.50625
	5.857248	49.50624
	5.857238	49.50623
	5.857233	49.50623
	5.85721	49.50622
	5.857161	49.50623
	5.857119	49.50625
	5.857058	49.50629
	5.856993	49.50635
	5.856947	49.50638
	5.856916	49.50639
	5.856897	49.50639
	5.856886	49.5064
	5.856884	49.5064
	5.856867	49.50639
	5.856848	49.50639
	5.856808	49.50637
	5.856775	49.50635
	5.856714	49.50632
	5.856698	49.50632
	5.856661	49.50631
	5.856626	49.5063
	5.856611	49.5063
	5.856569	49.5063
	5.856546	49.50629
	5.856501	49.50629
	5.85644	49.5063
	5.856407	49.50631
	5.856375	49.50631
	5.856364	49.50632
	5.856337	49.50633
	5.856321	49.50635
	5.856314	49.50637
	5.856306	49.50639
	5.85631	49.50642
	5.856314	49.50644
	5.856316	49.50645
	5.856321	49.50648
	5.856321	49.50651
	5.856314	49.50653
	5.856291	49.50655
	5.856272	49.50655
	5.856245	49.50656
	5.85623	49.50656
	5.856215	49.50657
	5.856211	49.50656
	5.856184	49.50656
	5.856157	49.50655
	5.856144	49.50654
	5.856142	49.50654
	5.856115	49.50652
	5.856092	49.50651
	5.856066	49.5065
	5.856055	49.50649
	5.85602	49.50648
	5.855989	49.50647
	5.855973	49.50646
	5.855967	49.50646
	5.855959	49.50645
	5.855932	49.50644
	5.855913	49.50643
	5.855883	49.50643
	5.855864	49.50644
	5.855852	49.50645
	5.855837	49.50647
	5.855789	49.50654
	5.855761	49.50659
	5.855746	49.5066
	5.855741	49.50661
	5.855703	49.50662
	5.855665	49.50662
	5.855638	49.5066
	5.855551	49.50656
	5.855516	49.50655
	5.855497	49.50655
	5.85549	49.50655
	5.855455	49.50655
	5.855441	49.50655
	5.855425	49.50655
	5.8554	49.50656
	5.855391	49.50656
	5.855371	49.50657
	5.855352	49.50657
	5.85533	49.50659
	5.855329	49.50659
	5.855314	49.5066
	5.855303	49.50663
	5.855291	49.50666
	5.855285	49.50668
	5.855276	49.5067
	5.855238	49.50673
	5.855215	49.50674
	5.855181	49.50675
	5.855146	49.50675
	5.855124	49.50676
	5.855108	49.50675
	5.855089	49.50674
	5.855074	49.50672
	5.85507	49.50671
	5.855069	49.50669
	5.855062	49.50662
	5.855043	49.5066
	5.855024	49.5066
	5.854971	49.5066
	5.85494	49.50661
	5.854883	49.50664
	5.854822	49.50669
	5.854792	49.50671
	5.854769	49.50675
	5.854734	49.50682
	5.854711	49.50686
	5.854681	49.50688
	5.854662	49.50689
	5.854635	49.5069
	5.854613	49.5069
	5.854597	49.5069
	5.854567	49.5069
	5.854555	49.5069
	5.85454	49.5069
	5.854502	49.50689
	5.854418	49.50686
	5.854364	49.50685
	5.854336	49.50685
	5.854319	49.50684
	5.854292	49.50684
	5.854288	49.50684
	5.854261	49.50685
	5.854246	49.50686
	5.854231	49.50686
	5.854223	49.50687
	5.8542	49.50689
	5.854196	49.5069
	5.854181	49.50692
	5.854157	49.50696
	5.854151	49.50697
	5.854144	49.50698
	5.854128	49.50699
	5.854101	49.50699
	5.854084	49.50698
	5.854078	49.50698
	5.853972	49.50695
	5.853945	49.50695
	5.853922	49.50695
	5.853907	49.50697
	5.853891	49.50698
	5.853833	49.50705
	5.853781	49.50711
	5.853731	49.50715
	5.853705	49.50717
	5.853682	49.50718
	5.853674	49.50718
	5.853647	49.50718
	5.853613	49.50718
	5.853532	49.50718
	5.853487	49.50718
	5.853369	49.50718
	5.853357	49.50717
	5.853352	49.50717
	5.853338	49.50717
	5.853327	49.50716
	5.853311	49.50714
	5.853277	49.50708
	5.85327	49.50707
	5.853268	49.50707
	5.853254	49.50706
	5.853239	49.50706
	5.853224	49.50705
	5.853197	49.50706
	5.853176	49.50709
	5.853159	49.5071
	5.853155	49.50711
	5.85314	49.50711
	5.853117	49.50712
	5.852949	49.50716
	5.852915	49.50717
	5.852892	49.50719
	5.852865	49.50721
	5.852774	49.50728
	5.852675	49.50735
	5.852571	49.50742
	5.852453	49.50749
	5.852343	49.50755
	5.85228	49.50758
	5.852255	49.50759
	5.852242	49.50759
	5.852194	49.50761
	5.852113	49.50764
	5.852075	49.50765
	5.85206	49.50765
	5.85203	49.50766
	5.851999	49.50768
	5.851977	49.50769
	5.851973	49.50769
	5.851958	49.5077
	5.851946	49.50771
	5.851911	49.50773
	5.851854	49.50778
	5.851721	49.50787
	5.851648	49.50791
	5.851408	49.50808
	5.851398	49.50808
	5.85137	49.5081
	5.851361	49.5081
	5.851343	49.50811
	5.851301	49.50812
	5.851217	49.50812
	5.851186	49.50812
	5.851156	49.50811
	5.851143	49.50811
	5.851114	49.50811
	5.851065	49.50809
	5.851038	49.50808
	5.851004	49.50807
	5.85095	49.50806
	5.850947	49.50806
	5.850935	49.50806
	5.850912	49.50807
	5.850874	49.50808
	5.850802	49.50811
	5.850634	49.50818
	5.85058	49.50821
	5.850538	49.50824
	5.850507	49.50827
	5.850481	49.50829
	5.850412	49.50835
	5.850306	49.50845
	5.850172	49.50855
	5.850122	49.50859
	5.850004	49.50867
	5.849928	49.50874
	5.84981	49.50886
	5.849777	49.5089
	5.849768	49.50891
	5.849749	49.50894
	5.849733	49.50897
	5.84973	49.509
	5.849726	49.50904
	5.849726	49.50912
	5.84973	49.50914
	5.849733	49.50916
	5.849747	49.50922
	5.849752	49.50924
	5.849669	49.50939
	5.849554	49.5096
	5.849439	49.50983
	5.849405	49.5099
	5.849387	49.50994
	5.84936	49.50999
	5.849347	49.51001
	5.849318	49.51005
	5.849199	49.51019
	5.849123	49.51026
	5.849039	49.51033
	5.848917	49.51041
	5.848915	49.51042
	5.848913	49.51043
	5.848913	49.51044
	5.848921	49.51046
	5.848959	49.51054
	5.84897	49.51056
	5.84897	49.5106
	5.848969	49.51061
	5.848967	49.51062
	5.848944	49.51069
	5.848939	49.51072
	5.848936	49.51074
	5.848936	49.51078
	5.848948	49.51084
	5.849009	49.51099
	5.849013	49.511
	5.849028	49.51105
	5.849039	49.51109
	5.849042	49.51111
	5.849043	49.51112
	5.849043	49.51116
	5.849042	49.51117
	5.849039	49.5112
	5.849035	49.51122
	5.849031	49.51123
	5.849028	49.51124
	5.849024	49.51126
	5.849005	49.51129
	5.848985	49.51133
	5.848982	49.51133
	5.848974	49.51136
	5.848967	49.51138
	5.848967	49.5114
	5.84897	49.51142
	5.848974	49.51144
	5.848993	49.51149
	5.848997	49.51152
	5.848993	49.51155
	5.848993	49.51158
	5.848997	49.51162
	5.849009	49.51165
	5.849042	49.51173
	5.849047	49.51174
	5.849054	49.51176
	5.849058	49.51179
	5.849058	49.51183
	5.849047	49.51193
	5.849028	49.51208
	5.84903	49.51211
	5.849031	49.51213
	5.849035	49.51215
	5.849039	49.51217
	5.849051	49.5122
	5.849058	49.51221
	5.849067	49.51223
	5.849085	49.51228
	5.84909	49.51229
	5.849093	49.5123
	5.849093	49.51233
	5.849087	49.51235
	5.849077	49.51237
	5.849063	49.5124
	5.849054	49.51242
	5.849031	49.51247
	5.84903	49.51248
	5.849028	49.51249
	5.849028	49.51252
	5.84903	49.51253
	5.849031	49.51254
	5.849045	49.51256
	5.849047	49.51257
	5.84905	49.51257
	5.849058	49.51258
	5.849153	49.51267
	5.849157	49.51268
	5.849161	49.51269
	5.849164	49.5127
	5.849165	49.51271
	5.849165	49.51273
	5.849161	49.51275
	5.849153	49.51277
	5.849134	49.51281
	5.849063	49.51294
	5.849043	49.51297
	5.849031	49.51301
	5.849028	49.51303
	5.849024	49.51305
	5.849005	49.51316
	5.849	49.51318
	5.848993	49.5132
	5.848974	49.51324
	5.848936	49.51328
	5.848921	49.51331
	5.848913	49.51333
	5.848898	49.5134
	5.848896	49.51342
	5.848894	49.51344
	5.848886	49.51345
	5.848875	49.51347
	5.848852	49.5135
	5.848803	49.51356
	5.848795	49.51358
	5.848794	49.51359
	5.848791	49.5136
	5.848795	49.51361
	5.848795	49.51362
	5.848806	49.51363
	5.848841	49.51364
	5.848852	49.51365
	5.848852	49.51366
	5.84885	49.51367
	5.848848	49.51368
	5.84884	49.51369
	5.848837	49.5137
	5.848787	49.51375
	5.848764	49.51378
	5.848757	49.51379
	5.848756	49.5138
	5.848753	49.51381
	5.848757	49.51383
	5.848757	49.51384
	5.848776	49.51389
	5.84878	49.51391
	5.848776	49.51393
	5.848769	49.51394
	5.848761	49.51395
	5.848745	49.51397
	5.848661	49.51402
	5.848597	49.51406
	5.848566	49.51408
	5.848562	49.51408
	5.848539	49.51411
	5.848524	49.51413
	5.84852	49.51414
	5.84852	49.51425
	5.848518	49.51427
	5.848516	49.51428
	5.848515	49.51429
	5.848509	49.51432
	5.848494	49.51436
	5.848444	49.51448
	5.848437	49.51449
	5.848425	49.51451
	5.848379	49.51455
	5.84836	49.51456
	5.848349	49.51456
	5.848234	49.51459
	5.848202	49.5146
	5.84807	49.51464
	5.847998	49.51466
	5.847959	49.51467
	5.847911	49.51471
	5.847906	49.51471
	5.847902	49.51472
	5.847876	49.51474
	5.847853	49.51478
	5.847847	49.5148
	5.847845	49.51481
	5.847842	49.51482
	5.847837	49.51483
	5.847837	49.51486
	5.847853	49.5149
	5.847853	49.51492
	5.847846	49.51493
	5.847845	49.51494
	5.847826	49.51495
	5.847796	49.51496
	5.847765	49.51497
	5.847753	49.51497
	5.847712	49.51498
	5.847589	49.51498
	5.847509	49.51499
	5.847444	49.515
	5.847384	49.51501
	5.847356	49.51502
	5.847341	49.51503
	5.847319	49.51504
	5.847288	49.51506
	5.847246	49.51509
	5.847216	49.5151
	5.847205	49.51511
	5.847197	49.51511
	5.847174	49.51511
	5.847147	49.51511
	5.847033	49.5151
	5.846964	49.5151
	5.846937	49.51511
	5.846907	49.51511
	5.846861	49.51513
	5.846829	49.51515
	5.846792	49.51516
	5.846775	49.51517
	5.846754	49.51517
	5.846712	49.51518
	5.846643	49.51519
	5.846594	49.51519
	5.846584	49.5152
	5.846559	49.51521
	5.846547	49.51521
	5.846533	49.51522
	5.846506	49.51524
	5.846497	49.51524
	5.846487	49.51526
	5.846479	49.51527
	5.846464	49.51528
	5.846422	49.51534
	5.846399	49.51536
	5.846369	49.51539
	5.84627	49.51543
	5.846159	49.51547
	5.845987	49.51552
	5.8458	49.51557
	5.84561	49.51562
	5.845434	49.51566
	5.845388	49.51567
	5.845327	49.51567
	5.845289	49.51566
	5.845262	49.51565
	5.845232	49.51563
	5.84511	49.51555
	5.845079	49.51553
	5.845053	49.51552
	5.844995	49.51552
	5.844976	49.51553
	5.844972	49.51553
	5.844961	49.51554
	5.844938	49.51556
	5.844912	49.51559
	5.844889	49.51561
	5.844816	49.51563
	5.844732	49.51565
	5.84469	49.51566
	5.844664	49.51567
	5.844619	49.51569
	5.844599	49.5157
	5.844542	49.51574
	5.844507	49.51575
	5.844446	49.51576
	5.844431	49.51576
	5.844091	49.5158
	5.844053	49.5158
	5.844015	49.51582
	5.843988	49.51583
	5.843966	49.51584
	5.843947	49.51586
	5.843931	49.51588
	5.843878	49.51598
	5.843863	49.51599
	5.843848	49.516
	5.843836	49.51601
	5.843817	49.51601
	5.843611	49.51604
	5.843573	49.51605
	5.84355	49.51606
	5.843531	49.51608
	5.843515	49.51609
	5.843514	49.51609
	5.843508	49.5161
	5.8435	49.51611
	5.8435	49.51613
	5.843506	49.51614
	5.843511	49.51615
	5.843531	49.51618
	5.843553	49.5162
	5.843588	49.51625
	5.843592	49.51627
	5.843592	49.51629
	5.84358	49.5163
	5.843576	49.51631
	5.843443	49.51635
	5.843401	49.51637
	5.843349	49.51639
	5.843336	49.5164
	5.843327	49.5164
	5.843294	49.51642
	5.843235	49.51645
	5.843199	49.51647
	5.843164	49.51649
	5.843129	49.5165
	5.843119	49.5165
	5.8431	49.5165
	5.84305	49.51649
	5.842947	49.51644
	5.84292	49.51643
	5.842897	49.51643
	5.842867	49.51643
	5.84284	49.51643
	5.842814	49.51644
	5.842791	49.51645
	5.842764	49.51647
	5.842691	49.51653
	5.842688	49.51653
	5.842653	49.51655
	5.842643	49.51656
	5.842627	49.51656
	5.842581	49.51658
	5.842573	49.51658
	5.842459	49.5166
	5.842417	49.51662
	5.842392	49.51663
	5.842386	49.51664
	5.842363	49.51666
	5.842343	49.51667
	5.842329	49.51669
	5.842314	49.5167
	5.842253	49.51677
	5.842236	49.51678
	5.842222	49.51679
	5.842165	49.51682
	5.842115	49.51683
	5.84209	49.51684
	5.842077	49.51684
	5.842006	49.51684
	5.841906	49.51685
	5.841803	49.51685
	5.841776	49.51684
	5.841719	49.51682
	5.841692	49.51682
	5.841591	49.51683
	5.841505	49.51684
	5.841468	49.51684
	5.841413	49.51685
	5.841368	49.51686
	5.84131	49.51687
	5.841265	49.51689
	5.84123	49.51691
	5.8412	49.51693
	5.841141	49.51699
	5.841127	49.51701
	5.841097	49.51703
	5.841043	49.51707
	5.840979	49.51712
	5.840803	49.51724
	5.84079	49.51725
	5.840773	49.51726
	5.840631	49.51732
	5.84054	49.51735
	5.840519	49.51736
	5.84049	49.51738
	5.840478	49.51739
	5.840467	49.5174
	5.840441	49.51742
	5.84041	49.51746
	5.840376	49.51751
	5.840355	49.51752
	5.840353	49.51752
	5.840345	49.51752
	5.84033	49.51753
	5.840311	49.51753
	5.840284	49.51752
	5.840231	49.51751
	5.840212	49.51751
	5.840193	49.51752
	5.840162	49.51752
	5.840132	49.51754
	5.84013	49.51755
	5.840109	49.51757
	5.840086	49.51759
	5.840067	49.51762
	5.840062	49.51764
	5.840059	49.51765
	5.840058	49.51766
	5.840056	49.51768
	5.840061	49.5177
	5.840063	49.51771
	5.84007	49.51773
	5.840082	49.51775
	5.840105	49.51781
	5.840108	49.51782
	5.840109	49.51783
	5.840101	49.51784
	5.840082	49.51785
	5.840054	49.51787
	5.840048	49.51787
	5.840036	49.51787
	5.839994	49.51788
	5.839899	49.51789
	5.839823	49.51789
	5.839806	49.51789
	5.839792	49.5179
	5.839769	49.5179
	5.839754	49.5179
	5.839743	49.51791
	5.839735	49.51792
	5.839735	49.51797
	5.839738	49.51799
	5.839739	49.51801
	5.839748	49.51804
	5.83975	49.51805
	5.839766	49.51807
	5.839838	49.51812
	5.83984	49.51813
	5.839849	49.51814
	5.839853	49.51815
	5.839857	49.51817
	5.839853	49.51822
	5.839849	49.51828
	5.839833	49.51835
	5.839819	49.51842
	5.839808	49.51845
	5.839796	49.51848
	5.839769	49.51851
	5.839742	49.51854
	5.839704	49.51857
	5.839674	49.51859
	5.839598	49.51864
	5.839525	49.51866
	5.839487	49.51867
	5.839479	49.51868
	5.839466	49.51868
	5.83938	49.5187
	5.839342	49.51872
	5.839325	49.51873
	5.839304	49.51875
	5.839208	49.51882
	5.839201	49.51882
	5.839176	49.51884
	5.839121	49.5189
	5.839075	49.51893
	5.839029	49.51895
	5.839009	49.51897
	5.838976	49.51899
	5.838949	49.519
	5.838942	49.51901
	5.83885	49.5191
	5.838736	49.51916
	5.838716	49.51917
	5.838678	49.5192
	5.838536	49.5193
	5.838518	49.51931
	5.83835	49.51941
	5.838221	49.51949
	5.838163	49.51952
	5.838137	49.51952
	5.838114	49.51952
	5.838098	49.51951
	5.838095	49.51951
	5.837988	49.51947
	5.837957	49.51946
	5.8379	49.51944
	5.837828	49.51942
	5.837775	49.51941
	5.837732	49.51941
	5.837691	49.51941
	5.837664	49.51941
	5.837615	49.51942
	5.837553	49.51942
	5.837501	49.51943
	5.837461	49.51944
	5.8374	49.51946
	5.837374	49.51947
	5.837308	49.5195
	5.837213	49.51954
	5.837095	49.51959
	5.837004	49.51961
	5.836957	49.51962
	5.836912	49.51963
	5.836864	49.51963
	5.836725	49.51964
	5.83658	49.51966
	5.836493	49.51968
	5.836382	49.51973
	5.836275	49.51979
	5.836145	49.51987
	5.836084	49.51993
	5.836058	49.51996
	5.83604	49.51999
	5.836031	49.52001
	5.836008	49.5201
	5.835993	49.52017
	5.835987	49.52018
	5.835966	49.52021
	5.835943	49.52025
	5.835936	49.52027
	5.835937	49.52028
	5.835939	49.5203
	5.835965	49.52032
	5.836004	49.52036
	5.836008	49.52037
	5.836012	49.52038
	5.836012	49.5204
	5.836	49.52043
	5.835951	49.52054
	5.835936	49.5206
	5.835936	49.52068
	5.835947	49.52077
	5.835946	49.52078
	5.835943	49.52081
	5.835936	49.52082
	5.835916	49.52083
	5.835878	49.52084
	5.835857	49.52085
	5.83584	49.52085
	5.835838	49.52086
	5.835833	49.52087
	5.835829	49.52091
	5.835833	49.52095
	5.835837	49.52097
	5.83584	49.521
	5.835852	49.52103
	5.835871	49.52105
	5.835873	49.52105
	5.835897	49.52107
	5.835966	49.52111
	5.835981	49.52111
	5.836	49.52113
	5.836008	49.52114
	5.836019	49.52116
	5.836046	49.52118
	5.836081	49.5212
	5.836108	49.52121
	5.836134	49.52123
	5.836157	49.52124
	5.83618	49.52126
	5.836181	49.52127
	5.836185	49.52128
	5.836191	49.52129
	5.836195	49.52132
	5.836187	49.52137
	5.836176	49.52141
	5.836157	49.52145
	5.836123	49.5215
	5.836084	49.52157
	5.83607	49.5216
	5.836065	49.52161
	5.836061	49.52164
	5.836058	49.52166
	5.836058	49.52175
	5.836054	49.52178
	5.836046	49.52181
	5.836027	49.52184
	5.836012	49.52185
	5.836004	49.52186
	5.835993	49.52187
	5.835978	49.52188
	5.835932	49.52191
	5.835852	49.52197
	5.83581	49.522
	5.835795	49.52202
	5.835787	49.52203
	5.835768	49.52206
	5.835764	49.52207
	5.835756	49.52209
	5.835745	49.52211
	5.835745	49.52215
	5.835749	49.5222
	5.83576	49.52229
	5.835764	49.52234
	5.835768	49.52238
	5.835775	49.52264
	5.835768	49.52268
	5.835752	49.52271
	5.835726	49.52273
	5.835685	49.52276
	5.835669	49.52277
	5.835475	49.52288
	5.835344	49.52295
	5.835245	49.52294
	5.834715	49.52287
	5.834688	49.52319
	5.834662	49.52348
	5.834662	49.52351
	5.834639	49.52378
	5.834429	49.52374
	5.83438	49.52373
	5.834303	49.52372
	5.834301	49.52383
	5.834295	49.52408
	5.834295	49.52445
	5.834436	49.52445
	5.834463	49.52445
	5.834429	49.52507
	5.834429	49.52548
	5.834421	49.52561
	5.834404	49.5257
	5.834398	49.52573
	5.834385	49.52579
	5.834368	49.52587
	5.834299	49.52607
	5.834246	49.52617
	5.83424	49.52618
	5.834116	49.52638
	5.834333	49.52661
	5.834417	49.5267
	5.834471	49.52676
	5.834494	49.52678
	5.834503	49.52679
	5.834509	49.5268
	5.834538	49.52683
	5.834627	49.52692
	5.834722	49.52701
	5.83475	49.52703
	5.834761	49.52704
	5.834777	49.52705
	5.834822	49.52708
	5.834864	49.52711
	5.834871	49.52712
	5.834872	49.52712
	5.834921	49.52713
	5.834962	49.52715
	5.834997	49.52716
	5.83507	49.52717
	5.835699	49.52728
	5.835932	49.52733
	5.836191	49.52738
	5.836676	49.52748
	5.837203	49.52756
	5.837652	49.52768
	5.837648	49.5277
	5.837673	49.5277
	5.837759	49.52772
	5.837779	49.52772
	5.83782	49.52773
	5.83806	49.52774
	5.838089	49.52774
	5.838173	49.52907
	5.838692	49.52953
	5.838891	49.52968
	5.839045	49.52979
	5.839236	49.5299
	5.83942	49.53
	5.839589	49.53008
	5.840059	49.53027
	5.841417	49.53083
	5.841484	49.53086
	5.842443	49.53122
	5.842525	49.53124
	5.843102	49.53143
	5.843254	49.53147
	5.843737	49.53159
	5.843855	49.53161
	5.844368	49.5317
	5.844366	49.5317
	5.844278	49.53182
	5.84416	49.53198
	5.843947	49.53228
	5.843699	49.53262
	5.843508	49.53287
	5.843447	49.53294
	5.843206	49.53316
	5.842981	49.53336
	5.842784	49.53356
	5.842722	49.53362
	5.842678	49.53366
	5.842512	49.53383
	5.842368	49.53397
	5.842222	49.53412
	5.842124	49.53422
	5.842104	49.53424
	5.842054	49.53429
	5.842009	49.53434
	5.841959	49.53439
	5.841917	49.53444
	5.841911	49.53444
	5.841894	49.53446
	5.841841	49.53451
	5.841772	49.53459
	5.841723	49.53464
	5.841577	49.53479
	5.841528	49.53484
	5.841452	49.53493
	5.841375	49.53501
	5.841295	49.53509
	5.841241	49.53515
	5.841139	49.53525
	5.840902	49.5355
	5.840739	49.53567
	5.840578	49.53584
	5.840501	49.53592
	5.840296	49.53614
	5.839991	49.53645
	5.839955	49.53649
	5.839743	49.5367
	5.839481	49.53698
	5.839159	49.53731
	5.839084	49.5375
	5.839079	49.53751
	5.838938	49.53786
	5.838812	49.53818
	5.838678	49.53851
	5.838453	49.53909
	5.838392	49.53925
	5.838376	49.53929
	5.838316	49.53944
	5.838205	49.53972
	5.838003	49.54024
	5.837927	49.54043
	5.837843	49.54063
	5.837796	49.54076
	5.837736	49.54091
	5.837705	49.54099
	5.837606	49.54125
	5.837525	49.54147
	5.837385	49.54184
	5.837301	49.54209
	5.83729	49.54212
	5.83719	49.54234
	5.837076	49.54258
	5.83698	49.54264
	5.836966	49.54265
	5.836924	49.54267
	5.836841	49.54267
	5.836782	49.54268
	5.836687	49.54267
	5.836644	49.54267
	5.836531	49.54266
	5.836382	49.54264
	5.836305	49.54262
	5.83629	49.54262
	5.836142	49.54259
	5.835878	49.54253
	5.835611	49.54246
	5.835401	49.54241
	5.835074	49.54234
	5.8347	49.5422
	5.834539	49.54214
	5.834475	49.54211
	5.834391	49.54208
	5.834269	49.54201
	5.834189	49.54198
	5.83407	49.54192
	5.833921	49.54184
	5.833917	49.54184
	5.833883	49.54182
	5.833862	49.54182
	5.833849	49.54181
	5.833673	49.54178
	5.833652	49.54178
	5.833628	49.54177
	5.833597	49.54175
	5.833571	49.54173
	5.833536	49.54172
	5.833458	49.54173
	5.833441	49.54174
	5.833223	49.54168
	5.832922	49.54159
	5.832264	49.54139
	5.832193	49.54137
	5.832159	49.54136
	5.831858	49.54127
	5.831807	49.54126
	5.831804	49.54126
	5.83153	49.54118
	5.83147	49.54117
	5.830641	49.54104
	5.829878	49.54094
	5.829393	49.54083
	5.828974	49.54072
	5.828684	49.54061
	5.828562	49.54056
	5.828076	49.54036
	5.828012	49.54033
	5.828024	49.54022
	5.828021	49.54013
	5.82802	49.5401
	5.827985	49.54009
	5.82786	49.54006
	5.827677	49.54001
	5.827162	49.53988
	5.826837	49.53979
	5.826704	49.53976
	5.825563	49.53945
	5.825464	49.53943
	5.825308	49.53939
	5.825087	49.53934
	5.824732	49.53924
	5.824484	49.53918
	5.824438	49.53917
	5.824053	49.53885
	5.823832	49.53867
	5.823787	49.53864
	5.823732	49.5386
	5.823726	49.53859
	5.823679	49.53856
	5.82345	49.53842
	5.823092	49.53822
	5.822973	49.53816
	5.822908	49.53812
	5.822744	49.53804
	5.822718	49.53802
	5.82263	49.53821
	5.822577	49.5383
	5.822527	49.53838
	5.822521	49.5384
	5.822508	49.53844
	5.822504	49.53846
	5.8225	49.53848
	5.822496	49.53855
	5.822491	49.53855
	5.822474	49.53854
	5.822088	49.5383
	5.821997	49.53825
	5.82194	49.53822
	5.821779	49.53814
	5.821699	49.53811
	5.821641	49.53809
	5.821573	49.53806
	5.821386	49.53801
	5.821215	49.53797
	5.820746	49.53784
	5.820394	49.53775
	5.820334	49.53773
	5.820021	49.53765
	5.819605	49.53754
	5.819231	49.53744
	5.81904	49.53739
	5.818965	49.53738
	5.818579	49.53729
	5.818274	49.53723
	5.817907	49.53715
	5.817465	49.53707
	5.81716	49.53702
	5.817177	49.53764
	5.817179	49.53772
	5.816641	49.5376
	5.816401	49.53755
	5.816274	49.53753
	5.816008	49.53749
	5.815729	49.538
	5.815481	49.53845
	5.815462	49.53848
	5.815458	49.53849
	5.815454	49.5385
	5.815451	49.53851
	5.815436	49.53854
	5.815412	49.5386
	5.815397	49.53863
	5.815352	49.53876
	5.815352	49.53884
	5.815367	49.53892
	5.815377	49.53896
	5.815405	49.53908
	5.815405	49.53912
	5.81539	49.53915
	5.815383	49.53916
	5.815363	49.53919
	5.815322	49.53923
	5.815271	49.53928
	5.815198	49.53935
	5.815119	49.53943
	5.815065	49.53948
	5.815001	49.53954
	5.814856	49.53966
	5.814714	49.53976
	5.81465	49.5398
	5.814606	49.53983
	5.814569	49.53986
	5.814513	49.5399
	5.814402	49.53998
	5.814341	49.54002
	5.814302	49.54006
	5.814278	49.54009
	5.81426	49.54011
	5.814242	49.54015
	5.814218	49.54019
	5.814197	49.54025
	5.814188	49.54027
	5.81415	49.54039
	5.814134	49.54044
	5.814123	49.54048
	5.814107	49.54052
	5.814089	49.54056
	5.814066	49.54059
	5.81406	49.5406
	5.814051	49.54062
	5.813974	49.54071
	5.813969	49.54072
	5.813944	49.54075
	5.813931	49.54077
	5.81391	49.5408
	5.813853	49.54087
	5.813852	49.54087
	5.813531	49.5413
	5.813456	49.5414
	5.813376	49.54151
	5.813349	49.54154
	5.813341	49.54155
	5.813044	49.54156
	5.812974	49.54164
	5.812941	49.54169
	5.81288	49.54174
	5.812844	49.54177
	5.812807	49.54179
	5.812635	49.54189
	5.812515	49.5419
	5.812406	49.5419
	5.812151	49.54184
	5.811956	49.542
	5.81195	49.542
	5.811937	49.54201
	5.808714	49.54096
	5.80855	49.54091
	5.808505	49.54109
	5.808294	49.54192
	5.808126	49.54256
	5.808279	49.54261
	5.808291	49.5426
	5.808302	49.54259
	5.808317	49.54258
	5.808344	49.54258
	5.808359	49.54258
	5.809263	49.54283
	5.810518	49.54318
	5.810503	49.5432
	5.810495	49.54325
	5.810499	49.54326
	5.810515	49.54331
	5.810551	49.54337
	5.810587	49.54342
	5.810579	49.54343
	5.810571	49.54345
	5.81056	49.54348
	5.814165	49.54447
	5.814906	49.54472
	5.815226	49.54483
	5.815574	49.54495
	5.815882	49.54505
	5.815916	49.54506
	5.81724	49.54551
	5.817263	49.54551
	5.817924	49.54574
	5.817949	49.54575
	5.817981	49.54577
	5.818064	49.54583
	5.818575	49.54638
	5.818609	49.5466
	5.81864	49.54665
	5.818708	49.5467
	5.818796	49.54675
	5.81885	49.54678
	5.818892	49.54686
	5.818956	49.54699
	5.819017	49.54709
	5.81909	49.54715
	5.819189	49.5472
	5.819326	49.54725
	5.819552	49.54731
	5.819685	49.54736
	5.819841	49.54744
	5.819994	49.54753
	5.820101	49.5476
	5.82015	49.54767
	5.820162	49.54773
	5.82012	49.54783
	5.820059	49.54794
	5.81999	49.54799
	5.819906	49.54804
	5.819826	49.54808
	5.819807	49.54813
	5.819838	49.54817
	5.819857	49.5482
	5.819849	49.54824
	5.81986	49.54829
	5.81991	49.54833
	5.820002	49.54838
	5.82007	49.54843
	5.820135	49.54852
	5.820166	49.54859
	5.820158	49.54865
	5.82007	49.54882
	5.820059	49.54888
	5.820047	49.54895
	5.820017	49.54901
	5.81999	49.54908
	5.819998	49.54913
	5.820032	49.54919
	5.820086	49.54923
	5.820162	49.54927
	5.820917	49.54959
	5.82118	49.54969
	5.821196	49.54972
	5.821176	49.54974
	5.821165	49.54979
	5.821203	49.54983
	5.821268	49.54987
	5.821352	49.54989
	5.821447	49.5499
	5.821596	49.54989
	5.821695	49.54987
	5.821825	49.54983
	5.821917	49.54979
	5.821989	49.54977
	5.822138	49.54977
	5.822203	49.54975
	5.822294	49.54972
	5.822401	49.54966
	5.822462	49.54963
	5.822515	49.54963
	5.822584	49.54964
	5.82266	49.54968
	5.822725	49.54972
	5.822798	49.54979
	5.822889	49.54995
	5.822927	49.55005
	5.822981	49.55015
	5.823057	49.55024
	5.823183	49.5504
	5.823248	49.55051
	5.823313	49.55056
	5.823484	49.55068
	5.823584	49.55078
	5.82366	49.55089
	5.82374	49.55096
	5.824007	49.55115
	5.824045	49.55121
	5.824079	49.55126
	5.824129	49.55132
	5.824301	49.55142
	5.824614	49.55159
	5.824839	49.55172
	5.824987	49.55179
	5.825003	49.5518
	5.825075	49.55183
	5.825132	49.55186
	5.82522	49.55192
	5.82527	49.55199
	5.825319	49.55203
	5.82538	49.55206
	5.825468	49.55208
	5.82572	49.55212
	5.825926	49.55217
	5.826017	49.55221
	5.82604	49.55224
	5.82625	49.55214
	5.826296	49.55212
	5.82633	49.55209
	5.826368	49.55206
	5.826399	49.55201
	5.826422	49.55196
	5.826441	49.55191
	5.826448	49.55187
	5.826452	49.55183
	5.826475	49.55179
	5.82651	49.55173
	5.826597	49.55163
	5.826727	49.55147
	5.826742	49.55145
	5.826769	49.55141
	5.826826	49.55133
	5.82691	49.55123
	5.827406	49.55059
	5.827974	49.55001
	5.828737	49.55025
	5.829279	49.55047
	5.829779	49.55066
	5.829802	49.55064
	5.829946	49.55069
	5.830126	49.55074
	5.83024	49.55077
	5.83029	49.55078
	5.830336	49.55078
	5.83037	49.55078
	5.83074	49.55079
	5.830908	49.55079
	5.830988	49.5508
	5.831053	49.5508
	5.831106	49.55082
	5.831205	49.55085
	5.831743	49.55107
	5.831964	49.55115
	5.832113	49.5512
	5.83235	49.55127
	5.8328	49.55141
	5.832956	49.55146
	5.833143	49.55152
	5.83349	49.55164
	5.833723	49.55171
	5.834005	49.5518
	5.834303	49.5519
	5.834646	49.55201
	5.834871	49.55208
	5.83494	49.55211
	5.835585	49.55243
	5.835653	49.55246
	5.836512	49.55263
	5.837492	49.55281
	5.837641	49.55284
	5.837751	49.55285
	5.837923	49.55287
	5.838209	49.55289
	5.838491	49.55291
	5.838614	49.55291
	5.838755	49.55292
	5.839022	49.55294
	5.839131	49.55294
	5.83907	49.55305
	5.839069	49.55314
	5.840043	49.55486
	5.840085	49.55489
	5.841194	49.55517
	5.84217	49.55513
	5.843096	49.55435
	5.843294	49.55437
	5.843416	49.55439
	5.843477	49.5544
	5.843645	49.55442
	5.843672	49.55469
	5.843683	49.55481
	5.843679	49.55487
	5.843668	49.55495
	5.843542	49.55521
	5.843866	49.55531
	5.844336	49.55548
	5.844473	49.55558
	5.844626	49.5557
	5.84479	49.55583
	5.844934	49.55613
	5.844992	49.55613
	5.84606	49.55628
	5.845972	49.55664
	5.846025	49.55665
	5.846087	49.55669
	5.846144	49.55675
	5.84617	49.55683
	5.846174	49.55695
	5.846136	49.55705
	5.84609	49.55711
	5.845976	49.55722
	5.845877	49.55734
	5.845854	49.55739
	5.845861	49.55743
	5.845934	49.5575
	5.846018	49.55754
	5.846094	49.55759
	5.846296	49.5577
	5.845671	49.55828
	5.845335	49.55859
	5.8458	49.55875
	5.84585	49.55877
	5.845236	49.55926
	5.844187	49.55983
	5.843706	49.5601
	5.843397	49.56032
	5.843119	49.56054
	5.84289	49.56074
	5.842844	49.5609
	5.843637	49.56065
	5.844267	49.5608
	5.84479	49.56094
	5.845148	49.56105
	5.845358	49.56114
	5.845636	49.56128
	5.845865	49.56143
	5.846029	49.56157
	5.846273	49.56181
	5.846518	49.56211
	5.846579	49.56209
	5.846727	49.56206
	5.846796	49.56206
	5.846884	49.56206
	5.846998	49.56207
	5.847219	49.56211
	5.847597	49.56218
	5.848104	49.56241
	5.848223	49.56246
	5.848463	49.56257
	5.848482	49.56258
	5.848692	49.56267
	5.848814	49.56272
	5.849001	49.5628
	5.849089	49.56284
	5.849192	49.56288
	5.849375	49.56295
	5.84952	49.56301
	5.849646	49.56305
	5.849684	49.56306
	5.849749	49.56308
	5.849802	49.56309
	5.849913	49.56313
	5.849962	49.56314
	5.849993	49.56315
	5.850073	49.56318
	5.85013	49.56319
	5.850206	49.56322
	5.850359	49.5631
	5.850523	49.56307
	5.85071	49.56302
	5.850779	49.563
	5.850859	49.56298
	5.85087	49.56298
	5.850912	49.56296
	5.850931	49.56295
	5.850946	49.56294
	5.850962	49.56294
	5.850988	49.56292
	5.851004	49.56292
	5.851019	49.56291
	5.851046	49.56287
	5.851065	49.56285
	5.851095	49.56279
	5.851099	49.56286
	5.851099	49.56295
	5.85103	49.56298
	5.851026	49.56299
	5.851026	49.56303
	5.850996	49.56307
	5.850985	49.56309
	5.850985	49.56312
	5.850996	49.56316
	5.850996	49.56318
	5.850985	49.56323
	5.850969	49.56326
	5.85095	49.56329
	5.850939	49.56331
	5.850935	49.56334
	5.850943	49.56338
	5.850943	49.56343
	5.850935	49.5635
	5.850935	49.56354
	5.850943	49.56358
	5.850962	49.56363
	5.850988	49.5637
	5.851015	49.56381
	5.851034	49.56385
	5.851065	49.5639
	5.851126	49.56397
	5.851202	49.56406
	5.851248	49.56414
	5.851511	49.56462
	5.851538	49.56465
	5.85166	49.56485
	5.851782	49.56497
	5.851957	49.56514
	5.852056	49.56522
	5.852099	49.56524
	5.852179	49.56526
	5.852243	49.56528
	5.852285	49.56529
	5.852381	49.56528
	5.852476	49.56529
	5.852598	49.56529
	5.852804	49.5653
	5.852869	49.5653
	5.852976	49.5653
	5.853174	49.5653
	5.853311	49.56529
	5.853384	49.56528
	5.853479	49.56525
	5.853563	49.56523
	5.853659	49.5652
	5.853724	49.56518
	5.853762	49.56516
	5.854196	49.56533
	5.854948	49.56562
	5.855394	49.56601
	5.856604	49.56627
	5.858007	49.56622
	5.8589	49.56637
	5.858954	49.56638
	5.859854	49.56654
	5.860346	49.56673
	5.860685	49.56687
	5.861059	49.56702
	5.861132	49.56752
	5.86104	49.56817
	5.861017	49.56827
	5.860964	49.56841
	5.860636	49.56922
	5.860518	49.56951
	5.860407	49.56979
	5.86043	49.56994
	5.860453	49.57003
	5.860475	49.57009
	5.860498	49.57013
	5.860632	49.57027
	5.860762	49.57039
	5.861231	49.57083
	5.861807	49.57067
	5.861917	49.57064
	5.861948	49.57066
	5.861994	49.5707
	5.862028	49.57069
	5.862253	49.57062
	5.862375	49.57073
	5.862425	49.57073
	5.862482	49.57072
	5.862616	49.5707
	5.862837	49.57065
	5.862936	49.57062
	5.86302	49.57059
	5.863096	49.57057
	5.863245	49.57051
	5.863382	49.5706
	5.863466	49.57065
	5.863855	49.57085
	5.863966	49.57091
	5.864187	49.57103
	5.864267	49.57107
	5.864344	49.57111
	5.864706	49.57132
	5.865019	49.57151
	5.865347	49.57172
	5.866384	49.57235
	5.867456	49.57305
	5.867495	49.57308
	5.867456	49.57325
	5.867659	49.57339
	5.867693	49.57342
	5.867735	49.57345
	5.868006	49.57364
	5.868448	49.57343
	5.868776	49.57328
	5.868891	49.57333
	5.868902	49.57333
	5.869261	49.57348
	5.869436	49.57355
	5.869841	49.57371
	5.870012	49.57377
	5.870165	49.57383
	5.870279	49.57387
	5.870398	49.5739
	5.870516	49.57392
	5.870649	49.57395
	5.870798	49.57397
	5.871218	49.57401
	5.871874	49.57408
	5.872259	49.57417
	5.872801	49.57429
	5.872404	49.57518
	5.872324	49.57525
	5.872248	49.57531
	5.872168	49.57536
	5.872091	49.57541
	5.87195	49.57549
	5.87137	49.57578
	5.871023	49.57599
	5.87068	49.57621
	5.870592	49.57626
	5.869745	49.57678
	5.870375	49.57721
	5.871141	49.57774
	5.871355	49.57813
	5.871622	49.57866
	5.871759	49.57894
	5.87182	49.57904
	5.87192	49.5791
	5.87192	49.57927
	5.871923	49.57939
	5.871923	49.57963
	5.871714	49.57967
	5.87145	49.57973
	5.871157	49.5798
	5.87084	49.57977
	5.870577	49.57974
	5.870466	49.57974
	5.870359	49.57974
	5.870291	49.57975
	5.870138	49.57975
	5.868967	49.57968
	5.868403	49.57985
	5.868105	49.57998
	5.867937	49.58004
	5.867064	49.58036
	5.866884	49.5804
	5.866869	49.58037
	5.866434	49.58046
	5.866007	49.58056
	5.866037	49.58058
	5.866392	49.58082
	5.866625	49.58098
	5.866991	49.58112
	5.86735	49.58126
	5.867433	49.5813
	5.867712	49.58147
	5.867857	49.58157
	5.867975	49.58166
	5.868071	49.58174
	5.868116	49.58179
	5.868189	49.5819
	5.868284	49.58207
	5.868376	49.58223
	5.869177	49.58258
	5.869299	49.58263
	5.869856	49.58284
	5.870203	49.58286
	5.870691	49.58289
	5.870974	49.58291
	5.871279	49.58297
	5.872061	49.58311
	5.872393	49.58316
	5.872538	49.58316
	5.872637	49.58316
	5.87269	49.58317
	5.872717	49.58318
	5.872797	49.58325
	5.873255	49.58361
	5.873255	49.58363
	5.87324	49.58369
	5.873209	49.58379
	5.873178	49.58388
	5.873144	49.58397
	5.873117	49.58402
	5.873098	49.58406
	5.873068	49.58412
	5.872911	49.58436
	5.872751	49.58458
	5.872622	49.58478
	5.872549	49.58487
	5.872415	49.58505
	5.872236	49.58526
	5.872022	49.58551
	5.871843	49.58571
	5.871721	49.58588
	5.87163	49.58601
	5.871553	49.58614
	5.871534	49.58621
	5.871469	49.5865
	5.871462	49.58658
	5.871469	49.58673
	5.871473	49.58684
	5.871481	49.58697
	5.871496	49.58706
	5.871523	49.58723
	5.871523	49.58745
	5.871512	49.58752
	5.871496	49.58764
	5.871481	49.58774
	5.871462	49.58778
	5.87145	49.58779
	5.871405	49.58785
	5.871351	49.58792
	5.871294	49.58799
	5.871244	49.58805
	5.871206	49.58809
	5.871046	49.58829
	5.870928	49.58841
	5.870806	49.58852
	5.870646	49.58865
	5.870466	49.58876
	5.869772	49.58921
	5.869513	49.58902
	5.869318	49.58888
	5.869089	49.58871
	5.868517	49.5891
	5.868162	49.58934
	5.867957	49.5895
	5.867781	49.58965
	5.867189	49.58939
	5.867025	49.58927
	5.866155	49.58863
	5.865999	49.58851
	5.865873	49.58843
	5.866301	49.58816
	5.865995	49.588
	5.865911	49.58795
	5.865858	49.58791
	5.865553	49.58772
	5.865213	49.58751
	5.865245	49.58749
	5.865427	49.58737
	5.865175	49.58722
	5.864965	49.58709
	5.864843	49.587
	5.864721	49.58691
	5.864606	49.58681
	5.864519	49.58672
	5.864302	49.58648
	5.864084	49.58659
	5.864004	49.58662
	5.863924	49.58665
	5.863882	49.58666
	5.863821	49.58667
	5.863764	49.58667
	5.863672	49.58667
	5.863607	49.58666
	5.863535	49.58664
	5.86347	49.58662
	5.863317	49.58662
	5.863287	49.58661
	5.863275	49.5866
	5.863188	49.58654
	5.862921	49.58628
	5.86289	49.58629
	5.86204	49.58684
	5.861269	49.58648
	5.861063	49.5866
	5.861002	49.58663
	5.860887	49.58659
	5.860823	49.58657
	5.860739	49.58656
	5.860712	49.58655
	5.860666	49.58652
	5.860628	49.58649
	5.860594	49.58648
	5.860498	49.58644
	5.86046	49.58642
	5.860426	49.5864
	5.860392	49.58637
	5.860354	49.58636
	5.860296	49.58634
	5.860201	49.58631
	5.860159	49.58629
	5.860136	49.58628
	5.860106	49.58626
	5.860079	49.58624
	5.860041	49.58623
	5.859968	49.58622
	5.859919	49.58621
	5.859861	49.58619
	5.859804	49.58617
	5.859762	49.58616
	5.85972	49.58616
	5.859671	49.58614
	5.859652	49.58612
	5.859613	49.5861
	5.859579	49.58608
	5.859537	49.58605
	5.85951	49.58603
	5.859476	49.58603
	5.859449	49.58603
	5.859426	49.58603
	5.859388	49.58605
	5.859354	49.58605
	5.859327	49.58606
	5.859289	49.58605
	5.85911	49.58603
	5.859041	49.58602
	5.858938	49.58602
	5.858694	49.58603
	5.858637	49.58603
	5.858526	49.58606
	5.858446	49.58608
	5.858335	49.58611
	5.858259	49.58612
	5.858221	49.58613
	5.858152	49.58613
	5.858065	49.58612
	5.857981	49.58611
	5.857939	49.58612
	5.857893	49.58612
	5.857843	49.58613
	5.857779	49.58614
	5.857683	49.58614
	5.857504	49.58613
	5.85737	49.58612
	5.857226	49.58611
	5.857054	49.5861
	5.856901	49.5861
	5.856814	49.58609
	5.85668	49.58609
	5.856637	49.5861
	5.856504	49.58614
	5.856375	49.58617
	5.856302	49.5862
	5.856135	49.58626
	5.856012	49.58629
	5.855943	49.58631
	5.855818	49.58634
	5.855707	49.58638
	5.855581	49.58643
	5.855508	49.58645
	5.855448	49.58647
	5.855346	49.58649
	5.855261	49.58651
	5.855211	49.58653
	5.855177	49.58655
	5.855146	49.58657
	5.855093	49.58658
	5.855005	49.58659
	5.854891	49.58661
	5.854784	49.58664
	5.8547	49.58666
	5.854635	49.58666
	5.854574	49.58667
	5.854525	49.58668
	5.85446	49.58669
	5.854383	49.58671
	5.854326	49.58672
	5.854196	49.58674
	5.85396	49.58678
	5.853811	49.58682
	5.853677	49.58685
	5.853479	49.5869
	5.853331	49.58693
	5.853285	49.58695
	5.853247	49.58696
	5.853209	49.58697
	5.853163	49.58696
	5.853129	49.58695
	5.853068	49.58693
	5.853021	49.58691
	5.852976	49.58689
	5.852919	49.58688
	5.852857	49.58687
	5.852812	49.58687
	5.852675	49.58689
	5.85264	49.58689
	5.852606	49.5869
	5.852552	49.58689
	5.852468	49.58689
	5.852377	49.58688
	5.852308	49.58688
	5.852258	49.58689
	5.852213	49.5869
	5.852155	49.58691
	5.852087	49.58692
	5.852025	49.58693
	5.851934	49.58694
	5.85182	49.58694
	5.851706	49.58695
	5.851637	49.58697
	5.851507	49.58698
	5.851397	49.587
	5.851336	49.58701
	5.851301	49.587
	5.851248	49.58699
	5.851202	49.58699
	5.851129	49.587
	5.851034	49.58701
	5.850958	49.58702
	5.850893	49.58702
	5.850832	49.58702
	5.850763	49.58701
	5.850714	49.587
	5.850672	49.58699
	5.850622	49.58699
	5.850557	49.58699
	5.8505	49.58699
	5.850451	49.587
	5.850404	49.587
	5.850332	49.58699
	5.850246	49.58698
	5.850206	49.58697
	5.850176	49.58697
	5.850111	49.58695
	5.850078	49.58695
	5.850069	49.58695
	5.850054	49.58703
	5.850023	49.58724
	5.850008	49.58743
	5.850008	49.58755
	5.850008	49.58761
	5.850031	49.58779
	5.85005	49.58783
	5.850084	49.58788
	5.850134	49.58796
	5.850187	49.58804
	5.850224	49.58811
	5.850241	49.58816
	5.850244	49.58821
	5.850241	49.58825
	5.849966	49.58862
	5.849806	49.58878
	5.849691	49.58889
	5.849615	49.58897
	5.849546	49.58907
	5.84942	49.58933
	5.849241	49.58974
	5.849184	49.58987
	5.849131	49.58997
	5.848965	49.59019
	5.848799	49.59043
	5.848783	49.59049
	5.848761	49.59091
	5.848726	49.59128
	5.848677	49.59193
	5.848638	49.59223
	5.848589	49.59257
	5.848558	49.59273
	5.848475	49.59308
	5.848406	49.59346
	5.848398	49.59358
	5.848408	49.59366
	5.84841	49.59367
	5.848432	49.59376
	5.848467	49.59383
	5.848497	49.59386
	5.848551	49.5939
	5.8486	49.59392
	5.848623	49.59395
	5.848657	49.5941
	5.848669	49.59422
	5.848669	49.59432
	5.84865	49.5944
	5.848616	49.59449
	5.848475	49.59472
	5.848276	49.59502
	5.84791	49.59557
	5.847837	49.59568
	5.847796	49.59575
	5.847776	49.5958
	5.847769	49.59584
	5.847769	49.59589
	5.84778	49.59594
	5.847803	49.59598
	5.847837	49.59602
	5.847891	49.59607
	5.847979	49.59614
	5.848196	49.59631
	5.848776	49.59673
	5.848574	49.59723
	5.848814	49.5975
	5.849031	49.59772
	5.849066	49.59771
	5.849176	49.59775
	5.849245	49.59779
	5.849569	49.59793
	5.849695	49.59799
	5.849737	49.59801
	5.849924	49.5981
	5.849997	49.59813
	5.85008	49.59816
	5.850168	49.59821
	5.850344	49.59828
	5.850504	49.59835
	5.850664	49.59843
	5.850885	49.59851
	5.851026	49.59857
	5.851137	49.59862
	5.85132	49.59869
	5.851381	49.59872
	5.851477	49.59875
	5.851526	49.59877
	5.851629	49.5988
	5.851671	49.59882
	5.851725	49.59884
	5.85182	49.59887
	5.851919	49.5989
	5.851996	49.59893
	5.85214	49.59898
	5.852285	49.59903
	5.852404	49.59907
	5.852438	49.59908
	5.85261	49.59914
	5.852781	49.5992
	5.852922	49.59924
	5.852972	49.59925
	5.85306	49.59928
	5.853132	49.59929
	5.853216	49.59931
	5.853353	49.59934
	5.853479	49.59937
	5.853502	49.59938
	5.853601	49.5994
	5.853731	49.59943
	5.853834	49.59947
	5.853861	49.59948
	5.853964	49.59952
	5.854029	49.59954
	5.854132	49.59958
	5.854177	49.59959
	5.854368	49.59967
	5.854582	49.59974
	5.854719	49.59977
	5.854879	49.59975
	5.854975	49.59974
	5.855131	49.59972
	5.855192	49.59973
	5.855246	49.59974
	5.855352	49.59977
	5.8556	49.59984
	5.855677	49.59985
	5.855703	49.59985
	5.855749	49.59987
	5.85581	49.5999
	5.85602	49.60003
	5.856092	49.60006
	5.856203	49.60012
	5.856329	49.6002
	5.856398	49.60025
	5.856508	49.6003
	5.856604	49.60035
	5.856672	49.60038
	5.856718	49.6004
	5.856752	49.60042
	5.856878	49.60046
	5.856924	49.60048
	5.857019	49.60051
	5.857126	49.60055
	5.857149	49.60056
	5.857344	49.60064
	5.857519	49.60071
	5.857676	49.60078
	5.857706	49.6008
	5.857893	49.60089
	5.858057	49.60096
	5.85821	49.60102
	5.858385	49.60109
	5.858431	49.60112
	5.858564	49.60117
	5.858782	49.60126
	5.859053	49.60138
	5.859686	49.60166
	5.860426	49.60205
	5.860563	49.60211
	5.860887	49.60225
	5.861174	49.60237
	5.86136	49.60245
	5.861624	49.60258
	5.863222	49.60339
	5.863352	49.60329
	5.863378	49.60327
	5.863588	49.60339
	5.863794	49.6035
	5.864004	49.60363
	5.864252	49.6038
	5.864775	49.60419
	5.864958	49.60433
	5.865217	49.60457
	5.865427	49.60476
	5.865839	49.60518
	5.866011	49.60517
	5.866114	49.60521
	5.866236	49.60524
	5.866362	49.60526
	5.866518	49.60526
	5.866732	49.60525
	5.866812	49.60525
	5.866888	49.60526
	5.86698	49.6053
	5.866964	49.60535
	5.866964	49.60542
	5.867331	49.60542
	5.867525	49.60544
	5.8678	49.60548
	5.868101	49.60552
	5.868135	49.60552
	5.86849	49.60558
	5.868559	49.6056
	5.868635	49.60561
	5.868757	49.60562
	5.869078	49.60564
	5.869223	49.60565
	5.869375	49.60566
	5.869513	49.60568
	5.869581	49.60569
	5.869757	49.60572
	5.869936	49.60576
	5.870069	49.60578
	5.870169	49.60582
	5.870317	49.60587
	5.870379	49.6059
	5.870439	49.60592
	5.870745	49.60605
	5.870798	49.60607
	5.871058	49.60618
	5.871218	49.60624
	5.871332	49.60627
	5.871466	49.6063
	5.871676	49.60634
	5.871901	49.60639
	5.871958	49.6064
	5.872236	49.60647
	5.872419	49.60652
	5.872507	49.60654
	5.872598	49.60658
	5.87269	49.60663
	5.872892	49.60673
	5.872923	49.60678
	5.872957	49.60685
	5.872992	49.60688
	5.87303	49.60691
	5.87306	49.60693
	5.873182	49.60694
	5.87327	49.60696
	5.873365	49.60704
	5.873533	49.60714
	5.873701	49.60724
	5.874064	49.60745
	5.874224	49.6073
	5.874803	49.60753
	5.875151	49.60766
	5.875555	49.6078
	5.875643	49.60783
	5.875811	49.60793
	5.875742	49.60806
	5.875914	49.60811
	5.876097	49.60818
	5.876249	49.60824
	5.876596	49.60841
	5.876532	49.60848
	5.876497	49.60851
	5.876471	49.60852
	5.876432	49.60855
	5.876394	49.60856
	5.876383	49.60857
	5.876387	49.60859
	5.87641	49.60861
	5.876455	49.60862
	5.876528	49.60862
	5.876555	49.60863
	5.876566	49.60864
	5.87657	49.60865
	5.876558	49.60867
	5.876551	49.60868
	5.876547	49.60869
	5.876558	49.6087
	5.876585	49.60872
	5.876627	49.60876
	5.876642	49.60878
	5.876646	49.6088
	5.876635	49.60883
	5.876615	49.60885
	5.876574	49.60886
	5.876547	49.60887
	5.876539	49.60888
	5.876547	49.6089
	5.876562	49.60892
	5.876593	49.60894
	5.876619	49.60897
	5.876627	49.60899
	5.876623	49.60902
	5.876612	49.60905
	5.876581	49.60907
	5.876551	49.60909
	5.876512	49.60908
	5.876482	49.60907
	5.876448	49.60905
	5.876406	49.60903
	5.876375	49.60902
	5.876356	49.60902
	5.876337	49.60903
	5.876322	49.60905
	5.876284	49.60914
	5.876276	49.60918
	5.876276	49.60922
	5.876288	49.60925
	5.876299	49.60928
	5.876303	49.6093
	5.876288	49.60942
	5.876288	49.60946
	5.876291	49.6095
	5.876314	49.60956
	5.876322	49.60959
	5.876318	49.60961
	5.876303	49.60964
	5.876272	49.60968
	5.87623	49.60973
	5.876203	49.60974
	5.876089	49.60978
	5.876024	49.60981
	5.875998	49.60982
	5.875979	49.60983
	5.875959	49.60986
	5.875952	49.60988
	5.875956	49.6099
	5.875975	49.60992
	5.876001	49.60995
	5.87602	49.60997
	5.876032	49.60999
	5.87604	49.61004
	5.876043	49.61008
	5.876051	49.6101
	5.87607	49.61013
	5.876089	49.61015
	5.876158	49.61021
	5.876196	49.61023
	5.876265	49.61027
	5.876291	49.61029
	5.87631	49.61031
	5.876314	49.61032
	5.876307	49.61035
	5.876291	49.61037
	5.876219	49.61045
	5.876093	49.6106
	5.876055	49.61066
	5.87602	49.61072
	5.875982	49.61078
	5.875883	49.61092
	5.875845	49.61098
	5.875818	49.61103
	5.875792	49.61109
	5.875776	49.61115
	5.875757	49.61123
	5.87575	49.61132
	5.87575	49.61136
	5.875769	49.61137
	5.875803	49.61141
	5.876043	49.61163
	5.876097	49.61167
	5.876162	49.61171
	5.876242	49.61176
	5.876417	49.61185
	5.876749	49.61205
	5.876806	49.6121
	5.87689	49.61217
	5.877043	49.61228
	5.877092	49.61229
	5.87718	49.61231
	5.877119	49.61256
	5.877111	49.61259
	5.877039	49.6129
	5.876963	49.61293
	5.876932	49.61293
	5.876883	49.61293
	5.876852	49.61293
	5.876833	49.61292
	5.877027	49.61331
	5.876894	49.61337
	5.876451	49.61356
	5.876249	49.61367
	5.876116	49.61374
	5.876009	49.61382
	5.875769	49.61401
	5.87565	49.61412
	5.875582	49.61422
	5.875494	49.61436
	5.875456	49.61445
	5.875437	49.61457
	5.875456	49.6147
	5.875483	49.61476
	5.875509	49.61483
	5.875544	49.61489
	5.875662	49.61511
	5.875689	49.61515
	5.875715	49.6152
	5.875769	49.6153
	5.875784	49.61533
	5.875803	49.61536
	5.875845	49.61545
	5.875879	49.61553
	5.875891	49.61557
	5.875902	49.61571
	5.87557	49.61571
	5.875605	49.61579
	5.875628	49.61586
	5.875643	49.61592
	5.875673	49.61608
	5.875681	49.61616
	5.875692	49.61625
	5.8757	49.61632
	5.875704	49.61644
	5.875696	49.61671
	5.875696	49.61681
	5.875692	49.61695
	5.875696	49.61712
	5.875692	49.61723
	5.875689	49.6173
	5.875624	49.61769
	5.875616	49.61777
	5.875616	49.61785
	5.87562	49.61796
	5.875624	49.61801
	5.87562	49.61819
	5.875628	49.61841
	5.875624	49.61881
	5.875628	49.61889
	5.875643	49.61894
	5.875669	49.61901
	5.8757	49.61908
	5.875738	49.61915
	5.875784	49.61923
	5.875841	49.61931
	5.875883	49.61939
	5.875917	49.61946
	5.875952	49.61956
	5.875979	49.61964
	5.876009	49.61975
	5.876024	49.61982
	5.876043	49.61988
	5.876074	49.61995
	5.876116	49.62001
	5.876154	49.62006
	5.876188	49.62009
	5.876272	49.62017
	5.876364	49.62025
	5.876497	49.62038
	5.876543	49.62043
	5.87657	49.62047
	5.876612	49.62062
	5.876631	49.62066
	5.876654	49.6207
	5.876696	49.62075
	5.87676	49.62081
	5.876883	49.62092
	5.87707	49.62107
	5.877169	49.62115
	5.877302	49.62123
	5.877588	49.62142
	5.877661	49.62147
	5.877779	49.62156
	5.878057	49.62179
	5.878229	49.62193
	5.878378	49.62206
	5.878546	49.62222
	5.878668	49.62232
	5.878824	49.62245
	5.878954	49.62256
	5.879106	49.62271
	5.87919	49.62277
	5.879545	49.62299
	5.879793	49.62313
	5.880087	49.6233
	5.880213	49.62338
	5.880217	49.62339
	5.880213	49.62343
	5.880194	49.62351
	5.880186	49.62354
	5.880198	49.62356
	5.88022	49.62359
	5.880259	49.62362
	5.880278	49.62363
	5.880281	49.62365
	5.880278	49.62366
	5.880251	49.62368
	5.880198	49.62373
	5.880167	49.62375
	5.880144	49.62378
	5.880121	49.62383
	5.88011	49.62387
	5.88011	49.62391
	5.880117	49.62394
	5.88014	49.62396
	5.880175	49.62397
	5.88024	49.62398
	5.8804	49.62398
	5.88051	49.62398
	5.880575	49.62399
	5.880648	49.62401
	5.880716	49.62403
	5.880758	49.62406
	5.8808	49.6241
	5.880815	49.62414
	5.880831	49.62419
	5.880854	49.62439
	5.880861	49.62442
	5.880888	49.62443
	5.880918	49.62445
	5.880949	49.62445
	5.880979	49.62444
	5.881208	49.62431
	5.881243	49.6243
	5.881277	49.62429
	5.881304	49.6243
	5.881338	49.62431
	5.881373	49.62433
	5.881414	49.62437
	5.881475	49.62443
	5.881544	49.6245
	5.881578	49.62452
	5.881628	49.62455
	5.881666	49.62458
	5.881678	49.62459
	5.881674	49.62461
	5.881659	49.62462
	5.881628	49.62464
	5.881582	49.62466
	5.881544	49.62467
	5.881537	49.62468
	5.88154	49.6247
	5.881624	49.62475
	5.88172	49.62477
	5.881838	49.6248
	5.881937	49.62483
	5.882021	49.62485
	5.882162	49.62489
	5.882315	49.62494
	5.882364	49.62496
	5.88241	49.62498
	5.882448	49.625
	5.882479	49.62502
	5.882498	49.62505
	5.882505	49.62508
	5.882494	49.62513
	5.882479	49.62517
	5.882475	49.6252
	5.882483	49.62522
	5.882505	49.62525
	5.882528	49.62527
	5.882563	49.62529
	5.882601	49.6253
	5.882635	49.6253
	5.882685	49.6253
	5.882746	49.62528
	5.882791	49.62526
	5.882872	49.62522
	5.882887	49.62522
	5.882902	49.62522
	5.882917	49.62523
	5.882929	49.62524
	5.88294	49.62525
	5.882936	49.62531
	5.88294	49.62533
	5.882952	49.62535
	5.882971	49.62537
	5.883001	49.62539
	5.88312	49.62542
	5.883158	49.62544
	5.883173	49.62545
	5.883181	49.62546
	5.883181	49.62551
	5.883184	49.62553
	5.883196	49.62555
	5.883219	49.62558
	5.883249	49.62559
	5.883276	49.62558
	5.883322	49.62557
	5.883413	49.62555
	5.88347	49.62555
	5.883509	49.62556
	5.883593	49.62559
	5.883699	49.62563
	5.883757	49.62567
	5.88378	49.62569
	5.883875	49.62585
	5.883894	49.62587
	5.883928	49.62589
	5.883959	49.62589
	5.884028	49.6259
	5.884081	49.6259
	5.884108	49.62591
	5.884142	49.62592
	5.884192	49.62596
	5.884222	49.62599
	5.884333	49.62617
	5.884355	49.6262
	5.884386	49.62621
	5.884417	49.62622
	5.884481	49.62622
	5.884642	49.6262
	5.884672	49.62621
	5.884714	49.62621
	5.884752	49.62623
	5.884867	49.62632
	5.884901	49.62634
	5.885038	49.62638
	5.885069	49.6264
	5.885115	49.62645
	5.885134	49.62647
	5.885156	49.62647
	5.885195	49.62646
	5.885229	49.62645
	5.88526	49.62645
	5.885298	49.62647
	5.885355	49.62648
	5.885481	49.62652
	5.885542	49.62656
	5.885572	49.62661
	5.885584	49.62668
	5.885614	49.62676
	5.885683	49.62682
	5.886038	49.62698
	5.88616	49.62707
	5.886335	49.62725
	5.886377	49.62726
	5.88661	49.62724
	5.886675	49.62725
	5.886702	49.62727
	5.886778	49.62732
	5.886759	49.62733
	5.886743	49.62735
	5.886091	49.62796
	5.886099	49.62799
	5.885881	49.6282
	5.885893	49.6283
	5.885492	49.62889
	5.885824	49.62902
	5.885659	49.62914
	5.885172	49.62951
	5.884779	49.62978
	5.884386	49.62994
	5.884138	49.63006
	5.883833	49.63027
	5.883371	49.63061
	5.882704	49.63094
	5.883173	49.63175
	5.883295	49.63198
	5.883482	49.63231
	5.883509	49.63235
	5.883852	49.63296
	5.883863	49.63298
	5.884249	49.63322
	5.884546	49.63336
	5.88487	49.6333
	5.885294	49.63337
	5.885622	49.63347
	5.885923	49.63361
	5.88619	49.63375
	5.88645	49.63395
	5.886652	49.63427
	5.886743	49.63462
	5.886824	49.63472
	5.886908	49.63495
	5.88772	49.63506
	5.887793	49.63505
	5.887861	49.63508
	5.887876	49.63508
	5.888452	49.63518
	5.889189	49.6353
	5.889662	49.63539
	5.889914	49.63546
	5.890367	49.63559
	5.890745	49.63573
	5.891211	49.6359
	5.891653	49.63606
	5.891958	49.63615
	5.892283	49.63623
	5.89237	49.63624
	5.892973	49.63627
	5.893793	49.63628
	5.893839	49.63629
	5.894228	49.63629
	5.89435	49.63629
	5.895315	49.63627
	5.895842	49.63618
	5.896276	49.63611
	5.897502	49.63585
	5.897844	49.63603
	5.897871	49.63605
	5.898202	49.63622
	5.898279	49.63626
	5.898628	49.63643
	5.898747	49.63648
	5.900292	49.6371
	5.900312	49.63711
	5.901965	49.63774
	5.902479	49.63823
	5.902729	49.63843
	5.902984	49.63861
	5.903152	49.63871
	5.904723	49.63957
	5.904734	49.63958
	5.905411	49.63994
	5.905625	49.64006
	5.905481	49.64016
	5.905424	49.64029
	5.905432	49.6405
	5.905367	49.64076
	5.90526	49.64086
	5.904894	49.64109
	5.904356	49.64144
	5.904161	49.64191
	5.904169	49.64198
	5.904211	49.64224
	5.904219	49.64227
	5.904207	49.64365
	5.904207	49.64378
	5.904203	49.64391
	5.904173	49.64405
	5.904169	49.64449
	5.904165	49.6446
	5.904161	49.64465
	5.904154	49.64488
	5.904142	49.64507
	5.90412	49.64561
	5.903967	49.64556
	5.903639	49.64555
	5.903479	49.6455
	5.903097	49.64552
	5.903006	49.64552
	5.90291	49.64554
	5.90275	49.64567
	5.902662	49.6457
	5.902494	49.64567
	5.902388	49.64571
	5.90225	49.64586
	5.902216	49.64595
	5.902243	49.64605
	5.902254	49.64605
	5.902308	49.6462
	5.902315	49.64622
	5.902329	49.64625
	5.902346	49.64629
	5.902407	49.64642
	5.902544	49.64691
	5.902693	49.64691
	5.902689	49.64693
	5.902506	49.64786
	5.90243	49.64809
	5.902414	49.64817
	5.90238	49.64834
	5.902357	49.64845
	5.902327	49.64854
	5.902254	49.64879
	5.902235	49.64887
	5.902231	49.6489
	5.902223	49.64905
	5.90222	49.64908
	5.902208	49.64925
	5.902212	49.64942
	5.902288	49.65002
	5.90233	49.65026
	5.902395	49.65048
	5.90251	49.65072
	5.90254	49.65078
	5.902838	49.65135
	5.90259	49.65137
	5.902559	49.65137
	5.902239	49.6514
	5.901735	49.65144
	5.901876	49.65179
	5.90188	49.65181
	5.902223	49.65179
	5.902227	49.65182
	5.902368	49.65246
	5.902468	49.65281
	5.902502	49.65291
	5.902613	49.65324
	5.902544	49.65325
	5.902964	49.65383
	5.903196	49.65397
	5.90418	49.65435
	5.904528	49.65449
	5.905386	49.65475
	5.905413	49.65476
	5.905062	49.65508
	5.904577	49.65544
	5.904428	49.65559
	5.904284	49.65586
	5.904173	49.65602
	5.903947	49.65633
	5.904604	49.65645
	5.90468	49.65656
	5.904877	49.65685
	5.905006	49.65703
	5.905073	49.65711
	5.905375	49.65745
	5.9052	49.66027
	5.904686	49.66024
	5.90481	49.66041
	5.904978	49.66062
	5.905085	49.66071
	5.905073	49.66074
	5.904879	49.66108
	5.905336	49.66124
	5.905523	49.66131
	5.905809	49.66142
	5.906321	49.66164
	5.906382	49.66166
	5.906527	49.66172
	5.906801	49.66183
	5.907057	49.66192
	5.907389	49.66202
	5.907637	49.66209
	5.907797	49.66213
	5.907892	49.66214
	5.908014	49.66215
	5.908369	49.66215
	5.908506	49.66215
	5.90864	49.66216
	5.90877	49.66217
	5.908854	49.66218
	5.909002	49.66221
	5.909647	49.66232
	5.910211	49.66242
	5.910337	49.66244
	5.910643	49.66249
	5.910456	49.66275
	5.910303	49.66296
	5.910192	49.66309
	5.910086	49.66321
	5.910006	49.66333
	5.90996	49.66345
	5.909933	49.66353
	5.909864	49.6637
	5.909845	49.66375
	5.90983	49.66378
	5.909693	49.66402
	5.909605	49.66416
	5.909533	49.66429
	5.909529	49.66443
	5.909533	49.66458
	5.909536	49.66462
	5.909311	49.66463
	5.909235	49.66465
	5.909185	49.6647
	5.909166	49.66476
	5.90914	49.66484
	5.909082	49.66492
	5.909037	49.66498
	5.909014	49.66505
	5.90896	49.6651
	5.90888	49.66513
	5.908819	49.66524
	5.908758	49.66534
	5.908651	49.6655
	5.908548	49.66559
	5.908388	49.66567
	5.90803	49.66573
	5.907805	49.66576
	5.907595	49.66575
	5.907267	49.66574
	5.906908	49.66573
	5.906714	49.66571
	5.906599	49.66568
	5.906481	49.66563
	5.906317	49.6656
	5.906168	49.6656
	5.906012	49.6656
	5.905848	49.66557
	5.905672	49.6655
	5.905485	49.66539
	5.905352	49.66527
	5.905195	49.66512
	5.905016	49.66495
	5.904863	49.66486
	5.90465	49.66481
	5.904497	49.66479
	5.904303	49.66478
	5.904158	49.66477
	5.904051	49.66475
	5.903975	49.66468
	5.903639	49.66435
	5.903486	49.6642
	5.903452	49.66418
	5.903303	49.66417
	5.90317	49.66416
	5.903036	49.66414
	5.902803	49.66407
	5.902601	49.66402
	5.902514	49.66402
	5.902395	49.66404
	5.902136	49.66414
	5.901869	49.66426
	5.901754	49.66431
	5.901667	49.66441
	5.90164	49.6645
	5.901598	49.66484
	5.901533	49.66498
	5.901499	49.66507
	5.901495	49.66513
	5.901514	49.66522
	5.901529	49.66534
	5.901522	49.66542
	5.901529	49.66547
	5.901567	49.66554
	5.901564	49.6656
	5.901533	49.66563
	5.901422	49.66567
	5.901358	49.66571
	5.901304	49.66577
	5.901285	49.66581
	5.901323	49.66606
	5.901373	49.66619
	5.901461	49.66632
	5.901533	49.66638
	5.901621	49.66642
	5.90201	49.66658
	5.902349	49.66674
	5.902655	49.66689
	5.903009	49.66702
	5.903067	49.66706
	5.903097	49.6671
	5.903112	49.66716
	5.903082	49.66724
	5.903028	49.66737
	5.902945	49.66743
	5.902864	49.66749
	5.902727	49.66753
	5.902647	49.66755
	5.902613	49.6676
	5.902597	49.66768
	5.902597	49.66778
	5.902575	49.66791
	5.902536	49.66802
	5.90246	49.6681
	5.902384	49.66814
	5.902273	49.66818
	5.902163	49.66819
	5.901804	49.66817
	5.901701	49.66815
	5.901609	49.66811
	5.901434	49.66799
	5.901323	49.66792
	5.901289	49.66785
	5.901239	49.66771
	5.901209	49.66765
	5.901129	49.6676
	5.900991	49.66753
	5.900774	49.66743
	5.900705	49.66739
	5.900675	49.66736
	5.900679	49.66731
	5.900698	49.66712
	5.900724	49.66708
	5.90082	49.66701
	5.900869	49.66697
	5.900881	49.66695
	5.900843	49.66689
	5.900847	49.66685
	5.900866	49.66682
	5.900892	49.66679
	5.900896	49.66676
	5.900877	49.66673
	5.900839	49.66671
	5.900743	49.66668
	5.900698	49.66666
	5.900656	49.66662
	5.900629	49.66659
	5.900595	49.66657
	5.900545	49.66653
	5.900503	49.6665
	5.900476	49.66647
	5.900446	49.66639
	5.900389	49.66631
	5.900267	49.66618
	5.900141	49.66605
	5.900076	49.666
	5.899988	49.66595
	5.899874	49.66593
	5.899744	49.66592
	5.89953	49.66591
	5.899324	49.66593
	5.899172	49.66596
	5.899073	49.66597
	5.898951	49.66601
	5.898798	49.66607
	5.898367	49.66626
	5.898249	49.66631
	5.898092	49.66635
	5.897989	49.66642
	5.897829	49.66658
	5.897661	49.66672
	5.897543	49.66682
	5.897474	49.6669
	5.897429	49.66699
	5.897398	49.6671
	5.897379	49.66725
	5.897352	49.6673
	5.89731	49.66736
	5.897154	49.66751
	5.896879	49.66778
	5.896746	49.66789
	5.896707	49.66792
	5.896624	49.66795
	5.896536	49.66798
	5.896494	49.66801
	5.89636	49.66818
	5.896326	49.66822
	5.896315	49.66826
	5.896316	49.66829
	5.896318	49.66834
	5.896341	49.66845
	5.896337	49.66851
	5.896315	49.66854
	5.896288	49.66856
	5.896223	49.66857
	5.896158	49.6686
	5.896109	49.66863
	5.896044	49.66867
	5.895994	49.66871
	5.895948	49.66872
	5.895872	49.66874
	5.895811	49.66875
	5.895761	49.66874
	5.89554	49.66866
	5.895132	49.6685
	5.895056	49.66846
	5.894812	49.66829
	5.894636	49.66814
	5.894526	49.66804
	5.894186	49.6678
	5.894136	49.66775
	5.89411	49.6677
	5.894083	49.66762
	5.894087	49.66755
	5.894113	49.66746
	5.894102	49.66737
	5.894072	49.66729
	5.894003	49.66716
	5.893949	49.66706
	5.89393	49.66696
	5.893965	49.66686
	5.893995	49.66674
	5.893953	49.66655
	5.8939	49.66642
	5.893839	49.66635
	5.89374	49.66629
	5.893537	49.66626
	5.893248	49.6662
	5.893099	49.66619
	5.892931	49.6662
	5.892755	49.66624
	5.892652	49.66627
	5.892534	49.66631
	5.892355	49.66641
	5.892153	49.66653
	5.892008	49.66673
	5.891954	49.6668
	5.891909	49.66688
	5.891886	49.66693
	5.891882	49.66698
	5.891893	49.66703
	5.891935	49.66712
	5.891973	49.66719
	5.892019	49.66724
	5.89218	49.66737
	5.892206	49.66741
	5.89221	49.66745
	5.892187	49.66749
	5.892118	49.66755
	5.891989	49.66764
	5.891806	49.66778
	5.891684	49.66787
	5.891607	49.66794
	5.891508	49.66806
	5.891439	49.66816
	5.891409	49.66824
	5.891401	49.66832
	5.891439	49.66841
	5.891466	49.66847
	5.891474	49.66852
	5.891458	49.66856
	5.891401	49.66863
	5.891298	49.6687
	5.891176	49.66876
	5.891123	49.6688
	5.891054	49.66883
	5.890966	49.66886
	5.89086	49.6689
	5.89076	49.66897
	5.890676	49.66904
	5.890531	49.66916
	5.890375	49.66931
	5.890287	49.6694
	5.89023	49.66952
	5.890165	49.66963
	5.890108	49.66976
	5.890089	49.66986
	5.890085	49.66994
	5.8901	49.67
	5.890123	49.67006
	5.890116	49.67012
	5.890116	49.67033
	5.890154	49.67043
	5.890154	49.67047
	5.890097	49.67049
	5.889997	49.67051
	5.889814	49.67052
	5.889689	49.6705
	5.889467	49.67043
	5.889246	49.67039
	5.889135	49.67034
	5.889067	49.67026
	5.888971	49.67019
	5.888834	49.67015
	5.888479	49.67005
	5.888338	49.67002
	5.88809	49.66997
	5.887915	49.66991
	5.887804	49.66985
	5.887693	49.66981
	5.887579	49.66977
	5.887476	49.66972
	5.887381	49.66957
	5.887346	49.66949
	5.887358	49.66944
	5.887396	49.6694
	5.887449	49.66936
	5.887415	49.66928
	5.887194	49.66903
	5.887079	49.66888
	5.887045	49.6688
	5.887026	49.66874
	5.887045	49.66869
	5.887297	49.66845
	5.887331	49.66839
	5.887327	49.66835
	5.887301	49.6683
	5.887266	49.66827
	5.887205	49.66821
	5.88722	49.66806
	5.887167	49.66796
	5.887106	49.6679
	5.88703	49.66789
	5.886889	49.66792
	5.886774	49.6679
	5.886644	49.66791
	5.886572	49.66789
	5.886499	49.66789
	5.886427	49.66798
	5.88632	49.66809
	5.886221	49.66814
	5.886084	49.66816
	5.885893	49.66822
	5.885797	49.66827
	5.885702	49.66833
	5.885592	49.66843
	5.8855	49.66848
	5.885366	49.66855
	5.885233	49.66861
	5.885092	49.66867
	5.884974	49.66875
	5.884829	49.66888
	5.884726	49.66903
	5.884687	49.66916
	5.884653	49.66923
	5.884642	49.6693
	5.884626	49.66943
	5.884703	49.66951
	5.884767	49.66955
	5.884821	49.66959
	5.884844	49.66967
	5.884893	49.66974
	5.885008	49.66985
	5.885042	49.66991
	5.885069	49.67001
	5.885122	49.67013
	5.885141	49.67023
	5.885149	49.67034
	5.88513	49.67041
	5.885065	49.67048
	5.884939	49.67052
	5.88471	49.67057
	5.884539	49.67057
	5.884317	49.67054
	5.8841	49.67046
	5.883932	49.67041
	5.883772	49.6704
	5.883734	49.6704
	5.883612	49.67039
	5.883451	49.67029
	5.883326	49.67022
	5.883238	49.6702
	5.883169	49.6702
	5.882986	49.67026
	5.882922	49.67028
	5.882723	49.67029
	5.882509	49.6703
	5.882395	49.6703
	5.882288	49.67033
	5.882242	49.6704
	5.882238	49.67046
	5.882257	49.6706
	5.882273	49.67066
	5.882372	49.67079
	5.882437	49.67089
	5.882437	49.67096
	5.882391	49.67106
	5.88233	49.67118
	5.88233	49.67125
	5.882379	49.6714
	5.882402	49.67148
	5.882406	49.67156
	5.882406	49.67162
	5.882418	49.67169
	5.882341	49.67174
	5.882177	49.67181
	5.882074	49.67181
	5.881903	49.67181
	5.881788	49.67188
	5.881678	49.67194
	5.881468	49.67199
	5.881243	49.672
	5.881033	49.67201
	5.880888	49.67204
	5.880621	49.67215
	5.880358	49.67224
	5.880209	49.67231
	5.880056	49.6724
	5.8799	49.67256
	5.87982	49.6726
	5.879664	49.67265
	5.879557	49.67268
	5.87945	49.67271
	5.879366	49.67279
	5.879293	49.67283
	5.879171	49.67288
	5.879046	49.67289
	5.878965	49.67286
	5.878893	49.67281
	5.878836	49.67281
	5.878779	49.67285
	5.878641	49.67288
	5.878534	49.67289
	5.878466	49.67292
	5.878412	49.67298
	5.878382	49.67307
	5.878336	49.67312
	5.87826	49.67315
	5.878119	49.67319
	5.87808	49.67322
	5.878027	49.67329
	5.878008	49.67331
	5.877874	49.67329
	5.877851	49.67332
	5.877794	49.6733
	5.877615	49.67323
	5.876944	49.67343
	5.876154	49.67339
	5.874956	49.67332
	5.873911	49.67326
	5.87351	49.67349
	5.872982	49.67371
	5.872492	49.67408
	5.871897	49.67446
	5.871633	49.67462
	5.871325	49.6748
	5.871073	49.67494
	5.870771	49.67509
	5.870531	49.67521
	5.870413	49.67527
	5.870306	49.67531
	5.870199	49.67535
	5.869844	49.6753
	5.869093	49.67519
	5.868918	49.67518
	5.868685	49.6752
	5.868467	49.67523
	5.868177	49.6752
	5.867994	49.67519
	5.867865	49.67518
	5.867498	49.67514
	5.86735	49.67519
	5.867189	49.67524
	5.866945	49.67532
	5.866907	49.67533
	5.866732	49.67541
	5.866613	49.67547
	5.866526	49.67551
	5.866346	49.6756
	5.866152	49.6757
	5.866056	49.67576
	5.865969	49.6758
	5.865896	49.67583
	5.865744	49.67591
	5.865679	49.67594
	5.865564	49.676
	5.865389	49.67609
	5.865309	49.67619
	5.865217	49.6763
	5.865042	49.67651
	5.864771	49.67685
	5.864344	49.67738
	5.863893	49.67792
	5.863504	49.6784
	5.863401	49.67852
	5.863394	49.67853
	5.863199	49.67876
	5.863157	49.67882
	5.862898	49.67913
	5.862455	49.67966
	5.862429	49.67979
	5.862379	49.67985
	5.862345	49.67989
	5.862303	49.67996
	5.862246	49.68008
	5.862112	49.68033
	5.862047	49.68045
	5.86212	49.68067
	5.861975	49.68086
	5.861815	49.68106
	5.86194	49.68117
	5.862001	49.68122
	5.862101	49.68131
	5.86223	49.68144
	5.862349	49.68158
	5.862261	49.68188
	5.862326	49.68196
	5.862398	49.68204
	5.862474	49.6821
	5.862349	49.68218
	5.862467	49.68237
	5.862574	49.68254
	5.862642	49.68265
	5.862734	49.6828
	5.862768	49.68286
	5.862844	49.683
	5.862871	49.68306
	5.862802	49.68324
	5.862749	49.68338
	5.862673	49.68358
	5.862513	49.68398
	5.862543	49.68413
	5.862581	49.68431
	5.862646	49.68456
	5.862993	49.68516
	5.863176	49.68544
	5.863356	49.6857
	5.863413	49.68577
	5.863577	49.686
	5.863649	49.6861
	5.863752	49.68627
	5.863833	49.6864
	5.863882	49.68646
	5.864267	49.68658
	5.864252	49.68662
	5.864241	49.68669
	5.864183	49.68687
	5.864176	49.68689
	5.864084	49.68716
	5.864546	49.68735
	5.864496	49.68745
	5.864367	49.68773
	5.864283	49.6879
	5.864248	49.68798
	5.86426	49.68804
	5.864306	49.68825
	5.864157	49.68828
	5.864092	49.68829
	5.864046	49.68829
	5.863943	49.68832
	5.863863	49.68834
	5.863829	49.68835
	5.863771	49.68837
	5.863672	49.6884
	5.863596	49.68842
	5.863554	49.68844
	5.863485	49.68847
	5.863405	49.6885
	5.863943	49.68891
	5.864229	49.68912
	5.864473	49.68931
	5.864569	49.68939
	5.864683	49.68949
	5.864878	49.68967
	5.865053	49.68983
	5.865152	49.68993
	5.865252	49.69004
	5.865278	49.6901
	5.865316	49.69024
	5.865328	49.69027
	5.865335	49.69029
	5.865362	49.69033
	5.865404	49.6904
	5.865438	49.69045
	5.865484	49.69051
	5.865545	49.6906
	5.865576	49.69064
	5.865648	49.69074
	5.865686	49.69078
	5.865717	49.6908
	5.86574	49.69082
	5.865767	49.69084
	5.865801	49.69087
	5.865927	49.69095
	5.86598	49.69099
	5.866095	49.69107
	5.866148	49.69112
	5.866213	49.69116
	5.866274	49.6912
	5.866304	49.69123
	5.866442	49.69133
	5.866632	49.69149
	5.86669	49.69154
	5.866747	49.69158
	5.866842	49.69166
	5.866884	49.69169
	5.866899	49.69172
	5.866911	49.69176
	5.86693	49.69183
	5.866957	49.69198
	5.86698	49.69215
	5.866919	49.69223
	5.866781	49.69243
	5.866754	49.69246
	5.866701	49.69251
	5.86664	49.69257
	5.866484	49.69268
	5.866056	49.69286
	5.865728	49.693
	5.865778	49.69307
	5.865812	49.69311
	5.865938	49.69329
	5.866053	49.69346
	5.866075	49.69349
	5.866091	49.6935
	5.866243	49.69371
	5.866339	49.69383
	5.866388	49.69382
	5.866499	49.694
	5.866705	49.69436
	5.866915	49.69433
	5.867102	49.69431
	5.867369	49.69442
	5.867468	49.69446
	5.868158	49.6944
	5.86873	49.69441
	5.868856	49.69454
	5.869123	49.69474
	5.869253	49.69487
	5.86978	49.69566
	5.869978	49.69593
	5.870264	49.69622
	5.870382	49.69666
	5.870428	49.6968
	5.870531	49.697
	5.870619	49.69715
	5.870771	49.69736
	5.870939	49.69752
	5.871267	49.69777
	5.871386	49.69788
	5.871473	49.69799
	5.871553	49.69809
	5.871626	49.69821
	5.871679	49.69832
	5.87179	49.69844
	5.871988	49.69843
	5.872126	49.69841
	5.872244	49.69838
	5.872431	49.69837
	5.872587	49.69838
	5.872721	49.69841
	5.873186	49.69857
	5.873297	49.69863
	5.873472	49.69872
	5.873926	49.69895
	5.874197	49.69908
	5.874514	49.69924
	5.87459	49.69927
	5.87472	49.69935
	5.875223	49.69969
	5.875433	49.69981
	5.875746	49.7
	5.875952	49.70012
	5.876139	49.70022
	5.876669	49.70049
	5.877085	49.70071
	5.877264	49.70081
	5.877512	49.70095
	5.877585	49.701
	5.877878	49.70117
	5.877909	49.7012
	5.877989	49.70128
	5.878225	49.70152
	5.878488	49.70176
	5.878511	49.70178
	5.878591	49.70188
	5.878717	49.702
	5.87895	49.70219
	5.879187	49.70238
	5.879347	49.70255
	5.879549	49.70274
	5.879683	49.70287
	5.87985	49.70306
	5.879995	49.70324
	5.880045	49.70331
	5.880136	49.70343
	5.880205	49.70356
	5.880255	49.70363
	5.880472	49.70386
	5.880548	49.70397
	5.880621	49.70404
	5.880705	49.70412
	5.880758	49.7042
	5.880903	49.70435
	5.881071	49.70449
	5.881155	49.70455
	5.8813	49.70468
	5.881407	49.70481
	5.881563	49.70499
	5.881731	49.7052
	5.881907	49.70541
	5.882071	49.70557
	5.882242	49.70573
	5.882578	49.70602
	5.882731	49.70615
	5.882887	49.70626
	5.88315	49.70645
	5.883421	49.70663
	5.883589	49.70674
	5.883944	49.70696
	5.884298	49.70719
	5.884489	49.70732
	5.884764	49.70752
	5.88489	49.70761
	5.884993	49.7077
	5.88521	49.70787
	5.885366	49.70801
	5.885504	49.70813
	5.885725	49.70832
	5.88595	49.70853
	5.886061	49.70864
	5.886343	49.70891
	5.886431	49.70899
	5.886686	49.70914
	5.886904	49.70927
	5.886934	49.70928
	5.886354	49.70951
	5.886045	49.70964
	5.885737	49.7098
	5.885496	49.70994
	5.885282	49.71008
	5.885168	49.71015
	5.885042	49.71024
	5.884981	49.71025
	5.88487	49.71033
	5.884714	49.71043
	5.884188	49.7108
	5.88365	49.71124
	5.883783	49.71129
	5.883814	49.7113
	5.883627	49.71151
	5.883505	49.71162
	5.883345	49.71172
	5.88307	49.71184
	5.882902	49.7119
	5.882616	49.71196
	5.882532	49.71199
	5.882181	49.7125
	5.882055	49.71266
	5.881861	49.71283
	5.881659	49.71299
	5.881529	49.71307
	5.881231	49.71319
	5.880911	49.71333
	5.880039	49.71363
	5.879698	49.71381
	5.879266	49.71403
	5.878626	49.71433
	5.878264	49.7145
	5.877935	49.71464
	5.877653	49.71476
	5.877428	49.71483
	5.877241	49.71489
	5.876925	49.71498
	5.87649	49.71507
	5.876158	49.71514
	5.876001	49.7152
	5.875826	49.71527
	5.875689	49.71534
	5.875402	49.71545
	5.87517	49.71555
	5.874987	49.71563
	5.874868	49.7157
	5.874796	49.71576
	5.874762	49.71586
	5.874742	49.71603
	5.87475	49.71613
	5.874823	49.71656
	5.874803	49.71669
	5.874739	49.71683
	5.874594	49.71703
	5.874418	49.71723
	5.874277	49.71734
	5.874117	49.71744
	5.874243	49.7175
	5.874952	49.71771
	5.876555	49.71813
	5.876539	49.71816
	5.876017	49.71881
	5.875628	49.7193
	5.875601	49.71932
	5.875525	49.71937
	5.875467	49.71941
	5.875421	49.71946
	5.875387	49.7195
	5.875315	49.71968
	5.875181	49.71998
	5.874991	49.72046
	5.874987	49.72051
	5.875002	49.72056
	5.875025	49.72061
	5.875059	49.72064
	5.875124	49.72067
	5.875631	49.72087
	5.875628	49.72117
	5.875608	49.72124
	5.875574	49.72132
	5.875509	49.72145
	5.875464	49.72153
	5.875414	49.7216
	5.875299	49.72173
	5.875174	49.72185
	5.874983	49.72182
	5.874792	49.72179
	5.874643	49.72177
	5.874369	49.72172
	5.874243	49.72171
	5.874029	49.72168
	5.873823	49.72165
	5.873632	49.72161
	5.873568	49.7216
	5.8734	49.7216
	5.87319	49.72161
	5.872831	49.72161
	5.871962	49.72159
	5.871813	49.7216
	5.8715	49.72162
	5.871214	49.72164
	5.871058	49.72164
	5.870722	49.72162
	5.870573	49.7219
	5.870447	49.72214
	5.87039	49.72227
	5.870336	49.72243
	5.870306	49.72256
	5.870291	49.7227
	5.870283	49.72282
	5.870325	49.72306
	5.87039	49.72324
	5.870447	49.72341
	5.870012	49.72358
	5.869947	49.72361
	5.869894	49.72364
	5.86978	49.72369
	5.869589	49.72378
	5.869661	49.72395
	5.869108	49.72441
	5.868452	49.72483
	5.8678	49.72529
	5.867552	49.72546
	5.867292	49.72565
	5.866957	49.72591
	5.866987	49.72592
	5.866942	49.72621
	5.866724	49.72636
	5.86669	49.72638
	5.866667	49.72638
	5.866617	49.72638
	5.866587	49.72637
	5.866541	49.72639
	5.866495	49.72641
	5.866461	49.72642
	5.866419	49.72641
	5.866335	49.7264
	5.866285	49.72639
	5.866228	49.7264
	5.866163	49.72641
	5.866083	49.72642
	5.866011	49.72642
	5.865942	49.72644
	5.865896	49.72646
	5.865843	49.72651
	5.865801	49.72653
	5.865751	49.72655
	5.865732	49.72656
	5.865709	49.72659
	5.865694	49.72663
	5.865671	49.72665
	5.865645	49.72667
	5.865583	49.72669
	5.865526	49.72671
	5.86548	49.72673
	5.865431	49.72676
	5.865335	49.72684
	5.865278	49.72687
	5.865198	49.72691
	5.865095	49.72695
	5.865026	49.72696
	5.864962	49.72695
	5.864687	49.7269
	5.864164	49.72679
	5.863989	49.72676
	5.863791	49.72674
	5.863455	49.7267
	5.862841	49.72666
	5.862612	49.7266
	5.862089	49.72643
	5.861917	49.72632
	5.861727	49.72622
	5.861509	49.72638
	5.861319	49.72648
	5.861204	49.72655
	5.861185	49.72656
	5.861135	49.72657
	5.861036	49.72659
	5.861002	49.72661
	5.86091	49.72665
	5.860846	49.72668
	5.86072	49.72671
	5.860678	49.72674
	5.860552	49.72683
	5.860456	49.72689
	5.860407	49.72691
	5.860327	49.72696
	5.860285	49.727
	5.860251	49.72703
	5.860186	49.72709
	5.860041	49.72723
	5.859606	49.72696
	5.859526	49.72693
	5.859201	49.7268
	5.859007	49.72671
	5.858835	49.72662
	5.857744	49.72636
	5.8575	49.72627
	5.857161	49.72611
	5.856794	49.72592
	5.85631	49.72563
	5.856123	49.7255
	5.856028	49.72541
	5.855844	49.7252
	5.85499	49.72485
	5.854402	49.72463
	5.853575	49.72456
	5.852938	49.72449
	5.852007	49.7244
	5.851702	49.72435
	5.851191	49.72424
	5.850794	49.72416
	5.8505	49.72409
	5.85018	49.724
	5.849909	49.72391
	5.849634	49.72379
	5.848871	49.72346
	5.848555	49.72333
	5.848215	49.72321
	5.847734	49.72305
	5.847536	49.72297
	5.847231	49.72281
	5.847029	49.72269
	5.846891	49.72259
	5.846575	49.72233
	5.846281	49.72213
	5.846022	49.72199
	5.845636	49.7218
	5.844828	49.72142
	5.844675	49.72138
	5.844519	49.72134
	5.844294	49.72131
	5.843893	49.72127
	5.843279	49.72123
	5.842897	49.72122
	5.84273	49.72122
	5.842306	49.72126
	5.840929	49.72144
	5.840662	49.72151
	5.840372	49.7217
	5.839777	49.72197
	5.839598	49.72203
	5.839045	49.72221
	5.838984	49.72224
	5.838694	49.72245
	5.837843	49.72299
	5.838316	49.72357
	5.838221	49.72361
	5.837961	49.72371
	5.837923	49.72373
	5.838011	49.72384
	5.837744	49.72396
	5.837618	49.724
	5.83758	49.724
	5.837156	49.72401
	5.836668	49.72403
	5.835497	49.72429
	5.835306	49.72447
	5.834715	49.72439
	5.834715	49.72413
	5.834524	49.72412
	5.834475	49.72412
	5.83449	49.72404
	5.834192	49.72408
	5.833712	49.72413
	5.833494	49.72416
	5.832914	49.7243
	5.832579	49.72438
	5.832262	49.72443
	5.831926	49.72446
	5.831583	49.72448
	5.831392	49.72447
	5.831211	49.72444
	5.830965	49.72439
	5.8305	49.72429
	5.829843	49.72414
	5.829294	49.72399
	5.828478	49.72378
	5.82826	49.72372
	5.827967	49.72366
	5.827524	49.72358
	5.827227	49.72354
	5.827025	49.72353
	5.82657	49.72351
	5.826334	49.72352
	5.82617	49.72373
	5.82614	49.72375
	5.826082	49.72385
	5.826044	49.7239
	5.825979	49.72396
	5.825926	49.72402
	5.825754	49.72414
	5.825556	49.72429
	5.82543	49.72438
	5.825304	49.72449
	5.825151	49.72464
	5.825045	49.72476
	5.82498	49.72485
	5.824869	49.72503
	5.8248	49.72514
	5.824758	49.72522
	5.824614	49.72555
	5.82445	49.72588
	5.824366	49.72605
	5.825232	49.72637
	5.825605	49.7265
	5.825975	49.72662
	5.826277	49.72672
	5.826502	49.72679
	5.826857	49.72687
	5.826922	49.72689
	5.826761	49.72735
	5.826765	49.72745
	5.826769	49.72764
	5.826677	49.72781
	5.826788	49.72789
	5.826689	49.72809
	5.826582	49.72831
	5.826658	49.72846
	5.826708	49.72852
	5.826796	49.7286
	5.826883	49.72867
	5.82696	49.72873
	5.827192	49.72887
	5.827025	49.7291
	5.826994	49.72913
	5.826902	49.72925
	5.826742	49.72946
	5.826708	49.7295
	5.826632	49.72962
	5.826536	49.72977
	5.826426	49.72995
	5.826136	49.73046
	5.825853	49.73097
	5.825624	49.73149
	5.825418	49.732
	5.825728	49.73208
	5.826098	49.73217
	5.826277	49.73222
	5.826456	49.73227
	5.82683	49.73238
	5.827181	49.73248
	5.827539	49.7326
	5.827723	49.7327
	5.827807	49.73276
	5.827822	49.73277
	5.827948	49.73285
	5.828085	49.73294
	5.828287	49.73332
	5.828268	49.73338
	5.828245	49.73345
	5.828138	49.73375
	5.82815	49.73388
	5.82818	49.73416
	5.828215	49.73447
	5.828234	49.73466
	5.828234	49.73533
	5.828222	49.73547
	5.828218	49.73552
	5.828215	49.73558
	5.828207	49.73569
	5.828134	49.73597
	5.828081	49.73618
	5.827871	49.73694
	5.828459	49.73716
	5.828104	49.7376
	5.827807	49.73798
	5.827681	49.7383
	5.827654	49.73836
	5.827555	49.73863
	5.827391	49.73911
	5.827497	49.73917
	5.827822	49.73936
	5.828062	49.73948
	5.828424	49.73967
	5.828608	49.73976
	5.828878	49.73992
	5.829161	49.74008
	5.829325	49.74017
	5.829393	49.7402
	5.829508	49.74027
	5.830019	49.74058
	5.830217	49.74065
	5.830298	49.74068
	5.830656	49.74079
	5.830885	49.74085
	5.830965	49.74088
	5.8314	49.741
	5.831572	49.74105
	5.832022	49.74121
	5.83222	49.74128
	5.832518	49.7414
	5.832628	49.74145
	5.831911	49.74199
	5.831785	49.74196
	5.83161	49.74219
	5.831522	49.74231
	5.831488	49.74237
	5.831442	49.74246
	5.831377	49.7426
	5.831301	49.74258
	5.830385	49.74338
	5.830572	49.74363
	5.830763	49.74394
	5.830828	49.74404
	5.831026	49.74437
	5.831133	49.74455
	5.831236	49.74472
	5.831297	49.74482
	5.83135	49.74491
	5.831374	49.74498
	5.8307	49.74581
	5.829462	49.74711
	5.829201	49.74745
	5.829086	49.74764
	5.828954	49.74795
	5.828738	49.748
	5.828441	49.7481
	5.828274	49.74817
	5.828152	49.74823
	5.828053	49.74828
	5.827663	49.74854
	5.82735	49.74881
	5.827284	49.74886
	5.827043	49.74909
	5.827002	49.74913
	5.82628	49.74984
	5.825323	49.74961
	5.824621	49.74945
	5.82419	49.74935
	5.824026	49.74932
	5.82398	49.74932
	5.823805	49.74936
	5.823584	49.74938
	5.823458	49.7494
	5.823252	49.74943
	5.823019	49.74947
	5.822844	49.74963
	5.82263	49.74986
	5.822535	49.74997
	5.822455	49.75006
	5.82234	49.75017
	5.822264	49.75024
	5.821917	49.7505
	5.821772	49.75059
	5.821394	49.75085
	5.821333	49.75088
	5.821215	49.75094
	5.8211	49.75098
	5.820879	49.75106
	5.82073	49.75113
	5.820639	49.75116
	5.820459	49.75127
	5.820467	49.75133
	5.820555	49.75179
	5.820631	49.75215
	5.820707	49.75252
	5.82086	49.75326
	5.82065	49.75336
	5.82044	49.75346
	5.820311	49.75351
	5.820116	49.75359
	5.819967	49.75364
	5.819792	49.75369
	5.81962	49.75373
	5.819513	49.75374
	5.819155	49.75379
	5.819101	49.7538
	5.819006	49.75382
	5.81883	49.75384
	5.818701	49.75386
	5.818224	49.75393
	5.81785	49.75397
	5.817911	49.75473
	5.817751	49.75515
	5.81774	49.75517
	5.817728	49.7552
	5.817251	49.75642
	5.816694	49.75786
	5.816633	49.75802
	5.816576	49.75827
	5.816542	49.75849
	5.816484	49.7588
	5.816481	49.75882
	5.816473	49.75887
	5.816412	49.75933
	5.816339	49.75984
	5.816259	49.76031
	5.816194	49.76073
	5.816099	49.76133
	5.816069	49.76154
	5.816034	49.76176
	5.815973	49.76221
	5.814878	49.76289
	5.814531	49.76311
	5.814482	49.76315
	5.814333	49.76324
	5.813841	49.76357
	5.813551	49.76376
	5.81341	49.76385
	5.812796	49.76425
	5.812635	49.76436
	5.812513	49.76444
	5.812376	49.76453
	5.812185	49.76465
	5.811926	49.76482
	5.811628	49.76501
	5.811411	49.76516
	5.811113	49.76535
	5.811045	49.76535
	5.810648	49.76535
	5.809446	49.76533
	5.809258	49.76572
	5.808207	49.76503
	5.807256	49.76648
	5.80719	49.76642
	5.807042	49.76656
	5.806895	49.76673
	5.806763	49.76689
	5.806561	49.7672
	5.806462	49.76739
	5.806285	49.76786
	5.806216	49.76814
	5.806167	49.76845
	5.806146	49.7687
	5.806127	49.7688
	5.806116	49.76886
	5.806057	49.76922
	5.805985	49.76962
	5.805976	49.76968
	5.805899	49.77019
	5.805802	49.77074
	5.805796	49.77077
	5.805633	49.77118
	5.805588	49.77125
	5.805355	49.77146
	5.805191	49.77162
	5.804896	49.77194
	5.804728	49.77215
	5.804429	49.77258
	5.804321	49.77276
	5.804012	49.77299
	5.803845	49.77314
	5.803627	49.77338
	5.80346	49.77359
	5.803349	49.77375
	5.802818	49.77457
	5.802774	49.77463
	5.802565	49.77472
	5.800069	49.77547
	5.799753	49.77559
	5.798808	49.77607
	5.798179	49.77656
	5.797707	49.77711
	5.797293	49.77791
	5.797164	49.77841
	5.797122	49.77862
	5.796831	49.78059
	5.796628	49.78097
	5.796008	49.78148
	5.794975	49.78203
	5.7948	49.78213
	5.79355	49.78297
	5.793451	49.78304
	5.79235	49.78389
	5.792267	49.78395
	5.791065	49.78498
	5.790911	49.78513
	5.790439	49.78562
	5.789966	49.78646
	5.789794	49.78707
	5.789758	49.788
	5.78993	49.78886
	5.790049	49.78925
	5.790306	49.78986
	5.790552	49.79028
	5.79214	49.79239
	5.792224	49.79248
	5.7917	49.79342
	5.791475	49.79383
	5.791365	49.7938
	5.791159	49.79425
	5.790976	49.79445
	5.790739	49.79495
	5.790506	49.79545
	5.790411	49.79566
	5.790365	49.79576
	5.790041	49.79582
	5.789801	49.79593
	5.789122	49.79629
	5.788668	49.79655
	5.788576	49.7966
	5.788485	49.79662
	5.788439	49.79663
	5.78842	49.79662
	5.788389	49.79665
	5.788061	49.79657
	5.788023	49.79659
	5.787977	49.79659
	5.78795	49.79659
	5.787821	49.79657
	5.787409	49.7965
	5.786905	49.7964
	5.786795	49.79649
	5.786474	49.79645
	5.786138	49.7964
	5.785887	49.79637
	5.785711	49.79634
	5.785479	49.79629
	5.785311	49.79623
	5.785192	49.79617
	5.785105	49.79609
	5.785055	49.79602
	5.785036	49.79597
	5.785032	49.79593
	5.785025	49.79577
	5.785002	49.79556
	5.78499	49.79542
	5.784967	49.79534
	5.784918	49.79526
	5.784884	49.79523
	5.7848	49.79516
	5.784716	49.79506
	5.78462	49.79494
	5.784487	49.7948
	5.78433	49.79465
	5.784281	49.79461
	5.784224	49.79454
	5.784182	49.7945
	5.784117	49.79445
	5.783728	49.79414
	5.783575	49.79403
	5.783419	49.79392
	5.783049	49.79369
	5.782888	49.79361
	5.78277	49.79354
	5.782694	49.79349
	5.782625	49.79341
	5.782545	49.79333
	5.782499	49.79327
	5.782453	49.79324
	5.782415	49.79323
	5.782209	49.79324
	5.782122	49.79321
	5.782045	49.79315
	5.781984	49.79309
	5.781946	49.79302
	5.781939	49.79296
	5.781935	49.79285
	5.781923	49.79283
	5.781897	49.79281
	5.781763	49.79275
	5.781645	49.79268
	5.781534	49.79262
	5.781488	49.79258
	5.781469	49.79256
	5.781477	49.79254
	5.781504	49.79247
	5.7815	49.79242
	5.781439	49.79233
	5.781393	49.7923
	5.781347	49.79227
	5.781301	49.7923
	5.781122	49.79238
	5.780928	49.79249
	5.780684	49.79265
	5.780592	49.7927
	5.780371	49.7928
	5.78013	49.79289
	5.779768	49.79304
	5.779676	49.79308
	5.779604	49.79312
	5.779577	49.79312
	5.779276	49.79326
	5.779009	49.79338
	5.778902	49.79339
	5.778749	49.79349
	5.778627	49.79356
	5.778517	49.79361
	5.778322	49.79368
	5.778223	49.79372
	5.778147	49.79375
	5.778036	49.79381
	5.777914	49.79391
	5.777861	49.79395
	5.777765	49.79406
	5.777674	49.79418
	5.777586	49.7943
	5.777533	49.79435
	5.777464	49.7944
	5.777414	49.79444
	5.777311	49.79448
	5.77717	49.79453
	5.776991	49.79459
	5.776896	49.7946
	5.776751	49.79461
	5.776575	49.79463
	5.776377	49.79463
	5.776186	49.79459
	5.776052	49.79458
	5.775793	49.79457
	5.775785	49.79459
	5.77577	49.79461
	5.775076	49.79455
	5.77479	49.79453
	5.774679	49.79452
	5.774523	49.79449
	5.774374	49.79445
	5.774138	49.79439
	5.773703	49.79427
	5.773443	49.79412
	5.7731	49.79393
	5.772863	49.79377
	5.772692	49.79366
	5.77244	49.7935
	5.772177	49.79332
	5.7717	49.79319
	5.771246	49.79367
	5.771139	49.79378
	5.770968	49.79384
	5.770796	49.79385
	5.770578	49.79404
	5.770258	49.79424
	5.769838	49.79386
	5.76927	49.79427
	5.768507	49.79404
	5.768278	49.79398
	5.768057	49.79394
	5.767878	49.79392
	5.767652	49.79391
	5.76742	49.79387
	5.76718	49.79383
	5.766973	49.79377
	5.766768	49.7937
	5.766455	49.79358
	5.766046	49.79342
	5.765184	49.79382
	5.764967	49.79369
	5.764818	49.79358
	5.764601	49.79342
	5.764429	49.7933
	5.764318	49.79325
	5.764093	49.79316
	5.764082	49.79315
	5.764032	49.7932
	5.764006	49.79326
	5.764006	49.79328
	5.763975	49.79328
	5.763613	49.79325
	5.763533	49.79318
	5.763228	49.79322
	5.763002	49.79323
	5.762899	49.79324
	5.762651	49.79323
	5.762419	49.79321
	5.762262	49.7932
	5.761931	49.79317
	5.761358	49.79305
	5.761412	49.79288
	5.760088	49.79262
	5.759558	49.79255
	5.758696	49.79232
	5.758463	49.79226
	5.758291	49.79222
	5.757986	49.79215
	5.757715	49.79209
	5.757464	49.79201
	5.757216	49.79192
	5.756956	49.79183
	5.756575	49.79175
	5.756384	49.7917
	5.756193	49.79166
	5.755823	49.79159
	5.755465	49.79152
	5.755156	49.79146
	5.754931	49.79209
	5.754888	49.79223
	5.754858	49.79242
	5.754839	49.79262
	5.754736	49.79263
	5.754476	49.79266
	5.754408	49.79267
	5.754339	49.79266
	5.754122	49.79264
	5.754145	49.79278
	5.754202	49.79336
	5.754209	49.79342
	5.753092	49.7934
	5.753122	49.79354
	5.753157	49.79368
	5.753187	49.79394
	5.753222	49.79428
	5.753248	49.79447
	5.753283	49.79467
	5.753317	49.79477
	5.753367	49.79488
	5.753393	49.79492
	5.753443	49.795
	5.75355	49.79512
	5.753454	49.79553
	5.753332	49.79609
	5.753313	49.79612
	5.753298	49.79613
	5.753279	49.79614
	5.753248	49.79615
	5.753187	49.79616
	5.753164	49.79617
	5.753153	49.7962
	5.753157	49.79622
	5.753179	49.79626
	5.75329	49.79635
	5.753332	49.79641
	5.75342	49.79651
	5.753469	49.79659
	5.753531	49.79671
	5.753515	49.79672
	5.752897	49.79695
	5.752893	49.79714
	5.752882	49.7972
	5.752859	49.79726
	5.752844	49.79733
	5.752733	49.79781
	5.752588	49.79843
	5.752558	49.79856
	5.752413	49.79924
	5.752359	49.79949
	5.752329	49.79964
	5.752294	49.79978
	5.752256	49.79997
	5.752195	49.80024
	5.75215	49.80046
	5.752039	49.80098
	5.751978	49.80126
	5.75194	49.80145
	5.751905	49.80161
	5.751776	49.80221
	5.751734	49.80239
	5.751711	49.80249
	5.751547	49.80328
	5.751467	49.80361
	5.751451	49.8037
	5.75144	49.80377
	5.751348	49.80417
	5.751276	49.80448
	5.751188	49.80489
	5.751116	49.80522
	5.751028	49.80561
	5.750994	49.80576
	5.75094	49.8058
	5.750353	49.80626
	5.75049	49.80643
	5.750604	49.80657
	5.750673	49.80667
	5.750719	49.80675
	5.75083	49.80697
	5.750895	49.8071
	5.750773	49.80712
	5.750704	49.80713
	5.750368	49.80719
	5.750479	49.80742
	5.750513	49.80753
	5.75054	49.8077
	5.750532	49.80789
	5.750517	49.80805
	5.750452	49.80823
	5.750151	49.80885
	5.750032	49.80907
	5.750517	49.80926
	5.750467	49.80939
	5.750444	49.80951
	5.750441	49.80958
	5.750353	49.80993
	5.750227	49.81042
	5.750109	49.81091
	5.750055	49.81112
	5.750051	49.81114
	5.750456	49.81127
	5.750444	49.81128
	5.750006	49.8119
	5.749952	49.81197
	5.750185	49.81204
	5.750387	49.81209
	5.75054	49.81213
	5.750807	49.81218
	5.750685	49.81227
	5.750608	49.81248
	5.750589	49.81251
	5.750494	49.81259
	5.750574	49.81278
	5.750635	49.81293
	5.750738	49.81312
	5.750845	49.81333
	5.750914	49.81341
	5.750795	49.81358
	5.751055	49.81383
	5.751154	49.81394
	5.751253	49.81404
	5.751192	49.81446
	5.751184	49.81452
	5.751181	49.81462
	5.751181	49.81487
	5.751169	49.81489
	5.750917	49.81487
	5.750685	49.81487
	5.750307	49.81488
	5.750036	49.8149
	5.749819	49.81493
	5.749559	49.81497
	5.749323	49.81503
	5.74898	49.81513
	5.748705	49.81524
	5.748514	49.8153
	5.748335	49.81531
	5.74803	49.81531
	5.747511	49.81528
	5.747355	49.81527
	5.747251	49.81527
	5.747194	49.81528
	5.747099	49.8153
	5.746756	49.81541
	5.746614	49.81547
	5.746347	49.81565
	5.746267	49.81573
	5.746241	49.81577
	5.746172	49.8161
	5.746115	49.81615
	5.745962	49.81628
	5.745894	49.81636
	5.745848	49.81645
	5.745817	49.81655
	5.745783	49.81669
	5.745771	49.81682
	5.745768	49.81688
	5.745752	49.81694
	5.745707	49.81704
	5.745649	49.81714
	5.745577	49.81723
	5.745436	49.81739
	5.745176	49.81767
	5.745016	49.81787
	5.74489	49.81804
	5.744688	49.81831
	5.744566	49.81851
	5.744478	49.81865
	5.744268	49.81895
	5.744051	49.81927
	5.743815	49.81973
	5.743654	49.82008
	5.743536	49.8204
	5.74349	49.82055
	5.743463	49.8207
	5.743441	49.82102
	5.743475	49.82111
	5.744299	49.8215
	5.745275	49.82195
	5.745886	49.82226
	5.745842	49.82387
	5.745696	49.82387
	5.745732	49.82376
	5.745737	49.82375
	5.745521	49.82404
	5.744886	49.82479
	5.744818	49.82487
	5.744677	49.82505
	5.74451	49.82531
	5.744412	49.82549
	5.744224	49.82598
	5.744186	49.82613
	5.744138	49.82642
	5.744117	49.82664
	5.744109	49.82678
	5.744107	49.82685
	5.744086	49.82694
	5.744015	49.82723
	5.743637	49.82775
	5.743124	49.82842
	5.743099	49.82845
	5.743061	49.82851
	5.742913	49.82871
	5.742715	49.82906
	5.742596	49.82933
	5.742466	49.82972
	5.74244	49.82985
	5.742426	49.82991
	5.742406	49.82996
	5.742387	49.82997
	5.742074	49.83014
	5.741627	49.83035
	5.740232	49.83096
	5.740116	49.83101
	5.739058	49.83363
	5.739319	49.83374
	5.73937	49.83379
	5.739523	49.83399
	5.739641	49.83421
	5.739683	49.83436
	5.739702	49.83446
	5.73971	49.83468
	5.739702	49.83484
	5.739771	49.83501
	5.739973	49.83552
	5.740045	49.83579
	5.740045	49.83588
	5.739996	49.83594
	5.739794	49.83617
	5.739725	49.83625
	5.739687	49.83634
	5.739675	49.83645
	5.739733	49.83654
	5.739862	49.83666
	5.740015	49.83681
	5.740091	49.83694
	5.740374	49.83743
	5.740538	49.83779
	5.740622	49.838
	5.740713	49.83842
	5.740789	49.83875
	5.740938	49.8389
	5.741304	49.83909
	5.741823	49.83929
	5.742529	49.83948
	5.74296	49.83956
	5.743666	49.83962
	5.743883	49.83961
	5.744089	49.83958
	5.744169	49.83955
	5.74428	49.8394
	5.744436	49.83935
	5.744696	49.83924
	5.7451	49.83901
	5.745527	49.83881
	5.745916	49.83871
	5.746542	49.83863
	5.747038	49.83859
	5.747469	49.83854
	5.74777	49.8385
	5.74803	49.83851
	5.748545	49.83863
	5.749044	49.83879
	5.749319	49.83889
	5.749525	49.83903
	5.750021	49.83941
	5.750269	49.83969
	5.750475	49.84009
	5.750479	49.84011
	5.750578	49.84026
	5.750616	49.84044
	5.750643	49.84067
	5.750604	49.84081
	5.75049	49.84106
	5.750399	49.84116
	5.750238	49.84125
	5.749853	49.84138
	5.749308	49.8416
	5.749064	49.84186
	5.748789	49.84211
	5.748579	49.84234
	5.748449	49.84263
	5.748411	49.84284
	5.74843	49.84325
	5.748373	49.84372
	5.748335	49.84387
	5.748297	49.84413
	5.748293	49.84421
	5.748365	49.8445
	5.748445	49.84467
	5.748571	49.84481
	5.748613	49.84494
	5.748617	49.84506
	5.748587	49.84543
	5.748495	49.84553
	5.748331	49.84576
	5.748205	49.84597
	5.748205	49.84609
	5.748232	49.84621
	5.748316	49.84638
	5.748465	49.84657
	5.748659	49.84674
	5.748957	49.84693
	5.74914	49.84703
	5.749296	49.84709
	5.74954	49.84715
	5.749949	49.84723
	5.750322	49.84728
	5.750753	49.84731
	5.750998	49.84731
	5.751207	49.84731
	5.751333	49.84729
	5.751478	49.84725
	5.751604	49.84718
	5.751699	49.84708
	5.751829	49.84686
	5.751848	49.84683
	5.751883	49.84678
	5.751978	49.84663
	5.752291	49.84629
	5.752314	49.84625
	5.752436	49.84573
	5.752531	49.8455
	5.752661	49.84537
	5.752752	49.84533
	5.752924	49.84527
	5.753008	49.84524
	5.753347	49.84516
	5.753473	49.84511
	5.753946	49.84491
	5.754122	49.84484
	5.754225	49.84482
	5.754339	49.84482
	5.754484	49.84484
	5.754675	49.84492
	5.754869	49.845
	5.755037	49.84505
	5.755793	49.84514
	5.756449	49.84532
	5.756624	49.84538
	5.756636	49.84538
	5.756662	49.84539
	5.756681	49.8454
	5.756796	49.84542
	5.757059	49.8455
	5.75725	49.84562
	5.757376	49.84575
	5.757422	49.8458
	5.75762	49.84591
	5.757971	49.84611
	5.758158	49.84624
	5.758295	49.84643
	5.758364	49.84666
	5.758409	49.84706
	5.758421	49.84727
	5.758398	49.84753
	5.75839	49.84768
	5.758406	49.84791
	5.758421	49.84821
	5.758463	49.84838
	5.758509	49.84844
	5.758543	49.84854
	5.758543	49.84874
	5.758478	49.84893
	5.758387	49.84909
	5.758257	49.84928
	5.758207	49.84934
	5.758158	49.84939
	5.757887	49.8496
	5.757597	49.8498
	5.757441	49.84992
	5.757387	49.84995
	5.756983	49.85017
	5.756838	49.85027
	5.756689	49.85036
	5.756556	49.85051
	5.756277	49.85071
	5.755926	49.85096
	5.755846	49.85103
	5.755655	49.85124
	5.755526	49.85137
	5.755381	49.85147
	5.755121	49.85162
	5.754919	49.85172
	5.75474	49.85176
	5.754515	49.8518
	5.754255	49.85183
	5.75403	49.85183
	5.753756	49.85182
	5.753462	49.8518
	5.75334	49.85176
	5.753126	49.85169
	5.75297	49.85162
	5.752829	49.85158
	5.752676	49.85154
	5.752489	49.85152
	5.752218	49.85151
	5.752119	49.85152
	5.75189	49.85156
	5.751684	49.85161
	5.751398	49.85171
	5.751223	49.85175
	5.751158	49.85176
	5.751085	49.85175
	5.750994	49.85172
	5.75094	49.85168
	5.75083	49.85157
	5.750765	49.85155
	5.750547	49.8515
	5.750265	49.85144
	5.750063	49.85141
	5.749903	49.8514
	5.749792	49.8514
	5.749659	49.85142
	5.749552	49.85146
	5.749311	49.85161
	5.749178	49.8517
	5.748945	49.85186
	5.74872	49.85196
	5.748468	49.85202
	5.748144	49.85207
	5.747919	49.85209
	5.747683	49.85206
	5.747534	49.85199
	5.747377	49.85186
	5.747271	49.85181
	5.747129	49.8518
	5.746935	49.85185
	5.746256	49.85213
	5.745985	49.85233
	5.745844	49.85256
	5.745844	49.85279
	5.745909	49.85307
	5.745874	49.85322
	5.745771	49.85333
	5.745714	49.85341
	5.745699	49.85349
	5.745741	49.8537
	5.745894	49.85396
	5.746088	49.85411
	5.746267	49.85418
	5.746805	49.85431
	5.747396	49.85444
	5.747625	49.8545
	5.747866	49.85457
	5.748159	49.85458
	5.748709	49.85458
	5.74898	49.85457
	5.749273	49.85451
	5.749639	49.8544
	5.74983	49.85433
	5.749975	49.85431
	5.750216	49.85435
	5.750536	49.85445
	5.750704	49.85451
	5.75078	49.85459
	5.750872	49.85468
	5.751005	49.85473
	5.75141	49.85478
	5.751528	49.85481
	5.751699	49.85488
	5.752653	49.85551
	5.753492	49.85591
	5.753874	49.85614
	5.754271	49.85641
	5.754438	49.8565
	5.754557	49.85655
	5.754694	49.85657
	5.755068	49.85657
	5.755529	49.85653
	5.756063	49.85645
	5.756479	49.85636
	5.756674	49.85625
	5.757067	49.85591
	5.75725	49.85586
	5.757551	49.85578
	5.75783	49.85576
	5.758085	49.85576
	5.758684	49.85579
	5.75915	49.85587
	5.760481	49.85623
	5.760664	49.8563
	5.760737	49.85637
	5.760775	49.85649
	5.760729	49.85662
	5.760599	49.85686
	5.760469	49.85702
	5.760138	49.85725
	5.759474	49.85778
	5.759134	49.85807
	5.758451	49.8585
	5.75815	49.85867
	5.757967	49.85872
	5.75778	49.85874
	5.75762	49.8588
	5.757425	49.85893
	5.757246	49.85911
	5.757086	49.85936
	5.756907	49.85978
	5.756731	49.85999
	5.756529	49.86017
	5.756262	49.86037
	5.756052	49.86047
	5.755812	49.86049
	5.755655	49.86054
	5.755426	49.8607
	5.755312	49.86085
	5.755247	49.86096
	5.75524	49.86106
	5.75532	49.86117
	5.755354	49.86126
	5.755255	49.86138
	5.755041	49.86155
	5.75469	49.86176
	5.754564	49.86187
	5.754476	49.86205
	5.754496	49.86221
	5.754679	49.86246
	5.755079	49.86291
	5.755354	49.86316
	5.756151	49.8641
	5.756537	49.86445
	5.756922	49.86477
	5.757013	49.86491
	5.756975	49.86511
	5.756746	49.86558
	5.756208	49.86653
	5.756037	49.8668
	5.755819	49.86697
	5.755491	49.86715
	5.754641	49.86752
	5.754309	49.86761
	5.753885	49.86771
	5.753565	49.86779
	5.753164	49.86801
	5.753069	49.86809
	5.752985	49.86819
	5.752928	49.8684
	5.752882	49.86859
	5.752813	49.86872
	5.752703	49.86884
	5.752703	49.86894
	5.752726	49.86901
	5.752825	49.86907
	5.752932	49.86913
	5.753015	49.86923
	5.753264	49.86956
	5.753401	49.86975
	5.753446	49.86988
	5.753485	49.8703
	5.753569	49.87071
	5.753611	49.87079
	5.75374	49.87091
	5.753839	49.87102
	5.753988	49.87122
	5.754	49.87133
	5.753996	49.87138
	5.753927	49.87192
	5.75403	49.87198
	5.754976	49.87255
	5.755343	49.87274
	5.755903	49.87303
	5.756151	49.87317
	5.756449	49.87325
	5.756674	49.87326
	5.756964	49.87322
	5.757635	49.87307
	5.758547	49.87285
	5.758715	49.8728
	5.758734	49.8728
	5.75894	49.87269
	5.759256	49.87242
	5.759398	49.87227
	5.759543	49.87217
	5.759893	49.87203
	5.760084	49.8719
	5.760313	49.87166
	5.760637	49.87138
	5.760908	49.8712
	5.761171	49.87107
	5.761274	49.87099
	5.761354	49.87082
	5.761377	49.87061
	5.761423	49.87052
	5.761648	49.87034
	5.762178	49.87001
	5.76235	49.86989
	5.762438	49.86972
	5.76251	49.86962
	5.762659	49.86952
	5.762926	49.86946
	5.763685	49.8694
	5.764658	49.86932
	5.7651	49.86932
	5.765558	49.86936
	5.76623	49.86955
	5.766913	49.86974
	5.767156	49.86986
	5.767649	49.87028
	5.768118	49.87066
	5.768454	49.87111
	5.768732	49.87162
	5.768816	49.87185
	5.768854	49.87213
	5.768908	49.87227
	5.769052	49.8724
	5.769316	49.87254
	5.76948	49.87257
	5.76972	49.87254
	5.770197	49.87246
	5.770483	49.87237
	5.771139	49.87212
	5.771566	49.87188
	5.771837	49.87166
	5.772066	49.8714
	5.772303	49.87097
	5.772638	49.87024
	5.772947	49.86968
	5.773623	49.86792
	5.773767	49.8676
	5.774004	49.86742
	5.774225	49.86732
	5.774427	49.86728
	5.774534	49.8673
	5.774641	49.86734
	5.774744	49.86745
	5.774782	49.86747
	5.774916	49.8676
	5.775072	49.86778
	5.775141	49.86797
	5.775164	49.86815
	5.775297	49.86848
	5.775454	49.8688
	5.77556	49.86896
	5.775721	49.86915
	5.775896	49.86934
	5.776068	49.8696
	5.77622	49.86985
	5.77638	49.87005
	5.77643	49.8702
	5.77643	49.87052
	5.776392	49.87073
	5.776407	49.87086
	5.77648	49.871
	5.776575	49.87108
	5.776724	49.87111
	5.776811	49.87112
	5.776907	49.87113
	5.777037	49.87119
	5.777216	49.87132
	5.777277	49.87142
	5.777384	49.87158
	5.777433	49.87174
	5.777449	49.87191
	5.777468	49.87204
	5.777533	49.8721
	5.777616	49.87214
	5.778082	49.87224
	5.778494	49.87229
	5.778711	49.87229
	5.778891	49.87226
	5.77902	49.87223
	5.779093	49.87223
	5.779158	49.87223
	5.779234	49.87226
	5.779329	49.87227
	5.779451	49.87229
	5.779566	49.8723
	5.779764	49.8723
	5.779993	49.87227
	5.780367	49.8722
	5.780725	49.87214
	5.78113	49.87208
	5.781553	49.87206
	5.782019	49.87199
	5.782602	49.87191
	5.782896	49.87187
	5.783003	49.87187
	5.783094	49.87187
	5.783224	49.87191
	5.783354	49.872
	5.783739	49.87241
	5.783888	49.87262
	5.783964	49.87275
	5.784033	49.87293
	5.784029	49.87301
	5.783999	49.87306
	5.783873	49.87313
	5.783396	49.8734
	5.783106	49.87351
	5.781984	49.87391
	5.781614	49.87401
	5.781298	49.87413
	5.780588	49.87441
	5.779856	49.87471
	5.779493	49.8748
	5.7791	49.87486
	5.778956	49.8749
	5.778856	49.87494
	5.77873	49.87503
	5.778441	49.87531
	5.778193	49.8756
	5.778078	49.87579
	5.77804	49.87589
	5.778063	49.87605
	5.778398	49.87636
	5.778543	49.87659
	5.778723	49.87682
	5.779017	49.87708
	5.779139	49.87715
	5.779261	49.87718
	5.779367	49.87718
	5.779909	49.87714
	5.780287	49.87705
	5.780584	49.8769
	5.780912	49.87668
	5.781259	49.87641
	5.781355	49.87636
	5.781618	49.87622
	5.782312	49.87586
	5.782568	49.87573
	5.782701	49.87575
	5.782812	49.87579
	5.782881	49.87584
	5.78293	49.87588
	5.782965	49.87593
	5.783033	49.87608
	5.783064	49.87617
	5.783133	49.87645
	5.783182	49.87655
	5.783331	49.87691
	5.783434	49.87715
	5.783533	49.87741
	5.783571	49.87753
	5.783579	49.87759
	5.783575	49.8777
	5.78356	49.87784
	5.783514	49.8781
	5.78343	49.87853
	5.783415	49.87863
	5.783392	49.87869
	5.783365	49.87874
	5.783335	49.87878
	5.783152	49.87894
	5.783041	49.87904
	5.782968	49.87911
	5.782915	49.87915
	5.782835	49.8792
	5.782675	49.87926
	5.782534	49.87933
	5.782461	49.87936
	5.782423	49.87937
	5.782312	49.87942
	5.78203	49.87946
	5.781828	49.87949
	5.781698	49.87953
	5.781378	49.87968
	5.781176	49.87978
	5.781	49.87986
	5.780947	49.87989
	5.780916	49.87994
	5.780874	49.88002
	5.780829	49.8801
	5.780741	49.88018
	5.78068	49.88021
	5.780634	49.88023
	5.780558	49.88024
	5.780405	49.88024
	5.780268	49.88026
	5.780214	49.88028
	5.780172	49.88031
	5.780142	49.88035
	5.780107	49.88045
	5.780073	49.88051
	5.780024	49.88058
	5.779974	49.88061
	5.779932	49.88064
	5.779859	49.88066
	5.77976	49.88068
	5.779688	49.8807
	5.7796	49.88077
	5.779486	49.88088
	5.779398	49.88094
	5.77936	49.88096
	5.779272	49.881
	5.779047	49.88106
	5.778921	49.8811
	5.778868	49.88112
	5.778845	49.88114
	5.77883	49.88121
	5.778822	49.8814
	5.778814	49.88147
	5.778727	49.88166
	5.778704	49.8817
	5.778662	49.88174
	5.778631	49.88176
	5.778597	49.88175
	5.778555	49.88171
	5.778505	49.88167
	5.778463	49.88165
	5.778429	49.88166
	5.778368	49.88171
	5.778234	49.88181
	5.778162	49.8819
	5.778101	49.88199
	5.778059	49.88208
	5.778051	49.88215
	5.778055	49.8822
	5.778082	49.88229
	5.778128	49.88239
	5.778292	49.88259
	5.778322	49.88268
	5.778341	49.88282
	5.778338	49.88293
	5.778307	49.88302
	5.778212	49.8832
	5.778177	49.88332
	5.778196	49.88342
	5.778227	49.88345
	5.778265	49.88346
	5.778318	49.88346
	5.77836	49.88345
	5.778402	49.88345
	5.778437	49.88347
	5.778433	49.88349
	5.778109	49.88376
	5.777937	49.88388
	5.777838	49.88389
	5.777536	49.88395
	5.777338	49.88399
	5.776808	49.88408
	5.776613	49.88412
	5.776422	49.88415
	5.77585	49.88427
	5.775759	49.88428
	5.77564	49.8843
	5.775347	49.88432
	5.775068	49.88434
	5.774877	49.88434
	5.774713	49.88434
	5.774607	49.88434
	5.774523	49.88435
	5.774435	49.88435
	5.774355	49.88436
	5.77389	49.88441
	5.773478	49.88448
	5.773211	49.88453
	5.772707	49.88464
	5.772551	49.88469
	5.772406	49.88474
	5.772203	49.88484
	5.771998	49.88496
	5.771833	49.88507
	5.771784	49.88511
	5.771734	49.88517
	5.771631	49.8853
	5.771509	49.88547
	5.771444	49.88556
	5.771414	49.88565
	5.771334	49.88585
	5.771231	49.88603
	5.771181	49.88611
	5.771048	49.8864
	5.771013	49.88647
	5.770952	49.88654
	5.770884	49.8866
	5.770754	49.88669
	5.770609	49.88678
	5.770556	49.88684
	5.770533	49.88687
	5.770513	49.88694
	5.770506	49.88697
	5.770506	49.88702
	5.770513	49.88705
	5.77054	49.88712
	5.770651	49.88733
	5.770609	49.88735
	5.77022	49.88709
	5.770132	49.88702
	5.770063	49.88699
	5.769972	49.88696
	5.769903	49.88695
	5.769671	49.88694
	5.769247	49.88693
	5.768892	49.88694
	5.76874	49.88695
	5.768629	49.88696
	5.76837	49.88701
	5.76821	49.88704
	5.767981	49.8871
	5.767782	49.88715
	5.767534	49.88725
	5.767469	49.88726
	5.767355	49.8873
	5.767351	49.88735
	5.767351	49.88737
	5.767317	49.88741
	5.767225	49.88751
	5.767145	49.88758
	5.767027	49.88769
	5.766966	49.88773
	5.766794	49.88783
	5.76671	49.88789
	5.766588	49.88798
	5.766542	49.888
	5.766489	49.88802
	5.766138	49.88811
	5.765783	49.88824
	5.765764	49.88823
	5.765684	49.88819
	5.765577	49.88814
	5.765543	49.88812
	5.765516	49.88812
	5.765482	49.88812
	5.765379	49.88815
	5.765341	49.88815
	5.765284	49.88813
	5.765135	49.88805
	5.76494	49.88823
	5.764914	49.88818
	5.764887	49.88817
	5.764852	49.88815
	5.764814	49.88815
	5.76473	49.88815
	5.764452	49.88817
	5.764345	49.88817
	5.763983	49.88824
	5.763891	49.88826
	5.763823	49.88826
	5.76372	49.88825
	5.763578	49.88824
	5.763491	49.88824
	5.763376	49.88824
	5.763296	49.88826
	5.763189	49.8883
	5.762861	49.88845
	5.762743	49.8885
	5.762285	49.88863
	5.761633	49.88886
	5.761446	49.88892
	5.761164	49.88899
	5.760965	49.88903
	5.760759	49.88907
	5.76066	49.8891
	5.760279	49.88924
	5.760183	49.88927
	5.760103	49.88929
	5.759851	49.88932
	5.759417	49.88936
	5.758978	49.88941
	5.758379	49.88947
	5.758131	49.88949
	5.757982	49.88949
	5.757669	49.88948
	5.757422	49.88946
	5.75736	49.88946
	5.757341	49.88946
	5.757299	49.88947
	5.757273	49.88949
	5.757254	49.88952
	5.757101	49.88981
	5.756861	49.88973
	5.756811	49.88973
	5.756754	49.88974
	5.756693	49.88975
	5.756659	49.88977
	5.756605	49.88981
	5.756453	49.88996
	5.756304	49.89011
	5.756052	49.89041
	5.755999	49.89046
	5.755949	49.8905
	5.7558	49.89059
	5.755953	49.89072
	5.755815	49.89073
	5.755682	49.89076
	5.755548	49.89079
	5.755411	49.89084
	5.755205	49.89092
	5.755102	49.89096
	5.754915	49.89105
	5.75469	49.89114
	5.754244	49.8913
	5.754091	49.89134
	5.753962	49.89137
	5.753889	49.89138
	5.753843	49.89137
	5.753771	49.89136
	5.753717	49.89135
	5.753294	49.89143
	5.753206	49.89146
	5.753038	49.89147
	5.752981	49.89135
	5.752977	49.89131
	5.752924	49.8913
	5.752401	49.89131
	5.75226	49.89131
	5.752058	49.89129
	5.75194	49.89129
	5.751844	49.89129
	5.751711	49.8913
	5.751493	49.89134
	5.75083	49.89144
	5.750425	49.89151
	5.750135	49.89158
	5.749842	49.89166
	5.749308	49.89183
	5.749044	49.89192
	5.74869	49.89206
	5.748419	49.89217
	5.747869	49.89239
	5.747572	49.89264
	5.747465	49.89274
	5.747603	49.89281
	5.747213	49.89307
	5.746939	49.89328
	5.746778	49.89342
	5.746733	49.89347
	5.746714	49.89352
	5.746717	49.89356
	5.746736	49.89362
	5.746756	49.89366
	5.746531	49.89368
	5.746504	49.89372
	5.746504	49.89374
	5.746569	49.89381
	5.746592	49.89384
	5.746588	49.89388
	5.746576	49.89403
	5.746378	49.89418
	5.746283	49.89417
	5.746191	49.89417
	5.74581	49.89421
	5.745409	49.89423
	5.745085	49.8943
	5.744768	49.89441
	5.744219	49.89459
	5.744131	49.89463
	5.744021	49.8947
	5.743864	49.89481
	5.743826	49.89484
	5.743792	49.89482
	5.743776	49.89482
	5.743616	49.89487
	5.743536	49.8949
	5.743456	49.89494
	5.743395	49.89496
	5.743349	49.89496
	5.74328	49.89494
	5.743238	49.89494
	5.743177	49.89496
	5.743029	49.89497
	5.742964	49.89497
	5.742926	49.89497
	5.74288	49.895
	5.742788	49.89508
	5.742746	49.89509
	5.742731	49.89511
	5.74272	49.89513
	5.742685	49.89513
	5.742544	49.89511
	5.742506	49.8951
	5.742163	49.89507
	5.741949	49.89505
	5.741877	49.89505
	5.741724	49.89507
	5.741346	49.89512
	5.741209	49.89513
	5.740976	49.89514
	5.740808	49.89513
	5.740686	49.89513
	5.740213	49.89507
	5.739759	49.895
	5.739305	49.89529
	5.739054	49.89547
	5.738611	49.89581
	5.738432	49.89595
	5.738131	49.89617
	5.738058	49.89621
	5.737993	49.89624
	5.73786	49.89629
	5.737501	49.8964
	5.73702	49.89654
	5.736933	49.89657
	5.736811	49.89663
	5.736731	49.89666
	5.736486	49.89672
	5.73636	49.89675
	5.736261	49.89675
	5.736086	49.89675
	5.735979	49.89675
	5.735922	49.89677
	5.73583	49.89681
	5.735769	49.89684
	5.735727	49.89688
	5.735708	49.8969
	5.735701	49.89693
END
END
