Netherlands_North Brabant_Tiburg
1
	5.102021	51.42892
	5.104573	51.43135
	5.099715	51.43897
	5.099552	51.43923
	5.097628	51.44224
	5.094566	51.44702
	5.087924	51.45736
	5.083702	51.46393
	5.083368	51.46445
	5.083324	51.46452
	5.081179	51.46784
	5.080962	51.46819
	5.080394	51.46912
	5.080175	51.46948
	5.079957	51.46984
	5.079253	51.47098
	5.079231	51.47103
	5.079294	51.4711
	5.079324	51.47117
	5.07935	51.47124
	5.079324	51.47132
	5.079232	51.47137
	5.079123	51.47145
	5.07906	51.47149
	5.07897	51.47152
	5.078913	51.47149
	5.078832	51.47146
	5.078723	51.47147
	5.078602	51.47148
	5.078564	51.47144
	5.078575	51.47136
	5.078541	51.47132
	5.078464	51.4713
	5.078356	51.47132
	5.078279	51.47136
	5.078151	51.47147
	5.078094	51.47151
	5.077957	51.47146
	5.077954	51.47145
	5.077809	51.47141
	5.077588	51.47137
	5.077304	51.47135
	5.077012	51.47135
	5.076639	51.47136
	5.076607	51.47136
	5.076321	51.47137
	5.076316	51.47137
	5.07609	51.47137
	5.075905	51.47137
	5.07581	51.47137
	5.075792	51.47137
	5.075528	51.47136
	5.075282	51.47134
	5.075105	51.47131
	5.074895	51.47128
	5.074595	51.47123
	5.074274	51.4712
	5.073929	51.47117
	5.073589	51.47115
	5.073179	51.47114
	5.072873	51.47114
	5.072625	51.47112
	5.072318	51.4711
	5.072011	51.4711
	5.062877	51.4711
	5.054774	51.4711
	5.054738	51.4711
	5.052454	51.4711
	5.049741	51.47111
	5.049277	51.47111
	5.04862	51.47111
	5.048534	51.47111
	5.048274	51.47111
	5.047548	51.47111
	5.047102	51.47111
	5.046301	51.47111
	5.045932	51.47111
	5.045768	51.47111
	5.045847	51.47128
	5.045918	51.47144
	5.045939	51.47156
	5.045941	51.47157
	5.045941	51.47168
	5.04592	51.47179
	5.045847	51.47196
	5.045745	51.47214
	5.045599	51.4724
	5.045389	51.47275
	5.04528	51.47289
	5.045179	51.473
	5.044816	51.47337
	5.044552	51.47366
	5.043882	51.47434
	5.043427	51.47469
	5.043348	51.47475
	5.042823	51.47456
	5.042488	51.47483
	5.043127	51.47506
	5.043154	51.47508
	5.043177	51.4751
	5.043181	51.47513
	5.043144	51.47518
	5.042773	51.47551
	5.042597	51.47565
	5.042398	51.47579
	5.041655	51.47631
	5.041471	51.4764
	5.041133	51.47657
	5.040893	51.47661
	5.040701	51.47706
	5.040413	51.47751
	5.040383	51.47754
	5.040335	51.47754
	5.039765	51.47741
	5.037889	51.47935
	5.039173	51.47977
	5.038889	51.48053
	5.038847	51.48064
	5.03885	51.48066
	5.039055	51.48158
	5.039099	51.48177
	5.039259	51.4825
	5.039845	51.48513
	5.040094	51.4851
	5.04021	51.48653
	5.038771	51.48654
	5.038703	51.48654
	5.038768	51.4869
	5.038788	51.487
	5.038271	51.48703
	5.036374	51.48716
	5.035678	51.48721
	5.034947	51.48726
	5.03394	51.48722
	5.033156	51.48719
	5.033165	51.48717
	5.033171	51.48711
	5.033171	51.48708
	5.033164	51.48702
	5.033149	51.48698
	5.033128	51.48694
	5.033103	51.4869
	5.033092	51.48688
	5.033074	51.48683
	5.033065	51.4868
	5.03306	51.48677
	5.033067	51.48674
	5.033071	51.48667
	5.033067	51.48665
	5.033048	51.48662
	5.033018	51.48659
	5.03296	51.48654
	5.032952	51.48653
	5.032947	51.48651
	5.032955	51.4865
	5.032976	51.48647
	5.032994	51.48644
	5.033	51.48642
	5.032993	51.48638
	5.032976	51.48635
	5.032955	51.48633
	5.032925	51.4863
	5.032891	51.48629
	5.032826	51.48626
	5.032731	51.48623
	5.032593	51.48619
	5.032269	51.48612
	5.032231	51.48613
	5.032188	51.48615
	5.032173	51.48619
	5.032152	51.48624
	5.032131	51.48627
	5.032108	51.48628
	5.032068	51.48629
	5.032038	51.48629
	5.032028	51.48628
	5.031995	51.48627
	5.031979	51.48626
	5.031957	51.48624
	5.03195	51.48622
	5.031954	51.4862
	5.03199	51.48615
	5.032001	51.48614
	5.032018	51.48612
	5.032034	51.4861
	5.032043	51.48605
	5.032057	51.486
	5.032068	51.48593
	5.03208	51.48587
	5.032082	51.48584
	5.032081	51.4858
	5.032064	51.48575
	5.032059	51.48573
	5.032045	51.48571
	5.032004	51.48569
	5.031951	51.48566
	5.031911	51.48565
	5.031855	51.48564
	5.031792	51.48564
	5.031759	51.48564
	5.031729	51.48564
	5.031693	51.48564
	5.031649	51.48564
	5.031604	51.48563
	5.031531	51.48559
	5.031477	51.48558
	5.031417	51.48556
	5.031339	51.48555
	5.031254	51.48554
	5.031163	51.48553
	5.031067	51.48551
	5.031003	51.48548
	5.030926	51.48545
	5.030885	51.48544
	5.030818	51.48543
	5.030776	51.48544
	5.030734	51.48544
	5.030679	51.48546
	5.030626	51.48547
	5.030581	51.48548
	5.030513	51.4855
	5.03045	51.4855
	5.030433	51.48551
	5.030412	51.48551
	5.030388	51.48551
	5.030354	51.4855
	5.030343	51.4855
	5.030326	51.48549
	5.030316	51.48548
	5.030316	51.48546
	5.030313	51.48544
	5.030322	51.48543
	5.030332	51.48541
	5.03034	51.48539
	5.030351	51.48536
	5.030358	51.48535
	5.030365	51.48534
	5.030349	51.48531
	5.030322	51.48528
	5.030311	51.48526
	5.030283	51.48523
	5.030223	51.4852
	5.03019	51.48518
	5.030125	51.48516
	5.030086	51.48515
	5.030031	51.48513
	5.029995	51.48513
	5.029908	51.48512
	5.029871	51.48512
	5.029809	51.48512
	5.02978	51.48511
	5.029758	51.4851
	5.029737	51.48509
	5.029721	51.48509
	5.02971	51.48508
	5.029698	51.48506
	5.029691	51.48505
	5.029671	51.48502
	5.029666	51.485
	5.02966	51.48498
	5.029639	51.48497
	5.029613	51.48495
	5.029582	51.48493
	5.029539	51.4849
	5.029481	51.48486
	5.029469	51.48485
	5.029463	51.48483
	5.029454	51.48481
	5.029452	51.4848
	5.029463	51.48479
	5.029467	51.48477
	5.029479	51.48476
	5.029479	51.48473
	5.029477	51.48472
	5.029463	51.4847
	5.029424	51.48468
	5.029368	51.48467
	5.029317	51.48466
	5.029277	51.48465
	5.029235	51.48464
	5.029198	51.48464
	5.029155	51.48463
	5.029126	51.48461
	5.029073	51.48456
	5.028962	51.48449
	5.028922	51.48446
	5.028863	51.48441
	5.028771	51.48438
	5.028677	51.48434
	5.028533	51.4843
	5.028356	51.48422
	5.02827	51.48419
	5.028155	51.48415
	5.027951	51.48407
	5.027773	51.484
	5.027685	51.48397
	5.027636	51.48394
	5.027543	51.48391
	5.027469	51.48389
	5.027378	51.48387
	5.027287	51.48387
	5.027286	51.48387
	5.027203	51.48388
	5.027144	51.48389
	5.02707	51.4839
	5.02701	51.4839
	5.026978	51.4839
	5.02691	51.48389
	5.026834	51.48386
	5.026724	51.4838
	5.026642	51.48376
	5.026513	51.48368
	5.026403	51.48364
	5.026309	51.4836
	5.026168	51.48356
	5.026043	51.48354
	5.025961	51.48351
	5.025929	51.48349
	5.025901	51.48343
	5.025891	51.48339
	5.02589	51.48337
	5.025822	51.48328
	5.025783	51.48326
	5.025745	51.48325
	5.025706	51.48325
	5.025677	51.48324
	5.025644	51.48324
	5.025566	51.48323
	5.025519	51.48324
	5.025426	51.48324
	5.025366	51.48323
	5.025315	51.48324
	5.025247	51.48322
	5.025178	51.48321
	5.025124	51.4832
	5.02503	51.48316
	5.024945	51.48313
	5.024898	51.48311
	5.024823	51.48307
	5.024689	51.483
	5.024567	51.48294
	5.024507	51.4829
	5.024431	51.48287
	5.024391	51.48284
	5.024311	51.4828
	5.024249	51.48277
	5.0242	51.48274
	5.024147	51.48271
	5.024015	51.48265
	5.023956	51.48263
	5.023854	51.48257
	5.023775	51.48253
	5.02371	51.48248
	5.023669	51.48245
	5.023644	51.48243
	5.023623	51.4824
	5.023599	51.48238
	5.023548	51.48233
	5.023506	51.48229
	5.023479	51.48227
	5.023451	51.48225
	5.02343	51.48222
	5.023419	51.4822
	5.023401	51.48218
	5.023388	51.48216
	5.023376	51.48215
	5.02335	51.48212
	5.023322	51.4821
	5.023291	51.48209
	5.023264	51.48207
	5.023196	51.48205
	5.02311	51.48203
	5.023044	51.48201
	5.022976	51.48199
	5.022933	51.48198
	5.022897	51.48196
	5.022839	51.48193
	5.022791	51.48189
	5.022767	51.48187
	5.022729	51.48185
	5.022696	51.48182
	5.022656	51.4818
	5.022592	51.48179
	5.022552	51.48179
	5.022414	51.48178
	5.022328	51.48178
	5.022279	51.48178
	5.022257	51.48177
	5.022206	51.48173
	5.022164	51.48169
	5.022069	51.48159
	5.022028	51.48154
	5.02197	51.48149
	5.021923	51.48145
	5.021865	51.48139
	5.021817	51.48136
	5.021777	51.48131
	5.021753	51.48129
	5.021693	51.48123
	5.021671	51.48121
	5.021635	51.48118
	5.021611	51.48116
	5.021579	51.48113
	5.021539	51.4811
	5.021477	51.48102
	5.021432	51.48097
	5.021409	51.48093
	5.021367	51.48086
	5.021318	51.48079
	5.021264	51.48072
	5.021203	51.48065
	5.02115	51.48058
	5.02111	51.48053
	5.021083	51.4805
	5.021063	51.48047
	5.021052	51.48046
	5.021012	51.48043
	5.020963	51.48039
	5.020925	51.48036
	5.020876	51.48034
	5.020838	51.48031
	5.020802	51.48028
	5.020776	51.48026
	5.02076	51.48024
	5.020749	51.48022
	5.020749	51.4802
	5.020767	51.48017
	5.020777	51.48014
	5.020795	51.48012
	5.020825	51.48009
	5.02084	51.48007
	5.020848	51.48005
	5.02085	51.48003
	5.020855	51.48
	5.020859	51.47998
	5.02085	51.47995
	5.020843	51.47992
	5.020821	51.47989
	5.020799	51.47986
	5.020773	51.47983
	5.020751	51.47981
	5.020733	51.47979
	5.020703	51.47976
	5.020678	51.47974
	5.020638	51.47971
	5.020611	51.47968
	5.020555	51.47965
	5.020522	51.47961
	5.020483	51.47951
	5.020456	51.47948
	5.02045	51.47946
	5.020434	51.47942
	5.020421	51.47939
	5.020404	51.47938
	5.020394	51.47936
	5.020377	51.47934
	5.020349	51.47932
	5.020313	51.4793
	5.020289	51.47929
	5.020261	51.47927
	5.020175	51.4792
	5.02015	51.47917
	5.020126	51.47915
	5.020105	51.47913
	5.020092	51.4791
	5.02009	51.47908
	5.020085	51.47905
	5.020086	51.47902
	5.020071	51.47898
	5.020062	51.47896
	5.020048	51.47892
	5.020039	51.47889
	5.020015	51.47888
	5.019995	51.47885
	5.01996	51.47883
	5.019925	51.4788
	5.01991	51.4788
	5.019881	51.47878
	5.019833	51.47876
	5.019776	51.47874
	5.01973	51.47872
	5.019665	51.47871
	5.019634	51.47869
	5.019591	51.47867
	5.019555	51.47865
	5.019484	51.47859
	5.019468	51.47857
	5.019445	51.47855
	5.019431	51.47852
	5.019411	51.47849
	5.019389	51.47846
	5.019364	51.47842
	5.019349	51.4784
	5.019336	51.47835
	5.019314	51.47832
	5.019294	51.47829
	5.019274	51.47828
	5.019245	51.47824
	5.019241	51.47822
	5.019225	51.47819
	5.019215	51.47816
	5.019211	51.47813
	5.019204	51.47811
	5.019167	51.47806
	5.019147	51.47804
	5.019118	51.478
	5.019095	51.47798
	5.019072	51.47795
	5.019046	51.47794
	5.019035	51.47793
	5.019032	51.47793
	5.018973	51.4779
	5.018947	51.47788
	5.018917	51.47781
	5.018916	51.47777
	5.018934	51.47772
	5.01891	51.47768
	5.018895	51.47766
	5.01887	51.47763
	5.018851	51.47761
	5.018826	51.47759
	5.018802	51.47756
	5.018773	51.47754
	5.01874	51.47751
	5.01872	51.47749
	5.018696	51.47745
	5.018686	51.47743
	5.018677	51.4774
	5.018661	51.47737
	5.018661	51.47731
	5.018637	51.47728
	5.018631	51.47725
	5.018611	51.47721
	5.01859	51.47718
	5.018557	51.47715
	5.018534	51.47713
	5.018516	51.47711
	5.018504	51.47708
	5.018496	51.47705
	5.01848	51.47702
	5.018478	51.477
	5.018441	51.47697
	5.018386	51.47694
	5.018355	51.47692
	5.018316	51.47689
	5.018283	51.47686
	5.018229	51.47683
	5.018186	51.47678
	5.018052	51.47669
	5.018005	51.47666
	5.017959	51.4766
	5.017899	51.47656
	5.017838	51.4765
	5.017798	51.47647
	5.017758	51.47642
	5.017742	51.47638
	5.017689	51.47631
	5.017649	51.47627
	5.017641	51.47624
	5.017631	51.47623
	5.017622	51.47621
	5.017595	51.47617
	5.017571	51.47615
	5.017515	51.47612
	5.017486	51.47609
	5.017447	51.47605
	5.017405	51.47603
	5.017387	51.47601
	5.017328	51.47597
	5.017265	51.47593
	5.017209	51.47588
	5.01712	51.47582
	5.017042	51.47577
	5.016948	51.47571
	5.016897	51.47568
	5.016832	51.47564
	5.016775	51.4756
	5.016707	51.47557
	5.016614	51.4755
	5.016585	51.47549
	5.016523	51.47544
	5.016531	51.47542
	5.016539	51.4754
	5.016553	51.47538
	5.016568	51.47536
	5.01659	51.47533
	5.016611	51.4753
	5.016633	51.47528
	5.016655	51.47526
	5.016661	51.47526
	5.016667	51.47525
	5.01667	51.47524
	5.016673	51.47523
	5.016668	51.47522
	5.016664	51.47522
	5.01666	51.47521
	5.016655	51.47521
	5.016625	51.47519
	5.016595	51.47517
	5.016569	51.47516
	5.016542	51.47515
	5.016339	51.47504
	5.016135	51.47493
	5.016097	51.47491
	5.016058	51.47489
	5.016018	51.47486
	5.015978	51.47484
	5.015972	51.47484
	5.015967	51.47484
	5.015854	51.47477
	5.015741	51.47471
	5.015648	51.47466
	5.015556	51.47461
	5.015542	51.4746
	5.015528	51.47459
	5.015474	51.47457
	5.015421	51.47455
	5.015403	51.47454
	5.015385	51.47453
	5.015325	51.4745
	5.015265	51.47447
	5.015235	51.47445
	5.015204	51.47443
	5.015103	51.47436
	5.015002	51.4743
	5.01495	51.47427
	5.014898	51.47424
	5.014781	51.47418
	5.014664	51.47413
	5.014612	51.4741
	5.01456	51.47408
	5.014539	51.47407
	5.014518	51.47406
	5.014482	51.47404
	5.014445	51.47402
	5.014433	51.47402
	5.014422	51.47401
	5.014362	51.47398
	5.014302	51.47396
	5.01428	51.47395
	5.014259	51.47394
	5.014223	51.47392
	5.014188	51.4739
	5.01416	51.47388
	5.014133	51.47385
	5.014103	51.47383
	5.014073	51.47381
	5.014033	51.47379
	5.013994	51.47377
	5.013935	51.47374
	5.013877	51.47372
	5.013855	51.47371
	5.013832	51.4737
	5.013764	51.47366
	5.013696	51.47363
	5.013648	51.47361
	5.0136	51.47358
	5.013509	51.47354
	5.013418	51.47349
	5.013328	51.47345
	5.013239	51.47341
	5.013205	51.47339
	5.013171	51.47338
	5.013149	51.47337
	5.013127	51.47336
	5.013078	51.47334
	5.013029	51.47332
	5.013018	51.47332
	5.013008	51.47331
	5.012937	51.47328
	5.012866	51.47324
	5.012801	51.47321
	5.012736	51.47318
	5.012617	51.47313
	5.012498	51.47308
	5.012416	51.47304
	5.012334	51.473
	5.012318	51.47299
	5.012302	51.47298
	5.012262	51.47296
	5.012221	51.47294
	5.012167	51.47291
	5.012114	51.47289
	5.01201	51.47285
	5.011905	51.47281
	5.011847	51.47278
	5.011789	51.47276
	5.011696	51.47272
	5.011604	51.47268
	5.011404	51.4726
	5.011205	51.47251
	5.011128	51.47248
	5.011051	51.47245
	5.011009	51.47243
	5.010967	51.47241
	5.010932	51.47238
	5.010898	51.47236
	5.010867	51.47233
	5.010836	51.47231
	5.010818	51.47229
	5.0108	51.47226
	5.010773	51.47222
	5.010745	51.47217
	5.010722	51.47213
	5.010699	51.47208
	5.010686	51.47205
	5.010673	51.47201
	5.010658	51.47196
	5.010643	51.4719
	5.010638	51.47189
	5.010633	51.47187
	5.01062	51.47183
	5.010607	51.47179
	5.010603	51.47178
	5.010599	51.47177
	5.010582	51.47174
	5.010566	51.47172
	5.010547	51.47169
	5.010528	51.47166
	5.010506	51.47163
	5.010485	51.4716
	5.010456	51.47157
	5.010427	51.47155
	5.010398	51.47152
	5.010368	51.47149
	5.010349	51.47146
	5.01033	51.47142
	5.010314	51.47139
	5.010298	51.47135
	5.010279	51.4713
	5.01026	51.47125
	5.010236	51.47119
	5.010213	51.47114
	5.010208	51.47112
	5.010203	51.47111
	5.010193	51.4711
	5.010183	51.47108
	5.010101	51.47095
	5.010019	51.47082
	5.009985	51.47075
	5.009952	51.47069
	5.009909	51.47061
	5.009866	51.47053
	5.009837	51.47048
	5.009808	51.47042
	5.009772	51.47036
	5.009735	51.4703
	5.009708	51.47024
	5.00968	51.47019
	5.009671	51.47017
	5.009663	51.47016
	5.009655	51.47015
	5.009648	51.47014
	5.009611	51.47008
	5.009573	51.47003
	5.009554	51.46999
	5.009536	51.46995
	5.009521	51.46991
	5.009506	51.46986
	5.009502	51.46985
	5.009498	51.46984
	5.009485	51.46982
	5.009471	51.4698
	5.009462	51.46978
	5.009453	51.46977
	5.00939	51.46964
	5.009327	51.46952
	5.009296	51.46945
	5.009264	51.46937
	5.009233	51.46931
	5.009202	51.46925
	5.009188	51.46923
	5.009174	51.46921
	5.009136	51.46915
	5.009098	51.46909
	5.009059	51.46902
	5.00902	51.46895
	5.009006	51.46893
	5.008992	51.4689
	5.008963	51.46883
	5.008934	51.46876
	5.008914	51.46872
	5.008893	51.46867
	5.008886	51.46865
	5.00888	51.46864
	5.008871	51.46862
	5.008862	51.46861
	5.008822	51.46854
	5.008783	51.46847
	5.008759	51.46843
	5.008735	51.4684
	5.008688	51.46832
	5.008642	51.46825
	5.008598	51.46817
	5.008555	51.4681
	5.008525	51.46804
	5.008496	51.46798
	5.00847	51.46791
	5.008443	51.46785
	5.008417	51.46778
	5.008373	51.4677
	5.008329	51.46761
	5.008315	51.46758
	5.008301	51.46756
	5.008267	51.46748
	5.008232	51.46741
	5.008184	51.4673
	5.008137	51.4672
	5.008116	51.46715
	5.008095	51.4671
	5.008066	51.46703
	5.008037	51.46695
	5.007997	51.46685
	5.007975	51.46679
	5.007964	51.46676
	5.007953	51.46673
	5.007906	51.46658
	5.007859	51.46642
	5.007835	51.46634
	5.007811	51.46626
	5.007802	51.46623
	5.007793	51.4662
	5.007715	51.46596
	5.007637	51.46572
	5.007546	51.46546
	5.007455	51.46519
	5.007419	51.46506
	5.007382	51.46493
	5.007337	51.46478
	5.007292	51.46463
	5.007278	51.46457
	5.007264	51.4645
	5.007258	51.46444
	5.007251	51.46438
	5.007253	51.46437
	5.007255	51.46435
	5.007282	51.46427
	5.00731	51.46419
	5.00734	51.4641
	5.007371	51.464
	5.007413	51.46387
	5.007455	51.46374
	5.007475	51.46367
	5.00751	51.46355
	5.007544	51.46342
	5.007561	51.46334
	5.007579	51.46327
	5.007601	51.46316
	5.007624	51.46305
	5.007655	51.46292
	5.007685	51.46278
	5.007714	51.46264
	5.007742	51.4625
	5.007758	51.4624
	5.007773	51.46231
	5.007782	51.46229
	5.00779	51.46226
	5.007807	51.46225
	5.007824	51.46223
	5.007833	51.46223
	5.007841	51.46222
	5.007853	51.46222
	5.007864	51.46222
	5.007902	51.46221
	5.00794	51.46221
	5.007968	51.46221
	5.007995	51.46221
	5.0081	51.46222
	5.008204	51.46223
	5.008341	51.46223
	5.008477	51.46224
	5.008575	51.46225
	5.008673	51.46226
	5.008707	51.46226
	5.008741	51.46226
	5.008751	51.46226
	5.008762	51.46226
	5.008776	51.46225
	5.008791	51.46224
	5.00881	51.46222
	5.00883	51.46219
	5.008867	51.46212
	5.008904	51.46204
	5.008962	51.4619
	5.009021	51.46176
	5.009046	51.4617
	5.009071	51.46163
	5.00911	51.46153
	5.00915	51.46143
	5.009163	51.4614
	5.009176	51.46137
	5.009207	51.46131
	5.009238	51.46124
	5.009253	51.46121
	5.009269	51.46119
	5.009347	51.46106
	5.009426	51.46094
	5.009505	51.46082
	5.009583	51.4607
	5.009665	51.46058
	5.009747	51.46046
	5.009815	51.46036
	5.009882	51.46026
	5.009889	51.46024
	5.009897	51.46023
	5.00992	51.46018
	5.009944	51.46014
	5.009981	51.46008
	5.010017	51.46003
	5.010047	51.45999
	5.010077	51.45995
	5.010164	51.45988
	5.010252	51.45982
	5.010267	51.45982
	5.010294	51.45983
	5.01032	51.45984
	5.010352	51.45983
	5.010385	51.45983
	5.01039	51.45981
	5.010394	51.45979
	5.01044	51.45976
	5.010486	51.45972
	5.010465	51.4597
	5.010443	51.45967
	5.010441	51.45966
	5.01044	51.45966
	5.010435	51.45966
	5.01043	51.45965
	5.010426	51.45964
	5.010422	51.45963
	5.01047	51.45954
	5.010518	51.45946
	5.010538	51.45945
	5.010559	51.45943
	5.010595	51.45943
	5.010632	51.45942
	5.010652	51.45942
	5.010673	51.45942
	5.010694	51.45939
	5.010716	51.45937
	5.010731	51.45935
	5.010747	51.45933
	5.010759	51.45931
	5.010771	51.45929
	5.010779	51.45925
	5.010787	51.45922
	5.010782	51.45918
	5.010776	51.45915
	5.010755	51.45911
	5.010735	51.45907
	5.010668	51.459
	5.0106	51.45892
	5.010577	51.45891
	5.010554	51.45891
	5.0105	51.45891
	5.010455	51.4589
	5.01042	51.45887
	5.010385	51.45884
	5.01034	51.45882
	5.010295	51.45879
	5.010269	51.45878
	5.010243	51.45877
	5.01024	51.45872
	5.010237	51.45867
	5.010257	51.45863
	5.010276	51.45859
	5.010289	51.45858
	5.010301	51.45857
	5.01033	51.45856
	5.010359	51.45855
	5.010372	51.45855
	5.010385	51.45855
	5.010389	51.45851
	5.010394	51.45847
	5.010429	51.45836
	5.010463	51.45824
	5.010553	51.458
	5.010561	51.45789
	5.010525	51.45784
	5.010475	51.45781
	5.010267	51.45767
	5.010175	51.4576
	5.010106	51.45754
	5.010007	51.45744
	5.009925	51.45734
	5.009802	51.45717
	5.009788	51.45712
	5.009803	51.45707
	5.009864	51.45696
	5.009994	51.4568
	5.010157	51.45662
	5.010393	51.45641
	5.010527	51.45631
	5.010651	51.45624
	5.010782	51.45618
	5.010885	51.45611
	5.01095	51.45605
	5.010977	51.45601
	5.010992	51.45594
	5.010996	51.45589
	5.010996	51.45553
	5.010892	51.45508
	5.010793	51.4547
	5.010662	51.45438
	5.010518	51.45393
	5.010346	51.45361
	5.010198	51.4534
	5.010135	51.45333
	5.009888	51.45311
	5.009518	51.45275
	5.009425	51.45266
	5.00933	51.45259
	5.009258	51.45256
	5.00915	51.45253
	5.009024	51.45251
	5.008587	51.45248
	5.008285	51.45246
	5.008185	51.45245
	5.008127	51.45243
	5.008103	51.45242
	5.008074	51.45238
	5.007966	51.45222
	5.007884	51.45205
	5.007856	51.45193
	5.007852	51.45182
	5.00784	51.45176
	5.007803	51.45172
	5.00757	51.45154
	5.00749	51.45148
	5.007475	51.45147
	5.007466	51.45147
	5.00744	51.45146
	5.007303	51.45146
	5.007085	51.45149
	5.006789	51.45154
	5.006507	51.45157
	5.006403	51.45158
	5.006305	51.45155
	5.006274	51.45153
	5.006197	51.45148
	5.005641	51.4511
	5.005493	51.451
	5.005409	51.45081
	5.005368	51.45067
	5.005368	51.45065
	5.005367	51.45061
	5.005361	51.45054
	5.005346	51.45051
	5.005327	51.45046
	5.005301	51.45038
	5.005253	51.4503
	5.005219	51.45025
	5.005142	51.45017
	5.005097	51.4501
	5.005065	51.45001
	5.005055	51.44992
	5.005049	51.44978
	5.005018	51.44956
	5.005001	51.44939
	5.005003	51.44938
	5.005035	51.44933
	5.005209	51.44921
	5.005279	51.44919
	5.005343	51.44915
	5.005356	51.44909
	5.005357	51.44903
	5.005167	51.44823
	5.005123	51.44805
	5.005046	51.44774
	5.004939	51.44734
	5.004867	51.44706
	5.004767	51.44666
	5.004722	51.4461
	5.004734	51.44599
	5.00469	51.44556
	5.004662	51.44507
	5.00463	51.44498
	5.004415	51.4447
	5.004368	51.44462
	5.004426	51.44458
	5.005072	51.4445
	5.005112	51.44446
	5.005077	51.44441
	5.005026	51.44437
	5.004929	51.44429
	5.004816	51.44418
	5.004652	51.44398
	5.004582	51.44393
	5.004472	51.44388
	5.004382	51.44386
	5.004264	51.4438
	5.004174	51.44373
	5.004014	51.44359
	5.003922	51.44355
	5.003647	51.44344
	5.003579	51.44342
	5.003235	51.44336
	5.003073	51.44333
	5.002887	51.44332
	5.002641	51.44322
	5.002594	51.44317
	5.002524	51.44313
	5.00233	51.44306
	5.002209	51.44301
	5.002032	51.44295
	5.001897	51.44292
	5.001725	51.44286
	5.001643	51.44284
	5.001369	51.44279
	5.001118	51.44276
	5.000977	51.44277
	5.000903	51.44275
	5.000839	51.44272
	5.000177	51.44207
	4.9996	51.4416
	4.999225	51.44128
	4.998947	51.44107
	4.998365	51.44058
	4.998062	51.44035
	4.998041	51.44034
	4.997575	51.44011
	4.997386	51.44001
	4.996432	51.43953
	4.996363	51.43949
	4.996284	51.43945
	4.99628	51.43945
	4.995251	51.43901
	4.994343	51.43848
	4.993904	51.43826
	4.990742	51.43665
	4.9907	51.43663
	4.990679	51.43662
	4.990655	51.43661
	4.990026	51.43628
	4.989985	51.43626
	4.989965	51.43625
	4.98909	51.4358
	4.988363	51.43543
	4.988289	51.43539
	4.988285	51.43539
	4.987207	51.43484
	4.985534	51.43399
	4.984984	51.43371
	4.98385	51.43313
	4.98263	51.4325
	4.979881	51.43107
	4.979878	51.43107
	4.979796	51.43103
	4.97979	51.43102
	4.979776	51.43102
	4.979741	51.431
	4.978738	51.43048
	4.978027	51.43014
	4.97699	51.42958
	4.976027	51.42908
	4.974986	51.42853
	4.974418	51.42823
	4.973937	51.42798
	4.973873	51.42794
	4.973799	51.42791
	4.972875	51.42742
	4.97128	51.42658
	4.971278	51.42658
	4.969313	51.42554
	4.96888	51.42531
	4.967849	51.42477
	4.96778	51.42473
	4.967773	51.42473
	4.966032	51.4238
	4.966011	51.42378
	4.96591	51.42373
	4.965883	51.42372
	4.96445	51.42295
	4.964446	51.42295
	4.963219	51.42229
	4.963006	51.42213
	4.962996	51.42212
	4.962985	51.42211
	4.962958	51.42209
	4.960945	51.42055
	4.960636	51.42031
	4.959979	51.41981
	4.959888	51.41974
	4.959858	51.41972
	4.959851	51.41971
	4.959837	51.4197
	4.958609	51.41876
	4.957362	51.4178
	4.957347	51.41779
	4.955565	51.41642
	4.954342	51.41548
	4.952314	51.41392
	4.952296	51.41391
	4.951692	51.41344
	4.951076	51.41297
	4.948736	51.41117
	4.947983	51.41059
	4.947497	51.41021
	4.947485	51.41021
	4.947012	51.40984
	4.946967	51.40981
	4.946949	51.40979
	4.946927	51.40978
	4.946681	51.40959
	4.946304	51.4093
	4.946293	51.40929
	4.946277	51.40928
	4.945658	51.4088
	4.944305	51.40776
	4.944249	51.40772
	4.942888	51.40668
	4.942727	51.40655
	4.942499	51.40638
	4.941446	51.40557
	4.941082	51.4053
	4.940113	51.40457
	4.938137	51.40308
	4.937013	51.40222
	4.936982	51.4022
	4.936676	51.40196
	4.93665	51.40194
	4.935259	51.40087
	4.934641	51.40039
	4.933991	51.39988
	4.933769	51.39971
	4.932646	51.39885
	4.931137	51.39769
	4.931112	51.39767
	4.930101	51.3969
	4.928979	51.39605
	4.928927	51.39602
	4.928741	51.39593
	4.928684	51.3959
	4.928219	51.39823
	4.928056	51.39905
	4.928036	51.39906
	4.927903	51.39971
	4.927898	51.39973
	4.927555	51.39967
	4.927211	51.39957
	4.926945	51.39948
	4.926705	51.3994
	4.926206	51.39923
	4.925722	51.39908
	4.925438	51.399
	4.924579	51.39882
	4.924428	51.39878
	4.924441	51.39874
	4.924485	51.39858
	4.924537	51.39817
	4.924586	51.39778
	4.924838	51.39733
	4.924922	51.39716
	4.925021	51.39699
	4.925063	51.39692
	4.925236	51.39665
	4.925244	51.39665
	4.925263	51.39664
	4.926945	51.39586
	4.927854	51.39544
	4.925149	51.39475
	4.924661	51.39463
	4.92463	51.39462
	4.924533	51.39459
	4.924387	51.39456
	4.923362	51.39429
	4.923212	51.39426
	4.923195	51.39425
	4.922095	51.39397
	4.92209	51.39397
	4.922065	51.39397
	4.920959	51.39369
	4.920941	51.39369
	4.919928	51.39389
	4.919907	51.39389
	4.919366	51.394
	4.918758	51.39412
	4.918738	51.39412
	4.917917	51.39428
	4.917298	51.3944
	4.917272	51.39441
	4.917115	51.39444
	4.917041	51.39445
	4.916456	51.39457
	4.914711	51.39491
	4.913849	51.39508
	4.915387	51.39533
	4.916887	51.39627
	4.916931	51.3963
	4.916984	51.39633
	4.917591	51.39671
	4.917665	51.39675
	4.917806	51.39684
	4.917978	51.39684
	4.918254	51.39683
	4.918495	51.39682
	4.919196	51.3968
	4.919621	51.39678
	4.920123	51.39677
	4.92017	51.39677
	4.92018	51.39677
	4.921298	51.39675
	4.921548	51.39675
	4.922415	51.39674
	4.922428	51.39674
	4.922705	51.39674
	4.923504	51.39674
	4.923505	51.39674
	4.923604	51.39674
	4.924016	51.3968
	4.924076	51.39681
	4.924587	51.39688
	4.924609	51.3969
	4.924636	51.39693
	4.924307	51.39774
	4.924276	51.39782
	4.923366	51.39848
	4.923319	51.39851
	4.923268	51.39855
	4.923001	51.39851
	4.922975	51.3985
	4.921226	51.39843
	4.920826	51.39841
	4.919072	51.39832
	4.91892	51.3983
	4.918625	51.39829
	4.918478	51.39817
	4.918451	51.39815
	4.918416	51.39813
	4.918334	51.39806
	4.91831	51.39805
	4.918152	51.39793
	4.918127	51.39822
	4.918126	51.39823
	4.917452	51.39838
	4.916697	51.39856
	4.916121	51.39872
	4.916144	51.39875
	4.916588	51.39922
	4.917039	51.39967
	4.917791	51.4004
	4.917834	51.40047
	4.917816	51.40051
	4.91562	51.401
	4.914059	51.40135
	4.913016	51.40159
	4.912273	51.40177
	4.912276	51.40177
	4.912416	51.4021
	4.91244	51.40218
	4.912478	51.40232
	4.912496	51.4024
	4.912226	51.40246
	4.911654	51.40435
	4.91178	51.4045
	4.910162	51.40584
	4.910005	51.40596
	4.909811	51.40609
	4.909499	51.40626
	4.909314	51.40634
	4.909373	51.40647
	4.909604	51.407
	4.909737	51.40727
	4.909809	51.40741
	4.909804	51.40744
	4.909677	51.40747
	4.909667	51.40747
	4.909645	51.40748
	4.909568	51.4075
	4.909448	51.40754
	4.908783	51.40784
	4.908773	51.40785
	4.908663	51.4079
	4.908157	51.40808
	4.907895	51.4082
	4.907605	51.40836
	4.906849	51.40879
	4.906523	51.40899
	4.905931	51.4086
	4.905956	51.40871
	4.906059	51.40899
	4.906061	51.40914
	4.905951	51.40942
	4.905876	51.40953
	4.905772	51.4097
	4.905708	51.40982
	4.905696	51.4099
	4.905703	51.40992
	4.905511	51.40995
	4.905347	51.40997
	4.905272	51.40998
	4.905032	51.40977
	4.904972	51.40973
	4.904893	51.40973
	4.904216	51.40984
	4.904088	51.40987
	4.903929	51.4099
	4.903702	51.40996
	4.903714	51.40998
	4.903716	51.40998
	4.903747	51.41003
	4.904723	51.41165
	4.904867	51.41188
	4.904869	51.41189
	4.904878	51.4119
	4.904349	51.41218
	4.903848	51.41241
	4.903839	51.4124
	4.903771	51.4123
	4.903723	51.41223
	4.903596	51.41209
	4.903481	51.41195
	4.903459	51.41191
	4.903457	51.41191
	4.903409	51.41183
	4.903245	51.41149
	4.903209	51.41141
	4.902992	51.4109
	4.902989	51.41089
	4.902727	51.41028
	4.902722	51.41026
	4.902711	51.41025
	4.902126	51.4104
	4.90241	51.41134
	4.902493	51.41205
	4.902481	51.41222
	4.902402	51.4125
	4.902559	51.41249
	4.90256	51.4125
	4.902561	51.41251
	4.902595	51.41279
	4.902756	51.41299
	4.903187	51.41355
	4.90287	51.41355
	4.902005	51.41388
	4.901844	51.4149
	4.900082	51.41462
	4.899994	51.41467
	4.899782	51.41457
	4.89905	51.41446
	4.898765	51.41407
	4.898582	51.41373
	4.898356	51.4137
	4.898043	51.41365
	4.897874	51.41362
	4.897739	51.41358
	4.897624	51.41353
	4.897562	51.41349
	4.89744	51.41335
	4.898082	51.41291
	4.898223	51.41283
	4.898281	51.4128
	4.898302	51.4128
	4.898299	51.41279
	4.898291	51.41265
	4.898352	51.41203
	4.898388	51.41189
	4.898389	51.41189
	4.898383	51.41188
	4.898396	51.41187
	4.8984	51.41186
	4.898232	51.4118
	4.89799	51.41175
	4.897767	51.41172
	4.897565	51.41169
	4.897374	51.41167
	4.897133	51.41169
	4.897046	51.41172
	4.896985	51.41179
	4.896783	51.41217
	4.896697	51.41235
	4.89669	51.41237
	4.896687	51.41237
	4.896639	51.41239
	4.896658	51.41245
	4.896652	51.4125
	4.896667	51.41254
	4.896637	51.41258
	4.896487	51.41285
	4.896475	51.41287
	4.895858	51.41289
	4.895638	51.41289
	4.895258	51.41288
	4.894766	51.41288
	4.894698	51.41289
	4.894607	51.41291
	4.894525	51.41295
	4.894419	51.413
	4.894259	51.41308
	4.893991	51.41323
	4.892714	51.41401
	4.891764	51.4145
	4.891637	51.41458
	4.890975	51.41505
	4.890908	51.41509
	4.890863	51.41513
	4.890839	51.41511
	4.890837	51.41511
	4.890715	51.41504
	4.890572	51.41495
	4.890444	51.41485
	4.890301	51.41474
	4.890082	51.41497
	4.889932	51.4152
	4.889834	51.41528
	4.889511	51.4155
	4.889073	51.4155
	4.888936	51.41548
	4.888841	51.41545
	4.888732	51.41539
	4.88863	51.41531
	4.888429	51.41516
	4.887839	51.41511
	4.887828	51.4151
	4.88696	51.41506
	4.886808	51.41512
	4.886173	51.41529
	4.885881	51.41533
	4.88607	51.4166
	4.886074	51.41662
	4.885837	51.41664
	4.885562	51.41664
	4.8849	51.41664
	4.884295	51.41658
	4.883578	51.41652
	4.883273	51.41649
	4.882934	51.41648
	4.882947	51.41646
	4.88295	51.41646
	4.883028	51.41637
	4.883072	51.41529
	4.882524	51.41526
	4.88252	51.41526
	4.882132	51.41529
	4.881985	51.41533
	4.881454	51.41545
	4.881331	51.41547
	4.88117	51.41537
	4.88107	51.41527
	4.880947	51.41511
	4.880822	51.41504
	4.880702	51.41498
	4.880616	51.41497
	4.880505	51.41498
	4.880243	51.41476
	4.879796	51.41437
	4.879727	51.41435
	4.879362	51.41428
	4.879353	51.41428
	4.878443	51.4141
	4.878404	51.41415
	4.878156	51.41461
	4.877883	51.41516
	4.877805	51.41531
	4.877803	51.41532
	4.877795	51.41534
	4.877609	51.41531
	4.876956	51.41526
	4.876407	51.41523
	4.876012	51.4152
	4.875603	51.41514
	4.874907	51.41504
	4.87457	51.41498
	4.873964	51.41485
	4.873553	51.41475
	4.873564	51.41474
	4.873568	51.41473
	4.87363	51.41462
	4.873835	51.41428
	4.873638	51.41422
	4.87363	51.41422
	4.873525	51.41417
	4.873521	51.41417
	4.873366	51.41405
	4.873306	51.41388
	4.873168	51.41384
	4.872848	51.4138
	4.872885	51.41362
	4.872161	51.41357
	4.872112	51.41377
	4.871255	51.41372
	4.871161	51.4136
	4.871093	51.41353
	4.870972	51.41346
	4.870647	51.41338
	4.870389	51.41299
	4.869922	51.41304
	4.868722	51.41289
	4.868848	51.41266
	4.868008	51.41254
	4.867947	51.41238
	4.867724	51.41222
	4.867559	51.41208
	4.866964	51.4118
	4.866767	51.41172
	4.866621	51.41166
	4.866425	51.41153
	4.866301	51.41147
	4.866282	51.41146
	4.866255	51.41144
	4.866386	51.41135
	4.866382	51.41132
	4.866293	51.41124
	4.866264	51.41118
	4.866271	51.41108
	4.866244	51.41103
	4.866225	51.411
	4.866236	51.41096
	4.86634	51.41092
	4.8664	51.4109
	4.866443	51.41086
	4.866492	51.41076
	4.866497	51.41071
	4.866591	51.41069
	4.866744	51.4107
	4.866828	51.41068
	4.866898	51.41065
	4.866977	51.41063
	4.867008	51.41066
	4.867066	51.41076
	4.867096	51.41076
	4.867135	51.41075
	4.867351	51.41066
	4.867482	51.41062
	4.867625	51.4106
	4.867746	51.41063
	4.867822	51.41066
	4.867886	51.41064
	4.867905	51.41062
	4.867937	51.41052
	4.868012	51.41049
	4.868106	51.41049
	4.868194	51.41048
	4.868208	51.41046
	4.868119	51.41029
	4.868083	51.41025
	4.868049	51.41023
	4.86804	51.41018
	4.868071	51.41017
	4.868342	51.41009
	4.868381	51.41007
	4.868382	51.40996
	4.868349	51.40991
	4.868284	51.40983
	4.868198	51.40971
	4.868201	51.40968
	4.868163	51.40966
	4.86816	51.40965
	4.867367	51.40911
	4.866669	51.40958
	4.866463	51.40971
	4.866217	51.4099
	4.866166	51.40997
	4.866109	51.40998
	4.86602	51.40999
	4.865699	51.41002
	4.865697	51.41002
	4.865499	51.41003
	4.865148	51.41007
	4.864761	51.41012
	4.864644	51.41012
	4.864122	51.4102
	4.863999	51.41021
	4.863626	51.41023
	4.863599	51.41024
	4.863518	51.41025
	4.863508	51.41026
	4.862769	51.4103
	4.862767	51.4103
	4.862059	51.41035
	4.861973	51.41035
	4.861826	51.41037
	4.861738	51.41037
	4.861627	51.41037
	4.861537	51.41038
	4.861501	51.41039
	4.861184	51.4104
	4.860893	51.41043
	4.860676	51.41045
	4.860549	51.41045
	4.860514	51.41045
	4.860357	51.4105
	4.860255	51.41058
	4.860201	51.41066
	4.860082	51.4108
	4.859963	51.4109
	4.859764	51.41109
	4.859702	51.41119
	4.859743	51.41132
	4.859766	51.41138
	4.859984	51.41296
	4.859985	51.41297
	4.85999	51.413
	4.859852	51.41302
	4.859815	51.41301
	4.859793	51.41294
	4.859701	51.41294
	4.85969	51.41295
	4.859663	51.41307
	4.859682	51.41311
	4.85988	51.41322
	4.859929	51.41326
	4.859937	51.41329
	4.859907	51.41331
	4.85973	51.41333
	4.859634	51.41332
	4.859491	51.41328
	4.859467	51.41325
	4.859461	51.41322
	4.859411	51.41318
	4.859328	51.41315
	4.859048	51.41314
	4.858986	51.41312
	4.85895	51.41309
	4.858963	51.41304
	4.859023	51.41291
	4.859011	51.41288
	4.858984	51.41287
	4.858892	51.41288
	4.858788	51.41291
	4.858579	51.41299
	4.858513	51.41298
	4.858377	51.4128
	4.858307	51.4128
	4.857845	51.41294
	4.857782	51.41296
	4.857778	51.41299
	4.857853	51.41307
	4.857864	51.41312
	4.857871	51.41314
	4.857857	51.41317
	4.857809	51.41318
	4.857765	51.41317
	4.857698	51.41315
	4.857546	51.41306
	4.857483	51.41303
	4.857464	51.41296
	4.857482	51.41295
	4.857608	51.41278
	4.857612	51.41273
	4.857467	51.41271
	4.857345	51.41275
	4.857133	51.41283
	4.857082	51.41284
	4.85703	51.41284
	4.856985	51.41283
	4.856901	51.4128
	4.856768	51.4127
	4.856707	51.41269
	4.856652	51.41272
	4.856662	51.41281
	4.856649	51.41288
	4.856593	51.41291
	4.856529	51.4129
	4.856417	51.41283
	4.856269	51.41278
	4.856168	51.4128
	4.855953	51.41291
	4.855844	51.41291
	4.855743	51.41288
	4.855572	51.4128
	4.855519	51.41281
	4.855479	51.41285
	4.855437	51.41294
	4.855443	51.41297
	4.855479	51.413
	4.8555	51.413
	4.855612	51.41303
	4.855655	51.41307
	4.855657	51.4131
	4.855635	51.41311
	4.855594	51.41312
	4.855527	51.41312
	4.855476	51.41312
	4.85537	51.41313
	4.855157	51.41323
	4.855103	51.41327
	4.855088	51.41331
	4.855135	51.41334
	4.855188	51.41338
	4.855213	51.4134
	4.855207	51.41343
	4.85518	51.41344
	4.855106	51.41343
	4.855105	51.41343
	4.854896	51.41341
	4.854858	51.41339
	4.854837	51.41327
	4.854801	51.41323
	4.854734	51.41321
	4.854709	51.41322
	4.854611	51.41336
	4.854574	51.41347
	4.854567	51.41354
	4.854551	51.4136
	4.854527	51.41364
	4.854463	51.41367
	4.854407	51.41368
	4.854316	51.41367
	4.854196	51.41367
	4.854179	51.41367
	4.853952	51.41359
	4.853706	51.41354
	4.853605	51.4135
	4.853547	51.41342
	4.853466	51.41339
	4.853356	51.41341
	4.853163	51.41342
	4.853015	51.41342
	4.852981	51.41344
	4.852924	51.41348
	4.852865	51.41352
	4.852802	51.41356
	4.85271	51.4136
	4.852682	51.41359
	4.852661	51.41357
	4.852627	51.41348
	4.852568	51.41347
	4.852542	51.4135
	4.852534	51.41353
	4.852578	51.41363
	4.852566	51.41368
	4.852528	51.41373
	4.852484	51.41378
	4.852407	51.41385
	4.852333	51.41391
	4.852267	51.41395
	4.852124	51.41403
	4.852019	51.41407
	4.851926	51.41411
	4.851847	51.41413
	4.851764	51.41412
	4.851728	51.41411
	4.851551	51.41407
	4.851444	51.41406
	4.851346	51.41407
	4.851261	51.41409
	4.851071	51.41416
	4.850902	51.41424
	4.850829	51.41426
	4.850734	51.41426
	4.850699	51.41423
	4.85069	51.41416
	4.850652	51.41409
	4.850377	51.41385
	4.850282	51.41382
	4.850228	51.41383
	4.850061	51.41405
	4.850047	51.4141
	4.850105	51.41412
	4.85011	51.41412
	4.850242	51.41414
	4.850308	51.41419
	4.850246	51.41422
	4.850162	51.41426
	4.849829	51.41429
	4.849818	51.4143
	4.849794	51.41427
	4.849793	51.41427
	4.849723	51.41417
	4.848632	51.41275
	4.848361	51.41285
	4.848322	51.41287
	4.847674	51.41316
	4.847096	51.4134
	4.847078	51.4134
	4.847024	51.41343
	4.847005	51.41344
	4.846965	51.41339
	4.8469	51.41335
	4.846838	51.4133
	4.84671	51.4132
	4.846276	51.41286
	4.846259	51.41286
	4.845988	51.41292
	4.845655	51.41301
	4.844985	51.41317
	4.844317	51.41334
	4.843649	51.4135
	4.842623	51.41376
	4.841958	51.41393
	4.841292	51.4141
	4.840625	51.41426
	4.840351	51.41434
	4.839619	51.41453
	4.839546	51.41455
	4.839522	51.41456
	4.839397	51.4146
	4.839364	51.41461
	4.839331	51.41462
	4.83713	51.41445
	4.836507	51.4144
	4.835747	51.41434
	4.835076	51.41429
	4.833898	51.41421
	4.832376	51.41409
	4.831218	51.414
	4.831203	51.414
	4.829903	51.41391
	4.829381	51.41387
	4.827951	51.41376
	4.826444	51.41364
	4.826434	51.41364
	4.826418	51.41364
	4.825278	51.41353
	4.824869	51.41349
	4.824249	51.41343
	4.821844	51.4132
	4.82076	51.41309
	4.820746	51.41309
	4.820687	51.41308
	4.820654	51.41308
	4.820607	51.41307
	4.820497	51.41306
	4.82009	51.41302
	4.819479	51.41296
	4.819014	51.41291
	4.818911	51.4129
	4.817874	51.41279
	4.816167	51.41262
	4.81397	51.41239
	4.813949	51.41239
	4.813926	51.41238
	4.812695	51.41225
	4.812024	51.41218
	4.811544	51.41213
	4.810507	51.41203
	4.810128	51.41199
	4.809392	51.41191
	4.809379	51.41191
	4.809341	51.41191
	4.809334	51.41191
	4.808266	51.4118
	4.806353	51.4116
	4.806312	51.4116
	4.8063	51.41159
	4.805645	51.41152
	4.804947	51.41145
	4.803519	51.41129
	4.801377	51.411
	4.798889	51.41066
	4.798141	51.41056
	4.797065	51.41041
	4.797059	51.41041
	4.796346	51.41032
	4.795998	51.41027
	4.795881	51.41026
	4.795399	51.41019
	4.794773	51.40996
	4.79472	51.40995
	4.794148	51.40975
	4.793673	51.4096
	4.793659	51.4096
	4.793244	51.40951
	4.793068	51.40949
	4.792875	51.40978
	4.792871	51.40978
	4.792783	51.40976
	4.79278	51.40976
	4.792766	51.40976
	4.792752	51.40975
	4.792214	51.41054
	4.790959	51.40982
	4.790939	51.40984
	4.790914	51.40986
	4.790894	51.40987
	4.789334	51.40899
	4.787417	51.40934
	4.787252	51.40939
	4.786941	51.40973
	4.786761	51.40992
	4.786126	51.4106
	4.785478	51.41049
	4.784838	51.41038
	4.78482	51.41038
	4.784817	51.41045
	4.784772	51.4105
	4.784753	51.41053
	4.784747	51.41058
	4.784763	51.41062
	4.784753	51.41065
	4.78473	51.41067
	4.784642	51.41068
	4.784465	51.41072
	4.784305	51.41074
	4.784247	51.41075
	4.78415	51.41076
	4.784007	51.41079
	4.783832	51.41082
	4.783695	51.41086
	4.783479	51.41088
	4.783291	51.41091
	4.783126	51.41095
	4.782889	51.41099
	4.782814	51.411
	4.782673	51.41102
	4.782584	51.41107
	4.782491	51.41112
	4.782365	51.41118
	4.782268	51.41125
	4.782215	51.4113
	4.782126	51.41135
	4.781986	51.41145
	4.781677	51.41158
	4.781403	51.41166
	4.781311	51.4117
	4.781182	51.41176
	4.780979	51.41184
	4.780311	51.41203
	4.78028	51.41204
	4.780244	51.41206
	4.780161	51.41212
	4.780079	51.4122
	4.780004	51.41224
	4.779944	51.41229
	4.779888	51.41233
	4.779859	51.41236
	4.779838	51.41239
	4.779779	51.41244
	4.779724	51.41249
	4.77965	51.41253
	4.779609	51.41257
	4.77949	51.41264
	4.779382	51.41273
	4.779316	51.41275
	4.77927	51.41282
	4.779146	51.41289
	4.779106	51.41294
	4.779027	51.41299
	4.778988	51.41303
	4.77898	51.41304
	4.778746	51.41321
	4.778677	51.41329
	4.778598	51.41332
	4.778563	51.41333
	4.778388	51.41344
	4.778126	51.4136
	4.778083	51.41363
	4.778049	51.41367
	4.777949	51.41372
	4.777922	51.41374
	4.777823	51.41378
	4.777782	51.41381
	4.777753	51.41382
	4.777705	51.41384
	4.777667	51.41384
	4.777597	51.41381
	4.777508	51.41382
	4.777329	51.41385
	4.777147	51.4139
	4.77685	51.41393
	4.776701	51.41392
	4.776589	51.4139
	4.776441	51.41391
	4.776359	51.4139
	4.776262	51.41392
	4.776232	51.41394
	4.776164	51.41396
	4.776045	51.41396
	4.775999	51.41399
	4.775945	51.41399
	4.775866	51.414
	4.775801	51.41404
	4.775515	51.4141
	4.775307	51.41411
	4.775251	51.4141
	4.775116	51.41399
	4.774963	51.41385
	4.774907	51.41377
	4.77485	51.41374
	4.774799	51.4137
	4.774738	51.41366
	4.774695	51.41358
	4.774629	51.41353
	4.77453	51.41362
	4.774384	51.41369
	4.774274	51.41376
	4.774197	51.41378
	4.774151	51.41377
	4.77412	51.41372
	4.774051	51.41372
	4.773789	51.41362
	4.773703	51.41362
	4.773593	51.41353
	4.773493	51.41351
	4.773477	51.41347
	4.773367	51.41344
	4.77327	51.41346
	4.773275	51.41354
	4.773256	51.41357
	4.773151	51.41356
	4.77306	51.41366
	4.773036	51.41369
	4.773173	51.41396
	4.773149	51.41409
	4.773048	51.41416
	4.772669	51.41407
	4.772477	51.41416
	4.772408	51.41435
	4.772413	51.41453
	4.772353	51.41459
	4.77164	51.41472
	4.771569	51.41476
	4.771194	51.41491
	4.771164	51.41498
	4.771214	51.41502
	4.771375	51.41507
	4.771983	51.41511
	4.772086	51.41521
	4.772142	51.41533
	4.771855	51.41558
	4.771785	51.41566
	4.771796	51.41632
	4.771901	51.41656
	4.771875	51.41661
	4.771804	51.41667
	4.771748	51.4167
	4.771599	51.41684
	4.771479	51.41689
	4.771396	51.41688
	4.771247	51.41677
	4.771058	51.41665
	4.771009	51.41663
	4.770962	51.4166
	4.770865	51.41659
	4.77083	51.41659
	4.770739	51.41662
	4.770662	51.41672
	4.770589	51.41686
	4.770513	51.41723
	4.770454	51.41732
	4.770305	51.41733
	4.770139	51.41737
	4.770101	51.41738
	4.769898	51.41751
	4.769887	51.41756
	4.769885	51.41756
	4.769868	51.41766
	4.769866	51.41767
	4.769839	51.41778
	4.769713	51.41794
	4.769731	51.418
	4.77012	51.41814
	4.770192	51.41818
	4.770271	51.41822
	4.770292	51.41824
	4.770281	51.41835
	4.770265	51.41838
	4.770098	51.41852
	4.769956	51.41863
	4.769909	51.41868
	4.769868	51.41895
	4.769856	51.41897
	4.769796	51.41901
	4.769711	51.41901
	4.769675	51.41901
	4.769646	51.41899
	4.769566	51.41891
	4.769558	51.41889
	4.769726	51.41873
	4.769721	51.4187
	4.769675	51.41869
	4.769432	51.41863
	4.769314	51.4186
	4.769269	51.4186
	4.768956	51.41862
	4.768931	51.41863
	4.768894	51.41865
	4.768885	51.4187
	4.768988	51.41879
	4.769077	51.419
	4.769111	51.41904
	4.769158	51.41909
	4.769184	51.41911
	4.769205	51.41916
	4.769176	51.41919
	4.768924	51.41933
	4.768649	51.41953
	4.768577	51.41965
	4.768576	51.41979
	4.7686	51.41982
	4.768708	51.4199
	4.768721	51.41994
	4.768739	51.42008
	4.768742	51.42019
	4.768759	51.42021
	4.768779	51.42023
	4.768846	51.42026
	4.768903	51.42024
	4.768938	51.42023
	4.769025	51.42024
	4.769061	51.42026
	4.769081	51.4203
	4.769094	51.42034
	4.769073	51.4204
	4.769056	51.42044
	4.768984	51.42049
	4.768908	51.42053
	4.768881	51.42056
	4.768892	51.42059
	4.768942	51.42068
	4.768969	51.4207
	4.769236	51.42079
	4.76926	51.42103
	4.768952	51.42117
	4.768914	51.42119
	4.768889	51.42124
	4.768873	51.42129
	4.768875	51.42138
	4.768917	51.42145
	4.768963	51.42151
	4.769034	51.42158
	4.769101	51.42164
	4.76915	51.42176
	4.769177	51.42184
	4.769216	51.42189
	4.769307	51.42199
	4.769505	51.42219
	4.76955	51.42223
	4.769585	51.42223
	4.769655	51.4222
	4.769813	51.42215
	4.769966	51.42213
	4.77001	51.42212
	4.770031	51.42213
	4.770107	51.4222
	4.770148	51.42225
	4.770157	51.42229
	4.770048	51.42236
	4.770034	51.42243
	4.770104	51.42248
	4.770137	51.42249
	4.770179	51.42249
	4.770362	51.42253
	4.770482	51.42257
	4.770537	51.42263
	4.770563	51.42266
	4.770533	51.42278
	4.770594	51.4229
	4.770629	51.42295
	4.770738	51.42304
	4.770786	51.42308
	4.770939	51.42313
	4.770974	51.42322
	4.77094	51.42327
	4.770798	51.42329
	4.770249	51.42317
	4.770164	51.42319
	4.770119	51.42325
	4.770147	51.42335
	4.770294	51.4237
	4.77028	51.42372
	4.770231	51.42374
	4.770172	51.42375
	4.769926	51.42375
	4.769836	51.42375
	4.769745	51.4237
	4.769735	51.42367
	4.76971	51.42361
	4.769678	51.42359
	4.769628	51.42358
	4.769593	51.4236
	4.769554	51.42364
	4.769554	51.4238
	4.769569	51.42387
	4.769725	51.4241
	4.76997	51.42441
	4.769977	51.42444
	4.769977	51.42448
	4.769966	51.4245
	4.769721	51.42465
	4.769717	51.42471
	4.770089	51.42481
	4.770173	51.42487
	4.770162	51.42494
	4.770007	51.42498
	4.769833	51.42504
	4.769641	51.42514
	4.769583	51.42521
	4.769521	51.42531
	4.769554	51.42537
	4.769614	51.42542
	4.769753	51.4256
	4.769772	51.42564
	4.769699	51.42573
	4.76949	51.42607
	4.769468	51.4261
	4.769476	51.42612
	4.769541	51.42614
	4.769801	51.42615
	4.769924	51.42619
	4.769947	51.42621
	4.769981	51.42631
	4.770142	51.42655
	4.770152	51.42658
	4.770148	51.42664
	4.770134	51.42666
	4.770078	51.42669
	4.770049	51.4267
	4.769904	51.42668
	4.769595	51.42668
	4.769523	51.4267
	4.769485	51.42673
	4.769458	51.42677
	4.769425	51.42682
	4.769425	51.42684
	4.769417	51.42687
	4.769401	51.42701
	4.769402	51.42706
	4.769427	51.42711
	4.769515	51.4274
	4.769488	51.42749
	4.769399	51.42752
	4.769354	51.42751
	4.769115	51.42743
	4.769055	51.42742
	4.768945	51.42742
	4.768762	51.42745
	4.768612	51.42753
	4.768522	51.42763
	4.768539	51.42778
	4.76865	51.42786
	4.768823	51.42803
	4.768875	51.42809
	4.768916	51.42818
	4.768915	51.4282
	4.768941	51.42823
	4.768931	51.42827
	4.768926	51.4283
	4.768897	51.42831
	4.76887	51.42832
	4.768811	51.42831
	4.768638	51.42829
	4.768567	51.42828
	4.768519	51.42829
	4.768397	51.4283
	4.768359	51.42832
	4.768303	51.42834
	4.768265	51.4284
	4.768242	51.42851
	4.768257	51.42854
	4.768315	51.42862
	4.768611	51.42894
	4.768652	51.42898
	4.768706	51.42905
	4.768667	51.42912
	4.768592	51.42918
	4.768434	51.42929
	4.768311	51.42936
	4.768299	51.42937
	4.76797	51.4295
	4.767878	51.42955
	4.767846	51.4296
	4.767825	51.42972
	4.767815	51.42975
	4.767717	51.42987
	4.767493	51.43002
	4.767438	51.43004
	4.767278	51.43009
	4.7672	51.43011
	4.76701	51.43009
	4.766929	51.4301
	4.766906	51.43012
	4.766861	51.43015
	4.766583	51.43046
	4.76657	51.43049
	4.766611	51.4305
	4.766767	51.43054
	4.766819	51.43055
	4.767021	51.43055
	4.767056	51.43055
	4.767156	51.43057
	4.767205	51.43061
	4.767326	51.43075
	4.767358	51.43079
	4.767386	51.4308
	4.767641	51.43084
	4.767655	51.43084
	4.767864	51.4307
	4.767952	51.43061
	4.76803	51.43055
	4.768242	51.43049
	4.768563	51.43042
	4.768706	51.43036
	4.768783	51.4303
	4.768957	51.43007
	4.768946	51.43002
	4.768974	51.42999
	4.769028	51.42998
	4.76946	51.43002
	4.769545	51.43004
	4.769751	51.43011
	4.769848	51.43013
	4.770177	51.43014
	4.770209	51.43017
	4.770125	51.43023
	4.77012	51.43025
	4.770134	51.43027
	4.770244	51.43035
	4.770256	51.43039
	4.770225	51.43043
	4.770115	51.43048
	4.77012	51.43053
	4.770149	51.43054
	4.770208	51.43056
	4.770427	51.43055
	4.770527	51.43057
	4.770743	51.43064
	4.770852	51.43066
	4.771203	51.43068
	4.771465	51.43068
	4.771743	51.43071
	4.771897	51.43074
	4.772002	51.4308
	4.772032	51.43082
	4.77209	51.43084
	4.772196	51.43084
	4.772324	51.43077
	4.772351	51.43078
	4.772365	51.4308
	4.772525	51.43095
	4.77263	51.43105
	4.772716	51.43109
	4.773394	51.43136
	4.773886	51.43141
	4.77407	51.43152
	4.774083	51.43155
	4.774092	51.43157
	4.774106	51.43159
	4.774122	51.43162
	4.774934	51.43164
	4.775728	51.43163
	4.776171	51.43166
	4.776623	51.4317
	4.777155	51.43175
	4.777741	51.4318
	4.777836	51.43181
	4.77902	51.43202
	4.779183	51.43204
	4.779212	51.43205
	4.779673	51.43213
	4.78034	51.43225
	4.780359	51.43225
	4.78091	51.43235
	4.781005	51.43232
	4.781105	51.43231
	4.781189	51.4323
	4.781424	51.43228
	4.781662	51.43227
	4.781974	51.43228
	4.782199	51.43229
	4.783023	51.43234
	4.784204	51.4324
	4.784227	51.4324
	4.78423	51.4324
	4.784265	51.4324
	4.784319	51.4324
	4.784362	51.4324
	4.786219	51.4325
	4.786572	51.43252
	4.786627	51.43257
	4.786633	51.4326
	4.786654	51.43272
	4.786705	51.43253
	4.786818	51.43212
	4.786825	51.4321
	4.787127	51.4321
	4.787746	51.4321
	4.787863	51.43193
	4.787916	51.43184
	4.788294	51.43124
	4.78837	51.43112
	4.788634	51.4307
	4.78885	51.43035
	4.788911	51.43026
	4.788975	51.43016
	4.788994	51.43013
	4.789068	51.43001
	4.789082	51.42996
	4.789108	51.42989
	4.789116	51.42979
	4.789117	51.42977
	4.789118	51.42976
	4.789122	51.42974
	4.789186	51.42973
	4.789242	51.42972
	4.789289	51.42971
	4.789483	51.42959
	4.789598	51.4296
	4.789822	51.42965
	4.789916	51.42968
	4.789968	51.4297
	4.790039	51.42974
	4.79012	51.42976
	4.790237	51.42975
	4.790389	51.42971
	4.790542	51.42965
	4.790743	51.42961
	4.790773	51.42961
	4.790867	51.42965
	4.790872	51.42967
	4.790864	51.42973
	4.79087	51.42976
	4.7909	51.42979
	4.790942	51.4298
	4.791251	51.42984
	4.791373	51.42984
	4.791423	51.42984
	4.791495	51.42981
	4.791526	51.42975
	4.79151	51.42972
	4.791391	51.42959
	4.791366	51.42955
	4.791355	51.4295
	4.791385	51.42941
	4.791424	51.42933
	4.791467	51.42928
	4.791562	51.42919
	4.791701	51.4292
	4.791751	51.42922
	4.791817	51.42925
	4.791922	51.42931
	4.791963	51.42931
	4.792097	51.42927
	4.792193	51.42924
	4.79243	51.42914
	4.792552	51.42907
	4.792651	51.429
	4.792744	51.42894
	4.792803	51.4289
	4.792884	51.42881
	4.792803	51.42869
	4.792784	51.42867
	4.792791	51.42865
	4.792853	51.42857
	4.793025	51.42856
	4.793096	51.42859
	4.793188	51.42864
	4.793258	51.4287
	4.793355	51.42879
	4.793466	51.42893
	4.793524	51.42897
	4.793603	51.42897
	4.793919	51.42874
	4.794039	51.42862
	4.794072	51.42855
	4.794122	51.42852
	4.794153	51.4285
	4.794222	51.42849
	4.794264	51.4285
	4.794397	51.42854
	4.794568	51.42859
	4.794967	51.42874
	4.795077	51.42877
	4.795202	51.42879
	4.795331	51.42881
	4.795478	51.4288
	4.795591	51.42877
	4.795687	51.42872
	4.795693	51.42868
	4.795654	51.4286
	4.795546	51.42847
	4.795526	51.42842
	4.795539	51.42839
	4.795577	51.42838
	4.795626	51.42836
	4.795706	51.42836
	4.796389	51.42831
	4.796469	51.42835
	4.796503	51.42838
	4.796698	51.42863
	4.796773	51.42869
	4.796892	51.42873
	4.797018	51.42879
	4.79706	51.42883
	4.797088	51.42887
	4.797098	51.4289
	4.797098	51.42894
	4.797114	51.42898
	4.797179	51.42907
	4.797315	51.42909
	4.797416	51.42904
	4.797465	51.42899
	4.797505	51.42886
	4.797546	51.42882
	4.797651	51.42876
	4.797791	51.42866
	4.797917	51.42861
	4.79801	51.42866
	4.798046	51.4287
	4.798169	51.42886
	4.798263	51.42894
	4.798358	51.42895
	4.798625	51.42894
	4.798683	51.4289
	4.798706	51.42886
	4.798704	51.42881
	4.7986	51.4287
	4.7986	51.42862
	4.798697	51.42857
	4.79883	51.4286
	4.799001	51.4287
	4.799267	51.4288
	4.799335	51.42882
	4.799475	51.42885
	4.799741	51.42888
	4.799817	51.4289
	4.799879	51.42892
	4.800198	51.42911
	4.800261	51.42912
	4.800317	51.42911
	4.800479	51.42903
	4.800631	51.42895
	4.800707	51.42893
	4.800802	51.42892
	4.801063	51.42895
	4.801257	51.42896
	4.801321	51.42895
	4.801319	51.42886
	4.801241	51.42875
	4.801213	51.42868
	4.801267	51.42861
	4.801362	51.42858
	4.801408	51.42853
	4.801432	51.42851
	4.801455	51.42844
	4.801501	51.42837
	4.801555	51.42833
	4.801616	51.42833
	4.801678	51.42836
	4.801732	51.42839
	4.801839	51.42847
	4.801893	51.42848
	4.801953	51.42848
	4.802011	51.42847
	4.802112	51.42841
	4.802175	51.42832
	4.802231	51.42829
	4.802299	51.42828
	4.80248	51.42828
	4.802618	51.42827
	4.802789	51.42824
	4.802984	51.42819
	4.803075	51.42818
	4.803223	51.42816
	4.803605	51.42812
	4.803641	51.42811
	4.80368	51.42808
	4.803764	51.42801
	4.803814	51.42798
	4.803872	51.42797
	4.803989	51.42795
	4.804034	51.42794
	4.804117	51.42791
	4.80422	51.42785
	4.804255	51.42787
	4.804375	51.42792
	4.804467	51.42794
	4.804554	51.42798
	4.804589	51.42801
	4.804754	51.42826
	4.804876	51.42845
	4.804913	51.42847
	4.805023	51.42849
	4.805175	51.4285
	4.805212	51.42849
	4.80537	51.42858
	4.805494	51.42862
	4.805672	51.42862
	4.805721	51.4286
	4.80577	51.42853
	4.805763	51.42845
	4.805787	51.42843
	4.805898	51.42837
	4.805922	51.42836
	4.805975	51.42831
	4.806023	51.4283
	4.80621	51.42829
	4.806312	51.42829
	4.806418	51.42828
	4.80661	51.4283
	4.806611	51.4283
	4.806679	51.42827
	4.806732	51.42821
	4.806733	51.42816
	4.80672	51.42813
	4.806696	51.42811
	4.806627	51.42809
	4.806559	51.42808
	4.806462	51.42807
	4.806431	51.42805
	4.806414	51.42803
	4.806334	51.42793
	4.806291	51.42789
	4.80619	51.42783
	4.806133	51.4278
	4.806097	51.42778
	4.806249	51.42763
	4.806425	51.42751
	4.806561	51.42738
	4.806629	51.42736
	4.8067	51.42735
	4.807015	51.42743
	4.80734	51.4275
	4.80742	51.42749
	4.807487	51.42746
	4.807552	51.42741
	4.807629	51.42731
	4.807664	51.42727
	4.807682	51.42724
	4.807707	51.4272
	4.807734	51.42716
	4.807809	51.4271
	4.808113	51.42702
	4.808168	51.42699
	4.808186	51.42696
	4.808192	51.42694
	4.808179	51.42692
	4.808154	51.42686
	4.808076	51.4268
	4.807962	51.42674
	4.807944	51.42669
	4.807956	51.42666
	4.807991	51.42663
	4.808359	51.42644
	4.808495	51.42641
	4.808688	51.42642
	4.808809	51.42641
	4.809084	51.42635
	4.809226	51.42633
	4.809476	51.42633
	4.809563	51.4263
	4.80957	51.42626
	4.809573	51.42622
	4.809534	51.42612
	4.809542	51.42608
	4.809574	51.42605
	4.809629	51.42604
	4.809687	51.42604
	4.809749	51.42605
	4.810045	51.42615
	4.810251	51.42623
	4.810435	51.42634
	4.810493	51.42635
	4.810546	51.42635
	4.810713	51.42627
	4.811313	51.42608
	4.81145	51.42603
	4.811642	51.42597
	4.811772	51.42596
	4.812021	51.426
	4.812059	51.42601
	4.812095	51.42603
	4.812131	51.42605
	4.812169	51.42613
	4.812162	51.42627
	4.812162	51.42634
	4.812203	51.42636
	4.812248	51.42637
	4.812491	51.42634
	4.812901	51.4263
	4.812985	51.42628
	4.813059	51.42625
	4.813171	51.42615
	4.813302	51.42597
	4.813365	51.42592
	4.813438	51.42588
	4.813531	51.42585
	4.813611	51.42581
	4.813706	51.4257
	4.813746	51.42568
	4.813815	51.42567
	4.81391	51.42568
	4.814132	51.42579
	4.814217	51.4258
	4.814285	51.42579
	4.814554	51.42576
	4.814757	51.42571
	4.814772	51.42569
	4.814747	51.42563
	4.81457	51.42557
	4.814549	51.42557
	4.814524	51.42555
	4.814537	51.42551
	4.814823	51.42535
	4.814977	51.42529
	4.815192	51.42526
	4.815351	51.42519
	4.815453	51.42519
	4.815563	51.42521
	4.815634	51.42523
	4.815692	51.42527
	4.815727	51.4253
	4.815766	51.42536
	4.81581	51.42544
	4.815841	51.42551
	4.815839	51.42553
	4.815849	51.42554
	4.815881	51.42556
	4.816116	51.42567
	4.816232	51.42567
	4.816348	51.42563
	4.816409	51.42559
	4.816433	51.42551
	4.816433	51.42532
	4.81642	51.4253
	4.816434	51.42528
	4.816572	51.42525
	4.816683	51.42523
	4.816745	51.42519
	4.816817	51.42506
	4.816875	51.42501
	4.816917	51.42499
	4.817022	51.42495
	4.81742	51.4248
	4.817643	51.42468
	4.817692	51.42466
	4.817763	51.42464
	4.81795	51.42459
	4.818038	51.42458
	4.818664	51.42448
	4.818759	51.42446
	4.818815	51.42443
	4.818939	51.42436
	4.819032	51.42431
	4.819113	51.42428
	4.819221	51.42425
	4.81947	51.42425
	4.81956	51.42423
	4.819646	51.42419
	4.819696	51.42413
	4.819715	51.42406
	4.819708	51.42393
	4.819732	51.42388
	4.819769	51.42385
	4.819799	51.42383
	4.819854	51.42381
	4.819921	51.42381
	4.820133	51.42381
	4.820246	51.4238
	4.820272	51.4238
	4.820486	51.42377
	4.820541	51.42373
	4.820559	51.42362
	4.820522	51.42357
	4.820477	51.42348
	4.820409	51.42339
	4.820408	51.42336
	4.820418	51.42334
	4.820501	51.42328
	4.820553	51.42326
	4.820642	51.42317
	4.820655	51.42301
	4.820699	51.42293
	4.820807	51.42287
	4.82095	51.42281
	4.82106	51.42279
	4.821138	51.42278
	4.82127	51.42272
	4.821342	51.42262
	4.82144	51.42257
	4.8216	51.42256
	4.821954	51.42262
	4.822047	51.4227
	4.822015	51.42276
	4.821871	51.42293
	4.821875	51.42296
	4.821916	51.42298
	4.822393	51.4231
	4.822532	51.4231
	4.822574	51.42308
	4.822715	51.42301
	4.822834	51.42291
	4.822897	51.42284
	4.822965	51.42282
	4.823	51.42281
	4.823064	51.42282
	4.823279	51.4229
	4.823434	51.42293
	4.823882	51.42292
	4.82397	51.42293
	4.824039	51.42294
	4.824092	51.42296
	4.824359	51.4231
	4.824414	51.42311
	4.824727	51.42308
	4.824888	51.423
	4.824922	51.42297
	4.824979	51.42287
	4.825037	51.4228
	4.825157	51.42275
	4.825247	51.42275
	4.825321	51.42276
	4.82536	51.42279
	4.825663	51.42308
	4.825692	51.42311
	4.825848	51.42314
	4.826189	51.42309
	4.826222	51.42308
	4.826234	51.42303
	4.826241	51.42297
	4.8262	51.42286
	4.826149	51.42282
	4.825909	51.42268
	4.825857	51.42264
	4.825841	51.42262
	4.82584	51.4226
	4.825849	51.42258
	4.825869	51.42256
	4.825893	51.42254
	4.825931	51.42252
	4.825979	51.4225
	4.826096	51.42247
	4.82645	51.42238
	4.826633	51.42229
	4.826759	51.42223
	4.826838	51.42221
	4.826869	51.42221
	4.826934	51.42223
	4.826973	51.42221
	4.827011	51.42219
	4.82652	51.42127
	4.826504	51.42124
	4.826454	51.42115
	4.826505	51.4211
	4.826506	51.4211
	4.826518	51.4211
	4.826935	51.42107
	4.827522	51.42101
	4.827533	51.421
	4.828154	51.42093
	4.828797	51.42086
	4.829014	51.42083
	4.829462	51.42077
	4.829484	51.42077
	4.829854	51.42073
	4.830006	51.42076
	4.830369	51.42066
	4.830923	51.4205
	4.831324	51.42039
	4.83165	51.4203
	4.832695	51.42
	4.833503	51.41978
	4.833402	51.4196
	4.833033	51.41911
	4.833035	51.41911
	4.833066	51.4191
	4.834658	51.41843
	4.834738	51.4184
	4.835412	51.41921
	4.836044	51.41904
	4.836076	51.41903
	4.836476	51.41893
	4.836759	51.41885
	4.835535	51.41754
	4.83558	51.41753
	4.835675	51.4175
	4.835745	51.41748
	4.835893	51.41743
	4.836421	51.41728
	4.836491	51.41725
	4.837076	51.41788
	4.83709	51.41789
	4.837682	51.41853
	4.837718	51.41855
	4.838043	51.4188
	4.838559	51.41919
	4.839362	51.4198
	4.839671	51.4198
	4.839684	51.4198
	4.839714	51.4198
	4.839642	51.41995
	4.839533	51.42009
	4.839402	51.42014
	4.839363	51.42015
	4.839395	51.42017
	4.840409	51.42094
	4.840413	51.42095
	4.840516	51.4211
	4.841469	51.42244
	4.841189	51.42253
	4.841079	51.42255
	4.84101	51.42257
	4.840911	51.42258
	4.840826	51.42257
	4.840567	51.42251
	4.840521	51.42245
	4.840379	51.42231
	4.840226	51.42217
	4.840172	51.42212
	4.840078	51.42205
	4.839891	51.42196
	4.839809	51.42192
	4.839641	51.42186
	4.839488	51.42182
	4.839364	51.42178
	4.839317	51.42178
	4.838977	51.42182
	4.838848	51.42183
	4.838728	51.42183
	4.838642	51.42181
	4.838302	51.42174
	4.838259	51.42173
	4.838147	51.42148
	4.838083	51.42136
	4.837953	51.42109
	4.837948	51.42108
	4.83793	51.42105
	4.837891	51.42104
	4.837817	51.421
	4.837646	51.42085
	4.837519	51.42085
	4.83701	51.42098
	4.836914	51.42103
	4.836748	51.42113
	4.836577	51.42118
	4.836251	51.4212
	4.836153	51.42117
	4.836118	51.42113
	4.836091	51.42093
	4.836014	51.42089
	4.835948	51.42088
	4.835896	51.42088
	4.835636	51.42104
	4.835437	51.42115
	4.83532	51.42117
	4.835193	51.42115
	4.835094	51.42096
	4.834998	51.42092
	4.834946	51.42091
	4.834843	51.42094
	4.834668	51.4211
	4.834597	51.42115
	4.834544	51.42118
	4.834484	51.42119
	4.834409	51.42119
	4.834329	51.42112
	4.834184	51.42097
	4.834154	51.4209
	4.834105	51.42061
	4.834012	51.4205
	4.833977	51.4205
	4.833564	51.42057
	4.833536	51.42056
	4.833507	51.42056
	4.833471	51.42051
	4.833392	51.4204
	4.833315	51.42035
	4.833257	51.42034
	4.833186	51.42036
	4.833163	51.42037
	4.833108	51.42041
	4.833096	51.42048
	4.833113	51.4205
	4.833151	51.42054
	4.833226	51.42059
	4.833289	51.42063
	4.833307	51.42068
	4.833299	51.42071
	4.833263	51.42074
	4.833128	51.42076
	4.832975	51.42076
	4.832747	51.42074
	4.832444	51.4207
	4.832278	51.42069
	4.832178	51.42074
	4.832154	51.42078
	4.832115	51.42085
	4.832073	51.42087
	4.832008	51.4209
	4.831242	51.42095
	4.830676	51.42111
	4.830528	51.42114
	4.830273	51.42118
	4.830217	51.42121
	4.830155	51.42125
	4.830158	51.42153
	4.830072	51.42167
	4.830011	51.42172
	4.829886	51.42178
	4.829705	51.42182
	4.829656	51.42184
	4.829612	51.42187
	4.829576	51.42194
	4.829517	51.42211
	4.829478	51.42218
	4.829382	51.42229
	4.829346	51.42231
	4.829288	51.42233
	4.829237	51.42233
	4.829173	51.42232
	4.828866	51.42222
	4.82877	51.42221
	4.828651	51.4222
	4.828576	51.42219
	4.828471	51.42219
	4.828153	51.42221
	4.828168	51.42223
	4.828171	51.42224
	4.828212	51.4223
	4.828283	51.42254
	4.828441	51.42311
	4.828484	51.42324
	4.828501	51.42329
	4.828553	51.42345
	4.828609	51.42375
	4.828466	51.42421
	4.828207	51.42499
	4.828041	51.42551
	4.828034	51.42553
	4.827962	51.42575
	4.827939	51.42582
	4.827372	51.42754
	4.826924	51.4289
	4.826916	51.42893
	4.826913	51.42894
	4.826653	51.42975
	4.826642	51.42978
	4.826556	51.43005
	4.826402	51.43052
	4.826274	51.4309
	4.826084	51.43149
	4.825909	51.43203
	4.825906	51.43204
	4.825882	51.43212
	4.825878	51.43213
	4.825788	51.43242
	4.825528	51.43321
	4.825521	51.43323
	4.82519	51.43425
	4.825148	51.43437
	4.825043	51.4347
	4.824946	51.43499
	4.824928	51.43506
	4.824921	51.43514
	4.824871	51.43532
	4.824892	51.43535
	4.824897	51.43536
	4.824914	51.43539
	4.824955	51.43584
	4.824984	51.43593
	4.825917	51.43604
	4.825828	51.43649
	4.82581	51.43658
	4.825807	51.43659
	4.825624	51.43748
	4.82562	51.4375
	4.825616	51.43752
	4.825602	51.43759
	4.825422	51.43847
	4.825224	51.43946
	4.82517	51.43972
	4.82516	51.43977
	4.82504	51.44037
	4.824949	51.4408
	4.824865	51.44123
	4.824862	51.44124
	4.824857	51.44127
	4.82485	51.4413
	4.824845	51.44133
	4.824787	51.44161
	4.824706	51.44201
	4.824691	51.44206
	4.824603	51.44251
	4.824512	51.44295
	4.824421	51.4434
	4.824333	51.44384
	4.824266	51.44418
	4.824244	51.44429
	4.824155	51.44474
	4.824061	51.44519
	4.824059	51.4452
	4.823754	51.4467
	4.82339	51.44849
	4.82338	51.44853
	4.823376	51.44856
	4.823363	51.44862
	4.823422	51.44866
	4.823548	51.44873
	4.823809	51.44889
	4.824224	51.44909
	4.824504	51.44922
	4.825009	51.44945
	4.825451	51.44966
	4.825982	51.44991
	4.826252	51.45002
	4.826749	51.4502
	4.827371	51.45042
	4.827845	51.45059
	4.827851	51.45059
	4.828017	51.45065
	4.828038	51.45065
	4.828144	51.4507
	4.828488	51.45082
	4.828518	51.45083
	4.828564	51.45086
	4.828584	51.45088
	4.828461	51.45101
	4.828346	51.45117
	4.828296	51.45123
	4.828237	51.45129
	4.828195	51.45134
	4.828475	51.45143
	4.829084	51.45161
	4.829149	51.45169
	4.829282	51.45183
	4.829448	51.45199
	4.829779	51.45226
	4.829756	51.45263
	4.829741	51.45288
	4.82974	51.45289
	4.82974	51.45291
	4.829767	51.45292
	4.830445	51.45336
	4.830573	51.45344
	4.830605	51.45347
	4.830629	51.4535
	4.830655	51.45352
	4.830724	51.45357
	4.830725	51.45357
	4.830896	51.45376
	4.830922	51.45378
	4.830945	51.45381
	4.831046	51.45393
	4.831108	51.45402
	4.831205	51.45413
	4.831449	51.45443
	4.831456	51.45447
	4.831491	51.45455
	4.831503	51.45456
	4.831526	51.45459
	4.83153	51.4546
	4.831534	51.4546
	4.831934	51.45538
	4.83209	51.45546
	4.832302	51.45562
	4.832599	51.45598
	4.832793	51.45626
	4.833044	51.4566
	4.83307	51.45664
	4.833317	51.45697
	4.833401	51.4574
	4.833555	51.45742
	4.833583	51.45745
	4.833659	51.45751
	4.834401	51.4581
	4.834718	51.45835
	4.835149	51.4587
	4.835205	51.45873
	4.83521	51.45874
	4.835254	51.45874
	4.835269	51.45872
	4.83541	51.45854
	4.835584	51.45834
	4.836088	51.45776
	4.836256	51.45759
	4.836315	51.45752
	4.836734	51.45705
	4.83691	51.45686
	4.836971	51.45679
	4.837838	51.45611
	4.838258	51.45607
	4.838412	51.45605
	4.838471	51.45605
	4.838546	51.45606
	4.839979	51.45628
	4.84012	51.45632
	4.840312	51.45638
	4.840412	51.45642
	4.840592	51.45648
	4.841101	51.45666
	4.84135	51.45677
	4.841506	51.45686
	4.841941	51.45713
	4.841948	51.45714
	4.842002	51.45717
	4.842023	51.45719
	4.842152	51.45729
	4.842181	51.4573
	4.842205	51.4573
	4.842274	51.45731
	4.84231	51.45733
	4.842386	51.45741
	4.842392	51.45742
	4.842463	51.4575
	4.84272	51.4577
	4.842726	51.45771
	4.843124	51.45803
	4.843385	51.45833
	4.843729	51.45873
	4.84391	51.45894
	4.843962	51.45903
	4.843986	51.45905
	4.844021	51.45907
	4.844018	51.45907
	4.844015	51.45907
	4.843713	51.45922
	4.842435	51.45986
	4.842384	51.45983
	4.842301	51.45986
	4.84224	51.45988
	4.841943	51.46
	4.841053	51.46035
	4.841045	51.46036
	4.841058	51.46037
	4.841089	51.46041
	4.841085	51.46042
	4.841034	51.46045
	4.840533	51.46062
	4.840455	51.46065
	4.839682	51.46092
	4.839624	51.46094
	4.839064	51.46114
	4.839002	51.46116
	4.838971	51.46117
	4.838947	51.46118
	4.838403	51.46137
	4.838329	51.46139
	4.838283	51.46139
	4.838206	51.46139
	4.838191	51.46139
	4.836284	51.46126
	4.836261	51.46126
	4.836253	51.46126
	4.836194	51.46125
	4.836186	51.46125
	4.836109	51.46125
	4.836346	51.46301
	4.836348	51.46303
	4.836352	51.46305
	4.836367	51.46314
	4.836368	51.46315
	4.836494	51.46417
	4.836583	51.46489
	4.836604	51.46506
	4.836953	51.46789
	4.836949	51.46797
	4.836914	51.46798
	4.8369	51.46799
	4.836855	51.46802
	4.836996	51.46839
	4.83718	51.46894
	4.837208	51.46899
	4.837234	51.46904
	4.837273	51.46909
	4.837353	51.46916
	4.83736	51.46917
	4.837383	51.46921
	4.837546	51.46941
	4.837683	51.4696
	4.837752	51.46971
	4.838262	51.47077
	4.838409	51.47106
	4.838722	51.4714
	4.838531	51.47143
	4.838631	51.47156
	4.839233	51.47228
	4.839687	51.47281
	4.839687	51.47282
	4.839897	51.4747
	4.839905	51.47477
	4.839908	51.4748
	4.839939	51.47508
	4.84003	51.47592
	4.840031	51.47592
	4.840071	51.47629
	4.840078	51.47635
	4.840125	51.47679
	4.840132	51.47685
	4.840193	51.47742
	4.840195	51.47744
	4.840243	51.47784
	4.840249	51.47788
	4.840254	51.47793
	4.840327	51.47853
	4.841404	51.48007
	4.841405	51.48007
	4.841857	51.48071
	4.841864	51.48072
	4.841873	51.48073
	4.841878	51.48074
	4.841735	51.48083
	4.84167	51.48085
	4.841545	51.48089
	4.841377	51.48091
	4.841272	51.48093
	4.841042	51.48099
	4.840582	51.48109
	4.840486	51.48112
	4.840346	51.48113
	4.840271	51.48116
	4.840175	51.48117
	4.84	51.48115
	4.839866	51.48116
	4.839685	51.48123
	4.839646	51.48125
	4.839376	51.48136
	4.83924	51.48142
	4.839068	51.48149
	4.838945	51.48155
	4.838761	51.48158
	4.838608	51.48163
	4.838556	51.48165
	4.838459	51.48171
	4.83827	51.48178
	4.838152	51.48181
	4.83805	51.48184
	4.83765	51.48196
	4.837576	51.48196
	4.837472	51.48194
	4.837389	51.48195
	4.837227	51.48193
	4.837053	51.48195
	4.836984	51.48195
	4.836853	51.48195
	4.836693	51.48197
	4.836622	51.48198
	4.836446	51.48198
	4.836241	51.48195
	4.836071	51.48201
	4.835954	51.48202
	4.835844	51.48204
	4.835622	51.48207
	4.835425	51.48212
	4.835298	51.48214
	4.835082	51.48215
	4.834986	51.48214
	4.834905	51.48209
	4.834627	51.48208
	4.834503	51.48206
	4.834447	51.48206
	4.834305	51.48207
	4.834181	51.48206
	4.834006	51.48203
	4.833803	51.48204
	4.833687	51.48205
	4.833528	51.48203
	4.833464	51.48202
	4.832702	51.48193
	4.832234	51.48187
	4.831816	51.48183
	4.831721	51.48182
	4.831251	51.48178
	4.830797	51.48177
	4.830578	51.48177
	4.830326	51.48176
	4.830113	51.48177
	4.829864	51.48176
	4.829756	51.48175
	4.829632	51.48175
	4.829472	51.48178
	4.829279	51.48179
	4.829275	51.48179
	4.829243	51.48179
	4.829233	51.48179
	4.829159	51.4818
	4.829157	51.4818
	4.829134	51.4818
	4.829109	51.4818
	4.828711	51.4818
	4.827787	51.48189
	4.827515	51.48189
	4.827429	51.48191
	4.827342	51.48193
	4.827279	51.48194
	4.827074	51.48194
	4.826877	51.48195
	4.826501	51.482
	4.825851	51.48209
	4.825581	51.48212
	4.825357	51.48213
	4.825052	51.48219
	4.824873	51.48218
	4.824833	51.48218
	4.824764	51.48221
	4.824692	51.48225
	4.824147	51.48239
	4.823918	51.48246
	4.823455	51.48257
	4.822962	51.48269
	4.822812	51.48273
	4.82263	51.48277
	4.822292	51.48287
	4.822019	51.48292
	4.821829	51.48294
	4.821794	51.48295
	4.82172	51.48297
	4.821654	51.48297
	4.821558	51.48296
	4.821516	51.48298
	4.82154	51.48306
	4.821143	51.48307
	4.82101	51.48317
	4.82096	51.48322
	4.821026	51.48333
	4.821018	51.48337
	4.820838	51.48349
	4.820756	51.48358
	4.820741	51.48364
	4.820762	51.48372
	4.820653	51.48389
	4.820626	51.48398
	4.820588	51.48407
	4.820515	51.48415
	4.820504	51.48416
	4.820495	51.4842
	4.820469	51.48426
	4.82047	51.48427
	4.820477	51.48432
	4.820466	51.48442
	4.820422	51.48469
	4.820372	51.48502
	4.820346	51.48518
	4.82034	51.4853
	4.820341	51.48536
	4.820281	51.48561
	4.820279	51.48562
	4.820276	51.48564
	4.820274	51.48565
	4.820272	51.48566
	4.820271	51.48567
	4.820269	51.48568
	4.820268	51.48569
	4.820267	51.4857
	4.820266	51.48571
	4.820266	51.48572
	4.820265	51.48574
	4.820265	51.48575
	4.820266	51.48579
	4.820265	51.4858
	4.820264	51.48581
	4.820263	51.48581
	4.820261	51.48582
	4.82026	51.48582
	4.820258	51.48583
	4.820257	51.48583
	4.820254	51.48584
	4.820252	51.48584
	4.82025	51.48585
	4.820247	51.48585
	4.820214	51.48591
	4.820209	51.486
	4.820208	51.486
	4.820207	51.48601
	4.820206	51.48601
	4.820205	51.48601
	4.820204	51.48601
	4.820202	51.48601
	4.8202	51.48602
	4.820198	51.48602
	4.820196	51.48602
	4.820194	51.48602
	4.820192	51.48602
	4.820189	51.48602
	4.820186	51.48602
	4.820183	51.48603
	4.820181	51.48603
	4.820177	51.48603
	4.820175	51.48603
	4.820171	51.48603
	4.820168	51.48603
	4.819989	51.48606
	4.819755	51.48642
	4.819685	51.48654
	4.81941	51.48682
	4.819136	51.48706
	4.818812	51.48734
	4.818486	51.48763
	4.8183	51.48787
	4.818168	51.48804
	4.818061	51.48814
	4.818008	51.48832
	4.817841	51.48842
	4.817755	51.48862
	4.817595	51.48867
	4.81756	51.48875
	4.817513	51.48892
	4.817419	51.48899
	4.817404	51.48908
	4.817531	51.48913
	4.817562	51.48917
	4.817581	51.48921
	4.817545	51.48946
	4.817533	51.48958
	4.817606	51.48972
	4.817608	51.48973
	4.817609	51.48973
	4.81761	51.48974
	4.817611	51.48975
	4.817612	51.48975
	4.817613	51.48976
	4.817613	51.48977
	4.817612	51.48978
	4.817611	51.48979
	4.81761	51.48979
	4.817609	51.4898
	4.817607	51.4898
	4.817605	51.48981
	4.817603	51.48982
	4.817601	51.48982
	4.817573	51.48989
	4.817625	51.49021
	4.81762	51.49039
	4.81769	51.49056
	4.817835	51.49068
	4.818035	51.49088
	4.818218	51.49105
	4.818183	51.49117
	4.818088	51.49127
	4.818042	51.49145
	4.818075	51.49151
	4.818013	51.49164
	4.817979	51.49181
	4.817946	51.49199
	4.817843	51.49223
	4.817729	51.49235
	4.8177	51.49256
	4.817617	51.49268
	4.817613	51.49269
	4.81761	51.49269
	4.817606	51.4927
	4.817602	51.49271
	4.817599	51.49271
	4.817596	51.49272
	4.817594	51.49273
	4.817591	51.49273
	4.817588	51.49274
	4.817586	51.49274
	4.817584	51.49275
	4.817583	51.49276
	4.817581	51.49276
	4.817579	51.49277
	4.817578	51.49278
	4.817577	51.49278
	4.817577	51.49279
	4.81757	51.49293
	4.817427	51.49314
	4.817264	51.49324
	4.817218	51.49333
	4.817211	51.49335
	4.817204	51.49336
	4.817196	51.49337
	4.817189	51.49338
	4.817181	51.4934
	4.817172	51.49341
	4.817164	51.49342
	4.817156	51.49343
	4.817147	51.49345
	4.817138	51.49346
	4.817129	51.49347
	4.81712	51.49348
	4.817111	51.4935
	4.817101	51.49351
	4.816912	51.49376
	4.816763	51.4939
	4.816721	51.49394
	4.816704	51.49396
	4.816691	51.49398
	4.816675	51.49402
	4.816651	51.49404
	4.816634	51.49406
	4.816619	51.49406
	4.816565	51.49409
	4.816539	51.4941
	4.8165	51.49413
	4.816453	51.49415
	4.816395	51.49418
	4.816338	51.49421
	4.816317	51.49422
	4.816291	51.49424
	4.816276	51.49425
	4.816192	51.49432
	4.816131	51.49435
	4.816073	51.49437
	4.816034	51.49439
	4.81595	51.49444
	4.815876	51.49448
	4.815827	51.49451
	4.815758	51.49456
	4.815649	51.49463
	4.815619	51.49464
	4.815553	51.49466
	4.815486	51.49468
	4.815361	51.49473
	4.815296	51.49477
	4.815264	51.49479
	4.815246	51.49481
	4.815205	51.49482
	4.815175	51.49483
	4.815147	51.49484
	4.815124	51.49485
	4.815082	51.49488
	4.815035	51.49491
	4.814968	51.49495
	4.814927	51.49496
	4.814886	51.49497
	4.814854	51.49498
	4.814802	51.49499
	4.814753	51.49499
	4.814736	51.49501
	4.814654	51.49504
	4.814606	51.49506
	4.814477	51.4951
	4.814423	51.49512
	4.814395	51.49513
	4.814342	51.49516
	4.814307	51.49518
	4.814242	51.4952
	4.814182	51.49521
	4.814109	51.49523
	4.813971	51.49527
	4.813922	51.4953
	4.81387	51.49533
	4.813805	51.49535
	4.813687	51.49539
	4.813605	51.49542
	4.813519	51.49544
	4.813386	51.49547
	4.813189	51.49548
	4.813092	51.49546
	4.812902	51.49537
	4.812834	51.49533
	4.812808	51.49533
	4.812797	51.49533
	4.812724	51.49543
	4.812706	51.49543
	4.812636	51.49542
	4.812602	51.49542
	4.812544	51.49543
	4.812505	51.49545
	4.812455	51.4955
	4.812365	51.4955
	4.812314	51.49547
	4.812262	51.49544
	4.812181	51.49542
	4.812133	51.49546
	4.812084	51.49552
	4.812009	51.49551
	4.81194	51.49549
	4.811837	51.4955
	4.81179	51.49553
	4.811768	51.49555
	4.811574	51.49566
	4.811503	51.49566
	4.811433	51.49563
	4.811274	51.49558
	4.811186	51.49561
	4.811181	51.49574
	4.811144	51.49578
	4.81114	51.4958
	4.81115	51.49587
	4.811096	51.49589
	4.81097	51.49584
	4.810915	51.49583
	4.810814	51.49583
	4.810689	51.49589
	4.810637	51.4959
	4.810541	51.49589
	4.810464	51.49588
	4.810384	51.4959
	4.81029	51.49584
	4.810269	51.49583
	4.810222	51.49583
	4.810181	51.49585
	4.810118	51.49588
	4.81006	51.49598
	4.810036	51.49599
	4.809798	51.49594
	4.809702	51.49593
	4.809659	51.49593
	4.809516	51.49604
	4.809465	51.49607
	4.80937	51.49616
	4.809245	51.49625
	4.809169	51.49634
	4.80904	51.49636
	4.80898	51.4964
	4.808859	51.49652
	4.808727	51.49657
	4.808637	51.49659
	4.808446	51.49661
	4.80827	51.49666
	4.808161	51.49684
	4.808133	51.49687
	4.807975	51.49686
	4.807936	51.49682
	4.807937	51.49678
	4.807875	51.49668
	4.807772	51.49664
	4.807715	51.49663
	4.807657	51.49664
	4.807401	51.49669
	4.807198	51.49664
	4.807139	51.49667
	4.807142	51.49683
	4.807129	51.49688
	4.807043	51.49692
	4.806922	51.49699
	4.806862	51.49699
	4.80679	51.49696
	4.806647	51.49689
	4.806593	51.49689
	4.806545	51.49692
	4.806524	51.49696
	4.806561	51.49708
	4.806533	51.49708
	4.806356	51.49705
	4.806317	51.49705
	4.806287	51.49707
	4.806207	51.49718
	4.806177	51.4972
	4.806138	51.4972
	4.805983	51.49719
	4.805902	51.49721
	4.805831	51.49723
	4.805745	51.49724
	4.805631	51.49725
	4.805534	51.49734
	4.805517	51.49739
	4.805642	51.49755
	4.805639	51.49759
	4.805609	51.4976
	4.805447	51.49759
	4.805376	51.49757
	4.805168	51.49757
	4.805011	51.49756
	4.80497	51.49756
	4.804942	51.49758
	4.804905	51.49765
	4.804873	51.49768
	4.804817	51.4977
	4.804783	51.49769
	4.804734	51.4976
	4.804668	51.49758
	4.804618	51.49758
	4.804534	51.49766
	4.804444	51.49772
	4.804381	51.49772
	4.804276	51.49772
	4.804197	51.49776
	4.804156	51.49777
	4.80407	51.49774
	4.804006	51.49773
	4.803896	51.49776
	4.803829	51.4978
	4.803838	51.49785
	4.803782	51.49787
	4.803634	51.49787
	4.803628	51.49778
	4.803615	51.49776
	4.80357	51.49773
	4.803337	51.49774
	4.803237	51.49785
	4.803196	51.49785
	4.803017	51.49768
	4.803046	51.49761
	4.80305	51.49759
	4.80302	51.49756
	4.802963	51.49752
	4.802892	51.49746
	4.802796	51.49744
	4.802697	51.49746
	4.802618	51.49749
	4.802574	51.49758
	4.802557	51.49758
	4.802456	51.49753
	4.802422	51.49752
	4.802366	51.49754
	4.802252	51.4976
	4.802082	51.49763
	4.801996	51.49767
	4.801991	51.49773
	4.802051	51.49787
	4.802026	51.49794
	4.802043	51.498
	4.801933	51.49814
	4.801896	51.49818
	4.801805	51.49831
	4.801773	51.49833
	4.801614	51.49831
	4.801552	51.49832
	4.801557	51.49834
	4.801593	51.49848
	4.801531	51.4985
	4.801413	51.49852
	4.801323	51.49852
	4.801246	51.49847
	4.801207	51.49847
	4.801137	51.49848
	4.801083	51.49848
	4.800709	51.49848
	4.800713	51.49857
	4.800709	51.4986
	4.800674	51.49863
	4.800641	51.49865
	4.800584	51.4987
	4.800578	51.49871
	4.800529	51.49879
	4.800508	51.4988
	4.800388	51.49878
	4.800379	51.49878
	4.80022	51.49884
	4.800056	51.4989
	4.799987	51.49895
	4.799882	51.49902
	4.799868	51.499
	4.799858	51.49898
	4.79982	51.49892
	4.799795	51.49891
	4.799771	51.49893
	4.799696	51.49904
	4.799672	51.49908
	4.799658	51.4991
	4.799632	51.49912
	4.799599	51.49909
	4.799549	51.49905
	4.799525	51.49907
	4.79951	51.49911
	4.799508	51.49914
	4.799504	51.49918
	4.7995	51.49923
	4.799481	51.4993
	4.799457	51.4993
	4.799389	51.49925
	4.79935	51.49925
	4.799262	51.49931
	4.799199	51.49935
	4.799186	51.49938
	4.799156	51.49944
	4.79914	51.49946
	4.799108	51.49945
	4.799088	51.49943
	4.799061	51.4994
	4.79904	51.4994
	4.799005	51.49944
	4.799009	51.49945
	4.799018	51.49947
	4.799027	51.49949
	4.798923	51.49958
	4.798794	51.49954
	4.798665	51.49964
	4.798542	51.49972
	4.798474	51.49965
	4.798425	51.49964
	4.798406	51.49964
	4.798255	51.49964
	4.798208	51.49966
	4.798167	51.49969
	4.7981	51.49973
	4.798066	51.49974
	4.79804	51.49976
	4.798003	51.49979
	4.797977	51.4998
	4.797891	51.4998
	4.797823	51.49979
	4.797707	51.49974
	4.797645	51.49972
	4.797605	51.49972
	4.797494	51.49981
	4.797449	51.49982
	4.797258	51.49963
	4.797225	51.49962
	4.797071	51.49966
	4.797026	51.49967
	4.796957	51.49964
	4.796921	51.49958
	4.796829	51.49951
	4.79671	51.49948
	4.796633	51.49945
	4.796332	51.49946
	4.796239	51.49945
	4.796055	51.49943
	4.795833	51.49944
	4.795816	51.49945
	4.7958	51.49948
	4.795769	51.49951
	4.795754	51.49952
	4.79573	51.49953
	4.795696	51.49954
	4.795597	51.49954
	4.795571	51.49954
	4.795552	51.49953
	4.795509	51.49952
	4.795495	51.49951
	4.795473	51.49951
	4.795441	51.49951
	4.795422	51.49951
	4.795398	51.49952
	4.795383	51.49953
	4.795367	51.49954
	4.795352	51.49955
	4.795343	51.49956
	4.795339	51.49958
	4.795338	51.49959
	4.795342	51.49962
	4.795339	51.49965
	4.795337	51.49966
	4.79533	51.49968
	4.795321	51.49969
	4.795308	51.4997
	4.795287	51.49971
	4.795252	51.49973
	4.795217	51.49975
	4.795166	51.49977
	4.795116	51.49978
	4.795075	51.49978
	4.795058	51.49979
	4.795042	51.4998
	4.795029	51.49981
	4.795018	51.49982
	4.795001	51.49984
	4.794981	51.49986
	4.79497	51.49987
	4.794959	51.49988
	4.794946	51.49988
	4.794927	51.49988
	4.79491	51.49988
	4.794893	51.49987
	4.79488	51.49986
	4.794861	51.49985
	4.794837	51.49984
	4.794769	51.49982
	4.794722	51.4998
	4.794701	51.49979
	4.79468	51.49978
	4.794644	51.49977
	4.794592	51.49977
	4.794564	51.49977
	4.794545	51.49978
	4.794527	51.49978
	4.794495	51.49979
	4.794386	51.49976
	4.794363	51.49975
	4.794344	51.49975
	4.794324	51.49974
	4.794294	51.49974
	4.794249	51.49974
	4.7942	51.49974
	4.794173	51.49974
	4.794105	51.49975
	4.79398	51.49979
	4.793963	51.49979
	4.793946	51.49979
	4.793935	51.49978
	4.793927	51.49976
	4.793919	51.49974
	4.793913	51.4997
	4.793909	51.49968
	4.793899	51.49967
	4.793888	51.49966
	4.79382	51.49964
	4.793771	51.49963
	4.793739	51.49963
	4.793662	51.49961
	4.79363	51.49961
	4.793604	51.4996
	4.793589	51.49959
	4.793578	51.49959
	4.793555	51.49957
	4.79353	51.49956
	4.793519	51.49954
	4.793505	51.49952
	4.793488	51.4995
	4.793478	51.49948
	4.793474	51.49947
	4.793464	51.49943
	4.793458	51.49937
	4.793454	51.49936
	4.793442	51.49935
	4.793416	51.49933
	4.793404	51.49932
	4.793393	51.4993
	4.793398	51.49928
	4.793401	51.49924
	4.7934	51.49921
	4.793398	51.49919
	4.793387	51.49917
	4.793383	51.49917
	4.79335	51.49911
	4.793317	51.49905
	4.793294	51.49901
	4.793262	51.49898
	4.793187	51.49891
	4.793147	51.49887
	4.793138	51.49886
	4.793113	51.49882
	4.793097	51.4988
	4.793078	51.49878
	4.793059	51.49877
	4.793029	51.49875
	4.793012	51.49874
	4.792881	51.49875
	4.792838	51.49875
	4.792827	51.49875
	4.792817	51.49874
	4.792802	51.49874
	4.792796	51.49873
	4.792779	51.49869
	4.792773	51.49867
	4.792769	51.49865
	4.792766	51.49861
	4.79276	51.49857
	4.792748	51.4985
	4.792704	51.49847
	4.792656	51.49844
	4.792622	51.49841
	4.792599	51.49838
	4.792567	51.49835
	4.792555	51.49834
	4.79254	51.49834
	4.792527	51.49834
	4.792514	51.49834
	4.792503	51.49835
	4.792494	51.49836
	4.792487	51.49838
	4.792467	51.49843
	4.792458	51.49844
	4.792425	51.49847
	4.792384	51.49851
	4.792368	51.49853
	4.792327	51.49856
	4.792303	51.49858
	4.792285	51.4986
	4.792272	51.4986
	4.792257	51.49861
	4.792242	51.49862
	4.792223	51.49862
	4.792201	51.49863
	4.792182	51.49863
	4.792162	51.49863
	4.792143	51.49862
	4.792128	51.49861
	4.792103	51.49858
	4.79207	51.4985
	4.792064	51.49849
	4.792054	51.49846
	4.792044	51.49846
	4.792024	51.49845
	4.791984	51.49843
	4.791944	51.49841
	4.791912	51.4984
	4.791901	51.4984
	4.791854	51.4984
	4.791761	51.4984
	4.791727	51.4984
	4.791669	51.4984
	4.791611	51.49839
	4.791586	51.4984
	4.791555	51.4984
	4.791523	51.49841
	4.791456	51.49843
	4.791432	51.49844
	4.791368	51.49845
	4.791331	51.49845
	4.791292	51.49845
	4.791278	51.49844
	4.79122	51.49841
	4.791178	51.49837
	4.791144	51.49834
	4.791115	51.49832
	4.791079	51.4983
	4.79103	51.49826
	4.790931	51.4982
	4.790867	51.49816
	4.790856	51.49816
	4.790852	51.49816
	4.790837	51.49817
	4.790817	51.49818
	4.7908	51.4982
	4.790778	51.49823
	4.79076	51.49825
	4.790747	51.49827
	4.790736	51.49827
	4.790712	51.49829
	4.790683	51.49829
	4.79059	51.49829
	4.79054	51.49828
	4.7905	51.49828
	4.790478	51.49829
	4.790454	51.49829
	4.790426	51.4983
	4.79036	51.49831
	4.790243	51.49834
	4.790202	51.49835
	4.790174	51.49835
	4.790146	51.49835
	4.790123	51.49835
	4.790101	51.49834
	4.790063	51.49834
	4.790041	51.49834
	4.79002	51.49834
	4.789992	51.49835
	4.789966	51.49835
	4.789944	51.49836
	4.789923	51.49837
	4.78989	51.49838
	4.789834	51.4984
	4.78981	51.49842
	4.789793	51.49842
	4.789777	51.49843
	4.789769	51.49844
	4.789756	51.49845
	4.789738	51.49846
	4.789683	51.49852
	4.789662	51.49854
	4.789644	51.49855
	4.789618	51.49857
	4.789572	51.49859
	4.789522	51.49862
	4.789496	51.49864
	4.789473	51.49864
	4.789445	51.49865
	4.789423	51.49865
	4.789397	51.49866
	4.789376	51.49866
	4.789333	51.49867
	4.789305	51.49867
	4.789243	51.49868
	4.789213	51.49868
	4.789183	51.49868
	4.789171	51.4987
	4.789154	51.49871
	4.789081	51.49878
	4.78906	51.49879
	4.789043	51.4988
	4.789024	51.4988
	4.788996	51.49881
	4.788952	51.49882
	4.788926	51.49883
	4.7889	51.49883
	4.78886	51.49884
	4.788817	51.49884
	4.788781	51.49884
	4.788742	51.49885
	4.788714	51.49885
	4.78868	51.49884
	4.788653	51.49883
	4.78859	51.4988
	4.788575	51.49879
	4.78856	51.49879
	4.788543	51.49879
	4.788515	51.4988
	4.788481	51.49881
	4.788453	51.49881
	4.78843	51.49882
	4.788396	51.49885
	4.788391	51.49885
	4.788385	51.49886
	4.788374	51.49887
	4.78836	51.49889
	4.788347	51.49892
	4.788335	51.49896
	4.788324	51.499
	4.788315	51.49902
	4.788308	51.49904
	4.7883	51.49905
	4.788279	51.49906
	4.788141	51.49902
	4.788051	51.499
	4.787964	51.49898
	4.787934	51.49898
	4.787919	51.49898
	4.787901	51.49898
	4.787866	51.49903
	4.787859	51.49904
	4.78784	51.49905
	4.787825	51.49905
	4.787784	51.49904
	4.787759	51.49904
	4.787742	51.49902
	4.787702	51.49898
	4.787672	51.49896
	4.787647	51.49894
	4.787628	51.49892
	4.787607	51.4989
	4.787533	51.49885
	4.78748	51.4988
	4.787448	51.49878
	4.787436	51.49877
	4.787425	51.49876
	4.787412	51.49876
	4.787404	51.49876
	4.787352	51.49875
	4.787306	51.49875
	4.787284	51.49875
	4.787232	51.49876
	4.787202	51.49877
	4.787178	51.49877
	4.787124	51.49877
	4.787094	51.49878
	4.787076	51.49878
	4.787017	51.4988
	4.786993	51.49882
	4.786958	51.49882
	4.78693	51.49883
	4.786805	51.49885
	4.786771	51.49885
	4.786739	51.49884
	4.786712	51.49881
	4.786691	51.49879
	4.786674	51.49878
	4.786657	51.49878
	4.786613	51.49878
	4.786577	51.49879
	4.786551	51.4988
	4.786512	51.49882
	4.786492	51.49884
	4.786464	51.49886
	4.786442	51.49887
	4.786427	51.49888
	4.786405	51.4989
	4.786379	51.4989
	4.786342	51.49891
	4.786304	51.49891
	4.78627	51.49889
	4.786215	51.49886
	4.786189	51.49884
	4.786176	51.49884
	4.786162	51.49884
	4.786142	51.49884
	4.786121	51.49885
	4.786103	51.49886
	4.78605	51.49891
	4.786022	51.49893
	4.785985	51.49895
	4.785966	51.49897
	4.785952	51.49898
	4.785933	51.499
	4.785924	51.49901
	4.785915	51.49903
	4.785908	51.49905
	4.785897	51.49908
	4.785886	51.4991
	4.785877	51.49912
	4.785868	51.49913
	4.785864	51.49913
	4.785851	51.49913
	4.785829	51.49913
	4.785803	51.49913
	4.785784	51.49913
	4.785756	51.49914
	4.78573	51.49914
	4.785713	51.49915
	4.785696	51.49916
	4.78568	51.49917
	4.785667	51.49919
	4.785658	51.49921
	4.785656	51.49922
	4.785652	51.49928
	4.785647	51.4993
	4.785641	51.49932
	4.785617	51.49933
	4.785589	51.49934
	4.785554	51.49935
	4.785507	51.49934
	4.785467	51.49933
	4.785431	51.49931
	4.785369	51.49927
	4.785354	51.49926
	4.785325	51.49927
	4.785258	51.49934
	4.785223	51.49937
	4.785199	51.4994
	4.78519	51.49941
	4.785205	51.49945
	4.785247	51.49949
	4.785261	51.49951
	4.78527	51.49952
	4.785256	51.49957
	4.785245	51.4996
	4.785139	51.49969
	4.785113	51.49972
	4.785093	51.49973
	4.785067	51.49975
	4.78505	51.49975
	4.785033	51.49976
	4.78502	51.49976
	4.785006	51.49975
	4.784972	51.49973
	4.784853	51.49973
	4.78481	51.49972
	4.784759	51.49972
	4.784715	51.4997
	4.784649	51.49964
	4.784622	51.49961
	4.784599	51.49959
	4.784575	51.49957
	4.784554	51.49956
	4.784513	51.49955
	4.784492	51.49955
	4.784455	51.49955
	4.784372	51.49956
	4.784314	51.49956
	4.784262	51.49956
	4.784225	51.49956
	4.784165	51.49957
	4.784079	51.49957
	4.78406	51.49956
	4.784045	51.49956
	4.784037	51.49955
	4.784035	51.49954
	4.784029	51.49953
	4.784022	51.49952
	4.784016	51.49952
	4.784006	51.49951
	4.783984	51.49951
	4.78395	51.49951
	4.783943	51.49951
	4.783815	51.49957
	4.783748	51.49959
	4.783672	51.49963
	4.783636	51.49964
	4.783608	51.49965
	4.783595	51.49965
	4.78355	51.49965
	4.783509	51.49963
	4.783475	51.49962
	4.783454	51.4996
	4.783429	51.49959
	4.783363	51.49956
	4.783348	51.49956
	4.783326	51.49956
	4.783307	51.49955
	4.783226	51.49954
	4.783202	51.49954
	4.783183	51.49954
	4.783172	51.49955
	4.783159	51.49955
	4.783152	51.49955
	4.783131	51.49956
	4.78311	51.49956
	4.783061	51.49956
	4.783054	51.49957
	4.783051	51.49957
	4.783047	51.49959
	4.783048	51.49961
	4.78305	51.49962
	4.78305	51.49964
	4.783041	51.49966
	4.783034	51.49967
	4.783026	51.49968
	4.783019	51.49969
	4.783016	51.4997
	4.78302	51.49973
	4.783028	51.49976
	4.783042	51.4998
	4.783055	51.49981
	4.783091	51.49984
	4.78311	51.49984
	4.783123	51.49985
	4.783138	51.49985
	4.783187	51.49987
	4.7832	51.49988
	4.783208	51.49988
	4.783216	51.49988
	4.783219	51.49989
	4.783218	51.4999
	4.783212	51.49992
	4.783207	51.49992
	4.783186	51.49993
	4.783159	51.49994
	4.783144	51.49996
	4.783126	51.49998
	4.783113	51.5
	4.783095	51.50005
	4.783084	51.50009
	4.783072	51.50012
	4.783054	51.50016
	4.783044	51.50018
	4.783023	51.50019
	4.783019	51.50019
	4.783004	51.50019
	4.783001	51.50019
	4.782985	51.50019
	4.782961	51.50018
	4.782938	51.50017
	4.782919	51.50015
	4.782898	51.50013
	4.782881	51.50012
	4.782854	51.5001
	4.782834	51.5001
	4.782815	51.5001
	4.782804	51.50011
	4.782787	51.50012
	4.782774	51.50013
	4.782749	51.50015
	4.782736	51.50017
	4.782732	51.50018
	4.782725	51.5002
	4.782725	51.50021
	4.782729	51.50022
	4.782735	51.50023
	4.782745	51.50025
	4.782758	51.50025
	4.782818	51.50028
	4.782864	51.5003
	4.782896	51.50032
	4.78292	51.50033
	4.782928	51.50034
	4.782982	51.50037
	4.782998	51.50039
	4.783002	51.5004
	4.782991	51.50042
	4.782949	51.50045
	4.78291	51.50049
	4.782892	51.50051
	4.782879	51.50053
	4.782831	51.50056
	4.782833	51.50056
	4.782979	51.50058
	4.783007	51.50058
	4.783022	51.50058
	4.783035	51.50058
	4.783049	51.50059
	4.783062	51.5006
	4.783068	51.50061
	4.783068	51.50062
	4.783053	51.50062
	4.783027	51.50064
	4.782997	51.50065
	4.782981	51.50065
	4.782981	51.50066
	4.782983	51.50067
	4.783006	51.5007
	4.783044	51.50072
	4.783057	51.50074
	4.783048	51.50076
	4.783026	51.50079
	4.782991	51.50081
	4.782948	51.50083
	4.782905	51.50084
	4.782866	51.50085
	4.782827	51.50086
	4.782803	51.50086
	4.782756	51.50087
	4.782709	51.50088
	4.782687	51.50088
	4.78267	51.50087
	4.782661	51.50088
	4.782634	51.50087
	4.782621	51.50086
	4.782598	51.50082
	4.782584	51.50079
	4.782565	51.50077
	4.782552	51.50076
	4.782537	51.50075
	4.782522	51.50074
	4.782488	51.50073
	4.782461	51.50072
	4.782437	51.50072
	4.782411	51.50072
	4.782383	51.50072
	4.782347	51.50073
	4.782316	51.50074
	4.782278	51.50075
	4.782232	51.50077
	4.782193	51.5008
	4.78219	51.5008
	4.782187	51.5008
	4.782201	51.50082
	4.782227	51.50082
	4.78227	51.50082
	4.782296	51.50082
	4.782317	51.50082
	4.782328	51.50083
	4.782407	51.50093
	4.782348	51.50104
	4.782347	51.50105
	4.782346	51.50107
	4.782353	51.50107
	4.782383	51.5011
	4.782423	51.50112
	4.782472	51.50112
	4.782493	51.50112
	4.782514	51.50112
	4.78254	51.50112
	4.782564	51.50113
	4.78257	51.50113
	4.782583	51.50114
	4.782598	51.50116
	4.78261	51.50117
	4.782629	51.50119
	4.782656	51.50121
	4.782669	51.50123
	4.782671	51.50123
	4.782673	51.50123
	4.782675	51.50124
	4.782676	51.50124
	4.782678	51.50124
	4.782679	51.50124
	4.78268	51.50124
	4.782681	51.50125
	4.782682	51.50125
	4.782681	51.50126
	4.78268	51.50126
	4.782679	51.50126
	4.782678	51.50126
	4.782676	51.50127
	4.782675	51.50127
	4.782673	51.50127
	4.782671	51.50127
	4.782669	51.50127
	4.782667	51.50127
	4.782664	51.50128
	4.782661	51.50128
	4.782659	51.50128
	4.782656	51.50128
	4.782653	51.50128
	4.78265	51.50128
	4.782647	51.50128
	4.782643	51.50128
	4.78264	51.50128
	4.782637	51.50128
	4.782634	51.50128
	4.782631	51.50128
	4.782628	51.50128
	4.782626	51.50129
	4.782623	51.50129
	4.782621	51.50129
	4.782618	51.50129
	4.782578	51.50129
	4.78255	51.5013
	4.78253	51.50131
	4.782506	51.50133
	4.782491	51.50134
	4.782469	51.50134
	4.782377	51.50134
	4.78237	51.50135
	4.782364	51.50136
	4.782372	51.50137
	4.782389	51.50139
	4.782408	51.5014
	4.782419	51.50141
	4.782431	51.50142
	4.782441	51.50145
	4.782442	51.50148
	4.782524	51.50153
	4.782526	51.50154
	4.782516	51.50155
	4.782469	51.50157
	4.782433	51.50158
	4.782412	51.5016
	4.782386	51.50162
	4.782364	51.50166
	4.782354	51.50166
	4.782329	51.50168
	4.782343	51.5017
	4.782347	51.50171
	4.782346	51.50172
	4.782344	51.50173
	4.782322	51.50176
	4.782292	51.50178
	4.782285	51.5018
	4.782253	51.50181
	4.782221	51.50182
	4.782197	51.50182
	4.782169	51.50182
	4.782127	51.50183
	4.782095	51.50183
	4.782071	51.50183
	4.782041	51.50183
	4.781971	51.50183
	4.781903	51.50182
	4.78185	51.50181
	4.781833	51.50181
	4.781805	51.50181
	4.781784	51.50181
	4.781741	51.50181
	4.781722	51.50181
	4.781711	51.50182
	4.781703	51.50183
	4.781683	51.50185
	4.781665	51.50188
	4.781664	51.5019
	4.781672	51.50194
	4.7817	51.50203
	4.781712	51.50207
	4.781725	51.50212
	4.781758	51.50216
	4.781781	51.50218
	4.781806	51.50222
	4.781829	51.50223
	4.781873	51.50226
	4.781905	51.50227
	4.781924	51.50227
	4.781954	51.50229
	4.781985	51.50231
	4.781999	51.50233
	4.782012	51.50235
	4.782011	51.50236
	4.782009	51.50237
	4.782004	51.50238
	4.781946	51.50243
	4.781937	51.50244
	4.781932	51.50245
	4.781886	51.5025
	4.781858	51.50252
	4.781828	51.50254
	4.781806	51.50256
	4.781777	51.5026
	4.781756	51.50261
	4.781715	51.50262
	4.781677	51.50263
	4.781649	51.50263
	4.781623	51.50263
	4.781587	51.50262
	4.781568	51.50261
	4.781536	51.50261
	4.781445	51.5026
	4.781385	51.5026
	4.781345	51.50259
	4.781311	51.50259
	4.78127	51.50258
	4.781222	51.50257
	4.781139	51.50255
	4.781091	51.50254
	4.78104	51.50252
	4.781016	51.50251
	4.781002	51.50251
	4.780982	51.50251
	4.780961	51.50252
	4.780935	51.50254
	4.780911	51.50255
	4.780881	51.50258
	4.780863	51.50259
	4.780848	51.50261
	4.780832	51.50264
	4.780818	51.50269
	4.780813	51.50271
	4.780817	51.50274
	4.780818	51.50277
	4.780818	51.50278
	4.780824	51.5028
	4.780845	51.50283
	4.780859	51.50285
	4.780877	51.50289
	4.780892	51.50291
	4.780902	51.50293
	4.780904	51.50295
	4.780909	51.50297
	4.780934	51.503
	4.780967	51.50304
	4.781001	51.50307
	4.781033	51.50308
	4.78106	51.50309
	4.781092	51.50309
	4.781117	51.5031
	4.781141	51.50309
	4.781173	51.50309
	4.781282	51.50306
	4.781304	51.50305
	4.78134	51.50304
	4.781372	51.50304
	4.781385	51.50304
	4.7814	51.50304
	4.781409	51.50305
	4.781419	51.50307
	4.781427	51.50308
	4.781438	51.50314
	4.781442	51.50315
	4.781439	51.50318
	4.781437	51.5032
	4.781428	51.50323
	4.781419	51.50324
	4.781397	51.50327
	4.781377	51.5033
	4.781361	51.50332
	4.781333	51.50335
	4.781296	51.50339
	4.781263	51.50341
	4.781239	51.50343
	4.781205	51.50345
	4.781179	51.50347
	4.78116	51.50347
	4.781116	51.50349
	4.781076	51.50351
	4.781048	51.50351
	4.781033	51.50352
	4.780935	51.50351
	4.780905	51.50352
	4.780856	51.50352
	4.780809	51.50353
	4.780737	51.50356
	4.780696	51.50359
	4.780692	51.5036
	4.780685	51.50363
	4.780684	51.50365
	4.780688	51.50367
	4.780693	51.5037
	4.780696	51.50371
	4.780708	51.50374
	4.78072	51.50376
	4.780732	51.50379
	4.780748	51.50381
	4.780761	51.50383
	4.780779	51.50386
	4.780796	51.50388
	4.780833	51.50391
	4.780871	51.50395
	4.780892	51.50397
	4.780945	51.50405
	4.780909	51.50405
	4.780906	51.50405
	4.780735	51.50408
	4.780547	51.50412
	4.780264	51.50418
	4.779971	51.50424
	4.779784	51.50428
	4.779517	51.50433
	4.779481	51.50427
	4.779257	51.50431
	4.779021	51.50434
	4.778999	51.50436
	4.778914	51.50436
	4.778786	51.50438
	4.778796	51.50442
	4.778787	51.50449
	4.77869	51.5045
	4.77867	51.50439
	4.778502	51.5044
	4.778423	51.50441
	4.778137	51.50443
	4.77799	51.50445
	4.777765	51.50447
	4.777633	51.50449
	4.777496	51.50451
	4.777271	51.50454
	4.777078	51.50457
	4.776681	51.50462
	4.776569	51.50464
	4.775974	51.50474
	4.77563	51.50481
	4.775194	51.50488
	4.774845	51.50494
	4.774844	51.50494
	4.77483	51.50493
	4.774829	51.50492
	4.774746	51.50485
	4.774023	51.50494
	4.773905	51.50495
	4.773888	51.50496
	4.773923	51.50509
	4.773758	51.50511
	4.773733	51.50511
	4.77288	51.50495
	4.772721	51.50492
	4.771228	51.50462
	4.770946	51.50457
	4.770866	51.50455
	4.769909	51.50436
	4.769419	51.50426
	4.769061	51.50419
	4.768776	51.50413
	4.767927	51.50396
	4.767826	51.50394
	4.767422	51.50386
	4.766926	51.50376
	4.766566	51.50369
	4.765981	51.50357
	4.765875	51.50355
	4.765169	51.50341
	4.764928	51.50336
	4.764029	51.50318
	4.763977	51.50317
	4.76316	51.50301
	4.763114	51.503
	4.762929	51.50296
	4.762525	51.50288
	4.761274	51.50262
	4.760023	51.50237
	4.759944	51.50236
	4.759768	51.50218
	4.75937	51.5017
	4.759094	51.50137
	4.759062	51.50132
	4.758795	51.50095
	4.758689	51.5008
	4.758637	51.50072
	4.758585	51.50064
	4.758413	51.50021
	4.758412	51.5002
	4.75841	51.5002
	4.758409	51.5002
	4.758407	51.50019
	4.758404	51.50019
	4.758402	51.50019
	4.7584	51.50019
	4.758397	51.50018
	4.758394	51.50018
	4.758391	51.50018
	4.758388	51.50017
	4.758384	51.50017
	4.758381	51.50017
	4.758377	51.50017
	4.758373	51.50016
	4.758369	51.50016
	4.758365	51.50016
	4.75836	51.50016
	4.758356	51.50016
	4.758351	51.50015
	4.758347	51.50015
	4.758342	51.50015
	4.758337	51.50015
	4.758332	51.50015
	4.758327	51.50015
	4.758322	51.50015
	4.758317	51.50015
	4.758311	51.50014
	4.758306	51.50014
	4.758301	51.50014
	4.758295	51.50014
	4.75829	51.50014
	4.758284	51.50014
	4.758279	51.50014
	4.756509	51.50026
	4.756439	51.50027
	4.756026	51.50031
	4.755588	51.50035
	4.755509	51.50035
	4.755378	51.50036
	4.75526	51.50054
	4.7527	51.49981
	4.752654	51.49976
	4.752375	51.49953
	4.751486	51.49881
	4.751409	51.49875
	4.751314	51.49867
	4.751225	51.4986
	4.75117	51.49855
	4.751038	51.49843
	4.751007	51.4984
	4.750965	51.49837
	4.750958	51.49836
	4.750363	51.49784
	4.750312	51.49783
	4.750136	51.49768
	4.749681	51.4973
	4.749663	51.49728
	4.748945	51.49668
	4.748945	51.49665
	4.749101	51.49649
	4.749536	51.49606
	4.749657	51.49591
	4.749915	51.49556
	4.749979	51.49548
	4.750003	51.49543
	4.749991	51.49532
	4.749928	51.49513
	4.749819	51.49481
	4.749744	51.49456
	4.749699	51.49436
	4.749656	51.49425
	4.749603	51.49414
	4.749188	51.49357
	4.748802	51.49303
	4.748715	51.49291
	4.748593	51.49273
	4.748204	51.49214
	4.74807	51.49193
	4.747983	51.49181
	4.747921	51.49172
	4.747814	51.49163
	4.747624	51.49145
	4.747366	51.49123
	4.746912	51.49076
	4.74683	51.4907
	4.746823	51.49064
	4.746785	51.49031
	4.746749	51.49006
	4.746688	51.48985
	4.746603	51.48965
	4.746562	51.4895
	4.746464	51.48944
	4.74638	51.48941
	4.746175	51.48935
	4.745662	51.48918
	4.745045	51.489
	4.744986	51.48896
	4.74463	51.48885
	4.744236	51.48875
	4.744072	51.48869
	4.743941	51.48866
	4.743587	51.48855
	4.743524	51.48854
	4.743125	51.48841
	4.742752	51.48828
	4.742695	51.48826
	4.741597	51.48791
	4.74137	51.48785
	4.741065	51.48774
	4.739304	51.4872
	4.739246	51.48719
	4.738536	51.48697
	4.738171	51.48684
	4.737829	51.48674
	4.737374	51.4866
	4.736667	51.48639
	4.736647	51.48638
	4.736143	51.48623
	4.735857	51.48614
	4.735831	51.48614
	4.735034	51.48588
	4.734885	51.48583
	4.734748	51.4858
	4.734726	51.48579
	4.734653	51.48575
	4.73453	51.48571
	4.734297	51.48564
	4.733997	51.48555
	4.733684	51.48545
	4.73347	51.48539
	4.729816	51.48425
	4.729675	51.48425
	4.729493	51.48412
	4.729317	51.48399
	4.729309	51.48398
	4.726239	51.49637
	4.73076	51.50839
	4.722403	51.51274
	4.731582	51.52024
	4.726787	51.52365
	4.717061	51.52877
	4.703499	51.53022
	4.704594	51.53814
	4.698019	51.54683
	4.683087	51.54606
	4.677214	51.5579
	4.674502	51.56982
	4.671208	51.57777
	4.677989	51.58222
	4.674308	51.59101
	4.673146	51.60064
	4.674889	51.61279
	4.67857	51.62265
	4.676439	51.63432
	4.674114	51.64959
	4.660747	51.6586
	4.638498	51.6831
	4.63343	51.69397
	4.641923	51.70136
	4.632581	51.71658
	4.64445	51.71895
	4.675223	51.72421
	4.681598	51.72842
	4.693263	51.73228
	4.703746	51.73693
	4.717281	51.74382
	4.724592	51.74791
	4.729445	51.75071
	4.736631	51.75557
	4.74077	51.75882
	4.744794	51.7635
	4.747488	51.76925
	4.750569	51.77576
	4.75524	51.78161
	4.758403	51.78441
	4.762087	51.78689
	4.765434	51.78936
	4.773539	51.79332
	4.781809	51.79594
	4.787665	51.79748
	4.797194	51.79977
	4.806876	51.80034
	4.814927	51.79975
	4.816372	51.79966
	4.822951	51.79879
	4.828872	51.79802
	4.836108	51.79784
	4.845984	51.79876
	4.847113	51.79901
	4.847907	51.7992
	4.854413	51.80068
	4.859667	51.80268
	4.865233	51.80532
	4.86581	51.80561
	4.86774	51.80676
	4.871361	51.80889
	4.876054	51.81188
	4.882024	51.81521
	4.884643	51.81647
	4.889401	51.81889
	4.890728	51.81935
	4.894426	51.8206
	4.897614	51.82172
	4.904092	51.82395
	4.908516	51.82521
	4.911274	51.82598
	4.914307	51.82661
	4.916022	51.82695
	4.918599	51.82748
	4.919601	51.82763
	4.922728	51.82807
	4.924233	51.82815
	4.926038	51.82826
	4.931144	51.82853
	4.934862	51.82837
	4.936064	51.82831
	4.942443	51.82724
	4.954947	51.82578
	4.962616	51.82476
	4.966784	51.82411
	4.975951	51.82265
	4.983024	51.82164
	4.987757	51.82106
	4.989263	51.82098
	4.992738	51.82082
	4.993398	51.82081
	4.995717	51.82079
	4.999283	51.82087
	4.999674	51.8209
	5.000364	51.82093
	5.001403	51.82063
	5.001642	51.8205
	5.002187	51.82022
	5.002788	51.81992
	5.00336	51.81962
	5.003893	51.81935
	5.004283	51.81915
	5.004531	51.81908
	5.005317	51.81887
	5.006045	51.81867
	5.006803	51.81847
	5.007248	51.81834
	5.007601	51.81822
	5.008237	51.818
	5.008676	51.81784
	5.008931	51.81771
	5.009325	51.81751
	5.009573	51.81727
	5.009804	51.81705
	5.009983	51.81678
	5.010103	51.81661
	5.010085	51.8163
	5.010066	51.81588
	5.010054	51.81551
	5.01005	51.81524
	5.010043	51.81493
	5.010046	51.81454
	5.010043	51.81426
	5.01004	51.81391
	5.010122	51.81363
	5.010228	51.81329
	5.010306	51.81302
	5.010308	51.81301
	5.010793	51.81232
	5.010941	51.8121
	5.011092	51.81193
	5.011357	51.81162
	5.011559	51.81139
	5.011696	51.81123
	5.011942	51.81103
	5.012234	51.8108
	5.012266	51.81077
	5.012418	51.81065
	5.012427	51.81065
	5.012536	51.81056
	5.012818	51.81033
	5.013083	51.81012
	5.013337	51.80992
	5.013606	51.80971
	5.013904	51.80948
	5.014049	51.80937
	5.014322	51.80916
	5.014509	51.80901
	5.01454	51.80898
	5.01459	51.80896
	5.01473	51.80888
	5.014916	51.80879
	5.015147	51.80866
	5.015312	51.80858
	5.015531	51.80845
	5.015729	51.80835
	5.01597	51.80822
	5.016001	51.80821
	5.016049	51.80819
	5.016301	51.80809
	5.016823	51.80789
	5.017417	51.80766
	5.017467	51.80764
	5.017526	51.80762
	5.017733	51.80756
	5.018286	51.80738
	5.018738	51.80724
	5.018905	51.80718
	5.019121	51.8071
	5.019407	51.80699
	5.019799	51.80683
	5.02011	51.80671
	5.020376	51.80661
	5.02072	51.80645
	5.02111	51.80625
	5.021401	51.8061
	5.021675	51.80597
	5.021903	51.80586
	5.022154	51.80574
	5.022375	51.80563
	5.022536	51.80555
	5.023493	51.8051
	5.023863	51.80493
	5.024147	51.8048
	5.02438	51.80469
	5.024596	51.8046
	5.024664	51.80456
	5.024731	51.80453
	5.024751	51.80452
	5.024863	51.80448
	5.025033	51.80442
	5.025225	51.80434
	5.025392	51.80427
	5.025535	51.80421
	5.025741	51.80413
	5.025884	51.80408
	5.025891	51.80408
	5.026026	51.80402
	5.026179	51.80396
	5.026349	51.80391
	5.026512	51.80385
	5.026653	51.8038
	5.026791	51.80375
	5.026932	51.8037
	5.027197	51.80361
	5.027378	51.80355
	5.027505	51.8035
	5.027607	51.80346
	5.027851	51.80339
	5.028038	51.80334
	5.028274	51.80327
	5.02851	51.8032
	5.028724	51.80314
	5.028854	51.8031
	5.028992	51.80306
	5.029115	51.80303
	5.029196	51.80301
	5.029224	51.80301
	5.029331	51.80299
	5.029541	51.80295
	5.029963	51.80286
	5.03021	51.80282
	5.030382	51.80278
	5.030541	51.80275
	5.030593	51.80275
	5.030687	51.80273
	5.030814	51.80272
	5.030958	51.8027
	5.031079	51.80268
	5.031223	51.80266
	5.031324	51.80265
	5.031457	51.80263
	5.031584	51.80262
	5.031702	51.8026
	5.031829	51.80258
	5.031984	51.80256
	5.032129	51.80254
	5.032339	51.80251
	5.032809	51.80244
	5.032996	51.8024
	5.033187	51.80238
	5.033298	51.80236
	5.033426	51.80234
	5.033609	51.8023
	5.033816	51.80227
	5.034089	51.80221
	5.034405	51.80215
	5.034846	51.80206
	5.034895	51.80206
	5.034941	51.80204
	5.035422	51.80192
	5.035804	51.80181
	5.036134	51.80172
	5.036459	51.80163
	5.036852	51.80151
	5.037293	51.80137
	5.037516	51.80131
	5.03794	51.80118
	5.03814	51.80111
	5.038411	51.80103
	5.038598	51.80097
	5.039016	51.80083
	5.039218	51.80077
	5.039435	51.8007
	5.039642	51.80064
	5.039838	51.80059
	5.040644	51.80036
	5.040817	51.8003
	5.041743	51.79999
	5.042172	51.79984
	5.04233	51.79981
	5.042717	51.79972
	5.042998	51.79966
	5.043263	51.7996
	5.043538	51.79953
	5.043863	51.79946
	5.044303	51.79936
	5.04448	51.79933
	5.044656	51.79929
	5.045038	51.79921
	5.045159	51.79917
	5.045519	51.79906
	5.045913	51.79893
	5.046358	51.7988
	5.046515	51.79875
	5.046642	51.7987
	5.046966	51.79858
	5.047311	51.79845
	5.047621	51.79833
	5.047945	51.79821
	5.048146	51.79811
	5.048344	51.79801
	5.048578	51.79788
	5.048828	51.79775
	5.049097	51.79761
	5.049294	51.79751
	5.049444	51.79743
	5.04951	51.79739
	5.049704	51.79727
	5.04991	51.79715
	5.050197	51.79698
	5.050446	51.79685
	5.050674	51.79671
	5.050836	51.79662
	5.051088	51.79646
	5.051291	51.79634
	5.051539	51.79618
	5.051903	51.79596
	5.052344	51.79569
	5.052394	51.79561
	5.052419	51.79556
	5.052449	51.79551
	5.052594	51.79527
	5.052634	51.7952
	5.052652	51.79517
	5.052778	51.79496
	5.052883	51.79478
	5.053045	51.79451
	5.053183	51.79429
	5.053335	51.79411
	5.053674	51.79374
	5.05381	51.79358
	5.053988	51.79338
	5.054209	51.79317
	5.054553	51.79286
	5.054943	51.79249
	5.055212	51.79228
	5.055569	51.79199
	5.055897	51.79173
	5.056194	51.79149
	5.056492	51.79123
	5.056758	51.791
	5.057119	51.7907
	5.057379	51.79037
	5.05766	51.79002
	5.057826	51.7898
	5.05786	51.78975
	5.05835	51.78894
	5.058945	51.788
	5.059587	51.78709
	5.060256	51.78621
	5.060261	51.7862
	5.061044	51.78528
	5.061913	51.78441
	5.062897	51.78354
	5.063043	51.78341
	5.064062	51.78261
	5.065248	51.78172
	5.066526	51.78083
	5.066966	51.78055
	5.068412	51.77992
	5.069855	51.77955
	5.071306	51.77927
	5.072787	51.77911
	5.074249	51.77907
	5.075637	51.77914
	5.077141	51.77931
	5.078539	51.77956
	5.079994	51.77994
	5.081404	51.78047
	5.081953	51.78071
	5.082309	51.78087
	5.082884	51.78122
	5.08378	51.78177
	5.083795	51.78178
	5.084695	51.78268
	5.085326	51.78358
	5.085382	51.78365
	5.08551	51.78379
	5.085623	51.78391
	5.085739	51.78405
	5.085783	51.78409
	5.086046	51.78428
	5.086218	51.7844
	5.087202	51.7851
	5.087864	51.78543
	5.088594	51.78581
	5.088871	51.78592
	5.08969	51.78626
	5.090052	51.78641
	5.090144	51.78645
	5.090571	51.78661
	5.09102	51.78678
	5.091399	51.78692
	5.091518	51.78696
	5.091563	51.78698
	5.091779	51.78703
	5.092001	51.7871
	5.092286	51.78718
	5.092596	51.78727
	5.092969	51.78737
	5.093042	51.78739
	5.094291	51.78757
	5.094433	51.78759
	5.095546	51.78764
	5.09589	51.78765
	5.096464	51.78763
	5.097313	51.78759
	5.097738	51.78754
	5.098319	51.78747
	5.098711	51.78743
	5.098814	51.78741
	5.099092	51.78736
	5.09942	51.7873
	5.100079	51.78718
	5.100278	51.78715
	5.100529	51.78709
	5.10082	51.78702
	5.10115	51.78694
	5.101533	51.78685
	5.101842	51.78677
	5.102144	51.78669
	5.10232	51.78663
	5.102551	51.78657
	5.102776	51.78649
	5.10299	51.78643
	5.103241	51.78634
	5.103424	51.78627
	5.103673	51.78618
	5.103873	51.78611
	5.104133	51.78601
	5.104304	51.78594
	5.104496	51.78587
	5.10468	51.78579
	5.104858	51.78573
	5.10497	51.78567
	5.10512	51.7856
	5.105234	51.78556
	5.105342	51.78551
	5.10555	51.78541
	5.105847	51.78526
	5.106081	51.78515
	5.106364	51.78501
	5.106606	51.78489
	5.106852	51.78477
	5.10709	51.78465
	5.107329	51.78453
	5.107548	51.78442
	5.107723	51.78432
	5.107885	51.78423
	5.108163	51.78406
	5.108299	51.78398
	5.108397	51.78393
	5.108508	51.78386
	5.108679	51.78376
	5.10878	51.7837
	5.108909	51.78362
	5.10901	51.78355
	5.109129	51.78347
	5.10926	51.78339
	5.109387	51.78331
	5.109556	51.7832
	5.109665	51.78313
	5.109872	51.783
	5.110037	51.78289
	5.110166	51.7828
	5.110317	51.78271
	5.11041	51.78265
	5.111395	51.78199
	5.111622	51.78184
	5.111864	51.78168
	5.11238	51.78134
	5.113222	51.78078
	5.113433	51.78064
	5.114763	51.77973
	5.116088	51.77892
	5.116229	51.77884
	5.116949	51.7785
	5.117682	51.77816
	5.118397	51.7779
	5.119129	51.77764
	5.120129	51.77736
	5.120582	51.77724
	5.122038	51.77685
	5.122779	51.77665
	5.123486	51.77647
	5.124253	51.77626
	5.124946	51.77606
	5.125662	51.77582
	5.126386	51.77557
	5.127065	51.77535
	5.127839	51.7751
	5.128626	51.7749
	5.128971	51.77481
	5.129294	51.77473
	5.130741	51.77448
	5.131496	51.77437
	5.132198	51.77428
	5.132943	51.7742
	5.133638	51.77412
	5.134411	51.77397
	5.135095	51.77383
	5.135813	51.7736
	5.136542	51.77336
	5.137581	51.77291
	5.138186	51.77244
	5.138757	51.77201
	5.139089	51.77154
	5.1394	51.77111
	5.139649	51.77022
	5.139599	51.76931
	5.139272	51.76842
	5.139271	51.76842
	5.138991	51.76794
	5.138739	51.76751
	5.138696	51.76746
	5.138336	51.76703
	5.138006	51.76662
	5.137648	51.76615
	5.137327	51.76572
	5.137029	51.76522
	5.136792	51.76482
	5.136577	51.76438
	5.13635	51.76392
	5.136124	51.76329
	5.13603	51.76302
	5.135951	51.7627
	5.135857	51.76232
	5.135806	51.76212
	5.135771	51.76156
	5.135743	51.76122
	5.135817	51.76077
	5.135891	51.76032
	5.136089	51.75986
	5.136272	51.75942
	5.136273	51.75942
	5.136827	51.75853
	5.137218	51.7581
	5.137653	51.75763
	5.13819	51.75727
	5.138928	51.75678
	5.139532	51.75637
	5.140267	51.75606
	5.140988	51.75575
	5.140989	51.75575
	5.141816	51.75549
	5.142714	51.75521
	5.142296	51.75459
	5.141927	51.75404
	5.141515	51.75355
	5.141175	51.75314
	5.141004	51.75298
	5.140686	51.75268
	5.140221	51.75224
	5.139536	51.75173
	5.139009	51.75134
	5.138533	51.75101
	5.138113	51.75073
	5.137628	51.75044
	5.137537	51.75038
	5.137001	51.75006
	5.136686	51.74988
	5.135244	51.74911
	5.133768	51.74843
	5.131636	51.74765
	5.130844	51.74736
	5.130243	51.74713
	5.129479	51.74684
	5.128782	51.74651
	5.128059	51.74616
	5.127565	51.74592
	5.126996	51.74551
	5.126336	51.74502
	5.126038	51.74458
	5.125734	51.74412
	5.125657	51.74363
	5.125591	51.74323
	5.125635	51.74272
	5.125672	51.74232
	5.125748	51.742
	5.125762	51.74194
	5.125877	51.74146
	5.125886	51.74142
	5.125889	51.74141
	5.12589	51.7414
	5.125891	51.7414
	5.125892	51.74139
	5.125893	51.74139
	5.125894	51.74139
	5.125894	51.74138
	5.125929	51.74121
	5.125973	51.741
	5.126068	51.74053
	5.126024	51.74004
	5.125985	51.73963
	5.126096	51.73915
	5.126192	51.73874
	5.126409	51.73831
	5.126608	51.73793
	5.126748	51.73783
	5.127308	51.73773
	5.128055	51.73761
	5.129499	51.73786
	5.130952	51.73812
	5.132396	51.73837
	5.133846	51.73862
	5.135287	51.73886
	5.136724	51.7391
	5.13817	51.73934
	5.139279	51.7395
	5.139626	51.73956
	5.14107	51.73979
	5.141076	51.73979
	5.142087	51.73995
	5.142985	51.74008
	5.143968	51.74022
	5.144897	51.74036
	5.145357	51.74042
	5.146847	51.74064
	5.148301	51.74083
	5.148827	51.7409
	5.149755	51.74103
	5.151205	51.74122
	5.152059	51.74133
	5.152403	51.74137
	5.152645	51.74141
	5.153247	51.74148
	5.154086	51.74159
	5.154911	51.74169
	5.15554	51.74176
	5.156993	51.74195
	5.157763	51.74204
	5.158432	51.74212
	5.15988	51.74228
	5.160625	51.74237
	5.161327	51.74244
	5.162782	51.74263
	5.163497	51.7427
	5.164229	51.74278
	5.165672	51.74292
	5.16712	51.74301
	5.167775	51.74304
	5.168582	51.74307
	5.168837	51.74307
	5.170005	51.74309
	5.170016	51.74309
	5.171458	51.74309
	5.171693	51.74309
	5.172914	51.74307
	5.174362	51.74303
	5.174821	51.74302
	5.175817	51.74298
	5.17726	51.74292
	5.178691	51.74281
	5.180146	51.74268
	5.181602	51.7425
	5.181851	51.74246
	5.184776	51.74205
	5.1857	51.74192
	5.186319	51.74181
	5.187446	51.74159
	5.187692	51.74155
	5.18803	51.74148
	5.188538	51.74137
	5.190417	51.74092
	5.190749	51.74085
	5.191356	51.74074
	5.192772	51.74052
	5.193239	51.74046
	5.19339	51.74044
	5.194205	51.74034
	5.194684	51.7403
	5.195524	51.74027
	5.196195	51.74026
	5.196653	51.74027
	5.197202	51.7403
	5.197856	51.74034
	5.198261	51.74037
	5.198733	51.74041
	5.199985	51.74054
	5.201146	51.74068
	5.20276	51.74089
	5.204178	51.74109
	5.20424	51.7411
	5.204846	51.7412
	5.206494	51.74148
	5.228085	51.72521
	5.233839	51.71113
	5.241099	51.70416
	5.236989	51.69958
	5.235756	51.69151
	5.234524	51.6786
	5.228359	51.66484
	5.22603	51.65838
	5.23014	51.65413
	5.231921	51.64733
	5.241647	51.63815
	5.244798	51.62973
	5.244387	51.62072
	5.256168	51.62191
	5.267127	51.61392
	5.267812	51.60864
	5.260552	51.60234
	5.256716	51.59401
	5.250688	51.58447
	5.250688	51.57766
	5.263155	51.56123
	5.266853	51.55467
	5.256716	51.54683
	5.254935	51.54087
	5.248634	51.53005
	5.243017	51.524
	5.237126	51.51718
	5.235756	51.51155
	5.243017	51.50771
	5.240688	51.49663
	5.235756	51.49228
	5.236989	51.48699
	5.237674	51.47863
	5.233428	51.47044
	5.223975	51.466
	5.210413	51.46429
	5.205208	51.45576
	5.20781	51.45021
	5.197947	51.44218
	5.191235	51.43057
	5.172102	51.42988
	5.156216	51.42976
	5.128124	51.42892
	5.102021	51.42892
END
END
