Netherlands_Gelderland_Zutphen
1
	6.166269	52.23101
	6.174214	52.23278
	6.177007	52.23332
	6.177854	52.23345
	6.178672	52.23356
	6.178828	52.23346
	6.179834	52.23359
	6.182531	52.23383
	6.182881	52.23373
	6.183596	52.23312
	6.184974	52.23199
	6.184837	52.23182
	6.185463	52.23158
	6.18599	52.2314
	6.186044	52.23145
	6.186388	52.23128
	6.186857	52.23098
	6.187002	52.23086
	6.187536	52.23041
	6.187719	52.23017
	6.188255	52.2299
	6.188676	52.22955
	6.18875	52.22957
	6.188777	52.22954
	6.188708	52.22952
	6.189136	52.22917
	6.189479	52.22933
	6.189779	52.22925
	6.189947	52.22922
	6.190271	52.22921
	6.190461	52.22924
	6.190647	52.22931
	6.191098	52.22955
	6.191259	52.22959
	6.191502	52.22961
	6.191873	52.22957
	6.191962	52.22955
	6.192897	52.22922
	6.193195	52.22916
	6.194388	52.22918
	6.194876	52.2292
	6.195252	52.22926
	6.195679	52.22937
	6.195826	52.22936
	6.195893	52.22934
	6.195946	52.22924
	6.196636	52.22916
	6.197789	52.22913
	6.198604	52.22915
	6.201414	52.22939
	6.201943	52.22942
	6.202343	52.22937
	6.202389	52.22929
	6.202456	52.22929
	6.202542	52.22931
	6.202821	52.22931
	6.203217	52.22926
	6.20351	52.22918
	6.203876	52.22912
	6.207745	52.22854
	6.210887	52.22819
	6.215166	52.22694
	6.217224	52.2264
	6.217094	52.22659
	6.215473	52.22939
	6.215596	52.22932
	6.215771	52.22927
	6.215621	52.22956
	6.215075	52.23049
	6.214515	52.23133
	6.214501	52.23143
	6.214563	52.23144
	6.214653	52.23142
	6.214805	52.23142
	6.215071	52.23154
	6.215114	52.23155
	6.215369	52.23155
	6.21569	52.23152
	6.215866	52.23148
	6.216002	52.23141
	6.216125	52.23133
	6.216253	52.23127
	6.216359	52.23127
	6.216404	52.2313
	6.216414	52.23136
	6.216364	52.23145
	6.216376	52.23148
	6.21648	52.23147
	6.216613	52.2314
	6.216719	52.23136
	6.216906	52.23134
	6.217053	52.23127
	6.21751	52.231
	6.217727	52.23093
	6.218225	52.23067
	6.218471	52.23056
	6.218992	52.2303
	6.219159	52.23021
	6.219315	52.2301
	6.219388	52.23003
	6.219431	52.23001
	6.219709	52.22996
	6.21987	52.22988
	6.220388	52.22967
	6.22051	52.22958
	6.220544	52.2295
	6.220963	52.22928
	6.221402	52.22914
	6.221936	52.229
	6.222104	52.22892
	6.222495	52.22886
	6.222611	52.22887
	6.222729	52.2289
	6.223248	52.22915
	6.223334	52.22912
	6.22357	52.22899
	6.223634	52.22897
	6.223994	52.229
	6.225873	52.22934
	6.226513	52.22944
	6.226945	52.22958
	6.22711	52.2296
	6.227142	52.22964
	6.227119	52.22973
	6.227169	52.22978
	6.227216	52.22978
	6.227221	52.22979
	6.227635	52.22976
	6.227831	52.22976
	6.227925	52.22977
	6.228216	52.2297
	6.228303	52.22965
	6.228469	52.22952
	6.22863	52.22953
	6.228832	52.22958
	6.229024	52.22954
	6.229194	52.22939
	6.229406	52.22927
	6.229515	52.22927
	6.229736	52.2294
	6.229868	52.22941
	6.22995	52.22941
	6.22996	52.2294
	6.229989	52.2294
	6.230035	52.22937
	6.230048	52.22934
	6.229991	52.22922
	6.230003	52.22918
	6.230372	52.22907
	6.230571	52.22905
	6.230831	52.22905
	6.23129	52.22912
	6.231668	52.22915
	6.232206	52.22926
	6.232211	52.22925
	6.232237	52.22925
	6.232589	52.22911
	6.233038	52.22907
	6.233152	52.22904
	6.233544	52.22882
	6.233721	52.22897
	6.233867	52.22904
	6.233971	52.22903
	6.234157	52.22889
	6.234234	52.22887
	6.234399	52.22888
	6.23444	52.22886
	6.234913	52.22837
	6.235069	52.22824
	6.235189	52.22816
	6.235266	52.22815
	6.235281	52.22814
	6.235355	52.22814
	6.235494	52.22816
	6.235621	52.22816
	6.23567	52.22815
	6.23582	52.22809
	6.235861	52.22809
	6.235882	52.22808
	6.236072	52.22808
	6.236209	52.2281
	6.236324	52.22813
	6.236503	52.2282
	6.236585	52.22822
	6.236839	52.22816
	6.237147	52.22806
	6.237432	52.22805
	6.237515	52.22801
	6.237607	52.22791
	6.237679	52.22786
	6.237738	52.22784
	6.23792	52.22781
	6.238013	52.22777
	6.238044	52.22774
	6.238059	52.22769
	6.237958	52.22756
	6.238018	52.22754
	6.238405	52.22757
	6.238562	52.22764
	6.238913	52.22769
	6.239051	52.22775
	6.239122	52.22775
	6.239131	52.22774
	6.239152	52.22774
	6.239363	52.22754
	6.239427	52.2275
	6.239493	52.22748
	6.239538	52.22748
	6.239549	52.22749
	6.239684	52.22751
	6.239785	52.22751
	6.239841	52.22752
	6.239866	52.22754
	6.239882	52.22764
	6.239916	52.22769
	6.240079	52.22773
	6.240215	52.22773
	6.24069	52.22777
	6.240989	52.22774
	6.241118	52.22774
	6.241604	52.22779
	6.241704	52.22776
	6.241745	52.22771
	6.241799	52.22769
	6.241873	52.22769
	6.242319	52.22782
	6.242402	52.22788
	6.242421	52.22802
	6.242464	52.22806
	6.242548	52.22808
	6.242627	52.22808
	6.242813	52.22811
	6.242868	52.22814
	6.24291	52.2282
	6.242939	52.22821
	6.243161	52.22822
	6.24347	52.22819
	6.243648	52.22812
	6.243751	52.22809
	6.243785	52.22809
	6.24381	52.22816
	6.243831	52.22817
	6.243896	52.22818
	6.244204	52.22817
	6.244323	52.22819
	6.244524	52.22827
	6.24459	52.22828
	6.244763	52.22825
	6.244879	52.22818
	6.244894	52.22813
	6.244871	52.22808
	6.244674	52.22791
	6.244828	52.22788
	6.244941	52.22784
	6.245039	52.22778
	6.245108	52.22772
	6.245106	52.22768
	6.245031	52.22758
	6.245013	52.22751
	6.245124	52.22744
	6.245667	52.22726
	6.245965	52.22722
	6.246576	52.22721
	6.246703	52.22714
	6.246764	52.22712
	6.246883	52.22711
	6.246971	52.22717
	6.247009	52.22718
	6.247222	52.22718
	6.247496	52.22722
	6.247572	52.22727
	6.247609	52.22741
	6.247666	52.22746
	6.247776	52.22749
	6.248114	52.22748
	6.24815	52.22749
	6.248158	52.22757
	6.248202	52.22763
	6.248267	52.22765
	6.248499	52.22763
	6.248626	52.22764
	6.248739	52.22763
	6.248774	52.2276
	6.248757	52.22756
	6.248583	52.2275
	6.248592	52.22746
	6.248652	52.22744
	6.248779	52.22742
	6.249108	52.22733
	6.249197	52.22732
	6.249275	52.22732
	6.249386	52.22734
	6.249749	52.22752
	6.249826	52.22753
	6.249892	52.22751
	6.249996	52.2274
	6.250125	52.22708
	6.250172	52.22701
	6.250332	52.22692
	6.250429	52.22691
	6.250871	52.22693
	6.251075	52.22698
	6.251307	52.22702
	6.251345	52.22703
	6.251295	52.22713
	6.251317	52.22717
	6.251399	52.22719
	6.251618	52.22722
	6.251895	52.2273
	6.251987	52.22731
	6.252073	52.2273
	6.252233	52.22725
	6.252338	52.22717
	6.252559	52.22704
	6.252615	52.22703
	6.252724	52.22704
	6.252781	52.22706
	6.252967	52.22716
	6.253198	52.22719
	6.253217	52.22721
	6.253186	52.22731
	6.253196	52.22737
	6.253228	52.2274
	6.253345	52.22741
	6.253482	52.22739
	6.253967	52.22727
	6.254286	52.22727
	6.254466	52.22729
	6.254589	52.22731
	6.254666	52.22737
	6.254635	52.22743
	6.254627	52.22749
	6.254688	52.22752
	6.254816	52.22753
	6.255027	52.22757
	6.255144	52.22756
	6.255402	52.22751
	6.255485	52.22746
	6.255562	52.22738
	6.255627	52.22728
	6.255715	52.2272
	6.255829	52.22718
	6.255924	52.22717
	6.256034	52.22719
	6.256169	52.22725
	6.256258	52.22726
	6.256568	52.22726
	6.256858	52.22728
	6.256971	52.2273
	6.257135	52.2273
	6.257295	52.22728
	6.257392	52.22734
	6.257554	52.22748
	6.257573	52.2276
	6.257683	52.22769
	6.257918	52.2277
	6.25811	52.22772
	6.258201	52.22774
	6.258342	52.22775
	6.258412	52.22777
	6.258476	52.22777
	6.258652	52.22772
	6.258717	52.22775
	6.258714	52.22779
	6.258684	52.22781
	6.258693	52.22794
	6.258714	52.22806
	6.258755	52.22814
	6.258837	52.22822
	6.258918	52.22826
	6.259115	52.2283
	6.259257	52.22831
	6.259414	52.22839
	6.25964	52.22848
	6.259507	52.22862
	6.259546	52.22876
	6.259834	52.2288
	6.259894	52.22882
	6.259931	52.22888
	6.259983	52.22914
	6.260058	52.22914
	6.260116	52.22913
	6.260167	52.22908
	6.260277	52.22902
	6.260406	52.22901
	6.260537	52.22904
	6.260895	52.22908
	6.260987	52.22903
	6.261061	52.22897
	6.261236	52.22891
	6.261243	52.22887
	6.261201	52.22883
	6.261127	52.22881
	6.261089	52.22877
	6.261101	52.22872
	6.261172	52.22866
	6.261338	52.22859
	6.26145	52.22852
	6.261657	52.22837
	6.261882	52.22836
	6.262039	52.22843
	6.262092	52.22844
	6.262289	52.22843
	6.262453	52.22838
	6.262633	52.22831
	6.262828	52.22821
	6.262863	52.2282
	6.263057	52.2282
	6.263211	52.22808
	6.263493	52.22776
	6.263545	52.22772
	6.263605	52.2277
	6.26397	52.22766
	6.264307	52.22767
	6.264569	52.22772
	6.264596	52.2277
	6.264616	52.22759
	6.264661	52.22754
	6.264729	52.22751
	6.2647	52.22741
	6.264695	52.22733
	6.264675	52.22731
	6.264681	52.22727
	6.264819	52.22722
	6.265403	52.22712
	6.266094	52.22702
	6.266911	52.22694
	6.267633	52.22691
	6.267791	52.22689
	6.267955	52.22686
	6.268167	52.22679
	6.268557	52.22659
	6.269138	52.22649
	6.269608	52.22644
	6.269846	52.22645
	6.271182	52.22642
	6.271291	52.22641
	6.271293	52.22656
	6.271272	52.22668
	6.271075	52.22749
	6.271009	52.2276
	6.270962	52.22783
	6.271007	52.22791
	6.271429	52.22794
	6.27183	52.22794
	6.272563	52.22788
	6.274978	52.22772
	6.275368	52.22768
	6.27549	52.22768
	6.276622	52.22784
	6.277235	52.22794
	6.277285	52.22805
	6.277182	52.22812
	6.277155	52.22818
	6.277154	52.22822
	6.277205	52.22831
	6.277319	52.22837
	6.277556	52.22843
	6.2776	52.22844
	6.277711	52.22839
	6.277804	52.22837
	6.277983	52.2284
	6.284999	52.23006
	6.28525	52.2301
	6.28557	52.23019
	6.286333	52.23036
	6.286491	52.23026
	6.286549	52.23019
	6.286701	52.22991
	6.286766	52.22985
	6.287031	52.22972
	6.287252	52.22973
	6.287442	52.22975
	6.287941	52.22987
	6.288261	52.22998
	6.289509	52.23031
	6.290732	52.23061
	6.291812	52.23089
	6.291953	52.23089
	6.292091	52.23085
	6.292775	52.23087
	6.292829	52.23083
	6.292844	52.2308
	6.292974	52.2295
	6.293035	52.22951
	6.293404	52.2295
	6.293693	52.22947
	6.29409	52.2294
	6.295445	52.22923
	6.296115	52.22908
	6.296684	52.22901
	6.296951	52.229
	6.297045	52.22862
	6.297068	52.22832
	6.297142	52.22805
	6.297732	52.22614
	6.297942	52.22553
	6.302257	52.22555
	6.307162	52.22559
	6.312208	52.22561
	6.320429	52.22567
	6.321021	52.2257
	6.32129	52.22577
	6.323353	52.2264
	6.325434	52.227
	6.332768	52.227
	6.335128	52.22705
	6.336515	52.2271
	6.338708	52.22715
	6.338178	52.22833
	6.338692	52.23037
	6.338688	52.23137
	6.338631	52.2316
	6.338483	52.232
	6.338386	52.23239
	6.338046	52.23414
	6.338156	52.23414
	6.338025	52.23622
	6.341277	52.23599
	6.341228	52.2361
	6.341476	52.23626
	6.342004	52.23649
	6.341869	52.23712
	6.341788	52.23736
	6.341726	52.23739
	6.341542	52.23741
	6.341373	52.23745
	6.341188	52.23753
	6.341165	52.23758
	6.341194	52.23761
	6.34202	52.23759
	6.342178	52.2376
	6.342878	52.23775
	6.343953	52.23814
	6.344431	52.23839
	6.34495	52.23859
	6.34542	52.23873
	6.346172	52.23891
	6.347135	52.23916
	6.348706	52.23868
	6.349412	52.23878
	6.349477	52.2388
	6.349514	52.23882
	6.349542	52.23886
	6.349571	52.23896
	6.349192	52.24023
	6.349262	52.24034
	6.349578	52.24103
	6.349652	52.24124
	6.34976	52.24129
	6.350892	52.24168
	6.352648	52.24171
	6.353447	52.24171
	6.358974	52.24176
	6.361859	52.24169
	6.366851	52.24153
	6.376808	52.24459
	6.376997	52.24464
	6.381851	52.24611
	6.381899	52.246
	6.382028	52.2459
	6.382217	52.2458
	6.382321	52.24569
	6.382705	52.24506
	6.383007	52.2446
	6.383059	52.24449
	6.383129	52.24427
	6.383162	52.24423
	6.383444	52.244
	6.384034	52.24379
	6.384825	52.24356
	6.384979	52.2435
	6.385207	52.24339
	6.385816	52.24314
	6.386366	52.24305
	6.386771	52.24302
	6.387732	52.24297
	6.388692	52.24279
	6.389234	52.24267
	6.389863	52.24256
	6.390661	52.2425
	6.390873	52.24251
	6.390972	52.24252
	6.391294	52.2426
	6.392033	52.24276
	6.393399	52.24287
	6.393576	52.24287
	6.393766	52.24285
	6.394395	52.24275
	6.394577	52.24273
	6.394773	52.24272
	6.395185	52.24273
	6.397701	52.24298
	6.397863	52.24302
	6.398334	52.24318
	6.398618	52.24322
	6.399011	52.24325
	6.399372	52.24322
	6.399871	52.24322
	6.40064	52.24325
	6.40087	52.24324
	6.401751	52.24317
	6.401915	52.2432
	6.402479	52.24327
	6.402619	52.24327
	6.403313	52.24323
	6.404009	52.24317
	6.404274	52.24313
	6.404979	52.24299
	6.40529	52.24294
	6.405974	52.2429
	6.406331	52.2429
	6.406861	52.24292
	6.408318	52.2429
	6.408464	52.24291
	6.409215	52.2429
	6.409547	52.24296
	6.410057	52.24307
	6.410546	52.24308
	6.41105	52.24305
	6.411394	52.24299
	6.411615	52.24293
	6.412295	52.24267
	6.412514	52.24264
	6.413528	52.24264
	6.413827	52.24261
	6.414137	52.24256
	6.41495	52.24236
	6.415662	52.24229
	6.416405	52.24215
	6.416422	52.24217
	6.41664	52.24214
	6.416479	52.24114
	6.416434	52.24074
	6.416397	52.24009
	6.416395	52.23954
	6.416418	52.23893
	6.416405	52.23865
	6.416364	52.23839
	6.416315	52.23827
	6.416313	52.23818
	6.416332	52.23798
	6.41644	52.23798
	6.416595	52.23796
	6.416567	52.23778
	6.416807	52.23713
	6.417012	52.23692
	6.417379	52.23661
	6.418026	52.23611
	6.418284	52.23595
	6.418397	52.23584
	6.418475	52.23573
	6.418605	52.23565
	6.419217	52.23516
	6.420007	52.23443
	6.420162	52.2343
	6.420651	52.23396
	6.421091	52.2336
	6.421975	52.23293
	6.422444	52.23255
	6.422974	52.23215
	6.423134	52.23201
	6.423271	52.23184
	6.424403	52.2302
	6.42475	52.22977
	6.425143	52.22884
	6.425439	52.22825
	6.425838	52.22735
	6.426142	52.22708
	6.426263	52.22695
	6.426394	52.22669
	6.426562	52.22642
	6.427032	52.22598
	6.427391	52.2256
	6.427553	52.22538
	6.427722	52.22508
	6.427967	52.22463
	6.428157	52.22422
	6.428373	52.22396
	6.428611	52.22373
	6.430157	52.22248
	6.430693	52.22199
	6.431244	52.2216
	6.431324	52.22153
	6.431574	52.22124
	6.431676	52.22114
	6.43181	52.22103
	6.432075	52.22086
	6.432941	52.22045
	6.433103	52.22039
	6.433412	52.22031
	6.433672	52.22021
	6.434576	52.2197
	6.435736	52.21912
	6.435879	52.21906
	6.436598	52.21881
	6.436731	52.21872
	6.436952	52.21846
	6.437388	52.21831
	6.437731	52.21806
	6.437899	52.21803
	6.438117	52.21803
	6.438212	52.21802
	6.438387	52.21794
	6.438764	52.21771
	6.439591	52.21735
	6.439673	52.2173
	6.439968	52.21707
	6.440032	52.21699
	6.440128	52.21684
	6.440165	52.21675
	6.440295	52.21633
	6.440403	52.21618
	6.440489	52.21612
	6.440615	52.21605
	6.440729	52.21601
	6.44146	52.21582
	6.441615	52.21577
	6.441811	52.21567
	6.441886	52.21562
	6.44212	52.21539
	6.442265	52.2153
	6.442771	52.21504
	6.442972	52.2149
	6.443083	52.21484
	6.443292	52.21475
	6.443485	52.2147
	6.443663	52.21461
	6.444438	52.21401
	6.445166	52.21335
	6.445641	52.21303
	6.445835	52.21293
	6.446204	52.21284
	6.446311	52.2128
	6.44641	52.21275
	6.446476	52.2127
	6.446777	52.21243
	6.447136	52.21214
	6.447209	52.21207
	6.447346	52.21189
	6.447923	52.21133
	6.448047	52.21124
	6.448821	52.21077
	6.448913	52.2107
	6.449026	52.21056
	6.449097	52.21011
	6.449176	52.20998
	6.449257	52.2099
	6.449323	52.20987
	6.449776	52.20976
	6.449884	52.20969
	6.44993	52.20962
	6.450013	52.20936
	6.450068	52.20929
	6.45031	52.20909
	6.450332	52.20905
	6.450488	52.20861
	6.450597	52.20835
	6.450737	52.2081
	6.450839	52.20798
	6.451177	52.20764
	6.451677	52.2072
	6.452506	52.20662
	6.452726	52.20649
	6.453143	52.2063
	6.453209	52.20625
	6.453678	52.2054
	6.45371	52.20529
	6.453716	52.20519
	6.453694	52.20509
	6.45341	52.20443
	6.453399	52.20436
	6.453411	52.20431
	6.453491	52.20417
	6.453575	52.20408
	6.454137	52.20355
	6.45428	52.20338
	6.454797	52.20246
	6.454833	52.20242
	6.454921	52.20235
	6.455389	52.20209
	6.456549	52.20151
	6.456787	52.20126
	6.456995	52.20108
	6.457145	52.20101
	6.457287	52.20096
	6.457719	52.20096
	6.457943	52.20094
	6.458348	52.20093
	6.458442	52.20092
	6.458653	52.20087
	6.459217	52.20068
	6.459348	52.20065
	6.459733	52.20061
	6.459999	52.20056
	6.460411	52.20045
	6.460622	52.20043
	6.460747	52.2004
	6.460846	52.2004
	6.461377	52.20049
	6.461489	52.20045
	6.461756	52.20039
	6.461841	52.20038
	6.462095	52.20039
	6.462158	52.20041
	6.462297	52.20051
	6.46247	52.20071
	6.462495	52.20072
	6.462673	52.20074
	6.462853	52.20075
	6.463971	52.20072
	6.464271	52.20068
	6.464903	52.20055
	6.465001	52.20057
	6.465153	52.20056
	6.465234	52.20053
	6.465372	52.20043
	6.46614	52.20021
	6.466305	52.20019
	6.466522	52.20021
	6.466797	52.20029
	6.467118	52.2004
	6.46727	52.20042
	6.467475	52.20041
	6.467822	52.20031
	6.468145	52.20017
	6.468429	52.20019
	6.468492	52.20018
	6.468604	52.20014
	6.468643	52.20011
	6.468684	52.20005
	6.468755	52.1998
	6.468816	52.19974
	6.469087	52.19965
	6.469455	52.19955
	6.469564	52.19953
	6.469774	52.19947
	6.47023	52.19939
	6.470307	52.19936
	6.470334	52.19929
	6.470254	52.19915
	6.470168	52.19907
	6.469932	52.1989
	6.46985	52.19882
	6.469476	52.19837
	6.469464	52.19828
	6.469602	52.19762
	6.469726	52.19741
	6.469768	52.19726
	6.469766	52.1968
	6.469752	52.19675
	6.469638	52.19656
	6.469582	52.19637
	6.469633	52.19609
	6.469527	52.19563
	6.469557	52.19545
	6.469698	52.19517
	6.469683	52.1951
	6.46937	52.19465
	6.46932	52.19454
	6.469327	52.19443
	6.469512	52.19398
	6.469575	52.19385
	6.4697	52.19365
	6.469732	52.19357
	6.469772	52.19323
	6.469821	52.19305
	6.469999	52.19269
	6.470209	52.19249
	6.470278	52.1924
	6.470344	52.19225
	6.470444	52.19208
	6.471141	52.19112
	6.471143	52.19107
	6.471389	52.1908
	6.471707	52.19053
	6.472035	52.19021
	6.472244	52.18995
	6.472533	52.18931
	6.4727	52.18904
	6.472769	52.1889
	6.472874	52.18864
	6.472907	52.18842
	6.472973	52.18832
	6.473055	52.18825
	6.473423	52.18801
	6.473617	52.18791
	6.473814	52.18783
	6.474227	52.18769
	6.47433	52.18762
	6.474509	52.18745
	6.474822	52.1872
	6.47534	52.18687
	6.475703	52.18658
	6.476242	52.18621
	6.476693	52.18576
	6.476822	52.18565
	6.477191	52.18542
	6.477404	52.18531
	6.477482	52.18526
	6.477558	52.18519
	6.477676	52.18505
	6.478018	52.18439
	6.478556	52.18349
	6.478967	52.18277
	6.479101	52.18236
	6.479154	52.18229
	6.479269	52.18224
	6.479334	52.18223
	6.479369	52.18221
	6.479456	52.18219
	6.479805	52.18213
	6.480219	52.18205
	6.480355	52.18201
	6.480419	52.18201
	6.480493	52.18199
	6.480915	52.18196
	6.48114	52.18196
	6.481378	52.18194
	6.481761	52.18193
	6.48259	52.1818
	6.483259	52.18172
	6.483407	52.18169
	6.483459	52.18169
	6.483603	52.18166
	6.483676	52.18163
	6.483744	52.18162
	6.484159	52.18149
	6.484523	52.18142
	6.484591	52.18142
	6.484869	52.18135
	6.485032	52.18123
	6.48526	52.18111
	6.48568	52.18095
	6.485838	52.18086
	6.486073	52.18064
	6.486143	52.18053
	6.486186	52.1805
	6.486389	52.18043
	6.486758	52.18041
	6.487214	52.18043
	6.487412	52.18045
	6.487944	52.18056
	6.488142	52.18059
	6.48856	52.18056
	6.488928	52.18042
	6.489153	52.18031
	6.489226	52.18029
	6.489328	52.18024
	6.489477	52.1802
	6.489781	52.18005
	6.490249	52.17995
	6.490305	52.17993
	6.490518	52.1799
	6.490647	52.17986
	6.490806	52.17978
	6.490875	52.17972
	6.491059	52.17952
	6.491301	52.1792
	6.491478	52.17905
	6.491547	52.17898
	6.491567	52.17894
	6.491633	52.17889
	6.491727	52.17879
	6.491905	52.17854
	6.492061	52.17836
	6.492273	52.1782
	6.492422	52.17807
	6.492444	52.178
	6.492443	52.17787
	6.492421	52.17775
	6.492401	52.17737
	6.492737	52.17732
	6.493298	52.17719
	6.494872	52.17717
	6.495648	52.17714
	6.495839	52.17715
	6.496031	52.17718
	6.499395	52.17804
	6.500478	52.17826
	6.500715	52.1783
	6.502088	52.17875
	6.504434	52.17934
	6.504534	52.17939
	6.505035	52.17944
	6.505465	52.17952
	6.506266	52.17975
	6.506994	52.17988
	6.507293	52.17998
	6.508616	52.18022
	6.508673	52.18024
	6.509319	52.18038
	6.509639	52.18048
	6.510058	52.18057
	6.510934	52.18073
	6.511605	52.18091
	6.511998	52.18099
	6.513241	52.18123
	6.513947	52.18129
	6.513977	52.18121
	6.514158	52.18123
	6.51413	52.18131
	6.514169	52.18131
	6.515554	52.1813
	6.516482	52.18127
	6.517681	52.18127
	6.517852	52.18109
	6.519438	52.18102
	6.519756	52.18099
	6.520093	52.18094
	6.52106	52.18084
	6.521652	52.18074
	6.522006	52.18074
	6.522382	52.18072
	6.522798	52.18067
	6.523391	52.18054
	6.524192	52.18032
	6.524359	52.1803
	6.524984	52.18027
	6.526031	52.18015
	6.526611	52.1802
	6.526768	52.18017
	6.526836	52.18018
	6.526979	52.18012
	6.527082	52.18009
	6.527118	52.18011
	6.527132	52.18014
	6.52717	52.18013
	6.530224	52.17993
	6.530428	52.17991
	6.532127	52.17973
	6.532588	52.17969
	6.536199	52.17924
	6.539734	52.1789
	6.546151	52.17823
	6.548869	52.17785
	6.553601	52.17741
	6.55504	52.17728
	6.55535	52.17726
	6.555597	52.1773
	6.556576	52.17742
	6.558694	52.1777
	6.558918	52.17772
	6.560978	52.17798
	6.570192	52.17917
	6.574658	52.17978
	6.576781	52.18015
	6.585278	52.18158
	6.586756	52.18186
	6.587568	52.18195
	6.587647	52.18195
	6.587893	52.18199
	6.588355	52.18211
	6.588349	52.18215
	6.588474	52.18218
	6.58887	52.18223
	6.589043	52.18219
	6.589282	52.18218
	6.589509	52.18222
	6.589954	52.18249
	6.590415	52.18246
	6.590841	52.18237
	6.591517	52.18207
	6.591585	52.182
	6.591525	52.18197
	6.591253	52.18193
	6.591068	52.18185
	6.591139	52.1818
	6.591421	52.18173
	6.591792	52.18167
	6.59214	52.1817
	6.593072	52.18109
	6.593443	52.1808
	6.593479	52.1805
	6.593597	52.18039
	6.593749	52.18035
	6.594227	52.18044
	6.594666	52.18028
	6.595126	52.18013
	6.595368	52.17995
	6.595645	52.17992
	6.59596	52.17987
	6.595983	52.1799
	6.596115	52.17984
	6.596221	52.17976
	6.596481	52.1796
	6.596553	52.17953
	6.597073	52.17918
	6.597411	52.17893
	6.597458	52.17894
	6.597797	52.1787
	6.597916	52.17853
	6.598122	52.17841
	6.598578	52.17801
	6.598735	52.17789
	6.599773	52.17729
	6.602028	52.17591
	6.603795	52.17477
	6.60414	52.17456
	6.604281	52.17445
	6.604468	52.17433
	6.605371	52.17377
	6.605884	52.17341
	6.606327	52.17308
	6.606282	52.17297
	6.606208	52.17237
	6.605739	52.17224
	6.605506	52.17216
	6.604989	52.17194
	6.604682	52.17178
	6.604171	52.17147
	6.604275	52.17133
	6.60378	52.17084
	6.603535	52.17066
	6.603399	52.17071
	6.603284	52.17073
	6.603208	52.17074
	6.603185	52.17072
	6.603061	52.17007
	6.602986	52.16985
	6.603001	52.16966
	6.603041	52.16953
	6.603094	52.16944
	6.603239	52.1693
	6.603339	52.16924
	6.603426	52.16921
	6.60324	52.16914
	6.603083	52.16911
	6.602851	52.16912
	6.603662	52.16809
	6.604058	52.16769
	6.604664	52.16711
	6.605057	52.16666
	6.604932	52.16631
	6.604943	52.16624
	6.60499	52.16617
	6.605028	52.16614
	6.605147	52.16609
	6.605294	52.16606
	6.605349	52.16607
	6.605487	52.16612
	6.606084	52.16551
	6.60645	52.16523
	6.606751	52.16502
	6.607355	52.16463
	6.607673	52.16466
	6.607992	52.16475
	6.608206	52.16484
	6.608496	52.16498
	6.608943	52.16503
	6.60927	52.16514
	6.609485	52.1649
	6.609833	52.16475
	6.610106	52.16454
	6.610245	52.16441
	6.610367	52.16427
	6.610646	52.16405
	6.610789	52.16397
	6.611237	52.16386
	6.611319	52.16377
	6.611765	52.1634
	6.612147	52.16317
	6.613262	52.16375
	6.613883	52.16402
	6.613919	52.16414
	6.613996	52.16418
	6.614697	52.16446
	6.614799	52.16429
	6.615148	52.16436
	6.615489	52.16446
	6.617006	52.16509
	6.61721	52.1652
	6.618759	52.1662
	6.619243	52.16655
	6.619691	52.16691
	6.621692	52.16842
	6.621753	52.16841
	6.62196	52.16842
	6.62199	52.16837
	6.622721	52.16829
	6.622936	52.16828
	6.623614	52.16829
	6.624094	52.16833
	6.624206	52.16837
	6.624517	52.16854
	6.624952	52.16865
	6.625008	52.16902
	6.625497	52.16919
	6.625642	52.16926
	6.625871	52.16947
	6.62593	52.16954
	6.625831	52.16964
	6.625841	52.16969
	6.625791	52.16983
	6.625796	52.16995
	6.625864	52.17001
	6.625941	52.17023
	6.626008	52.17034
	6.626334	52.17062
	6.626349	52.17106
	6.626558	52.17143
	6.626564	52.17146
	6.626502	52.17154
	6.626331	52.17163
	6.626047	52.17176
	6.625154	52.1721
	6.625462	52.17226
	6.62584	52.1725
	6.626158	52.17235
	6.626377	52.17229
	6.626737	52.17221
	6.62705	52.17218
	6.627108	52.1722
	6.627408	52.17239
	6.627496	52.17235
	6.628084	52.1722
	6.628571	52.17211
	6.629101	52.17203
	6.629437	52.17233
	6.629533	52.17239
	6.62963	52.17243
	6.630006	52.17265
	6.63023	52.17271
	6.630379	52.17278
	6.630491	52.17286
	6.630527	52.1729
	6.630412	52.17313
	6.630399	52.1734
	6.630326	52.17351
	6.630425	52.17354
	6.630545	52.1736
	6.63062	52.17355
	6.630598	52.17338
	6.630999	52.17316
	6.631145	52.1731
	6.632134	52.17279
	6.632459	52.17274
	6.63278	52.17271
	6.63309	52.17264
	6.633461	52.17287
	6.633945	52.17331
	6.635743	52.17508
	6.636127	52.17539
	6.636438	52.17558
	6.636893	52.17577
	6.637161	52.17585
	6.637408	52.1759
	6.637571	52.17592
	6.638061	52.17595
	6.638255	52.17594
	6.638499	52.17592
	6.638859	52.17585
	6.639281	52.17572
	6.639482	52.17564
	6.640541	52.17517
	6.640765	52.17506
	6.641471	52.17465
	6.643876	52.17361
	6.644098	52.17306
	6.645041	52.17419
	6.646913	52.1736
	6.647177	52.17353
	6.647978	52.17326
	6.652737	52.17177
	6.654622	52.17116
	6.65532	52.17095
	6.658348	52.17
	6.658529	52.16993
	6.659199	52.16971
	6.65926	52.16968
	6.660042	52.1694
	6.662012	52.16873
	6.664268	52.16794
	6.664594	52.16793
	6.664734	52.16786
	6.664888	52.16773
	6.665332	52.16746
	6.665544	52.16731
	6.665373	52.16724
	6.665002	52.16699
	6.666755	52.16652
	6.666872	52.16648
	6.666994	52.16647
	6.667009	52.16646
	6.667367	52.16639
	6.667482	52.16638
	6.668162	52.16625
	6.668373	52.16622
	6.669032	52.16609
	6.67043	52.16585
	6.671339	52.16568
	6.673397	52.16324
	6.673203	52.16262
	6.673128	52.16251
	6.673069	52.16221
	6.672891	52.16159
	6.672782	52.16137
	6.672922	52.16125
	6.67297	52.16122
	6.673036	52.1612
	6.673115	52.1612
	6.673191	52.16125
	6.673263	52.16133
	6.67332	52.16146
	6.673359	52.16148
	6.673735	52.16145
	6.673756	52.16141
	6.673855	52.16136
	6.673965	52.16133
	6.674004	52.16133
	6.674048	52.1613
	6.674067	52.1612
	6.674043	52.16118
	6.674005	52.16117
	6.673875	52.16115
	6.673786	52.16099
	6.673584	52.16086
	6.673618	52.16062
	6.673607	52.16059
	6.67348	52.16047
	6.673421	52.16044
	6.673217	52.16028
	6.673165	52.16018
	6.673148	52.1601
	6.673356	52.15999
	6.673539	52.15992
	6.673633	52.15987
	6.673809	52.15898
	6.673859	52.15887
	6.673914	52.15881
	6.673973	52.15877
	6.674286	52.15861
	6.67428	52.15854
	6.672695	52.15827
	6.672667	52.15824
	6.672675	52.1582
	6.672773	52.15814
	6.672739	52.15808
	6.672546	52.15793
	6.672107	52.15751
	6.671946	52.1574
	6.671833	52.15737
	6.671659	52.15721
	6.671603	52.1572
	6.671561	52.15703
	6.671295	52.15666
	6.671286	52.15653
	6.671339	52.15628
	6.67114	52.15619
	6.671082	52.15618
	6.670906	52.1562
	6.670791	52.15623
	6.670697	52.15638
	6.670648	52.15641
	6.67061	52.15642
	6.670351	52.15642
	6.670394	52.15634
	6.670401	52.15625
	6.670461	52.15621
	6.67052	52.15599
	6.670578	52.15593
	6.670613	52.15582
	6.670674	52.1558
	6.670813	52.1558
	6.670911	52.15578
	6.670959	52.15576
	6.671278	52.15572
	6.671411	52.15572
	6.671687	52.15566
	6.671898	52.15563
	6.672332	52.15563
	6.672367	52.15562
	6.672565	52.15556
	6.673469	52.15497
	6.673095	52.15475
	6.673021	52.1546
	6.673275	52.15446
	6.673107	52.15429
	6.672847	52.15406
	6.672429	52.15303
	6.672955	52.15289
	6.672966	52.15243
	6.67307	52.15236
	6.673175	52.1523
	6.673241	52.15228
	6.673357	52.15222
	6.673583	52.15215
	6.673819	52.1521
	6.673143	52.15107
	6.67279	52.1506
	6.672752	52.15053
	6.672679	52.15051
	6.672248	52.15052
	6.672144	52.15049
	6.67194	52.15058
	6.671309	52.15046
	6.673269	52.14873
	6.671846	52.14681
	6.672407	52.14311
	6.671977	52.14183
	6.671876	52.14169
	6.671492	52.14126
	6.671266	52.14095
	6.671125	52.14071
	6.67057	52.14026
	6.670316	52.13799
	6.670127	52.13784
	6.669864	52.13768
	6.669668	52.13759
	6.669544	52.13757
	6.669453	52.13754
	6.668975	52.13724
	6.668794	52.1371
	6.668707	52.137
	6.668514	52.13673
	6.668381	52.13658
	6.667891	52.13592
	6.663378	52.1311
	6.662684	52.13042
	6.662399	52.13017
	6.662481	52.13014
	6.662659	52.1301
	6.662668	52.13009
	6.666115	52.12914
	6.666148	52.12914
	6.672508	52.12738
	6.677691	52.12596
	6.69781	52.12355
	6.700912	52.1228
	6.70324	52.12222
	6.707523	52.12078
	6.710217	52.12002
	6.710219	52.12001
	6.710952	52.1198
	6.711233	52.11973
	6.711508	52.11964
	6.713969	52.11926
	6.716272	52.11827
	6.719725	52.1183
	6.723132	52.11835
	6.724147	52.11835
	6.727537	52.11839
	6.730561	52.11841
	6.730733	52.11842
	6.736849	52.11818
	6.737794	52.1182
	6.737844	52.11807
	6.73904	52.1181
	6.739493	52.1181
	6.739506	52.11856
	6.74271	52.11857
	6.744339	52.11859
	6.7484	52.1186
	6.760572	52.11878
	6.760368	52.11735
	6.760367	52.11735
	6.760303	52.11691
	6.760303	52.1169
	6.760161	52.11581
	6.7601	52.11533
	6.760096	52.11531
	6.760044	52.1149
	6.759954	52.11433
	6.759897	52.11399
	6.759855	52.11377
	6.759765	52.11324
	6.759718	52.11295
	6.759675	52.11198
	6.759661	52.1117
	6.759669	52.1114
	6.75966	52.11051
	6.759659	52.10998
	6.759619	52.10962
	6.759574	52.1093
	6.759494	52.10902
	6.759378	52.10863
	6.759387	52.10846
	6.759394	52.10813
	6.759234	52.10754
	6.759119	52.10733
	6.758944	52.107
	6.758865	52.10681
	6.758765	52.10657
	6.758743	52.1064
	6.758565	52.1053
	6.758389	52.10531
	6.758311	52.10496
	6.758195	52.10465
	6.758126	52.10444
	6.758027	52.10396
	6.758002	52.10369
	6.758011	52.10325
	6.75786	52.1014
	6.757847	52.10132
	6.757852	52.10123
	6.757851	52.10094
	6.757844	52.10089
	6.757813	52.10075
	6.757822	52.10057
	6.757796	52.10033
	6.757714	52.09995
	6.757686	52.09959
	6.757611	52.09938
	6.757627	52.09929
	6.75751	52.09912
	6.75734	52.09888
	6.756994	52.09846
	6.756758	52.0982
	6.756555	52.09799
	6.756193	52.09767
	6.756176	52.09766
	6.756097	52.09761
	6.756053	52.09759
	6.755842	52.09742
	6.755467	52.09713
	6.756305	52.09693
	6.755648	52.09622
	6.755508	52.09601
	6.755459	52.09586
	6.755412	52.09559
	6.755411	52.09559
	6.755357	52.09542
	6.755265	52.09524
	6.755003	52.09486
	6.754636	52.09508
	6.753814	52.09557
	6.753297	52.09588
	6.753265	52.09588
	6.753256	52.09588
	6.752557	52.09588
	6.752469	52.09588
	6.751494	52.09587
	6.751427	52.09579
	6.751334	52.0958
	6.75116	52.09582
	6.751156	52.09582
	6.751074	52.09583
	6.750971	52.09583
	6.750851	52.09583
	6.750731	52.09583
	6.750648	52.09582
	6.750559	52.09581
	6.750424	52.0958
	6.750344	52.09579
	6.750284	52.09578
	6.750182	52.09575
	6.750108	52.09573
	6.75004	52.09571
	6.749986	52.09569
	6.749913	52.09566
	6.749845	52.09563
	6.749803	52.0956
	6.749754	52.09557
	6.749526	52.09539
	6.749449	52.09532
	6.749345	52.09523
	6.749253	52.09515
	6.749189	52.09509
	6.749138	52.09505
	6.74907	52.09501
	6.749002	52.09496
	6.748962	52.09494
	6.748869	52.0949
	6.748782	52.09486
	6.748721	52.09483
	6.748646	52.09481
	6.74853	52.09478
	6.748402	52.09475
	6.748307	52.09472
	6.748219	52.09471
	6.748119	52.09469
	6.748016	52.09467
	6.747814	52.09463
	6.747706	52.09461
	6.747592	52.09459
	6.747478	52.09457
	6.747266	52.09454
	6.747151	52.09452
	6.746955	52.09449
	6.746858	52.09447
	6.746782	52.09445
	6.746709	52.09443
	6.746637	52.09441
	6.746581	52.09439
	6.746535	52.09437
	6.746484	52.09434
	6.746434	52.09431
	6.746371	52.09426
	6.74631	52.09422
	6.746265	52.09418
	6.746222	52.09414
	6.746193	52.0941
	6.746157	52.09406
	6.746115	52.09399
	6.746044	52.09384
	6.745973	52.09371
	6.745894	52.09357
	6.74582	52.09342
	6.745783	52.09337
	6.745755	52.09333
	6.745724	52.09331
	6.745681	52.09328
	6.745623	52.09324
	6.745569	52.09321
	6.745505	52.09318
	6.745433	52.09315
	6.745383	52.09313
	6.745336	52.09313
	6.745307	52.09312
	6.74526	52.09312
	6.745183	52.09312
	6.745111	52.09312
	6.744982	52.09312
	6.744776	52.09312
	6.744619	52.09312
	6.744529	52.09312
	6.744502	52.09309
	6.744496	52.09304
	6.744513	52.09301
	6.745189	52.09208
	6.744577	52.0918
	6.745064	52.09117
	6.745339	52.09035
	6.74537	52.09027
	6.745398	52.09023
	6.745449	52.09013
	6.745496	52.09007
	6.745819	52.08987
	6.746002	52.08977
	6.746665	52.08937
	6.747288	52.08905
	6.748964	52.08818
	6.750265	52.08751
	6.750471	52.08708
	6.750755	52.08647
	6.750804	52.08632
	6.750872	52.08611
	6.751087	52.08548
	6.750923	52.08504
	6.750281	52.0844
	6.749716	52.08384
	6.748941	52.08305
	6.748837	52.08295
	6.748726	52.08286
	6.747612	52.08192
	6.747142	52.08174
	6.745794	52.08122
	6.745779	52.08121
	6.745369	52.08105
	6.745034	52.08092
	6.744028	52.08034
	6.742003	52.07899
	6.740832	52.07821
	6.739783	52.07751
	6.73978	52.07751
	6.737538	52.07602
	6.736432	52.07527
	6.736288	52.07518
	6.735471	52.07463
	6.730915	52.07426
	6.729506	52.07415
	6.728223	52.07404
	6.726866	52.07393
	6.723769	52.07369
	6.720162	52.07341
	6.719425	52.07335
	6.718004	52.07324
	6.716438	52.07311
	6.715411	52.07303
	6.714946	52.073
	6.713868	52.0729
	6.71206	52.07262
	6.710663	52.0724
	6.710646	52.0724
	6.707897	52.07198
	6.70789	52.07197
	6.705336	52.07159
	6.702282	52.07112
	6.70153	52.071
	6.70065	52.07086
	6.700649	52.07086
	6.699778	52.07073
	6.696649	52.07025
	6.696555	52.07023
	6.696447	52.07021
	6.695973	52.07014
	6.695571	52.07004
	6.695512	52.07002
	6.694663	52.0698
	6.695389	52.06868
	6.695461	52.0686
	6.69549	52.06858
	6.695535	52.06855
	6.69562	52.06852
	6.696466	52.06829
	6.696868	52.06734
	6.696565	52.06642
	6.696151	52.06511
	6.696098	52.06497
	6.695888	52.0643
	6.695874	52.06426
	6.695859	52.06424
	6.69584	52.06422
	6.695807	52.0642
	6.695764	52.06418
	6.695731	52.06418
	6.695687	52.06417
	6.695647	52.06417
	6.69561	52.06417
	6.695316	52.06422
	6.695248	52.0642
	6.694527	52.06319
	6.694043	52.06252
	6.693657	52.06199
	6.69267	52.0606
	6.692411	52.06023
	6.691791	52.05937
	6.691729	52.05926
	6.691704	52.05915
	6.6915	52.05915
	6.690554	52.05782
	6.690123	52.05722
	6.689942	52.05697
	6.689789	52.05676
	6.689571	52.05645
	6.687398	52.05639
	6.687386	52.05639
	6.687083	52.05612
	6.686955	52.05581
	6.686807	52.05552
	6.686795	52.05527
	6.686791	52.05512
	6.686827	52.05468
	6.686853	52.05442
	6.686843	52.0544
	6.686812	52.05432
	6.686795	52.05427
	6.686792	52.05427
	6.6868	52.05423
	6.686828	52.05406
	6.686984	52.05315
	6.686745	52.05255
	6.686743	52.05254
	6.688199	52.05235
	6.688137	52.04994
	6.688088	52.04807
	6.688071	52.04749
	6.688071	52.04747
	6.688055	52.04692
	6.688054	52.04688
	6.687981	52.04437
	6.687981	52.04436
	6.687966	52.04394
	6.68794	52.04307
	6.687937	52.04297
	6.687936	52.04295
	6.687904	52.04186
	6.687882	52.041
	6.68786	52.04013
	6.687853	52.03986
	6.688118	52.03986
	6.688154	52.03986
	6.688547	52.03986
	6.689253	52.03987
	6.689934	52.03987
	6.690891	52.03988
	6.691712	52.03989
	6.692626	52.03989
	6.693534	52.0399
	6.694477	52.03991
	6.695375	52.03991
	6.695957	52.03992
	6.696703	52.03992
	6.69786	52.03993
	6.698951	52.03994
	6.700031	52.03995
	6.700951	52.03996
	6.701715	52.03997
	6.703091	52.03998
	6.70404	52.03999
	6.704254	52.03999
	6.704728	52.03999
	6.704866	52.04
	6.705469	52.04
	6.70587	52.04001
	6.706388	52.04001
	6.707008	52.04001
	6.707713	52.04002
	6.70835	52.04002
	6.709013	52.04003
	6.709823	52.04003
	6.710662	52.04004
	6.711481	52.04005
	6.711995	52.04005
	6.712255	52.04006
	6.712259	52.04006
	6.71257	52.04006
	6.71345	52.04006
	6.714134	52.04006
	6.714293	52.04002
	6.714811	52.03987
	6.715401	52.03969
	6.715963	52.03952
	6.716513	52.03936
	6.717032	52.0392
	6.717239	52.03914
	6.718057	52.03889
	6.718064	52.03889
	6.718214	52.03885
	6.718561	52.03876
	6.719446	52.03849
	6.72033	52.03823
	6.721218	52.03797
	6.721911	52.03776
	6.722423	52.03761
	6.722907	52.03747
	6.723241	52.03736
	6.723317	52.03734
	6.723469	52.03729
	6.723495	52.03728
	6.723536	52.03727
	6.723622	52.03725
	6.724206	52.03707
	6.724854	52.03687
	6.725476	52.03669
	6.726243	52.03645
	6.726861	52.03627
	6.727393	52.03611
	6.727928	52.03595
	6.728201	52.03586
	6.728242	52.03585
	6.728296	52.03583
	6.72886	52.03566
	6.729497	52.03547
	6.730189	52.03526
	6.730445	52.03518
	6.730827	52.03507
	6.731335	52.03491
	6.731825	52.03477
	6.73242	52.03458
	6.732579	52.03453
	6.7326	52.03453
	6.732712	52.03449
	6.732915	52.03443
	6.7333	52.03432
	6.734027	52.0341
	6.735033	52.0338
	6.736151	52.03346
	6.737146	52.03316
	6.737855	52.03295
	6.73812	52.03287
	6.739095	52.03258
	6.739345	52.0325
	6.740458	52.03217
	6.741372	52.0319
	6.74246	52.03157
	6.74306	52.03139
	6.743498	52.03126
	6.744586	52.03093
	6.744966	52.03082
	6.745175	52.03076
	6.745846	52.03055
	6.746577	52.03033
	6.746981	52.03021
	6.747828	52.02995
	6.748436	52.02977
	6.749979	52.02931
	6.750726	52.02908
	6.750916	52.02902
	6.752977	52.02841
	6.754341	52.02766
	6.754441	52.0276
	6.755676	52.02692
	6.755846	52.02683
	6.756397	52.02653
	6.756493	52.02647
	6.757849	52.02573
	6.759162	52.02502
	6.76053	52.02427
	6.761856	52.02354
	6.762992	52.02292
	6.764088	52.02231
	6.764752	52.02126
	6.765407	52.02022
	6.766057	52.01918
	6.766307	52.01878
	6.766729	52.01872
	6.767508	52.0186
	6.768287	52.01848
	6.768311	52.01848
	6.76832	52.01847
	6.768329	52.01847
	6.76841	52.01846
	6.768412	52.01846
	6.768765	52.01842
	6.768797	52.01841
	6.768876	52.0184
	6.768888	52.0184
	6.769183	52.01835
	6.769962	52.01823
	6.770125	52.01821
	6.770802	52.0181
	6.771068	52.01806
	6.77107	52.01806
	6.771188	52.01805
	6.77145	52.01801
	6.77215	52.01789
	6.772156	52.01789
	6.772539	52.01768
	6.773301	52.01726
	6.773917	52.01692
	6.774218	52.01675
	6.774776	52.01644
	6.775415	52.01609
	6.775783	52.01589
	6.775929	52.01581
	6.776101	52.01572
	6.776248	52.01563
	6.776545	52.01549
	6.776884	52.01532
	6.777124	52.01519
	6.777324	52.0151
	6.777504	52.01501
	6.777708	52.01491
	6.777861	52.01484
	6.77821	52.01466
	6.778667	52.01443
	6.779145	52.01419
	6.779438	52.01405
	6.779643	52.01394
	6.779724	52.0139
	6.779968	52.01378
	6.78028	52.01363
	6.780591	52.01347
	6.780598	52.01347
	6.78098	52.01327
	6.781294	52.01312
	6.78165	52.01294
	6.782011	52.01277
	6.78206	52.01274
	6.782529	52.01251
	6.782896	52.01232
	6.783199	52.01217
	6.783368	52.01209
	6.783785	52.01188
	6.783823	52.01186
	6.783998	52.01177
	6.784105	52.01172
	6.784533	52.0115
	6.784651	52.01144
	6.784679	52.01143
	6.784774	52.01138
	6.784781	52.01138
	6.784792	52.01137
	6.784901	52.01132
	6.785354	52.01109
	6.785526	52.011
	6.785537	52.01099
	6.785701	52.01091
	6.78614	52.0107
	6.786615	52.01046
	6.786805	52.01036
	6.787031	52.01025
	6.787415	52.01006
	6.787481	52.01002
	6.787851	52.00984
	6.78818	52.00967
	6.788259	52.00963
	6.788634	52.00945
	6.788646	52.00944
	6.788862	52.00933
	6.788861	52.00933
	6.788963	52.00928
	6.790059	52.00874
	6.791537	52.008
	6.793183	52.00718
	6.793709	52.00692
	6.794326	52.00661
	6.795413	52.00607
	6.796461	52.00555
	6.796918	52.00532
	6.797409	52.00507
	6.798602	52.00448
	6.799311	52.00413
	6.802024	52.00278
	6.802669	52.00245
	6.802885	52.00235
	6.807142	52.00023
	6.80733	52.00013
	6.808612	51.99949
	6.810071	51.99877
	6.81056	51.99852
	6.811411	51.9981
	6.809603	51.99652
	6.807799	51.99497
	6.809432	51.99484
	6.810834	51.99473
	6.811622	51.99467
	6.813217	51.99454
	6.81337	51.99453
	6.814012	51.99448
	6.814035	51.99448
	6.817833	51.99417
	6.82146	51.99388
	6.82151	51.99387
	6.822527	51.99379
	6.822643	51.99378
	6.82273	51.99378
	6.82643	51.99354
	6.826546	51.99353
	6.826607	51.99353
	6.826865	51.99297
	6.827034	51.99259
	6.827243	51.99214
	6.827398	51.9918
	6.82753	51.99151
	6.827549	51.99147
	6.827642	51.99126
	6.827742	51.99105
	6.828086	51.99029
	6.828252	51.98993
	6.828322	51.98978
	6.828488	51.98948
	6.828568	51.98934
	6.828582	51.98932
	6.829355	51.98795
	6.830352	51.98619
	6.830275	51.98552
	6.830273	51.98549
	6.830204	51.98469
	6.830072	51.98314
	6.829973	51.98213
	6.829969	51.98208
	6.829882	51.98108
	6.829764	51.98022
	6.829599	51.97943
	6.829629	51.97939
	6.829659	51.97935
	6.829806	51.97873
	6.829812	51.97869
	6.829888	51.97814
	6.829895	51.97809
	6.8299	51.97805
	6.830037	51.97706
	6.830153	51.97668
	6.830234	51.97641
	6.830257	51.97638
	6.83029	51.97635
	6.830326	51.97632
	6.830929	51.97572
	6.830985	51.97566
	6.831247	51.9754
	6.832308	51.97435
	6.832377	51.97413
	6.832401	51.97405
	6.832673	51.97319
	6.83269	51.97314
	6.832725	51.97303
	6.832745	51.97297
	6.832754	51.97294
	6.83278	51.97233
	6.832782	51.97228
	6.832785	51.97221
	6.832801	51.97184
	6.832801	51.97183
	6.832802	51.97181
	6.832776	51.97167
	6.83264	51.97096
	6.832562	51.97056
	6.832553	51.97051
	6.832457	51.97015
	6.832427	51.97004
	6.831455	51.96857
	6.831398	51.96848
	6.830676	51.96739
	6.830127	51.96655
	6.830085	51.96649
	6.829642	51.96581
	6.829371	51.9654
	6.828529	51.96411
	6.8285	51.96411
	6.827927	51.96411
	6.825838	51.96411
	6.822023	51.96413
	6.821768	51.96413
	6.821736	51.96412
	6.815768	51.96375
	6.813837	51.96363
	6.81247	51.96184
	6.812461	51.96183
	6.805696	51.9603
	6.8017	51.95939
	6.801665	51.95938
	6.801632	51.95938
	6.798873	51.95874
	6.798209	51.95502
	6.798192	51.95492
	6.797758	51.95249
	6.79756	51.95138
	6.797535	51.95123
	6.79721	51.94941
	6.797206	51.94938
	6.796868	51.94748
	6.796382	51.94475
	6.796244	51.94398
	6.796945	51.943
	6.797005	51.94292
	6.797271	51.94255
	6.796606	51.9411
	6.796521	51.94091
	6.796515	51.9409
	6.796049	51.93988
	6.795926	51.93961
	6.795131	51.93784
	6.795075	51.93771
	6.794797	51.93709
	6.79472	51.93692
	6.794695	51.93687
	6.794634	51.93673
	6.794629	51.93672
	6.794523	51.93648
	6.794253	51.93588
	6.794228	51.93582
	6.794165	51.93568
	6.793991	51.93529
	6.793838	51.93522
	6.792292	51.93442
	6.79126	51.93389
	6.790042	51.93327
	6.78776	51.9321
	6.787633	51.93204
	6.785977	51.93119
	6.788945	51.92966
	6.787801	51.92884
	6.784642	51.92659
	6.784615	51.92657
	6.783258	51.92561
	6.782683	51.9252
	6.782154	51.92482
	6.781704	51.9245
	6.778713	51.92237
	6.777544	51.92154
	6.77733	51.92139
	6.777107	51.92123
	6.776236	51.92061
	6.775877	51.92036
	6.775783	51.92029
	6.775181	51.91986
	6.775175	51.91986
	6.775063	51.91978
	6.773313	51.91853
	6.771844	51.91749
	6.771839	51.91748
	6.770036	51.9162
	6.7696	51.91618
	6.767616	51.91612
	6.766479	51.91608
	6.765993	51.91607
	6.763569	51.91541
	6.763493	51.91539
	6.763459	51.91537
	6.762448	51.91471
	6.76165	51.91442
	6.761223	51.91431
	6.760482	51.91412
	6.759494	51.91398
	6.757873	51.91387
	6.756919	51.9138
	6.755935	51.9136
	6.755152	51.9133
	6.754625	51.91309
	6.754584	51.91306
	6.754466	51.91297
	6.754027	51.91262
	6.754176	51.91235
	6.754036	51.91204
	6.754084	51.91193
	6.754134	51.91048
	6.754134	51.91047
	6.754399	51.91007
	6.753738	51.90962
	6.753444	51.90938
	6.753131	51.90912
	6.752766	51.90882
	6.752655	51.90873
	6.752487	51.90868
	6.752057	51.90855
	6.751949	51.90835
	6.751752	51.90798
	6.751701	51.90792
	6.7514	51.90768
	6.751392	51.90765
	6.751264	51.90724
	6.751188	51.90722
	6.750797	51.90713
	6.750439	51.90705
	6.750112	51.90698
	6.749482	51.90683
	6.748509	51.90661
	6.748367	51.90657
	6.748192	51.90652
	6.748061	51.90649
	6.747578	51.90636
	6.747418	51.90617
	6.746884	51.90605
	6.745542	51.90572
	6.744479	51.9056
	6.743746	51.90553
	6.743233	51.90548
	6.742383	51.90539
	6.741377	51.90537
	6.740505	51.90527
	6.739894	51.90518
	6.739312	51.90506
	6.738473	51.90482
	6.737785	51.90468
	6.737139	51.90468
	6.737133	51.90468
	6.736471	51.90382
	6.735303	51.90229
	6.73519	51.90214
	6.732558	51.89879
	6.732498	51.89872
	6.732452	51.8987
	6.73241	51.89869
	6.731508	51.89848
	6.730416	51.89819
	6.730399	51.89819
	6.72805	51.89761
	6.727421	51.89745
	6.7267	51.89727
	6.725313	51.89693
	6.724077	51.89662
	6.723961	51.89659
	6.72288	51.8963
	6.72197	51.89606
	6.72155	51.89628
	6.721395	51.89636
	6.72118	51.89648
	6.72061	51.89679
	6.719834	51.8972
	6.718968	51.89769
	6.71775	51.89839
	6.717411	51.89857
	6.71713	51.89873
	6.716857	51.89888
	6.716113	51.89929
	6.715723	51.8995
	6.715475	51.89964
	6.715242	51.89977
	6.714978	51.89992
	6.714719	51.90006
	6.714441	51.90022
	6.714107	51.90042
	6.714046	51.90047
	6.714026	51.90049
	6.713947	51.90053
	6.713929	51.90054
	6.712679	51.90122
	6.711497	51.90185
	6.710596	51.90236
	6.709662	51.90288
	6.709364	51.90303
	6.709325	51.90305
	6.708458	51.9035
	6.70769	51.90391
	6.707536	51.904
	6.705524	51.9051
	6.705242	51.90526
	6.704346	51.90577
	6.704076	51.90593
	6.703221	51.9064
	6.703417	51.90738
	6.70354	51.90794
	6.703598	51.90823
	6.703602	51.90825
	6.703608	51.90828
	6.703612	51.9083
	6.703616	51.90832
	6.703639	51.90843
	6.703693	51.90874
	6.703697	51.90876
	6.7037	51.90878
	6.703705	51.9088
	6.703708	51.90882
	6.70371	51.90883
	6.703721	51.90889
	6.703803	51.90941
	6.703516	51.90956
	6.703393	51.90966
	6.703327	51.90971
	6.703289	51.90972
	6.703246	51.90974
	6.703195	51.90976
	6.703135	51.90977
	6.703081	51.90977
	6.703017	51.90978
	6.702952	51.90979
	6.702877	51.9098
	6.702813	51.9098
	6.702744	51.90981
	6.702722	51.90981
	6.702298	51.9098
	6.702058	51.90981
	6.701807	51.90978
	6.70144	51.90973
	6.701237	51.90957
	6.700952	51.90947
	6.700361	51.90924
	6.699824	51.90906
	6.699359	51.9092
	6.698759	51.90939
	6.697667	51.90987
	6.697184	51.91136
	6.696932	51.91194
	6.696277	51.91346
	6.695809	51.91467
	6.695664	51.91505
	6.695846	51.91516
	6.69566	51.91566
	6.695346	51.91587
	6.694941	51.9157
	6.694449	51.91548
	6.693794	51.91519
	6.692816	51.91476
	6.692737	51.91472
	6.69265	51.91472
	6.692038	51.91477
	6.691422	51.91482
	6.69081	51.91487
	6.690354	51.9149
	6.690219	51.91492
	6.690215	51.91492
	6.690179	51.91493
	6.690152	51.91495
	6.690125	51.91496
	6.690115	51.91497
	6.690086	51.91498
	6.690057	51.91498
	6.690043	51.91498
	6.690025	51.91498
	6.69001	51.91498
	6.68999	51.91499
	6.689972	51.91502
	6.689951	51.91505
	6.689935	51.91509
	6.689928	51.9151
	6.689864	51.9151
	6.689833	51.9151
	6.689813	51.91508
	6.689793	51.91505
	6.689763	51.915
	6.689719	51.91497
	6.689685	51.91495
	6.689635	51.91496
	6.6896	51.91498
	6.689585	51.91502
	6.68958	51.91505
	6.689568	51.91511
	6.689409	51.91517
	6.68925	51.91516
	6.6892	51.91517
	6.689118	51.9152
	6.68907	51.91521
	6.689031	51.91521
	6.68897	51.91522
	6.688894	51.91524
	6.688846	51.91527
	6.688792	51.9153
	6.688724	51.91534
	6.68858	51.91533
	6.688579	51.91533
	6.688526	51.91532
	6.688388	51.91536
	6.688183	51.91541
	6.68818	51.91541
	6.688059	51.91545
	6.687966	51.91547
	6.687904	51.91547
	6.687844	51.91548
	6.687785	51.91549
	6.687553	51.91553
	6.687154	51.91561
	6.68646	51.91574
	6.686162	51.91581
	6.685745	51.91592
	6.685625	51.91595
	6.685534	51.91597
	6.685455	51.91598
	6.685367	51.91599
	6.685271	51.916
	6.685159	51.916
	6.685038	51.91601
	6.684905	51.91602
	6.684767	51.91603
	6.684624	51.91605
	6.684389	51.91607
	6.684269	51.91609
	6.684249	51.9161
	6.684245	51.91628
	6.684493	51.91681
	6.684499	51.91693
	6.684507	51.91697
	6.684522	51.91704
	6.684605	51.91717
	6.684701	51.91729
	6.684742	51.91732
	6.684736	51.91735
	6.684684	51.91737
	6.684585	51.9174
	6.684454	51.91746
	6.684273	51.91754
	6.684256	51.91756
	6.684225	51.91759
	6.684093	51.91758
	6.683994	51.91758
	6.679404	51.91674
	6.674789	51.91594
	6.672993	51.91532
	6.671458	51.9148
	6.669508	51.91413
	6.669303	51.91406
	6.668734	51.91386
	6.668457	51.91372
	6.668095	51.91353
	6.667739	51.91337
	6.66684	51.91301
	6.665722	51.91257
	6.664485	51.91211
	6.663423	51.9117
	6.663318	51.91167
	6.662054	51.91119
	6.661943	51.91116
	6.661389	51.91099
	6.660686	51.91078
	6.659933	51.91055
	6.657607	51.90984
	6.657494	51.90981
	6.656748	51.90959
	6.654632	51.90894
	6.652719	51.90836
	6.651791	51.90808
	6.651253	51.90792
	6.650876	51.90781
	6.648941	51.90723
	6.648784	51.90719
	6.648624	51.90715
	6.648479	51.90712
	6.647189	51.90679
	6.642187	51.90556
	6.637717	51.90445
	6.637681	51.90443
	6.63719	51.90395
	6.635948	51.90273
	6.635312	51.90211
	6.634174	51.90101
	6.632805	51.90097
	6.627695	51.90086
	6.625995	51.90163
	6.62531	51.90194
	6.624826	51.90183
	6.622936	51.9014
	6.621009	51.90097
	6.620219	51.9008
	6.619302	51.90059
	6.618207	51.90035
	6.616692	51.90002
	6.614199	51.89946
	6.612318	51.89904
	6.609991	51.89852
	6.609261	51.89836
	6.608375	51.89816
	6.607294	51.89792
	6.607162	51.89789
	6.604423	51.89728
	6.604321	51.89726
	6.603946	51.89719
	6.603535	51.89712
	6.602441	51.89694
	6.601695	51.89682
	6.598759	51.89631
	6.59809	51.89619
	6.597204	51.89602
	6.596769	51.89592
	6.596299	51.89583
	6.595749	51.89572
	6.593519	51.89534
	6.592832	51.89522
	6.591458	51.89498
	6.590018	51.89473
	6.589406	51.89463
	6.589246	51.89462
	6.587903	51.89441
	6.586835	51.89424
	6.58578	51.89408
	6.583221	51.89328
	6.582484	51.89294
	6.582469	51.89293
	6.582136	51.89278
	6.57668	51.89084
	6.576603	51.89082
	6.576455	51.8908
	6.575998	51.89064
	6.571296	51.88895
	6.569517	51.88831
	6.569392	51.88824
	6.568383	51.88773
	6.566667	51.88688
	6.563914	51.88551
	6.56387	51.88549
	6.563854	51.88541
	6.563771	51.88534
	6.56368	51.88527
	6.56362	51.88523
	6.563517	51.88518
	6.563367	51.88496
	6.563299	51.88487
	6.563193	51.88476
	6.563093	51.88466
	6.562926	51.88453
	6.562779	51.88441
	6.562569	51.88431
	6.562208	51.88425
	6.562056	51.88422
	6.561959	51.88417
	6.561823	51.88406
	6.561254	51.88403
	6.560998	51.88412
	6.560865	51.88402
	6.56098	51.88379
	6.560974	51.88372
	6.560699	51.88341
	6.560697	51.88334
	6.560674	51.88301
	6.56067	51.88294
	6.560709	51.88282
	6.56098	51.8826
	6.560991	51.88257
	6.561001	51.88253
	6.560977	51.88248
	6.560816	51.88236
	6.560611	51.88222
	6.560337	51.8822
	6.559994	51.88225
	6.559905	51.88227
	6.559814	51.88232
	6.559781	51.88233
	6.559275	51.88244
	6.559078	51.88248
	6.558813	51.88253
	6.558778	51.88253
	6.558755	51.88252
	6.557878	51.88243
	6.557782	51.8824
	6.557644	51.8823
	6.557699	51.88219
	6.55778	51.88201
	6.557705	51.88189
	6.557541	51.88184
	6.55728	51.88178
	6.557149	51.88175
	6.556807	51.88174
	6.556782	51.88172
	6.556531	51.88172
	6.556332	51.88172
	6.556273	51.88172
	6.556231	51.88171
	6.556202	51.8817
	6.556137	51.8817
	6.555994	51.88176
	6.555925	51.88179
	6.555863	51.8818
	6.555841	51.88184
	6.555837	51.88189
	6.55575	51.88198
	6.555584	51.88233
	6.555514	51.88238
	6.555452	51.88244
	6.555378	51.88252
	6.555267	51.88261
	6.555235	51.88265
	6.555231	51.88268
	6.555236	51.88274
	6.555232	51.88278
	6.555241	51.88284
	6.555295	51.8829
	6.555316	51.88295
	6.55534	51.88302
	6.555357	51.88311
	6.555358	51.88319
	6.555369	51.88323
	6.555384	51.88336
	6.555357	51.88341
	6.555329	51.88344
	6.555208	51.88352
	6.5551	51.88356
	6.555053	51.88357
	6.554988	51.88357
	6.554864	51.88356
	6.554842	51.88356
	6.554691	51.88357
	6.554549	51.88357
	6.554458	51.88358
	6.554311	51.88361
	6.554266	51.88363
	6.554138	51.88372
	6.554033	51.88378
	6.553932	51.88384
	6.553766	51.8839
	6.553708	51.88391
	6.553527	51.88393
	6.553404	51.88397
	6.55338	51.88397
	6.553193	51.88398
	6.553112	51.884
	6.552968	51.88401
	6.552896	51.88401
	6.552821	51.88402
	6.552788	51.88403
	6.552749	51.88403
	6.552717	51.88405
	6.552695	51.8842
	6.552693	51.88429
	6.552647	51.88446
	6.552644	51.88456
	6.552616	51.88466
	6.552592	51.8848
	6.552586	51.88495
	6.552568	51.88502
	6.552541	51.88527
	6.552533	51.88532
	6.552531	51.88545
	6.552498	51.88556
	6.552501	51.88565
	6.552482	51.88576
	6.55248	51.88586
	6.552467	51.88592
	6.552464	51.88599
	6.552453	51.88602
	6.552441	51.88606
	6.552426	51.88619
	6.552357	51.88618
	6.552008	51.88613
	6.55173	51.88609
	6.551489	51.88605
	6.551411	51.88603
	6.551378	51.88601
	6.551289	51.88598
	6.551221	51.88595
	6.551152	51.88592
	6.550948	51.88586
	6.55085	51.88584
	6.550698	51.88582
	6.550492	51.88578
	6.550357	51.88574
	6.550281	51.8857
	6.55023	51.88566
	6.550202	51.88563
	6.550167	51.8856
	6.550146	51.88559
	6.550078	51.88556
	6.549793	51.88549
	6.549592	51.88546
	6.549275	51.88544
	6.549168	51.88544
	6.549011	51.8854
	6.548881	51.88538
	6.548707	51.88536
	6.548666	51.88535
	6.548636	51.88535
	6.548457	51.88535
	6.548363	51.88535
	6.548376	51.88526
	6.548434	51.88515
	6.548418	51.88508
	6.548439	51.88504
	6.548618	51.88483
	6.548641	51.88479
	6.548691	51.88471
	6.548715	51.88466
	6.548821	51.88448
	6.548864	51.88433
	6.548882	51.88424
	6.548918	51.88418
	6.548957	51.88406
	6.548983	51.88404
	6.549077	51.88394
	6.549298	51.88373
	6.549722	51.88351
	6.549898	51.88339
	6.549586	51.88315
	6.549385	51.88314
	6.549251	51.88314
	6.549105	51.88314
	6.54877	51.88315
	6.548634	51.88316
	6.548404	51.88319
	6.548085	51.88323
	6.547734	51.88324
	6.547532	51.88327
	6.547505	51.88332
	6.547475	51.88335
	6.547352	51.88346
	6.547283	51.8835
	6.547113	51.88358
	6.54686	51.88367
	6.546782	51.88369
	6.546684	51.88373
	6.546542	51.88384
	6.546465	51.88391
	6.546335	51.884
	6.546053	51.88426
	6.545944	51.88437
	6.545904	51.8844
	6.545852	51.88444
	6.545742	51.88449
	6.545591	51.88455
	6.545444	51.88459
	6.545292	51.88463
	6.545113	51.88464
	6.544719	51.88463
	6.544151	51.88461
	6.543955	51.88451
	6.543839	51.88444
	6.543674	51.88439
	6.543498	51.88429
	6.54341	51.8842
	6.54329	51.88412
	6.542723	51.88375
	6.542582	51.8837
	6.542501	51.88364
	6.542344	51.88345
	6.542271	51.88336
	6.542222	51.88326
	6.542198	51.88315
	6.54213	51.88305
	6.542353	51.88298
	6.542282	51.88274
	6.542191	51.88267
	6.542097	51.88267
	6.541898	51.88249
	6.541729	51.88236
	6.541671	51.88236
	6.541635	51.88225
	6.541569	51.88212
	6.541599	51.88212
	6.541464	51.88201
	6.541434	51.88199
	6.541018	51.88183
	6.541003	51.88182
	6.540915	51.8818
	6.540874	51.88178
	6.540861	51.88178
	6.540848	51.88178
	6.540837	51.88177
	6.540825	51.88177
	6.540815	51.88176
	6.540805	51.88175
	6.540796	51.88175
	6.540788	51.88174
	6.540781	51.88173
	6.540774	51.88172
	6.540555	51.88154
	6.540116	51.88108
	6.539959	51.88095
	6.539899	51.88092
	6.539813	51.8809
	6.539553	51.88088
	6.539227	51.88088
	6.539099	51.88086
	6.539047	51.88085
	6.538956	51.88084
	6.538923	51.88083
	6.538894	51.88081
	6.538829	51.88078
	6.538778	51.88076
	6.538724	51.88072
	6.538713	51.88068
	6.538688	51.88056
	6.538653	51.88044
	6.538635	51.88039
	6.538591	51.88033
	6.538522	51.88027
	6.538462	51.88024
	6.538344	51.8802
	6.538103	51.88012
	6.537876	51.88002
	6.537703	51.87992
	6.537525	51.8798
	6.537421	51.87972
	6.537314	51.87965
	6.537175	51.87957
	6.537133	51.87955
	6.537036	51.87952
	6.536724	51.87946
	6.536499	51.87941
	6.536312	51.87939
	6.536079	51.87936
	6.53537	51.87921
	6.535126	51.87914
	6.534693	51.87899
	6.534447	51.87891
	6.534347	51.87886
	6.534042	51.87877
	6.533894	51.87871
	6.533625	51.87863
	6.533463	51.87859
	6.533343	51.87853
	6.532963	51.8783
	6.5329	51.87826
	6.532747	51.87818
	6.53218	51.87792
	6.532123	51.87788
	6.532096	51.87786
	6.531899	51.87773
	6.531786	51.87767
	6.531671	51.87762
	6.53155	51.87759
	6.531398	51.87754
	6.530774	51.87734
	6.530631	51.87729
	6.53049	51.87727
	6.530424	51.87727
	6.530225	51.87727
	6.530136	51.87726
	6.530055	51.87724
	6.529843	51.87717
	6.529348	51.87698
	6.529307	51.87696
	6.529261	51.87692
	6.529218	51.87686
	6.529206	51.87682
	6.529202	51.87678
	6.529231	51.87665
	6.529291	51.87656
	6.52933	51.87653
	6.529696	51.87622
	6.529831	51.87612
	6.529909	51.87605
	6.529916	51.87601
	6.52991	51.876
	6.529886	51.87599
	6.528968	51.87563
	6.528851	51.87559
	6.528692	51.87554
	6.527701	51.87516
	6.527468	51.87505
	6.526731	51.8748
	6.526078	51.87459
	6.525961	51.87456
	6.525849	51.87454
	6.525684	51.87449
	6.52526	51.87435
	6.524996	51.87428
	6.524598	51.87415
	6.524493	51.87411
	6.524476	51.87409
	6.52447	51.87408
	6.524477	51.87405
	6.52461	51.87378
	6.524621	51.87372
	6.524597	51.8737
	6.524573	51.87369
	6.524541	51.87369
	6.523933	51.87364
	6.521241	51.87339
	6.518411	51.87313
	6.518289	51.87312
	6.518116	51.87311
	6.518065	51.87312
	6.517852	51.87319
	6.51767	51.87321
	6.517571	51.87323
	6.517454	51.87327
	6.517349	51.8733
	6.517152	51.87338
	6.516996	51.87341
	6.51676	51.87345
	6.516168	51.87349
	6.515722	51.87353
	6.515609	51.87352
	6.515489	51.87349
	6.51543	51.87347
	6.515331	51.87344
	6.51518	51.87339
	6.514984	51.87329
	6.514685	51.87316
	6.514578	51.87313
	6.514346	51.87305
	6.51432	51.87304
	6.514282	51.87302
	6.514159	51.87296
	6.514131	51.87294
	6.513968	51.87284
	6.513896	51.8728
	6.513683	51.87264
	6.513627	51.8726
	6.513541	51.87253
	6.513499	51.8725
	6.513254	51.87237
	6.513159	51.87232
	6.513119	51.8723
	6.513017	51.87223
	6.51293	51.87217
	6.512854	51.87213
	6.512768	51.8721
	6.512669	51.87207
	6.512608	51.87206
	6.512502	51.872
	6.512411	51.87189
	6.512269	51.87169
	6.512212	51.87161
	6.512179	51.87153
	6.512179	51.87147
	6.512128	51.87137
	6.512052	51.8713
	6.51196	51.8712
	6.511863	51.87111
	6.511745	51.87101
	6.511647	51.87092
	6.511607	51.87089
	6.511548	51.87086
	6.511457	51.87083
	6.511223	51.87075
	6.510971	51.87065
	6.510857	51.87061
	6.509988	51.87031
	6.509448	51.87009
	6.509322	51.87005
	6.509142	51.86999
	6.50878	51.86987
	6.508262	51.86971
	6.507643	51.86953
	6.50575	51.86896
	6.505262	51.86881
	6.504776	51.86866
	6.504509	51.86857
	6.504471	51.86856
	6.504389	51.86852
	6.503965	51.86823
	6.503829	51.86812
	6.503618	51.86799
	6.503554	51.86794
	6.503459	51.86786
	6.503429	51.86783
	6.503405	51.86781
	6.503261	51.8677
	6.503193	51.86763
	6.503155	51.86762
	6.503099	51.86761
	6.503052	51.86762
	6.503032	51.86764
	6.502959	51.86786
	6.502927	51.8679
	6.502883	51.86794
	6.502754	51.86798
	6.502647	51.86801
	6.502529	51.86802
	6.502461	51.868
	6.502388	51.86799
	6.502243	51.86794
	6.502176	51.86791
	6.502054	51.86787
	6.501873	51.86784
	6.501853	51.86784
	6.501815	51.86784
	6.501751	51.86788
	6.501712	51.8679
	6.501394	51.86815
	6.501362	51.86816
	6.501329	51.86816
	6.501311	51.86815
	6.501296	51.86814
	6.501287	51.86814
	6.501251	51.86814
	6.501204	51.86813
	6.50115	51.86811
	6.501117	51.86809
	6.501094	51.86806
	6.501084	51.86804
	6.501083	51.86801
	6.501061	51.868
	6.501025	51.86712
	6.501052	51.86687
	6.501193	51.86663
	6.501633	51.86616
	6.502093	51.86568
	6.502177	51.86548
	6.502247	51.86524
	6.502208	51.86471
	6.502068	51.86437
	6.502132	51.86437
	6.502482	51.86157
	6.502352	51.8614
	6.501994	51.86104
	6.50184	51.86093
	6.501684	51.86081
	6.501338	51.86059
	6.501127	51.86049
	6.500963	51.86042
	6.500475	51.86023
	6.499981	51.86002
	6.497355	51.86107
	6.497441	51.86129
	6.496371	51.86096
	6.49629	51.86095
	6.496229	51.86094
	6.496161	51.86092
	6.494283	51.86046
	6.49408	51.86041
	6.493857	51.86036
	6.493673	51.86032
	6.493495	51.86028
	6.491865	51.85993
	6.491729	51.8599
	6.491543	51.85985
	6.491505	51.85985
	6.491449	51.85983
	6.491407	51.85983
	6.491364	51.85982
	6.491321	51.85982
	6.491307	51.85981
	6.491294	51.85981
	6.491281	51.85981
	6.49127	51.8598
	6.491259	51.85979
	6.49125	51.85979
	6.491243	51.85978
	6.491223	51.85976
	6.491202	51.85973
	6.491187	51.85972
	6.49117	51.8597
	6.491136	51.85967
	6.491116	51.85966
	6.491095	51.85965
	6.491053	51.85962
	6.491013	51.8596
	6.490941	51.85957
	6.490877	51.85954
	6.490788	51.8595
	6.490705	51.85947
	6.490633	51.85944
	6.490553	51.85941
	6.490472	51.85939
	6.490387	51.85936
	6.4903	51.85934
	6.490198	51.85931
	6.490084	51.85929
	6.490011	51.85927
	6.489938	51.85926
	6.489888	51.85925
	6.48977	51.85923
	6.489727	51.85923
	6.489657	51.85922
	6.489594	51.85921
	6.48953	51.85921
	6.489499	51.85921
	6.488404	51.85913
	6.488349	51.85912
	6.488267	51.85911
	6.488177	51.8591
	6.488093	51.85909
	6.488009	51.85908
	6.487931	51.85906
	6.48784	51.85904
	6.487769	51.85902
	6.487705	51.85901
	6.48764	51.85899
	6.487544	51.85896
	6.487408	51.85892
	6.487348	51.8589
	6.48726	51.85886
	6.487184	51.85883
	6.486821	51.85864
	6.486594	51.85854
	6.486461	51.85848
	6.486336	51.85844
	6.486281	51.85842
	6.486101	51.85837
	6.486008	51.85834
	6.485856	51.85831
	6.485848	51.85831
	6.485744	51.85829
	6.485653	51.85826
	6.485597	51.85825
	6.485469	51.85821
	6.485376	51.85818
	6.485298	51.85815
	6.485259	51.85813
	6.484891	51.85798
	6.484535	51.85781
	6.484316	51.85771
	6.484135	51.85763
	6.483962	51.85755
	6.483864	51.8575
	6.483803	51.85746
	6.48369	51.8574
	6.483573	51.85734
	6.48345	51.85729
	6.483405	51.85727
	6.483274	51.85719
	6.483155	51.85713
	6.482929	51.85702
	6.482808	51.85697
	6.482677	51.85693
	6.482536	51.8569
	6.48241	51.85688
	6.482175	51.85687
	6.481753	51.85688
	6.481442	51.8569
	6.48088	51.85693
	6.480871	51.85694
	6.479678	51.85692
	6.478947	51.85691
	6.478371	51.85691
	6.478372	51.85688
	6.478233	51.85688
	6.478096	51.85687
	6.477959	51.85686
	6.477819	51.85685
	6.477692	51.85683
	6.477563	51.8568
	6.477447	51.85677
	6.477326	51.85674
	6.4772	51.85671
	6.477054	51.85666
	6.475651	51.85616
	6.475613	51.85613
	6.47558	51.8561
	6.475524	51.85608
	6.475461	51.85605
	6.475412	51.85603
	6.475353	51.85601
	6.475293	51.85599
	6.475215	51.85597
	6.474925	51.8559
	6.474454	51.85574
	6.474341	51.85569
	6.474225	51.85565
	6.474115	51.85559
	6.474006	51.85554
	6.473895	51.85547
	6.473801	51.85541
	6.473704	51.85535
	6.473618	51.85528
	6.473544	51.85522
	6.473464	51.85514
	6.473394	51.85507
	6.473329	51.85499
	6.473306	51.8549
	6.47331	51.85481
	6.473358	51.85472
	6.472898	51.8546
	6.472508	51.85382
	6.472293	51.85384
	6.471552	51.85391
	6.470747	51.85397
	6.470264	51.85401
	6.469795	51.85405
	6.469449	51.85407
	6.469139	51.85411
	6.468931	51.85414
	6.468595	51.85419
	6.468214	51.85425
	6.467891	51.8543
	6.467524	51.85438
	6.467303	51.85442
	6.466995	51.8545
	6.466757	51.85456
	6.466329	51.85468
	6.466071	51.85475
	6.465572	51.8549
	6.465114	51.85504
	6.464683	51.85518
	6.464384	51.85529
	6.464129	51.85538
	6.463547	51.8556
	6.463054	51.85582
	6.462809	51.85593
	6.462268	51.85619
	6.4619	51.85638
	6.461581	51.85655
	6.461027	51.85688
	6.459907	51.85756
	6.459118	51.8581
	6.458315	51.85868
	6.457517	51.85932
	6.457358	51.85945
	6.456639	51.8601
	6.45639	51.86033
	6.456188	51.86054
	6.455754	51.86099
	6.455148	51.86167
	6.454585	51.86234
	6.454499	51.86244
	6.454251	51.8627
	6.454095	51.86287
	6.453677	51.86324
	6.453476	51.86341
	6.45336	51.8635
	6.452944	51.86381
	6.452641	51.86401
	6.452104	51.86436
	6.452044	51.8644
	6.45188	51.86451
	6.451765	51.8646
	6.451607	51.86474
	6.451603	51.86474
	6.451592	51.86476
	6.451525	51.86482
	6.451348	51.865
	6.451173	51.86524
	6.450764	51.86528
	6.450731	51.86528
	6.450728	51.86528
	6.448574	51.86549
	6.44847	51.86551
	6.447065	51.86511
	6.446673	51.86501
	6.446671	51.865
	6.446516	51.86481
	6.446374	51.86464
	6.445955	51.86416
	6.445716	51.86394
	6.445489	51.86374
	6.444925	51.86347
	6.444543	51.86324
	6.444208	51.86292
	6.444013	51.8628
	6.443996	51.8628
	6.443684	51.86267
	6.443674	51.86267
	6.443195	51.86251
	6.442484	51.86239
	6.442482	51.86239
	6.442467	51.86238
	6.442456	51.86237
	6.442451	51.86237
	6.44229	51.86223
	6.441772	51.86195
	6.441377	51.86186
	6.44031	51.8619
	6.439618	51.86202
	6.43906	51.86212
	6.438733	51.8621
	6.435576	51.86079
	6.434394	51.86029
	6.434392	51.86029
	6.434267	51.86024
	6.434225	51.86022
	6.434204	51.86021
	6.43425	51.86013
	6.433921	51.86003
	6.433764	51.85999
	6.433931	51.85974
	6.43293	51.85958
	6.432363	51.85938
	6.432303	51.85948
	6.43228	51.85951
	6.432277	51.85952
	6.432259	51.85953
	6.432169	51.8596
	6.432029	51.85967
	6.431908	51.85974
	6.431676	51.85985
	6.431382	51.85997
	6.431222	51.86005
	6.431102	51.86011
	6.431077	51.86013
	6.431023	51.86016
	6.430948	51.86019
	6.430739	51.86024
	6.430572	51.86029
	6.430403	51.86037
	6.430346	51.86039
	6.430271	51.86041
	6.430088	51.86044
	6.429989	51.86046
	6.42984	51.86051
	6.429771	51.86054
	6.42955	51.86063
	6.429436	51.86071
	6.429366	51.86101
	6.429261	51.8612
	6.42921	51.8614
	6.429195	51.8615
	6.429197	51.86163
	6.42921	51.86171
	6.429208	51.86175
	6.429225	51.86179
	6.429285	51.86186
	6.429431	51.86193
	6.429514	51.86195
	6.429599	51.86199
	6.429588	51.86211
	6.429413	51.86237
	6.429247	51.86252
	6.429191	51.86261
	6.429173	51.86264
	6.429142	51.86272
	6.429103	51.86287
	6.429107	51.86293
	6.429108	51.86294
	6.429235	51.86307
	6.429263	51.86313
	6.429283	51.86321
	6.429277	51.86325
	6.429246	51.86331
	6.429124	51.86338
	6.42907	51.8634
	6.428924	51.86345
	6.428892	51.86347
	6.428819	51.86353
	6.428803	51.86359
	6.428796	51.86369
	6.428754	51.86379
	6.428732	51.86387
	6.428707	51.86393
	6.428689	51.86405
	6.428648	51.86414
	6.428634	51.86424
	6.428648	51.86431
	6.428668	51.86436
	6.428741	51.86444
	6.428783	51.86452
	6.428769	51.86467
	6.428687	51.86482
	6.428629	51.86499
	6.428606	51.86508
	6.428597	51.86509
	6.428584	51.8651
	6.428555	51.86513
	6.428374	51.86526
	6.428254	51.86534
	6.428049	51.8655
	6.42787	51.86562
	6.427361	51.86586
	6.427111	51.86592
	6.426898	51.86595
	6.42669	51.86598
	6.426544	51.86601
	6.426415	51.86609
	6.426238	51.8662
	6.426126	51.86625
	6.42587	51.86624
	6.425765	51.86616
	6.425759	51.86614
	6.425686	51.86603
	6.425655	51.86599
	6.425611	51.86596
	6.425588	51.86595
	6.425559	51.86593
	6.425533	51.86592
	6.425443	51.8659
	6.425326	51.86589
	6.425273	51.86588
	6.425097	51.8659
	6.42476	51.86591
	6.424652	51.86592
	6.424325	51.86597
	6.424296	51.86597
	6.424236	51.86599
	6.424166	51.86601
	6.424146	51.86604
	6.424082	51.86609
	6.424052	51.86615
	6.42402	51.86625
	6.424004	51.86629
	6.423987	51.86632
	6.423958	51.86635
	6.423916	51.8664
	6.423871	51.86644
	6.423834	51.86649
	6.423782	51.86651
	6.423737	51.86652
	6.423638	51.86652
	6.42353	51.86649
	6.423442	51.86646
	6.423386	51.86642
	6.423332	51.86637
	6.423268	51.86633
	6.423218	51.86632
	6.423049	51.86635
	6.423011	51.86636
	6.422971	51.86639
	6.422911	51.86644
	6.422873	51.86647
	6.422785	51.86654
	6.422781	51.86654
	6.422719	51.8666
	6.422636	51.86672
	6.422551	51.86677
	6.422451	51.86681
	6.422335	51.86684
	6.422309	51.86684
	6.422036	51.86695
	6.421968	51.86697
	6.421871	51.86698
	6.421794	51.86699
	6.421679	51.86696
	6.421531	51.86685
	6.421443	51.8668
	6.421365	51.86678
	6.4213	51.86676
	6.421208	51.86673
	6.421029	51.86673
	6.420866	51.86677
	6.420605	51.86679
	6.420414	51.8668
	6.420218	51.86678
	6.419968	51.86683
	6.419938	51.86684
	6.419602	51.86692
	6.419338	51.86701
	6.419186	51.86708
	6.419093	51.86712
	6.418829	51.8672
	6.418685	51.86724
	6.418575	51.86725
	6.418468	51.86727
	6.418335	51.86731
	6.418104	51.86744
	6.41808	51.86745
	6.417692	51.86763
	6.417207	51.8678
	6.416954	51.86794
	6.416814	51.86803
	6.416621	51.86811
	6.416297	51.86822
	6.416202	51.86827
	6.416005	51.86836
	6.415767	51.86849
	6.415573	51.8686
	6.415183	51.86873
	6.415097	51.86881
	6.415018	51.86891
	6.414918	51.86898
	6.414874	51.86903
	6.414836	51.86907
	6.414517	51.86931
	6.414422	51.86935
	6.414232	51.86941
	6.414159	51.86944
	6.414015	51.86958
	6.413881	51.86968
	6.413736	51.86978
	6.413625	51.86988
	6.413463	51.87013
	6.41333	51.87026
	6.412878	51.87061
	6.412772	51.87069
	6.412622	51.87086
	6.41255	51.87092
	6.412329	51.87108
	6.412285	51.87109
	6.412253	51.8711
	6.412181	51.87109
	6.412113	51.87105
	6.411831	51.87085
	6.411668	51.87075
	6.411651	51.87074
	6.41142	51.87063
	6.410907	51.87034
	6.410947	51.8703
	6.410993	51.87026
	6.411046	51.87023
	6.411122	51.87019
	6.411198	51.87012
	6.411222	51.8701
	6.411216	51.87007
	6.41119	51.87004
	6.411144	51.87003
	6.411093	51.87003
	6.41105	51.87002
	6.410965	51.87001
	6.410893	51.86998
	6.410816	51.86995
	6.410756	51.86991
	6.410684	51.86986
	6.410639	51.86982
	6.410585	51.86977
	6.410513	51.8697
	6.410464	51.86965
	6.410393	51.86958
	6.41036	51.86956
	6.410331	51.86955
	6.410301	51.86954
	6.41026	51.86953
	6.410239	51.86953
	6.410206	51.86954
	6.41017	51.86955
	6.410129	51.86957
	6.410099	51.8696
	6.410082	51.86962
	6.410083	51.86966
	6.410083	51.8697
	6.410078	51.86973
	6.410075	51.86977
	6.410045	51.86979
	6.410011	51.86981
	6.409978	51.86982
	6.409933	51.86983
	6.409903	51.86983
	6.409861	51.86983
	6.409789	51.8698
	6.409752	51.86977
	6.409687	51.86971
	6.409635	51.86967
	6.409572	51.86963
	6.409495	51.86958
	6.409416	51.86952
	6.409351	51.86949
	6.409266	51.86943
	6.409203	51.86943
	6.409146	51.86943
	6.409051	51.86944
	6.40898	51.86944
	6.408855	51.86945
	6.408752	51.86946
	6.408692	51.86951
	6.408718	51.86955
	6.40876	51.86961
	6.408811	51.86968
	6.40883	51.86972
	6.408853	51.86979
	6.408858	51.86983
	6.408824	51.86986
	6.408792	51.86988
	6.408723	51.8699
	6.408627	51.86993
	6.408565	51.86993
	6.408501	51.86994
	6.408376	51.86993
	6.408221	51.86991
	6.408086	51.86988
	6.408042	51.8699
	6.408005	51.86997
	6.407974	51.87003
	6.407944	51.87007
	6.407915	51.8701
	6.40786	51.87014
	6.407808	51.87018
	6.407751	51.87021
	6.407689	51.87025
	6.407604	51.87028
	6.407461	51.87033
	6.407339	51.87037
	6.40722	51.8704
	6.407111	51.87042
	6.407054	51.87045
	6.407023	51.87047
	6.406931	51.87056
	6.406885	51.87061
	6.406856	51.87062
	6.406814	51.87065
	6.406784	51.87066
	6.406718	51.87068
	6.406623	51.87069
	6.406535	51.87067
	6.406405	51.87062
	6.406303	51.87062
	6.406218	51.87062
	6.406156	51.87062
	6.406102	51.87063
	6.406022	51.87065
	6.40593	51.87068
	6.40587	51.87069
	6.405812	51.8707
	6.405761	51.87071
	6.405687	51.8707
	6.405536	51.87065
	6.405457	51.87061
	6.405368	51.87057
	6.405315	51.87056
	6.405258	51.87055
	6.40517	51.87055
	6.40509	51.87054
	6.405015	51.87054
	6.404926	51.87053
	6.404816	51.8705
	6.40474	51.87049
	6.404676	51.87047
	6.404614	51.87045
	6.404576	51.87043
	6.404533	51.8704
	6.40447	51.87035
	6.404417	51.8703
	6.404366	51.87026
	6.404314	51.87024
	6.404266	51.87022
	6.404182	51.8702
	6.404105	51.87017
	6.404043	51.87014
	6.404001	51.87012
	6.403959	51.87007
	6.403905	51.87001
	6.403855	51.86997
	6.403786	51.86992
	6.403692	51.86984
	6.40353	51.86972
	6.40343	51.86965
	6.403274	51.86958
	6.403246	51.86956
	6.403229	51.86955
	6.403109	51.86947
	6.403008	51.8694
	6.402928	51.86935
	6.402849	51.8693
	6.402766	51.86925
	6.402728	51.86923
	6.402588	51.86917
	6.402537	51.86915
	6.402475	51.86914
	6.402362	51.86915
	6.402236	51.86917
	6.402052	51.8692
	6.401858	51.86924
	6.401728	51.86926
	6.401664	51.86929
	6.401555	51.86933
	6.401449	51.86938
	6.401368	51.86942
	6.401313	51.86945
	6.401244	51.86949
	6.401219	51.86952
	6.401188	51.86955
	6.401164	51.86959
	6.401152	51.86962
	6.401142	51.86966
	6.401129	51.86974
	6.401118	51.8698
	6.401107	51.86982
	6.401055	51.86992
	6.400959	51.8701
	6.400911	51.8702
	6.400872	51.87023
	6.400832	51.87027
	6.400774	51.87034
	6.400747	51.87037
	6.400721	51.8704
	6.400605	51.87044
	6.400519	51.87043
	6.400469	51.8704
	6.400422	51.87038
	6.400401	51.87036
	6.400374	51.87034
	6.400327	51.87033
	6.400277	51.87032
	6.40007	51.87033
	6.399967	51.87033
	6.399815	51.87033
	6.399477	51.8703
	6.399377	51.8703
	6.399277	51.87028
	6.39919	51.87027
	6.399127	51.8703
	6.399076	51.87034
	6.39897	51.87044
	6.398769	51.87062
	6.398594	51.87077
	6.398372	51.87098
	6.398311	51.87099
	6.398224	51.87096
	6.398148	51.87092
	6.398026	51.87086
	6.397915	51.87081
	6.397845	51.87078
	6.397762	51.87074
	6.397665	51.8707
	6.397574	51.87066
	6.397517	51.87064
	6.397442	51.87061
	6.397275	51.87053
	6.397188	51.87049
	6.397109	51.87045
	6.397081	51.87044
	6.397008	51.87041
	6.396927	51.87039
	6.396867	51.87036
	6.396796	51.87035
	6.396746	51.87033
	6.3967	51.87036
	6.396662	51.87037
	6.396618	51.8704
	6.396566	51.87043
	6.396519	51.87046
	6.396486	51.87048
	6.396433	51.87051
	6.396354	51.87055
	6.396324	51.87057
	6.396263	51.87062
	6.3962	51.87066
	6.396165	51.8707
	6.396126	51.87074
	6.396102	51.87077
	6.396068	51.87083
	6.39605	51.87088
	6.396037	51.87093
	6.396033	51.87095
	6.396028	51.87101
	6.396028	51.87105
	6.396018	51.87109
	6.396009	51.87112
	6.395982	51.87116
	6.395948	51.8712
	6.395907	51.87123
	6.395833	51.87129
	6.395765	51.87137
	6.395708	51.87142
	6.395677	51.87145
	6.39562	51.87149
	6.395572	51.87153
	6.395522	51.87157
	6.395491	51.87159
	6.395471	51.8716
	6.395452	51.87162
	6.395416	51.87166
	6.395396	51.87169
	6.395384	51.87174
	6.395373	51.87181
	6.395346	51.8719
	6.39531	51.87197
	6.395271	51.87204
	6.395228	51.87206
	6.395152	51.87211
	6.394988	51.87221
	6.394934	51.87225
	6.39482	51.87233
	6.39475	51.87238
	6.39465	51.87247
	6.394622	51.87249
	6.394578	51.87252
	6.394512	51.87255
	6.394473	51.87257
	6.394431	51.87257
	6.394377	51.87257
	6.394302	51.8726
	6.394255	51.87263
	6.394161	51.87272
	6.394084	51.8728
	6.394003	51.87285
	6.39395	51.87288
	6.393868	51.87293
	6.393788	51.87297
	6.393707	51.87301
	6.393645	51.87303
	6.393566	51.87305
	6.393473	51.87305
	6.39332	51.87305
	6.393295	51.87309
	6.393267	51.87314
	6.393266	51.87316
	6.393268	51.87317
	6.393292	51.8732
	6.393335	51.87324
	6.393406	51.8733
	6.39348	51.87335
	6.393426	51.87342
	6.393365	51.87349
	6.393313	51.87351
	6.393238	51.87354
	6.393094	51.87354
	6.393046	51.87359
	6.393095	51.87367
	6.393155	51.87376
	6.393084	51.87383
	6.393001	51.87385
	6.392891	51.87387
	6.392749	51.87385
	6.392582	51.87394
	6.392468	51.874
	6.392381	51.87403
	6.392284	51.87403
	6.392252	51.87403
	6.392125	51.87401
	6.391962	51.87398
	6.391791	51.87394
	6.391736	51.87394
	6.391661	51.87394
	6.391567	51.87396
	6.39148	51.87397
	6.391397	51.87398
	6.391309	51.87399
	6.391232	51.87399
	6.391119	51.87397
	6.391067	51.87396
	6.39098	51.87395
	6.390904	51.87395
	6.390769	51.87395
	6.390746	51.87395
	6.390566	51.87397
	6.390705	51.87374
	6.390837	51.87351
	6.391001	51.87322
	6.391112	51.87303
	6.391146	51.87297
	6.391154	51.87295
	6.391159	51.87293
	6.391168	51.87288
	6.391176	51.87281
	6.391173	51.87279
	6.391157	51.87274
	6.391116	51.8726
	6.391068	51.87244
	6.391048	51.87238
	6.391027	51.87232
	6.390945	51.87232
	6.390873	51.87231
	6.390786	51.87226
	6.390763	51.87225
	6.390703	51.87222
	6.390604	51.87216
	6.390545	51.87211
	6.390515	51.87209
	6.390498	51.87208
	6.390467	51.87205
	6.390444	51.87202
	6.390424	51.872
	6.390406	51.87197
	6.390394	51.87195
	6.390354	51.87189
	6.390263	51.87172
	6.39022	51.87164
	6.390103	51.87143
	6.389897	51.87105
	6.389788	51.87085
	6.389691	51.87069
	6.389675	51.87066
	6.389662	51.87062
	6.389594	51.87045
	6.389499	51.87022
	6.389372	51.86991
	6.389286	51.86969
	6.389152	51.86937
	6.389079	51.8692
	6.389039	51.8691
	6.388915	51.86881
	6.3888	51.86854
	6.388784	51.8685
	6.388777	51.86848
	6.388773	51.86847
	6.388765	51.86843
	6.388743	51.86835
	6.388716	51.86825
	6.388669	51.86805
	6.388627	51.86788
	6.388603	51.86779
	6.388597	51.86778
	6.38853	51.86758
	6.388459	51.86737
	6.388419	51.86727
	6.388402	51.86722
	6.388387	51.86719
	6.388367	51.86715
	6.38833	51.8671
	6.388316	51.86709
	6.388218	51.86697
	6.388159	51.8669
	6.388073	51.86676
	6.387985	51.86662
	6.387555	51.86594
	6.387515	51.86587
	6.387502	51.86585
	6.387476	51.86579
	6.387466	51.86577
	6.387456	51.86575
	6.387455	51.86574
	6.387375	51.86568
	6.387337	51.86565
	6.387306	51.86562
	6.387285	51.8656
	6.387256	51.86557
	6.387231	51.86554
	6.387135	51.86543
	6.387095	51.86538
	6.387075	51.86535
	6.387061	51.86533
	6.387041	51.86526
	6.386989	51.86505
	6.386855	51.86445
	6.386851	51.86443
	6.38685	51.8644
	6.386855	51.86438
	6.38687	51.86435
	6.386903	51.86429
	6.386964	51.86419
	6.387014	51.86413
	6.387042	51.8641
	6.387069	51.86408
	6.38714	51.86404
	6.387218	51.864
	6.387356	51.86391
	6.387435	51.86386
	6.387457	51.86384
	6.38746	51.86384
	6.387519	51.86376
	6.387578	51.86369
	6.38759	51.86366
	6.387604	51.86362
	6.387656	51.86343
	6.387684	51.86329
	6.387703	51.8632
	6.387758	51.86296
	6.387774	51.86289
	6.387779	51.86287
	6.387784	51.86284
	6.387845	51.86256
	6.387884	51.86236
	6.387923	51.86218
	6.387969	51.86197
	6.387984	51.86191
	6.388008	51.8619
	6.388012	51.8619
	6.388059	51.8619
	6.388102	51.86189
	6.388156	51.86189
	6.388198	51.86189
	6.388253	51.86189
	6.388306	51.8619
	6.38836	51.8619
	6.388393	51.8619
	6.388434	51.8619
	6.388475	51.8619
	6.388519	51.86189
	6.388555	51.86189
	6.388618	51.86188
	6.388717	51.86185
	6.388803	51.86182
	6.388845	51.8618
	6.388901	51.86179
	6.388914	51.86178
	6.388934	51.86178
	6.388957	51.86177
	6.389	51.86177
	6.389117	51.86183
	6.389155	51.86185
	6.38918	51.86187
	6.389205	51.86187
	6.389232	51.86189
	6.389262	51.8619
	6.389298	51.86191
	6.389319	51.86191
	6.389341	51.86191
	6.389377	51.86192
	6.389425	51.86191
	6.389466	51.86191
	6.389514	51.86191
	6.389541	51.86191
	6.389572	51.8619
	6.389603	51.8619
	6.389636	51.86189
	6.389675	51.86188
	6.389709	51.86186
	6.389758	51.86184
	6.389813	51.8618
	6.389814	51.8618
	6.389866	51.86178
	6.3899	51.86176
	6.389919	51.86175
	6.389945	51.86172
	6.389982	51.86164
	6.390031	51.86153
	6.390048	51.86151
	6.390084	51.8615
	6.390342	51.8614
	6.390378	51.8614
	6.39042	51.86139
	6.390457	51.8614
	6.390482	51.86141
	6.390514	51.86142
	6.390542	51.86143
	6.390647	51.86152
	6.39072	51.8616
	6.390879	51.86157
	6.390977	51.86155
	6.39104	51.86154
	6.39109	51.86152
	6.391131	51.86151
	6.391151	51.8615
	6.391165	51.86149
	6.391201	51.86147
	6.391237	51.86144
	6.391273	51.86141
	6.391311	51.8614
	6.39134	51.8614
	6.391388	51.8614
	6.391439	51.8614
	6.391464	51.86115
	6.391479	51.86098
	6.391489	51.86089
	6.391492	51.86086
	6.3915	51.86081
	6.391509	51.86078
	6.391516	51.86075
	6.391546	51.8607
	6.391586	51.86064
	6.391614	51.86061
	6.391637	51.86058
	6.391666	51.86055
	6.391715	51.8605
	6.391803	51.86043
	6.391883	51.86039
	6.391966	51.86035
	6.392001	51.86034
	6.392076	51.86031
	6.392328	51.86023
	6.392622	51.86013
	6.392801	51.86007
	6.393321	51.85989
	6.393394	51.85986
	6.393446	51.85984
	6.393577	51.8598
	6.393742	51.85975
	6.393886	51.8597
	6.393963	51.85967
	6.394051	51.85964
	6.394116	51.85963
	6.394236	51.85959
	6.394315	51.85956
	6.394382	51.85954
	6.39448	51.85951
	6.394576	51.85948
	6.39468	51.85944
	6.39474	51.85942
	6.394797	51.8594
	6.394852	51.85939
	6.394897	51.85937
	6.394942	51.85936
	6.394967	51.85935
	6.395029	51.85932
	6.395145	51.85927
	6.395233	51.85922
	6.395304	51.85919
	6.395375	51.85915
	6.395448	51.85911
	6.395465	51.8591
	6.395483	51.85908
	6.395557	51.85902
	6.395619	51.85896
	6.395669	51.85892
	6.395689	51.85891
	6.395721	51.85887
	6.395798	51.85879
	6.395868	51.85872
	6.395967	51.85861
	6.396094	51.85848
	6.396217	51.85835
	6.396312	51.85825
	6.396393	51.85817
	6.396463	51.8581
	6.396509	51.85805
	6.396556	51.858
	6.396589	51.85797
	6.396709	51.85787
	6.396763	51.85782
	6.396805	51.8578
	6.3969	51.85774
	6.396984	51.85769
	6.397044	51.85765
	6.397111	51.8576
	6.397193	51.85755
	6.397222	51.85754
	6.397282	51.85752
	6.39734	51.85749
	6.397417	51.85746
	6.39747	51.85744
	6.397501	51.85742
	6.397621	51.85738
	6.397766	51.85733
	6.397917	51.85728
	6.398065	51.85723
	6.398218	51.85717
	6.39836	51.85712
	6.398448	51.85709
	6.398529	51.85707
	6.398607	51.85704
	6.398678	51.85702
	6.398728	51.857
	6.398764	51.85699
	6.398803	51.85697
	6.398829	51.85696
	6.398869	51.85694
	6.398896	51.85693
	6.398931	51.85691
	6.398973	51.85689
	6.399018	51.85686
	6.399086	51.85682
	6.399134	51.85679
	6.399183	51.85676
	6.399206	51.85674
	6.399246	51.85671
	6.399284	51.85668
	6.399337	51.85663
	6.399429	51.85655
	6.399524	51.85646
	6.399632	51.85635
	6.399719	51.85627
	6.399786	51.8562
	6.399826	51.85617
	6.399866	51.85614
	6.399892	51.85612
	6.399926	51.85609
	6.399951	51.85607
	6.399985	51.85605
	6.400037	51.85603
	6.400102	51.85599
	6.400154	51.85596
	6.40022	51.85593
	6.400303	51.85589
	6.400364	51.85586
	6.400433	51.85583
	6.400713	51.85572
	6.400847	51.85566
	6.401037	51.85559
	6.40117	51.85553
	6.40132	51.85547
	6.40139	51.85544
	6.401473	51.85541
	6.401562	51.85539
	6.401647	51.85536
	6.401732	51.85534
	6.401863	51.8553
	6.402025	51.85527
	6.402234	51.85522
	6.402694	51.85512
	6.403072	51.85503
	6.403254	51.85499
	6.403462	51.85495
	6.403608	51.85492
	6.403833	51.85487
	6.404053	51.85482
	6.404293	51.85477
	6.404508	51.85472
	6.404699	51.85468
	6.404862	51.85464
	6.404952	51.85462
	6.405011	51.85461
	6.405094	51.8546
	6.405225	51.85458
	6.405376	51.85456
	6.405479	51.85454
	6.405566	51.85453
	6.405599	51.85453
	6.405691	51.85453
	6.405926	51.85452
	6.406105	51.85452
	6.406356	51.85452
	6.406552	51.85451
	6.406739	51.85451
	6.406816	51.85451
	6.406911	51.8545
	6.406973	51.8545
	6.407009	51.8545
	6.407065	51.85449
	6.407135	51.85448
	6.407201	51.85447
	6.407286	51.85446
	6.407337	51.85445
	6.407393	51.85444
	6.407505	51.85441
	6.407596	51.85439
	6.407666	51.85437
	6.407711	51.85436
	6.407735	51.85435
	6.40778	51.85433
	6.407855	51.85429
	6.407923	51.85425
	6.407975	51.85423
	6.408012	51.8542
	6.408102	51.85413
	6.408108	51.85412
	6.40818	51.85406
	6.408297	51.85396
	6.408405	51.85387
	6.408512	51.85378
	6.408618	51.85369
	6.408699	51.85362
	6.408789	51.85354
	6.408815	51.85351
	6.408855	51.85346
	6.408905	51.85341
	6.40893	51.85337
	6.408953	51.85335
	6.408958	51.85323
	6.408956	51.85304
	6.408957	51.85292
	6.40896	51.85286
	6.408963	51.8528
	6.408973	51.85273
	6.408984	51.85268
	6.408999	51.8526
	6.40901	51.85257
	6.409033	51.85252
	6.409056	51.85249
	6.409087	51.85245
	6.40912	51.85241
	6.409169	51.85236
	6.409106	51.85232
	6.409072	51.8523
	6.409061	51.85229
	6.409042	51.85228
	6.40902	51.85227
	6.408985	51.85227
	6.408928	51.85225
	6.408889	51.85225
	6.408842	51.85224
	6.408773	51.85218
	6.408721	51.85213
	6.408692	51.8521
	6.40865	51.85207
	6.408578	51.85202
	6.408501	51.85196
	6.408408	51.85189
	6.408349	51.85184
	6.4083	51.8518
	6.408164	51.85168
	6.407946	51.85149
	6.407796	51.85135
	6.407546	51.85113
	6.407434	51.85103
	6.40727	51.85089
	6.407063	51.8507
	6.406846	51.85051
	6.40667	51.85036
	6.406498	51.85021
	6.406309	51.85004
	6.406183	51.84993
	6.40605	51.84982
	6.405988	51.84977
	6.405882	51.84968
	6.405791	51.84961
	6.405709	51.84954
	6.405672	51.84951
	6.405612	51.84946
	6.40554	51.84939
	6.405461	51.84932
	6.405401	51.84926
	6.405344	51.84922
	6.405281	51.84917
	6.405206	51.84911
	6.405194	51.8491
	6.405184	51.84908
	6.40516	51.84906
	6.40515	51.84903
	6.405139	51.84901
	6.405135	51.84899
	6.405034	51.84891
	6.404937	51.84883
	6.404859	51.84879
	6.404936	51.84874
	6.405036	51.84867
	6.405091	51.84862
	6.405141	51.84858
	6.40517	51.84855
	6.405191	51.84853
	6.405213	51.8485
	6.40524	51.84846
	6.405265	51.84841
	6.405293	51.84837
	6.405308	51.84834
	6.405321	51.84829
	6.40533	51.84825
	6.405334	51.84821
	6.405341	51.84816
	6.405341	51.84811
	6.405341	51.84807
	6.405335	51.84802
	6.405327	51.84797
	6.405309	51.84787
	6.4053	51.84782
	6.405281	51.84773
	6.405265	51.84764
	6.405255	51.84759
	6.405243	51.84755
	6.405228	51.84751
	6.405214	51.84747
	6.405201	51.84743
	6.405185	51.84739
	6.405162	51.84734
	6.405151	51.84731
	6.405122	51.84727
	6.405096	51.84724
	6.40507	51.84721
	6.405014	51.84715
	6.404965	51.84711
	6.404886	51.84704
	6.404775	51.84695
	6.404651	51.84684
	6.404539	51.84674
	6.404436	51.84666
	6.404382	51.84661
	6.404297	51.84655
	6.404164	51.84645
	6.404022	51.84633
	6.403937	51.84627
	6.403901	51.84624
	6.403862	51.84621
	6.403804	51.84616
	6.403739	51.84611
	6.403703	51.84608
	6.403651	51.84604
	6.403604	51.84601
	6.403575	51.84599
	6.403544	51.84597
	6.403513	51.84595
	6.403486	51.84594
	6.403443	51.84592
	6.403394	51.8459
	6.40336	51.84588
	6.403327	51.84587
	6.403296	51.84585
	6.403255	51.84583
	6.403231	51.84581
	6.403198	51.84579
	6.403174	51.84578
	6.403153	51.84576
	6.403133	51.84574
	6.403117	51.84571
	6.403102	51.84569
	6.403089	51.84567
	6.403075	51.84564
	6.403043	51.84558
	6.403015	51.84552
	6.402988	51.84547
	6.402953	51.84542
	6.402873	51.8453
	6.402793	51.84518
	6.40272	51.84507
	6.402599	51.84489
	6.402482	51.84472
	6.40241	51.84461
	6.402393	51.84458
	6.402381	51.84455
	6.402378	51.84454
	6.402377	51.8445
	6.402379	51.84447
	6.402378	51.84444
	6.402379	51.84437
	6.402382	51.84425
	6.402387	51.84411
	6.402393	51.84395
	6.402396	51.84381
	6.402402	51.84355
	6.402406	51.84343
	6.402406	51.84336
	6.402408	51.84333
	6.40241	51.8433
	6.40242	51.84328
	6.402426	51.84325
	6.402437	51.84322
	6.402457	51.8432
	6.40247	51.84317
	6.40249	51.84313
	6.402534	51.84307
	6.40258	51.84301
	6.40267	51.84288
	6.402766	51.84274
	6.402851	51.84262
	6.402923	51.84251
	6.402995	51.84241
	6.40301	51.84239
	6.403075	51.84229
	6.403136	51.8422
	6.403195	51.84212
	6.403227	51.84207
	6.403284	51.84199
	6.403322	51.84194
	6.403346	51.84191
	6.403375	51.84188
	6.403404	51.84185
	6.403462	51.84179
	6.403542	51.8417
	6.403594	51.84165
	6.403658	51.84159
	6.403692	51.84155
	6.403713	51.84154
	6.403806	51.84147
	6.403879	51.84141
	6.403983	51.84133
	6.404005	51.84131
	6.404022	51.8413
	6.404089	51.84121
	6.404152	51.84113
	6.404225	51.84103
	6.404292	51.84094
	6.404332	51.84088
	6.404354	51.84085
	6.404383	51.8408
	6.404405	51.84076
	6.404422	51.84073
	6.404443	51.84067
	6.404444	51.84067
	6.404463	51.84062
	6.404483	51.84057
	6.404516	51.8405
	6.404545	51.84043
	6.404561	51.84039
	6.404584	51.84035
	6.404607	51.84031
	6.404629	51.84027
	6.404663	51.84022
	6.404684	51.84019
	6.404695	51.84018
	6.404718	51.84015
	6.404742	51.84013
	6.40476	51.84012
	6.404812	51.84008
	6.404898	51.84002
	6.405005	51.83996
	6.405135	51.83987
	6.405196	51.83983
	6.405244	51.8398
	6.405327	51.83973
	6.405396	51.83968
	6.405435	51.83965
	6.405529	51.83955
	6.405588	51.83949
	6.405642	51.83943
	6.405742	51.83931
	6.405824	51.83922
	6.405937	51.83908
	6.406039	51.83895
	6.406105	51.83888
	6.406105	51.83887
	6.406109	51.83886
	6.406117	51.83885
	6.406127	51.83883
	6.406141	51.83882
	6.406159	51.8388
	6.406454	51.83865
	6.40659	51.83859
	6.406665	51.83855
	6.406725	51.83851
	6.406778	51.83846
	6.406791	51.83845
	6.406841	51.8384
	6.406885	51.83836
	6.406912	51.83833
	6.406942	51.83829
	6.407019	51.8382
	6.407169	51.83801
	6.407234	51.83793
	6.407309	51.83777
	6.407356	51.83767
	6.407394	51.8376
	6.407412	51.83756
	6.407427	51.83751
	6.407468	51.83742
	6.407482	51.83739
	6.407507	51.83733
	6.407525	51.8373
	6.407553	51.83725
	6.407641	51.83711
	6.407716	51.83699
	6.407727	51.83697
	6.407736	51.83695
	6.407761	51.83689
	6.407774	51.83686
	6.407799	51.8368
	6.407838	51.83669
	6.407873	51.83661
	6.407891	51.83656
	6.407904	51.83653
	6.40791	51.83649
	6.407939	51.83634
	6.407953	51.83627
	6.407963	51.83619
	6.407967	51.83615
	6.407971	51.83611
	6.407976	51.83606
	6.408041	51.83599
	6.408141	51.83589
	6.408089	51.83588
	6.407975	51.83585
	6.407885	51.83582
	6.407804	51.83581
	6.407722	51.83579
	6.407676	51.83577
	6.407632	51.83577
	6.407538	51.83575
	6.407418	51.83572
	6.407383	51.83572
	6.407339	51.83573
	6.407298	51.83574
	6.407251	51.83575
	6.407203	51.83576
	6.407153	51.83578
	6.407106	51.83579
	6.407061	51.8358
	6.407027	51.83581
	6.406957	51.83584
	6.406903	51.83586
	6.40684	51.83588
	6.406835	51.83588
	6.406827	51.83588
	6.40674	51.83591
	6.406641	51.83595
	6.406531	51.83598
	6.406479	51.836
	6.406455	51.836
	6.406422	51.83601
	6.406271	51.83602
	6.40613	51.83604
	6.406063	51.83605
	6.405945	51.83606
	6.405792	51.83608
	6.405654	51.8361
	6.405505	51.83611
	6.405218	51.83617
	6.405148	51.83619
	6.405014	51.83621
	6.404873	51.83623
	6.40476	51.83625
	6.404629	51.83627
	6.40453	51.83629
	6.404386	51.83632
	6.404285	51.83634
	6.404179	51.83636
	6.404112	51.83638
	6.403984	51.8364
	6.403925	51.83641
	6.403842	51.83644
	6.403736	51.83647
	6.403643	51.8365
	6.40354	51.83652
	6.403436	51.83654
	6.40334	51.83655
	6.403217	51.83658
	6.40314	51.83659
	6.40308	51.8366
	6.403053	51.8366
	6.403015	51.8366
	6.402992	51.8366
	6.402975	51.83659
	6.402958	51.83658
	6.402954	51.83656
	6.402954	51.83654
	6.402998	51.83646
	6.403035	51.8364
	6.403078	51.83633
	6.403152	51.83621
	6.403163	51.83619
	6.403224	51.83609
	6.40329	51.83598
	6.403331	51.83589
	6.403385	51.83578
	6.403439	51.83566
	6.403487	51.83556
	6.403541	51.83544
	6.403589	51.83534
	6.403627	51.83526
	6.403669	51.83516
	6.40372	51.83505
	6.403754	51.83497
	6.40379	51.83489
	6.403813	51.83483
	6.403838	51.83477
	6.403841	51.83476
	6.403864	51.83468
	6.403891	51.83462
	6.403899	51.83457
	6.403907	51.83453
	6.403919	51.83448
	6.40394	51.83442
	6.403958	51.83438
	6.403982	51.83433
	6.403997	51.8343
	6.40403	51.83425
	6.404073	51.83419
	6.404124	51.83411
	6.404204	51.83396
	6.404249	51.83388
	6.404276	51.83383
	6.404312	51.83377
	6.404384	51.83363
	6.404451	51.83349
	6.404502	51.83339
	6.404554	51.83329
	6.404635	51.83319
	6.404726	51.83307
	6.404774	51.83301
	6.404825	51.83294
	6.404884	51.83285
	6.404929	51.83279
	6.404952	51.83276
	6.404985	51.83271
	6.405019	51.83265
	6.405043	51.83261
	6.405077	51.83255
	6.405084	51.83254
	6.405137	51.83244
	6.40515	51.83241
	6.405173	51.83235
	6.405192	51.83231
	6.405214	51.83225
	6.405234	51.83221
	6.405242	51.83218
	6.405265	51.83209
	6.405271	51.83207
	6.405325	51.83197
	6.40537	51.83189
	6.405396	51.83185
	6.405441	51.83178
	6.405503	51.83169
	6.405598	51.83154
	6.405637	51.83147
	6.40568	51.8314
	6.405709	51.83135
	6.405713	51.83134
	6.405747	51.83128
	6.405771	51.83123
	6.405831	51.83112
	6.405871	51.83105
	6.405924	51.83098
	6.406035	51.83085
	6.40605	51.83082
	6.406083	51.83075
	6.406127	51.83066
	6.406194	51.83054
	6.406244	51.83045
	6.406289	51.83038
	6.406307	51.83035
	6.40634	51.8303
	6.406352	51.83027
	6.406357	51.83026
	6.406375	51.83022
	6.406403	51.83016
	6.406424	51.83011
	6.406444	51.83006
	6.406475	51.82997
	6.406513	51.82987
	6.406553	51.82976
	6.406567	51.82973
	6.406606	51.82966
	6.406682	51.82952
	6.406724	51.82945
	6.406739	51.82942
	6.406759	51.8294
	6.406796	51.82936
	6.406846	51.82931
	6.406896	51.82927
	6.406942	51.82922
	6.407002	51.82918
	6.407061	51.82914
	6.407135	51.82908
	6.407163	51.82906
	6.407176	51.82904
	6.407183	51.82902
	6.407187	51.82901
	6.407196	51.82897
	6.407199	51.82893
	6.407203	51.82889
	6.40721	51.82884
	6.407208	51.8288
	6.407202	51.82873
	6.407199	51.82869
	6.407208	51.82864
	6.407221	51.82859
	6.407234	51.82854
	6.407242	51.8285
	6.407259	51.82846
	6.407274	51.82843
	6.407323	51.82835
	6.40736	51.82831
	6.407385	51.82828
	6.407408	51.82824
	6.407431	51.8282
	6.407451	51.82817
	6.407488	51.8281
	6.407491	51.82809
	6.407305	51.82804
	6.407206	51.82802
	6.407029	51.82799
	6.406484	51.82791
	6.405747	51.8278
	6.405139	51.82771
	6.405061	51.8277
	6.404591	51.82764
	6.404213	51.82758
	6.404068	51.82756
	6.403876	51.82755
	6.403638	51.82753
	6.403422	51.82749
	6.40315	51.82747
	6.402842	51.82744
	6.402695	51.82743
	6.402538	51.82741
	6.402203	51.82735
	6.401934	51.82731
	6.401818	51.82726
	6.401707	51.82734
	6.401624	51.8274
	6.401492	51.82751
	6.401343	51.82763
	6.401235	51.82772
	6.401064	51.82784
	6.400925	51.82795
	6.400821	51.82802
	6.400578	51.82823
	6.400359	51.82842
	6.400289	51.82847
	6.400214	51.82853
	6.400133	51.82859
	6.400094	51.82862
	6.40004	51.82864
	6.399959	51.82868
	6.399918	51.82869
	6.399431	51.82886
	6.399304	51.8289
	6.399126	51.82897
	6.399007	51.82901
	6.398908	51.82904
	6.398784	51.8291
	6.398515	51.82922
	6.398094	51.8294
	6.397926	51.82948
	6.397791	51.82953
	6.397471	51.82966
	6.397349	51.82971
	6.397222	51.82976
	6.397097	51.82981
	6.396983	51.82986
	6.396895	51.82989
	6.396124	51.83014
	6.396098	51.83015
	6.396065	51.83016
	6.395987	51.83016
	6.395906	51.83017
	6.395748	51.83015
	6.395536	51.83011
	6.39533	51.83008
	6.395249	51.83008
	6.395142	51.83009
	6.39504	51.83014
	6.394726	51.83033
	6.394186	51.83066
	6.394089	51.8307
	6.394012	51.83073
	6.393948	51.83076
	6.39388	51.83079
	6.39377	51.83084
	6.393591	51.83091
	6.393513	51.83093
	6.393205	51.831
	6.39283	51.83109
	6.392798	51.83109
	6.392683	51.83113
	6.392581	51.83117
	6.392471	51.83123
	6.392408	51.83127
	6.392401	51.8313
	6.3924	51.83132
	6.392392	51.83137
	6.392394	51.83142
	6.392394	51.83147
	6.392388	51.83152
	6.392381	51.83159
	6.39237	51.83164
	6.392344	51.83171
	6.392316	51.83177
	6.39228	51.83183
	6.392262	51.83186
	6.392206	51.83196
	6.392172	51.832
	6.392134	51.83204
	6.392106	51.83208
	6.392081	51.8321
	6.392039	51.83215
	6.391986	51.83218
	6.391881	51.83225
	6.391819	51.83228
	6.391785	51.8323
	6.391693	51.83234
	6.391657	51.83236
	6.391638	51.83236
	6.391596	51.83237
	6.39154	51.83238
	6.391426	51.8324
	6.391287	51.83243
	6.391254	51.83243
	6.391213	51.83245
	6.391122	51.8325
	6.39103	51.83257
	6.390935	51.83264
	6.390851	51.83268
	6.390731	51.8327
	6.390612	51.83271
	6.390443	51.8327
	6.390322	51.83269
	6.390263	51.83268
	6.390109	51.83268
	6.390087	51.83269
	6.390062	51.8327
	6.390002	51.83274
	6.389933	51.83278
	6.389846	51.83285
	6.389761	51.83292
	6.389718	51.83295
	6.389686	51.83298
	6.389664	51.83299
	6.389653	51.83301
	6.389645	51.83303
	6.389641	51.83305
	6.389638	51.83309
	6.38964	51.83315
	6.389626	51.83318
	6.389608	51.83322
	6.389597	51.83323
	6.389567	51.83327
	6.389544	51.8333
	6.389412	51.83332
	6.389351	51.83334
	6.38923	51.83336
	6.389199	51.83337
	6.389182	51.83338
	6.389058	51.83341
	6.389032	51.83342
	6.388998	51.83343
	6.388849	51.83346
	6.388755	51.83349
	6.388704	51.8335
	6.388678	51.83351
	6.38863	51.83352
	6.388615	51.83353
	6.388506	51.83356
	6.388326	51.83362
	6.388288	51.83363
	6.388125	51.83368
	6.388069	51.83369
	6.388008	51.8337
	6.387972	51.8337
	6.387881	51.8337
	6.387773	51.8337
	6.387686	51.83369
	6.38764	51.8337
	6.387595	51.83371
	6.38749	51.83374
	6.387378	51.83377
	6.387247	51.83379
	6.386985	51.83385
	6.386851	51.83388
	6.386701	51.83392
	6.386582	51.83395
	6.38653	51.83395
	6.386482	51.83396
	6.38643	51.83397
	6.386379	51.83397
	6.386319	51.83397
	6.386208	51.83398
	6.386111	51.83398
	6.386019	51.83398
	6.385934	51.83398
	6.38586	51.83398
	6.385821	51.83398
	6.38578	51.83399
	6.38574	51.83399
	6.385706	51.834
	6.38565	51.83402
	6.385461	51.83408
	6.38531	51.83412
	6.385286	51.83413
	6.385262	51.83413
	6.385203	51.83413
	6.385152	51.83414
	6.38501	51.83414
	6.38486	51.83415
	6.384785	51.83415
	6.384727	51.83416
	6.384639	51.83416
	6.384612	51.83417
	6.384591	51.83416
	6.384528	51.83416
	6.384506	51.83416
	6.384486	51.83416
	6.384434	51.83417
	6.38431	51.83419
	6.384228	51.8342
	6.384161	51.8342
	6.3841	51.83421
	6.383905	51.83425
	6.383811	51.83426
	6.383714	51.83426
	6.383603	51.83427
	6.383565	51.83427
	6.383542	51.83427
	6.383376	51.8343
	6.383336	51.8343
	6.383318	51.8343
	6.383289	51.8343
	6.383241	51.8343
	6.383198	51.8343
	6.383116	51.83431
	6.383017	51.83432
	6.382965	51.83433
	6.382859	51.83436
	6.382778	51.83438
	6.382707	51.83441
	6.382649	51.83443
	6.382614	51.83444
	6.382585	51.83446
	6.382522	51.8345
	6.382507	51.83451
	6.382489	51.83454
	6.382411	51.83464
	6.38238	51.83468
	6.382359	51.83471
	6.382336	51.83473
	6.382315	51.83476
	6.382224	51.83478
	6.382137	51.83478
	6.382073	51.83478
	6.382007	51.83478
	6.381934	51.83478
	6.381886	51.83478
	6.381824	51.83478
	6.381749	51.83479
	6.381687	51.8348
	6.381621	51.83481
	6.381566	51.83481
	6.381516	51.83482
	6.381468	51.83483
	6.381394	51.83485
	6.3813	51.83486
	6.381264	51.83487
	6.381228	51.83487
	6.381142	51.83487
	6.381026	51.83487
	6.380894	51.83487
	6.38076	51.83488
	6.380695	51.83488
	6.380675	51.83488
	6.380509	51.8349
	6.380326	51.83491
	6.380142	51.83493
	6.379609	51.83496
	6.379333	51.83497
	6.379049	51.83499
	6.378946	51.835
	6.378869	51.835
	6.378801	51.835
	6.378734	51.835
	6.378693	51.835
	6.378499	51.83496
	6.378405	51.83495
	6.378349	51.83494
	6.378273	51.83494
	6.378224	51.83493
	6.378178	51.83493
	6.378121	51.83493
	6.378071	51.83494
	6.37787	51.83495
	6.377628	51.83495
	6.377271	51.83497
	6.376971	51.83498
	6.376801	51.83498
	6.376315	51.83494
	6.376309	51.83494
	6.376221	51.83494
	6.37597	51.83492
	6.375675	51.8349
	6.375464	51.83488
	6.375238	51.83486
	6.375122	51.83485
	6.375019	51.83486
	6.374827	51.83486
	6.374675	51.83485
	6.374615	51.83485
	6.374552	51.83485
	6.374462	51.83484
	6.374355	51.83483
	6.37423	51.83481
	6.374083	51.83479
	6.373976	51.83478
	6.37391	51.83478
	6.373892	51.83478
	6.373834	51.83477
	6.373705	51.83476
	6.373624	51.83475
	6.373538	51.83474
	6.373495	51.83473
	6.373438	51.83472
	6.373383	51.83471
	6.37329	51.83469
	6.373183	51.83467
	6.373102	51.83465
	6.372949	51.83462
	6.372844	51.8346
	6.372723	51.83457
	6.372594	51.83454
	6.372468	51.83452
	6.372312	51.83449
	6.372114	51.83444
	6.371952	51.83441
	6.371803	51.83437
	6.371706	51.83435
	6.371626	51.83432
	6.371507	51.83429
	6.371433	51.83427
	6.371371	51.83425
	6.371134	51.83416
	6.370873	51.83406
	6.370775	51.83402
	6.370695	51.83397
	6.370632	51.83394
	6.370582	51.83392
	6.370494	51.83389
	6.370408	51.83385
	6.370365	51.83384
	6.370262	51.8338
	6.370162	51.83377
	6.370087	51.83374
	6.370016	51.83372
	6.36997	51.8337
	6.369867	51.83365
	6.369758	51.83359
	6.369622	51.83353
	6.36954	51.83348
	6.369428	51.83343
	6.369376	51.8334
	6.369334	51.83338
	6.369295	51.83337
	6.369233	51.83335
	6.369145	51.83332
	6.369081	51.83331
	6.369037	51.83329
	6.368996	51.83328
	6.368931	51.83328
	6.368822	51.83326
	6.368723	51.83326
	6.368631	51.83326
	6.368547	51.83327
	6.368485	51.83327
	6.368424	51.83328
	6.368385	51.83329
	6.368314	51.8333
	6.368275	51.83331
	6.36818	51.83333
	6.368129	51.83335
	6.368062	51.83337
	6.368011	51.83338
	6.36796	51.8334
	6.3679	51.83342
	6.367812	51.83346
	6.367755	51.83348
	6.367703	51.8335
	6.36765	51.83352
	6.367553	51.83356
	6.36734	51.83364
	6.367082	51.83374
	6.366469	51.83397
	6.366107	51.83411
	6.365778	51.83423
	6.365404	51.83437
	6.365084	51.83449
	6.364569	51.83469
	6.364342	51.83477
	6.364174	51.83484
	6.364021	51.83489
	6.363845	51.83496
	6.363757	51.83499
	6.363696	51.83501
	6.3636	51.83505
	6.363528	51.83508
	6.363331	51.83516
	6.363289	51.83517
	6.363213	51.83521
	6.363158	51.83525
	6.36311	51.83528
	6.363059	51.83532
	6.363011	51.83536
	6.362969	51.8354
	6.362948	51.83543
	6.362928	51.83548
	6.3629	51.83553
	6.362882	51.83556
	6.362863	51.83561
	6.362851	51.83566
	6.362843	51.8357
	6.362845	51.83576
	6.362849	51.83582
	6.362865	51.83589
	6.362893	51.83599
	6.362937	51.83614
	6.36296	51.83621
	6.36298	51.83627
	6.362993	51.83629
	6.363027	51.83636
	6.363087	51.83646
	6.363132	51.83653
	6.363145	51.83655
	6.36321	51.83665
	6.363234	51.83669
	6.363249	51.83672
	6.363271	51.83676
	6.363305	51.83685
	6.363381	51.83702
	6.363482	51.83724
	6.363555	51.8374
	6.363643	51.83759
	6.363649	51.8376
	6.363774	51.83763
	6.363768	51.83763
	6.363765	51.83765
	6.363761	51.83767
	6.363837	51.83785
	6.363943	51.83809
	6.364003	51.83823
	6.364021	51.83827
	6.364035	51.83832
	6.364047	51.83835
	6.364057	51.83838
	6.364062	51.83841
	6.364061	51.83844
	6.364051	51.83849
	6.364046	51.83852
	6.364042	51.83855
	6.364028	51.83858
	6.364011	51.83862
	6.363978	51.8387
	6.36396	51.83875
	6.363929	51.83883
	6.363895	51.83891
	6.363863	51.839
	6.363834	51.83907
	6.363819	51.83911
	6.363803	51.83917
	6.363686	51.83956
	6.363617	51.83979
	6.36355	51.84001
	6.363538	51.84006
	6.363524	51.84009
	6.363498	51.84017
	6.363429	51.84035
	6.363359	51.84052
	6.363298	51.84067
	6.363271	51.84073
	6.363224	51.84086
	6.363132	51.84111
	6.363046	51.84135
	6.363001	51.84148
	6.362939	51.84166
	6.362914	51.84173
	6.362866	51.84188
	6.362827	51.84198
	6.362789	51.84209
	6.362765	51.84216
	6.362726	51.84228
	6.36269	51.84237
	6.362656	51.84246
	6.362618	51.84255
	6.362575	51.84264
	6.362516	51.84277
	6.362486	51.84284
	6.362467	51.84287
	6.362439	51.84292
	6.362388	51.84299
	6.362325	51.84308
	6.362272	51.84316
	6.362155	51.84333
	6.362103	51.84341
	6.361987	51.84357
	6.361962	51.84361
	6.361934	51.84364
	6.36189	51.84369
	6.361834	51.84375
	6.361758	51.84383
	6.361708	51.84389
	6.361644	51.84396
	6.361586	51.84402
	6.361538	51.84409
	6.361472	51.84418
	6.361328	51.84437
	6.361206	51.84453
	6.361137	51.84463
	6.361105	51.84468
	6.36106	51.84475
	6.361011	51.84484
	6.36096	51.84493
	6.360915	51.84501
	6.360886	51.84506
	6.360871	51.84508
	6.360843	51.84512
	6.360824	51.84514
	6.36078	51.84519
	6.36072	51.84526
	6.360649	51.84535
	6.360555	51.84547
	6.360493	51.84554
	6.360466	51.84557
	6.360396	51.84566
	6.360353	51.8457
	6.360258	51.8458
	6.360205	51.84585
	6.360132	51.84591
	6.36005	51.84599
	6.360004	51.84603
	6.359965	51.84606
	6.359899	51.84611
	6.359828	51.84617
	6.359727	51.84624
	6.359664	51.84629
	6.35959	51.84635
	6.359545	51.84638
	6.359495	51.84642
	6.359434	51.84646
	6.359345	51.84652
	6.359273	51.84657
	6.359117	51.84667
	6.358916	51.84681
	6.358746	51.84692
	6.358583	51.84702
	6.358471	51.8471
	6.358338	51.84719
	6.358287	51.84722
	6.358252	51.84724
	6.358185	51.84728
	6.358114	51.84732
	6.358034	51.84736
	6.357979	51.84739
	6.357928	51.84741
	6.357839	51.84745
	6.357713	51.8475
	6.357611	51.84754
	6.357513	51.84758
	6.357432	51.84761
	6.357328	51.84765
	6.357161	51.84771
	6.356736	51.84787
	6.356449	51.84797
	6.356192	51.84807
	6.35603	51.84813
	6.355978	51.84815
	6.355901	51.84817
	6.355781	51.84821
	6.355615	51.84826
	6.355343	51.84834
	6.355037	51.84843
	6.354919	51.84847
	6.354538	51.84858
	6.354283	51.84866
	6.354103	51.84872
	6.354016	51.84874
	6.353888	51.84878
	6.353839	51.84879
	6.353739	51.84882
	6.353665	51.84885
	6.35359	51.84888
	6.353531	51.8489
	6.353428	51.84893
	6.353294	51.84898
	6.353159	51.84903
	6.353012	51.84908
	6.352852	51.84914
	6.352656	51.8492
	6.352456	51.84928
	6.352345	51.84931
	6.35227	51.84934
	6.352202	51.84937
	6.352168	51.84938
	6.352136	51.84939
	6.35209	51.8494
	6.35204	51.84941
	6.351888	51.84944
	6.351729	51.84946
	6.351419	51.84951
	6.35109	51.84957
	6.350949	51.84959
	6.350861	51.8496
	6.350789	51.84962
	6.350731	51.84963
	6.350551	51.84967
	6.350287	51.84973
	6.34969	51.84987
	6.349379	51.84994
	6.349032	51.85001
	6.34892	51.85004
	6.34882	51.85006
	6.348782	51.85007
	6.348729	51.85009
	6.348688	51.8501
	6.348686	51.8501
	6.348665	51.85011
	6.348598	51.85013
	6.348487	51.85017
	6.348377	51.85022
	6.348179	51.85029
	6.347986	51.85037
	6.34775	51.85047
	6.347547	51.85055
	6.347436	51.8506
	6.347369	51.85063
	6.347332	51.85064
	6.347304	51.85065
	6.347257	51.85066
	6.347207	51.85068
	6.347107	51.85069
	6.346948	51.85072
	6.346833	51.85073
	6.346709	51.85075
	6.346555	51.85077
	6.346043	51.85084
	6.345827	51.85087
	6.345654	51.85089
	6.345529	51.85091
	6.345363	51.85093
	6.34518	51.85096
	6.345037	51.85097
	6.344869	51.85098
	6.34479	51.85099
	6.344713	51.85099
	6.34464	51.85099
	6.344472	51.851
	6.344237	51.85101
	6.344064	51.85102
	6.343885	51.85103
	6.343754	51.85103
	6.343658	51.85104
	6.343593	51.85104
	6.34348	51.85105
	6.343444	51.85105
	6.343419	51.85105
	6.34339	51.85105
	6.343356	51.85104
	6.343312	51.85104
	6.343282	51.85104
	6.343254	51.85104
	6.343223	51.85104
	6.343197	51.85104
	6.343165	51.85104
	6.343108	51.85103
	6.342948	51.851
	6.342788	51.85098
	6.342597	51.85094
	6.342469	51.85093
	6.342374	51.85091
	6.342361	51.85091
	6.342247	51.8509
	6.342046	51.85088
	6.341821	51.85086
	6.341743	51.85085
	6.341663	51.85084
	6.34153	51.85084
	6.341334	51.85082
	6.341152	51.85081
	6.340984	51.85079
	6.340849	51.85079
	6.340592	51.85077
	6.340282	51.85076
	6.340108	51.85075
	6.34004	51.85074
	6.339969	51.85074
	6.339885	51.85074
	6.339777	51.85074
	6.339701	51.85073
	6.339649	51.85073
	6.339561	51.85074
	6.339496	51.85074
	6.339457	51.85074
	6.339422	51.85074
	6.339391	51.85074
	6.339341	51.85075
	6.339217	51.85076
	6.339199	51.85076
	6.339098	51.85078
	6.339011	51.8508
	6.338869	51.85084
	6.338713	51.85087
	6.338458	51.85092
	6.338309	51.85096
	6.33824	51.85097
	6.338137	51.85099
	6.338098	51.851
	6.338065	51.85101
	6.338035	51.85101
	6.337994	51.85102
	6.337954	51.85102
	6.3379	51.85103
	6.337713	51.85106
	6.337471	51.85109
	6.337198	51.85112
	6.336917	51.85115
	6.336585	51.85119
	6.336236	51.85123
	6.335967	51.85126
	6.335775	51.85128
	6.33554	51.85131
	6.335187	51.85136
	6.33482	51.8514
	6.334489	51.85144
	6.334146	51.85149
	6.333905	51.85151
	6.333821	51.85153
	6.333698	51.85154
	6.333576	51.85155
	6.333491	51.85156
	6.333412	51.85157
	6.333331	51.85158
	6.333267	51.85158
	6.333184	51.85159
	6.333141	51.85159
	6.333026	51.85159
	6.332833	51.85159
	6.332638	51.85159
	6.332276	51.8516
	6.331856	51.8516
	6.331586	51.8516
	6.331135	51.85161
	6.330628	51.85161
	6.330184	51.85162
	6.330005	51.85162
	6.329784	51.85162
	6.329453	51.85162
	6.329257	51.85163
	6.329085	51.85163
	6.328997	51.85163
	6.328904	51.85163
	6.328787	51.85163
	6.328609	51.85163
	6.328273	51.85162
	6.328032	51.85162
	6.327888	51.85162
	6.327785	51.85162
	6.327605	51.85162
	6.327541	51.85162
	6.327354	51.85162
	6.32722	51.85162
	6.327062	51.85162
	6.326856	51.85162
	6.326706	51.85161
	6.326546	51.85161
	6.326435	51.8516
	6.326343	51.8516
	6.326235	51.85159
	6.326148	51.85159
	6.326052	51.85158
	6.325944	51.85157
	6.325834	51.85156
	6.325583	51.85154
	6.325531	51.85153
	6.325469	51.85152
	6.32541	51.85152
	6.325353	51.85151
	6.325304	51.8515
	6.325248	51.85149
	6.325157	51.85148
	6.325068	51.85146
	6.324906	51.85144
	6.324842	51.85143
	6.324791	51.85142
	6.324747	51.85142
	6.324692	51.85141
	6.324631	51.85141
	6.324581	51.85141
	6.324513	51.85141
	6.324422	51.85141
	6.324314	51.85141
	6.324211	51.85141
	6.324105	51.85141
	6.323996	51.85142
	6.323919	51.85142
	6.323844	51.85143
	6.323753	51.85144
	6.323634	51.85145
	6.323506	51.85146
	6.323443	51.85147
	6.323318	51.85148
	6.323194	51.8515
	6.323108	51.8515
	6.322999	51.85151
	6.322869	51.85152
	6.322718	51.85154
	6.322597	51.85155
	6.322488	51.85155
	6.322425	51.85156
	6.32224	51.85157
	6.322056	51.85159
	6.32187	51.8516
	6.321573	51.85163
	6.321364	51.85164
	6.321248	51.85165
	6.321176	51.85166
	6.321053	51.85166
	6.320959	51.85167
	6.320871	51.85168
	6.320813	51.85168
	6.320696	51.85168
	6.320603	51.85168
	6.320504	51.85168
	6.320427	51.85168
	6.320362	51.85168
	6.320227	51.85167
	6.320106	51.85166
	6.319996	51.85166
	6.319782	51.85165
	6.319604	51.85164
	6.319452	51.85163
	6.319322	51.85162
	6.31923	51.85162
	6.319181	51.85162
	6.319113	51.8516
	6.319074	51.8516
	6.31904	51.85159
	6.319007	51.85158
	6.318951	51.85156
	6.318862	51.85154
	6.318735	51.8515
	6.318536	51.85145
	6.318382	51.8514
	6.31824	51.85136
	6.318059	51.85131
	6.317926	51.85127
	6.317813	51.85124
	6.317741	51.85122
	6.31766	51.85119
	6.317606	51.85118
	6.317559	51.85117
	6.317502	51.85116
	6.317439	51.85114
	6.317371	51.85113
	6.317316	51.85112
	6.317222	51.85111
	6.317127	51.85109
	6.317047	51.85108
	6.317005	51.85107
	6.316839	51.85105
	6.31669	51.85102
	6.316577	51.85101
	6.316467	51.85099
	6.316331	51.85097
	6.316239	51.85095
	6.316152	51.85094
	6.316088	51.85093
	6.315953	51.8509
	6.315664	51.85085
	6.315307	51.85079
	6.314998	51.85073
	6.314712	51.85068
	6.314556	51.85065
	6.314413	51.85062
	6.314345	51.85061
	6.314247	51.85059
	6.314111	51.85057
	6.314035	51.85055
	6.313998	51.85055
	6.313927	51.85053
	6.313854	51.85052
	6.313516	51.85046
	6.313315	51.85042
	6.313113	51.85038
	6.312924	51.85035
	6.312665	51.8503
	6.312568	51.85029
	6.312509	51.85028
	6.312467	51.85027
	6.312429	51.85027
	6.312402	51.85026
	6.31234	51.85026
	6.312281	51.85026
	6.312208	51.85026
	6.312155	51.85026
	6.312095	51.85027
	6.312039	51.85027
	6.311994	51.85028
	6.311915	51.85029
	6.311799	51.85031
	6.311681	51.85032
	6.311608	51.85033
	6.311564	51.85034
	6.31153	51.85034
	6.311469	51.85034
	6.311425	51.85034
	6.311338	51.85035
	6.311267	51.85034
	6.311181	51.85034
	6.311128	51.85034
	6.311057	51.85033
	6.311004	51.85032
	6.310608	51.85026
	6.310296	51.85021
	6.309961	51.85015
	6.309652	51.8501
	6.309369	51.85005
	6.30921	51.85002
	6.309145	51.85001
	6.309026	51.84999
	6.308926	51.84997
	6.308687	51.84991
	6.308571	51.84989
	6.308494	51.84986
	6.308403	51.84984
	6.308335	51.84983
	6.308243	51.8498
	6.308134	51.84977
	6.308008	51.84973
	6.307898	51.8497
	6.307749	51.84965
	6.307673	51.84962
	6.307568	51.84959
	6.307447	51.84954
	6.307298	51.84949
	6.307181	51.84944
	6.307048	51.84939
	6.306908	51.84934
	6.306756	51.84928
	6.306626	51.84923
	6.30654	51.8492
	6.306428	51.84916
	6.306311	51.84911
	6.306254	51.8491
	6.306203	51.84908
	6.306164	51.84916
	6.306034	51.84944
	6.305953	51.84961
	6.305867	51.84982
	6.305715	51.85017
	6.305649	51.85031
	6.305555	51.85053
	6.305424	51.85086
	6.305293	51.85119
	6.305192	51.85144
	6.305247	51.85145
	6.305222	51.85152
	6.30517	51.85151
	6.305128	51.8516
	6.304922	51.85205
	6.30483	51.85225
	6.30473	51.85246
	6.304667	51.85261
	6.304644	51.85266
	6.304622	51.85273
	6.304593	51.85281
	6.304572	51.85288
	6.304561	51.8529
	6.304555	51.85291
	6.304539	51.85293
	6.304489	51.85298
	6.304421	51.85304
	6.304386	51.85307
	6.304361	51.85309
	6.304267	51.85316
	6.303922	51.85341
	6.303788	51.85353
	6.303777	51.85354
	6.303767	51.85356
	6.303759	51.85357
	6.303738	51.85362
	6.303725	51.85365
	6.303701	51.8537
	6.303672	51.85376
	6.303636	51.85384
	6.303503	51.85415
	6.303354	51.8545
	6.303213	51.85483
	6.303143	51.85499
	6.302991	51.85534
	6.302806	51.85576
	6.302614	51.85621
	6.302479	51.85653
	6.302423	51.85669
	6.302416	51.85671
	6.302415	51.85673
	6.302421	51.85674
	6.302434	51.85676
	6.302441	51.85677
	6.302455	51.85678
	6.302478	51.85679
	6.302493	51.8568
	6.302546	51.85682
	6.302691	51.85687
	6.302848	51.85692
	6.302813	51.857
	6.302664	51.85734
	6.302466	51.85777
	6.302214	51.85832
	6.302054	51.85869
	6.301833	51.85921
	6.301757	51.85941
	6.301756	51.85941
	6.301709	51.85952
	6.301628	51.85973
	6.301445	51.86018
	6.301396	51.86029
	6.301333	51.86044
	6.301255	51.86063
	6.301198	51.86077
	6.301131	51.86093
	6.301043	51.86116
	6.300683	51.86204
	6.30066	51.86212
	6.300654	51.86216
	6.300644	51.86226
	6.300636	51.86231
	6.300636	51.86234
	6.300635	51.86237
	6.300628	51.86247
	6.300615	51.86266
	6.300605	51.86281
	6.300592	51.86297
	6.300582	51.86313
	6.300571	51.86335
	6.300531	51.864
	6.300514	51.86428
	6.300504	51.86451
	6.300454	51.86454
	6.300434	51.86455
	6.300399	51.86456
	6.300328	51.86457
	6.30017	51.8646
	6.300055	51.86463
	6.299952	51.86466
	6.299802	51.86471
	6.299647	51.86476
	6.299463	51.86484
	6.299437	51.86485
	6.299144	51.86498
	6.299061	51.86502
	6.298949	51.86507
	6.298853	51.86511
	6.298783	51.86515
	6.298762	51.86516
	6.298729	51.86518
	6.298697	51.86521
	6.298672	51.86524
	6.298645	51.86527
	6.298627	51.8653
	6.298528	51.86545
	6.298505	51.86548
	6.29838	51.86569
	6.298309	51.8658
	6.298222	51.86594
	6.298217	51.86598
	6.298219	51.86604
	6.298229	51.86607
	6.298236	51.86609
	6.29826	51.86614
	6.298289	51.8662
	6.298367	51.86633
	6.298532	51.86653
	6.29871	51.86673
	6.298835	51.86687
	6.298924	51.86696
	6.299067	51.86711
	6.299084	51.86714
	6.299096	51.86717
	6.299097	51.8672
	6.299085	51.86725
	6.299072	51.86729
	6.299029	51.86752
	6.299005	51.86782
	6.299006	51.86783
	6.298932	51.86777
	6.298307	51.8678
	6.296339	51.86811
	6.295717	51.86824
	6.29501	51.86852
	6.294591	51.86874
	6.294114	51.86906
	6.293241	51.86937
	6.293252	51.86941
	6.292555	51.86966
	6.292201	51.86977
	6.29206	51.86984
	6.291706	51.87006
	6.290887	51.87036
	6.29018	51.87063
	6.289765	51.87076
	6.289476	51.87091
	6.288731	51.87125
	6.28829	51.87142
	6.287955	51.87153
	6.287619	51.87163
	6.287244	51.87171
	6.286488	51.87184
	6.285273	51.872
	6.284918	51.87202
	6.284267	51.87202
	6.283993	51.87205
	6.283477	51.87215
	6.283381	51.8722
	6.283289	51.87226
	6.283218	51.87234
	6.282222	51.87307
	6.282094	51.87313
	6.282051	51.87315
	6.280446	51.87389
	6.280163	51.87399
	6.279907	51.87407
	6.279731	51.87411
	6.279429	51.87416
	6.278886	51.87424
	6.278284	51.87436
	6.277764	51.87436
	6.277503	51.87441
	6.276965	51.8745
	6.276415	51.87457
	6.275823	51.87461
	6.275327	51.87465
	6.274512	51.8747
	6.273672	51.87471
	6.273024	51.87471
	6.272696	51.87471
	6.272494	51.87469
	6.272403	51.87467
	6.271684	51.87458
	6.27138	51.87453
	6.270972	51.87445
	6.270546	51.8743
	6.269827	51.87409
	6.269569	51.874
	6.269366	51.87392
	6.269192	51.8738
	6.268953	51.8736
	6.268764	51.87342
	6.268787	51.87337
	6.268616	51.87323
	6.268521	51.87316
	6.267543	51.8722
	6.266902	51.87156
	6.266112	51.87078
	6.265429	51.87008
	6.26533	51.86999
	6.265251	51.86995
	6.264329	51.86943
	6.264015	51.8693
	6.263725	51.86913
	6.263312	51.86889
	6.262971	51.86867
	6.262623	51.86846
	6.262223	51.86824
	6.261842	51.86814
	6.261663	51.86813
	6.260959	51.86817
	6.260576	51.8682
	6.260045	51.86823
	6.259544	51.86821
	6.259284	51.86819
	6.259011	51.8682
	6.258493	51.86828
	6.258164	51.8683
	6.257539	51.86834
	6.257321	51.86836
	6.256656	51.86844
	6.256414	51.86847
	6.256099	51.86851
	6.255669	51.86858
	6.255425	51.86861
	6.25537	51.86862
	6.255067	51.86866
	6.254983	51.86867
	6.25463	51.86871
	6.253565	51.86882
	6.252652	51.86892
	6.252289	51.86897
	6.251245	51.86913
	6.250423	51.86925
	6.250048	51.8693
	6.249097	51.86939
	6.249081	51.8694
	6.248833	51.86942
	6.24843	51.86947
	6.247735	51.86961
	6.247716	51.86961
	6.247573	51.86963
	6.247535	51.86964
	6.247346	51.86969
	6.246619	51.86991
	6.246295	51.86995
	6.246003	51.86993
	6.245873	51.86991
	6.245149	51.86979
	6.244715	51.86971
	6.244179	51.86961
	6.243881	51.86953
	6.242823	51.86925
	6.242341	51.86911
	6.242125	51.86901
	6.242003	51.86898
	6.241827	51.86897
	6.241811	51.86897
	6.241378	51.86901
	6.24094	51.86909
	6.240617	51.86917
	6.240401	51.86916
	6.239819	51.8691
	6.239374	51.8691
	6.238688	51.86921
	6.238504	51.86925
	6.237443	51.86949
	6.237294	51.86952
	6.237108	51.86956
	6.23684	51.86966
	6.236548	51.86976
	6.236144	51.86985
	6.23583	51.86989
	6.235579	51.86989
	6.235348	51.86989
	6.235189	51.86991
	6.234703	51.87003
	6.233855	51.87019
	6.233737	51.8702
	6.233554	51.87019
	6.232721	51.87007
	6.231166	51.86982
	6.230411	51.8697
	6.228371	51.86934
	6.227194	51.86911
	6.227186	51.86911
	6.227157	51.86918
	6.22712	51.86917
	6.227046	51.86916
	6.227056	51.86913
	6.227066	51.86914
	6.227079	51.86909
	6.226606	51.86901
	6.22558	51.86878
	6.225287	51.8687
	6.224978	51.86862
	6.224633	51.86854
	6.224363	51.86852
	6.223934	51.86851
	6.223553	51.86851
	6.223327	51.86851
	6.222467	51.86845
	6.221424	51.86833
	6.220749	51.86826
	6.220194	51.86821
	6.219798	51.86816
	6.219411	51.8681
	6.218963	51.86802
	6.218052	51.86791
	6.217585	51.86786
	6.217273	51.86784
	6.216539	51.86781
	6.216153	51.8678
	6.215826	51.86779
	6.215676	51.86778
	6.215481	51.86774
	6.215115	51.86764
	6.215057	51.86763
	6.214989	51.86765
	6.214928	51.86766
	6.214806	51.8677
	6.214335	51.86782
	6.214172	51.86787
	6.212862	51.86824
	6.211388	51.86865
	6.210397	51.86895
	6.210395	51.86896
	6.210177	51.86902
	6.209982	51.86909
	6.208144	51.86969
	6.207952	51.86975
	6.206698	51.87018
	6.206551	51.87024
	6.206008	51.87044
	6.205709	51.87055
	6.205473	51.87063
	6.204233	51.8711
	6.203017	51.87157
	6.202509	51.87178
	6.20182	51.87206
	6.200632	51.87256
	6.199458	51.87308
	6.198301	51.87361
	6.198024	51.87374
	6.197164	51.87415
	6.197069	51.8742
	6.197043	51.87421
	6.196038	51.8747
	6.195325	51.87507
	6.194925	51.87527
	6.193835	51.87585
	6.193413	51.87608
	6.193036	51.87629
	6.192889	51.87637
	6.19276	51.87644
	6.191701	51.87704
	6.191452	51.87719
	6.19131	51.87727
	6.191216	51.87732
	6.191181	51.87734
	6.190663	51.87765
	6.18964	51.87828
	6.188634	51.87892
	6.187649	51.87956
	6.187296	51.87981
	6.187209	51.87986
	6.186681	51.88022
	6.185998	51.88071
	6.185733	51.88089
	6.184799	51.88157
	6.184203	51.88203
	6.183894	51.88226
	6.183549	51.88253
	6.183485	51.88283
	6.18346	51.88294
	6.183464	51.88295
	6.183618	51.88325
	6.183277	51.88359
	6.182618	51.88453
	6.182298	51.88499
	6.182288	51.885
	6.18201	51.88578
	6.183337	51.88614
	6.183982	51.88631
	6.184	51.88631
	6.184664	51.88649
	6.18599	51.88685
	6.186107	51.88686
	6.188211	51.88707
	6.190508	51.88728
	6.191428	51.88735
	6.191422	51.88738
	6.191419	51.8874
	6.1914	51.88741
	6.19062	51.88796
	6.190076	51.88839
	6.189843	51.8886
	6.189604	51.88879
	6.189516	51.88894
	6.189849	51.88963
	6.189863	51.88966
	6.19058	51.89049
	6.191217	51.89111
	6.191315	51.89121
	6.191085	51.89166
	6.190319	51.89177
	6.189774	51.89185
	6.188638	51.89202
	6.187702	51.89216
	6.187468	51.89219
	6.187251	51.89223
	6.187129	51.89227
	6.187125	51.89227
	6.187115	51.89228
	6.187037	51.89231
	6.186831	51.89238
	6.186826	51.89238
	6.186209	51.8926
	6.186191	51.8926
	6.186166	51.89261
	6.185359	51.89289
	6.185189	51.89295
	6.185174	51.89297
	6.185169	51.89298
	6.185165	51.89299
	6.185158	51.893
	6.184382	51.89336
	6.184243	51.89342
	6.183822	51.89353
	6.183678	51.89357
	6.183222	51.89371
	6.182558	51.89391
	6.182707	51.89416
	6.180716	51.89526
	6.17944	51.89597
	6.178602	51.89642
	6.178588	51.89643
	6.178538	51.89645
	6.178512	51.89647
	6.178071	51.89671
	6.17737	51.89709
	6.177366	51.89709
	6.176875	51.89737
	6.176835	51.89739
	6.176246	51.89771
	6.176231	51.89772
	6.17573	51.89799
	6.174635	51.89859
	6.174625	51.8986
	6.174491	51.89867
	6.174489	51.89867
	6.173401	51.89928
	6.173393	51.89928
	6.172238	51.89993
	6.171004	51.90061
	6.170484	51.90089
	6.169769	51.90129
	6.169061	51.9009
	6.17194	51.90884
	6.180844	51.91982
	6.186461	51.92869
	6.17509	51.939
	6.170844	51.9509
	6.176247	51.96259
	6.187677	51.96951
	6.195039	51.983
	6.191164	51.99862
	6.188839	52.00995
	6.192908	52.02069
	6.189033	52.03606
	6.177409	52.05227
	6.169078	52.06204
	6.165785	52.07466
	6.169639	52.07735
	6.171899	52.08127
	6.172653	52.08564
	6.174776	52.09006
	6.178749	52.09149
	6.184228	52.09124
	6.190599	52.09137
	6.195736	52.09259
	6.20053	52.09393
	6.205941	52.09318
	6.209846	52.09225
	6.213887	52.09414
	6.21738	52.09679
	6.218613	52.09974
	6.217517	52.10479
	6.215599	52.10836
	6.213202	52.11102
	6.209914	52.11295
	6.201969	52.11413
	6.194297	52.11413
	6.188544	52.11514
	6.187037	52.11682
	6.185735	52.11884
	6.185324	52.12313
	6.187037	52.12599
	6.189503	52.12885
	6.191147	52.13196
	6.191489	52.13515
	6.190599	52.13936
	6.188681	52.14268
	6.185941	52.1468
	6.183064	52.15054
	6.181626	52.15281
	6.182037	52.15537
	6.184365	52.15936
	6.185187	52.16273
	6.187996	52.16546
	6.191489	52.16781
	6.19327	52.17037
	6.194297	52.17411
	6.19327	52.17718
	6.189845	52.17957
	6.183749	52.18049
	6.179708	52.18175
	6.174776	52.18562
	6.169776	52.18902
	6.166557	52.18982
	6.16231	52.18936
	6.158543	52.19015
	6.156419	52.19276
	6.156008	52.19553
	6.156625	52.19817
	6.158954	52.20036
	6.162173	52.20132
	6.167516	52.20094
	6.174023	52.20145
	6.178269	52.20308
	6.183543	52.2043
	6.188064	52.20682
	6.190461	52.20913
	6.191215	52.21207
	6.190461	52.21542
	6.18827	52.21815
	6.183407	52.22075
	6.180598	52.22306
	6.17779	52.22461
	6.173543	52.22608
	6.169707	52.22919
	6.166269	52.23101
END
END
