Poland_Lower Silesian Voivodeship
1
	14.9745	51.36404
	14.98272	51.36322
	14.99054	51.36381
	14.99806	51.364
	15.00765	51.36438
	15.009	51.36461
	15.01229	51.36354
	15.01241	51.3649
	15.01292	51.36743
	15.0118	51.36932
	15.00913	51.373
	15.01339	51.38435
	15.01837	51.38643
	15.01768	51.3934
	15.02495	51.39305
	15.03436	51.39379
	15.05889	51.3968
	15.06345	51.39674
	15.06754	51.39631
	15.07093	51.39676
	15.07587	51.39982
	15.0789	51.40323
	15.0827	51.40779
	15.08283	51.4092
	15.08265	51.41423
	15.08253	51.41549
	15.08295	51.41714
	15.08316	51.41755
	15.08288	51.41847
	15.08351	51.41922
	15.0843	51.41973
	15.08521	51.42049
	15.08489	51.42122
	15.08494	51.42188
	15.08536	51.42228
	15.08486	51.42292
	15.08481	51.42312
	15.08462	51.42443
	15.08526	51.42521
	15.08564	51.42534
	15.08622	51.42551
	15.0868	51.42585
	15.08736	51.42588
	15.08774	51.42685
	15.08924	51.42785
	15.09311	51.42941
	15.09562	51.42538
	15.10758	51.42776
	15.10803	51.42888
	15.11864	51.43172
	15.11984	51.4334
	15.12096	51.43406
	15.12408	51.43451
	15.12557	51.43483
	15.12766	51.43568
	15.12811	51.43637
	15.12834	51.43697
	15.12917	51.43763
	15.12979	51.43794
	15.13147	51.43818
	15.13205	51.43846
	15.13768	51.43951
	15.13922	51.44028
	15.14528	51.44064
	15.14727	51.44163
	15.14996	51.44217
	15.15189	51.44335
	15.15299	51.44596
	15.15805	51.44876
	15.18564	51.46316
	15.19646	51.46225
	15.19869	51.46187
	15.20266	51.46303
	15.20277	51.46125
	15.20333	51.45964
	15.2036	51.45751
	15.20321	51.45713
	15.2029	51.45703
	15.20266	51.45684
	15.20225	51.45678
	15.20199	51.45653
	15.20194	51.45634
	15.20147	51.45599
	15.20136	51.45585
	15.20139	51.45571
	15.20159	51.45562
	15.20175	51.45537
	15.20166	51.45508
	15.2019	51.45487
	15.20275	51.45351
	15.20233	51.45292
	15.20218	51.45191
	15.20154	51.45163
	15.20099	51.45103
	15.20092	51.45088
	15.20121	51.45044
	15.20048	51.44979
	15.20034	51.44957
	15.20007	51.44958
	15.19988	51.44937
	15.20046	51.44911
	15.20148	51.44889
	15.2015	51.4488
	15.20123	51.44861
	15.20066	51.44853
	15.20025	51.44818
	15.20027	51.44793
	15.20108	51.44731
	15.20086	51.44663
	15.20085	51.44622
	15.20092	51.44612
	15.20093	51.44606
	15.20576	51.44489
	15.20842	51.44432
	15.20997	51.4441
	15.21092	51.44414
	15.21209	51.44448
	15.21375	51.44474
	15.22904	51.44516
	15.23698	51.4462
	15.25653	51.44492
	15.26002	51.44384
	15.26208	51.44399
	15.2649	51.4422
	15.268	51.44138
	15.26837	51.4402
	15.27007	51.43893
	15.27236	51.43799
	15.27252	51.4364
	15.27174	51.43549
	15.27261	51.43286
	15.27511	51.43008
	15.27552	51.4298
	15.27572	51.42982
	15.27686	51.42984
	15.27769	51.42978
	15.27805	51.42999
	15.27828	51.43001
	15.2785	51.42971
	15.28351	51.43035
	15.28754	51.43085
	15.28779	51.43089
	15.28962	51.43135
	15.28973	51.43137
	15.28923	51.42935
	15.28985	51.42895
	15.28997	51.42886
	15.29018	51.42854
	15.29031	51.42793
	15.29048	51.42764
	15.29058	51.42761
	15.29069	51.42723
	15.29084	51.42713
	15.29087	51.42701
	15.29114	51.42661
	15.29173	51.42651
	15.29192	51.42625
	15.29196	51.42605
	15.29196	51.4259
	15.29181	51.42498
	15.29184	51.4248
	15.29186	51.42415
	15.29242	51.42362
	15.29255	51.42333
	15.29282	51.42312
	15.29833	51.42009
	15.30498	51.41917
	15.30764	51.41877
	15.30917	51.41838
	15.31206	51.41768
	15.31519	51.41767
	15.31722	51.41558
	15.31838	51.41468
	15.3183	51.4146
	15.31829	51.41282
	15.31883	51.41266
	15.31971	51.41226
	15.3211	51.41085
	15.3213	51.40946
	15.32145	51.40887
	15.32159	51.40881
	15.32147	51.40842
	15.32165	51.4083
	15.32285	51.40824
	15.32336	51.40816
	15.32388	51.40798
	15.32513	51.40775
	15.32619	51.40762
	15.32738	51.40775
	15.32854	51.40846
	15.32869	51.40853
	15.32894	51.40864
	15.32992	51.40896
	15.33033	51.40912
	15.33115	51.40935
	15.33188	51.40953
	15.33299	51.40975
	15.33366	51.4099
	15.3319	51.41158
	15.33062	51.41241
	15.33048	51.41253
	15.32943	51.41353
	15.32794	51.41449
	15.32704	51.4165
	15.32601	51.41739
	15.3258	51.41771
	15.32503	51.41828
	15.32453	51.41835
	15.32493	51.4185
	15.32554	51.41896
	15.32607	51.41947
	15.32661	51.4199
	15.32798	51.42141
	15.3284	51.422
	15.3287	51.42292
	15.32861	51.42354
	15.32856	51.42378
	15.32847	51.42409
	15.32811	51.42482
	15.32792	51.42575
	15.32788	51.42637
	15.32796	51.4265
	15.32798	51.42697
	15.32811	51.42752
	15.32812	51.4277
	15.32806	51.42822
	15.32811	51.4286
	15.32813	51.4291
	15.32837	51.42956
	15.33021	51.43141
	15.33194	51.43333
	15.33319	51.43453
	15.33349	51.4348
	15.3353	51.43689
	15.33582	51.43784
	15.33676	51.43909
	15.33743	51.44048
	15.33815	51.44171
	15.33835	51.44197
	15.33972	51.44323
	15.33984	51.44336
	15.3409	51.4447
	15.34109	51.44508
	15.34117	51.44518
	15.34177	51.44581
	15.34183	51.44587
	15.34219	51.4461
	15.34232	51.44617
	15.34295	51.44667
	15.34314	51.44678
	15.34328	51.44695
	15.33783	51.44959
	15.33558	51.45071
	15.33366	51.4516
	15.33457	51.45506
	15.33628	51.4618
	15.33807	51.46859
	15.33941	51.47409
	15.34186	51.47323
	15.34582	51.47188
	15.34666	51.47163
	15.34686	51.4716
	15.34986	51.47147
	15.35523	51.47132
	15.3599	51.47116
	15.36197	51.47104
	15.36359	51.47062
	15.36474	51.47051
	15.36642	51.47006
	15.37249	51.46966
	15.37478	51.46982
	15.3759	51.46997
	15.37616	51.46999
	15.37651	51.46997
	15.37716	51.46982
	15.37879	51.47001
	15.37928	51.47019
	15.37973	51.47038
	15.38047	51.47077
	15.38092	51.47124
	15.38149	51.4718
	15.38169	51.47193
	15.38207	51.47214
	15.38212	51.47235
	15.3814	51.47316
	15.38065	51.4735
	15.38022	51.47387
	15.38028	51.47545
	15.38024	51.47557
	15.38021	51.4765
	15.38	51.47771
	15.38072	51.47859
	15.37995	51.47949
	15.37993	51.48013
	15.3803	51.48059
	15.38033	51.48077
	15.38032	51.48087
	15.38028	51.481
	15.38015	51.48114
	15.37985	51.4813
	15.37961	51.48146
	15.37913	51.48182
	15.37851	51.48189
	15.37821	51.48183
	15.37791	51.48165
	15.37776	51.48152
	15.37703	51.4799
	15.37609	51.47931
	15.37561	51.47911
	15.37331	51.47888
	15.37278	51.47892
	15.37264	51.47897
	15.3716	51.47945
	15.37115	51.47969
	15.37062	51.48012
	15.37045	51.48046
	15.37063	51.48124
	15.37077	51.48146
	15.37063	51.48183
	15.37052	51.48245
	15.37043	51.48272
	15.37006	51.48305
	15.37001	51.48314
	15.36974	51.48343
	15.36968	51.48402
	15.36966	51.48442
	15.36944	51.48508
	15.36929	51.48578
	15.36937	51.4864
	15.36947	51.4866
	15.36975	51.48691
	15.37007	51.48718
	15.37059	51.48765
	15.37085	51.48786
	15.37107	51.48795
	15.37144	51.48796
	15.37152	51.48804
	15.37147	51.48836
	15.37089	51.48889
	15.37082	51.48959
	15.37047	51.49024
	15.36926	51.49099
	15.36878	51.4914
	15.36823	51.49215
	15.36756	51.49249
	15.36706	51.49289
	15.36693	51.49339
	15.36701	51.49396
	15.36716	51.49445
	15.36761	51.49491
	15.36835	51.49526
	15.36841	51.49535
	15.36886	51.49576
	15.36907	51.49643
	15.36895	51.49695
	15.36966	51.49946
	15.36945	51.5
	15.36913	51.50045
	15.36903	51.50077
	15.36908	51.50116
	15.3696	51.50209
	15.36984	51.5026
	15.37001	51.50367
	15.3703	51.50423
	15.37058	51.50467
	15.37069	51.50514
	15.37061	51.50562
	15.37061	51.50626
	15.37075	51.50657
	15.37081	51.50701
	15.37092	51.50731
	15.37121	51.50789
	15.37232	51.50862
	15.3741	51.50951
	15.37423	51.50974
	15.37733	51.50884
	15.37821	51.50978
	15.37843	51.51026
	15.37769	51.51047
	15.37784	51.51064
	15.37823	51.51056
	15.3787	51.51063
	15.37893	51.51089
	15.37902	51.51087
	15.3799	51.5108
	15.38086	51.51115
	15.38185	51.51153
	15.38223	51.51179
	15.38275	51.51208
	15.38296	51.51263
	15.38147	51.51285
	15.38105	51.51297
	15.38017	51.51312
	15.3804	51.51339
	15.3803	51.51366
	15.38032	51.51398
	15.38027	51.51443
	15.38059	51.51469
	15.3811	51.51485
	15.38224	51.51472
	15.38298	51.51521
	15.38186	51.51604
	15.38251	51.51697
	15.38278	51.51727
	15.38343	51.51779
	15.38469	51.51838
	15.38505	51.52084
	15.38519	51.52216
	15.38525	51.523
	15.38509	51.52372
	15.38472	51.52521
	15.38481	51.52565
	15.38491	51.52576
	15.38572	51.52632
	15.38577	51.52645
	15.38577	51.5266
	15.38516	51.52764
	15.38515	51.5279
	15.3857	51.52828
	15.38727	51.52855
	15.39079	51.52837
	15.39265	51.52868
	15.39271	51.52872
	15.39433	51.52912
	15.39352	51.53023
	15.39488	51.53056
	15.39658	51.53103
	15.39691	51.53017
	15.39747	51.52995
	15.39774	51.52974
	15.39788	51.5297
	15.39805	51.52955
	15.39843	51.52891
	15.39856	51.52885
	15.3986	51.52878
	15.39895	51.52834
	15.39924	51.5282
	15.3999	51.52769
	15.40055	51.5273
	15.40101	51.52724
	15.40158	51.52631
	15.40207	51.52535
	15.40298	51.52381
	15.40354	51.52409
	15.40356	51.52386
	15.40344	51.52373
	15.40331	51.52322
	15.40347	51.5229
	15.4042	51.52163
	15.40473	51.52108
	15.40519	51.52068
	15.40536	51.52018
	15.40581	51.51959
	15.40669	51.52012
	15.40676	51.52037
	15.40696	51.52047
	15.40986	51.52106
	15.41024	51.52102
	15.41125	51.52134
	15.41429	51.52218
	15.41541	51.52246
	15.41732	51.52285
	15.41759	51.52292
	15.41883	51.52305
	15.42013	51.52322
	15.42013	51.52327
	15.42028	51.52329
	15.42032	51.52325
	15.42304	51.52359
	15.42535	51.52386
	15.42545	51.52383
	15.42896	51.52429
	15.42898	51.52432
	15.43218	51.5247
	15.43465	51.52497
	15.43493	51.52497
	15.43538	51.52528
	15.43637	51.52658
	15.43696	51.52733
	15.44121	51.5267
	15.44195	51.52662
	15.44543	51.52612
	15.44841	51.52571
	15.44885	51.52567
	15.45011	51.52597
	15.45027	51.52569
	15.45012	51.52527
	15.45001	51.52512
	15.45075	51.52495
	15.45238	51.52463
	15.45356	51.52381
	15.45549	51.5225
	15.45639	51.52187
	15.45675	51.52165
	15.45763	51.52106
	15.45911	51.52148
	15.46062	51.52195
	15.46069	51.52198
	15.46083	51.52182
	15.46105	51.52147
	15.46122	51.52152
	15.46174	51.5219
	15.46162	51.52226
	15.4618	51.52227
	15.46249	51.52227
	15.46269	51.5222
	15.46439	51.52121
	15.46541	51.52079
	15.46581	51.52071
	15.46602	51.52064
	15.46717	51.52017
	15.46864	51.51936
	15.46922	51.51901
	15.46982	51.51868
	15.47031	51.51838
	15.47059	51.51823
	15.469	51.51544
	15.46901	51.51499
	15.46921	51.51457
	15.47437	51.51395
	15.47894	51.51337
	15.48227	51.51297
	15.4844	51.51334
	15.4858	51.51361
	15.48544	51.51669
	15.48543	51.51727
	15.48471	51.51872
	15.48462	51.52035
	15.48449	51.52111
	15.4847	51.52191
	15.48436	51.52219
	15.48423	51.52236
	15.48423	51.52316
	15.48419	51.52339
	15.48407	51.52353
	15.48436	51.52337
	15.48541	51.5222
	15.4856	51.52175
	15.48557	51.52145
	15.48638	51.52124
	15.4871	51.52234
	15.4872	51.52239
	15.48826	51.52244
	15.48778	51.5239
	15.48808	51.52445
	15.48788	51.52526
	15.48727	51.52598
	15.48744	51.527
	15.48749	51.52748
	15.48766	51.52756
	15.49145	51.52553
	15.49253	51.52494
	15.49363	51.52436
	15.49599	51.52308
	15.49691	51.5226
	15.50126	51.52024
	15.50345	51.51907
	15.5039	51.51882
	15.50398	51.51874
	15.5043	51.51856
	15.50456	51.51847
	15.50563	51.5179
	15.5078	51.51684
	15.50782	51.51672
	15.50864	51.51638
	15.50861	51.51629
	15.5089	51.51613
	15.5168	51.51188
	15.51706	51.51172
	15.51708	51.51151
	15.5172	51.51159
	15.51727	51.5116
	15.51871	51.51085
	15.52075	51.50975
	15.52074	51.5098
	15.52228	51.50898
	15.52258	51.50883
	15.52285	51.50871
	15.52326	51.50846
	15.52329	51.5083
	15.52519	51.50727
	15.52763	51.50597
	15.52763	51.50605
	15.53289	51.5032
	15.53398	51.50262
	15.53506	51.50202
	15.53835	51.50027
	15.54052	51.49909
	15.54451	51.49695
	15.54447	51.49688
	15.54481	51.4967
	15.54494	51.49672
	15.55689	51.49029
	15.56452	51.48617
	15.56758	51.48451
	15.56747	51.48432
	15.56756	51.48427
	15.56771	51.48443
	15.57105	51.48264
	15.58074	51.47739
	15.58052	51.47728
	15.58058	51.47724
	15.58086	51.47732
	15.58412	51.47557
	15.58944	51.47268
	15.58968	51.47256
	15.59079	51.47191
	15.59071	51.47185
	15.59081	51.4718
	15.59088	51.47185
	15.59145	51.47153
	15.59243	51.47105
	15.59208	51.4708
	15.59237	51.47076
	15.59339	51.47035
	15.59463	51.46988
	15.59503	51.46971
	15.59538	51.46969
	15.59548	51.46961
	15.59583	51.46958
	15.59594	51.46955
	15.59484	51.46795
	15.59354	51.46598
	15.59027	51.46444
	15.59118	51.46323
	15.5917	51.46268
	15.59285	51.46239
	15.58991	51.46108
	15.58855	51.461
	15.58836	51.46056
	15.58734	51.46026
	15.58749	51.45983
	15.58828	51.45949
	15.5878	51.45881
	15.58688	51.45718
	15.58782	51.45674
	15.58674	51.45552
	15.58505	51.45602
	15.58303	51.45577
	15.5819	51.45491
	15.58095	51.45306
	15.5838	51.45224
	15.58615	51.45183
	15.58605	51.45087
	15.5857	51.4502
	15.58632	51.44972
	15.58803	51.45062
	15.5909	51.44891
	15.59178	51.44901
	15.59239	51.44926
	15.59245	51.44985
	15.59214	51.45062
	15.59166	51.45101
	15.59216	51.4513
	15.59281	51.45194
	15.59368	51.45185
	15.59717	51.45142
	15.59664	51.45035
	15.59689	51.44982
	15.5973	51.44957
	15.59756	51.44862
	15.59878	51.44737
	15.59916	51.4468
	15.5992	51.44628
	15.59949	51.44572
	15.59984	51.44568
	15.60141	51.44784
	15.60289	51.44878
	15.60402	51.44993
	15.61598	51.45892
	15.61644	51.45973
	15.61695	51.46017
	15.62108	51.46192
	15.62347	51.46349
	15.6235	51.46462
	15.62378	51.46462
	15.62399	51.46573
	15.62406	51.47208
	15.62894	51.47064
	15.62899	51.47206
	15.6345	51.47206
	15.63465	51.47882
	15.64518	51.47887
	15.64606	51.47913
	15.64678	51.47836
	15.64634	51.4775
	15.64699	51.47599
	15.64876	51.47673
	15.6496	51.47543
	15.65102	51.47457
	15.65104	51.47406
	15.65174	51.47341
	15.6526	51.47294
	15.65381	51.47276
	15.65434	51.47262
	15.6548	51.47217
	15.65593	51.47241
	15.65604	51.47343
	15.66018	51.47662
	15.66069	51.47743
	15.66065	51.47862
	15.66228	51.48099
	15.66418	51.48264
	15.66379	51.4849
	15.663	51.48578
	15.66041	51.48701
	15.65937	51.48811
	15.66304	51.4885
	15.66521	51.4885
	15.66739	51.4889
	15.6677	51.49902
	15.67316	51.49895
	15.67335	51.50567
	15.67888	51.50569
	15.67898	51.51231
	15.6903	51.51232
	15.69147	51.51253
	15.70103	51.51246
	15.70017	51.51463
	15.69928	51.5157
	15.69947	51.51637
	15.70072	51.51732
	15.72513	51.51742
	15.72485	51.51749
	15.72493	51.51757
	15.72487	51.51764
	15.72483	51.51776
	15.72442	51.51812
	15.72387	51.51864
	15.72375	51.51914
	15.72337	51.51943
	15.72303	51.51977
	15.72244	51.52014
	15.7217	51.5204
	15.72144	51.52056
	15.72107	51.52091
	15.71988	51.5211
	15.71911	51.52117
	15.71765	51.52137
	15.71658	51.52149
	15.71565	51.52128
	15.71613	51.52209
	15.71518	51.52225
	15.71437	51.52166
	15.71414	51.52162
	15.71307	51.52264
	15.71324	51.52283
	15.71293	51.52307
	15.71081	51.52368
	15.71137	51.52456
	15.71171	51.52537
	15.71204	51.52586
	15.71199	51.52662
	15.71093	51.52824
	15.71096	51.52918
	15.71086	51.52943
	15.71236	51.53155
	15.7126	51.53192
	15.71239	51.53231
	15.71151	51.533
	15.71271	51.53464
	15.71245	51.53497
	15.71224	51.53528
	15.71219	51.53553
	15.71221	51.53572
	15.71202	51.5358
	15.71305	51.54278
	15.71215	51.54558
	15.71232	51.54654
	15.709	51.5466
	15.70568	51.54644
	15.70451	51.5464
	15.70326	51.54638
	15.70322	51.54925
	15.7028	51.54983
	15.70284	51.5519
	15.70467	51.55198
	15.70467	51.55267
	15.70595	51.5529
	15.70597	51.55402
	15.70642	51.55452
	15.7052	51.55571
	15.70378	51.55693
	15.70378	51.55705
	15.70492	51.55665
	15.70616	51.55627
	15.71032	51.55544
	15.71209	51.5552
	15.71708	51.55412
	15.72014	51.55327
	15.72078	51.55312
	15.72363	51.55212
	15.72909	51.55324
	15.73318	51.55398
	15.74019	51.5552
	15.74092	51.55565
	15.74079	51.55582
	15.74253	51.55572
	15.76947	51.56951
	15.7702	51.5697
	15.78314	51.57099
	15.78701	51.57133
	15.79519	51.57223
	15.80764	51.5734
	15.80806	51.5734
	15.81071	51.57279
	15.82364	51.57274
	15.82391	51.57372
	15.81578	51.60289
	15.81825	51.60288
	15.8182	51.60381
	15.81839	51.6042
	15.819	51.6049
	15.81942	51.60519
	15.82038	51.60594
	15.8216	51.60724
	15.82259	51.60875
	15.82184	51.61012
	15.82285	51.61309
	15.82464	51.61446
	15.82599	51.61506
	15.82761	51.61597
	15.82982	51.61787
	15.83058	51.61875
	15.8314	51.62005
	15.83296	51.62138
	15.83314	51.62138
	15.83404	51.62223
	15.83285	51.62547
	15.83234	51.6281
	15.83226	51.62921
	15.83237	51.62927
	15.83217	51.6309
	15.83194	51.63246
	15.83122	51.63468
	15.83067	51.63584
	15.83044	51.63679
	15.8301	51.63697
	15.83097	51.63721
	15.83181	51.63848
	15.83306	51.64022
	15.83377	51.64072
	15.83448	51.64169
	15.83607	51.64368
	15.83757	51.64503
	15.83932	51.6455
	15.84238	51.64618
	15.84588	51.64741
	15.84872	51.64812
	15.85125	51.64893
	15.85259	51.6495
	15.8547	51.65001
	15.856	51.65011
	15.85718	51.65041
	15.85688	51.65082
	15.85567	51.6516
	15.85547	51.65274
	15.85575	51.65316
	15.85627	51.65446
	15.85584	51.65516
	15.85619	51.65732
	15.85591	51.65778
	15.85454	51.65892
	15.85154	51.66021
	15.85066	51.66021
	15.8493	51.66049
	15.84648	51.66086
	15.84599	51.66103
	15.84549	51.66125
	15.84472	51.66136
	15.84274	51.66129
	15.84329	51.66231
	15.84407	51.66319
	15.84459	51.66375
	15.84511	51.66424
	15.84627	51.66453
	15.84874	51.6648
	15.84972	51.6652
	15.84862	51.66579
	15.84666	51.66592
	15.84573	51.66602
	15.84537	51.66642
	15.84344	51.66702
	15.84279	51.66709
	15.84135	51.66747
	15.83881	51.66924
	15.83795	51.66964
	15.83742	51.67003
	15.83712	51.67039
	15.83627	51.67096
	15.83568	51.6715
	15.83489	51.672
	15.83425	51.6722
	15.83444	51.67231
	15.83484	51.67258
	15.83558	51.67292
	15.83606	51.67324
	15.83664	51.67343
	15.83964	51.67378
	15.84045	51.67404
	15.84124	51.67441
	15.84164	51.67454
	15.84307	51.67478
	15.8437	51.67503
	15.84409	51.6753
	15.84479	51.67541
	15.84467	51.67589
	15.84345	51.67945
	15.84279	51.67978
	15.84246	51.68161
	15.84706	51.68174
	15.84839	51.68267
	15.85141	51.68383
	15.85273	51.68389
	15.85316	51.68495
	15.85339	51.68698
	15.85558	51.68824
	15.85495	51.6888
	15.85886	51.68973
	15.86232	51.69007
	15.86247	51.68996
	15.86273	51.68969
	15.86463	51.68965
	15.86466	51.68936
	15.86665	51.6887
	15.86861	51.6888
	15.86871	51.69099
	15.86758	51.69089
	15.86678	51.69155
	15.86609	51.69099
	15.86559	51.69103
	15.86562	51.69246
	15.86545	51.69264
	15.86556	51.69264
	15.86463	51.69864
	15.86271	51.70173
	15.86599	51.70216
	15.86519	51.70713
	15.86804	51.70623
	15.86821	51.70666
	15.86738	51.70696
	15.86761	51.70716
	15.86835	51.71551
	15.86824	51.71598
	15.86839	51.71627
	15.8687	51.7164
	15.86889	51.71704
	15.86946	51.717
	15.86974	51.71814
	15.86919	51.71834
	15.86927	51.71872
	15.86953	51.71966
	15.87045	51.71964
	15.87068	51.71968
	15.87101	51.72012
	15.87184	51.72072
	15.8758	51.71899
	15.87839	51.71886
	15.88249	51.71992
	15.88541	51.72118
	15.88757	51.72324
	15.88883	51.72499
	15.88949	51.72652
	15.89151	51.72874
	15.89479	51.73023
	15.89804	51.73059
	15.89946	51.73059
	15.90404	51.7297
	15.90636	51.72824
	15.90997	51.72705
	15.91253	51.72559
	15.92191	51.7297
	15.92493	51.72953
	15.92658	51.7296
	15.92632	51.73096
	15.92748	51.73129
	15.92784	51.73218
	15.92834	51.73483
	15.9294	51.73563
	15.92943	51.73682
	15.92998	51.73762
	15.9383	51.73697
	15.94039	51.73594
	15.94198	51.73667
	15.94354	51.73551
	15.94592	51.73561
	15.94675	51.73644
	15.95222	51.73402
	15.95467	51.73617
	15.96319	51.73367
	15.96405	51.73737
	15.95938	51.73946
	15.96153	51.74048
	15.96024	51.74118
	15.96117	51.74224
	15.961	51.74353
	15.96551	51.74376
	15.96773	51.74522
	15.97141	51.74476
	15.9733	51.74383
	15.97897	51.74476
	15.98049	51.74559
	15.97747	51.74565
	15.97363	51.74628
	15.97665	51.7483
	15.96896	51.76829
	15.97708	51.76816
	15.97668	51.76899
	15.98009	51.77356
	15.98483	51.77164
	15.98898	51.76912
	16.00717	51.77336
	16.00846	51.77346
	16.00704	51.77389
	16.00823	51.77528
	16.00883	51.77575
	16.00439	51.77983
	16.0028	51.77943
	16.00363	51.77817
	16.00144	51.77764
	16.00107	51.77797
	15.99846	51.77714
	15.99779	51.7781
	15.99504	51.77807
	15.99418	51.77896
	15.99249	51.77853
	15.99302	51.77817
	15.98248	51.77847
	15.98245	51.77929
	15.98016	51.77953
	15.98026	51.78006
	15.9788	51.78052
	15.97738	51.78161
	15.97482	51.78185
	15.97496	51.78221
	15.97184	51.78254
	15.97217	51.78354
	15.97174	51.7838
	15.97174	51.78453
	15.96998	51.78476
	15.96998	51.78533
	15.96816	51.78792
	15.96591	51.79166
	15.96684	51.79328
	15.96849	51.79494
	15.97148	51.79434
	15.97738	51.79587
	15.97757	51.79676
	15.97953	51.79752
	15.98042	51.79911
	15.98228	51.79938
	15.98284	51.79991
	15.98212	51.80081
	15.98059	51.80127
	15.97923	51.8023
	15.99488	51.80482
	15.99617	51.80134
	16.00144	51.80366
	16.00257	51.80177
	16.00396	51.80044
	16.00949	51.8014
	16.00943	51.80206
	16.01301	51.80167
	16.01794	51.8012
	16.02195	51.80183
	16.02189	51.80283
	16.02905	51.80235
	16.03505	51.7953
	16.03488	51.79003
	16.03399	51.78513
	16.03523	51.78188
	16.03697	51.78188
	16.03995	51.78082
	16.04045	51.78221
	16.04121	51.78201
	16.04257	51.7837
	16.04492	51.7835
	16.04731	51.78268
	16.05029	51.78277
	16.05238	51.78208
	16.05387	51.78168
	16.05576	51.78185
	16.05821	51.78158
	16.06087	51.78201
	16.07008	51.78261
	16.0726	51.7778
	16.07797	51.77697
	16.07797	51.77469
	16.0787	51.7731
	16.08045	51.77313
	16.08867	51.77074
	16.09245	51.77008
	16.09132	51.76835
	16.09961	51.7661
	16.1009	51.7674
	16.11628	51.76368
	16.11817	51.76567
	16.12129	51.76544
	16.12294	51.76547
	16.13418	51.76521
	16.13415	51.76348
	16.13365	51.76166
	16.13332	51.75928
	16.13368	51.75835
	16.13597	51.75957
	16.14001	51.75954
	16.15155	51.76004
	16.15513	51.75904
	16.16046	51.75884
	16.16517	51.75984
	16.17289	51.76388
	16.17814	51.76391
	16.16994	51.74197
	16.16693	51.73363
	16.16556	51.73319
	16.16519	51.73302
	16.16497	51.7329
	16.16412	51.73196
	16.16376	51.73112
	16.16089	51.72314
	16.16013	51.72092
	16.15995	51.72047
	16.15981	51.71981
	16.15977	51.71872
	16.15977	51.71825
	16.15979	51.71795
	16.15856	51.71778
	16.15841	51.71598
	16.15936	51.71588
	16.15917	51.71523
	16.15882	51.71414
	16.15849	51.71335
	16.15837	51.71294
	16.15828	51.71245
	16.15989	51.71013
	16.16164	51.71134
	16.16622	51.70949
	16.17223	51.70906
	16.17359	51.71205
	16.18285	51.71141
	16.18209	51.71285
	16.18329	51.71398
	16.18405	51.71394
	16.18542	51.71598
	16.18907	51.71506
	16.19147	51.71594
	16.19472	51.71546
	16.19492	51.7163
	16.19981	51.71819
	16.20098	51.71795
	16.20178	51.71682
	16.20168	51.71499
	16.20243	51.71446
	16.20623	51.71506
	16.20631	51.71454
	16.20912	51.71466
	16.20972	51.7141
	16.211	51.71422
	16.21325	51.71454
	16.2161	51.71394
	16.21777	51.71455
	16.21886	51.71217
	16.21846	51.71197
	16.21939	51.71029
	16.22281	51.70465
	16.22361	51.7038
	16.22453	51.70275
	16.22506	51.70198
	16.22783	51.69875
	16.22716	51.69817
	16.22605	51.69773
	16.2219	51.69887
	16.22174	51.69871
	16.22593	51.69766
	16.22361	51.69666
	16.22379	51.69662
	16.2233	51.69541
	16.22426	51.69514
	16.22633	51.69429
	16.22789	51.69346
	16.22921	51.69286
	16.23055	51.69205
	16.2329	51.69049
	16.23413	51.68986
	16.23565	51.68923
	16.23759	51.68863
	16.23906	51.68819
	16.24054	51.68782
	16.24179	51.68765
	16.2435	51.6875
	16.24526	51.68737
	16.24679	51.68731
	16.24805	51.68724
	16.24958	51.68701
	16.25068	51.68679
	16.25158	51.68645
	16.25218	51.68612
	16.25274	51.68562
	16.25323	51.68485
	16.25357	51.68426
	16.25383	51.68364
	16.25407	51.68277
	16.25423	51.68201
	16.25444	51.68123
	16.25463	51.68072
	16.25482	51.68031
	16.25516	51.67986
	16.25596	51.67913
	16.25685	51.67835
	16.25768	51.6777
	16.25881	51.67712
	16.25995	51.67656
	16.26107	51.67606
	16.2621	51.67551
	16.26337	51.67485
	16.26446	51.67414
	16.26515	51.67367
	16.26556	51.67314
	16.26589	51.67226
	16.26669	51.66982
	16.26695	51.66897
	16.26733	51.66728
	16.26789	51.66618
	16.26837	51.66485
	16.26866	51.66439
	16.26915	51.66378
	16.26959	51.66331
	16.27021	51.6635
	16.27039	51.66442
	16.27134	51.66852
	16.27517	51.67104
	16.27602	51.67245
	16.2695	51.67592
	16.26899	51.67626
	16.26874	51.67641
	16.26839	51.67682
	16.26796	51.67746
	16.26791	51.67805
	16.26889	51.68395
	16.26918	51.68447
	16.26974	51.68466
	16.27551	51.68704
	16.276	51.6871
	16.27663	51.6872
	16.27654	51.68845
	16.27755	51.68821
	16.27922	51.68817
	16.28186	51.68849
	16.28937	51.68953
	16.30002	51.69012
	16.29984	51.69098
	16.29756	51.69377
	16.29724	51.69455
	16.3017	51.69509
	16.30299	51.69589
	16.30342	51.69715
	16.30279	51.69791
	16.30273	51.69831
	16.3074	51.6997
	16.31187	51.70126
	16.31698	51.70255
	16.32089	51.70272
	16.32467	51.70242
	16.32606	51.70176
	16.32792	51.70292
	16.32898	51.70312
	16.33017	51.70378
	16.33216	51.70418
	16.33282	51.70474
	16.33425	51.70494
	16.33869	51.70607
	16.33962	51.70699
	16.33899	51.70746
	16.34005	51.70875
	16.34333	51.70918
	16.34508	51.70875
	16.34721	51.70882
	16.35026	51.7108
	16.3485	51.71153
	16.34797	51.7124
	16.3482	51.71296
	16.3489	51.71359
	16.35085	51.71432
	16.35108	51.71482
	16.35049	51.71515
	16.35045	51.71584
	16.35158	51.71664
	16.35271	51.71644
	16.3537	51.71535
	16.35615	51.71611
	16.3593	51.71863
	16.35993	51.71965
	16.3591	51.71965
	16.35884	51.72088
	16.36481	51.72542
	16.36616	51.72575
	16.36716	51.72668
	16.36759	51.72824
	16.36719	51.73152
	16.36633	51.73218
	16.36613	51.73281
	16.36722	51.73341
	16.36434	51.7351
	16.36172	51.7358
	16.36212	51.73951
	16.36262	51.74107
	16.36182	51.74146
	16.36265	51.74246
	16.36384	51.74256
	16.36467	51.74176
	16.36573	51.74143
	16.36669	51.74299
	16.36832	51.74395
	16.36981	51.74514
	16.37087	51.74491
	16.3717	51.74756
	16.37263	51.74965
	16.37385	51.75098
	16.37541	51.75011
	16.3781	51.75303
	16.37651	51.75565
	16.37717	51.75701
	16.37614	51.75973
	16.37627	51.76228
	16.3775	51.7638
	16.37813	51.764
	16.37955	51.76576
	16.3774	51.76718
	16.38022	51.76778
	16.38174	51.76894
	16.38337	51.7705
	16.38472	51.76993
	16.3952	51.76728
	16.39679	51.76851
	16.39815	51.77043
	16.40577	51.77219
	16.40842	51.77282
	16.40786	51.77322
	16.40859	51.77527
	16.41117	51.77875
	16.40872	51.78001
	16.41141	51.78107
	16.4143	51.78229
	16.41693	51.78276
	16.41644	51.78369
	16.41621	51.7849
	16.41845	51.78498
	16.4215	51.78539
	16.42439	51.78544
	16.42648	51.78521
	16.42687	51.7851
	16.4274	51.78499
	16.43049	51.78481
	16.43158	51.785
	16.43751	51.78568
	16.44027	51.78669
	16.44216	51.78703
	16.44881	51.7881
	16.45175	51.78788
	16.45354	51.78723
	16.45467	51.78721
	16.45505	51.78709
	16.4554	51.78701
	16.45596	51.78643
	16.4561	51.78636
	16.45693	51.78566
	16.4598	51.78481
	16.46389	51.78411
	16.46473	51.78443
	16.46499	51.78476
	16.46525	51.78496
	16.46585	51.78531
	16.46625	51.78541
	16.46708	51.78565
	16.46864	51.78607
	16.46948	51.78617
	16.47096	51.786
	16.47216	51.78577
	16.47316	51.78562
	16.47373	51.78564
	16.47444	51.78572
	16.47528	51.78578
	16.47588	51.78589
	16.47628	51.78593
	16.47669	51.78584
	16.477	51.78582
	16.47763	51.78573
	16.47789	51.78563
	16.47808	51.78547
	16.47822	51.78529
	16.47934	51.78477
	16.47967	51.78474
	16.48449	51.7824
	16.48599	51.78217
	16.48986	51.78171
	16.49236	51.78148
	16.49531	51.78135
	16.49944	51.78155
	16.50327	51.78154
	16.50659	51.78132
	16.51405	51.78179
	16.51687	51.78135
	16.52102	51.78111
	16.52218	51.78122
	16.52324	51.78128
	16.52389	51.78128
	16.52487	51.78121
	16.52714	51.78099
	16.52813	51.78093
	16.52957	51.78097
	16.53136	51.78105
	16.53177	51.78111
	16.53395	51.78155
	16.53477	51.78168
	16.53534	51.78173
	16.53579	51.78175
	16.53638	51.78174
	16.53916	51.78163
	16.54061	51.78155
	16.54203	51.78124
	16.54237	51.78116
	16.54285	51.78103
	16.54466	51.78041
	16.54523	51.7802
	16.54385	51.77887
	16.54379	51.77851
	16.54202	51.77611
	16.54239	51.77548
	16.54285	51.77539
	16.54272	51.77514
	16.5435	51.77416
	16.54368	51.77389
	16.5412	51.77115
	16.54105	51.77061
	16.54196	51.76984
	16.54163	51.76915
	16.54138	51.76877
	16.54113	51.76856
	16.54114	51.76826
	16.54125	51.7679
	16.54129	51.76763
	16.54107	51.76697
	16.5408	51.76636
	16.54133	51.76604
	16.54152	51.76596
	16.54255	51.76586
	16.54325	51.76581
	16.54376	51.76581
	16.54438	51.76586
	16.55036	51.76644
	16.55148	51.76652
	16.55778	51.76702
	16.5767	51.76859
	16.57781	51.76773
	16.57982	51.76588
	16.58006	51.76532
	16.58018	51.76476
	16.58018	51.76439
	16.57996	51.76332
	16.58018	51.7619
	16.57995	51.75995
	16.58054	51.7567
	16.58067	51.75641
	16.5807	51.75404
	16.58078	51.75156
	16.58173	51.75146
	16.58844	51.75081
	16.58978	51.75077
	16.59072	51.7508
	16.59153	51.75078
	16.59285	51.75068
	16.59358	51.75073
	16.59406	51.75073
	16.59428	51.75068
	16.59455	51.75057
	16.5951	51.75029
	16.59532	51.75013
	16.59569	51.74983
	16.59613	51.74944
	16.59692	51.74886
	16.59712	51.74876
	16.59767	51.74827
	16.59809	51.74798
	16.59844	51.74786
	16.5994	51.74759
	16.59973	51.74756
	16.60003	51.7476
	16.60041	51.74762
	16.60078	51.74757
	16.6011	51.74745
	16.60218	51.74701
	16.60354	51.74653
	16.6042	51.7462
	16.6057	51.74509
	16.60629	51.74494
	16.60658	51.74493
	16.60717	51.74495
	16.60754	51.74499
	16.60789	51.74496
	16.60883	51.74493
	16.60986	51.74487
	16.6108	51.74477
	16.61156	51.74471
	16.61401	51.74492
	16.61519	51.74496
	16.61691	51.74491
	16.61742	51.74487
	16.61811	51.74479
	16.61884	51.74464
	16.61996	51.74437
	16.62138	51.74574
	16.62195	51.74624
	16.62258	51.74667
	16.62301	51.74694
	16.62404	51.74723
	16.62493	51.74741
	16.62579	51.74754
	16.6261	51.74756
	16.62789	51.74741
	16.62893	51.74737
	16.6293	51.74738
	16.62963	51.74741
	16.63126	51.74767
	16.63296	51.7479
	16.63322	51.74801
	16.63404	51.74852
	16.63518	51.74904
	16.6353	51.74898
	16.63558	51.74879
	16.63583	51.74864
	16.6368	51.74832
	16.63705	51.74822
	16.63752	51.74801
	16.63794	51.74774
	16.63819	51.74756
	16.6387	51.74715
	16.6389	51.74701
	16.63917	51.74688
	16.63952	51.74674
	16.63983	51.74656
	16.64005	51.7465
	16.64169	51.74772
	16.64291	51.74714
	16.64429	51.74652
	16.6446	51.74632
	16.6452	51.74581
	16.6454	51.74572
	16.64589	51.74555
	16.64668	51.74524
	16.64771	51.74482
	16.64778	51.74429
	16.64769	51.7435
	16.64733	51.74239
	16.64713	51.7421
	16.647	51.74179
	16.64678	51.74147
	16.64615	51.7408
	16.6458	51.74037
	16.64172	51.73659
	16.64154	51.73651
	16.63991	51.73512
	16.64089	51.73464
	16.63953	51.7332
	16.63943	51.73306
	16.6393	51.73273
	16.63928	51.73254
	16.6393	51.73234
	16.63935	51.73215
	16.63942	51.73199
	16.63956	51.73178
	16.63973	51.73161
	16.63995	51.73148
	16.64046	51.73124
	16.64119	51.73086
	16.64165	51.73057
	16.64189	51.73044
	16.64274	51.73011
	16.64332	51.72993
	16.64379	51.72974
	16.64413	51.72964
	16.64437	51.72959
	16.6445	51.72958
	16.64463	51.72953
	16.64481	51.72948
	16.64507	51.72937
	16.64522	51.72933
	16.64564	51.72926
	16.64572	51.72923
	16.64575	51.72915
	16.64575	51.72906
	16.64565	51.72875
	16.6455	51.72847
	16.64541	51.72831
	16.64525	51.72816
	16.64504	51.72792
	16.64478	51.72752
	16.64454	51.72643
	16.6443	51.72591
	16.64411	51.72566
	16.64398	51.72545
	16.6439	51.72523
	16.64439	51.72526
	16.64447	51.72504
	16.64456	51.72432
	16.64448	51.72327
	16.64475	51.72234
	16.64499	51.72191
	16.64591	51.72157
	16.64622	51.7215
	16.64653	51.72151
	16.64708	51.72142
	16.64766	51.72129
	16.64905	51.7208
	16.64956	51.72061
	16.64995	51.72035
	16.65043	51.71995
	16.65088	51.7196
	16.65128	51.71942
	16.65168	51.71922
	16.65196	51.7191
	16.65216	51.71906
	16.65242	51.71899
	16.65255	51.71892
	16.65265	51.71881
	16.65282	51.71868
	16.65296	51.71851
	16.65301	51.71842
	16.65309	51.71835
	16.65326	51.71829
	16.6533	51.71824
	16.65332	51.71812
	16.65341	51.71804
	16.65354	51.71797
	16.65356	51.71789
	16.65349	51.71771
	16.65325	51.71724
	16.65322	51.71702
	16.65309	51.7167
	16.65306	51.71643
	16.65315	51.71628
	16.65418	51.71638
	16.65448	51.71638
	16.65486	51.71636
	16.65527	51.71631
	16.65573	51.71622
	16.65657	51.71603
	16.65715	51.71574
	16.65746	51.71557
	16.65771	51.71539
	16.65789	51.71524
	16.6583	51.7151
	16.65858	51.71502
	16.65886	51.7149
	16.65924	51.71465
	16.65942	51.71443
	16.65964	51.71421
	16.65978	51.71396
	16.66007	51.71361
	16.66014	51.71343
	16.66033	51.71329
	16.66054	51.71316
	16.66104	51.71292
	16.66346	51.71193
	16.66568	51.71122
	16.66594	51.71112
	16.66647	51.71095
	16.66704	51.71082
	16.66751	51.71073
	16.66857	51.7106
	16.66899	51.71057
	16.66941	51.71057
	16.66981	51.71061
	16.67029	51.71064
	16.67121	51.7106
	16.67196	51.71049
	16.67411	51.71031
	16.67704	51.70951
	16.67881	51.7089
	16.67996	51.70868
	16.68294	51.70766
	16.68288	51.70477
	16.68273	51.70484
	16.682	51.70498
	16.68194	51.70498
	16.68094	51.70471
	16.68089	51.70468
	16.68007	51.70377
	16.67894	51.7013
	16.67878	51.70045
	16.67875	51.70039
	16.67858	51.69981
	16.67849	51.69943
	16.67846	51.69933
	16.67828	51.69903
	16.67819	51.69892
	16.67769	51.69899
	16.67699	51.6993
	16.67559	51.69774
	16.67638	51.69754
	16.67501	51.69521
	16.67543	51.69512
	16.67509	51.69453
	16.67489	51.69407
	16.67233	51.69595
	16.67205	51.69612
	16.66915	51.69761
	16.66688	51.69882
	16.66491	51.70033
	16.66211	51.69997
	16.66238	51.69788
	16.66209	51.69795
	16.66148	51.69685
	16.65961	51.69672
	16.65905	51.69549
	16.66175	51.69428
	16.65931	51.69173
	16.65763	51.68922
	16.65919	51.68892
	16.6642	51.68861
	16.65762	51.68708
	16.642	51.68358
	16.64299	51.68267
	16.64315	51.68188
	16.63988	51.67934
	16.63885	51.67784
	16.63887	51.67604
	16.63958	51.67348
	16.63984	51.67159
	16.63871	51.67168
	16.63897	51.66643
	16.63957	51.66553
	16.64386	51.66042
	16.64589	51.65993
	16.64832	51.65869
	16.64912	51.65796
	16.65053	51.65788
	16.65308	51.65809
	16.66031	51.65677
	16.66397	51.65625
	16.66725	51.65659
	16.67231	51.65663
	16.67492	51.65707
	16.6773	51.65774
	16.67901	51.65713
	16.68164	51.65705
	16.685	51.65594
	16.6841	51.65428
	16.68319	51.65339
	16.6825	51.65107
	16.68165	51.65077
	16.68036	51.65061
	16.68125	51.64892
	16.6815	51.64691
	16.68702	51.64777
	16.68908	51.64764
	16.69158	51.64789
	16.69308	51.64766
	16.69503	51.64814
	16.69667	51.64791
	16.69815	51.64808
	16.70388	51.64756
	16.7052	51.64801
	16.70953	51.64724
	16.71122	51.64761
	16.71418	51.64867
	16.71907	51.64788
	16.72542	51.64781
	16.72739	51.64737
	16.7292	51.64594
	16.7284	51.64307
	16.73459	51.64232
	16.73821	51.64362
	16.73962	51.64382
	16.74274	51.64491
	16.74571	51.64493
	16.74818	51.64456
	16.75074	51.64489
	16.76865	51.64465
	16.77077	51.64421
	16.78326	51.64101
	16.78224	51.64062
	16.78117	51.63912
	16.78082	51.63777
	16.78064	51.63746
	16.78037	51.63721
	16.78	51.63696
	16.77978	51.63658
	16.77966	51.63618
	16.77963	51.63508
	16.7779	51.63245
	16.77645	51.63128
	16.77588	51.63128
	16.77387	51.6309
	16.77228	51.63051
	16.77155	51.63028
	16.77113	51.63006
	16.7708	51.62977
	16.77049	51.62956
	16.77019	51.62949
	16.76991	51.62944
	16.76892	51.62955
	16.76863	51.62956
	16.76847	51.62949
	16.76824	51.62926
	16.76758	51.62855
	16.76726	51.62827
	16.76692	51.62808
	16.76629	51.6278
	16.77094	51.61617
	16.77169	51.61586
	16.77509	51.6144
	16.78264	51.61323
	16.78289	51.61317
	16.78457	51.61269
	16.78493	51.61255
	16.78851	51.61071
	16.79076	51.60946
	16.79184	51.60908
	16.79296	51.60873
	16.79322	51.60862
	16.7964	51.6071
	16.79913	51.6059
	16.80002	51.60546
	16.80066	51.60508
	16.80098	51.60486
	16.8012	51.60482
	16.80157	51.6047
	16.80168	51.60465
	16.80214	51.60437
	16.80221	51.60431
	16.8027	51.60375
	16.80274	51.60366
	16.80301	51.60267
	16.80301	51.60258
	16.80286	51.60182
	16.80251	51.60123
	16.80236	51.60109
	16.80265	51.60083
	16.80183	51.60069
	16.80175	51.60063
	16.80138	51.60048
	16.80115	51.60042
	16.80088	51.60039
	16.79691	51.59771
	16.79658	51.5975
	16.79763	51.59598
	16.79726	51.59526
	16.7971	51.59456
	16.79694	51.59333
	16.79685	51.59193
	16.79688	51.59168
	16.79719	51.59036
	16.79725	51.58986
	16.79717	51.58911
	16.79701	51.58859
	16.79854	51.58791
	16.80096	51.5876
	16.80254	51.58685
	16.80423	51.58626
	16.80606	51.58692
	16.81148	51.58678
	16.81257	51.58525
	16.81482	51.58478
	16.81694	51.58038
	16.82027	51.57695
	16.82341	51.5753
	16.82524	51.57454
	16.82649	51.57309
	16.8284	51.57217
	16.8291	51.57296
	16.82989	51.57373
	16.83145	51.57537
	16.83196	51.57567
	16.83196	51.57593
	16.83286	51.57592
	16.83633	51.5767
	16.83796	51.57715
	16.83813	51.57711
	16.84062	51.57733
	16.84144	51.5773
	16.83851	51.57317
	16.83842	51.57301
	16.83816	51.57143
	16.83826	51.57108
	16.83875	51.56978
	16.83888	51.56863
	16.83892	51.56724
	16.83894	51.56703
	16.83919	51.56511
	16.83922	51.56499
	16.8392	51.56437
	16.83905	51.56379
	16.83831	51.56287
	16.84052	51.5611
	16.84113	51.56117
	16.84262	51.56212
	16.84269	51.56223
	16.84291	51.56276
	16.84313	51.56358
	16.8432	51.56404
	16.84323	51.56516
	16.84292	51.56746
	16.84287	51.569
	16.84271	51.57038
	16.84263	51.57076
	16.84255	51.57103
	16.84233	51.57163
	16.8452	51.57569
	16.85075	51.57766
	16.85152	51.57796
	16.85161	51.578
	16.8517	51.57806
	16.85219	51.57808
	16.85348	51.57828
	16.85369	51.57829
	16.85723	51.57825
	16.85904	51.57818
	16.86269	51.57768
	16.86509	51.5772
	16.86531	51.57717
	16.86831	51.5769
	16.86868	51.5769
	16.87123	51.57715
	16.87151	51.57717
	16.87269	51.57855
	16.87296	51.57822
	16.87491	51.5756
	16.87703	51.57486
	16.8785	51.57654
	16.87888	51.57954
	16.87854	51.57998
	16.88026	51.5802
	16.88397	51.58053
	16.88493	51.58069
	16.88675	51.58087
	16.88727	51.581
	16.88971	51.58038
	16.89072	51.58011
	16.89468	51.57877
	16.89569	51.57836
	16.89609	51.5779
	16.89642	51.57773
	16.89787	51.57627
	16.89871	51.57583
	16.89916	51.57544
	16.8996	51.57521
	16.90028	51.57482
	16.90053	51.57465
	16.90178	51.57397
	16.90209	51.57367
	16.90209	51.57362
	16.90477	51.57136
	16.90533	51.57045
	16.90608	51.56954
	16.907	51.56876
	16.90707	51.56805
	16.90791	51.56641
	16.90895	51.56569
	16.90931	51.56556
	16.91024	51.56498
	16.91019	51.56496
	16.91168	51.56405
	16.91116	51.56327
	16.91112	51.56258
	16.91153	51.56221
	16.91355	51.56089
	16.91375	51.56071
	16.91392	51.56043
	16.91437	51.55975
	16.91448	51.55951
	16.91479	51.55927
	16.91521	51.55892
	16.91624	51.55818
	16.91672	51.55794
	16.91738	51.55762
	16.91854	51.55718
	16.91937	51.55689
	16.9199	51.55674
	16.92083	51.5563
	16.92082	51.55618
	16.92102	51.55607
	16.9214	51.55598
	16.92232	51.55573
	16.92395	51.55564
	16.92452	51.55483
	16.92789	51.55239
	16.92823	51.55229
	16.92844	51.55235
	16.92884	51.55244
	16.92925	51.55239
	16.92945	51.55233
	16.92957	51.55225
	16.92971	51.55224
	16.93012	51.55237
	16.93041	51.55244
	16.93061	51.55248
	16.93078	51.55248
	16.93194	51.55224
	16.93225	51.55225
	16.93269	51.55234
	16.93301	51.55236
	16.93324	51.55234
	16.93354	51.55235
	16.93382	51.55233
	16.93399	51.5523
	16.93462	51.55207
	16.93506	51.55206
	16.93514	51.5521
	16.93623	51.55211
	16.93647	51.55231
	16.93699	51.55225
	16.93736	51.55217
	16.93853	51.55196
	16.93936	51.55188
	16.93969	51.5519
	16.94015	51.5524
	16.94088	51.55246
	16.94213	51.55226
	16.94292	51.55175
	16.9438	51.55179
	16.9441	51.55174
	16.94409	51.55199
	16.94422	51.55218
	16.94559	51.55242
	16.946	51.55234
	16.94674	51.5523
	16.94699	51.55224
	16.94734	51.55218
	16.94744	51.55224
	16.94759	51.5524
	16.94794	51.55241
	16.94819	51.55234
	16.94857	51.5521
	16.94884	51.55214
	16.94855	51.55238
	16.94855	51.55257
	16.9487	51.55266
	16.94887	51.55272
	16.94951	51.55257
	16.94967	51.55249
	16.94994	51.55246
	16.9501	51.55247
	16.95025	51.55245
	16.95058	51.55247
	16.95063	51.55256
	16.95079	51.55264
	16.95095	51.55262
	16.95106	51.55256
	16.95117	51.55242
	16.95127	51.5524
	16.95137	51.55256
	16.95154	51.55267
	16.95174	51.55264
	16.95198	51.55252
	16.95209	51.55238
	16.95231	51.5523
	16.95277	51.55224
	16.95309	51.55224
	16.95325	51.55231
	16.95348	51.55232
	16.95365	51.55224
	16.95378	51.5522
	16.9539	51.55223
	16.95409	51.55231
	16.95431	51.55233
	16.95465	51.55223
	16.9547	51.55228
	16.95471	51.55244
	16.95494	51.55254
	16.95515	51.55259
	16.95552	51.55261
	16.95568	51.55272
	16.95594	51.55277
	16.95635	51.55277
	16.95667	51.55274
	16.95729	51.5526
	16.95813	51.5525
	16.95931	51.5522
	16.9602	51.55196
	16.9613	51.5516
	16.96269	51.55109
	16.96195	51.54935
	16.96337	51.54916
	16.96339	51.54937
	16.96389	51.54935
	16.9646	51.54919
	16.96377	51.54702
	16.96334	51.54635
	16.96243	51.5447
	16.96291	51.54452
	16.96458	51.5446
	16.96702	51.54482
	16.96731	51.54481
	16.9692	51.54441
	16.97072	51.54399
	16.97194	51.54357
	16.97513	51.54781
	16.97554	51.5475
	16.97581	51.54726
	16.97641	51.54693
	16.97647	51.54695
	16.97709	51.54658
	16.97744	51.54633
	16.97762	51.54597
	16.9778	51.54555
	16.97793	51.54536
	16.97837	51.54502
	16.9787	51.54481
	16.98121	51.54802
	16.98126	51.5482
	16.9812	51.54836
	16.98101	51.54851
	16.98112	51.54892
	16.98182	51.55037
	16.98169	51.55086
	16.98163	51.55092
	16.98174	51.55091
	16.98247	51.55066
	16.98287	51.55058
	16.98361	51.55049
	16.98385	51.55048
	16.98463	51.55054
	16.98564	51.55042
	16.98588	51.55022
	16.98632	51.55014
	16.98745	51.55008
	16.99058	51.54995
	17.00723	51.54932
	17.01062	51.55028
	17.01167	51.55443
	17.0199	51.55539
	17.02043	51.55352
	17.02934	51.55441
	17.04611	51.55592
	17.05393	51.54496
	17.05984	51.54548
	17.05977	51.54658
	17.05952	51.54908
	17.05929	51.55176
	17.0631	51.55201
	17.06323	51.552
	17.06523	51.55216
	17.06933	51.55243
	17.07014	51.55479
	17.07021	51.5551
	17.07009	51.5554
	17.06767	51.56064
	17.06386	51.56595
	17.06476	51.56638
	17.08077	51.57057
	17.08363	51.56923
	17.09091	51.57212
	17.09181	51.57244
	17.10851	51.57609
	17.12554	51.56531
	17.14817	51.56716
	17.17094	51.56982
	17.17878	51.574
	17.18791	51.57651
	17.19913	51.57449
	17.20301	51.56758
	17.20453	51.56662
	17.20657	51.56698
	17.21253	51.57249
	17.21478	51.57398
	17.21385	51.57663
	17.21381	51.58444
	17.21465	51.58508
	17.2142	51.58599
	17.21368	51.58633
	17.21312	51.58713
	17.21219	51.58751
	17.21202	51.58813
	17.21197	51.58869
	17.21085	51.58981
	17.21165	51.59087
	17.21295	51.59241
	17.21357	51.59254
	17.21431	51.59298
	17.21543	51.59393
	17.21477	51.5952
	17.21491	51.59528
	17.21492	51.59551
	17.21508	51.59571
	17.21549	51.59933
	17.20976	51.60271
	17.20849	51.60823
	17.20892	51.60854
	17.20971	51.60918
	17.20917	51.61018
	17.2086	51.6107
	17.20831	51.6111
	17.20868	51.61143
	17.20897	51.61157
	17.20908	51.61178
	17.20984	51.61274
	17.21003	51.61341
	17.21118	51.61405
	17.21235	51.61532
	17.2126	51.61645
	17.21153	51.61761
	17.21147	51.61782
	17.21158	51.61846
	17.21149	51.61894
	17.21148	51.61961
	17.21157	51.61986
	17.21184	51.62022
	17.21412	51.62639
	17.21552	51.62958
	17.21849	51.63105
	17.21946	51.63042
	17.22012	51.62956
	17.22122	51.62931
	17.22156	51.63037
	17.22926	51.62987
	17.226	51.63237
	17.22656	51.63232
	17.22652	51.63246
	17.22675	51.63325
	17.22708	51.63345
	17.22916	51.63374
	17.23047	51.6337
	17.23187	51.63375
	17.23385	51.63406
	17.23537	51.63391
	17.23753	51.63392
	17.24122	51.63357
	17.24183	51.63535
	17.24152	51.63542
	17.24185	51.63605
	17.24175	51.63707
	17.24486	51.63938
	17.24583	51.63954
	17.24681	51.63982
	17.24801	51.6401
	17.24946	51.64048
	17.25579	51.64004
	17.25574	51.64067
	17.25735	51.64041
	17.2592	51.64007
	17.2603	51.64039
	17.26017	51.64068
	17.25934	51.64137
	17.25909	51.64144
	17.25892	51.64173
	17.25864	51.64177
	17.25745	51.64284
	17.25824	51.64299
	17.26071	51.64332
	17.26327	51.64338
	17.26619	51.64316
	17.26748	51.64323
	17.27064	51.64309
	17.27228	51.64312
	17.27391	51.64341
	17.2775	51.64414
	17.28277	51.64406
	17.28325	51.6441
	17.2854	51.64417
	17.28695	51.64395
	17.29062	51.64378
	17.29165	51.64404
	17.2927	51.64438
	17.29392	51.64458
	17.29518	51.64488
	17.29701	51.6451
	17.299	51.64536
	17.30272	51.64553
	17.30441	51.64566
	17.30523	51.64589
	17.30672	51.64602
	17.31054	51.64593
	17.31272	51.6461
	17.31523	51.64623
	17.317	51.64658
	17.31987	51.6469
	17.32436	51.64805
	17.32743	51.6479
	17.3302	51.64794
	17.33086	51.6473
	17.33224	51.64666
	17.33434	51.64593
	17.33676	51.64546
	17.33722	51.64524
	17.33832	51.64515
	17.33945	51.64492
	17.34306	51.64506
	17.34586	51.64498
	17.34729	51.64465
	17.34823	51.6445
	17.35121	51.64384
	17.35257	51.64364
	17.35356	51.64364
	17.35383	51.64343
	17.35446	51.6435
	17.35613	51.64316
	17.35833	51.64304
	17.35862	51.64298
	17.35909	51.64278
	17.36016	51.64177
	17.36106	51.6415
	17.36168	51.64124
	17.36249	51.64121
	17.36416	51.64059
	17.36467	51.64033
	17.3684	51.63995
	17.37038	51.63943
	17.37071	51.63938
	17.37083	51.63922
	17.37139	51.63886
	17.37344	51.63812
	17.37395	51.63781
	17.37711	51.63694
	17.37708	51.63689
	17.37889	51.63649
	17.37986	51.63615
	17.38079	51.63595
	17.38092	51.63601
	17.38628	51.63514
	17.38708	51.6355
	17.3892	51.63625
	17.39	51.63592
	17.39069	51.63574
	17.39222	51.63551
	17.393	51.63523
	17.39415	51.63494
	17.39496	51.63464
	17.3958	51.63445
	17.39677	51.63431
	17.39746	51.63418
	17.39937	51.63363
	17.40204	51.6336
	17.40354	51.63345
	17.4056	51.63288
	17.40666	51.63267
	17.40754	51.63234
	17.40886	51.63204
	17.40948	51.63184
	17.41171	51.63116
	17.4168	51.63093
	17.41733	51.63083
	17.41851	51.63057
	17.41894	51.63055
	17.41978	51.6307
	17.42039	51.63087
	17.42137	51.63102
	17.42308	51.63166
	17.42386	51.63179
	17.42507	51.63186
	17.42665	51.63204
	17.42901	51.63234
	17.43022	51.63259
	17.43092	51.63264
	17.43255	51.63255
	17.43322	51.63241
	17.43365	51.63237
	17.43473	51.63202
	17.43553	51.63187
	17.43696	51.63189
	17.4373	51.63184
	17.43782	51.63169
	17.43823	51.63292
	17.44107	51.63233
	17.45971	51.62814
	17.45965	51.62638
	17.462	51.62618
	17.46301	51.62619
	17.46445	51.62635
	17.46588	51.6266
	17.4663	51.62677
	17.46793	51.62659
	17.46807	51.62664
	17.47006	51.62641
	17.471	51.62617
	17.47135	51.62606
	17.47129	51.62557
	17.47323	51.62369
	17.47532	51.6231
	17.47606	51.62272
	17.47644	51.62292
	17.47813	51.6217
	17.47841	51.6216
	17.48045	51.62055
	17.48385	51.61788
	17.48744	51.61644
	17.49137	51.6163
	17.49331	51.61592
	17.49874	51.61577
	17.50125	51.61225
	17.50347	51.60996
	17.50372	51.60936
	17.50599	51.60913
	17.50658	51.60905
	17.50679	51.60898
	17.51065	51.60922
	17.51212	51.60899
	17.51443	51.60825
	17.51614	51.60717
	17.51907	51.60649
	17.52133	51.60561
	17.51957	51.60455
	17.51852	51.60228
	17.51908	51.60046
	17.52048	51.5984
	17.52124	51.59635
	17.52138	51.59512
	17.52133	51.59447
	17.52139	51.59431
	17.52134	51.59393
	17.52049	51.59289
	17.52183	51.59013
	17.52314	51.58942
	17.52423	51.58963
	17.52418	51.58894
	17.52455	51.58778
	17.52459	51.58729
	17.52412	51.58628
	17.52413	51.58557
	17.52393	51.58517
	17.52385	51.5848
	17.52434	51.5847
	17.52426	51.58298
	17.52709	51.58286
	17.52716	51.58293
	17.52777	51.58401
	17.52781	51.58418
	17.52803	51.58464
	17.52813	51.58535
	17.52856	51.58584
	17.52863	51.58603
	17.5287	51.58726
	17.52859	51.58766
	17.53074	51.58764
	17.53276	51.58961
	17.53268	51.58969
	17.53603	51.58916
	17.53636	51.58919
	17.54333	51.58673
	17.54537	51.58622
	17.54711	51.5863
	17.54903	51.58605
	17.55349	51.58492
	17.55422	51.58489
	17.55541	51.58463
	17.5563	51.58418
	17.55577	51.58188
	17.55469	51.5785
	17.55689	51.57551
	17.55917	51.57532
	17.56023	51.57489
	17.55967	51.5738
	17.55993	51.57374
	17.55984	51.57352
	17.5605	51.57335
	17.56005	51.57198
	17.5603	51.57196
	17.56021	51.57147
	17.56043	51.57144
	17.56011	51.57041
	17.56299	51.57026
	17.56313	51.5701
	17.56298	51.56899
	17.56693	51.56797
	17.5686	51.56771
	17.5697	51.56734
	17.57242	51.56677
	17.57192	51.55518
	17.57495	51.5493
	17.57531	51.54856
	17.57599	51.544
	17.57642	51.53963
	17.57467	51.53969
	17.57471	51.53755
	17.57385	51.53745
	17.57387	51.53642
	17.5733	51.53648
	17.57309	51.5344
	17.57322	51.53437
	17.57232	51.53201
	17.57279	51.52991
	17.571	51.52926
	17.5699	51.52865
	17.56882	51.52799
	17.56814	51.52725
	17.5678	51.5267
	17.56672	51.52555
	17.56541	51.52492
	17.56515	51.52428
	17.56364	51.52421
	17.56371	51.52379
	17.56331	51.52361
	17.56309	51.52333
	17.56293	51.52278
	17.56273	51.52232
	17.56238	51.52174
	17.56166	51.52142
	17.56108	51.5213
	17.56021	51.52131
	17.56019	51.52085
	17.55984	51.52037
	17.5581	51.51958
	17.55543	51.51909
	17.55562	51.51874
	17.55512	51.51861
	17.55537	51.51807
	17.55532	51.51762
	17.55483	51.51768
	17.55446	51.51764
	17.55432	51.51751
	17.55231	51.51785
	17.55168	51.5179
	17.55098	51.51783
	17.54815	51.51676
	17.54732	51.51667
	17.54672	51.51674
	17.54596	51.51706
	17.54593	51.51672
	17.54561	51.51587
	17.54486	51.51552
	17.54233	51.51613
	17.54207	51.51561
	17.54175	51.51572
	17.54122	51.51572
	17.54059	51.51585
	17.53914	51.51557
	17.53871	51.51597
	17.53815	51.51624
	17.53701	51.51609
	17.53573	51.51612
	17.53554	51.51605
	17.53546	51.51563
	17.53546	51.51509
	17.53551	51.5146
	17.53508	51.51415
	17.53545	51.51378
	17.53295	51.51329
	17.53034	51.51342
	17.52928	51.51336
	17.5278	51.51391
	17.52642	51.51419
	17.52161	51.51458
	17.52063	51.51254
	17.52009	51.51115
	17.51811	51.51148
	17.51461	51.51094
	17.51218	51.50551
	17.51252	51.50547
	17.51291	51.50533
	17.51358	51.50486
	17.51302	51.50412
	17.51437	51.50348
	17.51309	51.50223
	17.51414	51.50191
	17.51405	51.50153
	17.51625	51.50132
	17.51674	51.50149
	17.51832	51.50122
	17.51833	51.50102
	17.51849	51.50084
	17.51887	51.50082
	17.52003	51.5005
	17.52148	51.50039
	17.52447	51.5
	17.52449	51.49991
	17.52516	51.49996
	17.52643	51.49992
	17.52596	51.49931
	17.52555	51.49842
	17.52477	51.49839
	17.52383	51.49694
	17.52477	51.49692
	17.52451	51.49502
	17.52442	51.49478
	17.52426	51.49449
	17.52319	51.49411
	17.52157	51.49343
	17.51946	51.49334
	17.51954	51.49318
	17.51978	51.49236
	17.51934	51.49228
	17.51919	51.49198
	17.51866	51.4918
	17.51824	51.49173
	17.5182	51.4913
	17.51858	51.49106
	17.51871	51.49083
	17.51835	51.49049
	17.51855	51.4904
	17.51847	51.48917
	17.51806	51.48917
	17.51727	51.4895
	17.51604	51.48814
	17.51731	51.48775
	17.51869	51.48713
	17.51791	51.48565
	17.52033	51.48515
	17.52328	51.48491
	17.52249	51.48453
	17.52201	51.48348
	17.5212	51.48084
	17.52303	51.48038
	17.52278	51.47994
	17.5225	51.48
	17.52	51.47618
	17.52042	51.47579
	17.52028	51.4753
	17.52066	51.47445
	17.52158	51.47285
	17.52199	51.47258
	17.52266	51.47233
	17.52362	51.47208
	17.52436	51.47167
	17.52539	51.471
	17.52646	51.47061
	17.52833	51.47028
	17.52912	51.47
	17.52083	51.46249
	17.52187	51.46206
	17.52304	51.46143
	17.52376	51.46064
	17.52388	51.46024
	17.52483	51.45876
	17.52653	51.45814
	17.52726	51.45737
	17.52701	51.45721
	17.52997	51.45549
	17.53248	51.45253
	17.5453	51.4451
	17.54808	51.44353
	17.54978	51.4385
	17.55204	51.43567
	17.54837	51.42782
	17.54581	51.4283
	17.54531	51.42835
	17.54431	51.42649
	17.54338	51.42664
	17.54386	51.4262
	17.54314	51.42547
	17.54241	51.42479
	17.54257	51.42414
	17.54256	51.42363
	17.54133	51.42224
	17.54057	51.42129
	17.54071	51.42123
	17.54166	51.42067
	17.54214	51.42049
	17.54241	51.42017
	17.54238	51.42006
	17.54386	51.41937
	17.54397	51.41946
	17.54446	51.41964
	17.54474	51.4196
	17.54504	51.41968
	17.54537	51.41963
	17.54605	51.41963
	17.54692	51.41939
	17.5476	51.41928
	17.54793	51.41914
	17.54814	51.41911
	17.54852	51.419
	17.54856	51.41893
	17.54851	51.41873
	17.5486	51.41829
	17.54857	51.41792
	17.54882	51.41779
	17.54896	51.41762
	17.54882	51.41741
	17.54898	51.41682
	17.54963	51.41658
	17.54929	51.41623
	17.5501	51.41605
	17.55047	51.41583
	17.55087	51.41545
	17.55103	51.41505
	17.5517	51.41472
	17.55248	51.41417
	17.55248	51.4135
	17.55371	51.41325
	17.5532	51.41256
	17.55324	51.41186
	17.55419	51.41073
	17.55627	51.40967
	17.56006	51.40833
	17.56289	51.40699
	17.5636	51.40609
	17.56837	51.40536
	17.57024	51.40496
	17.57265	51.40543
	17.57481	51.40592
	17.57481	51.40589
	17.57495	51.4059
	17.57496	51.40596
	17.57568	51.40616
	17.57713	51.40671
	17.57995	51.40825
	17.58485	51.40962
	17.5909	51.40985
	17.59578	51.40926
	17.59609	51.40957
	17.59895	51.40956
	17.59932	51.40939
	17.60392	51.40939
	17.6044	51.40996
	17.6053	51.41048
	17.60739	51.4135
	17.60854	51.41564
	17.61016	51.41696
	17.61218	51.41991
	17.61287	51.42178
	17.61291	51.42297
	17.61575	51.4229
	17.61571	51.42266
	17.61672	51.42246
	17.61668	51.42194
	17.61857	51.42182
	17.61851	51.42135
	17.61805	51.42078
	17.61869	51.42059
	17.62065	51.42052
	17.62517	51.41906
	17.62696	51.41936
	17.62817	51.4204
	17.62939	51.42095
	17.62978	51.42099
	17.63021	51.42084
	17.63136	51.42164
	17.63095	51.42348
	17.6347	51.42379
	17.63831	51.42349
	17.63818	51.42383
	17.64011	51.42363
	17.64038	51.42345
	17.64018	51.42271
	17.6404	51.42197
	17.6397	51.42138
	17.63983	51.42116
	17.64136	51.42057
	17.64194	51.41988
	17.64273	51.4198
	17.64341	51.41889
	17.64425	51.41893
	17.64798	51.41827
	17.64889	51.41751
	17.64973	51.41702
	17.64959	51.41644
	17.65015	51.41611
	17.6501	51.41581
	17.65124	51.41444
	17.65159	51.41436
	17.65188	51.41351
	17.65232	51.41291
	17.65266	51.41275
	17.65313	51.41264
	17.6571	51.41197
	17.65684	51.41118
	17.65913	51.41079
	17.65897	51.41037
	17.66112	51.40997
	17.66189	51.41143
	17.66253	51.41161
	17.66225	51.41195
	17.66248	51.41218
	17.66567	51.41355
	17.66737	51.41452
	17.66804	51.41574
	17.66852	51.41603
	17.66994	51.41563
	17.67196	51.41541
	17.6745	51.4148
	17.68179	51.41119
	17.68298	51.41097
	17.6823	51.4091
	17.68806	51.4078
	17.68678	51.40538
	17.68925	51.40463
	17.69055	51.40417
	17.69542	51.40335
	17.69702	51.40283
	17.69798	51.40238
	17.70038	51.40174
	17.70308	51.39949
	17.70701	51.40077
	17.71218	51.40131
	17.715	51.4018
	17.71521	51.40206
	17.71557	51.4017
	17.71654	51.40188
	17.71703	51.40222
	17.71785	51.40257
	17.71812	51.40286
	17.71857	51.40305
	17.71857	51.40343
	17.71889	51.4041
	17.71921	51.40447
	17.71947	51.40512
	17.71933	51.40555
	17.71949	51.40616
	17.71928	51.40641
	17.71863	51.40681
	17.71838	51.40745
	17.71862	51.40794
	17.71861	51.40825
	17.71793	51.40887
	17.71739	51.40971
	17.71709	51.41036
	17.71677	51.4104
	17.71625	51.41083
	17.71587	51.41117
	17.71526	51.41129
	17.71506	51.41206
	17.71538	51.41231
	17.71576	51.4135
	17.71622	51.41417
	17.71622	51.4147
	17.71559	51.41582
	17.71541	51.41672
	17.71397	51.41852
	17.71696	51.41983
	17.71603	51.4215
	17.71864	51.42263
	17.71916	51.4213
	17.72197	51.42255
	17.7232	51.42262
	17.72337	51.42237
	17.72623	51.42079
	17.72771	51.42141
	17.72793	51.42136
	17.72828	51.4216
	17.72973	51.42165
	17.72992	51.4214
	17.73095	51.42128
	17.73216	51.42037
	17.73291	51.42073
	17.7332	51.42048
	17.73797	51.41907
	17.73719	51.41799
	17.73425	51.41683
	17.73601	51.41643
	17.73681	51.41607
	17.73821	51.41582
	17.73984	51.41564
	17.73998	51.41577
	17.74405	51.41547
	17.74546	51.41567
	17.74532	51.41496
	17.74588	51.41475
	17.74652	51.41487
	17.74847	51.41465
	17.74803	51.41379
	17.74652	51.41357
	17.74626	51.41322
	17.7459	51.41316
	17.74563	51.41265
	17.7466	51.4124
	17.74652	51.41206
	17.7482	51.4117
	17.7485	51.41154
	17.74947	51.41156
	17.74981	51.4113
	17.75002	51.41133
	17.75191	51.40893
	17.75235	51.40866
	17.75333	51.40836
	17.75424	51.40778
	17.75501	51.40693
	17.75572	51.40573
	17.75589	51.40475
	17.75577	51.40416
	17.75543	51.4032
	17.75482	51.40223
	17.75319	51.40059
	17.75258	51.39942
	17.75244	51.3986
	17.75195	51.39849
	17.74973	51.39855
	17.7472	51.39817
	17.74647	51.39822
	17.74434	51.39895
	17.74242	51.39919
	17.73996	51.39933
	17.73728	51.39998
	17.73638	51.40008
	17.73684	51.39972
	17.73647	51.39769
	17.73803	51.39756
	17.73739	51.39491
	17.72911	51.39568
	17.72928	51.3941
	17.72997	51.39269
	17.73057	51.39212
	17.73167	51.39138
	17.73205	51.39096
	17.73224	51.39059
	17.73137	51.38894
	17.73146	51.38862
	17.73192	51.3879
	17.73289	51.38731
	17.732	51.38689
	17.73038	51.38638
	17.72578	51.38609
	17.71999	51.38614
	17.71524	51.37182
	17.70646	51.37138
	17.70433	51.36673
	17.70662	51.36589
	17.70615	51.36395
	17.70885	51.36363
	17.71073	51.36344
	17.71059	51.36248
	17.7113	51.36101
	17.71104	51.36087
	17.71173	51.3599
	17.71059	51.35868
	17.71337	51.35887
	17.71742	51.35861
	17.71761	51.35939
	17.71923	51.35926
	17.72029	51.35894
	17.72259	51.35957
	17.72329	51.35924
	17.72803	51.35469
	17.73294	51.3494
	17.74366	51.34641
	17.74388	51.32867
	17.747	51.32611
	17.75173	51.32413
	17.75239	51.32374
	17.75789	51.3226
	17.76264	51.32008
	17.76499	51.31636
	17.76048	51.3147
	17.75597	51.31131
	17.76053	51.30964
	17.75892	51.30827
	17.76439	51.3059
	17.76278	51.30466
	17.76013	51.30226
	17.76199	51.30181
	17.76342	51.302
	17.76339	51.30217
	17.76366	51.30255
	17.76395	51.30288
	17.76418	51.30308
	17.76456	51.30333
	17.76481	51.30344
	17.76519	51.30357
	17.7655	51.30364
	17.76564	51.30366
	17.76585	51.30368
	17.76627	51.30368
	17.7665	51.30366
	17.7679	51.30348
	17.76812	51.30343
	17.7683	51.30338
	17.7687	51.30322
	17.76897	51.30307
	17.76905	51.30301
	17.76939	51.30273
	17.7697	51.30236
	17.7699	51.302
	17.77003	51.30161
	17.77006	51.30068
	17.77005	51.30059
	17.7698	51.29995
	17.76953	51.29958
	17.76919	51.29924
	17.76885	51.299
	17.76862	51.29887
	17.7683	51.29874
	17.76795	51.29863
	17.76741	51.29851
	17.76723	51.29848
	17.76595	51.2983
	17.76242	51.29783
	17.75713	51.29402
	17.75034	51.2907
	17.74731	51.28599
	17.75177	51.28402
	17.75205	51.28373
	17.7521	51.28329
	17.75205	51.28293
	17.75138	51.28231
	17.75131	51.28209
	17.75112	51.28194
	17.75168	51.2813
	17.7479	51.27944
	17.74706	51.27981
	17.74417	51.27852
	17.74383	51.27876
	17.74056	51.2773
	17.74113	51.27685
	17.73838	51.27564
	17.74175	51.27364
	17.74504	51.27214
	17.74905	51.2707
	17.74941	51.27035
	17.74955	51.2699
	17.74922	51.26695
	17.74678	51.26524
	17.74587	51.26379
	17.74516	51.26174
	17.74371	51.2593
	17.74282	51.25689
	17.74303	51.2542
	17.7441	51.25189
	17.74584	51.24979
	17.74593	51.24912
	17.74435	51.24666
	17.74426	51.2463
	17.74497	51.24459
	17.74442	51.24407
	17.74462	51.24363
	17.74397	51.24301
	17.74412	51.24294
	17.7442	51.24301
	17.74477	51.2429
	17.74504	51.2427
	17.74492	51.2423
	17.74539	51.24158
	17.74879	51.23856
	17.75392	51.23532
	17.75546	51.23314
	17.75533	51.23024
	17.75674	51.22873
	17.75769	51.22671
	17.75695	51.2229
	17.75471	51.22178
	17.7567	51.21631
	17.75956	51.21369
	17.76059	51.21247
	17.76303	51.21047
	17.76585	51.20676
	17.7675	51.20392
	17.76842	51.20311
	17.77087	51.20156
	17.7717	51.20092
	17.77532	51.19881
	17.77628	51.19839
	17.77751	51.19796
	17.78042	51.19727
	17.78563	51.19621
	17.79535	51.19419
	17.79497	51.19003
	17.79516	51.18973
	17.79393	51.18927
	17.79096	51.18876
	17.78934	51.18793
	17.78732	51.18817
	17.78304	51.18824
	17.78246	51.18771
	17.78074	51.18529
	17.78029	51.18448
	17.78005	51.18358
	17.77985	51.18324
	17.77212	51.18457
	17.76872	51.18504
	17.76314	51.18539
	17.75994	51.18571
	17.75636	51.18624
	17.75409	51.18677
	17.75383	51.1866
	17.75333	51.18501
	17.75207	51.18278
	17.75033	51.18001
	17.7502	51.17958
	17.74917	51.17899
	17.74649	51.1782
	17.74404	51.17659
	17.74175	51.17573
	17.74069	51.17511
	17.73751	51.17518
	17.73367	51.17549
	17.73397	51.17433
	17.73181	51.17436
	17.72988	51.17479
	17.7289	51.17483
	17.72667	51.17446
	17.72472	51.17421
	17.72212	51.17438
	17.71636	51.17491
	17.71358	51.1749
	17.70957	51.17371
	17.70825	51.17339
	17.70644	51.1732
	17.70583	51.17348
	17.70506	51.1738
	17.70438	51.17384
	17.70139	51.17201
	17.69848	51.17217
	17.69815	51.1712
	17.69844	51.17002
	17.69854	51.16873
	17.69901	51.16746
	17.6993	51.16543
	17.69942	51.16501
	17.70023	51.1634
	17.69804	51.1643
	17.69692	51.16495
	17.69612	51.16505
	17.69516	51.16522
	17.69456	51.16525
	17.69402	51.16515
	17.69337	51.16511
	17.69253	51.1651
	17.69085	51.16525
	17.68836	51.16591
	17.68533	51.16645
	17.68483	51.16646
	17.68421	51.16661
	17.68394	51.16674
	17.68203	51.16717
	17.68228	51.16658
	17.68297	51.16573
	17.68266	51.16564
	17.68032	51.16538
	17.67934	51.16534
	17.67812	51.16526
	17.67743	51.16512
	17.67687	51.16498
	17.67542	51.16454
	17.67417	51.16413
	17.67386	51.16388
	17.67211	51.16218
	17.67207	51.16215
	17.67201	51.1622
	17.67199	51.1622
	17.67161	51.16178
	17.67136	51.16165
	17.67059	51.1614
	17.66995	51.16122
	17.66949	51.16088
	17.66824	51.1616
	17.66721	51.16211
	17.66628	51.16244
	17.6658	51.16252
	17.66554	51.16264
	17.6654	51.16265
	17.66444	51.16255
	17.66423	51.16275
	17.66398	51.16289
	17.66364	51.16295
	17.66281	51.1629
	17.66198	51.16301
	17.66124	51.16318
	17.66102	51.16327
	17.66054	51.16357
	17.66031	51.16361
	17.65988	51.16363
	17.65925	51.16345
	17.65905	51.16347
	17.65885	51.16356
	17.6587	51.16385
	17.65853	51.16402
	17.65857	51.16404
	17.65833	51.1643
	17.65808	51.16465
	17.65787	51.16513
	17.65731	51.16581
	17.65684	51.16591
	17.65615	51.1666
	17.65594	51.16668
	17.65507	51.16672
	17.65491	51.1667
	17.65467	51.1667
	17.65418	51.16683
	17.65397	51.16685
	17.65352	51.16679
	17.65225	51.1671
	17.65185	51.16718
	17.65122	51.16747
	17.65101	51.16762
	17.65075	51.16765
	17.65023	51.16755
	17.64966	51.16755
	17.64898	51.16774
	17.64794	51.16778
	17.64677	51.16798
	17.64658	51.16796
	17.64618	51.16789
	17.64579	51.1679
	17.64413	51.16805
	17.64267	51.16814
	17.6423	51.16821
	17.64173	51.16815
	17.64115	51.16838
	17.64051	51.1685
	17.64006	51.16851
	17.63945	51.16834
	17.63912	51.1696
	17.63911	51.16971
	17.63889	51.17059
	17.64054	51.17318
	17.63936	51.17346
	17.63826	51.17345
	17.63795	51.17349
	17.63287	51.17468
	17.62538	51.17518
	17.62218	51.17538
	17.62062	51.17543
	17.62111	51.17601
	17.62042	51.17703
	17.61995	51.17761
	17.6196	51.17813
	17.61952	51.17991
	17.61914	51.18109
	17.61946	51.18365
	17.6195	51.18441
	17.61755	51.18495
	17.61743	51.18479
	17.61653	51.1852
	17.61556	51.18608
	17.61462	51.18666
	17.61414	51.18689
	17.61341	51.18714
	17.61307	51.18731
	17.61237	51.18821
	17.6123	51.18874
	17.61205	51.18941
	17.6115	51.19048
	17.61023	51.19028
	17.60662	51.18958
	17.60704	51.18936
	17.60682	51.18911
	17.60316	51.1854
	17.60007	51.1821
	17.59664	51.17854
	17.60269	51.17592
	17.59989	51.17346
	17.59709	51.17109
	17.59865	51.16886
	17.59889	51.16782
	17.59777	51.16795
	17.59632	51.16832
	17.59472	51.16882
	17.58932	51.17138
	17.58722	51.16885
	17.58142	51.1648
	17.57824	51.16225
	17.5705	51.16522
	17.56792	51.16596
	17.56786	51.16493
	17.56742	51.16382
	17.56715	51.16354
	17.56667	51.16286
	17.56641	51.16148
	17.56504	51.16071
	17.56447	51.16061
	17.56324	51.16021
	17.56259	51.16012
	17.56188	51.15976
	17.56171	51.15957
	17.56135	51.15895
	17.56095	51.15879
	17.56022	51.15846
	17.56031	51.1581
	17.55868	51.15682
	17.55743	51.15695
	17.55628	51.15701
	17.55489	51.15676
	17.55423	51.15679
	17.55391	51.15673
	17.55277	51.15606
	17.5504	51.15522
	17.54954	51.15509
	17.54906	51.15494
	17.54874	51.15489
	17.54783	51.15493
	17.54673	51.15468
	17.54598	51.15495
	17.54549	51.15484
	17.5449	51.15452
	17.54474	51.1545
	17.54491	51.1537
	17.54494	51.15038
	17.54502	51.14838
	17.54558	51.14358
	17.55693	51.14098
	17.55696	51.14105
	17.55717	51.141
	17.56773	51.13785
	17.56555	51.13348
	17.57119	51.13163
	17.57468	51.13027
	17.5756	51.1297
	17.57636	51.12942
	17.57602	51.12856
	17.57589	51.12806
	17.57578	51.1278
	17.57562	51.12766
	17.57579	51.12749
	17.57561	51.12406
	17.5755	51.12359
	17.57522	51.12325
	17.57511	51.1232
	17.57513	51.12296
	17.57337	51.12014
	17.57317	51.1202
	17.57287	51.11913
	17.57211	51.11808
	17.57147	51.11762
	17.5733	51.11684
	17.57328	51.11678
	17.57274	51.11665
	17.57253	51.11661
	17.57178	51.11635
	17.57181	51.11618
	17.57189	51.11603
	17.57256	51.1158
	17.57404	51.11532
	17.57491	51.11485
	17.57566	51.11413
	17.57698	51.11215
	17.57736	51.11166
	17.57825	51.11076
	17.57193	51.10619
	17.57049	51.10394
	17.57091	51.10384
	17.56968	51.10298
	17.56969	51.10259
	17.56951	51.1025
	17.56894	51.10155
	17.56876	51.10031
	17.5684	51.09945
	17.56803	51.09849
	17.56719	51.09748
	17.56517	51.09528
	17.56244	51.09261
	17.56778	51.08843
	17.57115	51.08746
	17.57484	51.08669
	17.5765	51.08613
	17.5795	51.08458
	17.58152	51.08293
	17.58218	51.08184
	17.58058	51.08101
	17.57904	51.0803
	17.57709	51.07942
	17.57353	51.07775
	17.57299	51.07746
	17.57171	51.07683
	17.57064	51.07561
	17.56671	51.0738
	17.5644	51.07312
	17.56235	51.07162
	17.5602	51.06949
	17.55821	51.06783
	17.55243	51.06719
	17.54963	51.0678
	17.54928	51.06784
	17.54612	51.06776
	17.54369	51.06784
	17.53988	51.06856
	17.53616	51.06928
	17.5329	51.06884
	17.53089	51.06812
	17.52962	51.06779
	17.52715	51.06692
	17.5259	51.06602
	17.5245	51.06526
	17.52343	51.06412
	17.52177	51.06262
	17.52117	51.06214
	17.51997	51.06056
	17.51966	51.06004
	17.51945	51.05974
	17.51915	51.05939
	17.51922	51.05937
	17.51871	51.05881
	17.52444	51.0585
	17.52382	51.05336
	17.52114	51.05353
	17.51828	51.05151
	17.52108	51.04834
	17.5262	51.04949
	17.53198	51.04422
	17.53354	51.04296
	17.53493	51.04317
	17.53209	51.03964
	17.53168	51.03863
	17.53109	51.0377
	17.52912	51.03495
	17.52897	51.03455
	17.52826	51.03337
	17.52747	51.03176
	17.5273	51.03152
	17.52609	51.03073
	17.5257	51.03042
	17.52449	51.02909
	17.52342	51.02854
	17.51957	51.02595
	17.51895	51.0255
	17.51835	51.02095
	17.51821	51.02016
	17.51859	51.01848
	17.5186	51.01752
	17.5184	51.01694
	17.5181	51.01654
	17.51795	51.01649
	17.51778	51.01634
	17.51615	51.01362
	17.51588	51.01305
	17.51566	51.0128
	17.51442	51.01163
	17.52025	51.00972
	17.52059	51.00957
	17.52192	51.00914
	17.52171	51.00762
	17.52179	51.00755
	17.52165	51.00692
	17.52174	51.0069
	17.52126	51.00569
	17.52193	51.00555
	17.52403	51.0041
	17.52603	51.00371
	17.52664	51.00332
	17.52784	51.00258
	17.52801	51.00234
	17.52842	51.00233
	17.52868	51.00228
	17.52896	51.0022
	17.52939	51.00223
	17.53458	51.00243
	17.53519	51.00254
	17.5364	51.00242
	17.54054	51.00264
	17.54166	51.0024
	17.54215	51.00039
	17.54379	50.9998
	17.54333	50.99885
	17.54319	50.99828
	17.54283	50.9973
	17.54207	50.99553
	17.54175	50.99464
	17.5412	50.99352
	17.54069	50.99223
	17.54258	50.99117
	17.53985	50.99059
	17.53834	50.98929
	17.53535	50.98884
	17.53476	50.99001
	17.51803	50.98715
	17.50433	50.98858
	17.49887	50.99281
	17.49063	50.98826
	17.49517	50.98508
	17.50492	50.98482
	17.51517	50.97963
	17.51307	50.97243
	17.50929	50.96936
	17.50483	50.96973
	17.5029	50.97201
	17.50458	50.97302
	17.50162	50.97557
	17.48141	50.97395
	17.4801	50.97254
	17.4764	50.97306
	17.46911	50.97185
	17.46418	50.97823
	17.46408	50.9782
	17.46401	50.9783
	17.46268	50.97778
	17.45775	50.97533
	17.45016	50.97174
	17.44329	50.96974
	17.43247	50.96747
	17.43178	50.96732
	17.43044	50.96696
	17.43178	50.96372
	17.43243	50.96063
	17.43277	50.95697
	17.4324	50.9543
	17.43173	50.94923
	17.43217	50.94805
	17.43233	50.94771
	17.43255	50.94731
	17.43226	50.94729
	17.43151	50.947
	17.43043	50.94722
	17.42881	50.94711
	17.42863	50.94666
	17.43082	50.94528
	17.43226	50.94369
	17.43408	50.94246
	17.43444	50.94291
	17.43516	50.94279
	17.43772	50.94052
	17.4388	50.93847
	17.43921	50.93687
	17.43777	50.93505
	17.43815	50.93436
	17.43798	50.93356
	17.4369	50.93208
	17.43675	50.93093
	17.4373	50.9306
	17.43766	50.93015
	17.43531	50.92877
	17.43282	50.92761
	17.43175	50.92681
	17.43013	50.925
	17.42978	50.92431
	17.42999	50.92328
	17.4313	50.91974
	17.43165	50.91826
	17.43238	50.91804
	17.43397	50.9176
	17.43527	50.91712
	17.43642	50.91695
	17.43475	50.91633
	17.43458	50.91644
	17.43399	50.91652
	17.43358	50.91598
	17.4325	50.91612
	17.4305	50.91418
	17.42914	50.91464
	17.42719	50.9106
	17.42512	50.91114
	17.4224	50.91219
	17.42018	50.91261
	17.41779	50.91386
	17.41709	50.91192
	17.41624	50.91213
	17.41487	50.91148
	17.41457	50.91131
	17.41338	50.9108
	17.41259	50.91053
	17.41145	50.91022
	17.41132	50.91027
	17.41019	50.9101
	17.41001	50.90999
	17.40928	50.90997
	17.40828	50.91003
	17.40649	50.91055
	17.40542	50.91117
	17.40439	50.91199
	17.40277	50.91391
	17.40247	50.9147
	17.40236	50.9161
	17.402	50.91844
	17.40063	50.91982
	17.39749	50.92066
	17.38867	50.92181
	17.3836	50.9235
	17.38111	50.92435
	17.37945	50.92471
	17.37711	50.92494
	17.37148	50.92508
	17.36955	50.92435
	17.36861	50.92176
	17.37093	50.91819
	17.36612	50.9144
	17.36715	50.91375
	17.35754	50.9072
	17.35951	50.90612
	17.35282	50.90081
	17.36237	50.89905
	17.36384	50.89866
	17.36729	50.89832
	17.37018	50.89741
	17.37947	50.89526
	17.39326	50.88926
	17.39304	50.8857
	17.39266	50.8804
	17.39273	50.86329
	17.36111	50.85686
	17.3591	50.85474
	17.35726	50.85294
	17.34763	50.85284
	17.34398	50.8518
	17.33385	50.85202
	17.32801	50.8505
	17.32898	50.84774
	17.33003	50.84502
	17.33055	50.84415
	17.33316	50.84146
	17.33758	50.83763
	17.34349	50.8308
	17.34306	50.82856
	17.34248	50.82756
	17.3286	50.82314
	17.32243	50.82173
	17.31908	50.82091
	17.32034	50.82058
	17.32232	50.82031
	17.32405	50.8204
	17.32469	50.81985
	17.32709	50.81857
	17.32789	50.81827
	17.33027	50.81629
	17.33226	50.8153
	17.33275	50.81476
	17.33326	50.81408
	17.3352	50.81276
	17.33659	50.81125
	17.33743	50.81
	17.33859	50.80905
	17.34072	50.80803
	17.34218	50.80768
	17.3431	50.80749
	17.34426	50.80747
	17.345	50.80752
	17.35017	50.80761
	17.35016	50.80704
	17.34953	50.80625
	17.34888	50.80506
	17.34861	50.80299
	17.35001	50.80163
	17.35007	50.79982
	17.35141	50.79894
	17.35238	50.79826
	17.35303	50.7972
	17.35324	50.79591
	17.35442	50.79482
	17.35426	50.79407
	17.3527	50.79326
	17.35184	50.79088
	17.35202	50.79045
	17.35123	50.78985
	17.34953	50.78832
	17.34909	50.78803
	17.3476	50.7878
	17.34638	50.78784
	17.34508	50.78425
	17.33794	50.78584
	17.33428	50.78687
	17.32437	50.78661
	17.31095	50.78761
	17.30496	50.78829
	17.29359	50.79156
	17.28618	50.79475
	17.28503	50.79242
	17.27722	50.78839
	17.27337	50.78788
	17.2717	50.78618
	17.27084	50.78019
	17.26487	50.77706
	17.25694	50.77492
	17.25419	50.77198
	17.2601	50.77212
	17.26648	50.77176
	17.2705	50.77049
	17.26843	50.76791
	17.27515	50.76511
	17.27727	50.7629
	17.27951	50.76068
	17.28704	50.7581
	17.29238	50.75443
	17.29397	50.75383
	17.29758	50.75333
	17.29574	50.75211
	17.29533	50.75179
	17.29551	50.75154
	17.2955	50.75137
	17.29542	50.7513
	17.29538	50.75101
	17.29543	50.75094
	17.29555	50.75092
	17.29555	50.75083
	17.29544	50.75068
	17.29518	50.75052
	17.2947	50.75019
	17.29422	50.74967
	17.29344	50.749
	17.29324	50.74873
	17.29252	50.74788
	17.29195	50.74712
	17.29139	50.74646
	17.2941	50.74556
	17.29662	50.7447
	17.30117	50.74303
	17.29428	50.73757
	17.29393	50.7378
	17.29338	50.73804
	17.29095	50.73899
	17.29061	50.73915
	17.29035	50.73932
	17.28783	50.74158
	17.28723	50.7421
	17.28689	50.74237
	17.28657	50.7426
	17.28617	50.74283
	17.28552	50.7431
	17.28487	50.74328
	17.28425	50.74343
	17.2837	50.74359
	17.28223	50.74397
	17.28073	50.74432
	17.27966	50.74461
	17.2794	50.74453
	17.27872	50.74456
	17.27745	50.74467
	17.27683	50.74469
	17.27623	50.74466
	17.27555	50.74459
	17.27454	50.74412
	17.27422	50.74395
	17.27392	50.7437
	17.27394	50.74354
	17.27377	50.74306
	17.27356	50.74258
	17.27318	50.74213
	17.27247	50.74153
	17.27186	50.74118
	17.27148	50.74099
	17.27009	50.74042
	17.26977	50.74035
	17.26788	50.73999
	17.26708	50.73991
	17.26499	50.73981
	17.26254	50.73911
	17.26254	50.73906
	17.26328	50.73809
	17.26332	50.73792
	17.2633	50.7379
	17.26355	50.73631
	17.26417	50.7345
	17.26427	50.73434
	17.26321	50.72993
	17.26302	50.72973
	17.26273	50.73
	17.26188	50.73049
	17.25871	50.72498
	17.25827	50.72512
	17.25766	50.72449
	17.25712	50.72467
	17.25702	50.72437
	17.25623	50.72314
	17.2555	50.72206
	17.25517	50.72166
	17.25452	50.72077
	17.25399	50.72009
	17.25344	50.71958
	17.25226	50.71823
	17.25212	50.71772
	17.25202	50.71774
	17.24787	50.7194
	17.2404	50.7182
	17.23903	50.71522
	17.23432	50.71551
	17.22892	50.71722
	17.2288	50.71463
	17.22611	50.71558
	17.22387	50.71387
	17.22082	50.71369
	17.22231	50.70696
	17.2203	50.70125
	17.25612	50.69161
	17.25909	50.69045
	17.25575	50.68661
	17.25388	50.68715
	17.25242	50.68685
	17.24709	50.68206
	17.24406	50.68196
	17.23456	50.68113
	17.23841	50.67401
	17.23845	50.67336
	17.23959	50.67164
	17.2389	50.6711
	17.23817	50.6694
	17.2378	50.66515
	17.23732	50.6649
	17.23736	50.66415
	17.23821	50.66394
	17.2389	50.66181
	17.23914	50.66116
	17.23845	50.65867
	17.23797	50.65774
	17.23666	50.65705
	17.23594	50.65645
	17.23545	50.65645
	17.23447	50.6564
	17.23354	50.65617
	17.23297	50.65534
	17.2333	50.65447
	17.23626	50.65383
	17.23655	50.65326
	17.23764	50.65197
	17.23955	50.65094
	17.23537	50.64953
	17.23537	50.64664
	17.23456	50.64474
	17.23419	50.64422
	17.23151	50.64252
	17.23033	50.64129
	17.23118	50.63802
	17.23188	50.63541
	17.2346	50.63212
	17.23504	50.63186
	17.2365	50.63111
	17.23975	50.6299
	17.24292	50.62797
	17.24195	50.62648
	17.24207	50.62508
	17.24286	50.62228
	17.24471	50.61952
	17.2417	50.61658
	17.23606	50.61321
	17.23218	50.61447
	17.23096	50.61485
	17.23059	50.61492
	17.22961	50.61434
	17.2275	50.6146
	17.2268	50.61454
	17.22614	50.61458
	17.22476	50.61463
	17.22378	50.61464
	17.22303	50.61473
	17.22225	50.61501
	17.22151	50.61533
	17.22058	50.61564
	17.2195	50.61581
	17.21876	50.61586
	17.2181	50.61585
	17.21779	50.61588
	17.21701	50.61586
	17.21654	50.61592
	17.21547	50.61592
	17.21314	50.61599
	17.21303	50.61606
	17.20881	50.61623
	17.20878	50.61615
	17.20685	50.61618
	17.20328	50.61617
	17.19963	50.61623
	17.19949	50.61622
	17.19883	50.61621
	17.19724	50.61622
	17.19592	50.61624
	17.19481	50.61624
	17.19455	50.61623
	17.1934	50.61627
	17.19306	50.61626
	17.19276	50.61627
	17.19214	50.61627
	17.19142	50.61629
	17.18945	50.61628
	17.18829	50.61635
	17.18716	50.61633
	17.18639	50.61633
	17.18212	50.6157
	17.18187	50.61561
	17.18072	50.61544
	17.17956	50.6153
	17.17941	50.61527
	17.17925	50.61527
	17.17792	50.61506
	17.17712	50.61495
	17.17704	50.61493
	17.1764	50.61483
	17.17572	50.61469
	17.17529	50.61464
	17.17519	50.61452
	17.17492	50.61444
	17.17449	50.61441
	17.17326	50.61427
	17.17204	50.61417
	17.17082	50.61415
	17.17015	50.61398
	17.16918	50.61385
	17.16821	50.61374
	17.16674	50.6136
	17.16618	50.6135
	17.1649	50.61345
	17.16251	50.61322
	17.16051	50.6129
	17.15864	50.61263
	17.15726	50.61245
	17.15641	50.61237
	17.15615	50.61232
	17.15548	50.61226
	17.15433	50.61196
	17.15377	50.61173
	17.15327	50.61133
	17.15257	50.6107
	17.15252	50.6106
	17.15242	50.61059
	17.15189	50.61049
	17.15134	50.6104
	17.14982	50.61028
	17.14911	50.61024
	17.14789	50.61021
	17.1466	50.61027
	17.14606	50.61027
	17.14482	50.61034
	17.14424	50.61034
	17.14344	50.61031
	17.14088	50.61026
	17.14006	50.61022
	17.13948	50.61014
	17.13922	50.61008
	17.13865	50.60991
	17.13798	50.60975
	17.13724	50.60962
	17.13485	50.60912
	17.13372	50.60886
	17.13354	50.60885
	17.13298	50.60885
	17.13263	50.60889
	17.13233	50.60895
	17.13179	50.60893
	17.1314	50.6089
	17.13017	50.60876
	17.12907	50.6087
	17.12863	50.60864
	17.12793	50.60852
	17.12732	50.60846
	17.127	50.60839
	17.12684	50.60837
	17.1266	50.60838
	17.1264	50.60842
	17.12613	50.60844
	17.12596	50.60842
	17.12579	50.60842
	17.12549	50.6084
	17.12465	50.60841
	17.12397	50.60843
	17.1231	50.60801
	17.12253	50.60785
	17.12184	50.60751
	17.12187	50.6075
	17.12171	50.60714
	17.12169	50.60701
	17.12164	50.60698
	17.12162	50.60688
	17.12152	50.60676
	17.1214	50.60666
	17.1214	50.60658
	17.12144	50.60652
	17.12145	50.6064
	17.12141	50.60637
	17.1214	50.60633
	17.12147	50.60631
	17.12141	50.60595
	17.12147	50.60564
	17.1214	50.60533
	17.12151	50.6041
	17.12127	50.60341
	17.12114	50.60312
	17.12081	50.60245
	17.12057	50.60213
	17.12026	50.6018
	17.12016	50.60162
	17.11977	50.60116
	17.1195	50.60089
	17.11899	50.60056
	17.11886	50.60035
	17.11851	50.59998
	17.11815	50.59948
	17.11819	50.59926
	17.11776	50.59846
	17.11764	50.59806
	17.11762	50.5977
	17.11729	50.59716
	17.11711	50.59674
	17.11677	50.59632
	17.11653	50.59609
	17.11642	50.59581
	17.11634	50.59549
	17.11617	50.59501
	17.1161	50.59449
	17.11628	50.5938
	17.11642	50.593
	17.11637	50.59273
	17.11646	50.59191
	17.11628	50.59181
	17.11597	50.59159
	17.1157	50.59119
	17.11553	50.59084
	17.11543	50.59045
	17.11528	50.59025
	17.11515	50.58986
	17.11488	50.58836
	17.11496	50.58764
	17.11492	50.58745
	17.11446	50.58732
	17.11393	50.5873
	17.11321	50.58716
	17.11306	50.58712
	17.11225	50.58697
	17.11185	50.58694
	17.11135	50.58678
	17.11126	50.5867
	17.11185	50.5862
	17.11206	50.58613
	17.11214	50.58603
	17.11032	50.58478
	17.10925	50.584
	17.1085	50.5834
	17.10812	50.58307
	17.10648	50.58184
	17.10547	50.58119
	17.1022	50.57848
	17.10115	50.57764
	17.09925	50.57592
	17.09956	50.57347
	17.09954	50.57317
	17.09915	50.57229
	17.09894	50.57184
	17.09857	50.57128
	17.09748	50.56991
	17.09733	50.56959
	17.09728	50.56931
	17.09727	50.56902
	17.0967	50.56821
	17.09652	50.56719
	17.09581	50.56621
	17.09504	50.56556
	17.09429	50.56483
	17.0941	50.56435
	17.09383	50.56418
	17.09352	50.56405
	17.09337	50.564
	17.09237	50.56352
	17.08776	50.56112
	17.08584	50.55991
	17.07982	50.55797
	17.07758	50.55721
	17.07552	50.55608
	17.06988	50.54628
	17.06857	50.54443
	17.06659	50.54357
	17.065	50.54339
	17.0643	50.54286
	17.06385	50.54204
	17.06394	50.54172
	17.06363	50.53989
	17.06296	50.53871
	17.06274	50.5381
	17.0617	50.53745
	17.06137	50.53695
	17.06226	50.53143
	17.06274	50.53045
	17.06562	50.52739
	17.06599	50.52721
	17.06674	50.52673
	17.06686	50.52595
	17.0681	50.52483
	17.07	50.52381
	17.07248	50.52348
	17.07434	50.52255
	17.07442	50.52226
	17.07381	50.52116
	17.07363	50.52058
	17.0742	50.51794
	17.07475	50.51729
	17.07415	50.5164
	17.07372	50.51629
	17.0737	50.51611
	17.07353	50.51595
	17.07352	50.51583
	17.07374	50.51586
	17.0743	50.5157
	17.07428	50.51559
	17.07413	50.5155
	17.07424	50.51536
	17.07419	50.51525
	17.0743	50.51516
	17.07425	50.51509
	17.07426	50.51503
	17.07423	50.51499
	17.07435	50.51495
	17.07429	50.51484
	17.07414	50.51481
	17.07406	50.51472
	17.07393	50.51471
	17.07393	50.51465
	17.07381	50.51461
	17.07384	50.51459
	17.07383	50.51454
	17.07343	50.51438
	17.07221	50.51462
	17.07144	50.51462
	17.07053	50.51429
	17.06866	50.51384
	17.06668	50.51264
	17.06573	50.51221
	17.06457	50.5103
	17.06404	50.51033
	17.06319	50.51015
	17.06088	50.50843
	17.05843	50.50597
	17.05719	50.50545
	17.05695	50.5042
	17.05656	50.503
	17.05759	50.50168
	17.05739	50.50055
	17.05766	50.49996
	17.06015	50.49893
	17.06062	50.49833
	17.06258	50.49684
	17.06238	50.49534
	17.06055	50.4936
	17.05885	50.4918
	17.06172	50.49099
	17.06107	50.48982
	17.06436	50.48891
	17.06215	50.48588
	17.06087	50.4858
	17.0592	50.48591
	17.05869	50.48494
	17.06175	50.48411
	17.06205	50.484
	17.06224	50.48385
	17.06228	50.48374
	17.06217	50.48356
	17.06156	50.48341
	17.06236	50.48113
	17.06045	50.4807
	17.06092	50.47965
	17.06271	50.47962
	17.06317	50.47701
	17.0628	50.4761
	17.06207	50.47543
	17.06061	50.47496
	17.05887	50.47489
	17.05737	50.47513
	17.05479	50.47574
	17.05331	50.47252
	17.05157	50.47254
	17.05088	50.47157
	17.05357	50.47116
	17.0539	50.47067
	17.05372	50.47011
	17.05357	50.46953
	17.055	50.46922
	17.05442	50.46867
	17.05388	50.46808
	17.05344	50.46735
	17.05307	50.46679
	17.05277	50.46641
	17.05234	50.46596
	17.05162	50.46542
	17.05076	50.46502
	17.04973	50.4647
	17.04911	50.46457
	17.04655	50.46412
	17.04551	50.46404
	17.04376	50.46373
	17.04218	50.46339
	17.04147	50.4633
	17.04027	50.4632
	17.03948	50.46325
	17.03833	50.46344
	17.03786	50.46366
	17.03733	50.46389
	17.03537	50.4644
	17.03458	50.46458
	17.03377	50.46462
	17.03172	50.4646
	17.03081	50.46453
	17.03019	50.46459
	17.02957	50.46479
	17.02916	50.46491
	17.02868	50.4652
	17.02774	50.46582
	17.02706	50.46614
	17.02635	50.46628
	17.02557	50.46624
	17.02492	50.46611
	17.02426	50.46586
	17.02326	50.46544
	17.02253	50.46516
	17.02176	50.46498
	17.02072	50.46497
	17.01991	50.46499
	17.01919	50.46513
	17.01845	50.46551
	17.01778	50.46631
	17.01744	50.4672
	17.01721	50.46801
	17.01659	50.46853
	17.01723	50.46874
	17.01882	50.46907
	17.019	50.46908
	17.02085	50.46958
	17.02171	50.46984
	17.02511	50.47075
	17.02459	50.47093
	17.02307	50.47138
	17.02203	50.47161
	17.0204	50.47202
	17.02016	50.47203
	17.02005	50.47207
	17.01988	50.47223
	17.01934	50.47253
	17.01902	50.47269
	17.01881	50.47274
	17.0186	50.47283
	17.01833	50.47301
	17.01794	50.4732
	17.01743	50.47343
	17.01726	50.47353
	17.01795	50.47472
	17.01856	50.47549
	17.01897	50.47618
	17.01951	50.47757
	17.01965	50.47809
	17.02005	50.47907
	17.0202	50.47927
	17.02036	50.47944
	17.02072	50.47999
	17.02043	50.48018
	17.02008	50.48032
	17.01864	50.48015
	17.01759	50.48015
	17.01677	50.4806
	17.01635	50.48028
	17.01558	50.47984
	17.01505	50.4796
	17.01423	50.47937
	17.01245	50.47898
	17.01226	50.479
	17.01179	50.47912
	17.01141	50.479
	17.01108	50.47904
	17.01057	50.47924
	17.00962	50.47928
	17.00905	50.47934
	17.00729	50.47943
	17.00738	50.47787
	17.00735	50.47752
	17.00719	50.47681
	17.00678	50.47533
	17.00665	50.47477
	17.00651	50.47483
	17.00596	50.4744
	17.0055	50.47465
	17.00512	50.47476
	17.00475	50.47477
	17.00435	50.47464
	17.00414	50.47448
	17.00363	50.47484
	17.00321	50.47509
	17.00308	50.47511
	17.00282	50.47528
	17.0025	50.47554
	17.00218	50.47583
	17.0021	50.4761
	17.00101	50.47562
	17.00094	50.47563
	17.00068	50.47563
	17.00036	50.47587
	17.00025	50.47628
	17.00011	50.4764
	16.9999	50.4765
	16.99969	50.4765
	16.99967	50.47658
	16.99806	50.477
	16.99745	50.47724
	16.99748	50.47775
	16.99713	50.47815
	16.99686	50.47827
	16.99642	50.47774
	16.99624	50.4776
	16.99587	50.47744
	16.99557	50.47724
	16.99432	50.47667
	16.99351	50.47627
	16.99313	50.47603
	16.99302	50.47542
	16.99276	50.47486
	16.99127	50.47511
	16.9899	50.47515
	16.98925	50.47535
	16.98896	50.47563
	16.98881	50.47593
	16.98834	50.47633
	16.98792	50.47644
	16.98645	50.47639
	16.98586	50.47653
	16.98511	50.47629
	16.98422	50.47584
	16.98348	50.47566
	16.9831	50.47561
	16.98293	50.4755
	16.98341	50.47519
	16.98364	50.47507
	16.98393	50.47487
	16.98432	50.47481
	16.98462	50.47497
	16.98492	50.47487
	16.98474	50.4747
	16.98395	50.47441
	16.98363	50.47423
	16.98336	50.47419
	16.98307	50.47399
	16.98293	50.47397
	16.98262	50.47387
	16.98233	50.47376
	16.98089	50.47436
	16.97858	50.4747
	16.97597	50.47561
	16.97799	50.47757
	16.97893	50.47931
	16.97816	50.47938
	16.97727	50.47953
	16.97721	50.48002
	16.97769	50.48059
	16.97905	50.48051
	16.98018	50.48108
	16.98008	50.48258
	16.97911	50.48342
	16.97627	50.48195
	16.97716	50.48391
	16.97681	50.48449
	16.97527	50.48527
	16.9746	50.48597
	16.97511	50.48813
	16.97393	50.48893
	16.97314	50.48906
	16.97104	50.48861
	16.97053	50.48841
	16.96978	50.4866
	16.97089	50.48509
	16.97002	50.48444
	16.9686	50.48452
	16.96702	50.48527
	16.96686	50.4859
	16.96698	50.48695
	16.96659	50.48785
	16.9652	50.48801
	16.96299	50.48793
	16.96256	50.48725
	16.96177	50.48725
	16.95913	50.48775
	16.9577	50.48662
	16.94979	50.48198
	16.9492	50.48222
	16.94741	50.48011
	16.94535	50.47707
	16.94475	50.47502
	16.94179	50.46805
	16.94499	50.46803
	16.94433	50.46671
	16.94408	50.46633
	16.94319	50.46472
	16.94071	50.46137
	16.93322	50.45813
	16.92318	50.45403
	16.91794	50.45248
	16.91612	50.45048
	16.91377	50.44979
	16.91132	50.44972
	16.90919	50.44992
	16.90815	50.44952
	16.90791	50.44944
	16.90755	50.44934
	16.9064	50.44895
	16.90545	50.44853
	16.90461	50.44828
	16.90299	50.44818
	16.90274	50.44823
	16.90007	50.44801
	16.89854	50.44772
	16.89807	50.44751
	16.89729	50.44703
	16.89526	50.44481
	16.8951	50.44459
	16.895	50.44438
	16.89489	50.44424
	16.89467	50.44403
	16.89451	50.44385
	16.89357	50.44349
	16.8932	50.44338
	16.89285	50.44338
	16.89213	50.44371
	16.89033	50.44405
	16.88955	50.44413
	16.88671	50.44419
	16.88655	50.44416
	16.88535	50.44385
	16.8846	50.44377
	16.8828	50.44332
	16.88264	50.44313
	16.88203	50.44289
	16.88112	50.44238
	16.88068	50.44119
	16.88056	50.43889
	16.88019	50.43747
	16.88032	50.43702
	16.88058	50.43632
	16.88047	50.43595
	16.87859	50.43464
	16.87754	50.43415
	16.87665	50.43386
	16.87564	50.43279
	16.87552	50.43248
	16.87584	50.4321
	16.87638	50.43172
	16.87656	50.4313
	16.87645	50.43043
	16.87611	50.4287
	16.87596	50.42855
	16.87563	50.42799
	16.871	50.42449
	16.8696	50.42317
	16.86913	50.42242
	16.86911	50.42117
	16.86877	50.42028
	16.86879	50.41809
	16.8695	50.41719
	16.86818	50.41597
	16.86619	50.41514
	16.86582	50.41515
	16.86459	50.41445
	16.86428	50.41421
	16.86404	50.41378
	16.86386	50.41361
	16.86378	50.41334
	16.8636	50.41308
	16.863	50.41279
	16.86261	50.41252
	16.862	50.41225
	16.86158	50.4121
	16.86124	50.41191
	16.86111	50.41169
	16.86077	50.41149
	16.86052	50.41122
	16.86045	50.41098
	16.86052	50.41071
	16.86046	50.41039
	16.86054	50.40989
	16.86042	50.40904
	16.86016	50.40872
	16.86005	50.40843
	16.86033	50.40775
	16.8619	50.40873
	16.86221	50.40905
	16.86248	50.40917
	16.86377	50.40889
	16.86489	50.40844
	16.86536	50.40809
	16.86671	50.4075
	16.86751	50.40684
	16.86788	50.40657
	16.86954	50.40537
	16.87078	50.40415
	16.87098	50.40373
	16.87175	50.4031
	16.8733	50.40245
	16.87832	50.40064
	16.87966	50.40006
	16.88106	50.39928
	16.88148	50.39913
	16.88216	50.39896
	16.88471	50.39871
	16.88561	50.39841
	16.89025	50.39666
	16.89227	50.39555
	16.89276	50.39518
	16.893	50.39487
	16.89359	50.39336
	16.89423	50.39257
	16.89519	50.39169
	16.89616	50.39098
	16.89645	50.39086
	16.89776	50.39035
	16.89897	50.3897
	16.89971	50.38963
	16.90055	50.38972
	16.90189	50.39031
	16.90315	50.39065
	16.90397	50.39092
	16.90441	50.39092
	16.90519	50.39109
	16.90612	50.39118
	16.90708	50.39127
	16.90825	50.39102
	16.90858	50.39066
	16.90906	50.39039
	16.90964	50.38999
	16.91085	50.38905
	16.91079	50.38826
	16.9109	50.38728
	16.91075	50.38694
	16.91018	50.38595
	16.91008	50.38564
	16.91003	50.38522
	16.91058	50.38479
	16.91177	50.38432
	16.91222	50.38404
	16.91258	50.38387
	16.91412	50.38325
	16.91489	50.38272
	16.91506	50.38247
	16.91504	50.38181
	16.9144	50.38032
	16.91444	50.37974
	16.9157	50.3784
	16.91655	50.37701
	16.91669	50.37648
	16.9167	50.37469
	16.91695	50.37353
	16.91725	50.3729
	16.91777	50.37228
	16.91835	50.37116
	16.91923	50.36992
	16.91952	50.36916
	16.91943	50.36865
	16.91832	50.36741
	16.91732	50.36663
	16.91716	50.36645
	16.91632	50.36592
	16.91594	50.36534
	16.91572	50.36509
	16.91566	50.36481
	16.91566	50.36469
	16.91572	50.36403
	16.91557	50.36342
	16.9155	50.36305
	16.91532	50.363
	16.91564	50.36278
	16.91586	50.3625
	16.91599	50.36243
	16.91621	50.36214
	16.91631	50.36196
	16.9166	50.3617
	16.91718	50.36126
	16.91803	50.36085
	16.91889	50.36019
	16.91935	50.36022
	16.91952	50.35965
	16.91961	50.35868
	16.9197	50.35814
	16.92007	50.35751
	16.92027	50.35723
	16.92057	50.35688
	16.92133	50.35581
	16.92159	50.35508
	16.9224	50.35465
	16.92273	50.35437
	16.92317	50.35387
	16.9233	50.35352
	16.924	50.35262
	16.92438	50.35188
	16.92493	50.35129
	16.92498	50.35124
	16.9254	50.35068
	16.92582	50.34988
	16.9261	50.34957
	16.92646	50.34931
	16.92692	50.34902
	16.92748	50.34863
	16.92814	50.34807
	16.92828	50.34794
	16.92881	50.34744
	16.92984	50.34582
	16.93002	50.34569
	16.93032	50.34558
	16.93058	50.34553
	16.93115	50.3455
	16.93169	50.34541
	16.93273	50.34508
	16.93301	50.34482
	16.93332	50.34464
	16.93416	50.34425
	16.9346	50.34409
	16.93553	50.34372
	16.93609	50.34346
	16.93668	50.34306
	16.93696	50.34282
	16.93733	50.34231
	16.93749	50.34221
	16.93764	50.34179
	16.93771	50.3415
	16.93746	50.34108
	16.93681	50.34017
	16.93643	50.33924
	16.93649	50.33784
	16.93672	50.33746
	16.93683	50.33706
	16.93685	50.33636
	16.93735	50.33513
	16.93751	50.33448
	16.93791	50.3338
	16.93847	50.33311
	16.93667	50.33206
	16.93517	50.33113
	16.9347	50.331
	16.93432	50.33079
	16.93431	50.33046
	16.93443	50.32986
	16.93475	50.32926
	16.93496	50.32899
	16.93515	50.3286
	16.93526	50.32844
	16.93556	50.32815
	16.93681	50.32718
	16.9372	50.32671
	16.93734	50.32637
	16.93772	50.32606
	16.93801	50.32587
	16.93795	50.32546
	16.93845	50.32422
	16.93861	50.32374
	16.93883	50.3232
	16.93932	50.32215
	16.93963	50.32161
	16.94025	50.32033
	16.94072	50.31979
	16.94283	50.31897
	16.94356	50.31876
	16.94487	50.31832
	16.94589	50.31806
	16.94624	50.31784
	16.94631	50.31772
	16.94609	50.31628
	16.94615	50.31539
	16.94834	50.31473
	16.94899	50.31442
	16.9497	50.31392
	16.95123	50.31328
	16.95161	50.31317
	16.95411	50.3128
	16.95453	50.3127
	16.95551	50.31228
	16.95585	50.31222
	16.95666	50.31226
	16.95776	50.31245
	16.95858	50.31244
	16.96035	50.31252
	16.96102	50.31257
	16.96129	50.31303
	16.96152	50.31373
	16.96201	50.31425
	16.96268	50.3144
	16.96356	50.31477
	16.9642	50.31496
	16.96767	50.31582
	16.96838	50.31576
	16.96854	50.31566
	16.9689	50.31514
	16.96941	50.3134
	16.96949	50.31273
	16.97149	50.31099
	16.9716	50.30985
	16.97161	50.30975
	16.97255	50.30864
	16.97386	50.30802
	16.975	50.30763
	16.97993	50.30642
	16.98175	50.30603
	16.98368	50.30576
	16.98493	50.30485
	16.9867	50.30455
	16.98869	50.30358
	16.99302	50.30242
	16.99343	50.30234
	16.99515	50.30232
	16.99681	50.30218
	16.99705	50.30243
	16.99929	50.30254
	17.00038	50.30299
	17.00079	50.30307
	17.00253	50.30223
	17.00279	50.30185
	17.00356	50.29955
	17.0044	50.2987
	17.00425	50.29784
	17.00416	50.29732
	17.00374	50.29631
	17.00819	50.29579
	17.00866	50.29553
	17.00904	50.29523
	17.0092	50.29497
	17.00997	50.29314
	17.01159	50.29167
	17.01264	50.29047
	17.01297	50.2896
	17.01455	50.28836
	17.01605	50.28617
	17.01654	50.2851
	17.01654	50.28369
	17.01665	50.28313
	17.0171	50.28238
	17.01729	50.28198
	17.01749	50.28071
	17.01776	50.28024
	17.01926	50.27899
	17.01992	50.27856
	17.02002	50.27833
	17.01924	50.27703
	17.01774	50.27372
	17.01771	50.27334
	17.01809	50.27134
	17.01788	50.27054
	17.01738	50.26959
	17.0173	50.26852
	17.01684	50.26768
	17.01486	50.26563
	17.01337	50.26456
	17.01321	50.26431
	17.01316	50.26353
	17.01199	50.2626
	17.00998	50.26034
	17.0092	50.25994
	17.00852	50.25961
	17.00641	50.25938
	17.00585	50.2592
	17.00477	50.25857
	17.0031	50.25734
	17.00169	50.2565
	17.00157	50.25633
	17.00237	50.25486
	17.0033	50.25312
	17.00656	50.25158
	17.01045	50.24952
	17.01138	50.24841
	17.01154	50.24781
	17.01071	50.24278
	17.01144	50.24157
	17.01196	50.24131
	17.01321	50.24099
	17.01519	50.24049
	17.01543	50.24036
	17.01791	50.23811
	17.0199	50.2371
	17.02178	50.23574
	17.02183	50.23569
	17.02268	50.23473
	17.02436	50.23282
	17.02747	50.2308
	17.02831	50.22999
	17.02772	50.22941
	17.02672	50.22902
	17.02638	50.22847
	17.025	50.22776
	17.02433	50.22723
	17.02352	50.22696
	17.02145	50.22654
	17.02106	50.22633
	17.02061	50.22581
	17.02055	50.2253
	17.02035	50.22496
	17.01955	50.2243
	17.0189	50.22396
	17.0184	50.22341
	17.01779	50.22301
	17.01759	50.22265
	17.01687	50.22206
	17.01657	50.22166
	17.01598	50.22037
	17.01477	50.21943
	17.01432	50.21914
	17.01191	50.21875
	17.01026	50.21814
	17.00939	50.21793
	17.00746	50.21783
	17.00717	50.21754
	17.00688	50.21743
	17.00504	50.21711
	17.00256	50.2164
	17.00078	50.21608
	16.9989	50.21591
	16.99802	50.21608
	16.99717	50.21646
	16.9968	50.21683
	16.99659	50.21761
	16.99612	50.21796
	16.99593	50.21819
	16.99573	50.21899
	16.99447	50.22066
	16.99414	50.22327
	16.99398	50.22353
	16.99335	50.224
	16.99333	50.22515
	16.99289	50.22579
	16.99261	50.22646
	16.9914	50.2277
	16.9905	50.22836
	16.98919	50.22884
	16.98911	50.22889
	16.98845	50.22939
	16.98704	50.23065
	16.98659	50.23127
	16.98612	50.23179
	16.98541	50.23216
	16.98462	50.23246
	16.98419	50.23268
	16.98327	50.23284
	16.98295	50.23293
	16.98278	50.23306
	16.98263	50.23334
	16.98243	50.23356
	16.98213	50.23376
	16.98156	50.23463
	16.98095	50.23549
	16.98061	50.23581
	16.98061	50.23611
	16.98097	50.23682
	16.981	50.23713
	16.98111	50.23759
	16.981	50.23813
	16.98083	50.23835
	16.98087	50.23868
	16.98077	50.23895
	16.98087	50.2392
	16.98085	50.23957
	16.98067	50.23983
	16.98072	50.24028
	16.98054	50.2406
	16.98018	50.24106
	16.98031	50.24164
	16.9802	50.242
	16.97976	50.24262
	16.97824	50.24346
	16.97791	50.24378
	16.97745	50.24455
	16.97696	50.2448
	16.97652	50.2449
	16.97607	50.24491
	16.97572	50.24478
	16.97532	50.24444
	16.97459	50.24407
	16.97443	50.24368
	16.97344	50.2432
	16.97036	50.24236
	16.96996	50.24222
	16.96922	50.24176
	16.96858	50.24168
	16.96826	50.24157
	16.96694	50.24067
	16.96576	50.24012
	16.96502	50.23962
	16.9635	50.2391
	16.96292	50.23883
	16.96266	50.23804
	16.96172	50.23736
	16.96155	50.23704
	16.962	50.23617
	16.96121	50.23546
	16.96116	50.23528
	16.96147	50.23488
	16.96199	50.23463
	16.96229	50.23438
	16.96236	50.23359
	16.96268	50.23318
	16.96313	50.23283
	16.96436	50.23238
	16.96571	50.23097
	16.96588	50.22975
	16.96337	50.22874
	16.96002	50.2268
	16.95874	50.22632
	16.95831	50.22602
	16.95809	50.22564
	16.95798	50.22511
	16.95805	50.22446
	16.95787	50.22402
	16.95655	50.22277
	16.95616	50.22255
	16.95563	50.22239
	16.95395	50.22215
	16.95205	50.22166
	16.95068	50.22159
	16.94977	50.22135
	16.94567	50.22281
	16.94503	50.22297
	16.94434	50.22303
	16.94297	50.22296
	16.94195	50.22301
	16.94087	50.22238
	16.93901	50.22233
	16.9369	50.2234
	16.93617	50.22339
	16.93538	50.22372
	16.93357	50.22361
	16.93185	50.2231
	16.93079	50.22321
	16.93038	50.22311
	16.92994	50.22288
	16.92955	50.22284
	16.92919	50.22282
	16.92816	50.22306
	16.92692	50.2231
	16.92634	50.22333
	16.92604	50.22364
	16.9259	50.22399
	16.92423	50.22522
	16.92375	50.22542
	16.92213	50.22576
	16.92187	50.22587
	16.91923	50.22604
	16.91824	50.22624
	16.91692	50.22621
	16.91523	50.22585
	16.91346	50.22535
	16.91302	50.22539
	16.91254	50.2254
	16.91227	50.22501
	16.91183	50.22476
	16.91165	50.22457
	16.91122	50.22437
	16.90997	50.22402
	16.90894	50.22388
	16.90734	50.22377
	16.90625	50.22348
	16.90592	50.22341
	16.90557	50.22325
	16.90514	50.22312
	16.90482	50.22296
	16.90436	50.22299
	16.90385	50.22299
	16.90338	50.22295
	16.90232	50.2231
	16.90166	50.2231
	16.90092	50.22313
	16.90053	50.22309
	16.9	50.22299
	16.89949	50.22296
	16.89906	50.22285
	16.89865	50.22266
	16.898	50.22203
	16.89814	50.22167
	16.89792	50.22144
	16.89826	50.22089
	16.89805	50.22032
	16.89825	50.21965
	16.89834	50.21908
	16.89808	50.21859
	16.89761	50.21828
	16.897	50.2181
	16.89652	50.21778
	16.89596	50.21774
	16.89516	50.2175
	16.89458	50.21744
	16.89394	50.21751
	16.89364	50.21724
	16.89264	50.21714
	16.89172	50.21674
	16.88993	50.21656
	16.8891	50.21639
	16.88877	50.21628
	16.88804	50.21583
	16.88754	50.21564
	16.88696	50.21504
	16.88651	50.21439
	16.88605	50.21413
	16.88596	50.21396
	16.88562	50.21376
	16.88535	50.21342
	16.88503	50.21306
	16.88493	50.21266
	16.88488	50.21218
	16.88461	50.21194
	16.88437	50.21158
	16.88435	50.21111
	16.88448	50.21063
	16.88436	50.2104
	16.88423	50.2097
	16.88404	50.20894
	16.88396	50.20831
	16.88397	50.20782
	16.88423	50.20685
	16.88464	50.20623
	16.88475	50.20435
	16.88474	50.20369
	16.88449	50.20317
	16.88422	50.2027
	16.8841	50.20235
	16.88416	50.20168
	16.88404	50.20143
	16.88384	50.2012
	16.88318	50.2002
	16.88274	50.19984
	16.88221	50.19971
	16.88192	50.19955
	16.88119	50.19947
	16.87995	50.19948
	16.8787	50.19905
	16.87722	50.19864
	16.8764	50.19837
	16.87604	50.1981
	16.87589	50.19783
	16.8754	50.19764
	16.87459	50.19758
	16.87414	50.19742
	16.87288	50.19724
	16.87207	50.19702
	16.87164	50.19696
	16.87093	50.19729
	16.87045	50.19742
	16.86982	50.19743
	16.86929	50.19758
	16.86872	50.19781
	16.86843	50.19783
	16.86804	50.19796
	16.86729	50.19799
	16.8663	50.1982
	16.86549	50.19831
	16.86425	50.19824
	16.86279	50.19824
	16.86266	50.19832
	16.86232	50.19886
	16.86245	50.19961
	16.86238	50.19979
	16.86229	50.20057
	16.86217	50.20078
	16.86145	50.20126
	16.86084	50.20152
	16.85936	50.20197
	16.85796	50.20276
	16.85739	50.20279
	16.8559	50.20331
	16.85496	50.20353
	16.8543	50.204
	16.8533	50.20405
	16.85275	50.20432
	16.85234	50.20442
	16.85193	50.20467
	16.85128	50.20486
	16.85067	50.2057
	16.85004	50.20628
	16.84924	50.20738
	16.84884	50.20757
	16.84812	50.20757
	16.84729	50.20743
	16.84629	50.20698
	16.84507	50.20656
	16.84343	50.20589
	16.84304	50.20548
	16.84235	50.20538
	16.83944	50.2041
	16.83757	50.20343
	16.83655	50.20308
	16.83519	50.20241
	16.83534	50.20214
	16.83476	50.20118
	16.83464	50.20052
	16.8348	50.20022
	16.83574	50.19949
	16.836	50.19909
	16.8361	50.19867
	16.83594	50.19801
	16.83566	50.19759
	16.83505	50.19717
	16.83483	50.19712
	16.83436	50.1971
	16.83315	50.19744
	16.83244	50.19743
	16.83203	50.19718
	16.8319	50.19679
	16.83168	50.1966
	16.83052	50.19614
	16.82889	50.19572
	16.82669	50.19472
	16.82587	50.19458
	16.82495	50.19367
	16.8248	50.1932
	16.82377	50.1921
	16.82382	50.19128
	16.8243	50.19042
	16.82432	50.18994
	16.8237	50.18928
	16.82284	50.18866
	16.8181	50.19149
	16.817	50.19199
	16.81628	50.19212
	16.81574	50.19212
	16.81355	50.19158
	16.81294	50.19135
	16.8125	50.19112
	16.81157	50.19039
	16.81023	50.18965
	16.80996	50.18942
	16.80917	50.18804
	16.80862	50.18766
	16.80828	50.18731
	16.80801	50.18686
	16.80753	50.18638
	16.80717	50.18565
	16.80653	50.1851
	16.80628	50.18476
	16.80592	50.18399
	16.8055	50.18346
	16.8054	50.18291
	16.80514	50.18274
	16.80405	50.18256
	16.80365	50.18239
	16.80229	50.18145
	16.80166	50.18065
	16.80084	50.18032
	16.80054	50.18008
	16.80034	50.17956
	16.79934	50.17781
	16.79954	50.17638
	16.79917	50.1761
	16.79847	50.1747
	16.79852	50.17405
	16.7989	50.17379
	16.79895	50.17365
	16.79901	50.17228
	16.79891	50.17149
	16.79752	50.16829
	16.79721	50.16641
	16.79732	50.16574
	16.79659	50.16457
	16.79513	50.16279
	16.79504	50.16264
	16.79512	50.16221
	16.79469	50.16171
	16.79448	50.16127
	16.79334	50.16019
	16.79037	50.15685
	16.78773	50.1551
	16.78724	50.15465
	16.78666	50.15441
	16.78632	50.15323
	16.78505	50.15274
	16.78431	50.15264
	16.78284	50.15214
	16.78161	50.15143
	16.7816	50.15077
	16.78192	50.14938
	16.78328	50.14827
	16.78337	50.14704
	16.7835	50.14656
	16.78331	50.14629
	16.78323	50.14578
	16.78335	50.1456
	16.78278	50.14513
	16.78172	50.14437
	16.78133	50.14423
	16.78008	50.14401
	16.77852	50.14368
	16.77796	50.14347
	16.77729	50.14328
	16.7766	50.14306
	16.7757	50.14275
	16.77515	50.14251
	16.77485	50.14231
	16.77311	50.1419
	16.77268	50.14165
	16.77228	50.14158
	16.77101	50.14104
	16.77057	50.14077
	16.76983	50.1406
	16.76948	50.1405
	16.76865	50.14044
	16.76835	50.1403
	16.76777	50.14017
	16.76709	50.13989
	16.76666	50.1396
	16.76571	50.13885
	16.76423	50.13824
	16.7638	50.138
	16.76315	50.13753
	16.7627	50.13706
	16.76223	50.13662
	16.76205	50.1365
	16.76185	50.13626
	16.76166	50.13614
	16.76127	50.13598
	16.75943	50.13593
	16.75844	50.13577
	16.75713	50.13551
	16.75653	50.13531
	16.75612	50.13498
	16.75568	50.13453
	16.75551	50.13401
	16.75535	50.13394
	16.75495	50.13389
	16.75327	50.13402
	16.75285	50.1341
	16.75221	50.13448
	16.75178	50.13484
	16.75149	50.13512
	16.75088	50.13534
	16.75062	50.13535
	16.75028	50.13525
	16.74935	50.13517
	16.74903	50.13511
	16.74865	50.13492
	16.74811	50.13491
	16.74663	50.13514
	16.74626	50.13511
	16.74572	50.13504
	16.7453	50.13489
	16.74504	50.13472
	16.74484	50.13454
	16.74474	50.13432
	16.74477	50.13419
	16.74457	50.134
	16.74459	50.13359
	16.74456	50.1334
	16.74453	50.13284
	16.74448	50.13267
	16.74417	50.13227
	16.74361	50.13175
	16.74247	50.13083
	16.74209	50.13032
	16.74171	50.12972
	16.7415	50.12917
	16.7408	50.12812
	16.74034	50.12783
	16.73956	50.12762
	16.73892	50.12738
	16.73856	50.12712
	16.73817	50.12689
	16.73766	50.12635
	16.73744	50.12598
	16.73753	50.12555
	16.73747	50.12524
	16.73726	50.12485
	16.73629	50.12441
	16.73606	50.12423
	16.73573	50.1238
	16.73569	50.12352
	16.73559	50.12318
	16.7355	50.12299
	16.73474	50.12216
	16.73396	50.12077
	16.73377	50.12017
	16.73284	50.11952
	16.73226	50.11906
	16.73152	50.1186
	16.73112	50.11841
	16.73024	50.11776
	16.72937	50.11717
	16.72907	50.11688
	16.72883	50.11645
	16.72873	50.11611
	16.72855	50.11569
	16.72845	50.11321
	16.72779	50.1121
	16.72722	50.10996
	16.72711	50.10977
	16.72663	50.10943
	16.72363	50.10748
	16.72348	50.10729
	16.72316	50.10667
	16.72321	50.10644
	16.72334	50.10614
	16.72342	50.10585
	16.7236	50.10555
	16.72388	50.10525
	16.72275	50.10451
	16.7223	50.10431
	16.72184	50.10391
	16.72133	50.10353
	16.72087	50.10311
	16.71978	50.10251
	16.719	50.10222
	16.71845	50.10194
	16.71702	50.10142
	16.71637	50.10114
	16.71386	50.10036
	16.71286	50.10009
	16.71127	50.09974
	16.71038	50.09928
	16.71011	50.09908
	16.70988	50.09869
	16.70858	50.09773
	16.70801	50.09758
	16.70603	50.09658
	16.70515	50.09644
	16.70463	50.09642
	16.70408	50.09643
	16.70356	50.09634
	16.70301	50.09639
	16.70256	50.0964
	16.70118	50.097
	16.69861	50.09729
	16.69753	50.09746
	16.69709	50.09747
	16.69542	50.09776
	16.69496	50.0978
	16.69381	50.0981
	16.69233	50.09842
	16.69081	50.0986
	16.68951	50.09849
	16.68899	50.09855
	16.68716	50.09909
	16.68548	50.09974
	16.68445	50.10003
	16.68252	50.10092
	16.68209	50.101
	16.68001	50.10238
	16.67837	50.1036
	16.67783	50.10382
	16.67725	50.10392
	16.67641	50.10387
	16.67561	50.10394
	16.675	50.10409
	16.67295	50.10491
	16.67242	50.10504
	16.67084	50.10524
	16.66914	50.1053
	16.66539	50.10591
	16.66474	50.10608
	16.66404	50.10638
	16.66354	50.1067
	16.66319	50.10711
	16.66194	50.10752
	16.66087	50.10802
	16.65696	50.10869
	16.65582	50.10897
	16.65491	50.1094
	16.65416	50.10951
	16.65323	50.10984
	16.65141	50.10995
	16.64993	50.11028
	16.64866	50.11074
	16.64814	50.11087
	16.64611	50.11089
	16.64443	50.11135
	16.64385	50.11162
	16.64299	50.11187
	16.64229	50.11202
	16.64142	50.11217
	16.64078	50.11215
	16.63885	50.11151
	16.63404	50.11126
	16.63372	50.11132
	16.63338	50.11147
	16.633	50.11182
	16.63208	50.11355
	16.63199	50.11474
	16.63111	50.11517
	16.62969	50.11556
	16.62937	50.11611
	16.62855	50.1168
	16.62776	50.11801
	16.62695	50.119
	16.62655	50.11934
	16.62621	50.11971
	16.62575	50.12062
	16.62493	50.12114
	16.62341	50.12167
	16.62283	50.12156
	16.62205	50.12172
	16.6211	50.12169
	16.62053	50.12187
	16.61997	50.12188
	16.61881	50.12258
	16.61809	50.12314
	16.61722	50.1235
	16.61659	50.12405
	16.6157	50.12435
	16.61534	50.12429
	16.61483	50.12451
	16.61481	50.12463
	16.61445	50.1249
	16.61403	50.12507
	16.61375	50.12559
	16.61385	50.12598
	16.61362	50.12649
	16.61314	50.12685
	16.61316	50.12723
	16.61299	50.12775
	16.61305	50.12836
	16.61295	50.12881
	16.61306	50.12918
	16.61296	50.13024
	16.61346	50.13064
	16.61331	50.13122
	16.61339	50.13155
	16.61206	50.1323
	16.61177	50.13239
	16.61132	50.13284
	16.611	50.13287
	16.61069	50.13307
	16.61034	50.13311
	16.60921	50.13349
	16.60855	50.13342
	16.60801	50.13362
	16.6075	50.13344
	16.60718	50.13354
	16.60696	50.13351
	16.60673	50.13369
	16.60653	50.13355
	16.60631	50.13367
	16.60594	50.13353
	16.60563	50.13373
	16.60534	50.1336
	16.60512	50.13375
	16.60463	50.13364
	16.60435	50.13374
	16.60418	50.13392
	16.6041	50.13382
	16.60349	50.13407
	16.60321	50.13439
	16.60328	50.13465
	16.60319	50.13468
	16.60301	50.13458
	16.60274	50.13485
	16.6022	50.13504
	16.60204	50.13529
	16.6017	50.13548
	16.60182	50.13579
	16.60161	50.13583
	16.60153	50.13568
	16.60132	50.1359
	16.60097	50.13595
	16.60096	50.13637
	16.60066	50.13684
	16.60034	50.13687
	16.60016	50.13711
	16.59981	50.13717
	16.59974	50.13759
	16.59936	50.13799
	16.59938	50.13843
	16.59907	50.13855
	16.59891	50.13883
	16.59846	50.13883
	16.59784	50.13917
	16.59741	50.13921
	16.59697	50.13954
	16.59649	50.13969
	16.59621	50.13987
	16.59586	50.13976
	16.59521	50.14047
	16.59454	50.14061
	16.59342	50.1404
	16.59226	50.14057
	16.59146	50.14046
	16.59109	50.14033
	16.59045	50.14028
	16.59003	50.14015
	16.58965	50.14023
	16.58909	50.14019
	16.5885	50.14053
	16.58785	50.14052
	16.58756	50.14059
	16.58607	50.14126
	16.58467	50.14173
	16.58415	50.14176
	16.58356	50.14208
	16.58337	50.14207
	16.5829	50.14184
	16.58254	50.14181
	16.58227	50.1419
	16.58203	50.14214
	16.5816	50.14207
	16.58115	50.14221
	16.58085	50.14251
	16.58019	50.14245
	16.58016	50.14324
	16.58045	50.14355
	16.58168	50.14389
	16.58317	50.14444
	16.58411	50.145
	16.58458	50.14541
	16.58468	50.14563
	16.58465	50.14581
	16.58441	50.14605
	16.58302	50.14684
	16.58253	50.14704
	16.58138	50.14734
	16.58107	50.14753
	16.58062	50.14805
	16.5804	50.14865
	16.58063	50.14882
	16.58174	50.14925
	16.58188	50.14992
	16.58216	50.15023
	16.58374	50.15074
	16.58511	50.15143
	16.58546	50.15189
	16.58551	50.15222
	16.58531	50.15241
	16.58434	50.15286
	16.58394	50.15323
	16.58322	50.15362
	16.58207	50.15408
	16.58102	50.15419
	16.57912	50.15505
	16.57804	50.15528
	16.57771	50.15542
	16.57758	50.15567
	16.57792	50.15636
	16.5789	50.15686
	16.57889	50.15708
	16.57819	50.15775
	16.57794	50.15788
	16.57671	50.15834
	16.57153	50.15949
	16.57026	50.16006
	16.56818	50.16069
	16.5669	50.16143
	16.56552	50.16209
	16.56387	50.16321
	16.56352	50.16326
	16.56287	50.16309
	16.5624	50.16305
	16.56183	50.16325
	16.56138	50.16358
	16.56079	50.16444
	16.56073	50.16478
	16.56095	50.16545
	16.56057	50.16658
	16.56041	50.16769
	16.55993	50.16832
	16.55862	50.16961
	16.55782	50.17067
	16.55844	50.17247
	16.55842	50.17292
	16.55816	50.17379
	16.55831	50.17405
	16.5602	50.17491
	16.56139	50.17584
	16.56162	50.17616
	16.5617	50.17669
	16.56275	50.17812
	16.56369	50.17875
	16.56379	50.17995
	16.56348	50.18049
	16.56285	50.18106
	16.56216	50.18194
	16.5617	50.18236
	16.56054	50.18401
	16.56041	50.18411
	16.56	50.18421
	16.55872	50.18416
	16.55808	50.18424
	16.55735	50.18457
	16.55691	50.18515
	16.55679	50.18558
	16.55689	50.18578
	16.55766	50.18625
	16.55846	50.18652
	16.55871	50.18669
	16.55884	50.18691
	16.55856	50.18774
	16.55863	50.18834
	16.55889	50.18912
	16.55797	50.1904
	16.55784	50.19102
	16.5579	50.1918
	16.55724	50.19248
	16.55691	50.19284
	16.55553	50.19348
	16.55523	50.19393
	16.55495	50.19494
	16.55444	50.19545
	16.55437	50.19586
	16.55462	50.19704
	16.55544	50.19787
	16.5557	50.19847
	16.55606	50.19885
	16.55698	50.19953
	16.55662	50.20008
	16.55647	50.20152
	16.55663	50.20172
	16.55679	50.20206
	16.55682	50.20221
	16.55677	50.20227
	16.55634	50.20258
	16.55593	50.20291
	16.55621	50.20328
	16.55707	50.20354
	16.55767	50.20383
	16.55845	50.204
	16.55973	50.20445
	16.56064	50.20518
	16.56127	50.20546
	16.56128	50.20564
	16.56114	50.20611
	16.56172	50.20768
	16.56147	50.208
	16.56004	50.20863
	16.55854	50.20999
	16.55789	50.21264
	16.55791	50.21304
	16.55821	50.21342
	16.55813	50.21358
	16.55794	50.21367
	16.55751	50.21371
	16.5559	50.2134
	16.55499	50.21347
	16.55429	50.2138
	16.55416	50.21419
	16.55347	50.21493
	16.55354	50.21517
	16.55374	50.21533
	16.55478	50.21584
	16.55668	50.21695
	16.55684	50.21721
	16.55683	50.21806
	16.55697	50.2186
	16.55746	50.21921
	16.55759	50.21956
	16.55728	50.22039
	16.55685	50.22061
	16.55602	50.22068
	16.55575	50.22077
	16.55543	50.22104
	16.55517	50.22156
	16.55486	50.22172
	16.55374	50.2217
	16.55323	50.22183
	16.55061	50.22334
	16.55042	50.22362
	16.55042	50.22414
	16.54971	50.2248
	16.54934	50.22535
	16.54934	50.2257
	16.54949	50.22598
	16.54938	50.22628
	16.54902	50.22672
	16.54901	50.227
	16.54947	50.2274
	16.54949	50.22779
	16.54875	50.22884
	16.54828	50.22975
	16.54816	50.22977
	16.54775	50.22956
	16.54737	50.2295
	16.54675	50.22978
	16.5458	50.22992
	16.54529	50.23011
	16.54489	50.23096
	16.54467	50.23108
	16.54368	50.2313
	16.54328	50.23162
	16.54291	50.2323
	16.54048	50.23401
	16.5396	50.23569
	16.53914	50.23627
	16.53885	50.23683
	16.53865	50.23696
	16.53781	50.23713
	16.53761	50.23732
	16.53764	50.2383
	16.53754	50.23885
	16.53738	50.239
	16.53661	50.23902
	16.53546	50.23885
	16.53456	50.23846
	16.53347	50.23873
	16.5331	50.23876
	16.53244	50.23868
	16.53171	50.2385
	16.52945	50.23769
	16.52882	50.23772
	16.52692	50.23813
	16.52448	50.23908
	16.52317	50.23927
	16.52281	50.23943
	16.52243	50.23982
	16.52243	50.24
	16.52273	50.24038
	16.52258	50.24059
	16.52197	50.24102
	16.52171	50.24111
	16.5213	50.24068
	16.52102	50.24064
	16.52065	50.24116
	16.52067	50.2417
	16.5205	50.2422
	16.51994	50.2422
	16.5195	50.24211
	16.51924	50.24236
	16.51808	50.24266
	16.51693	50.24334
	16.5162	50.24427
	16.51606	50.2448
	16.51564	50.24542
	16.51504	50.2458
	16.51469	50.24588
	16.51409	50.24643
	16.51319	50.24706
	16.51276	50.24748
	16.51327	50.24887
	16.51374	50.24943
	16.51438	50.25052
	16.51448	50.25104
	16.51441	50.2515
	16.51407	50.25168
	16.51336	50.25183
	16.51225	50.25193
	16.51125	50.25211
	16.51023	50.25217
	16.50876	50.25282
	16.50829	50.25314
	16.50747	50.25498
	16.50697	50.25521
	16.50671	50.25558
	16.50685	50.25609
	16.50807	50.25757
	16.50773	50.25836
	16.50729	50.25883
	16.50732	50.25916
	16.50718	50.25962
	16.50599	50.26034
	16.50511	50.26035
	16.50387	50.26084
	16.50294	50.26081
	16.5016	50.26057
	16.501	50.26038
	16.49988	50.26009
	16.49856	50.25989
	16.4976	50.25987
	16.49741	50.2599
	16.49636	50.26087
	16.49582	50.26121
	16.49499	50.26213
	16.49442	50.26247
	16.49435	50.26305
	16.49382	50.26351
	16.49314	50.26388
	16.49255	50.264
	16.49233	50.26399
	16.49141	50.2636
	16.49121	50.26358
	16.49032	50.26387
	16.48966	50.26438
	16.48957	50.26479
	16.48963	50.26555
	16.4889	50.26689
	16.48886	50.26727
	16.48902	50.26766
	16.48883	50.2681
	16.4889	50.2685
	16.48826	50.26913
	16.48795	50.2696
	16.48682	50.27029
	16.48675	50.27089
	16.48639	50.27097
	16.48557	50.27084
	16.48327	50.27073
	16.48291	50.27119
	16.48284	50.27146
	16.48257	50.27153
	16.48203	50.27137
	16.48182	50.27148
	16.48164	50.27168
	16.48162	50.27195
	16.48112	50.27244
	16.48106	50.27311
	16.48093	50.27339
	16.48101	50.27388
	16.48072	50.27457
	16.48038	50.27496
	16.4805	50.2752
	16.481	50.27545
	16.48104	50.27568
	16.48045	50.27601
	16.4802	50.27695
	16.47988	50.27717
	16.47831	50.27778
	16.47647	50.27977
	16.47595	50.28022
	16.47501	50.28083
	16.47451	50.28153
	16.47382	50.28208
	16.47356	50.2826
	16.47317	50.28293
	16.47257	50.28325
	16.47248	50.28366
	16.47234	50.28378
	16.47161	50.28411
	16.47078	50.28414
	16.47051	50.28425
	16.46976	50.28503
	16.46892	50.28544
	16.4685	50.28545
	16.46808	50.28558
	16.46758	50.28598
	16.46677	50.28666
	16.46667	50.28691
	16.4667	50.2874
	16.46627	50.28759
	16.46624	50.28776
	16.46682	50.2888
	16.46706	50.28958
	16.46739	50.28993
	16.4679	50.29012
	16.46798	50.29031
	16.46751	50.29057
	16.46724	50.29133
	16.46648	50.29162
	16.46598	50.29205
	16.46539	50.29224
	16.46474	50.29303
	16.46482	50.29324
	16.46522	50.29339
	16.46531	50.29365
	16.46524	50.29375
	16.4646	50.29369
	16.46441	50.2938
	16.46442	50.29395
	16.46475	50.29414
	16.46496	50.29439
	16.46492	50.29465
	16.46451	50.29504
	16.46464	50.29563
	16.46333	50.2963
	16.46306	50.2966
	16.46246	50.29631
	16.46223	50.29629
	16.46171	50.29669
	16.4613	50.29746
	16.46036	50.29786
	16.45903	50.29885
	16.45703	50.29981
	16.45663	50.29964
	16.45625	50.2999
	16.45556	50.30011
	16.45534	50.30062
	16.45503	50.30092
	16.45516	50.30131
	16.45461	50.30207
	16.45454	50.3023
	16.45426	50.30246
	16.45348	50.30305
	16.45274	50.30322
	16.45209	50.30357
	16.45172	50.30405
	16.45121	50.30423
	16.45063	50.30432
	16.44994	50.30425
	16.44923	50.30463
	16.44913	50.30476
	16.44815	50.30514
	16.44839	50.30588
	16.448	50.30632
	16.44781	50.30678
	16.44739	50.30722
	16.44745	50.30786
	16.44704	50.30861
	16.44658	50.30915
	16.44651	50.30973
	16.44633	50.30997
	16.44626	50.31034
	16.44557	50.31073
	16.44529	50.31141
	16.44468	50.31168
	16.44439	50.31222
	16.44378	50.31277
	16.44405	50.31301
	16.44401	50.31311
	16.44307	50.31362
	16.44241	50.31387
	16.44206	50.31422
	16.44125	50.31451
	16.44031	50.31537
	16.43998	50.31563
	16.43943	50.31557
	16.43908	50.31562
	16.43894	50.31581
	16.43811	50.31637
	16.43815	50.31693
	16.43737	50.31736
	16.43729	50.31768
	16.43734	50.31818
	16.43753	50.31855
	16.43751	50.31884
	16.43723	50.31916
	16.43665	50.31943
	16.43644	50.31979
	16.43648	50.32007
	16.43705	50.32038
	16.43705	50.32051
	16.43653	50.32096
	16.43562	50.32147
	16.43547	50.32164
	16.43401	50.32212
	16.43399	50.32224
	16.43365	50.32237
	16.43317	50.32269
	16.43316	50.32295
	16.43272	50.32304
	16.43201	50.32368
	16.43189	50.32407
	16.43131	50.32433
	16.43108	50.32468
	16.43001	50.32515
	16.42956	50.32515
	16.42945	50.32498
	16.42918	50.32502
	16.42902	50.32484
	16.42877	50.32481
	16.42803	50.32515
	16.42764	50.32498
	16.42575	50.32524
	16.42355	50.32508
	16.42234	50.32487
	16.42055	50.3245
	16.41911	50.32443
	16.41798	50.32456
	16.41696	50.32449
	16.41629	50.32423
	16.41562	50.32419
	16.41433	50.32445
	16.41267	50.32455
	16.41101	50.32458
	16.41003	50.32432
	16.4094	50.32396
	16.40906	50.3235
	16.40855	50.32305
	16.40743	50.32235
	16.40711	50.3217
	16.40627	50.32125
	16.40566	50.32081
	16.40532	50.32024
	16.40445	50.32008
	16.39924	50.31928
	16.39757	50.32076
	16.39597	50.32172
	16.39501	50.32224
	16.39392	50.32287
	16.39353	50.32326
	16.39291	50.32362
	16.39217	50.32375
	16.39139	50.32358
	16.39079	50.32351
	16.38996	50.324
	16.38576	50.32695
	16.38551	50.32718
	16.38325	50.32887
	16.37546	50.34197
	16.37506	50.34236
	16.37381	50.34292
	16.36469	50.34687
	16.3638	50.34793
	16.3633	50.34838
	16.36215	50.34975
	16.36118	50.35355
	16.36355	50.35518
	16.36467	50.35611
	16.36586	50.35737
	16.36592	50.35998
	16.36564	50.36316
	16.36807	50.36693
	16.3638	50.37052
	16.36361	50.37076
	16.36374	50.37135
	16.36419	50.37214
	16.3643	50.37302
	16.36491	50.37387
	16.36401	50.37546
	16.36346	50.37686
	16.36306	50.37754
	16.36272	50.37788
	16.36165	50.37865
	16.36099	50.37923
	16.36066	50.37956
	16.36006	50.37979
	16.35908	50.37977
	16.35745	50.38002
	16.3569	50.37991
	16.35522	50.37933
	16.35351	50.37861
	16.35264	50.37867
	16.35168	50.3789
	16.35096	50.37942
	16.35053	50.3798
	16.34896	50.38052
	16.34868	50.38069
	16.34844	50.38071
	16.34482	50.37912
	16.34247	50.37802
	16.34217	50.37789
	16.33752	50.37822
	16.33695	50.37859
	16.33422	50.3797
	16.33095	50.37977
	16.33034	50.37991
	16.33025	50.37992
	16.32787	50.38123
	16.32729	50.38146
	16.3267	50.38191
	16.32626	50.38204
	16.32461	50.38189
	16.3225	50.38186
	16.32048	50.38063
	16.31995	50.38056
	16.31879	50.38022
	16.3171	50.38019
	16.31609	50.38032
	16.31417	50.3808
	16.31388	50.38099
	16.31321	50.38172
	16.31045	50.38242
	16.30965	50.38286
	16.30861	50.38315
	16.30735	50.38295
	16.30632	50.38293
	16.30582	50.38288
	16.30538	50.38268
	16.30477	50.38273
	16.30359	50.38225
	16.30191	50.38214
	16.30165	50.382
	16.30097	50.38133
	16.30057	50.3812
	16.29996	50.38115
	16.29953	50.38101
	16.29922	50.38085
	16.29914	50.38066
	16.2991	50.38026
	16.2993	50.37991
	16.2986	50.37858
	16.29866	50.37842
	16.29728	50.37755
	16.2959	50.37638
	16.29349	50.374
	16.29323	50.37354
	16.29323	50.37146
	16.29285	50.37104
	16.29203	50.37058
	16.29168	50.37014
	16.29146	50.37009
	16.29105	50.3702
	16.29106	50.36993
	16.29082	50.36973
	16.29068	50.36987
	16.29054	50.36986
	16.29033	50.36977
	16.29024	50.36962
	16.2897	50.36965
	16.28943	50.36927
	16.28975	50.3692
	16.28968	50.36913
	16.28848	50.36884
	16.28784	50.36834
	16.2874	50.36826
	16.28695	50.36792
	16.28662	50.36784
	16.28648	50.36754
	16.28624	50.36761
	16.28567	50.36745
	16.28496	50.36747
	16.28405	50.3672
	16.28387	50.36726
	16.28385	50.36735
	16.2833	50.36742
	16.28336	50.36723
	16.28329	50.36717
	16.28256	50.36715
	16.28229	50.36708
	16.28174	50.36713
	16.28171	50.36701
	16.28155	50.36728
	16.28087	50.36744
	16.27847	50.3674
	16.27864	50.36801
	16.27796	50.36933
	16.27785	50.36994
	16.27813	50.37094
	16.27787	50.37146
	16.27733	50.37195
	16.27681	50.37265
	16.27669	50.37301
	16.27684	50.37408
	16.27675	50.37476
	16.27688	50.37609
	16.27685	50.37627
	16.27603	50.37674
	16.27546	50.37697
	16.2749	50.37709
	16.27442	50.37737
	16.27356	50.37763
	16.27217	50.37831
	16.27085	50.37868
	16.26994	50.37871
	16.26918	50.37885
	16.26795	50.37929
	16.26729	50.37982
	16.26633	50.38097
	16.26596	50.38157
	16.26563	50.38297
	16.2667	50.3843
	16.26725	50.38519
	16.26746	50.38609
	16.26736	50.38677
	16.26607	50.38943
	16.26505	50.3906
	16.26449	50.39183
	16.26329	50.39337
	16.26268	50.39378
	16.26185	50.39415
	16.25988	50.39439
	16.25834	50.39432
	16.25729	50.39415
	16.25701	50.39399
	16.25603	50.39375
	16.25463	50.39365
	16.25279	50.39384
	16.2518	50.3936
	16.25087	50.39349
	16.25036	50.3937
	16.24906	50.39461
	16.24814	50.39546
	16.24762	50.3957
	16.24768	50.39583
	16.24731	50.39616
	16.24722	50.3965
	16.24717	50.39744
	16.24725	50.39797
	16.24746	50.39836
	16.24807	50.39879
	16.2483	50.39891
	16.24984	50.3993
	16.24997	50.39952
	16.25074	50.3996
	16.25188	50.39964
	16.25192	50.3997
	16.25201	50.40146
	16.25187	50.40225
	16.25377	50.40305
	16.25389	50.40317
	16.25351	50.40405
	16.25329	50.40513
	16.25305	50.40532
	16.25291	50.40563
	16.25194	50.40603
	16.25093	50.40627
	16.24946	50.40683
	16.24879	50.40702
	16.24754	50.40707
	16.24599	50.4075
	16.24377	50.4087
	16.24156	50.40964
	16.24132	50.41021
	16.24166	50.41133
	16.24111	50.41153
	16.24058	50.41153
	16.24064	50.41179
	16.24043	50.41233
	16.23905	50.41279
	16.23911	50.41323
	16.23979	50.41338
	16.23923	50.41367
	16.23811	50.41407
	16.23775	50.414
	16.23716	50.41394
	16.23713	50.41405
	16.23494	50.4137
	16.23237	50.413
	16.22997	50.41208
	16.2297	50.41186
	16.22853	50.41125
	16.22681	50.41046
	16.22584	50.40967
	16.22364	50.40851
	16.222	50.40807
	16.22205	50.40787
	16.22198	50.40718
	16.22192	50.40703
	16.22185	50.40692
	16.22154	50.40704
	16.22092	50.40698
	16.22068	50.40721
	16.21935	50.40776
	16.21806	50.40788
	16.21778	50.40828
	16.21688	50.40845
	16.21674	50.40866
	16.21682	50.40897
	16.21522	50.40888
	16.21447	50.40913
	16.21357	50.41005
	16.21173	50.41054
	16.21069	50.41114
	16.21044	50.41143
	16.21068	50.41168
	16.21089	50.41232
	16.21142	50.41371
	16.2141	50.41472
	16.21384	50.41557
	16.21202	50.41849
	16.21223	50.41907
	16.21214	50.42145
	16.2119	50.42217
	16.21073	50.42305
	16.21038	50.42391
	16.21008	50.42429
	16.21003	50.42508
	16.20979	50.42577
	16.21	50.42634
	16.20986	50.4268
	16.2096	50.42702
	16.20902	50.42723
	16.20813	50.42731
	16.2066	50.4278
	16.20488	50.42935
	16.20396	50.4296
	16.20068	50.42905
	16.19919	50.429
	16.19837	50.42881
	16.19777	50.42952
	16.19726	50.43
	16.19707	50.4304
	16.19572	50.43213
	16.19572	50.43244
	16.19562	50.43252
	16.19588	50.43266
	16.19599	50.433
	16.19642	50.43341
	16.19635	50.43368
	16.19713	50.43408
	16.19828	50.43414
	16.19868	50.43473
	16.1986	50.43661
	16.19883	50.44173
	16.19992	50.4429
	16.20157	50.4446
	16.2023	50.44513
	16.20305	50.44585
	16.20354	50.44616
	16.20407	50.44636
	16.20525	50.448
	16.20491	50.44849
	16.20512	50.44871
	16.20572	50.44883
	16.20648	50.44889
	16.20729	50.44876
	16.20766	50.44879
	16.2097	50.44943
	16.21041	50.44973
	16.21092	50.45012
	16.21215	50.45127
	16.21287	50.45166
	16.21333	50.45179
	16.21465	50.45168
	16.21707	50.45197
	16.21858	50.45193
	16.21977	50.45178
	16.22064	50.45132
	16.22103	50.45102
	16.22157	50.45031
	16.2219	50.44933
	16.22179	50.44914
	16.22132	50.44877
	16.22101	50.44827
	16.22085	50.44741
	16.22081	50.44623
	16.22185	50.44549
	16.22272	50.44455
	16.22316	50.44416
	16.2239	50.44316
	16.22403	50.44245
	16.22396	50.44208
	16.22527	50.44248
	16.23008	50.44269
	16.23082	50.44281
	16.23167	50.44331
	16.23183	50.4435
	16.23137	50.44388
	16.23146	50.44418
	16.23101	50.44463
	16.23117	50.44485
	16.23173	50.44519
	16.23181	50.44522
	16.23214	50.44539
	16.23242	50.44517
	16.23265	50.44527
	16.23362	50.44602
	16.23378	50.44659
	16.23342	50.44685
	16.23335	50.44726
	16.23341	50.44756
	16.23405	50.44858
	16.23405	50.44874
	16.23225	50.44961
	16.23055	50.45075
	16.23118	50.4515
	16.23098	50.45185
	16.23082	50.45274
	16.23026	50.45368
	16.22978	50.45397
	16.22859	50.45443
	16.22674	50.45544
	16.22344	50.45646
	16.22198	50.45717
	16.22034	50.45783
	16.22037	50.45796
	16.22061	50.45803
	16.22054	50.4581
	16.22164	50.45814
	16.22197	50.45822
	16.22207	50.45845
	16.22237	50.45849
	16.22233	50.45874
	16.2226	50.45883
	16.22276	50.45918
	16.22335	50.45941
	16.22435	50.4608
	16.22553	50.46036
	16.22598	50.4599
	16.22613	50.45986
	16.22695	50.45985
	16.22733	50.46044
	16.23125	50.45956
	16.23144	50.4603
	16.23349	50.45989
	16.2341	50.46011
	16.23427	50.46027
	16.23515	50.45999
	16.23604	50.46068
	16.23633	50.46081
	16.23529	50.46304
	16.23541	50.46361
	16.23178	50.46618
	16.2335	50.46687
	16.23418	50.46674
	16.23626	50.46571
	16.23719	50.46543
	16.23792	50.46529
	16.23811	50.46583
	16.23824	50.46587
	16.23907	50.46553
	16.23911	50.46548
	16.24129	50.46434
	16.24339	50.46304
	16.24583	50.46463
	16.24966	50.46576
	16.25091	50.46621
	16.25456	50.46721
	16.25528	50.46744
	16.25567	50.46765
	16.25572	50.46773
	16.25518	50.46854
	16.25478	50.46886
	16.25395	50.46936
	16.25356	50.46951
	16.25313	50.46984
	16.25178	50.47058
	16.25104	50.47108
	16.25004	50.47146
	16.24933	50.47192
	16.24912	50.47234
	16.249	50.47318
	16.2492	50.47396
	16.25062	50.47442
	16.25111	50.47471
	16.25157	50.47528
	16.25248	50.47564
	16.25358	50.4763
	16.25433	50.47651
	16.25513	50.47648
	16.2552	50.47708
	16.25551	50.47723
	16.25591	50.47724
	16.25615	50.47777
	16.25731	50.47906
	16.25824	50.47991
	16.25867	50.48023
	16.25899	50.48014
	16.25975	50.48009
	16.26064	50.48011
	16.26269	50.4799
	16.26478	50.47998
	16.26502	50.47956
	16.26654	50.47788
	16.2673	50.47679
	16.2678	50.47634
	16.26857	50.47585
	16.26921	50.47606
	16.26945	50.47635
	16.27015	50.47684
	16.27033	50.47681
	16.27065	50.4766
	16.27134	50.47672
	16.2719	50.47658
	16.27238	50.47656
	16.27369	50.47675
	16.27425	50.47661
	16.27464	50.47662
	16.27454	50.47686
	16.27317	50.47758
	16.27244	50.47816
	16.27153	50.47854
	16.26964	50.47959
	16.26958	50.47976
	16.26985	50.48099
	16.26961	50.4815
	16.26858	50.48273
	16.26855	50.48289
	16.27109	50.48328
	16.27	50.48397
	16.2705	50.48433
	16.27124	50.48468
	16.27214	50.48456
	16.27274	50.48433
	16.27378	50.48408
	16.27342	50.48308
	16.27346	50.4827
	16.27373	50.48247
	16.27659	50.48166
	16.27708	50.48159
	16.27802	50.48158
	16.27925	50.4812
	16.28042	50.48114
	16.28155	50.48073
	16.2824	50.48104
	16.28273	50.48078
	16.28306	50.4802
	16.28357	50.47988
	16.28392	50.47978
	16.28471	50.4798
	16.28501	50.47973
	16.28537	50.4801
	16.28586	50.48039
	16.28647	50.48063
	16.28775	50.48094
	16.29046	50.48066
	16.29277	50.47996
	16.2941	50.4792
	16.29473	50.47968
	16.29718	50.4829
	16.29789	50.48355
	16.29905	50.48437
	16.29994	50.48547
	16.30012	50.48586
	16.30018	50.48651
	16.30043	50.48709
	16.30155	50.48871
	16.30168	50.48943
	16.30154	50.49005
	16.30108	50.49025
	16.30067	50.49082
	16.30066	50.49135
	16.30141	50.49109
	16.30182	50.49103
	16.30453	50.49097
	16.30567	50.49138
	16.30649	50.49189
	16.30782	50.49209
	16.30847	50.49226
	16.30999	50.49234
	16.3105	50.49248
	16.31141	50.49311
	16.31175	50.49358
	16.31243	50.49408
	16.31253	50.49447
	16.3125	50.49512
	16.31213	50.49598
	16.31206	50.49719
	16.31159	50.49772
	16.30988	50.4989
	16.30941	50.49931
	16.30955	50.50048
	16.31096	50.50263
	16.3108	50.5037
	16.31032	50.50463
	16.31033	50.50524
	16.31165	50.50613
	16.31202	50.50625
	16.3155	50.50679
	16.31569	50.50684
	16.31619	50.50725
	16.31635	50.50732
	16.3171	50.50755
	16.31825	50.5078
	16.31875	50.50786
	16.31926	50.50785
	16.32067	50.5076
	16.32162	50.50717
	16.32257	50.50648
	16.32302	50.506
	16.32356	50.50568
	16.32465	50.50543
	16.32547	50.50498
	16.32712	50.50476
	16.32767	50.50438
	16.33019	50.50389
	16.3313	50.50355
	16.33232	50.50359
	16.33294	50.50327
	16.33348	50.50293
	16.334	50.50242
	16.33427	50.50199
	16.33413	50.50068
	16.33364	50.50025
	16.33425	50.49982
	16.33455	50.49975
	16.33597	50.49976
	16.33719	50.49992
	16.33774	50.49967
	16.33801	50.49974
	16.33811	50.49964
	16.338	50.49915
	16.33835	50.49881
	16.33861	50.49858
	16.33985	50.49799
	16.34003	50.49779
	16.34096	50.49735
	16.34183	50.49756
	16.34246	50.49737
	16.3434	50.49682
	16.34314	50.49635
	16.34362	50.49589
	16.34394	50.49584
	16.34551	50.49594
	16.34615	50.49633
	16.34648	50.49622
	16.34768	50.49654
	16.34777	50.49664
	16.34797	50.49711
	16.34799	50.49751
	16.34757	50.49813
	16.34808	50.49862
	16.34836	50.49929
	16.34893	50.49913
	16.349	50.4987
	16.34938	50.49833
	16.34968	50.49855
	16.35032	50.49827
	16.35162	50.49796
	16.35214	50.49837
	16.35298	50.4988
	16.35376	50.49936
	16.3552	50.50004
	16.35596	50.50028
	16.35628	50.50052
	16.35675	50.50047
	16.35745	50.50065
	16.35936	50.5009
	16.36045	50.50134
	16.36119	50.50199
	16.3623	50.50276
	16.3647	50.50464
	16.36555	50.50536
	16.36687	50.50695
	16.36742	50.50818
	16.36974	50.51101
	16.37196	50.51438
	16.37267	50.51518
	16.37417	50.51651
	16.37461	50.51678
	16.37527	50.51703
	16.37957	50.51843
	16.3854	50.5198
	16.38645	50.52015
	16.38829	50.5216
	16.39079	50.52324
	16.39226	50.52425
	16.39333	50.52531
	16.39449	50.5261
	16.39518	50.52639
	16.39646	50.52663
	16.39754	50.52677
	16.39958	50.52724
	16.39987	50.52743
	16.40006	50.52798
	16.40025	50.52876
	16.40047	50.52903
	16.40178	50.52989
	16.39992	50.53143
	16.39687	50.53331
	16.39812	50.53441
	16.39814	50.53463
	16.39628	50.53589
	16.39442	50.53743
	16.39339	50.53811
	16.38917	50.54071
	16.38855	50.54101
	16.38748	50.54173
	16.38754	50.54261
	16.38769	50.54262
	16.38794	50.54258
	16.3883	50.54256
	16.38842	50.54262
	16.38852	50.54265
	16.38872	50.54258
	16.389	50.54252
	16.38916	50.54244
	16.38929	50.54252
	16.38944	50.54246
	16.38951	50.54245
	16.38968	50.54245
	16.38976	50.5425
	16.38979	50.54254
	16.38973	50.54265
	16.3898	50.5427
	16.39035	50.54282
	16.39055	50.54285
	16.39066	50.54284
	16.39105	50.54296
	16.39137	50.543
	16.39149	50.54311
	16.3921	50.54307
	16.39298	50.54327
	16.39313	50.54343
	16.3936	50.5434
	16.3939	50.54333
	16.39418	50.54332
	16.3944	50.54339
	16.39444	50.54351
	16.39458	50.54353
	16.39471	50.54353
	16.39494	50.5437
	16.39515	50.54375
	16.39527	50.54388
	16.39575	50.54375
	16.39621	50.54391
	16.39642	50.54392
	16.3966	50.54414
	16.39686	50.5441
	16.39738	50.54424
	16.39738	50.54429
	16.39732	50.54436
	16.39743	50.54446
	16.39766	50.54446
	16.39777	50.54439
	16.39812	50.54455
	16.39838	50.54473
	16.39862	50.54465
	16.3988	50.54469
	16.39891	50.54478
	16.39867	50.54498
	16.39865	50.54505
	16.39877	50.5451
	16.39901	50.5451
	16.39919	50.54504
	16.39928	50.54509
	16.39934	50.54522
	16.39942	50.54527
	16.40001	50.54514
	16.40015	50.54517
	16.4003	50.54533
	16.40034	50.54563
	16.40045	50.54579
	16.4006	50.54582
	16.40082	50.54577
	16.40093	50.54582
	16.40127	50.54589
	16.4014	50.54584
	16.40145	50.54585
	16.40173	50.54604
	16.40197	50.54636
	16.4022	50.54658
	16.40263	50.54657
	16.40281	50.54667
	16.40341	50.54676
	16.40375	50.54668
	16.40382	50.54674
	16.40381	50.54688
	16.40397	50.54692
	16.4041	50.54699
	16.40441	50.54703
	16.40458	50.54711
	16.40479	50.54705
	16.40522	50.54706
	16.40539	50.54701
	16.40559	50.54703
	16.40578	50.54711
	16.40586	50.54711
	16.406	50.54721
	16.40644	50.54719
	16.40665	50.54708
	16.40687	50.54707
	16.4071	50.54709
	16.40717	50.54716
	16.40734	50.54718
	16.40746	50.54728
	16.40763	50.54739
	16.40789	50.54743
	16.40802	50.54743
	16.40818	50.54739
	16.40865	50.54746
	16.40917	50.54757
	16.40943	50.54764
	16.40961	50.54765
	16.4098	50.54771
	16.41042	50.54779
	16.41074	50.54789
	16.41087	50.54796
	16.411	50.54819
	16.41101	50.54838
	16.41108	50.54852
	16.41112	50.5487
	16.41107	50.54877
	16.41102	50.54907
	16.41091	50.54924
	16.41088	50.54924
	16.41067	50.54936
	16.41059	50.54943
	16.41053	50.54959
	16.4103	50.55216
	16.4103	50.55255
	16.41035	50.55265
	16.41051	50.55327
	16.41055	50.55359
	16.41055	50.55384
	16.41049	50.55456
	16.41055	50.55566
	16.41061	50.55602
	16.41063	50.5564
	16.41019	50.55756
	16.40995	50.55828
	16.40979	50.55868
	16.40957	50.55908
	16.40914	50.55999
	16.40893	50.56035
	16.40856	50.56107
	16.40845	50.56124
	16.40825	50.56144
	16.40649	50.56278
	16.40619	50.56299
	16.40502	50.56371
	16.40444	50.5642
	16.40415	50.56447
	16.40406	50.56459
	16.40388	50.56499
	16.40342	50.56624
	16.40343	50.56639
	16.40385	50.56756
	16.4043	50.56848
	16.40463	50.56928
	16.40862	50.56873
	16.4164	50.56842
	16.41881	50.56863
	16.41953	50.56888
	16.42086	50.5691
	16.4237	50.5702
	16.42422	50.57033
	16.42503	50.57039
	16.42603	50.57069
	16.4272	50.57116
	16.42902	50.57212
	16.43194	50.57312
	16.435	50.5753
	16.44494	50.57956
	16.44443	50.5807
	16.44429	50.58151
	16.44424	50.58331
	16.44436	50.58408
	16.44394	50.58553
	16.44347	50.58646
	16.44189	50.58718
	16.44104	50.58766
	16.44103	50.5879
	16.44044	50.58836
	16.44059	50.58928
	16.44012	50.59017
	16.43925	50.59094
	16.43776	50.5925
	16.43576	50.59386
	16.43461	50.59495
	16.43371	50.5952
	16.43365	50.59586
	16.43383	50.59651
	16.43352	50.59699
	16.43297	50.59733
	16.43197	50.59851
	16.43178	50.59862
	16.4303	50.59901
	16.42986	50.59938
	16.42827	50.60004
	16.42764	50.60058
	16.42529	50.60371
	16.42373	50.60571
	16.42269	50.60663
	16.42196	50.60709
	16.41864	50.6087
	16.41692	50.60896
	16.41541	50.60943
	16.41409	50.60966
	16.41297	50.61007
	16.4123	50.61067
	16.40958	50.61258
	16.40923	50.61295
	16.40886	50.6136
	16.40862	50.6145
	16.40844	50.61471
	16.4067	50.61623
	16.40594	50.61681
	16.40506	50.61731
	16.40414	50.61752
	16.40339	50.61791
	16.4028	50.61805
	16.40192	50.61805
	16.40088	50.6183
	16.40011	50.61812
	16.39944	50.61807
	16.39586	50.61841
	16.39455	50.61874
	16.3942	50.61895
	16.39269	50.62011
	16.39154	50.62115
	16.3876	50.62367
	16.38678	50.62447
	16.38603	50.62537
	16.38458	50.62664
	16.38444	50.62716
	16.38393	50.62777
	16.38324	50.6283
	16.38122	50.62945
	16.38092	50.62971
	16.38074	50.63006
	16.38033	50.63034
	16.38021	50.63115
	16.37957	50.63173
	16.37932	50.63287
	16.37857	50.63342
	16.37805	50.63472
	16.37865	50.63572
	16.37928	50.63631
	16.37932	50.63658
	16.37907	50.63675
	16.37772	50.63692
	16.37747	50.63692
	16.37695	50.63699
	16.37651	50.63673
	16.37602	50.63662
	16.37574	50.63638
	16.37382	50.63652
	16.37192	50.63823
	16.37132	50.63924
	16.37082	50.63959
	16.37033	50.6402
	16.36953	50.64088
	16.36892	50.64127
	16.36833	50.64186
	16.36751	50.6423
	16.36707	50.64275
	16.36686	50.64314
	16.36624	50.64358
	16.36541	50.64459
	16.36485	50.64498
	16.36481	50.64558
	16.36498	50.64622
	16.36526	50.64671
	16.36383	50.64757
	16.36313	50.64783
	16.36276	50.64815
	16.36198	50.64838
	16.36131	50.64835
	16.36054	50.64804
	16.36009	50.64799
	16.3596	50.64752
	16.35913	50.64731
	16.35841	50.64719
	16.35759	50.64684
	16.35608	50.64672
	16.35512	50.64681
	16.35431	50.64702
	16.35325	50.64709
	16.35248	50.6474
	16.35225	50.64762
	16.35162	50.64763
	16.35147	50.64769
	16.35072	50.64818
	16.35034	50.64859
	16.34983	50.64936
	16.34998	50.64981
	16.3498	50.65036
	16.34988	50.65103
	16.34946	50.65201
	16.34941	50.65244
	16.34857	50.65315
	16.34765	50.65373
	16.3468	50.65465
	16.34641	50.65495
	16.3462	50.65535
	16.34519	50.65604
	16.34466	50.65616
	16.34437	50.65684
	16.34401	50.65727
	16.34395	50.6581
	16.34344	50.65904
	16.34332	50.66039
	16.34318	50.66056
	16.34302	50.66145
	16.34286	50.66155
	16.34074	50.66227
	16.34025	50.6623
	16.33971	50.66248
	16.33869	50.66228
	16.33845	50.66218
	16.33752	50.66227
	16.33619	50.6626
	16.33507	50.66262
	16.33405	50.66246
	16.33325	50.66282
	16.33251	50.66342
	16.33173	50.66385
	16.33061	50.66419
	16.32972	50.66423
	16.32926	50.66444
	16.32865	50.66436
	16.32715	50.66461
	16.32661	50.66477
	16.32614	50.66503
	16.32558	50.66517
	16.32457	50.66573
	16.32343	50.66601
	16.32217	50.66659
	16.32155	50.66653
	16.32084	50.66623
	16.32001	50.66606
	16.31748	50.665
	16.3166	50.6646
	16.31518	50.66472
	16.31426	50.6646
	16.3137	50.6644
	16.31342	50.66373
	16.31314	50.66336
	16.3131	50.66265
	16.31256	50.66213
	16.31115	50.66145
	16.3103	50.66126
	16.3096	50.66101
	16.30854	50.6609
	16.30825	50.66079
	16.30798	50.66068
	16.30711	50.65997
	16.30634	50.65964
	16.30587	50.65955
	16.30517	50.6592
	16.30389	50.65936
	16.30195	50.66018
	16.30124	50.66033
	16.30088	50.66059
	16.30022	50.66081
	16.29959	50.66082
	16.29925	50.66075
	16.29884	50.66073
	16.29789	50.66047
	16.29704	50.66043
	16.29627	50.66026
	16.29521	50.65984
	16.294	50.65977
	16.29339	50.6598
	16.29202	50.66018
	16.29027	50.66027
	16.28968	50.66052
	16.28926	50.6605
	16.2875	50.66079
	16.28632	50.66071
	16.28437	50.66044
	16.28279	50.66071
	16.2822	50.66096
	16.28175	50.66145
	16.28143	50.6626
	16.28138	50.6632
	16.28117	50.6636
	16.28129	50.66386
	16.28121	50.66414
	16.28074	50.66474
	16.27958	50.66549
	16.27954	50.66573
	16.2796	50.66602
	16.28009	50.66651
	16.28027	50.66692
	16.28016	50.66787
	16.27974	50.66814
	16.27793	50.66809
	16.27688	50.66819
	16.27609	50.66816
	16.2751	50.66765
	16.27443	50.66742
	16.27392	50.6674
	16.27301	50.66756
	16.27209	50.66753
	16.27112	50.6676
	16.26887	50.6673
	16.26765	50.66743
	16.26631	50.66744
	16.26569	50.66794
	16.26484	50.66824
	16.26321	50.66827
	16.262	50.66816
	16.25821	50.66709
	16.25694	50.66733
	16.25589	50.66763
	16.25508	50.6677
	16.25397	50.66806
	16.25219	50.66845
	16.25142	50.66874
	16.2502	50.66936
	16.24821	50.66952
	16.24628	50.67031
	16.24509	50.67028
	16.24273	50.66975
	16.24215	50.66969
	16.24089	50.66987
	16.24035	50.67003
	16.23978	50.67033
	16.23734	50.67093
	16.23568	50.67166
	16.23491	50.67163
	16.2337	50.67094
	16.23054	50.66822
	16.22958	50.66623
	16.22863	50.66455
	16.22775	50.66342
	16.2269	50.66196
	16.22612	50.65929
	16.22562	50.65795
	16.22548	50.65664
	16.22524	50.6559
	16.22375	50.65328
	16.22144	50.65152
	16.22174	50.65065
	16.22179	50.6491
	16.2214	50.6484
	16.22126	50.64774
	16.22135	50.64661
	16.22099	50.64559
	16.22091	50.64461
	16.22099	50.64412
	16.22132	50.64386
	16.22048	50.64367
	16.22049	50.64331
	16.22081	50.6429
	16.22086	50.64267
	16.22032	50.64216
	16.22048	50.64204
	16.22058	50.64169
	16.22077	50.64156
	16.22051	50.64141
	16.22059	50.64127
	16.22052	50.64121
	16.22066	50.64104
	16.22062	50.64077
	16.2208	50.6404
	16.22086	50.63979
	16.22018	50.63898
	16.21899	50.6383
	16.21967	50.63737
	16.22044	50.63654
	16.21971	50.63569
	16.21725	50.63323
	16.21671	50.6329
	16.21628	50.63273
	16.21377	50.63213
	16.21203	50.63215
	16.21012	50.63234
	16.20946	50.63229
	16.20633	50.63189
	16.20503	50.63188
	16.20421	50.63199
	16.2037	50.63215
	16.20275	50.63172
	16.20211	50.6318
	16.20165	50.63169
	16.20123	50.63181
	16.20097	50.63164
	16.2002	50.63152
	16.20007	50.63142
	16.20017	50.63117
	16.20011	50.63107
	16.19945	50.6311
	16.19901	50.631
	16.19941	50.63084
	16.19928	50.63074
	16.19857	50.63075
	16.19828	50.63064
	16.19761	50.63055
	16.1972	50.63061
	16.19687	50.63053
	16.19669	50.63063
	16.19606	50.63064
	16.19464	50.63048
	16.19242	50.62952
	16.19226	50.62915
	16.19186	50.62885
	16.19115	50.62867
	16.19051	50.62826
	16.1894	50.62793
	16.18884	50.62787
	16.18845	50.62755
	16.188	50.62734
	16.18721	50.62718
	16.18543	50.62739
	16.1847	50.62721
	16.18378	50.62725
	16.18254	50.62763
	16.18176	50.62818
	16.18136	50.62835
	16.17963	50.62864
	16.17906	50.62872
	16.17989	50.62992
	16.1799	50.63174
	16.18022	50.63282
	16.18015	50.63356
	16.17955	50.63406
	16.17845	50.63476
	16.17754	50.63574
	16.17718	50.63772
	16.17691	50.63848
	16.17696	50.63962
	16.17583	50.6405
	16.17362	50.64192
	16.17125	50.64415
	16.17102	50.6445
	16.17087	50.64501
	16.17049	50.64525
	16.16904	50.64584
	16.16774	50.6461
	16.16624	50.64623
	16.16368	50.64688
	16.16199	50.64759
	16.16127	50.64777
	16.16056	50.64806
	16.15766	50.64948
	16.15636	50.64991
	16.15559	50.65043
	16.15382	50.65121
	16.1502	50.6527
	16.14945	50.65288
	16.14838	50.65333
	16.14795	50.65333
	16.14718	50.65312
	16.14503	50.65247
	16.14391	50.65239
	16.1434	50.65206
	16.14205	50.65209
	16.14129	50.65144
	16.14059	50.65135
	16.14004	50.65103
	16.13944	50.65082
	16.13819	50.65143
	16.13741	50.65195
	16.13678	50.65263
	16.13634	50.65398
	16.13505	50.65532
	16.13445	50.65608
	16.13418	50.65615
	16.13422	50.65625
	16.13321	50.65648
	16.13169	50.65715
	16.13065	50.65742
	16.13055	50.6575
	16.12954	50.65757
	16.12829	50.65755
	16.12808	50.65763
	16.12772	50.65789
	16.1274	50.65837
	16.12737	50.65888
	16.12676	50.65959
	16.12651	50.66032
	16.12508	50.6607
	16.12392	50.66065
	16.12357	50.6607
	16.12246	50.66053
	16.12202	50.66062
	16.12154	50.66044
	16.12078	50.66039
	16.12049	50.66042
	16.12008	50.66061
	16.11981	50.66039
	16.11951	50.66031
	16.11913	50.66036
	16.11823	50.66029
	16.11725	50.6604
	16.11597	50.66035
	16.11332	50.65943
	16.11295	50.65867
	16.11198	50.65962
	16.11174	50.66033
	16.11122	50.66096
	16.11012	50.6614
	16.1073	50.66207
	16.10572	50.66195
	16.1047	50.66258
	16.10371	50.66334
	16.1031	50.66304
	16.10119	50.66276
	16.10077	50.66257
	16.10056	50.66232
	16.10023	50.66081
	16.10023	50.66019
	16.09983	50.6591
	16.09985	50.65883
	16.09899	50.65795
	16.09876	50.65732
	16.0982	50.65677
	16.09811	50.65623
	16.09772	50.65547
	16.09764	50.65536
	16.09512	50.65305
	16.09454	50.65292
	16.09377	50.65297
	16.0934	50.65293
	16.09265	50.65269
	16.09204	50.65235
	16.09166	50.65217
	16.09138	50.65216
	16.09075	50.65234
	16.09007	50.65279
	16.08949	50.65282
	16.08864	50.65251
	16.08789	50.65188
	16.08774	50.6515
	16.08776	50.65063
	16.0873	50.64971
	16.08608	50.64825
	16.08542	50.64757
	16.08475	50.64712
	16.08388	50.64659
	16.08297	50.64641
	16.08162	50.64633
	16.08074	50.64598
	16.07884	50.64468
	16.07753	50.64342
	16.07534	50.64216
	16.07421	50.64181
	16.0733	50.64168
	16.0714	50.64068
	16.07093	50.64047
	16.06995	50.64023
	16.06874	50.64014
	16.06819	50.64003
	16.06761	50.63978
	16.06741	50.63961
	16.06687	50.63806
	16.06695	50.63727
	16.0663	50.63598
	16.06526	50.63516
	16.06501	50.63462
	16.06473	50.63431
	16.06403	50.63393
	16.06356	50.63355
	16.06314	50.63274
	16.06235	50.63174
	16.06211	50.62849
	16.06167	50.62751
	16.06081	50.6264
	16.06027	50.62593
	16.0599	50.62534
	16.05975	50.62442
	16.0599	50.62219
	16.05973	50.62125
	16.05934	50.62039
	16.05861	50.6194
	16.0579	50.61864
	16.05745	50.61689
	16.05746	50.61651
	16.0576	50.61623
	16.05822	50.61546
	16.05843	50.61495
	16.05853	50.61405
	16.05848	50.61307
	16.05748	50.61124
	16.0567	50.61048
	16.05627	50.60974
	16.05598	50.60969
	16.05493	50.61008
	16.05419	50.61053
	16.05295	50.61093
	16.05259	50.6115
	16.05218	50.61191
	16.051	50.61198
	16.04945	50.61237
	16.04769	50.61266
	16.04496	50.61347
	16.04344	50.61408
	16.04262	50.61424
	16.04223	50.61374
	16.04145	50.61325
	16.04003	50.61202
	16.03897	50.6114
	16.03618	50.60906
	16.03544	50.60853
	16.0312	50.60517
	16.02921	50.60379
	16.02829	50.60274
	16.02605	50.59984
	16.02503	50.5987
	16.02469	50.5987
	16.02294	50.59956
	16.02224	50.59982
	16.02024	50.60002
	16.01976	50.60018
	16.01925	50.60061
	16.01874	50.60123
	16.01791	50.60176
	16.01697	50.60256
	16.01667	50.6031
	16.01596	50.60529
	16.01594	50.60598
	16.01575	50.60611
	16.01552	50.60615
	16.01525	50.60591
	16.01488	50.60588
	16.01414	50.60619
	16.01305	50.60626
	16.01309	50.60633
	16.01196	50.60677
	16.01135	50.60685
	16.01093	50.60679
	16.01075	50.60668
	16.01056	50.60636
	16.00997	50.60599
	16.00964	50.60531
	16.00857	50.60465
	16.00805	50.60516
	16.00664	50.60585
	16.006	50.60608
	16.00326	50.60674
	16.00218	50.60722
	16.00145	50.60779
	16.00057	50.60792
	15.99964	50.60789
	15.99894	50.60813
	15.99798	50.60827
	15.99673	50.60887
	15.99242	50.60976
	15.98902	50.61121
	15.98723	50.6126
	15.98675	50.61307
	15.98637	50.61371
	15.98628	50.61441
	15.98638	50.61475
	15.9868	50.61524
	15.98724	50.61551
	15.98744	50.61577
	15.98876	50.61622
	15.98911	50.6165
	15.99082	50.618
	15.99091	50.6183
	15.99189	50.61901
	15.99335	50.61975
	15.99645	50.62179
	15.99795	50.62259
	15.99899	50.62301
	16.0013	50.62343
	16.00541	50.62444
	16.00658	50.6246
	16.00818	50.62501
	16.01026	50.62606
	16.01195	50.62679
	16.01379	50.62795
	16.01485	50.62852
	16.01791	50.62952
	16.01951	50.62982
	16.02111	50.63002
	16.02177	50.63017
	16.02159	50.63056
	16.02086	50.63101
	16.01733	50.63274
	16.0163	50.63337
	16.0141	50.63388
	16.01294	50.63385
	16.01181	50.63409
	16.00956	50.6343
	16.00882	50.63446
	16.00849	50.63471
	16.0083	50.6354
	16.00804	50.63562
	16.00761	50.63577
	16.00737	50.636
	16.00717	50.63633
	16.00704	50.63674
	16.00714	50.63709
	16.0069	50.63778
	16.00703	50.63831
	16.00698	50.63874
	16.00719	50.63947
	16.00669	50.64004
	16.00639	50.64089
	16.00579	50.64168
	16.00551	50.64242
	16.0052	50.64274
	16.00445	50.64312
	16.00241	50.64384
	16.00105	50.64471
	16.00087	50.64494
	16.00088	50.64519
	16.00194	50.64577
	16.00243	50.64623
	16.00259	50.64671
	16.00269	50.64694
	16.00431	50.64794
	16.00504	50.64861
	16.00459	50.64979
	16.00372	50.65068
	16.00342	50.6512
	16.00335	50.6516
	16.00373	50.65298
	16.00369	50.65367
	16.00337	50.65507
	16.0043	50.65608
	16.00457	50.65695
	16.00457	50.65753
	16.00434	50.65786
	16.00433	50.65824
	16.00413	50.65857
	16.00322	50.65919
	16.00308	50.65935
	16.00293	50.65966
	16.00234	50.66012
	16.0018	50.6607
	16.00135	50.66193
	16.00066	50.66258
	16.00024	50.66333
	16.00051	50.66451
	16.0005	50.66489
	16.0004	50.66557
	16.00005	50.66596
	15.99928	50.66639
	15.99851	50.66749
	15.99799	50.6685
	15.99795	50.66888
	15.99809	50.66934
	15.99819	50.67067
	15.99855	50.6712
	15.99882	50.67189
	15.99892	50.67226
	15.99885	50.67251
	15.99867	50.67268
	15.9978	50.67294
	15.99499	50.67306
	15.99412	50.67328
	15.99365	50.6735
	15.99331	50.6738
	15.99286	50.67489
	15.99256	50.67514
	15.992	50.67535
	15.99101	50.6761
	15.99082	50.6767
	15.9904	50.67699
	15.9901	50.6778
	15.98962	50.6784
	15.98955	50.67897
	15.98974	50.68013
	15.99079	50.68167
	15.9912	50.68272
	15.99122	50.68308
	15.99089	50.68345
	15.98983	50.68397
	15.98947	50.6844
	15.98858	50.68489
	15.98759	50.685
	15.98468	50.68625
	15.98365	50.68645
	15.9833	50.68635
	15.98311	50.68644
	15.98315	50.6867
	15.9826	50.68689
	15.98245	50.68706
	15.98148	50.68741
	15.97887	50.6881
	15.97714	50.68872
	15.97119	50.69046
	15.97001	50.69078
	15.96717	50.69172
	15.96367	50.69194
	15.96133	50.69193
	15.95948	50.69162
	15.95816	50.69154
	15.95564	50.69141
	15.95441	50.69081
	15.95284	50.69072
	15.9501	50.69013
	15.94853	50.68936
	15.94611	50.68868
	15.94445	50.68785
	15.94375	50.68763
	15.94254	50.68704
	15.94162	50.68697
	15.94054	50.68678
	15.93941	50.68688
	15.93901	50.68676
	15.93836	50.68676
	15.93768	50.68682
	15.93756	50.68678
	15.93716	50.68675
	15.937	50.68681
	15.93676	50.68673
	15.9363	50.68677
	15.93543	50.68671
	15.93527	50.68679
	15.93504	50.68677
	15.93499	50.68689
	15.93481	50.68692
	15.9346	50.68685
	15.93451	50.68689
	15.93458	50.68699
	15.93445	50.68703
	15.93426	50.68687
	15.93416	50.68692
	15.93395	50.68683
	15.9338	50.68689
	15.93353	50.68677
	15.93358	50.68668
	15.93337	50.68674
	15.93332	50.68682
	15.93279	50.68666
	15.93272	50.68656
	15.93215	50.68655
	15.93185	50.68648
	15.9317	50.68636
	15.93163	50.68628
	15.9314	50.68628
	15.93132	50.686
	15.93119	50.68601
	15.93087	50.68548
	15.93042	50.68527
	15.93055	50.68519
	15.93035	50.68503
	15.93051	50.6848
	15.93029	50.68457
	15.93027	50.68438
	15.93015	50.68425
	15.9302	50.68397
	15.93011	50.68387
	15.93022	50.68371
	15.93006	50.68365
	15.93022	50.68344
	15.92992	50.6832
	15.92975	50.68288
	15.92822	50.68161
	15.92789	50.68153
	15.92769	50.68124
	15.92695	50.68094
	15.92644	50.68088
	15.92621	50.68077
	15.9255	50.68092
	15.92529	50.68109
	15.92527	50.68123
	15.92402	50.68184
	15.92381	50.68217
	15.92362	50.68228
	15.92366	50.68238
	15.92248	50.68292
	15.92218	50.68313
	15.92194	50.68319
	15.9215	50.68361
	15.92044	50.68393
	15.92033	50.68408
	15.92005	50.68417
	15.91953	50.6846
	15.91858	50.68387
	15.91822	50.68354
	15.91774	50.68317
	15.91736	50.68301
	15.91695	50.68282
	15.9164	50.68263
	15.91497	50.6823
	15.91445	50.68222
	15.91368	50.68216
	15.91303	50.68209
	15.91239	50.68197
	15.91104	50.68176
	15.9101	50.68144
	15.90915	50.68073
	15.90889	50.68061
	15.90783	50.68018
	15.90504	50.67936
	15.90283	50.67883
	15.90142	50.6786
	15.90051	50.67831
	15.89871	50.67802
	15.89614	50.67746
	15.89453	50.67693
	15.89303	50.67669
	15.89224	50.67637
	15.88769	50.67555
	15.88508	50.67535
	15.8851	50.67445
	15.88459	50.67336
	15.88508	50.67207
	15.88471	50.6715
	15.8848	50.67133
	15.88401	50.67116
	15.88185	50.67107
	15.88135	50.67116
	15.87989	50.67123
	15.87701	50.67185
	15.87585	50.67178
	15.87526	50.67185
	15.87481	50.67188
	15.87302	50.67247
	15.87263	50.67255
	15.87202	50.67251
	15.87109	50.67305
	15.87035	50.67318
	15.8695	50.6735
	15.86887	50.67363
	15.86796	50.67378
	15.86542	50.67395
	15.86448	50.67412
	15.86096	50.67445
	15.86092	50.67488
	15.86139	50.67586
	15.86155	50.67668
	15.86313	50.6797
	15.86336	50.68033
	15.8634	50.68117
	15.86334	50.68147
	15.86297	50.68208
	15.86195	50.68299
	15.86178	50.68331
	15.86173	50.68356
	15.86195	50.68437
	15.86187	50.68494
	15.86166	50.68545
	15.86047	50.68667
	15.85991	50.68739
	15.85967	50.68849
	15.85919	50.68911
	15.85942	50.68954
	15.85943	50.69008
	15.85907	50.69065
	15.85905	50.69121
	15.85859	50.69197
	15.85766	50.69397
	15.85761	50.69453
	15.85773	50.69555
	15.85754	50.69662
	15.8569	50.6976
	15.8557	50.69867
	15.85566	50.69874
	15.85507	50.69917
	15.85482	50.69964
	15.85468	50.69978
	15.85373	50.70018
	15.85335	50.70043
	15.85307	50.70058
	15.8523	50.70271
	15.85189	50.70355
	15.85172	50.70476
	15.85144	50.70534
	15.85138	50.70566
	15.8517	50.70678
	15.85161	50.7072
	15.85117	50.70798
	15.84996	50.70901
	15.84843	50.70897
	15.8475	50.70921
	15.84654	50.70991
	15.84614	50.71008
	15.84603	50.71066
	15.84616	50.71086
	15.8455	50.71154
	15.84506	50.71176
	15.84449	50.71188
	15.84382	50.71214
	15.84266	50.71281
	15.84238	50.71313
	15.84202	50.71396
	15.8413	50.71479
	15.84101	50.71497
	15.84046	50.71502
	15.84013	50.71526
	15.8399	50.71573
	15.8398	50.71656
	15.83933	50.7171
	15.83913	50.71769
	15.83732	50.71851
	15.83713	50.71864
	15.83685	50.71922
	15.83459	50.72032
	15.8344	50.72088
	15.83411	50.72151
	15.83372	50.72191
	15.83345	50.72202
	15.83287	50.7219
	15.83264	50.72194
	15.83212	50.72259
	15.83197	50.72337
	15.83179	50.72354
	15.83103	50.72397
	15.83023	50.72413
	15.82993	50.72454
	15.8301	50.72501
	15.83116	50.72601
	15.83141	50.72639
	15.83135	50.72669
	15.83068	50.72708
	15.83026	50.72748
	15.83016	50.72787
	15.8303	50.72821
	15.83026	50.72871
	15.83039	50.72896
	15.83061	50.72928
	15.8311	50.72954
	15.8317	50.73016
	15.83173	50.73031
	15.83129	50.73082
	15.83174	50.7315
	15.83185	50.73249
	15.83114	50.73316
	15.83068	50.73394
	15.83043	50.7353
	15.83055	50.73617
	15.83048	50.73749
	15.83088	50.73853
	15.83129	50.73895
	15.83112	50.73968
	15.83137	50.7402
	15.83117	50.74064
	15.83125	50.7413
	15.83166	50.74183
	15.83163	50.74228
	15.83192	50.74272
	15.83179	50.74285
	15.83162	50.74294
	15.83143	50.74302
	15.83121	50.74309
	15.83062	50.74314
	15.82995	50.74315
	15.82968	50.74314
	15.82954	50.74318
	15.82945	50.74324
	15.82942	50.74341
	15.82944	50.74354
	15.82928	50.74381
	15.82873	50.74419
	15.82726	50.74496
	15.82689	50.7451
	15.82669	50.74515
	15.82641	50.74525
	15.82612	50.7454
	15.82508	50.746
	15.82449	50.74636
	15.82364	50.74683
	15.82366	50.74685
	15.82313	50.74716
	15.82072	50.74902
	15.81971	50.74976
	15.81903	50.75091
	15.8185	50.75201
	15.81789	50.75286
	15.81748	50.7537
	15.81707	50.75466
	15.8162	50.75532
	15.8143	50.75538
	15.81276	50.75528
	15.81035	50.755
	15.80832	50.75438
	15.80589	50.75359
	15.80436	50.75336
	15.80077	50.75277
	15.79914	50.75248
	15.79746	50.75265
	15.79491	50.75287
	15.7924	50.75278
	15.79148	50.75265
	15.79002	50.74825
	15.78876	50.74675
	15.78644	50.74568
	15.78442	50.74472
	15.78336	50.74424
	15.78227	50.74371
	15.77922	50.74227
	15.77579	50.74233
	15.77513	50.74242
	15.77325	50.74221
	15.77192	50.74235
	15.77064	50.74265
	15.77005	50.74265
	15.76952	50.74277
	15.76901	50.74293
	15.76849	50.74325
	15.76772	50.74346
	15.7672	50.7437
	15.76534	50.74384
	15.76251	50.74383
	15.76165	50.74385
	15.75977	50.74356
	15.75877	50.74335
	15.75856	50.74315
	15.75795	50.74295
	15.75768	50.74294
	15.75745	50.74295
	15.75642	50.74255
	15.75551	50.74228
	15.75481	50.74198
	15.75337	50.74158
	15.75078	50.74073
	15.74983	50.7404
	15.74839	50.74024
	15.74451	50.73871
	15.74428	50.7385
	15.74346	50.73823
	15.74282	50.73779
	15.74244	50.73774
	15.74222	50.73743
	15.74171	50.73714
	15.7411	50.73697
	15.74084	50.73687
	15.74058	50.73665
	15.74032	50.73625
	15.73978	50.73594
	15.73912	50.73611
	15.7375	50.7363
	15.73744	50.73636
	15.73648	50.73623
	15.73641	50.73631
	15.73555	50.73621
	15.73514	50.73615
	15.73504	50.73609
	15.73433	50.73618
	15.73426	50.7364
	15.73375	50.73669
	15.73302	50.73677
	15.73242	50.73706
	15.73155	50.73755
	15.73027	50.73842
	15.72852	50.73939
	15.72624	50.73936
	15.72337	50.73979
	15.72147	50.73955
	15.71775	50.73859
	15.71468	50.73738
	15.71426	50.73736
	15.71168	50.73777
	15.71115	50.73763
	15.70558	50.73725
	15.7014	50.73833
	15.69946	50.73877
	15.69526	50.73993
	15.69319	50.74093
	15.69064	50.74181
	15.68864	50.7428
	15.68865	50.74448
	15.68787	50.7461
	15.68702	50.74762
	15.68523	50.75073
	15.68445	50.75183
	15.68392	50.75261
	15.68219	50.75374
	15.68121	50.75426
	15.68027	50.75474
	15.6752	50.75561
	15.6701	50.75633
	15.6677	50.75676
	15.66685	50.75708
	15.66552	50.75761
	15.66383	50.75848
	15.66305	50.75884
	15.66134	50.75942
	15.65948	50.75987
	15.65709	50.75998
	15.65469	50.75972
	15.65195	50.75955
	15.64852	50.75958
	15.64662	50.76072
	15.64447	50.76093
	15.64184	50.7608
	15.63582	50.76241
	15.63428	50.76269
	15.63417	50.76269
	15.62834	50.76402
	15.62781	50.76431
	15.62556	50.76486
	15.62304	50.76519
	15.62211	50.76525
	15.62178	50.76536
	15.62085	50.76616
	15.62002	50.76777
	15.619	50.76933
	15.6187	50.76967
	15.61671	50.77215
	15.61614	50.77257
	15.61548	50.7729
	15.6133	50.77364
	15.61279	50.77384
	15.60931	50.77469
	15.60721	50.77554
	15.60484	50.77596
	15.60228	50.77679
	15.60202	50.77681
	15.60176	50.7767
	15.60099	50.77686
	15.59825	50.77701
	15.59602	50.77702
	15.59466	50.77677
	15.59355	50.77692
	15.59186	50.77693
	15.59125	50.77714
	15.5908	50.77712
	15.5905	50.77721
	15.58893	50.7779
	15.58845	50.77803
	15.5881	50.77823
	15.58707	50.77854
	15.58509	50.77873
	15.58435	50.77872
	15.58182	50.77849
	15.58148	50.77834
	15.58091	50.77866
	15.58024	50.77853
	15.57996	50.77869
	15.57955	50.77872
	15.57927	50.77898
	15.57896	50.77893
	15.57875	50.77897
	15.57571	50.77818
	15.57294	50.77757
	15.56713	50.77676
	15.56415	50.7762
	15.56065	50.77662
	15.55932	50.7767
	15.55833	50.77691
	15.55435	50.7789
	15.5501	50.77979
	15.5463	50.78038
	15.54517	50.78044
	15.53914	50.78015
	15.5352	50.77936
	15.53194	50.77881
	15.52877	50.77797
	15.52544	50.77729
	15.52427	50.77699
	15.51884	50.7826
	15.51595	50.78512
	15.51474	50.78606
	15.51387	50.78704
	15.51229	50.78842
	15.51137	50.79049
	15.51103	50.79081
	15.51045	50.79085
	15.50693	50.79029
	15.50411	50.78947
	15.50195	50.789
	15.49963	50.78887
	15.49915	50.78881
	15.49621	50.78832
	15.49344	50.78821
	15.49044	50.7891
	15.48862	50.78995
	15.48795	50.79015
	15.48463	50.79049
	15.48197	50.79064
	15.48061	50.79086
	15.47983	50.79136
	15.47913	50.79203
	15.47802	50.79345
	15.47626	50.79514
	15.47508	50.79596
	15.47364	50.79671
	15.47112	50.79719
	15.46893	50.79816
	15.46761	50.79921
	15.46541	50.80011
	15.46367	50.80099
	15.4617	50.80141
	15.45889	50.80172
	15.45481	50.80229
	15.45242	50.80324
	15.45096	50.804
	15.45075	50.8042
	15.45009	50.80699
	15.44999	50.80705
	15.44887	50.80724
	15.44871	50.80733
	15.44378	50.80782
	15.44049	50.80886
	15.43965	50.80907
	15.43916	50.80909
	15.43686	50.80871
	15.43578	50.8084
	15.43459	50.80818
	15.43291	50.808
	15.43134	50.80771
	15.43043	50.80739
	15.42847	50.80689
	15.42667	50.80658
	15.42599	50.8064
	15.42564	50.80636
	15.42538	50.80646
	15.42496	50.80598
	15.42383	50.80502
	15.4226	50.80418
	15.42093	50.80336
	15.42013	50.80216
	15.41896	50.80069
	15.41896	50.79893
	15.41847	50.79766
	15.41671	50.79644
	15.41582	50.79559
	15.41573	50.79487
	15.4151	50.79285
	15.41273	50.79167
	15.41238	50.79068
	15.40876	50.78652
	15.40751	50.78564
	15.40531	50.78447
	15.40461	50.78395
	15.40394	50.78326
	15.40364	50.78247
	15.40335	50.78205
	15.4021	50.78128
	15.40051	50.78062
	15.39893	50.77998
	15.39704	50.77909
	15.39622	50.77836
	15.39576	50.77765
	15.39402	50.7765
	15.39216	50.77586
	15.39048	50.77586
	15.38896	50.77603
	15.38776	50.7759
	15.38532	50.77549
	15.38441	50.77555
	15.3836	50.7758
	15.38153	50.77762
	15.3804	50.77801
	15.37907	50.77822
	15.3757	50.77763
	15.37479	50.77763
	15.37375	50.77809
	15.37239	50.77963
	15.37146	50.78046
	15.36988	50.78114
	15.37032	50.78131
	15.37054	50.7815
	15.37064	50.78165
	15.37076	50.78241
	15.37089	50.78257
	15.37098	50.78263
	15.37179	50.78302
	15.37192	50.78311
	15.37211	50.7833
	15.37257	50.78419
	15.37276	50.78439
	15.37305	50.78455
	15.37329	50.78479
	15.37327	50.78527
	15.37291	50.78579
	15.37243	50.78643
	15.37199	50.78681
	15.37192	50.78693
	15.3719	50.78719
	15.37192	50.78745
	15.37229	50.78783
	15.37248	50.78797
	15.37281	50.78814
	15.37341	50.78837
	15.37379	50.7886
	15.374	50.78919
	15.37393	50.78948
	15.37344	50.79044
	15.37334	50.7907
	15.37326	50.79107
	15.37298	50.79146
	15.37269	50.79172
	15.37172	50.79246
	15.37161	50.79261
	15.37165	50.79284
	15.37228	50.79382
	15.37236	50.79397
	15.37261	50.79546
	15.3725	50.79576
	15.37228	50.79599
	15.3714	50.7966
	15.37117	50.79673
	15.37068	50.79719
	15.3705	50.79752
	15.37044	50.79817
	15.37032	50.79839
	15.37003	50.79874
	15.36893	50.79978
	15.36828	50.80043
	15.36757	50.80107
	15.36724	50.80129
	15.3665	50.80162
	15.36626	50.80178
	15.36619	50.80209
	15.36629	50.80235
	15.36645	50.80261
	15.36667	50.8029
	15.36722	50.80333
	15.36766	50.80384
	15.36792	50.80427
	15.36803	50.80462
	15.36825	50.80491
	15.36851	50.80521
	15.36877	50.80541
	15.36938	50.80567
	15.37296	50.80643
	15.37307	50.80652
	15.37317	50.80686
	15.37342	50.80711
	15.37399	50.80752
	15.37406	50.80788
	15.37365	50.80803
	15.37265	50.80804
	15.3721	50.80808
	15.37204	50.80819
	15.3721	50.80855
	15.37218	50.80878
	15.37254	50.8094
	15.37307	50.81
	15.37338	50.81021
	15.37373	50.8105
	15.37389	50.81067
	15.37423	50.81142
	15.3742	50.81161
	15.3741	50.81184
	15.37383	50.81227
	15.37347	50.81271
	15.37321	50.81294
	15.37288	50.8131
	15.37198	50.81346
	15.37172	50.81359
	15.37085	50.81379
	15.37071	50.81391
	15.37053	50.81396
	15.37036	50.81406
	15.37002	50.81441
	15.37003	50.8147
	15.37025	50.8149
	15.3703	50.81502
	15.37026	50.81525
	15.37041	50.81547
	15.37045	50.81549
	15.37049	50.81567
	15.37051	50.81597
	15.37055	50.81614
	15.37047	50.81656
	15.37049	50.81677
	15.37066	50.81697
	15.37125	50.81757
	15.37141	50.81769
	15.37156	50.81783
	15.37165	50.81787
	15.37172	50.81795
	15.37186	50.81807
	15.37191	50.81824
	15.37189	50.81866
	15.37182	50.81878
	15.37185	50.81898
	15.3721	50.81924
	15.37245	50.81944
	15.37261	50.8195
	15.37284	50.81966
	15.37329	50.81991
	15.37334	50.81988
	15.37347	50.81999
	15.37364	50.82006
	15.37389	50.82024
	15.37417	50.82051
	15.37468	50.82085
	15.37482	50.82091
	15.37579	50.82098
	15.3759	50.82094
	15.37607	50.82099
	15.37609	50.82115
	15.37602	50.82127
	15.37552	50.82169
	15.37523	50.8219
	15.37448	50.82253
	15.37402	50.82274
	15.37346	50.82288
	15.37306	50.82302
	15.37277	50.82308
	15.37244	50.82326
	15.37219	50.82357
	15.3721	50.82378
	15.37205	50.82438
	15.3721	50.82453
	15.37232	50.8248
	15.37241	50.82507
	15.37224	50.82592
	15.37208	50.82634
	15.37177	50.82688
	15.3712	50.8275
	15.37092	50.82807
	15.37084	50.82845
	15.37067	50.82863
	15.37052	50.82893
	15.37037	50.82937
	15.37035	50.82968
	15.36992	50.83034
	15.36984	50.8308
	15.3696	50.83116
	15.36962	50.83147
	15.36944	50.83183
	15.36931	50.83201
	15.36928	50.83214
	15.36928	50.83228
	15.36969	50.83288
	15.37007	50.83359
	15.37	50.834
	15.36921	50.83515
	15.36899	50.83529
	15.36839	50.83574
	15.36828	50.83593
	15.36819	50.83604
	15.3681	50.83611
	15.36785	50.83626
	15.36744	50.83645
	15.36733	50.83659
	15.36728	50.83682
	15.36734	50.83693
	15.36745	50.83703
	15.36761	50.83736
	15.36755	50.83742
	15.36757	50.83763
	15.36735	50.83795
	15.36734	50.83803
	15.36632	50.83835
	15.3659	50.83841
	15.36569	50.83854
	15.36562	50.83863
	15.3657	50.83912
	15.36553	50.83923
	15.36537	50.83927
	15.36518	50.83929
	15.36472	50.83919
	15.36436	50.83928
	15.36419	50.83939
	15.36424	50.83947
	15.36426	50.83972
	15.36444	50.83996
	15.3644	50.84017
	15.36429	50.84025
	15.36417	50.84028
	15.36382	50.84019
	15.36358	50.84019
	15.36342	50.84023
	15.36334	50.84033
	15.36307	50.84047
	15.36279	50.84043
	15.36249	50.8405
	15.36247	50.84056
	15.36266	50.84066
	15.36279	50.84084
	15.36277	50.84108
	15.36268	50.84127
	15.36224	50.84156
	15.36202	50.84158
	15.3616	50.8417
	15.36142	50.84181
	15.36116	50.84202
	15.36071	50.84213
	15.36058	50.84211
	15.36031	50.84226
	15.36027	50.84234
	15.3603	50.84245
	15.3604	50.84251
	15.36046	50.84268
	15.36042	50.84342
	15.36052	50.84361
	15.36049	50.84374
	15.36029	50.84402
	15.36016	50.84411
	15.35945	50.84446
	15.35927	50.84452
	15.35873	50.84484
	15.35867	50.84497
	15.35869	50.84499
	15.35863	50.84515
	15.35842	50.8455
	15.35837	50.84572
	15.35831	50.84579
	15.35823	50.84609
	15.35837	50.84615
	15.35851	50.84627
	15.35862	50.84645
	15.35862	50.84661
	15.35829	50.84716
	15.3581	50.84727
	15.3578	50.84732
	15.35752	50.84739
	15.35729	50.84753
	15.35711	50.84769
	15.35691	50.8478
	15.3568	50.84791
	15.35645	50.8481
	15.35621	50.8482
	15.356	50.84833
	15.3559	50.84847
	15.35611	50.84872
	15.35607	50.84888
	15.35576	50.84903
	15.35573	50.84914
	15.35545	50.84928
	15.35528	50.84934
	15.35483	50.84943
	15.35447	50.84961
	15.35444	50.84968
	15.35454	50.84973
	15.3545	50.84983
	15.3542	50.85004
	15.35394	50.85012
	15.35345	50.85014
	15.35312	50.85027
	15.35295	50.85045
	15.35304	50.85061
	15.35319	50.85068
	15.35359	50.85081
	15.35377	50.85091
	15.35403	50.85093
	15.35415	50.85107
	15.35413	50.85113
	15.35394	50.85127
	15.35359	50.85145
	15.35269	50.85167
	15.35227	50.8516
	15.35218	50.85136
	15.35246	50.85108
	15.35246	50.85093
	15.35228	50.85072
	15.35206	50.85066
	15.35163	50.85067
	15.35085	50.85097
	15.34992	50.85089
	15.34958	50.85105
	15.34939	50.8513
	15.34953	50.85144
	15.3501	50.85147
	15.3502	50.85153
	15.34996	50.85187
	15.34958	50.85192
	15.34919	50.85156
	15.34862	50.85155
	15.34802	50.85172
	15.34799	50.85186
	15.34839	50.85202
	15.34851	50.85228
	15.34834	50.85242
	15.348	50.8525
	15.34729	50.85235
	15.34677	50.85253
	15.34668	50.8527
	15.34674	50.85298
	15.3458	50.85395
	15.34554	50.8541
	15.34511	50.85412
	15.34487	50.85401
	15.34526	50.85319
	15.34488	50.85294
	15.34451	50.85295
	15.34432	50.85333
	15.34406	50.85347
	15.34381	50.85345
	15.34342	50.85328
	15.34297	50.85337
	15.34263	50.85361
	15.34255	50.85388
	15.34277	50.85393
	15.34333	50.85385
	15.34379	50.85428
	15.3436	50.85451
	15.34271	50.85454
	15.34258	50.85462
	15.34244	50.85487
	15.3429	50.85514
	15.34287	50.8553
	15.34252	50.85551
	15.34212	50.85551
	15.34185	50.8554
	15.34172	50.85521
	15.34185	50.85496
	15.34182	50.85469
	15.34166	50.85461
	15.34097	50.85462
	15.3408	50.85479
	15.34076	50.85513
	15.34055	50.85546
	15.34012	50.85562
	15.33942	50.8557
	15.33911	50.85582
	15.33893	50.85598
	15.33886	50.85618
	15.33897	50.85635
	15.33908	50.85638
	15.33939	50.85626
	15.33981	50.85631
	15.34001	50.85645
	15.33998	50.85659
	15.33899	50.85686
	15.33837	50.85721
	15.33809	50.85722
	15.33797	50.8571
	15.33837	50.85665
	15.33786	50.85646
	15.33762	50.85622
	15.33725	50.85609
	15.33702	50.85609
	15.33646	50.85631
	15.33587	50.85639
	15.3354	50.8563
	15.33485	50.85591
	15.33468	50.85592
	15.3342	50.85617
	15.33393	50.85655
	15.33328	50.85679
	15.33289	50.85714
	15.33196	50.85695
	15.33174	50.85686
	15.33139	50.85651
	15.33082	50.85648
	15.33035	50.85655
	15.33	50.85669
	15.3299	50.85708
	15.32956	50.85722
	15.32941	50.8571
	15.32944	50.85695
	15.32983	50.85642
	15.32973	50.85634
	15.3293	50.85634
	15.32899	50.85646
	15.3289	50.85677
	15.32873	50.85691
	15.32825	50.85702
	15.3276	50.8574
	15.32762	50.85761
	15.32831	50.85833
	15.32888	50.85863
	15.32882	50.85875
	15.3286	50.85886
	15.32832	50.85884
	15.32785	50.85858
	15.32709	50.85856
	15.32665	50.85845
	15.3265	50.85837
	15.32645	50.85817
	15.32618	50.85807
	15.3257	50.85832
	15.32506	50.85838
	15.32482	50.85887
	15.32457	50.85899
	15.32439	50.85902
	15.32413	50.8589
	15.32384	50.85863
	15.32365	50.85859
	15.3232	50.85912
	15.32295	50.85919
	15.32225	50.85912
	15.32214	50.85927
	15.32229	50.85965
	15.32214	50.85983
	15.32186	50.85994
	15.32147	50.85989
	15.32093	50.85958
	15.32034	50.85953
	15.31994	50.85926
	15.31964	50.85918
	15.31942	50.85927
	15.31939	50.85943
	15.31945	50.85953
	15.31985	50.85967
	15.31992	50.85978
	15.31911	50.8601
	15.31856	50.86042
	15.31836	50.8604
	15.3182	50.86008
	15.31799	50.85996
	15.31779	50.85996
	15.31765	50.86024
	15.31741	50.86029
	15.317	50.86019
	15.31624	50.86015
	15.3149	50.85973
	15.31478	50.85979
	15.3147	50.85988
	15.31476	50.85999
	15.31483	50.86027
	15.31489	50.86037
	15.31465	50.8604
	15.31449	50.86046
	15.31428	50.86059
	15.31412	50.86062
	15.31402	50.86061
	15.31388	50.86054
	15.31383	50.86047
	15.31375	50.86042
	15.31361	50.86046
	15.31331	50.8606
	15.31301	50.8608
	15.31289	50.86078
	15.3126	50.86046
	15.31263	50.86033
	15.31256	50.86026
	15.31244	50.86023
	15.31235	50.86015
	15.31224	50.86011
	15.312	50.86014
	15.31177	50.86021
	15.3117	50.86029
	15.31173	50.86036
	15.31191	50.86043
	15.31197	50.86048
	15.31186	50.86065
	15.31177	50.8607
	15.31168	50.86067
	15.31162	50.86061
	15.31138	50.86056
	15.31122	50.8606
	15.31111	50.86067
	15.31133	50.86075
	15.31136	50.86082
	15.31144	50.86089
	15.31137	50.86104
	15.31116	50.8612
	15.31111	50.86132
	15.31102	50.86138
	15.31071	50.86137
	15.31066	50.86148
	15.3106	50.86146
	15.31025	50.86145
	15.30967	50.86149
	15.30925	50.86176
	15.29239	50.87631
	15.29033	50.88071
	15.2898	50.88169
	15.28584	50.88431
	15.28367	50.88589
	15.27713	50.89099
	15.27762	50.89356
	15.27756	50.89368
	15.277	50.8946
	15.2768	50.89537
	15.27616	50.89684
	15.27642	50.89755
	15.27645	50.89826
	15.27686	50.8992
	15.27672	50.89964
	15.27601	50.90078
	15.27608	50.90155
	15.27527	50.90244
	15.27514	50.90281
	15.27391	50.90427
	15.2733	50.90658
	15.27345	50.90715
	15.27327	50.90763
	15.2726	50.90839
	15.27198	50.90932
	15.27068	50.91054
	15.27034	50.91125
	15.27063	50.91296
	15.27038	50.91379
	15.27073	50.91418
	15.27073	50.91447
	15.27096	50.91489
	15.27076	50.91558
	15.2706	50.91584
	15.26931	50.91684
	15.26825	50.91741
	15.26779	50.91783
	15.26765	50.91856
	15.26772	50.91918
	15.2673	50.91956
	15.26698	50.92019
	15.26685	50.9207
	15.26703	50.92096
	15.26723	50.92139
	15.26716	50.92158
	15.26762	50.92227
	15.26744	50.92276
	15.26758	50.92334
	15.26778	50.92351
	15.26792	50.92351
	15.26813	50.92363
	15.26827	50.92435
	15.26865	50.92458
	15.26938	50.92482
	15.26932	50.92498
	15.26942	50.92518
	15.26974	50.92548
	15.26966	50.92598
	15.26923	50.92673
	15.269	50.92745
	15.26886	50.92929
	15.26841	50.9301
	15.26795	50.93068
	15.26767	50.93182
	15.26785	50.93251
	15.26838	50.933
	15.26872	50.93359
	15.26933	50.93429
	15.26941	50.93518
	15.26973	50.93574
	15.27079	50.93631
	15.27147	50.93649
	15.27484	50.93786
	15.27723	50.93907
	15.27763	50.93966
	15.27785	50.94118
	15.27865	50.9419
	15.27988	50.94265
	15.28071	50.9431
	15.28293	50.944
	15.28414	50.94427
	15.28498	50.94467
	15.28558	50.94481
	15.2887	50.94629
	15.29002	50.94742
	15.2901	50.94848
	15.2905	50.95038
	15.29059	50.95136
	15.29077	50.95161
	15.29195	50.95232
	15.29223	50.95262
	15.29211	50.95332
	15.29205	50.95354
	15.29047	50.95514
	15.2897	50.95626
	15.28957	50.95663
	15.28846	50.95773
	15.28815	50.95798
	15.28658	50.95867
	15.28557	50.95941
	15.28503	50.95967
	15.28371	50.95971
	15.27984	50.96038
	15.27826	50.96055
	15.2772	50.96099
	15.27545	50.96141
	15.27388	50.96291
	15.27388	50.9638
	15.27423	50.96492
	15.27498	50.96637
	15.27525	50.96803
	15.27625	50.96936
	15.2772	50.97161
	15.27684	50.9723
	15.27625	50.97294
	15.27618	50.97315
	15.2761	50.97356
	15.27625	50.97483
	15.27618	50.97604
	15.27549	50.97763
	15.27462	50.97854
	15.27407	50.97953
	15.27274	50.97933
	15.26951	50.97922
	15.26752	50.97928
	15.26156	50.98054
	15.2601	50.98068
	15.25876	50.98092
	15.25627	50.98085
	15.25494	50.98092
	15.25402	50.98108
	15.25322	50.98093
	15.25181	50.98107
	15.2512	50.98097
	15.24934	50.98022
	15.24845	50.97967
	15.24804	50.98009
	15.24797	50.9803
	15.24783	50.98042
	15.24765	50.98054
	15.24718	50.98072
	15.24709	50.98082
	15.24681	50.98101
	15.24675	50.98113
	15.24655	50.9812
	15.24632	50.98135
	15.24614	50.98155
	15.24586	50.98179
	15.24577	50.98191
	15.24566	50.98192
	15.24552	50.98197
	15.24521	50.98196
	15.24504	50.98204
	15.24488	50.98225
	15.24442	50.98244
	15.24427	50.98248
	15.24418	50.98248
	15.24411	50.98247
	15.24403	50.98241
	15.24388	50.98243
	15.24386	50.98245
	15.2436	50.98253
	15.24348	50.9826
	15.24351	50.98275
	15.24344	50.98285
	15.24345	50.98291
	15.24359	50.98312
	15.24368	50.98337
	15.24368	50.98353
	15.24355	50.98367
	15.24321	50.98392
	15.24252	50.98424
	15.24237	50.98428
	15.24218	50.9843
	15.2419	50.98428
	15.24164	50.98419
	15.2413	50.98411
	15.24107	50.98411
	15.24103	50.98413
	15.24088	50.98434
	15.24078	50.98465
	15.24075	50.9848
	15.24075	50.98504
	15.24058	50.98519
	15.24023	50.98533
	15.23995	50.9855
	15.23989	50.9855
	15.23957	50.98578
	15.2395	50.98581
	15.2393	50.98601
	15.23929	50.98606
	15.23942	50.98611
	15.23955	50.98632
	15.23977	50.9864
	15.24	50.98651
	15.24007	50.98657
	15.24017	50.9867
	15.24048	50.98698
	15.24054	50.98702
	15.24071	50.98706
	15.24128	50.98735
	15.24173	50.98753
	15.24221	50.98775
	15.24249	50.98783
	15.2429	50.98798
	15.24328	50.98833
	15.2433	50.98839
	15.24327	50.98846
	15.24319	50.98855
	15.24304	50.98862
	15.24284	50.98867
	15.24219	50.9887
	15.24196	50.98882
	15.24181	50.98894
	15.24095	50.98934
	15.24086	50.98936
	15.24036	50.98955
	15.24024	50.98961
	15.24015	50.98974
	15.24006	50.98983
	15.23959	50.99001
	15.23927	50.9902
	15.23897	50.99036
	15.23867	50.9906
	15.23863	50.99066
	15.23871	50.99073
	15.23907	50.99077
	15.23941	50.99087
	15.23967	50.99103
	15.23988	50.9912
	15.24001	50.99141
	15.24005	50.99173
	15.24004	50.99177
	15.23957	50.992
	15.23948	50.99203
	15.23924	50.99217
	15.23907	50.99224
	15.23901	50.99231
	15.23909	50.99254
	15.23889	50.99294
	15.23877	50.99309
	15.23875	50.99317
	15.23862	50.99332
	15.23847	50.99345
	15.23786	50.99384
	15.2372	50.99447
	15.23718	50.99457
	15.23749	50.99498
	15.23778	50.99524
	15.23816	50.99551
	15.23843	50.99563
	15.23918	50.99574
	15.23977	50.9958
	15.24129	50.99604
	15.24148	50.99613
	15.24165	50.99625
	15.24197	50.99664
	15.24233	50.99695
	15.24207	50.99728
	15.24193	50.99739
	15.24139	50.99753
	15.24111	50.99768
	15.2402	50.99808
	15.23877	50.99845
	15.23802	50.9986
	15.23769	50.9986
	15.23656	50.99867
	15.23577	50.99858
	15.2331	50.99811
	15.23277	50.99803
	15.23201	50.99771
	15.23042	50.99685
	15.22965	50.99648
	15.22903	50.99628
	15.22773	50.99601
	15.22643	50.99583
	15.22578	50.9958
	15.22391	50.99565
	15.22326	50.99567
	15.22264	50.99573
	15.22204	50.99575
	15.22093	50.99572
	15.2185	50.99549
	15.21791	50.99514
	15.21756	50.99491
	15.21735	50.99466
	15.21616	50.99399
	15.21597	50.99391
	15.21597	50.99388
	15.2158	50.99387
	15.21574	50.99389
	15.21563	50.99384
	15.21563	50.99362
	15.21565	50.9935
	15.21563	50.99346
	15.21573	50.99339
	15.21569	50.99335
	15.2157	50.99328
	15.21549	50.9932
	15.21533	50.99318
	15.21521	50.99313
	15.21497	50.99296
	15.21488	50.99292
	15.2147	50.9928
	15.21447	50.99273
	15.21429	50.99273
	15.21419	50.99268
	15.21415	50.9926
	15.21389	50.99244
	15.21348	50.99239
	15.21326	50.99239
	15.21321	50.99235
	15.2131	50.99237
	15.21305	50.99235
	15.21303	50.9923
	15.21312	50.99221
	15.21309	50.99216
	15.21294	50.99202
	15.21287	50.99201
	15.21278	50.99203
	15.21274	50.99205
	15.21266	50.99205
	15.21261	50.99212
	15.21248	50.9921
	15.21235	50.99212
	15.21235	50.99208
	15.21232	50.99202
	15.21225	50.99208
	15.21219	50.9921
	15.21218	50.99213
	15.21206	50.99215
	15.21195	50.99205
	15.21189	50.9921
	15.21185	50.9922
	15.2118	50.99225
	15.21173	50.99219
	15.21166	50.99217
	15.21166	50.99212
	15.21163	50.99206
	15.21156	50.99201
	15.21147	50.99197
	15.21122	50.9919
	15.21114	50.99181
	15.21105	50.99181
	15.21076	50.99176
	15.2107	50.99171
	15.21059	50.99172
	15.21051	50.99176
	15.21027	50.99181
	15.21025	50.99184
	15.21002	50.99186
	15.20992	50.99179
	15.20986	50.99179
	15.2098	50.99182
	15.20964	50.99178
	15.20957	50.99174
	15.20959	50.99168
	15.20954	50.99168
	15.2094	50.9918
	15.20934	50.99176
	15.2093	50.99176
	15.20909	50.99188
	15.20904	50.99188
	15.20903	50.99186
	15.20906	50.99183
	15.20901	50.99183
	15.20896	50.99185
	15.20893	50.9919
	15.20884	50.9919
	15.20879	50.99187
	15.20875	50.99186
	15.20884	50.9918
	15.20868	50.99177
	15.20864	50.99179
	15.20867	50.99185
	15.20865	50.99187
	15.20857	50.99186
	15.20852	50.99189
	15.20855	50.99216
	15.20849	50.99223
	15.20842	50.99226
	15.20837	50.99226
	15.20833	50.99223
	15.20818	50.9922
	15.20814	50.99216
	15.20801	50.99214
	15.20796	50.99216
	15.20797	50.99221
	15.20791	50.99223
	15.20787	50.99222
	15.20783	50.99224
	15.20777	50.99238
	15.20777	50.99245
	15.20784	50.99254
	15.2078	50.9926
	15.20774	50.99264
	15.20731	50.99273
	15.20713	50.99268
	15.20706	50.99265
	15.20702	50.99265
	15.20697	50.9927
	15.20686	50.99269
	15.20668	50.99272
	15.20661	50.99269
	15.20641	50.99273
	15.20625	50.99272
	15.20604	50.99264
	15.2059	50.99265
	15.20578	50.99263
	15.20572	50.99258
	15.20542	50.9925
	15.20534	50.99244
	15.20512	50.99251
	15.20511	50.99258
	15.20497	50.99254
	15.20489	50.99256
	15.2048	50.99252
	15.20473	50.99254
	15.20455	50.99249
	15.20447	50.99254
	15.20431	50.99251
	15.20419	50.99241
	15.20419	50.99236
	15.20409	50.99227
	15.20409	50.99222
	15.20402	50.99222
	15.20393	50.99224
	15.2037	50.99225
	15.20366	50.99224
	15.20362	50.99217
	15.20349	50.99213
	15.20349	50.99208
	15.20353	50.99204
	15.20351	50.99194
	15.20346	50.99192
	15.2034	50.99194
	15.20335	50.99193
	15.20326	50.99188
	15.2033	50.99181
	15.20326	50.99179
	15.20324	50.9918
	15.20315	50.99177
	15.20319	50.99174
	15.20316	50.9917
	15.20301	50.99156
	15.20293	50.99155
	15.20297	50.99148
	15.20288	50.99148
	15.20282	50.99143
	15.20272	50.99149
	15.20268	50.99145
	15.20263	50.99144
	15.20263	50.99137
	15.20259	50.99134
	15.2025	50.99132
	15.20252	50.99127
	15.20239	50.99122
	15.20226	50.99114
	15.20226	50.99106
	15.20215	50.99104
	15.20212	50.99102
	15.20214	50.99099
	15.20212	50.99092
	15.20206	50.99091
	15.20203	50.99088
	15.20192	50.99085
	15.2019	50.99082
	15.20187	50.99082
	15.20182	50.99085
	15.20182	50.99087
	15.20179	50.99088
	15.20173	50.99086
	15.20167	50.9908
	15.20152	50.99077
	15.20153	50.99073
	15.20161	50.9907
	15.20162	50.99068
	15.20137	50.99063
	15.20121	50.99056
	15.20103	50.99052
	15.20086	50.99042
	15.20082	50.99032
	15.20074	50.99031
	15.20019	50.99015
	15.20014	50.99015
	15.19998	50.99009
	15.19957	50.99001
	15.19949	50.98998
	15.19939	50.98998
	15.19939	50.98995
	15.19935	50.98994
	15.19929	50.98989
	15.19925	50.9898
	15.19908	50.98976
	15.19901	50.98978
	15.19896	50.98971
	15.19887	50.98967
	15.19879	50.98958
	15.19878	50.98954
	15.19869	50.98949
	15.19861	50.98947
	15.19841	50.98949
	15.19829	50.98957
	15.19817	50.98957
	15.19815	50.98955
	15.19808	50.98956
	15.19799	50.98948
	15.19789	50.98946
	15.19783	50.98941
	15.19777	50.98931
	15.1976	50.9893
	15.19751	50.98923
	15.19748	50.98917
	15.19733	50.98904
	15.19733	50.98898
	15.19708	50.98872
	15.19686	50.98861
	15.19673	50.98846
	15.19675	50.98845
	15.19661	50.98833
	15.19669	50.98792
	15.19676	50.98728
	15.19687	50.98704
	15.19724	50.98657
	15.19811	50.98588
	15.1989	50.98509
	15.19965	50.98452
	15.2	50.98412
	15.20002	50.984
	15.1995	50.98351
	15.1976	50.98261
	15.19605	50.98216
	15.1941	50.98131
	15.19262	50.98081
	15.19101	50.98038
	15.19028	50.98028
	15.18951	50.98029
	15.1893	50.9802
	15.18823	50.98052
	15.18663	50.98117
	15.18573	50.98168
	15.18491	50.9819
	15.18353	50.98259
	15.18297	50.9827
	15.18073	50.98285
	15.18001	50.98299
	15.17956	50.98335
	15.17893	50.98419
	15.17846	50.98457
	15.17757	50.98499
	15.17522	50.98538
	15.17362	50.98605
	15.17259	50.9862
	15.17133	50.98651
	15.17218	50.98709
	15.17296	50.98734
	15.1739	50.98796
	15.17519	50.9884
	15.1754	50.9886
	15.17563	50.98904
	15.17602	50.99066
	15.17578	50.99171
	15.17583	50.99206
	15.17628	50.99253
	15.17719	50.99315
	15.17722	50.99328
	15.17721	50.99348
	15.17652	50.99387
	15.1758	50.9949
	15.17515	50.99782
	15.17468	50.99916
	15.1748	51.00055
	15.17452	51.00238
	15.17466	51.00427
	15.17447	51.00576
	15.17467	51.00733
	15.17457	51.0091
	15.17472	51.01109
	15.17381	51.01315
	15.1738	51.01477
	15.17265	51.01562
	15.17233	51.01623
	15.17223	51.01716
	15.17179	51.01863
	15.17185	51.02003
	15.16946	51.01989
	15.16911	51.01935
	15.16825	51.01852
	15.16461	51.01763
	15.16353	51.01726
	15.16268	51.01692
	15.16116	51.01635
	15.1604	51.01618
	15.15926	51.01608
	15.15699	51.01555
	15.15332	51.01448
	15.15262	51.01431
	15.15189	51.01419
	15.14674	51.01366
	15.14437	51.01337
	15.14493	51.01286
	15.14522	51.01249
	15.14472	51.01235
	15.14431	51.01216
	15.14349	51.0117
	15.14267	51.01122
	15.14211	51.0107
	15.14212	51.01068
	15.14221	51.01068
	15.14224	51.01067
	15.14222	51.01057
	15.14216	51.01053
	15.14208	51.01041
	15.14203	51.01039
	15.14205	51.01034
	15.14219	51.0102
	15.14221	51.01013
	15.14228	51.01009
	15.14228	51.01004
	15.14233	51.01
	15.14234	51.00996
	15.14246	51.00998
	15.14255	51.00987
	15.14253	51.00954
	15.14233	51.00909
	15.14232	51.00891
	15.14251	51.00844
	15.14256	51.00825
	15.14251	51.00791
	15.14242	51.00766
	15.14218	51.00735
	15.14173	51.00687
	15.1413	51.0061
	15.141	51.00563
	15.14065	51.00494
	15.1404	51.0046
	15.1398	51.00403
	15.13933	51.0037
	15.13871	51.00312
	15.13801	51.00256
	15.13748	51.00209
	15.13673	51.00136
	15.13536	50.99965
	15.13511	50.99931
	15.13502	50.99909
	15.13489	50.99859
	15.13473	50.9982
	15.13457	50.9976
	15.13449	50.99699
	15.13415	50.99601
	15.13377	50.99514
	15.13311	50.99389
	15.13658	50.99418
	15.13904	50.99395
	15.13996	50.99382
	15.14079	50.99361
	15.14189	50.99324
	15.14232	50.99303
	15.14209	50.99265
	15.14205	50.99241
	15.142	50.99179
	15.14209	50.99138
	15.14147	50.99116
	15.1413	50.99113
	15.14091	50.99134
	15.14026	50.99143
	15.13972	50.99182
	15.13928	50.99191
	15.13853	50.9919
	15.13817	50.99155
	15.13733	50.99175
	15.13668	50.99154
	15.13612	50.99147
	15.13596	50.99157
	15.13606	50.99174
	15.13593	50.99184
	15.13517	50.99192
	15.13464	50.99183
	15.13432	50.99158
	15.13379	50.99136
	15.13325	50.9913
	15.13233	50.99088
	15.13162	50.99088
	15.13086	50.99051
	15.13017	50.99036
	15.12952	50.99033
	15.12901	50.99012
	15.12869	50.99017
	15.12824	50.99011
	15.12688	50.99073
	15.12697	50.99086
	15.12726	50.99096
	15.12724	50.99107
	15.12692	50.99111
	15.12686	50.99125
	15.12656	50.99116
	15.126	50.99126
	15.1258	50.99138
	15.12575	50.99178
	15.12494	50.99197
	15.12405	50.99235
	15.12351	50.99263
	15.12349	50.99285
	15.1234	50.99289
	15.12313	50.9928
	15.12286	50.99285
	15.12233	50.99279
	15.12221	50.99253
	15.12203	50.99244
	15.12184	50.9925
	15.12185	50.99271
	15.12159	50.99304
	15.12024	50.99329
	15.12011	50.99324
	15.12031	50.99313
	15.12018	50.99305
	15.12007	50.99304
	15.12002	50.99315
	15.11977	50.99322
	15.11954	50.99309
	15.11901	50.99299
	15.11847	50.99299
	15.11778	50.99257
	15.11758	50.99253
	15.11713	50.99264
	15.1167	50.99252
	15.11616	50.99249
	15.11589	50.9924
	15.11557	50.99213
	15.11545	50.99214
	15.11527	50.99233
	15.11488	50.99215
	15.11466	50.99221
	15.11418	50.99217
	15.11384	50.99232
	15.11344	50.99231
	15.11205	50.992
	15.10964	50.99149
	15.10948	50.99159
	15.10939	50.99203
	15.10898	50.99218
	15.10866	50.99221
	15.10842	50.99212
	15.10789	50.99164
	15.10714	50.99163
	15.10669	50.99172
	15.10645	50.99151
	15.10631	50.99164
	15.10606	50.99158
	15.10572	50.99172
	15.10537	50.99144
	15.1052	50.99142
	15.10495	50.9918
	15.10436	50.99206
	15.10408	50.99256
	15.10352	50.99266
	15.10268	50.99312
	15.10259	50.9934
	15.10221	50.99332
	15.10207	50.99343
	15.10178	50.99341
	15.10176	50.99368
	15.10122	50.99377
	15.1012	50.99389
	15.10082	50.9942
	15.10102	50.99436
	15.10088	50.99448
	15.10105	50.99464
	15.10048	50.99487
	15.10067	50.9951
	15.10043	50.99511
	15.10032	50.9954
	15.10053	50.99547
	15.10045	50.99559
	15.10052	50.99581
	15.1003	50.99621
	15.09982	50.99644
	15.10003	50.99669
	15.09953	50.99696
	15.09929	50.99705
	15.09909	50.9972
	15.09892	50.99802
	15.09904	50.99843
	15.09927	50.99874
	15.09924	50.99899
	15.09865	50.99965
	15.0985	50.99996
	15.09783	51.00043
	15.09758	51.00123
	15.09684	51.00193
	15.09707	51.00231
	15.09676	51.0027
	15.09673	51.00302
	15.097	51.00325
	15.09782	51.00329
	15.0975	51.00376
	15.09777	51.004
	15.09831	51.00417
	15.09866	51.0044
	15.09914	51.00431
	15.0995	51.00435
	15.09923	51.00515
	15.09955	51.00539
	15.1001	51.00553
	15.10037	51.00573
	15.10173	51.00595
	15.10214	51.00593
	15.10252	51.00578
	15.10329	51.00595
	15.10411	51.00601
	15.10454	51.0063
	15.10476	51.00663
	15.1052	51.00656
	15.10519	51.00675
	15.10538	51.00681
	15.10545	51.00703
	15.10567	51.00708
	15.10579	51.00722
	15.10597	51.00714
	15.10627	51.00726
	15.10633	51.00735
	15.10619	51.00765
	15.10634	51.00786
	15.10666	51.00801
	15.10709	51.00803
	15.10714	51.0082
	15.1074	51.00833
	15.10732	51.00843
	15.10687	51.00854
	15.10677	51.00873
	15.10719	51.00891
	15.10704	51.00911
	15.10715	51.00943
	15.107	51.00958
	15.10721	51.0098
	15.10665	51.01001
	15.10655	51.01036
	15.10624	51.01023
	15.10608	51.01027
	15.10599	51.01072
	15.10539	51.01084
	15.10504	51.01102
	15.10464	51.01104
	15.10443	51.01122
	15.10345	51.01138
	15.10352	51.0116
	15.10282	51.01176
	15.10236	51.01203
	15.10261	51.01222
	15.10249	51.01228
	15.10225	51.01232
	15.10189	51.01225
	15.10083	51.01264
	15.10015	51.01263
	15.0998	51.0125
	15.09951	51.01251
	15.09935	51.01259
	15.09925	51.01292
	15.09865	51.01295
	15.09838	51.01327
	15.09814	51.01318
	15.09773	51.0132
	15.09745	51.01305
	15.09729	51.01326
	15.09705	51.01318
	15.09674	51.01328
	15.09633	51.01305
	15.09555	51.01277
	15.09529	51.01289
	15.09511	51.01266
	15.09465	51.0127
	15.09444	51.01257
	15.09367	51.01253
	15.09331	51.01275
	15.09316	51.01308
	15.09286	51.01328
	15.09269	51.01354
	15.09234	51.01374
	15.08982	51.01425
	15.08892	51.01399
	15.08672	51.01423
	15.0863	51.0143
	15.08544	51.01472
	15.08494	51.01477
	15.08451	51.01467
	15.08431	51.01451
	15.08419	51.01411
	15.08436	51.01368
	15.08416	51.01355
	15.08355	51.01357
	15.08286	51.01384
	15.08259	51.01377
	15.08157	51.01372
	15.0813	51.01392
	15.08113	51.01374
	15.08073	51.01385
	15.08048	51.01369
	15.08036	51.01368
	15.07972	51.01388
	15.07864	51.01383
	15.07787	51.01367
	15.07715	51.01342
	15.0768	51.01343
	15.07673	51.01362
	15.07694	51.01398
	15.07676	51.01431
	15.07698	51.01451
	15.07696	51.0146
	15.07653	51.01491
	15.07643	51.01523
	15.07662	51.01555
	15.07705	51.01584
	15.07709	51.01649
	15.07675	51.01647
	15.07659	51.01669
	15.07598	51.01687
	15.07568	51.01738
	15.0754	51.01732
	15.07461	51.01684
	15.07415	51.01669
	15.0739	51.0168
	15.0737	51.0172
	15.0729	51.01775
	15.07255	51.01776
	15.07223	51.01764
	15.07136	51.01753
	15.07068	51.01764
	15.07009	51.01786
	15.06972	51.0178
	15.0696	51.01788
	15.06944	51.01783
	15.06927	51.01796
	15.06848	51.01886
	15.06831	51.01974
	15.06804	51.02045
	15.06806	51.02091
	15.06774	51.02121
	15.06759	51.02125
	15.06686	51.02117
	15.06656	51.02166
	15.06626	51.02172
	15.06498	51.02176
	15.06454	51.02167
	15.0641	51.02147
	15.06271	51.02234
	15.06136	51.02247
	15.06081	51.02291
	15.05995	51.02275
	15.05772	51.02257
	15.05755	51.02156
	15.05748	51.01996
	15.05692	51.0179
	15.05774	51.01449
	15.05789	51.01348
	15.05558	51.01208
	15.05533	51.01204
	15.05363	51.01223
	15.05089	51.01215
	15.04812	51.01177
	15.04645	51.01167
	15.03856	51.01215
	15.03606	51.01285
	15.03538	51.01296
	15.03565	51.01347
	15.03512	51.01353
	15.03448	51.01426
	15.03361	51.01459
	15.03359	51.01457
	15.0328	51.0157
	15.03296	51.01595
	15.03363	51.01642
	15.03378	51.01698
	15.03392	51.01701
	15.03475	51.01671
	15.03489	51.01672
	15.03504	51.01686
	15.03499	51.01697
	15.03421	51.01741
	15.03412	51.01771
	15.03421	51.01808
	15.03327	51.01835
	15.03293	51.01858
	15.03287	51.01904
	15.0333	51.0196
	15.0326	51.02078
	15.03261	51.02129
	15.03248	51.02149
	15.03207	51.02155
	15.03157	51.02115
	15.0311	51.02109
	15.03095	51.02124
	15.03117	51.02146
	15.03124	51.02177
	15.03019	51.022
	15.02982	51.02186
	15.02941	51.02148
	15.02891	51.02138
	15.02883	51.02149
	15.02906	51.02176
	15.02903	51.02206
	15.02879	51.02212
	15.02739	51.02206
	15.02707	51.0221
	15.02681	51.02225
	15.02688	51.02245
	15.02729	51.02257
	15.02748	51.02304
	15.02737	51.02314
	15.02674	51.02286
	15.02588	51.02297
	15.02565	51.02286
	15.02551	51.02256
	15.02537	51.02255
	15.02488	51.0227
	15.02459	51.02312
	15.02423	51.0232
	15.02332	51.02314
	15.02319	51.02307
	15.02307	51.0227
	15.02279	51.02252
	15.0225	51.02253
	15.02199	51.02278
	15.02169	51.02283
	15.02168	51.02257
	15.0219	51.02221
	15.02175	51.02212
	15.02099	51.02244
	15.02056	51.02302
	15.02029	51.02311
	15.01989	51.02307
	15.0195	51.0228
	15.01925	51.02241
	15.01885	51.02221
	15.01789	51.02199
	15.01741	51.02211
	15.01702	51.02206
	15.01666	51.02196
	15.01625	51.02162
	15.0158	51.02059
	15.01598	51.02027
	15.01607	51.01896
	15.01588	51.01876
	15.01562	51.01867
	15.01563	51.01831
	15.01515	51.01774
	15.0152	51.01747
	15.01509	51.01701
	15.01471	51.01635
	15.01452	51.01619
	15.0142	51.01603
	15.01292	51.01586
	15.01149	51.01583
	15.01052	51.01564
	15.01004	51.01587
	15.00952	51.0156
	15.00895	51.0156
	15.0089	51.01529
	15.00847	51.01486
	15.00845	51.01464
	15.0081	51.01439
	15.00704	51.01398
	15.00592	51.0134
	15.00571	51.01316
	15.0051	51.01293
	15.00487	51.01264
	15.00446	51.01266
	15.00429	51.01227
	15.00391	51.01227
	15.00335	51.01196
	15.00282	51.01184
	15.00239	51.01157
	15.00183	51.01161
	15.00176	51.01146
	15.00077	51.01118
	15.00054	51.01095
	15.00019	51.01095
	14.99938	51.01082
	14.99846	51.01101
	14.99828	51.01058
	14.99744	51.00991
	14.99713	51.00927
	14.99484	51.00974
	14.99396	51.00996
	14.99344	51.01018
	14.99196	51.01057
	14.99091	51.01094
	14.98785	51.01103
	14.98533	51.01095
	14.98547	51.01071
	14.98504	51.00988
	14.98426	51.00907
	14.98412	51.00819
	14.98428	51.0074
	14.9837	51.00634
	14.97852	51.00204
	14.97748	51.00042
	14.97401	50.99605
	14.97275	50.99506
	14.97113	50.99346
	14.96821	50.99003
	14.97141	50.989
	14.97359	50.98817
	14.97436	50.98779
	14.97715	50.98596
	14.97772	50.98544
	14.98029	50.98368
	14.98509	50.98004
	14.98882	50.97809
	14.98905	50.97838
	14.98958	50.97856
	14.98971	50.97881
	14.99004	50.97898
	14.99016	50.97926
	14.99046	50.97949
	14.99053	50.97982
	14.99154	50.98065
	14.99152	50.98072
	14.99124	50.98071
	14.99166	50.98104
	14.99187	50.98142
	14.9922	50.98123
	14.99234	50.98124
	14.99267	50.98159
	14.99371	50.98184
	14.99434	50.98224
	14.99477	50.9824
	14.99593	50.9826
	14.99675	50.98256
	14.99687	50.98264
	14.9967	50.9829
	14.99673	50.98306
	14.99695	50.98312
	14.99765	50.98307
	14.99797	50.98346
	14.99816	50.98349
	14.99844	50.98342
	14.99854	50.98363
	14.99966	50.98361
	14.99988	50.98396
	15.00034	50.98419
	15.00049	50.98446
	15.00072	50.98461
	15.00152	50.98474
	15.00186	50.98466
	15.00219	50.98471
	15.00298	50.98506
	15.00316	50.98531
	15.00357	50.98527
	15.00408	50.98546
	15.0046	50.98587
	15.00557	50.98629
	15.00588	50.98655
	15.00775	50.98531
	15.01076	50.98213
	15.01272	50.97832
	15.01273	50.97801
	15.0133	50.97646
	15.01393	50.97521
	15.0144	50.97334
	15.01501	50.9722
	15.01602	50.97119
	15.01664	50.97083
	15.01848	50.97023
	15.01884	50.97005
	15.01945	50.97024
	15.01959	50.96902
	15.02061	50.9684
	15.02125	50.96778
	15.02167	50.96716
	15.02155	50.96675
	15.02113	50.96643
	15.02081	50.96631
	15.02023	50.96634
	15.01968	50.96662
	15.0185	50.96666
	15.01766	50.96683
	15.01716	50.96674
	15.01649	50.96623
	15.01631	50.96556
	15.01564	50.96562
	15.01531	50.96553
	15.01489	50.96492
	15.01417	50.96453
	15.01387	50.96418
	15.0131	50.96401
	15.01285	50.96356
	15.01274	50.96353
	15.01252	50.96362
	15.01227	50.96358
	15.01202	50.96313
	15.01179	50.96298
	15.01156	50.96296
	15.01136	50.96309
	15.01082	50.96294
	15.01103	50.96236
	15.01109	50.95952
	15.01126	50.95886
	15.01311	50.95488
	15.01442	50.95241
	15.01488	50.95183
	15.01519	50.95044
	15.01526	50.9494
	15.01375	50.94587
	15.01289	50.94348
	15.01291	50.94308
	15.01367	50.94164
	15.01402	50.94032
	15.01434	50.93983
	15.01293	50.9392
	15.01218	50.93898
	15.01038	50.93807
	15.00958	50.9371
	15.00857	50.93649
	15.00774	50.93582
	15.00748	50.93544
	15.00634	50.93429
	15.006	50.93372
	15.00371	50.93159
	15.00323	50.93043
	15.00287	50.92999
	15.00246	50.92943
	15.00181	50.92881
	15.00044	50.92796
	14.99993	50.92777
	14.99843	50.92781
	14.99676	50.92756
	14.99605	50.9274
	14.99542	50.92709
	14.99467	50.92614
	14.9936	50.92547
	14.98943	50.92163
	14.99172	50.91832
	14.99355	50.91751
	14.99368	50.917
	14.99462	50.91646
	14.99459	50.91549
	14.99487	50.9151
	14.99586	50.91464
	14.99703	50.91379
	14.99846	50.91356
	14.99856	50.91319
	14.99886	50.91287
	14.99889	50.91282
	14.99889	50.91272
	14.99883	50.91256
	14.99882	50.91241
	14.9989	50.91225
	14.99892	50.91217
	14.99889	50.91201
	14.99885	50.91195
	14.9988	50.9119
	14.99859	50.9118
	14.99853	50.91174
	14.99848	50.91145
	14.9985	50.91128
	14.99849	50.91118
	14.9984	50.9109
	14.99833	50.91078
	14.99824	50.91054
	14.99824	50.91044
	14.99834	50.91007
	14.99838	50.90999
	14.99847	50.90988
	14.9985	50.90981
	14.9986	50.90925
	14.99864	50.90913
	14.99866	50.909
	14.99871	50.90886
	14.99871	50.9088
	14.99868	50.90866
	14.99864	50.90856
	14.99848	50.90828
	14.99842	50.9081
	14.99835	50.908
	14.99825	50.90792
	14.99818	50.90781
	14.9982	50.90771
	14.99836	50.90757
	14.99877	50.90727
	14.99896	50.90701
	14.99916	50.90683
	14.99992	50.90624
	15.00039	50.90648
	15.00136	50.90693
	15.00177	50.90708
	15.00228	50.90725
	15.00298	50.90756
	15.00342	50.90773
	15.00367	50.90777
	15.00454	50.90777
	15.0048	50.90781
	15.00501	50.90783
	15.0055	50.90774
	15.00682	50.90723
	15.00565	50.90607
	15.00501	50.90569
	15.00301	50.90458
	15.00271	50.90437
	15.0022	50.90397
	15.00074	50.90308
	14.99881	50.90187
	14.99787	50.9011
	14.99744	50.90107
	14.9969	50.90101
	14.99648	50.90086
	14.99618	50.90064
	14.99614	50.89962
	14.99602	50.8986
	14.99602	50.89814
	14.99608	50.89758
	14.99618	50.89706
	14.9963	50.89657
	14.99624	50.8963
	14.99624	50.89603
	14.99645	50.89571
	14.99662	50.89518
	14.99662	50.89492
	14.99649	50.89468
	14.99629	50.89438
	14.99583	50.89393
	14.9952	50.89319
	14.99479	50.8928
	14.99489	50.89254
	14.99504	50.8924
	14.99494	50.89219
	14.99484	50.89206
	14.99474	50.89198
	14.99469	50.89191
	14.99457	50.89185
	14.99441	50.89182
	14.99429	50.89182
	14.99414	50.89184
	14.994	50.89188
	14.99398	50.89182
	14.99425	50.8916
	14.99459	50.89138
	14.99483	50.89127
	14.99562	50.89103
	14.99617	50.89083
	14.99703	50.89025
	14.99789	50.88943
	14.99811	50.88892
	14.99827	50.88837
	14.99851	50.8878
	14.99899	50.88617
	14.99923	50.88505
	14.99942	50.88371
	15.00002	50.88066
	14.99994	50.88004
	14.99997	50.87966
	15.00015	50.87877
	15.00027	50.87841
	15.00102	50.87681
	15.00131	50.8765
	15.00148	50.87623
	15.0016	50.87583
	15.002	50.87516
	15.00217	50.87495
	15.00235	50.87452
	15.00219	50.87392
	15.00213	50.87332
	15.00217	50.87276
	15.00214	50.87241
	15.00202	50.87194
	15.00186	50.87178
	15.00191	50.87131
	15.00206	50.87106
	15.00211	50.87036
	15.0019	50.86965
	15.00207	50.86905
	15.00193	50.86878
	15.00112	50.86862
	15.00006	50.86852
	14.99932	50.86854
	14.99855	50.86881
	14.99754	50.86904
	14.99719	50.86923
	14.99617	50.86961
	14.99525	50.86966
	14.99437	50.86938
	14.99431	50.86937
	14.99433	50.86936
	14.99373	50.86922
	14.99304	50.86911
	14.99244	50.86918
	14.99145	50.86925
	14.99057	50.86929
	14.98977	50.86936
	14.98862	50.86935
	14.98666	50.86929
	14.98588	50.86913
	14.98527	50.86859
	14.98483	50.86838
	14.98249	50.86775
	14.98113	50.86785
	14.98088	50.86791
	14.97988	50.86804
	14.97884	50.86797
	14.97692	50.86744
	14.97236	50.86522
	14.9704	50.86428
	14.96904	50.86389
	14.969	50.86387
	14.9679	50.86355
	14.96711	50.86336
	14.96619	50.8632
	14.96545	50.863
	14.96503	50.86284
	14.96448	50.86267
	14.96402	50.8625
	14.96348	50.86232
	14.96281	50.86207
	14.9616	50.86201
	14.9606	50.86199
	14.96053	50.86198
	14.95926	50.86193
	14.95813	50.86206
	14.95727	50.86224
	14.95637	50.86251
	14.9552	50.86271
	14.95253	50.8634
	14.95199	50.86351
	14.95073	50.86379
	14.94902	50.86405
	14.94804	50.86423
	14.94754	50.86441
	14.94683	50.86474
	14.94634	50.8651
	14.9457	50.8654
	14.94461	50.866
	14.94452	50.86601
	14.94325	50.86659
	14.9425	50.86715
	14.94082	50.86805
	14.94015	50.86845
	14.93875	50.86902
	14.93736	50.86942
	14.93601	50.86956
	14.93478	50.86977
	14.93418	50.86984
	14.93279	50.87005
	14.93148	50.8703
	14.92994	50.87063
	14.92978	50.87065
	14.92674	50.87126
	14.92636	50.87128
	14.92549	50.87138
	14.92487	50.87146
	14.92336	50.87169
	14.92259	50.87177
	14.92106	50.87202
	14.92063	50.8721
	14.91989	50.87233
	14.91904	50.87249
	14.91776	50.8727
	14.91734	50.8728
	14.91675	50.87301
	14.91598	50.87326
	14.91509	50.8735
	14.9143	50.87383
	14.91376	50.87395
	14.91197	50.87406
	14.91156	50.87418
	14.91048	50.87468
	14.91031	50.87474
	14.9096	50.87488
	14.90837	50.8751
	14.90732	50.87526
	14.90639	50.87543
	14.90522	50.87558
	14.90442	50.87563
	14.90333	50.87572
	14.90246	50.87581
	14.90085	50.87593
	14.90017	50.87597
	14.90033	50.87517
	14.9003	50.87455
	14.90005	50.8738
	14.89936	50.87271
	14.89871	50.8706
	14.89828	50.8696
	14.89753	50.86819
	14.89743	50.86788
	14.89741	50.86762
	14.89728	50.86736
	14.89711	50.8674
	14.89653	50.86761
	14.89595	50.86778
	14.89494	50.86818
	14.89402	50.86868
	14.8936	50.86893
	14.89266	50.86939
	14.89148	50.86988
	14.88965	50.87057
	14.88932	50.87073
	14.88874	50.87116
	14.88759	50.87211
	14.887	50.87246
	14.88178	50.87498
	14.87678	50.87671
	14.87484	50.87709
	14.87273	50.87719
	14.86995	50.87717
	14.8689	50.87725
	14.86919	50.87769
	14.86684	50.87925
	14.86671	50.87923
	14.86555	50.87853
	14.8653	50.87821
	14.8649	50.87762
	14.86459	50.87714
	14.86412	50.87632
	14.86383	50.87562
	14.86376	50.87553
	14.86351	50.87534
	14.86293	50.87458
	14.86261	50.87384
	14.86248	50.87346
	14.86233	50.87275
	14.86202	50.87178
	14.86182	50.87164
	14.8605	50.87154
	14.85929	50.87153
	14.85889	50.87148
	14.85782	50.87125
	14.85767	50.87121
	14.85609	50.87073
	14.85471	50.87046
	14.85379	50.87042
	14.85334	50.87047
	14.85313	50.87048
	14.85231	50.87048
	14.85174	50.8704
	14.85159	50.87036
	14.85105	50.8701
	14.85095	50.87003
	14.85077	50.86915
	14.85059	50.86913
	14.85048	50.86916
	14.84951	50.86953
	14.84927	50.86964
	14.84905	50.86963
	14.84897	50.86965
	14.84891	50.86971
	14.84886	50.86973
	14.84872	50.86972
	14.84855	50.86976
	14.84826	50.86987
	14.84826	50.86995
	14.84795	50.87005
	14.84784	50.87014
	14.84702	50.87025
	14.84686	50.87013
	14.8467	50.87007
	14.84643	50.86991
	14.84619	50.86995
	14.84575	50.86992
	14.8455	50.86982
	14.84485	50.86964
	14.84459	50.86961
	14.84429	50.86952
	14.84352	50.86938
	14.84323	50.86934
	14.84312	50.86929
	14.84298	50.86926
	14.84274	50.86917
	14.84255	50.86914
	14.84235	50.86913
	14.8418	50.86913
	14.84164	50.86907
	14.84144	50.86906
	14.84123	50.86907
	14.84101	50.86905
	14.84092	50.86902
	14.84083	50.86902
	14.84065	50.86905
	14.84058	50.86903
	14.84035	50.86911
	14.83988	50.8692
	14.83967	50.8693
	14.83948	50.86936
	14.83928	50.8694
	14.83914	50.86947
	14.83901	50.8695
	14.83884	50.86957
	14.83872	50.86958
	14.8386	50.86961
	14.83854	50.86964
	14.83844	50.86967
	14.83827	50.86969
	14.83806	50.86982
	14.83788	50.87003
	14.83776	50.87013
	14.83775	50.87022
	14.83764	50.87033
	14.83754	50.8704
	14.8372	50.87058
	14.83717	50.8707
	14.83705	50.87078
	14.8369	50.87084
	14.83684	50.87088
	14.83679	50.87094
	14.83672	50.87098
	14.83663	50.87101
	14.83654	50.87101
	14.83631	50.87092
	14.83623	50.87093
	14.83616	50.87095
	14.83613	50.87099
	14.83615	50.87102
	14.8362	50.87104
	14.83619	50.87108
	14.83614	50.87109
	14.83605	50.87113
	14.83601	50.87117
	14.83595	50.87118
	14.83591	50.87117
	14.8359	50.87114
	14.83583	50.87108
	14.83577	50.87108
	14.83562	50.87114
	14.83542	50.87117
	14.83528	50.87123
	14.83515	50.87131
	14.83513	50.8714
	14.83504	50.87145
	14.83495	50.87146
	14.83489	50.87144
	14.8348	50.87139
	14.83466	50.87138
	14.83403	50.87153
	14.83391	50.87157
	14.8338	50.87162
	14.83373	50.87169
	14.83348	50.87174
	14.83334	50.8718
	14.83321	50.87182
	14.8331	50.87188
	14.83299	50.87196
	14.83288	50.87207
	14.83265	50.87219
	14.83257	50.87228
	14.83249	50.8724
	14.83247	50.87251
	14.83242	50.87254
	14.83234	50.87257
	14.83219	50.87258
	14.83203	50.8727
	14.83191	50.87277
	14.83183	50.8728
	14.83163	50.87282
	14.83146	50.87289
	14.83122	50.87291
	14.83105	50.87291
	14.8307	50.87287
	14.83056	50.87283
	14.83048	50.87283
	14.83034	50.87288
	14.83026	50.87287
	14.83011	50.87281
	14.82979	50.87277
	14.82952	50.87275
	14.82945	50.87272
	14.82928	50.8726
	14.82913	50.87252
	14.82877	50.8724
	14.82868	50.87224
	14.8287	50.87209
	14.82866	50.87204
	14.82823	50.87192
	14.82813	50.87185
	14.82771	50.87175
	14.82747	50.87159
	14.82686	50.87149
	14.82662	50.87139
	14.82591	50.87125
	14.82564	50.87122
	14.82533	50.87115
	14.82515	50.8711
	14.82499	50.87099
	14.82487	50.87093
	14.82425	50.87078
	14.824	50.87068
	14.82371	50.87065
	14.82336	50.87057
	14.82318	50.87063
	14.82302	50.87072
	14.82291	50.8708
	14.82046	50.87277
	14.81985	50.87345
	14.81956	50.87383
	14.81925	50.87434
	14.81889	50.8751
	14.81875	50.87573
	14.81867	50.87592
	14.81866	50.87599
	14.81868	50.87622
	14.81853	50.87676
	14.81837	50.8772
	14.81817	50.87768
	14.81786	50.87822
	14.81767	50.87852
	14.81748	50.87896
	14.81741	50.87918
	14.81735	50.87999
	14.81741	50.88024
	14.81744	50.88046
	14.81761	50.88093
	14.81768	50.88108
	14.81813	50.88191
	14.81829	50.88231
	14.81849	50.88268
	14.81883	50.88346
	14.81893	50.88377
	14.81934	50.88467
	14.81996	50.88566
	14.82056	50.88639
	14.8212	50.88706
	14.82205	50.88777
	14.82298	50.88844
	14.82373	50.88889
	14.82541	50.88986
	14.82587	50.89017
	14.8264	50.89046
	14.82673	50.89066
	14.82737	50.8911
	14.82769	50.89133
	14.828	50.89159
	14.82852	50.89205
	14.82895	50.89252
	14.82908	50.8926
	14.82933	50.89271
	14.83009	50.89317
	14.83089	50.8936
	14.83125	50.89374
	14.8314	50.89381
	14.83273	50.89423
	14.83426	50.89475
	14.83451	50.89486
	14.8351	50.89516
	14.83543	50.89536
	14.83605	50.89582
	14.83664	50.89633
	14.83678	50.89647
	14.83708	50.89673
	14.83744	50.89701
	14.83785	50.8973
	14.83834	50.89761
	14.84228	50.89993
	14.84377	50.90087
	14.84446	50.90152
	14.84467	50.90177
	14.8449	50.90211
	14.84529	50.90283
	14.84616	50.90451
	14.84654	50.90511
	14.84683	50.90548
	14.84855	50.90733
	14.84916	50.90805
	14.85013	50.90911
	14.85076	50.90969
	14.85134	50.91031
	14.85152	50.91048
	14.8517	50.9106
	14.85239	50.91099
	14.85321	50.9113
	14.85369	50.91143
	14.85417	50.91152
	14.85529	50.9117
	14.85581	50.91181
	14.85643	50.91197
	14.85654	50.91202
	14.85703	50.9122
	14.8574	50.91241
	14.85775	50.91265
	14.85856	50.91333
	14.85909	50.91374
	14.85948	50.91409
	14.85979	50.91434
	14.86043	50.91482
	14.8606	50.91494
	14.86087	50.9151
	14.86128	50.91531
	14.86162	50.91548
	14.86202	50.91565
	14.86281	50.91589
	14.86339	50.91603
	14.86468	50.91629
	14.8656	50.91649
	14.86586	50.91657
	14.86664	50.9169
	14.86714	50.91713
	14.86755	50.9174
	14.86792	50.91769
	14.86816	50.91791
	14.86862	50.91849
	14.86888	50.91905
	14.86903	50.91955
	14.86922	50.92006
	14.86949	50.92048
	14.86977	50.92081
	14.86996	50.92098
	14.87054	50.92145
	14.87091	50.9217
	14.87128	50.92198
	14.87143	50.92212
	14.87155	50.92226
	14.87176	50.92256
	14.87182	50.92268
	14.87185	50.9228
	14.87186	50.92308
	14.87178	50.9236
	14.87173	50.92407
	14.87171	50.92444
	14.87172	50.92461
	14.87174	50.92481
	14.87182	50.92516
	14.87196	50.92551
	14.87221	50.92594
	14.87253	50.9263
	14.8728	50.92657
	14.87315	50.92682
	14.87355	50.92715
	14.87385	50.92744
	14.87411	50.92771
	14.87454	50.92832
	14.87464	50.92849
	14.87484	50.92894
	14.87501	50.9296
	14.87513	50.93023
	14.8753	50.93077
	14.87574	50.93147
	14.87593	50.93168
	14.87614	50.93188
	14.87677	50.93229
	14.87742	50.93264
	14.8777	50.93277
	14.87806	50.9329
	14.87849	50.93301
	14.87891	50.9331
	14.87936	50.93317
	14.87993	50.93324
	14.88227	50.93334
	14.88273	50.93338
	14.88332	50.93347
	14.88485	50.93377
	14.88825	50.93474
	14.89148	50.93546
	14.89592	50.94007
	14.8965	50.9406
	14.89687	50.94127
	14.89658	50.94264
	14.89478	50.9451
	14.89556	50.94635
	14.89556	50.94719
	14.89484	50.94784
	14.89359	50.94868
	14.89298	50.94935
	14.89304	50.95019
	14.89544	50.95306
	14.8967	50.95588
	14.89676	50.9575
	14.89723	50.95881
	14.89813	50.95977
	14.90161	50.96031
	14.90364	50.96103
	14.90394	50.96175
	14.90304	50.96199
	14.90011	50.96259
	14.89969	50.96361
	14.90079	50.9646
	14.90173	50.96498
	14.90292	50.96594
	14.90406	50.96744
	14.90406	50.96906
	14.90316	50.97175
	14.90694	50.97225
	14.91227	50.97303
	14.91263	50.97317
	14.91548	50.97372
	14.91748	50.97391
	14.91819	50.97414
	14.9186	50.97453
	14.9191	50.97496
	14.91963	50.97552
	14.91951	50.97648
	14.91874	50.97828
	14.91922	50.97924
	14.91856	50.98038
	14.91832	50.98289
	14.91874	50.98427
	14.91891	50.98581
	14.91975	50.98696
	14.92023	50.98792
	14.91987	50.9887
	14.91796	50.9896
	14.9173	50.99026
	14.91714	50.99445
	14.91745	50.99561
	14.91991	50.99754
	14.92046	50.99766
	14.92302	50.99763
	14.92334	50.99724
	14.92413	50.99683
	14.92554	50.99671
	14.92686	50.99681
	14.92901	50.99776
	14.92972	50.999
	14.93046	51.00069
	14.93049	51.00128
	14.93095	51.00188
	14.93171	51.00239
	14.93247	51.00281
	14.93304	51.00365
	14.93341	51.00463
	14.93414	51.00541
	14.93482	51.0059
	14.93494	51.00629
	14.93491	51.00667
	14.93435	51.00709
	14.93425	51.00763
	14.93455	51.00809
	14.93524	51.00877
	14.93575	51.00948
	14.93669	51.01037
	14.93756	51.01077
	14.93792	51.01116
	14.93914	51.0161
	14.93934	51.01671
	14.93928	51.0172
	14.93861	51.01773
	14.93799	51.0179
	14.9363	51.01799
	14.93568	51.01819
	14.93533	51.01855
	14.93534	51.01898
	14.93506	51.01932
	14.93498	51.01979
	14.93521	51.02033
	14.9356	51.02067
	14.93605	51.02085
	14.93715	51.02089
	14.9376	51.02098
	14.93753	51.02134
	14.93728	51.02188
	14.93741	51.0221
	14.9378	51.0222
	14.93825	51.02212
	14.93886	51.02156
	14.93865	51.02093
	14.93903	51.02074
	14.9397	51.02051
	14.94006	51.02062
	14.94049	51.02174
	14.94051	51.02213
	14.94014	51.02228
	14.93964	51.02235
	14.93922	51.0226
	14.93909	51.0231
	14.9392	51.02345
	14.93924	51.02353
	14.93946	51.02377
	14.93984	51.02393
	14.94031	51.024
	14.94079	51.02386
	14.94107	51.02372
	14.94138	51.02332
	14.9416	51.02315
	14.94191	51.02314
	14.94231	51.02325
	14.94245	51.02356
	14.94201	51.02413
	14.94181	51.0248
	14.94098	51.02519
	14.94078	51.02571
	14.9404	51.026
	14.94035	51.02633
	14.94048	51.02638
	14.94066	51.02643
	14.94317	51.02649
	14.94383	51.02685
	14.94527	51.02643
	14.94778	51.02835
	14.94778	51.02925
	14.94772	51.03021
	14.94826	51.03027
	14.94916	51.03069
	14.94928	51.03123
	14.9485	51.03164
	14.94704	51.03102
	14.9466	51.03105
	14.94656	51.03163
	14.94672	51.03193
	14.94718	51.03217
	14.94824	51.03286
	14.94841	51.03318
	14.94856	51.03381
	14.94852	51.03435
	14.94923	51.03528
	14.94946	51.03567
	14.95179	51.03748
	14.95179	51.03802
	14.95138	51.03833
	14.95055	51.03849
	14.9492	51.03845
	14.94899	51.0385
	14.94829	51.03937
	14.94811	51.04045
	14.94824	51.04058
	14.94924	51.04062
	14.94976	51.04088
	14.94991	51.041
	14.94975	51.0413
	14.94895	51.04187
	14.94852	51.0424
	14.94848	51.04265
	14.94915	51.0431
	14.95053	51.04351
	14.95079	51.04345
	14.95088	51.04342
	14.95107	51.0431
	14.95109	51.04281
	14.95094	51.0425
	14.95113	51.04231
	14.95156	51.04231
	14.95208	51.04249
	14.95265	51.04306
	14.95312	51.0438
	14.95285	51.04422
	14.95308	51.0447
	14.95309	51.04521
	14.9534	51.04551
	14.95356	51.04589
	14.95351	51.04632
	14.9536	51.0466
	14.95377	51.04673
	14.95386	51.04682
	14.95413	51.04687
	14.95592	51.04675
	14.95793	51.04682
	14.95864	51.04725
	14.95924	51.04729
	14.95963	51.04745
	14.96046	51.04824
	14.96067	51.04928
	14.9617	51.04917
	14.96202	51.04936
	14.96136	51.04978
	14.96153	51.05008
	14.96222	51.04998
	14.96347	51.04973
	14.96471	51.05013
	14.96486	51.05051
	14.96459	51.05111
	14.96456	51.05148
	14.96441	51.0518
	14.96378	51.05237
	14.96366	51.05269
	14.96326	51.05399
	14.9632	51.05442
	14.96323	51.05458
	14.96439	51.05495
	14.96449	51.05508
	14.96447	51.05524
	14.96437	51.05538
	14.96412	51.05547
	14.96403	51.05549
	14.96383	51.05553
	14.9629	51.05556
	14.96259	51.05566
	14.96247	51.05578
	14.96245	51.05584
	14.96245	51.05586
	14.96253	51.05598
	14.96368	51.05664
	14.96381	51.05681
	14.96377	51.05696
	14.96367	51.05711
	14.96307	51.0574
	14.96293	51.05753
	14.96303	51.05807
	14.96322	51.05829
	14.96349	51.05841
	14.96438	51.05873
	14.96471	51.05888
	14.96634	51.0616
	14.9676	51.06403
	14.96944	51.06533
	14.97056	51.06545
	14.97125	51.06579
	14.97117	51.0666
	14.96998	51.06737
	14.97009	51.06791
	14.97152	51.06895
	14.97148	51.06948
	14.96933	51.06987
	14.96817	51.06945
	14.96775	51.07002
	14.9676	51.07102
	14.96787	51.07156
	14.96844	51.0721
	14.96948	51.07233
	14.97144	51.07256
	14.97205	51.07283
	14.97232	51.07325
	14.97255	51.07406
	14.97321	51.07452
	14.97478	51.07452
	14.97525	51.07483
	14.97551	51.07598
	14.97632	51.07633
	14.97682	51.07631
	14.97805	51.07629
	14.97943	51.07717
	14.9794	51.07779
	14.97828	51.07867
	14.97832	51.07936
	14.97874	51.08032
	14.97682	51.08159
	14.97671	51.08236
	14.97786	51.08298
	14.97767	51.08359
	14.97749	51.08372
	14.97717	51.08398
	14.97609	51.08401
	14.97617	51.08455
	14.97767	51.08532
	14.97682	51.08613
	14.97621	51.08705
	14.97667	51.08763
	14.97778	51.08774
	14.97847	51.08709
	14.97959	51.0872
	14.98018	51.08748
	14.98032	51.08755
	14.97947	51.08886
	14.98032	51.09024
	14.9812	51.09009
	14.98274	51.08986
	14.98397	51.09086
	14.98374	51.09228
	14.98201	51.09301
	14.98178	51.09362
	14.98278	51.09501
	14.98232	51.09531
	14.98055	51.09543
	14.98005	51.09578
	14.98066	51.09675
	14.98124	51.09698
	14.98188	51.09725
	14.98286	51.09709
	14.98382	51.09736
	14.98383	51.09737
	14.98383	51.09792
	14.98307	51.09874
	14.98273	51.09936
	14.98307	51.09978
	14.98397	51.1006
	14.98431	51.10122
	14.9839	51.10233
	14.98307	51.10322
	14.98231	51.1037
	14.98217	51.10426
	14.98245	51.10453
	14.98197	51.10515
	14.97866	51.10667
	14.97839	51.10715
	14.97811	51.10804
	14.97837	51.10852
	14.97935	51.10873
	14.98004	51.1086
	14.98087	51.1088
	14.98121	51.10928
	14.98073	51.10997
	14.98004	51.11039
	14.97997	51.11073
	14.98031	51.11094
	14.98135	51.11121
	14.98211	51.11183
	14.98224	51.11245
	14.98259	51.11335
	14.98231	51.11411
	14.98135	51.11528
	14.98066	51.11597
	14.98121	51.11645
	14.98146	51.11658
	14.98166	51.11695
	14.98176	51.11749
	14.98216	51.11769
	14.98242	51.11778
	14.98281	51.11788
	14.98323	51.11791
	14.98371	51.11777
	14.98383	51.11769
	14.98465	51.11652
	14.98624	51.11638
	14.98734	51.1161
	14.98851	51.11638
	14.98982	51.11693
	14.99044	51.11755
	14.99134	51.11817
	14.99209	51.11851
	14.99313	51.11893
	14.99402	51.11948
	14.99464	51.12031
	14.9954	51.12079
	14.99643	51.12093
	14.99733	51.12148
	14.99767	51.1223
	14.9976	51.12313
	14.99685	51.12354
	14.99499	51.12361
	14.99485	51.12416
	14.99506	51.1252
	14.99509	51.12828
	14.9954	51.1294
	14.99623	51.1305
	14.99685	51.13174
	14.99678	51.13264
	14.99563	51.13626
	14.99501	51.13795
	14.9938	51.13929
	14.99264	51.14028
	14.99152	51.14113
	14.99071	51.14189
	14.99044	51.14252
	14.99107	51.14328
	14.99168	51.1436
	14.99184	51.14364
	14.99234	51.14373
	14.99347	51.14355
	14.9941	51.14335
	14.99492	51.14339
	14.99672	51.14431
	14.99855	51.14691
	15.00084	51.1496
	15.00084	51.15018
	15.00032	51.15133
	14.99947	51.15257
	14.99806	51.15471
	14.99734	51.15543
	14.9948	51.15713
	14.99456	51.1574
	14.99418	51.15799
	14.99389	51.15933
	14.99338	51.16114
	14.99312	51.16246
	14.99343	51.16288
	14.9945	51.16325
	14.99775	51.16434
	15.00074	51.16571
	15.00243	51.16632
	15.00403	51.16671
	15.00499	51.16753
	15.00525	51.16849
	15.00461	51.16974
	15.00363	51.17058
	15.00234	51.17114
	15.00155	51.17159
	15.00141	51.17228
	15.00205	51.17319
	15.00277	51.17402
	15.00366	51.17459
	15.00441	51.17514
	15.00447	51.17519
	15.00485	51.17569
	15.00489	51.1779
	15.00538	51.17866
	15.00632	51.17934
	15.00817	51.18003
	15.00865	51.18054
	15.0086	51.18073
	15.00885	51.18181
	15.00872	51.18319
	15.00828	51.18365
	15.00803	51.18396
	15.00658	51.1861
	15.00589	51.18901
	15.00524	51.18975
	15.00469	51.19073
	15.00498	51.19158
	15.00597	51.19201
	15.00716	51.19211
	15.00829	51.19235
	15.00946	51.19247
	15.01005	51.19265
	15.01047	51.1929
	15.0107	51.19393
	15.01087	51.19416
	15.01173	51.19473
	15.01259	51.19502
	15.0138	51.19538
	15.01437	51.19582
	15.01444	51.19809
	15.01295	51.19886
	15.01248	51.19902
	15.01198	51.1991
	15.01087	51.19919
	15.00805	51.19917
	15.00776	51.19956
	15.00777	51.20014
	15.00874	51.20111
	15.00877	51.20147
	15.00831	51.2019
	15.00787	51.20239
	15.00782	51.20327
	15.00761	51.20449
	15.00782	51.20481
	15.00923	51.20523
	15.00991	51.20561
	15.01024	51.20594
	15.0107	51.20655
	15.01083	51.20666
	15.01094	51.20688
	15.01118	51.20718
	15.0122	51.20761
	15.01263	51.20786
	15.01289	51.2081
	15.01295	51.20824
	15.01298	51.20878
	15.01295	51.20936
	15.01322	51.21056
	15.01312	51.21086
	15.01284	51.21113
	15.01254	51.2112
	15.01067	51.21118
	15.01035	51.21122
	15.00997	51.21139
	15.00968	51.21169
	15.00962	51.21204
	15.00993	51.21375
	15.01041	51.21412
	15.01063	51.21415
	15.01132	51.21409
	15.01221	51.21399
	15.0161	51.21428
	15.01647	51.21438
	15.01674	51.21459
	15.01702	51.21494
	15.01732	51.21558
	15.01732	51.21585
	15.01721	51.21604
	15.01633	51.21644
	15.01617	51.21659
	15.01601	51.21671
	15.01594	51.217
	15.01607	51.21721
	15.01722	51.21862
	15.01807	51.22052
	15.01823	51.22135
	15.01793	51.22183
	15.01716	51.22279
	15.01666	51.22346
	15.01663	51.22376
	15.01675	51.2241
	15.01749	51.22472
	15.01756	51.22496
	15.01743	51.22529
	15.01653	51.22608
	15.01633	51.22639
	15.0161	51.22702
	15.01615	51.22741
	15.01632	51.22762
	15.01645	51.22773
	15.01687	51.22794
	15.01842	51.22831
	15.01892	51.22844
	15.01967	51.22853
	15.02094	51.22858
	15.02113	51.2286
	15.0213	51.22867
	15.02163	51.22897
	15.0219	51.22987
	15.02221	51.23018
	15.02263	51.23055
	15.02307	51.23088
	15.02332	51.23102
	15.02475	51.23136
	15.02553	51.23161
	15.02588	51.23184
	15.02606	51.23224
	15.02619	51.23274
	15.02697	51.23354
	15.02681	51.23397
	15.02649	51.23406
	15.02503	51.23403
	15.02464	51.23404
	15.02411	51.2342
	15.0238	51.23444
	15.02361	51.23475
	15.02352	51.23509
	15.02355	51.23526
	15.02388	51.2357
	15.02424	51.23592
	15.02465	51.23609
	15.02555	51.236
	15.02592	51.23589
	15.02627	51.23587
	15.02708	51.23606
	15.02861	51.23678
	15.02885	51.23699
	15.02906	51.23736
	15.02904	51.23777
	15.02884	51.23795
	15.02837	51.23824
	15.02799	51.23837
	15.0277	51.23854
	15.02693	51.2392
	15.02685	51.2394
	15.02686	51.23967
	15.0276	51.24048
	15.02864	51.24181
	15.0289	51.24189
	15.02927	51.24192
	15.02989	51.24181
	15.03037	51.24154
	15.03102	51.24081
	15.03142	51.24061
	15.03192	51.24058
	15.03256	51.24073
	15.03403	51.2412
	15.03426	51.24134
	15.03464	51.24187
	15.03534	51.24278
	15.03551	51.24293
	15.03602	51.24328
	15.03667	51.24359
	15.03805	51.24396
	15.03938	51.24417
	15.03984	51.24436
	15.03998	51.24479
	15.03989	51.24519
	15.03931	51.24578
	15.0388	51.24596
	15.03802	51.24621
	15.03693	51.24639
	15.03548	51.24633
	15.03445	51.24668
	15.03335	51.24716
	15.03195	51.2478
	15.03153	51.24808
	15.03128	51.24845
	15.03097	51.24975
	15.03035	51.25082
	15.02999	51.25119
	15.02958	51.25139
	15.02905	51.25152
	15.02855	51.25155
	15.02814	51.25148
	15.02772	51.2513
	15.02756	51.25109
	15.0273	51.2501
	15.02686	51.24927
	15.02671	51.24909
	15.02636	51.24898
	15.0261	51.24898
	15.02536	51.24904
	15.02501	51.24915
	15.02399	51.24964
	15.02364	51.24989
	15.02337	51.25012
	15.02325	51.25037
	15.02344	51.25077
	15.02448	51.25169
	15.02482	51.25373
	15.02506	51.25393
	15.02567	51.2541
	15.02687	51.25431
	15.02839	51.25455
	15.0293	51.25446
	15.03	51.25455
	15.03031	51.25472
	15.03054	51.25493
	15.0306	51.25514
	15.03061	51.25657
	15.03089	51.25685
	15.03209	51.25753
	15.03528	51.25782
	15.03741	51.25786
	15.03811	51.25811
	15.03833	51.25894
	15.03795	51.25961
	15.03791	51.25966
	15.03667	51.2607
	15.03631	51.26115
	15.03617	51.26152
	15.03617	51.26221
	15.03627	51.26292
	15.03599	51.26389
	15.03595	51.26416
	15.03595	51.26448
	15.03616	51.26474
	15.03677	51.26515
	15.03718	51.26535
	15.03774	51.26577
	15.03822	51.26666
	15.03824	51.26713
	15.03779	51.26804
	15.03778	51.26836
	15.03785	51.26884
	15.03776	51.26904
	15.03757	51.26955
	15.03699	51.26992
	15.03684	51.27031
	15.03689	51.27051
	15.03705	51.27068
	15.03876	51.27121
	15.03916	51.27127
	15.04017	51.27138
	15.04077	51.2716
	15.04165	51.27223
	15.04193	51.27285
	15.04182	51.27352
	15.04175	51.27424
	15.04167	51.27432
	15.04144	51.27441
	15.04011	51.27458
	15.03968	51.27469
	15.03905	51.27491
	15.03795	51.27537
	15.03744	51.27573
	15.03739	51.27581
	15.03698	51.27692
	15.03672	51.27704
	15.03613	51.27716
	15.03552	51.27708
	15.03499	51.27706
	15.03474	51.27714
	15.03461	51.27717
	15.03439	51.27738
	15.03431	51.27759
	15.03443	51.27827
	15.03469	51.27879
	15.03473	51.27984
	15.03486	51.28139
	15.03502	51.2821
	15.03533	51.28276
	15.03537	51.28319
	15.03469	51.28402
	15.03406	51.28446
	15.03374	51.2846
	15.03269	51.2848
	15.03245	51.28488
	15.03237	51.28509
	15.03234	51.28543
	15.03241	51.28606
	15.03217	51.28687
	15.03207	51.28769
	15.03209	51.2885
	15.03251	51.28923
	15.03281	51.29018
	15.0336	51.29206
	15.03362	51.29375
	15.03341	51.29413
	15.03314	51.29432
	15.03269	51.29442
	15.03191	51.29433
	15.03129	51.29423
	15.03079	51.29425
	15.03018	51.29434
	15.02971	51.29453
	15.02957	51.29465
	15.0295	51.2948
	15.02961	51.2951
	15.02983	51.29542
	15.02988	51.29574
	15.02948	51.2966
	15.02909	51.29684
	15.02868	51.29699
	15.02733	51.29713
	15.02707	51.29724
	15.02661	51.29746
	15.0263	51.2977
	15.02544	51.29893
	15.02385	51.2998
	15.02241	51.30038
	15.02135	51.30079
	15.01903	51.3014
	15.01769	51.30154
	15.01683	51.30152
	15.01574	51.30137
	15.01375	51.30098
	15.01325	51.30085
	15.01237	51.30093
	15.01203	51.30129
	15.01205	51.30219
	15.01259	51.30305
	15.01371	51.30386
	15.014	51.3052
	15.01359	51.30617
	15.01295	51.30726
	15.01273	51.30826
	15.01216	51.30917
	15.0107	51.30973
	15.00878	51.31
	15.00725	51.31029
	15.00682	51.31068
	15.00673	51.31144
	15.00683	51.31205
	15.00728	51.31255
	15.00868	51.31351
	15.00926	51.31422
	15.00946	51.31482
	15.00952	51.31571
	15.00942	51.31628
	15.00916	51.31673
	15.00896	51.31691
	15.0086	51.317
	15.00779	51.31698
	15.00751	51.31699
	15.00665	51.31683
	15.00606	51.31693
	15.00569	51.3171
	15.00523	51.31744
	15.00493	51.3179
	15.00467	51.31862
	15.00429	51.31924
	15.00375	51.31975
	15.00287	51.32016
	15.00159	51.32047
	15.0003	51.32057
	14.99927	51.32036
	14.9984	51.3203
	14.99754	51.32045
	14.99649	51.32093
	14.99538	51.3216
	14.99424	51.32224
	14.99273	51.32338
	14.99229	51.32392
	14.99237	51.32454
	14.99281	51.32547
	14.99326	51.32636
	14.99369	51.32717
	14.99388	51.32769
	14.99356	51.3283
	14.99282	51.32872
	14.99189	51.32904
	14.99077	51.32911
	14.989	51.32898
	14.98823	51.32889
	14.98747	51.32885
	14.9866	51.32896
	14.98608	51.32938
	14.98577	51.32995
	14.98573	51.33051
	14.98578	51.33091
	14.98585	51.33182
	14.98569	51.33237
	14.98529	51.33284
	14.98462	51.33316
	14.98345	51.33348
	14.98249	51.3338
	14.98186	51.33427
	14.98154	51.33473
	14.98126	51.3355
	14.98091	51.33614
	14.98056	51.33682
	14.98052	51.33701
	14.98042	51.33758
	14.98039	51.33823
	14.98086	51.33902
	14.98081	51.33977
	14.98059	51.34
	14.97948	51.34049
	14.97818	51.34104
	14.97759	51.34179
	14.97751	51.34321
	14.97713	51.34468
	14.97717	51.34652
	14.97864	51.34794
	14.97701	51.35108
	14.97701	51.35205
	14.97755	51.35279
	14.9775	51.35314
	14.97723	51.35339
	14.97628	51.35377
	14.9758	51.35413
	14.97573	51.35437
	14.97572	51.35443
	14.976	51.35527
	14.9765	51.3564
	14.97632	51.35707
	14.976	51.35736
	14.97516	51.35778
	14.97466	51.35874
	14.97376	51.35946
	14.97269	51.35982
	14.97192	51.35996
	14.97037	51.35983
	14.96802	51.35941
	14.96703	51.35936
	14.96648	51.35943
	14.96599	51.35968
	14.96558	51.36041
	14.96511	51.36143
	14.96505	51.3619
	14.96534	51.36225
	14.96576	51.36249
	14.96622	51.36255
	14.9668	51.36256
	14.96772	51.36244
	14.9686	51.36245
	14.96953	51.36285
	14.97003	51.3634
	14.9707	51.36368
	14.97228	51.36371
	14.97375	51.36386
	14.97421	51.36395
	14.9745	51.36404
END
END
