Russia_Primorsky Krai
1
	132.8028	41.5286
	130.9246	42.17064
	130.7021	42.29273
	130.6967	42.29331
	130.6949	42.29406
	130.69	42.29617
	130.6777	42.30812
	130.6678	42.31396
	130.6545	42.3248
	130.6504	42.33019
	130.6463	42.33916
	130.6464	42.34637
	130.6465	42.34968
	130.6489	42.35282
	130.6548	42.35886
	130.6565	42.36031
	130.6678	42.3657
	130.6701	42.36711
	130.6707	42.36843
	130.6723	42.37301
	130.6696	42.37819
	130.6622	42.38524
	130.6533	42.39396
	130.651	42.40164
	130.6468	42.41122
	130.637	42.41833
	130.6393	42.41979
	130.6393	42.42099
	130.6384	42.42198
	130.6369	42.42293
	130.6365	42.42332
	130.6364	42.42378
	130.6359	42.42428
	130.6357	42.42475
	130.636	42.42579
	130.6358	42.42633
	130.6352	42.42677
	130.6343	42.4273
	130.632	42.42737
	130.6308	42.42796
	130.6297	42.42865
	130.6297	42.42912
	130.6284	42.43038
	130.6273	42.43156
	130.6269	42.43172
	130.6267	42.43217
	130.6258	42.43274
	130.6239	42.43313
	130.6228	42.43356
	130.6216	42.43381
	130.621	42.43423
	130.6205	42.43481
	130.6201	42.43501
	130.6196	42.43506
	130.6186	42.43567
	130.6183	42.43582
	130.6173	42.43573
	130.6158	42.43586
	130.6122	42.43596
	130.612	42.4361
	130.6121	42.4365
	130.6114	42.43782
	130.6109	42.4382
	130.6107	42.43867
	130.6107	42.43939
	130.6106	42.4396
	130.6101	42.43984
	130.6099	42.44004
	130.6096	42.44071
	130.6092	42.44095
	130.6078	42.44158
	130.6069	42.44175
	130.6065	42.44175
	130.606	42.44146
	130.6057	42.44146
	130.6052	42.4416
	130.6046	42.44194
	130.6041	42.442
	130.6036	42.44191
	130.6028	42.44189
	130.6019	42.44231
	130.6015	42.44231
	130.6007	42.44256
	130.6001	42.44313
	130.5994	42.44352
	130.5985	42.4438
	130.5966	42.44406
	130.5939	42.4448
	130.5938	42.44493
	130.5939	42.44533
	130.5933	42.44565
	130.5929	42.44573
	130.5926	42.44588
	130.5929	42.4464
	130.5929	42.44699
	130.5935	42.44777
	130.5935	42.44815
	130.594	42.44881
	130.5936	42.45014
	130.5936	42.45094
	130.5938	42.45171
	130.594	42.452
	130.594	42.45215
	130.5934	42.45287
	130.5933	42.45339
	130.593	42.4537
	130.5926	42.454
	130.5925	42.45426
	130.5924	42.4544
	130.5924	42.45483
	130.5922	42.45541
	130.5922	42.45562
	130.5927	42.45659
	130.5931	42.45732
	130.5931	42.45752
	130.5928	42.45786
	130.5924	42.4582
	130.5921	42.45877
	130.592	42.45924
	130.5921	42.45992
	130.5918	42.46084
	130.5917	42.46134
	130.5916	42.46206
	130.5913	42.46264
	130.5909	42.46301
	130.5911	42.46418
	130.5911	42.46449
	130.5907	42.4649
	130.5908	42.46515
	130.5911	42.46524
	130.5918	42.4652
	130.5927	42.46587
	130.5932	42.46603
	130.5935	42.46629
	130.5936	42.46671
	130.5935	42.46705
	130.5937	42.46741
	130.5942	42.46761
	130.5949	42.46755
	130.5952	42.46775
	130.595	42.46821
	130.595	42.46854
	130.5952	42.46859
	130.5956	42.4686
	130.5959	42.46879
	130.5959	42.46913
	130.5957	42.46943
	130.5954	42.46975
	130.5951	42.47014
	130.5945	42.47055
	130.5938	42.47115
	130.5932	42.47143
	130.5924	42.47231
	130.5921	42.47256
	130.5915	42.47357
	130.591	42.47382
	130.5907	42.47408
	130.5907	42.47454
	130.5909	42.47482
	130.5941	42.47796
	130.5941	42.4782
	130.5934	42.48305
	130.5931	42.48376
	130.5927	42.48418
	130.5922	42.48453
	130.5904	42.48537
	130.5884	42.48652
	130.5876	42.48691
	130.5826	42.48951
	130.5812	42.48962
	130.5806	42.48979
	130.5801	42.49017
	130.5799	42.49057
	130.5789	42.49152
	130.5781	42.49198
	130.5771	42.49239
	130.5764	42.49279
	130.5751	42.49344
	130.5737	42.49408
	130.5726	42.49472
	130.5721	42.49523
	130.5703	42.49584
	130.5694	42.49648
	130.5686	42.49731
	130.5678	42.49806
	130.5669	42.49842
	130.5664	42.49881
	130.5659	42.49928
	130.5653	42.49963
	130.564	42.50047
	130.5629	42.50114
	130.5624	42.50182
	130.5612	42.50257
	130.5594	42.50344
	130.5583	42.50476
	130.5583	42.50526
	130.5587	42.50625
	130.5591	42.50764
	130.5597	42.50881
	130.5611	42.51238
	130.5596	42.51347
	130.559	42.5138
	130.5557	42.5164
	130.5553	42.51691
	130.5533	42.51845
	130.553	42.51898
	130.5529	42.51978
	130.554	42.5206
	130.5553	42.52079
	130.5563	42.52048
	130.5585	42.51887
	130.5596	42.51881
	130.5619	42.51759
	130.5626	42.51807
	130.5625	42.51911
	130.5611	42.52002
	130.5593	42.52135
	130.5594	42.52276
	130.5598	42.52647
	130.56	42.5271
	130.5609	42.5276
	130.5613	42.52846
	130.5619	42.53077
	130.5642	42.53261
	130.5646	42.53523
	130.5651	42.53617
	130.5673	42.53826
	130.5673	42.54391
	130.5667	42.5448
	130.5661	42.54522
	130.5656	42.54604
	130.5658	42.54769
	130.5645	42.55015
	130.5641	42.55119
	130.563	42.55204
	130.5635	42.55511
	130.5691	42.55586
	130.5715	42.55773
	130.5723	42.55796
	130.5749	42.55937
	130.576	42.55938
	130.5782	42.55818
	130.5791	42.55821
	130.58	42.5585
	130.5831	42.55838
	130.5843	42.55881
	130.5867	42.55878
	130.5901	42.55795
	130.5922	42.55821
	130.5943	42.55753
	130.5963	42.55717
	130.5972	42.55673
	130.6003	42.5547
	130.6022	42.55508
	130.6031	42.55486
	130.6033	42.55491
	130.6034	42.55573
	130.6041	42.55814
	130.6045	42.56183
	130.6041	42.563
	130.6051	42.56363
	130.6057	42.56463
	130.6078	42.56743
	130.6085	42.56765
	130.6098	42.56823
	130.6103	42.56921
	130.6115	42.56953
	130.6123	42.57046
	130.6162	42.57135
	130.619	42.57814
	130.6219	42.58262
	130.6203	42.58545
	130.621	42.58642
	130.6256	42.58822
	130.6256	42.58855
	130.6262	42.58886
	130.6267	42.58943
	130.6272	42.59059
	130.6272	42.59069
	130.6275	42.59116
	130.6275	42.5914
	130.6274	42.5918
	130.628	42.59221
	130.6284	42.59269
	130.6289	42.59381
	130.6289	42.594
	130.6288	42.59475
	130.6286	42.59544
	130.6286	42.59559
	130.6287	42.59572
	130.6291	42.59673
	130.6291	42.59683
	130.6293	42.59704
	130.6294	42.59745
	130.6292	42.59936
	130.629	42.59964
	130.6286	42.60001
	130.6283	42.60158
	130.6283	42.6017
	130.628	42.6019
	130.628	42.60208
	130.6277	42.60287
	130.6275	42.60327
	130.6271	42.60398
	130.627	42.60402
	130.6268	42.6044
	130.6258	42.60519
	130.6253	42.60534
	130.6252	42.60538
	130.6248	42.60548
	130.6244	42.60555
	130.6242	42.60566
	130.6216	42.60485
	130.6206	42.60541
	130.6164	42.61289
	130.6181	42.61821
	130.6171	42.62147
	130.6151	42.6225
	130.6166	42.62348
	130.6154	42.62697
	130.6155	42.62903
	130.6133	42.63031
	130.6097	42.63057
	130.6055	42.63094
	130.6056	42.63382
	130.6016	42.63693
	130.5961	42.64008
	130.597	42.64307
	130.5954	42.64496
	130.5946	42.6484
	130.5939	42.64963
	130.5947	42.65117
	130.5937	42.65377
	130.5911	42.65651
	130.5886	42.66134
	130.5878	42.66513
	130.5847	42.66989
	130.5807	42.67322
	130.569	42.67824
	130.5666	42.67932
	130.5641	42.6826
	130.5615	42.68619
	130.5563	42.68788
	130.5533	42.69014
	130.5485	42.68958
	130.5452	42.69173
	130.5429	42.69132
	130.5416	42.69158
	130.5324	42.69836
	130.5273	42.69964
	130.5243	42.69959
	130.5214	42.70143
	130.5171	42.69995
	130.5153	42.69999
	130.5088	42.69583
	130.5082	42.69565
	130.5062	42.69565
	130.5028	42.69601
	130.5018	42.69594
	130.5009	42.69579
	130.5003	42.69539
	130.4999	42.69488
	130.4987	42.69287
	130.4982	42.69235
	130.4975	42.6922
	130.496	42.69231
	130.4947	42.6922
	130.4937	42.69197
	130.493	42.69158
	130.4921	42.69085
	130.4914	42.69051
	130.4894	42.69096
	130.4882	42.69042
	130.4867	42.68892
	130.4842	42.68824
	130.4832	42.68804
	130.4827	42.68816
	130.4813	42.68907
	130.4808	42.68938
	130.4802	42.68958
	130.4797	42.68964
	130.4781	42.6897
	130.4762	42.68961
	130.4747	42.68937
	130.4727	42.68917
	130.4715	42.68917
	130.4707	42.6893
	130.4692	42.68974
	130.4678	42.68914
	130.4672	42.68863
	130.4656	42.68758
	130.4627	42.68614
	130.4609	42.68535
	130.46	42.68519
	130.4592	42.68522
	130.4581	42.68555
	130.4573	42.68609
	130.4561	42.68827
	130.4547	42.69027
	130.4531	42.69158
	130.4521	42.69206
	130.4512	42.69269
	130.4505	42.69351
	130.4495	42.6985
	130.4484	42.70015
	130.4477	42.70114
	130.446	42.70042
	130.4454	42.70033
	130.4446	42.70044
	130.4429	42.70084
	130.4409	42.70147
	130.4369	42.70255
	130.4346	42.70336
	130.4339	42.70398
	130.4325	42.70578
	130.432	42.70659
	130.4307	42.70705
	130.4302	42.70704
	130.428	42.70655
	130.4264	42.70574
	130.4253	42.70564
	130.4234	42.70568
	130.4226	42.70531
	130.4219	42.70457
	130.4208	42.70418
	130.4197	42.70401
	130.4187	42.70409
	130.4177	42.7046
	130.4146	42.7065
	130.4138	42.70789
	130.4131	42.70847
	130.4122	42.70905
	130.4115	42.70993
	130.4108	42.71051
	130.41	42.71094
	130.4082	42.71182
	130.4073	42.71294
	130.4073	42.7142
	130.4076	42.71554
	130.4076	42.71608
	130.4068	42.7169
	130.4048	42.71885
	130.4043	42.71951
	130.4037	42.72101
	130.4032	42.72189
	130.4024	42.72252
	130.4012	42.72316
	130.4	42.72395
	130.3988	42.72401
	130.397	42.72393
	130.3961	42.72386
	130.3955	42.72389
	130.395	42.72418
	130.3948	42.72452
	130.3947	42.72497
	130.3947	42.72535
	130.3948	42.7257
	130.3951	42.72614
	130.3954	42.72633
	130.3964	42.72671
	130.3979	42.72723
	130.4	42.72821
	130.4016	42.72848
	130.4033	42.72858
	130.4057	42.72888
	130.4075	42.72856
	130.4102	42.72875
	130.4111	42.72865
	130.4125	42.72807
	130.4138	42.72769
	130.4153	42.7275
	130.4167	42.72745
	130.4184	42.7275
	130.4197	42.72749
	130.421	42.72761
	130.4216	42.72796
	130.4219	42.7287
	130.4219	42.72942
	130.4211	42.73058
	130.421	42.73168
	130.4201	42.73322
	130.4194	42.7342
	130.4187	42.7362
	130.4185	42.7374
	130.4186	42.7387
	130.4188	42.73985
	130.4191	42.74075
	130.4199	42.7426
	130.4203	42.74295
	130.4234	42.74429
	130.4245	42.74513
	130.4253	42.74587
	130.426	42.74708
	130.4263	42.74796
	130.4268	42.74852
	130.4289	42.74945
	130.4303	42.75001
	130.4327	42.75125
	130.434	42.75285
	130.4361	42.75318
	130.4372	42.75346
	130.4386	42.75396
	130.4397	42.75451
	130.4405	42.75482
	130.4421	42.755
	130.4439	42.75494
	130.4448	42.75515
	130.4462	42.75575
	130.447	42.75628
	130.4477	42.75699
	130.4514	42.75819
	130.4531	42.75878
	130.4543	42.75906
	130.4555	42.75913
	130.4564	42.75936
	130.4568	42.75956
	130.457	42.75991
	130.4568	42.76031
	130.4567	42.76079
	130.4568	42.76164
	130.4571	42.76224
	130.4575	42.76315
	130.458	42.76358
	130.4579	42.76399
	130.4579	42.76442
	130.4578	42.76509
	130.4575	42.76555
	130.4569	42.76606
	130.4569	42.7662
	130.4585	42.76864
	130.4593	42.77
	130.4609	42.76968
	130.4613	42.77034
	130.4627	42.77003
	130.464	42.76976
	130.4652	42.76983
	130.4663	42.77023
	130.4678	42.77068
	130.469	42.77101
	130.4706	42.77166
	130.4737	42.77218
	130.4786	42.77268
	130.4831	42.77321
	130.485	42.77338
	130.487	42.77344
	130.4883	42.77368
	130.4891	42.77402
	130.4906	42.77454
	130.4918	42.77583
	130.4924	42.77679
	130.4943	42.77792
	130.4966	42.7788
	130.4976	42.77931
	130.4985	42.7799
	130.5	42.78067
	130.5007	42.78084
	130.5015	42.7808
	130.5023	42.78084
	130.503	42.78114
	130.5049	42.78253
	130.5064	42.78284
	130.5076	42.78301
	130.5085	42.78333
	130.5098	42.78386
	130.5103	42.78393
	130.5121	42.78337
	130.5142	42.78359
	130.5156	42.78409
	130.516	42.78416
	130.517	42.78399
	130.5181	42.78363
	130.5187	42.78382
	130.52	42.78419
	130.522	42.78446
	130.5242	42.78449
	130.525	42.7846
	130.5259	42.78493
	130.5292	42.78726
	130.5304	42.78843
	130.5314	42.78959
	130.5318	42.79036
	130.532	42.79135
	130.5324	42.79192
	130.5329	42.79224
	130.5353	42.79291
	130.5357	42.79311
	130.5366	42.7945
	130.5373	42.79494
	130.5383	42.79539
	130.5395	42.79576
	130.5403	42.79603
	130.5406	42.79645
	130.5407	42.79759
	130.542	42.79912
	130.5423	42.79991
	130.5429	42.80091
	130.5438	42.80164
	130.5445	42.80248
	130.545	42.80424
	130.5454	42.80521
	130.5458	42.80564
	130.5466	42.80577
	130.5483	42.80581
	130.5494	42.80604
	130.5501	42.80641
	130.5512	42.80709
	130.5525	42.80767
	130.5533	42.80763
	130.5537	42.80795
	130.5539	42.80854
	130.5543	42.80934
	130.5547	42.80991
	130.5554	42.81055
	130.5556	42.81102
	130.5558	42.81229
	130.5559	42.81277
	130.5563	42.81317
	130.5572	42.8134
	130.5587	42.81363
	130.5608	42.81361
	130.5632	42.81391
	130.5642	42.81432
	130.5651	42.81476
	130.5656	42.81485
	130.5664	42.81482
	130.5685	42.81441
	130.5703	42.81495
	130.5716	42.81628
	130.5723	42.81581
	130.5726	42.8152
	130.5732	42.81464
	130.5758	42.81264
	130.5766	42.81189
	130.5786	42.80941
	130.5791	42.80897
	130.5795	42.80872
	130.5799	42.80904
	130.5806	42.81029
	130.5819	42.81133
	130.5821	42.81179
	130.5821	42.81263
	130.5823	42.81365
	130.5827	42.81449
	130.5838	42.81511
	130.5847	42.81555
	130.5857	42.81592
	130.587	42.81622
	130.5882	42.81639
	130.5899	42.81658
	130.5917	42.81648
	130.5925	42.8165
	130.5934	42.81659
	130.5943	42.81683
	130.5965	42.81687
	130.5972	42.81715
	130.5978	42.81764
	130.5992	42.81914
	130.5999	42.81954
	130.6002	42.81958
	130.6005	42.8195
	130.6016	42.81873
	130.6024	42.81801
	130.6026	42.81813
	130.6027	42.81829
	130.6028	42.81953
	130.6031	42.82064
	130.6035	42.82143
	130.6042	42.82232
	130.6051	42.82312
	130.6061	42.8235
	130.609	42.82409
	130.61	42.8246
	130.6113	42.82579
	130.6148	42.82668
	130.6158	42.82688
	130.6165	42.82725
	130.6169	42.82769
	130.6171	42.82817
	130.6171	42.82909
	130.6173	42.82954
	130.6188	42.82955
	130.6202	42.82944
	130.6212	42.82964
	130.6224	42.83049
	130.6242	42.83193
	130.6266	42.83265
	130.6273	42.83278
	130.6299	42.83234
	130.6326	42.83204
	130.6366	42.83131
	130.6381	42.83121
	130.6385	42.8313
	130.6391	42.83179
	130.6412	42.83331
	130.6408	42.83525
	130.641	42.83593
	130.6418	42.83637
	130.6429	42.8368
	130.6438	42.8373
	130.6446	42.83886
	130.6467	42.8392
	130.6477	42.83964
	130.649	42.84029
	130.6496	42.8407
	130.6503	42.84112
	130.6512	42.84117
	130.6521	42.84129
	130.6532	42.84196
	130.6537	42.84253
	130.6546	42.8428
	130.6562	42.84272
	130.6572	42.8433
	130.658	42.84401
	130.659	42.84513
	130.6601	42.84542
	130.6619	42.84518
	130.6629	42.8449
	130.6641	42.84498
	130.6661	42.84518
	130.6673	42.84569
	130.6683	42.84623
	130.6696	42.84683
	130.672	42.84646
	130.6734	42.84633
	130.6749	42.84651
	130.6765	42.8469
	130.6786	42.84755
	130.68	42.8478
	130.6811	42.84752
	130.6818	42.84724
	130.6899	42.84376
	130.6913	42.84365
	130.6929	42.84387
	130.694	42.84363
	130.6955	42.84316
	130.6967	42.84303
	130.6976	42.84318
	130.6996	42.84383
	130.7009	42.84412
	130.7017	42.84393
	130.7027	42.84329
	130.705	42.84141
	130.7064	42.84081
	130.7076	42.83989
	130.7083	42.83907
	130.709	42.83798
	130.7091	42.83722
	130.7091	42.83637
	130.709	42.83501
	130.7093	42.83384
	130.7096	42.83334
	130.7101	42.83231
	130.7105	42.83113
	130.7111	42.82987
	130.7117	42.82946
	130.7121	42.82946
	130.7131	42.82958
	130.714	42.82954
	130.7152	42.82917
	130.7169	42.82901
	130.7186	42.82868
	130.7193	42.82831
	130.72	42.82819
	130.7204	42.82847
	130.7216	42.82973
	130.7222	42.83005
	130.7256	42.83134
	130.7267	42.83194
	130.7272	42.83267
	130.7272	42.83344
	130.7282	42.8354
	130.7289	42.83698
	130.7299	42.83843
	130.7319	42.8408
	130.7323	42.84098
	130.7329	42.84098
	130.7339	42.84072
	130.7351	42.84063
	130.7369	42.84131
	130.7409	42.84126
	130.7415	42.84154
	130.7426	42.84214
	130.7439	42.84267
	130.7452	42.84288
	130.7463	42.84301
	130.747	42.84278
	130.7475	42.84248
	130.7477	42.84191
	130.7481	42.84105
	130.7484	42.84062
	130.7489	42.8401
	130.7496	42.83958
	130.7502	42.83935
	130.7508	42.83939
	130.7531	42.83877
	130.7548	42.83851
	130.7557	42.83815
	130.7565	42.83776
	130.7571	42.83739
	130.7578	42.83681
	130.7613	42.83556
	130.7625	42.83539
	130.7634	42.83586
	130.7643	42.83642
	130.7656	42.83715
	130.7667	42.83735
	130.7676	42.83729
	130.769	42.83691
	130.7703	42.83631
	130.7711	42.83607
	130.772	42.83605
	130.7728	42.83633
	130.774	42.83697
	130.7749	42.83768
	130.7762	42.83944
	130.7762	42.84019
	130.7758	42.84079
	130.7764	42.84294
	130.776	42.84367
	130.7751	42.84468
	130.7746	42.8458
	130.7742	42.84684
	130.7737	42.84878
	130.7737	42.84926
	130.7741	42.85001
	130.7748	42.85083
	130.7758	42.85187
	130.7774	42.85315
	130.7781	42.85393
	130.7782	42.85466
	130.7783	42.85637
	130.779	42.85713
	130.7802	42.85768
	130.7815	42.85821
	130.7818	42.8586
	130.7822	42.85967
	130.7823	42.86059
	130.7816	42.8614
	130.7807	42.86199
	130.7797	42.86248
	130.7785	42.86298
	130.7773	42.86336
	130.7769	42.86376
	130.777	42.86435
	130.7775	42.86498
	130.7816	42.8685
	130.7829	42.86949
	130.7838	42.87014
	130.7851	42.87049
	130.7859	42.87049
	130.7869	42.87076
	130.7882	42.8715
	130.7902	42.87297
	130.7912	42.87374
	130.7923	42.87506
	130.7929	42.87603
	130.7937	42.87679
	130.7947	42.8769
	130.7985	42.87686
	130.7997	42.87695
	130.8005	42.87724
	130.8014	42.87767
	130.8025	42.878
	130.8034	42.87814
	130.8044	42.87845
	130.8048	42.87872
	130.8054	42.87955
	130.8064	42.87969
	130.8071	42.87963
	130.8079	42.87937
	130.81	42.8785
	130.8109	42.87831
	130.8128	42.87845
	130.8139	42.87878
	130.8147	42.87876
	130.8157	42.87853
	130.8165	42.87844
	130.8175	42.87885
	130.8187	42.88014
	130.8205	42.88005
	130.8237	42.8803
	130.827	42.88067
	130.8281	42.88068
	130.8288	42.88024
	130.8294	42.87951
	130.83	42.87903
	130.8312	42.87857
	130.8332	42.87794
	130.8338	42.87846
	130.8349	42.87895
	130.8359	42.87904
	130.8367	42.87878
	130.8377	42.87823
	130.8389	42.8767
	130.8392	42.87559
	130.8396	42.87495
	130.8404	42.87424
	130.8424	42.87254
	130.8451	42.87085
	130.8459	42.87012
	130.8461	42.86951
	130.8462	42.86895
	130.8469	42.8687
	130.8475	42.8686
	130.8486	42.86798
	130.8496	42.86739
	130.8499	42.86663
	130.8505	42.86555
	130.8506	42.86461
	130.8506	42.86377
	130.8507	42.86273
	130.8512	42.86224
	130.8519	42.86165
	130.8521	42.86017
	130.8524	42.85963
	130.8535	42.85924
	130.8546	42.85923
	130.8575	42.86006
	130.8589	42.86061
	130.8601	42.86073
	130.8619	42.86053
	130.8627	42.86078
	130.8637	42.86156
	130.8643	42.86217
	130.866	42.86234
	130.8677	42.86228
	130.8683	42.86207
	130.869	42.86122
	130.87	42.85846
	130.8711	42.8569
	130.8722	42.85574
	130.8737	42.8548
	130.8748	42.85426
	130.8759	42.85377
	130.8766	42.85332
	130.8787	42.85234
	130.8797	42.85181
	130.8821	42.85065
	130.8837	42.85035
	130.8857	42.85024
	130.8877	42.8503
	130.8898	42.85071
	130.891	42.85125
	130.8916	42.85192
	130.892	42.8526
	130.8931	42.85305
	130.8936	42.85336
	130.8941	42.8543
	130.8951	42.85508
	130.8978	42.85624
	130.8986	42.85642
	130.8997	42.85676
	130.9006	42.85683
	130.9017	42.85796
	130.9021	42.85874
	130.9022	42.85933
	130.9022	42.8602
	130.9024	42.86101
	130.9028	42.86183
	130.9028	42.86232
	130.9023	42.86303
	130.9021	42.86393
	130.9023	42.86429
	130.9031	42.86503
	130.9046	42.86622
	130.9049	42.86673
	130.9049	42.86811
	130.9051	42.86841
	130.9055	42.86857
	130.906	42.86857
	130.9067	42.86843
	130.9074	42.86819
	130.9081	42.86781
	130.9109	42.86664
	130.912	42.86639
	130.9128	42.86638
	130.9157	42.86716
	130.9169	42.86724
	130.9168	42.86798
	130.9167	42.86892
	130.9169	42.86968
	130.9179	42.87024
	130.9192	42.87011
	130.9202	42.87015
	130.9218	42.8704
	130.9224	42.8707
	130.9229	42.87273
	130.9236	42.87309
	130.9255	42.87322
	130.9279	42.87347
	130.9293	42.87328
	130.9309	42.87297
	130.9322	42.87257
	130.9339	42.87199
	130.9346	42.87163
	130.9354	42.87168
	130.9361	42.872
	130.9369	42.8724
	130.9405	42.87411
	130.9411	42.87447
	130.9417	42.87469
	130.9421	42.87454
	130.9429	42.87329
	130.9432	42.87295
	130.9439	42.87265
	130.9456	42.87147
	130.946	42.87098
	130.9461	42.8695
	130.9463	42.86887
	130.947	42.86833
	130.9479	42.8678
	130.949	42.86691
	130.9508	42.8653
	130.952	42.86452
	130.9525	42.86436
	130.9543	42.86422
	130.9558	42.86423
	130.9563	42.86409
	130.9574	42.86289
	130.9588	42.86288
	130.9608	42.86297
	130.9628	42.86346
	130.9631	42.86337
	130.9644	42.86211
	130.9652	42.86175
	130.9659	42.86159
	130.9673	42.86136
	130.9692	42.86089
	130.9701	42.86037
	130.9708	42.85981
	130.9716	42.85863
	130.9729	42.85503
	130.9734	42.85477
	130.9743	42.85455
	130.9759	42.8545
	130.978	42.8545
	130.9802	42.85482
	130.9812	42.85538
	130.9822	42.8555
	130.9832	42.85545
	130.984	42.85573
	130.985	42.85668
	130.9858	42.8573
	130.9872	42.85789
	130.9882	42.85808
	130.9891	42.85811
	130.99	42.85799
	130.9914	42.8576
	130.9933	42.85656
	130.9944	42.8562
	130.9955	42.85606
	130.9965	42.85611
	130.9972	42.85665
	130.9983	42.85773
	131.0008	42.85945
	131.0019	42.85976
	131.003	42.85983
	131.0038	42.85978
	131.0047	42.85981
	131.0056	42.86012
	131.0079	42.8611
	131.0092	42.86149
	131.0101	42.86168
	131.0108	42.86152
	131.0114	42.86117
	131.0126	42.86089
	131.0139	42.8607
	131.0158	42.85987
	131.0164	42.85936
	131.0176	42.85895
	131.0188	42.85873
	131.0204	42.85878
	131.022	42.85894
	131.0248	42.85972
	131.0276	42.85923
	131.0291	42.85935
	131.0319	42.86033
	131.033	42.86055
	131.0342	42.86033
	131.0354	42.86029
	131.0358	42.86076
	131.036	42.86138
	131.0365	42.86196
	131.0374	42.86231
	131.0379	42.86309
	131.0381	42.86377
	131.0375	42.86514
	131.0369	42.86607
	131.0366	42.86724
	131.0364	42.86821
	131.0366	42.86919
	131.0365	42.87018
	131.0344	42.87227
	131.0337	42.87255
	131.0326	42.87283
	131.0313	42.87347
	131.0308	42.87398
	131.0303	42.87501
	131.0302	42.87686
	131.03	42.87819
	131.0298	42.87902
	131.0297	42.87983
	131.03	42.88059
	131.0304	42.8813
	131.0307	42.88242
	131.0306	42.88337
	131.0301	42.88427
	131.0292	42.88485
	131.0259	42.88567
	131.0248	42.88606
	131.0235	42.8868
	131.0223	42.88777
	131.0219	42.88852
	131.0212	42.89125
	131.0208	42.89179
	131.0202	42.89198
	131.019	42.89208
	131.0183	42.89209
	131.0174	42.8925
	131.0171	42.89296
	131.0171	42.89363
	131.0172	42.8943
	131.0178	42.8956
	131.018	42.89685
	131.0177	42.89776
	131.017	42.89909
	131.0165	42.9006
	131.0165	42.90186
	131.017	42.90316
	131.0168	42.90383
	131.0163	42.9042
	131.0152	42.90538
	131.0148	42.90639
	131.0142	42.90703
	131.0129	42.90769
	131.0121	42.90847
	131.0103	42.91047
	131.01	42.91159
	131.0101	42.91248
	131.0107	42.9132
	131.0112	42.9136
	131.0116	42.91425
	131.0121	42.9148
	131.0143	42.91581
	131.0155	42.91654
	131.0168	42.91721
	131.0197	42.91848
	131.0203	42.91915
	131.0215	42.92021
	131.0226	42.92142
	131.0237	42.92242
	131.0245	42.92332
	131.0264	42.92586
	131.0271	42.92635
	131.0287	42.92658
	131.0299	42.92663
	131.0303	42.92613
	131.0305	42.92563
	131.0313	42.92432
	131.0331	42.92273
	131.034	42.92221
	131.0348	42.92163
	131.0353	42.92104
	131.0357	42.92063
	131.0362	42.9204
	131.0367	42.92035
	131.0371	42.92057
	131.0404	42.92251
	131.0415	42.92308
	131.0423	42.92328
	131.0427	42.92334
	131.043	42.92313
	131.0432	42.9219
	131.0436	42.92097
	131.0443	42.92013
	131.0454	42.91918
	131.0459	42.91894
	131.0469	42.91871
	131.0482	42.91856
	131.0495	42.91823
	131.0506	42.91779
	131.0535	42.91647
	131.0546	42.91583
	131.0557	42.91568
	131.0574	42.91685
	131.0583	42.91754
	131.0585	42.91805
	131.059	42.91996
	131.0593	42.92053
	131.0603	42.92142
	131.0618	42.92226
	131.0638	42.92302
	131.0651	42.92307
	131.0665	42.92283
	131.0724	42.92123
	131.0736	42.92052
	131.0743	42.91993
	131.0751	42.91904
	131.0756	42.91845
	131.0763	42.91798
	131.0786	42.91613
	131.0801	42.91525
	131.0811	42.91486
	131.0826	42.91383
	131.0835	42.91378
	131.0847	42.91385
	131.0851	42.91398
	131.0858	42.91438
	131.0865	42.91473
	131.088	42.91556
	131.0891	42.91586
	131.0907	42.91602
	131.0921	42.9161
	131.0938	42.91599
	131.0952	42.91552
	131.0961	42.91497
	131.0971	42.91474
	131.0984	42.91463
	131.1024	42.91458
	131.1031	42.91421
	131.1037	42.9138
	131.1046	42.91343
	131.1067	42.91268
	131.1075	42.91267
	131.1081	42.91285
	131.1085	42.91333
	131.1087	42.9141
	131.1088	42.91482
	131.1092	42.9165
	131.1099	42.91723
	131.1108	42.91796
	131.1124	42.91882
	131.116	42.92016
	131.1167	42.9209
	131.1172	42.92154
	131.1176	42.92315
	131.1179	42.92377
	131.1184	42.92417
	131.1192	42.92461
	131.1199	42.9251
	131.1203	42.92577
	131.1203	42.92648
	131.1202	42.92694
	131.1202	42.92756
	131.1205	42.92805
	131.121	42.92845
	131.1231	42.92928
	131.1241	42.92976
	131.1246	42.93038
	131.1251	42.93114
	131.1258	42.9314
	131.1263	42.9314
	131.1273	42.93129
	131.1281	42.9311
	131.1289	42.93114
	131.1302	42.93283
	131.1307	42.93332
	131.1319	42.93424
	131.1327	42.93455
	131.1336	42.93445
	131.1341	42.93431
	131.1349	42.9343
	131.1356	42.9342
	131.1363	42.93397
	131.1367	42.93378
	131.1372	42.93378
	131.1375	42.93404
	131.1375	42.93444
	131.1369	42.93517
	131.1362	42.93617
	131.1361	42.93691
	131.1362	42.93752
	131.1366	42.93814
	131.1372	42.93889
	131.1376	42.93956
	131.1379	42.94046
	131.138	42.9414
	131.1398	42.94309
	131.1397	42.9434
	131.1388	42.94368
	131.1374	42.94393
	131.1344	42.94427
	131.1342	42.9445
	131.1342	42.94495
	131.1344	42.94535
	131.1358	42.94682
	131.1362	42.94776
	131.1359	42.94834
	131.1352	42.94885
	131.1349	42.94943
	131.1348	42.95009
	131.1347	42.95088
	131.1349	42.95146
	131.1358	42.95214
	131.1362	42.95259
	131.1359	42.95302
	131.1354	42.95343
	131.1353	42.95388
	131.1356	42.95448
	131.1363	42.95512
	131.1374	42.95569
	131.1382	42.95613
	131.1389	42.95745
	131.1396	42.95861
	131.1397	42.95948
	131.1402	42.96067
	131.1409	42.96171
	131.1435	42.96482
	131.1436	42.96514
	131.1436	42.9653
	131.1434	42.96546
	131.143	42.96554
	131.1412	42.96539
	131.1388	42.96556
	131.1372	42.96538
	131.134	42.96544
	131.1329	42.96536
	131.1317	42.9648
	131.1307	42.96408
	131.1302	42.96383
	131.1297	42.96379
	131.1289	42.96413
	131.1281	42.96439
	131.1267	42.96467
	131.123	42.96364
	131.1223	42.96361
	131.1207	42.9639
	131.1196	42.96454
	131.1188	42.96536
	131.1178	42.96618
	131.1171	42.96655
	131.1149	42.96696
	131.1112	42.96797
	131.1105	42.96831
	131.1101	42.96902
	131.1099	42.97039
	131.1096	42.97098
	131.1089	42.97146
	131.1076	42.97199
	131.1072	42.97243
	131.1081	42.97366
	131.1087	42.97402
	131.1095	42.97428
	131.1101	42.97519
	131.1109	42.97673
	131.1102	42.97984
	131.1096	42.98038
	131.1085	42.9811
	131.1086	42.98157
	131.1091	42.98248
	131.109	42.98365
	131.1084	42.98415
	131.1075	42.98413
	131.1067	42.9838
	131.1058	42.98394
	131.1051	42.98435
	131.105	42.98489
	131.1053	42.98554
	131.1055	42.9865
	131.105	42.98983
	131.1052	42.99072
	131.1056	42.99131
	131.1068	42.99227
	131.1074	42.99268
	131.1087	42.99296
	131.1094	42.99377
	131.1097	42.99458
	131.1091	42.99549
	131.1091	42.996
	131.1099	42.99723
	131.1097	42.99826
	131.1093	42.99939
	131.1092	43.00017
	131.1103	43.00098
	131.1112	43.00146
	131.1114	43.00205
	131.1109	43.00259
	131.1104	43.00335
	131.1105	43.00393
	131.1107	43.00464
	131.1101	43.00522
	131.1086	43.0058
	131.1079	43.00647
	131.1075	43.00737
	131.1068	43.01136
	131.1064	43.01217
	131.1057	43.01263
	131.1052	43.01278
	131.1046	43.01275
	131.1035	43.01249
	131.1023	43.01253
	131.1015	43.01271
	131.101	43.01319
	131.1007	43.01365
	131.1005	43.01409
	131.1006	43.01485
	131.1018	43.01631
	131.1018	43.01687
	131.1013	43.01754
	131.1001	43.01816
	131.0986	43.01827
	131.0969	43.0182
	131.0953	43.01831
	131.0951	43.01847
	131.0951	43.01868
	131.0953	43.01976
	131.0956	43.02112
	131.0961	43.0222
	131.0971	43.02374
	131.0981	43.02463
	131.1006	43.02788
	131.1014	43.02932
	131.1018	43.03037
	131.1018	43.03116
	131.1013	43.03364
	131.1017	43.03448
	131.1028	43.03632
	131.1031	43.03782
	131.1035	43.03845
	131.1041	43.03872
	131.1049	43.03888
	131.1053	43.03946
	131.1052	43.04071
	131.1056	43.04147
	131.1065	43.04183
	131.1083	43.04242
	131.1093	43.043
	131.111	43.04524
	131.1116	43.04708
	131.1121	43.04766
	131.1127	43.04802
	131.1138	43.0483
	131.1149	43.04874
	131.1156	43.04917
	131.1169	43.04911
	131.1176	43.04929
	131.1175	43.04987
	131.1171	43.05058
	131.1171	43.05293
	131.1169	43.05365
	131.1161	43.05425
	131.1155	43.05519
	131.1147	43.05677
	131.1134	43.05826
	131.1129	43.05897
	131.1129	43.05956
	131.1132	43.06003
	131.1136	43.06054
	131.1136	43.06215
	131.1129	43.06385
	131.1128	43.06461
	131.1129	43.06544
	131.1135	43.06633
	131.1146	43.06689
	131.1157	43.06719
	131.1195	43.06803
	131.124	43.06884
	131.1255	43.06903
	131.1268	43.06867
	131.128	43.06792
	131.1285	43.06792
	131.1292	43.06832
	131.1299	43.06839
	131.131	43.06838
	131.1323	43.06849
	131.1335	43.06886
	131.1363	43.07044
	131.1381	43.07058
	131.14	43.07086
	131.1418	43.07135
	131.1433	43.07184
	131.144	43.07202
	131.1447	43.07194
	131.146	43.07185
	131.1478	43.07209
	131.1493	43.07244
	131.1503	43.07242
	131.1519	43.07227
	131.1544	43.07156
	131.1567	43.07058
	131.1576	43.06996
	131.1583	43.06916
	131.1587	43.06811
	131.1592	43.06768
	131.16	43.06755
	131.1614	43.06762
	131.1627	43.06706
	131.1633	43.06689
	131.1636	43.06707
	131.1635	43.06738
	131.1634	43.068
	131.163	43.06885
	131.1628	43.06988
	131.163	43.07091
	131.1637	43.07225
	131.1639	43.07274
	131.1637	43.07387
	131.1638	43.07489
	131.164	43.07538
	131.163	43.07686
	131.1629	43.07775
	131.163	43.0786
	131.1639	43.07921
	131.164	43.07968
	131.1635	43.08012
	131.1632	43.08064
	131.1628	43.08164
	131.162	43.08512
	131.1619	43.08593
	131.162	43.08736
	131.1622	43.08841
	131.1618	43.08899
	131.1608	43.0895
	131.1595	43.09026
	131.1556	43.0936
	131.1551	43.09416
	131.1551	43.09463
	131.1566	43.09701
	131.158	43.09933
	131.1585	43.09983
	131.1591	43.1001
	131.1611	43.10023
	131.1619	43.10068
	131.1622	43.10122
	131.1625	43.10243
	131.1639	43.10484
	131.1649	43.10763
	131.1654	43.10814
	131.1663	43.10845
	131.1675	43.10879
	131.1717	43.11005
	131.1735	43.11095
	131.1746	43.11167
	131.1778	43.11492
	131.1788	43.11541
	131.1817	43.11538
	131.1857	43.11514
	131.187	43.11496
	131.1881	43.11523
	131.1886	43.11572
	131.1897	43.11767
	131.1903	43.11828
	131.1941	43.12021
	131.1949	43.12077
	131.1952	43.12166
	131.1953	43.12231
	131.1953	43.12336
	131.1955	43.12406
	131.1962	43.12473
	131.197	43.12542
	131.1995	43.12724
	131.2005	43.12807
	131.2006	43.12862
	131.2006	43.12961
	131.2009	43.1318
	131.2013	43.13274
	131.2015	43.13377
	131.2019	43.13444
	131.2025	43.13529
	131.2033	43.13619
	131.2035	43.1369
	131.2035	43.13804
	131.2038	43.13873
	131.2046	43.13954
	131.2059	43.14062
	131.2066	43.14111
	131.2071	43.14183
	131.2077	43.14236
	131.2082	43.14272
	131.2094	43.14313
	131.21	43.14342
	131.2104	43.1438
	131.2106	43.14443
	131.2102	43.14545
	131.2101	43.14626
	131.2102	43.14773
	131.2102	43.14841
	131.2097	43.14908
	131.2086	43.15162
	131.208	43.15305
	131.208	43.15402
	131.2079	43.1547
	131.2064	43.15595
	131.2059	43.15705
	131.2042	43.15922
	131.2041	43.16009
	131.2043	43.16096
	131.2029	43.16263
	131.2015	43.16413
	131.2009	43.16495
	131.201	43.16545
	131.2019	43.16605
	131.2046	43.16667
	131.2053	43.16735
	131.2075	43.17023
	131.2077	43.17092
	131.2076	43.17223
	131.2078	43.1741
	131.2082	43.17505
	131.2091	43.17598
	131.21	43.17657
	131.2131	43.17836
	131.2137	43.17925
	131.2137	43.18003
	131.2132	43.18111
	131.2124	43.18297
	131.2119	43.1854
	131.212	43.18601
	131.2124	43.18645
	131.2125	43.18748
	131.2124	43.18829
	131.2119	43.18866
	131.2106	43.18917
	131.2098	43.18972
	131.2091	43.19038
	131.2083	43.19193
	131.2064	43.19342
	131.204	43.19622
	131.2032	43.1964
	131.2019	43.19655
	131.1989	43.19665
	131.1977	43.19697
	131.1968	43.19756
	131.1952	43.19889
	131.1945	43.19936
	131.1942	43.20029
	131.1944	43.20097
	131.1943	43.20181
	131.1941	43.20231
	131.1938	43.20282
	131.1936	43.20356
	131.1935	43.20506
	131.1932	43.20576
	131.193	43.20677
	131.1928	43.20828
	131.1928	43.20933
	131.1938	43.21243
	131.1946	43.2143
	131.1972	43.21853
	131.1975	43.21946
	131.1977	43.22049
	131.1976	43.2214
	131.1965	43.22306
	131.196	43.22407
	131.1959	43.22472
	131.1961	43.22582
	131.1966	43.22749
	131.1982	43.2315
	131.1986	43.23302
	131.1994	43.23432
	131.1999	43.23523
	131.2025	43.23769
	131.2041	43.23888
	131.2074	43.24053
	131.2095	43.24152
	131.2107	43.24193
	131.2114	43.242
	131.2133	43.24175
	131.2143	43.24168
	131.2151	43.24185
	131.2156	43.24229
	131.2159	43.24289
	131.2167	43.24401
	131.2175	43.24495
	131.2185	43.24567
	131.2199	43.24623
	131.2209	43.2463
	131.2219	43.2462
	131.2244	43.24528
	131.2248	43.24526
	131.2251	43.24556
	131.2252	43.2461
	131.2251	43.24716
	131.2252	43.24858
	131.2255	43.24988
	131.2258	43.25173
	131.2263	43.25281
	131.2268	43.25344
	131.2279	43.25399
	131.23	43.25466
	131.2325	43.25511
	131.2338	43.25547
	131.2345	43.25584
	131.2354	43.25719
	131.2364	43.25827
	131.2374	43.25898
	131.2387	43.25993
	131.2409	43.26111
	131.2423	43.26171
	131.2433	43.26198
	131.2444	43.26213
	131.2462	43.26225
	131.2476	43.26222
	131.2479	43.26232
	131.2479	43.26364
	131.248	43.26485
	131.2482	43.26569
	131.2486	43.26657
	131.2487	43.26738
	131.2484	43.2689
	131.2478	43.27031
	131.2477	43.27405
	131.2476	43.27484
	131.2474	43.27551
	131.2471	43.27623
	131.2469	43.27705
	131.2469	43.27783
	131.2472	43.27843
	131.2475	43.27887
	131.249	43.28031
	131.2492	43.28107
	131.2498	43.28604
	131.2502	43.28678
	131.2511	43.28735
	131.2527	43.28799
	131.2551	43.28857
	131.2563	43.28896
	131.2574	43.28942
	131.2583	43.28991
	131.2588	43.29044
	131.2616	43.29396
	131.2621	43.29477
	131.2622	43.29535
	131.2622	43.29606
	131.2618	43.29754
	131.2603	43.30588
	131.2597	43.30708
	131.2592	43.30764
	131.2581	43.30844
	131.2576	43.30905
	131.2575	43.30993
	131.2576	43.31047
	131.2586	43.31125
	131.2601	43.31213
	131.2615	43.31312
	131.2624	43.31403
	131.2637	43.31576
	131.2638	43.31623
	131.263	43.31711
	131.2621	43.31777
	131.2607	43.31839
	131.2601	43.31867
	131.2598	43.3191
	131.2595	43.31997
	131.2596	43.32109
	131.2595	43.32261
	131.2592	43.32416
	131.2589	43.32538
	131.2584	43.32669
	131.258	43.32754
	131.2577	43.32875
	131.2584	43.33179
	131.2585	43.33301
	131.2584	43.33352
	131.2585	43.33447
	131.2587	43.33519
	131.259	43.33562
	131.2608	43.33732
	131.2613	43.33793
	131.2617	43.33902
	131.2639	43.34528
	131.2649	43.35333
	131.266	43.35806
	131.2663	43.35861
	131.2672	43.35926
	131.2682	43.36018
	131.2685	43.3607
	131.2685	43.36129
	131.2681	43.36334
	131.2683	43.36534
	131.2685	43.36592
	131.2723	43.37112
	131.2726	43.37258
	131.2729	43.37538
	131.2732	43.37589
	131.2739	43.37657
	131.2749	43.37719
	131.2775	43.37861
	131.279	43.37924
	131.28	43.37949
	131.2812	43.37963
	131.2829	43.37967
	131.2904	43.37954
	131.2911	43.3797
	131.2919	43.38027
	131.2926	43.38138
	131.2939	43.38443
	131.2965	43.38584
	131.2983	43.38636
	131.2998	43.38674
	131.3035	43.38734
	131.3041	43.38757
	131.3046	43.38803
	131.3046	43.38842
	131.3053	43.38993
	131.3059	43.39104
	131.3065	43.39165
	131.3077	43.39261
	131.3089	43.39329
	131.3105	43.39442
	131.3112	43.39488
	131.3114	43.39542
	131.3112	43.39596
	131.3111	43.39639
	131.3106	43.39713
	131.308	43.39968
	131.3071	43.40031
	131.3064	43.40098
	131.306	43.40152
	131.3058	43.40212
	131.3055	43.40337
	131.3051	43.40576
	131.3053	43.40648
	131.3059	43.40721
	131.3073	43.40825
	131.3078	43.40881
	131.3081	43.40954
	131.3082	43.40991
	131.3082	43.41042
	131.3078	43.41278
	131.3076	43.41337
	131.3071	43.41378
	131.3055	43.41434
	131.304	43.41452
	131.3025	43.41462
	131.3018	43.41487
	131.3002	43.41567
	131.2981	43.41694
	131.2954	43.41922
	131.2947	43.41985
	131.2946	43.42036
	131.2947	43.42232
	131.2946	43.42306
	131.2918	43.42585
	131.2912	43.42658
	131.291	43.4274
	131.2912	43.42885
	131.2916	43.43079
	131.2921	43.43251
	131.2921	43.43288
	131.292	43.43322
	131.2906	43.43492
	131.2881	43.43755
	131.2877	43.43828
	131.2873	43.43947
	131.2873	43.43991
	131.2875	43.44022
	131.288	43.44066
	131.2886	43.4411
	131.2895	43.44158
	131.2903	43.44225
	131.2917	43.44423
	131.292	43.4453
	131.2921	43.44658
	131.2932	43.44874
	131.2942	43.45011
	131.2948	43.45074
	131.2956	43.45138
	131.2966	43.45192
	131.2988	43.45276
	131.3003	43.45317
	131.3015	43.45329
	131.3021	43.4535
	131.3022	43.45393
	131.302	43.45444
	131.3012	43.45662
	131.2982	43.46507
	131.2969	43.46896
	131.2966	43.46939
	131.296	43.46957
	131.2925	43.47015
	131.2902	43.47044
	131.2884	43.4708
	131.2862	43.47149
	131.2852	43.47189
	131.2847	43.47221
	131.2838	43.47353
	131.2809	43.47642
	131.2806	43.47701
	131.2793	43.47908
	131.2783	43.48168
	131.2779	43.48198
	131.2769	43.48214
	131.2736	43.48242
	131.2669	43.48322
	131.2664	43.48332
	131.266	43.48355
	131.2659	43.4841
	131.2658	43.48489
	131.2654	43.48642
	131.2648	43.48769
	131.2634	43.48986
	131.263	43.49069
	131.2623	43.49396
	131.2618	43.494
	131.2609	43.49447
	131.2606	43.4948
	131.2604	43.49523
	131.2602	43.49591
	131.26	43.49642
	131.2591	43.49794
	131.2587	43.49833
	131.2576	43.49877
	131.2572	43.49896
	131.2566	43.49974
	131.2563	43.49993
	131.2558	43.50009
	131.2553	43.5001
	131.2549	43.5
	131.2544	43.49965
	131.254	43.49962
	131.2533	43.49975
	131.2522	43.50006
	131.2509	43.50061
	131.2495	43.50109
	131.2477	43.50198
	131.2464	43.50276
	131.2452	43.50445
	131.2442	43.50672
	131.2431	43.50836
	131.2414	43.5091
	131.2396	43.50924
	131.2379	43.50896
	131.236	43.50856
	131.234	43.50867
	131.2325	43.50907
	131.231	43.50982
	131.2296	43.5112
	131.2285	43.5126
	131.2277	43.51343
	131.2261	43.51435
	131.2248	43.5145
	131.2231	43.5143
	131.2214	43.51398
	131.2202	43.51418
	131.2189	43.51476
	131.2161	43.51674
	131.2132	43.51909
	131.2111	43.52076
	131.2098	43.52101
	131.2075	43.52107
	131.2063	43.52142
	131.2053	43.52217
	131.2048	43.5235
	131.2048	43.52664
	131.2041	43.52719
	131.2032	43.52739
	131.2022	43.52739
	131.2014	43.52704
	131.1996	43.52607
	131.1992	43.52591
	131.1986	43.52582
	131.1979	43.52607
	131.1974	43.52643
	131.1974	43.52693
	131.1978	43.52724
	131.1983	43.52745
	131.1993	43.52767
	131.2003	43.52831
	131.2004	43.52907
	131.1999	43.52961
	131.1987	43.52974
	131.1976	43.52971
	131.1963	43.52908
	131.1944	43.52859
	131.1935	43.5286
	131.1925	43.52885
	131.192	43.52937
	131.1921	43.52999
	131.1929	43.53133
	131.1948	43.53347
	131.1961	43.53632
	131.1967	43.53916
	131.1975	43.54045
	131.1985	43.54167
	131.1987	43.54317
	131.1987	43.54513
	131.1986	43.54829
	131.1982	43.54946
	131.1971	43.55055
	131.1949	43.55234
	131.1912	43.5548
	131.189	43.55603
	131.1872	43.55724
	131.1869	43.55828
	131.1872	43.55902
	131.1882	43.55965
	131.1896	43.5598
	131.1919	43.55971
	131.1946	43.55951
	131.1965	43.55931
	131.1993	43.55893
	131.2003	43.55906
	131.201	43.55931
	131.2015	43.5597
	131.2019	43.56037
	131.2023	43.56166
	131.2025	43.56413
	131.2026	43.56855
	131.2025	43.57177
	131.2018	43.5734
	131.2005	43.57513
	131.1983	43.57682
	131.1958	43.57847
	131.1953	43.57926
	131.1953	43.57987
	131.1958	43.58049
	131.1969	43.58112
	131.1982	43.58138
	131.2001	43.58133
	131.2016	43.58113
	131.2055	43.57995
	131.2076	43.57955
	131.2095	43.57952
	131.211	43.58001
	131.2118	43.5808
	131.2121	43.58156
	131.2121	43.58233
	131.2117	43.58302
	131.2072	43.58726
	131.2071	43.58791
	131.2072	43.58852
	131.2078	43.58957
	131.2092	43.59028
	131.2106	43.59049
	131.2117	43.59054
	131.213	43.59038
	131.2145	43.59
	131.2158	43.5895
	131.2176	43.58853
	131.2199	43.5871
	131.2219	43.58481
	131.2241	43.58222
	131.2251	43.58164
	131.2261	43.58136
	131.2271	43.58132
	131.2277	43.5815
	131.2281	43.58228
	131.2282	43.58325
	131.2277	43.58417
	131.2268	43.58532
	131.2266	43.58606
	131.2268	43.58687
	131.2273	43.58832
	131.2273	43.59
	131.2276	43.59158
	131.2285	43.59455
	131.2295	43.59569
	131.231	43.59684
	131.2325	43.59763
	131.2363	43.59887
	131.2366	43.5993
	131.2368	43.60007
	131.2365	43.60102
	131.2354	43.60177
	131.2338	43.60238
	131.2315	43.60295
	131.2292	43.60314
	131.2274	43.60349
	131.2242	43.60448
	131.2219	43.60513
	131.2193	43.60553
	131.2175	43.60571
	131.2134	43.60684
	131.2102	43.60788
	131.2083	43.60841
	131.2075	43.60888
	131.2072	43.60929
	131.2071	43.60981
	131.209	43.61222
	131.2103	43.61377
	131.2115	43.61575
	131.2123	43.61761
	131.2124	43.61932
	131.2122	43.62051
	131.2106	43.6235
	131.2104	43.62447
	131.2107	43.62528
	131.2121	43.62634
	131.2123	43.627
	131.2123	43.62865
	131.2125	43.62917
	131.2129	43.62951
	131.2139	43.62983
	131.2167	43.63007
	131.2199	43.63162
	131.2213	43.63179
	131.2227	43.63231
	131.2238	43.63297
	131.2248	43.63441
	131.2249	43.63518
	131.2246	43.63584
	131.2238	43.63665
	131.2239	43.63768
	131.2244	43.6392
	131.2246	43.64078
	131.2243	43.64204
	131.2244	43.644
	131.2244	43.64482
	131.2246	43.6456
	131.2249	43.64612
	131.2254	43.64638
	131.2262	43.64696
	131.2274	43.64809
	131.2293	43.64926
	131.2297	43.64994
	131.2292	43.65031
	131.2276	43.65124
	131.2262	43.652
	131.2255	43.65246
	131.2253	43.65323
	131.2255	43.65382
	131.226	43.65425
	131.2263	43.655
	131.2259	43.65585
	131.2256	43.65682
	131.2257	43.65826
	131.2257	43.65899
	131.2253	43.65965
	131.225	43.66004
	131.2248	43.66049
	131.2249	43.66088
	131.2252	43.66119
	131.2258	43.66154
	131.2269	43.66192
	131.2272	43.66198
	131.2275	43.66193
	131.2277	43.66171
	131.2277	43.66143
	131.2276	43.66078
	131.2277	43.66024
	131.228	43.65953
	131.2288	43.65902
	131.2296	43.65913
	131.2303	43.65932
	131.2311	43.65982
	131.2325	43.66006
	131.2331	43.66021
	131.2334	43.66045
	131.2334	43.66356
	131.2328	43.66571
	131.2314	43.66822
	131.2304	43.67034
	131.2284	43.67262
	131.2276	43.6737
	131.2265	43.67458
	131.2242	43.67552
	131.2214	43.67648
	131.2191	43.67743
	131.2149	43.67939
	131.2127	43.68086
	131.2116	43.68209
	131.2115	43.68321
	131.2121	43.68562
	131.2114	43.68731
	131.2099	43.6895
	131.2099	43.69067
	131.2104	43.69188
	131.2106	43.69311
	131.2096	43.69575
	131.2095	43.69722
	131.2103	43.69844
	131.2131	43.70074
	131.2167	43.70356
	131.217	43.70445
	131.2166	43.7054
	131.2146	43.70666
	131.2095	43.70951
	131.2092	43.71037
	131.2097	43.71094
	131.2108	43.71191
	131.2129	43.71224
	131.2177	43.71213
	131.2198	43.7129
	131.2202	43.7141
	131.2203	43.71525
	131.2207	43.71649
	131.2204	43.71692
	131.2197	43.71801
	131.2139	43.72027
	131.2109	43.72216
	131.2095	43.72328
	131.2085	43.72435
	131.2084	43.72532
	131.2084	43.72771
	131.2088	43.72951
	131.2102	43.73184
	131.2128	43.73256
	131.2163	43.73505
	131.218	43.73655
	131.2233	43.7381
	131.2242	43.73904
	131.2241	43.73988
	131.2231	43.74191
	131.2218	43.74372
	131.2213	43.74499
	131.221	43.74634
	131.2206	43.75033
	131.2213	43.7515
	131.2208	43.75334
	131.2195	43.75389
	131.2165	43.75313
	131.216	43.75329
	131.2156	43.7539
	131.2152	43.75472
	131.2158	43.75558
	131.2177	43.75581
	131.2194	43.75628
	131.222	43.75691
	131.2229	43.75809
	131.2231	43.75924
	131.2231	43.76002
	131.2227	43.76056
	131.2218	43.76072
	131.2192	43.7602
	131.2177	43.75965
	131.2148	43.75843
	131.213	43.758
	131.2109	43.75812
	131.2097	43.75841
	131.2091	43.75891
	131.2088	43.75939
	131.2088	43.76009
	131.2094	43.7613
	131.2115	43.76207
	131.2125	43.76245
	131.2141	43.76277
	131.2155	43.76302
	131.2178	43.76373
	131.2185	43.76457
	131.2185	43.76622
	131.2176	43.76734
	131.2162	43.76846
	131.2131	43.76961
	131.2105	43.76994
	131.2092	43.77019
	131.2081	43.77042
	131.2079	43.77171
	131.208	43.77237
	131.2085	43.77335
	131.2098	43.77421
	131.2109	43.7752
	131.2115	43.7753
	131.2135	43.7762
	131.2141	43.77737
	131.2109	43.77826
	131.2099	43.77846
	131.2081	43.77863
	131.2064	43.77909
	131.2049	43.77995
	131.2039	43.78114
	131.2034	43.78349
	131.204	43.78477
	131.206	43.78545
	131.2083	43.78639
	131.2108	43.78701
	131.2118	43.7876
	131.2127	43.7897
	131.2121	43.79149
	131.2107	43.79254
	131.2083	43.79425
	131.207	43.79482
	131.2062	43.79565
	131.2058	43.79643
	131.2058	43.79706
	131.206	43.7984
	131.2066	43.79875
	131.2074	43.79887
	131.2089	43.79917
	131.2106	43.79969
	131.2127	43.80019
	131.2156	43.80178
	131.2166	43.80361
	131.2163	43.80633
	131.2153	43.80918
	131.2151	43.81155
	131.214	43.81335
	131.2141	43.81549
	131.2131	43.81708
	131.2127	43.81837
	131.2128	43.81915
	131.2133	43.8201
	131.2141	43.82078
	131.2138	43.8219
	131.2135	43.82233
	131.2128	43.82244
	131.2111	43.8222
	131.2101	43.82171
	131.2089	43.82139
	131.2072	43.82114
	131.2058	43.82103
	131.205	43.8212
	131.2042	43.82219
	131.2042	43.82313
	131.2046	43.8247
	131.2049	43.8251
	131.2057	43.82564
	131.2073	43.82613
	131.2075	43.82668
	131.2076	43.82779
	131.2087	43.83
	131.2108	43.83519
	131.213	43.83627
	131.2147	43.83773
	131.2168	43.83958
	131.2178	43.84059
	131.2186	43.8419
	131.2188	43.8428
	131.2188	43.84347
	131.2187	43.84397
	131.2202	43.84499
	131.2218	43.84548
	131.2234	43.84604
	131.2247	43.84603
	131.2261	43.84668
	131.2265	43.84736
	131.2264	43.84801
	131.2256	43.84938
	131.2264	43.85025
	131.2271	43.85107
	131.2283	43.85329
	131.2275	43.85563
	131.228	43.85611
	131.2289	43.85687
	131.2305	43.85763
	131.2314	43.85908
	131.2309	43.8605
	131.2294	43.86102
	131.228	43.86181
	131.2278	43.86272
	131.2272	43.86437
	131.228	43.86613
	131.228	43.8677
	131.2281	43.86821
	131.2282	43.86907
	131.228	43.86964
	131.2273	43.87056
	131.227	43.87114
	131.2269	43.87196
	131.2283	43.87295
	131.2292	43.87317
	131.2295	43.87404
	131.2293	43.87477
	131.2285	43.87543
	131.2287	43.8769
	131.2297	43.87802
	131.2313	43.87888
	131.2328	43.87934
	131.2342	43.87984
	131.2349	43.88126
	131.2347	43.882
	131.2336	43.88271
	131.2334	43.88375
	131.2344	43.88427
	131.2361	43.88528
	131.2386	43.8864
	131.2406	43.88775
	131.242	43.88801
	131.243	43.88904
	131.243	43.8898
	131.2429	43.89032
	131.2434	43.89066
	131.2443	43.89113
	131.2456	43.89113
	131.2475	43.89144
	131.2481	43.89176
	131.2487	43.8924
	131.2481	43.893
	131.2467	43.89349
	131.2477	43.89469
	131.2484	43.89557
	131.2492	43.89626
	131.2492	43.89703
	131.2489	43.89814
	131.2484	43.89933
	131.25	43.90015
	131.2513	43.90042
	131.2516	43.90115
	131.2518	43.90173
	131.2513	43.90225
	131.2502	43.90261
	131.2494	43.90259
	131.2492	43.90397
	131.25	43.90544
	131.2516	43.90607
	131.2527	43.9073
	131.2525	43.90878
	131.2506	43.90945
	131.2505	43.91057
	131.2512	43.91134
	131.2527	43.91204
	131.2545	43.91243
	131.2552	43.91277
	131.2559	43.91368
	131.2552	43.91491
	131.2541	43.91529
	131.2534	43.91595
	131.2534	43.91666
	131.2548	43.918
	131.2558	43.91917
	131.2554	43.9201
	131.2544	43.92053
	131.2534	43.92115
	131.2536	43.92202
	131.2541	43.92258
	131.256	43.92326
	131.257	43.9234
	131.2571	43.92414
	131.2571	43.92469
	131.2567	43.92521
	131.2559	43.92531
	131.2554	43.92576
	131.2556	43.92629
	131.256	43.92701
	131.256	43.92785
	131.2563	43.92904
	131.2574	43.92976
	131.2575	43.93048
	131.256	43.93173
	131.256	43.93253
	131.2568	43.93354
	131.2587	43.9352
	131.2607	43.93594
	131.2612	43.93668
	131.261	43.93779
	131.2607	43.93901
	131.259	43.93996
	131.2582	43.94112
	131.2574	43.94345
	131.257	43.94417
	131.2568	43.94541
	131.2564	43.94589
	131.2559	43.94624
	131.2554	43.94652
	131.2547	43.94663
	131.2544	43.94659
	131.2535	43.94585
	131.2529	43.94559
	131.2522	43.94566
	131.2508	43.94611
	131.2506	43.94628
	131.2504	43.9468
	131.2495	43.9478
	131.2485	43.94841
	131.2472	43.9498
	131.2468	43.95014
	131.2464	43.95034
	131.2456	43.95025
	131.2451	43.95017
	131.2445	43.9502
	131.244	43.94994
	131.2429	43.95
	131.2423	43.95023
	131.2422	43.9503
	131.2418	43.95126
	131.2416	43.9514
	131.2408	43.95161
	131.2399	43.95178
	131.2393	43.95215
	131.2391	43.95262
	131.2387	43.95299
	131.2385	43.95377
	131.2386	43.9549
	131.2388	43.95544
	131.2391	43.95574
	131.2396	43.956
	131.2401	43.95659
	131.2403	43.957
	131.2404	43.95773
	131.2409	43.9586
	131.241	43.95899
	131.2409	43.95951
	131.2406	43.96012
	131.2404	43.96064
	131.2395	43.96138
	131.239	43.96196
	131.2381	43.96265
	131.2372	43.96321
	131.2368	43.9633
	131.2363	43.96328
	131.2359	43.96374
	131.2351	43.96405
	131.2348	43.96439
	131.2344	43.965
	131.2343	43.96582
	131.2344	43.96674
	131.2347	43.96747
	131.235	43.96777
	131.2368	43.96903
	131.2378	43.96908
	131.2389	43.96942
	131.2393	43.9696
	131.2396	43.96993
	131.2396	43.97022
	131.2394	43.97065
	131.2397	43.97118
	131.2402	43.97176
	131.2413	43.97261
	131.2419	43.9732
	131.2427	43.97333
	131.2431	43.97433
	131.2429	43.97487
	131.243	43.97578
	131.243	43.97595
	131.2428	43.97657
	131.2392	43.97932
	131.2383	43.97966
	131.2373	43.98056
	131.2378	43.98105
	131.2391	43.9815
	131.2396	43.98198
	131.2395	43.98278
	131.2393	43.98337
	131.2381	43.98374
	131.2377	43.98322
	131.2368	43.98327
	131.2361	43.98398
	131.236	43.9847
	131.2371	43.9857
	131.2396	43.98667
	131.2402	43.9876
	131.2419	43.98846
	131.243	43.98828
	131.2446	43.98699
	131.2462	43.98673
	131.2473	43.98707
	131.2482	43.9881
	131.2486	43.98923
	131.2486	43.98969
	131.2495	43.99041
	131.2501	43.99069
	131.2505	43.99097
	131.2507	43.9915
	131.2506	43.99213
	131.2501	43.9927
	131.2494	43.99327
	131.2485	43.99636
	131.2498	43.99939
	131.2475	44.00633
	131.2473	44.00771
	131.2458	44.00916
	131.2436	44.00947
	131.243	44.01046
	131.244	44.01328
	131.2449	44.01395
	131.2459	44.0145
	131.247	44.01479
	131.2482	44.01452
	131.2498	44.01423
	131.2505	44.01433
	131.2514	44.01524
	131.2522	44.01703
	131.2515	44.01988
	131.2548	44.02377
	131.2558	44.02569
	131.2561	44.027
	131.2555	44.02931
	131.2557	44.03053
	131.2577	44.03198
	131.2612	44.03192
	131.2648	44.03019
	131.2676	44.0297
	131.2702	44.02979
	131.2716	44.03005
	131.272	44.03024
	131.2726	44.03074
	131.2735	44.03113
	131.2739	44.03153
	131.2743	44.03204
	131.2745	44.03253
	131.2746	44.0333
	131.2748	44.03361
	131.2753	44.03391
	131.2764	44.03421
	131.2774	44.03473
	131.2783	44.03462
	131.2787	44.03467
	131.279	44.03491
	131.2793	44.03546
	131.2802	44.03592
	131.2813	44.03628
	131.2826	44.03722
	131.2834	44.03828
	131.2835	44.03849
	131.2832	44.03881
	131.2829	44.03933
	131.2828	44.03966
	131.2828	44.03984
	131.283	44.04022
	131.2832	44.04032
	131.2845	44.04052
	131.2862	44.04071
	131.2874	44.04106
	131.2881	44.04142
	131.2888	44.04205
	131.2892	44.04273
	131.2909	44.04366
	131.2938	44.04466
	131.2951	44.04481
	131.2984	44.04455
	131.3011	44.04431
	131.3032	44.04393
	131.2969	44.06501
	131.2956	44.06948
	131.2418	44.24984
	131.2275	44.2976
	131.1897	44.42262
	131.1787	44.45809
	131.1737	44.47577
	131.1573	44.53201
	131.136	44.60271
	131.1045	44.70753
	131.1006	44.70723
	131.0997	44.70641
	131.0991	44.70575
	131.0987	44.70516
	131.0974	44.70387
	131.0965	44.70342
	131.0955	44.703
	131.0946	44.70291
	131.0942	44.70311
	131.0937	44.70371
	131.093	44.70437
	131.0921	44.7055
	131.0913	44.70637
	131.0904	44.7074
	131.0895	44.70783
	131.0887	44.70814
	131.0882	44.70882
	131.0881	44.70961
	131.0877	44.71097
	131.0874	44.71186
	131.0861	44.71293
	131.0836	44.71436
	131.083	44.71505
	131.0827	44.71589
	131.0826	44.71685
	131.0836	44.72096
	131.0837	44.7221
	131.0828	44.72374
	131.0806	44.72438
	131.0804	44.7251
	131.0805	44.72584
	131.0816	44.7273
	131.0817	44.72779
	131.0816	44.72884
	131.082	44.72921
	131.0824	44.72954
	131.0835	44.73011
	131.0842	44.73067
	131.0843	44.73111
	131.0844	44.73167
	131.0836	44.73472
	131.0838	44.7352
	131.0844	44.73576
	131.0847	44.73627
	131.0844	44.73676
	131.0838	44.73744
	131.0837	44.73808
	131.0841	44.73869
	131.0847	44.73937
	131.0854	44.74117
	131.0855	44.74183
	131.0853	44.74265
	131.085	44.74311
	131.0839	44.74395
	131.0813	44.74534
	131.0781	44.74654
	131.0771	44.74681
	131.0761	44.74697
	131.0741	44.74712
	131.0725	44.74718
	131.0719	44.74734
	131.0712	44.74842
	131.0706	44.749
	131.0698	44.74943
	131.0671	44.75045
	131.0666	44.75089
	131.0665	44.75138
	131.067	44.75283
	131.0669	44.75338
	131.0661	44.754
	131.0655	44.75465
	131.0646	44.75521
	131.0637	44.75568
	131.0622	44.75671
	131.062	44.75735
	131.0618	44.75896
	131.0616	44.76083
	131.0613	44.76335
	131.0614	44.76462
	131.0618	44.76764
	131.062	44.7685
	131.0621	44.76904
	131.0633	44.77082
	131.0633	44.77142
	131.0626	44.77231
	131.0617	44.77277
	131.0606	44.77309
	131.0595	44.77352
	131.0593	44.77386
	131.0594	44.77431
	131.0597	44.77514
	131.0598	44.77583
	131.0598	44.77647
	131.0595	44.77722
	131.059	44.77827
	131.0573	44.77965
	131.0572	44.78016
	131.0572	44.78074
	131.0577	44.78309
	131.0575	44.7836
	131.0572	44.784
	131.0568	44.78426
	131.0564	44.78435
	131.0543	44.78408
	131.049	44.78355
	131.0485	44.78346
	131.0481	44.78325
	131.0472	44.78269
	131.0451	44.7811
	131.0418	44.77831
	131.0409	44.77767
	131.0402	44.7773
	131.0392	44.77706
	131.038	44.7771
	131.0362	44.77777
	131.0333	44.77969
	131.0311	44.78094
	131.0307	44.78105
	131.0291	44.7807
	131.024	44.77927
	131.0227	44.77901
	131.0213	44.77896
	131.0201	44.77906
	131.0188	44.77934
	131.017	44.78012
	131.0155	44.7811
	131.0117	44.78309
	131.0094	44.78459
	131.009	44.78528
	131.0088	44.78636
	131.0089	44.78715
	131.0092	44.78784
	131.0097	44.78853
	131.0102	44.78893
	131.0115	44.78947
	131.0122	44.78998
	131.0126	44.79071
	131.013	44.79126
	131.0138	44.79203
	131.0146	44.79256
	131.0157	44.79379
	131.0162	44.79457
	131.0161	44.7964
	131.0153	44.79736
	131.0137	44.79873
	131.0123	44.79959
	131.0087	44.80146
	131.0078	44.80233
	131.0077	44.80287
	131.0078	44.80367
	131.0082	44.80456
	131.0085	44.80566
	131.0086	44.80652
	131.0087	44.8091
	131.0086	44.80989
	131.0087	44.81072
	131.0084	44.81153
	131.0078	44.812
	131.0071	44.8122
	131.006	44.81218
	131.0052	44.81227
	131.0047	44.81247
	131.0043	44.81281
	131.0038	44.81343
	131.0034	44.81366
	131.0029	44.81376
	131.0018	44.81315
	131.0006	44.81298
	131.0002	44.81296
	130.9997	44.81313
	130.9994	44.81374
	130.9992	44.81448
	130.9992	44.81559
	130.9989	44.81623
	130.9979	44.81699
	130.9965	44.8176
	130.9947	44.81846
	130.9932	44.81942
	130.9923	44.81984
	130.9916	44.81994
	130.9905	44.81997
	130.9897	44.82007
	130.9891	44.82023
	130.9887	44.82042
	130.9882	44.82071
	130.9878	44.82109
	130.9871	44.82211
	130.9868	44.82252
	130.9859	44.82294
	130.9851	44.82313
	130.9845	44.82317
	130.9839	44.82297
	130.9826	44.82218
	130.9815	44.82131
	130.9791	44.82068
	130.9765	44.82057
	130.9724	44.81927
	130.9687	44.81883
	130.9667	44.81858
	130.9657	44.81855
	130.9649	44.81865
	130.964	44.81891
	130.9631	44.81967
	130.9607	44.8213
	130.9591	44.8227
	130.9584	44.82362
	130.9583	44.82438
	130.9583	44.82499
	130.9584	44.82674
	130.9589	44.82748
	130.9599	44.82825
	130.962	44.82919
	130.9626	44.82975
	130.9626	44.83057
	130.9622	44.83336
	130.9622	44.8348
	130.9614	44.83568
	130.96	44.8368
	130.9571	44.83892
	130.9568	44.83987
	130.9569	44.84092
	130.9575	44.84321
	130.9576	44.84459
	130.9569	44.84702
	130.957	44.84786
	130.9605	44.85282
	130.9612	44.85338
	130.9622	44.8539
	130.9629	44.8541
	130.9638	44.85419
	130.9651	44.85406
	130.9678	44.85402
	130.9693	44.8542
	130.9703	44.85453
	130.9711	44.85511
	130.9717	44.85615
	130.9731	44.85865
	130.9738	44.86098
	130.9741	44.86156
	130.9747	44.86195
	130.9763	44.86241
	130.9771	44.86284
	130.978	44.86387
	130.9789	44.86501
	130.9796	44.86532
	130.9824	44.86544
	130.9833	44.86568
	130.9845	44.86609
	130.9866	44.8667
	130.9883	44.86739
	130.99	44.86747
	130.9909	44.86721
	130.9921	44.86635
	130.9933	44.86536
	130.9945	44.86418
	130.9954	44.8635
	130.9961	44.86337
	130.9974	44.86374
	130.9988	44.86442
	131.0019	44.86615
	131.0028	44.86637
	131.0057	44.86637
	131.0097	44.86665
	131.0109	44.86697
	131.0134	44.86749
	131.0148	44.86809
	131.0182	44.86929
	131.0193	44.87
	131.0197	44.87069
	131.0199	44.87328
	131.0197	44.87523
	131.0199	44.87663
	131.0201	44.87698
	131.0208	44.87766
	131.0218	44.87809
	131.023	44.8782
	131.0237	44.87812
	131.0255	44.87758
	131.0263	44.87747
	131.0287	44.87749
	131.0298	44.87745
	131.0302	44.87713
	131.0307	44.8762
	131.0309	44.87504
	131.0314	44.87438
	131.0334	44.87272
	131.0346	44.87063
	131.0355	44.8699
	131.0373	44.86908
	131.0387	44.86891
	131.0412	44.86906
	131.043	44.86935
	131.0446	44.86975
	131.0454	44.87027
	131.0465	44.87184
	131.0475	44.87259
	131.0482	44.8729
	131.0487	44.87292
	131.0497	44.87277
	131.0523	44.8721
	131.0531	44.87197
	131.0536	44.87225
	131.0546	44.87325
	131.0571	44.87518
	131.0583	44.87697
	131.0591	44.87753
	131.0599	44.87777
	131.062	44.87817
	131.0632	44.87818
	131.0652	44.87805
	131.0667	44.87813
	131.0683	44.87844
	131.0706	44.87902
	131.0713	44.87928
	131.0719	44.87988
	131.0721	44.88087
	131.0741	44.88488
	131.0747	44.88647
	131.0752	44.88817
	131.0757	44.88881
	131.0764	44.88909
	131.0785	44.88955
	131.081	44.88968
	131.083	44.89011
	131.0844	44.89005
	131.0854	44.8899
	131.088	44.8894
	131.0889	44.88938
	131.0893	44.88956
	131.0898	44.89005
	131.0904	44.89078
	131.0916	44.89191
	131.0938	44.89361
	131.0944	44.89432
	131.0945	44.89511
	131.0943	44.8967
	131.094	44.89713
	131.0932	44.8978
	131.0925	44.89862
	131.092	44.89976
	131.0917	44.9009
	131.0915	44.90236
	131.0912	44.90294
	131.0899	44.90346
	131.0896	44.90371
	131.0899	44.90668
	131.0892	44.90746
	131.0871	44.91057
	131.086	44.91286
	131.0845	44.91419
	131.0839	44.91442
	131.0822	44.91457
	131.0815	44.91492
	131.0811	44.91547
	131.0808	44.91634
	131.081	44.91698
	131.0815	44.91834
	131.0818	44.92017
	131.0817	44.92163
	131.0818	44.92221
	131.0823	44.92251
	131.0834	44.92286
	131.0852	44.92402
	131.0857	44.92466
	131.0862	44.92563
	131.0868	44.92615
	131.0882	44.92701
	131.0891	44.9273
	131.0905	44.92755
	131.0912	44.92793
	131.0928	44.92902
	131.094	44.92982
	131.0944	44.93053
	131.0946	44.93171
	131.0951	44.9324
	131.0981	44.93409
	131.0998	44.93555
	131.1006	44.93505
	131.1016	44.93432
	131.1032	44.93391
	131.1051	44.93381
	131.1067	44.93392
	131.1081	44.93422
	131.1099	44.93476
	131.1109	44.93493
	131.1125	44.9348
	131.1136	44.93429
	131.1142	44.93382
	131.1148	44.93292
	131.1157	44.93141
	131.1167	44.93079
	131.1182	44.93019
	131.1195	44.93004
	131.1203	44.93015
	131.1214	44.93071
	131.1234	44.93187
	131.1241	44.93286
	131.1246	44.93404
	131.1251	44.93605
	131.126	44.93732
	131.1274	44.93868
	131.1287	44.93967
	131.1309	44.94033
	131.1341	44.94161
	131.1347	44.94176
	131.1361	44.9417
	131.1377	44.94192
	131.1388	44.94225
	131.141	44.94328
	131.1416	44.94377
	131.1423	44.94459
	131.1428	44.94497
	131.144	44.94498
	131.145	44.94483
	131.1473	44.94417
	131.148	44.94406
	131.1494	44.94428
	131.1522	44.94463
	131.1528	44.94445
	131.1534	44.944
	131.1541	44.94321
	131.1549	44.94074
	131.1551	44.94028
	131.1557	44.94009
	131.1579	44.93995
	131.1589	44.93848
	131.1606	44.93635
	131.1613	44.9358
	131.1631	44.93578
	131.1636	44.93556
	131.1639	44.934
	131.1641	44.93341
	131.1648	44.93309
	131.1655	44.93312
	131.1678	44.93387
	131.169	44.93432
	131.17	44.93446
	131.1709	44.93436
	131.1712	44.93419
	131.1714	44.93395
	131.1717	44.93374
	131.1729	44.93337
	131.1733	44.93318
	131.1739	44.93277
	131.1742	44.93264
	131.1741	44.93379
	131.1741	44.93442
	131.1743	44.93486
	131.1747	44.93535
	131.1777	44.93793
	131.1785	44.93852
	131.1789	44.93861
	131.1793	44.93856
	131.1798	44.93829
	131.1802	44.93782
	131.1805	44.93723
	131.181	44.93669
	131.1821	44.93581
	131.1825	44.93479
	131.1826	44.93409
	131.1828	44.93344
	131.1832	44.93315
	131.1839	44.93313
	131.1862	44.93386
	131.1879	44.93402
	131.189	44.93408
	131.1905	44.93355
	131.1918	44.93319
	131.1932	44.93241
	131.1944	44.9316
	131.1952	44.93081
	131.196	44.92996
	131.196	44.92969
	131.1956	44.92916
	131.1952	44.92844
	131.1949	44.92816
	131.1949	44.92795
	131.195	44.92778
	131.1961	44.92734
	131.197	44.92685
	131.1977	44.92628
	131.1978	44.92599
	131.1976	44.92574
	131.1971	44.92532
	131.1968	44.9246
	131.1965	44.92423
	131.1947	44.92291
	131.1946	44.92268
	131.1947	44.92247
	131.1959	44.92176
	131.1969	44.92102
	131.198	44.92003
	131.1984	44.91948
	131.1985	44.91896
	131.1985	44.91848
	131.1984	44.91799
	131.1978	44.91649
	131.1979	44.9163
	131.1982	44.9162
	131.1986	44.91616
	131.2018	44.9163
	131.2037	44.91612
	131.2064	44.91555
	131.2087	44.91491
	131.2099	44.91479
	131.2106	44.91477
	131.2116	44.91488
	131.2142	44.91556
	131.2178	44.91667
	131.2213	44.91791
	131.2222	44.91812
	131.223	44.91812
	131.2258	44.91792
	131.2277	44.91771
	131.2305	44.91715
	131.2333	44.91716
	131.2364	44.91794
	131.2395	44.91879
	131.241	44.91954
	131.2418	44.92038
	131.2422	44.92098
	131.2424	44.92167
	131.2428	44.92355
	131.2431	44.92423
	131.2435	44.92488
	131.244	44.92546
	131.2446	44.92605
	131.2454	44.92659
	131.2461	44.92696
	131.2508	44.92841
	131.2521	44.92843
	131.2527	44.92836
	131.2535	44.92821
	131.2573	44.9253
	131.2586	44.92388
	131.26	44.92294
	131.2615	44.92227
	131.2643	44.92156
	131.2657	44.92134
	131.2681	44.92124
	131.2709	44.92128
	131.2729	44.92165
	131.2758	44.92267
	131.2786	44.92395
	131.28	44.92473
	131.2817	44.9254
	131.2843	44.92604
	131.286	44.92664
	131.2865	44.92696
	131.2868	44.92739
	131.2876	44.9293
	131.2888	44.93119
	131.2909	44.93403
	131.292	44.9352
	131.2929	44.93572
	131.295	44.93613
	131.2956	44.93635
	131.2982	44.93855
	131.2994	44.93942
	131.3005	44.94048
	131.3039	44.94559
	131.3054	44.94762
	131.3068	44.95071
	131.3069	44.95162
	131.3068	44.95237
	131.304	44.95788
	131.3039	44.95862
	131.3039	44.95925
	131.3045	44.9616
	131.3052	44.96346
	131.3056	44.96369
	131.306	44.96385
	131.3069	44.96395
	131.309	44.96374
	131.311	44.96346
	131.3144	44.96272
	131.3148	44.96274
	131.3152	44.96291
	131.3154	44.96331
	131.3156	44.96388
	131.3159	44.96426
	131.3163	44.96468
	131.3177	44.96576
	131.3184	44.96615
	131.3193	44.96663
	131.3203	44.96686
	131.3221	44.96691
	131.3233	44.9671
	131.3243	44.96746
	131.3259	44.96834
	131.3275	44.96931
	131.3292	44.97031
	131.3308	44.97149
	131.3332	44.97413
	131.3354	44.97594
	131.3366	44.97758
	131.3379	44.97878
	131.3384	44.97918
	131.3393	44.97948
	131.3402	44.97969
	131.3414	44.97975
	131.3428	44.97973
	131.3433	44.9798
	131.3437	44.97991
	131.3444	44.98031
	131.3455	44.98075
	131.3458	44.98109
	131.3461	44.98176
	131.3464	44.98201
	131.3466	44.98234
	131.3471	44.98336
	131.3473	44.98493
	131.3473	44.98682
	131.3475	44.98705
	131.3479	44.98732
	131.3483	44.98754
	131.3492	44.9878
	131.3497	44.98781
	131.3501	44.9877
	131.3512	44.98713
	131.3528	44.98602
	131.3541	44.98479
	131.3556	44.98372
	131.3574	44.9832
	131.3588	44.98287
	131.3601	44.98204
	131.3637	44.97894
	131.3649	44.97845
	131.3687	44.97729
	131.3702	44.9766
	131.3718	44.97563
	131.3721	44.97551
	131.3723	44.9755
	131.3725	44.97569
	131.3727	44.97605
	131.3734	44.97678
	131.3741	44.97744
	131.3761	44.97861
	131.3824	44.98154
	131.3847	44.98221
	131.3869	44.98262
	131.3891	44.98294
	131.391	44.98301
	131.3943	44.98295
	131.3956	44.98301
	131.4005	44.98353
	131.401	44.98354
	131.4016	44.98348
	131.4024	44.98325
	131.4034	44.98279
	131.4042	44.9825
	131.4058	44.98211
	131.4071	44.98192
	131.409	44.98177
	131.4119	44.98145
	131.4128	44.98123
	131.4184	44.97887
	131.4202	44.97806
	131.4212	44.97747
	131.4218	44.97701
	131.4221	44.97674
	131.4222	44.97624
	131.4223	44.97523
	131.4229	44.97363
	131.4234	44.97301
	131.4237	44.97269
	131.4243	44.97181
	131.4254	44.96847
	131.4261	44.96662
	131.4266	44.96559
	131.4272	44.9651
	131.4276	44.96495
	131.4284	44.96479
	131.4323	44.96446
	131.4368	44.96394
	131.4387	44.96366
	131.4403	44.96322
	131.4441	44.96236
	131.4481	44.9616
	131.4501	44.96127
	131.4509	44.96123
	131.4518	44.96127
	131.453	44.96144
	131.4536	44.96144
	131.4554	44.9613
	131.4571	44.96126
	131.4578	44.9613
	131.4584	44.96141
	131.459	44.96144
	131.4595	44.96139
	131.4611	44.96108
	131.4623	44.96104
	131.4627	44.9611
	131.4634	44.96137
	131.4653	44.96281
	131.467	44.96381
	131.4674	44.96395
	131.4677	44.964
	131.4682	44.96398
	131.4712	44.96363
	131.4751	44.96367
	131.4765	44.96391
	131.4773	44.96425
	131.4795	44.96559
	131.4803	44.96584
	131.4808	44.96589
	131.4828	44.96576
	131.4839	44.96549
	131.4844	44.96548
	131.485	44.9656
	131.4863	44.96627
	131.4879	44.96722
	131.4898	44.96867
	131.4906	44.96969
	131.4923	44.97239
	131.4924	44.97355
	131.4926	44.97399
	131.4934	44.97557
	131.4934	44.97584
	131.4935	44.97616
	131.4926	44.97811
	131.4917	44.97879
	131.4906	44.97944
	131.49	44.97997
	131.4893	44.98044
	131.4887	44.98066
	131.487	44.98089
	131.4844	44.98103
	131.4836	44.98102
	131.4828	44.9811
	131.4823	44.98122
	131.4819	44.98146
	131.4817	44.9817
	131.4811	44.98289
	131.4808	44.98321
	131.4804	44.98356
	131.48	44.9838
	131.4791	44.98413
	131.4788	44.98442
	131.4786	44.98498
	131.4784	44.98651
	131.4782	44.98716
	131.4776	44.98821
	131.4769	44.98895
	131.4765	44.98927
	131.4761	44.98966
	131.4756	44.99062
	131.4754	44.99104
	131.4754	44.99149
	131.4755	44.99263
	131.4757	44.99309
	131.4762	44.9935
	131.4765	44.99372
	131.4769	44.99389
	131.4785	44.99416
	131.4805	44.99473
	131.4811	44.99498
	131.4816	44.99528
	131.4826	44.99608
	131.4833	44.99643
	131.4838	44.99658
	131.4844	44.99664
	131.4857	44.99661
	131.487	44.99665
	131.4876	44.99685
	131.488	44.99724
	131.4881	44.99778
	131.4881	44.99818
	131.4875	44.99958
	131.4874	45.00007
	131.4876	45.00046
	131.4879	45.00074
	131.4885	45.00108
	131.4896	45.00148
	131.4907	45.00168
	131.4936	45.00184
	131.4942	45.00193
	131.4948	45.00212
	131.4992	45.00391
	131.5004	45.00415
	131.502	45.00425
	131.5027	45.00446
	131.5032	45.00489
	131.5037	45.00556
	131.5047	45.00727
	131.5052	45.00784
	131.5054	45.00798
	131.5057	45.00808
	131.5062	45.00818
	131.5068	45.00822
	131.5085	45.00821
	131.5089	45.00831
	131.5096	45.00854
	131.5103	45.00893
	131.5107	45.0092
	131.5116	45.01102
	131.512	45.0115
	131.5128	45.01213
	131.5132	45.01239
	131.5135	45.01242
	131.5138	45.01235
	131.5151	45.01166
	131.5167	45.01087
	131.5181	45.01033
	131.5197	45.00987
	131.5211	45.0098
	131.5216	45.00993
	131.522	45.01007
	131.5229	45.01123
	131.5239	45.01304
	131.5246	45.01392
	131.5254	45.01463
	131.5271	45.01577
	131.5308	45.01796
	131.532	45.01839
	131.5332	45.01874
	131.5356	45.01928
	131.5363	45.01957
	131.5367	45.01991
	131.537	45.02039
	131.5372	45.02089
	131.5377	45.02179
	131.538	45.02336
	131.5382	45.02352
	131.5385	45.02363
	131.5389	45.02369
	131.541	45.02389
	131.5415	45.02398
	131.542	45.02417
	131.5429	45.02488
	131.5455	45.0272
	131.5467	45.02803
	131.5472	45.02822
	131.5478	45.02828
	131.5501	45.02819
	131.5504	45.02819
	131.5507	45.02826
	131.5508	45.02844
	131.5504	45.02923
	131.5502	45.02987
	131.5497	45.03177
	131.5497	45.03215
	131.5499	45.03234
	131.5501	45.03247
	131.5504	45.03253
	131.5534	45.03271
	131.5551	45.03308
	131.5565	45.03316
	131.5567	45.03329
	131.5568	45.03346
	131.5566	45.03457
	131.5567	45.03496
	131.5572	45.0362
	131.5575	45.03782
	131.5575	45.03997
	131.5574	45.04103
	131.5574	45.04203
	131.5577	45.04286
	131.5582	45.04325
	131.5588	45.04355
	131.5594	45.04368
	131.5609	45.04386
	131.5621	45.04381
	131.5639	45.04348
	131.5661	45.04291
	131.5678	45.04266
	131.5681	45.04271
	131.5683	45.04288
	131.5686	45.04333
	131.5703	45.04467
	131.5732	45.04666
	131.5759	45.04875
	131.5768	45.04966
	131.5777	45.05053
	131.5792	45.05139
	131.5804	45.05179
	131.5812	45.05191
	131.5818	45.05207
	131.5849	45.05346
	131.5899	45.05507
	131.5921	45.05602
	131.5946	45.05669
	131.5959	45.057
	131.5967	45.05711
	131.5973	45.05733
	131.5997	45.05912
	131.6045	45.06235
	131.6058	45.06347
	131.6066	45.06442
	131.6076	45.06577
	131.608	45.066
	131.6085	45.0661
	131.6103	45.06617
	131.6116	45.06612
	131.6125	45.06617
	131.6133	45.06633
	131.615	45.06679
	131.6156	45.06715
	131.6165	45.06863
	131.6171	45.06926
	131.6182	45.07019
	131.6198	45.07115
	131.6214	45.07189
	131.6228	45.07226
	131.6244	45.07242
	131.6247	45.07253
	131.6249	45.07275
	131.6257	45.07393
	131.6259	45.07456
	131.626	45.07497
	131.6259	45.07536
	131.6258	45.07584
	131.6255	45.07626
	131.6251	45.07733
	131.6249	45.07817
	131.625	45.0793
	131.626	45.08174
	131.6275	45.08431
	131.6283	45.08518
	131.6287	45.08537
	131.6298	45.08556
	131.6311	45.08559
	131.6317	45.08567
	131.6346	45.08663
	131.6359	45.0872
	131.6437	45.09093
	131.6445	45.09122
	131.6454	45.09145
	131.6484	45.09194
	131.6502	45.09289
	131.6552	45.09625
	131.657	45.09843
	131.6576	45.09954
	131.6582	45.10055
	131.659	45.10144
	131.6613	45.10302
	131.6636	45.10392
	131.6647	45.10443
	131.6654	45.10497
	131.667	45.10681
	131.669	45.10915
	131.67	45.11005
	131.6707	45.1105
	131.6752	45.11223
	131.6771	45.11312
	131.6781	45.1138
	131.6786	45.11453
	131.68	45.11603
	131.6815	45.11805
	131.6849	45.12273
	131.6856	45.12382
	131.6858	45.12453
	131.6858	45.12567
	131.6854	45.12725
	131.685	45.12821
	131.6842	45.12946
	131.6819	45.13251
	131.6808	45.13413
	131.6802	45.13479
	131.68	45.13541
	131.6801	45.13744
	131.6801	45.13815
	131.6799	45.13869
	131.6793	45.13936
	131.679	45.14009
	131.679	45.14061
	131.6793	45.1412
	131.6799	45.14189
	131.6802	45.14254
	131.6802	45.14292
	131.6798	45.144
	131.6798	45.14463
	131.6802	45.14585
	131.6803	45.14669
	131.6803	45.14748
	131.6802	45.14904
	131.6781	45.14856
	131.6774	45.14851
	131.6767	45.14834
	131.6748	45.14794
	131.6741	45.14788
	131.6726	45.14794
	131.6696	45.14786
	131.669	45.14778
	131.6682	45.14756
	131.6678	45.14751
	131.6673	45.14761
	131.6664	45.14783
	131.6621	45.14917
	131.6594	45.14979
	131.6556	45.15077
	131.654	45.15102
	131.6497	45.15211
	131.6489	45.15245
	131.6481	45.15322
	131.6477	45.15412
	131.6472	45.15475
	131.647	45.15515
	131.647	45.15637
	131.6473	45.15724
	131.6483	45.15889
	131.6487	45.15984
	131.6489	45.16244
	131.6491	45.16345
	131.6499	45.16512
	131.6508	45.16801
	131.6511	45.16907
	131.6511	45.17017
	131.651	45.17131
	131.6507	45.17198
	131.6507	45.17249
	131.651	45.17268
	131.6512	45.17274
	131.6523	45.17285
	131.653	45.17305
	131.6536	45.17341
	131.6546	45.17422
	131.6584	45.17661
	131.6603	45.17765
	131.6611	45.17793
	131.6609	45.17806
	131.6598	45.17903
	131.6591	45.18002
	131.6585	45.18115
	131.6583	45.18158
	131.6582	45.18226
	131.6587	45.18418
	131.6591	45.18549
	131.6592	45.18715
	131.6594	45.18785
	131.6654	45.20112
	131.6736	45.21894
	131.6738	45.21932
	131.674	45.21957
	131.6744	45.21973
	131.675	45.21988
	131.7197	45.22771
	131.7221	45.22804
	131.7231	45.22804
	131.724	45.22795
	131.7247	45.2278
	131.7257	45.22753
	131.7303	45.22486
	131.7406	45.21901
	131.7459	45.21593
	131.7474	45.21524
	131.7479	45.21513
	131.7502	45.21497
	131.7523	45.21456
	131.7546	45.21418
	131.7574	45.21381
	131.7609	45.21369
	131.7648	45.21335
	131.772	45.21232
	131.7775	45.21146
	131.7854	45.20998
	131.7857	45.21
	131.7858	45.21019
	131.7858	45.21047
	131.784	45.21417
	131.7799	45.22061
	131.7771	45.22566
	131.7765	45.2275
	131.7763	45.22943
	131.7764	45.2314
	131.7777	45.23929
	131.7783	45.24201
	131.7788	45.24347
	131.7795	45.24452
	131.7802	45.24527
	131.7829	45.24738
	131.7862	45.24985
	131.7874	45.25092
	131.7888	45.25241
	131.7897	45.25399
	131.7902	45.25543
	131.7907	45.25828
	131.7909	45.25914
	131.7914	45.25979
	131.7919	45.26031
	131.7933	45.26165
	131.7961	45.26428
	131.7972	45.26576
	131.7983	45.26831
	131.8013	45.27262
	131.8019	45.27436
	131.803	45.27654
	131.8159	45.29012
	131.8188	45.29349
	131.8212	45.2966
	131.8222	45.29849
	131.8227	45.29987
	131.823	45.30149
	131.8233	45.3041
	131.8239	45.30788
	131.8242	45.30884
	131.8256	45.30994
	131.8272	45.3111
	131.8305	45.31321
	131.834	45.3154
	131.8382	45.31736
	131.844	45.31914
	131.8475	45.32031
	131.8498	45.32098
	131.8511	45.32173
	131.8525	45.32276
	131.8536	45.3238
	131.8552	45.32566
	131.857	45.32809
	131.8587	45.33047
	131.8595	45.3314
	131.8637	45.33454
	131.8663	45.33549
	131.8714	45.33787
	131.8746	45.34112
	131.8756	45.3415
	131.8768	45.34159
	131.8797	45.34141
	131.8821	45.34117
	131.8839	45.34069
	131.8877	45.33905
	131.8911	45.33765
	131.8921	45.33734
	131.8928	45.33722
	131.8933	45.33722
	131.894	45.33745
	131.8952	45.33815
	131.8966	45.33885
	131.8981	45.33932
	131.899	45.33929
	131.9003	45.33909
	131.9031	45.33848
	131.905	45.33825
	131.9069	45.33817
	131.9097	45.33824
	131.9104	45.33808
	131.9113	45.33754
	131.9122	45.33691
	131.9126	45.33632
	131.9126	45.33554
	131.9123	45.33466
	131.9117	45.33387
	131.9117	45.33339
	131.9122	45.33206
	131.9125	45.3315
	131.9128	45.33112
	131.913	45.33096
	131.9139	45.33045
	131.914	45.33032
	131.9143	45.32907
	131.9149	45.32839
	131.915	45.32802
	131.9149	45.32767
	131.9145	45.32701
	131.9144	45.32596
	131.9145	45.32557
	131.9147	45.32518
	131.9151	45.32482
	131.9153	45.32472
	131.916	45.32487
	131.9163	45.32479
	131.9164	45.32463
	131.9165	45.32431
	131.9165	45.32395
	131.9171	45.32295
	131.9171	45.32243
	131.9159	45.3213
	131.9157	45.32097
	131.9158	45.32
	131.9159	45.31973
	131.9162	45.31954
	131.9171	45.31923
	131.9172	45.31909
	131.9171	45.31894
	131.9169	45.31872
	131.9167	45.31842
	131.9167	45.31742
	131.9168	45.3171
	131.917	45.31685
	131.9172	45.31589
	131.9173	45.31563
	131.9176	45.31546
	131.9183	45.31522
	131.9186	45.31498
	131.9188	45.31469
	131.919	45.31399
	131.919	45.31323
	131.9191	45.31276
	131.919	45.31184
	131.919	45.31159
	131.9195	45.31035
	131.9201	45.30931
	131.9201	45.30891
	131.92	45.30851
	131.9196	45.30801
	131.9194	45.30761
	131.9193	45.30734
	131.9195	45.30686
	131.9197	45.30667
	131.9203	45.30632
	131.9206	45.30598
	131.9208	45.30573
	131.9207	45.30509
	131.9208	45.30462
	131.9216	45.3033
	131.922	45.30229
	131.922	45.30203
	131.9217	45.30069
	131.9216	45.30009
	131.9218	45.29974
	131.9216	45.29851
	131.9218	45.29792
	131.9218	45.29758
	131.9216	45.29717
	131.9216	45.29627
	131.9228	45.29445
	131.9229	45.29384
	131.9229	45.29353
	131.9231	45.29328
	131.9232	45.29222
	131.9233	45.29203
	131.9235	45.29185
	131.9251	45.29117
	131.9256	45.29091
	131.9257	45.29071
	131.9257	45.28971
	131.9255	45.28912
	131.9254	45.28858
	131.9253	45.28832
	131.925	45.28821
	131.9242	45.28809
	131.9238	45.28793
	131.9237	45.28771
	131.9237	45.28712
	131.9243	45.28632
	131.9243	45.28585
	131.9241	45.28568
	131.9236	45.28521
	131.9236	45.28502
	131.9238	45.28491
	131.9246	45.28497
	131.9249	45.28492
	131.926	45.28429
	131.9261	45.28409
	131.9261	45.28309
	131.9262	45.28291
	131.9267	45.28254
	131.9275	45.2823
	131.9279	45.28206
	131.9279	45.2817
	131.9275	45.28142
	131.9271	45.28099
	131.9273	45.28033
	131.9277	45.28006
	131.928	45.2799
	131.9283	45.27979
	131.9292	45.27974
	131.9304	45.27933
	131.9307	45.2793
	131.9314	45.27935
	131.9327	45.27895
	131.9331	45.27878
	131.9333	45.27863
	131.9335	45.27831
	131.9341	45.27777
	131.9344	45.27766
	131.9347	45.27764
	131.935	45.27777
	131.9356	45.27792
	131.9365	45.27811
	131.9377	45.278
	131.9404	45.27811
	131.9409	45.27802
	131.9416	45.27809
	131.9419	45.27802
	131.9425	45.27772
	131.943	45.27758
	131.9435	45.27751
	131.9439	45.27755
	131.945	45.27724
	131.9458	45.27711
	131.9462	45.27719
	131.9468	45.27756
	131.9471	45.27766
	131.9473	45.27755
	131.9474	45.27734
	131.9476	45.27721
	131.948	45.27713
	131.9482	45.27717
	131.9487	45.27749
	131.949	45.27755
	131.9494	45.27751
	131.9498	45.27732
	131.9502	45.2773
	131.9503	45.27744
	131.9506	45.27795
	131.9508	45.27805
	131.9511	45.27806
	131.9517	45.2778
	131.952	45.27781
	131.9523	45.27828
	131.9525	45.27838
	131.9532	45.27821
	131.9544	45.27811
	131.9552	45.27783
	131.9558	45.27793
	131.956	45.27792
	131.9564	45.27776
	131.9567	45.27752
	131.9571	45.27702
	131.9573	45.27648
	131.9575	45.27622
	131.958	45.27587
	131.9583	45.27547
	131.9587	45.27533
	131.9589	45.27533
	131.959	45.27539
	131.9592	45.27586
	131.9593	45.27593
	131.9599	45.27602
	131.9603	45.27613
	131.9606	45.27631
	131.9608	45.27631
	131.961	45.27624
	131.9612	45.27604
	131.9614	45.27593
	131.9617	45.27589
	131.962	45.27593
	131.9622	45.27604
	131.9626	45.27658
	131.9629	45.27663
	131.9631	45.27649
	131.9632	45.27628
	131.9632	45.27572
	131.9634	45.27559
	131.9638	45.27548
	131.9639	45.2755
	131.9641	45.27566
	131.9642	45.27566
	131.9649	45.27521
	131.9656	45.27491
	131.9659	45.27488
	131.966	45.27496
	131.9661	45.27528
	131.9661	45.27535
	131.9663	45.27537
	131.9667	45.27529
	131.9671	45.2751
	131.9673	45.27508
	131.9677	45.27533
	131.9678	45.27537
	131.968	45.27536
	131.9683	45.27518
	131.9684	45.27489
	131.9687	45.27446
	131.9688	45.27425
	131.969	45.27418
	131.9693	45.27414
	131.9695	45.2742
	131.9698	45.27444
	131.97	45.27447
	131.9702	45.27443
	131.9706	45.27418
	131.9712	45.27403
	131.9724	45.27389
	131.9725	45.2737
	131.9724	45.27349
	131.9718	45.27315
	131.9717	45.27295
	131.9719	45.27258
	131.9726	45.27227
	131.9731	45.27179
	131.9738	45.27155
	131.9742	45.27045
	131.9744	45.2702
	131.9748	45.27005
	131.9752	45.26996
	131.976	45.27004
	131.9764	45.27019
	131.9765	45.27032
	131.9766	45.27073
	131.9767	45.27081
	131.9769	45.27083
	131.9771	45.2708
	131.9777	45.27052
	131.9777	45.27027
	131.9772	45.27002
	131.9771	45.26989
	131.9771	45.26976
	131.9772	45.26967
	131.9774	45.26962
	131.9779	45.26964
	131.9783	45.26959
	131.9789	45.2694
	131.9794	45.26936
	131.9799	45.26956
	131.9802	45.26994
	131.9803	45.27
	131.981	45.27019
	131.9816	45.27026
	131.9818	45.26999
	131.9827	45.26917
	131.9823	45.26874
	131.9825	45.26851
	131.9828	45.26839
	131.9829	45.26804
	131.9826	45.26773
	131.9828	45.26745
	131.9832	45.2676
	131.9834	45.26756
	131.9835	45.26728
	131.9831	45.26693
	131.9833	45.26658
	131.9838	45.26662
	131.9839	45.26681
	131.9844	45.26683
	131.9845	45.26725
	131.9848	45.26741
	131.9852	45.26712
	131.9858	45.267
	131.986	45.2668
	131.986	45.26616
	131.9856	45.26585
	131.9845	45.26576
	131.9847	45.26547
	131.9851	45.26508
	131.9861	45.26457
	131.9863	45.26435
	131.9859	45.26408
	131.9857	45.26383
	131.986	45.26343
	131.9863	45.26333
	131.9867	45.26327
	131.9871	45.26333
	131.9874	45.2634
	131.9877	45.26332
	131.9879	45.26318
	131.9879	45.26303
	131.9878	45.26283
	131.9876	45.26266
	131.9872	45.26252
	131.9871	45.2622
	131.9874	45.26182
	131.9874	45.26149
	131.9877	45.26117
	131.9883	45.26103
	131.9889	45.26052
	131.9891	45.26024
	131.989	45.25994
	131.9885	45.25975
	131.9882	45.25929
	131.9882	45.25882
	131.988	45.25807
	131.9877	45.25776
	131.9878	45.25743
	131.9881	45.25704
	131.9883	45.25671
	131.988	45.25628
	131.9876	45.25538
	131.988	45.25501
	131.9887	45.25487
	131.9908	45.25548
	131.9933	45.2545
	131.9956	45.25434
	131.9962	45.25378
	131.9965	45.25247
	131.9972	45.25177
	131.9977	45.25164
	131.9982	45.2517
	131.9992	45.25211
	131.9997	45.25224
	132.0016	45.2519
	132.0031	45.25207
	132.004	45.25204
	132.8443	45.06203
	132.8456	45.06168
	132.8528	45.05933
	132.8543	45.05827
	132.8563	45.05771
	132.8579	45.05771
	132.8593	45.05781
	132.86	45.05801
	132.8601	45.05835
	132.8591	45.05934
	132.8582	45.05957
	132.8578	45.06
	132.858	45.06052
	132.86	45.06061
	132.8624	45.06128
	132.8632	45.06119
	132.8638	45.06083
	132.8638	45.05921
	132.8643	45.05747
	132.8651	45.05652
	132.8672	45.05506
	132.8688	45.05452
	132.8695	45.05348
	132.8691	45.05305
	132.8673	45.05321
	132.8672	45.05294
	132.8679	45.05228
	132.8697	45.0517
	132.8726	45.05149
	132.8741	45.05127
	132.8745	45.0508
	132.8738	45.04998
	132.8739	45.04958
	132.8749	45.04944
	132.88	45.0494
	132.8809	45.04908
	132.8814	45.04847
	132.8807	45.04768
	132.8795	45.04746
	132.8778	45.04825
	132.8764	45.04836
	132.8745	45.04816
	132.8739	45.04784
	132.8737	45.04728
	132.874	45.04626
	132.8749	45.04586
	132.8768	45.04631
	132.8812	45.04561
	132.8862	45.0445
	132.8869	45.04396
	132.8862	45.04344
	132.883	45.04186
	132.8829	45.04125
	132.8838	45.04055
	132.8851	45.04031
	132.8905	45.04006
	132.8927	45.03981
	132.8937	45.03945
	132.8939	45.03895
	132.8937	45.03859
	132.8923	45.03823
	132.8919	45.03782
	132.8922	45.03715
	132.8928	45.03701
	132.8944	45.03724
	132.8947	45.03767
	132.8953	45.03834
	132.8965	45.03886
	132.898	45.03886
	132.8994	45.03823
	132.9004	45.03794
	132.9005	45.03735
	132.8998	45.0362
	132.8997	45.03541
	132.9004	45.03473
	132.9013	45.03473
	132.9023	45.03519
	132.9036	45.03649
	132.9054	45.03755
	132.9064	45.0378
	132.907	45.03751
	132.9081	45.03579
	132.9062	45.03426
	132.9047	45.03444
	132.904	45.03428
	132.9043	45.03349
	132.9052	45.033
	132.9067	45.03275
	132.9076	45.03291
	132.9084	45.03347
	132.9088	45.03525
	132.9099	45.03588
	132.9108	45.03586
	132.9115	45.03532
	132.9118	45.03446
	132.9113	45.03381
	132.9089	45.033
	132.9073	45.03216
	132.908	45.03094
	132.9093	45.03099
	132.9103	45.03137
	132.9108	45.03122
	132.9106	45.03058
	132.9086	45.03006
	132.909	45.02964
	132.9099	45.02957
	132.9111	45.02986
	132.9127	45.02986
	132.9145	45.03031
	132.9184	45.032
	132.9197	45.03273
	132.921	45.033
	132.9212	45.03255
	132.9205	45.03163
	132.9205	45.03084
	132.9215	45.03049
	132.9264	45.02967
	132.9277	45.02984
	132.9292	45.03012
	132.9312	45.03021
	132.932	45.03045
	132.9325	45.03068
	132.9328	45.03043
	132.9328	45.02994
	132.9324	45.02901
	132.9326	45.02862
	132.9332	45.02854
	132.9358	45.02928
	132.9368	45.03035
	132.9374	45.03086
	132.9379	45.03058
	132.9382	45.02957
	132.9386	45.02866
	132.9385	45.02803
	132.9381	45.02755
	132.9355	45.0272
	132.9342	45.02739
	132.9337	45.02774
	132.9331	45.0277
	132.933	45.02698
	132.9348	45.0247
	132.9353	45.02441
	132.9359	45.02451
	132.9372	45.02507
	132.9386	45.02525
	132.9399	45.02511
	132.9418	45.02437
	132.9433	45.0235
	132.9444	45.02313
	132.9453	45.02313
	132.9455	45.02289
	132.9451	45.0225
	132.9438	45.02167
	132.9429	45.02083
	132.9392	45.02085
	132.9384	45.02134
	132.9384	45.02227
	132.938	45.02278
	132.9377	45.02185
	132.938	45.02031
	132.9389	45.01937
	132.9422	45.01897
	132.9441	45.01815
	132.9472	45.01621
	132.9501	45.01511
	132.9522	45.01515
	132.9544	45.01641
	132.9546	45.01917
	132.9522	45.01966
	132.9497	45.01953
	132.949	45.02067
	132.9482	45.01982
	132.9474	45.02051
	132.948	45.0216
	132.9504	45.02307
	132.9516	45.024
	132.9531	45.02489
	132.9543	45.02643
	132.9554	45.02668
	132.9573	45.0266
	132.9599	45.02757
	132.9611	45.02907
	132.9619	45.02931
	132.9625	45.02907
	132.963	45.02229
	132.9636	45.02148
	132.9657	45.02022
	132.9666	45.02002
	132.9675	45.02051
	132.9692	45.02258
	132.9701	45.02408
	132.9709	45.02436
	132.9714	45.02376
	132.9712	45.02067
	132.9716	45.02018
	132.9728	45.02067
	132.974	45.02201
	132.9741	45.02351
	132.9728	45.02603
	132.9718	45.02664
	132.9695	45.02692
	132.9684	45.02818
	132.9698	45.03017
	132.9711	45.03057
	132.9728	45.03045
	132.9766	45.0296
	132.9795	45.02891
	132.9805	45.02907
	132.9806	45.0313
	132.982	45.03216
	132.9835	45.0324
	132.9837	45.03313
	132.9814	45.03406
	132.9802	45.03382
	132.9787	45.03248
	132.9776	45.03122
	132.9763	45.03118
	132.9742	45.03199
	132.9729	45.03321
	132.973	45.03415
	132.975	45.03512
	132.9761	45.03593
	132.9785	45.03638
	132.9806	45.0363
	132.9839	45.035
	132.9846	45.03528
	132.9844	45.0363
	132.9828	45.0395
	132.982	45.03995
	132.9813	45.04019
	132.9815	45.04072
	132.9826	45.04112
	132.9853	45.04084
	132.9878	45.04092
	132.9899	45.04177
	132.9901	45.0406
	132.9928	45.03918
	132.9961	45.03987
	132.999	45.04153
	132.9997	45.04461
	133.0007	45.04482
	133.0011	45.04413
	133.0008	45.04108
	133.0003	45.04007
	133.002	45.03987
	133.0046	45.04035
	133.0065	45.04157
	133.0065	45.04242
	133.0039	45.04457
	133.0035	45.04542
	133.0056	45.04644
	133.0091	45.04619
	133.014	45.04655
	133.0159	45.04769
	133.0158	45.04989
	133.0196	45.05173
	133.0226	45.04957
	133.0233	45.05024
	133.0223	45.05126
	133.0228	45.05252
	133.0246	45.05303
	133.0266	45.05436
	133.0299	45.05169
	133.0329	45.0553
	133.0375	45.05641
	133.0377	45.05691
	133.0368	45.05757
	133.0353	45.05829
	133.0313	45.05809
	133.0313	45.05896
	133.0322	45.06025
	133.0349	45.0612
	133.0366	45.06123
	133.0374	45.06133
	133.0383	45.06182
	133.0392	45.06288
	133.0389	45.06344
	133.0384	45.06374
	133.0381	45.06417
	133.038	45.06554
	133.0389	45.06755
	133.0386	45.06789
	133.0376	45.06806
	133.0367	45.06804
	133.0352	45.06744
	133.0335	45.06661
	133.0322	45.06689
	133.0324	45.06807
	133.0341	45.06999
	133.036	45.07095
	133.037	45.071
	133.0375	45.0706
	133.0374	45.07001
	133.0376	45.06945
	133.0384	45.06906
	133.0392	45.06915
	133.0402	45.07003
	133.0409	45.07116
	133.0416	45.07267
	133.0423	45.07335
	133.044	45.07402
	133.046	45.07528
	133.0466	45.07572
	133.0466	45.07619
	133.0464	45.07655
	133.0455	45.0767
	133.0439	45.07656
	133.0419	45.07623
	133.0404	45.07628
	133.0397	45.07672
	133.0399	45.07722
	133.0413	45.07822
	133.0435	45.07916
	133.0452	45.07968
	133.0461	45.07966
	133.0473	45.0791
	133.0485	45.07847
	133.0496	45.0777
	133.0505	45.07736
	133.0514	45.07732
	133.0519	45.07767
	133.0519	45.07877
	133.0515	45.07952
	133.0511	45.0801
	133.0516	45.0807
	133.0524	45.08109
	133.0532	45.08114
	133.0539	45.0807
	133.055	45.07991
	133.0558	45.07978
	133.0565	45.08043
	133.0566	45.08106
	133.0555	45.08189
	133.0541	45.082
	133.0526	45.08189
	133.052	45.0822
	133.0521	45.08298
	133.0527	45.0836
	133.0535	45.08383
	133.0549	45.08373
	133.0566	45.08386
	133.0609	45.08375
	133.0621	45.08348
	133.0627	45.08358
	133.063	45.08447
	133.0623	45.08543
	133.0616	45.08567
	133.0604	45.08555
	133.0589	45.08575
	133.0571	45.08577
	133.0556	45.08561
	133.0553	45.08593
	133.0554	45.08648
	133.0561	45.08739
	133.0572	45.08815
	133.0585	45.0888
	133.0615	45.09019
	133.0625	45.09144
	133.0622	45.09188
	133.0614	45.0919
	133.0603	45.09143
	133.0598	45.09154
	133.0594	45.09227
	133.0596	45.09291
	133.0603	45.09376
	133.0614	45.0945
	133.0632	45.09487
	133.0655	45.09485
	133.0664	45.09445
	133.0674	45.09405
	133.0696	45.09416
	133.0717	45.09484
	133.0727	45.0952
	133.0731	45.09571
	133.0726	45.09633
	133.0721	45.09683
	133.072	45.09753
	133.0724	45.09832
	133.0732	45.09876
	133.0738	45.09874
	133.0761	45.09745
	133.0781	45.09558
	133.0779	45.09463
	133.0769	45.09403
	133.0768	45.09364
	133.0774	45.09331
	133.0785	45.09331
	133.0796	45.09397
	133.0804	45.09489
	133.0817	45.09554
	133.0827	45.09562
	133.0837	45.09573
	133.084	45.09625
	133.0836	45.0968
	133.0833	45.09697
	133.0821	45.09802
	133.0808	45.09846
	133.0795	45.099
	133.0794	45.09962
	133.0797	45.10008
	133.0814	45.10115
	133.0827	45.1016
	133.0835	45.10172
	133.0844	45.10152
	133.0853	45.10102
	133.087	45.10045
	133.0882	45.10008
	133.0896	45.10007
	133.09	45.10052
	133.0899	45.10106
	133.0888	45.10172
	133.0884	45.10241
	133.0874	45.10318
	133.0868	45.10384
	133.0867	45.10422
	133.0873	45.10451
	133.0881	45.10462
	133.0889	45.10444
	133.0901	45.10404
	133.0908	45.10406
	133.0917	45.10434
	133.0925	45.10442
	133.0931	45.10427
	133.0935	45.10373
	133.0934	45.1024
	133.0938	45.10202
	133.0945	45.10194
	133.0953	45.10243
	133.0959	45.10308
	133.0961	45.10374
	133.0959	45.10457
	133.0955	45.10539
	133.0944	45.10639
	133.0938	45.10747
	133.093	45.1086
	133.0923	45.10898
	133.0922	45.10932
	133.0926	45.10987
	133.0936	45.11044
	133.0946	45.11084
	133.0959	45.11121
	133.0962	45.11148
	133.096	45.11186
	133.0953	45.11199
	133.0941	45.11218
	133.0934	45.11235
	133.0927	45.11254
	133.0924	45.11293
	133.0929	45.11323
	133.0936	45.11336
	133.0948	45.11311
	133.0963	45.11269
	133.0975	45.11196
	133.0985	45.11175
	133.0998	45.11183
	133.1002	45.11211
	133.1004	45.11277
	133.1004	45.11305
	133.1	45.11398
	133.0993	45.11468
	133.0976	45.11519
	133.0967	45.11556
	133.0962	45.11599
	133.0963	45.11636
	133.0981	45.117
	133.0995	45.11773
	133.0997	45.11819
	133.0992	45.11851
	133.0977	45.11876
	133.0975	45.11909
	133.0982	45.12038
	133.1	45.12269
	133.1007	45.12331
	133.1013	45.1234
	133.1037	45.12263
	133.1072	45.12097
	133.1079	45.1209
	133.1085	45.12115
	133.1092	45.12208
	133.1094	45.12332
	133.1089	45.12476
	133.109	45.12535
	133.1097	45.12556
	133.1105	45.12555
	133.1114	45.12535
	133.1124	45.12508
	133.1129	45.12524
	133.1131	45.1258
	133.1127	45.12647
	133.1134	45.12666
	133.1139	45.12641
	133.114	45.12541
	133.1139	45.12418
	133.1145	45.12389
	133.1163	45.12441
	133.1173	45.12456
	133.1195	45.12486
	133.12	45.12549
	133.1207	45.12754
	133.1211	45.12879
	133.1217	45.12934
	133.1223	45.12951
	133.1245	45.1293
	133.1251	45.12911
	133.1259	45.12745
	133.1259	45.12674
	133.1252	45.12606
	133.1237	45.12514
	133.1219	45.12445
	133.1217	45.12416
	133.1235	45.12221
	133.1263	45.12223
	133.1325	45.12533
	133.1328	45.12572
	133.1327	45.12618
	133.1314	45.12729
	133.1309	45.12749
	133.1304	45.12803
	133.1301	45.12864
	133.1298	45.12977
	133.1298	45.13064
	133.1307	45.13153
	133.1317	45.13205
	133.1327	45.13252
	133.133	45.13294
	133.1327	45.1335
	133.132	45.13375
	133.1311	45.13379
	133.1301	45.13357
	133.1292	45.13345
	133.1286	45.13372
	133.1283	45.13485
	133.1273	45.13682
	133.1272	45.13746
	133.1274	45.13791
	133.1281	45.13821
	133.1287	45.13822
	133.1302	45.13801
	133.1319	45.13805
	133.1331	45.13814
	133.1348	45.13877
	133.1354	45.13943
	133.1353	45.14072
	133.1351	45.1417
	133.1344	45.14197
	133.1321	45.14246
	133.1304	45.14253
	133.1287	45.14223
	133.1275	45.14189
	133.1255	45.13995
	133.124	45.13938
	133.1234	45.13888
	133.1233	45.1382
	133.1237	45.13713
	133.1236	45.13612
	133.1227	45.13544
	133.1221	45.1348
	133.1223	45.13379
	133.1222	45.13306
	133.1213	45.13277
	133.1205	45.13291
	133.1197	45.13345
	133.1191	45.1345
	133.1201	45.1375
	133.1209	45.13899
	133.1224	45.14044
	133.1242	45.14187
	133.1259	45.14392
	133.1261	45.14451
	133.1257	45.14493
	133.1244	45.14541
	133.1244	45.1458
	133.1259	45.14695
	133.1296	45.14991
	133.1309	45.15023
	133.1317	45.14997
	133.1323	45.14936
	133.1326	45.14867
	133.1332	45.14858
	133.1336	45.14905
	133.1331	45.15013
	133.132	45.15098
	133.1308	45.15168
	133.1285	45.15202
	133.1261	45.15156
	133.1243	45.15152
	133.1231	45.15179
	133.122	45.15179
	133.1217	45.15219
	133.1226	45.15352
	133.1238	45.15437
	133.1259	45.15512
	133.1293	45.15605
	133.1308	45.15704
	133.1316	45.15828
	133.1316	45.15997
	133.1313	45.16079
	133.1306	45.1613
	133.1295	45.16151
	133.1274	45.16167
	133.1259	45.16211
	133.1249	45.16214
	133.1244	45.1616
	133.124	45.16056
	133.1241	45.15931
	133.1238	45.15894
	133.1231	45.15875
	133.1218	45.15949
	133.1216	45.15987
	133.1225	45.1624
	133.1235	45.16337
	133.1235	45.16471
	133.1232	45.16527
	133.1215	45.16602
	133.1214	45.16655
	133.1224	45.16799
	133.1228	45.16934
	133.1235	45.17048
	133.1247	45.17141
	133.1263	45.17193
	133.1272	45.17187
	133.1279	45.17175
	133.1282	45.17194
	133.1278	45.17253
	133.127	45.17306
	133.126	45.17309
	133.1247	45.17284
	133.123	45.17199
	133.122	45.17122
	133.1212	45.17047
	133.1208	45.17037
	133.1204	45.1705
	133.1201	45.17117
	133.1202	45.17195
	133.121	45.17235
	133.1225	45.17345
	133.1242	45.17554
	133.1252	45.17604
	133.1265	45.17583
	133.1279	45.17515
	133.1292	45.17441
	133.1305	45.17435
	133.131	45.17465
	133.1311	45.17535
	133.1297	45.17723
	133.129	45.17947
	133.1281	45.18087
	133.1273	45.18147
	133.1271	45.18245
	133.1275	45.18657
	133.1272	45.1873
	133.1268	45.18732
	133.1261	45.18684
	133.1255	45.18663
	133.1252	45.18711
	133.1258	45.18766
	133.1269	45.18801
	133.1288	45.18831
	133.1298	45.18876
	133.1305	45.18933
	133.1307	45.18997
	133.13	45.19047
	133.1282	45.19057
	133.1261	45.19042
	133.1246	45.19066
	133.1237	45.19116
	133.1236	45.19202
	133.1247	45.19601
	133.1258	45.19726
	133.126	45.19787
	133.1254	45.19852
	133.1224	45.19829
	133.1211	45.19742
	133.1209	45.1963
	133.1209	45.19509
	133.1197	45.19436
	133.1184	45.19419
	133.1178	45.19484
	133.1174	45.19563
	133.1193	45.19775
	133.1201	45.1985
	133.1209	45.19994
	133.1215	45.20177
	133.1211	45.20247
	133.1204	45.2027
	133.1195	45.20289
	133.1192	45.20334
	133.1195	45.2039
	133.1199	45.2047
	133.1196	45.20616
	133.1203	45.20772
	133.121	45.20822
	133.1222	45.20885
	133.1223	45.20939
	133.1214	45.20971
	133.1198	45.20981
	133.1184	45.20974
	133.1179	45.20992
	133.1173	45.21068
	133.1174	45.21178
	133.1182	45.21313
	133.1181	45.21373
	133.1175	45.21373
	133.1165	45.21324
	133.1138	45.21186
	133.113	45.21156
	133.1124	45.21196
	133.1128	45.21367
	133.1136	45.2144
	133.1148	45.2149
	133.1165	45.21512
	133.1176	45.21512
	133.1185	45.21531
	133.1192	45.21561
	133.1198	45.21619
	133.1201	45.21684
	133.1199	45.21752
	133.119	45.21784
	133.1177	45.21781
	133.1143	45.21657
	133.1133	45.21654
	133.1129	45.21708
	133.1134	45.21772
	133.1163	45.21914
	133.1175	45.21941
	133.1184	45.21929
	133.119	45.21941
	133.1189	45.21985
	133.1181	45.22019
	133.1166	45.22041
	133.1153	45.22079
	133.1146	45.22137
	133.1133	45.22346
	133.1132	45.22411
	133.1137	45.22482
	133.1133	45.22555
	133.112	45.22574
	133.1112	45.22613
	133.1104	45.22667
	133.1095	45.22685
	133.1086	45.22647
	133.1081	45.22559
	133.108	45.22472
	133.109	45.2237
	133.1091	45.22317
	133.1089	45.22267
	133.1083	45.22249
	133.1073	45.22294
	133.1066	45.22419
	133.1068	45.22544
	133.1074	45.22677
	133.1081	45.22962
	133.1082	45.2308
	133.1078	45.23195
	133.1072	45.23251
	133.1063	45.23263
	133.1052	45.23241
	133.1046	45.2317
	133.1039	45.23006
	133.1033	45.22913
	133.1027	45.22867
	133.1021	45.22845
	133.1014	45.22861
	133.1005	45.22917
	133.0994	45.23164
	133.0991	45.23271
	133.0995	45.23336
	133.1006	45.23415
	133.1024	45.23466
	133.1043	45.23493
	133.1052	45.23493
	133.1057	45.23512
	133.1056	45.23549
	133.1042	45.23593
	133.1027	45.23593
	133.1004	45.23565
	133.0979	45.23533
	133.0963	45.23549
	133.0959	45.23597
	133.0962	45.23678
	133.0974	45.23778
	133.0985	45.2382
	133.0998	45.23821
	133.1013	45.23799
	133.1034	45.23807
	133.1039	45.23838
	133.1039	45.23889
	133.1028	45.23985
	133.1018	45.24042
	133.0998	45.24016
	133.0981	45.2402
	133.0963	45.23999
	133.0931	45.2391
	133.0918	45.23871
	133.0907	45.23907
	133.09	45.23956
	133.09	45.24015
	133.0892	45.24047
	133.0883	45.24066
	133.0874	45.24194
	133.0877	45.24269
	133.0876	45.24343
	133.0869	45.24393
	133.0868	45.24441
	133.0873	45.24464
	133.088	45.24451
	133.0898	45.24428
	133.0927	45.24456
	133.0949	45.24464
	133.0965	45.24445
	133.0983	45.24391
	133.0994	45.24303
	133.0998	45.24335
	133.0999	45.24405
	133.1002	45.24466
	133.1005	45.24534
	133.1004	45.24596
	133.0983	45.2473
	133.0972	45.24827
	133.0967	45.24919
	133.097	45.24983
	133.098	45.25043
	133.0996	45.25073
	133.1013	45.2508
	133.102	45.25111
	133.1021	45.25173
	133.1014	45.25228
	133.1005	45.25247
	133.0992	45.2522
	133.0961	45.25108
	133.0937	45.25051
	133.0926	45.25
	133.0923	45.24906
	133.0924	45.24754
	133.092	45.2468
	133.091	45.24634
	133.0901	45.24632
	133.0894	45.24683
	133.0886	45.24849
	133.0884	45.2503
	133.0891	45.25156
	133.0897	45.25246
	133.0898	45.25295
	133.0886	45.2528
	133.0877	45.25216
	133.0868	45.25203
	133.0861	45.25255
	133.0862	45.25327
	133.0874	45.25495
	133.0877	45.25588
	133.0874	45.25702
	133.0875	45.25784
	133.0885	45.25852
	133.0902	45.25897
	133.0922	45.25924
	133.093	45.25974
	133.0933	45.26047
	133.0929	45.26117
	133.0924	45.26232
	133.0918	45.26328
	133.0909	45.26359
	133.09	45.26347
	133.0895	45.26372
	133.0901	45.26456
	133.0913	45.26517
	133.0928	45.26539
	133.0946	45.26505
	133.0971	45.26495
	133.1008	45.26482
	133.103	45.26446
	133.1044	45.26436
	133.1051	45.26475
	133.1048	45.26584
	133.1035	45.26779
	133.1021	45.26935
	133.1018	45.27043
	133.1019	45.27161
	133.1022	45.27242
	133.1021	45.2727
	133.1016	45.27278
	133.1005	45.27213
	133.098	45.27059
	133.0973	45.26954
	133.0967	45.26931
	133.0962	45.26941
	133.0954	45.27004
	133.0952	45.27082
	133.0956	45.27143
	133.0966	45.27224
	133.097	45.27279
	133.0959	45.2732
	133.0948	45.273
	133.0938	45.27209
	133.0934	45.27104
	133.0948	45.2684
	133.0947	45.26779
	133.0931	45.26764
	133.0915	45.26803
	133.0904	45.26931
	133.0897	45.27019
	133.0897	45.27097
	133.0903	45.27178
	133.0919	45.27267
	133.0959	45.27443
	133.099	45.27607
	133.1007	45.27662
	133.1026	45.27698
	133.1031	45.27739
	133.1026	45.27801
	133.1015	45.27837
	133.0992	45.27878
	133.096	45.27927
	133.0944	45.27924
	133.093	45.27904
	133.092	45.27956
	133.0917	45.2803
	133.091	45.28049
	133.0905	45.28031
	133.0902	45.27957
	133.0898	45.279
	133.0891	45.27911
	133.0886	45.27986
	133.0886	45.28178
	133.0899	45.28392
	133.0923	45.28552
	133.0949	45.28755
	133.0962	45.28815
	133.0973	45.28811
	133.0984	45.28644
	133.0991	45.28589
	133.0999	45.28598
	133.1004	45.28678
	133.1	45.28827
	133.0996	45.28963
	133.0987	45.29017
	133.0976	45.29018
	133.0923	45.28893
	133.0905	45.28845
	133.0898	45.28886
	133.0904	45.28998
	133.0904	45.29105
	133.0907	45.2918
	133.0914	45.29201
	133.0924	45.29194
	133.0943	45.29161
	133.0973	45.29222
	133.1004	45.29346
	133.1023	45.29466
	133.1027	45.29553
	133.1016	45.29694
	133.1016	45.29751
	133.1023	45.29804
	133.104	45.29842
	133.106	45.29873
	133.1077	45.2989
	133.1076	45.29954
	133.1069	45.29975
	133.1054	45.2998
	133.1043	45.30036
	133.1025	45.301
	133.1015	45.3011
	133.1005	45.30086
	133.1001	45.30104
	133.1	45.30138
	133.1004	45.30185
	133.1017	45.30263
	133.1032	45.30293
	133.1043	45.30272
	133.1056	45.30273
	133.1063	45.30319
	133.1062	45.30382
	133.1056	45.30439
	133.1045	45.30459
	133.1031	45.30457
	133.1012	45.30387
	133.0998	45.30327
	133.0986	45.30224
	133.0979	45.30193
	133.0974	45.3021
	133.0971	45.30255
	133.0973	45.30319
	133.0985	45.30399
	133.0994	45.30427
	133.1007	45.30447
	133.1046	45.306
	133.1066	45.30637
	133.108	45.30615
	133.1096	45.30566
	133.1108	45.30576
	133.1118	45.30623
	133.1127	45.3072
	133.1137	45.30941
	133.1135	45.31026
	133.1128	45.31051
	133.1122	45.31053
	133.1111	45.31033
	133.1099	45.31041
	133.1086	45.3114
	133.1073	45.31206
	133.1058	45.31219
	133.105	45.31151
	133.1041	45.30964
	133.1033	45.30934
	133.1016	45.30971
	133.1004	45.31025
	133.0989	45.31072
	133.0983	45.3114
	133.0985	45.31263
	133.0997	45.31408
	133.1008	45.31568
	133.1023	45.31642
	133.1038	45.31635
	133.107	45.316
	133.1077	45.31646
	133.108	45.3174
	133.1077	45.31813
	133.1062	45.31893
	133.1045	45.31929
	133.1024	45.31939
	133.1005	45.31902
	133.0994	45.31872
	133.0989	45.31941
	133.0995	45.31996
	133.103	45.32038
	133.1055	45.32078
	133.1083	45.32086
	133.1088	45.3215
	133.1083	45.32398
	133.1075	45.32488
	133.1069	45.3253
	133.1071	45.32575
	133.1078	45.3259
	133.1094	45.32575
	133.1124	45.32462
	133.1137	45.32451
	133.1145	45.325
	133.1146	45.32625
	133.1144	45.32739
	133.1129	45.32835
	133.1116	45.32898
	133.1112	45.32976
	133.1121	45.33045
	133.1132	45.33073
	133.1147	45.33098
	133.1163	45.33264
	133.118	45.33363
	133.1192	45.33384
	133.1204	45.33364
	133.1226	45.33376
	133.1239	45.33446
	133.124	45.33497
	133.1229	45.33551
	133.122	45.33592
	133.1213	45.33677
	133.1205	45.33984
	133.1208	45.34104
	133.1217	45.34187
	133.1217	45.34314
	133.1208	45.34392
	133.1198	45.34388
	133.1179	45.3434
	133.116	45.3423
	133.115	45.34185
	133.1142	45.3421
	133.1143	45.34279
	133.1159	45.34512
	133.1161	45.3457
	133.1153	45.34643
	133.1143	45.34654
	133.1133	45.34605
	133.1123	45.34562
	133.1116	45.34576
	133.1112	45.34644
	133.1117	45.34722
	133.1115	45.34844
	133.1116	45.35065
	133.112	45.35162
	133.1125	45.35215
	133.115	45.35271
	133.1161	45.35361
	133.1174	45.35451
	133.1195	45.35518
	133.1219	45.35557
	133.1222	45.35615
	133.121	45.35724
	133.118	45.35853
	133.1172	45.35928
	133.1172	45.36015
	133.1183	45.36111
	133.1198	45.36148
	133.1209	45.3613
	133.1236	45.36054
	133.1254	45.36037
	133.1265	45.36053
	133.1269	45.36456
	133.1262	45.36601
	133.1257	45.36807
	133.1252	45.36967
	133.1251	45.37088
	133.1255	45.37167
	133.1264	45.37205
	133.1277	45.37214
	133.1289	45.37172
	133.1301	45.37093
	133.1304	45.37032
	133.1313	45.36939
	133.1326	45.36827
	133.134	45.36645
	133.1352	45.36523
	133.135	45.36473
	133.1346	45.36442
	133.1313	45.36456
	133.1301	45.36434
	133.1299	45.36393
	133.1303	45.36326
	133.1317	45.36305
	133.1335	45.36347
	133.1351	45.36389
	133.1372	45.36495
	133.1374	45.36636
	133.1372	45.36754
	133.1367	45.36972
	133.1372	45.37207
	133.138	45.37314
	133.1394	45.37408
	133.1405	45.37453
	133.1411	45.37493
	133.1414	45.37552
	133.1413	45.37606
	133.1405	45.37655
	133.1332	45.37931
	133.1311	45.37997
	133.1311	45.38074
	133.1317	45.38101
	133.1334	45.38141
	133.1343	45.3819
	133.1358	45.38231
	133.1372	45.38209
	133.1386	45.38167
	133.1392	45.38224
	133.1389	45.38461
	133.1378	45.38599
	133.1379	45.38793
	133.1376	45.38939
	133.1368	45.39134
	133.1367	45.3923
	133.1374	45.39372
	133.1382	45.39433
	133.1391	45.3953
	133.1404	45.39566
	133.141	45.39554
	133.1421	45.3954
	133.1425	45.39565
	133.1422	45.39615
	133.1406	45.39686
	133.1395	45.39939
	133.1392	45.40238
	133.1385	45.40281
	133.1378	45.40267
	133.1371	45.40207
	133.1363	45.40071
	133.1356	45.3997
	133.1341	45.39938
	133.1332	45.39939
	133.1321	45.3998
	133.1314	45.40017
	133.1306	45.40096
	133.1305	45.40191
	133.1313	45.40314
	133.1326	45.40404
	133.1341	45.40469
	133.137	45.40443
	133.1384	45.40463
	133.1396	45.40496
	133.1403	45.40577
	133.1401	45.4068
	133.1389	45.40865
	133.1375	45.41056
	133.1373	45.41157
	133.1379	45.41278
	133.1381	45.41328
	133.1376	45.41376
	133.1368	45.41393
	133.1359	45.41353
	133.1344	45.41311
	133.1333	45.41338
	133.1327	45.41387
	133.1325	45.41456
	133.1325	45.41534
	133.1328	45.41608
	133.1337	45.41666
	133.1359	45.41713
	133.1377	45.41795
	133.1381	45.41853
	133.1381	45.41914
	133.1374	45.42033
	133.1372	45.42108
	133.1372	45.42176
	133.1374	45.42275
	133.1377	45.42343
	133.1374	45.42398
	133.1366	45.4242
	133.1358	45.42413
	133.1349	45.42385
	133.1343	45.4239
	133.1337	45.42447
	133.1338	45.42561
	133.1336	45.42641
	133.1339	45.42726
	133.1352	45.4279
	133.137	45.42861
	133.1388	45.42876
	133.1402	45.42813
	133.1419	45.42659
	133.143	45.4262
	133.1457	45.42614
	133.1476	45.42602
	133.1498	45.42603
	133.1511	45.42632
	133.152	45.42717
	133.1519	45.4279
	133.1514	45.42846
	133.1507	45.42885
	133.1497	45.42949
	133.1482	45.43069
	133.1471	45.43135
	133.1456	45.43164
	133.1439	45.43234
	133.1427	45.43306
	133.1421	45.43332
	133.141	45.43399
	133.1405	45.43459
	133.1406	45.43518
	133.1413	45.43564
	133.1427	45.43577
	133.1442	45.43566
	133.1477	45.43477
	133.1493	45.43478
	133.1513	45.43511
	133.1537	45.43631
	133.155	45.43623
	133.1559	45.43571
	133.1565	45.43471
	133.1569	45.43456
	133.1573	45.43482
	133.1576	45.43561
	133.1582	45.43626
	133.1586	45.4375
	133.1602	45.43862
	133.1618	45.43945
	133.1633	45.44049
	133.1643	45.44166
	133.1644	45.44235
	133.1633	45.44286
	133.162	45.44306
	133.1609	45.44291
	133.16	45.44251
	133.1591	45.4424
	133.1573	45.44257
	133.1545	45.44315
	133.1537	45.44337
	133.1527	45.44384
	133.1524	45.4446
	133.1527	45.44594
	133.1536	45.44701
	133.1549	45.4482
	133.1553	45.44883
	133.1553	45.44969
	133.1559	45.45038
	133.1576	45.45118
	133.1586	45.4512
	133.159	45.45078
	133.1597	45.4499
	133.1599	45.44897
	133.1598	45.44794
	133.1601	45.44702
	133.1608	45.44637
	133.1618	45.44602
	133.1624	45.4461
	133.1637	45.4465
	133.165	45.44702
	133.1656	45.44759
	133.1658	45.44827
	133.1652	45.44996
	133.1648	45.45066
	133.1636	45.45138
	133.1627	45.45173
	133.1618	45.45215
	133.1613	45.45318
	133.1612	45.45407
	133.1614	45.45467
	133.1618	45.45542
	133.1625	45.45581
	133.1633	45.45579
	133.1662	45.45481
	133.1672	45.45497
	133.1678	45.45544
	133.1683	45.45612
	133.169	45.4573
	133.1692	45.45788
	133.1691	45.45853
	133.1683	45.45906
	133.1673	45.45923
	133.1662	45.45904
	133.1641	45.45795
	133.1635	45.45782
	133.1624	45.45803
	133.1614	45.45862
	133.1607	45.45897
	133.1599	45.45963
	133.1599	45.4603
	133.1605	45.46067
	133.1619	45.46122
	133.163	45.46145
	133.1643	45.46115
	133.1662	45.46074
	133.1679	45.46101
	133.1695	45.46096
	133.171	45.46071
	133.1721	45.46066
	133.1725	45.46077
	133.1727	45.46109
	133.1727	45.46186
	133.1724	45.46241
	133.1718	45.46306
	133.1709	45.46342
	133.1696	45.46336
	133.1681	45.46311
	133.1667	45.4629
	133.1631	45.46304
	133.162	45.4634
	133.1615	45.46399
	133.1615	45.46473
	133.1621	45.46549
	133.1631	45.46599
	133.1647	45.46624
	133.1653	45.46641
	133.1658	45.46657
	133.1658	45.46691
	133.1654	45.46712
	133.1645	45.46709
	133.1639	45.46751
	133.1642	45.46831
	133.1647	45.46895
	133.1656	45.46936
	133.1674	45.47009
	133.1684	45.47116
	133.1695	45.4724
	133.1709	45.47308
	133.1719	45.47323
	133.1728	45.47305
	133.1733	45.47264
	133.1735	45.47241
	133.1737	45.47207
	133.1739	45.47138
	133.1745	45.47092
	133.1756	45.47039
	133.1764	45.47015
	133.1773	45.47025
	133.1776	45.47045
	133.178	45.47142
	133.1778	45.47193
	133.177	45.4725
	133.1766	45.47281
	133.176	45.47335
	133.1761	45.47409
	133.1756	45.47579
	133.1747	45.47725
	133.1746	45.47816
	133.1751	45.47881
	133.1759	45.47906
	133.177	45.4789
	133.1783	45.47838
	133.179	45.47756
	133.1795	45.47693
	133.1803	45.47677
	133.1807	45.4769
	133.1814	45.47728
	133.182	45.47787
	133.1827	45.4784
	133.1841	45.47888
	133.1852	45.47917
	133.1858	45.47965
	133.1858	45.48014
	133.1859	45.48049
	133.1856	45.48074
	133.1844	45.48134
	133.1834	45.48176
	133.1827	45.48252
	133.1813	45.48367
	133.1807	45.4845
	133.1802	45.48578
	133.181	45.48815
	133.1809	45.48868
	133.1805	45.48921
	133.1801	45.48944
	133.1795	45.48954
	133.1787	45.48944
	133.1783	45.4895
	133.178	45.48987
	133.1783	45.49033
	133.1799	45.49074
	133.1818	45.49091
	133.187	45.49174
	133.1884	45.49225
	133.1891	45.4926
	133.1894	45.49301
	133.1895	45.49356
	133.1894	45.49386
	133.1885	45.49454
	133.1878	45.4947
	133.1867	45.49477
	133.1857	45.4943
	133.185	45.49379
	133.1839	45.49337
	133.1832	45.49336
	133.1823	45.4938
	133.1819	45.49454
	133.182	45.49548
	133.1824	45.49644
	133.1831	45.49733
	133.184	45.49885
	133.1851	45.49918
	133.1861	45.49912
	133.1871	45.49878
	133.1885	45.49812
	133.1894	45.49786
	133.1908	45.49758
	133.1915	45.49765
	133.1921	45.49774
	133.1927	45.49817
	133.193	45.49879
	133.1932	45.49999
	133.1942	45.50081
	133.1956	45.50141
	133.1967	45.50185
	133.1972	45.50221
	133.1976	45.50259
	133.1985	45.50357
	133.199	45.50439
	133.1989	45.50493
	133.1989	45.50545
	133.1979	45.50629
	133.198	45.50685
	133.1985	45.50703
	133.1992	45.50678
	133.2001	45.5063
	133.201	45.50549
	133.2021	45.50496
	133.2035	45.50496
	133.2039	45.50527
	133.2043	45.50561
	133.2046	45.50618
	133.2049	45.50765
	133.205	45.50835
	133.2047	45.50931
	133.204	45.50976
	133.2025	45.51018
	133.2014	45.51013
	133.2003	45.5097
	133.1991	45.50857
	133.1986	45.50789
	133.1978	45.50761
	133.1971	45.50753
	133.1963	45.50771
	133.1954	45.50863
	133.195	45.50902
	133.1942	45.51002
	133.1934	45.5119
	133.193	45.51332
	133.1936	45.51434
	133.1946	45.51459
	133.1977	45.51451
	133.202	45.51438
	133.2038	45.51394
	133.2046	45.51328
	133.2049	45.51269
	133.2054	45.51064
	133.2061	45.51034
	133.2068	45.51041
	133.2073	45.51077
	133.2079	45.5115
	133.2089	45.51259
	133.2099	45.51309
	133.211	45.51347
	133.2121	45.51366
	133.2129	45.51345
	133.2135	45.51292
	133.214	45.51236
	133.2152	45.51191
	133.2181	45.51176
	133.2205	45.51122
	133.2222	45.51068
	133.2231	45.51052
	133.2244	45.51077
	133.2248	45.51136
	133.225	45.51234
	133.2242	45.5147
	133.2243	45.51537
	133.2241	45.51606
	133.2231	45.51729
	133.2234	45.51839
	133.2247	45.51971
	133.2261	45.52074
	133.2273	45.52137
	133.2284	45.52145
	133.2292	45.52115
	133.2298	45.52025
	133.2307	45.51965
	133.2323	45.51923
	133.2331	45.5191
	133.2341	45.51891
	133.2346	45.51844
	133.2341	45.51783
	133.2322	45.51666
	133.2323	45.51588
	133.233	45.51529
	133.234	45.51488
	133.2349	45.51463
	133.2357	45.51485
	133.2362	45.51518
	133.2368	45.51613
	133.2372	45.51724
	133.2376	45.51896
	133.2377	45.52018
	133.2384	45.52075
	133.2394	45.52092
	133.2401	45.52051
	133.2406	45.51955
	133.2405	45.51879
	133.2401	45.51764
	133.2393	45.51654
	133.2382	45.51567
	133.2375	45.51474
	133.2378	45.51421
	133.2386	45.51396
	133.2396	45.51426
	133.2403	45.515
	133.2413	45.51562
	133.243	45.51619
	133.245	45.5163
	133.2464	45.5162
	133.2471	45.5164
	133.2473	45.51661
	133.2474	45.51681
	133.2474	45.51723
	133.2463	45.51827
	133.2454	45.51906
	133.2456	45.51982
	133.2464	45.52029
	133.2477	45.521
	133.2487	45.52187
	133.2494	45.52344
	133.2509	45.52487
	133.2521	45.52586
	133.2533	45.52649
	133.2546	45.52677
	133.2562	45.52686
	133.2592	45.52789
	133.2601	45.52829
	133.2613	45.52848
	133.2624	45.52851
	133.263	45.52867
	133.2635	45.5293
	133.2636	45.53044
	133.2638	45.53083
	133.2645	45.53142
	133.265	45.53161
	133.2673	45.53208
	133.2696	45.53195
	133.2707	45.53162
	133.2718	45.53065
	133.2722	45.52987
	133.272	45.52629
	133.2724	45.52601
	133.273	45.52589
	133.2735	45.52607
	133.2739	45.52636
	133.274	45.52673
	133.2738	45.52711
	133.2729	45.52801
	133.2727	45.52838
	133.2728	45.52874
	133.2735	45.52937
	133.2738	45.53049
	133.2745	45.53067
	133.2758	45.5326
	133.2758	45.53453
	133.2729	45.53645
	133.2729	45.53741
	133.276	45.53801
	133.2784	45.53934
	133.2801	45.53934
	133.2815	45.53705
	133.283	45.53465
	133.2854	45.53392
	133.2866	45.53477
	133.2873	45.53693
	133.2873	45.53922
	133.2846	45.54186
	133.2865	45.54234
	133.2894	45.54126
	133.2901	45.54054
	133.2918	45.54054
	133.2944	45.54066
	133.2959	45.53934
	133.2969	45.53994
	133.2951	45.54162
	133.2932	45.5427
	133.2944	45.54318
	133.2963	45.54306
	133.298	45.54174
	133.2992	45.54126
	133.3018	45.5421
	133.3036	45.54078
	133.3042	45.54222
	133.3028	45.54463
	133.303	45.54643
	133.3043	45.54703
	133.306	45.54727
	133.3076	45.54787
	133.3083	45.55016
	133.3107	45.55052
	133.3112	45.54955
	133.311	45.54835
	133.3096	45.54727
	133.3096	45.54619
	133.3107	45.54559
	133.3117	45.54588
	133.3125	45.54703
	133.3129	45.54811
	133.3127	45.54929
	133.3122	45.55021
	133.3113	45.55119
	133.3115	45.55175
	133.3123	45.55195
	133.3138	45.55196
	133.3146	45.55167
	133.3153	45.55107
	133.3153	45.54985
	133.315	45.54889
	133.3156	45.54836
	133.3166	45.54813
	133.318	45.54837
	133.3187	45.54883
	133.3193	45.55002
	133.3202	45.55151
	133.3206	45.55286
	133.3204	45.55501
	133.3211	45.55558
	133.3222	45.5557
	133.3247	45.55519
	133.3259	45.55592
	133.326	45.55658
	133.3258	45.55729
	133.3245	45.55809
	133.3235	45.55885
	133.3238	45.55955
	133.325	45.55981
	133.3263	45.55959
	133.3272	45.55876
	133.3278	45.55747
	133.328	45.55587
	133.3289	45.5552
	133.3299	45.55463
	133.3314	45.55425
	133.3326	45.55373
	133.3325	45.55289
	133.3311	45.55149
	133.3314	45.55097
	133.3325	45.55076
	133.3341	45.55125
	133.3358	45.55186
	133.337	45.55279
	133.3376	45.55511
	133.3389	45.55687
	133.3397	45.55803
	133.3407	45.55837
	133.3416	45.55832
	133.3421	45.55795
	133.3427	45.55715
	133.3434	45.55695
	133.3439	45.55719
	133.344	45.55798
	133.3435	45.55861
	133.3424	45.55925
	133.3415	45.56002
	133.3416	45.56084
	133.3423	45.56163
	133.3436	45.56204
	133.3453	45.56217
	133.3467	45.56185
	133.3481	45.56173
	133.3483	45.56223
	133.348	45.56259
	133.3456	45.56282
	133.3439	45.56386
	133.3422	45.56447
	133.3418	45.56527
	133.3422	45.56623
	133.3431	45.56665
	133.3449	45.56655
	133.3469	45.56653
	133.3491	45.56626
	133.3503	45.56562
	133.3507	45.56462
	133.3495	45.56281
	133.3495	45.56218
	133.3502	45.56175
	133.3516	45.56175
	133.3544	45.56373
	133.3555	45.5667
	133.3562	45.5675
	133.3574	45.56787
	133.3585	45.56767
	133.3594	45.56721
	133.3602	45.56637
	133.3615	45.56606
	133.3629	45.56622
	133.3647	45.567
	133.3669	45.56748
	133.367	45.56794
	133.3667	45.5684
	133.3649	45.56947
	133.3642	45.57021
	133.3643	45.57095
	133.365	45.5715
	133.3662	45.57191
	133.3668	45.57234
	133.367	45.57301
	133.3659	45.57364
	133.3648	45.57383
	133.3634	45.57416
	133.3632	45.57452
	133.3636	45.57507
	133.3644	45.57547
	133.3659	45.57545
	133.367	45.57503
	133.3678	45.57361
	133.3689	45.57322
	133.3699	45.57321
	133.371	45.57369
	133.372	45.57375
	133.3726	45.57337
	133.3727	45.57269
	133.372	45.57109
	133.3721	45.57048
	133.3727	45.57012
	133.3742	45.5706
	133.3759	45.57164
	133.3766	45.57293
	133.3773	45.57337
	133.3779	45.57316
	133.3785	45.57239
	133.379	45.57205
	133.3799	45.57214
	133.3804	45.57263
	133.3802	45.57403
	133.3796	45.57514
	133.3798	45.57603
	133.3805	45.57662
	133.3818	45.57695
	133.3841	45.57736
	133.3852	45.57779
	133.3862	45.57795
	133.387	45.57768
	133.3873	45.57705
	133.3878	45.57565
	133.3886	45.57496
	133.3896	45.57456
	133.3918	45.57407
	133.3922	45.57363
	133.3922	45.57287
	133.3897	45.57081
	133.3894	45.57014
	133.3899	45.56976
	133.3916	45.57001
	133.3925	45.57045
	133.3939	45.57109
	133.3947	45.57135
	133.3967	45.57148
	133.3983	45.57127
	133.3997	45.57139
	133.4009	45.5717
	133.4021	45.57179
	133.403	45.57134
	133.4039	45.56906
	133.4052	45.56902
	133.4056	45.56996
	133.4063	45.57052
	133.4077	45.57078
	133.411	45.57089
	133.4129	45.57141
	133.4143	45.57251
	133.4148	45.5752
	133.4158	45.57797
	133.416	45.58088
	133.4153	45.58286
	133.4128	45.58428
	133.4089	45.58877
	133.4075	45.59111
	133.4047	45.59412
	133.4037	45.59615
	133.404	45.59831
	133.4057	45.602
	133.4104	45.60563
	133.4105	45.60883
	133.409	45.61188
	133.4047	45.61458
	133.404	45.6156
	133.4046	45.6171
	133.4067	45.61782
	133.4094	45.61782
	133.4122	45.61698
	133.4147	45.61506
	133.4175	45.61104
	133.4194	45.6102
	133.4214	45.6102
	133.4236	45.61164
	133.4243	45.61416
	133.4232	45.6168
	133.4234	45.6231
	133.4246	45.62603
	133.4273	45.62753
	133.4311	45.62807
	133.4352	45.62747
	133.4423	45.62729
	133.4466	45.62573
	133.4521	45.61842
	133.4562	45.61614
	133.4609	45.61554
	133.4663	45.61638
	133.4693	45.61944
	133.4697	45.62268
	133.4665	45.62693
	133.458	45.63167
	133.4461	45.63629
	133.4403	45.64085
	133.4388	45.6442
	133.4401	45.6487
	133.4463	45.6538
	133.4578	45.65626
	133.4712	45.65542
	133.476	45.65572
	133.4803	45.6574
	133.4828	45.66141
	133.4824	45.66615
	133.4828	45.67029
	133.4823	45.67317
	133.4769	45.67635
	133.4751	45.6788
	133.475	45.68096
	133.4777	45.68678
	133.477	45.6896
	133.4728	45.69194
	133.4676	45.69242
	133.463	45.69056
	133.4584	45.68954
	133.4538	45.69062
	133.4508	45.69266
	133.4482	45.69871
	133.4457	45.70237
	133.4419	45.70393
	133.438	45.70393
	133.435	45.70279
	133.4331	45.70027
	133.4326	45.69613
	133.432	45.69302
	133.4292	45.69116
	133.426	45.69068
	133.4234	45.69104
	133.4215	45.69266
	133.4207	45.69554
	133.4217	45.69757
	133.4293	45.70357
	133.4337	45.70975
	133.4376	45.71275
	133.4395	45.71568
	133.4408	45.72167
	133.4437	45.72763
	133.4474	45.73042
	133.453	45.73192
	133.4565	45.73354
	133.4662	45.73712
	133.4698	45.73741
	133.4753	45.73633
	133.4777	45.73641
	133.4799	45.73816
	133.4804	45.74141
	133.4785	45.74474
	133.4751	45.74791
	133.4641	45.75049
	133.459	45.75278
	133.4573	45.75569
	133.4582	45.75965
	133.4632	45.76327
	133.4651	45.7656
	133.4655	45.7686
	133.4614	45.77497
	133.4624	45.77735
	133.4677	45.77897
	133.4758	45.78049
	133.4796	45.77897
	133.4835	45.7749
	133.4868	45.77261
	133.4912	45.77249
	133.4955	45.77426
	133.4977	45.77808
	133.4985	45.78316
	133.4953	45.78799
	133.4889	45.79129
	133.4817	45.79193
	133.4753	45.7904
	133.4697	45.79066
	133.4649	45.79259
	133.4621	45.79639
	133.462	45.80156
	133.4627	45.81394
	133.4639	45.82162
	133.4627	45.82362
	133.4597	45.82875
	133.4599	45.83301
	133.4617	45.83569
	133.4662	45.8369
	133.473	45.83634
	133.4816	45.83366
	133.4863	45.83403
	133.4897	45.83708
	133.4895	45.83995
	133.4868	45.84301
	133.4832	45.84458
	133.4776	45.85097
	133.4779	45.85384
	133.4782	45.8556
	133.4808	45.85893
	133.4838	45.86384
	133.4867	45.86606
	133.4908	45.86689
	133.501	45.86393
	133.5037	45.86421
	133.505	45.86575
	133.5039	45.86936
	133.5014	45.87344
	133.5014	45.87555
	133.5011	45.8792
	133.5027	45.88426
	133.5049	45.88875
	133.5089	45.89077
	133.513	45.8917
	133.5191	45.89444
	133.5232	45.89585
	133.5277	45.89656
	133.5347	45.89655
	133.5405	45.89569
	133.547	45.89132
	133.5533	45.88662
	133.5543	45.88301
	133.5566	45.87938
	133.5595	45.876
	133.5706	45.86888
	133.5733	45.8677
	133.5766	45.8667
	133.5809	45.86659
	133.5847	45.86722
	133.5895	45.87037
	133.5911	45.8728
	133.5911	45.87515
	133.5881	45.88042
	133.5875	45.88328
	133.5872	45.88649
	133.5884	45.88914
	133.5909	45.89155
	133.6008	45.89609
	133.6061	45.898
	133.609	45.89917
	133.6109	45.90049
	133.612	45.90482
	133.6102	45.91189
	133.5964	45.92462
	133.5977	45.93272
	133.61	45.94154
	133.6246	45.94429
	133.6432	45.94516
	133.6502	45.94458
	133.6547	45.94191
	133.6597	45.93937
	133.6626	45.93905
	133.6654	45.9392
	133.6667	45.93966
	133.6685	45.94099
	133.6701	45.9434
	133.6696	45.9502
	133.6747	45.95482
	133.6759	45.95788
	133.6767	45.961
	133.6752	45.96346
	133.6755	45.96652
	133.6737	45.97146
	133.6736	45.9747
	133.6732	45.98291
	133.6756	45.98841
	133.6828	45.99492
	133.6944	46.00288
	133.6968	46.0091
	133.6994	46.01503
	133.7201	46.03383
	133.7356	46.05408
	133.735	46.07723
	133.7226	46.0875
	133.7052	46.0995
	133.7023	46.10558
	133.6951	46.11108
	133.6844	46.13245
	133.6818	46.13769
	133.688	46.15563
	133.6994	46.16214
	133.7207	46.16489
	133.7427	46.16604
	133.7544	46.16981
	133.778	46.18405
	133.7874	46.19033
	133.7925	46.1996
	133.794	46.2135
	133.7959	46.22128
	133.8002	46.22625
	133.8066	46.22922
	133.8152	46.2279
	133.823	46.2236
	133.8263	46.21665
	133.8255	46.20804
	133.8255	46.20697
	133.8271	46.20374
	133.8314	46.20059
	133.8384	46.2001
	133.8465	46.20308
	133.8515	46.20937
	133.853	46.2188
	133.8564	46.22443
	133.867	46.2284
	133.8723	46.23055
	133.8726	46.23203
	133.8731	46.23485
	133.8702	46.23849
	133.8614	46.24097
	133.8558	46.24263
	133.8531	46.24594
	133.8536	46.24859
	133.8569	46.25074
	133.863	46.25124
	133.8765	46.25024
	133.8985	46.25537
	133.9064	46.25885
	133.9107	46.26348
	133.9125	46.27258
	133.9095	46.28202
	133.9016	46.29095
	133.8996	46.30121
	133.9018	46.30618
	133.9054	46.30916
	133.9089	46.31727
	133.9143	46.32604
	133.9168	46.331
	133.9132	46.33315
	133.9079	46.33299
	133.9026	46.32885
	133.8928	46.32511
	133.8627	46.33679
	133.8616	46.34358
	133.8652	46.35417
	133.8707	46.36129
	133.8831	46.3646
	133.9062	46.36691
	133.9211	46.37188
	133.9374	46.37949
	133.9405	46.38694
	133.9415	46.39273
	133.9402	46.39952
	133.9301	46.4063
	133.9274	46.41954
	133.919	46.42781
	133.9041	46.4389
	133.9016	46.44035
	133.8908	46.44685
	133.876	46.44834
	133.8654	46.44453
	133.8543	46.44354
	133.8475	46.44436
	133.8434	46.44949
	133.8443	46.45247
	133.8437	46.4576
	133.8415	46.46538
	133.8415	46.47233
	133.8457	46.4811
	133.8647	46.49964
	133.8644	46.50675
	133.8655	46.5123
	133.8829	46.52125
	133.8865	46.5263
	133.8872	46.53261
	133.895	46.54578
	133.8955	46.55787
	133.9029	46.56725
	133.9131	46.59618
	133.9381	46.60708
	133.9522	46.61397
	133.9673	46.62623
	133.9825	46.6329
	133.9911	46.64276
	134.0056	46.65493
	134.0131	46.64316
	134.0164	46.63834
	134.0209	46.63496
	134.0365	46.64244
	134.0441	46.64565
	134.0543	46.64943
	134.0567	46.65096
	134.0615	46.65273
	134.0655	46.65626
	134.0682	46.65763
	134.077	46.65779
	134.0825	46.65771
	134.0826	46.65779
	134.0861	46.65747
	134.0897	46.65666
	134.0953	46.65916
	134.0998	46.65988
	134.1059	46.65956
	134.1112	46.65972
	134.1188	46.65723
	134.1209	46.65578
	134.1253	46.65409
	134.1254	46.65404
	134.1255	46.65407
	134.1307	46.65297
	134.1349	46.65273
	134.1407	46.65047
	134.1456	46.65015
	134.1501	46.65136
	134.1523	46.65112
	134.1566	46.65064
	134.1607	46.65015
	134.1722	46.65104
	134.1756	46.65369
	134.1781	46.65433
	134.1807	46.65409
	134.1836	46.65305
	134.1977	46.65353
	134.2086	46.65232
	134.2086	46.65234
	134.209	46.65241
	134.2164	46.65385
	134.2249	46.65642
	134.2297	46.65698
	134.2307	46.65932
	134.2329	46.66157
	134.2337	46.66454
	134.2346	46.66591
	134.238	46.66647
	134.2467	46.66607
	134.2487	46.66639
	134.252	46.67097
	134.2536	46.67596
	134.2672	46.67636
	134.2733	46.67612
	134.2755	46.67644
	134.2806	46.67628
	134.2871	46.67676
	134.2871	46.67668
	134.2922	46.67628
	134.3031	46.6729
	134.3099	46.67346
	134.3176	46.67467
	134.3237	46.67756
	134.3337	46.68536
	134.3388	46.68552
	134.3479	46.67909
	134.3575	46.67547
	134.3612	46.67491
	134.37	46.67507
	134.3877	46.67539
	134.3942	46.67845
	134.3956	46.68062
	134.3997	46.68166
	134.4112	46.68697
	134.4208	46.69267
	134.4327	46.6975
	134.4328	46.69854
	134.43	46.69951
	134.4288	46.70128
	134.4286	46.70264
	134.427	46.70562
	134.4234	46.70923
	134.4228	46.71189
	134.4259	46.7151
	134.4294	46.71695
	134.436	46.71478
	134.4392	46.71526
	134.4417	46.71542
	134.4445	46.71406
	134.4465	46.71695
	134.4491	46.71888
	134.4495	46.71928
	134.4496	46.71935
	134.4498	46.71929
	134.452	46.72105
	134.452	46.72209
	134.451	46.72652
	134.4536	46.73359
	134.454	46.73504
	134.4534	46.7446
	134.4503	46.74846
	134.4504	46.74959
	134.4543	46.75377
	134.4607	46.76205
	134.4643	46.76558
	134.4731	46.77185
	134.4717	46.77531
	134.467	46.78052
	134.467	46.78053
	134.4669	46.78063
	134.466	46.7815
	134.4632	46.78367
	134.4623	46.78512
	134.4622	46.79034
	134.4609	46.79235
	134.461	46.79315
	134.463	46.79549
	134.4631	46.79806
	134.4577	46.80328
	134.4565	46.80433
	134.45	46.80795
	134.4499	46.81012
	134.4522	46.81437
	134.4524	46.81518
	134.4506	46.81936
	134.4483	46.82193
	134.4506	46.82595
	134.4439	46.83053
	134.4362	46.83825
	134.435	46.83954
	134.4267	46.84225
	134.4263	46.84236
	134.4261	46.84758
	134.4237	46.85135
	134.4224	46.85296
	134.4181	46.85521
	134.4132	46.85915
	134.4074	46.861
	134.407	46.86526
	134.4093	46.87169
	134.4131	46.87812
	134.4211	46.88359
	134.4274	46.88415
	134.4278	46.88801
	134.4292	46.88946
	134.4362	46.89074
	134.4339	46.89677
	134.4396	46.90406
	134.4396	46.90408
	134.4397	46.90419
	134.4456	46.91228
	134.4528	46.92024
	134.4525	46.92322
	134.4491	46.92402
	134.445	46.93045
	134.4417	46.93343
	134.4462	46.93761
	134.4488	46.9413
	134.4439	46.9495
	134.4415	46.95224
	134.4367	46.95553
	134.4351	46.95642
	134.4327	46.95892
	134.4323	46.95903
	134.4319	46.96566
	134.4321	46.9667
	134.4332	46.96719
	134.4364	46.96751
	134.4381	46.9708
	134.4422	46.97
	134.4459	46.97064
	134.4517	46.97113
	134.4554	46.97217
	134.4586	46.97547
	134.4623	46.97836
	134.4647	46.98326
	134.4712	46.98367
	134.4749	46.97828
	134.4817	46.97643
	134.4827	46.97129
	134.4855	46.96823
	134.4859	46.96735
	134.4899	46.96743
	134.4907	46.96819
	134.4909	46.96841
	134.4946	46.9692
	134.4968	46.96855
	134.5008	46.96703
	134.5022	46.96735
	134.5087	46.96687
	134.5127	46.96437
	134.5141	46.96453
	134.5185	46.9667
	134.5257	46.96887
	134.533	46.97
	134.5373	46.9692
	134.5436	46.96606
	134.5457	46.9651
	134.5488	46.96526
	134.55	46.96823
	134.551	46.97
	134.5512	46.97094
	134.551	46.9733
	134.553	46.97571
	134.5548	46.97741
	134.5547	46.97745
	134.5549	46.97788
	134.5565	46.98021
	134.5602	46.9831
	134.5617	46.98519
	134.5639	46.98664
	134.5652	46.98752
	134.5688	46.99154
	134.5707	46.99211
	134.5765	46.99291
	134.577	46.99371
	134.5768	46.99862
	134.577	47.0003
	134.5741	47.00609
	134.5759	47.01276
	134.5694	47.0163
	134.5691	47.01855
	134.5655	47.02104
	134.5695	47.0294
	134.5679	47.03021
	134.567	47.03061
	134.5666	47.03149
	134.5668	47.03374
	134.5659	47.03543
	134.5665	47.03768
	134.5664	47.03823
	134.5664	47.03842
	134.5667	47.04082
	134.5692	47.04315
	134.5725	47.04717
	134.5733	47.0495
	134.5796	47.05191
	134.5838	47.05151
	134.5855	47.05296
	134.5878	47.05432
	134.5918	47.05802
	134.5913	47.06284
	134.5955	47.06284
	134.598	47.0622
	134.5998	47.06156
	134.6007	47.06156
	134.6039	47.06325
	134.6089	47.06373
	134.611	47.06292
	134.6168	47.06316
	134.6177	47.06357
	134.6226	47.06341
	134.6268	47.06148
	134.6285	47.06156
	134.6306	47.0629
	134.6309	47.06308
	134.6312	47.06308
	134.6328	47.063
	134.6348	47.06429
	134.6415	47.06638
	134.6455	47.06927
	134.6463	47.07064
	134.6424	47.07353
	134.641	47.07715
	134.6416	47.08021
	134.6385	47.08197
	134.6371	47.08455
	134.6366	47.08559
	134.6369	47.08784
	134.6368	47.08977
	134.6364	47.09058
	134.6376	47.09395
	134.634	47.09628
	134.6364	47.09741
	134.6438	47.10062
	134.6459	47.10336
	134.6501	47.11172
	134.6516	47.11574
	134.6564	47.12032
	134.6615	47.12371
	134.6621	47.12429
	134.6651	47.12514
	134.6706	47.12562
	134.6754	47.12723
	134.683	47.1253
	134.6873	47.12442
	134.6923	47.12852
	134.6955	47.12916
	134.7029	47.1286
	134.7092	47.12884
	134.7141	47.13085
	134.7185	47.13318
	134.7209	47.13551
	134.7243	47.13567
	134.7299	47.13519
	134.7368	47.14105
	134.7369	47.14115
	134.7369	47.14114
	134.74	47.14307
	134.7453	47.14371
	134.7504	47.14331
	134.7566	47.145
	134.7592	47.1458
	134.7579	47.14258
	134.7605	47.13599
	134.764	47.13221
	134.7668	47.12803
	134.768	47.12546
	134.7701	47.12418
	134.7736	47.12393
	134.7776	47.12498
	134.7811	47.12771
	134.7821	47.12956
	134.7874	47.13326
	134.7918	47.13455
	134.797	47.13832
	134.7975	47.14009
	134.8006	47.1417
	134.8059	47.14403
	134.805	47.14684
	134.8055	47.14813
	134.8073	47.14982
	134.8102	47.1507
	134.8136	47.1503
	134.8172	47.14853
	134.8188	47.14797
	134.8201	47.14797
	134.8213	47.14909
	134.8218	47.15041
	134.822	47.15066
	134.822	47.15065
	134.8234	47.15231
	134.8281	47.15279
	134.8293	47.15472
	134.8304	47.15641
	134.8344	47.16139
	134.8339	47.16493
	134.8367	47.16815
	134.8403	47.16847
	134.8481	47.16589
	134.8528	47.16606
	134.8536	47.16228
	134.8564	47.15818
	134.8598	47.15577
	134.8642	47.15818
	134.8688	47.15995
	134.8713	47.15954
	134.8753	47.15753
	134.8748	47.15408
	134.8752	47.15231
	134.8756	47.14901
	134.8778	47.14716
	134.8812	47.1458
	134.8827	47.14298
	134.8864	47.1421
	134.8876	47.14154
	134.889	47.14138
	134.8932	47.13961
	134.8952	47.13905
	134.8955	47.13929
	134.8978	47.13969
	134.9001	47.14226
	134.9026	47.14114
	134.906	47.14098
	134.9062	47.141
	134.9062	47.14097
	134.9118	47.14097
	134.9139	47.14073
	134.9163	47.13856
	134.9193	47.1327
	134.9217	47.13052
	134.9235	47.1298
	134.9245	47.1294
	134.9266	47.12964
	134.9282	47.13101
	134.9306	47.13229
	134.9327	47.13294
	134.934	47.13302
	134.9392	47.13462
	134.942	47.13454
	134.946	47.13422
	134.9536	47.13406
	134.9565	47.13511
	134.9601	47.13792
	134.9636	47.13896
	134.9679	47.138
	134.9702	47.13768
	134.9758	47.138
	134.9758	47.1343
	134.977	47.13077
	134.9799	47.12948
	134.9832	47.12964
	134.9865	47.13101
	134.9886	47.13124
	134.9895	47.13131
	134.9895	47.13124
	134.9931	47.13101
	134.9961	47.12956
	134.9971	47.12924
	135.0041	47.13253
	135.0057	47.1331
	135.0094	47.1335
	135.0097	47.13695
	135.0176	47.14178
	135.0197	47.14411
	135.0212	47.14805
	135.0229	47.15601
	135.0224	47.15705
	135.0194	47.15882
	135.0185	47.16107
	135.0164	47.16348
	135.0167	47.172
	135.02	47.17457
	135.0214	47.17546
	135.0246	47.17506
	135.0282	47.17506
	135.0323	47.17771
	135.0362	47.18052
	135.0408	47.18052
	135.0451	47.18036
	135.0491	47.18237
	135.0503	47.1831
	135.0532	47.18581
	135.0534	47.18602
	135.0534	47.18601
	135.0573	47.18912
	135.0594	47.18928
	135.0632	47.18969
	135.07	47.19483
	135.0698	47.20062
	135.0729	47.20432
	135.0824	47.21115
	135.0835	47.21179
	135.0853	47.2134
	135.0888	47.21428
	135.0938	47.21179
	135.0959	47.20817
	135.1046	47.2056
	135.1172	47.20544
	135.1199	47.20311
	135.1239	47.20303
	135.1374	47.20415
	135.1376	47.20417
	135.1376	47.20414
	135.1407	47.20335
	135.1528	47.19596
	135.1556	47.19588
	135.1569	47.19588
	135.1623	47.19226
	135.1651	47.19081
	135.1657	47.18977
	135.1659	47.18615
	135.1664	47.18526
	135.1677	47.18494
	135.1689	47.18462
	135.1734	47.18309
	135.1745	47.18261
	135.1757	47.18277
	135.1779	47.18366
	135.1799	47.18422
	135.1851	47.1835
	135.1865	47.18285
	135.1893	47.18141
	135.1919	47.18141
	135.1947	47.17803
	135.195	47.17755
	135.1939	47.17498
	135.1941	47.17353
	135.1954	47.17088
	135.1958	47.16975
	135.1984	47.16814
	135.2011	47.16871
	135.2061	47.16806
	135.2085	47.1671
	135.2118	47.16324
	135.214	47.16195
	135.2165	47.16131
	135.2195	47.16163
	135.2219	47.16227
	135.2225	47.16245
	135.223	47.16272
	135.223	47.1627
	135.2257	47.16396
	135.2294	47.16404
	135.2306	47.16461
	135.2308	47.16766
	135.2324	47.17208
	135.2303	47.17795
	135.2302	47.18052
	135.2334	47.18213
	135.2394	47.18205
	135.2435	47.17731
	135.2435	47.17642
	135.2435	47.17272
	135.2447	47.16959
	135.2509	47.16686
	135.2523	47.16477
	135.2552	47.16284
	135.2587	47.16219
	135.2622	47.16276
	135.2655	47.16364
	135.2684	47.16243
	135.2696	47.16083
	135.2733	47.16099
	135.279	47.16107
	135.286	47.16428
	135.2893	47.16388
	135.2925	47.16364
	135.2949	47.1627
	135.2971	47.16187
	135.2987	47.16091
	135.2991	47.15576
	135.3009	47.15415
	135.3032	47.15247
	135.3036	47.1515
	135.2998	47.14772
	135.2979	47.14451
	135.2957	47.1429
	135.2936	47.13896
	135.2907	47.13719
	135.2909	47.13647
	135.293	47.13486
	135.293	47.13157
	135.2922	47.12811
	135.2927	47.12666
	135.2941	47.12572
	135.2941	47.1256
	135.2942	47.12272
	135.2958	47.12168
	135.2999	47.12136
	135.3058	47.11846
	135.308	47.11653
	135.309	47.11573
	135.3106	47.11533
	135.3129	47.11348
	135.3175	47.10978
	135.3216	47.10842
	135.3261	47.1089
	135.3386	47.10456
	135.338	47.09933
	135.3371	47.09813
	135.3338	47.0974
	135.3335	47.09676
	135.3355	47.09596
	135.3389	47.09636
	135.3409	47.09612
	135.3457	47.09322
	135.3465	47.09218
	135.3467	47.08768
	135.3506	47.08422
	135.3536	47.08406
	135.3603	47.08454
	135.3614	47.08317
	135.3631	47.08044
	135.3623	47.07698
	135.3608	47.07417
	135.3603	47.0716
	135.3637	47.07104
	135.3671	47.07031
	135.3694	47.06911
	135.3696	47.0679
	135.3696	47.06664
	135.3696	47.06657
	135.3706	47.06388
	135.3735	47.06316
	135.3772	47.06211
	135.3802	47.06284
	135.3818	47.0634
	135.3858	47.06211
	135.3881	47.06235
	135.3918	47.06485
	135.3946	47.06497
	135.3991	47.06645
	135.4043	47.06276
	135.4063	47.06099
	135.4086	47.06118
	135.4087	47.06108
	135.4127	47.05921
	135.4131	47.05907
	135.4177	47.05801
	135.4182	47.05797
	135.4185	47.05777
	135.4216	47.05616
	135.4257	47.0507
	135.4305	47.0503
	135.4305	47.05014
	135.4272	47.04721
	135.4272	47.04413
	135.4284	47.0432
	135.4256	47.04092
	135.4253	47.03823
	135.4262	47.03698
	135.4239	47.03406
	135.4229	47.03141
	135.4145	47.02795
	135.4126	47.02634
	135.4075	47.02281
	135.4049	47.01999
	135.402	47.01983
	135.3977	47.01782
	135.3965	47.01742
	135.3921	47.0171
	135.3909	47.01549
	135.3903	47.013
	135.3894	47.01163
	135.3899	47.0101
	135.3908	47.0093
	135.3915	47.00776
	135.392	47.00054
	135.3925	46.99941
	135.3954	46.99652
	135.3972	46.99371
	135.3984	46.99129
	135.4029	46.98744
	135.4036	46.98494
	135.4032	46.98342
	135.4008	46.98093
	135.4015	46.97996
	135.4021	46.97827
	135.3999	46.97562
	135.3996	46.97417
	135.3983	46.97297
	135.3921	46.97305
	135.386	46.97498
	135.3802	46.97433
	135.3741	46.97474
	135.3701	46.97683
	135.3675	46.979
	135.3653	46.9798
	135.361	46.97988
	135.3597	46.97787
	135.3573	46.97337
	135.3552	46.97112
	135.3505	46.96903
	135.3503	46.96726
	135.3503	46.96413
	135.3517	46.96067
	135.3498	46.95432
	135.3516	46.95102
	135.352	46.94966
	135.3503	46.94732
	135.3494	46.9462
	135.3494	46.94617
	135.3491	46.94234
	135.3471	46.93977
	135.3462	46.93856
	135.3462	46.9347
	135.3443	46.93173
	135.3444	46.9298
	135.3466	46.92827
	135.3482	46.92795
	135.3507	46.92634
	135.3521	46.9245
	135.3533	46.92305
	135.3587	46.922
	135.3615	46.92072
	135.3649	46.92088
	135.3671	46.922
	135.3719	46.92216
	135.3775	46.92522
	135.3816	46.92699
	135.3878	46.92859
	135.3913	46.92811
	135.3966	46.92594
	135.3987	46.92538
	135.4011	46.92578
	135.4068	46.92779
	135.411	46.92763
	135.4198	46.92578
	135.4212	46.92562
	135.4235	46.92683
	135.4278	46.92658
	135.4279	46.92755
	135.4266	46.93052
	135.4293	46.93374
	135.4292	46.93478
	135.4276	46.93768
	135.4282	46.94089
	135.4277	46.94363
	135.4291	46.9444
	135.4292	46.94452
	135.4316	46.94483
	135.4362	46.94845
	135.4402	46.94998
	135.4423	46.95022
	135.4453	46.94893
	135.4524	46.94596
	135.455	46.94507
	135.4585	46.94499
	135.4622	46.94379
	135.4665	46.94531
	135.4718	46.94676
	135.4734	46.94668
	135.4782	46.94547
	135.4835	46.94829
	135.4876	46.94974
	135.4937	46.95174
	135.5011	46.95617
	135.5037	46.95518
	135.5103	46.95641
	135.5134	46.9572
	135.5136	46.95724
	135.521	46.96525
	135.5232	46.96613
	135.5261	46.96565
	135.5306	46.96533
	135.532	46.96509
	135.534	46.96605
	135.5395	46.9667
	135.5427	46.96822
	135.547	46.96766
	135.5501	46.96766
	135.5541	46.96983
	135.5581	46.97128
	135.5589	46.97152
	135.5609	46.97441
	135.564	46.97771
	135.5684	46.97907
	135.5698	46.97907
	135.5702	46.979
	135.5713	46.97907
	135.5745	46.98004
	135.5788	46.9794
	135.5814	46.97723
	135.5838	46.97715
	135.5843	46.97618
	135.5845	46.97473
	135.5868	46.97136
	135.5898	46.96838
	135.5898	46.96718
	135.5892	46.96428
	135.5909	46.96083
	135.5994	46.95898
	135.6044	46.95866
	135.6057	46.95616
	135.6078	46.95359
	135.6056	46.95022
	135.606	46.94981
	135.6088	46.94957
	135.6171	46.95174
	135.6242	46.9548
	135.6269	46.9556
	135.6303	46.95633
	135.6335	46.9585
	135.6411	46.95608
	135.6453	46.95665
	135.651	46.95287
	135.653	46.9531
	135.6534	46.95317
	135.6535	46.95328
	135.6568	46.9548
	135.6659	46.95962
	135.6688	46.96292
	135.6727	46.96332
	135.6766	46.96211
	135.6827	46.96549
	135.6873	46.96541
	135.6909	46.96677
	135.692	46.96661
	135.6986	46.9638
	135.7055	46.96324
	135.7099	46.96324
	135.7154	46.96501
	135.7224	46.96452
	135.729	46.96565
	135.7316	46.96742
	135.7359	46.96758
	135.7366	46.96731
	135.7408	46.9638
	135.7446	46.9638
	135.747	46.96396
	135.7491	46.96493
	135.7526	46.96476
	135.7545	46.96292
	135.755	46.96042
	135.7565	46.95777
	135.7563	46.95673
	135.7538	46.9552
	135.7533	46.95078
	135.7529	46.94796
	135.7555	46.94563
	135.7524	46.94218
	135.7484	46.94177
	135.7421	46.94113
	135.7374	46.94354
	135.7327	46.94057
	135.724	46.93816
	135.7232	46.93462
	135.715	46.93317
	135.709	46.93116
	135.7055	46.92706
	135.7053	46.92063
	135.7045	46.91734
	135.7081	46.91565
	135.7155	46.9142
	135.7181	46.91404
	135.7223	46.91436
	135.7276	46.91469
	135.7311	46.91629
	135.74	46.91669
	135.746	46.91436
	135.7507	46.91444
	135.7542	46.91323
	135.7605	46.9089
	135.7631	46.90706
	135.7631	46.90705
	135.7632	46.90696
	135.7716	46.90231
	135.7732	46.90174
	135.7806	46.90102
	135.784	46.90022
	135.7866	46.89861
	135.7893	46.89805
	135.7892	46.89531
	135.797	46.89121
	135.8001	46.88623
	135.8071	46.88422
	135.8072	46.88028
	135.8081	46.87843
	135.8072	46.87192
	135.8044	46.86605
	135.8068	46.8626
	135.8093	46.86163
	135.8105	46.85962
	135.8125	46.85729
	135.8129	46.85375
	135.8108	46.8507
	135.8113	46.84885
	135.8126	46.84845
	135.8221	46.84688
	135.8219	46.84662
	135.8208	46.84274
	135.8285	46.83591
	135.83	46.83293
	135.8351	46.83068
	135.8367	46.82859
	135.8519	46.82891
	135.8566	46.82811
	135.8593	46.82867
	135.8642	46.82642
	135.8681	46.82755
	135.8719	46.82642
	135.8747	46.82658
	135.8779	46.82441
	135.8814	46.82288
	135.8843	46.82248
	135.888	46.82176
	135.8892	46.82128
	135.8978	46.82144
	135.903	46.81652
	135.9115	46.81581
	135.9126	46.8134
	135.9141	46.81171
	135.9141	46.81099
	135.9191	46.80986
	135.9228	46.80809
	135.9241	46.80713
	135.9281	46.80793
	135.9335	46.80705
	135.9357	46.80464
	135.9361	46.80367
	135.9369	46.80343
	135.9388	46.80295
	135.942	46.8015
	135.9449	46.79877
	135.9494	46.79724
	135.9553	46.79845
	135.9592	46.80182
	135.9689	46.80231
	135.9754	46.79933
	135.9829	46.79845
	135.9855	46.79668
	135.9868	46.79644
	135.988	46.79916
	135.9881	46.79918
	135.9881	46.7992
	135.9897	46.80134
	135.9893	46.80287
	135.9915	46.80552
	135.9972	46.80223
	136.0013	46.8056
	136.0014	46.80689
	136.0009	46.80809
	136.0026	46.81131
	136.0048	46.81259
	136.0115	46.81838
	136.0167	46.82007
	136.0179	46.82441
	136.0191	46.82513
	136.0236	46.82626
	136.0256	46.82674
	136.0273	46.82835
	136.0275	46.83052
	136.0271	46.8347
	136.0286	46.83711
	136.0327	46.83808
	136.036	46.83992
	136.0361	46.83998
	136.0379	46.84144
	136.0396	46.84276
	136.0412	46.8428
	136.0454	46.84341
	136.0463	46.84444
	136.0462	46.84916
	136.0478	46.85067
	136.0488	46.85388
	136.0498	46.85506
	136.0513	46.85624
	136.0515	46.86007
	136.0514	46.8601
	136.054	46.86379
	136.0541	46.86744
	136.0558	46.86851
	136.0597	46.86901
	136.0616	46.87016
	136.0633	46.87016
	136.0674	46.86894
	136.0716	46.86815
	136.0782	46.86808
	136.0846	46.86858
	136.087	46.86822
	136.0887	46.86679
	136.0952	46.86021
	136.0983	46.8585
	136.0991	46.85814
	136.1002	46.85685
	136.1057	46.85649
	136.1119	46.85342
	136.115	46.85185
	136.1165	46.85134
	136.1168	46.84863
	136.1184	46.84712
	136.1204	46.84505
	136.1213	46.84105
	136.1243	46.83804
	136.1249	46.83725
	136.125	46.83716
	136.1274	46.8364
	136.1288	46.83625
	136.1275	46.82839
	136.1278	46.82717
	136.1336	46.82309
	136.1395	46.81744
	136.1396	46.81608
	136.1397	46.81294
	136.1411	46.81294
	136.1449	46.81129
	136.1469	46.8105
	136.147	46.807
	136.1509	46.80578
	136.1536	46.8035
	136.1568	46.80321
	136.1618	46.80092
	136.1679	46.79985
	136.171	46.79956
	136.1772	46.79729
	136.1773	46.79721
	136.1828	46.79913
	136.1858	46.79949
	136.1883	46.7987
	136.1911	46.79706
	136.1919	46.79527
	136.1944	46.79212
	136.1951	46.78991
	136.1997	46.78755
	136.202	46.78762
	136.2058	46.78883
	136.2092	46.7879
	136.2175	46.78898
	136.2203	46.78926
	136.2219	46.7884
	136.224	46.78626
	136.226	46.78497
	136.228	46.77789
	136.2322	46.77582
	136.2342	46.77546
	136.2411	46.77639
	136.2505	46.77911
	136.2507	46.77921
	136.2506	46.77923
	136.2541	46.78168
	136.2584	46.78726
	136.2602	46.78733
	136.2637	46.78576
	136.2662	46.78504
	136.2672	46.78361
	136.2692	46.78161
	136.2723	46.78082
	136.2759	46.78075
	136.2805	46.78304
	136.2824	46.78325
	136.2848	46.78254
	136.2902	46.78182
	136.296	46.78039
	136.3029	46.7776
	136.3071	46.77682
	136.3101	46.77667
	136.3117	46.77632
	136.3183	46.77689
	136.3235	46.7776
	136.3245	46.77774
	136.3249	46.77779
	136.3249	46.77775
	136.3259	46.77789
	136.3308	46.77496
	136.334	46.77517
	136.3372	46.77531
	136.3394	46.77474
	136.3424	46.77281
	136.3451	46.77117
	136.3478	46.77038
	136.3507	46.76745
	136.3529	46.76673
	136.3561	46.76544
	136.3581	46.76401
	136.3601	46.76337
	136.3622	46.7643
	136.3684	46.76981
	136.3735	46.77539
	136.373	46.77889
	136.3727	46.78011
	136.3747	46.78096
	136.3771	46.78161
	136.3803	46.78382
	136.3857	46.7859
	136.3894	46.7874
	136.386	46.79083
	136.3839	46.79269
	136.3827	46.79462
	136.3827	46.79563
	136.3913	46.80092
	136.3912	46.80271
	136.3904	46.80452
	136.3903	46.80468
	136.3902	46.80467
	136.3875	46.80929
	136.3836	46.81365
	136.3853	46.81465
	136.3893	46.81365
	136.3936	46.81464
	136.3977	46.81615
	136.4013	46.82094
	136.4025	46.82145
	136.407	46.8208
	136.4137	46.82094
	136.4184	46.82345
	136.4194	46.82474
	136.4224	46.82373
	136.4261	46.82216
	136.435	46.82295
	136.4458	46.82615
	136.4458	46.82621
	136.4481	46.82745
	136.4492	46.82896
	136.4524	46.82803
	136.4555	46.8271
	136.4597	46.82624
	136.4629	46.81665
	136.4629	46.81329
	136.4661	46.8095
	136.4698	46.80986
	136.4738	46.81115
	136.4917	46.81143
	136.492	46.81144
	136.4921	46.8115
	136.4973	46.81136
	136.5042	46.80163
	136.5054	46.80185
	136.5081	46.80349
	136.5132	46.80414
	136.5183	46.80721
	136.52	46.80814
	136.5219	46.80964
	136.5249	46.8105
	136.5277	46.80993
	136.536	46.81122
	136.5396	46.8115
	136.5418	46.811
	136.5532	46.81
	136.5533	46.8085
	136.5526	46.80657
	136.5576	46.80292
	136.5581	46.80163
	136.5576	46.79884
	136.5578	46.79756
	136.5661	46.79126
	136.5684	46.7891
	136.5682	46.78898
	136.5686	46.78697
	136.5701	46.78661
	136.5761	46.78683
	136.5807	46.7869
	136.5835	46.78797
	136.587	46.79176
	136.5886	46.79241
	136.5931	46.79341
	136.599	46.79548
	136.6025	46.79684
	136.6039	46.7967
	136.6063	46.79584
	136.6083	46.79512
	136.6128	46.79369
	136.6131	46.79391
	136.6131	46.79505
	136.6143	46.79605
	136.6177	46.79484
	136.6189	46.79498
	136.6204	46.79598
	136.6212	46.79734
	136.6229	46.79784
	136.6249	46.79827
	136.6288	46.80156
	136.6303	46.80506
	136.6329	46.80843
	136.6382	46.81443
	136.6387	46.81558
	136.6384	46.81644
	136.6366	46.81887
	136.634	46.82359
	136.6338	46.82495
	136.634	46.82581
	136.6365	46.8286
	136.6382	46.8306
	136.6396	46.83303
	136.6417	46.83448
	136.6419	46.8346
	136.6419	46.83459
	136.6429	46.8351
	136.6456	46.83496
	136.6507	46.8346
	136.6533	46.83482
	136.6593	46.83761
	136.6666	46.84168
	136.6686	46.84533
	136.6734	46.84605
	136.6778	46.84612
	136.6805	46.84369
	136.6806	46.84261
	136.6834	46.83932
	136.6857	46.83897
	136.6889	46.83975
	136.6944	46.84197
	136.7	46.84311
	136.7039	46.84304
	136.7086	46.8469
	136.7108	46.84869
	136.7148	46.84969
	136.7173	46.85052
	136.7175	46.85045
	136.72	46.85213
	136.7231	46.85635
	136.7246	46.85813
	136.7291	46.85821
	136.7329	46.85842
	136.7361	46.85728
	136.7382	46.85713
	136.7397	46.85878
	136.7397	46.86278
	136.7389	46.86386
	136.7379	46.86593
	136.7353	46.86808
	136.7349	46.86922
	136.7348	46.87172
	136.7331	46.8733
	136.731	46.87516
	136.7308	46.87609
	136.7311	46.8778
	136.7343	46.88066
	136.7341	46.88209
	136.7334	46.88345
	136.7332	46.88417
	136.7337	46.88503
	136.7358	46.88495
	136.7393	46.8846
	136.7439	46.88596
	136.7462	46.8861
	136.7478	46.88546
	136.7505	46.8836
	136.7527	46.88302
	136.7568	46.88245
	136.7609	46.88145
	136.7621	46.88124
	136.7643	46.88381
	136.7661	46.88653
	136.7665	46.88817
	136.7694	46.8896
	136.7718	46.89089
	136.7751	46.89139
	136.7784	46.89146
	136.782	46.89461
	136.7841	46.89819
	136.7851	46.89926
	136.7895	46.90069
	136.7908	46.90151
	136.7912	46.90161
	136.7947	46.90148
	136.7963	46.90305
	136.7972	46.90455
	136.8027	46.90849
	136.804	46.91034
	136.802	46.91306
	136.8018	46.91449
	136.8032	46.91807
	136.806	46.92179
	136.8057	46.92401
	136.8058	46.92551
	136.8077	46.93037
	136.8102	46.93481
	136.8132	46.93759
	136.8178	46.9411
	136.8182	46.94217
	136.8187	46.94611
	136.8215	46.95186
	136.8216	46.952
	136.8228	46.95333
	136.833	46.95526
	136.8346	46.95412
	136.8399	46.95011
	136.8442	46.94818
	136.8491	46.94804
	136.8504	46.9489
	136.8514	46.95033
	136.8552	46.95054
	136.8606	46.95011
	136.8641	46.94982
	136.8682	46.95011
	136.872	46.94968
	136.8759	46.94789
	136.8809	46.94503
	136.8837	46.94453
	136.8856	46.94432
	136.8862	46.94611
	136.8862	46.94954
	136.8894	46.95297
	136.8934	46.95526
	136.8947	46.95669
	136.8948	46.95948
	136.8932	46.9612
	136.8936	46.96334
	136.8945	46.96706
	136.8943	46.96835
	136.8927	46.97014
	136.8919	46.97207
	136.8928	46.97421
	136.8945	46.97518
	136.8949	46.97503
	136.8974	46.9755
	136.8987	46.97614
	136.8994	46.97786
	136.899	46.97936
	136.8981	46.98258
	136.8985	46.98315
	136.9002	46.98387
	136.9009	46.98516
	136.901	46.98573
	136.9004	46.98709
	136.9011	46.98787
	136.9024	46.98852
	136.9045	46.98873
	136.9092	46.98795
	136.9149	46.98759
	136.9166	46.98752
	136.921	46.98995
	136.9238	46.99074
	136.9257	46.99038
	136.9288	46.98959
	136.9332	46.98952
	136.9377	46.99074
	136.9393	46.99231
	136.9392	46.99553
	136.9392	46.99599
	136.9399	46.99839
	136.9411	47.00025
	136.9413	47.00103
	136.9442	47.00447
	136.9461	47.00719
	136.9481	47.00783
	136.9514	47.00797
	136.9545	47.00912
	136.9565	47.01076
	136.9573	47.01241
	136.9589	47.01298
	136.9603	47.01312
	136.9629	47.01505
	136.9658	47.01696
	136.966	47.01705
	136.966	47.01708
	136.9725	47.02063
	136.9781	47.02492
	136.9784	47.02714
	136.978	47.02864
	136.9771	47.02943
	136.9773	47.03
	136.9785	47.03143
	136.9788	47.03336
	136.9783	47.03579
	136.9767	47.03958
	136.9748	47.04216
	136.9731	47.04266
	136.97	47.04266
	136.9673	47.04266
	136.9657	47.04359
	136.9645	47.04488
	136.9632	47.04595
	136.9599	47.04724
	136.9567	47.04752
	136.9527	47.04867
	136.949	47.04946
	136.9453	47.05303
	136.9445	47.05532
	136.9444	47.05654
	136.9446	47.05768
	136.9433	47.05832
	136.9425	47.05866
	136.9421	47.05883
	136.9401	47.05911
	136.9386	47.05947
	136.9376	47.05997
	136.9367	47.06154
	136.9356	47.06383
	136.9345	47.0649
	136.9323	47.06633
	136.9303	47.06684
	136.9285	47.06712
	136.9269	47.06769
	136.9262	47.06869
	136.9265	47.07005
	136.9274	47.07191
	136.9274	47.07399
	136.9263	47.07628
	136.9253	47.07814
	136.9253	47.07949
	136.9261	47.08007
	136.9311	47.08207
	136.9351	47.084
	136.9356	47.08629
	136.9375	47.08929
	136.9378	47.09122
	136.9387	47.09223
	136.9414	47.09358
	136.9459	47.09759
	136.9474	47.10009
	136.9471	47.1016
	136.9462	47.10324
	136.9458	47.1046
	136.9467	47.10746
	136.9466	47.10939
	136.9463	47.10955
	136.9459	47.10983
	136.9435	47.11318
	136.9418	47.11418
	136.9398	47.11483
	136.9387	47.11583
	136.9378	47.11697
	136.9429	47.11862
	136.9449	47.11991
	136.9464	47.12155
	136.9489	47.12255
	136.9506	47.12355
	136.9517	47.12463
	136.9529	47.12563
	136.9546	47.12942
	136.9542	47.13113
	136.9537	47.13199
	136.9533	47.13264
	136.9539	47.13385
	136.9547	47.13535
	136.9552	47.1365
	136.9564	47.13979
	136.9564	47.14193
	136.9557	47.14315
	136.9543	47.14365
	136.9512	47.14437
	136.9499	47.1453
	136.9497	47.14594
	136.9513	47.1483
	136.9525	47.15245
	136.9517	47.15567
	136.9509	47.15745
	136.9514	47.15953
	136.9514	47.15955
	136.9515	47.15992
	136.9522	47.16182
	136.9517	47.1626
	136.9501	47.16368
	136.9486	47.16511
	136.948	47.16632
	136.9488	47.16783
	136.9501	47.16904
	136.9521	47.1694
	136.9539	47.16976
	136.9557	47.17083
	136.9602	47.17326
	136.963	47.17533
	136.9654	47.1777
	136.9687	47.17934
	136.9726	47.18234
	136.9718	47.18571
	136.9728	47.18671
	136.9743	47.18706
	136.9763	47.18764
	136.9796	47.19286
	136.9815	47.19515
	136.9836	47.19565
	136.9908	47.19472
	136.9933	47.19565
	136.9971	47.19808
	136.9984	47.19951
	136.9996	47.2028
	136.9998	47.20419
	136.9998	47.2042
	137.0006	47.20809
	137.0026	47.21038
	137.0027	47.21267
	137.0026	47.21632
	137.005	47.22054
	137.0054	47.22418
	137.0043	47.22604
	137.003	47.22762
	137.0032	47.22898
	137.0055	47.23098
	137.0067	47.2347
	137.0078	47.23785
	137.0109	47.24149
	137.0121	47.24421
	137.0141	47.24714
	137.0153	47.24865
	137.0183	47.24965
	137.021	47.25238
	137.0211	47.25255
	137.0211	47.25256
	137.0232	47.25515
	137.0262	47.25716
	137.0274	47.26109
	137.0283	47.26316
	137.0306	47.26438
	137.0336	47.26545
	137.0368	47.2656
	137.0415	47.27268
	137.0429	47.2764
	137.043	47.27883
	137.0396	47.28219
	137.0373	47.28405
	137.0404	47.28555
	137.047	47.2892
	137.0513	47.2907
	137.0549	47.29227
	137.0583	47.29442
	137.0615	47.29471
	137.0659	47.29499
	137.0697	47.29714
	137.0721	47.29957
	137.0777	47.30286
	137.0813	47.304
	137.0855	47.30472
	137.0879	47.30528
	137.0879	47.30529
	137.092	47.30572
	137.0976	47.30486
	137.1027	47.30336
	137.1036	47.30293
	137.1063	47.30229
	137.11	47.29492
	137.1143	47.29549
	137.1187	47.2932
	137.129	47.29285
	137.1352	47.29184
	137.1388	47.29027
	137.1522	47.28963
	137.1549	47.28774
	137.1584	47.28605
	137.1637	47.2834
	137.164	47.28331
	137.1654	47.28276
	137.1654	47.28212
	137.1634	47.27976
	137.1634	47.27754
	137.1641	47.27561
	137.1673	47.27418
	137.1709	47.27225
	137.1743	47.26967
	137.1797	47.26574
	137.1862	47.26123
	137.19	47.26323
	137.1943	47.26409
	137.199	47.26323
	137.2039	47.26102
	137.2094	47.26066
	137.2124	47.26093
	137.2127	47.26088
	137.2144	47.26102
	137.2174	47.26052
	137.2182	47.26095
	137.2214	47.26223
	137.2265	47.26238
	137.2264	47.26445
	137.2271	47.26538
	137.2299	47.26695
	137.232	47.26867
	137.2307	47.27139
	137.2279	47.27432
	137.2237	47.27754
	137.2232	47.27804
	137.2244	47.2794
	137.2272	47.28097
	137.2299	47.28176
	137.231	47.28305
	137.2373	47.28448
	137.2398	47.28347
	137.2434	47.28319
	137.2453	47.2839
	137.2475	47.28741
	137.25	47.28555
	137.2508	47.28426
	137.2532	47.28233
	137.2561	47.28047
	137.2571	47.27976
	137.2588	47.28018
	137.2621	47.28026
	137.2646	47.28004
	137.2686	47.28004
	137.2719	47.28068
	137.2767	47.28154
	137.2804	47.28119
	137.2816	47.27976
	137.2816	47.27439
	137.2822	47.2676
	137.2845	47.25994
	137.2855	47.2593
	137.2862	47.2578
	137.2876	47.25708
	137.2906	47.25594
	137.2953	47.25508
	137.2973	47.25508
	137.3017	47.25358
	137.304	47.25186
	137.3058	47.25014
	137.3053	47.24864
	137.3026	47.24578
	137.3037	47.24392
	137.3055	47.24228
	137.3121	47.2382
	137.3166	47.2357
	137.3191	47.23663
	137.3196	47.23663
	137.3205	47.23305
	137.3219	47.23119
	137.3256	47.22983
	137.3314	47.2299
	137.3324	47.22926
	137.3345	47.22604
	137.3323	47.22139
	137.3356	47.21231
	137.3415	47.21202
	137.3442	47.21181
	137.3535	47.20973
	137.3563	47.20859
	137.358	47.20741
	137.358	47.20742
	137.3583	47.20727
	137.3622	47.20551
	137.3691	47.20673
	137.3754	47.20466
	137.3771	47.20387
	137.3841	47.20251
	137.3928	47.20172
	137.395	47.20258
	137.3997	47.20609
	137.4047	47.2078
	137.4095	47.20902
	137.4131	47.20988
	137.4155	47.2146
	137.4162	47.21567
	137.4191	47.21424
	137.4288	47.21395
	137.4335	47.21381
	137.4337	47.21359
	137.4398	47.21345
	137.4468	47.21088
	137.4495	47.21016
	137.4585	47.2098
	137.4617	47.20938
	137.4652	47.20945
	137.4668	47.21166
	137.4654	47.21402
	137.4644	47.21524
	137.4668	47.21781
	137.4695	47.21996
	137.4694	47.22125
	137.4691	47.22254
	137.469	47.22518
	137.4742	47.22754
	137.4767	47.22983
	137.4776	47.23169
	137.484	47.23411
	137.4845	47.23396
	137.4896	47.23255
	137.4937	47.23169
	137.5019	47.23326
	137.5049	47.23455
	137.5075	47.23635
	137.5079	47.23657
	137.508	47.23653
	137.5168	47.24077
	137.5189	47.2417
	137.52	47.24607
	137.523	47.24771
	137.5248	47.249
	137.5326	47.25286
	137.538	47.25415
	137.5407	47.25422
	137.5431	47.25687
	137.5442	47.25923
	137.553	47.26355
	137.5541	47.26674
	137.5559	47.27024
	137.5609	47.27332
	137.5612	47.2746
	137.5609	47.27839
	137.5637	47.27961
	137.5647	47.28008
	137.5651	47.28036
	137.5651	47.28033
	137.567	47.2819
	137.5686	47.28433
	137.5698	47.28469
	137.5728	47.28562
	137.574	47.28726
	137.574	47.29198
	137.5759	47.29492
	137.5777	47.29627
	137.58	47.29585
	137.581	47.29606
	137.5865	47.30107
	137.5862	47.30529
	137.5866	47.30872
	137.5884	47.31165
	137.5899	47.31265
	137.5932	47.3138
	137.595	47.31315
	137.5958	47.31194
	137.5984	47.31101
	137.6029	47.31065
	137.6106	47.31394
	137.6172	47.31909
	137.6177	47.31952
	137.6215	47.32052
	137.6233	47.32131
	137.628	47.32431
	137.6292	47.32445
	137.6362	47.32347
	137.6376	47.32367
	137.6401	47.32517
	137.6453	47.32681
	137.6474	47.32789
	137.6514	47.33504
	137.6525	47.33683
	137.6566	47.3379
	137.658	47.33797
	137.6633	47.33575
	137.664	47.33554
	137.6667	47.33711
	137.6716	47.33761
	137.6752	47.33804
	137.6795	47.33826
	137.6823	47.34047
	137.6853	47.34019
	137.688	47.33954
	137.6897	47.3404
	137.6916	47.34233
	137.6925	47.34627
	137.6956	47.34663
	137.6976	47.34677
	137.7025	47.34999
	137.7039	47.35163
	137.7054	47.35535
	137.7106	47.35578
	137.7175	47.35628
	137.7187	47.35442
	137.7197	47.35192
	137.7235	47.35092
	137.725	47.35006
	137.7271	47.34841
	137.7292	47.34827
	137.7316	47.34484
	137.7335	47.34412
	137.734	47.34062
	137.7348	47.33876
	137.7368	47.33704
	137.7363	47.33575
	137.7357	47.33468
	137.7364	47.33332
	137.7366	47.33246
	137.7368	47.3301
	137.7388	47.32889
	137.7396	47.32932
	137.7417	47.33046
	137.7438	47.33075
	137.7467	47.3306
	137.7503	47.33332
	137.7524	47.33411
	137.7561	47.33783
	137.7575	47.33776
	137.7585	47.33761
	137.7619	47.34019
	137.7658	47.3419
	137.7733	47.34505
	137.7763	47.34419
	137.7787	47.34333
	137.7808	47.34419
	137.7831	47.34605
	137.7855	47.35027
	137.7859	47.35126
	137.786	47.35153
	137.7879	47.35342
	137.7904	47.35385
	137.7948	47.35428
	137.7965	47.35428
	137.8033	47.35385
	137.8082	47.361
	137.8101	47.36129
	137.8126	47.36064
	137.8146	47.36036
	137.8177	47.36021
	137.8195	47.361
	137.8264	47.36229
	137.8274	47.36486
	137.83	47.36615
	137.8353	47.36865
	137.8364	47.36923
	137.8393	47.3693
	137.8424	47.36951
	137.8455	47.36944
	137.8479	47.37087
	137.8493	47.3723
	137.8504	47.37437
	137.8504	47.37448
	137.8512	47.37509
	137.8556	47.37623
	137.8584	47.37731
	137.8587	47.37852
	137.8584	47.38024
	137.8593	47.38103
	137.8609	47.3811
	137.8643	47.37995
	137.8664	47.37795
	137.8684	47.37681
	137.8703	47.37609
	137.8724	47.3758
	137.8747	47.3753
	137.8749	47.37616
	137.8745	47.37881
	137.8772	47.38024
	137.8775	47.38095
	137.8781	47.38346
	137.8809	47.38467
	137.8827	47.38575
	137.8845	47.38882
	137.8845	47.38989
	137.885	47.39047
	137.8873	47.39032
	137.8902	47.38975
	137.8941	47.39018
	137.8988	47.3904
	137.9016	47.3924
	137.9063	47.39712
	137.9081	47.39798
	137.9107	47.39841
	137.9123	47.39919
	137.9162	47.40456
	137.9178	47.40699
	137.9175	47.4082
	137.9141	47.40856
	137.9124	47.41006
	137.9095	47.41078
	137.9078	47.41078
	137.9071	47.41314
	137.9067	47.41607
	137.9052	47.41829
	137.9065	47.41965
	137.9092	47.42115
	137.9103	47.42252
	137.9104	47.42268
	137.9104	47.42269
	137.9124	47.42616
	137.9092	47.43381
	137.9073	47.43817
	137.906	47.43939
	137.9023	47.43996
	137.9009	47.43989
	137.9002	47.4406
	137.9004	47.44103
	137.9013	47.44139
	137.9046	47.44153
	137.9061	47.44153
	137.9073	47.44282
	137.9081	47.44597
	137.9091	47.44683
	137.9118	47.44761
	137.9161	47.4489
	137.9176	47.45097
	137.9179	47.45391
	137.9204	47.45598
	137.9224	47.45555
	137.9251	47.45419
	137.9281	47.45233
	137.9323	47.45055
	137.9354	47.44826
	137.9374	47.44761
	137.9405	47.44768
	137.9432	47.44726
	137.9463	47.44783
	137.9502	47.45033
	137.9527	47.44969
	137.9562	47.44911
	137.9585	47.44883
	137.9609	47.44826
	137.9618	47.44854
	137.9636	47.45226
	137.9645	47.45577
	137.9636	47.45777
	137.9636	47.45856
	137.9662	47.45763
	137.9679	47.45627
	137.9692	47.45555
	137.9732	47.45505
	137.9739	47.45518
	137.974	47.45514
	137.9759	47.45577
	137.9802	47.45841
	137.9853	47.46113
	137.9903	47.45877
	137.9923	47.45941
	137.9967	47.46049
	137.9978	47.46313
	138.001	47.46392
	138.0043	47.46342
	138.0046	47.46571
	138.0059	47.46807
	138.0096	47.46936
	138.0121	47.47336
	138.0194	47.47808
	138.0194	47.48409
	138.0223	47.48888
	138.0229	47.49074
	138.0271	47.49281
	138.0277	47.49503
	138.0291	47.49589
	138.0291	47.50018
	138.0294	47.50175
	138.031	47.50302
	138.031	47.50304
	138.0311	47.50316
	138.0328	47.50454
	138.035	47.50669
	138.0384	47.50869
	138.045	47.50805
	138.0482	47.50969
	138.0504	47.51034
	138.056	47.51091
	138.0578	47.51241
	138.059	47.51263
	138.0688	47.51334
	138.0706	47.51348
	138.0729	47.51313
	138.0757	47.51248
	138.0779	47.51198
	138.0781	47.51334
	138.0765	47.51627
	138.0765	47.51906
	138.076	47.52035
	138.076	47.52529
	138.0773	47.52858
	138.0781	47.53043
	138.0796	47.53201
	138.0796	47.53287
	138.0791	47.53315
	138.0739	47.53437
	138.071	47.53501
	138.0699	47.53601
	138.0697	47.53759
	138.0703	47.53887
	138.0716	47.54138
	138.0714	47.54317
	138.0707	47.54417
	138.0675	47.5456
	138.0627	47.54717
	138.0591	47.54889
	138.0568	47.5506
	138.0552	47.55275
	138.0555	47.55397
	138.057	47.5544
	138.0594	47.55468
	138.0614	47.55516
	138.0617	47.55545
	138.0631	47.55604
	138.0684	47.55983
	138.0749	47.56355
	138.082	47.56441
	138.0849	47.56498
	138.0859	47.56519
	138.0864	47.56634
	138.0849	47.56734
	138.0827	47.56791
	138.0822	47.56841
	138.0789	47.57006
	138.0744	47.57163
	138.0738	47.57206
	138.0721	47.57385
	138.0706	47.57414
	138.0686	47.57449
	138.0677	47.57507
	138.0667	47.57921
	138.0664	47.58014
	138.0652	47.58136
	138.0651	47.58207
	138.0679	47.58365
	138.0689	47.58529
	138.0701	47.58651
	138.0699	47.5878
	138.0683	47.58951
	138.0674	47.59187
	138.0662	47.59223
	138.0647	47.59194
	138.0631	47.59202
	138.0615	47.59259
	138.059	47.59609
	138.0549	47.59953
	138.0512	47.60153
	138.051	47.5991
	138.0505	47.59659
	138.0471	47.5923
	138.0453	47.58851
	138.0425	47.58722
	138.039	47.5873
	138.0372	47.58758
	138.0349	47.58715
	138.0332	47.58772
	138.0317	47.58901
	138.0302	47.59223
	138.0267	47.59445
	138.0232	47.59631
	138.0218	47.59738
	138.0206	47.59845
	138.0191	47.59874
	138.017	47.59938
	138.0163	47.59968
	138.0163	47.59971
	138.0157	47.59994
	138.0131	47.60153
	138.0106	47.60182
	138.0083	47.60053
	138.005	47.59802
	138.0038	47.59674
	138.0008	47.59645
	137.9979	47.59881
	137.9946	47.60167
	137.9911	47.6041
	137.9882	47.60546
	137.9841	47.60589
	137.9827	47.60618
	137.981	47.60761
	137.98	47.61011
	137.9778	47.61176
	137.9731	47.61483
	137.9726	47.61526
	137.9724	47.61619
	137.9755	47.61684
	137.9774	47.61819
	137.9782	47.62163
	137.9798	47.62363
	137.9856	47.62635
	137.9868	47.62728
	137.9913	47.62771
	137.9929	47.62849
	137.996	47.63143
	138.0035	47.63529
	138.0082	47.63894
	138.012	47.64158
	138.0128	47.6418
	138.0161	47.64237
	138.0198	47.64308
	138.0214	47.64366
	138.0268	47.64852
	138.0283	47.65007
	138.0282	47.65028
	138.0287	47.65167
	138.0284	47.6541
	138.0308	47.65832
	138.0344	47.66061
	138.0406	47.66275
	138.0427	47.66368
	138.0475	47.66561
	138.0495	47.6669
	138.0506	47.66726
	138.052	47.66862
	138.0539	47.67026
	138.0541	47.67126
	138.0514	47.67348
	138.0505	47.67462
	138.0501	47.6757
	138.05	47.67713
	138.0493	47.67827
	138.0494	47.67963
	138.0526	47.68199
	138.0542	47.68328
	138.0552	47.68757
	138.0555	47.68957
	138.0559	47.69022
	138.0565	47.69072
	138.0607	47.69143
	138.058	47.69351
	138.0573	47.69444
	138.0563	47.69587
	138.0545	47.69665
	138.0525	47.69665
	138.0488	47.69522
	138.0455	47.69293
	138.0447	47.69186
	138.0382	47.688
	138.0361	47.68714
	138.0314	47.68743
	138.0296	47.68893
	138.0277	47.69065
	138.025	47.6915
	138.0196	47.6915
	138.0165	47.6911
	138.0165	47.69113
	138.0161	47.69104
	138.0128	47.6905
	138.0039	47.68907
	138.0011	47.68907
	137.9985	47.68821
	137.9958	47.68771
	137.9935	47.68843
	137.9922	47.69015
	137.9917	47.69322
	137.9927	47.69687
	137.9911	47.6998
	137.9906	47.70123
	137.9907	47.70295
	137.9922	47.70567
	137.992	47.70853
	137.9915	47.7096
	137.9907	47.71103
	137.9911	47.7121
	137.9946	47.71818
	137.9945	47.71968
	137.9938	47.72097
	137.9922	47.72233
	137.9875	47.72369
	137.9835	47.72383
	137.9784	47.72462
	137.9663	47.73184
	137.9628	47.73392
	137.9584	47.73692
	137.9561	47.73785
	137.954	47.73814
	137.9437	47.73885
	137.9373	47.73993
	137.9273	47.74236
	137.9235	47.74357
	137.9212	47.74458
	137.9181	47.74536
	137.9149	47.74586
	137.9101	47.74686
	137.9082	47.74787
	137.9055	47.75073
	137.9021	47.75166
	137.8963	47.75187
	137.8918	47.75116
	137.8882	47.75102
	137.888	47.75087
	137.8849	47.75087
	137.8816	47.75116
	137.8785	47.75166
	137.8765	47.75108
	137.874	47.7498
	137.8721	47.74787
	137.8696	47.74658
	137.8683	47.74486
	137.8672	47.74315
	137.8658	47.74079
	137.8652	47.73893
	137.8631	47.73735
	137.8615	47.73628
	137.8542	47.73363
	137.8506	47.73192
	137.8482	47.7292
	137.8426	47.72913
	137.8396	47.72841
	137.8375	47.72748
	137.8363	47.72748
	137.8342	47.72891
	137.8321	47.72956
	137.8316	47.72956
	137.831	47.72906
	137.8225	47.7292
	137.8215	47.72848
	137.8214	47.72791
	137.8218	47.72705
	137.822	47.72634
	137.8221	47.7229
	137.8207	47.7219
	137.8199	47.7219
	137.8177	47.72319
	137.8162	47.72348
	137.8138	47.72328
	137.8134	47.72323
	137.8082	47.72527
	137.8061	47.72569
	137.8034	47.72491
	137.8004	47.72455
	137.7981	47.72176
	137.7971	47.72155
	137.7968	47.7209
	137.797	47.71911
	137.7943	47.7169
	137.7938	47.71654
	137.7941	47.71389
	137.7951	47.71189
	137.7943	47.70817
	137.7927	47.70617
	137.7888	47.70424
	137.7855	47.70245
	137.7832	47.70238
	137.7828	47.70438
	137.7817	47.70581
	137.7797	47.70688
	137.7769	47.7076
	137.7755	47.70953
	137.7755	47.71153
	137.777	47.71325
	137.7785	47.71418
	137.7791	47.71575
	137.7765	47.71997
	137.7766	47.72054
	137.7753	47.72054
	137.7745	47.72076
	137.7702	47.72097
	137.7671	47.72126
	137.7639	47.72262
	137.7626	47.72391
	137.7597	47.72512
	137.7596	47.72727
	137.7589	47.7282
	137.7582	47.72884
	137.7565	47.72934
	137.7547	47.72999
	137.7526	47.73213
	137.751	47.7327
	137.7483	47.73313
	137.7475	47.73349
	137.7464	47.73442
	137.745	47.73571
	137.7401	47.73771
	137.7375	47.73857
	137.736	47.73871
	137.7322	47.73978
	137.7306	47.74036
	137.7288	47.74215
	137.7267	47.74644
	137.7268	47.74694
	137.7282	47.74822
	137.7279	47.74873
	137.7238	47.75166
	137.7206	47.75452
	137.7196	47.75638
	137.719	47.75781
	137.7191	47.75931
	137.7154	47.76031
	137.7144	47.76124
	137.7119	47.76296
	137.7102	47.76346
	137.7077	47.76324
	137.7061	47.76446
	137.6987	47.76489
	137.6968	47.76396
	137.6934	47.76403
	137.6909	47.76282
	137.6891	47.76167
	137.6886	47.76339
	137.6869	47.76503
	137.6855	47.76639
	137.6834	47.7689
	137.6816	47.76968
	137.6801	47.7699
	137.675	47.7694
	137.6711	47.7689
	137.6693	47.76861
	137.6683	47.76925
	137.6675	47.77018
	137.6667	47.77118
	137.6657	47.77161
	137.6644	47.77183
	137.6638	47.77183
	137.6638	47.77186
	137.6634	47.77184
	137.6622	47.77197
	137.6607	47.77283
	137.66	47.77455
	137.6595	47.77719
	137.6581	47.77898
	137.6557	47.78063
	137.6542	47.78127
	137.6502	47.78105
	137.6461	47.78091
	137.6411	47.78206
	137.6366	47.78334
	137.6348	47.78356
	137.6328	47.78456
	137.6293	47.78878
	137.6271	47.78935
	137.6242	47.7905
	137.623	47.79185
	137.6226	47.79343
	137.6205	47.79443
	137.6178	47.7945
	137.6172	47.7945
	137.615	47.79536
	137.6135	47.79593
	137.611	47.79729
	137.6099	47.79765
	137.6072	47.80144
	137.6057	47.80258
	137.6016	47.80394
	137.5988	47.80494
	137.5967	47.80516
	137.595	47.80501
	137.5932	47.80437
	137.5895	47.80352
	137.5895	47.8035
	137.5873	47.80294
	137.5856	47.80265
	137.5834	47.80287
	137.582	47.80087
	137.5811	47.80001
	137.5792	47.79829
	137.5754	47.79607
	137.5694	47.79493
	137.5681	47.79472
	137.5653	47.79278
	137.5623	47.79007
	137.5575	47.78764
	137.5537	47.78871
	137.5505	47.78985
	137.5479	47.79135
	137.5459	47.79214
	137.5426	47.79236
	137.5422	47.79307
	137.5417	47.79565
	137.5393	47.79736
	137.538	47.79779
	137.5321	47.79822
	137.5306	47.79836
	137.5292	47.79858
	137.5274	47.79858
	137.5211	47.79672
	137.5178	47.79529
	137.5136	47.79269
	137.5136	47.79254
	137.5099	47.78978
	137.5095	47.78892
	137.506	47.79014
	137.503	47.79107
	137.4957	47.79128
	137.4941	47.792
	137.4862	47.79329
	137.4807	47.79279
	137.4785	47.79078
	137.4767	47.78978
	137.4726	47.78942
	137.466	47.78935
	137.4631	47.78778
	137.4605	47.78649
	137.457	47.78585
	137.4545	47.78506
	137.453	47.78442
	137.4505	47.78535
	137.4457	47.78799
	137.4438	47.78928
	137.439	47.78978
	137.4365	47.79252
	137.4363	47.79263
	137.435	47.79443
	137.4299	47.79686
	137.4229	47.79972
	137.4178	47.8033
	137.4135	47.8058
	137.4179	47.80595
	137.4223	47.80616
	137.4259	47.80766
	137.4283	47.80967
	137.4287	47.81138
	137.4289	47.81288
	137.4297	47.81338
	137.4304	47.8136
	137.4307	47.81389
	137.4315	47.81532
	137.4333	47.81574
	137.4345	47.81617
	137.4355	47.81789
	137.4358	47.81961
	137.4388	47.82125
	137.4425	47.82361
	137.4412	47.82697
	137.4422	47.82969
	137.4429	47.83069
	137.4427	47.83248
	137.443	47.83327
	137.444	47.83398
	137.4516	47.83484
	137.4588	47.83942
	137.4603	47.83949
	137.4617	47.83899
	137.4626	47.83885
	137.4638	47.83856
	137.4684	47.84292
	137.4688	47.84357
	137.4688	47.84635
	137.4687	47.84636
	137.4688	47.84662
	137.4691	47.84714
	137.477	47.84986
	137.4776	47.85272
	137.4788	47.85365
	137.4808	47.85444
	137.4824	47.85694
	137.4908	47.85694
	137.4922	47.86145
	137.4948	47.86467
	137.4956	47.86531
	137.5001	47.86467
	137.5014	47.86624
	137.5068	47.86967
	137.5119	47.87425
	137.5132	47.87454
	137.5178	47.87439
	137.5216	47.87446
	137.5236	47.87539
	137.5245	47.87675
	137.5252	47.87825
	137.5269	47.87911
	137.5314	47.8809
	137.5351	47.88126
	137.5376	47.88154
	137.539	47.88142
	137.5395	47.88116
	137.5396	47.88118
	137.5407	47.88061
	137.5453	47.88083
	137.5467	47.88011
	137.5507	47.87976
	137.5545	47.87761
	137.5586	47.87761
	137.5623	47.87883
	137.5648	47.87868
	137.5668	47.87811
	137.5692	47.87661
	137.5723	47.87618
	137.5748	47.87747
	137.576	47.87897
	137.5784	47.88047
	137.5799	47.88183
	137.5819	47.88247
	137.5854	47.88169
	137.5882	47.88262
	137.5913	47.88326
	137.5945	47.88348
	137.5984	47.88541
	137.6007	47.88677
	137.6016	47.88791
	137.6051	47.88948
	137.6063	47.8907
	137.6077	47.89141
	137.609	47.89313
	137.611	47.89785
	137.611	47.899
	137.6104	47.89964
	137.6072	47.9025
	137.6055	47.90486
	137.604	47.90629
	137.6025	47.90929
	137.6005	47.91127
	137.6012	47.91201
	137.6017	47.91659
	137.6055	47.92131
	137.6057	47.9226
	137.6052	47.92403
	137.6033	47.92496
	137.5984	47.92689
	137.5975	47.92739
	137.5961	47.92853
	137.5943	47.92904
	137.5934	47.92968
	137.59	47.92954
	137.5856	47.93175
	137.5838	47.93168
	137.5801	47.93254
	137.5773	47.93261
	137.5712	47.93526
	137.5693	47.93669
	137.5624	47.93705
	137.5603	47.93755
	137.5593	47.93891
	137.5589	47.94026
	137.5579	47.94098
	137.5542	47.9422
	137.5516	47.94334
	137.5499	47.94456
	137.5494	47.94541
	137.5492	47.94699
	137.5479	47.94756
	137.5465	47.94799
	137.5451	47.94785
	137.5437	47.9477
	137.5424	47.94763
	137.5413	47.94813
	137.54	47.94892
	137.5397	47.94978
	137.5397	47.95543
	137.5378	47.9575
	137.536	47.95908
	137.5349	47.96008
	137.5339	47.96122
	137.5328	47.96173
	137.5326	47.962
	137.5325	47.96199
	137.5294	47.96494
	137.5276	47.96723
	137.5239	47.9688
	137.5229	47.96909
	137.5187	47.96937
	137.5161	47.96959
	137.5153	47.97066
	137.515	47.97224
	137.5155	47.97381
	137.516	47.97531
	137.5158	47.97617
	137.5139	47.9766
	137.5079	47.97753
	137.5038	47.97882
	137.4996	47.98168
	137.4983	47.98211
	137.494	47.98339
	137.4897	47.98296
	137.4856	47.98118
	137.4787	47.98068
	137.4746	47.97989
	137.4718	47.98039
	137.4695	47.98118
	137.4584	47.98139
	137.4583	47.98143
	137.4579	47.98139
	137.4515	47.98146
	137.4451	47.98304
	137.4442	47.98339
	137.4406	47.98583
	137.4379	47.98697
	137.4329	47.98726
	137.4278	47.98726
	137.4251	47.98811
	137.4241	47.9889
	137.4236	47.99062
	137.4216	47.99305
	137.4214	47.99498
	137.4226	47.99813
	137.4224	48.00006
	137.4211	48.00163
	137.4201	48.00313
	137.4219	48.01107
	137.4223	48.01207
	137.4207	48.01415
	137.4191	48.01916
	137.4185	48.02159
	137.4166	48.02223
	137.4138	48.02309
	137.4111	48.02481
	137.4105	48.02588
	137.4091	48.02645
	137.4073	48.02624
	137.4055	48.02588
	137.4043	48.02624
	137.4033	48.02709
	137.4028	48.02802
	137.401	48.02845
	137.3996	48.02975
	137.3995	48.02992
	137.3995	48.02995
	137.398	48.03221
	137.3957	48.03426
	137.3926	48.03711
	137.3911	48.03957
	137.3901	48.04043
	137.383	48.04122
	137.3738	48.04102
	137.3721	48.04129
	137.3706	48.04235
	137.3686	48.04414
	137.3652	48.04546
	137.3586	48.04712
	137.3554	48.04831
	137.3538	48.05222
	137.3533	48.05441
	137.35	48.05633
	137.3446	48.05673
	137.3423	48.05699
	137.336	48.05633
	137.3337	48.05851
	137.3334	48.05882
	137.3335	48.05885
	137.3317	48.06123
	137.3303	48.06382
	137.3291	48.06448
	137.3262	48.06501
	137.3228	48.06508
	137.3215	48.06554
	137.3209	48.06687
	137.3213	48.07203
	137.3221	48.07309
	137.3246	48.07482
	137.3272	48.0778
	137.3274	48.07945
	137.3268	48.08005
	137.3228	48.08217
	137.3224	48.08303
	137.3225	48.08933
	137.3224	48.09085
	137.3213	48.09781
	137.3201	48.0988
	137.3134	48.10059
	137.3114	48.10112
	137.3097	48.10238
	137.3087	48.10337
	137.3083	48.10437
	137.3089	48.10543
	137.3094	48.10599
	137.31	48.10636
	137.3116	48.10649
	137.3135	48.10689
	137.3171	48.10828
	137.3186	48.10834
	137.322	48.10848
	137.3266	48.10914
	137.3319	48.1092
	137.3337	48.10861
	137.3356	48.10867
	137.3362	48.10927
	137.3371	48.1092
	137.3401	48.11391
	137.3407	48.11557
	137.3439	48.11894
	137.3455	48.11954
	137.3517	48.11894
	137.3521	48.12113
	137.3517	48.12292
	137.3518	48.12405
	137.3535	48.12789
	137.3545	48.13087
	137.3556	48.1318
	137.3584	48.13399
	137.3625	48.13544
	137.3641	48.13683
	137.3648	48.13902
	137.3649	48.1428
	137.3662	48.14624
	137.3662	48.14811
	137.3662	48.14844
	137.3661	48.14844
	137.3668	48.15274
	137.3696	48.15671
	137.3719	48.15684
	137.3778	48.15241
	137.3792	48.15121
	137.3818	48.15101
	137.3837	48.15188
	137.3867	48.15247
	137.3919	48.15267
	137.3954	48.15393
	137.3984	48.15612
	137.4009	48.15877
	137.403	48.16042
	137.4045	48.16082
	137.4093	48.16294
	137.411	48.16407
	137.4119	48.16513
	137.4136	48.16844
	137.4176	48.17215
	137.4195	48.17381
	137.4204	48.175
	137.4236	48.17752
	137.4248	48.1797
	137.4249	48.18176
	137.4287	48.18481
	137.4313	48.18606
	137.4322	48.18635
	137.4327	48.18638
	137.4327	48.18634
	137.4389	48.18706
	137.4402	48.18984
	137.4438	48.19448
	137.4489	48.19991
	137.4513	48.20296
	137.4561	48.20316
	137.4621	48.20303
	137.4693	48.20283
	137.4753	48.20164
	137.4809	48.19978
	137.4846	48.19799
	137.4875	48.19852
	137.4883	48.20309
	137.4895	48.20455
	137.4914	48.20495
	137.4944	48.20462
	137.4945	48.20462
	137.4945	48.20461
	137.4996	48.20402
	137.5012	48.20369
	137.5034	48.20501
	137.5063	48.20535
	137.5084	48.20462
	137.5128	48.20468
	137.5151	48.20468
	137.5165	48.20369
	137.5178	48.20382
	137.5208	48.20588
	137.5284	48.20448
	137.5293	48.20462
	137.5302	48.20501
	137.532	48.20488
	137.5326	48.20448
	137.5349	48.20515
	137.539	48.2072
	137.5424	48.20899
	137.5459	48.20906
	137.5471	48.20952
	137.5524	48.20978
	137.5538	48.21084
	137.5555	48.21144
	137.5591	48.2123
	137.5602	48.21369
	137.5599	48.21694
	137.5599	48.22012
	137.5616	48.22098
	137.5631	48.22184
	137.5633	48.22363
	137.5653	48.22416
	137.568	48.22502
	137.5689	48.22622
	137.5682	48.22794
	137.5683	48.23158
	137.5675	48.23582
	137.567	48.23722
	137.5673	48.23808
	137.5697	48.24059
	137.5697	48.2406
	137.5718	48.24152
	137.5736	48.24152
	137.5754	48.24219
	137.5821	48.24225
	137.5836	48.24231
	137.5863	48.24285
	137.5905	48.24497
	137.5919	48.2453
	137.5942	48.24431
	137.5995	48.24086
	137.6083	48.23655
	137.6113	48.23529
	137.6156	48.2351
	137.6185	48.2345
	137.6206	48.2343
	137.6238	48.23509
	137.6283	48.23794
	137.63	48.24033
	137.6312	48.24066
	137.6351	48.24106
	137.6376	48.24298
	137.6387	48.24536
	137.6418	48.24848
	137.6443	48.24977
	137.6446	48.2499
	137.6445	48.24992
	137.6463	48.25126
	137.6472	48.25245
	137.6498	48.25318
	137.6563	48.25338
	137.6597	48.25365
	137.6638	48.25318
	137.6672	48.25146
	137.6689	48.2504
	137.6726	48.25014
	137.6782	48.24828
	137.681	48.2455
	137.6865	48.24159
	137.6874	48.23914
	137.6881	48.23774
	137.6882	48.23774
	137.6893	48.23582
	137.6882	48.23496
	137.6871	48.23417
	137.6881	48.23125
	137.6913	48.22979
	137.6928	48.22906
	137.6948	48.22549
	137.695	48.22443
	137.6966	48.2235
	137.6989	48.2235
	137.6997	48.22297
	137.6994	48.21972
	137.7001	48.218
	137.7009	48.21542
	137.7032	48.21369
	137.7041	48.2127
	137.7045	48.21131
	137.7095	48.2117
	137.7133	48.21157
	137.715	48.21151
	137.7168	48.21246
	137.7173	48.21284
	137.7173	48.21288
	137.7281	48.21681
	137.7323	48.21853
	137.7362	48.22105
	137.7376	48.22462
	137.7379	48.22681
	137.7441	48.23079
	137.7466	48.22986
	137.7482	48.22853
	137.7508	48.22754
	137.7519	48.22661
	137.7526	48.22489
	137.7534	48.22456
	137.7547	48.22502
	137.7568	48.22568
	137.7577	48.22595
	137.7633	48.22615
	137.7692	48.2282
	137.7707	48.22999
	137.7737	48.23118
	137.7755	48.23118
	137.7757	48.23158
	137.7805	48.23178
	137.7826	48.23244
	137.7895	48.23205
	137.7897	48.232
	137.7913	48.23006
	137.7916	48.22787
	137.793	48.22668
	137.7972	48.22197
	137.7999	48.22144
	137.8035	48.22018
	137.8093	48.21707
	137.8113	48.21528
	137.8131	48.21469
	137.8161	48.21389
	137.8209	48.21363
	137.8252	48.21263
	137.8295	48.21018
	137.8321	48.20945
	137.8346	48.20932
	137.8394	48.21276
	137.8411	48.21362
	137.8435	48.21329
	137.8468	48.2121
	137.8482	48.21237
	137.8498	48.21482
	137.8513	48.21661
	137.8537	48.2176
	137.8565	48.2182
	137.8609	48.21985
	137.8622	48.21985
	137.8626	48.21989
	137.8626	48.21987
	137.8662	48.22032
	137.8704	48.21965
	137.8719	48.21899
	137.8741	48.21608
	137.8768	48.21203
	137.8786	48.21131
	137.8808	48.21078
	137.8828	48.21084
	137.8843	48.21243
	137.888	48.21588
	137.8884	48.21661
	137.8882	48.21866
	137.8879	48.21992
	137.888	48.22118
	137.8896	48.22343
	137.8954	48.22655
	137.8967	48.22668
	137.8984	48.22668
	137.9006	48.22456
	137.9029	48.22396
	137.9063	48.22376
	137.9082	48.22608
	137.9108	48.22787
	137.9133	48.22767
	137.916	48.22654
	137.9191	48.22681
	137.9214	48.2278
	137.9242	48.22774
	137.9284	48.22807
	137.9313	48.22992
	137.9331	48.23244
	137.933	48.2337
	137.9328	48.23469
	137.9328	48.23655
	137.9344	48.24013
	137.9344	48.24112
	137.9357	48.24351
	137.9362	48.24417
	137.9366	48.24451
	137.9372	48.24506
	137.9372	48.24512
	137.9385	48.24589
	137.9435	48.24662
	137.9484	48.24834
	137.9503	48.24993
	137.9501	48.25053
	137.9477	48.25431
	137.9468	48.25736
	137.9466	48.25987
	137.9479	48.26107
	137.9547	48.26285
	137.957	48.26398
	137.9604	48.26623
	137.9626	48.26941
	137.9642	48.27041
	137.9652	48.27047
	137.9674	48.26988
	137.9707	48.26888
	137.9763	48.26829
	137.9781	48.26842
	137.9807	48.26928
	137.9928	48.27114
	137.998	48.27253
	137.9996	48.27339
	138.0007	48.27493
	138.001	48.27677
	138.0009	48.27809
	137.9996	48.28015
	137.9999	48.28187
	138.0014	48.28573
	138.0015	48.28607
	138.0041	48.2877
	138.0056	48.28889
	138.006	48.29002
	138.0081	48.29154
	138.0082	48.29486
	138.009	48.29658
	138.009	48.29824
	138.0082	48.29956
	138.0083	48.30294
	138.009	48.30546
	138.011	48.30738
	138.0114	48.3091
	138.0123	48.3097
	138.0141	48.3093
	138.015	48.30877
	138.0169	48.30897
	138.0183	48.30983
	138.0222	48.3103
	138.0244	48.31089
	138.0269	48.3095
	138.0273	48.30824
	138.0259	48.30519
	138.0283	48.30374
	138.03	48.30234
	138.0361	48.30201
	138.0386	48.30162
	138.0436	48.29863
	138.0446	48.29844
	138.0478	48.29877
	138.0511	48.29857
	138.0523	48.29857
	138.0536	48.2995
	138.0541	48.30062
	138.0542	48.30181
	138.0553	48.30249
	138.0556	48.3028
	138.0557	48.30278
	138.0587	48.3048
	138.0596	48.30751
	138.0654	48.31102
	138.0681	48.31189
	138.0713	48.31155
	138.0747	48.3101
	138.077	48.30924
	138.0786	48.31056
	138.0805	48.31182
	138.0838	48.31374
	138.0861	48.31672
	138.0872	48.31884
	138.0912	48.3211
	138.0921	48.32302
	138.0926	48.32388
	138.0959	48.325
	138.0985	48.32686
	138.0991	48.32785
	138.1025	48.32673
	138.1054	48.32646
	138.1088	48.32732
	138.1104	48.32777
	138.1111	48.32784
	138.114	48.32732
	138.1167	48.32686
	138.1207	48.32666
	138.1232	48.32666
	138.1264	48.32845
	138.1287	48.32931
	138.1303	48.32951
	138.1323	48.32865
	138.1343	48.32832
	138.1355	48.32852
	138.1368	48.33004
	138.1388	48.3307
	138.1404	48.33156
	138.1412	48.33282
	138.1445	48.33388
	138.1526	48.33388
	138.1559	48.33362
	138.1581	48.33382
	138.1676	48.33647
	138.171	48.33667
	138.1725	48.33633
	138.1741	48.33567
	138.1763	48.33527
	138.1775	48.33759
	138.1789	48.33918
	138.1808	48.34163
	138.1811	48.34276
	138.1824	48.34435
	138.1839	48.34479
	138.1842	48.34481
	138.1842	48.34476
	138.1869	48.34495
	138.1892	48.34627
	138.1893	48.34727
	138.1889	48.348
	138.1876	48.34959
	138.1859	48.35091
	138.1842	48.35303
	138.1834	48.35535
	138.1813	48.3578
	138.1804	48.35893
	138.1803	48.36271
	138.1801	48.36377
	138.1804	48.36767
	138.1808	48.37072
	138.1826	48.3749
	138.1808	48.37609
	138.1803	48.37761
	138.1797	48.37987
	138.179	48.38119
	138.1777	48.38258
	138.176	48.38358
	138.1736	48.38404
	138.1724	48.38477
	138.172	48.3859
	138.1733	48.38894
	138.1748	48.39173
	138.1772	48.39325
	138.1785	48.39504
	138.1787	48.39536
	138.1787	48.39716
	138.178	48.39948
	138.1773	48.40153
	138.1776	48.40299
	138.1788	48.40359
	138.1818	48.40398
	138.1842	48.40345
	138.1884	48.40186
	138.1897	48.4018
	138.19	48.40485
	138.1922	48.40637
	138.193	48.40683
	138.1942	48.40889
	138.1936	48.41147
	138.1934	48.4126
	138.1942	48.41657
	138.1941	48.41737
	138.1934	48.4181
	138.1932	48.41903
	138.1948	48.42062
	138.1967	48.42227
	138.1977	48.42386
	138.1982	48.42532
	138.2	48.42598
	138.2021	48.42552
	138.2038	48.42552
	138.2058	48.42453
	138.2071	48.42472
	138.2078	48.42506
	138.2097	48.42519
	138.2113	48.42499
	138.2123	48.42539
	138.2173	48.42757
	138.2213	48.43108
	138.2248	48.43546
	138.2284	48.43698
	138.2313	48.43857
	138.2328	48.4397
	138.2348	48.44281
	138.236	48.44334
	138.2388	48.44308
	138.2424	48.4425
	138.2427	48.44234
	138.2437	48.44228
	138.2456	48.44434
	138.247	48.44507
	138.2487	48.44579
	138.2513	48.44606
	138.2531	48.44626
	138.2575	48.44778
	138.2619	48.44911
	138.2639	48.44924
	138.2669	48.44858
	138.2688	48.44818
	138.2703	48.44778
	138.2717	48.44878
	138.2744	48.45149
	138.2763	48.45235
	138.2797	48.45295
	138.2837	48.45547
	138.2853	48.45706
	138.286	48.45838
	138.2877	48.45905
	138.2892	48.45931
	138.2925	48.45944
	138.2959	48.46004
	138.298	48.46117
	138.2998	48.46276
	138.305	48.46388
	138.308	48.46454
	138.3106	48.46435
	138.3136	48.46276
	138.3146	48.46195
	138.3148	48.46185
	138.3157	48.4607
	138.3157	48.45858
	138.3171	48.45646
	138.3192	48.45466
	138.3213	48.45434
	138.3235	48.4548
	138.3281	48.45507
	138.3307	48.45189
	138.333	48.45083
	138.3341	48.44811
	138.3352	48.44493
	138.3375	48.44142
	138.3397	48.44036
	138.3422	48.43897
	138.345	48.43811
	138.3495	48.43764
	138.3519	48.43632
	138.3547	48.4346
	138.358	48.43334
	138.3603	48.43367
	138.3625	48.43473
	138.3638	48.43638
	138.3645	48.43824
	138.364	48.43996
	138.3635	48.44082
	138.3643	48.44228
	138.369	48.44268
	138.3716	48.44182
	138.3751	48.44155
	138.3778	48.44135
	138.3802	48.44228
	138.3837	48.44433
	138.384	48.44461
	138.384	48.44465
	138.3852	48.44599
	138.3866	48.44646
	138.3885	48.44646
	138.3894	48.44626
	138.3907	48.4454
	138.3938	48.44447
	138.3966	48.44394
	138.398	48.44288
	138.3983	48.44142
	138.3992	48.4399
	138.4009	48.43884
	138.4055	48.43645
	138.4068	48.43592
	138.4073	48.43406
	138.4083	48.43208
	138.4084	48.43042
	138.4108	48.42876
	138.413	48.4281
	138.4159	48.42784
	138.4171	48.42724
	138.4197	48.42532
	138.4208	48.42499
	138.4246	48.42519
	138.4263	48.42167
	138.4293	48.42128
	138.4362	48.41803
	138.4417	48.41684
	138.4428	48.41624
	138.4448	48.41458
	138.4452	48.41452
	138.4487	48.41273
	138.4519	48.41097
	138.4522	48.41087
	138.4559	48.41034
	138.4594	48.41008
	138.4655	48.41107
	138.4665	48.41134
	138.47	48.41366
	138.472	48.41445
	138.4741	48.41445
	138.4747	48.41326
	138.474	48.41127
	138.4715	48.40836
	138.4712	48.40783
	138.4706	48.40776
	138.4701	48.40677
	138.4703	48.4061
	138.4732	48.40464
	138.4737	48.40034
	138.4734	48.39811
	138.4727	48.39603
	138.4711	48.39398
	138.4691	48.3908
	138.4692	48.38921
	138.4711	48.38768
	138.474	48.38616
	138.4759	48.38463
	138.4808	48.38351
	138.4862	48.38324
	138.4923	48.38245
	138.4951	48.38185
	138.5004	48.38026
	138.5003	48.37894
	138.499	48.37688
	138.498	48.3745
	138.4978	48.37045
	138.4978	48.36672
	138.4977	48.3667
	138.4968	48.36423
	138.496	48.3625
	138.4958	48.35952
	138.493	48.35628
	138.4901	48.35541
	138.4813	48.35528
	138.4786	48.35502
	138.4777	48.35442
	138.4764	48.3523
	138.4758	48.35038
	138.4756	48.34852
	138.4748	48.34746
	138.4726	48.3466
	138.4715	48.3462
	138.4703	48.34488
	138.4683	48.34375
	138.4684	48.34183
	138.4691	48.34037
	138.4695	48.33713
	138.4691	48.33348
	138.4656	48.33063
	138.4647	48.32918
	138.4646	48.32712
	138.4628	48.32129
	138.4625	48.3197
	138.4626	48.31877
	138.4642	48.31732
	138.4666	48.31639
	138.4699	48.31599
	138.4738	48.31592
	138.476	48.31433
	138.4772	48.31288
	138.4812	48.31235
	138.4816	48.31122
	138.481	48.31023
	138.4818	48.3089
	138.4837	48.30751
	138.4845	48.30479
	138.4833	48.30088
	138.4833	48.29817
	138.4838	48.29611
	138.4858	48.29094
	138.4901	48.28962
	138.4922	48.28876
	138.4972	48.28458
	138.5002	48.28293
	138.5027	48.28286
	138.5068	48.28173
	138.5091	48.28107
	138.5131	48.27789
	138.5171	48.27557
	138.5188	48.27391
	138.5215	48.27179
	138.5234	48.2704
	138.5255	48.26989
	138.5256	48.26994
	138.5291	48.26981
	138.5316	48.26895
	138.5362	48.26815
	138.5388	48.26815
	138.5378	48.26629
	138.5386	48.2649
	138.5425	48.26099
	138.5454	48.25722
	138.5456	48.25516
	138.5431	48.25311
	138.542	48.25198
	138.5424	48.24834
	138.5435	48.24754
	138.5475	48.24569
	138.5477	48.24403
	138.5456	48.24304
	138.5437	48.24297
	138.5423	48.24059
	138.5404	48.2378
	138.5388	48.23727
	138.5357	48.23714
	138.5316	48.23429
	138.53	48.2337
	138.5285	48.23383
	138.5272	48.23336
	138.5272	48.23314
	138.5275	48.23313
	138.529	48.23071
	138.529	48.2282
	138.5277	48.22747
	138.5253	48.22707
	138.5248	48.22442
	138.5239	48.22276
	138.5229	48.22124
	138.5233	48.21819
	138.5223	48.21481
	138.5223	48.21394
	138.5233	48.21342
	138.5285	48.21256
	138.5375	48.21176
	138.5414	48.21057
	138.543	48.20852
	138.5424	48.20686
	138.5425	48.20467
	138.5433	48.20368
	138.5439	48.20235
	138.5493	48.19725
	138.5501	48.19652
	138.5559	48.19328
	138.5594	48.19195
	138.561	48.19169
	138.5627	48.1909
	138.5628	48.19087
	138.5663	48.18976
	138.5702	48.18943
	138.573	48.19169
	138.5773	48.19149
	138.5804	48.1899
	138.5827	48.18983
	138.5836	48.18904
	138.5846	48.18764
	138.5872	48.18678
	138.5884	48.18559
	138.5909	48.18499
	138.5944	48.18506
	138.602	48.18009
	138.6044	48.18089
	138.6081	48.18102
	138.6089	48.18155
	138.6132	48.18181
	138.6152	48.18327
	138.6173	48.18307
	138.6186	48.18314
	138.6199	48.18334
	138.6211	48.18301
	138.6235	48.18161
	138.6246	48.18009
	138.626	48.17923
	138.6297	48.17903
	138.6319	48.1787
	138.6353	48.17902
	138.6355	48.179
	138.637	48.18062
	138.6389	48.18261
	138.6404	48.18354
	138.6417	48.18354
	138.6433	48.18477
	138.6447	48.18665
	138.6462	48.18804
	138.6474	48.1899
	138.6478	48.19202
	138.6517	48.19394
	138.6559	48.19434
	138.657	48.19553
	138.6595	48.19619
	138.6604	48.19765
	138.6629	48.19791
	138.6648	48.19911
	138.6713	48.20083
	138.6735	48.20109
	138.6792	48.20308
	138.6837	48.20586
	138.6865	48.20832
	138.6877	48.21083
	138.6876	48.21315
	138.6889	48.21382
	138.6908	48.21269
	138.6916	48.21223
	138.6938	48.21223
	138.6959	48.21289
	138.6997	48.21276
	138.7035	48.21011
	138.704	48.20745
	138.7053	48.20573
	138.7087	48.20315
	138.7107	48.20062
	138.711	48.20028
	138.7111	48.20029
	138.7168	48.19361
	138.7165	48.19235
	138.7164	48.19056
	138.7169	48.1891
	138.7167	48.18532
	138.7171	48.18407
	138.7158	48.18214
	138.7147	48.18161
	138.7129	48.18175
	138.7119	48.18234
	138.7103	48.18115
	138.7095	48.17929
	138.7104	48.17777
	138.7114	48.17605
	138.7114	48.17486
	138.711	48.17419
	138.7116	48.17327
	138.7132	48.17161
	138.7131	48.1669
	138.7148	48.16459
	138.7179	48.1622
	138.7212	48.15856
	138.7251	48.15571
	138.727	48.15451
	138.728	48.15153
	138.7277	48.14947
	138.7277	48.14946
	138.7273	48.14736
	138.7236	48.14093
	138.7169	48.13669
	138.7141	48.13536
	138.7112	48.13536
	138.7071	48.13603
	138.7055	48.13616
	138.7038	48.13543
	138.6987	48.13218
	138.6974	48.13079
	138.6974	48.12973
	138.699	48.12788
	138.7038	48.1255
	138.7042	48.12449
	138.7019	48.12099
	138.7015	48.11794
	138.6999	48.11675
	138.6935	48.11569
	138.6892	48.11463
	138.6881	48.1137
	138.6871	48.11204
	138.6869	48.11158
	138.6863	48.11158
	138.6852	48.10939
	138.683	48.10813
	138.6804	48.10813
	138.6766	48.10939
	138.6739	48.11065
	138.6731	48.11058
	138.6717	48.11012
	138.6701	48.11005
	138.6694	48.10966
	138.6649	48.10959
	138.6633	48.10887
	138.6633	48.10888
	138.6631	48.10879
	138.6616	48.1072
	138.6606	48.10687
	138.6587	48.10694
	138.6572	48.11019
	138.6551	48.1127
	138.6525	48.11575
	138.6514	48.11635
	138.6447	48.11708
	138.6435	48.11801
	138.6433	48.11993
	138.6419	48.12198
	138.6396	48.12258
	138.6367	48.12218
	138.6341	48.12059
	138.6311	48.11761
	138.6296	48.11496
	138.6279	48.1139
	138.6264	48.11376
	138.6242	48.11429
	138.6231	48.11383
	138.6224	48.11297
	138.6227	48.11078
	138.6213	48.10926
	138.6203	48.10853
	138.62	48.10747
	138.6183	48.10601
	138.6179	48.10349
	138.6157	48.10124
	138.6154	48.09998
	138.616	48.09753
	138.6139	48.09415
	138.6138	48.09051
	138.6143	48.0872
	138.6146	48.08514
	138.6132	48.08335
	138.6107	48.0817
	138.6083	48.08064
	138.6077	48.08037
	138.6058	48.07891
	138.6027	48.07706
	138.6019	48.07666
	138.5991	48.07533
	138.5975	48.07441
	138.5968	48.07298
	138.5967	48.07297
	138.5955	48.06977
	138.5937	48.06692
	138.5938	48.065
	138.5948	48.06361
	138.5942	48.0601
	138.5926	48.05923
	138.5887	48.05844
	138.587	48.05738
	138.5822	48.05393
	138.5783	48.05148
	138.5773	48.05029
	138.5749	48.04764
	138.5755	48.04366
	138.5758	48.04214
	138.5771	48.04035
	138.5775	48.03916
	138.5784	48.03763
	138.5781	48.03578
	138.5771	48.03432
	138.5769	48.03174
	138.578	48.02922
	138.58	48.02756
	138.581	48.02637
	138.5827	48.02498
	138.5843	48.02398
	138.585	48.02245
	138.5852	48.02244
	138.5854	48.02067
	138.5866	48.01981
	138.5891	48.01782
	138.591	48.01676
	138.592	48.01477
	138.5932	48.01371
	138.5936	48.01106
	138.5938	48.00934
	138.5951	48.00868
	138.598	48.0053
	138.6011	48.00364
	138.607	48.00185
	138.6095	48.00192
	138.6129	48.00305
	138.6155	48.00371
	138.6174	48.00338
	138.6196	48.00252
	138.6209	48.00271
	138.6231	48.00344
	138.6303	48.00351
	138.636	48.00066
	138.6348	48.0
	138.635	47.999
	138.6372	47.99774
	138.6398	47.99615
	138.6406	47.99576
	138.6415	47.99476
	138.6418	47.99433
	138.6418	47.9943
	138.6446	47.99118
	138.6486	47.98933
	138.6507	47.98675
	138.6527	47.98542
	138.6584	47.98443
	138.6625	47.98204
	138.6662	47.97754
	138.6673	47.97568
	138.6699	47.96998
	138.6719	47.96839
	138.6789	47.96654
	138.6838	47.96534
	138.6879	47.96508
	138.6934	47.96402
	138.6963	47.96256
	138.6975	47.96097
	138.6997	47.95713
	138.7013	47.95613
	138.7026	47.95269
	138.7032	47.95169
	138.7041	47.95063
	138.7049	47.94825
	138.7056	47.94732
	138.7071	47.94649
	138.7074	47.94643
	138.7106	47.94341
	138.7111	47.94089
	138.7118	47.93698
	138.7138	47.93453
	138.7163	47.93089
	138.7193	47.9295
	138.7237	47.9283
	138.7299	47.92883
	138.734	47.9287
	138.7364	47.92724
	138.7378	47.92453
	138.741	47.92294
	138.7442	47.92168
	138.7452	47.92102
	138.746	47.91962
	138.7497	47.91797
	138.7547	47.91386
	138.7566	47.91187
	138.7572	47.91028
	138.7562	47.90697
	138.7541	47.90458
	138.7511	47.901
	138.7487	47.89922
	138.7478	47.89763
	138.7478	47.89567
	138.7477	47.89566
	138.7476	47.89339
	138.7487	47.89179
	138.7511	47.8914
	138.7542	47.89166
	138.7557	47.8916
	138.7574	47.89126
	138.7625	47.8912
	138.7654	47.88974
	138.768	47.88676
	138.7678	47.88716
	138.7689	47.88543
	138.7729	47.88278
	138.7762	47.88179
	138.7817	47.88
	138.7874	47.87907
	138.7902	47.87861
	138.7951	47.87735
	138.7961	47.87675
	138.7988	47.87589
	138.8029	47.87477
	138.8072	47.87477
	138.8158	47.87298
	138.8187	47.87259
	138.8191	47.87261
	138.8191	47.87255
	138.8228	47.87198
	138.8316	47.86814
	138.8322	47.86708
	138.8312	47.8584
	138.8298	47.85754
	138.8226	47.85336
	138.8213	47.85237
	138.82	47.85091
	138.8148	47.8478
	138.8149	47.83726
	138.8206	47.83697
	138.8163	47.83468
	138.8133	47.83395
	138.8092	47.83044
	138.8038	47.82534
	138.8033	47.82408
	138.8049	47.82348
	138.8058	47.82188
	138.806	47.82186
	138.807	47.81917
	138.8058	47.81639
	138.8007	47.81321
	138.7975	47.80957
	138.7937	47.81102
	138.7926	47.81149
	138.7895	47.81129
	138.7868	47.81136
	138.7823	47.80977
	138.7788	47.8097
	138.7751	47.80725
	138.7722	47.80672
	138.7718	47.80453
	138.7701	47.80327
	138.7693	47.80122
	138.7665	47.79923
	138.7582	47.79625
	138.758	47.7934
	138.7593	47.79055
	138.7608	47.78551
	138.7615	47.78161
	138.7615	47.77896
	138.7623	47.7763
	138.765	47.77399
	138.7702	47.77273
	138.7753	47.77187
	138.7762	47.77107
	138.7762	47.77105
	138.775	47.76961
	138.7696	47.76676
	138.7642	47.76358
	138.7627	47.76338
	138.7613	47.76391
	138.7491	47.76855
	138.7465	47.76975
	138.7377	47.76988
	138.7283	47.76709
	138.721	47.76484
	138.7128	47.76319
	138.7102	47.76133
	138.7057	47.75689
	138.7015	47.75585
	138.7013	47.75595
	138.6909	47.75484
	138.6824	47.7506
	138.6717	47.74629
	138.6643	47.74417
	138.6631	47.74291
	138.6579	47.73516
	138.6512	47.73562
	138.6483	47.73748
	138.6463	47.73794
	138.6412	47.73821
	138.6373	47.73887
	138.6358	47.73841
	138.6307	47.7341
	138.6263	47.73154
	138.6263	47.73155
	138.6234	47.72979
	138.6207	47.72979
	138.6178	47.73012
	138.6113	47.73145
	138.6018	47.73105
	138.5949	47.73019
	138.5871	47.72761
	138.5841	47.72535
	138.5834	47.72356
	138.5844	47.72217
	138.5876	47.71873
	138.5808	47.71442
	138.5771	47.71263
	138.5709	47.71283
	138.5679	47.71323
	138.5624	47.71376
	138.5579	47.71502
	138.5558	47.71636
	138.5554	47.71664
	138.5541	47.71714
	138.5521	47.71329
	138.5506	47.70773
	138.5507	47.69984
	138.5498	47.69733
	138.5459	47.69494
	138.5415	47.69355
	138.5321	47.69269
	138.5276	47.6909
	138.525	47.68825
	138.5236	47.68646
	138.5214	47.68547
	138.514	47.68301
	138.51	47.6797
	138.5067	47.67705
	138.5066	47.6748
	138.5072	47.67261
	138.5097	47.67155
	138.5164	47.67215
	138.5198	47.67228
	138.5252	47.67109
	138.5284	47.6689
	138.5297	47.66698
	138.53	47.66675
	138.53	47.66632
	138.5291	47.66519
	138.5292	47.66453
	138.5304	47.66307
	138.5305	47.66168
	138.532	47.65996
	138.5358	47.65817
	138.537	47.6575
	138.5374	47.65591
	138.5376	47.65393
	138.5401	47.65161
	138.5416	47.65075
	138.543	47.64962
	138.5451	47.64843
	138.5479	47.64776
	138.5564	47.64809
	138.5633	47.64856
	138.5644	47.64849
	138.5675	47.64982
	138.5726	47.64862
	138.5751	47.64836
	138.576	47.64763
	138.5762	47.64697
	138.5775	47.64604
	138.5785	47.64606
	138.5806	47.64511
	138.5817	47.64372
	138.5812	47.64147
	138.5801	47.63875
	138.5804	47.63729
	138.5822	47.63564
	138.5828	47.63577
	138.5848	47.63425
	138.5895	47.63292
	138.5918	47.63206
	138.5961	47.63153
	138.6003	47.63034
	138.6041	47.62504
	138.6049	47.62417
	138.6056	47.62292
	138.6113	47.61708
	138.614	47.6149
	138.615	47.61258
	138.6197	47.6096
	138.6221	47.6088
	138.6232	47.60794
	138.6268	47.60648
	138.6304	47.60423
	138.6315	47.60264
	138.6313	47.60198
	138.6274	47.59986
	138.6244	47.59813
	138.6238	47.59734
	138.6235	47.59586
	138.6234	47.59586
	138.6234	47.5957
	138.6228	47.5931
	138.6211	47.59104
	138.6191	47.58926
	138.6173	47.58634
	138.617	47.58349
	138.612	47.5825
	138.6099	47.58097
	138.6074	47.57733
	138.606	47.57428
	138.6028	47.5719
	138.5987	47.56944
	138.5949	47.56746
	138.5923	47.56454
	138.5908	47.56235
	138.591	47.56083
	138.5914	47.55851
	138.5912	47.55705
	138.5902	47.55427
	138.59	47.54857
	138.5904	47.54685
	138.5912	47.54588
	138.5913	47.5459
	138.5914	47.54573
	138.592	47.5446
	138.5915	47.5444
	138.5872	47.54122
	138.5845	47.53704
	138.5841	47.53506
	138.5868	47.5334
	138.5889	47.53254
	138.5887	47.53062
	138.5935	47.52989
	138.5952	47.52903
	138.5971	47.52505
	138.597	47.52512
	138.5971	47.52339
	138.5976	47.52101
	138.5963	47.52002
	138.5896	47.5173
	138.5827	47.51452
	138.5781	47.51372
	138.5758	47.51306
	138.5737	47.51273
	138.5673	47.50902
	138.5626	47.50656
	138.5592	47.50517
	138.5582	47.50365
	138.5577	47.50067
	138.557	47.49775
	138.5528	47.49595
	138.5528	47.49597
	138.5524	47.49587
	138.5437	47.49126
	138.5437	47.49119
	138.5433	47.49046
	138.5427	47.48821
	138.5368	47.48198
	138.5412	47.47887
	138.5414	47.47628
	138.5445	47.47655
	138.5492	47.47834
	138.5513	47.47827
	138.555	47.47715
	138.5577	47.47781
	138.5591	47.47953
	138.5635	47.48026
	138.5673	47.47927
	138.5712	47.48238
	138.5824	47.48178
	138.5919	47.48198
	138.5967	47.48404
	138.5985	47.48359
	138.5991	47.48353
	138.5991	47.48355
	138.6051	47.48225
	138.6026	47.47814
	138.6021	47.47582
	138.6021	47.4729
	138.5997	47.47098
	138.5992	47.46787
	138.5964	47.46515
	138.5961	47.46429
	138.5963	47.46343
	138.6014	47.45926
	138.6027	47.458
	138.6039	47.45316
	138.6087	47.45342
	138.6114	47.45349
	138.6149	47.45243
	138.6201	47.44912
	138.6209	47.44726
	138.6217	47.44474
	138.6234	47.44567
	138.6284	47.44845
	138.6326	47.45077
	138.6381	47.4511
	138.6427	47.45336
	138.6453	47.45329
	138.6466	47.45289
	138.6499	47.45057
	138.6525	47.44978
	138.6595	47.44879
	138.6662	47.45071
	138.6698	47.45071
	138.6714	47.45007
	138.6716	47.44996
	138.6737	47.44938
	138.6784	47.447
	138.6839	47.44521
	138.686	47.44494
	138.6927	47.44368
	138.7008	47.44521
	138.7049	47.44647
	138.7166	47.45276
	138.7219	47.45528
	138.723	47.44951
	138.7226	47.44772
	138.7215	47.44574
	138.7235	47.44395
	138.7253	47.44057
	138.7304	47.44295
	138.735	47.44507
	138.7399	47.44554
	138.7433	47.44587
	138.746	47.44833
	138.7464	47.44867
	138.7465	47.44863
	138.7485	47.44991
	138.7511	47.4509
	138.7577	47.45428
	138.7606	47.45515
	138.7642	47.45621
	138.7687	47.45574
	138.7701	47.45548
	138.7724	47.45521
	138.7738	47.45501
	138.7787	47.45534
	138.7855	47.45561
	138.7915	47.45475
	138.7958	47.45409
	138.7962	47.45912
	138.8009	47.46442
	138.8011	47.46575
	138.8063	47.468
	138.8125	47.46866
	138.819	47.46906
	138.8228	47.46866
	138.8247	47.46813
	138.8266	47.4674
	138.8359	47.46754
	138.8439	47.47005
	138.8468	47.47025
	138.8532	47.47038
	138.8545	47.47038
	138.861	47.47012
	138.8627	47.46959
	138.8648	47.4678
	138.865	47.4678
	138.866	47.46647
	138.8707	47.46363
	138.8738	47.4623
	138.8783	47.45892
	138.8821	47.45673
	138.8833	47.45375
	138.885	47.45163
	138.8879	47.44978
	138.8908	47.44898
	138.8936	47.44879
	138.8939	47.44875
	138.8939	47.4487
	138.8982	47.44825
	138.9095	47.44832
	138.926	47.4468
	138.9333	47.44534
	138.9365	47.44328
	138.9388	47.44057
	138.9431	47.43619
	138.9487	47.43281
	138.9535	47.42917
	138.9592	47.42533
	138.9667	47.42122
	138.9679	47.42042
	138.9686	47.42019
	138.9686	47.42009
	138.9697	47.4193
	138.9653	47.41618
	138.9685	47.41492
	138.9699	47.41353
	138.9716	47.41108
	138.9718	47.40777
	138.9729	47.40618
	138.9753	47.40485
	138.9766	47.4034
	138.9777	47.40194
	138.9826	47.39856
	138.9959	47.39074
	138.999	47.39862
	139.003	47.39909
	139.0083	47.40233
	139.0103	47.40267
	139.0135	47.40227
	139.0195	47.40028
	139.033	47.39604
	140.359	47.02407
	139.8996	46.05011
	138.8453	44.81753
	136.5922	42.44617
	132.8028	41.5286
END
END
