Russia_Moscow Oblast_East
1
	38.07023	56.76108
	38.08206	56.76015
	38.0841	56.75997
	38.10384	56.75972
	38.11258	56.76157
	38.10922	56.76366
	38.12066	56.76464
	38.12896	56.77005
	38.13501	56.76919
	38.13905	56.7714
	38.15632	56.77276
	38.16417	56.76784
	38.19715	56.76833
	38.20608	56.77251
	38.21756	56.77189
	38.24153	56.76065
	38.25072	56.76538
	38.2443	56.79346
	38.27192	56.77361
	38.27955	56.77568
	38.29829	56.76587
	38.29691	56.76461
	38.30435	56.75998
	38.30316	56.73902
	38.30821	56.73237
	38.31954	56.72184
	38.31795	56.71629
	38.31896	56.71079
	38.31409	56.70368
	38.3106	56.70323
	38.30573	56.70449
	38.30389	56.70297
	38.305	56.69823
	38.30145	56.69824
	38.31474	56.67669
	38.31813	56.65858
	38.31362	56.65571
	38.31573	56.65192
	38.31408	56.64834
	38.31481	56.64506
	38.31784	56.64228
	38.32247	56.64062
	38.33328	56.63829
	38.33925	56.63151
	38.34427	56.6308
	38.34465	56.63074
	38.33842	56.62868
	38.33824	56.62606
	38.34072	56.62232
	38.33971	56.61721
	38.33356	56.61575
	38.3353	56.60958
	38.32997	56.60695
	38.33098	56.60381
	38.33528	56.60271
	38.34485	56.59834
	38.35746	56.59691
	38.36292	56.58145
	38.35875	56.57327
	38.33864	56.56363
	38.32444	56.55982
	38.31726	56.56125
	38.31784	56.55888
	38.31454	56.55674
	38.3098	56.55508
	38.31328	56.54952
	38.3075	56.54946
	38.29932	56.54748
	38.28577	56.54241
	38.28568	56.53149
	38.27736	56.53276
	38.27578	56.53355
	38.27379	56.5318
	38.27736	56.52918
	38.27979	56.52687
	38.2681	56.52477
	38.26957	56.52256
	38.27587	56.5242
	38.2827	56.51852
	38.28723	56.51834
	38.28881	56.51604
	38.29063	56.51664
	38.28919	56.51858
	38.29243	56.51843
	38.29204	56.51887
	38.29094	56.52035
	38.2906	56.5211
	38.29043	56.52183
	38.29031	56.52199
	38.29019	56.52223
	38.28932	56.52337
	38.28891	56.52385
	38.28827	56.52484
	38.28798	56.52625
	38.28821	56.52768
	38.28834	56.52811
	38.28835	56.52867
	38.2884	56.5288
	38.29095	56.53003
	38.2917	56.52846
	38.29215	56.5286
	38.29225	56.52828
	38.29216	56.52687
	38.29212	56.52677
	38.29205	56.52636
	38.29213	56.52623
	38.29216	56.52621
	38.29242	56.52591
	38.29252	56.52576
	38.29349	56.52449
	38.2937	56.52415
	38.29377	56.52401
	38.2941	56.5235
	38.29418	56.52331
	38.2944	56.5224
	38.29518	56.52135
	38.29565	56.52085
	38.29589	56.52054
	38.29603	56.52031
	38.29623	56.5199
	38.29653	56.519
	38.29702	56.51834
	38.29935	56.51888
	38.2975	56.51624
	38.29745	56.51586
	38.29751	56.51558
	38.29754	56.51494
	38.29744	56.51398
	38.29737	56.51364
	38.2972	56.51303
	38.29712	56.51285
	38.29737	56.51277
	38.298	56.51265
	38.3009	56.51264
	38.30301	56.51297
	38.30436	56.51324
	38.30587	56.51223
	38.30985	56.51491
	38.3111	56.51435
	38.31216	56.51419
	38.31274	56.51457
	38.31303	56.51457
	38.31311	56.51467
	38.31337	56.51494
	38.31415	56.51539
	38.31437	56.51546
	38.31457	56.51555
	38.31479	56.51567
	38.31491	56.51572
	38.31517	56.51582
	38.3153	56.51586
	38.3158	56.51593
	38.316	56.51594
	38.3162	56.51603
	38.31673	56.5163
	38.31687	56.51634
	38.31726	56.51644
	38.31749	56.51647
	38.31759	56.51647
	38.31785	56.51649
	38.31802	56.51649
	38.31842	56.51645
	38.31864	56.51641
	38.31885	56.51636
	38.31904	56.5163
	38.31953	56.51608
	38.31973	56.51595
	38.32052	56.5155
	38.32078	56.51533
	38.3213	56.51511
	38.32193	56.5149
	38.32231	56.51474
	38.32277	56.51444
	38.32289	56.51433
	38.32332	56.51341
	38.33053	56.51558
	38.33058	56.51528
	38.33128	56.51534
	38.33134	56.51526
	38.33159	56.5151
	38.33198	56.51512
	38.33335	56.51592
	38.33391	56.51591
	38.33446	56.51621
	38.33511	56.51631
	38.33537	56.51653
	38.33504	56.51705
	38.33504	56.51734
	38.33581	56.51765
	38.33923	56.51518
	38.34094	56.51332
	38.33863	56.5119
	38.3381	56.51122
	38.3374	56.51075
	38.33736	56.5107
	38.33706	56.51029
	38.33725	56.50953
	38.33757	56.50906
	38.33595	56.50891
	38.33395	56.50892
	38.3359	56.5055
	38.33029	56.50429
	38.32827	56.50397
	38.32471	56.50356
	38.32025	56.5038
	38.31885	56.50366
	38.31678	56.50267
	38.31625	56.50222
	38.30764	56.50137
	38.29844	56.49496
	38.30349	56.49053
	38.31262	56.49022
	38.31898	56.48671
	38.31925	56.48274
	38.33419	56.48289
	38.34304	56.48106
	38.34553	56.47632
	38.34193	56.47159
	38.34913	56.46395
	38.34028	56.46028
	38.3412	56.46005
	38.34617	56.45885
	38.34961	56.45879
	38.34763	56.45615
	38.35428	56.4528
	38.35497	56.45353
	38.35782	56.45543
	38.35937	56.45834
	38.36066	56.46036
	38.36256	56.46069
	38.365	56.4633
	38.36524	56.46357
	38.36717	56.4639
	38.36892	56.46223
	38.37037	56.46152
	38.37087	56.46146
	38.37239	56.46112
	38.37497	56.45996
	38.3775	56.45616
	38.38184	56.45737
	38.38595	56.45794
	38.38626	56.45782
	38.38667	56.45738
	38.38973	56.45787
	38.39	56.45819
	38.39241	56.45839
	38.39073	56.4598
	38.39435	56.45976
	38.39688	56.45698
	38.39977	56.45521
	38.4008	56.45391
	38.40015	56.45304
	38.39982	56.45181
	38.39958	56.45145
	38.39963	56.45055
	38.39896	56.44945
	38.3987	56.44882
	38.39882	56.44826
	38.39838	56.44765
	38.40136	56.44705
	38.39989	56.44377
	38.40121	56.4416
	38.40535	56.43894
	38.40675	56.43873
	38.40886	56.43721
	38.40946	56.43706
	38.40998	56.4364
	38.4119	56.43588
	38.41398	56.43543
	38.41521	56.43307
	38.41494	56.43274
	38.41428	56.43254
	38.41133	56.4326
	38.40946	56.43247
	38.40892	56.43265
	38.40536	56.43231
	38.4038	56.43215
	38.40203	56.43222
	38.40037	56.43279
	38.39649	56.43245
	38.39612	56.43086
	38.39355	56.42834
	38.39138	56.42679
	38.3929	56.42586
	38.39591	56.42399
	38.39307	56.42202
	38.39154	56.42054
	38.38948	56.41884
	38.39127	56.41598
	38.39036	56.41442
	38.39066	56.41444
	38.39096	56.41443
	38.39115	56.41441
	38.39176	56.41428
	38.39203	56.4142
	38.39237	56.41406
	38.39248	56.414
	38.39305	56.41399
	38.3935	56.41402
	38.39373	56.41401
	38.39568	56.41196
	38.39363	56.41001
	38.39352	56.41001
	38.39329	56.40999
	38.3928	56.40999
	38.39232	56.40928
	38.39183	56.4093
	38.39195	56.40892
	38.39195	56.40887
	38.39181	56.40825
	38.39168	56.40793
	38.38947	56.40679
	38.38909	56.40682
	38.38895	56.40674
	38.3887	56.40641
	38.38807	56.40573
	38.38806	56.40574
	38.38777	56.40543
	38.38762	56.40532
	38.38702	56.40483
	38.38666	56.40457
	38.38656	56.40472
	38.38548	56.40471
	38.38549	56.40417
	38.38459	56.40272
	38.38236	56.40258
	38.38179	56.40063
	38.38216	56.40043
	38.3876	56.39997
	38.38782	56.39993
	38.38792	56.39994
	38.38799	56.39997
	38.38808	56.40003
	38.38814	56.4001
	38.38818	56.40018
	38.38822	56.40022
	38.38829	56.40025
	38.38847	56.40025
	38.3886	56.40023
	38.38868	56.40025
	38.38874	56.4003
	38.38883	56.40035
	38.38892	56.40038
	38.38901	56.40038
	38.38904	56.40039
	38.3892	56.40033
	38.38934	56.40032
	38.38977	56.40026
	38.39514	56.39998
	38.39757	56.40054
	38.39967	56.40123
	38.40049	56.40151
	38.40272	56.40129
	38.40499	56.40027
	38.40389	56.39941
	38.40515	56.39729
	38.4073	56.39564
	38.40755	56.39552
	38.40784	56.39546
	38.40803	56.39538
	38.40814	56.39522
	38.40814	56.39517
	38.40809	56.39514
	38.40794	56.39511
	38.40791	56.39509
	38.40791	56.39502
	38.40796	56.39496
	38.40795	56.39493
	38.40774	56.3948
	38.40773	56.39475
	38.40775	56.39472
	38.40787	56.39467
	38.40815	56.39461
	38.40832	56.39463
	38.40842	56.39461
	38.40854	56.39451
	38.40881	56.39448
	38.40943	56.39477
	38.41021	56.39442
	38.41028	56.39436
	38.41029	56.39432
	38.41028	56.39428
	38.41024	56.39423
	38.41019	56.3942
	38.41018	56.39418
	38.41019	56.39415
	38.41025	56.39413
	38.41052	56.39413
	38.41064	56.39418
	38.41075	56.3942
	38.41084	56.39416
	38.41077	56.39405
	38.4108	56.39401
	38.41087	56.39397
	38.41093	56.39397
	38.41108	56.394
	38.41113	56.39403
	38.4112	56.39403
	38.41124	56.39401
	38.41125	56.39399
	38.41119	56.39393
	38.41119	56.39386
	38.41124	56.39382
	38.4113	56.39382
	38.41143	56.39386
	38.41154	56.39399
	38.41161	56.39402
	38.4117	56.39402
	38.41176	56.39397
	38.41178	56.39393
	38.41185	56.39389
	38.41199	56.39385
	38.41223	56.39385
	38.41231	56.39384
	38.41253	56.39387
	38.41303	56.39396
	38.41332	56.39395
	38.41346	56.39391
	38.4135	56.39385
	38.41352	56.39384
	38.41356	56.39383
	38.41367	56.39383
	38.41372	56.39386
	38.41376	56.39391
	38.41383	56.39391
	38.41391	56.39394
	38.41398	56.39395
	38.41407	56.39399
	38.41426	56.39397
	38.41433	56.39398
	38.41434	56.39399
	38.41447	56.39402
	38.41447	56.39407
	38.4146	56.39423
	38.41461	56.39428
	38.41459	56.39431
	38.41448	56.39434
	38.4145	56.3944
	38.41456	56.39444
	38.41848	56.39508
	38.42489	56.39544
	38.42496	56.39543
	38.42501	56.39539
	38.42504	56.39531
	38.42511	56.39526
	38.4252	56.39525
	38.42529	56.39527
	38.42538	56.39539
	38.42547	56.39544
	38.42558	56.39546
	38.42567	56.39545
	38.42585	56.39533
	38.42592	56.39526
	38.42602	56.39523
	38.42612	56.39525
	38.42622	56.39525
	38.42634	56.39529
	38.42636	56.39533
	38.42636	56.39539
	38.42627	56.39544
	38.42622	56.3955
	38.42637	56.3956
	38.42645	56.39562
	38.42657	56.3956
	38.42666	56.39555
	38.42677	56.39546
	38.42682	56.3954
	38.42693	56.39539
	38.42713	56.39539
	38.4272	56.39541
	38.42733	56.39553
	38.42751	56.39563
	38.42757	56.39563
	38.4276	56.39564
	38.42807	56.39556
	38.42827	56.39564
	38.42861	56.3956
	38.42878	56.3955
	38.4289	56.39548
	38.4293	56.39548
	38.42943	56.39552
	38.42953	56.39552
	38.42958	56.39554
	38.42952	56.39562
	38.42953	56.39567
	38.42966	56.39569
	38.43019	56.39561
	38.43104	56.39565
	38.43176	56.39548
	38.43826	56.39443
	38.43913	56.39421
	38.43964	56.39397
	38.44049	56.39369
	38.44086	56.3935
	38.44089	56.39345
	38.44086	56.39341
	38.44071	56.39333
	38.44068	56.39328
	38.44074	56.39324
	38.44084	56.39322
	38.44095	56.39322
	38.44105	56.39325
	38.44115	56.39332
	38.44124	56.39332
	38.44139	56.39322
	38.44145	56.39313
	38.44203	56.39268
	38.44266	56.39215
	38.44295	56.3917
	38.44305	56.39144
	38.44334	56.39115
	38.44338	56.39084
	38.44349	56.39046
	38.44345	56.39038
	38.44337	56.39029
	38.44337	56.39017
	38.44342	56.39011
	38.4435	56.39006
	38.44352	56.38995
	38.44349	56.38986
	38.44342	56.38975
	38.44341	56.38958
	38.44344	56.38932
	38.44369	56.38904
	38.44368	56.38897
	38.44357	56.38886
	38.44357	56.38878
	38.44371	56.38864
	38.44389	56.38851
	38.44404	56.3885
	38.44422	56.38846
	38.44426	56.38842
	38.44429	56.38836
	38.44428	56.3883
	38.44424	56.38824
	38.44409	56.38819
	38.444	56.38813
	38.444	56.38808
	38.44407	56.38803
	38.4443	56.388
	38.44491	56.38788
	38.44525	56.38783
	38.44553	56.38774
	38.44577	56.38758
	38.44588	56.38746
	38.4461	56.38727
	38.44615	56.38721
	38.44617	56.38714
	38.44625	56.38708
	38.44626	56.38691
	38.44622	56.38686
	38.44622	56.38677
	38.44623	56.38674
	38.4463	56.38667
	38.44632	56.38662
	38.44633	56.38657
	38.44632	56.38648
	38.42242	56.36034
	38.42203	56.34662
	38.42148	56.34564
	38.42156	56.34405
	38.41953	56.34333
	38.41583	56.34267
	38.41476	56.33991
	38.41543	56.33884
	38.41831	56.33861
	38.41929	56.33799
	38.41923	56.33792
	38.41904	56.3378
	38.41879	56.33776
	38.41859	56.3377
	38.41855	56.33767
	38.41855	56.33762
	38.41858	56.33755
	38.41879	56.33746
	38.41914	56.33733
	38.41914	56.33726
	38.41908	56.33723
	38.41905	56.3372
	38.41887	56.33713
	38.41871	56.33709
	38.41855	56.33709
	38.41832	56.33713
	38.41814	56.3372
	38.41796	56.3372
	38.41782	56.33716
	38.41772	56.33709
	38.41767	56.33704
	38.41768	56.33696
	38.41778	56.33692
	38.41783	56.33685
	38.41779	56.33672
	38.41785	56.33666
	38.41792	56.33662
	38.41809	56.33658
	38.41817	56.33659
	38.41823	56.33662
	38.41825	56.33662
	38.41834	56.33667
	38.41842	56.33668
	38.41845	56.33667
	38.41848	56.3366
	38.41848	56.33651
	38.41847	56.33648
	38.4182	56.33635
	38.41814	56.3363
	38.41804	56.33627
	38.41784	56.33629
	38.41778	56.33631
	38.41768	56.33631
	38.41758	56.33628
	38.41755	56.33624
	38.41753	56.33611
	38.41763	56.33605
	38.41776	56.33583
	38.41792	56.33568
	38.41801	56.33564
	38.41806	56.33563
	38.41809	56.33558
	38.41798	56.33547
	38.4179	56.33544
	38.41787	56.33539
	38.41788	56.33535
	38.41796	56.33528
	38.4181	56.33526
	38.4182	56.33526
	38.41839	56.33539
	38.41852	56.33541
	38.41866	56.33541
	38.4187	56.33544
	38.41876	56.33546
	38.41876	56.33554
	38.41879	56.33559
	38.41883	56.33562
	38.4189	56.33564
	38.41897	56.33564
	38.41905	56.33561
	38.41912	56.33557
	38.41919	56.33547
	38.41903	56.33529
	38.41877	56.33519
	38.41865	56.33522
	38.41855	56.33521
	38.41828	56.33508
	38.41825	56.33506
	38.41829	56.33492
	38.41825	56.33487
	38.41817	56.33485
	38.41805	56.33486
	38.4177	56.33486
	38.41756	56.33483
	38.4173	56.33482
	38.41723	56.33479
	38.41725	56.33474
	38.41737	56.33467
	38.41767	56.3346
	38.41774	56.33456
	38.41779	56.33451
	38.41773	56.33441
	38.41763	56.33439
	38.41758	56.33439
	38.41695	56.33451
	38.41678	56.33451
	38.41669	56.33447
	38.41667	56.33443
	38.4167	56.33436
	38.41689	56.33423
	38.41703	56.33419
	38.4171	56.33415
	38.41752	56.33405
	38.41758	56.33403
	38.41762	56.33399
	38.41761	56.33394
	38.41751	56.33384
	38.41742	56.33363
	38.41714	56.33335
	38.41697	56.33327
	38.41678	56.33323
	38.41675	56.33321
	38.4167	56.3332
	38.41667	56.33316
	38.41667	56.33313
	38.41679	56.33301
	38.41703	56.33292
	38.41736	56.33277
	38.41747	56.3327
	38.41753	56.33259
	38.41752	56.33255
	38.41749	56.33252
	38.41746	56.33251
	38.41735	56.33254
	38.41732	56.33254
	38.41723	56.33251
	38.41717	56.33244
	38.41716	56.33238
	38.4172	56.33233
	38.41726	56.3323
	38.41741	56.33228
	38.41762	56.33227
	38.41778	56.33221
	38.41788	56.33215
	38.41794	56.33209
	38.41796	56.33206
	38.41796	56.33202
	38.41788	56.33184
	38.41787	56.33174
	38.41784	56.33168
	38.41778	56.33163
	38.4177	56.3316
	38.41764	56.3316
	38.41762	56.33159
	38.41749	56.33159
	38.41748	56.3316
	38.41735	56.33161
	38.41728	56.33164
	38.41699	56.33181
	38.41687	56.33185
	38.41681	56.33185
	38.41678	56.33186
	38.41666	56.33186
	38.41661	56.33185
	38.41641	56.33184
	38.41615	56.33184
	38.41609	56.33183
	38.41597	56.33177
	38.41587	56.33167
	38.41583	56.33161
	38.41582	56.33151
	38.41575	56.33141
	38.41571	56.33132
	38.41573	56.33126
	38.41584	56.33121
	38.41611	56.33121
	38.41621	56.33117
	38.41632	56.3311
	38.41642	56.33106
	38.41662	56.33101
	38.41674	56.33097
	38.41716	56.33078
	38.41722	56.33077
	38.41733	56.33078
	38.41743	56.33076
	38.41745	56.33072
	38.41741	56.3306
	38.41715	56.33034
	38.41717	56.33029
	38.4172	56.33026
	38.41731	56.33025
	38.41754	56.33029
	38.4176	56.33029
	38.41787	56.33034
	38.41803	56.33033
	38.4181	56.33031
	38.41816	56.33025
	38.41817	56.33022
	38.41815	56.33017
	38.41779	56.32993
	38.41777	56.32989
	38.41777	56.32982
	38.41793	56.32968
	38.41806	56.3296
	38.41835	56.3295
	38.41855	56.32939
	38.41859	56.32935
	38.41853	56.3293
	38.41834	56.32924
	38.41808	56.32923
	38.41786	56.32913
	38.41754	56.32902
	38.41747	56.32897
	38.41736	56.32881
	38.4173	56.32876
	38.41714	56.32872
	38.41696	56.32872
	38.41675	56.3288
	38.41664	56.3288
	38.41634	56.32871
	38.41582	56.32863
	38.41561	56.32858
	38.41558	56.32855
	38.4156	56.32852
	38.41566	56.32848
	38.41562	56.32843
	38.41554	56.32839
	38.41534	56.32835
	38.41507	56.32833
	38.41466	56.32834
	38.41455	56.32833
	38.41431	56.32828
	38.41406	56.32829
	38.41393	56.32831
	38.41373	56.32827
	38.41359	56.32827
	38.41342	56.32828
	38.41333	56.3283
	38.41322	56.3283
	38.41313	56.32827
	38.41307	56.32823
	38.41305	56.32796
	38.41296	56.32778
	38.41299	56.32772
	38.41307	56.32764
	38.41315	56.32761
	38.41342	56.32757
	38.41351	56.32757
	38.41375	56.32751
	38.41384	56.32746
	38.41388	56.32741
	38.41389	56.32736
	38.41395	56.32729
	38.41409	56.32717
	38.41412	56.32713
	38.41423	56.32706
	38.41428	56.32704
	38.41441	56.32674
	38.41441	56.3266
	38.41438	56.32645
	38.4144	56.32641
	38.41453	56.32634
	38.41459	56.32633
	38.4147	56.32633
	38.41487	56.32641
	38.41494	56.32647
	38.41499	56.32652
	38.41501	56.32657
	38.41501	56.32662
	38.41497	56.32674
	38.41498	56.32678
	38.4151	56.32684
	38.41521	56.32685
	38.41532	56.32684
	38.41545	56.32681
	38.41563	56.32676
	38.41578	56.32667
	38.41588	56.32659
	38.41593	56.32652
	38.41595	56.32646
	38.41596	56.32631
	38.41591	56.32609
	38.41598	56.32582
	38.41594	56.32575
	38.41589	56.32571
	38.41579	56.32566
	38.41573	56.32564
	38.4157	56.32564
	38.4156	56.32558
	38.41558	56.32554
	38.41558	56.32548
	38.41566	56.32534
	38.41573	56.32525
	38.41581	56.32523
	38.41591	56.32524
	38.41612	56.3253
	38.41619	56.3253
	38.41626	56.32526
	38.41628	56.32523
	38.41628	56.32519
	38.41622	56.32506
	38.41624	56.32494
	38.41627	56.3249
	38.41639	56.32481
	38.41646	56.32473
	38.4165	56.32466
	38.41651	56.3246
	38.4165	56.32454
	38.41647	56.32449
	38.41633	56.32433
	38.41632	56.3243
	38.41633	56.32426
	38.41642	56.32419
	38.41652	56.32418
	38.41676	56.3242
	38.41693	56.32423
	38.41704	56.32426
	38.41719	56.32433
	38.41729	56.32433
	38.41735	56.32431
	38.41739	56.32428
	38.41741	56.32419
	38.4174	56.32407
	38.41736	56.32397
	38.41724	56.32376
	38.41685	56.32333
	38.41675	56.32326
	38.41663	56.32322
	38.41624	56.32315
	38.41609	56.32314
	38.41568	56.32319
	38.41556	56.32317
	38.41547	56.32314
	38.41545	56.32305
	38.41547	56.32295
	38.41582	56.32261
	38.41595	56.32243
	38.41588	56.32219
	38.41578	56.32207
	38.41543	56.32198
	38.41493	56.32176
	38.41463	56.32152
	38.41457	56.32138
	38.41478	56.32121
	38.41486	56.32101
	38.41495	56.32093
	38.41529	56.32081
	38.41548	56.32064
	38.41551	56.32052
	38.41648	56.32012
	38.41828	56.32003
	38.41853	56.31976
	38.41817	56.3184
	38.41908	56.31821
	38.42399	56.3168
	38.42495	56.31623
	38.42534	56.3162
	38.42715	56.31792
	38.4338	56.31494
	38.43861	56.31269
	38.43831	56.30921
	38.4374	56.3061
	38.43447	56.30628
	38.43355	56.29996
	38.43518	56.30017
	38.4358	56.29223
	38.41778	56.28235
	38.41688	56.28414
	38.41203	56.28294
	38.40719	56.28255
	38.40145	56.28275
	38.39857	56.28374
	38.39699	56.28318
	38.40517	56.27858
	38.40621	56.27757
	38.41063	56.27515
	38.40354	56.27139
	38.39824	56.27149
	38.39618	56.26618
	38.40378	56.26388
	38.40289	56.2602
	38.4013	56.25754
	38.40371	56.25735
	38.403	56.25509
	38.41553	56.25428
	38.40957	56.25152
	38.41319	56.24808
	38.41261	56.2465
	38.41623	56.24451
	38.41676	56.24245
	38.41581	56.24027
	38.41429	56.23558
	38.41461	56.23544
	38.41483	56.23548
	38.41523	56.23535
	38.41558	56.23532
	38.4158	56.23537
	38.41639	56.23538
	38.41676	56.23528
	38.41772	56.23518
	38.41842	56.23477
	38.41858	56.23466
	38.4189	56.23419
	38.41903	56.23412
	38.41931	56.2341
	38.41993	56.2343
	38.42056	56.23443
	38.421	56.23433
	38.42164	56.23397
	38.42183	56.23376
	38.42177	56.23347
	38.42181	56.23312
	38.42196	56.23286
	38.42252	56.23236
	38.42271	56.23183
	38.42317	56.23166
	38.42383	56.23106
	38.42455	56.23073
	38.42555	56.23051
	38.42592	56.23038
	38.42659	56.23035
	38.42691	56.23023
	38.4274	56.23019
	38.42767	56.23014
	38.42788	56.23002
	38.42807	56.22997
	38.42841	56.23006
	38.4285	56.23006
	38.4285	56.23005
	38.42856	56.23003
	38.4287	56.22983
	38.42881	56.22982
	38.42896	56.22984
	38.42914	56.2298
	38.42947	56.22981
	38.42988	56.22977
	38.43026	56.22967
	38.43067	56.22963
	38.4309	56.22936
	38.43087	56.2291
	38.43102	56.22903
	38.4311	56.22892
	38.43106	56.22877
	38.43078	56.22871
	38.43061	56.22832
	38.43057	56.2281
	38.43076	56.22787
	38.43112	56.22776
	38.43257	56.22773
	38.43316	56.22758
	38.43384	56.22733
	38.43404	56.2271
	38.43382	56.22697
	38.4338	56.22692
	38.43412	56.22684
	38.43421	56.22678
	38.43394	56.22664
	38.43395	56.22657
	38.43414	56.22645
	38.43442	56.22634
	38.43433	56.22627
	38.43418	56.22612
	38.43427	56.22592
	38.43458	56.22571
	38.43523	56.22564
	38.43563	56.2255
	38.43644	56.22546
	38.43698	56.22551
	38.43751	56.22544
	38.43795	56.22549
	38.43844	56.22544
	38.4392	56.22506
	38.43957	56.22481
	38.43989	56.22476
	38.44047	56.22477
	38.44115	56.22463
	38.44139	56.22462
	38.44169	56.22484
	38.44199	56.22485
	38.4422	56.22476
	38.44238	56.22454
	38.44202	56.22392
	38.44793	56.21166
	38.45155	56.21075
	38.45689	56.20856
	38.45688	56.20774
	38.45826	56.20565
	38.45945	56.20262
	38.46734	56.2045
	38.47131	56.20445
	38.47364	56.20266
	38.47655	56.20385
	38.47801	56.20456
	38.48004	56.20542
	38.48132	56.20618
	38.48523	56.20674
	38.48732	56.20703
	38.49148	56.20493
	38.4934	56.207
	38.49413	56.20913
	38.49846	56.21214
	38.49992	56.21644
	38.50339	56.21781
	38.51323	56.20589
	38.51452	56.20435
	38.51423	56.20411
	38.51395	56.20369
	38.51407	56.20352
	38.5142	56.20349
	38.5144	56.20357
	38.51453	56.20373
	38.51467	56.20379
	38.51485	56.20378
	38.51496	56.20367
	38.51466	56.20221
	38.51469	56.2024
	38.51449	56.20216
	38.51427	56.20206
	38.51358	56.20193
	38.51338	56.20184
	38.51299	56.20121
	38.51264	56.20091
	38.5121	56.2007
	38.51129	56.20047
	38.5106	56.20009
	38.50988	56.19982
	38.50972	56.19969
	38.50945	56.1985
	38.50947	56.19828
	38.50998	56.19784
	38.51157	56.19737
	38.51194	56.19719
	38.51246	56.19664
	38.51259	56.1964
	38.51261	56.19619
	38.51254	56.196
	38.5121	56.19565
	38.51165	56.19537
	38.51149	56.19509
	38.51148	56.19485
	38.51158	56.19462
	38.51211	56.1938
	38.51209	56.19331
	38.51191	56.19299
	38.51167	56.19269
	38.51128	56.19237
	38.51086	56.19217
	38.50923	56.19159
	38.50843	56.19141
	38.50765	56.19098
	38.50736	56.19089
	38.50675	56.19086
	38.50611	56.19008
	38.50577	56.18986
	38.50501	56.18975
	38.50375	56.18981
	38.50356	56.18974
	38.50345	56.18961
	38.50341	56.18942
	38.50333	56.18939
	38.50268	56.18965
	38.50232	56.18975
	38.50212	56.18984
	38.50183	56.18999
	38.50171	56.18979
	38.50109	56.18947
	38.50109	56.18929
	38.50145	56.18904
	38.50136	56.18888
	38.50139	56.18879
	38.50336	56.18799
	38.50247	56.18755
	38.50193	56.18677
	38.50124	56.18554
	38.50199	56.18332
	38.50202	56.18275
	38.51279	56.18215
	38.51458	56.18235
	38.5157	56.18249
	38.51765	56.18149
	38.52104	56.18215
	38.51572	56.17211
	38.51063	56.16871
	38.51251	56.16716
	38.51281	56.16574
	38.5136	56.16492
	38.51304	56.164
	38.51245	56.16331
	38.5111	56.16298
	38.50988	56.16163
	38.51191	56.15922
	38.51209	56.15907
	38.51227	56.15853
	38.51258	56.15832
	38.51287	56.15804
	38.51304	56.15774
	38.51308	56.15743
	38.51299	56.15696
	38.51289	56.15681
	38.51274	56.15667
	38.51288	56.15652
	38.51299	56.15636
	38.51308	56.1563
	38.51329	56.1563
	38.51348	56.15639
	38.51368	56.15638
	38.51381	56.15643
	38.514	56.15644
	38.51418	56.15637
	38.51453	56.15645
	38.51518	56.15638
	38.5154	56.15617
	38.51553	56.15558
	38.51601	56.15519
	38.51623	56.1551
	38.51651	56.15505
	38.51699	56.15494
	38.51775	56.1549
	38.51848	56.15451
	38.519	56.15405
	38.51928	56.15365
	38.51985	56.1532
	38.51983	56.15299
	38.51941	56.15285
	38.51927	56.15259
	38.51921	56.15242
	38.5194	56.15169
	38.51893	56.15109
	38.51862	56.15093
	38.51857	56.15093
	38.5184	56.15095
	38.51826	56.15102
	38.51814	56.15127
	38.5179	56.15129
	38.51755	56.15123
	38.51741	56.15116
	38.51741	56.15101
	38.51776	56.15072
	38.51753	56.15029
	38.51713	56.15011
	38.51653	56.14995
	38.51582	56.14989
	38.51527	56.14976
	38.51502	56.14962
	38.51495	56.14942
	38.51542	56.1493
	38.51678	56.14914
	38.51704	56.14904
	38.51709	56.14842
	38.51716	56.14823
	38.51731	56.14812
	38.51751	56.14813
	38.51803	56.14841
	38.51808	56.14849
	38.51797	56.1488
	38.51825	56.14885
	38.51889	56.14874
	38.51902	56.14871
	38.51895	56.1484
	38.51859	56.14816
	38.51827	56.14807
	38.51827	56.148
	38.51844	56.14788
	38.51959	56.14816
	38.51973	56.14812
	38.5198	56.14802
	38.51952	56.14772
	38.51954	56.14762
	38.51982	56.14749
	38.51985	56.14737
	38.51988	56.14697
	38.51981	56.1465
	38.51923	56.14557
	38.51917	56.14529
	38.51925	56.14519
	38.51958	56.14512
	38.51964	56.14502
	38.51943	56.14476
	38.51949	56.14459
	38.51985	56.14434
	38.52049	56.14413
	38.52068	56.14401
	38.52066	56.14383
	38.52014	56.14329
	38.52013	56.14309
	38.52031	56.14291
	38.52043	56.14291
	38.52131	56.14321
	38.5217	56.14318
	38.52186	56.14308
	38.52204	56.14281
	38.52226	56.14269
	38.52265	56.14227
	38.52272	56.14212
	38.52268	56.14172
	38.52177	56.14137
	38.52124	56.14103
	38.52112	56.14091
	38.52075	56.14003
	38.52047	56.13971
	38.52015	56.13951
	38.51991	56.13945
	38.51978	56.13947
	38.51984	56.13995
	38.51966	56.14002
	38.51946	56.13997
	38.51914	56.13977
	38.51873	56.13933
	38.51847	56.13922
	38.51831	56.13921
	38.51801	56.13928
	38.5176	56.13951
	38.51698	56.13948
	38.51675	56.13938
	38.51665	56.13923
	38.51673	56.13899
	38.51718	56.13878
	38.5172	56.13872
	38.51727	56.13861
	38.51718	56.13838
	38.51701	56.13825
	38.51687	56.13711
	38.51668	56.13675
	38.51654	56.1366
	38.51642	56.13655
	38.51621	56.13644
	38.51583	56.13648
	38.51535	56.13637
	38.51504	56.13581
	38.51486	56.13571
	38.5145	56.13568
	38.51405	56.13574
	38.51405	56.13603
	38.51397	56.13606
	38.51346	56.13597
	38.51301	56.13572
	38.51283	56.13568
	38.51238	56.13569
	38.51235	56.13554
	38.51261	56.13498
	38.5126	56.13469
	38.51247	56.13442
	38.51224	56.13419
	38.51155	56.13401
	38.51095	56.13346
	38.51045	56.1333
	38.51038	56.13321
	38.51035	56.13271
	38.51042	56.13249
	38.51056	56.13241
	38.51131	56.13241
	38.51194	56.13234
	38.51201	56.13226
	38.51196	56.13216
	38.51106	56.13166
	38.51105	56.13143
	38.51144	56.13124
	38.5117	56.13119
	38.5121	56.13121
	38.513	56.13066
	38.513	56.13056
	38.51219	56.13027
	38.51216	56.13017
	38.51233	56.1297
	38.51225	56.1294
	38.51207	56.12929
	38.5121	56.12912
	38.51317	56.12872
	38.51367	56.12846
	38.5138	56.12826
	38.51382	56.12794
	38.51368	56.12785
	38.51339	56.12785
	38.51297	56.12829
	38.51275	56.12832
	38.51257	56.12827
	38.51252	56.12818
	38.51257	56.12788
	38.51271	56.12773
	38.51307	56.12759
	38.51321	56.12743
	38.51324	56.12722
	38.51259	56.12676
	38.51242	56.12656
	38.51236	56.12637
	38.51264	56.12592
	38.51314	56.1255
	38.51309	56.12499
	38.51355	56.12431
	38.51451	56.12356
	38.51481	56.12341
	38.51513	56.12333
	38.51521	56.12325
	38.51537	56.12325
	38.51562	56.12305
	38.51576	56.12287
	38.51575	56.12276
	38.51609	56.12242
	38.51614	56.12223
	38.51581	56.12079
	38.51588	56.12067
	38.51595	56.12067
	38.51604	56.12065
	38.51681	56.121
	38.51705	56.12098
	38.51726	56.12059
	38.51832	56.11975
	38.51865	56.11969
	38.51936	56.11981
	38.51977	56.11964
	38.51995	56.11941
	38.52024	56.11925
	38.52053	56.11869
	38.52122	56.11839
	38.52156	56.11802
	38.52177	56.11763
	38.52164	56.11691
	38.52195	56.11661
	38.52215	56.1165
	38.52239	56.11644
	38.52262	56.11647
	38.52289	56.11678
	38.52328	56.11696
	38.52366	56.11722
	38.5239	56.11714
	38.52402	56.11691
	38.52422	56.11693
	38.52441	56.11703
	38.5248	56.11749
	38.525	56.11756
	38.52553	56.11727
	38.52692	56.11676
	38.52698	56.11659
	38.5269	56.11633
	38.52697	56.11621
	38.52756	56.11577
	38.52819	56.11552
	38.52856	56.11543
	38.53018	56.11598
	38.53031	56.11601
	38.53045	56.11603
	38.53069	56.116
	38.53178	56.11544
	38.53192	56.11506
	38.53207	56.1149
	38.53218	56.11485
	38.53261	56.11487
	38.53289	56.11482
	38.53308	56.11475
	38.53322	56.11461
	38.53307	56.11378
	38.53246	56.11334
	38.53212	56.11296
	38.532	56.11249
	38.53191	56.11237
	38.53168	56.11214
	38.53126	56.11194
	38.53116	56.1118
	38.53121	56.11168
	38.5316	56.11134
	38.53162	56.11117
	38.53145	56.11107
	38.53096	56.11105
	38.53093	56.11087
	38.53106	56.1105
	38.53082	56.10998
	38.53063	56.10984
	38.53063	56.10973
	38.53086	56.10943
	38.53145	56.10914
	38.53152	56.10899
	38.53137	56.10851
	38.53065	56.10778
	38.53064	56.10726
	38.53054	56.10715
	38.53006	56.10693
	38.52984	56.10677
	38.5299	56.10669
	38.53006	56.10664
	38.53092	56.10668
	38.53112	56.10664
	38.53117	56.10658
	38.53112	56.10636
	38.53097	56.10626
	38.53044	56.1061
	38.53021	56.10592
	38.5301	56.10552
	38.52996	56.1053
	38.52997	56.10513
	38.53029	56.10502
	38.53042	56.10484
	38.53045	56.10397
	38.53034	56.10381
	38.5301	56.10373
	38.52979	56.10386
	38.52954	56.10412
	38.52938	56.10418
	38.52896	56.10404
	38.52889	56.10388
	38.52916	56.10302
	38.52913	56.10295
	38.52886	56.10282
	38.52882	56.10272
	38.52896	56.10239
	38.52942	56.10198
	38.5297	56.10147
	38.52987	56.1008
	38.52999	56.10065
	38.53011	56.10059
	38.53037	56.10062
	38.53053	56.1011
	38.53079	56.1013
	38.53103	56.10129
	38.53126	56.1012
	38.53202	56.10081
	38.53248	56.10051
	38.53256	56.10039
	38.53252	56.10022
	38.5323	56.09997
	38.5323	56.09988
	38.53265	56.09958
	38.53295	56.09946
	38.53356	56.09956
	38.53429	56.09987
	38.53434	56.10007
	38.53425	56.10046
	38.53432	56.10055
	38.53457	56.10066
	38.53463	56.10065
	38.53474	56.10065
	38.53551	56.10034
	38.53561	56.10004
	38.53557	56.0998
	38.53602	56.09875
	38.53592	56.09846
	38.53565	56.09806
	38.53525	56.09768
	38.5352	56.09746
	38.53535	56.09731
	38.53615	56.0972
	38.53646	56.09709
	38.53657	56.09698
	38.53657	56.09691
	38.53654	56.0965
	38.53644	56.09607
	38.53614	56.09592
	38.53094	56.09516
	38.53021	56.09345
	38.52929	56.09093
	38.53202	56.08748
	38.53124	56.08686
	38.5312	56.08678
	38.53141	56.0847
	38.53218	56.0837
	38.53397	56.08156
	38.53488	56.08042
	38.53502	56.08034
	38.53058	56.07837
	38.54293	56.07679
	38.54525	56.07431
	38.54287	56.07164
	38.5452	56.07055
	38.54551	56.06776
	38.54595	56.06495
	38.54773	56.06387
	38.54989	56.06168
	38.55047	56.0619
	38.55156	56.06236
	38.55211	56.0627
	38.55237	56.06253
	38.55255	56.06239
	38.55287	56.06227
	38.5532	56.06217
	38.55367	56.06207
	38.55408	56.0619
	38.55486	56.06145
	38.55509	56.06133
	38.55543	56.06124
	38.55557	56.06123
	38.55578	56.0612
	38.5565	56.06119
	38.5568	56.06118
	38.55685	56.06117
	38.55709	56.06107
	38.55765	56.06064
	38.55829	56.06033
	38.55838	56.06024
	38.55849	56.06005
	38.55859	56.05967
	38.5588	56.05956
	38.55952	56.05928
	38.55975	56.05911
	38.56005	56.05892
	38.56035	56.05858
	38.5605	56.05843
	38.56087	56.0584
	38.56109	56.05844
	38.56139	56.05868
	38.56171	56.05879
	38.56202	56.05882
	38.56234	56.05874
	38.56256	56.05858
	38.5623	56.05808
	38.56195	56.05775
	38.56164	56.05754
	38.56168	56.05741
	38.56182	56.05731
	38.56205	56.05731
	38.56239	56.05756
	38.56267	56.05763
	38.56317	56.05764
	38.56361	56.0576
	38.56382	56.05757
	38.564	56.0576
	38.56434	56.05771
	38.56469	56.05773
	38.56517	56.0577
	38.56545	56.05761
	38.56657	56.05762
	38.567	56.05773
	38.56703	56.05773
	38.56707	56.05783
	38.56691	56.05799
	38.56688	56.05814
	38.56728	56.05851
	38.56753	56.05886
	38.56782	56.05897
	38.56808	56.05898
	38.56861	56.05878
	38.56882	56.05862
	38.56869	56.05833
	38.56854	56.05815
	38.56848	56.05775
	38.56856	56.0575
	38.5687	56.05731
	38.569	56.05726
	38.56927	56.05737
	38.56934	56.05752
	38.56937	56.05773
	38.56941	56.05785
	38.56963	56.05793
	38.56996	56.05788
	38.57011	56.05777
	38.57028	56.05758
	38.57081	56.05732
	38.57106	56.05703
	38.57149	56.05693
	38.57208	56.0571
	38.57265	56.05737
	38.57268	56.0575
	38.57221	56.05768
	38.57189	56.05786
	38.57191	56.05801
	38.57205	56.05815
	38.57249	56.05821
	38.57298	56.05816
	38.57334	56.05831
	38.57338	56.05856
	38.57313	56.05884
	38.57323	56.05902
	38.57358	56.05905
	38.57399	56.05865
	38.5742	56.05832
	38.57424	56.05808
	38.57409	56.05772
	38.57421	56.0575
	38.57435	56.05741
	38.57458	56.05746
	38.57478	56.0579
	38.575	56.05814
	38.57513	56.05835
	38.57522	56.05864
	38.57536	56.05874
	38.5757	56.05874
	38.57587	56.05867
	38.5758	56.0585
	38.57559	56.05832
	38.57558	56.05813
	38.57566	56.05796
	38.57597	56.05791
	38.57638	56.0582
	38.5765	56.05839
	38.57677	56.05849
	38.57713	56.0585
	38.57759	56.05819
	38.57808	56.05747
	38.57835	56.05724
	38.57859	56.05709
	38.57867	56.05705
	38.57885	56.05701
	38.57907	56.05711
	38.5791	56.05741
	38.57927	56.05754
	38.57957	56.05764
	38.5799	56.05779
	38.58002	56.05797
	38.58027	56.05807
	38.58055	56.05804
	38.58059	56.05803
	38.58065	56.05789
	38.58044	56.05745
	38.58092	56.0572
	38.581	56.05704
	38.58099	56.0568
	38.58088	56.05667
	38.58015	56.05655
	38.58008	56.05639
	38.58027	56.05626
	38.58053	56.05623
	38.58064	56.05612
	38.58098	56.05613
	38.58114	56.05627
	38.58119	56.05642
	38.58147	56.0565
	38.58217	56.0565
	38.58236	56.05641
	38.58247	56.05609
	38.58271	56.05584
	38.58288	56.05581
	38.58326	56.05587
	38.5837	56.0558
	38.58399	56.05562
	38.58463	56.05543
	38.58477	56.05548
	38.58484	56.05545
	38.5849	56.05544
	38.58496	56.05527
	38.58468	56.05508
	38.58432	56.05486
	38.58445	56.05427
	38.58468	56.0542
	38.58578	56.05452
	38.58608	56.05442
	38.58635	56.05383
	38.58644	56.05355
	38.58609	56.0529
	38.58481	56.05024
	38.58282	56.0452
	38.58401	56.04388
	38.58504	56.04267
	38.58853	56.04322
	38.5936	56.044
	38.59476	56.04297
	38.595	56.04256
	38.59443	56.04175
	38.59355	56.04136
	38.59203	56.04111
	38.59076	56.04086
	38.59016	56.04014
	38.59041	56.03964
	38.59049	56.0396
	38.59169	56.03915
	38.5918	56.0389
	38.59154	56.03858
	38.59062	56.03806
	38.59051	56.0374
	38.59108	56.0369
	38.59191	56.0369
	38.59301	56.0367
	38.59368	56.03608
	38.5937	56.03545
	38.59347	56.0352
	38.59263	56.03493
	38.59121	56.0337
	38.5907	56.03336
	38.59066	56.03301
	38.5913	56.03255
	38.59237	56.03231
	38.59374	56.03212
	38.59475	56.03202
	38.59491	56.03177
	38.59452	56.03145
	38.59349	56.0311
	38.59333	56.03052
	38.59333	56.02984
	38.59434	56.029
	38.59627	56.02838
	38.59658	56.02794
	38.5964	56.02771
	38.59566	56.02764
	38.59455	56.02776
	38.5938	56.02769
	38.59329	56.02742
	38.59161	56.02698
	38.59092	56.02635
	38.58961	56.02537
	38.58935	56.02508
	38.58929	56.02483
	38.58957	56.02464
	38.58997	56.02463
	38.59051	56.0242
	38.59093	56.0237
	38.5918	56.02319
	38.59261	56.02292
	38.59344	56.02271
	38.59357	56.02243
	38.59369	56.02199
	38.59405	56.02181
	38.59416	56.0218
	38.59468	56.0218
	38.59496	56.02195
	38.59515	56.02207
	38.59552	56.02226
	38.59593	56.02228
	38.59621	56.0221
	38.59617	56.02196
	38.59546	56.02153
	38.59471	56.0211
	38.5937	56.0206
	38.59354	56.02034
	38.59382	56.02012
	38.59452	56.02002
	38.59479	56.02008
	38.59533	56.02017
	38.59692	56.02008
	38.59846	56.02018
	38.59982	56.01989
	38.60068	56.01933
	38.60129	56.01879
	38.60141	56.01824
	38.60115	56.01798
	38.60075	56.01794
	38.60018	56.01805
	38.5998	56.01795
	38.59952	56.01765
	38.59968	56.01745
	38.60069	56.01688
	38.60104	56.01604
	38.60148	56.01587
	38.6025	56.01585
	38.60339	56.01563
	38.60374	56.01541
	38.60355	56.01512
	38.60371	56.01491
	38.6042	56.01492
	38.60503	56.01561
	38.60535	56.0158
	38.60594	56.01581
	38.60643	56.01562
	38.60649	56.01541
	38.60613	56.0153
	38.60567	56.01525
	38.60537	56.01502
	38.60541	56.01469
	38.60563	56.01435
	38.60622	56.01427
	38.60679	56.01447
	38.60705	56.01482
	38.60709	56.0151
	38.6069	56.01568
	38.6069	56.01609
	38.60764	56.01627
	38.60878	56.01659
	38.60937	56.01677
	38.61086	56.01656
	38.61171	56.01606
	38.61252	56.01536
	38.61258	56.0151
	38.61227	56.01449
	38.61142	56.01447
	38.61101	56.01445
	38.60994	56.01451
	38.60966	56.01435
	38.60973	56.01414
	38.61008	56.0137
	38.6101	56.01336
	38.60974	56.01325
	38.60914	56.01324
	38.60862	56.01305
	38.60794	56.01247
	38.60707	56.012
	38.60528	56.01164
	38.60355	56.01126
	38.60306	56.01096
	38.59852	56.01221
	38.59777	56.01091
	38.59415	56.00494
	38.59147	56.00451
	38.59071	56.00485
	38.59032	56.00513
	38.5896	56.00531
	38.58874	56.00507
	38.5886	56.00462
	38.58872	56.00448
	38.58885	56.00434
	38.58927	56.00417
	38.59005	56.00374
	38.59019	56.00339
	38.58972	56.00307
	38.58898	56.00304
	38.58829	56.00324
	38.58786	56.00306
	38.58769	56.00254
	38.58748	56.00244
	38.58738	56.00247
	38.58722	56.00254
	38.58703	56.0028
	38.58657	56.00299
	38.58577	56.00309
	38.58515	56.00289
	38.58517	56.00256
	38.58615	56.00197
	38.58663	56.00157
	38.58677	56.00113
	38.5864	56.00074
	38.58574	56.00064
	38.58449	56.00089
	38.58357	56.0008
	38.58268	56.00028
	38.58192	56.00011
	38.58135	56.00006
	38.58116	55.99989
	38.58112	55.99928
	38.58084	55.99899
	38.58022	55.99894
	38.57996	55.99922
	38.57983	55.99987
	38.57952	56.00039
	38.57897	56.00073
	38.57889	56.00077
	38.57809	56.00074
	38.57743	56.00048
	38.57622	55.9991
	38.576	55.99868
	38.57639	55.99836
	38.5773	55.99809
	38.57748	55.99789
	38.57717	55.99754
	38.57767	55.99723
	38.58032	55.9955
	38.57721	55.99404
	38.57407	55.99514
	38.57324	55.99432
	38.57358	55.99413
	38.57397	55.99411
	38.57456	55.99422
	38.57521	55.99421
	38.57595	55.99389
	38.57661	55.99365
	38.57828	55.99349
	38.57908	55.99324
	38.57942	55.99282
	38.5792	55.9924
	38.57852	55.9919
	38.57858	55.99159
	38.57901	55.99144
	38.58062	55.99162
	38.58114	55.99144
	38.58159	55.99078
	38.58218	55.99007
	38.58254	55.99001
	38.58265	55.99
	38.58326	55.99017
	38.58361	55.99017
	38.58426	55.98998
	38.5847	55.99
	38.58498	55.9902
	38.58486	55.99073
	38.5851	55.99096
	38.58603	55.99114
	38.58799	55.99121
	38.58941	55.991
	38.58964	55.9907
	38.5892	55.99038
	38.58885	55.99004
	38.58911	55.98977
	38.59087	55.98912
	38.5913	55.98881
	38.59132	55.98805
	38.59146	55.98777
	38.59353	55.98706
	38.59419	55.98669
	38.59394	55.98636
	38.59562	55.98663
	38.59798	55.98126
	38.60462	55.97846
	38.61113	55.9769
	38.61144	55.97692
	38.61208	55.97694
	38.61687	55.97744
	38.61879	55.97766
	38.62649	55.97901
	38.64069	55.98114
	38.64289	55.98199
	38.6466	55.98237
	38.65513	55.98401
	38.65611	55.98408
	38.66072	55.98447
	38.66547	55.98502
	38.67651	55.98689
	38.67997	55.98732
	38.68391	55.98783
	38.69203	55.98893
	38.69649	55.98785
	38.71572	55.98324
	38.72679	55.98066
	38.72757	55.98052
	38.73143	55.97987
	38.73293	55.97561
	38.73672	55.97506
	38.73728	55.97497
	38.74495	55.97063
	38.74929	55.96778
	38.75074	55.96655
	38.75415	55.96388
	38.75743	55.96206
	38.75887	55.9613
	38.76258	55.95958
	38.76738	55.95744
	38.77052	55.95598
	38.77098	55.95575
	38.77242	55.95456
	38.7753	55.95191
	38.77639	55.95154
	38.78202	55.94987
	38.78738	55.94652
	38.79182	55.94442
	38.79746	55.94278
	38.80693	55.94042
	38.81631	55.93257
	38.81958	55.93121
	38.82322	55.92935
	38.82346	55.92896
	38.82447	55.92716
	38.82559	55.92716
	38.82626	55.92614
	38.82739	55.92315
	38.82999	55.91988
	38.83162	55.92034
	38.83337	55.91899
	38.83539	55.91706
	38.8354	55.91642
	38.83528	55.91591
	38.83539	55.91561
	38.83651	55.91546
	38.83794	55.91508
	38.83838	55.91481
	38.83821	55.91375
	38.84158	55.91589
	38.8514	55.92145
	38.85952	55.92613
	38.86656	55.9301
	38.87127	55.93336
	38.88504	55.9452
	38.88786	55.94523
	38.89013	55.94454
	38.89665	55.94665
	38.89823	55.94671
	38.90064	55.94707
	38.90318	55.94515
	38.90608	55.94155
	38.90921	55.9407
	38.91466	55.93698
	38.91858	55.93591
	38.91942	55.93353
	38.92122	55.93406
	38.92342	55.93426
	38.93053	55.93403
	38.9341	55.93324
	38.93924	55.93224
	38.94242	55.93252
	38.9572	55.93095
	38.95908	55.93507
	38.96977	55.93685
	38.97793	55.93843
	38.98614	55.93983
	38.98846	55.93927
	39.00068	55.94241
	39.00673	55.94686
	39.00844	55.9493
	39.02024	55.95041
	39.02008	55.94997
	39.02439	55.94609
	39.02683	55.94569
	39.02946	55.94453
	39.03085	55.94573
	39.03211	55.9473
	39.03431	55.9479
	39.0363	55.94841
	39.03688	55.94857
	39.03767	55.94909
	39.03903	55.95037
	39.04303	55.95005
	39.0442	55.95012
	39.0453	55.94856
	39.04738	55.94694
	39.04757	55.94575
	39.04875	55.94543
	39.04875	55.94476
	39.04912	55.9429
	39.04701	55.94224
	39.04194	55.94206
	39.03873	55.94038
	39.0385	55.93925
	39.03606	55.93869
	39.03538	55.93745
	39.03311	55.93773
	39.03161	55.93579
	39.02836	55.93517
	39.0244	55.93725
	39.02788	55.93888
	39.02413	55.94234
	39.02255	55.94253
	39.02077	55.94256
	39.01834	55.94328
	39.01675	55.9441
	39.01337	55.94191
	39.01306	55.94127
	39.01235	55.93988
	39.01047	55.93773
	39.00961	55.93785
	39.00797	55.93702
	39.00808	55.93621
	39.01004	55.9346
	39.01144	55.93397
	39.01127	55.93333
	39.00985	55.93126
	39.01159	55.93084
	39.01367	55.92997
	39.01365	55.92852
	39.01699	55.92744
	39.01887	55.92733
	39.01925	55.9273
	39.02078	55.92683
	39.02303	55.9268
	39.02802	55.92463
	39.02925	55.92408
	39.03035	55.92339
	39.03226	55.92283
	39.03635	55.92222
	39.04256	55.92143
	39.04353	55.92172
	39.04393	55.92225
	39.04461	55.92358
	39.0472	55.92546
	39.04891	55.92579
	39.05018	55.92676
	39.05017	55.92828
	39.04964	55.92949
	39.05002	55.93051
	39.05224	55.9309
	39.05259	55.9321
	39.05146	55.93276
	39.05173	55.93313
	39.05206	55.93341
	39.05237	55.93386
	39.0522	55.93458
	39.05141	55.9352
	39.05233	55.93534
	39.0529	55.94032
	39.05525	55.94041
	39.05395	55.94204
	39.05709	55.94211
	39.05753	55.94123
	39.0593	55.94001
	39.05954	55.93981
	39.0587	55.93931
	39.05827	55.93895
	39.05818	55.93879
	39.05819	55.93856
	39.0585	55.93833
	39.06048	55.93832
	39.06099	55.93825
	39.0613	55.938
	39.06123	55.93766
	39.06081	55.93748
	39.0603	55.93735
	39.0597	55.93732
	39.05916	55.93762
	39.0586	55.93758
	39.0582	55.93739
	39.05819	55.93674
	39.05844	55.9361
	39.05963	55.93539
	39.06007	55.93556
	39.06061	55.93575
	39.06115	55.93641
	39.06189	55.93648
	39.0623	55.93619
	39.0618	55.93468
	39.06082	55.93417
	39.05982	55.93451
	39.05894	55.93513
	39.0582	55.93505
	39.05681	55.93424
	39.05764	55.93377
	39.05958	55.93345
	39.06048	55.9327
	39.06199	55.9326
	39.06301	55.93262
	39.06381	55.93257
	39.06401	55.93255
	39.06457	55.93236
	39.06473	55.93213
	39.0646	55.93175
	39.06444	55.9316
	39.06398	55.93143
	39.06333	55.93128
	39.06186	55.93124
	39.06067	55.93147
	39.05945	55.93147
	39.05862	55.93128
	39.05834	55.93098
	39.05835	55.93096
	39.05811	55.93068
	39.05841	55.93031
	39.05969	55.93015
	39.06075	55.93037
	39.06153	55.93021
	39.06181	55.92975
	39.06126	55.92948
	39.06008	55.92972
	39.05888	55.92965
	39.05855	55.92951
	39.05773	55.92933
	39.05757	55.92893
	39.05757	55.9287
	39.05678	55.92872
	39.05661	55.92895
	39.05646	55.9295
	39.05596	55.92996
	39.05555	55.93027
	39.05495	55.93052
	39.05449	55.93061
	39.05407	55.9306
	39.05357	55.93045
	39.05319	55.93026
	39.05304	55.93014
	39.05297	55.92971
	39.05344	55.92932
	39.05412	55.92898
	39.05505	55.92894
	39.05607	55.9284
	39.05689	55.92817
	39.05679	55.92764
	39.05776	55.92752
	39.05859	55.92736
	39.05866	55.927
	39.05797	55.92608
	39.05728	55.92622
	39.05624	55.92662
	39.0557	55.92663
	39.05567	55.92662
	39.0553	55.92658
	39.05505	55.92646
	39.05478	55.92629
	39.05478	55.92575
	39.05506	55.9252
	39.05536	55.92474
	39.05582	55.92396
	39.05523	55.92308
	39.05405	55.92197
	39.05334	55.92212
	39.05265	55.9223
	39.05184	55.92243
	39.05146	55.92237
	39.05122	55.92229
	39.05106	55.92221
	39.05076	55.92196
	39.05063	55.92176
	39.05072	55.92148
	39.05086	55.92123
	39.05076	55.92109
	39.05071	55.92109
	39.05062	55.92111
	39.0503	55.92115
	39.04965	55.92125
	39.04879	55.92135
	39.04737	55.91951
	39.04655	55.9184
	39.04386	55.91829
	39.04161	55.91822
	39.03972	55.9167
	39.03922	55.915
	39.03748	55.91283
	39.0382	55.91087
	39.03744	55.91064
	39.0355	55.91169
	39.03462	55.91259
	39.03173	55.91225
	39.03214	55.91052
	39.03038	55.90972
	39.02888	55.90829
	39.032	55.90729
	39.03285	55.90681
	39.03537	55.90615
	39.03794	55.90562
	39.03849	55.90466
	39.03998	55.90483
	39.04067	55.9049
	39.04171	55.90499
	39.04455	55.90368
	39.04598	55.90377
	39.04925	55.90262
	39.05333	55.8998
	39.05172	55.89846
	39.05151	55.89698
	39.05154	55.89569
	39.05251	55.89433
	39.05378	55.89379
	39.05451	55.89316
	39.05307	55.89267
	39.05277	55.89238
	39.05264	55.89221
	39.05285	55.89171
	39.0533	55.89129
	39.05469	55.891
	39.05747	55.8912
	39.06036	55.89269
	39.06146	55.89385
	39.06207	55.89403
	39.06251	55.89398
	39.06319	55.89372
	39.06385	55.89327
	39.06431	55.89272
	39.06446	55.89236
	39.06433	55.89156
	39.06278	55.8911
	39.06214	55.8909
	39.06061	55.89029
	39.06007	55.88936
	39.0604	55.88824
	39.06401	55.88653
	39.06459	55.88565
	39.06435	55.88385
	39.06712	55.88258
	39.07238	55.88192
	39.07563	55.88155
	39.07752	55.88062
	39.07748	55.8796
	39.07366	55.87838
	39.07339	55.87675
	39.07699	55.87294
	39.07657	55.87006
	39.07512	55.86875
	39.0737	55.8684
	39.07175	55.86817
	39.07003	55.86793
	39.0687	55.86723
	39.06757	55.86643
	39.06697	55.86751
	39.06646	55.86765
	39.06525	55.86815
	39.06509	55.86821
	39.0645	55.8684
	39.06403	55.86849
	39.06332	55.86855
	39.06235	55.86853
	39.06196	55.86849
	39.06136	55.86835
	39.06054	55.86821
	39.06	55.86803
	39.05923	55.86765
	39.05772	55.8668
	39.05726	55.86676
	39.05596	55.86651
	39.04762	55.86877
	39.04516	55.86736
	39.04657	55.86491
	39.05298	55.86318
	39.05439	55.86279
	39.05431	55.86275
	39.05397	55.86176
	39.05552	55.86227
	39.0555	55.86187
	39.05651	55.8607
	39.05796	55.86061
	39.0593	55.86059
	39.05917	55.85734
	39.05985	55.85735
	39.05984	55.85754
	39.06113	55.8578
	39.06286	55.85817
	39.06587	55.85869
	39.07007	55.85843
	39.07142	55.85838
	39.07191	55.85969
	39.07225	55.86005
	39.07274	55.86045
	39.07345	55.86091
	39.07474	55.86116
	39.07521	55.86126
	39.07876	55.86159
	39.07967	55.8618
	39.08757	55.8637
	39.09025	55.86344
	39.09307	55.86276
	39.09661	55.8621
	39.10359	55.86028
	39.1029	55.85829
	39.10226	55.85416
	39.10091	55.84672
	39.10425	55.84684
	39.10603	55.84586
	39.1076	55.84503
	39.10804	55.84611
	39.10981	55.84691
	39.11353	55.84723
	39.11444	55.84629
	39.11648	55.84565
	39.11728	55.8457
	39.11807	55.84607
	39.11978	55.84674
	39.11998	55.84737
	39.12136	55.84783
	39.12178	55.84713
	39.12383	55.84634
	39.12473	55.84735
	39.12813	55.84646
	39.12962	55.8471
	39.13223	55.84704
	39.13459	55.84649
	39.13767	55.84593
	39.13762	55.84645
	39.13638	55.84709
	39.13499	55.84951
	39.14341	55.85404
	39.14686	55.8535
	39.14917	55.85383
	39.14986	55.85431
	39.15004	55.85491
	39.15548	55.84998
	39.15727	55.84857
	39.15763	55.84764
	39.16322	55.84439
	39.16766	55.84004
	39.17606	55.83898
	39.17692	55.84355
	39.1844	55.84672
	39.1901	55.84678
	39.19031	55.84634
	39.19275	55.84492
	39.19382	55.84415
	39.19491	55.84329
	39.19647	55.84466
	39.19967	55.84563
	39.20244	55.8439
	39.20483	55.84214
	39.24	55.84513
	39.2406	55.84546
	39.25963	55.84063
	39.27683	55.84144
	39.27922	55.84756
	39.28037	55.85098
	39.29358	55.8562
	39.30637	55.86066
	39.31179	55.86067
	39.31947	55.86256
	39.32037	55.86422
	39.32717	55.86486
	39.33358	55.86274
	39.32645	55.85676
	39.32635	55.85098
	39.32717	55.848
	39.31904	55.84546
	39.31008	55.84234
	39.29779	55.83434
	39.29596	55.83203
	39.30222	55.81812
	39.30891	55.8058
	39.32107	55.80281
	39.31935	55.78458
	39.32252	55.77924
	39.32584	55.77302
	39.33609	55.77125
	39.35191	55.76856
	39.35956	55.76976
	39.37939	55.77728
	39.38134	55.77652
	39.38854	55.783
	39.3884	55.78525
	39.38965	55.78572
	39.39042	55.78506
	39.39272	55.78585
	39.40276	55.7858
	39.40538	55.77971
	39.40617	55.77819
	39.40805	55.77823
	39.41053	55.77856
	39.4183	55.77999
	39.42291	55.78076
	39.4254	55.78124
	39.42939	55.78197
	39.43412	55.78124
	39.43728	55.78078
	39.43702	55.78043
	39.43613	55.7793
	39.43325	55.77802
	39.43014	55.77687
	39.42675	55.77534
	39.42493	55.77443
	39.42358	55.77377
	39.42364	55.77345
	39.42556	55.77346
	39.42748	55.77344
	39.43225	55.77343
	39.43548	55.77345
	39.43622	55.77347
	39.43868	55.77351
	39.44143	55.77352
	39.44872	55.77352
	39.45115	55.77353
	39.45317	55.77352
	39.45981	55.77356
	39.46206	55.77359
	39.46488	55.77359
	39.46699	55.77355
	39.47008	55.77356
	39.4701	55.76573
	39.46886	55.75118
	39.47171	55.75053
	39.4722	55.75041
	39.47027	55.74699
	39.48133	55.74614
	39.48284	55.74499
	39.48649	55.74519
	39.48851	55.74521
	39.49961	55.74527
	39.50941	55.74536
	39.51147	55.74537
	39.51325	55.74528
	39.51414	55.74527
	39.51993	55.74523
	39.52114	55.74523
	39.52149	55.76414
	39.52165	55.76707
	39.52291	55.78021
	39.52347	55.78726
	39.57757	55.78814
	39.59496	55.78848
	39.59475	55.79816
	39.62752	55.79902
	39.62791	55.80545
	39.63283	55.80537
	39.64404	55.80521
	39.64379	55.7957
	39.66076	55.79539
	39.66066	55.79295
	39.66062	55.78572
	39.70341	55.78744
	39.70256	55.79464
	39.70164	55.80424
	39.69637	55.80433
	39.69676	55.81409
	39.71385	55.81387
	39.71439	55.82349
	39.72155	55.82343
	39.72896	55.82426
	39.7312	55.82488
	39.7315	55.83316
	39.7321	55.84235
	39.75546	55.84179
	39.75647	55.84154
	39.75735	55.84131
	39.76151	55.84048
	39.76221	55.84033
	39.76446	55.84006
	39.76586	55.83988
	39.76782	55.83945
	39.76969	55.83929
	39.77194	55.83918
	39.77382	55.83941
	39.77618	55.83988
	39.77806	55.84054
	39.77935	55.84088
	39.78073	55.8411
	39.78325	55.84167
	39.78414	55.84173
	39.78539	55.84165
	39.78678	55.84152
	39.78762	55.84135
	39.78862	55.84105
	39.7894	55.84074
	39.79038	55.84022
	39.7911	55.83949
	39.79162	55.83853
	39.79192	55.83781
	39.7921	55.83704
	39.792	55.83613
	39.79176	55.83548
	39.79131	55.83485
	39.78946	55.83307
	39.78905	55.83245
	39.78887	55.83192
	39.78888	55.83151
	39.78917	55.83102
	39.78958	55.83051
	39.79013	55.83014
	39.79077	55.82987
	39.79172	55.8297
	39.79284	55.82969
	39.7957	55.82971
	39.79662	55.8299
	39.79789	55.83021
	39.7989	55.83069
	39.79968	55.83147
	39.80011	55.83219
	39.80036	55.83286
	39.80074	55.83357
	39.80131	55.83436
	39.80196	55.83494
	39.80267	55.83541
	39.80349	55.83585
	39.80435	55.83607
	39.8052	55.83627
	39.80622	55.83637
	39.80679	55.83635
	39.8073	55.83621
	39.8082	55.83591
	39.80884	55.83579
	39.80985	55.83572
	39.81217	55.83567
	39.81611	55.83538
	39.81775	55.83538
	39.81908	55.8355
	39.8201	55.83571
	39.82083	55.83609
	39.82173	55.83686
	39.82235	55.83759
	39.82271	55.83825
	39.82271	55.8388
	39.82261	55.83917
	39.82242	55.83966
	39.82246	55.83995
	39.82275	55.84024
	39.82329	55.8406
	39.82385	55.84077
	39.8244	55.8408
	39.82506	55.84064
	39.82571	55.84045
	39.82603	55.84035
	39.82632	55.84015
	39.82669	55.83985
	39.82703	55.83961
	39.82756	55.83945
	39.82807	55.83926
	39.82872	55.83926
	39.82948	55.83953
	39.83014	55.83985
	39.83094	55.84036
	39.83149	55.84075
	39.83214	55.84104
	39.83274	55.84114
	39.8334	55.84112
	39.83382	55.841
	39.83398	55.84071
	39.83393	55.8399
	39.83367	55.83908
	39.8336	55.8385
	39.8347	55.83609
	39.83506	55.83587
	39.83558	55.83577
	39.83625	55.83578
	39.837	55.83596
	39.83805	55.83642
	39.83953	55.83691
	39.84338	55.83799
	39.84601	55.83893
	39.84802	55.83978
	39.84989	55.84061
	39.85078	55.84116
	39.85141	55.84164
	39.85145	55.84168
	39.85166	55.84222
	39.85225	55.84202
	39.85487	55.84134
	39.85645	55.84063
	39.85684	55.83999
	39.85407	55.83849
	39.866	55.83243
	39.88272	55.83307
	39.8891	55.8332
	39.89235	55.82771
	39.89568	55.82675
	39.89709	55.82408
	39.89995	55.82334
	39.90158	55.822
	39.90196	55.82134
	39.90048	55.81393
	39.8974	55.81127
	39.90924	55.80293
	39.90958	55.7976
	39.90606	55.79694
	39.9081	55.7933
	39.90099	55.78994
	39.90055	55.78727
	39.89993	55.78645
	39.89734	55.78353
	39.8968	55.78298
	39.89764	55.78212
	39.90233	55.7759
	39.90308	55.77487
	39.90375	55.77369
	39.89672	55.77011
	39.8922	55.76776
	39.89222	55.76775
	39.8943	55.76286
	39.89437	55.76274
	39.89463	55.76136
	39.89456	55.76095
	39.89474	55.76069
	39.89509	55.75979
	39.89513	55.75949
	39.89524	55.75931
	39.89537	55.75905
	39.89579	55.75808
	39.89646	55.75686
	39.89657	55.75661
	39.89683	55.75593
	39.8971	55.7555
	39.8976	55.75447
	39.89765	55.75444
	39.89783	55.75397
	39.89809	55.75341
	39.89906	55.75176
	39.89914	55.75171
	39.9	55.75049
	39.90006	55.75025
	39.90267	55.74473
	39.90286	55.74392
	39.90287	55.7437
	39.90327	55.74291
	39.90299	55.74204
	39.90305	55.7419
	39.90895	55.74256
	39.92594	55.73317
	39.93334	55.72028
	39.9347	55.71986
	39.93615	55.71952
	39.9362	55.7195
	39.95838	55.72252
	39.96995	55.71207
	39.97567	55.70654
	39.98098	55.70122
	39.98347	55.69854
	39.98433	55.69765
	39.989	55.69314
	39.99428	55.68766
	40.01442	55.6869
	40.02249	55.68136
	40.02658	55.67861
	40.03799	55.67088
	40.04349	55.66719
	40.0467	55.66344
	40.05034	55.65937
	40.05359	55.65534
	40.05022	55.64617
	40.04844	55.641
	40.04699	55.63657
	40.04145	55.63532
	40.04506	55.63319
	40.04846	55.63146
	40.04925	55.63124
	40.05331	55.62915
	40.06338	55.62382
	40.06543	55.62261
	40.06722	55.62161
	40.07397	55.618
	40.07957	55.61499
	40.08189	55.61373
	40.08413	55.61246
	40.08774	55.61065
	40.09316	55.60769
	40.08717	55.60043
	40.07575	55.58757
	40.0757	55.58589
	40.07568	55.58236
	40.07484	55.57724
	40.06981	55.57807
	40.06431	55.57827
	40.05931	55.5802
	40.0537	55.58053
	40.04901	55.58147
	40.04855	55.58155
	40.04683	55.58188
	40.04783	55.58006
	40.04988	55.5761
	40.04786	55.56789
	40.04801	55.56761
	40.04899	55.56694
	40.04937	55.56137
	40.04921	55.55792
	40.04901	55.53164
	40.04887	55.5265
	40.06087	55.52649
	40.06324	55.52553
	40.06329	55.52553
	40.07321	55.52687
	40.0743	55.52641
	40.07683	55.52537
	40.10297	55.52871
	40.10785	55.52761
	40.11118	55.52795
	40.11453	55.52831
	40.11895	55.5293
	40.13377	55.52792
	40.13463	55.52605
	40.14282	55.52378
	40.1472	55.52493
	40.15754	55.52714
	40.1678	55.52662
	40.17298	55.5219
	40.17218	55.521
	40.17258	55.52077
	40.17244	55.5201
	40.17122	55.51992
	40.16959	55.51928
	40.16968	55.519
	40.16955	55.51861
	40.16967	55.51841
	40.16949	55.5181
	40.16862	55.51742
	40.16682	55.51676
	40.16648	55.51641
	40.16648	55.51619
	40.16674	55.51593
	40.16771	55.51561
	40.16813	55.51541
	40.16823	55.51525
	40.16828	55.51495
	40.16796	55.51461
	40.16758	55.51424
	40.16737	55.51395
	40.16734	55.51382
	40.16729	55.51359
	40.16733	55.5131
	40.16767	55.51274
	40.16859	55.51256
	40.16966	55.51204
	40.1698	55.51202
	40.16986	55.51202
	40.1705	55.51215
	40.17093	55.51213
	40.17137	55.51193
	40.17183	55.51179
	40.17192	55.5116
	40.17192	55.51142
	40.17141	55.51093
	40.17079	55.51018
	40.17041	55.50979
	40.17043	55.50948
	40.17094	55.50901
	40.17138	55.50842
	40.17164	55.50811
	40.17135	55.50801
	40.17109	55.50774
	40.17095	55.50656
	40.17119	55.50619
	40.17192	55.50592
	40.17263	55.50589
	40.17367	55.5061
	40.17473	55.50644
	40.17494	55.50648
	40.17598	55.50662
	40.17912	55.50601
	40.1841	55.505
	40.19175	55.50373
	40.19456	55.50209
	40.19873	55.49952
	40.19889	55.49936
	40.19915	55.49916
	40.19947	55.49901
	40.19978	55.49871
	40.2001	55.49832
	40.20048	55.49741
	40.2004	55.49665
	40.19997	55.496
	40.19957	55.49569
	40.19887	55.49526
	40.19806	55.49457
	40.19684	55.49262
	40.19642	55.49167
	40.19623	55.49091
	40.19582	55.48897
	40.19567	55.48794
	40.19561	55.48767
	40.19622	55.48672
	40.1964	55.48632
	40.19655	55.48606
	40.1964	55.48591
	40.19613	55.48568
	40.19606	55.48521
	40.19625	55.48468
	40.19697	55.48362
	40.19702	55.48323
	40.19679	55.48286
	40.19661	55.48263
	40.19642	55.48246
	40.19642	55.48226
	40.19654	55.48172
	40.19668	55.48132
	40.19661	55.48119
	40.19645	55.4811
	40.19632	55.48111
	40.19617	55.48115
	40.19594	55.4811
	40.19577	55.48096
	40.19568	55.47965
	40.19552	55.47922
	40.19536	55.4789
	40.19537	55.47841
	40.19544	55.47782
	40.19541	55.47743
	40.19533	55.47722
	40.195	55.47702
	40.1944	55.47707
	40.18996	55.47704
	40.18622	55.47224
	40.18731	55.47059
	40.18675	55.46768
	40.19403	55.46191
	40.17311	55.46079
	40.16306	55.46028
	40.15854	55.46228
	40.1534	55.46059
	40.15234	55.45672
	40.1413	55.45073
	40.1454	55.44583
	40.14078	55.43961
	40.14462	55.43603
	40.14633	55.43449
	40.14634	55.43336
	40.14585	55.43133
	40.1459	55.42972
	40.1458	55.42484
	40.14563	55.42442
	40.14288	55.42101
	40.14274	55.42076
	40.14242	55.41944
	40.14257	55.41811
	40.14469	55.41834
	40.14644	55.41795
	40.14873	55.41692
	40.1496	55.41448
	40.15709	55.40942
	40.16099	55.40673
	40.16687	55.40263
	40.17071	55.39987
	40.17354	55.39781
	40.17815	55.39455
	40.17883	55.39398
	40.17958	55.3918
	40.19092	55.36501
	40.19613	55.35913
	40.19924	55.35429
	40.19994	55.35301
	40.20214	55.34855
	40.20008	55.34737
	40.18088	55.33592
	40.1789	55.33483
	40.19953	55.32171
	40.20569	55.31576
	40.19149	55.31489
	40.18437	55.31444
	40.183	55.31384
	40.1795	55.31206
	40.17595	55.30527
	40.17264	55.29837
	40.16973	55.29244
	40.16644	55.28543
	40.16307	55.28064
	40.16109	55.27792
	40.15917	55.27533
	40.15311	55.27392
	40.15203	55.27372
	40.1521	55.27349
	40.15255	55.27355
	40.15315	55.27348
	40.1538	55.27335
	40.15417	55.27313
	40.15436	55.27289
	40.15439	55.2728
	40.15416	55.27267
	40.15415	55.2726
	40.15424	55.27251
	40.15427	55.27244
	40.15422	55.27236
	40.15429	55.27226
	40.15431	55.27218
	40.15438	55.27209
	40.1545	55.27201
	40.15467	55.27196
	40.15479	55.27188
	40.15481	55.27178
	40.15485	55.27173
	40.15499	55.27168
	40.15507	55.27161
	40.15522	55.27156
	40.15529	55.27158
	40.1553	55.27161
	40.15526	55.27165
	40.1553	55.27173
	40.15537	55.27175
	40.15561	55.27173
	40.15594	55.27162
	40.15614	55.27149
	40.15624	55.27138
	40.15626	55.27123
	40.15621	55.27104
	40.15599	55.27085
	40.1556	55.2702
	40.15553	55.27006
	40.15557	55.26993
	40.15563	55.26984
	40.15581	55.26983
	40.15593	55.26978
	40.1562	55.26962
	40.15649	55.26939
	40.15664	55.26923
	40.15667	55.26904
	40.15663	55.26888
	40.15635	55.26856
	40.15608	55.26829
	40.15544	55.268
	40.15532	55.26787
	40.15521	55.2678
	40.15482	55.26775
	40.15429	55.2676
	40.15612	55.26523
	40.15464	55.26439
	40.15201	55.26448
	40.1475	55.26454
	40.1413	55.26455
	40.13666	55.26465
	40.12848	55.265
	40.12759	55.26499
	40.12684	55.26479
	40.12515	55.26391
	40.12401	55.26304
	40.11968	55.26026
	40.1182	55.25947
	40.11503	55.2581
	40.1063	55.25747
	40.09643	55.25703
	40.09405	55.25689
	40.08554	55.25474
	40.07575	55.25111
	40.06546	55.24869
	40.06366	55.24807
	40.06085	55.2458
	40.06031	55.24535
	40.06006	55.24487
	40.06144	55.2438
	40.06179	55.2433
	40.06201	55.2428
	40.05642	55.23926
	40.05551	55.23901
	40.04902	55.23838
	40.04821	55.23839
	40.04475	55.23756
	40.0434	55.23705
	40.0421	55.23629
	40.04159	55.23615
	40.04056	55.23608
	40.03918	55.23602
	40.03783	55.23592
	40.03726	55.23575
	40.03726	55.236
	40.03713	55.23622
	40.03699	55.23627
	40.03663	55.23633
	40.03639	55.23647
	40.03635	55.23666
	40.03626	55.23679
	40.03614	55.2368
	40.03583	55.23671
	40.0356	55.2367
	40.03534	55.23677
	40.03479	55.23715
	40.03442	55.23746
	40.03414	55.23786
	40.03407	55.23838
	40.03417	55.23887
	40.03446	55.2393
	40.03605	55.24026
	40.03606	55.24048
	40.0359	55.24065
	40.03589	55.24087
	40.03599	55.24098
	40.036	55.2411
	40.03584	55.24125
	40.03584	55.24135
	40.03591	55.24151
	40.0356	55.24166
	40.03561	55.24183
	40.03536	55.24192
	40.03425	55.24121
	40.03138	55.23788
	40.02953	55.23488
	40.02594	55.23182
	40.02482	55.23037
	40.02278	55.22986
	40.02182	55.22935
	40.0211	55.22825
	40.01223	55.22611
	40.00469	55.22408
	40.00739	55.22062
	40.00556	55.21908
	40.00299	55.21643
	40.00339	55.21354
	40.00066	55.21211
	39.997	55.20999
	39.997	55.20151
	39.99391	55.1999
	39.99357	55.20032
	39.99329	55.20062
	39.99239	55.2015
	39.99218	55.20184
	39.99189	55.20249
	39.99177	55.203
	39.99179	55.20328
	39.99178	55.20347
	39.99172	55.20364
	39.99162	55.20378
	39.99143	55.20399
	39.99129	55.20418
	39.99116	55.20446
	39.99113	55.20465
	39.99112	55.20495
	39.99107	55.20534
	39.99088	55.20562
	39.99067	55.20605
	39.99029	55.20664
	39.99024	55.2069
	39.99013	55.20704
	39.99001	55.20712
	39.98988	55.20733
	39.98933	55.20782
	39.98929	55.20792
	39.98922	55.20803
	39.98903	55.2081
	39.98895	55.20817
	39.98889	55.20832
	39.98888	55.20841
	39.98881	55.20855
	39.98853	55.20897
	39.98846	55.20925
	39.98843	55.20963
	39.98839	55.21133
	39.98826	55.21172
	39.98748	55.21332
	39.98612	55.21313
	39.98496	55.21274
	39.98352	55.21221
	39.98063	55.21166
	39.97894	55.21147
	39.97742	55.21142
	39.97604	55.21153
	39.97464	55.2119
	39.9734	55.21234
	39.9726	55.2128
	39.9718	55.21316
	39.97062	55.21359
	39.96953	55.21382
	39.96878	55.21386
	39.96818	55.21384
	39.96762	55.21373
	39.96709	55.21352
	39.96663	55.21305
	39.96629	55.21249
	39.96454	55.21056
	39.9641	55.21034
	39.96335	55.21025
	39.96211	55.21021
	39.96031	55.20987
	39.95903	55.20922
	39.95751	55.20814
	39.95537	55.20743
	39.953	55.20748
	39.95035	55.20797
	39.9489	55.20866
	39.94822	55.20918
	39.94598	55.21044
	39.94566	55.21101
	39.94564	55.21177
	39.9454	55.2122
	39.94517	55.21333
	39.945	55.21366
	39.9444	55.21411
	39.9435	55.21448
	39.94245	55.21477
	39.94127	55.21508
	39.93929	55.2154
	39.93812	55.21547
	39.93698	55.2153
	39.93589	55.21505
	39.93517	55.21474
	39.93477	55.2142
	39.93407	55.21367
	39.93338	55.2135
	39.93252	55.21337
	39.93187	55.21342
	39.93028	55.21381
	39.92722	55.21437
	39.9263	55.21464
	39.92583	55.21485
	39.92543	55.21505
	39.92502	55.21507
	39.92472	55.21516
	39.92424	55.21519
	39.92362	55.21518
	39.92306	55.21524
	39.92282	55.21528
	39.92251	55.21531
	39.92223	55.21529
	39.92197	55.21523
	39.9216	55.21521
	39.92104	55.2151
	39.92008	55.21494
	39.91895	55.21471
	39.91773	55.21426
	39.91675	55.21388
	39.91378	55.21298
	39.91347	55.2129
	39.91317	55.21287
	39.91252	55.21287
	39.911	55.21294
	39.91074	55.21291
	39.91023	55.21276
	39.90877	55.21239
	39.90856	55.21237
	39.90828	55.21238
	39.90801	55.21229
	39.90779	55.21218
	39.90749	55.21207
	39.90543	55.21089
	39.90043	55.20836
	39.89797	55.20789
	39.89778	55.20788
	39.89717	55.20781
	39.89699	55.20778
	39.8947	55.20748
	39.89291	55.2072
	39.89223	55.20718
	39.89104	55.20707
	39.89036	55.20704
	39.8901	55.20702
	39.8882	55.20685
	39.88778	55.2068
	39.88681	55.20655
	39.8865	55.20641
	39.88583	55.20604
	39.88484	55.20528
	39.8834	55.20414
	39.88312	55.20398
	39.88286	55.20387
	39.88262	55.20382
	39.88236	55.20379
	39.88191	55.20379
	39.88129	55.20374
	39.88014	55.20357
	39.87856	55.20348
	39.8774	55.20334
	39.87641	55.20332
	39.8762	55.20329
	39.87542	55.20324
	39.87366	55.20308
	39.8729	55.20303
	39.87275	55.20303
	39.87116	55.20292
	39.8709	55.20288
	39.87005	55.20285
	39.86964	55.2028
	39.8692	55.20276
	39.8685	55.20274
	39.86828	55.20271
	39.86813	55.2027
	39.86783	55.20263
	39.867	55.20267
	39.86661	55.20266
	39.86609	55.20274
	39.86581	55.20276
	39.86515	55.20275
	39.8649	55.20276
	39.86424	55.20273
	39.86413	55.20275
	39.86381	55.20277
	39.86292	55.2028
	39.86255	55.2028
	39.86222	55.20282
	39.86142	55.20282
	39.86029	55.20288
	39.85987	55.20294
	39.85951	55.20294
	39.85873	55.20297
	39.85825	55.20302
	39.85748	55.20299
	39.85731	55.203
	39.85647	55.20295
	39.85615	55.20292
	39.85526	55.20278
	39.85505	55.20276
	39.85467	55.20274
	39.85439	55.20269
	39.85397	55.20267
	39.85355	55.20262
	39.85249	55.20253
	39.85214	55.20254
	39.85105	55.20249
	39.85042	55.20245
	39.84941	55.20243
	39.84907	55.20243
	39.84869	55.20246
	39.84855	55.20246
	39.84814	55.20242
	39.84798	55.20239
	39.84765	55.20237
	39.84731	55.20239
	39.84706	55.20239
	39.84688	55.2024
	39.84673	55.20241
	39.84635	55.20246
	39.84614	55.20246
	39.84595	55.20248
	39.84551	55.20255
	39.84526	55.2026
	39.8447	55.20268
	39.84437	55.20275
	39.84365	55.20302
	39.84314	55.20323
	39.83785	55.20453
	39.82154	55.19921
	39.81267	55.1948
	39.81318	55.19085
	39.80757	55.18887
	39.80692	55.18859
	39.80578	55.18805
	39.8021	55.18696
	39.79975	55.18662
	39.79484	55.18795
	39.79154	55.18706
	39.78807	55.18653
	39.7845	55.18619
	39.78326	55.18399
	39.78559	55.1808
	39.78491	55.17879
	39.7734	55.17613
	39.772	55.17487
	39.76912	55.17146
	39.77039	55.16859
	39.76849	55.16645
	39.76788	55.16594
	39.76076	55.16138
	39.76005	55.16023
	39.75707	55.15703
	39.75617	55.15618
	39.75465	55.15457
	39.75389	55.15374
	39.75477	55.15073
	39.75526	55.14927
	39.74884	55.14867
	39.74076	55.14725
	39.73843	55.14709
	39.73391	55.14367
	39.72635	55.139
	39.71514	55.13019
	39.7115	55.12563
	39.70875	55.12167
	39.70564	55.11741
	39.71071	55.1177
	39.71421	55.11784
	39.73155	55.11892
	39.73223	55.11882
	39.74129	55.11926
	39.74718	55.11932
	39.75045	55.11939
	39.75597	55.11947
	39.75933	55.11908
	39.76824	55.11744
	39.77514	55.11637
	39.77862	55.12308
	39.77906	55.12342
	39.78093	55.12548
	39.78207	55.1262
	39.78273	55.12586
	39.7836	55.12562
	39.78373	55.12573
	39.78504	55.12644
	39.78527	55.12676
	39.7851	55.12691
	39.78585	55.12757
	39.78667	55.12733
	39.78745	55.12775
	39.79906	55.13761
	39.80773	55.13443
	39.81199	55.1348
	39.81917	55.13558
	39.8231	55.13605
	39.82372	55.13404
	39.82528	55.1293
	39.82605	55.12674
	39.82685	55.12475
	39.82867	55.12051
	39.83426	55.11561
	39.83628	55.11523
	39.84322	55.11409
	39.84696	55.11403
	39.85372	55.11388
	39.8596	55.11372
	39.86256	55.11114
	39.85784	55.10185
	39.85635	55.10011
	39.84861	55.08493
	39.84941	55.0828
	39.84709	55.08224
	39.84452	55.07734
	39.84068	55.07054
	39.83489	55.05966
	39.83409	55.05836
	39.83348	55.05719
	39.83201	55.05477
	39.82957	55.05111
	39.82687	55.04702
	39.82225	55.04025
	39.82035	55.03759
	39.81815	55.03436
	39.81713	55.03211
	39.81244	55.02254
	39.80555	55.00827
	39.80426	55.00522
	39.79114	55.02156
	39.79411	55.02737
	39.79577	55.03051
	39.79138	55.03132
	39.79153	55.03205
	39.77374	55.03516
	39.77185	55.03093
	39.77156	55.02968
	39.77102	55.01935
	39.76997	55.00397
	39.75322	55.00437
	39.74091	55.00469
	39.73251	55.00489
	39.71688	55.00531
	39.71048	55.00542
	39.70128	55.00564
	39.70126	55.00797
	39.68492	55.01102
	39.66922	55.01397
	39.66914	55.0144
	39.66957	55.02543
	39.62974	55.02525
	39.62537	55.02508
	39.62518	55.0235
	39.62213	55.01925
	39.62253	55.01723
	39.6225	55.01668
	39.62048	55.01183
	39.618	55.00505
	39.61758	55.00038
	39.60685	54.99057
	39.60288	54.98801
	39.59456	54.98842
	39.58634	54.98818
	39.58026	54.98844
	39.5652	54.98759
	39.55941	54.98862
	39.5491	54.98885
	39.53769	54.98733
	39.53213	54.98442
	39.52376	54.98606
	39.51752	54.98388
	39.52167	54.97624
	39.52197	54.97239
	39.52058	54.96975
	39.51443	54.96736
	39.5122	54.96418
	39.50416	54.95779
	39.50024	54.95704
	39.49243	54.95307
	39.48548	54.95037
	39.48361	54.9489
	39.47889	54.94788
	39.47517	54.94587
	39.47497	54.94496
	39.4748	54.93684
	39.47227	54.93558
	39.47136	54.9343
	39.46784	54.93287
	39.46583	54.93141
	39.4659	54.93088
	39.46555	54.93145
	39.46623	54.92182
	39.46943	54.91855
	39.47642	54.92125
	39.47775	54.92025
	39.47955	54.91967
	39.48199	54.91704
	39.48215	54.91486
	39.48094	54.91283
	39.47827	54.91139
	39.47367	54.9095
	39.4865	54.90143
	39.47821	54.90223
	39.47608	54.90213
	39.47504	54.90234
	39.47381	54.90196
	39.46945	54.90191
	39.46451	54.90269
	39.46138	54.90196
	39.46058	54.89945
	39.46055	54.89837
	39.46162	54.89785
	39.46172	54.89719
	39.46225	54.89703
	39.46621	54.89239
	39.46084	54.89124
	39.45413	54.89088
	39.45097	54.89056
	39.44885	54.88999
	39.44708	54.8881
	39.42953	54.88613
	39.43538	54.87706
	39.41711	54.86967
	39.40793	54.86858
	39.40732	54.86748
	39.40665	54.86684
	39.40572	54.8663
	39.40527	54.86674
	39.4036	54.86669
	39.40255	54.8663
	39.4007	54.866
	39.3986	54.86625
	39.39645	54.86373
	39.39542	54.86232
	39.39443	54.86127
	39.39373	54.86012
	39.39268	54.85888
	39.39166	54.85847
	39.39086	54.8578
	39.38935	54.85597
	39.38911	54.8552
	39.38949	54.8543
	39.3905	54.85395
	39.41518	54.83991
	39.39044	54.82857
	39.38579	54.82696
	39.38547	54.82642
	39.38502	54.82593
	39.38515	54.8255
	39.38576	54.82512
	39.3874	54.82472
	39.38755	54.8244
	39.38721	54.82391
	39.38599	54.82336
	39.38548	54.8228
	39.38189	54.81959
	39.37609	54.81417
	39.37478	54.81158
	39.36972	54.80814
	39.36518	54.80217
	39.3643	54.80011
	39.36235	54.80063
	39.36129	54.79983
	39.35845	54.78498
	39.36282	54.78273
	39.3625	54.78258
	39.36129	54.78252
	39.35917	54.78222
	39.35563	54.78136
	39.35474	54.78201
	39.35329	54.78226
	39.35188	54.77996
	39.35107	54.78008
	39.35025	54.77984
	39.34935	54.77919
	39.34909	54.7786
	39.34862	54.77833
	39.34715	54.77823
	39.34659	54.77803
	39.34553	54.77739
	39.34469	54.77682
	39.34417	54.77682
	39.34309	54.77729
	39.34218	54.77709
	39.34166	54.77706
	39.34132	54.7771
	39.34102	54.77665
	39.34051	54.77618
	39.34035	54.77589
	39.34045	54.77536
	39.33999	54.77511
	39.33868	54.77509
	39.33825	54.77498
	39.33774	54.77452
	39.33728	54.77467
	39.33647	54.77521
	39.33603	54.77534
	39.33581	54.77526
	39.33402	54.77565
	39.3335	54.77543
	39.3335	54.77268
	39.33368	54.77175
	39.33569	54.76752
	39.33571	54.76486
	39.33548	54.76427
	39.33557	54.76371
	39.33523	54.76295
	39.33355	54.76149
	39.32977	54.76211
	39.32787	54.75896
	39.31826	54.7569
	39.32034	54.75519
	39.3219	54.75494
	39.32229	54.75441
	39.32196	54.75371
	39.33415	54.754
	39.34667	54.75461
	39.35214	54.75469
	39.35439	54.75476
	39.35975	54.75533
	39.36129	54.75565
	39.36724	54.75388
	39.36748	54.75311
	39.36893	54.75298
	39.36958	54.75052
	39.37054	54.74941
	39.37088	54.74737
	39.35305	54.73775
	39.35299	54.73761
	39.35139	54.73675
	39.34087	54.73371
	39.3305	54.7314
	39.33386	54.72768
	39.33461	54.72699
	39.3353	54.72613
	39.33577	54.72537
	39.33622	54.72517
	39.33654	54.7251
	39.34047	54.72275
	39.34229	54.72136
	39.34161	54.72105
	39.34088	54.72086
	39.34045	54.72058
	39.34063	54.72027
	39.34026	54.72005
	39.33973	54.71983
	39.33941	54.72014
	39.33919	54.72009
	39.33889	54.71977
	39.33844	54.71966
	39.33824	54.71954
	39.33783	54.71941
	39.33713	54.71934
	39.33691	54.71904
	39.33627	54.71929
	39.32745	54.72551
	39.30469	54.72434
	39.30049	54.73527
	39.28682	54.73554
	39.26822	54.73584
	39.26691	54.73356
	39.25955	54.73377
	39.25436	54.73376
	39.25223	54.73235
	39.25054	54.73211
	39.24773	54.73228
	39.24561	54.73187
	39.24502	54.72882
	39.24421	54.72776
	39.24581	54.72517
	39.24557	54.72491
	39.24413	54.72435
	39.244	54.7234
	39.24123	54.72362
	39.23897	54.7225
	39.23722	54.72112
	39.23663	54.72091
	39.23493	54.71983
	39.23491	54.71936
	39.23413	54.71929
	39.23206	54.71861
	39.23414	54.71665
	39.23493	54.71551
	39.23331	54.71516
	39.23388	54.71421
	39.23335	54.71332
	39.23137	54.71278
	39.23303	54.71124
	39.23162	54.71012
	39.2318	54.70998
	39.23257	54.70929
	39.23486	54.70845
	39.2359	54.70888
	39.23741	54.70715
	39.2351	54.70412
	39.23713	54.69927
	39.23911	54.69892
	39.239	54.69736
	39.23905	54.69694
	39.24071	54.69592
	39.24044	54.69483
	39.23997	54.69438
	39.23922	54.69406
	39.23892	54.69341
	39.23977	54.69132
	39.24043	54.69038
	39.24021	54.68946
	39.23818	54.68839
	39.23404	54.68684
	39.2323	54.68513
	39.23217	54.68458
	39.23242	54.68413
	39.23292	54.68395
	39.23337	54.68366
	39.23397	54.68308
	39.23465	54.68256
	39.23503	54.68246
	39.23524	54.6823
	39.23531	54.68209
	39.23548	54.68202
	39.23564	54.68205
	39.23585	54.68215
	39.23607	54.68216
	39.23622	54.682
	39.23609	54.68181
	39.23613	54.68166
	39.23651	54.6814
	39.23675	54.68135
	39.23816	54.68159
	39.23843	54.68148
	39.23858	54.68107
	39.23888	54.68076
	39.23904	54.68028
	39.23886	54.67999
	39.23896	54.6798
	39.23887	54.67968
	39.2385	54.67958
	39.23841	54.67949
	39.23857	54.67927
	39.23868	54.67899
	39.2389	54.67869
	39.24551	54.67945
	39.2505	54.67991
	39.25549	54.67798
	39.25632	54.67756
	39.25138	54.67571
	39.25362	54.67519
	39.25542	54.67479
	39.25621	54.67332
	39.25535	54.67262
	39.25594	54.67193
	39.25658	54.67016
	39.2564	54.66971
	39.25405	54.66809
	39.25475	54.6674
	39.25551	54.66613
	39.25567	54.66464
	39.25559	54.66398
	39.2548	54.66352
	39.25542	54.66323
	39.25586	54.66214
	39.2561	54.66198
	39.25658	54.662
	39.25694	54.66193
	39.25719	54.6616
	39.25704	54.66122
	39.25601	54.66077
	39.25648	54.6595
	39.25051	54.65677
	39.24542	54.65467
	39.24355	54.65392
	39.2445	54.65292
	39.24504	54.65042
	39.24566	54.64843
	39.24594	54.64733
	39.24704	54.6458
	39.24619	54.64595
	39.24432	54.64625
	39.23981	54.64702
	39.23348	54.6466
	39.23225	54.64653
	39.23181	54.64658
	39.23162	54.64616
	39.23105	54.64506
	39.23035	54.644
	39.23427	54.64159
	39.2316	54.63764
	39.22606	54.6357
	39.22159	54.63873
	39.21808	54.63892
	39.217	54.63859
	39.21423	54.63894
	39.21065	54.63862
	39.20311	54.64021
	39.20269	54.64031
	39.19393	54.64193
	39.18575	54.63945
	39.18228	54.63805
	39.18023	54.64068
	39.17881	54.64241
	39.1763	54.64418
	39.17417	54.64618
	39.16957	54.6498
	39.1707	54.65458
	39.16471	54.65576
	39.16396	54.65748
	39.16281	54.66084
	39.15787	54.6577
	39.15761	54.65757
	39.15723	54.65744
	39.1565	54.65726
	39.15448	54.65681
	39.15386	54.65594
	39.15441	54.65512
	39.15364	54.65484
	39.15396	54.65397
	39.15427	54.65346
	39.15659	54.65117
	39.15407	54.64988
	39.15292	54.64835
	39.15311	54.64631
	39.15194	54.64426
	39.15049	54.64307
	39.14529	54.64347
	39.14378	54.6437
	39.14076	54.64373
	39.14012	54.64377
	39.13955	54.64436
	39.13908	54.64528
	39.13874	54.64617
	39.1386	54.64632
	39.13848	54.64636
	39.13684	54.64608
	39.13728	54.64527
	39.13661	54.64521
	39.13045	54.64515
	39.12871	54.64536
	39.12735	54.64593
	39.12696	54.64165
	39.12892	54.63786
	39.13195	54.63466
	39.13167	54.6343
	39.13025	54.63372
	39.12947	54.63388
	39.12912	54.63352
	39.12854	54.63371
	39.12763	54.63361
	39.12596	54.63251
	39.12269	54.63229
	39.12138	54.63249
	39.11972	54.63224
	39.11856	54.63262
	39.11554	54.63288
	39.11468	54.6322
	39.11339	54.63239
	39.11335	54.63274
	39.11264	54.63281
	39.11123	54.63285
	39.1116	54.63447
	39.1106	54.63769
	39.10974	54.64088
	39.10698	54.64259
	39.10486	54.64377
	39.1017	54.64536
	39.10047	54.64573
	39.09995	54.64604
	39.09567	54.64612
	39.09578	54.64437
	39.08969	54.64163
	39.08621	54.63958
	39.08299	54.63717
	39.08391	54.63511
	39.08206	54.63447
	39.07446	54.63554
	39.07111	54.63607
	39.06919	54.63677
	39.06104	54.63814
	39.05928	54.63773
	39.05383	54.63635
	39.04823	54.63551
	39.04477	54.6354
	39.042	54.63688
	39.04182	54.63854
	39.04178	54.64121
	39.04088	54.64219
	39.03711	54.64333
	39.03498	54.64365
	39.0338	54.642
	39.03245	54.64021
	39.03283	54.63949
	39.02787	54.64018
	39.025	54.64021
	39.02361	54.64112
	39.01013	54.63646
	39.00736	54.63511
	38.9929	54.62811
	38.9905	54.62402
	38.99054	54.62287
	38.99161	54.62152
	38.9934	54.62051
	38.99442	54.61928
	38.99313	54.61783
	38.99397	54.61593
	38.99138	54.61495
	38.98922	54.61377
	38.98761	54.61305
	38.98376	54.61119
	38.9792	54.61067
	38.97981	54.60958
	38.9799	54.60903
	38.97716	54.60424
	38.97568	54.60314
	38.97331	54.60135
	38.97176	54.60098
	38.96968	54.60291
	38.96667	54.60577
	38.95839	54.60818
	38.9525	54.60996
	38.95283	54.61544
	38.95293	54.61751
	38.95141	54.62071
	38.95157	54.62083
	38.95191	54.62112
	38.95241	54.62355
	38.94885	54.63066
	38.94868	54.63403
	38.94763	54.63568
	38.94719	54.63592
	38.94672	54.6361
	38.94608	54.63626
	38.94566	54.63632
	38.93964	54.63651
	38.93914	54.63675
	38.93598	54.63922
	38.93569	54.63941
	38.93492	54.63982
	38.93414	54.64167
	38.93322	54.64231
	38.93294	54.64249
	38.93289	54.64258
	38.93016	54.6433
	38.92943	54.64057
	38.92972	54.64008
	38.93033	54.63943
	38.93086	54.63908
	38.93057	54.63807
	38.93074	54.6378
	38.93148	54.63713
	38.93365	54.63596
	38.93684	54.63347
	38.937	54.63337
	38.93627	54.63279
	38.93071	54.62881
	38.93012	54.62844
	38.92216	54.63109
	38.91712	54.62942
	38.91422	54.62829
	38.90523	54.62725
	38.90305	54.62671
	38.89767	54.62504
	38.89297	54.62353
	38.8928	54.62308
	38.89133	54.62155
	38.89081	54.62084
	38.88921	54.6211
	38.88921	54.62007
	38.8839	54.61635
	38.88306	54.61627
	38.88047	54.61614
	38.87819	54.61697
	38.8764	54.61808
	38.87524	54.61706
	38.8692	54.6153
	38.86787	54.61483
	38.86463	54.61516
	38.86238	54.61751
	38.86251	54.618
	38.86007	54.62039
	38.85909	54.62131
	38.85766	54.62276
	38.85736	54.6232
	38.85584	54.62405
	38.85308	54.62567
	38.85206	54.62582
	38.84902	54.62562
	38.84816	54.62495
	38.84576	54.62236
	38.84428	54.62176
	38.84343	54.62154
	38.84394	54.62106
	38.84346	54.61953
	38.84262	54.61829
	38.84038	54.61668
	38.83918	54.61505
	38.83894	54.6144
	38.83841	54.61386
	38.83826	54.61331
	38.83842	54.61271
	38.83712	54.61157
	38.83606	54.61093
	38.83134	54.60961
	38.82887	54.60902
	38.8275	54.60837
	38.82683	54.60786
	38.8266	54.60705
	38.82676	54.60643
	38.82841	54.60425
	38.83184	54.60077
	38.83243	54.59918
	38.83259	54.59801
	38.83332	54.59426
	38.83373	54.59251
	38.83502	54.59082
	38.83657	54.58887
	38.83698	54.58742
	38.83684	54.58675
	38.8359	54.58563
	38.83327	54.58377
	38.83234	54.58353
	38.83014	54.58342
	38.82782	54.58329
	38.82592	54.583
	38.82426	54.58222
	38.82349	54.58123
	38.82272	54.57967
	38.82263	54.57903
	38.82301	54.57847
	38.82469	54.57735
	38.82962	54.57392
	38.83006	54.5737
	38.8309	54.57314
	38.83131	54.57249
	38.83196	54.57128
	38.83355	54.57029
	38.83403	54.57006
	38.83433	54.56961
	38.83429	54.56922
	38.83305	54.56839
	38.83127	54.56746
	38.82979	54.56661
	38.82873	54.56643
	38.82768	54.567
	38.82718	54.56786
	38.82638	54.56837
	38.82542	54.56869
	38.82437	54.56878
	38.82369	54.56904
	38.82327	54.56891
	38.82347	54.56829
	38.8244	54.5677
	38.82506	54.56675
	38.82476	54.56616
	38.82383	54.56523
	38.82142	54.56484
	38.81964	54.5644
	38.81706	54.5635
	38.81296	54.56277
	38.81114	54.56228
	38.80987	54.56202
	38.80754	54.5611
	38.80559	54.5592
	38.80444	54.55842
	38.80239	54.55699
	38.80084	54.55579
	38.79861	54.55376
	38.7972	54.55213
	38.79701	54.55141
	38.79723	54.55005
	38.79745	54.54942
	38.79752	54.54871
	38.79781	54.54803
	38.79753	54.54727
	38.79786	54.5457
	38.79804	54.54498
	38.80028	54.54307
	38.80282	54.54146
	38.80401	54.54106
	38.80525	54.54078
	38.80627	54.54006
	38.80682	54.539
	38.80778	54.53825
	38.80894	54.53787
	38.81	54.53775
	38.81289	54.53768
	38.8143	54.53787
	38.81561	54.5382
	38.81676	54.53865
	38.81994	54.53966
	38.82224	54.54027
	38.82362	54.54042
	38.82756	54.54116
	38.83055	54.54165
	38.83427	54.54231
	38.83779	54.54274
	38.84108	54.54312
	38.84319	54.54309
	38.84448	54.54314
	38.84653	54.54298
	38.84719	54.54273
	38.84819	54.54215
	38.85041	54.54124
	38.85121	54.5405
	38.85195	54.53819
	38.85199	54.53794
	38.85255	54.53613
	38.8525	54.53539
	38.85224	54.53451
	38.85177	54.53338
	38.85116	54.53287
	38.85107	54.53276
	38.8504	54.53173
	38.84892	54.53104
	38.8474	54.53016
	38.8453	54.52902
	38.84366	54.52861
	38.84035	54.52737
	38.83824	54.52585
	38.83664	54.52575
	38.83402	54.52599
	38.8328	54.52601
	38.83014	54.52666
	38.82898	54.52744
	38.82586	54.52827
	38.82203	54.52842
	38.81826	54.52853
	38.81509	54.52794
	38.81117	54.52595
	38.80822	54.52436
	38.8071	54.5222
	38.80559	54.51976
	38.80394	54.51781
	38.80195	54.51635
	38.80156	54.51567
	38.80134	54.51415
	38.80174	54.51311
	38.8022	54.51209
	38.8034	54.51064
	38.80387	54.50946
	38.80416	54.50841
	38.80393	54.50587
	38.80426	54.5041
	38.80467	54.50325
	38.80513	54.50127
	38.80471	54.49997
	38.80397	54.49891
	38.80299	54.49746
	38.80122	54.49716
	38.80042	54.49712
	38.79759	54.4963
	38.79582	54.49589
	38.79416	54.49576
	38.79266	54.49548
	38.78981	54.4948
	38.78804	54.49354
	38.78627	54.49141
	38.78593	54.49061
	38.78742	54.489
	38.78733	54.48808
	38.7859	54.48692
	38.78573	54.48599
	38.78656	54.48546
	38.78739	54.48439
	38.78662	54.48222
	38.7841	54.48072
	38.78192	54.48005
	38.77949	54.47923
	38.77881	54.47892
	38.77879	54.47845
	38.78155	54.4786
	38.78194	54.47863
	38.78626	54.4768
	38.78904	54.4755
	38.79217	54.47402
	38.79331	54.47337
	38.79664	54.47152
	38.79951	54.47006
	38.79943	54.46892
	38.79961	54.46614
	38.79977	54.46322
	38.79987	54.4603
	38.8	54.4574
	38.80008	54.45452
	38.80095	54.45343
	38.80355	54.45443
	38.8052	54.45512
	38.80785	54.45613
	38.81162	54.45759
	38.82032	54.46098
	38.82518	54.46282
	38.82485	54.46203
	38.82503	54.46152
	38.82537	54.46106
	38.82545	54.46057
	38.82568	54.46034
	38.82594	54.46029
	38.82598	54.46022
	38.82579	54.46012
	38.82508	54.45997
	38.82429	54.45965
	38.82368	54.45952
	38.82331	54.45921
	38.82319	54.45885
	38.82322	54.45866
	38.82367	54.45797
	38.82415	54.45757
	38.82533	54.45683
	38.82605	54.45655
	38.82634	54.45622
	38.82684	54.45604
	38.82708	54.45598
	38.82822	54.45589
	38.82854	54.45581
	38.82932	54.4555
	38.82964	54.45543
	38.83039	54.45543
	38.83079	54.45561
	38.83126	54.45591
	38.83179	54.45661
	38.83176	54.45678
	38.83155	54.45699
	38.83152	54.45709
	38.83169	54.45738
	38.83161	54.45815
	38.83178	54.45839
	38.83182	54.45841
	38.83212	54.45842
	38.83238	54.45851
	38.83251	54.45869
	38.83277	54.45874
	38.83289	54.45907
	38.83308	54.4592
	38.83399	54.45891
	38.83442	54.45872
	38.83486	54.45839
	38.83482	54.45822
	38.83488	54.45809
	38.83513	54.45799
	38.83547	54.45801
	38.83625	54.45821
	38.83659	54.45836
	38.83681	54.45855
	38.83748	54.45891
	38.83763	54.45892
	38.83781	54.45888
	38.83802	54.45878
	38.83811	54.45869
	38.838	54.45814
	38.83806	54.4579
	38.83844	54.45754
	38.83894	54.4575
	38.8394	54.45777
	38.8395	54.4578
	38.8399	54.45781
	38.8403	54.45791
	38.84034	54.45791
	38.84058	54.45772
	38.84062	54.45746
	38.84073	54.45731
	38.84091	54.45717
	38.84122	54.4571
	38.84211	54.45734
	38.8432	54.45775
	38.8437	54.45799
	38.84388	54.45804
	38.84404	54.45803
	38.84464	54.45778
	38.84533	54.45782
	38.84576	54.4577
	38.84611	54.45746
	38.84636	54.45741
	38.84658	54.45725
	38.84684	54.45691
	38.84719	54.45678
	38.84772	54.45684
	38.84847	54.45722
	38.84852	54.45726
	38.84862	54.45725
	38.84866	54.45719
	38.84878	54.45677
	38.84912	54.45664
	38.8495	54.45664
	38.84981	54.45656
	38.84985	54.45651
	38.84989	54.45615
	38.85034	54.45573
	38.85022	54.45556
	38.85028	54.45541
	38.85067	54.45526
	38.85112	54.45524
	38.85174	54.45542
	38.85204	54.45543
	38.85223	54.45554
	38.85225	54.45594
	38.85256	54.45609
	38.85298	54.45618
	38.8532	54.45703
	38.85334	54.45727
	38.85344	54.45734
	38.85348	54.45735
	38.85375	54.45728
	38.85412	54.45711
	38.85429	54.45702
	38.85438	54.45689
	38.85436	54.45669
	38.85411	54.4565
	38.85413	54.45637
	38.85422	54.45623
	38.8546	54.45616
	38.85465	54.45613
	38.85466	54.45608
	38.85463	54.45605
	38.85448	54.45599
	38.8544	54.456
	38.85381	54.45623
	38.85353	54.45623
	38.85335	54.45607
	38.85353	54.45558
	38.85367	54.45541
	38.8544	54.45486
	38.85492	54.45487
	38.85511	54.45514
	38.85523	54.45561
	38.85536	54.45575
	38.85546	54.45578
	38.85584	54.45576
	38.85632	54.45533
	38.85633	54.45529
	38.85607	54.455
	38.85608	54.45483
	38.85623	54.45471
	38.85721	54.45454
	38.8575	54.45453
	38.85769	54.45446
	38.85788	54.4543
	38.85833	54.45425
	38.85845	54.45419
	38.85849	54.45414
	38.85838	54.45388
	38.85856	54.45366
	38.85891	54.45361
	38.85915	54.45371
	38.85925	54.45383
	38.85929	54.45382
	38.85936	54.45375
	38.85937	54.45367
	38.8591	54.45333
	38.85915	54.4532
	38.85949	54.45288
	38.86042	54.45233
	38.86031	54.45221
	38.86026	54.45183
	38.86046	54.45163
	38.86084	54.45143
	38.86156	54.45117
	38.86188	54.45095
	38.86194	54.45084
	38.86192	54.45047
	38.86168	54.45025
	38.86161	54.45007
	38.86193	54.44966
	38.86197	54.44931
	38.86157	54.44907
	38.86142	54.44888
	38.8615	54.44872
	38.862	54.44861
	38.86292	54.44856
	38.86319	54.44851
	38.86329	54.44845
	38.86338	54.44833
	38.86342	54.44792
	38.86358	54.44766
	38.86384	54.44755
	38.86447	54.44782
	38.86453	54.44779
	38.86475	54.44751
	38.86502	54.44732
	38.86577	54.44727
	38.86647	54.44711
	38.86689	54.44721
	38.86697	54.44739
	38.86678	54.44758
	38.86644	54.44777
	38.86641	54.44783
	38.86647	54.4479
	38.86681	54.44812
	38.86716	54.4482
	38.86743	54.44851
	38.86712	54.44891
	38.86706	54.44913
	38.86713	54.44927
	38.86722	54.44935
	38.86737	54.44936
	38.86771	54.44917
	38.86809	54.44915
	38.8683	54.44928
	38.86819	54.44957
	38.86821	54.44971
	38.8689	54.4507
	38.86905	54.45087
	38.86936	54.45102
	38.86948	54.45103
	38.8696	54.451
	38.87004	54.45066
	38.87039	54.45059
	38.87083	54.45059
	38.87146	54.45069
	38.8724	54.45088
	38.87322	54.45024
	38.87543	54.44953
	38.87586	54.44938
	38.87714	54.44911
	38.87804	54.44782
	38.87895	54.44666
	38.88005	54.44452
	38.8798	54.44254
	38.87992	54.44177
	38.88035	54.44129
	38.88359	54.4407
	38.88766	54.44002
	38.89169	54.43941
	38.8925	54.43931
	38.89503	54.43945
	38.89916	54.43955
	38.9033	54.4397
	38.90733	54.43976
	38.91148	54.43966
	38.91526	54.43977
	38.91876	54.4399
	38.92363	54.44017
	38.93067	54.43928
	38.93124	54.43329
	38.9316	54.42339
	38.93548	54.41642
	38.93949	54.4096
	38.94065	54.40799
	38.93901	54.40741
	38.93562	54.40672
	38.93414	54.40626
	38.93283	54.40625
	38.93182	54.40635
	38.93072	54.40661
	38.92941	54.4061
	38.92821	54.40557
	38.92708	54.40551
	38.92574	54.40549
	38.92338	54.40578
	38.92264	54.40566
	38.91996	54.4054
	38.91848	54.40512
	38.9172	54.4044
	38.91603	54.40357
	38.91401	54.40227
	38.91238	54.40184
	38.91153	54.40146
	38.90762	54.40113
	38.9068	54.40072
	38.9056	54.40037
	38.90317	54.40038
	38.90191	54.40087
	38.90163	54.40125
	38.90213	54.40216
	38.9021	54.40265
	38.90274	54.4031
	38.90281	54.40353
	38.89844	54.40301
	38.89576	54.40271
	38.89167	54.40229
	38.88951	54.4021
	38.88267	54.39859
	38.88066	54.39752
	38.87576	54.39508
	38.86991	54.39208
	38.87075	54.39152
	38.87533	54.38823
	38.87603	54.38619
	38.87736	54.38355
	38.87723	54.38109
	38.87715	54.37343
	38.87714	54.37119
	38.87146	54.37088
	38.86575	54.37055
	38.85994	54.37028
	38.85792	54.37013
	38.85795	54.37597
	38.85807	54.37928
	38.8582	54.38046
	38.85691	54.38262
	38.85602	54.38359
	38.85463	54.38691
	38.85387	54.38715
	38.84972	54.38738
	38.84852	54.38783
	38.84662	54.38857
	38.84539	54.3897
	38.84378	54.39056
	38.84034	54.39165
	38.8402	54.39171
	38.83879	54.3925
	38.83756	54.39294
	38.83648	54.39312
	38.8351	54.39295
	38.83437	54.39243
	38.8338	54.39171
	38.83246	54.38883
	38.83066	54.38509
	38.82988	54.38354
	38.82772	54.38288
	38.82601	54.38276
	38.82307	54.38273
	38.82156	54.38293
	38.82014	54.37729
	38.81958	54.37463
	38.81777	54.37489
	38.81603	54.37466
	38.81328	54.37477
	38.81079	54.37479
	38.80854	54.37455
	38.8054	54.37463
	38.80343	54.37484
	38.80161	54.37483
	38.79904	54.37534
	38.79794	54.37564
	38.7965	54.37599
	38.79393	54.37603
	38.79256	54.37554
	38.79146	54.37579
	38.78997	54.37567
	38.78904	54.37567
	38.78572	54.3759
	38.7851	54.37579
	38.77393	54.37437
	38.77459	54.36918
	38.77813	54.36357
	38.77169	54.36191
	38.76917	54.36132
	38.76349	54.35993
	38.76277	54.35971
	38.75757	54.35849
	38.74311	54.3538
	38.73879	54.35327
	38.73252	54.35242
	38.72975	54.35202
	38.72752	54.3518
	38.71932	54.35025
	38.71728	54.35
	38.71298	54.34853
	38.71102	54.34712
	38.70764	54.34424
	38.70486	54.34309
	38.70501	54.34239
	38.70642	54.34083
	38.70745	54.3404
	38.70922	54.33819
	38.70948	54.33702
	38.71027	54.336
	38.71108	54.33574
	38.71186	54.33444
	38.71138	54.33376
	38.71184	54.33336
	38.71277	54.33309
	38.71226	54.33167
	38.71171	54.33116
	38.71197	54.32995
	38.71186	54.32884
	38.71049	54.32716
	38.70946	54.32532
	38.70904	54.32439
	38.70816	54.32344
	38.70798	54.32288
	38.7064	54.32125
	38.70594	54.32014
	38.70548	54.31878
	38.70497	54.31812
	38.70468	54.31721
	38.7041	54.31626
	38.70712	54.30874
	38.70925	54.30374
	38.71053	54.3011
	38.71053	54.30064
	38.71022	54.30045
	38.70988	54.30039
	38.70973	54.30028
	38.7097	54.30001
	38.70954	54.29989
	38.70916	54.29974
	38.70901	54.29965
	38.70889	54.29938
	38.70872	54.29921
	38.70849	54.2991
	38.70818	54.29906
	38.708	54.29887
	38.70765	54.29868
	38.70759	54.29841
	38.70773	54.29808
	38.70771	54.29772
	38.70759	54.29721
	38.70714	54.29687
	38.70694	54.29657
	38.70668	54.29614
	38.70638	54.29575
	38.70615	54.29492
	38.70594	54.29453
	38.70558	54.29426
	38.70559	54.294
	38.70566	54.29374
	38.70583	54.2936
	38.70566	54.29325
	38.70558	54.293
	38.70487	54.29161
	38.7047	54.29123
	38.70453	54.29106
	38.70428	54.29091
	38.70397	54.29087
	38.70373	54.29085
	38.70362	54.2908
	38.70366	54.29072
	38.7038	54.29066
	38.70406	54.29059
	38.70436	54.2903
	38.70425	54.29014
	38.70425	54.29
	38.70441	54.28988
	38.70443	54.28972
	38.70434	54.28963
	38.70424	54.2895
	38.70439	54.28942
	38.70447	54.2893
	38.70452	54.28918
	38.70463	54.28911
	38.70482	54.28913
	38.70505	54.28917
	38.70529	54.28911
	38.70542	54.28904
	38.70566	54.289
	38.70583	54.28889
	38.70608	54.28875
	38.70638	54.28866
	38.70652	54.28855
	38.70654	54.28832
	38.70663	54.28819
	38.70687	54.2881
	38.70699	54.28799
	38.70698	54.28788
	38.70674	54.28779
	38.70657	54.28768
	38.70662	54.28754
	38.70677	54.28742
	38.70675	54.2873
	38.7066	54.28717
	38.70651	54.28701
	38.70649	54.28661
	38.70671	54.28635
	38.70711	54.28625
	38.70808	54.28627
	38.70823	54.28619
	38.70861	54.2861
	38.70917	54.28578
	38.70932	54.28575
	38.70948	54.28574
	38.70964	54.28579
	38.70983	54.28581
	38.71002	54.28576
	38.7103	54.28572
	38.71064	54.28574
	38.71109	54.28586
	38.71191	54.28605
	38.71229	54.28622
	38.71275	54.28645
	38.713	54.28653
	38.71321	54.28654
	38.71351	54.28645
	38.71377	54.28645
	38.71402	54.28658
	38.71993	54.28455
	38.70565	54.27281
	38.71324	54.27363
	38.71565	54.27142
	38.71466	54.27146
	38.71328	54.27042
	38.71136	54.26942
	38.70938	54.26875
	38.70696	54.26803
	38.70623	54.26671
	38.70626	54.2661
	38.70564	54.2637
	38.70507	54.26319
	38.70487	54.26261
	38.70361	54.26129
	38.70254	54.26105
	38.69947	54.26017
	38.69609	54.25898
	38.69381	54.26283
	38.68786	54.26212
	38.68001	54.25854
	38.67446	54.25787
	38.66852	54.25702
	38.66598	54.25671
	38.65811	54.2557
	38.65433	54.25758
	38.63919	54.26447
	38.63803	54.26768
	38.63717	54.26934
	38.63632	54.27112
	38.63337	54.27794
	38.63217	54.28051
	38.63124	54.2792
	38.62778	54.27803
	38.62381	54.27739
	38.61915	54.27701
	38.61456	54.27691
	38.60814	54.27648
	38.60618	54.27756
	38.60263	54.27941
	38.59522	54.28353
	38.59442	54.28396
	38.59391	54.28422
	38.59378	54.28515
	38.5936	54.28613
	38.59223	54.28625
	38.58901	54.28651
	38.5807	54.28696
	38.57559	54.2876
	38.57094	54.29046
	38.5619	54.28996
	38.54406	54.28969
	38.53873	54.28958
	38.52851	54.28911
	38.52941	54.29037
	38.52945	54.29296
	38.52836	54.29414
	38.52228	54.29408
	38.5197	54.29404
	38.51432	54.29404
	38.51291	54.2941
	38.51273	54.29566
	38.51142	54.29652
	38.51052	54.29685
	38.51055	54.2974
	38.51159	54.29856
	38.51304	54.30085
	38.51625	54.30238
	38.51713	54.30317
	38.51813	54.30532
	38.519	54.30611
	38.51797	54.30715
	38.51638	54.30797
	38.51363	54.30859
	38.51325	54.30865
	38.51074	54.30839
	38.50957	54.31014
	38.50835	54.3111
	38.50783	54.31208
	38.50989	54.31511
	38.51502	54.31835
	38.51546	54.31856
	38.51594	54.31881
	38.51694	54.31916
	38.51703	54.31928
	38.51705	54.31948
	38.51721	54.31974
	38.5175	54.31993
	38.51778	54.32003
	38.51814	54.32
	38.51832	54.32002
	38.51861	54.32012
	38.5189	54.32013
	38.51907	54.32025
	38.51917	54.32038
	38.51911	54.32045
	38.51926	54.32066
	38.5195	54.32071
	38.51966	54.32086
	38.51957	54.32141
	38.5195	54.32178
	38.51906	54.32194
	38.51892	54.32187
	38.51883	54.32194
	38.51886	54.32219
	38.51904	54.32231
	38.51913	54.32281
	38.51847	54.32297
	38.51762	54.32389
	38.51744	54.32388
	38.51701	54.32353
	38.51642	54.32342
	38.51569	54.32359
	38.51444	54.32464
	38.51381	54.32475
	38.51333	54.32499
	38.51136	54.3249
	38.5107	54.32507
	38.51037	54.32545
	38.51093	54.32602
	38.51099	54.32626
	38.51038	54.32709
	38.50747	54.32752
	38.50718	54.32776
	38.50706	54.328
	38.50734	54.32852
	38.50782	54.32876
	38.50781	54.32914
	38.5077	54.32949
	38.50782	54.32959
	38.50785	54.32982
	38.50794	54.32991
	38.50808	54.33032
	38.50821	54.33044
	38.50826	54.33056
	38.50851	54.33063
	38.50852	54.33076
	38.50875	54.33092
	38.50914	54.33096
	38.50947	54.33105
	38.50989	54.33124
	38.51022	54.33179
	38.51087	54.33213
	38.51182	54.33189
	38.51207	54.3317
	38.51225	54.33172
	38.51279	54.33192
	38.51343	54.33221
	38.51392	54.33228
	38.51428	54.33237
	38.51474	54.3323
	38.51524	54.33309
	38.516	54.33343
	38.51659	54.33382
	38.51686	54.33413
	38.51622	54.33431
	38.51553	54.33471
	38.51512	54.33484
	38.51465	54.33529
	38.51432	54.33555
	38.5143	54.33571
	38.51441	54.33586
	38.51424	54.33595
	38.51417	54.33621
	38.51422	54.33641
	38.5141	54.33678
	38.51376	54.33706
	38.5134	54.33717
	38.51326	54.33726
	38.51289	54.33743
	38.51273	54.33747
	38.51235	54.33744
	38.51201	54.33731
	38.51155	54.33752
	38.51151	54.3376
	38.51163	54.33798
	38.5116	54.33815
	38.51148	54.33824
	38.51103	54.33846
	38.51074	54.33849
	38.51063	54.33862
	38.51067	54.33875
	38.51085	54.33896
	38.51091	54.33898
	38.5111	54.33918
	38.51122	54.33926
	38.5114	54.33946
	38.51149	54.3396
	38.51176	54.33977
	38.51187	54.33992
	38.51187	54.34003
	38.51182	54.3401
	38.51166	54.34024
	38.51149	54.34066
	38.51174	54.34111
	38.51271	54.34147
	38.51301	54.34164
	38.51328	54.3417
	38.51385	54.34208
	38.51384	54.34219
	38.51233	54.34313
	38.51211	54.34302
	38.51172	54.34315
	38.51106	54.34332
	38.51048	54.34344
	38.50981	54.34368
	38.50905	54.34369
	38.50895	54.34382
	38.508	54.34421
	38.50734	54.34452
	38.50636	54.34492
	38.50588	54.34502
	38.50521	54.34473
	38.50458	54.34476
	38.50392	54.34493
	38.50406	54.34516
	38.50439	54.34537
	38.50469	54.34537
	38.50453	54.34524
	38.50462	54.34522
	38.50478	54.34532
	38.50489	54.34555
	38.505	54.34601
	38.50494	54.34626
	38.50461	54.34638
	38.50426	54.34664
	38.50432	54.34705
	38.50484	54.34729
	38.50522	54.34764
	38.5057	54.34777
	38.50625	54.34832
	38.50634	54.34847
	38.50635	54.34861
	38.50617	54.34875
	38.5065	54.34916
	38.50704	54.3494
	38.50724	54.34945
	38.50747	54.34961
	38.50756	54.34976
	38.50787	54.35003
	38.50811	54.35022
	38.50929	54.35085
	38.51075	54.35196
	38.51112	54.35206
	38.51118	54.35212
	38.51121	54.35229
	38.51132	54.3524
	38.51134	54.35249
	38.51131	54.35268
	38.51159	54.35284
	38.51223	54.3533
	38.51251	54.35398
	38.51301	54.35449
	38.51296	54.35568
	38.51258	54.35691
	38.51292	54.35765
	38.51184	54.35831
	38.51182	54.35845
	38.51141	54.35916
	38.51104	54.35954
	38.5095	54.36061
	38.50896	54.3607
	38.50883	54.36092
	38.50888	54.36107
	38.50869	54.36122
	38.50872	54.36149
	38.50905	54.36197
	38.50918	54.36206
	38.50984	54.36217
	38.51067	54.36221
	38.51102	54.36228
	38.51196	54.36262
	38.51227	54.36271
	38.51331	54.36361
	38.51336	54.36374
	38.51392	54.36407
	38.51475	54.36411
	38.51511	54.36411
	38.51573	54.36427
	38.51626	54.36446
	38.51672	54.36478
	38.51711	54.3649
	38.51743	54.36506
	38.51747	54.36507
	38.51749	54.36509
	38.51759	54.36513
	38.51763	54.3652
	38.51772	54.36525
	38.51786	54.36546
	38.51814	54.36582
	38.51839	54.3661
	38.5186	54.36656
	38.51844	54.36724
	38.51828	54.3674
	38.51794	54.36764
	38.51673	54.36814
	38.51608	54.36851
	38.51596	54.36946
	38.51839	54.3689
	38.51976	54.37039
	38.52246	54.37307
	38.52657	54.37834
	38.52752	54.37954
	38.52835	54.38065
	38.52813	54.38071
	38.52719	54.38111
	38.52805	54.38129
	38.52828	54.38167
	38.52809	54.38216
	38.52701	54.38275
	38.52632	54.38296
	38.52607	54.38297
	38.52514	54.38305
	38.52455	54.38318
	38.52385	54.38364
	38.52343	54.38476
	38.52462	54.38536
	38.52565	54.38555
	38.52661	54.38583
	38.52746	54.38685
	38.52806	54.38769
	38.52814	54.38876
	38.52788	54.38983
	38.5274	54.3909
	38.52695	54.3924
	38.52705	54.39374
	38.52739	54.39458
	38.52737	54.39505
	38.5271	54.39526
	38.52556	54.39541
	38.52326	54.39556
	38.52134	54.39568
	38.51609	54.39593
	38.5114	54.39626
	38.50581	54.39659
	38.5009	54.39681
	38.49779	54.39698
	38.48902	54.39751
	38.48674	54.3976
	38.4845	54.39775
	38.48381	54.39824
	38.48402	54.40053
	38.48437	54.40162
	38.48359	54.40204
	38.48312	54.40252
	38.4828	54.40245
	38.48181	54.40226
	38.48088	54.40204
	38.48113	54.4025
	38.48075	54.40282
	38.47994	54.40279
	38.47885	54.40224
	38.47814	54.40222
	38.47742	54.40231
	38.47702	54.40227
	38.47661	54.40218
	38.47555	54.40182
	38.47305	54.40345
	38.46901	54.40604
	38.46353	54.40966
	38.45958	54.41231
	38.45646	54.41423
	38.45365	54.41607
	38.45885	54.4186
	38.46232	54.42033
	38.46533	54.42105
	38.46784	54.42219
	38.47026	54.42319
	38.46686	54.42608
	38.46468	54.4276
	38.46271	54.42867
	38.461	54.4301
	38.46081	54.43083
	38.46065	54.43174
	38.46006	54.43205
	38.45953	54.43245
	38.4595	54.43303
	38.45819	54.43405
	38.45643	54.43513
	38.45336	54.43687
	38.45124	54.43799
	38.45034	54.43836
	38.4503	54.43903
	38.45072	54.44001
	38.44978	54.44026
	38.44884	54.44057
	38.44778	54.44068
	38.44532	54.44079
	38.44229	54.44165
	38.44033	54.44162
	38.43844	54.44189
	38.43561	54.44216
	38.43468	54.44211
	38.43403	54.44205
	38.43336	54.44183
	38.43206	54.44265
	38.43186	54.44336
	38.42865	54.44708
	38.42013	54.45684
	38.41383	54.46031
	38.40946	54.46285
	38.40355	54.46092
	38.40031	54.461
	38.39093	54.46479
	38.3869	54.46627
	38.38629	54.46662
	38.38747	54.46733
	38.39056	54.4683
	38.39229	54.46909
	38.39386	54.47036
	38.39585	54.47317
	38.39682	54.47432
	38.39772	54.47518
	38.39757	54.47659
	38.39756	54.47698
	38.39759	54.47798
	38.39821	54.47847
	38.39819	54.47929
	38.39838	54.47965
	38.39794	54.48012
	38.39638	54.48006
	38.39633	54.48051
	38.39633	54.48158
	38.39583	54.48356
	38.39573	54.48422
	38.39499	54.48523
	38.39581	54.48559
	38.39636	54.48581
	38.39699	54.4858
	38.39754	54.4861
	38.39734	54.48662
	38.39693	54.48724
	38.397	54.48796
	38.39693	54.48857
	38.39642	54.48957
	38.39563	54.49064
	38.39511	54.49309
	38.39473	54.49567
	38.39465	54.49802
	38.39454	54.49923
	38.39758	54.50058
	38.39951	54.50156
	38.40027	54.50325
	38.39885	54.5073
	38.39702	54.50875
	38.39183	54.51153
	38.38895	54.5131
	38.38808	54.51355
	38.38734	54.51331
	38.38523	54.51256
	38.3834	54.5125
	38.38237	54.51244
	38.3815	54.51318
	38.38068	54.51364
	38.37992	54.51396
	38.37989	54.51424
	38.38011	54.5144
	38.38047	54.51469
	38.37979	54.51519
	38.38002	54.5161
	38.37917	54.51617
	38.37914	54.52017
	38.37922	54.52234
	38.37899	54.52513
	38.37802	54.52525
	38.37689	54.5263
	38.37617	54.52648
	38.37722	54.52683
	38.38134	54.52867
	38.38268	54.52968
	38.38345	54.52986
	38.38538	54.53092
	38.38586	54.53217
	38.38624	54.5335
	38.38894	54.53284
	38.39079	54.53325
	38.39899	54.53536
	38.40012	54.53574
	38.40222	54.53635
	38.40356	54.53672
	38.40452	54.53693
	38.40695	54.53758
	38.40945	54.53841
	38.41149	54.53992
	38.41426	54.54072
	38.4193	54.53999
	38.42384	54.54159
	38.42248	54.54242
	38.42195	54.54592
	38.42583	54.54527
	38.42929	54.54471
	38.42873	54.54383
	38.4294	54.54237
	38.43042	54.5417
	38.43284	54.53994
	38.43314	54.53959
	38.43381	54.53867
	38.43525	54.5387
	38.43721	54.53805
	38.43808	54.53846
	38.4435	54.53786
	38.4465	54.53741
	38.45096	54.53668
	38.4521	54.53813
	38.4528	54.53952
	38.45372	54.54062
	38.45119	54.54052
	38.44799	54.54118
	38.43924	54.54285
	38.44071	54.54642
	38.44207	54.54917
	38.43669	54.55009
	38.43678	54.55037
	38.43838	54.55341
	38.43919	54.55374
	38.44303	54.55319
	38.44437	54.55213
	38.44523	54.55138
	38.45106	54.55047
	38.45358	54.54989
	38.45561	54.5494
	38.458	54.54917
	38.4583	54.54946
	38.45875	54.55041
	38.45897	54.55125
	38.45719	54.55211
	38.4537	54.55308
	38.452	54.55344
	38.45331	54.55447
	38.45349	54.55506
	38.45438	54.55709
	38.45698	54.55738
	38.45823	54.55763
	38.45508	54.56001
	38.45369	54.56153
	38.45227	54.56335
	38.45443	54.56488
	38.44954	54.5693
	38.44613	54.57254
	38.44711	54.57283
	38.45049	54.57077
	38.45182	54.57026
	38.45488	54.56911
	38.46155	54.56951
	38.46443	54.56987
	38.47129	54.57136
	38.47734	54.57441
	38.47986	54.57515
	38.47989	54.57581
	38.48089	54.57671
	38.48251	54.57704
	38.48379	54.57816
	38.486	54.57969
	38.4885	54.58102
	38.49011	54.58196
	38.49204	54.58365
	38.49352	54.58481
	38.49694	54.58534
	38.4975	54.58531
	38.49883	54.58545
	38.50197	54.58634
	38.50613	54.58849
	38.50947	54.5902
	38.51066	54.59042
	38.51229	54.59096
	38.51424	54.59096
	38.51469	54.59107
	38.51659	54.59149
	38.51752	54.59242
	38.51854	54.59366
	38.51917	54.59511
	38.51896	54.59621
	38.51681	54.59626
	38.51508	54.59628
	38.51375	54.59711
	38.51135	54.59671
	38.5114	54.59709
	38.51154	54.59901
	38.50955	54.60082
	38.50607	54.60412
	38.50493	54.60512
	38.50303	54.60728
	38.49891	54.61154
	38.49607	54.61399
	38.49546	54.61441
	38.49299	54.6142
	38.49201	54.61441
	38.49133	54.61529
	38.4909	54.6155
	38.48954	54.61503
	38.48802	54.61454
	38.48694	54.61417
	38.48633	54.61342
	38.48589	54.61341
	38.48474	54.61461
	38.48298	54.61633
	38.48238	54.61648
	38.48231	54.61689
	38.4816	54.61952
	38.48052	54.62257
	38.47987	54.62353
	38.4814	54.62593
	38.48241	54.62739
	38.48231	54.62798
	38.48312	54.62919
	38.48312	54.62983
	38.48349	54.62994
	38.48318	54.63013
	38.4817	54.63053
	38.47505	54.6335
	38.47217	54.63367
	38.47364	54.63416
	38.47366	54.63548
	38.47308	54.63658
	38.46965	54.63797
	38.46766	54.63876
	38.46427	54.64095
	38.46554	54.64169
	38.46708	54.64244
	38.47054	54.64432
	38.46104	54.65062
	38.45664	54.65359
	38.45637	54.65308
	38.45286	54.65319
	38.45189	54.65208
	38.45166	54.65139
	38.4516	54.65116
	38.45077	54.65103
	38.45011	54.65164
	38.44472	54.65176
	38.44469	54.65144
	38.44397	54.65001
	38.44294	54.64908
	38.44211	54.64876
	38.44157	54.64873
	38.44065	54.6487
	38.43856	54.64895
	38.43753	54.64932
	38.43439	54.65129
	38.43302	54.65146
	38.43124	54.64984
	38.43148	54.64868
	38.43097	54.64829
	38.42884	54.64758
	38.42468	54.65076
	38.42281	54.65119
	38.42129	54.65068
	38.42042	54.65041
	38.4185	54.64891
	38.41795	54.64895
	38.41722	54.64932
	38.4158	54.64926
	38.41597	54.64835
	38.41439	54.64817
	38.40991	54.64819
	38.40367	54.64647
	38.40214	54.646
	38.40103	54.64577
	38.39873	54.64577
	38.39769	54.64611
	38.39587	54.64843
	38.39189	54.64741
	38.39185	54.64089
	38.39209	54.63819
	38.39152	54.63775
	38.38865	54.63902
	38.38234	54.64257
	38.37728	54.64477
	38.37174	54.64809
	38.36373	54.64825
	38.36191	54.65085
	38.36	54.65405
	38.34568	54.65814
	38.34454	54.65714
	38.33108	54.6567
	38.32598	54.65417
	38.3231	54.65284
	38.32104	54.65169
	38.31945	54.65084
	38.31803	54.6507
	38.31656	54.65173
	38.316	54.65253
	38.31642	54.65362
	38.31443	54.65434
	38.31231	54.65459
	38.31238	54.65477
	38.31239	54.65504
	38.31223	54.65522
	38.312	54.65538
	38.31154	54.65585
	38.31106	54.65619
	38.3099	54.6568
	38.3092	54.65737
	38.30913	54.65771
	38.30932	54.65778
	38.30972	54.65784
	38.30995	54.65785
	38.31045	54.65807
	38.31072	54.65809
	38.31099	54.65827
	38.31123	54.65833
	38.31151	54.65863
	38.31194	54.6589
	38.31211	54.65899
	38.3123	54.65913
	38.31242	54.65936
	38.31266	54.65953
	38.31274	54.65966
	38.3128	54.65973
	38.31293	54.65979
	38.31307	54.66
	38.31326	54.66011
	38.3134	54.66034
	38.31377	54.66049
	38.31386	54.66057
	38.3139	54.66065
	38.31397	54.66072
	38.31415	54.6608
	38.3143	54.66096
	38.31451	54.66107
	38.31452	54.66141
	38.31468	54.66148
	38.31465	54.66157
	38.31075	54.66348
	38.30806	54.66457
	38.30546	54.66574
	38.30517	54.66597
	38.30522	54.66615
	38.30529	54.66621
	38.29992	54.66897
	38.29788	54.67052
	38.29748	54.67308
	38.29559	54.6746
	38.29436	54.67458
	38.29377	54.6752
	38.29321	54.6754
	38.29313	54.67553
	38.29317	54.67581
	38.29274	54.67608
	38.29251	54.6763
	38.29232	54.67678
	38.2922	54.67702
	38.29189	54.67718
	38.29126	54.67753
	38.2901	54.6772
	38.28851	54.67687
	38.28777	54.67684
	38.28687	54.67687
	38.28643	54.67683
	38.28577	54.67691
	38.28507	54.67679
	38.28401	54.67679
	38.28318	54.67668
	38.2825	54.67654
	38.28175	54.67627
	38.28141	54.67632
	38.28122	54.6763
	38.28111	54.67625
	38.28108	54.67618
	38.28103	54.67614
	38.28083	54.67604
	38.28065	54.67583
	38.28058	54.67534
	38.28044	54.67479
	38.28029	54.67457
	38.27974	54.67418
	38.27889	54.67379
	38.27792	54.67354
	38.27697	54.67325
	38.2763	54.67308
	38.27599	54.67306
	38.27565	54.67311
	38.27535	54.67326
	38.27526	54.67345
	38.27545	54.67377
	38.27545	54.67386
	38.27524	54.67401
	38.27513	54.67407
	38.27483	54.6741
	38.27418	54.67399
	38.27384	54.67387
	38.27363	54.67374
	38.27363	54.67356
	38.27369	54.6734
	38.27365	54.67318
	38.27338	54.67299
	38.27303	54.67291
	38.273	54.67264
	38.2726	54.67199
	38.27214	54.67182
	38.26846	54.66961
	38.2669	54.66872
	38.2589	54.66473
	38.25648	54.66374
	38.251	54.66647
	38.24628	54.6688
	38.24152	54.67153
	38.23961	54.67137
	38.23737	54.6685
	38.23634	54.66714
	38.23416	54.66691
	38.23316	54.66745
	38.23314	54.66867
	38.22542	54.67309
	38.22322	54.67436
	38.21991	54.67622
	38.21731	54.67789
	38.21533	54.67921
	38.21489	54.67985
	38.21435	54.681
	38.21419	54.68214
	38.21364	54.68465
	38.21346	54.6856
	38.21308	54.68734
	38.21291	54.6882
	38.21248	54.68998
	38.21245	54.69081
	38.21263	54.69483
	38.21245	54.69582
	38.21229	54.69646
	38.2104	54.6966
	38.20539	54.69667
	38.18891	54.69523
	38.18704	54.6951
	38.18569	54.69588
	38.18355	54.69832
	38.18032	54.69848
	38.17819	54.6982
	38.17463	54.69726
	38.17145	54.69613
	38.16691	54.69572
	38.16276	54.69474
	38.15982	54.69412
	38.1565	54.69355
	38.15574	54.69319
	38.1547	54.69236
	38.15375	54.69115
	38.15248	54.6894
	38.15149	54.68811
	38.15032	54.68739
	38.14908	54.68709
	38.14667	54.68702
	38.1411	54.68668
	38.13714	54.68665
	38.13597	54.68712
	38.13557	54.68789
	38.13497	54.68927
	38.13445	54.69157
	38.13342	54.69448
	38.13269	54.69663
	38.1321	54.69811
	38.13089	54.70064
	38.13025	54.70341
	38.12871	54.7053
	38.12522	54.70711
	38.12413	54.70868
	38.1235	54.7097
	38.12308	54.71041
	38.12251	54.71156
	38.11846	54.71684
	38.11563	54.71579
	38.11171	54.71493
	38.10628	54.71495
	38.09954	54.71521
	38.09703	54.71496
	38.09283	54.71351
	38.08747	54.7117
	38.08461	54.71061
	38.08264	54.71002
	38.07964	54.7092
	38.07714	54.70895
	38.07025	54.70896
	38.06894	54.70926
	38.06954	54.7098
	38.06893	54.71012
	38.06842	54.71046
	38.06728	54.71099
	38.06647	54.71159
	38.06607	54.71177
	38.06489	54.71207
	38.06407	54.7124
	38.06384	54.71248
	38.06326	54.71258
	38.06291	54.71267
	38.06245	54.71266
	38.06205	54.7127
	38.06109	54.71324
	38.05999	54.71375
	38.05903	54.7143
	38.05822	54.71489
	38.0581	54.71537
	38.05771	54.71601
	38.05696	54.71652
	38.05625	54.71703
	38.05602	54.71707
	38.0556	54.71708
	38.05514	54.71716
	38.05499	54.71717
	38.05488	54.71719
	38.05483	54.71718
	38.05465	54.71718
	38.05415	54.71714
	38.05405	54.71716
	38.05399	54.71718
	38.05378	54.71735
	38.05358	54.71754
	38.05298	54.71779
	38.05246	54.71808
	38.05207	54.71832
	38.05182	54.71871
	38.05163	54.71885
	38.05116	54.71907
	38.05079	54.71932
	38.05086	54.71948
	38.05063	54.71961
	38.05065	54.7197
	38.05082	54.71993
	38.05076	54.71999
	38.05055	54.72002
	38.05033	54.71994
	38.05018	54.71996
	38.05035	54.72005
	38.05044	54.72016
	38.05054	54.7202
	38.05057	54.72027
	38.05029	54.7205
	38.05028	54.72081
	38.05017	54.72085
	38.05004	54.72086
	38.04968	54.72076
	38.04892	54.72099
	38.04773	54.72041
	38.04645	54.72091
	38.04507	54.72069
	38.0442	54.72057
	38.02778	54.71849
	38.02772	54.725
	38.02786	54.72524
	38.02845	54.72646
	38.02914	54.72915
	38.02959	54.73052
	38.02986	54.73149
	38.03102	54.73614
	38.03491	54.7355
	38.03743	54.73516
	38.03922	54.73496
	38.03976	54.73492
	38.04333	54.73457
	38.04408	54.73432
	38.04482	54.73426
	38.04483	54.73461
	38.04412	54.74135
	38.04335	54.74746
	38.04269	54.74946
	38.04209	54.75315
	38.04201	54.75386
	38.04129	54.75819
	38.04091	54.7589
	38.0403	54.76185
	38.04029	54.76227
	38.03974	54.7643
	38.03966	54.76467
	38.03381	54.76708
	38.03273	54.7676
	38.03143	54.7682
	38.02941	54.76897
	38.02895	54.76913
	38.02323	54.77141
	38.02036	54.77268
	38.02	54.77283
	38.01786	54.77396
	38.01597	54.77476
	38.01367	54.77565
	38.01286	54.77592
	38.01221	54.77619
	38.01226	54.77636
	38.01261	54.77696
	38.01296	54.77747
	38.01451	54.77984
	38.01631	54.78265
	38.01655	54.78311
	38.01617	54.78311
	38.00923	54.7835
	38.00437	54.7838
	38.00325	54.78388
	37.99983	54.78405
	37.99875	54.78397
	37.9984	54.78368
	37.99754	54.78283
	37.9953	54.78138
	37.99364	54.7806
	37.99278	54.78028
	37.98979	54.7786
	37.98596	54.77627
	37.9849	54.77567
	37.98388	54.77506
	37.98362	54.77492
	37.98276	54.77507
	37.98039	54.77587
	37.97735	54.77679
	37.97581	54.77724
	37.96991	54.77826
	37.96467	54.77882
	37.96454	54.7782
	37.96427	54.77738
	37.96421	54.7773
	37.96415	54.77696
	37.96398	54.77689
	37.96361	54.77747
	37.96314	54.77807
	37.9624	54.77839
	37.96159	54.77866
	37.96081	54.77884
	37.95912	54.77921
	37.95828	54.77963
	37.95723	54.78029
	37.95655	54.78047
	37.95619	54.78054
	37.95465	54.78035
	37.954	54.7807
	37.95397	54.78096
	37.95515	54.78206
	37.95648	54.78261
	37.95781	54.78305
	37.95839	54.78334
	37.95854	54.78371
	37.95843	54.78474
	37.95855	54.78512
	37.95954	54.78603
	37.96012	54.78624
	37.96074	54.78618
	37.96206	54.78576
	37.9627	54.78569
	37.96317	54.7857
	37.9635	54.78582
	37.96385	54.78598
	37.96412	54.78621
	37.96413	54.7866
	37.96404	54.7872
	37.96403	54.78784
	37.96431	54.78832
	37.9646	54.78862
	37.96608	54.78909
	37.96668	54.7894
	37.96687	54.78985
	37.96687	54.79026
	37.96684	54.79065
	37.96704	54.79086
	37.96739	54.79099
	37.96786	54.79106
	37.96869	54.79124
	37.96942	54.79144
	37.97022	54.79206
	37.97085	54.79232
	37.97113	54.79239
	37.97167	54.79235
	37.9726	54.79208
	37.97311	54.79201
	37.97353	54.79225
	37.97346	54.79251
	37.97333	54.79278
	37.97352	54.79297
	37.97378	54.79313
	37.97437	54.79333
	37.97478	54.79378
	37.97545	54.79467
	37.97613	54.79506
	37.97713	54.79555
	37.97839	54.79599
	37.97913	54.79623
	37.97958	54.79659
	37.98007	54.79722
	37.98051	54.79765
	37.98137	54.79814
	37.9822	54.79875
	37.98234	54.79897
	37.98234	54.79919
	37.98204	54.79957
	37.98214	54.79985
	37.98243	54.80018
	37.98289	54.80074
	37.98296	54.80087
	37.9832	54.80146
	37.98322	54.80168
	37.98349	54.80227
	37.98371	54.80297
	37.9835	54.80341
	37.98318	54.80373
	37.98295	54.80391
	37.9828	54.80401
	37.98208	54.80424
	37.98167	54.80434
	37.98067	54.80436
	37.98009	54.8045
	37.97981	54.80503
	37.97987	54.80547
	37.98036	54.80575
	37.98115	54.8059
	37.98193	54.80589
	37.98232	54.80596
	37.9827	54.80611
	37.98305	54.80633
	37.9833	54.80664
	37.98338	54.80707
	37.98319	54.80761
	37.9832	54.80785
	37.98399	54.8087
	37.98422	54.80917
	37.9845	54.80986
	37.9846	54.81026
	37.98465	54.81108
	37.98464	54.81151
	37.98491	54.81186
	37.9853	54.81208
	37.98631	54.81235
	37.9867	54.8126
	37.98692	54.81302
	37.98703	54.81327
	37.9873	54.81368
	37.98745	54.81384
	37.9878	54.81426
	37.98823	54.815
	37.98879	54.81533
	37.98932	54.81571
	37.98945	54.81591
	37.98953	54.81616
	37.98952	54.81694
	37.9894	54.81721
	37.98916	54.8175
	37.98885	54.81763
	37.98819	54.81764
	37.98693	54.81781
	37.98612	54.81798
	37.98562	54.81814
	37.98533	54.81843
	37.98539	54.81892
	37.98544	54.81911
	37.98556	54.81923
	37.98576	54.8193
	37.98616	54.8193
	37.98675	54.81916
	37.98701	54.81901
	37.98725	54.81901
	37.98757	54.81932
	37.98771	54.81954
	37.98772	54.81975
	37.98699	54.82005
	37.98644	54.82018
	37.98608	54.82028
	37.9851	54.82065
	37.9848	54.82106
	37.98478	54.82149
	37.9849	54.8219
	37.98531	54.82248
	37.98575	54.82288
	37.98618	54.823
	37.98659	54.82298
	37.987	54.82268
	37.98757	54.82272
	37.98781	54.82284
	37.98792	54.82291
	37.98813	54.82324
	37.98831	54.82374
	37.9888	54.82435
	37.98945	54.82472
	37.98983	54.82502
	37.98985	54.82531
	37.98973	54.82553
	37.98948	54.82569
	37.98871	54.8259
	37.98833	54.82599
	37.98797	54.82616
	37.98739	54.82653
	37.9866	54.82755
	37.98576	54.82796
	37.9845	54.8281
	37.98383	54.82828
	37.98347	54.82857
	37.9832	54.82935
	37.98264	54.8298
	37.98186	54.83006
	37.98132	54.8301
	37.97888	54.8309
	37.97827	54.83115
	37.97709	54.83195
	37.97606	54.83237
	37.97524	54.83266
	37.97451	54.83327
	37.97435	54.83368
	37.97443	54.83428
	37.97469	54.83477
	37.97542	54.83537
	37.97554	54.83576
	37.97526	54.83672
	37.97461	54.83817
	37.97455	54.83856
	37.97453	54.83914
	37.97445	54.83981
	37.97118	54.83961
	37.96744	54.83991
	37.96089	54.84045
	37.95703	54.84121
	37.94863	54.84455
	37.94142	54.84839
	37.93988	54.84916
	37.93847	54.84967
	37.93662	54.85
	37.93063	54.85051
	37.92574	54.85063
	37.91812	54.85043
	37.91415	54.85027
	37.90573	54.85018
	37.8978	54.84992
	37.8921	54.84892
	37.88582	54.84793
	37.87537	54.8447
	37.86954	54.84317
	37.86374	54.84243
	37.85688	54.84164
	37.85694	54.8418
	37.84489	54.83997
	37.83093	54.8385
	37.82006	54.83755
	37.7993	54.83503
	37.7921	54.83433
	37.79239	54.83318
	37.79389	54.83295
	37.7944	54.83277
	37.79335	54.83234
	37.79242	54.83263
	37.78975	54.83249
	37.78872	54.83264
	37.77888	54.83228
	37.76976	54.83245
	37.76747	54.83206
	37.76469	54.8324
	37.75281	54.83261
	37.75024	54.83263
	37.74816	54.83237
	37.75033	54.8297
	37.75429	54.82755
	37.7575	54.82907
	37.76209	54.82822
	37.77114	54.82519
	37.77115	54.82518
	37.77013	54.82318
	37.76949	54.82108
	37.77367	54.82057
	37.7726	54.81909
	37.7731	54.81896
	37.77266	54.81844
	37.77255	54.8185
	37.77285	54.81787
	37.77465	54.81718
	37.77525	54.81687
	37.77622	54.81658
	37.77687	54.81644
	37.77746	54.81618
	37.7779	54.81604
	37.77917	54.81561
	37.77623	54.81395
	37.77517	54.81346
	37.77644	54.8123
	37.77623	54.81121
	37.77509	54.8084
	37.77319	54.80546
	37.76964	54.80458
	37.76915	54.80445
	37.76703	54.80428
	37.76596	54.80398
	37.76513	54.80381
	37.76458	54.80375
	37.76436	54.80442
	37.7645	54.80372
	37.76437	54.8008
	37.7632	54.80079
	37.75293	54.80149
	37.74813	54.80222
	37.74585	54.80055
	37.74752	54.79827
	37.75257	54.79751
	37.76312	54.79679
	37.76359	54.79679
	37.76378	54.7968
	37.76454	54.79679
	37.76889	54.79652
	37.76976	54.7964
	37.7703	54.7962
	37.77052	54.7961
	37.77082	54.79546
	37.77101	54.793
	37.77004	54.78868
	37.77039	54.78631
	37.77084	54.78626
	37.77132	54.78577
	37.77515	54.78505
	37.77803	54.78502
	37.77518	54.78037
	37.77697	54.77874
	37.77468	54.77599
	37.77582	54.77463
	37.77564	54.77139
	37.77501	54.77129
	37.77208	54.77078
	37.7714	54.77029
	37.77063	54.77068
	37.7685	54.77072
	37.76384	54.77165
	37.75787	54.75217
	37.75939	54.75198
	37.76007	54.75219
	37.76015	54.75276
	37.76101	54.75254
	37.76236	54.75262
	37.76271	54.75213
	37.76224	54.75174
	37.76271	54.75162
	37.76339	54.75189
	37.76395	54.75239
	37.76543	54.75185
	37.76624	54.75179
	37.76618	54.75084
	37.76492	54.75071
	37.76486	54.75067
	37.7616	54.74793
	37.76302	54.74381
	37.75843	54.743
	37.74336	54.73407
	37.74405	54.73294
	37.74033	54.73232
	37.73562	54.72963
	37.73427	54.72874
	37.72726	54.72485
	37.72653	54.72493
	37.72371	54.72482
	37.71764	54.72329
	37.71164	54.7228
	37.70573	54.72112
	37.70337	54.72076
	37.69461	54.7238
	37.68883	54.7192
	37.68839	54.71846
	37.68568	54.71802
	37.68477	54.71553
	37.68283	54.71746
	37.68196	54.71781
	37.68149	54.71752
	37.68113	54.71734
	37.68056	54.71714
	37.68001	54.71702
	37.67926	54.71697
	37.67882	54.71699
	37.67837	54.71706
	37.67811	54.71712
	37.67776	54.71722
	37.67759	54.71728
	37.66744	54.72136
	37.66649	54.72139
	37.666	54.72147
	37.66558	54.72159
	37.66516	54.72177
	37.66233	54.72336
	37.65967	54.72449
	37.65892	54.72483
	37.65795	54.72577
	37.65769	54.72629
	37.65776	54.72753
	37.64747	54.73162
	37.64708	54.73162
	37.64701	54.73173
	37.64406	54.73285
	37.64394	54.73253
	37.64393	54.73218
	37.64406	54.73139
	37.64394	54.73118
	37.64377	54.73117
	37.64359	54.73128
	37.64345	54.73159
	37.64303	54.73191
	37.6428	54.73227
	37.64315	54.73273
	37.64313	54.73295
	37.6429	54.73319
	37.64296	54.73337
	37.64172	54.7339
	37.64155	54.73385
	37.64148	54.73384
	37.64103	54.73361
	37.64048	54.73355
	37.64042	54.73362
	37.64063	54.73371
	37.64101	54.73383
	37.64134	54.73386
	37.63432	54.73757
	37.62999	54.73792
	37.62769	54.73993
	37.62738	54.74086
	37.62691	54.74163
	37.6266	54.7421
	37.62617	54.7433
	37.62652	54.74335
	37.62638	54.74334
	37.6257	54.74333
	37.6251	54.74322
	37.62421	54.74316
	37.62371	54.7432
	37.623	54.74319
	37.62113	54.74285
	37.61831	54.74218
	37.61769	54.7421
	37.61653	54.74208
	37.61565	54.74219
	37.61562	54.74215
	37.61396	54.74172
	37.61288	54.74185
	37.61176	54.74137
	37.61103	54.74148
	37.61049	54.74167
	37.61036	54.74223
	37.60951	54.74291
	37.60865	54.74303
	37.60789	54.7438
	37.60656	54.74447
	37.60661	54.74477
	37.60623	54.74505
	37.60542	54.74492
	37.605	54.74529
	37.60499	54.7455
	37.60464	54.74554
	37.60403	54.74536
	37.60304	54.74603
	37.60001	54.74261
	37.58124	54.74178
	37.57926	54.74421
	37.57873	54.74454
	37.57819	54.74454
	37.57559	54.74452
	37.57493	54.74415
	37.57485	54.74351
	37.57412	54.74331
	37.57401	54.74224
	37.57264	54.74165
	37.57167	54.74179
	37.56879	54.74195
	37.56708	54.74171
	37.56304	54.74234
	37.56507	54.73919
	37.565	54.73784
	37.56621	54.73792
	37.56638	54.73738
	37.56529	54.73707
	37.56465	54.73486
	37.56627	54.73502
	37.56495	54.73163
	37.55148	54.73623
	37.548	54.7376
	37.54812	54.74616
	37.54918	54.74889
	37.55065	54.75011
	37.55062	54.75168
	37.55144	54.7524
	37.55275	54.753
	37.55528	54.75379
	37.55604	54.75456
	37.55614	54.75517
	37.55609	54.7556
	37.55652	54.75647
	37.55676	54.75681
	37.55697	54.75753
	37.55619	54.75784
	37.55618	54.75818
	37.55648	54.75932
	37.55647	54.75961
	37.55629	54.76007
	37.55238	54.76718
	37.54978	54.77139
	37.55	54.77142
	37.55002	54.77162
	37.54951	54.7723
	37.54881	54.7736
	37.5474	54.77577
	37.54711	54.77644
	37.54685	54.77679
	37.54479	54.78043
	37.53698	54.78098
	37.532	54.78063
	37.52613	54.77949
	37.52458	54.78011
	37.52351	54.78166
	37.52122	54.78177
	37.51829	54.7816
	37.52179	54.7831
	37.51877	54.78359
	37.51746	54.78448
	37.51385	54.78619
	37.5114	54.78839
	37.5094	54.78976
	37.5027	54.79242
	37.50004	54.79216
	37.49711	54.79308
	37.4972	54.79436
	37.49703	54.7956
	37.49768	54.79656
	37.49944	54.79763
	37.50009	54.79848
	37.50006	54.79993
	37.49931	54.80135
	37.49945	54.80217
	37.4986	54.80368
	37.5011	54.80518
	37.50399	54.80736
	37.50189	54.80804
	37.49887	54.80876
	37.49751	54.80944
	37.49305	54.81221
	37.48966	54.81459
	37.48751	54.818
	37.48463	54.82044
	37.4787	54.81953
	37.47835	54.81939
	37.47791	54.81985
	37.47622	54.82148
	37.47415	54.82345
	37.4725	54.825
	37.4663	54.83095
	37.46554	54.83181
	37.46511	54.8324
	37.46468	54.83309
	37.46437	54.83369
	37.46421	54.83406
	37.46407	54.83447
	37.46394	54.83496
	37.46389	54.83523
	37.46387	54.83544
	37.46384	54.83598
	37.46384	54.83636
	37.46396	54.83718
	37.46407	54.83759
	37.46425	54.83811
	37.46454	54.83879
	37.46473	54.83918
	37.46498	54.83964
	37.46732	54.84389
	37.46654	54.84661
	37.46382	54.84582
	37.46145	54.84153
	37.46095	54.84057
	37.46052	54.83957
	37.46026	54.8388
	37.46007	54.83812
	37.45994	54.83736
	37.45986	54.83677
	37.45985	54.83652
	37.45984	54.83584
	37.45987	54.83518
	37.45994	54.8346
	37.45918	54.83527
	37.4564	54.83887
	37.45173	54.83677
	37.45037	54.83594
	37.44849	54.83651
	37.44644	54.838
	37.44571	54.83947
	37.44629	54.84159
	37.44451	54.84179
	37.44033	54.84195
	37.43796	54.84238
	37.43718	54.84207
	37.43704	54.84175
	37.43641	54.84163
	37.43116	54.8407
	37.42685	54.84073
	37.42414	54.84027
	37.42106	54.8409
	37.41946	54.84184
	37.41836	54.84277
	37.41651	54.84359
	37.41253	54.84259
	37.41195	54.84101
	37.40059	54.8424
	37.39218	54.84382
	37.39164	54.84392
	37.39059	54.84398
	37.38998	54.84371
	37.39073	54.84303
	37.39096	54.84235
	37.39025	54.84165
	37.38936	54.84112
	37.38765	54.84076
	37.38639	54.83983
	37.38348	54.83987
	37.38103	54.83913
	37.37946	54.83834
	37.37681	54.83829
	37.37599	54.83848
	37.37566	54.83885
	37.37567	54.8394
	37.37454	54.84029
	37.37477	54.84222
	37.37599	54.84296
	37.37601	54.84338
	37.37476	54.84348
	37.37518	54.8448
	37.37452	54.84607
	37.37363	54.84602
	37.37348	54.84636
	37.37326	54.84765
	37.37354	54.84818
	37.374	54.84835
	37.37418	54.8485
	37.37406	54.84941
	37.37286	54.85004
	37.37022	54.85184
	37.36688	54.85108
	37.36603	54.85028
	37.36494	54.8499
	37.36237	54.8496
	37.36146	54.84985
	37.35889	54.84882
	37.35914	54.84804
	37.35869	54.83958
	37.35809	54.83457
	37.35638	54.83469
	37.35591	54.83373
	37.35333	54.83508
	37.35384	54.83558
	37.34901	54.8371
	37.33926	54.84066
	37.33676	54.84312
	37.33434	54.84604
	37.33233	54.84541
	37.32677	54.83915
	37.32116	54.8382
	37.31714	54.83918
	37.31658	54.83889
	37.31397	54.84038
	37.31267	54.84016
	37.31178	54.84048
	37.31112	54.84025
	37.30848	54.84137
	37.30936	54.84278
	37.31107	54.84238
	37.31239	54.84232
	37.31373	54.84269
	37.31096	54.84625
	37.30775	54.84712
	37.30891	54.8484
	37.3036	54.8508
	37.30203	54.84985
	37.30004	54.85002
	37.29524	54.84618
	37.29832	54.84206
	37.29716	54.84167
	37.29737	54.83999
	37.29746	54.83972
	37.29842	54.83797
	37.29771	54.83719
	37.29823	54.83474
	37.29733	54.83472
	37.29767	54.83214
	37.29869	54.82968
	37.2991	54.82938
	37.29741	54.82711
	37.29689	54.82703
	37.29601	54.82682
	37.29463	54.82646
	37.29324	54.82594
	37.29259	54.82574
	37.29242	54.8257
	37.2917	54.82554
	37.29135	54.8255
	37.29038	54.82546
	37.29011	54.82547
	37.28927	54.82556
	37.27383	54.82813
	37.27219	54.83043
	37.27222	54.83046
	37.27091	54.83066
	37.27015	54.83156
	37.2701	54.83395
	37.27146	54.83452
	37.27114	54.83509
	37.27609	54.83573
	37.27333	54.83887
	37.27203	54.83978
	37.26871	54.8418
	37.27347	54.84565
	37.27543	54.84733
	37.27427	54.84784
	37.27332	54.84761
	37.27089	54.84727
	37.26953	54.84725
	37.26815	54.84741
	37.26621	54.84791
	37.26517	54.84837
	37.26537	54.84854
	37.26509	54.84872
	37.26351	54.84932
	37.2621	54.85021
	37.26154	54.85061
	37.26137	54.8508
	37.26122	54.85055
	37.26002	54.85086
	37.25976	54.85085
	37.25899	54.85079
	37.25679	54.85083
	37.25484	54.8507
	37.25389	54.85047
	37.25266	54.84988
	37.25119	54.84856
	37.25103	54.84852
	37.24947	54.84821
	37.24797	54.84808
	37.24677	54.84771
	37.2455	54.84737
	37.23997	54.84624
	37.23602	54.84561
	37.23266	54.84539
	37.23011	54.84656
	37.22934	54.84729
	37.22898	54.84868
	37.22949	54.84928
	37.2304	54.8498
	37.23125	54.85005
	37.23196	54.85012
	37.23311	54.85001
	37.23356	54.85028
	37.23333	54.85071
	37.2319	54.8511
	37.23022	54.85147
	37.22979	54.85144
	37.22889	54.85037
	37.22807	54.84991
	37.2274	54.84979
	37.22664	54.84988
	37.22665	54.85039
	37.22719	54.85155
	37.22727	54.85195
	37.22673	54.85256
	37.22644	54.85267
	37.22553	54.85299
	37.22393	54.8532
	37.22334	54.85317
	37.2222	54.85285
	37.22103	54.85274
	37.2199	54.85244
	37.21929	54.85151
	37.22022	54.85057
	37.21966	54.84977
	37.21846	54.84962
	37.21757	54.85024
	37.21748	54.8515
	37.21685	54.85218
	37.21561	54.85279
	37.21399	54.85318
	37.21168	54.85299
	37.20974	54.85346
	37.20893	54.85313
	37.20869	54.85145
	37.20518	54.849
	37.2037	54.84877
	37.20007	54.84954
	37.19671	54.85127
	37.19668	54.85178
	37.1983	54.85202
	37.20081	54.85175
	37.20143	54.85235
	37.2011	54.85345
	37.19753	54.85584
	37.19571	54.85762
	37.19466	54.85757
	37.19407	54.85642
	37.19326	54.85549
	37.19166	54.85578
	37.19034	54.85582
	37.19004	54.85626
	37.1907	54.85719
	37.19072	54.85782
	37.18967	54.8582
	37.18886	54.85798
	37.18842	54.85737
	37.1881	54.85737
	37.18698	54.85821
	37.18484	54.85967
	37.18529	54.86112
	37.18527	54.86119
	37.18485	54.86137
	37.18402	54.86155
	37.18032	54.86251
	37.17852	54.86296
	37.17672	54.86343
	37.1722	54.86417
	37.17175	54.86429
	37.16945	54.865
	37.16662	54.86583
	37.16554	54.86659
	37.16668	54.8679
	37.16748	54.86909
	37.16771	54.86941
	37.16872	54.87048
	37.17099	54.87284
	37.17367	54.87598
	37.17577	54.87854
	37.1687	54.87992
	37.16945	54.88139
	37.16941	54.88342
	37.17028	54.88496
	37.17188	54.88633
	37.1722	54.88665
	37.17283	54.8879
	37.17415	54.88951
	37.17362	54.88998
	37.1739	54.89049
	37.17314	54.89186
	37.16936	54.89358
	37.1682	54.89385
	37.16715	54.89511
	37.16789	54.89582
	37.16809	54.89678
	37.16879	54.89802
	37.17148	54.90028
	37.17434	54.90272
	37.17574	54.9028
	37.17632	54.90457
	37.17609	54.90596
	37.17635	54.90724
	37.177	54.90885
	37.18025	54.91152
	37.18347	54.91477
	37.18563	54.91684
	37.19299	54.92326
	37.18814	54.92886
	37.18512	54.93112
	37.1808	54.93328
	37.17326	54.93672
	37.17251	54.93735
	37.17312	54.9377
	37.17147	54.93838
	37.17255	54.93932
	37.1736	54.93965
	37.1739	54.94037
	37.17339	54.94063
	37.17152	54.94382
	37.17064	54.9439
	37.16977	54.94497
	37.16849	54.94599
	37.16689	54.9463
	37.16688	54.94749
	37.16761	54.9493
	37.1605	54.95044
	37.16109	54.95182
	37.16372	54.95279
	37.16447	54.95364
	37.16635	54.95328
	37.16874	54.95609
	37.16721	54.9575
	37.16239	54.95869
	37.15816	54.95766
	37.15773	54.95798
	37.16129	54.9625
	37.16127	54.96507
	37.16436	54.96543
	37.16657	54.96533
	37.16773	54.96506
	37.16636	54.96405
	37.16601	54.96341
	37.16408	54.9631
	37.16234	54.96091
	37.16213	54.95976
	37.16296	54.95976
	37.16309	54.95927
	37.16992	54.95735
	37.17361	54.96019
	37.17174	54.96815
	37.16803	54.96868
	37.16747	54.97002
	37.1647	54.97103
	37.16372	54.97069
	37.16241	54.97149
	37.16414	54.97251
	37.16131	54.97537
	37.15215	54.98017
	37.14668	54.98141
	37.15229	54.98317
	37.15427	54.9851
	37.13895	54.98789
	37.1343	54.9914
	37.15664	55.0004
	37.15384	55.00003
	37.15137	54.99969
	37.1499	55.00016
	37.12784	55.01852
	37.12442	55.01984
	37.12232	55.0233
	37.12149	55.02288
	37.11963	55.02191
	37.11319	55.02351
	37.10784	55.02613
	37.09587	55.03241
	37.09455	55.03664
	37.09629	55.04127
	37.09681	55.04423
	37.09356	55.04836
	37.08381	55.05655
	37.0845	55.05768
	37.08604	55.05801
	37.08748	55.05792
	37.0884	55.0582
	37.09283	55.05891
	37.09851	55.0604
	37.10339	55.0616
	37.11102	55.06151
	37.11528	55.0627
	37.11647	55.06322
	37.11686	55.0633
	37.11816	55.06349
	37.11687	55.06485
	37.11526	55.06562
	37.11445	55.0659
	37.11342	55.06605
	37.11263	55.06689
	37.11199	55.06826
	37.11211	55.06862
	37.11286	55.06906
	37.11414	55.06942
	37.11538	55.07033
	37.11672	55.07086
	37.11876	55.07154
	37.12018	55.07338
	37.12038	55.07393
	37.1196	55.07434
	37.11877	55.07446
	37.11775	55.07433
	37.1163	55.0744
	37.11467	55.0748
	37.11362	55.07537
	37.11175	55.07654
	37.11129	55.07717
	37.111	55.07933
	37.11057	55.08078
	37.1107	55.08312
	37.11067	55.08522
	37.11131	55.08749
	37.11244	55.08881
	37.11304	55.0894
	37.11463	55.09062
	37.11685	55.09278
	37.11715	55.09335
	37.11696	55.09576
	37.11703	55.0963
	37.11648	55.09721
	37.11632	55.09806
	37.11573	55.09874
	37.11456	55.0992
	37.11118	55.09951
	37.10881	55.09968
	37.10772	55.09973
	37.10583	55.09917
	37.10479	55.09877
	37.10399	55.09848
	37.10244	55.09778
	37.10116	55.09729
	37.09997	55.09711
	37.09869	55.09711
	37.09806	55.09746
	37.09732	55.09916
	37.09764	55.10009
	37.09723	55.10115
	37.09617	55.1023
	37.09522	55.1034
	37.09524	55.10386
	37.09557	55.10401
	37.09635	55.10434
	37.09716	55.10436
	37.0977	55.1046
	37.09784	55.10506
	37.0983	55.10545
	37.09838	55.10594
	37.09809	55.10636
	37.0972	55.10683
	37.09693	55.10752
	37.09683	55.10792
	37.09692	55.10843
	37.09574	55.10847
	37.09482	55.10863
	37.094	55.10891
	37.0923	55.10928
	37.09086	55.10945
	37.08981	55.10956
	37.08872	55.10949
	37.08778	55.10974
	37.08645	55.10994
	37.08512	55.11017
	37.08393	55.11027
	37.08271	55.11049
	37.08144	55.11058
	37.08143	55.1112
	37.07876	55.11168
	37.07615	55.11196
	37.07552	55.11238
	37.07468	55.11268
	37.07287	55.11316
	37.07106	55.1143
	37.07082	55.11444
	37.06953	55.11424
	37.06842	55.11439
	37.06759	55.11424
	37.06691	55.11416
	37.06618	55.11384
	37.06304	55.11305
	37.06074	55.11217
	37.05797	55.11087
	37.05704	55.10965
	37.05538	55.11046
	37.05509	55.11089
	37.05243	55.11241
	37.05188	55.11317
	37.05182	55.11337
	37.05301	55.11532
	37.05325	55.11621
	37.05271	55.11708
	37.05287	55.11789
	37.0532	55.11815
	37.05336	55.11856
	37.05359	55.11893
	37.05424	55.11936
	37.05425	55.11965
	37.05495	55.12014
	37.0552	55.12045
	37.05505	55.12129
	37.0557	55.12115
	37.05562	55.12165
	37.05614	55.12183
	37.0574	55.12293
	37.05736	55.12308
	37.05618	55.12393
	37.05505	55.12477
	37.05558	55.12496
	37.05718	55.1259
	37.06061	55.12708
	37.05479	55.12837
	37.04235	55.13389
	37.04179	55.13531
	37.04395	55.13703
	37.04374	55.13776
	37.04563	55.14217
	37.04482	55.14338
	37.06475	55.14428
	37.06439	55.14712
	37.11121	55.14919
	37.11058	55.15416
	37.14134	55.15567
	37.14208	55.15568
	37.14083	55.16263
	37.14078	55.16438
	37.15632	55.16476
	37.15718	55.16175
	37.16206	55.16472
	37.1661	55.16438
	37.16666	55.16538
	37.16894	55.1647
	37.16988	55.16434
	37.17134	55.16547
	37.17113	55.17037
	37.17049	55.17087
	37.17042	55.17111
	37.16981	55.17145
	37.16958	55.17242
	37.17005	55.17379
	37.16856	55.17768
	37.16786	55.17945
	37.16739	55.18063
	37.16764	55.18132
	37.16836	55.18284
	37.16817	55.1834
	37.16728	55.18542
	37.16909	55.18726
	37.17252	55.19085
	37.17336	55.19161
	37.17341	55.19301
	37.17418	55.19386
	37.17444	55.19504
	37.17006	55.19454
	37.16888	55.19464
	37.16859	55.19687
	37.16783	55.20327
	37.1673	55.20692
	37.16699	55.20867
	37.16668	55.21135
	37.16682	55.21146
	37.16799	55.21161
	37.16854	55.21274
	37.16961	55.21496
	37.16959	55.21576
	37.16835	55.21591
	37.16794	55.21653
	37.16822	55.21658
	37.16809	55.21721
	37.16805	55.21747
	37.16807	55.21764
	37.16806	55.21827
	37.16773	55.22017
	37.16578	55.23151
	37.17151	55.23135
	37.17585	55.23256
	37.17677	55.23346
	37.1781	55.23429
	37.1849	55.23689
	37.18725	55.23645
	37.189	55.23647
	37.1919	55.23549
	37.19223	55.23537
	37.19394	55.23481
	37.19605	55.23573
	37.19914	55.23736
	37.19984	55.23772
	37.20236	55.23965
	37.20463	55.24146
	37.20484	55.24163
	37.20486	55.24163
	37.2048	55.24171
	37.20464	55.24172
	37.20441	55.24182
	37.20417	55.24194
	37.20426	55.24229
	37.20416	55.24236
	37.20356	55.24234
	37.20346	55.24234
	37.20345	55.2424
	37.20354	55.24248
	37.20328	55.24275
	37.20308	55.2428
	37.20254	55.2427
	37.20236	55.24274
	37.20231	55.24285
	37.20239	55.24294
	37.20262	55.24294
	37.20269	55.24302
	37.20267	55.24311
	37.20248	55.24316
	37.20232	55.2431
	37.20215	55.24309
	37.20199	55.24311
	37.20188	55.2431
	37.20177	55.24316
	37.20147	55.244
	37.20131	55.24413
	37.20118	55.24436
	37.20138	55.24471
	37.20166	55.24489
	37.20172	55.24504
	37.20181	55.24517
	37.20197	55.24531
	37.20214	55.24541
	37.20222	55.24559
	37.20246	55.24564
	37.20281	55.24586
	37.203	55.24609
	37.20338	55.24638
	37.20395	55.24689
	37.20396	55.24765
	37.20423	55.2479
	37.20474	55.24794
	37.20499	55.24831
	37.20529	55.24845
	37.20562	55.24896
	37.20594	55.24947
	37.20682	55.2494
	37.20784	55.2491
	37.20832	55.24953
	37.20977	55.2508
	37.21268	55.25162
	37.21421	55.25269
	37.21623	55.25223
	37.21738	55.25259
	37.21817	55.25285
	37.219	55.25311
	37.22298	55.25199
	37.22501	55.25124
	37.22881	55.24955
	37.23115	55.24911
	37.23272	55.24845
	37.23427	55.24792
	37.23485	55.24763
	37.23316	55.24558
	37.23553	55.24439
	37.23478	55.24277
	37.24015	55.24102
	37.24552	55.23927
	37.24649	55.2406
	37.24746	55.24193
	37.24998	55.24099
	37.25127	55.24
	37.25431	55.24033
	37.25906	55.24023
	37.26382	55.24014
	37.27016	55.24049
	37.2696	55.24072
	37.27449	55.24461
	37.27687	55.25158
	37.26788	55.25647
	37.2705	55.25809
	37.27156	55.25882
	37.27562	55.25671
	37.28116	55.25382
	37.28512	55.25176
	37.29102	55.24859
	37.29446	55.24238
	37.30298	55.2429
	37.30699	55.24012
	37.30521	55.23818
	37.305	55.23581
	37.30505	55.23427
	37.30666	55.2317
	37.30433	55.23184
	37.29992	55.23061
	37.30008	55.22723
	37.30085	55.22453
	37.30378	55.22395
	37.30686	55.22298
	37.30928	55.22224
	37.31697	55.22072
	37.31782	55.22272
	37.31699	55.22657
	37.31666	55.22829
	37.32033	55.22864
	37.32681	55.22901
	37.33339	55.22867
	37.33498	55.2374
	37.33505	55.2375
	37.33441	55.23804
	37.33885	55.23824
	37.34657	55.23847
	37.35186	55.23863
	37.36313	55.24159
	37.36586	55.24225
	37.36765	55.24268
	37.37623	55.24476
	37.38512	55.24681
	37.39595	55.24914
	37.40038	55.25009
	37.40365	55.25041
	37.405	55.24862
	37.40726	55.25031
	37.40775	55.2537
	37.40762	55.25474
	37.40745	55.25515
	37.40603	55.25615
	37.40647	55.25921
	37.40651	55.25968
	37.40654	55.26003
	37.40662	55.26084
	37.40927	55.27026
	37.40956	55.27127
	37.41161	55.27856
	37.41163	55.27863
	37.41091	55.27874
	37.41283	55.28222
	37.41419	55.28361
	37.41545	55.2865
	37.41523	55.29003
	37.41663	55.29017
	37.41626	55.29057
	37.41715	55.29099
	37.418	55.29107
	37.41799	55.29128
	37.41783	55.29145
	37.41657	55.29092
	37.41442	55.2905
	37.41202	55.29044
	37.41151	55.29066
	37.40972	55.29017
	37.40857	55.29191
	37.41216	55.29279
	37.41198	55.29318
	37.41323	55.29359
	37.4109	55.29626
	37.41031	55.29601
	37.4091	55.29667
	37.40806	55.29619
	37.40701	55.2967
	37.40642	55.29623
	37.40491	55.29679
	37.4036	55.29614
	37.40286	55.29653
	37.40301	55.29777
	37.40409	55.29845
	37.40407	55.30049
	37.40271	55.30058
	37.39945	55.30169
	37.39926	55.30102
	37.39752	55.30133
	37.39251	55.29952
	37.3915	55.30139
	37.39003	55.30228
	37.38996	55.30254
	37.39143	55.30406
	37.39266	55.30662
	37.39539	55.30737
	37.39507	55.30807
	37.39365	55.30788
	37.39318	55.30961
	37.39142	55.30959
	37.39074	55.31036
	37.39044	55.3112
	37.38965	55.31117
	37.38987	55.31222
	37.38792	55.31217
	37.38633	55.31404
	37.38627	55.31456
	37.38454	55.31543
	37.38273	55.31679
	37.3846	55.31652
	37.38946	55.31628
	37.39441	55.31544
	37.39552	55.31494
	37.39669	55.31604
	37.39875	55.3152
	37.40034	55.31449
	37.40181	55.31298
	37.40698	55.31136
	37.40978	55.30942
	37.41465	55.31186
	37.41862	55.31157
	37.42213	55.31152
	37.42212	55.31204
	37.42234	55.31236
	37.42782	55.31473
	37.42491	55.31722
	37.42469	55.32063
	37.4241	55.32153
	37.42415	55.32174
	37.42475	55.32249
	37.42291	55.32393
	37.42084	55.32892
	37.41533	55.33059
	37.41523	55.33117
	37.41429	55.33184
	37.41073	55.33257
	37.40791	55.33382
	37.40585	55.33501
	37.40521	55.33615
	37.40511	55.33653
	37.40584	55.33646
	37.40837	55.33787
	37.40913	55.33843
	37.41021	55.33887
	37.41003	55.3393
	37.41057	55.33934
	37.41087	55.3392
	37.41271	55.3401
	37.41379	55.34037
	37.41355	55.34081
	37.41425	55.34129
	37.41485	55.34101
	37.416	55.34153
	37.41729	55.34189
	37.41958	55.34204
	37.42053	55.34245
	37.42158	55.34255
	37.42286	55.34321
	37.42232	55.34637
	37.42092	55.34946
	37.41966	55.35062
	37.41993	55.35132
	37.44103	55.35195
	37.44031	55.35269
	37.44278	55.3529
	37.44309	55.35292
	37.42979	55.36298
	37.4295	55.36289
	37.42909	55.36292
	37.42897	55.36287
	37.42882	55.36279
	37.42614	55.36372
	37.42707	55.36639
	37.42728	55.3665
	37.42741	55.36655
	37.42783	55.36672
	37.42792	55.36676
	37.42804	55.3668
	37.42832	55.36687
	37.42849	55.3669
	37.42875	55.36692
	37.42988	55.36847
	37.42933	55.3688
	37.43024	55.36896
	37.43106	55.37009
	37.43175	55.37068
	37.43216	55.3709
	37.43267	55.37108
	37.43313	55.37118
	37.43379	55.37121
	37.43467	55.3711
	37.43512	55.37179
	37.4353	55.37279
	37.43823	55.37455
	37.4386	55.37459
	37.43988	55.37408
	37.44088	55.37407
	37.44174	55.37427
	37.44283	55.37448
	37.44358	55.37458
	37.44432	55.37457
	37.44513	55.37505
	37.44552	55.37597
	37.44549	55.3774
	37.44711	55.38117
	37.449	55.3816
	37.45257	55.38017
	37.4537	55.38033
	37.45432	55.37994
	37.45437	55.37964
	37.45426	55.37929
	37.45465	55.37903
	37.45478	55.37854
	37.45563	55.37724
	37.45594	55.37727
	37.45599	55.3753
	37.45675	55.37463
	37.45712	55.37462
	37.45681	55.37398
	37.4578	55.37296
	37.45833	55.37285
	37.45825	55.37249
	37.45835	55.37211
	37.45873	55.37196
	37.45891	55.37132
	37.45983	55.37056
	37.46003	55.37024
	37.46096	55.36973
	37.46218	55.36768
	37.46547	55.36919
	37.4666	55.37033
	37.4675	55.37129
	37.46449	55.37664
	37.46927	55.37982
	37.46705	55.38469
	37.46393	55.38823
	37.47054	55.39003
	37.4685	55.39197
	37.46805	55.3924
	37.46539	55.39592
	37.46521	55.39659
	37.46445	55.39719
	37.46399	55.39802
	37.4639	55.39865
	37.46852	55.39904
	37.46752	55.3997
	37.46131	55.39941
	37.46095	55.40157
	37.46338	55.40265
	37.46206	55.40487
	37.46896	55.40678
	37.46601	55.40837
	37.46559	55.40902
	37.46726	55.41094
	37.46781	55.41204
	37.46729	55.41257
	37.46669	55.41285
	37.46581	55.41298
	37.46348	55.41304
	37.45998	55.41331
	37.45827	55.41241
	37.45613	55.41229
	37.45409	55.41325
	37.45147	55.41482
	37.45114	55.4163
	37.44843	55.41533
	37.44857	55.41495
	37.44463	55.41374
	37.4433	55.4146
	37.4422	55.41411
	37.44035	55.41495
	37.43906	55.41422
	37.43773	55.41428
	37.43735	55.41538
	37.4402	55.41876
	37.43954	55.42078
	37.43531	55.42102
	37.43507	55.41954
	37.43431	55.41954
	37.4345	55.42156
	37.43312	55.42364
	37.42918	55.42437
	37.42799	55.42537
	37.43122	55.42669
	37.43269	55.42604
	37.4346	55.42688
	37.43074	55.42936
	37.42666	55.42723
	37.42737	55.43287
	37.38734	55.43465
	37.38715	55.43845
	37.38848	55.43845
	37.38967	55.43783
	37.39209	55.43761
	37.39637	55.44015
	37.39651	55.44042
	37.40098	55.44449
	37.39894	55.44581
	37.39518	55.44276
	37.39062	55.44255
	37.39067	55.44446
	37.388	55.44667
	37.37864	55.44651
	37.37702	55.4457
	37.37412	55.44552
	37.37212	55.44765
	37.37303	55.44953
	37.37493	55.44959
	37.37636	55.45112
	37.37712	55.45123
	37.37745	55.45166
	37.38092	55.45161
	37.38449	55.45115
	37.38658	55.45232
	37.3879	55.45357
	37.38683	55.45408
	37.38692	55.45469
	37.38643	55.45508
	37.38647	55.45592
	37.38364	55.45703
	37.38445	55.45798
	37.38503	55.45724
	37.38679	55.45685
	37.38766	55.45669
	37.38879	55.4571
	37.39421	55.46316
	37.3925	55.46413
	37.39188	55.46566
	37.39103	55.46667
	37.39457	55.46901
	37.39945	55.46849
	37.40279	55.4685
	37.40038	55.46699
	37.40508	55.46508
	37.40763	55.46509
	37.41126	55.46293
	37.4122	55.46563
	37.41572	55.46615
	37.41962	55.4687
	37.42108	55.46838
	37.42153	55.46861
	37.42455	55.46985
	37.42763	55.46945
	37.42909	55.46942
	37.42974	55.47177
	37.42869	55.47345
	37.42622	55.47589
	37.4271	55.47626
	37.42847	55.47589
	37.43223	55.47623
	37.43452	55.47684
	37.43883	55.47871
	37.439	55.47936
	37.43917	55.47948
	37.44522	55.4819
	37.44771	55.48011
	37.44939	55.47996
	37.44724	55.47504
	37.4484	55.47435
	37.44917	55.47438
	37.44927	55.47439
	37.44947	55.4744
	37.44955	55.47441
	37.4506	55.47445
	37.45119	55.47437
	37.45187	55.47441
	37.45197	55.47442
	37.45339	55.47445
	37.45481	55.47448
	37.45493	55.47448
	37.45606	55.47444
	37.45667	55.47447
	37.45689	55.47446
	37.45787	55.47439
	37.45817	55.47435
	37.4621	55.47347
	37.46238	55.47347
	37.46246	55.47347
	37.4627	55.47345
	37.46273	55.47345
	37.46298	55.47344
	37.46317	55.47344
	37.46419	55.47347
	37.46444	55.47354
	37.46498	55.47371
	37.4654	55.47379
	37.46661	55.4739
	37.46694	55.4739
	37.4673	55.47387
	37.46774	55.47379
	37.46811	55.47367
	37.46944	55.47117
	37.46693	55.46985
	37.46678	55.4699
	37.46596	55.46983
	37.4656	55.46972
	37.46557	55.46971
	37.46507	55.46956
	37.46457	55.46948
	37.46418	55.46947
	37.46398	55.46868
	37.45799	55.46833
	37.45799	55.46544
	37.46458	55.46494
	37.4701	55.46227
	37.47541	55.46102
	37.47675	55.4617
	37.4783	55.46147
	37.47823	55.4606
	37.47921	55.46066
	37.47927	55.46042
	37.47988	55.45985
	37.48099	55.45937
	37.4823	55.45896
	37.48324	55.45858
	37.48421	55.4583
	37.48483	55.45827
	37.48551	55.45859
	37.48624	55.45893
	37.48734	55.45968
	37.4886	55.46032
	37.48952	55.46083
	37.48993	55.46089
	37.49033	55.46086
	37.49118	55.46069
	37.49263	55.46043
	37.49343	55.46026
	37.49535	55.45976
	37.49641	55.45932
	37.49672	55.45914
	37.49686	55.45896
	37.49689	55.45877
	37.49677	55.4585
	37.49625	55.4581
	37.49491	55.45748
	37.49407	55.45712
	37.49293	55.45677
	37.49253	55.45659
	37.49223	55.45636
	37.49215	55.45617
	37.49233	55.45569
	37.49293	55.45515
	37.49408	55.45438
	37.49497	55.45362
	37.49516	55.45346
	37.49613	55.4524
	37.49617	55.45236
	37.49697	55.45173
	37.4981	55.45107
	37.49852	55.45089
	37.49865	55.45065
	37.49865	55.45054
	37.49865	55.4504
	37.49853	55.45004
	37.49816	55.44981
	37.49735	55.44956
	37.49672	55.44937
	37.49546	55.44907
	37.49266	55.44868
	37.49008	55.44828
	37.48758	55.44807
	37.48642	55.44783
	37.48604	55.44757
	37.48581	55.44725
	37.48577	55.4469
	37.48591	55.44659
	37.4864	55.44578
	37.48727	55.44505
	37.48833	55.44445
	37.49039	55.44329
	37.49126	55.44274
	37.49165	55.44256
	37.49338	55.44239
	37.49512	55.44229
	37.49669	55.44213
	37.49766	55.44199
	37.49842	55.44175
	37.49949	55.44137
	37.5	55.44098
	37.50079	55.44023
	37.50116	55.43945
	37.5022	55.43838
	37.50255	55.4381
	37.50304	55.43789
	37.50384	55.43784
	37.50457	55.43773
	37.50542	55.43747
	37.50739	55.43669
	37.50854	55.43639
	37.51006	55.43619
	37.51348	55.43592
	37.51849	55.43597
	37.52533	55.43584
	37.52939	55.43585
	37.53358	55.43614
	37.53527	55.43628
	37.53839	55.43749
	37.53801	55.43782
	37.53723	55.43853
	37.53664	55.43922
	37.53635	55.43921
	37.53633	55.43926
	37.53581	55.43925
	37.5357	55.43981
	37.53667	55.43992
	37.53584	55.44192
	37.53597	55.44225
	37.53477	55.44495
	37.5337	55.44579
	37.53229	55.4464
	37.53152	55.44691
	37.53142	55.4479
	37.53164	55.44819
	37.53179	55.44962
	37.53168	55.45032
	37.53195	55.45096
	37.53161	55.45101
	37.53184	55.45159
	37.53161	55.45175
	37.53276	55.45368
	37.53326	55.4536
	37.53398	55.45349
	37.53415	55.45346
	37.53443	55.45342
	37.53666	55.45335
	37.53688	55.45346
	37.53681	55.45429
	37.53681	55.4543
	37.53682	55.45444
	37.53682	55.45457
	37.53682	55.45478
	37.53805	55.45516
	37.53839	55.45525
	37.53921	55.45549
	37.53933	55.45551
	37.53962	55.4555
	37.53975	55.45554
	37.53986	55.45561
	37.53998	55.45571
	37.54013	55.45579
	37.54105	55.45611
	37.54184	55.45641
	37.54255	55.45672
	37.544	55.45763
	37.54432	55.45786
	37.54674	55.45713
	37.54801	55.4569
	37.54794	55.45714
	37.54793	55.45733
	37.54791	55.45829
	37.5479	55.45857
	37.5479	55.45878
	37.54786	55.45985
	37.54753	55.45983
	37.54747	55.45967
	37.54712	55.45976
	37.54691	55.45975
	37.54685	55.45973
	37.54677	55.45973
	37.54662	55.45975
	37.54592	55.45972
	37.54594	55.45974
	37.54597	55.45979
	37.54602	55.45984
	37.54615	55.45998
	37.54625	55.46012
	37.54632	55.46019
	37.54633	55.4602
	37.54757	55.46165
	37.54756	55.46169
	37.54734	55.46206
	37.54729	55.4621
	37.54707	55.4621
	37.54699	55.46208
	37.54695	55.46204
	37.54686	55.46173
	37.54649	55.46165
	37.54641	55.46163
	37.54637	55.46162
	37.54633	55.46162
	37.54591	55.46157
	37.54637	55.46251
	37.54668	55.46316
	37.54693	55.46433
	37.54705	55.46432
	37.54709	55.46449
	37.54709	55.46459
	37.54698	55.4646
	37.5456	55.46485
	37.54555	55.4653
	37.54475	55.47265
	37.55391	55.47294
	37.55541	55.47299
	37.5554	55.47306
	37.5554	55.47313
	37.55552	55.47314
	37.55789	55.47326
	37.56084	55.47339
	37.56081	55.47425
	37.56103	55.47447
	37.56146	55.47446
	37.56154	55.4748
	37.56176	55.47479
	37.56188	55.4756
	37.56189	55.47569
	37.56197	55.47606
	37.56239	55.47802
	37.56245	55.47814
	37.56297	55.4793
	37.56276	55.47993
	37.56305	55.48015
	37.56317	55.48062
	37.56303	55.48064
	37.56305	55.48068
	37.56319	55.48068
	37.56346	55.4815
	37.56411	55.4825
	37.56415	55.4827
	37.56427	55.48305
	37.56426	55.48305
	37.56308	55.48504
	37.56319	55.48637
	37.56547	55.48818
	37.5662	55.48808
	37.56647	55.48763
	37.56675	55.48764
	37.56746	55.48766
	37.57463	55.487
	37.57867	55.48669
	37.57852	55.48628
	37.57843	55.48605
	37.57779	55.48395
	37.57778	55.48377
	37.5798	55.48368
	37.58024	55.48397
	37.58019	55.48398
	37.5806	55.48677
	37.58074	55.48688
	37.58094	55.48705
	37.58114	55.48725
	37.58156	55.48756
	37.58168	55.48762
	37.58177	55.48768
	37.58189	55.48778
	37.58241	55.48808
	37.58255	55.48813
	37.58277	55.48821
	37.58291	55.48824
	37.58303	55.48827
	37.58335	55.48833
	37.58343	55.48835
	37.58421	55.48846
	37.58479	55.48855
	37.58492	55.48856
	37.58514	55.48858
	37.58596	55.48905
	37.58514	55.48953
	37.58611	55.48995
	37.58651	55.49036
	37.58678	55.49069
	37.58678	55.4907
	37.58695	55.49078
	37.58731	55.49098
	37.58748	55.4911
	37.58759	55.49183
	37.58942	55.49108
	37.58945	55.49117
	37.5916	55.49267
	37.59513	55.48985
	37.59972	55.48905
	37.60039	55.48886
	37.60089	55.48905
	37.60123	55.48925
	37.60193	55.48928
	37.6025	55.48966
	37.60358	55.49048
	37.60352	55.4914
	37.60395	55.49135
	37.60468	55.49167
	37.60588	55.49078
	37.60614	55.48888
	37.60649	55.4883
	37.61135	55.48964
	37.61102	55.49141
	37.60962	55.49113
	37.60739	55.49182
	37.60793	55.49279
	37.61042	55.49324
	37.60968	55.49632
	37.6091	55.50088
	37.60561	55.50205
	37.60569	55.50235
	37.60893	55.50241
	37.6081	55.50984
	37.60212	55.51046
	37.60477	55.5125
	37.60381	55.51304
	37.60089	55.51092
	37.59927	55.51263
	37.59802	55.51471
	37.59183	55.51249
	37.59055	55.51341
	37.58971	55.51401
	37.5887	55.51553
	37.5858	55.51713
	37.58552	55.518
	37.58225	55.51974
	37.57913	55.52135
	37.5785	55.52168
	37.57994	55.52624
	37.57996	55.52656
	37.57997	55.52663
	37.5803	55.52769
	37.5807	55.52767
	37.58221	55.53164
	37.58252	55.53267
	37.58364	55.53651
	37.58392	55.5372
	37.58332	55.53786
	37.58462	55.54206
	37.58452	55.54206
	37.58523	55.54459
	37.58544	55.54534
	37.58553	55.54555
	37.58566	55.54575
	37.58584	55.54627
	37.58595	55.54626
	37.58715	55.55022
	37.58749	55.55135
	37.58791	55.55224
	37.58812	55.55273
	37.58821	55.55369
	37.5893	55.5572
	37.58945	55.55768
	37.59335	55.56025
	37.59618	55.56176
	37.59884	55.56271
	37.60037	55.56311
	37.60088	55.56328
	37.60214	55.56389
	37.60358	55.56456
	37.60229	55.56637
	37.60167	55.56723
	37.6011	55.56841
	37.60144	55.56829
	37.60238	55.57096
	37.60226	55.5712
	37.60304	55.57337
	37.60649	55.575
	37.61109	55.57474
	37.61313	55.57463
	37.61785	55.57436
	37.62331	55.57402
	37.62843	55.57372
	37.6285	55.57376
	37.63078	55.57362
	37.63073	55.57359
	37.63293	55.57346
	37.6329	55.57353
	37.63504	55.57345
	37.63503	55.57334
	37.63777	55.57318
	37.63892	55.57311
	37.63913	55.57174
	37.63928	55.57163
	37.63938	55.57156
	37.63983	55.57127
	37.6408	55.57096
	37.64133	55.57093
	37.64233	55.57114
	37.64276	55.57135
	37.64295	55.57144
	37.64346	55.57284
	37.64567	55.57271
	37.64966	55.57248
	37.65	55.57242
	37.65024	55.57234
	37.65035	55.57229
	37.65048	55.57216
	37.65056	55.57201
	37.65053	55.57192
	37.65049	55.57183
	37.65075	55.57173
	37.65086	55.57184
	37.65098	55.57192
	37.65113	55.57196
	37.65127	55.57198
	37.65156	55.57199
	37.65179	55.572
	37.65228	55.572
	37.65265	55.572
	37.65283	55.572
	37.65316	55.57208
	37.6539	55.57229
	37.65454	55.57225
	37.65579	55.57218
	37.65687	55.57212
	37.65905	55.57192
	37.66343	55.57166
	37.66436	55.57162
	37.66637	55.57167
	37.67072	55.57167
	37.67605	55.57209
	37.68073	55.57292
	37.68308	55.57367
	37.68457	55.57405
	37.6849	55.57409
	37.68518	55.57412
	37.68554	55.57411
	37.68585	55.57409
	37.68649	55.574
	37.68694	55.57393
	37.68739	55.57386
	37.68768	55.5738
	37.68815	55.57372
	37.68841	55.57366
	37.68875	55.57358
	37.68916	55.57348
	37.68945	55.57338
	37.68964	55.57329
	37.68994	55.57319
	37.69027	55.57302
	37.69043	55.57293
	37.69051	55.57284
	37.69065	55.57267
	37.69078	55.57248
	37.69092	55.57232
	37.69175	55.57282
	37.69172	55.57295
	37.69165	55.57313
	37.6916	55.57324
	37.69159	55.5734
	37.69155	55.57359
	37.69152	55.57368
	37.69148	55.57379
	37.69145	55.57392
	37.69141	55.5741
	37.69136	55.57426
	37.69137	55.57444
	37.69138	55.57464
	37.69138	55.57478
	37.69142	55.57494
	37.69147	55.5751
	37.69151	55.57532
	37.69156	55.5755
	37.6916	55.57565
	37.69164	55.57581
	37.69168	55.57599
	37.69176	55.57619
	37.69179	55.57641
	37.69191	55.57661
	37.69209	55.57675
	37.69224	55.57687
	37.69256	55.57712
	37.69269	55.57716
	37.69644	55.57855
	37.69905	55.57955
	37.69939	55.57968
	37.7057	55.57991
	37.707	55.5797
	37.70829	55.58015
	37.70868	55.58227
	37.70946	55.58233
	37.70945	55.5824
	37.70902	55.58333
	37.70901	55.58337
	37.71011	55.58377
	37.71138	55.58424
	37.71295	55.5848
	37.71555	55.58574
	37.716	55.58589
	37.71616	55.586
	37.71966	55.58733
	37.72405	55.58913
	37.7245	55.58931
	37.72527	55.58962
	37.72635	55.59007
	37.72697	55.59008
	37.72837	55.58993
	37.72886	55.58988
	37.73025	55.58971
	37.73044	55.58967
	37.73063	55.58956
	37.73084	55.58947
	37.73114	55.58931
	37.73128	55.58922
	37.73154	55.5891
	37.73217	55.5888
	37.7328	55.58917
	37.73257	55.58932
	37.73241	55.58945
	37.73232	55.58954
	37.73224	55.58964
	37.73214	55.58977
	37.73204	55.58993
	37.732	55.59008
	37.73199	55.59026
	37.73199	55.59036
	37.732	55.59045
	37.73201	55.59059
	37.73204	55.59071
	37.7321	55.59091
	37.73217	55.5911
	37.73224	55.5913
	37.73231	55.59151
	37.7324	55.59173
	37.73247	55.59193
	37.73255	55.59213
	37.73263	55.59232
	37.7328	55.59249
	37.73299	55.5927
	37.73315	55.59285
	37.73695	55.59444
	37.74118	55.59621
	37.74559	55.59806
	37.74563	55.59803
	37.74579	55.59764
	37.74586	55.59755
	37.74603	55.59768
	37.74645	55.59732
	37.74634	55.5971
	37.74655	55.597
	37.74676	55.59705
	37.74692	55.59691
	37.74695	55.59691
	37.74697	55.59691
	37.74699	55.5971
	37.74898	55.59754
	37.74898	55.59789
	37.749	55.59809
	37.74911	55.59803
	37.74915	55.59811
	37.74901	55.59819
	37.74909	55.59906
	37.74935	55.59909
	37.74934	55.59918
	37.7491	55.59916
	37.74914	55.59955
	37.75073	55.60021
	37.75383	55.6016
	37.75729	55.60343
	37.76109	55.60552
	37.76227	55.60615
	37.76228	55.60625
	37.76303	55.60661
	37.76505	55.60775
	37.76672	55.60864
	37.77131	55.61127
	37.77625	55.614
	37.77836	55.61518
	37.77949	55.61456
	37.77979	55.61427
	37.77987	55.61425
	37.77988	55.61419
	37.77994	55.61419
	37.7801	55.61418
	37.78033	55.61416
	37.78064	55.61416
	37.78104	55.6142
	37.78159	55.61431
	37.7816	55.61432
	37.78222	55.61445
	37.78901	55.61638
	37.78683	55.61966
	37.78836	55.62038
	37.78829	55.62044
	37.79199	55.62231
	37.79213	55.62217
	37.79356	55.62296
	37.79585	55.62423
	37.7975	55.62537
	37.79869	55.62442
	37.79898	55.62445
	37.7996	55.62452
	37.79981	55.62455
	37.80074	55.6249
	37.8015	55.62545
	37.80224	55.62644
	37.80232	55.62669
	37.80238	55.62692
	37.80241	55.62703
	37.80158	55.62828
	37.80197	55.62854
	37.80471	55.63034
	37.80616	55.63126
	37.80736	55.63196
	37.80747	55.63193
	37.80839	55.63253
	37.80836	55.63258
	37.80866	55.63291
	37.81034	55.63403
	37.81393	55.63636
	37.81697	55.63834
	37.81741	55.63862
	37.81812	55.63909
	37.81833	55.63921
	37.81854	55.63927
	37.81898	55.63931
	37.82038	55.63943
	37.82072	55.63943
	37.8209	55.63936
	37.82106	55.63929
	37.82125	55.63921
	37.82147	55.63912
	37.82176	55.63908
	37.82192	55.63911
	37.82214	55.63914
	37.82238	55.6392
	37.82258	55.63928
	37.82293	55.63932
	37.82351	55.63967
	37.82364	55.63981
	37.82382	55.63996
	37.82401	55.64009
	37.82415	55.64024
	37.82418	55.64036
	37.82416	55.64049
	37.82411	55.64059
	37.82394	55.64071
	37.82375	55.64082
	37.82354	55.64091
	37.82334	55.64103
	37.82315	55.64114
	37.82293	55.64124
	37.82266	55.64137
	37.82256	55.64148
	37.82254	55.64151
	37.82266	55.64162
	37.82473	55.64331
	37.82483	55.64339
	37.82734	55.64509
	37.82768	55.64523
	37.828	55.64537
	37.82844	55.64568
	37.82887	55.64602
	37.82962	55.64646
	37.83085	55.64725
	37.83209	55.64805
	37.83406	55.64945
	37.8349	55.65006
	37.83512	55.65024
	37.83578	55.65094
	37.83606	55.65122
	37.83629	55.6515
	37.83699	55.65236
	37.83721	55.65262
	37.83772	55.65328
	37.83837	55.65424
	37.8389	55.65524
	37.8391	55.65547
	37.83926	55.65552
	37.83951	55.65552
	37.84114	55.65519
	37.84127	55.65535
	37.84104	55.65551
	37.84096	55.65556
	37.84129	55.65642
	37.84139	55.6567
	37.8416	55.65728
	37.84163	55.65785
	37.84125	55.65811
	37.84074	55.65815
	37.84013	55.65827
	37.84004	55.65856
	37.84011	55.65921
	37.84014	55.65983
	37.84011	55.66111
	37.84007	55.66159
	37.84003	55.66211
	37.83994	55.66257
	37.83984	55.66305
	37.83972	55.66353
	37.8396	55.66401
	37.83948	55.66435
	37.83934	55.66474
	37.83892	55.66591
	37.83846	55.66713
	37.83806	55.66825
	37.8378	55.6689
	37.8376	55.66951
	37.83706	55.67096
	37.83666	55.6721
	37.83634	55.67293
	37.83607	55.67359
	37.83591	55.67406
	37.83566	55.67474
	37.83556	55.67503
	37.83546	55.67532
	37.83525	55.67588
	37.83513	55.67617
	37.83504	55.67647
	37.83493	55.67676
	37.83481	55.67703
	37.8347	55.67732
	37.83453	55.67789
	37.83435	55.67841
	37.8341	55.67911
	37.83374	55.68005
	37.83338	55.68091
	37.83279	55.68222
	37.83246	55.68304
	37.83247	55.68342
	37.83252	55.68365
	37.83277	55.68403
	37.83338	55.68439
	37.83466	55.68464
	37.83538	55.68462
	37.83585	55.68457
	37.83686	55.68426
	37.83806	55.68381
	37.84025	55.68295
	37.84339	55.68173
	37.84572	55.68078
	37.84756	55.68
	37.84969	55.67906
	37.85689	55.6757
	37.85694	55.67574
	37.85731	55.67599
	37.85886	55.6771
	37.85942	55.67796
	37.85953	55.67816
	37.86018	55.67935
	37.86048	55.67989
	37.86102	55.68095
	37.8634	55.68502
	37.86479	55.68735
	37.86477	55.68735
	37.86475	55.68818
	37.86475	55.68826
	37.86392	55.68877
	37.86232	55.68976
	37.86019	55.69093
	37.86001	55.69103
	37.86041	55.6914
	37.8605	55.69148
	37.86073	55.69168
	37.86081	55.69176
	37.86383	55.69354
	37.86409	55.69369
	37.86081	55.69591
	37.86032	55.69627
	37.85874	55.69737
	37.85617	55.69876
	37.85655	55.69899
	37.85841	55.70012
	37.85792	55.70036
	37.85737	55.70062
	37.85732	55.7007
	37.85818	55.70125
	37.85878	55.701
	37.85895	55.7011
	37.85953	55.70082
	37.86005	55.70114
	37.86269	55.69979
	37.86486	55.69867
	37.86533	55.69844
	37.86843	55.69687
	37.87153	55.6953
	37.87292	55.69608
	37.8753	55.69752
	37.87739	55.69889
	37.87947	55.70027
	37.8811	55.70085
	37.88114	55.70086
	37.88057	55.70115
	37.8815	55.70185
	37.88231	55.70246
	37.8825	55.70236
	37.88318	55.70282
	37.88387	55.70329
	37.88401	55.70323
	37.88549	55.70422
	37.88643	55.70485
	37.88806	55.70333
	37.89271	55.70349
	37.89299	55.70352
	37.8954	55.70393
	37.897	55.70621
	37.89724	55.70625
	37.90134	55.70662
	37.90544	55.70699
	37.90623	55.70699
	37.90701	55.70699
	37.90613	55.70626
	37.90725	55.70461
	37.90781	55.70463
	37.90927	55.70494
	37.91138	55.70478
	37.91224	55.70342
	37.91221	55.70297
	37.9125	55.70278
	37.91248	55.70275
	37.91232	55.70257
	37.91213	55.70229
	37.91196	55.702
	37.91177	55.70156
	37.9117	55.70131
	37.91163	55.70102
	37.9116	55.70082
	37.91159	55.70059
	37.91158	55.70026
	37.91158	55.70021
	37.91158	55.6997
	37.91158	55.69948
	37.91158	55.69932
	37.91159	55.69912
	37.91158	55.699
	37.91157	55.69887
	37.91157	55.69842
	37.91155	55.69802
	37.9117	55.69719
	37.91176	55.69702
	37.91224	55.69632
	37.9124	55.69617
	37.91271	55.69594
	37.91295	55.69579
	37.91319	55.69566
	37.91338	55.69557
	37.9135	55.69552
	37.91373	55.69544
	37.9158	55.69585
	37.91587	55.69591
	37.91592	55.69752
	37.91894	55.69943
	37.91938	55.69935
	37.92484	55.69698
	37.92607	55.69789
	37.92661	55.69822
	37.92705	55.69822
	37.93797	55.69804
	37.93797	55.69793
	37.93797	55.69661
	37.93587	55.69681
	37.92857	55.69513
	37.92825	55.695
	37.92791	55.69464
	37.92787	55.69459
	37.92751	55.69417
	37.92741	55.69406
	37.92758	55.69398
	37.92649	55.69263
	37.926	55.69238
	37.92481	55.69104
	37.92442	55.69076
	37.9234	55.68955
	37.92319	55.68927
	37.92243	55.68881
	37.9186	55.68826
	37.91773	55.68769
	37.91738	55.68706
	37.91733	55.68699
	37.91726	55.68627
	37.91671	55.68595
	37.91329	55.68332
	37.91431	55.683
	37.91379	55.68154
	37.91548	55.68123
	37.91611	55.6812
	37.91848	55.68076
	37.91894	55.68054
	37.92047	55.67644
	37.92047	55.67614
	37.92713	55.67595
	37.92811	55.67602
	37.9316	55.67596
	37.93201	55.67591
	37.9356	55.67578
	37.94863	55.6755
	37.94965	55.67516
	37.95087	55.67502
	37.96004	55.67401
	37.96338	55.67366
	37.9638	55.6739
	37.96347	55.67442
	37.9626	55.6749
	37.96174	55.67513
	37.96145	55.67538
	37.96136	55.67564
	37.96188	55.67696
	37.96178	55.67749
	37.96186	55.67771
	37.96212	55.67795
	37.96263	55.67821
	37.96326	55.67892
	37.96428	55.6796
	37.9644	55.67981
	37.96435	55.68005
	37.96361	55.68054
	37.96338	55.68091
	37.9635	55.68112
	37.96359	55.68158
	37.96346	55.68177
	37.96328	55.68186
	37.96307	55.68232
	37.96304	55.68282
	37.96327	55.68302
	37.96349	55.68335
	37.9635	55.68364
	37.96366	55.68396
	37.96355	55.68404
	37.96355	55.68418
	37.96357	55.68427
	37.96374	55.68434
	37.9638	55.68452
	37.96329	55.6849
	37.96298	55.68504
	37.96284	55.68548
	37.96287	55.68566
	37.9629	55.68574
	37.96321	55.68594
	37.96354	55.686
	37.96424	55.686
	37.96477	55.68606
	37.96477	55.68617
	37.96472	55.68627
	37.96454	55.68638
	37.96425	55.68643
	37.9636	55.68644
	37.96325	55.68656
	37.96324	55.68667
	37.96357	55.68704
	37.96358	55.68719
	37.96345	55.68737
	37.96282	55.68751
	37.96262	55.6876
	37.96222	55.68763
	37.96162	55.6878
	37.96117	55.68808
	37.96096	55.68831
	37.96094	55.68847
	37.96124	55.68897
	37.96118	55.68903
	37.96073	55.68923
	37.96	55.68927
	37.95963	55.68934
	37.95943	55.68943
	37.9594	55.68948
	37.95915	55.68957
	37.95812	55.6894
	37.95788	55.68945
	37.95898	55.69103
	37.9602	55.69277
	37.95758	55.69385
	37.95635	55.69274
	37.95393	55.69273
	37.95561	55.69451
	37.95088	55.69619
	37.95036	55.69586
	37.95022	55.69556
	37.95006	55.6954
	37.94978	55.69524
	37.94888	55.69508
	37.94848	55.69513
	37.9483	55.69526
	37.94827	55.69542
	37.9479	55.69561
	37.94779	55.69591
	37.94722	55.6963
	37.94706	55.69638
	37.94667	55.69636
	37.94645	55.69642
	37.94623	55.69667
	37.94506	55.69686
	37.94479	55.69699
	37.9446	55.69721
	37.94457	55.69737
	37.94463	55.69755
	37.94484	55.69777
	37.9452	55.69798
	37.94554	55.69809
	37.9456	55.69816
	37.94534	55.69855
	37.94523	55.69898
	37.9453	55.69913
	37.94637	55.69952
	37.94668	55.69987
	37.94665	55.69999
	37.94686	55.70016
	37.9472	55.70025
	37.94775	55.70022
	37.9483	55.70008
	37.94864	55.70014
	37.949	55.70011
	37.94941	55.70001
	37.94952	55.70005
	37.94991	55.70003
	37.95008	55.70007
	37.95031	55.70026
	37.95094	55.7004
	37.951	55.70047
	37.95133	55.70056
	37.95149	55.70054
	37.95167	55.70063
	37.95209	55.70057
	37.95217	55.7006
	37.95281	55.70061
	37.95298	55.70057
	37.95335	55.70058
	37.95326	55.70072
	37.95316	55.70119
	37.95293	55.70133
	37.95305	55.70158
	37.95321	55.70169
	37.9533	55.70208
	37.95369	55.70243
	37.95408	55.70263
	37.95421	55.70278
	37.95461	55.70287
	37.95486	55.70281
	37.95551	55.7028
	37.95576	55.70273
	37.95614	55.70251
	37.95621	55.70235
	37.95651	55.70221
	37.95663	55.70207
	37.95656	55.70167
	37.95604	55.7011
	37.95705	55.70086
	37.95895	55.7026
	37.95822	55.70294
	37.95974	55.70451
	37.95791	55.70594
	37.9544	55.70694
	37.9542	55.70673
	37.94961	55.70804
	37.95057	55.70924
	37.95072	55.70942
	37.95098	55.70939
	37.95142	55.70933
	37.95146	55.70932
	37.9518	55.70928
	37.95189	55.70927
	37.95254	55.70922
	37.95276	55.7092
	37.95304	55.70915
	37.96316	55.70733
	37.96322	55.70732
	37.96341	55.70729
	37.96356	55.70728
	37.96371	55.70727
	37.96386	55.70726
	37.964	55.70726
	37.9642	55.70727
	37.96436	55.70729
	37.96455	55.70732
	37.96472	55.70735
	37.96487	55.70739
	37.96517	55.70748
	37.96528	55.70751
	37.96571	55.70766
	37.96636	55.70789
	37.96759	55.71043
	37.96505	55.71167
	37.96471	55.71155
	37.95986	55.71409
	37.96067	55.71475
	37.96502	55.71544
	37.96732	55.71604
	37.96743	55.71625
	37.96205	55.71716
	37.95847	55.71762
	37.95551	55.72022
	37.95051	55.72003
	37.94982	55.72
	37.94941	55.72005
	37.94832	55.72018
	37.94804	55.72025
	37.94748	55.72006
	37.94565	55.72084
	37.94505	55.72122
	37.94463	55.72149
	37.94455	55.72154
	37.94448	55.72155
	37.94443	55.72154
	37.94436	55.72136
	37.94433	55.72133
	37.94407	55.7214
	37.94408	55.72143
	37.94414	55.7215
	37.94409	55.72151
	37.94401	55.72148
	37.94397	55.72144
	37.94389	55.72143
	37.9437	55.72143
	37.94358	55.72145
	37.94351	55.72151
	37.94337	55.72171
	37.9433	55.72178
	37.94332	55.72181
	37.94334	55.72184
	37.94337	55.72188
	37.94334	55.72191
	37.94327	55.72194
	37.9432	55.72193
	37.9431	55.72192
	37.94303	55.72193
	37.94293	55.72195
	37.94261	55.72205
	37.94247	55.72239
	37.9425	55.72239
	37.94253	55.72243
	37.94248	55.72248
	37.9424	55.72249
	37.9424	55.72253
	37.94248	55.72269
	37.9424	55.72276
	37.94243	55.72281
	37.94227	55.72299
	37.94181	55.72317
	37.94158	55.72349
	37.94114	55.72399
	37.94082	55.72434
	37.94052	55.72449
	37.94061	55.72452
	37.94065	55.72456
	37.94046	55.72457
	37.94014	55.72469
	37.93976	55.72503
	37.93897	55.72558
	37.93768	55.72653
	37.93761	55.72689
	37.93634	55.72713
	37.9356	55.72739
	37.93496	55.72764
	37.93429	55.72788
	37.93295	55.72869
	37.93195	55.72916
	37.93138	55.72937
	37.93087	55.72975
	37.93041	55.72986
	37.93024	55.72981
	37.92996	55.72945
	37.92886	55.72932
	37.92852	55.72935
	37.9284	55.72943
	37.92835	55.72954
	37.92802	55.73
	37.92748	55.73023
	37.92653	55.73054
	37.92562	55.73047
	37.92555	55.73052
	37.9252	55.73051
	37.92479	55.73077
	37.92448	55.73083
	37.92439	55.73085
	37.92424	55.73089
	37.92414	55.731
	37.92404	55.73105
	37.92359	55.73123
	37.92287	55.73123
	37.92212	55.73101
	37.92116	55.73086
	37.92061	55.73088
	37.91998	55.7308
	37.91933	55.7307
	37.91866	55.7307
	37.91804	55.73062
	37.91797	55.73052
	37.91738	55.72945
	37.91693	55.72836
	37.9164	55.72816
	37.91618	55.72771
	37.91547	55.72747
	37.91505	55.72698
	37.91381	55.72658
	37.91183	55.72574
	37.90779	55.7248
	37.90636	55.72479
	37.90544	55.72495
	37.90505	55.72497
	37.90505	55.7251
	37.90353	55.72533
	37.90242	55.72525
	37.90182	55.72442
	37.90018	55.72434
	37.89933	55.72403
	37.89932	55.72362
	37.89837	55.72357
	37.89231	55.72319
	37.89063	55.72231
	37.88985	55.7237
	37.8889	55.72379
	37.88744	55.72377
	37.88548	55.72419
	37.88416	55.7234
	37.88608	55.72237
	37.88713	55.72165
	37.88692	55.72026
	37.88612	55.71959
	37.88343	55.71916
	37.88249	55.719
	37.881	55.7191
	37.8768	55.72039
	37.87679	55.72043
	37.87668	55.72083
	37.877	55.72162
	37.87574	55.72338
	37.87488	55.72338
	37.87479	55.7235
	37.8747	55.72362
	37.87415	55.72425
	37.87389	55.72456
	37.87373	55.72473
	37.87358	55.72487
	37.87344	55.7251
	37.87335	55.7252
	37.87308	55.72553
	37.87278	55.72602
	37.87273	55.72612
	37.8726	55.72642
	37.87307	55.72683
	37.87337	55.72716
	37.8735	55.72734
	37.87385	55.72882
	37.87381	55.72909
	37.87374	55.72938
	37.8736	55.72985
	37.87329	55.73083
	37.8731	55.73077
	37.87309	55.73089
	37.87331	55.73095
	37.87324	55.73122
	37.87286	55.73199
	37.8727	55.73219
	37.87246	55.73245
	37.87116	55.73361
	37.87096	55.73381
	37.87059	55.7341
	37.87024	55.73431
	37.86923	55.7346
	37.86846	55.73461
	37.8669	55.73308
	37.86547	55.73316
	37.86424	55.73472
	37.86671	55.73618
	37.86654	55.7363
	37.86849	55.73729
	37.87316	55.73816
	37.87801	55.73787
	37.87802	55.73789
	37.87831	55.73778
	37.87883	55.73757
	37.87998	55.73708
	37.88204	55.73736
	37.88234	55.73762
	37.88314	55.73824
	37.8832	55.73829
	37.88396	55.73976
	37.88398	55.74009
	37.88406	55.74039
	37.88294	55.74271
	37.8836	55.74269
	37.88583	55.74261
	37.88844	55.74199
	37.88826	55.74175
	37.88879	55.74134
	37.88874	55.74129
	37.88944	55.74063
	37.88956	55.74076
	37.8905	55.74003
	37.89087	55.74008
	37.89103	55.7401
	37.89218	55.74354
	37.89148	55.7442
	37.89097	55.74455
	37.89086	55.7446
	37.8898	55.74422
	37.88933	55.74547
	37.88871	55.74714
	37.88825	55.74846
	37.88771	55.74858
	37.88735	55.74846
	37.88326	55.74921
	37.88254	55.74934
	37.87952	55.74873
	37.87285	55.74741
	37.86474	55.74585
	37.86422	55.74572
	37.86323	55.74557
	37.86054	55.74524
	37.85919	55.74515
	37.85662	55.74507
	37.85392	55.74495
	37.85297	55.74488
	37.85142	55.74476
	37.84971	55.74462
	37.848	55.7445
	37.84792	55.74454
	37.8468	55.74459
	37.84571	55.74487
	37.8448	55.74531
	37.84368	55.7459
	37.84315	55.74633
	37.84265	55.74673
	37.84254	55.74718
	37.84268	55.74907
	37.84271	55.74944
	37.84274	55.75081
	37.8427	55.75159
	37.84272	55.75282
	37.84266	55.75314
	37.84271	55.75379
	37.84275	55.75379
	37.84278	55.75436
	37.84278	55.75451
	37.84279	55.75474
	37.84281	55.75502
	37.84289	55.75506
	37.8429	55.75521
	37.8429	55.75557
	37.84294	55.75682
	37.84296	55.75721
	37.84379	55.75694
	37.84453	55.75731
	37.84562	55.75896
	37.84564	55.75923
	37.84462	55.76111
	37.84432	55.76127
	37.84392	55.7615
	37.84317	55.7613
	37.8432	55.76185
	37.84323	55.76219
	37.84341	55.7622
	37.84341	55.76236
	37.84326	55.7624
	37.84334	55.76405
	37.8434	55.76517
	37.84383	55.76678
	37.84686	55.76771
	37.84684	55.76797
	37.8468	55.76825
	37.84679	55.76828
	37.84666	55.76868
	37.84664	55.76874
	37.84637	55.76883
	37.84621	55.76906
	37.84618	55.76909
	37.84586	55.76934
	37.84581	55.76936
	37.84553	55.7695
	37.84547	55.76953
	37.84542	55.76954
	37.84514	55.77004
	37.84452	55.771
	37.84459	55.77102
	37.84453	55.77113
	37.84445	55.77114
	37.84362	55.77256
	37.84357	55.77284
	37.84351	55.77367
	37.84356	55.77385
	37.84346	55.77396
	37.8434	55.77473
	37.84351	55.77506
	37.84381	55.77531
	37.84504	55.77598
	37.8454	55.77646
	37.84576	55.77701
	37.84669	55.77725
	37.84718	55.77739
	37.84865	55.77787
	37.84894	55.77797
	37.84932	55.7781
	37.84988	55.7783
	37.85041	55.77848
	37.85068	55.77856
	37.85047	55.7789
	37.85	55.77893
	37.84843	55.77865
	37.84638	55.7782
	37.84605	55.77817
	37.84586	55.77819
	37.84556	55.77821
	37.84462	55.7785
	37.84314	55.77924
	37.84268	55.78322
	37.84223	55.78717
	37.84203	55.78896
	37.84178	55.79116
	37.84132	55.79514
	37.8409	55.79886
	37.84051	55.80247
	37.84041	55.80369
	37.84021	55.80614
	37.83995	55.80903
	37.83976	55.81162
	37.83979	55.81174
	37.84005	55.81208
	37.84063	55.81245
	37.84145	55.81289
	37.84304	55.81437
	37.84376	55.81477
	37.84362	55.8149
	37.84355	55.81497
	37.84343	55.81509
	37.8433	55.81521
	37.84273	55.81512
	37.84199	55.81518
	37.83981	55.81587
	37.83917	55.81626
	37.83898	55.81745
	37.83979	55.81768
	37.84122	55.8199
	37.84119	55.82008
	37.83967	55.82173
	37.83901	55.82188
	37.83844	55.82203
	37.83777	55.82164
	37.83737	55.82249
	37.83608	55.82418
	37.83624	55.82429
	37.83654	55.82745
	37.83645	55.82754
	37.83631	55.82765
	37.83612	55.8278
	37.83575	55.82809
	37.83454	55.82837
	37.83471	55.82954
	37.8327	55.83114
	37.83152	55.83157
	37.83149	55.83158
	37.83107	55.83174
	37.83085	55.83181
	37.83047	55.83191
	37.82821	55.83058
	37.82739	55.8306
	37.82335	55.83277
	37.81859	55.8353
	37.8139	55.83766
	37.80796	55.84074
	37.80223	55.84367
	37.79541	55.84719
	37.78955	55.85024
	37.7879	55.85108
	37.7853	55.8524
	37.78261	55.85377
	37.77741	55.85644
	37.7685	55.86089
	37.74466	55.87332
	37.73551	55.878
	37.73426	55.87864
	37.73237	55.87952
	37.73038	55.88061
	37.7297	55.88106
	37.72945	55.88157
	37.72923	55.88204
	37.72945	55.88262
	37.72956	55.8829
	37.72966	55.88309
	37.73	55.88356
	37.73019	55.88378
	37.73038	55.88401
	37.73088	55.8844
	37.73126	55.88477
	37.7321	55.88532
	37.73156	55.88562
	37.73007	55.88502
	37.72752	55.88395
	37.72436	55.8838
	37.72148	55.88504
	37.72021	55.88566
	37.71971	55.88591
	37.71927	55.88613
	37.71453	55.88849
	37.71496	55.88998
	37.71486	55.89015
	37.71475	55.89035
	37.71447	55.89086
	37.71347	55.89174
	37.71274	55.89204
	37.71142	55.8921
	37.71063	55.89186
	37.71	55.89069
	37.70758	55.89177
	37.70759	55.89215
	37.70734	55.89226
	37.70719	55.89233
	37.70643	55.89226
	37.70305	55.89341
	37.70067	55.89392
	37.69739	55.89466
	37.69429	55.89487
	37.68891	55.89504
	37.68525	55.89508
	37.68221	55.89511
	37.67684	55.89531
	37.67632	55.89545
	37.67446	55.89643
	37.6741	55.89658
	37.67306	55.89704
	37.67298	55.89708
	37.67273	55.89742
	37.67261	55.89781
	37.6719	55.89773
	37.67182	55.89722
	37.67153	55.89692
	37.66956	55.89578
	37.66892	55.89564
	37.66264	55.89589
	37.66042	55.89606
	37.65226	55.89678
	37.64437	55.89768
	37.63892	55.89843
	37.63735	55.89861
	37.63372	55.8992
	37.63069	55.8997
	37.62946	55.89993
	37.62927	55.89993
	37.62752	55.90031
	37.62555	55.90069
	37.62135	55.90151
	37.61952	55.90192
	37.61751	55.90242
	37.61561	55.90293
	37.60925	55.90456
	37.60308	55.90622
	37.60517	55.91295
	37.5923	55.92353
	37.58904	55.93545
	37.61358	55.94987
	37.63332	55.98494
	37.60792	55.98609
	37.58457	55.98993
	37.58886	55.9954
	37.60672	56.00107
	37.61616	56.00261
	37.62199	56.00731
	37.62577	56.0171
	37.63178	56.02026
	37.64276	56.02304
	37.65736	56.02506
	37.66474	56.0287
	37.66731	56.03359
	37.66766	56.04261
	37.67366	56.0544
	37.67761	56.06351
	37.67761	56.07031
	37.67607	56.08487
	37.68105	56.10422
	37.67916	56.13082
	37.70233	56.17174
	37.70061	56.18665
	37.73323	56.20193
	37.7813	56.24373
	37.77803	56.27481
	37.79211	56.28482
	37.78593	56.29692
	37.78799	56.30711
	37.78885	56.32253
	37.80241	56.36563
	37.81082	56.38664
	37.8067	56.40155
	37.79074	56.40934
	37.817	56.43659
	37.80842	56.45851
	37.82147	56.47965
	37.81958	56.48875
	37.8067	56.50173
	37.80602	56.51736
	37.80207	56.53119
	37.78301	56.55854
	37.77838	56.57934
	37.7734	56.60108
	37.74731	56.62687
	37.75572	56.64887
	37.78198	56.65717
	37.82026	56.65481
	37.84687	56.65651
	37.89133	56.67773
	37.91588	56.68103
	37.97596	56.69942
	38.03089	56.70224
	38.06574	56.75056
	38.07023	56.76108
END
END
