Tajikistan
1
	74.88986	37.23409
	74.88865	37.23494
	74.88791	37.2354
	74.88724	37.23648
	74.88713	37.23719
	74.88723	37.23882
	74.8875	37.23977
	74.88782	37.24052
	74.88798	37.24183
	74.88848	37.24501
	74.8889	37.24597
	74.88908	37.24707
	74.88934	37.24809
	74.8894	37.25015
	74.88927	37.25192
	74.8891	37.25268
	74.88907	37.2537
	74.88913	37.25453
	74.88911	37.25515
	74.88805	37.25713
	74.88749	37.25779
	74.88712	37.25805
	74.88419	37.25863
	74.88299	37.25892
	74.87909	37.26065
	74.87852	37.2611
	74.87781	37.26253
	74.87667	37.26412
	74.8765	37.26451
	74.87656	37.26705
	74.87661	37.26766
	74.87711	37.26824
	74.87766	37.26875
	74.87798	37.26923
	74.87779	37.27149
	74.87759	37.27282
	74.87749	37.27318
	74.87675	37.27487
	74.876	37.27546
	74.87437	37.27608
	74.87328	37.27634
	74.87247	37.27642
	74.87259	37.27695
	74.87263	37.2776
	74.87259	37.27807
	74.87213	37.27865
	74.8711	37.27964
	74.8704	37.28043
	74.8695	37.28109
	74.86614	37.28328
	74.86475	37.28426
	74.86159	37.28711
	74.86048	37.28823
	74.85934	37.28965
	74.85839	37.29119
	74.85748	37.29255
	74.85664	37.29343
	74.85575	37.29405
	74.85471	37.29495
	74.85418	37.29583
	74.85371	37.29726
	74.85327	37.29798
	74.8526	37.29864
	74.85167	37.29972
	74.85052	37.30143
	74.85015	37.30426
	74.84983	37.30532
	74.8492	37.30665
	74.84895	37.3076
	74.84887	37.30847
	74.84873	37.30865
	74.84744	37.30951
	74.84659	37.3104
	74.84567	37.31147
	74.84514	37.31254
	74.84454	37.31397
	74.84201	37.31635
	74.84115	37.3173
	74.84052	37.31828
	74.84048	37.31914
	74.84017	37.31963
	74.83935	37.32018
	74.83884	37.32045
	74.83863	37.32093
	74.83853	37.32144
	74.83757	37.32485
	74.83613	37.32708
	74.83496	37.32829
	74.83483	37.32883
	74.83482	37.32957
	74.83391	37.33097
	74.83257	37.33332
	74.83212	37.33389
	74.82944	37.33598
	74.82918	37.33603
	74.82786	37.33583
	74.82584	37.33516
	74.82484	37.33519
	74.82428	37.33524
	74.82351	37.33549
	74.82252	37.33592
	74.82177	37.33603
	74.82079	37.33651
	74.81999	37.33716
	74.81958	37.33763
	74.81863	37.33845
	74.81599	37.34157
	74.8146	37.34288
	74.814	37.34334
	74.81357	37.34359
	74.81328	37.34428
	74.81292	37.34572
	74.81235	37.34696
	74.81142	37.34827
	74.80974	37.34961
	74.80823	37.35046
	74.80786	37.35081
	74.80728	37.35118
	74.80663	37.35202
	74.80553	37.35387
	74.80501	37.35439
	74.8038	37.35542
	74.80307	37.3556
	74.80199	37.35577
	74.80064	37.35611
	74.79827	37.35625
	74.79732	37.35625
	74.79664	37.35638
	74.79562	37.35638
	74.79487	37.35622
	74.79431	37.35625
	74.79355	37.35655
	74.78644	37.35887
	74.77924	37.36114
	74.7767	37.36202
	74.77165	37.36346
	74.76391	37.36659
	74.76181	37.36762
	74.75704	37.36945
	74.75327	37.37084
	74.74888	37.37288
	74.74723	37.37376
	74.74524	37.37454
	74.74381	37.37525
	74.74308	37.37564
	74.74192	37.3766
	74.74083	37.37693
	74.73843	37.37776
	74.73621	37.37835
	74.73561	37.37856
	74.73491	37.37863
	74.73449	37.3786
	74.73408	37.37852
	74.73361	37.37834
	74.73321	37.37826
	74.73266	37.37828
	74.73244	37.37833
	74.73177	37.37875
	74.73115	37.37875
	74.73068	37.37872
	74.73007	37.37838
	74.72858	37.37715
	74.72834	37.37682
	74.7278	37.37687
	74.72756	37.37702
	74.72727	37.37749
	74.72687	37.3778
	74.7261	37.3782
	74.72357	37.37909
	74.72218	37.37936
	74.72086	37.37989
	74.71922	37.38034
	74.71264	37.38242
	74.70922	37.38342
	74.70789	37.38395
	74.7073	37.38405
	74.70661	37.38425
	74.70702	37.38465
	74.70714	37.38502
	74.70714	37.38531
	74.70748	37.38552
	74.70809	37.38566
	74.70826	37.38558
	74.70867	37.38616
	74.70871	37.38779
	74.70861	37.38881
	74.70833	37.38909
	74.70792	37.3893
	74.70655	37.38939
	74.70601	37.3895
	74.7049	37.38982
	74.7042	37.3904
	74.70388	37.39096
	74.7033	37.39157
	74.70228	37.39212
	74.7021	37.39233
	74.70218	37.39279
	74.70205	37.39331
	74.70217	37.39445
	74.70188	37.39526
	74.70106	37.39666
	74.70016	37.39761
	74.69964	37.39849
	74.69906	37.39927
	74.69803	37.40021
	74.69731	37.40059
	74.69647	37.40154
	74.69432	37.40323
	74.69163	37.40513
	74.69059	37.40568
	74.6903	37.40589
	74.6896	37.40596
	74.68919	37.40582
	74.68866	37.40511
	74.68713	37.40398
	74.68706	37.40354
	74.68705	37.40221
	74.68677	37.40172
	74.68634	37.40118
	74.68579	37.39906
	74.6857	37.39835
	74.68539	37.39775
	74.68431	37.39671
	74.68378	37.39645
	74.68347	37.39608
	74.68311	37.39515
	74.68268	37.39485
	74.68182	37.39472
	74.68105	37.39466
	74.68055	37.39453
	74.68012	37.39431
	74.67864	37.39259
	74.6774	37.39176
	74.67643	37.3908
	74.67572	37.39034
	74.67469	37.38974
	74.67389	37.3892
	74.67291	37.38894
	74.67229	37.38889
	74.67192	37.38881
	74.67084	37.38838
	74.67051	37.38843
	74.67012	37.38862
	74.66992	37.38866
	74.66901	37.38855
	74.66854	37.38911
	74.66814	37.38933
	74.66779	37.38934
	74.66694	37.38917
	74.66642	37.38922
	74.66593	37.38918
	74.66541	37.38881
	74.66526	37.38846
	74.6648	37.38814
	74.66419	37.38804
	74.66382	37.38788
	74.66377	37.38684
	74.66327	37.38617
	74.66264	37.38583
	74.66236	37.38578
	74.66004	37.38582
	74.65961	37.38578
	74.65888	37.38562
	74.65815	37.38571
	74.65783	37.38584
	74.65754	37.38586
	74.65647	37.38562
	74.65542	37.38555
	74.65517	37.38558
	74.65444	37.38614
	74.65377	37.38614
	74.65328	37.38607
	74.65208	37.38541
	74.65148	37.38496
	74.65018	37.38507
	74.6498	37.38495
	74.64926	37.38449
	74.64886	37.38432
	74.64841	37.38395
	74.64822	37.38372
	74.64801	37.38363
	74.64762	37.38355
	74.64727	37.38352
	74.64622	37.38362
	74.64507	37.38342
	74.64269	37.38352
	74.64208	37.38317
	74.6418	37.3829
	74.64161	37.38139
	74.64145	37.38105
	74.64112	37.38078
	74.64106	37.38047
	74.64112	37.38021
	74.6411	37.37991
	74.64067	37.37909
	74.64061	37.37887
	74.64059	37.37821
	74.64033	37.37801
	74.63988	37.37786
	74.63926	37.37774
	74.63878	37.3773
	74.63787	37.3768
	74.63752	37.37687
	74.63731	37.37713
	74.6372	37.37741
	74.63676	37.37759
	74.63606	37.37754
	74.63496	37.37713
	74.63451	37.37709
	74.63371	37.37733
	74.63331	37.37733
	74.63263	37.37716
	74.63211	37.3772
	74.63169	37.37736
	74.63139	37.37763
	74.6307	37.37797
	74.63	37.37888
	74.62892	37.37984
	74.62715	37.38096
	74.6264	37.38135
	74.62534	37.3818
	74.62488	37.38189
	74.6243	37.38194
	74.6238	37.38189
	74.6225	37.38157
	74.6222	37.38144
	74.62157	37.38153
	74.62081	37.38179
	74.62051	37.38201
	74.62038	37.38219
	74.61986	37.38223
	74.61877	37.3822
	74.61801	37.38242
	74.61723	37.38299
	74.61695	37.38304
	74.61668	37.38303
	74.61639	37.38292
	74.61611	37.38274
	74.61592	37.38267
	74.61576	37.38269
	74.6154	37.38304
	74.61532	37.38324
	74.61532	37.38348
	74.61523	37.38364
	74.61504	37.3837
	74.61365	37.38301
	74.61285	37.38249
	74.61217	37.38232
	74.61173	37.38217
	74.61141	37.38188
	74.61075	37.38152
	74.61017	37.38143
	74.60897	37.38062
	74.60861	37.38061
	74.60827	37.381
	74.60833	37.38122
	74.60855	37.38152
	74.6084	37.38176
	74.60823	37.38188
	74.60723	37.38212
	74.60664	37.38222
	74.6063	37.38223
	74.6055	37.382
	74.60465	37.38118
	74.60377	37.38105
	74.60298	37.38075
	74.60239	37.38031
	74.60181	37.38005
	74.60086	37.37924
	74.6004	37.37897
	74.60011	37.37903
	74.59977	37.37929
	74.5997	37.37949
	74.59911	37.38011
	74.59846	37.38028
	74.59819	37.38032
	74.59756	37.38005
	74.59627	37.38017
	74.59597	37.38016
	74.59576	37.38007
	74.59537	37.3792
	74.59519	37.37893
	74.59486	37.37882
	74.59462	37.37884
	74.594	37.3791
	74.59365	37.37918
	74.59315	37.37915
	74.59259	37.379
	74.59224	37.37857
	74.59129	37.37773
	74.59105	37.37754
	74.5902	37.37714
	74.59006	37.37701
	74.58958	37.37702
	74.58843	37.37719
	74.58763	37.37735
	74.58618	37.37751
	74.58565	37.37766
	74.58502	37.37776
	74.58408	37.37799
	74.58268	37.37799
	74.58219	37.37791
	74.58147	37.37769
	74.57964	37.37776
	74.57787	37.37756
	74.57618	37.37755
	74.57546	37.3776
	74.57445	37.37741
	74.57347	37.37688
	74.5726	37.37569
	74.57217	37.37521
	74.57166	37.37504
	74.57104	37.37492
	74.57039	37.37487
	74.56937	37.37422
	74.56875	37.37391
	74.56808	37.37371
	74.56703	37.37272
	74.56623	37.37246
	74.56607	37.3726
	74.56552	37.37375
	74.56536	37.37429
	74.56445	37.37487
	74.56407	37.3754
	74.56223	37.37678
	74.56047	37.37861
	74.56031	37.37897
	74.56046	37.37924
	74.56035	37.3796
	74.56001	37.38018
	74.55997	37.38061
	74.56	37.38101
	74.55985	37.38141
	74.55967	37.38176
	74.55927	37.38206
	74.5591	37.38227
	74.55893	37.38263
	74.55893	37.38302
	74.55878	37.38324
	74.55816	37.38363
	74.55792	37.38402
	74.55762	37.38465
	74.55762	37.38485
	74.55771	37.3851
	74.55599	37.38837
	74.55587	37.3887
	74.55583	37.38931
	74.55562	37.38953
	74.55553	37.38975
	74.55549	37.39005
	74.55559	37.39008
	74.55566	37.39061
	74.55566	37.39091
	74.55557	37.39115
	74.5556	37.39132
	74.5558	37.39154
	74.55657	37.39168
	74.55675	37.39192
	74.55659	37.39264
	74.55663	37.39289
	74.55689	37.3932
	74.55681	37.39394
	74.55696	37.39458
	74.55722	37.39498
	74.55764	37.39513
	74.55793	37.39548
	74.55784	37.396
	74.55765	37.39639
	74.55681	37.39738
	74.55501	37.39921
	74.55296	37.40028
	74.55091	37.40071
	74.54928	37.40085
	74.54667	37.4016
	74.54554	37.40224
	74.54396	37.40324
	74.54229	37.4046
	74.5411	37.40541
	74.5394	37.40618
	74.53852	37.40646
	74.5376	37.40646
	74.53601	37.4066
	74.53498	37.40685
	74.53315	37.40746
	74.53142	37.40781
	74.52867	37.40937
	74.52848	37.40937
	74.52829	37.40929
	74.52751	37.40848
	74.52633	37.40711
	74.52546	37.40626
	74.5251	37.40581
	74.52426	37.40351
	74.52374	37.40259
	74.52262	37.40168
	74.52197	37.40133
	74.52163	37.40127
	74.51999	37.40123
	74.51761	37.40127
	74.51312	37.40124
	74.5096	37.40132
	74.50757	37.40121
	74.50594	37.40127
	74.50493	37.40093
	74.50273	37.40007
	74.50126	37.39938
	74.4993	37.39794
	74.49705	37.39665
	74.49621	37.39632
	74.49571	37.39619
	74.4952	37.39618
	74.49328	37.39715
	74.49281	37.39749
	74.48848	37.4
	74.48565	37.40112
	74.48453	37.40191
	74.48343	37.40277
	74.48299	37.40343
	74.48253	37.40473
	74.48245	37.40527
	74.48261	37.40625
	74.48283	37.40708
	74.48321	37.40763
	74.48361	37.40847
	74.48377	37.40887
	74.48399	37.40964
	74.48399	37.41026
	74.48384	37.41094
	74.4835	37.41157
	74.48307	37.41212
	74.48218	37.41305
	74.48127	37.4138
	74.48073	37.41443
	74.47917	37.41581
	74.47876	37.41612
	74.47716	37.41674
	74.47629	37.41691
	74.47572	37.41715
	74.4751	37.41778
	74.47459	37.41854
	74.47373	37.41956
	74.4733	37.42041
	74.47305	37.42122
	74.47264	37.42205
	74.47226	37.42269
	74.47181	37.42315
	74.46928	37.42353
	74.46882	37.42369
	74.46769	37.42541
	74.46632	37.42659
	74.46607	37.42672
	74.46593	37.42671
	74.46585	37.42665
	74.46583	37.42622
	74.46608	37.42446
	74.46625	37.42171
	74.46628	37.42021
	74.46651	37.41828
	74.46736	37.41525
	74.46759	37.41337
	74.46772	37.41174
	74.46769	37.41119
	74.46795	37.40813
	74.46796	37.40741
	74.46783	37.40692
	74.4677	37.40688
	74.46602	37.40682
	74.46338	37.4065
	74.46063	37.40586
	74.45813	37.4054
	74.45661	37.40508
	74.45447	37.40498
	74.45312	37.40503
	74.45236	37.40502
	74.45075	37.40561
	74.44873	37.40671
	74.44792	37.40727
	74.44782	37.40754
	74.44766	37.4092
	74.4474	37.40992
	74.44702	37.41036
	74.44568	37.41119
	74.44447	37.41246
	74.44365	37.41356
	74.44219	37.41536
	74.44146	37.41609
	74.44091	37.41643
	74.44048	37.41652
	74.43945	37.41637
	74.43852	37.4159
	74.43663	37.41478
	74.43612	37.41437
	74.43499	37.41321
	74.43424	37.41224
	74.4331	37.41023
	74.43232	37.40846
	74.43191	37.40675
	74.4316	37.40495
	74.43112	37.40305
	74.4304	37.39981
	74.43017	37.39818
	74.42952	37.39669
	74.4283	37.39467
	74.42699	37.39386
	74.42334	37.39218
	74.42135	37.39096
	74.42008	37.39
	74.41941	37.38978
	74.41862	37.38935
	74.4181	37.38922
	74.41382	37.38923
	74.41301	37.38945
	74.40952	37.39003
	74.40768	37.39056
	74.40599	37.39094
	74.40416	37.39153
	74.40257	37.39192
	74.40164	37.39204
	74.40104	37.3923
	74.40029	37.39324
	74.39921	37.39405
	74.39687	37.39539
	74.3957	37.3958
	74.39257	37.39665
	74.39106	37.39687
	74.39046	37.39715
	74.38955	37.39833
	74.38948	37.39874
	74.38913	37.39925
	74.38833	37.40026
	74.38588	37.40288
	74.38579	37.40316
	74.38611	37.40641
	74.38641	37.40724
	74.38701	37.40796
	74.38846	37.40919
	74.38912	37.4096
	74.39052	37.41108
	74.39069	37.41153
	74.39053	37.41186
	74.39032	37.41217
	74.38757	37.41389
	74.38637	37.4148
	74.38482	37.41624
	74.38373	37.41716
	74.3825	37.41785
	74.38005	37.41866
	74.37893	37.41909
	74.37808	37.41975
	74.3765	37.42262
	74.37639	37.42297
	74.37596	37.42375
	74.37558	37.42422
	74.37521	37.42437
	74.37419	37.42427
	74.37048	37.42364
	74.36862	37.42359
	74.36711	37.42378
	74.36525	37.42385
	74.36379	37.42421
	74.36259	37.4243
	74.36146	37.42415
	74.35979	37.42359
	74.35783	37.42277
	74.35619	37.42233
	74.35064	37.42212
	74.34877	37.42217
	74.34842	37.42212
	74.34812	37.42166
	74.34747	37.42036
	74.34728	37.41972
	74.34672	37.41884
	74.34578	37.41758
	74.345	37.4161
	74.34447	37.41454
	74.34433	37.41368
	74.34415	37.41296
	74.34409	37.41022
	74.34396	37.40893
	74.3436	37.40794
	74.34325	37.40721
	74.34275	37.40682
	74.34174	37.40652
	74.33906	37.40597
	74.33813	37.40583
	74.33735	37.40578
	74.3361	37.40588
	74.33291	37.40631
	74.3319	37.4062
	74.32996	37.40622
	74.32901	37.40633
	74.32735	37.40633
	74.32545	37.40683
	74.32476	37.40727
	74.32434	37.40735
	74.32375	37.40734
	74.32362	37.40708
	74.32324	37.40577
	74.32266	37.40484
	74.32165	37.40296
	74.32147	37.40232
	74.32152	37.40148
	74.32149	37.40043
	74.32111	37.40026
	74.32054	37.40016
	74.31932	37.40006
	74.31745	37.39926
	74.31599	37.39912
	74.3134	37.39989
	74.31059	37.40088
	74.30671	37.40154
	74.30512	37.40161
	74.30424	37.4017
	74.30221	37.40173
	74.30137	37.40169
	74.30019	37.40145
	74.29947	37.40117
	74.29816	37.40092
	74.29729	37.40094
	74.29584	37.40106
	74.29413	37.40138
	74.29175	37.40238
	74.29014	37.40288
	74.28901	37.40329
	74.28593	37.40366
	74.28482	37.40384
	74.283	37.40379
	74.28185	37.40365
	74.28007	37.40326
	74.27816	37.40263
	74.27738	37.40242
	74.27666	37.40211
	74.27597	37.40219
	74.27321	37.40393
	74.27132	37.40542
	74.2691	37.40806
	74.26825	37.40925
	74.26719	37.41028
	74.26695	37.41032
	74.2666	37.41031
	74.26465	37.40956
	74.26261	37.40923
	74.26117	37.40916
	74.25918	37.40867
	74.25682	37.40818
	74.25555	37.40826
	74.2542	37.40892
	74.25342	37.40941
	74.25	37.41195
	74.24902	37.41321
	74.24822	37.41392
	74.24699	37.4145
	74.24551	37.4153
	74.24478	37.41561
	74.24395	37.41566
	74.24228	37.41539
	74.24088	37.41494
	74.23946	37.41431
	74.23887	37.41384
	74.23828	37.41251
	74.23732	37.4107
	74.23669	37.40988
	74.23523	37.40843
	74.23435	37.4076
	74.23358	37.40697
	74.23267	37.40566
	74.23239	37.40512
	74.23145	37.40368
	74.23095	37.40263
	74.23037	37.3993
	74.22959	37.39696
	74.22944	37.39568
	74.22948	37.39528
	74.22963	37.39513
	74.23159	37.39408
	74.23374	37.39329
	74.23525	37.39255
	74.23606	37.39223
	74.23721	37.3917
	74.23803	37.3909
	74.2392	37.38952
	74.24001	37.38824
	74.24096	37.38709
	74.24155	37.38591
	74.24217	37.38421
	74.24322	37.38285
	74.24477	37.38166
	74.24517	37.3813
	74.24684	37.38054
	74.25048	37.37904
	74.25134	37.37855
	74.25174	37.378
	74.25205	37.37726
	74.25223	37.37593
	74.25219	37.37527
	74.2518	37.37451
	74.25116	37.37381
	74.25075	37.37345
	74.24966	37.37315
	74.24857	37.3731
	74.24702	37.37314
	74.24572	37.3733
	74.24415	37.37355
	74.24249	37.37395
	74.23968	37.37435
	74.23897	37.37423
	74.23755	37.37269
	74.23627	37.37071
	74.23556	37.36931
	74.23505	37.36845
	74.23492	37.36715
	74.23472	37.36628
	74.23424	37.36515
	74.23273	37.36285
	74.23156	37.36124
	74.23101	37.35991
	74.22929	37.35653
	74.22816	37.35494
	74.22689	37.35383
	74.22623	37.35345
	74.22553	37.35283
	74.22364	37.35106
	74.22266	37.34996
	74.22166	37.34915
	74.22109	37.34907
	74.22059	37.34907
	74.21925	37.34922
	74.21866	37.34944
	74.21646	37.35006
	74.21285	37.35083
	74.21241	37.3509
	74.21213	37.35089
	74.21194	37.35081
	74.21116	37.34914
	74.21049	37.34792
	74.21016	37.34685
	74.21	37.34604
	74.20994	37.34507
	74.20967	37.34353
	74.20898	37.34195
	74.2083	37.34107
	74.20728	37.34062
	74.20602	37.3403
	74.20497	37.33992
	74.20242	37.3387
	74.20006	37.33749
	74.19931	37.33717
	74.19815	37.33642
	74.19697	37.33583
	74.194	37.33581
	74.19256	37.33548
	74.19038	37.33506
	74.18817	37.33473
	74.18682	37.3347
	74.18516	37.33473
	74.18357	37.33559
	74.18262	37.33618
	74.18168	37.33701
	74.17951	37.33947
	74.17889	37.33991
	74.17751	37.34044
	74.17651	37.34069
	74.17298	37.34077
	74.17084	37.34087
	74.16833	37.34036
	74.16765	37.34026
	74.16702	37.34022
	74.16635	37.34038
	74.1647	37.34098
	74.16275	37.34129
	74.16191	37.34131
	74.16059	37.34102
	74.15975	37.34093
	74.15912	37.34094
	74.15829	37.34117
	74.15617	37.34157
	74.15503	37.3417
	74.15459	37.34168
	74.15417	37.34137
	74.15389	37.34102
	74.15351	37.34028
	74.15228	37.33752
	74.15199	37.33673
	74.1518	37.33642
	74.15147	37.33632
	74.15086	37.33626
	74.1493	37.33624
	74.1465	37.33613
	74.14535	37.33585
	74.14303	37.33544
	74.14218	37.33524
	74.14164	37.33498
	74.14104	37.33448
	74.1403	37.33326
	74.13993	37.33285
	74.13893	37.33068
	74.13841	37.32938
	74.13683	37.3279
	74.13544	37.32686
	74.13364	37.32615
	74.13192	37.32564
	74.13106	37.3253
	74.12999	37.32501
	74.12831	37.32463
	74.12763	37.32466
	74.12669	37.32511
	74.12545	37.3266
	74.12522	37.3271
	74.12522	37.32766
	74.12515	37.32807
	74.12494	37.32834
	74.12475	37.32829
	74.12451	37.32813
	74.12424	37.32784
	74.12384	37.32762
	74.12305	37.32758
	74.12008	37.32762
	74.11923	37.32777
	74.11775	37.32786
	74.11725	37.32795
	74.11453	37.32814
	74.11381	37.32802
	74.11374	37.32782
	74.11366	37.32669
	74.11361	37.32529
	74.11365	37.32468
	74.11355	37.32397
	74.11302	37.32299
	74.11258	37.32202
	74.11175	37.32106
	74.11117	37.32076
	74.10995	37.32052
	74.10901	37.32042
	74.10747	37.32046
	74.10672	37.32031
	74.10585	37.31997
	74.10328	37.31867
	74.10266	37.31851
	74.09967	37.31822
	74.09883	37.31808
	74.09512	37.31797
	74.09154	37.31839
	74.09022	37.31868
	74.0889	37.3189
	74.08831	37.31895
	74.08542	37.31874
	74.08336	37.31918
	74.08095	37.31962
	74.08016	37.31987
	74.07914	37.31999
	74.07605	37.32073
	74.07394	37.32152
	74.07251	37.32215
	74.07208	37.32264
	74.07123	37.32345
	74.06949	37.32546
	74.06862	37.32598
	74.06769	37.32643
	74.06693	37.32651
	74.06591	37.3263
	74.0647	37.32585
	74.06359	37.32536
	74.06216	37.32454
	74.06132	37.32422
	74.06101	37.32391
	74.06089	37.3237
	74.06089	37.32341
	74.06097	37.3231
	74.06185	37.32102
	74.06244	37.31908
	74.06226	37.31713
	74.06242	37.31664
	74.06277	37.31602
	74.06325	37.3148
	74.06335	37.31413
	74.06327	37.31273
	74.06301	37.31159
	74.06269	37.31107
	74.06235	37.31093
	74.06194	37.31094
	74.06017	37.3113
	74.05886	37.31149
	74.05859	37.31158
	74.05728	37.31159
	74.05676	37.3114
	74.05611	37.31072
	74.05451	37.30823
	74.05286	37.30691
	74.05159	37.30645
	74.05097	37.30636
	74.05031	37.30585
	74.04969	37.30521
	74.04926	37.30467
	74.04854	37.30396
	74.04759	37.30325
	74.04667	37.30269
	74.04347	37.30122
	74.04263	37.30075
	74.04189	37.30016
	74.04141	37.29996
	74.04093	37.30002
	74.0405	37.30015
	74.04012	37.30037
	74.03969	37.30075
	74.03952	37.30143
	74.0396	37.30192
	74.0391	37.30277
	74.03834	37.30437
	74.03761	37.30612
	74.03646	37.30766
	74.03455	37.30911
	74.03409	37.30932
	74.03363	37.30941
	74.03302	37.30931
	74.03015	37.30839
	74.0268	37.30722
	74.02596	37.30679
	74.02545	37.30609
	74.02485	37.30483
	74.02398	37.30335
	74.02362	37.30259
	74.02313	37.30186
	74.02212	37.3007
	74.0214	37.30011
	74.02053	37.29931
	74.01942	37.29848
	74.01869	37.29774
	74.01814	37.29731
	74.01772	37.29682
	74.01746	37.29627
	74.0173	37.29555
	74.01726	37.29463
	74.0173	37.29421
	74.01787	37.29302
	74.0179	37.29258
	74.01773	37.29225
	74.01661	37.29169
	74.01383	37.29114
	74.0117	37.29088
	74.00995	37.29051
	74.00586	37.2893
	74.00407	37.28904
	74.00128	37.28903
	73.99926	37.28933
	73.99795	37.28973
	73.99625	37.29051
	73.99526	37.29123
	73.99455	37.29209
	73.99117	37.29575
	73.99015	37.29647
	73.9889	37.29705
	73.98698	37.2977
	73.98552	37.29783
	73.98488	37.29778
	73.98222	37.29698
	73.98127	37.29679
	73.97894	37.29684
	73.97815	37.29702
	73.97686	37.29753
	73.97574	37.29804
	73.97253	37.29927
	73.97169	37.29943
	73.97	37.29945
	73.9686	37.29936
	73.96722	37.2992
	73.96652	37.29905
	73.96509	37.29904
	73.96454	37.2989
	73.96406	37.29849
	73.96344	37.29672
	73.96301	37.29467
	73.96215	37.29387
	73.96132	37.29321
	73.96027	37.29251
	73.95973	37.29204
	73.95938	37.29109
	73.95918	37.29023
	73.95894	37.28964
	73.95792	37.28825
	73.95686	37.28744
	73.95589	37.28686
	73.95546	37.28643
	73.95541	37.28592
	73.9556	37.28458
	73.9556	37.28395
	73.95538	37.28302
	73.95504	37.28213
	73.95396	37.28048
	73.95369	37.2799
	73.95357	37.27904
	73.95371	37.27749
	73.95366	37.27679
	73.95322	37.27537
	73.95297	37.27517
	73.95268	37.27505
	73.95224	37.27502
	73.951	37.27509
	73.94921	37.27535
	73.9483	37.27559
	73.94636	37.27623
	73.94378	37.27742
	73.94301	37.27769
	73.94231	37.27804
	73.94159	37.27863
	73.9395	37.28072
	73.93908	37.28135
	73.93847	37.28183
	73.93783	37.28195
	73.93436	37.28211
	73.93377	37.28228
	73.93214	37.28328
	73.93112	37.28371
	73.93016	37.28396
	73.92772	37.28438
	73.92526	37.28505
	73.92462	37.28535
	73.92414	37.28542
	73.92307	37.2852
	73.92243	37.28501
	73.9213	37.28454
	73.91792	37.2835
	73.917	37.28331
	73.91585	37.28315
	73.91474	37.28308
	73.91345	37.28309
	73.90826	37.2832
	73.90758	37.28296
	73.90722	37.28254
	73.90709	37.28181
	73.9069	37.28127
	73.90654	37.2808
	73.90553	37.27985
	73.90337	37.27919
	73.90274	37.27907
	73.90002	37.27833
	73.89912	37.27813
	73.89537	37.27794
	73.89434	37.27783
	73.89127	37.2771
	73.89008	37.2767
	73.88884	37.27595
	73.88807	37.27537
	73.88622	37.27415
	73.88515	37.27363
	73.88477	37.27308
	73.88456	37.27271
	73.88453	37.27235
	73.88464	37.27157
	73.88541	37.26922
	73.88553	37.2677
	73.88545	37.26726
	73.88517	37.26698
	73.88368	37.26595
	73.88249	37.26532
	73.88141	37.26488
	73.88027	37.26452
	73.87638	37.2635
	73.87535	37.26329
	73.87409	37.26312
	73.87047	37.26271
	73.86973	37.2626
	73.86501	37.26059
	73.86439	37.26042
	73.86326	37.26034
	73.86262	37.26009
	73.86216	37.25984
	73.86179	37.25949
	73.86128	37.25911
	73.86048	37.25877
	73.85926	37.25844
	73.8581	37.2582
	73.85692	37.25804
	73.85592	37.25785
	73.8551	37.25764
	73.85435	37.25762
	73.85266	37.2577
	73.85229	37.25766
	73.85194	37.25749
	73.85177	37.25701
	73.85084	37.25576
	73.85022	37.25478
	73.84925	37.25304
	73.84809	37.25176
	73.84376	37.24911
	73.84363	37.24856
	73.84361	37.24795
	73.84372	37.24532
	73.84366	37.24477
	73.84352	37.24439
	73.84294	37.24374
	73.8425	37.24309
	73.8422	37.24244
	73.84212	37.24176
	73.8423	37.24112
	73.84268	37.24046
	73.84352	37.23925
	73.84391	37.23878
	73.84476	37.23806
	73.84506	37.23773
	73.84492	37.2374
	73.8445	37.23705
	73.84358	37.23535
	73.84328	37.2345
	73.84296	37.23404
	73.84194	37.23354
	73.8411	37.23318
	73.84003	37.23253
	73.83895	37.23172
	73.83638	37.2307
	73.8353	37.23038
	73.83434	37.23001
	73.83302	37.22937
	73.8319	37.22862
	73.83101	37.22812
	73.83032	37.22755
	73.8292	37.2268
	73.82837	37.22654
	73.82783	37.22647
	73.82596	37.22668
	73.8233	37.22745
	73.82228	37.22779
	73.82178	37.22802
	73.82082	37.22832
	73.81984	37.22894
	73.81771	37.23038
	73.81598	37.23199
	73.81491	37.23222
	73.81448	37.23219
	73.81397	37.23201
	73.81252	37.23084
	73.8119	37.23025
	73.81141	37.22967
	73.81028	37.22869
	73.80915	37.22784
	73.80843	37.22749
	73.80764	37.227
	73.80691	37.22671
	73.80629	37.22654
	73.80509	37.22631
	73.80432	37.22622
	73.80235	37.22626
	73.80185	37.22644
	73.8009	37.22718
	73.80021	37.22787
	73.79829	37.23109
	73.79741	37.23227
	73.79698	37.23261
	73.79621	37.23274
	73.79287	37.23307
	73.79133	37.23315
	73.79039	37.2333
	73.78903	37.23361
	73.78815	37.23385
	73.78727	37.23416
	73.78485	37.23612
	73.78265	37.23832
	73.78233	37.23874
	73.78193	37.23887
	73.7816	37.23879
	73.78044	37.23751
	73.77959	37.23696
	73.77898	37.23664
	73.77818	37.23639
	73.77559	37.23621
	73.7726	37.23621
	73.77111	37.23615
	73.76696	37.23556
	73.7654	37.23548
	73.76488	37.23535
	73.76426	37.23511
	73.7623	37.23312
	73.76218	37.23254
	73.76216	37.23203
	73.76228	37.23143
	73.76265	37.23039
	73.76323	37.2295
	73.76438	37.22719
	73.76439	37.22672
	73.76404	37.22601
	73.7636	37.22458
	73.76297	37.22384
	73.762	37.22311
	73.76116	37.22233
	73.76053	37.22197
	73.75991	37.22188
	73.75908	37.22188
	73.75803	37.22198
	73.75688	37.22234
	73.75532	37.22333
	73.75449	37.22401
	73.75081	37.22632
	73.75024	37.22682
	73.7495	37.22697
	73.749	37.22694
	73.74822	37.22649
	73.7478	37.22636
	73.7468	37.2263
	73.7457	37.22639
	73.74449	37.22663
	73.74207	37.2269
	73.74018	37.2269
	73.73972	37.22683
	73.73931	37.22689
	73.73887	37.22702
	73.73858	37.2272
	73.73844	37.2275
	73.73831	37.22834
	73.73854	37.22924
	73.73856	37.22976
	73.73846	37.23049
	73.73753	37.23236
	73.73678	37.23314
	73.73626	37.23376
	73.73499	37.23501
	73.73431	37.2355
	73.73279	37.23645
	73.73231	37.23663
	73.73178	37.23707
	73.73137	37.23753
	73.73112	37.23794
	73.73066	37.24001
	73.73043	37.2407
	73.7301	37.24206
	73.73022	37.24252
	73.73051	37.24299
	73.73055	37.2433
	73.73052	37.24365
	73.73013	37.24402
	73.72949	37.24422
	73.72893	37.24429
	73.72807	37.24481
	73.72745	37.2451
	73.72658	37.24533
	73.72592	37.24542
	73.72548	37.24559
	73.72506	37.2462
	73.72466	37.24658
	73.72411	37.24685
	73.72338	37.247
	73.7211	37.24722
	73.71725	37.24723
	73.7164	37.24698
	73.71369	37.24582
	73.71288	37.24573
	73.71213	37.24575
	73.71101	37.24604
	73.70955	37.2468
	73.70846	37.24741
	73.7076	37.24808
	73.7063	37.24871
	73.70448	37.24992
	73.7028	37.25076
	73.70205	37.25121
	73.70143	37.25141
	73.70091	37.25133
	73.69909	37.25129
	73.69835	37.25136
	73.6956	37.25141
	73.69363	37.25159
	73.69157	37.2516
	73.69035	37.25176
	73.68949	37.25211
	73.68884	37.25267
	73.68806	37.25348
	73.68771	37.25378
	73.68737	37.25398
	73.68707	37.25397
	73.68684	37.25384
	73.68684	37.25367
	73.68732	37.25327
	73.68745	37.25308
	73.68745	37.2529
	73.6874	37.25271
	73.68711	37.25245
	73.68658	37.25171
	73.685	37.25035
	73.68403	37.24963
	73.6834	37.24934
	73.68247	37.2491
	73.6807	37.24908
	73.67943	37.24899
	73.67863	37.24898
	73.67778	37.24915
	73.67591	37.25002
	73.67502	37.25017
	73.67415	37.25019
	73.672	37.25016
	73.66807	37.24982
	73.66695	37.24915
	73.66663	37.24901
	73.66615	37.24901
	73.66516	37.24948
	73.66471	37.2495
	73.66424	37.24941
	73.66256	37.24792
	73.66157	37.24679
	73.65999	37.24442
	73.65969	37.24266
	73.65987	37.23867
	73.6595	37.23799
	73.65904	37.23777
	73.6565	37.23773
	73.65538	37.2375
	73.6546	37.23721
	73.65431	37.23701
	73.65404	37.2369
	73.65344	37.23694
	73.65235	37.23722
	73.65119	37.2377
	73.64812	37.23951
	73.64704	37.24027
	73.64379	37.24294
	73.64285	37.24355
	73.64138	37.24411
	73.64039	37.24461
	73.63947	37.2453
	73.63853	37.24643
	73.63735	37.24729
	73.63597	37.24795
	73.6335	37.24863
	73.63237	37.24873
	73.63153	37.24895
	73.63101	37.24913
	73.63053	37.24941
	73.63028	37.2501
	73.6301	37.25091
	73.62975	37.25281
	73.62956	37.25444
	73.62935	37.25547
	73.62896	37.25679
	73.62838	37.25801
	73.62811	37.25822
	73.62796	37.25854
	73.6279	37.26041
	73.62837	37.26239
	73.62881	37.26343
	73.62916	37.2641
	73.62977	37.26459
	73.63037	37.26492
	73.6307	37.26531
	73.63041	37.26568
	73.62932	37.26611
	73.62794	37.26643
	73.62682	37.26679
	73.62579	37.26691
	73.62501	37.26683
	73.62405	37.26662
	73.62324	37.26622
	73.62213	37.2659
	73.6212	37.26577
	73.62042	37.26577
	73.61981	37.26587
	73.61932	37.26602
	73.61899	37.26642
	73.61893	37.26693
	73.618	37.2688
	73.61724	37.27052
	73.6174	37.27169
	73.61821	37.27284
	73.61932	37.27354
	73.62165	37.27547
	73.62269	37.27627
	73.62354	37.27729
	73.6253	37.27868
	73.62628	37.27932
	73.62747	37.28021
	73.62803	37.28069
	73.62868	37.28089
	73.62932	37.28103
	73.63017	37.28144
	73.63078	37.28226
	73.63161	37.28285
	73.63263	37.28327
	73.63475	37.28314
	73.63544	37.28293
	73.63823	37.2816
	73.63912	37.28107
	73.64058	37.28063
	73.6416	37.28053
	73.64248	37.28053
	73.6432	37.28064
	73.64442	37.28103
	73.64718	37.28208
	73.64844	37.28242
	73.65025	37.28368
	73.65085	37.28436
	73.65132	37.28505
	73.65164	37.28585
	73.6523	37.28859
	73.65263	37.28945
	73.65334	37.29061
	73.65385	37.29178
	73.65409	37.29247
	73.65417	37.29308
	73.65405	37.29361
	73.65374	37.29403
	73.65312	37.29462
	73.65247	37.29534
	73.65193	37.29578
	73.65051	37.29715
	73.64931	37.2977
	73.64871	37.29829
	73.64814	37.29896
	73.6478	37.29952
	73.64772	37.29993
	73.64802	37.30046
	73.64911	37.30152
	73.6499	37.30203
	73.65155	37.30323
	73.65251	37.30418
	73.65273	37.30522
	73.65296	37.30672
	73.65295	37.30823
	73.65302	37.30887
	73.65295	37.30964
	73.65338	37.3112
	73.65387	37.31239
	73.65421	37.31297
	73.65458	37.31346
	73.65592	37.31447
	73.65671	37.31483
	73.65807	37.31527
	73.65913	37.31552
	73.66042	37.31567
	73.66128	37.31572
	73.66405	37.31576
	73.66533	37.31589
	73.66657	37.31594
	73.66694	37.31581
	73.66735	37.31523
	73.6681	37.31435
	73.66877	37.31342
	73.66984	37.31149
	73.66997	37.31119
	73.67006	37.31035
	73.67031	37.31008
	73.671	37.30985
	73.67187	37.30982
	73.67389	37.30963
	73.67489	37.30949
	73.67619	37.30918
	73.67687	37.30891
	73.67828	37.30816
	73.67903	37.30796
	73.67979	37.30788
	73.68029	37.30815
	73.68079	37.30891
	73.68126	37.30979
	73.68166	37.3104
	73.68244	37.31102
	73.68286	37.31117
	73.68895	37.31122
	73.69435	37.31119
	73.69696	37.31132
	73.69747	37.31114
	73.69832	37.31036
	73.69858	37.30987
	73.69924	37.30914
	73.70009	37.30839
	73.70098	37.30784
	73.70186	37.3077
	73.70299	37.30764
	73.70355	37.30749
	73.70405	37.30724
	73.70459	37.30709
	73.70498	37.30708
	73.70533	37.30724
	73.70564	37.30761
	73.70578	37.30795
	73.70611	37.30842
	73.7066	37.30886
	73.70829	37.31009
	73.70923	37.31112
	73.70942	37.3115
	73.70954	37.31229
	73.71005	37.31375
	73.71064	37.31465
	73.71095	37.31527
	73.71122	37.31558
	73.71181	37.31579
	73.71266	37.31593
	73.71421	37.31631
	73.71698	37.31628
	73.71856	37.31631
	73.72023	37.31673
	73.72152	37.3169
	73.72241	37.31696
	73.72333	37.31672
	73.7243	37.31615
	73.72561	37.31551
	73.7264	37.3153
	73.72858	37.31512
	73.73002	37.31513
	73.73167	37.3154
	73.73265	37.31573
	73.73303	37.316
	73.73427	37.317
	73.73507	37.31775
	73.73564	37.31837
	73.73644	37.31894
	73.73743	37.31958
	73.73917	37.32029
	73.74138	37.32017
	73.74341	37.3202
	73.74462	37.32028
	73.74576	37.32045
	73.74667	37.32075
	73.74851	37.32159
	73.74994	37.32212
	73.75283	37.32291
	73.75399	37.32314
	73.75447	37.3235
	73.75454	37.3239
	73.75436	37.32437
	73.75409	37.32458
	73.75351	37.32527
	73.75254	37.32623
	73.75197	37.32718
	73.7513	37.32796
	73.75076	37.32919
	73.75042	37.32978
	73.75021	37.33033
	73.7502	37.33074
	73.75038	37.3311
	73.75092	37.33155
	73.75149	37.332
	73.75204	37.33225
	73.75277	37.33244
	73.7537	37.33248
	73.75501	37.33266
	73.75691	37.33321
	73.75776	37.33356
	73.75866	37.33413
	73.75923	37.33442
	73.76145	37.33571
	73.76329	37.33663
	73.76518	37.33713
	73.76604	37.33731
	73.76984	37.33764
	73.77153	37.33795
	73.77308	37.33859
	73.77364	37.33893
	73.7743	37.33958
	73.77418	37.34034
	73.7737	37.34085
	73.77325	37.34114
	73.77274	37.34155
	73.77235	37.3421
	73.7719	37.34255
	73.77063	37.34413
	73.77053	37.34452
	73.77018	37.34517
	73.77	37.34603
	73.76988	37.34722
	73.76994	37.34785
	73.77023	37.34845
	73.77104	37.3509
	73.77104	37.35123
	73.77084	37.3526
	73.77037	37.35422
	73.77031	37.35541
	73.77044	37.35587
	73.77098	37.35691
	73.77127	37.35781
	73.77134	37.35855
	73.7713	37.36008
	73.77107	37.36303
	73.77088	37.36411
	73.77034	37.3664
	73.76979	37.36836
	73.76961	37.37011
	73.76965	37.37054
	73.7698	37.37093
	73.77064	37.37218
	73.77078	37.37268
	73.77055	37.3734
	73.77019	37.37404
	73.77018	37.37454
	73.77028	37.37526
	73.77068	37.37644
	73.77085	37.37764
	73.77077	37.37828
	73.77053	37.37889
	73.77037	37.37952
	73.77028	37.3802
	73.77025	37.38114
	73.7705	37.38191
	73.77059	37.38246
	73.77035	37.38318
	73.77028	37.38355
	73.77001	37.38416
	73.76886	37.3856
	73.76823	37.38662
	73.76716	37.38786
	73.76714	37.38829
	73.76738	37.38877
	73.7677	37.3891
	73.76783	37.38947
	73.76769	37.38993
	73.76713	37.39085
	73.76696	37.39168
	73.76708	37.39212
	73.76827	37.39311
	73.76896	37.39355
	73.76919	37.39382
	73.76943	37.39434
	73.77064	37.39562
	73.77181	37.39674
	73.77217	37.39701
	73.77234	37.39731
	73.77242	37.39772
	73.77232	37.3988
	73.77236	37.40125
	73.77229	37.40201
	73.7709	37.40416
	73.77046	37.40525
	73.77041	37.4082
	73.77048	37.40931
	73.77109	37.41231
	73.77129	37.41409
	73.77185	37.41745
	73.77258	37.42259
	73.77293	37.42427
	73.7732	37.42599
	73.7736	37.42781
	73.77385	37.43005
	73.77405	37.4313
	73.77505	37.43649
	73.77589	37.44009
	73.71956	37.44701
	73.66613	37.44093
	73.6404	37.43353
	73.61469	37.44284
	73.58268	37.44391
	73.5737	37.45066
	73.56833	37.4525
	73.56651	37.45394
	73.5639	37.45429
	73.56066	37.45642
	73.5595	37.45715
	73.55538	37.45919
	73.55142	37.46206
	73.54748	37.46478
	73.54339	37.46694
	73.54049	37.46735
	73.53598	37.46873
	73.53238	37.47226
	73.53024	37.47252
	73.52751	37.47185
	73.52456	37.47129
	73.52097	37.47215
	73.51681	37.4729
	73.51371	37.47443
	73.50951	37.4743
	73.50608	37.47198
	73.50329	37.47171
	73.49893	37.47115
	73.49447	37.47483
	73.48148	37.47361
	73.47271	37.47361
	73.46876	37.47389
	73.45521	37.47389
	73.45214	37.47375
	73.4446	37.47185
	73.43893	37.47103
	73.43413	37.46994
	73.42813	37.46885
	73.42298	37.46722
	73.41426	37.46491
	73.40759	37.45921
	73.40309	37.45468
	73.39946	37.45468
	73.39073	37.45033
	73.38059	37.44569
	73.37197	37.44404
	73.36811	37.44418
	73.36511	37.44699
	73.3665	37.45141
	73.36855	37.45453
	73.36753	37.45924
	73.36535	37.4615
	73.36253	37.46216
	73.35931	37.46054
	73.35566	37.45972
	73.3539	37.45972
	73.35112	37.46068
	73.34833	37.46179
	73.3473	37.4641
	73.34462	37.4649
	73.34191	37.4653
	73.3387	37.46503
	73.33653	37.46599
	73.33474	37.46652
	73.33199	37.46549
	73.32676	37.46614
	73.32341	37.46585
	73.31945	37.46435
	73.31581	37.46476
	73.31069	37.46449
	73.30465	37.46302
	73.30043	37.46231
	73.29134	37.45714
	73.28756	37.45564
	73.2783	37.45088
	73.26647	37.4438
	73.26063	37.43998
	73.2548	37.43658
	73.25053	37.43292
	73.24901	37.43022
	73.24883	37.42748
	73.24486	37.4235
	73.23626	37.41613
	73.22869	37.41189
	73.21769	37.40711
	73.20976	37.4041
	73.20351	37.40438
	73.2011	37.40547
	73.19731	37.40643
	73.1949	37.40793
	73.19169	37.40887
	73.18537	37.4086
	73.1814	37.40833
	73.17728	37.40901
	73.17438	37.40901
	73.16972	37.40832
	73.16629	37.40955
	73.1624	37.40901
	73.15572	37.40643
	73.14974	37.40399
	73.1472	37.4017
	73.14635	37.39954
	73.14309	37.39204
	73.14241	37.39013
	73.14154	37.38657
	73.13912	37.38424
	73.13794	37.38249
	73.13725	37.3799
	73.13535	37.37688
	73.1333	37.37348
	73.1319	37.37097
	73.12803	37.36998
	73.12497	37.3696
	73.12222	37.36905
	73.11726	37.36783
	73.11247	37.36593
	73.10702	37.36268
	73.10618	37.36053
	73.10532	37.3582
	73.10359	37.35572
	73.10209	37.35427
	73.1036	37.35159
	73.10482	37.34841
	73.10326	37.34565
	73.1026	37.34287
	73.10437	37.34197
	73.10629	37.34197
	73.10773	37.34051
	73.10549	37.33744
	73.10153	37.33293
	73.09707	37.32828
	73.09327	37.32403
	73.0862	37.32115
	73.07761	37.31828
	73.07127	37.31596
	73.06046	37.3105
	73.05148	37.30734
	73.04429	37.3083
	73.03985	37.30558
	73.03548	37.30502
	73.02861	37.30748
	73.02283	37.30667
	73.01534	37.30477
	73.01448	37.30354
	73.00754	37.3023
	72.99999	37.30148
	72.99159	37.29957
	72.98472	37.29848
	72.97823	37.29698
	72.97033	37.29165
	72.96618	37.29097
	72.96272	37.29014
	72.96106	37.29015
	72.94397	37.28365
	72.93638	37.2756
	72.91181	37.25721
	72.87446	37.23687
	72.87227	37.23712
	72.87132	37.23663
	72.87059	37.23532
	72.86905	37.23449
	72.86749	37.23331
	72.86471	37.23228
	72.86457	37.2309
	72.8621	37.23108
	72.8597	37.23025
	72.85754	37.22881
	72.85378	37.22877
	72.85324	37.23019
	72.85161	37.23106
	72.84949	37.23031
	72.84604	37.23082
	72.84063	37.23337
	72.83603	37.23476
	72.83311	37.23415
	72.83031	37.23302
	72.82764	37.23363
	72.82589	37.2331
	72.82423	37.23375
	72.82056	37.23265
	72.81884	37.23221
	72.81526	37.23117
	72.80672	37.22385
	72.79629	37.21668
	72.79552	37.21335
	72.78968	37.20893
	72.78876	37.20541
	72.78283	37.20281
	72.78206	37.19908
	72.77545	37.19502
	72.77468	37.19137
	72.77265	37.18923
	72.77128	37.18452
	72.77132	37.17871
	72.76832	37.17787
	72.76556	37.17276
	72.76398	37.16672
	72.76248	37.16348
	72.76049	37.16092
	72.7585	37.15342
	72.75473	37.14929
	72.75469	37.14637
	72.7521	37.14584
	72.75197	37.14251
	72.75047	37.14008
	72.74707	37.13655
	72.7445	37.131
	72.74196	37.1269
	72.74019	37.12077
	72.73916	37.11912
	72.73772	37.11866
	72.7337	37.11473
	72.73139	37.11092
	72.72924	37.1099
	72.72705	37.10832
	72.72624	37.1063
	72.72567	37.1048
	72.72405	37.10281
	72.72275	37.10151
	72.72215	37.09892
	72.71902	37.09717
	72.71922	37.09586
	72.71671	37.08995
	72.71144	37.08744
	72.71026	37.08557
	72.70617	37.08444
	72.70195	37.08046
	72.70086	37.07527
	72.70463	37.07507
	72.70422	37.07248
	72.70171	37.06793
	72.69027	37.05846
	72.68131	37.04328
	72.67608	37.03263
	72.67233	37.02588
	72.66333	37.0189
	72.65942	37.01799
	72.65083	37.01753
	72.64429	37.01693
	72.64329	37.01819
	72.6432	37.02429
	72.64051	37.02496
	72.63453	37.02464
	72.63139	37.02583
	72.62941	37.02757
	72.62481	37.02802
	72.62066	37.02829
	72.61833	37.02667
	72.61116	37.02438
	72.60366	37.02029
	72.59411	37.01556
	72.59176	37.0093
	72.58849	37.00672
	72.58224	37.00753
	72.57859	37.00995
	72.57422	37.01145
	72.57157	37.01097
	72.5698	37.00793
	72.5671	37.00592
	72.56173	37.00639
	72.55928	37.00581
	72.55094	37.00299
	72.54488	37.00182
	72.54164	37.00234
	72.53757	37.00394
	72.5348	37.0034
	72.52742	36.99884
	72.52218	36.99855
	72.51496	36.99876
	72.50739	36.99921
	72.50103	36.99865
	72.49356	36.99777
	72.48167	36.99688
	72.47705	36.99492
	72.47297	36.9929
	72.46848	36.99526
	72.46085	37.00181
	72.45139	37.00213
	72.44663	37.00367
	72.4441	37.00629
	72.4408	37.00633
	72.43371	37.00617
	72.42745	37.00628
	72.42334	37.00529
	72.4175	37.00333
	72.41028	37.00306
	72.40278	37.00167
	72.395	37.00028
	72.38667	36.99833
	72.37833	36.99611
	72.37595	36.99555
	72.3684	36.99342
	72.36408	36.9933
	72.35472	36.99139
	72.35046	36.99114
	72.34667	36.99
	72.33967	36.98719
	72.33373	36.98403
	72.32571	36.9813
	72.31895	36.97762
	72.31061	36.97185
	72.29933	36.96516
	72.29189	36.96058
	72.28495	36.95665
	72.27596	36.95261
	72.26527	36.95008
	72.25241	36.9471
	72.24477	36.94437
	72.24155	36.94178
	72.23953	36.93384
	72.23667	36.93123
	72.23038	36.92783
	72.22551	36.92748
	72.22243	36.92748
	72.21618	36.92613
	72.21112	36.92477
	72.2067	36.92163
	72.20456	36.91827
	72.20295	36.91468
	72.20029	36.91024
	72.19704	36.90704
	72.18946	36.90371
	72.18332	36.90096
	72.17898	36.8986
	72.17246	36.89484
	72.16743	36.89212
	72.16318	36.89012
	72.15983	36.88815
	72.156	36.88629
	72.1493	36.88313
	72.14255	36.88018
	72.13429	36.87593
	72.1255	36.8699
	72.12265	36.86543
	72.12101	36.85672
	72.11773	36.85233
	72.11226	36.84711
	72.10832	36.84514
	72.1034	36.84414
	72.09871	36.84278
	72.09363	36.84056
	72.08701	36.83841
	72.08581	36.83889
	72.08264	36.84101
	72.08055	36.84089
	72.07771	36.83975
	72.07502	36.8388
	72.07132	36.84017
	72.06918	36.84023
	72.0651	36.83773
	72.05916	36.83321
	72.05441	36.82983
	72.05281	36.83032
	72.05052	36.83037
	72.04961	36.82795
	72.0492	36.82169
	72.0475	36.82035
	72.04198	36.82025
	72.03798	36.81613
	72.035	36.81683
	72.02953	36.81695
	72.02685	36.81478
	72.0233	36.81303
	72.01849	36.81093
	72.01488	36.80672
	72.01436	36.80073
	72.01145	36.79866
	72.0074	36.79429
	72.00117	36.79229
	71.99827	36.79145
	71.99592	36.79036
	71.9955	36.7873
	71.99097	36.78263
	71.98829	36.77963
	71.98561	36.77948
	71.98235	36.78024
	71.97537	36.7744
	71.97164	36.77126
	71.96844	36.76763
	71.96598	36.7638
	71.96415	36.76191
	71.96197	36.7606
	71.96119	36.75916
	71.95817	36.75624
	71.95059	36.75404
	71.94761	36.75178
	71.94357	36.75034
	71.94112	36.74722
	71.94	36.74635
	71.93356	36.74558
	71.92784	36.7436
	71.92063	36.74183
	71.91795	36.74053
	71.91309	36.73807
	71.90766	36.73452
	71.90287	36.73396
	71.89894	36.72873
	71.89767	36.72309
	71.89169	36.71726
	71.88556	36.71234
	71.88078	36.70796
	71.87567	36.70539
	71.87088	36.70296
	71.86859	36.69988
	71.86294	36.69582
	71.858	36.69116
	71.85498	36.69007
	71.85252	36.6876
	71.85036	36.6857
	71.84558	36.68528
	71.84364	36.68062
	71.84084	36.68003
	71.83768	36.68153
	71.83083	36.68107
	71.82759	36.68026
	71.81882	36.68293
	71.81268	36.68173
	71.8066	36.67944
	71.79767	36.67741
	71.79451	36.6762
	71.78941	36.67619
	71.78718	36.67537
	71.78115	36.67559
	71.77299	36.67639
	71.76968	36.67717
	71.76579	36.67849
	71.75986	36.67868
	71.75792	36.67795
	71.75486	36.67771
	71.75106	36.67609
	71.74889	36.67513
	71.74528	36.67528
	71.73806	36.675
	71.73259	36.67533
	71.72868	36.67625
	71.72472	36.67542
	71.71667	36.67236
	71.70847	36.67229
	71.70125	36.67507
	71.69549	36.67563
	71.68889	36.67681
	71.68533	36.67669
	71.68187	36.67528
	71.67681	36.67104
	71.67028	36.67437
	71.66569	36.67896
	71.66056	36.68278
	71.65771	36.68465
	71.65111	36.6884
	71.64417	36.68944
	71.63563	36.68944
	71.63194	36.69222
	71.62972	36.69438
	71.62778	36.69993
	71.6241	36.70493
	71.6215	36.71079
	71.61854	36.71438
	71.61417	36.71583
	71.60938	36.72
	71.60597	36.7225
	71.60049	36.72382
	71.59896	36.72625
	71.59458	36.73035
	71.59104	36.73194
	71.5884	36.73431
	71.58549	36.73771
	71.58146	36.7416
	71.57458	36.75083
	71.56278	36.75222
	71.55889	36.75722
	71.55472	36.76111
	71.55139	36.76694
	71.54861	36.77361
	71.54639	36.77889
	71.54472	36.785
	71.54417	36.79083
	71.5425	36.79694
	71.54306	36.80222
	71.5425	36.80778
	71.54167	36.81361
	71.54111	36.81944
	71.53778	36.83167
	71.53222	36.845
	71.52917	36.85056
	71.52583	36.85639
	71.52194	36.86139
	71.51861	36.86694
	71.51417	36.87083
	71.51028	36.87583
	71.50639	36.88056
	71.5025	36.88556
	71.49861	36.89028
	71.49417	36.89444
	71.49028	36.89917
	71.48694	36.905
	71.47917	36.91444
	71.47472	36.91861
	71.47028	36.9225
	71.46639	36.92722
	71.45972	36.93889
	71.45694	36.94556
	71.45639	36.95111
	71.45472	36.95722
	71.45639	36.96222
	71.45806	36.96694
	71.45972	36.97194
	71.46139	36.97667
	71.46306	36.98167
	71.46472	36.98639
	71.46278	36.99278
	71.45778	37.01111
	71.45472	37.01694
	71.45111	37.0225
	71.44778	37.02833
	71.44389	37.03306
	71.44083	37.03889
	71.43778	37.04556
	71.43481	37.05265
	71.43355	37.05362
	71.43313	37.05382
	71.4326	37.05413
	71.4323	37.05429
	71.43187	37.05461
	71.43103	37.05542
	71.43044	37.05612
	71.43023	37.05642
	71.4301	37.05667
	71.42977	37.0574
	71.42963	37.05789
	71.42952	37.05853
	71.42964	37.0596
	71.4297	37.05975
	71.42968	37.05999
	71.42938	37.06131
	71.42927	37.06162
	71.42916	37.06204
	71.42907	37.06274
	71.4289	37.06349
	71.4288	37.06428
	71.42881	37.06428
	71.4286	37.06488
	71.42888	37.06896
	71.42893	37.0693
	71.42927	37.07078
	71.42946	37.07138
	71.42971	37.07203
	71.42984	37.07228
	71.42944	37.07639
	71.43056	37.08694
	71.43222	37.09194
	71.43389	37.09667
	71.43444	37.10194
	71.43583	37.10694
	71.43667	37.11222
	71.43806	37.11694
	71.43917	37.1275
	71.43861	37.13333
	71.43917	37.13861
	71.43694	37.16167
	71.43806	37.17222
	71.43972	37.17694
	71.44444	37.18056
	71.44833	37.18444
	71.44972	37.19
	71.44806	37.19611
	71.44639	37.2025
	71.44694	37.20778
	71.44861	37.2125
	71.45139	37.21694
	71.45528	37.22083
	71.45778	37.22528
	71.46167	37.22944
	71.46944	37.23722
	71.48056	37.255
	71.48194	37.25972
	71.485	37.26417
	71.48667	37.26917
	71.48833	37.27389
	71.48889	37.27917
	71.49028	37.28417
	71.48972	37.28972
	71.49194	37.31083
	71.49083	37.3225
	71.49139	37.32778
	71.48885	37.32993
	71.48831	37.33169
	71.48706	37.33446
	71.48826	37.33979
	71.49254	37.35273
	71.49186	37.35667
	71.49186	37.35916
	71.49342	37.36357
	71.49478	37.36465
	71.49478	37.36625
	71.49579	37.36854
	71.49299	37.37206
	71.49204	37.3775
	71.48748	37.38166
	71.48255	37.38193
	71.47844	37.38292
	71.4788	37.38433
	71.47627	37.38621
	71.4752	37.38777
	71.47617	37.39094
	71.47641	37.39298
	71.47659	37.39493
	71.47732	37.39616
	71.47812	37.39801
	71.47764	37.39892
	71.47744	37.4017
	71.47791	37.40439
	71.47939	37.40617
	71.48379	37.40729
	71.48743	37.40605
	71.49235	37.40551
	71.49555	37.40617
	71.49789	37.40777
	71.49873	37.40963
	71.49873	37.41188
	71.49669	37.41404
	71.49553	37.41578
	71.49662	37.41868
	71.49599	37.42047
	71.49493	37.42256
	71.49701	37.42572
	71.49684	37.42804
	71.49824	37.4304
	71.50012	37.4319
	71.50079	37.43351
	71.50189	37.4358
	71.50078	37.43809
	71.50172	37.44196
	71.50361	37.44454
	71.50411	37.44709
	71.50343	37.45105
	71.50431	37.4533
	71.50656	37.45481
	71.50846	37.45686
	71.51173	37.45823
	71.51446	37.46053
	71.51722	37.46259
	71.51995	37.46394
	71.52146	37.46634
	71.52163	37.46959
	71.52284	37.47357
	71.52508	37.47645
	71.52627	37.47833
	71.52672	37.47988
	71.52583	37.48171
	71.5235	37.48383
	71.52249	37.48481
	71.52078	37.48669
	71.51837	37.49037
	71.51729	37.49194
	71.517	37.49445
	71.51204	37.49988
	71.50996	37.50276
	71.50842	37.50712
	71.50637	37.51009
	71.50394	37.51244
	71.50412	37.51567
	71.50685	37.51756
	71.50533	37.52347
	71.50192	37.52928
	71.4952	37.53324
	71.49467	37.53862
	71.49673	37.54747
	71.49656	37.55211
	71.49761	37.55528
	71.50172	37.55881
	71.50205	37.56228
	71.50067	37.56584
	71.50361	37.57186
	71.50532	37.57688
	71.50635	37.58357
	71.50928	37.58684
	71.51064	37.59034
	71.5103	37.59559
	71.50584	37.60143
	71.50463	37.60692
	71.50584	37.61227
	71.50796	37.61451
	71.51364	37.61573
	71.51754	37.61856
	71.52095	37.62274
	71.5225	37.62711
	71.52627	37.63023
	71.52729	37.63412
	71.52678	37.63955
	71.52712	37.64406
	71.52867	37.64813
	71.52901	37.65165
	71.52849	37.65679
	71.5278	37.66022
	71.53055	37.66716
	71.53038	37.67486
	71.52881	37.67831
	71.5371	37.68596
	71.54206	37.69259
	71.54326	37.69882
	71.54635	37.70683
	71.54721	37.71066
	71.55061	37.71388
	71.54789	37.71805
	71.54841	37.72165
	71.55149	37.72611
	71.55012	37.73247
	71.55115	37.73707
	71.54723	37.74354
	71.54345	37.74761
	71.54173	37.75059
	71.53813	37.75398
	71.53453	37.75901
	71.53267	37.76102
	71.53149	37.76372
	71.53173	37.76563
	71.53401	37.76736
	71.53631	37.76774
	71.53871	37.76923
	71.54311	37.77016
	71.54574	37.77244
	71.54843	37.77569
	71.55	37.77822
	71.55004	37.78064
	71.55205	37.78209
	71.55546	37.78532
	71.55599	37.78716
	71.56228	37.78688
	71.56944	37.78877
	71.57647	37.79257
	71.58283	37.79419
	71.58585	37.7959
	71.58915	37.79757
	71.59289	37.80053
	71.5956	37.80508
	71.59373	37.81101
	71.5927	37.8167
	71.59082	37.82182
	71.58719	37.82552
	71.58838	37.82904
	71.58857	37.83461
	71.58689	37.84045
	71.58545	37.84334
	71.58514	37.8459
	71.58688	37.84877
	71.58721	37.8519
	71.58979	37.85407
	71.59064	37.85742
	71.59133	37.86355
	71.5953	37.86709
	71.59716	37.8699
	71.59716	37.87431
	71.59272	37.88186
	71.58751	37.88624
	71.58993	37.89019
	71.58737	37.89437
	71.58806	37.90216
	71.59131	37.9058
	71.59063	37.91011
	71.59166	37.91484
	71.5903	37.92116
	71.58707	37.92424
	71.58479	37.92609
	71.58264	37.92786
	71.57373	37.92934
	71.56564	37.93409
	71.56156	37.93584
	71.55583	37.93625
	71.55289	37.94143
	71.54696	37.94437
	71.54162	37.94518
	71.53812	37.94767
	71.53623	37.95132
	71.53357	37.95329
	71.52575	37.95303
	71.51802	37.95181
	71.50891	37.95248
	71.50245	37.95195
	71.49856	37.94982
	71.49516	37.94579
	71.49293	37.94065
	71.49083	37.93802
	71.48528	37.93638
	71.48172	37.93545
	71.47812	37.9318
	71.47172	37.92948
	71.46739	37.92838
	71.46003	37.92906
	71.45189	37.92518
	71.45051	37.92232
	71.44728	37.92133
	71.4404	37.92404
	71.43405	37.92241
	71.42866	37.91974
	71.42059	37.91567
	71.40785	37.91119
	71.39703	37.90957
	71.37817	37.90497
	71.36102	37.89834
	71.34746	37.89102
	71.3337	37.886
	71.32941	37.88543
	71.32782	37.88893
	71.32302	37.90003
	71.31494	37.91278
	71.3146	37.91802
	71.3095	37.92097
	71.30381	37.926
	71.29869	37.93193
	71.29501	37.93298
	71.28984	37.93206
	71.28918	37.92959
	71.28918	37.92698
	71.28589	37.92411
	71.28347	37.92098
	71.28046	37.91944
	71.27337	37.92067
	71.26445	37.9208
	71.26046	37.92121
	71.25571	37.92343
	71.25571	37.92592
	71.25385	37.92913
	71.25226	37.9308
	71.25351	37.93389
	71.257	37.93568
	71.26115	37.93718
	71.26622	37.93811
	71.26736	37.94054
	71.26654	37.9435
	71.2643	37.94621
	71.26327	37.95098
	71.26309	37.95292
	71.26385	37.95397
	71.26592	37.95397
	71.27447	37.96461
	71.27525	37.96654
	71.27528	37.96912
	71.27426	37.97505
	71.27239	37.97812
	71.2705	37.97984
	71.26894	37.98207
	71.26824	37.98401
	71.26876	37.98579
	71.26928	37.99123
	71.2712	37.99344
	71.27302	37.99459
	71.27599	37.99376
	71.27895	37.99389
	71.28008	37.99541
	71.27958	37.99764
	71.27804	38.00061
	71.27664	38.00404
	71.27753	38.00614
	71.28239	38.00983
	71.28652	38.01146
	71.29096	38.01401
	71.29366	38.01631
	71.2948	38.01734
	71.29529	38.01942
	71.29381	38.02309
	71.29416	38.02624
	71.2945	38.02745
	71.29509	38.02857
	71.29592	38.03051
	71.29556	38.03152
	71.29414	38.03189
	71.2909	38.03162
	71.28703	38.03204
	71.28542	38.03359
	71.28455	38.03618
	71.28385	38.03797
	71.2842	38.03961
	71.28402	38.04183
	71.28537	38.0426
	71.28781	38.04205
	71.28956	38.04242
	71.2906	38.04473
	71.29367	38.04502
	71.29564	38.04445
	71.29802	38.04245
	71.30082	38.04245
	71.304	38.04364
	71.30688	38.04656
	71.30797	38.04932
	71.30945	38.05169
	71.31098	38.05558
	71.31163	38.05976
	71.31287	38.0617
	71.31482	38.06364
	71.31794	38.06501
	71.32012	38.0658
	71.32094	38.06721
	71.32111	38.06975
	71.32111	38.07217
	71.32025	38.0765
	71.32094	38.08192
	71.32197	38.08814
	71.32231	38.09214
	71.31977	38.09519
	71.31785	38.09671
	71.31774	38.09809
	71.31928	38.10027
	71.32162	38.10056
	71.32347	38.10043
	71.32595	38.10173
	71.32695	38.1033
	71.32573	38.10691
	71.32732	38.10969
	71.3308	38.11188
	71.3336	38.11298
	71.33627	38.11298
	71.33708	38.11448
	71.33762	38.11841
	71.3381	38.12109
	71.33862	38.12911
	71.34052	38.1306
	71.3412	38.13411
	71.34292	38.13546
	71.34326	38.13747
	71.34501	38.13934
	71.34713	38.1456
	71.34835	38.14738
	71.35019	38.14874
	71.35318	38.14999
	71.35634	38.14957
	71.36025	38.14877
	71.36379	38.14943
	71.36717	38.15089
	71.36954	38.15343
	71.37061	38.15562
	71.37606	38.15963
	71.37655	38.16092
	71.37606	38.16271
	71.37332	38.16392
	71.3726	38.16562
	71.37294	38.16722
	71.36884	38.17179
	71.36815	38.17463
	71.36678	38.17706
	71.36522	38.18196
	71.3666	38.18616
	71.36591	38.19313
	71.36453	38.19598
	71.36506	38.19956
	71.36906	38.20312
	71.37354	38.20542
	71.37712	38.20743
	71.37931	38.20981
	71.37964	38.21229
	71.37506	38.21855
	71.37135	38.22028
	71.36871	38.22069
	71.36637	38.22507
	71.36652	38.22656
	71.36783	38.22804
	71.37038	38.23071
	71.37072	38.23348
	71.36968	38.2366
	71.37075	38.23884
	71.37193	38.24176
	71.3732	38.24416
	71.37295	38.24657
	71.37396	38.25463
	71.3735	38.2566
	71.37092	38.25954
	71.36799	38.26294
	71.36595	38.26629
	71.35574	38.27109
	71.35218	38.27096
	71.34205	38.2719
	71.33935	38.2719
	71.33714	38.27097
	71.33457	38.27039
	71.33244	38.27485
	71.33261	38.27707
	71.33413	38.27933
	71.33333	38.28072
	71.32959	38.28339
	71.32746	38.2845
	71.32746	38.28667
	71.3299	38.28804
	71.33196	38.291
	71.3335	38.29207
	71.3343	38.2932
	71.33228	38.29611
	71.33141	38.29871
	71.33158	38.30159
	71.33311	38.30412
	71.33279	38.3051
	71.32425	38.30656
	71.31507	38.30315
	71.31192	38.30298
	71.31005	38.30642
	71.30589	38.30793
	71.2985	38.31294
	71.28994	38.3125
	71.28011	38.31415
	71.27611	38.31212
	71.27135	38.31142
	71.26758	38.31249
	71.25797	38.30956
	71.25171	38.31022
	71.24741	38.31259
	71.24648	38.31693
	71.24264	38.31897
	71.23489	38.32048
	71.22527	38.32165
	71.21392	38.32888
	71.2076	38.33338
	71.20231	38.34045
	71.19691	38.34293
	71.18834	38.34322
	71.18419	38.34515
	71.18292	38.3501
	71.18032	38.35411
	71.17778	38.36199
	71.17508	38.37028
	71.17098	38.37754
	71.16342	38.38697
	71.15337	38.38819
	71.14912	38.39019
	71.14911	38.39822
	71.14466	38.40178
	71.13971	38.40179
	71.1358	38.39736
	71.13018	38.39739
	71.12739	38.40183
	71.12056	38.40581
	71.11059	38.40526
	71.1062	38.40984
	71.10697	38.42072
	71.09888	38.42356
	71.08535	38.42032
	71.07525	38.41375
	71.06544	38.41257
	71.06946	38.4026
	71.06384	38.39806
	71.05689	38.39808
	71.05454	38.40294
	71.05126	38.40609
	71.04649	38.4105
	71.04558	38.42257
	71.03981	38.42654
	71.03779	38.43161
	71.0375	38.44233
	71.03134	38.44881
	71.0294	38.45234
	71.03041	38.46135
	71.0225	38.46778
	71.01584	38.46786
	71.00782	38.47199
	71.0003	38.4786
	71.00145	38.48181
	70.99769	38.48688
	70.99035	38.48992
	70.98885	38.48769
	70.97444	38.47702
	70.96528	38.47478
	70.95801	38.47651
	70.95215	38.47718
	70.94681	38.47556
	70.94447	38.46847
	70.94493	38.46599
	70.96066	38.45972
	70.96299	38.45589
	70.95895	38.44582
	70.95707	38.43787
	70.94889	38.43773
	70.94128	38.44231
	70.9348	38.4399
	70.9349	38.43394
	70.93	38.43083
	70.9225	38.43028
	70.92211	38.43324
	70.9187	38.43556
	70.90803	38.4377
	70.90571	38.44281
	70.89987	38.44835
	70.90114	38.45247
	70.89844	38.46181
	70.88339	38.46867
	70.87139	38.46771
	70.8658	38.46143
	70.85837	38.45885
	70.85776	38.45489
	70.86094	38.45178
	70.85645	38.44035
	70.84866	38.43809
	70.84214	38.44028
	70.84389	38.44533
	70.83949	38.44893
	70.82464	38.45263
	70.82229	38.44795
	70.81623	38.44413
	70.80444	38.44411
	70.7984	38.44931
	70.79325	38.44921
	70.7869	38.45083
	70.78592	38.45552
	70.77885	38.45512
	70.7717	38.4559
	70.76816	38.45171
	70.7675	38.44528
	70.76306	38.4415
	70.76148	38.43825
	70.7607	38.43326
	70.75659	38.4279
	70.74989	38.42405
	70.73876	38.41757
	70.73332	38.41541
	70.72962	38.41577
	70.72725	38.41469
	70.71422	38.41395
	70.70787	38.41513
	70.70263	38.41656
	70.70024	38.4191
	70.69803	38.41957
	70.68896	38.41482
	70.67932	38.40901
	70.67474	38.40445
	70.67656	38.39684
	70.67558	38.39261
	70.67402	38.39012
	70.67432	38.38832
	70.68155	38.38618
	70.68505	38.3885
	70.68891	38.38857
	70.69231	38.38599
	70.69492	38.38118
	70.69435	38.37352
	70.6906	38.36725
	70.68509	38.36343
	70.67271	38.36104
	70.66798	38.35816
	70.665	38.35763
	70.66278	38.35176
	70.65213	38.34857
	70.64259	38.34857
	70.63673	38.35216
	70.62814	38.35248
	70.61881	38.35054
	70.61518	38.34806
	70.61095	38.3464
	70.61195	38.33391
	70.61407	38.32899
	70.61532	38.32446
	70.61517	38.32062
	70.61289	38.31724
	70.60799	38.31356
	70.60769	38.30954
	70.6056	38.30422
	70.60794	38.29948
	70.60966	38.29721
	70.60898	38.29216
	70.60684	38.29005
	70.60494	38.28276
	70.60202	38.27974
	70.5878	38.27539
	70.58175	38.2739
	70.57785	38.27333
	70.57333	38.27194
	70.57145	38.26953
	70.56641	38.26747
	70.56413	38.2632
	70.55844	38.25854
	70.55639	38.25221
	70.54854	38.24546
	70.54557	38.24356
	70.54303	38.234
	70.53969	38.22861
	70.53764	38.22241
	70.53747	38.21112
	70.53522	38.20842
	70.53357	38.20534
	70.52762	38.19908
	70.52094	38.19581
	70.5175	38.19357
	70.51653	38.19157
	70.51804	38.18909
	70.51763	38.18679
	70.51286	38.18022
	70.51068	38.17888
	70.50994	38.17343
	70.50451	38.16481
	70.50312	38.15784
	70.50301	38.15314
	70.50108	38.14994
	70.50008	38.14592
	70.50118	38.14183
	70.50181	38.14008
	70.50169	38.135
	70.50537	38.12993
	70.5067	38.12197
	70.50121	38.11915
	70.49267	38.12072
	70.48428	38.11655
	70.47828	38.10963
	70.46585	38.10385
	70.45332	38.10233
	70.44425	38.09889
	70.44137	38.10096
	70.43611	38.10028
	70.42979	38.0969
	70.42576	38.09261
	70.41969	38.08809
	70.41939	38.08356
	70.41795	38.07578
	70.41217	38.07531
	70.408	38.07543
	70.40323	38.07245
	70.39906	38.06758
	70.39338	38.06456
	70.38627	38.06332
	70.3821	38.06087
	70.3804	38.05612
	70.37725	38.05469
	70.36428	38.0548
	70.3635	38.04968
	70.36742	38.04652
	70.36729	38.03863
	70.36416	38.03635
	70.36377	38.03244
	70.35825	38.02652
	70.35075	38.0248
	70.34727	38.02229
	70.34588	38.01865
	70.33673	38.01341
	70.33448	38.00921
	70.33436	38.00442
	70.32947	37.99873
	70.31549	37.99765
	70.30748	37.99389
	70.29832	37.987
	70.29097	37.98658
	70.28878	37.97908
	70.28755	37.96971
	70.28274	37.96926
	70.27811	37.97291
	70.26931	37.97417
	70.26293	37.97892
	70.2607	37.97427
	70.26091	37.96833
	70.26668	37.96222
	70.26752	37.95362
	70.2691	37.94946
	70.27555	37.94594
	70.27594	37.94294
	70.26937	37.93772
	70.26187	37.93762
	70.25296	37.94394
	70.24365	37.94381
	70.2363	37.9396
	70.23038	37.9375
	70.22278	37.93528
	70.21319	37.93131
	70.2145	37.92151
	70.21133	37.9211
	70.20171	37.92893
	70.1975	37.93658
	70.19251	37.9433
	70.18634	37.94465
	70.18221	37.94224
	70.17782	37.93332
	70.17242	37.93184
	70.17106	37.93024
	70.1741	37.92462
	70.17726	37.9172
	70.17829	37.90861
	70.18027	37.90394
	70.1801	37.90071
	70.17778	37.89828
	70.18247	37.88914
	70.18241	37.88615
	70.18018	37.88253
	70.17727	37.87948
	70.17758	37.87537
	70.18018	37.87002
	70.17894	37.86597
	70.18065	37.86297
	70.18421	37.85859
	70.18594	37.85239
	70.18542	37.85007
	70.18806	37.84677
	70.1924	37.84386
	70.20404	37.84119
	70.21407	37.83693
	70.2183	37.834
	70.22185	37.83215
	70.22633	37.8324
	70.24028	37.83303
	70.25272	37.83153
	70.26043	37.82807
	70.26498	37.82431
	70.27065	37.81729
	70.27523	37.81626
	70.27947	37.81599
	70.28059	37.81009
	70.27904	37.80515
	70.27425	37.79938
	70.2776	37.79307
	70.27622	37.78779
	70.27957	37.77892
	70.29009	37.77211
	70.29794	37.76792
	70.28732	37.75388
	70.28648	37.74897
	70.2912	37.74285
	70.29858	37.73582
	70.29989	37.7301
	70.29554	37.72139
	70.28929	37.71873
	70.28706	37.71575
	70.29086	37.70783
	70.29439	37.70504
	70.30072	37.70374
	70.3034	37.69872
	70.3026	37.69085
	70.29378	37.68812
	70.28635	37.68377
	70.28766	37.68098
	70.28791	37.67831
	70.28553	37.67591
	70.27931	37.67504
	70.27613	37.66656
	70.27749	37.657
	70.27252	37.64977
	70.26532	37.64974
	70.26124	37.64221
	70.26467	37.63602
	70.26662	37.63059
	70.26283	37.62822
	70.26901	37.62102
	70.26649	37.61026
	70.24667	37.61333
	70.24	37.61389
	70.23444	37.61583
	70.22889	37.61806
	70.22194	37.61833
	70.21556	37.61667
	70.21167	37.6125
	70.21222	37.60694
	70.21306	37.60111
	70.21028	37.59667
	70.20306	37.59389
	70.19806	37.59028
	70.19667	37.58556
	70.19833	37.57944
	70.20056	37.57417
	70.19694	37.57
	70.18028	37.56556
	70.17194	37.56306
	70.16806	37.55917
	70.16667	37.55417
	70.165	37.54944
	70.16333	37.54444
	70.16194	37.53972
	70.15583	37.53639
	70.14806	37.535
	70.14194	37.53194
	70.135	37.52917
	70.12778	37.52861
	70.12083	37.52889
	70.11472	37.53028
	70.10139	37.53083
	70.09472	37.53139
	70.08861	37.5325
	70.0825	37.53389
	70.07694	37.53583
	70.07139	37.53806
	70.06556	37.54028
	70.06	37.54222
	70.05444	37.54444
	70.04778	37.54472
	70.04333	37.54444
	70.04444	37.54167
	70.03889	37.54167
	70.03222	37.54194
	70.02611	37.54333
	70.01389	37.54556
	70.00833	37.54778
	70.00278	37.55139
	69.99944	37.55722
	69.995	37.56111
	69.99028	37.565
	69.98472	37.56722
	69.97139	37.56333
	69.96472	37.56389
	69.95861	37.565
	69.95417	37.56889
	69.95	37.57361
	69.94611	37.57861
	69.94333	37.585
	69.93722	37.59833
	69.93333	37.60306
	69.92889	37.60694
	69.92306	37.60917
	69.91806	37.61194
	69.91194	37.61333
	69.90583	37.61444
	69.89917	37.615
	69.89139	37.61333
	69.88417	37.61306
	69.87583	37.61056
	69.8675	37.60833
	69.86028	37.60556
	69.85333	37.60278
	69.84611	37.6
	69.84	37.59694
	69.83389	37.59361
	69.82806	37.59056
	69.82194	37.58722
	69.81361	37.585
	69.80694	37.58306
	69.79972	37.5825
	69.79306	37.58278
	69.78639	37.58333
	69.78028	37.58444
	69.77417	37.58583
	69.76861	37.58778
	69.76333	37.59083
	69.75778	37.59306
	69.75222	37.595
	69.74611	37.59639
	69.73917	37.59667
	69.73167	37.59528
	69.72389	37.59389
	69.71667	37.59333
	69.71167	37.58972
	69.70444	37.58694
	69.69833	37.58361
	69.69028	37.58139
	69.67583	37.57583
	69.66778	37.57361
	69.65917	37.57111
	69.65194	37.57056
	69.64556	37.57083
	69.63917	37.57222
	69.6125	37.57333
	69.60639	37.57472
	69.59972	37.575
	69.59361	37.57611
	69.5875	37.5775
	69.58111	37.57861
	69.57472	37.57889
	69.56778	37.57944
	69.56	37.57778
	69.55306	37.57889
	69.54694	37.58
	69.54139	37.58222
	69.53528	37.58333
	69.52861	37.58389
	69.52194	37.58194
	69.51583	37.58083
	69.51222	37.57694
	69.50667	37.56806
	69.50444	37.56278
	69.50167	37.55833
	69.50028	37.55361
	69.4975	37.54917
	69.495	37.54472
	69.49222	37.54
	69.48944	37.53556
	69.48583	37.53167
	69.47583	37.52444
	69.47111	37.52083
	69.465	37.5175
	69.46028	37.51389
	69.45639	37.51
	69.45361	37.50556
	69.45	37.50139
	69.445	37.49778
	69.43917	37.49472
	69.43306	37.49139
	69.42694	37.48833
	69.42333	37.48417
	69.42056	37.47972
	69.41806	37.47528
	69.41417	37.47139
	69.40917	37.46778
	69.40333	37.46444
	69.38889	37.45889
	69.38278	37.45583
	69.38028	37.45111
	69.38111	37.44556
	69.38056	37.44028
	69.37917	37.43528
	69.37861	37.43
	69.37722	37.42528
	69.37667	37.41972
	69.3775	37.41417
	69.37722	37.40889
	69.37778	37.40306
	69.3775	37.39778
	69.37583	37.39306
	69.37444	37.38806
	69.37528	37.38222
	69.37806	37.37583
	69.38306	37.37278
	69.38778	37.36889
	69.38722	37.36361
	69.38583	37.35861
	69.38306	37.35417
	69.38278	37.34889
	69.38139	37.34417
	69.38417	37.3375
	69.38722	37.33083
	69.39	37.32444
	69.39556	37.32222
	69.40028	37.31833
	69.40222	37.31222
	69.40389	37.30611
	69.40806	37.30139
	69.41194	37.29667
	69.41167	37.29111
	69.40889	37.28667
	69.4075	37.28194
	69.40583	37.27694
	69.40667	37.27139
	69.41056	37.26639
	69.41361	37.26222
	69.41306	37.25694
	69.41278	37.25167
	69.41139	37.24611
	69.41111	37.24083
	69.41333	37.23556
	69.41917	37.23333
	69.42611	37.23389
	69.43361	37.23444
	69.44056	37.235
	69.44667	37.23389
	69.45139	37.23
	69.45056	37.22528
	69.44472	37.22222
	69.43861	37.21889
	69.43389	37.21528
	69.43	37.21139
	69.42611	37.20722
	69.42361	37.20278
	69.41972	37.19861
	69.41833	37.19389
	69.41583	37.18944
	69.41417	37.18444
	69.41139	37.18
	69.41	37.17528
	69.40611	37.17111
	69.40139	37.1675
	69.39639	37.16389
	69.39111	37.16167
	69.38861	37.15861
	69.38306	37.15861
	69.37583	37.15806
	69.3675	37.15556
	69.35806	37.14833
	69.35306	37.14472
	69.34917	37.14083
	69.34556	37.13667
	69.34167	37.13278
	69.33806	37.12861
	69.33306	37.125
	69.32722	37.12167
	69.32111	37.11861
	69.31528	37.11528
	69.30083	37.10972
	69.29389	37.10694
	69.28667	37.10417
	69.27861	37.10194
	69.27028	37.09944
	69.26222	37.09722
	69.25444	37.09583
	69.24667	37.09417
	69.24167	37.09722
	69.23806	37.10278
	69.23417	37.10778
	69.22861	37.10972
	69.22306	37.11194
	69.21467	37.11347
	69.21121	37.11582
	69.20682	37.11876
	69.20399	37.12068
	69.20389	37.12111
	69.20083	37.12778
	69.19639	37.13167
	69.19139	37.13472
	69.18556	37.13667
	69.18	37.13889
	69.17444	37.14083
	69.16833	37.14222
	69.16278	37.14417
	69.1575	37.14722
	69.1525	37.15028
	69.14694	37.15222
	69.14194	37.15528
	69.13639	37.1575
	69.13056	37.16
	69.12528	37.16306
	69.12083	37.16694
	69.11667	37.17167
	69.11333	37.1775
	69.11028	37.18389
	69.10722	37.19056
	69.10417	37.19694
	69.10083	37.20278
	69.09667	37.2075
	69.09222	37.21139
	69.08694	37.21444
	69.08139	37.21639
	69.07639	37.21944
	69.07083	37.22167
	69.06611	37.22556
	69.06333	37.23194
	69.05917	37.23667
	69.05417	37.23972
	69.04861	37.24194
	69.04278	37.24389
	69.03778	37.24694
	69.03333	37.25083
	69.02972	37.25639
	69.02694	37.26306
	69.02361	37.26944
	69.02139	37.27472
	69.01833	37.28139
	69.015	37.28694
	69.01194	37.29361
	69.00778	37.29833
	69.00389	37.30306
	68.99972	37.30778
	68.99472	37.31083
	68.98944	37.31389
	68.98444	37.31667
	68.97917	37.31972
	68.97389	37.32194
	68.9675	37.32306
	68.96194	37.325
	68.95528	37.32556
	68.94861	37.32583
	68.94139	37.325
	68.92722	37.32389
	68.92056	37.32417
	68.91528	37.32722
	68.90972	37.32917
	68.90472	37.33222
	68.89944	37.33528
	68.89444	37.33833
	68.88778	37.33861
	68.88389	37.33444
	68.88778	37.32222
	68.89167	37.3175
	68.89528	37.31167
	68.89944	37.30694
	68.90389	37.30306
	68.90917	37.30028
	68.91472	37.29806
	68.91972	37.295
	68.92389	37.29028
	68.92444	37.28472
	68.92194	37.28
	68.91944	37.27556
	68.91222	37.27278
	68.905	37.27222
	68.89944	37.27444
	68.89444	37.27722
	68.88917	37.28028
	68.88472	37.28417
	68.88278	37.28667
	68.87556	37.29778
	68.87194	37.30361
	68.86917	37.31
	68.86556	37.31583
	68.86111	37.31972
	68.85583	37.3225
	68.85028	37.32472
	68.83806	37.32694
	68.83139	37.32722
	68.81583	37.32444
	68.80944	37.3225
	68.80667	37.31806
	68.80833	37.30639
	68.81028	37.30028
	68.81306	37.29389
	68.81611	37.28722
	68.81972	37.28167
	68.82278	37.275
	68.82611	37.26944
	68.82806	37.26333
	68.82889	37.2575
	68.8275	37.25278
	68.82583	37.24778
	68.82167	37.245
	68.81389	37.24361
	68.80722	37.24389
	68.80111	37.245
	68.79639	37.24889
	68.79194	37.25278
	68.78361	37.26222
	68.77972	37.26694
	68.775	37.27083
	68.77056	37.27472
	68.76444	37.27583
	68.75833	37.27722
	68.75222	37.27833
	68.745	37.27778
	68.73722	37.27611
	68.73028	37.27333
	68.72306	37.27056
	68.71472	37.26806
	68.70722	37.26667
	68.70111	37.26778
	68.69528	37.27
	68.68972	37.27194
	68.68417	37.27417
	68.67861	37.27611
	68.66417	37.275
	68.66028	37.27083
	68.65778	37.26639
	68.66028	37.26111
	68.66417	37.25639
	68.66778	37.25083
	68.6675	37.24556
	68.66028	37.24472
	68.65472	37.24694
	68.6475	37.24639
	68.63944	37.24389
	68.63444	37.24028
	68.63306	37.23528
	68.63028	37.23083
	68.63111	37.225
	68.63194	37.21944
	68.63167	37.21417
	68.63111	37.20889
	68.62972	37.20389
	68.62389	37.20056
	68.61611	37.19917
	68.61278	37.19833
	68.60778	37.19889
	68.60146	37.19915
	68.60268	37.19774
	68.60094	37.19577
	68.6006	37.19573
	68.60027	37.19571
	68.59983	37.19573
	68.59945	37.19578
	68.59899	37.19589
	68.59826	37.19612
	68.59736	37.19645
	68.59717	37.19653
	68.59649	37.19686
	68.595	37.19611
	68.58917	37.19278
	68.58222	37.19
	68.575	37.18944
	68.56778	37.18861
	68.56111	37.18889
	68.55389	37.18833
	68.5475	37.18639
	68.54361	37.1825
	68.54111	37.17806
	68.53861	37.17333
	68.53583	37.16889
	68.53111	37.16528
	68.525	37.16194
	68.51806	37.15917
	68.50472	37.15972
	68.4975	37.15917
	68.48972	37.1575
	68.48278	37.15472
	68.47556	37.15194
	68.4675	37.14944
	68.45972	37.14806
	68.45222	37.14667
	68.44556	37.14667
	68.43861	37.14694
	68.43222	37.14722
	68.42583	37.14861
	68.41944	37.14889
	68.41222	37.14806
	68.40611	37.145
	68.41	37.13278
	68.41306	37.12611
	68.415	37.12
	68.41472	37.11472
	68.41556	37.10889
	68.41306	37.10444
	68.40583	37.10167
	68.3975	37.09917
	68.39	37.09778
	68.37667	37.09833
	68.35222	37.10278
	68.34917	37.10278
	68.35083	37.10167
	68.345	37.10389
	68.34	37.10667
	68.33444	37.10889
	68.32778	37.10917
	68.31556	37.11139
	68.30889	37.11167
	68.30167	37.11111
	68.29472	37.10833
	68.29083	37.10417
	68.28611	37.10056
	68.28361	37.09611
	68.28111	37.09139
	68.27833	37.08694
	68.27778	37.07639
	68.27722	37.07111
	68.27722	37.06583
	68.27778	37.06
	68.28167	37.04778
	68.2825	37.04222
	68.28417	37.03056
	68.28361	37.02528
	68.28333	37.02
	68.27972	37.01611
	68.275	37.01222
	68.26778	37.00944
	68.26083	37.00667
	68.25306	37.005
	68.24694	37.00639
	68.24083	37.0075
	68.23528	37.00944
	68.22972	37.01167
	68.22417	37.01361
	68.21833	37.01556
	68.21278	37.01778
	68.19444	37.02111
	68.18722	37.02056
	68.18028	37.01778
	68.17417	37.01444
	68.16944	37.01083
	68.16389	37.00694
	68.15917	37.00306
	68.15417	36.99944
	68.14944	36.99583
	68.14444	36.99222
	68.13972	36.98861
	68.135	36.98472
	68.13028	36.98111
	68.12667	36.97722
	68.12167	36.97333
	68.11222	36.96611
	68.10611	36.96278
	68.10139	36.95917
	68.09528	36.95583
	68.09056	36.95222
	68.08361	36.94944
	68.07778	36.94611
	68.07278	36.9425
	68.06694	36.93917
	68.06222	36.93556
	68.05722	36.93194
	68.05139	36.92861
	68.04306	36.92611
	68.03556	36.92472
	68.02833	36.92389
	68.02167	36.92417
	68.01556	36.92528
	68.01056	36.92833
	68.00844	36.93085
	68.00139	36.93611
	67.99833	36.9425
	67.99528	36.94917
	67.98444	36.96583
	67.98111	36.97167
	67.97694	36.97639
	67.97222	36.98028
	67.96722	36.98306
	67.96194	36.98611
	67.95083	36.99
	67.945	36.99222
	67.93944	36.99417
	67.93444	36.99722
	67.92917	37.0
	67.92417	37.00306
	67.91972	37.00694
	67.915	37.01083
	67.91056	37.01444
	67.90694	37.02028
	67.89972	37.03139
	67.89667	37.03806
	67.89472	37.04417
	67.89167	37.05056
	67.88944	37.05667
	67.88556	37.06139
	67.88	37.06361
	67.87389	37.06472
	67.8675	37.06583
	67.86139	37.06694
	67.85583	37.06889
	67.84917	37.06917
	67.84278	37.07111
	67.83667	37.07222
	67.83111	37.07417
	67.82528	37.07611
	67.81917	37.07722
	67.81361	37.07944
	67.80806	37.08139
	67.80222	37.08333
	67.79722	37.08639
	67.79167	37.08833
	67.78222	37.09611
	67.77889	37.10167
	67.77556	37.10833
	67.77361	37.11444
	67.77389	37.11972
	67.77556	37.12444
	67.77833	37.13444
	67.77972	37.13917
	67.78811	37.15355
	67.78845	37.17571
	67.78816	37.17721
	67.78845	37.18909
	67.79934	37.19967
	67.80328	37.20316
	67.80582	37.20629
	67.81184	37.22056
	67.81358	37.22563
	67.82064	37.24256
	67.82264	37.2469
	67.82702	37.25711
	67.83189	37.26907
	67.83339	37.2722
	67.83908	37.28509
	67.8472	37.30552
	67.84824	37.30893
	67.84859	37.31169
	67.84677	37.33097
	67.84552	37.33472
	67.84242	37.34232
	67.84043	37.35259
	67.83521	37.36967
	67.83123	37.38231
	67.83061	37.38507
	67.8265	37.39879
	67.8229	37.41133
	67.82203	37.4135
	67.82029	37.41666
	67.81843	37.41992
	67.81681	37.42318
	67.81631	37.42506
	67.81631	37.42673
	67.82111	37.43907
	67.82592	37.45002
	67.83258	37.46562
	67.83911	37.48111
	67.847	37.50203
	67.84712	37.50549
	67.84762	37.50726
	67.85045	37.51595
	67.85144	37.51921
	67.85292	37.52276
	67.8544	37.52582
	67.857	37.53016
	67.8591	37.53381
	67.86033	37.53667
	67.86008	37.54269
	67.8597	37.54437
	67.8602	37.54625
	67.86181	37.54703
	67.86527	37.54802
	67.86775	37.54969
	67.86936	37.55177
	67.87122	37.55532
	67.87344	37.55867
	67.87629	37.56183
	67.88038	37.56518
	67.88384	37.56804
	67.88582	37.57041
	67.89833	37.58698
	67.91828	37.6141
	67.92051	37.61686
	67.92138	37.61913
	67.92435	37.62338
	67.93191	37.63185
	67.94271	37.64635
	67.95201	37.65897
	67.96281	37.67287
	67.96442	37.67396
	67.9669	37.67543
	67.97075	37.67641
	67.97448	37.6773
	67.9787	37.67808
	67.98267	37.67945
	67.98739	37.68172
	67.99062	37.68339
	67.99211	37.68516
	67.99447	37.68753
	67.99683	37.69137
	67.99962	37.69476
	68.00073	37.69566
	68.00331	37.69803
	68.00515	37.69991
	68.00993	37.7073
	68.01116	37.70829
	68.01239	37.70997
	68.01261	37.71223
	68.01055	37.71978
	68.01191	37.72037
	68.01427	37.72098
	68.01662	37.72207
	68.01909	37.72327
	68.0202	37.72445
	68.02043	37.72603
	68.02041	37.72799
	68.02052	37.72917
	68.02162	37.73124
	68.0231	37.73301
	68.02618	37.73519
	68.02902	37.73698
	68.03655	37.74331
	68.03802	37.74469
	68.03962	37.74677
	68.04046	37.74942
	68.04143	37.75228
	68.04289	37.75552
	68.04485	37.75868
	68.05564	37.77514
	68.05624	37.7779
	68.05745	37.78105
	68.05904	37.78449
	68.06247	37.79011
	68.06444	37.79218
	68.06815	37.79456
	68.07136	37.79684
	68.079	37.80543
	68.08072	37.80789
	68.08157	37.80957
	68.08243	37.81114
	68.08279	37.81291
	68.08264	37.81566
	68.08255	37.82568
	68.08389	37.82941
	68.08512	37.83109
	68.08697	37.83248
	68.10188	37.84916
	68.10459	37.85231
	68.10729	37.85704
	68.10827	37.8597
	68.10961	37.86275
	68.11478	37.86995
	68.11734	37.87674
	68.11819	37.87861
	68.12359	37.88816
	68.12431	37.8914
	68.12406	37.89199
	68.12368	37.89307
	68.12466	37.89494
	68.12502	37.89602
	68.12502	37.89671
	68.1235	37.89886
	68.12312	37.90014
	68.12348	37.90191
	68.12471	37.9188
	68.12529	37.92391
	68.12688	37.92765
	68.12774	37.92894
	68.12985	37.93062
	68.13468	37.93349
	68.13667	37.93409
	68.13841	37.9342
	68.14028	37.93401
	68.14291	37.93334
	68.1504	37.93102
	68.15277	37.93093
	68.15526	37.93104
	68.15687	37.93154
	68.16246	37.93452
	68.1637	37.93491
	68.16557	37.93502
	68.16843	37.93474
	68.17156	37.93388
	68.17368	37.933
	68.17505	37.93261
	68.17593	37.93262
	68.17742	37.93312
	68.17928	37.93401
	68.18139	37.93451
	68.185	37.93512
	68.18737	37.93543
	68.19123	37.93495
	68.19199	37.93378
	68.19349	37.9331
	68.19573	37.93301
	68.19797	37.93302
	68.20058	37.93372
	68.20258	37.93383
	68.20619	37.93326
	68.20869	37.93288
	68.21193	37.93299
	68.21628	37.9334
	68.22164	37.93284
	68.22551	37.93217
	68.24188	37.92497
	68.2485	37.92196
	68.25275	37.91982
	68.25575	37.91816
	68.25751	37.91532
	68.2594	37.91248
	68.26103	37.91082
	68.26203	37.90994
	68.26278	37.90945
	68.26437	37.899
	68.26869	37.89973
	68.27217	37.90684
	68.27851	37.91185
	68.28483	37.92671
	68.27593	37.93121
	68.27441	37.938
	68.28131	37.94369
	68.28239	37.9465
	68.28116	37.95061
	68.28181	37.95198
	68.2839	37.95343
	68.28452	37.95518
	68.28283	37.95825
	68.28129	37.96115
	68.27978	37.96483
	68.2802	37.9657
	68.28304	37.96719
	68.28702	37.97032
	68.28735	37.97334
	68.28444	37.97685
	68.28439	37.97912
	68.28517	37.98071
	68.28719	37.98157
	68.28764	37.98268
	68.28572	37.98647
	68.28562	37.98841
	68.28747	37.99131
	68.28777	37.99582
	68.28841	37.99726
	68.28883	37.99929
	68.29041	38.0016
	68.2924	38.0039
	68.29708	38.00712
	68.29984	38.01014
	68.30035	38.0116
	68.30095	38.01723
	68.30179	38.01861
	68.30279	38.02138
	68.30479	38.0241
	68.3068	38.02597
	68.3075	38.02921
	68.30856	38.02954
	68.31197	38.03
	68.31378	38.03111
	68.31624	38.0325
	68.31842	38.03294
	68.32133	38.03236
	68.32225	38.03255
	68.32316	38.0337
	68.32351	38.03705
	68.32415	38.0385
	68.33257	38.04317
	68.33481	38.05075
	68.33857	38.05354
	68.34178	38.05504
	68.34276	38.05607
	68.34324	38.06
	68.34508	38.0617
	68.3473	38.06243
	68.3513	38.06241
	68.35465	38.06368
	68.35761	38.0643
	68.35876	38.06529
	68.35995	38.0677
	68.36131	38.06853
	68.36511	38.06853
	68.36873	38.07183
	68.37129	38.07648
	68.37271	38.08104
	68.37707	38.08452
	68.37734	38.08541
	68.3766	38.08697
	68.37435	38.08945
	68.37303	38.09265
	68.37308	38.09382
	68.37463	38.09515
	68.37467	38.09632
	68.37414	38.09831
	68.37536	38.09931
	68.3781	38.10114
	68.37903	38.10304
	68.38067	38.10465
	68.38012	38.10642
	68.37645	38.11034
	68.37825	38.11667
	68.37774	38.11836
	68.37865	38.11967
	68.38339	38.12514
	68.38554	38.13028
	68.38773	38.13289
	68.38841	38.1359
	68.38652	38.14095
	68.38722	38.14346
	68.38892	38.1438
	68.39384	38.14287
	68.39514	38.1441
	68.39523	38.14892
	68.39459	38.15409
	68.39613	38.15618
	68.39949	38.15786
	68.39927	38.15867
	68.39722	38.16119
	68.39649	38.1636
	68.39754	38.16553
	68.40129	38.16976
	68.40356	38.17337
	68.40497	38.17898
	68.40534	38.18074
	68.40405	38.18453
	68.40456	38.18611
	68.40413	38.18752
	68.40408	38.18935
	68.40209	38.19286
	68.40257	38.19386
	68.40339	38.19497
	68.40465	38.19658
	68.4044	38.19791
	68.40395	38.19891
	68.40132	38.19969
	68.39529	38.20229
	68.39173	38.20316
	68.38706	38.20425
	68.37992	38.20362
	68.37856	38.20728
	68.37861	38.21697
	68.37588	38.22064
	68.37398	38.22409
	68.37347	38.23313
	68.37379	38.24195
	68.37079	38.24584
	68.36941	38.24519
	68.36583	38.24283
	68.36169	38.23897
	68.35591	38.23769
	68.34849	38.23728
	68.34464	38.23815
	68.34079	38.23665
	68.33336	38.2343
	68.32924	38.23495
	68.3191	38.24078
	68.31966	38.24358
	68.3194	38.24853
	68.31694	38.25069
	68.31282	38.25242
	68.30513	38.25373
	68.30239	38.25567
	68.30076	38.2589
	68.30022	38.26321
	68.29751	38.27075
	68.29316	38.28388
	68.29126	38.29035
	68.29072	38.29465
	68.29266	38.29831
	68.29601	38.30864
	68.29686	38.31531
	68.29301	38.31682
	68.29137	38.31898
	68.28919	38.32307
	68.28561	38.32286
	68.28231	38.32437
	68.2779	38.32244
	68.26909	38.32052
	68.26359	38.32031
	68.25864	38.3229
	68.25589	38.32291
	68.25505	38.31903
	68.24955	38.3184
	68.2424	38.3197
	68.23278	38.32186
	68.22619	38.3279
	68.22621	38.33457
	68.22375	38.33802
	68.21934	38.33695
	68.21273	38.33631
	68.20971	38.33868
	68.21275	38.34147
	68.21386	38.34405
	68.21084	38.34815
	68.20755	38.35052
	68.20685	38.35493
	68.20423	38.35671
	68.2009	38.35743
	68.19496	38.36168
	68.19177	38.36322
	68.18463	38.36517
	68.18271	38.3679
	68.18172	38.36868
	68.17007	38.36751
	68.16555	38.36856
	68.15721	38.37427
	68.15637	38.37913
	68.15276	38.38941
	68.14978	38.39329
	68.1459	38.39716
	68.14365	38.39836
	68.14318	38.39817
	68.14102	38.39971
	68.14041	38.4018
	68.13753	38.41022
	68.13657	38.41075
	68.13546	38.41088
	68.13114	38.40977
	68.11238	38.40228
	68.10984	38.4021
	68.10392	38.39703
	68.09959	38.39387
	68.09268	38.38931
	68.08914	38.39178
	68.08023	38.38823
	68.0795	38.39011
	68.07679	38.38982
	68.07003	38.39194
	68.06645	38.39217
	68.06191	38.39273
	68.06399	38.40394
	68.06485	38.40475
	68.06483	38.4069
	68.06416	38.40729
	68.06433	38.40834
	68.06488	38.41021
	68.07044	38.41989
	68.07707	38.42256
	68.07931	38.424
	68.08161	38.42605
	68.09421	38.4404
	68.09675	38.44319
	68.09699	38.44393
	68.10183	38.44973
	68.11642	38.46811
	68.10909	38.48295
	68.10826	38.48295
	68.10267	38.48792
	68.09991	38.4904
	68.09907	38.49112
	68.09695	38.49281
	68.10088	38.49905
	68.10322	38.50262
	68.10339	38.50291
	68.10406	38.50315
	68.10497	38.50437
	68.10509	38.50489
	68.10481	38.50541
	68.10279	38.50824
	68.10204	38.51214
	68.10123	38.5158
	68.0985	38.51866
	68.09683	38.51869
	68.09159	38.51632
	68.08524	38.51718
	68.08442	38.52213
	68.08608	38.52752
	68.08415	38.53333
	68.07726	38.53397
	68.07091	38.53376
	68.06926	38.53892
	68.06788	38.54366
	68.06789	38.54968
	68.06403	38.55614
	68.06127	38.55937
	68.06072	38.56389
	68.061	38.56776
	68.06073	38.57142
	68.0657	38.57745
	68.06764	38.58369
	68.07123	38.5852
	68.07703	38.58692
	68.07952	38.5923
	68.07897	38.59747
	68.0776	38.605
	68.07843	38.61189
	68.0801	38.62631
	68.08149	38.63169
	68.08509	38.63514
	68.09089	38.63901
	68.09283	38.64245
	68.08731	38.64676
	68.08124	38.65257
	68.08096	38.65601
	68.08041	38.66204
	68.07744	38.66683
	68.07909	38.67159
	68.07964	38.6744
	68.07742	38.67678
	68.07354	38.68284
	68.07464	38.68717
	68.07408	38.6902
	68.07159	38.69236
	68.06744	38.69496
	68.06439	38.69755
	68.06356	38.70166
	68.0594	38.70772
	68.0569	38.71226
	68.05772	38.71638
	68.06048	38.71941
	68.06518	38.72115
	68.07099	38.72418
	68.08288	38.72852
	68.08758	38.72939
	68.0945	38.72896
	68.10335	38.72897
	68.11442	38.73049
	68.11912	38.73244
	68.12383	38.73309
	68.12798	38.73309
	68.1277	38.73439
	68.12604	38.73613
	68.12576	38.73807
	68.12493	38.74197
	68.12381	38.74673
	68.12132	38.75214
	68.11716	38.7556
	68.1119	38.76101
	68.1058	38.76794
	68.10165	38.77248
	68.10137	38.77486
	68.09997	38.78222
	68.09581	38.78741
	68.09138	38.7926
	68.08722	38.7939
	68.08168	38.79411
	68.0778	38.79476
	68.07669	38.79692
	68.07365	38.79692
	68.0706	38.7967
	68.06672	38.79886
	68.06699	38.80167
	68.0692	38.80384
	68.0692	38.80514
	68.06781	38.80774
	68.06864	38.80968
	68.06946	38.81358
	68.06973	38.81834
	68.075	38.81791
	68.07999	38.81662
	68.08664	38.81576
	68.0919	38.81382
	68.09523	38.81382
	68.09938	38.8162
	68.10187	38.81642
	68.10547	38.81642
	68.11184	38.81751
	68.11461	38.81859
	68.11738	38.81773
	68.12348	38.81773
	68.12653	38.81838
	68.13013	38.81947
	68.13373	38.8199
	68.1329	38.82206
	68.13151	38.82661
	68.13344	38.82769
	68.13871	38.82748
	68.14619	38.82726
	68.15422	38.82705
	68.15755	38.829
	68.16115	38.83008
	68.16641	38.83116
	68.1714	38.83116
	68.17168	38.83354
	68.17168	38.83614
	68.17195	38.83917
	68.17473	38.8422
	68.17639	38.84567
	68.17999	38.84848
	68.18553	38.85086
	68.18747	38.85259
	68.19163	38.85432
	68.19828	38.85584
	68.20133	38.8567
	68.20134	38.86277
	68.20217	38.86515
	68.20134	38.86688
	68.19662	38.86839
	68.1908	38.87164
	68.18526	38.87424
	68.17999	38.88008
	68.17943	38.88268
	68.18082	38.8855
	68.1811	38.88679
	68.17888	38.89069
	68.17888	38.89285
	68.17999	38.89394
	68.1847	38.89502
	68.18775	38.89567
	68.19219	38.89653
	68.19524	38.89827
	68.1958	38.90108
	68.19691	38.90454
	68.19691	38.90952
	68.1958	38.9132
	68.19691	38.91537
	68.20051	38.9171
	68.20551	38.91688
	68.20773	38.91818
	68.20717	38.92164
	68.20551	38.92294
	68.20329	38.92532
	68.20024	38.93052
	68.19802	38.9355
	68.19608	38.93853
	68.18859	38.94048
	68.1847	38.94221
	68.17693	38.94524
	68.17305	38.94784
	68.16916	38.94827
	68.16305	38.94827
	68.15861	38.94913
	68.15278	38.9513
	68.15001	38.95454
	68.14529	38.95692
	68.14056	38.95995
	68.13612	38.96038
	68.13446	38.96276
	68.13529	38.96601
	68.13473	38.96969
	68.13667	38.97207
	68.13972	38.97532
	68.13889	38.979
	68.135	38.98203
	68.13389	38.98528
	68.13388	38.98874
	68.13166	38.99155
	68.13027	38.99393
	68.12999	38.99739
	68.12665	38.99891
	68.12249	39.00086
	68.11915	39.00388
	68.11915	39.00691
	68.11831	39.01081
	68.11497	39.01405
	68.11136	39.01514
	68.10775	39.01535
	68.10386	39.01513
	68.10052	39.01643
	68.09774	39.01989
	68.0944	39.02292
	68.09135	39.02248
	68.08663	39.02269
	68.08218	39.02464
	68.07884	39.02637
	68.07468	39.02376
	68.07134	39.02398
	68.06801	39.02484
	68.06607	39.02116
	68.06024	39.01726
	68.05413	39.01639
	68.04774	39.01681
	68.04191	39.01551
	68.03803	39.01312
	68.03248	39.01073
	68.02776	39.01008
	68.02553	39.01159
	68.02025	39.01396
	68.01441	39.0146
	67.99989	39.019
	67.99741	39.02076
	67.99331	39.02492
	67.99281	39.02862
	67.98981	39.03234
	67.98567	39.03368
	67.98148	39.03221
	67.97614	39.02835
	67.9736	39.02577
	67.96661	39.02302
	67.96051	39.02395
	67.95551	39.02378
	67.95076	39.02252
	67.94603	39.02192
	67.94023	39.02414
	67.93551	39.02419
	67.93077	39.02358
	67.92467	39.02408
	67.92165	39.02649
	67.91969	39.02586
	67.91521	39.02308
	67.90906	39.02075
	67.90402	39.01797
	67.9007	39.01866
	67.89489	39.02023
	67.8907	39.01918
	67.88872	39.01638
	67.88313	39.01361
	67.88226	39.01144
	67.87884	39.0054
	67.87438	39.00435
	67.86907	39.00136
	67.86463	39.00183
	67.85799	39.00363
	67.84942	39.00653
	67.84307	39.00984
	67.83447	39.01035
	67.83144	39.01255
	67.82616	39.01237
	67.82257	39.01414
	67.8201	39.01633
	67.81508	39.01508
	67.8106	39.01186
	67.80421	39.01213
	67.8006	39.01238
	67.79476	39.01156
	67.792	39.01288
	67.78588	39.0125
	67.78035	39.0145
	67.77369	39.01455
	67.76787	39.01612
	67.76591	39.01483
	67.76253	39.01074
	67.75691	39.00601
	67.74964	39.00151
	67.7477	39.00217
	67.74466	39.00372
	67.74025	39.0057
	67.7355	39.00335
	67.72741	39.00103
	67.72214	39.00107
	67.71772	39.00328
	67.71496	39.0046
	67.70935	39.00052
	67.7038	39.00056
	67.69855	39.0032
	67.69389	39.00802
	67.69363	39.01302
	67.69254	39.01388
	67.68868	39.0157
	67.68143	39.01849
	67.6859	39.02491
	67.67864	39.03927
	67.68345	39.04336
	67.68358	39.05382
	67.68093	39.05766
	67.67165	39.06355
	67.67345	39.07188
	67.67154	39.07888
	67.66809	39.08466
	67.67443	39.09898
	67.67613	39.12101
	67.6776	39.12915
	67.67653	39.1375
	67.67525	39.14514
	67.66263	39.14356
	67.64256	39.144
	67.6352	39.14463
	67.63015	39.14652
	67.62472	39.15246
	67.62487	39.16698
	67.60936	39.17793
	67.5944	39.18479
	67.58418	39.18834
	67.56881	39.18346
	67.54999	39.18028
	67.53425	39.1801
	67.52235	39.1818
	67.5026	39.18328
	67.50021	39.197
	67.4621	39.20319
	67.4413	39.21205
	67.40231	39.22129
	67.4007	39.22638
	67.35563	39.22796
	67.33087	39.23723
	67.35803	39.28517
	67.33861	39.29642
	67.33684	39.30118
	67.33692	39.30554
	67.34324	39.30917
	67.36587	39.30987
	67.38675	39.31441
	67.4151	39.31358
	67.44918	39.31255
	67.46426	39.31918
	67.47468	39.32348
	67.47439	39.33378
	67.47029	39.34381
	67.47403	39.35558
	67.4839	39.37411
	67.48761	39.37823
	67.48301	39.40525
	67.48078	39.41007
	67.46018	39.42301
	67.46212	39.43779
	67.4557	39.44106
	67.45721	39.44377
	67.45826	39.44504
	67.46132	39.45049
	67.46354	39.45168
	67.46463	39.45643
	67.46454	39.46272
	67.45939	39.4702
	67.45815	39.47383
	67.45497	39.4764
	67.45151	39.47992
	67.44841	39.48546
	67.4483	39.48739
	67.44726	39.48931
	67.44595	39.48997
	67.44021	39.49547
	67.43639	39.49863
	67.42161	39.50357
	67.41591	39.50481
	67.414	39.50592
	67.41258	39.50619
	67.41139	39.50667
	67.41088	39.50652
	67.4091	39.50651
	67.40754	39.50814
	67.4044	39.50866
	67.40276	39.50987
	67.40348	39.51304
	67.40267	39.51459
	67.3995	39.51886
	67.3975	39.51936
	67.39785	39.52043
	67.39813	39.52165
	67.39456	39.52314
	67.39561	39.52561
	67.39673	39.52805
	67.39767	39.52917
	67.39864	39.53023
	67.39939	39.53075
	67.40041	39.53178
	67.40192	39.53343
	67.40407	39.53305
	67.40595	39.53301
	67.40873	39.53276
	67.40947	39.53279
	67.41	39.53273
	67.41353	39.53513
	67.42281	39.53628
	67.43905	39.53685
	67.45087	39.53515
	67.45551	39.53322
	67.4663	39.53134
	67.46814	39.53201
	67.46907	39.53279
	67.47058	39.53455
	67.47095	39.53535
	67.47124	39.53586
	67.47135	39.53613
	67.47146	39.53617
	67.4715	39.53645
	67.47147	39.53676
	67.47086	39.53751
	67.4703	39.53793
	67.47025	39.5387
	67.47011	39.53893
	67.47009	39.53995
	67.47035	39.54071
	67.47034	39.54107
	67.47058	39.54163
	67.46949	39.542
	67.46671	39.54283
	67.46615	39.54303
	67.46492	39.54325
	67.46415	39.54329
	67.46348	39.54286
	67.46104	39.54218
	67.46051	39.5421
	67.45929	39.5429
	67.45902	39.54338
	67.45898	39.54384
	67.45709	39.5456
	67.45612	39.54589
	67.45579	39.5469
	67.45434	39.54742
	67.4534	39.54767
	67.45133	39.54875
	67.4507	39.54836
	67.45021	39.54825
	67.44961	39.5483
	67.44926	39.54805
	67.44783	39.548
	67.44581	39.54832
	67.4453	39.54876
	67.44448	39.54912
	67.44418	39.54996
	67.44393	39.55023
	67.44449	39.55155
	67.4444	39.55314
	67.44496	39.55635
	67.44816	39.56326
	67.45003	39.56719
	67.45193	39.57021
	67.45398	39.57242
	67.45586	39.57303
	67.45626	39.57372
	67.45074	39.57679
	67.4521	39.57829
	67.45375	39.57885
	67.46095	39.57614
	67.46337	39.57514
	67.47046	39.57733
	67.47845	39.57787
	67.48377	39.5768
	67.49293	39.58149
	67.49858	39.58375
	67.50513	39.5804
	67.509	39.5792
	67.51378	39.58038
	67.51957	39.58011
	67.52419	39.58412
	67.52778	39.58416
	67.53079	39.58515
	67.53476	39.58958
	67.54614	39.59028
	67.54861	39.58855
	67.55747	39.58842
	67.56552	39.59454
	67.57572	39.59471
	67.58243	39.59996
	67.592	39.59733
	67.59946	39.59802
	67.60478	39.59758
	67.614	39.59812
	67.61855	39.60021
	67.62756	39.60081
	67.62998	39.60207
	67.63045	39.6043
	67.6283	39.61005
	67.62897	39.61337
	67.63451	39.61993
	67.64733	39.62514
	67.6478	39.6302
	67.6515	39.63538
	67.65978	39.63672
	67.66461	39.64164
	67.67437	39.6393
	67.67994	39.63812
	67.68369	39.63873
	67.68982	39.64511
	67.69841	39.65124
	67.70448	39.65795
	67.70798	39.65966
	67.71046	39.65955
	67.71464	39.65722
	67.73545	39.65066
	67.74442	39.64589
	67.75267	39.64242
	67.76079	39.63992
	67.76593	39.64052
	67.7718	39.6425
	67.78184	39.64683
	67.78676	39.65113
	67.79314	39.65696
	67.80574	39.65308
	67.8099	39.65024
	67.81717	39.64371
	67.82901	39.63924
	67.83587	39.63068
	67.85306	39.62604
	67.86191	39.62384
	67.87508	39.62738
	67.88844	39.61791
	67.8999	39.61073
	67.9121	39.60907
	67.93892	39.59884
	67.94907	39.60353
	67.97614	39.60479
	67.99911	39.59056
	68.02089	39.58467
	68.03554	39.57658
	68.04916	39.57376
	68.06472	39.57105
	68.08042	39.57528
	68.08609	39.57241
	68.11118	39.56331
	68.11482	39.56026
	68.13358	39.55989
	68.14433	39.56393
	68.16023	39.56211
	68.1741	39.56639
	68.18699	39.56038
	68.19491	39.55395
	68.21291	39.55155
	68.23564	39.55678
	68.2407	39.55604
	68.25069	39.56223
	68.2585	39.55918
	68.27094	39.55831
	68.27879	39.56033
	68.28525	39.55938
	68.29899	39.54943
	68.30958	39.55413
	68.31711	39.55021
	68.32529	39.54819
	68.33258	39.54495
	68.33822	39.54427
	68.34056	39.54264
	68.34879	39.53872
	68.35294	39.53362
	68.36138	39.53127
	68.36946	39.52985
	68.37724	39.53804
	68.38741	39.54172
	68.39129	39.54442
	68.40841	39.54076
	68.41533	39.54229
	68.42122	39.53962
	68.42403	39.53786
	68.43026	39.53859
	68.44352	39.54002
	68.4478	39.53646
	68.45136	39.53623
	68.45589	39.53365
	68.4604	39.53434
	68.46477	39.53809
	68.47962	39.53619
	68.48146	39.53899
	68.48872	39.53981
	68.49056	39.54257
	68.49761	39.54035
	68.50177	39.53993
	68.50644	39.53554
	68.5102	39.5346
	68.51203	39.53064
	68.52426	39.53236
	68.52524	39.53429
	68.53557	39.53591
	68.54794	39.53872
	68.54841	39.54442
	68.54159	39.54969
	68.54627	39.55989
	68.53659	39.57131
	68.53813	39.58465
	68.54503	39.58822
	68.54699	39.59389
	68.55077	39.5995
	68.56366	39.59871
	68.57188	39.60341
	68.57583	39.61488
	68.57983	39.62594
	68.59932	39.62528
	68.60568	39.63035
	68.61178	39.63815
	68.61757	39.63726
	68.61869	39.64779
	68.61894	39.6567
	68.62111	39.66737
	68.62992	39.68197
	68.61846	39.68736
	68.6065	39.69238
	68.60475	39.71323
	68.60529	39.71664
	68.59635	39.71933
	68.58852	39.72487
	68.59307	39.72975
	68.6023	39.73605
	68.60561	39.73824
	68.61465	39.74017
	68.62623	39.75437
	68.62865	39.7583
	68.6338	39.76302
	68.63487	39.77123
	68.63454	39.77327
	68.63393	39.7794
	68.63433	39.79745
	68.63478	39.81648
	68.63523	39.82931
	68.63312	39.83436
	68.62954	39.8397
	68.63298	39.85237
	68.63583	39.85489
	68.6401	39.85404
	68.64431	39.85062
	68.65304	39.84679
	68.66731	39.84559
	68.66939	39.84303
	68.66859	39.83666
	68.68146	39.83501
	68.70076	39.8475
	68.70481	39.85068
	68.71592	39.85393
	68.72139	39.85812
	68.72647	39.85722
	68.73422	39.85713
	68.74301	39.85248
	68.74971	39.83125
	68.7619	39.82428
	68.77191	39.82598
	68.77702	39.8297
	68.77975	39.83635
	68.78286	39.85354
	68.78932	39.86011
	68.80935	39.86351
	68.81699	39.86813
	68.82738	39.87287
	68.84044	39.88927
	68.84183	39.91289
	68.83901	39.91935
	68.83582	39.93714
	68.82849	39.946
	68.82307	39.94836
	68.81658	39.96805
	68.81264	39.96865
	68.81118	39.9744
	68.82104	39.97901
	68.81973	39.98584
	68.82354	39.98643
	68.8281	39.97102
	68.83752	39.95583
	68.84479	39.94158
	68.84723	39.92916
	68.84868	39.91727
	68.85007	39.88753
	68.84892	39.86941
	68.87115	39.864
	68.87609	39.86415
	68.89055	39.86803
	68.89414	39.86834
	68.90954	39.88046
	68.91371	39.89186
	68.91977	39.90319
	68.92352	39.91147
	68.93464	39.91546
	68.93456	39.92149
	68.93038	39.92663
	68.91655	39.9336
	68.9112	39.95414
	68.88944	39.98893
	68.87491	40.00217
	68.8562	40.03415
	68.84632	40.04782
	68.85629	40.05083
	68.86107	40.05224
	68.86237	40.05357
	68.86552	40.05473
	68.87717	40.05567
	68.88857	40.05498
	68.89334	40.04821
	68.89723	40.04979
	68.90125	40.0665
	68.90236	40.06722
	68.90361	40.06766
	68.90484	40.06794
	68.90663	40.06801
	68.90986	40.06659
	68.91208	40.06541
	68.9138	40.06383
	68.9158	40.06117
	68.92647	40.06249
	68.92921	40.06174
	68.94462	40.06157
	68.94656	40.06257
	68.95231	40.06326
	68.96316	40.06522
	68.96808	40.06579
	68.95729	40.0837
	68.96048	40.08804
	68.9711	40.09258
	68.98125	40.09356
	68.99552	40.09022
	69.00845	40.09913
	69.02545	40.11804
	69.02569	40.1277
	69.02476	40.13543
	69.02522	40.14665
	69.02284	40.15258
	69.01516	40.15348
	69.00441	40.15197
	68.99681	40.14977
	68.98876	40.14487
	68.98215	40.14217
	68.95874	40.14374
	68.941	40.14531
	68.92645	40.14344
	68.91466	40.13949
	68.89718	40.13709
	68.89136	40.13509
	68.88164	40.13307
	68.87458	40.12984
	68.86654	40.12706
	68.85907	40.12452
	68.85234	40.12398
	68.84777	40.12138
	68.83847	40.11939
	68.83588	40.11926
	68.83367	40.11904
	68.83062	40.118
	68.81122	40.11663
	68.80332	40.11407
	68.79636	40.11191
	68.78242	40.10717
	68.77762	40.10326
	68.77314	40.09938
	68.76583	40.09797
	68.75893	40.09871
	68.75034	40.10134
	68.73639	40.09905
	68.72283	40.0993
	68.70204	40.09443
	68.6941	40.09504
	68.68287	40.09198
	68.6544	40.08194
	68.6385	40.07727
	68.63324	40.07668
	68.60957	40.08621
	68.55815	40.10686
	68.53103	40.11777
	68.53098	40.11816
	68.53079	40.11829
	68.53286	40.14382
	68.55477	40.15101
	68.56733	40.15265
	68.58149	40.15379
	68.59063	40.15563
	68.59795	40.15713
	68.59931	40.15767
	68.60671	40.16113
	68.62076	40.16499
	68.6269	40.16654
	68.63254	40.16803
	68.63991	40.16977
	68.65365	40.17295
	68.66302	40.17501
	68.67111	40.17627
	68.67619	40.17743
	68.68113	40.1786
	68.68844	40.17831
	68.694	40.18139
	68.7015	40.184
	68.71198	40.18697
	68.74185	40.1948
	68.75162	40.19725
	68.76136	40.19987
	68.77263	40.20248
	68.77957	40.20393
	68.7973	40.1726
	68.81061	40.17793
	68.81721	40.17841
	68.82366	40.17903
	68.82504	40.17951
	68.82659	40.17968
	68.82967	40.18022
	68.83077	40.18067
	68.83489	40.18121
	68.84049	40.18236
	68.84347	40.18337
	68.84073	40.19401
	68.8472	40.19518
	68.85196	40.19778
	68.85162	40.2032
	68.85224	40.20362
	68.85277	40.20375
	68.85313	40.20388
	68.85346	40.20404
	68.85383	40.20426
	68.85426	40.20461
	68.85637	40.20406
	68.85669	40.20425
	68.85892	40.20566
	68.85958	40.20634
	68.85968	40.20651
	68.85995	40.20759
	68.85995	40.20775
	68.85989	40.20818
	68.85965	40.20868
	68.8608	40.20946
	68.86276	40.21003
	68.8823	40.2124
	68.89353	40.21362
	68.91874	40.2165
	68.92487	40.21728
	68.93484	40.21829
	68.94758	40.21973
	68.96364	40.22117
	68.97387	40.22238
	68.9843	40.22328
	69.00949	40.22613
	69.03575	40.22873
	69.05212	40.22661
	69.05678	40.2237
	69.0612	40.22277
	69.06707	40.22305
	69.0703	40.22239
	69.07185	40.22162
	69.07387	40.22144
	69.07569	40.22145
	69.07646	40.22158
	69.0782	40.22286
	69.0871	40.22141
	69.1082	40.21979
	69.12463	40.21929
	69.14919	40.216
	69.15486	40.21465
	69.15902	40.21309
	69.16353	40.21118
	69.16411	40.21091
	69.16528	40.21058
	69.16653	40.21054
	69.16806	40.21083
	69.16978	40.21213
	69.17198	40.21176
	69.17338	40.21183
	69.18039	40.21337
	69.18663	40.21392
	69.18943	40.2148
	69.1924	40.21499
	69.19774	40.21507
	69.2045	40.21403
	69.21219	40.21257
	69.21939	40.21013
	69.22326	40.20936
	69.22989	40.20743
	69.23377	40.20752
	69.23977	40.20711
	69.24625	40.20737
	69.25082	40.20592
	69.25977	40.20062
	69.2618	40.19999
	69.26368	40.20016
	69.27079	40.20153
	69.27264	40.20171
	69.27545	40.20111
	69.28171	40.1987
	69.28397	40.19661
	69.2852	40.19583
	69.29235	40.19212
	69.29808	40.18922
	69.29965	40.18845
	69.30081	40.18813
	69.3043	40.18781
	69.30406	40.19108
	69.30465	40.19267
	69.30551	40.19509
	69.3045	40.19563
	69.30107	40.19576
	69.30042	40.19665
	69.30078	40.19731
	69.29881	40.19975
	69.29965	40.2021
	69.29842	40.2063
	69.29898	40.20726
	69.29726	40.21002
	69.29737	40.21085
	69.29716	40.21126
	69.29687	40.21145
	69.29628	40.2118
	69.2958	40.21331
	69.29401	40.21406
	69.2932	40.21492
	69.29296	40.21549
	69.29199	40.21626
	69.29109	40.2168
	69.29048	40.21744
	69.29009	40.2185
	69.29043	40.2195
	69.28918	40.22203
	69.28864	40.22569
	69.2922	40.22917
	69.29538	40.23218
	69.29642	40.23341
	69.29713	40.2338
	69.29813	40.23622
	69.29929	40.23933
	69.30145	40.24481
	69.28971	40.24783
	69.28754	40.24878
	69.28573	40.25104
	69.27722	40.25354
	69.2732	40.25628
	69.2677	40.25857
	69.26485	40.25864
	69.26269	40.25828
	69.26117	40.26382
	69.25656	40.26558
	69.25537	40.26732
	69.2549	40.26958
	69.2513	40.27066
	69.24778	40.27481
	69.24906	40.28103
	69.25467	40.28371
	69.25252	40.29133
	69.24991	40.29223
	69.24683	40.29425
	69.24661	40.29544
	69.2492	40.30349
	69.25371	40.30194
	69.25987	40.29721
	69.26535	40.29738
	69.2822	40.29124
	69.28958	40.28862
	69.29686	40.28577
	69.30432	40.28308
	69.3073	40.28184
	69.30743	40.28189
	69.30794	40.28254
	69.30724	40.2857
	69.30729	40.28618
	69.30766	40.28668
	69.30968	40.28771
	69.3102	40.2882
	69.31108	40.28976
	69.31164	40.29033
	69.31312	40.29086
	69.31867	40.29302
	69.31947	40.29315
	69.32203	40.29258
	69.32274	40.29271
	69.32489	40.29443
	69.32651	40.29569
	69.32829	40.29721
	69.32846	40.29781
	69.32839	40.299
	69.32816	40.29982
	69.32796	40.30044
	69.32729	40.30138
	69.32657	40.30245
	69.32667	40.30328
	69.32771	40.30827
	69.32831	40.30891
	69.3325	40.31212
	69.33293	40.31256
	69.33332	40.31361
	69.33427	40.31715
	69.33461	40.31759
	69.33484	40.318
	69.3368	40.31972
	69.33761	40.3204
	69.33804	40.32135
	69.33881	40.32825
	69.33949	40.33362
	69.34051	40.33902
	69.33897	40.34314
	69.33731	40.34777
	69.33629	40.34876
	69.32569	40.3517
	69.32106	40.35415
	69.31618	40.35666
	69.31411	40.35843
	69.30693	40.36443
	69.30323	40.36746
	69.30261	40.36814
	69.30241	40.36888
	69.30311	40.37505
	69.30335	40.37579
	69.30396	40.37637
	69.30685	40.37943
	69.30717	40.37999
	69.30682	40.38332
	69.3065	40.38679
	69.30619	40.38746
	69.305	40.38902
	69.30403	40.38987
	69.303	40.39039
	69.30186	40.39064
	69.29743	40.39147
	69.29686	40.39181
	69.29294	40.39496
	69.29213	40.39595
	69.29189	40.3967
	69.29112	40.40238
	69.29103	40.40338
	69.29115	40.40388
	69.2916	40.40435
	69.29343	40.4052
	69.29612	40.40653
	69.29776	40.40796
	69.29806	40.40924
	69.29844	40.41184
	69.29794	40.41262
	69.29725	40.41336
	69.29604	40.41444
	69.29487	40.41496
	69.29397	40.41517
	69.29117	40.41519
	69.28929	40.41524
	69.28854	40.41535
	69.2834	40.42
	69.28322	40.42063
	69.28335	40.421
	69.28396	40.42155
	69.28581	40.42303
	69.28598	40.42361
	69.28573	40.42399
	69.28416	40.42661
	69.28405	40.42739
	69.28552	40.431
	69.28544	40.43184
	69.28525	40.43272
	69.28475	40.43475
	69.28412	40.43529
	69.28318	40.43576
	69.28276	40.43632
	69.28307	40.43723
	69.28377	40.43907
	69.28386	40.44057
	69.28393	40.44343
	69.27933	40.45188
	69.278	40.4532
	69.27283	40.45551
	69.27052	40.45799
	69.26798	40.4592
	69.26772	40.45972
	69.26798	40.46076
	69.26845	40.46242
	69.26885	40.46303
	69.27179	40.46827
	69.27166	40.46879
	69.27115	40.4691
	69.26909	40.47018
	69.26861	40.47055
	69.26739	40.47299
	69.26628	40.47544
	69.26643	40.47595
	69.2668	40.47623
	69.26914	40.47757
	69.27249	40.47958
	69.2726	40.4801
	69.27221	40.48084
	69.26975	40.48436
	69.27002	40.4851
	69.27163	40.4879
	69.27237	40.48822
	69.27786	40.48907
	69.27865	40.48945
	69.27986	40.49286
	69.27944	40.49341
	69.27527	40.49498
	69.26279	40.49998
	69.26025	40.50275
	69.25642	40.50704
	69.25602	40.50728
	69.24914	40.50978
	69.24797	40.51023
	69.24046	40.51992
	69.23985	40.52032
	69.23087	40.52268
	69.2294	40.52472
	69.22863	40.52588
	69.22458	40.52794
	69.22039	40.5312
	69.22041	40.53196
	69.22048	40.53273
	69.22129	40.53373
	69.22117	40.53496
	69.22133	40.5359
	69.2212	40.53641
	69.21949	40.53678
	69.21801	40.53735
	69.21617	40.53814
	69.2151	40.53882
	69.21525	40.54014
	69.21184	40.54083
	69.21231	40.54611
	69.21196	40.54615
	69.21214	40.54642
	69.21144	40.54658
	69.21115	40.54666
	69.21118	40.54685
	69.21253	40.54691
	69.21446	40.54688
	69.22066	40.54779
	69.22056	40.54851
	69.22621	40.54983
	69.22813	40.55125
	69.23219	40.55341
	69.23354	40.55453
	69.23869	40.55935
	69.24107	40.56245
	69.25049	40.5653
	69.25926	40.5724
	69.26293	40.57613
	69.27603	40.574
	69.27912	40.57499
	69.28164	40.57649
	69.28463	40.58006
	69.2895	40.57704
	69.29814	40.57707
	69.29819	40.57763
	69.29734	40.57876
	69.29961	40.58046
	69.29979	40.58043
	69.30049	40.58042
	69.30244	40.58031
	69.30269	40.58028
	69.30315	40.5802
	69.30349	40.58016
	69.30361	40.58019
	69.30402	40.58023
	69.30634	40.58023
	69.30658	40.58022
	69.30765	40.58009
	69.30823	40.57993
	69.30884	40.57966
	69.30988	40.57859
	69.31007	40.57812
	69.31004	40.57806
	69.31309	40.5783
	69.31788	40.57665
	69.32282	40.57886
	69.32484	40.57744
	69.32844	40.57918
	69.34351	40.57956
	69.34417	40.5825
	69.34613	40.58301
	69.34653	40.58369
	69.3469	40.58449
	69.34688	40.58449
	69.34715	40.58484
	69.3479	40.58742
	69.34797	40.58776
	69.34799	40.58794
	69.34855	40.59024
	69.34708	40.59266
	69.34656	40.59234
	69.34697	40.59627
	69.3473	40.5986
	69.34815	40.60619
	69.34842	40.61319
	69.34944	40.6136
	69.34957	40.61391
	69.34965	40.61525
	69.34856	40.619
	69.34782	40.62143
	69.34661	40.62632
	69.34544	40.63088
	69.34323	40.63735
	69.34169	40.64176
	69.34115	40.64325
	69.34115	40.64334
	69.3417	40.64551
	69.34231	40.64824
	69.34235	40.64852
	69.34262	40.65194
	69.34259	40.65246
	69.34181	40.65666
	69.33948	40.65827
	69.33922	40.65789
	69.339	40.6583
	69.33945	40.66704
	69.33941	40.66753
	69.3396	40.6688
	69.34049	40.67034
	69.34073	40.67141
	69.34095	40.67296
	69.34116	40.67472
	69.34165	40.67753
	69.34205	40.68015
	69.34234	40.68152
	69.34254	40.68231
	69.34264	40.68311
	69.34269	40.68388
	69.34254	40.68514
	69.34233	40.68597
	69.34198	40.68633
	69.34173	40.68649
	69.34141	40.68659
	69.34098	40.68667
	69.34081	40.68673
	69.34064	40.68681
	69.34048	40.68692
	69.34032	40.68706
	69.33933	40.68811
	69.33781	40.68979
	69.33824	40.69011
	69.33864	40.69144
	69.33823	40.69183
	69.33768	40.69344
	69.33737	40.69367
	69.33465	40.69441
	69.33439	40.69462
	69.33451	40.69498
	69.33431	40.696
	69.33417	40.69644
	69.33395	40.69686
	69.33369	40.69713
	69.33336	40.69737
	69.33291	40.69759
	69.33138	40.69788
	69.3312	40.69793
	69.33094	40.69834
	69.33068	40.69866
	69.33024	40.69882
	69.32988	40.69919
	69.32957	40.69981
	69.32939	40.70043
	69.32869	40.70326
	69.32855	40.70395
	69.32856	40.70406
	69.32869	40.70419
	69.33103	40.70522
	69.33153	40.70548
	69.33205	40.70567
	69.33322	40.70603
	69.33419	40.70625
	69.33445	40.70641
	69.33446	40.70658
	69.33415	40.70724
	69.3341	40.70752
	69.33428	40.70785
	69.33431	40.70832
	69.33428	40.70868
	69.33445	40.70894
	69.33518	40.70915
	69.33563	40.70943
	69.33608	40.70982
	69.33637	40.71012
	69.33697	40.71091
	69.33708	40.71102
	69.33776	40.71144
	69.33846	40.71184
	69.33926	40.71234
	69.3396	40.71252
	69.34024	40.71258
	69.34088	40.7126
	69.34303	40.71227
	69.34478	40.71205
	69.34558	40.71201
	69.34594	40.71204
	69.34619	40.71221
	69.34629	40.71241
	69.34613	40.71257
	69.34639	40.71352
	69.34664	40.7142
	69.34688	40.71552
	69.34691	40.71599
	69.34684	40.71756
	69.34685	40.71809
	69.34675	40.71845
	69.34655	40.71905
	69.34642	40.71965
	69.34618	40.7205
	69.34607	40.7212
	69.34595	40.72253
	69.34597	40.72272
	69.34605	40.72299
	69.3465	40.72391
	69.34676	40.7244
	69.34703	40.72472
	69.34715	40.72495
	69.34736	40.72514
	69.34781	40.72546
	69.34794	40.72562
	69.34803	40.72583
	69.34807	40.72602
	69.34815	40.72611
	69.34822	40.72622
	69.34838	40.7263
	69.34907	40.72678
	69.34917	40.72682
	69.34932	40.72683
	69.34959	40.7268
	69.34973	40.72677
	69.35027	40.72663
	69.35234	40.72602
	69.35279	40.72599
	69.35329	40.72603
	69.35427	40.72627
	69.35526	40.72638
	69.35565	40.7265
	69.35589	40.72669
	69.35585	40.72689
	69.35559	40.72718
	69.35543	40.72731
	69.35523	40.72752
	69.35466	40.72778
	69.3545	40.72791
	69.35431	40.72813
	69.35412	40.72823
	69.3531	40.72862
	69.3529	40.72876
	69.35276	40.7289
	69.35252	40.72929
	69.35206	40.72992
	69.35152	40.73046
	69.35119	40.73082
	69.3511	40.73097
	69.35107	40.73111
	69.35108	40.7316
	69.35104	40.73198
	69.35113	40.73212
	69.35139	40.73225
	69.35194	40.73241
	69.35255	40.73264
	69.35281	40.73271
	69.35304	40.73273
	69.35668	40.73268
	69.35822	40.73267
	69.35876	40.73265
	69.35988	40.73266
	69.36032	40.73253
	69.3607	40.73254
	69.36101	40.73264
	69.36125	40.73288
	69.3616	40.7332
	69.36209	40.73361
	69.36238	40.73391
	69.36276	40.73423
	69.36292	40.73439
	69.3629	40.73453
	69.36267	40.73493
	69.36209	40.73581
	69.36202	40.73583
	69.36198	40.73599
	69.36171	40.73646
	69.36142	40.73701
	69.36101	40.73747
	69.36092	40.73761
	69.36058	40.73804
	69.35993	40.73892
	69.35982	40.7391
	69.35968	40.73948
	69.35969	40.73966
	69.35985	40.73997
	69.35989	40.74021
	69.36009	40.74042
	69.3605	40.74065
	69.36129	40.74099
	69.36196	40.74136
	69.36277	40.74238
	69.36303	40.74266
	69.36333	40.74292
	69.36366	40.74316
	69.3644	40.74378
	69.3645	40.74405
	69.36446	40.7443
	69.36434	40.74462
	69.36411	40.74492
	69.36376	40.74532
	69.36345	40.74571
	69.36304	40.74627
	69.36267	40.7469
	69.36242	40.7472
	69.36192	40.74766
	69.36135	40.74814
	69.36043	40.74863
	69.36017	40.74875
	69.35991	40.74892
	69.35955	40.74931
	69.35933	40.7497
	69.35923	40.74999
	69.3592	40.75028
	69.35923	40.75092
	69.35921	40.75116
	69.35924	40.75131
	69.35934	40.75141
	69.35948	40.75149
	69.35965	40.75167
	69.35982	40.75174
	69.36023	40.75207
	69.36053	40.75229
	69.36095	40.75245
	69.36117	40.75257
	69.36141	40.75276
	69.36174	40.75308
	69.36179	40.7534
	69.36176	40.7536
	69.36166	40.7538
	69.36134	40.75396
	69.36093	40.75412
	69.36005	40.75453
	69.35938	40.75533
	69.35949	40.75597
	69.36272	40.76524
	69.36242	40.76709
	69.37562	40.77219
	69.38008	40.77882
	69.38209	40.78186
	69.38395	40.78401
	69.38538	40.786
	69.38897	40.78869
	69.39371	40.78989
	69.40732	40.78868
	69.42073	40.78986
	69.42897	40.79102
	69.43477	40.79222
	69.44455	40.79191
	69.4444	40.79299
	69.44453	40.79404
	69.44459	40.79418
	69.44683	40.79538
	69.44931	40.79488
	69.4496	40.7948
	69.44995	40.79467
	69.45045	40.79441
	69.45136	40.79374
	69.45173	40.79343
	69.45205	40.79309
	69.45231	40.79273
	69.45255	40.79231
	69.45279	40.79173
	69.45755	40.79158
	69.46006	40.79153
	69.46255	40.79176
	69.47121	40.78946
	69.47953	40.78434
	69.48745	40.78316
	69.49327	40.78194
	69.49653	40.78005
	69.49958	40.77733
	69.50188	40.7705
	69.50764	40.77137
	69.5142	40.77233
	69.51952	40.77201
	69.5249	40.77157
	69.52809	40.7712
	69.53048	40.76882
	69.5324	40.76796
	69.53491	40.76729
	69.53791	40.76568
	69.54279	40.76414
	69.54503	40.76325
	69.54731	40.76297
	69.55009	40.76101
	69.55291	40.75812
	69.55433	40.75612
	69.55733	40.75442
	69.55997	40.75026
	69.56711	40.74261
	69.57059	40.73743
	69.57396	40.73402
	69.57551	40.73156
	69.57372	40.73017
	69.57334	40.72954
	69.57349	40.72784
	69.57397	40.72668
	69.57377	40.72564
	69.57377	40.72511
	69.57379	40.72463
	69.57371	40.72429
	69.57378	40.72377
	69.57389	40.72323
	69.57411	40.72255
	69.57398	40.72182
	69.57427	40.72127
	69.57457	40.72057
	69.57434	40.72032
	69.57485	40.71952
	69.57529	40.71873
	69.57583	40.71802
	69.57615	40.7179
	69.57713	40.71702
	69.57837	40.71594
	69.57838	40.71559
	69.57849	40.7154
	69.57904	40.7151
	69.57908	40.71492
	69.57871	40.71394
	69.57877	40.7136
	69.57897	40.71313
	69.57918	40.71296
	69.57925	40.71293
	69.57944	40.713
	69.58149	40.71194
	69.58215	40.71152
	69.58257	40.71097
	69.58273	40.71044
	69.5824	40.70825
	69.58256	40.70755
	69.5825	40.7057
	69.58314	40.7046
	69.58375	40.7041
	69.58453	40.70338
	69.58533	40.70274
	69.5859	40.70236
	69.5876	40.70188
	69.58781	40.70169
	69.58794	40.70128
	69.58864	40.70047
	69.58894	40.70029
	69.58936	40.69968
	69.59024	40.69951
	69.59048	40.69941
	69.59095	40.69928
	69.59182	40.69883
	69.59198	40.69845
	69.59256	40.69799
	69.59344	40.69726
	69.59451	40.69714
	69.59524	40.69672
	69.59603	40.69635
	69.59667	40.6961
	69.59732	40.69593
	69.59891	40.69581
	69.59938	40.69575
	69.60032	40.6955
	69.60078	40.69529
	69.60115	40.69507
	69.60149	40.6949
	69.60172	40.69484
	69.60313	40.69465
	69.60492	40.69316
	69.60524	40.69183
	69.60894	40.69097
	69.61264	40.69075
	69.61501	40.69038
	69.61719	40.68842
	69.61781	40.6856
	69.61982	40.68419
	69.62116	40.68263
	69.62327	40.67964
	69.62534	40.67626
	69.62714	40.67628
	69.63134	40.6753
	69.63658	40.6732
	69.64045	40.67425
	69.64268	40.67461
	69.64327	40.67482
	69.64467	40.6742
	69.64871	40.67334
	69.65169	40.67109
	69.65221	40.67039
	69.65231	40.66902
	69.6532	40.66573
	69.65567	40.66396
	69.65843	40.66238
	69.66228	40.65765
	69.6628	40.65591
	69.66375	40.65404
	69.66375	40.65276
	69.66331	40.65135
	69.66533	40.65053
	69.66654	40.64897
	69.66649	40.64785
	69.66634	40.64211
	69.66655	40.63881
	69.66927	40.63414
	69.67218	40.63399
	69.6734	40.63399
	69.67849	40.63261
	69.68528	40.63271
	69.68884	40.63158
	69.68981	40.63038
	69.69271	40.62994
	69.69542	40.63004
	69.69733	40.62923
	69.69799	40.62839
	69.69843	40.62748
	69.70027	40.62743
	69.70096	40.62739
	69.70317	40.6281
	69.70558	40.6283
	69.70897	40.62863
	69.71205	40.63049
	69.71538	40.63053
	69.71959	40.62878
	69.72049	40.62869
	69.72572	40.63078
	69.72802	40.63326
	69.73215	40.63421
	69.73485	40.63514
	69.73656	40.63719
	69.7387	40.63899
	69.74003	40.64077
	69.74219	40.6419
	69.74233	40.64233
	69.74897	40.64518
	69.74982	40.64506
	69.75131	40.6447
	69.7539	40.64347
	69.75825	40.64523
	69.76153	40.64827
	69.76489	40.65158
	69.76342	40.65393
	69.76306	40.65613
	69.76206	40.65784
	69.76169	40.65925
	69.76266	40.66066
	69.76371	40.661
	69.76545	40.66178
	69.76712	40.66282
	69.77024	40.66442
	69.77395	40.66959
	69.77488	40.67497
	69.77994	40.67862
	69.7817	40.68323
	69.78439	40.68445
	69.78964	40.68952
	69.7902	40.69063
	69.79003	40.69258
	69.79062	40.69476
	69.79142	40.69789
	69.79233	40.69952
	69.79316	40.70159
	69.79777	40.70288
	69.80449	40.70443
	69.80815	40.70459
	69.8106	40.70657
	69.81496	40.70729
	69.81595	40.70732
	69.81925	40.70594
	69.82015	40.70578
	69.82248	40.70213
	69.82491	40.70067
	69.82866	40.70093
	69.83077	40.70089
	69.83254	40.70107
	69.83509	40.69967
	69.83892	40.70263
	69.8398	40.70552
	69.84141	40.70661
	69.84667	40.70829
	69.84811	40.70899
	69.85101	40.70991
	69.8566	40.71076
	69.85756	40.71169
	69.85949	40.71293
	69.86151	40.71324
	69.86527	40.7142
	69.86572	40.7148
	69.86918	40.71438
	69.87267	40.7152
	69.87517	40.71672
	69.87873	40.71836
	69.88093	40.72032
	69.88193	40.72215
	69.88408	40.72241
	69.88576	40.72333
	69.88992	40.72556
	69.8915	40.72167
	69.89561	40.71985
	69.89769	40.71994
	69.9001	40.71998
	69.90341	40.72102
	69.90505	40.72057
	69.90702	40.71975
	69.9088	40.72033
	69.91103	40.72073
	69.91736	40.72043
	69.92243	40.71984
	69.92468	40.71888
	69.92626	40.71836
	69.93145	40.71659
	69.935	40.71773
	69.93903	40.71871
	69.94062	40.71932
	69.94734	40.72463
	69.951	40.72579
	69.95278	40.72581
	69.95672	40.72565
	69.96146	40.72583
	69.96227	40.72742
	69.96349	40.73202
	69.96576	40.73274
	69.96757	40.73387
	69.969	40.73548
	69.97172	40.73667
	69.97393	40.73891
	69.97934	40.7376
	69.98149	40.73737
	69.98268	40.73771
	69.9845	40.73796
	69.98603	40.73815
	69.98948	40.73732
	69.99301	40.7364
	69.99821	40.73554
	70.00127	40.73576
	70.00442	40.73571
	70.00651	40.73601
	70.00854	40.73681
	70.01138	40.73752
	70.01302	40.73891
	70.01534	40.74068
	70.01608	40.74087
	70.01915	40.74262
	70.02143	40.74331
	70.02399	40.74325
	70.02712	40.74403
	70.02963	40.7441
	70.03213	40.74486
	70.03351	40.74568
	70.03553	40.74709
	70.03632	40.74819
	70.03721	40.74927
	70.03796	40.75056
	70.03914	40.75317
	70.04066	40.75337
	70.0421	40.75334
	70.04342	40.75319
	70.04436	40.7533
	70.04716	40.75301
	70.04814	40.75315
	70.05015	40.75358
	70.0521	40.75451
	70.05418	40.75514
	70.055	40.75548
	70.05804	40.75562
	70.06069	40.75552
	70.06567	40.75478
	70.06817	40.75518
	70.07017	40.75741
	70.0712	40.75833
	70.07561	40.76099
	70.07824	40.76296
	70.08107	40.76622
	70.08223	40.76921
	70.08464	40.76986
	70.0867	40.77106
	70.08841	40.77258
	70.09087	40.77403
	70.09235	40.77497
	70.09432	40.77684
	70.09574	40.77836
	70.09841	40.78159
	70.10051	40.78263
	70.10147	40.78303
	70.10273	40.78315
	70.10499	40.78304
	70.10692	40.78397
	70.10952	40.78491
	70.11113	40.78586
	70.11371	40.78712
	70.11434	40.78841
	70.1142	40.78922
	70.11447	40.79085
	70.11572	40.79372
	70.11656	40.79494
	70.11704	40.79561
	70.11778	40.7961
	70.11942	40.79708
	70.12106	40.79889
	70.12112	40.80092
	70.12233	40.80415
	70.12439	40.8074
	70.12402	40.80933
	70.12222	40.81008
	70.1207	40.81446
	70.1201	40.81526
	70.12053	40.8163
	70.12385	40.81892
	70.12636	40.82139
	70.12739	40.82206
	70.13126	40.82223
	70.13293	40.82234
	70.13498	40.82305
	70.13872	40.8236
	70.14235	40.82442
	70.14409	40.82635
	70.14906	40.82891
	70.15176	40.83072
	70.15298	40.831
	70.1553	40.8316
	70.15911	40.83358
	70.16017	40.83391
	70.16271	40.83423
	70.16658	40.83412
	70.17144	40.83321
	70.17377	40.83225
	70.17467	40.83235
	70.17603	40.83294
	70.18118	40.83377
	70.18254	40.83256
	70.18396	40.83096
	70.18662	40.83021
	70.18801	40.82986
	70.18991	40.82899
	70.19336	40.82746
	70.19975	40.82346
	70.20126	40.82222
	70.20334	40.82359
	70.20763	40.82548
	70.2084	40.82587
	70.21181	40.82729
	70.21368	40.82811
	70.21516	40.82808
	70.21609	40.82794
	70.21699	40.828
	70.21763	40.82811
	70.21907	40.82849
	70.2211	40.83017
	70.2228	40.83187
	70.22469	40.8327
	70.22759	40.83436
	70.2313	40.83596
	70.23366	40.8365
	70.23567	40.83742
	70.23763	40.83878
	70.24046	40.83935
	70.24446	40.83986
	70.24635	40.84106
	70.25018	40.84271
	70.2577	40.84663
	70.25903	40.84726
	70.26018	40.84808
	70.2635	40.8497
	70.26636	40.85016
	70.2676	40.85153
	70.26935	40.85507
	70.2716	40.85915
	70.2717	40.86222
	70.27178	40.86308
	70.27437	40.86678
	70.27653	40.86803
	70.27762	40.86957
	70.27842	40.87107
	70.28089	40.87163
	70.28142	40.87177
	70.28221	40.87234
	70.28312	40.87253
	70.28516	40.8734
	70.28635	40.87473
	70.28966	40.87548
	70.29592	40.8757
	70.30007	40.87647
	70.3007	40.87669
	70.30253	40.87703
	70.307	40.87932
	70.30822	40.87962
	70.30929	40.87976
	70.31159	40.88087
	70.31426	40.88323
	70.31582	40.88349
	70.31743	40.88326
	70.32155	40.8838
	70.32457	40.88563
	70.32549	40.88631
	70.32637	40.88649
	70.32784	40.8867
	70.32924	40.88651
	70.33102	40.88494
	70.33203	40.88381
	70.3351	40.88199
	70.33706	40.88313
	70.33914	40.88388
	70.34384	40.88494
	70.34539	40.88635
	70.34697	40.88648
	70.34879	40.88688
	70.34952	40.88702
	70.35226	40.88795
	70.35498	40.88898
	70.35889	40.89165
	70.36166	40.89358
	70.36294	40.8942
	70.36775	40.89671
	70.37182	40.898
	70.3722	40.89946
	70.37291	40.90274
	70.37344	40.90489
	70.37434	40.90646
	70.37505	40.9079
	70.37602	40.9094
	70.37681	40.91146
	70.37769	40.91338
	70.37819	40.91531
	70.37847	40.91626
	70.37925	40.91814
	70.37908	40.91893
	70.37791	40.92036
	70.37547	40.92311
	70.37572	40.92605
	70.37516	40.92802
	70.37403	40.93325
	70.3734	40.93478
	70.37235	40.93792
	70.37143	40.94049
	70.37088	40.94192
	70.37089	40.94209
	70.3706	40.94326
	70.37153	40.94369
	70.37463	40.9447
	70.37714	40.94539
	70.38029	40.9457
	70.38163	40.9463
	70.38363	40.94791
	70.38592	40.94978
	70.38725	40.95145
	70.38836	40.95351
	70.38748	40.95566
	70.387	40.95829
	70.38767	40.96058
	70.38855	40.96404
	70.38887	40.96711
	70.38888	40.97008
	70.38795	40.97407
	70.3863	40.97468
	70.38536	40.97552
	70.38419	40.9765
	70.38312	40.97861
	70.38268	40.98023
	70.3823	40.98394
	70.38082	40.99033
	70.38016	40.99256
	70.37956	40.99344
	70.37664	40.9962
	70.37573	41.00099
	70.37462	41.00294
	70.37796	41.00553
	70.3803	41.00698
	70.38554	41.00978
	70.38882	41.01297
	70.3908	41.015
	70.39034	41.01689
	70.39213	41.02082
	70.3942	41.02358
	70.39572	41.02686
	70.40075	41.02682
	70.40405	41.02944
	70.40799	41.03089
	70.4108	41.03231
	70.41385	41.03446
	70.4184	41.03437
	70.42139	41.03443
	70.42755	41.03616
	70.43002	41.03706
	70.43289	41.039
	70.43492	41.04049
	70.44154	41.04383
	70.44495	41.04509
	70.44847	41.04325
	70.44942	41.04225
	70.45163	41.03855
	70.45866	41.03679
	70.46215	41.03939
	70.46556	41.04047
	70.46795	41.04164
	70.4694	41.04189
	70.47254	41.04131
	70.47343	41.04042
	70.47438	41.0395
	70.47477	41.03852
	70.4752	41.03766
	70.47574	41.0373
	70.47631	41.03595
	70.47756	41.03521
	70.47981	41.03504
	70.48045	41.03488
	70.48097	41.03435
	70.48342	41.03373
	70.48409	41.03175
	70.48537	41.02994
	70.48588	41.02889
	70.48688	41.02775
	70.4875	41.02535
	70.48928	41.02328
	70.49162	41.02275
	70.49434	41.02269
	70.49576	41.02061
	70.49706	41.01882
	70.50057	41.0168
	70.50531	41.01467
	70.50903	41.01209
	70.51203	41.0113
	70.51395	41.01073
	70.5145	41.00957
	70.51249	41.00783
	70.51269	41.0056
	70.51395	41.00364
	70.51694	41.0011
	70.51802	40.99839
	70.51838	40.99711
	70.51848	40.99129
	70.51883	40.9893
	70.52105	40.98715
	70.52476	40.984
	70.52847	40.9817
	70.53239	40.97996
	70.53463	40.97995
	70.54327	40.98044
	70.5502	40.98024
	70.55188	40.97966
	70.55354	40.97795
	70.5565	40.97523
	70.56449	40.97033
	70.56687	40.96719
	70.56812	40.96292
	70.57051	40.95949
	70.57383	40.95592
	70.57977	40.95218
	70.58288	40.9469
	70.58635	40.94147
	70.5893	40.93818
	70.59596	40.93287
	70.59737	40.92704
	70.5999	40.92092
	70.60397	40.91747
	70.6067	40.91234
	70.60776	40.90793
	70.61015	40.90521
	70.61458	40.9012
	70.61942	40.89917
	70.62389	40.89757
	70.62799	40.89668
	70.63077	40.89495
	70.6315	40.89338
	70.63276	40.89053
	70.63553	40.88781
	70.6394	40.88394
	70.64324	40.87823
	70.6426	40.87355
	70.64329	40.86986
	70.64546	40.86487
	70.65319	40.86223
	70.65913	40.85753
	70.66565	40.85233
	70.67014	40.85254
	70.67252	40.8489
	70.67495	40.8466
	70.67696	40.84465
	70.67894	40.84264
	70.67939	40.84227
	70.68052	40.84221
	70.68153	40.84192
	70.68334	40.84155
	70.68442	40.84143
	70.68556	40.84112
	70.68732	40.84044
	70.69247	40.83835
	70.69615	40.83669
	70.69865	40.8355
	70.70518	40.83135
	70.70617	40.8307
	70.70684	40.8302
	70.71005	40.82766
	70.71334	40.82509
	70.71669	40.82086
	70.72093	40.81685
	70.72422	40.81291
	70.72476	40.81232
	70.72787	40.80915
	70.72778	40.80884
	70.72554	40.80499
	70.72371	40.80264
	70.71941	40.80036
	70.71645	40.80216
	70.71299	40.80014
	70.71087	40.80023
	70.70727	40.80043
	70.70416	40.80063
	70.70433	40.80041
	70.70552	40.79988
	70.70625	40.79951
	70.70888	40.79811
	70.71168	40.79624
	70.7134	40.79512
	70.71522	40.79399
	70.71661	40.79301
	70.71969	40.79044
	70.72186	40.78865
	70.72458	40.78668
	70.72581	40.78608
	70.72864	40.7849
	70.73684	40.7789
	70.74124	40.77578
	70.74369	40.77392
	70.74402	40.77359
	70.74614	40.76833
	70.74636	40.76785
	70.74016	40.76641
	70.74181	40.76491
	70.75095	40.7635
	70.75585	40.76161
	70.75922	40.76029
	70.76387	40.75844
	70.7671	40.75636
	70.76951	40.75487
	70.77114	40.75393
	70.77221	40.75322
	70.77326	40.75247
	70.77458	40.7516
	70.77885	40.74809
	70.77928	40.74732
	70.78041	40.7451
	70.78192	40.74464
	70.78354	40.74362
	70.7864	40.74195
	70.78666	40.74203
	70.78818	40.73989
	70.79044	40.73779
	70.79287	40.73593
	70.79465	40.73453
	70.7947	40.73415
	70.79484	40.73377
	70.79509	40.73341
	70.79517	40.73302
	70.79529	40.733
	70.79547	40.73266
	70.79552	40.7323
	70.79541	40.73197
	70.79543	40.73172
	70.79537	40.73157
	70.79563	40.7299
	70.79589	40.72842
	70.79587	40.72753
	70.79595	40.72694
	70.7962	40.72567
	70.79744	40.7199
	70.79491	40.71983
	70.79151	40.72015
	70.78823	40.71981
	70.78611	40.71945
	70.78146	40.7185
	70.77878	40.71781
	70.7768	40.71645
	70.77554	40.71424
	70.77478	40.71153
	70.7736	40.70755
	70.77286	40.70493
	70.77176	40.70328
	70.76928	40.70038
	70.76873	40.6984
	70.76906	40.69576
	70.76863	40.69278
	70.76666	40.68798
	70.76431	40.68568
	70.76095	40.68359
	70.75753	40.68274
	70.75375	40.68255
	70.74952	40.68315
	70.74578	40.68439
	70.74057	40.68676
	70.73806	40.68774
	70.73501	40.68796
	70.7327	40.6878
	70.73083	40.68674
	70.73002	40.68486
	70.72947	40.68139
	70.73162	40.67441
	70.73452	40.66982
	70.73656	40.66587
	70.73753	40.66151
	70.73509	40.65808
	70.73212	40.656
	70.72741	40.65508
	70.72392	40.65607
	70.7226	40.6586
	70.71931	40.66157
	70.71439	40.66352
	70.70738	40.66348
	70.70297	40.66236
	70.69984	40.65951
	70.69724	40.65632
	70.69373	40.6531
	70.68675	40.65248
	70.6811	40.64963
	70.67525	40.64562
	70.6707	40.64148
	70.66573	40.63542
	70.65859	40.62903
	70.65422	40.62779
	70.64546	40.62869
	70.64286	40.62849
	70.63661	40.62427
	70.63283	40.62014
	70.62762	40.61453
	70.62452	40.61003
	70.62339	40.60765
	70.62211	40.60613
	70.62006	40.60241
	70.61776	40.59953
	70.61385	40.59266
	70.61175	40.58783
	70.60848	40.5834
	70.58736	40.56604
	70.57802	40.56332
	70.56251	40.56305
	70.55224	40.5571
	70.53555	40.55824
	70.52276	40.55689
	70.51409	40.55329
	70.50985	40.54671
	70.50687	40.53199
	70.49732	40.52471
	70.49483	40.51138
	70.48465	40.50452
	70.46733	40.5046
	70.45637	40.50063
	70.43095	40.49065
	70.41378	40.48835
	70.39928	40.48319
	70.39556	40.48267
	70.38546	40.47678
	70.3547	40.46799
	70.3518	40.46619
	70.33421	40.46259
	70.33151	40.45927
	70.32832	40.44519
	70.33756	40.43404
	70.34483	40.4295
	70.34802	40.42553
	70.35029	40.41187
	70.35047	40.4087
	70.35371	40.40662
	70.35621	40.40591
	70.35976	40.40374
	70.36487	40.39749
	70.36904	40.3933
	70.37895	40.38652
	70.38681	40.38376
	70.4037	40.38011
	70.42207	40.37831
	70.42708	40.37576
	70.43276	40.36937
	70.4361	40.3686
	70.44545	40.36834
	70.45246	40.36731
	70.45604	40.36455
	70.45443	40.36292
	70.45421	40.36212
	70.45878	40.35974
	70.46352	40.35791
	70.47316	40.35376
	70.48385	40.35095
	70.49119	40.35068
	70.50789	40.35143
	70.52792	40.35294
	70.5553	40.35469
	70.55997	40.35417
	70.56063	40.35238
	70.5613	40.34702
	70.56163	40.346
	70.57197	40.3424
	70.57797	40.33831
	70.5773	40.33601
	70.57329	40.33295
	70.56661	40.32658
	70.56159	40.31688
	70.56015	40.31653
	70.5598	40.31206
	70.56097	40.30993
	70.563	40.30593
	70.56553	40.30535
	70.56613	40.30453
	70.56694	40.30243
	70.56989	40.29286
	70.57588	40.2834
	70.5752	40.27318
	70.57418	40.26092
	70.5735	40.25122
	70.57282	40.24203
	70.57947	40.23435
	70.58512	40.22387
	70.5951	40.21313
	70.60608	40.2057
	70.61173	40.20109
	70.61638	40.19495
	70.62734	40.18114
	70.63233	40.1773
	70.64765	40.17854
	70.66297	40.18055
	70.67963	40.18306
	70.69162	40.18482
	70.70329	40.1881
	70.71395	40.18986
	70.71862	40.18985
	70.72694	40.18931
	70.74425	40.18773
	70.75324	40.18796
	70.75991	40.18819
	70.76758	40.19199
	70.77626	40.19682
	70.78861	40.20214
	70.79361	40.2034
	70.80195	40.20465
	70.81928	40.20765
	70.83595	40.21065
	70.83963	40.21217
	70.84998	40.21749
	70.86533	40.22126
	70.87532	40.22121
	70.89465	40.22087
	70.9203	40.22025
	70.94828	40.22063
	70.97194	40.22127
	70.98251	40.22564
	70.98332	40.22064
	70.97314	40.21628
	70.96793	40.2166
	70.95707	40.21083
	70.94615	40.20738
	70.93833	40.20419
	70.92411	40.19869
	70.91086	40.19493
	70.88298	40.18656
	70.8659	40.17132
	70.86337	40.16962
	70.85945	40.16501
	70.85814	40.16699
	70.85047	40.16355
	70.84867	40.16519
	70.84789	40.16494
	70.84693	40.16499
	70.84616	40.16482
	70.84406	40.16492
	70.84092	40.16472
	70.83997	40.16486
	70.83952	40.16503
	70.83865	40.16492
	70.83814	40.16458
	70.83628	40.16399
	70.83565	40.16286
	70.83507	40.16241
	70.83308	40.16153
	70.83229	40.1612
	70.8314	40.16347
	70.83033	40.16381
	70.82935	40.16569
	70.82805	40.16647
	70.8278	40.16689
	70.82774	40.16794
	70.82716	40.16978
	70.82773	40.17246
	70.82649	40.17502
	70.82658	40.17567
	70.82741	40.1772
	70.83026	40.1853
	70.83166	40.18934
	70.82896	40.18816
	70.81845	40.18318
	70.8165	40.18271
	70.81396	40.18184
	70.80917	40.18044
	70.80232	40.17955
	70.80372	40.1728
	70.80287	40.17281
	70.80305	40.16982
	70.80291	40.16766
	70.80302	40.16584
	70.80252	40.16373
	70.80201	40.16231
	70.80195	40.15536
	70.80128	40.15286
	70.80092	40.15109
	70.79968	40.14749
	70.79931	40.14468
	70.80091	40.14222
	70.80049	40.1406
	70.79969	40.13838
	70.79996	40.13647
	70.79834	40.13315
	70.79794	40.12933
	70.79601	40.12885
	70.785	40.12644
	70.78298	40.12413
	70.78074	40.12277
	70.77764	40.11993
	70.77118	40.11904
	70.76834	40.11785
	70.76854	40.1167
	70.76559	40.11525
	70.7599	40.1164
	70.75539	40.11565
	70.74991	40.11544
	70.74256	40.11404
	70.73242	40.11261
	70.72588	40.11215
	70.71833	40.11045
	70.71002	40.10887
	70.70102	40.10848
	70.69406	40.10777
	70.68235	40.10529
	70.66992	40.10298
	70.66443	40.09905
	70.66245	40.09531
	70.66028	40.09398
	70.6611	40.09179
	70.66013	40.09069
	70.65954	40.08979
	70.65948	40.08769
	70.65988	40.0843
	70.6603	40.07578
	70.65991	40.07269
	70.65946	40.07074
	70.65804	40.0665
	70.65739	40.06336
	70.65772	40.06126
	70.65806	40.05857
	70.65884	40.05718
	70.66048	40.05489
	70.66264	40.0525
	70.66422	40.04936
	70.665	40.04732
	70.6652	40.04572
	70.66495	40.04348
	70.66417	40.04153
	70.66405	40.03844
	70.66405	40.0364
	70.66445	40.03475
	70.6655	40.03096
	70.66538	40.02962
	70.66499	40.02742
	70.66441	40.02553
	70.66389	40.02348
	70.66435	40.02214
	70.66566	40.01969
	70.66743	40.01686
	70.66777	40.01277
	70.66712	40.01027
	70.66615	40.00823
	70.66439	40.00528
	70.66401	40.00448
	70.66317	40.00164
	70.66272	39.9999
	70.66257	39.99923
	70.66255	39.99843
	70.66326	39.99647
	70.66341	39.99358
	70.66299	39.99121
	70.66262	39.99052
	70.66117	39.98918
	70.66024	39.98856
	70.65876	39.98834
	70.65559	39.98764
	70.65367	39.98725
	70.65039	39.98672
	70.64774	39.98653
	70.6456	39.98623
	70.64212	39.98738
	70.6407	39.98703
	70.63704	39.98752
	70.63455	39.98788
	70.63384	39.98784
	70.63181	39.98683
	70.63117	39.98312
	70.63148	39.98063
	70.63181	39.97655
	70.63186	39.97405
	70.63165	39.97303
	70.63101	39.97136
	70.63133	39.97075
	70.63268	39.96845
	70.63255	39.96749
	70.63187	39.96713
	70.62937	39.96667
	70.62482	39.96589
	70.62166	39.9654
	70.62027	39.96352
	70.61946	39.96247
	70.61676	39.96008
	70.61479	39.95871
	70.61204	39.95821
	70.60861	39.95787
	70.60493	39.95762
	70.59843	39.95755
	70.59567	39.95797
	70.59025	39.95779
	70.58612	39.95772
	70.57574	39.9578
	70.57352	39.9579
	70.57081	39.95817
	70.5699	39.95852
	70.566	39.96058
	70.56302	39.9624
	70.5609	39.96373
	70.55752	39.96507
	70.55365	39.96595
	70.5529	39.9659
	70.55118	39.96585
	70.54717	39.96532
	70.54668	39.96488
	70.54388	39.96357
	70.53731	39.96037
	70.53391	39.95854
	70.53051	39.95679
	70.52482	39.95375
	70.52164	39.95213
	70.51707	39.94822
	70.51296	39.9499
	70.51062	39.94765
	70.50926	39.94618
	70.50655	39.94366
	70.50427	39.94137
	70.5028	39.93956
	70.50226	39.93805
	70.50142	39.93537
	70.50177	39.9342
	70.50178	39.93359
	70.50199	39.93213
	70.49941	39.93005
	70.49766	39.92996
	70.4962	39.93073
	70.49548	39.93199
	70.49534	39.93363
	70.49607	39.93598
	70.49483	39.93789
	70.49243	39.93986
	70.49079	39.9415
	70.49063	39.9432
	70.49174	39.94731
	70.49512	39.94814
	70.4978	39.94807
	70.50008	39.9483
	70.50329	39.94902
	70.50617	39.95074
	70.50959	39.95314
	70.51492	39.95806
	70.52739	39.9629
	70.53227	39.96692
	70.53458	39.96922
	70.53741	39.97169
	70.54111	39.97498
	70.54672	39.97921
	70.5576	39.98316
	70.56422	39.98769
	70.5729	39.99111
	70.57442	39.99327
	70.57612	39.99524
	70.57798	39.99672
	70.57965	39.99984
	70.58101	40.00142
	70.58161	40.00221
	70.58186	40.00369
	70.58209	40.00479
	70.58203	40.0072
	70.5812	40.00906
	70.5806	40.01123
	70.58005	40.01276
	70.57861	40.01498
	70.57738	40.01709
	70.57678	40.01911
	70.57589	40.02097
	70.57507	40.02258
	70.57129	40.02653
	70.56944	40.02838
	70.56726	40.03034
	70.56429	40.03253
	70.55938	40.03605
	70.55432	40.03956
	70.54916	40.04008
	70.54445	40.03792
	70.54166	40.03567
	70.53791	40.03369
	70.5335	40.03229
	70.53064	40.03504
	70.53049	40.04015
	70.53191	40.04308
	70.53357	40.04562
	70.53354	40.04717
	70.53262	40.04847
	70.53011	40.04947
	70.52666	40.05058
	70.52458	40.05102
	70.52355	40.05138
	70.52233	40.05169
	70.52021	40.05226
	70.51621	40.05294
	70.51364	40.05281
	70.50846	40.05187
	70.50695	40.05157
	70.50542	40.05174
	70.50296	40.05208
	70.50151	40.05276
	70.49778	40.05391
	70.4829	40.05629
	70.46545	40.05786
	70.46013	40.05814
	70.4522	40.05847
	70.44096	40.05768
	70.43481	40.0573
	70.4244	40.05773
	70.41881	40.06011
	70.41918	40.06157
	70.41915	40.06251
	70.41227	40.06846
	70.40493	40.07459
	70.39775	40.07856
	70.39175	40.08018
	70.38494	40.08111
	70.37506	40.08063
	70.36804	40.08073
	70.35779	40.08106
	70.35533	40.08573
	70.35335	40.09027
	70.3516	40.10214
	70.346	40.10501
	70.34153	40.10483
	70.33406	40.1094
	70.33192	40.11136
	70.32422	40.11304
	70.31998	40.11621
	70.3184	40.11665
	70.3154	40.11718
	70.31172	40.11747
	70.30891	40.11863
	70.3071	40.11891
	70.30535	40.11965
	70.30157	40.12165
	70.29874	40.12446
	70.29196	40.12936
	70.29014	40.12978
	70.28228	40.12959
	70.27663	40.12799
	70.27279	40.12604
	70.26545	40.12397
	70.25893	40.12497
	70.25642	40.12529
	70.25441	40.1259
	70.25239	40.12598
	70.24116	40.12401
	70.23939	40.12496
	70.23594	40.12597
	70.23247	40.12634
	70.22838	40.12729
	70.22083	40.12783
	70.21759	40.12818
	70.21278	40.12842
	70.20682	40.12932
	70.20606	40.12995
	70.20668	40.13224
	70.20038	40.13426
	70.19958	40.13926
	70.19795	40.14443
	70.19768	40.15683
	70.199	40.15993
	70.19644	40.16411
	70.19343	40.16983
	70.19001	40.16128
	70.18524	40.1575
	70.18522	40.15343
	70.18267	40.15307
	70.18046	40.1526
	70.17976	40.15085
	70.17947	40.14763
	70.17863	40.14504
	70.17529	40.14299
	70.15973	40.15055
	70.14422	40.15945
	70.13475	40.16505
	70.12287	40.17298
	70.1109	40.1807
	70.10105	40.18815
	70.08434	40.19649
	70.06149	40.20875
	70.05379	40.21323
	70.03248	40.22396
	70.0279	40.22625
	70.02511	40.22682
	70.02389	40.22679
	70.02094	40.23034
	70.01862	40.23086
	70.01491	40.23136
	70.00898	40.23172
	70.00703	40.23265
	70.00444	40.2322
	70.00215	40.2306
	69.99994	40.22842
	69.99526	40.22613
	69.99119	40.22538
	69.98865	40.22514
	69.9772	40.2178
	69.95884	40.20787
	69.94185	40.20385
	69.92807	40.19723
	69.90593	40.19066
	69.90201	40.1875
	69.86218	40.17479
	69.84813	40.17159
	69.83032	40.16302
	69.82389	40.16245
	69.81183	40.15995
	69.80202	40.15817
	69.77174	40.14697
	69.7661	40.14303
	69.74776	40.13776
	69.70128	40.11642
	69.69337	40.11488
	69.68772	40.11599
	69.67668	40.1083
	69.66276	40.10959
	69.66299	40.11746
	69.64706	40.12151
	69.61233	40.11366
	69.59827	40.10875
	69.58215	40.10461
	69.57307	40.1046
	69.5559	40.12225
	69.53702	40.11694
	69.53573	40.11136
	69.53582	40.10177
	69.53839	40.08904
	69.51844	40.08015
	69.51749	40.07743
	69.51335	40.05684
	69.51522	40.05259
	69.51075	40.04594
	69.50706	40.03384
	69.50845	40.02819
	69.5277	40.0
	69.53095	39.99432
	69.52766	39.97715
	69.52606	39.96953
	69.52804	39.96364
	69.53544	39.95236
	69.5371	39.94305
	69.53862	39.93706
	69.54033	39.93727
	69.5404	39.93418
	69.53856	39.93166
	69.53406	39.92973
	69.53155	39.93004
	69.53051	39.93143
	69.53084	39.93279
	69.53242	39.93464
	69.5342	39.93696
	69.52994	39.94192
	69.52659	39.94405
	69.5229	39.94472
	69.51019	39.94454
	69.50513	39.94403
	69.50006	39.943
	69.49815	39.94174
	69.49808	39.93919
	69.49842	39.93742
	69.5002	39.93693
	69.50174	39.93428
	69.5007	39.93272
	69.50244	39.93125
	69.50254	39.93012
	69.4996	39.92856
	69.49973	39.92747
	69.49379	39.92665
	69.48877	39.92749
	69.48346	39.92973
	69.48015	39.92988
	69.47518	39.92282
	69.47297	39.92274
	69.46626	39.91753
	69.46266	39.91582
	69.46137	39.91595
	69.4607	39.9168
	69.45954	39.91866
	69.4592	39.92275
	69.45807	39.92824
	69.45738	39.93496
	69.45499	39.93686
	69.45122	39.93754
	69.44785	39.93656
	69.44334	39.93068
	69.43827	39.92816
	69.43462	39.9246
	69.43448	39.92314
	69.43206	39.92166
	69.4305	39.92219
	69.42703	39.92943
	69.42765	39.93278
	69.42945	39.93525
	69.43462	39.94878
	69.4351	39.95216
	69.43175	39.95846
	69.43121	39.96415
	69.43339	39.9671
	69.43481	39.97218
	69.43476	39.97382
	69.43415	39.97538
	69.43159	39.97833
	69.42945	39.9792
	69.42803	39.98076
	69.42808	39.9837
	69.43192	39.98828
	69.42168	39.98995
	69.41769	39.99115
	69.41324	39.99313
	69.4083	39.99602
	69.40318	40.00023
	69.39465	40.00256
	69.38986	39.9958
	69.38754	39.99375
	69.37852	39.99373
	69.37217	39.99598
	69.37073	40.0
	69.37032	40.00445
	69.36724	40.01095
	69.36112	40.01923
	69.35443	40.02152
	69.35097	40.02104
	69.34851	40.01948
	69.34694	40.01767
	69.34727	40.01582
	69.34889	40.01411
	69.35225	40.00935
	69.35421	40.00534
	69.35481	40.00194
	69.35502	39.99857
	69.35567	39.99616
	69.35913	39.99003
	69.3588	39.98726
	69.35636	39.98404
	69.3578	39.98192
	69.35778	39.97577
	69.35761	39.9716
	69.35605	39.96906
	69.34893	39.97051
	69.34628	39.96986
	69.34424	39.9684
	69.34397	39.95624
	69.33683	39.96033
	69.33581	39.95731
	69.33169	39.95123
	69.3259	39.94955
	69.32012	39.95144
	69.31746	39.94984
	69.31604	39.93843
	69.31052	39.93648
	69.30543	39.92917
	69.29688	39.92046
	69.29917	39.91644
	69.29908	39.91048
	69.30238	39.91035
	69.31289	39.8916
	69.31975	39.88661
	69.32051	39.88246
	69.32497	39.8786
	69.32783	39.87833
	69.33001	39.87794
	69.32705	39.87533
	69.32441	39.87465
	69.32197	39.87438
	69.32062	39.87511
	69.3188	39.87511
	69.31776	39.87213
	69.31737	39.87094
	69.31591	39.87089
	69.31214	39.87205
	69.30885	39.87272
	69.30755	39.87365
	69.30502	39.87378
	69.30325	39.87215
	69.30127	39.86834
	69.29993	39.86252
	69.30024	39.859
	69.30174	39.8555
	69.30366	39.84688
	69.29634	39.84222
	69.28958	39.83871
	69.28465	39.83766
	69.28227	39.83613
	69.28424	39.83313
	69.28547	39.83038
	69.28539	39.82887
	69.28376	39.82768
	69.28355	39.82575
	69.28177	39.82641
	69.2803	39.82573
	69.2795	39.8241
	69.27711	39.82337
	69.27544	39.82442
	69.27362	39.82641
	69.27298	39.82757
	69.27219	39.8269
	69.27144	39.82705
	69.26974	39.82912
	69.2697	39.82577
	69.26797	39.81932
	69.26627	39.81565
	69.26539	39.81044
	69.26495	39.80604
	69.26601	39.80588
	69.26755	39.80634
	69.26978	39.80598
	69.27117	39.80461
	69.27293	39.80445
	69.27625	39.80379
	69.27874	39.80366
	69.27997	39.80299
	69.27962	39.80011
	69.27999	39.79701
	69.27877	39.79493
	69.27906	39.79193
	69.27918	39.78986
	69.2804	39.78916
	69.28229	39.78916
	69.28301	39.78614
	69.28315	39.78125
	69.28362	39.78067
	69.29379	39.78087
	69.29467	39.78049
	69.29066	39.77635
	69.28905	39.77488
	69.28561	39.77225
	69.28896	39.76919
	69.29097	39.7666
	69.29119	39.76423
	69.29066	39.76155
	69.28881	39.75944
	69.28824	39.75686
	69.28909	39.75503
	69.29681	39.74793
	69.30105	39.74269
	69.30546	39.73779
	69.31037	39.7327
	69.31184	39.73188
	69.31326	39.73169
	69.31533	39.73086
	69.31668	39.72943
	69.31943	39.72848
	69.32114	39.72674
	69.32224	39.7243
	69.32461	39.72172
	69.32631	39.72033
	69.32835	39.71722
	69.3296	39.71377
	69.33172	39.71009
	69.33301	39.70499
	69.33424	39.70263
	69.33659	39.70169
	69.33705	39.70066
	69.33643	39.69951
	69.33694	39.6972
	69.33286	39.6955
	69.32731	39.69213
	69.32284	39.68794
	69.3225	39.68618
	69.32025	39.68431
	69.31918	39.67884
	69.31838	39.6709
	69.31955	39.66826
	69.32066	39.66628
	69.32139	39.66329
	69.32327	39.66122
	69.32569	39.66003
	69.328	39.6593
	69.32971	39.65453
	69.33022	39.64856
	69.33136	39.64353
	69.32943	39.64121
	69.32897	39.6388
	69.32903	39.63628
	69.33062	39.63388
	69.333	39.62983
	69.33619	39.62798
	69.33871	39.62711
	69.34104	39.62693
	69.34331	39.6262
	69.34492	39.62408
	69.34516	39.62178
	69.34462	39.61891
	69.34263	39.61623
	69.34257	39.61507
	69.34068	39.61192
	69.33931	39.60286
	69.33967	39.60132
	69.35247	39.59734
	69.35508	39.59709
	69.35892	39.59629
	69.35989	39.59569
	69.35786	39.59277
	69.35615	39.58661
	69.35604	39.57968
	69.35453	39.57902
	69.35453	39.57529
	69.35595	39.57215
	69.35576	39.56886
	69.35434	39.56601
	69.34941	39.56228
	69.3477	39.55701
	69.34011	39.55306
	69.3377	39.54644
	69.33969	39.54169
	69.34396	39.54001
	69.34447	39.53923
	69.34574	39.53613
	69.35115	39.52905
	69.36168	39.52111
	69.36502	39.52055
	69.373	39.52088
	69.37705	39.5231
	69.38001	39.52821
	69.38241	39.53698
	69.38848	39.54253
	69.39377	39.55199
	69.39647	39.55696
	69.40138	39.56191
	69.40358	39.56305
	69.4073	39.56324
	69.40884	39.56246
	69.40978	39.5606
	69.40978	39.55843
	69.4077	39.55336
	69.40788	39.54928
	69.41134	39.54635
	69.41538	39.54569
	69.42111	39.54143
	69.4281	39.53944
	69.43494	39.53637
	69.44091	39.53294
	69.4452	39.52871
	69.44778	39.52831
	69.45278	39.53073
	69.46001	39.53329
	69.46469	39.53595
	69.46992	39.53911
	69.47189	39.53938
	69.4734	39.53839
	69.47576	39.53438
	69.47924	39.53006
	69.48144	39.52793
	69.48562	39.52636
	69.49071	39.53135
	69.4914	39.53632
	69.49247	39.5387
	69.49603	39.53952
	69.50409	39.5388
	69.5108	39.53626
	69.51406	39.53637
	69.51704	39.53906
	69.51985	39.54169
	69.52361	39.54382
	69.5273	39.54506
	69.52991	39.5448
	69.53199	39.5435
	69.53486	39.53919
	69.53632	39.53808
	69.53776	39.5381
	69.53944	39.53947
	69.54247	39.54072
	69.54376	39.54157
	69.54818	39.54907
	69.55201	39.55537
	69.55368	39.55737
	69.55573	39.55822
	69.55871	39.55822
	69.56407	39.55631
	69.56912	39.55385
	69.57397	39.55312
	69.57693	39.55616
	69.57816	39.55719
	69.58053	39.56119
	69.58012	39.56408
	69.58032	39.56724
	69.58197	39.56894
	69.58552	39.57093
	69.58503	39.57592
	69.5857	39.57684
	69.59592	39.58074
	69.6008	39.582
	69.60243	39.58314
	69.60232	39.58401
	69.60168	39.58536
	69.59854	39.58666
	69.59931	39.58823
	69.60042	39.5895
	69.60202	39.59201
	69.61121	39.59207
	69.61389	39.5915
	69.61614	39.59002
	69.61993	39.58918
	69.62341	39.58993
	69.6272	39.59298
	69.62807	39.59326
	69.62942	39.59298
	69.63159	39.5915
	69.63375	39.58976
	69.63622	39.58825
	69.6386	39.5882
	69.63957	39.58556
	69.64048	39.58429
	69.6408	39.58284
	69.64147	39.5816
	69.64294	39.5803
	69.64618	39.58033
	69.64917	39.58117
	69.65183	39.58143
	69.6542	39.58077
	69.65884	39.57851
	69.661	39.57825
	69.6652	39.58055
	69.66875	39.58143
	69.67217	39.58154
	69.67781	39.58028
	69.6789	39.58114
	69.68017	39.58318
	69.68086	39.58976
	69.68232	39.59159
	69.68675	39.59279
	69.68761	39.59414
	69.69473	39.59637
	69.69662	39.59816
	69.69838	39.60053
	69.70009	39.5994
	69.70748	39.59699
	69.71203	39.59433
	69.71635	39.59355
	69.71961	39.59372
	69.7209	39.59464
	69.72444	39.59427
	69.73399	39.59512
	69.73759	39.59505
	69.74467	39.58716
	69.7477	39.58645
	69.75096	39.58651
	69.75544	39.58699
	69.75934	39.58553
	69.76359	39.58297
	69.7755	39.57943
	69.78398	39.5801
	69.79126	39.57559
	69.79361	39.57151
	69.79724	39.56976
	69.80125	39.56816
	69.80447	39.56966
	69.80755	39.56935
	69.80963	39.5678
	69.81406	39.55882
	69.81613	39.55813
	69.82016	39.55808
	69.82257	39.55855
	69.82546	39.5615
	69.82686	39.56124
	69.82861	39.5601
	69.83106	39.55592
	69.83397	39.55302
	69.83706	39.55105
	69.83887	39.54867
	69.84134	39.54724
	69.84478	39.54637
	69.84666	39.54621
	69.85035	39.54528
	69.85236	39.54518
	69.85397	39.54311
	69.85464	39.53866
	69.85565	39.53659
	69.858	39.53471
	69.86243	39.53297
	69.8649	39.53152
	69.86722	39.52949
	69.86915	39.53029
	69.87386	39.53182
	69.87762	39.53503
	69.87991	39.53703
	69.88433	39.53936
	69.88793	39.54235
	69.88495	39.54608
	69.88434	39.54822
	69.88883	39.55184
	69.89252	39.55561
	69.89772	39.55793
	69.89869	39.56027
	69.89808	39.5628
	69.89423	39.5685
	69.89406	39.56988
	69.89688	39.57329
	69.90164	39.57619
	69.90519	39.5766
	69.90743	39.57651
	69.91847	39.5795
	69.92162	39.5797
	69.9233	39.57831
	69.92601	39.5744
	69.93378	39.56791
	69.94098	39.56416
	69.95281	39.56687
	69.95909	39.56881
	69.96192	39.56893
	69.9652	39.56803
	69.9713	39.56735
	69.97824	39.56794
	69.97791	39.56134
	69.97949	39.55826
	69.98414	39.55717
	69.98914	39.5577
	69.99038	39.5573
	69.99023	39.5551
	69.98819	39.55048
	69.98745	39.54662
	69.99243	39.54117
	69.99398	39.53874
	69.996	39.53681
	69.99955	39.53772
	70.00246	39.53937
	70.00694	39.54058
	70.01089	39.54184
	70.01438	39.54254
	70.0191	39.54474
	70.02497	39.54882
	70.02664	39.55034
	70.03134	39.55148
	70.03463	39.55561
	70.03766	39.56229
	70.03883	39.56889
	70.03967	39.57129
	70.04465	39.5701
	70.05043	39.57055
	70.05407	39.57056
	70.0551	39.56896
	70.05813	39.56685
	70.06432	39.56554
	70.06822	39.56416
	70.07079	39.56742
	70.07169	39.57144
	70.07932	39.57659
	70.09269	39.57886
	70.09736	39.58274
	70.10467	39.58739
	70.10972	39.58827
	70.11734	39.59022
	70.12301	39.58885
	70.12707	39.58661
	70.12999	39.58386
	70.13302	39.57998
	70.1351	39.57776
	70.13516	39.57559
	70.13575	39.57244
	70.14038	39.57351
	70.14314	39.57264
	70.14462	39.5714
	70.14878	39.56075
	70.15162	39.56047
	70.16232	39.55656
	70.16809	39.55408
	70.17815	39.55672
	70.18171	39.55904
	70.18626	39.56324
	70.18955	39.56411
	70.19271	39.56551
	70.19532	39.56778
	70.19845	39.57246
	70.20243	39.57593
	70.20663	39.57843
	70.2126	39.5775
	70.21607	39.5759
	70.21815	39.57381
	70.21983	39.56998
	70.22103	39.56646
	70.22659	39.56542
	70.24338	39.5601
	70.24147	39.55733
	70.24113	39.55505
	70.23999	39.55259
	70.24197	39.54983
	70.24191	39.54833
	70.24157	39.54533
	70.23959	39.54269
	70.23808	39.54081
	70.23545	39.53849
	70.23912	39.53813
	70.24576	39.53649
	70.24838	39.53654
	70.25088	39.53607
	70.25607	39.53385
	70.25783	39.53338
	70.26076	39.53195
	70.26785	39.52977
	70.27158	39.52857
	70.27413	39.52813
	70.28738	39.52717
	70.29312	39.5274
	70.29636	39.52728
	70.30082	39.52793
	70.30351	39.52689
	70.30907	39.53003
	70.31108	39.53424
	70.31253	39.53618
	70.31639	39.54229
	70.32059	39.54659
	70.32472	39.54901
	70.32786	39.55096
	70.33081	39.55583
	70.3295	39.56194
	70.3324	39.56335
	70.33971	39.5636
	70.34431	39.56649
	70.34817	39.5709
	70.35472	39.57185
	70.35755	39.57416
	70.35912	39.57863
	70.35862	39.58266
	70.36137	39.58892
	70.37255	39.59564
	70.37552	39.59733
	70.38298	39.5865
	70.38965	39.5822
	70.40947	39.57638
	70.42452	39.57425
	70.43089	39.58293
	70.43476	39.59504
	70.44145	39.60104
	70.4644	39.58228
	70.4711	39.59063
	70.47616	39.59434
	70.49181	39.60641
	70.49779	39.60778
	70.51795	39.60712
	70.5249	39.62208
	70.53443	39.62163
	70.54046	39.61477
	70.54546	39.61052
	70.55093	39.61065
	70.55559	39.60192
	70.56088	39.5964
	70.57419	39.59662
	70.58771	39.5896
	70.6058	39.5858
	70.61536	39.59006
	70.62439	39.59115
	70.62818	39.5858
	70.64732	39.58324
	70.65013	39.58221
	70.65263	39.57889
	70.6569	39.57254
	70.67303	39.56062
	70.68286	39.54545
	70.68641	39.54104
	70.6855	39.53069
	70.69404	39.52365
	70.69436	39.51979
	70.70291	39.5157
	70.71311	39.50238
	70.72215	39.49799
	70.74563	39.48704
	70.75433	39.4776
	70.76144	39.46246
	70.76273	39.4533
	70.76291	39.42642
	70.76614	39.41863
	70.76712	39.40467
	70.76803	39.39936
	70.77328	39.39436
	70.78845	39.38947
	70.81561	39.38845
	70.83798	39.39
	70.86047	39.39346
	70.86788	39.39317
	70.87998	39.38887
	70.8919	39.38169
	70.91241	39.3833
	70.92213	39.39012
	70.93498	39.4069
	70.93563	39.42655
	70.94103	39.43354
	70.951	39.43459
	70.9594	39.43042
	70.9745	39.41495
	70.98455	39.40785
	70.99353	39.40317
	71.00835	39.40259
	71.03134	39.40408
	71.05148	39.40904
	71.06606	39.41422
	71.07261	39.41971
	71.08088	39.43234
	71.07956	39.44967
	71.07784	39.47038
	71.08091	39.48085
	71.08968	39.49917
	71.09946	39.50646
	71.11272	39.51024
	71.12762	39.5106
	71.16956	39.50747
	71.19337	39.5113
	71.20551	39.51656
	71.23968	39.53578
	71.24406	39.5452
	71.2532	39.55203
	71.25858	39.54892
	71.26427	39.54149
	71.27788	39.52317
	71.28682	39.518
	71.2955	39.51812
	71.30765	39.52337
	71.3289	39.5436
	71.33446	39.552
	71.33562	39.56875
	71.35472	39.57563
	71.36098	39.57632
	71.39232	39.57212
	71.41459	39.57117
	71.43552	39.57748
	71.46008	39.5913
	71.47864	39.60778
	71.48769	39.61267
	71.49893	39.61362
	71.52605	39.60237
	71.55103	39.58736
	71.56001	39.57449
	71.56126	39.55764
	71.55788	39.54531
	71.54767	39.53279
	71.5435	39.5181
	71.54379	39.50513
	71.55258	39.47258
	71.56244	39.45487
	71.57687	39.44896
	71.5929	39.44777
	71.61313	39.44496
	71.6264	39.44005
	71.64063	39.4399
	71.6615	39.44569
	71.6749	39.45085
	71.68619	39.45275
	71.70689	39.45614
	71.71742	39.45614
	71.73032	39.4546
	71.73842	39.4552
	71.74909	39.45711
	71.76083	39.45658
	71.771	39.4518
	71.78647	39.44341
	71.79772	39.42849
	71.80382	39.40277
	71.80029	39.38084
	71.79615	39.37527
	71.77322	39.36672
	71.75716	39.35064
	71.75267	39.32396
	71.76094	39.31062
	71.78012	39.28622
	71.79063	39.27805
	71.80204	39.27369
	71.81821	39.27487
	71.83604	39.28173
	71.84604	39.28319
	71.87926	39.28117
	71.89984	39.27541
	71.91111	39.27728
	71.91876	39.28029
	71.93152	39.3013
	71.94457	39.31797
	71.95799	39.33127
	71.97122	39.33449
	71.97838	39.33895
	71.99516	39.34776
	72.01211	39.3508
	72.01926	39.35526
	72.03035	39.36242
	72.03563	39.36649
	72.04292	39.3647
	72.05059	39.36001
	72.05861	39.35195
	72.06322	39.33203
	72.06554	39.32232
	72.07776	39.30492
	72.08196	39.2956
	72.08548	39.28534
	72.09673	39.27135
	72.1067	39.26463
	72.11782	39.26457
	72.12844	39.26598
	72.15984	39.26445
	72.16827	39.26164
	72.17551	39.25168
	72.18154	39.24226
	72.19027	39.23558
	72.20861	39.22556
	72.21468	39.21661
	72.21678	39.2045
	72.21597	39.19445
	72.22003	39.18369
	72.23293	39.17536
	72.24508	39.17284
	72.257	39.17514
	72.2614	39.18356
	72.26281	39.20079
	72.26302	39.21086
	72.27174	39.22677
	72.28631	39.24622
	72.3079	39.29798
	72.32218	39.31359
	72.34251	39.32746
	72.34953	39.32999
	72.35812	39.32908
	72.37767	39.32618
	72.38761	39.32664
	72.40354	39.33208
	72.4221	39.3393
	72.43794	39.34378
	72.4561	39.34622
	72.46933	39.3489
	72.47713	39.35331
	72.48132	39.35886
	72.48521	39.36826
	72.48928	39.37238
	72.49643	39.37633
	72.50198	39.37605
	72.51118	39.37509
	72.51685	39.37624
	72.52376	39.37733
	72.53584	39.37382
	72.54353	39.36958
	72.55043	39.35626
	72.56173	39.35087
	72.57841	39.35048
	72.5951	39.3573
	72.60468	39.36785
	72.61534	39.38362
	72.625	39.38792
	72.64387	39.38405
	72.65665	39.38146
	72.66421	39.38298
	72.67864	39.3851
	72.69097	39.38445
	72.70888	39.37677
	72.74599	39.37007
	72.74925	39.37133
	72.75289	39.37124
	72.75712	39.36955
	72.76209	39.36675
	72.76489	39.36542
	72.76772	39.3646
	72.77132	39.36388
	72.77532	39.36385
	72.78001	39.36389
	72.78285	39.36224
	72.78385	39.36
	72.78419	39.35184
	72.78444	39.34905
	72.78526	39.34675
	72.78642	39.34681
	72.7886	39.34664
	72.78972	39.34644
	72.79075	39.34608
	72.7983	39.3511
	72.79967	39.35189
	72.80543	39.35354
	72.8084	39.35508
	72.81291	39.35697
	72.81571	39.35948
	72.8174	39.36032
	72.8188	39.36069
	72.81959	39.36095
	72.8244	39.36097
	72.82735	39.36263
	72.82856	39.36257
	72.83016	39.36259
	72.83231	39.36267
	72.83314	39.36255
	72.83421	39.36205
	72.83599	39.36107
	72.8398	39.35733
	72.84193	39.35454
	72.84336	39.35323
	72.84363	39.35303
	72.84712	39.35191
	72.84904	39.35218
	72.85307	39.35164
	72.85514	39.35195
	72.85734	39.35192
	72.85983	39.35096
	72.86394	39.34899
	72.8666	39.3475
	72.86792	39.3468
	72.87238	39.34742
	72.87463	39.34742
	72.87697	39.3468
	72.87771	39.34572
	72.87794	39.34444
	72.87971	39.34745
	72.88258	39.35075
	72.88797	39.35654
	72.89248	39.35903
	72.89879	39.3615
	72.90469	39.36554
	72.90716	39.36665
	72.90922	39.36719
	72.9162	39.36862
	72.9226	39.36831
	72.92669	39.3688
	72.93122	39.37116
	72.93233	39.37181
	72.93513	39.37171
	72.9393	39.37078
	72.93989	39.3688
	72.94055	39.36749
	72.94168	39.36232
	72.9437	39.35884
	72.94661	39.35564
	72.95008	39.35343
	72.95159	39.35235
	72.95389	39.35029
	72.95604	39.34767
	72.95718	39.34685
	72.95887	39.34665
	72.96604	39.35321
	72.97054	39.35653
	72.97391	39.35816
	72.97691	39.35839
	72.97953	39.3584
	72.98107	39.35764
	72.98416	39.35752
	72.99014	39.35857
	72.9955	39.3617
	72.99937	39.36083
	73.01598	39.3553
	73.02944	39.35359
	73.0426	39.35526
	73.05748	39.36212
	73.0798	39.36904
	73.0957	39.37343
	73.11273	39.37007
	73.12584	39.36453
	73.14383	39.35823
	73.17696	39.35491
	73.19079	39.35701
	73.20135	39.35736
	73.21301	39.35622
	73.2183	39.35976
	73.31563	39.38142
	73.32786	39.38679
	73.34338	39.40041
	73.35536	39.40571
	73.3644	39.40996
	73.3778	39.43946
	73.38348	39.44682
	73.39011	39.45124
	73.40292	39.44905
	73.4173	39.44388
	73.42744	39.44617
	73.43982	39.45217
	73.46163	39.46579
	73.49171	39.46881
	73.49922	39.47151
	73.50513	39.47318
	73.50913	39.47269
	73.51402	39.47364
	73.52114	39.46822
	73.52294	39.4696
	73.52668	39.47006
	73.53169	39.46822
	73.53468	39.46492
	73.54015	39.46157
	73.55048	39.46001
	73.55444	39.45736
	73.56706	39.45552
	73.56929	39.45609
	73.5715	39.45926
	73.57851	39.46518
	73.58925	39.46771
	73.59232	39.46635
	73.59449	39.46339
	73.59889	39.46086
	73.5999	39.45999
	73.5992	39.45892
	73.5986	39.45836
	73.59742	39.45631
	73.59684	39.45597
	73.59507	39.45309
	73.59507	39.4502
	73.59716	39.44554
	73.59684	39.44265
	73.5933	39.44089
	73.59202	39.43928
	73.59106	39.4372
	73.59042	39.43463
	73.59202	39.43094
	73.59395	39.42901
	73.59619	39.42692
	73.59668	39.42564
	73.59379	39.42339
	73.59266	39.42195
	73.59138	39.4189
	73.59106	39.41745
	73.59218	39.41136
	73.59009	39.4112
	73.58351	39.4075
	73.57822	39.40606
	73.57485	39.40494
	73.57324	39.40349
	73.57148	39.40237
	73.57084	39.39771
	73.56137	39.39531
	73.55832	39.3937
	73.55751	39.39386
	73.5519	39.3945
	73.54917	39.39386
	73.54692	39.39274
	73.54451	39.39161
	73.54146	39.39097
	73.52622	39.39145
	73.52317	39.39049
	73.52162	39.38683
	73.52071	39.38602
	73.5156	39.38511
	73.51064	39.3847
	73.50745	39.3823
	73.50468	39.38236
	73.49973	39.38174
	73.50003	39.38024
	73.50078	39.37879
	73.50519	39.37621
	73.50808	39.37573
	73.51111	39.37465
	73.51693	39.37506
	73.51964	39.3746
	73.52172	39.3746
	73.52396	39.37417
	73.52525	39.37348
	73.52651	39.37101
	73.52927	39.36979
	73.53023	39.36947
	73.53248	39.3661
	73.5344	39.36561
	73.5389	39.3661
	73.53986	39.3661
	73.54162	39.36321
	73.54307	39.36144
	73.54435	39.36
	73.54531	39.35857
	73.54511	39.35616
	73.54771	39.35733
	73.54875	39.35743
	73.5497	39.35639
	73.55088	39.35586
	73.55334	39.35647
	73.5555	39.35574
	73.55857	39.35477
	73.5626	39.35175
	73.56425	39.35005
	73.56613	39.34587
	73.56223	39.34353
	73.56073	39.34275
	73.55933	39.34277
	73.55758	39.34341
	73.55519	39.34402
	73.55387	39.34341
	73.55324	39.34129
	73.55373	39.33936
	73.55138	39.33692
	73.55079	39.33637
	73.55063	39.33447
	73.55296	39.31393
	73.55669	39.311
	73.55868	39.30907
	73.56192	39.30768
	73.56133	39.30593
	73.56088	39.30211
	73.56039	39.30081
	73.55832	39.29853
	73.55612	39.29668
	73.55488	39.29507
	73.55398	39.29355
	73.55286	39.2913
	73.55061	39.28825
	73.54736	39.28653
	73.54386	39.28476
	73.54176	39.28342
	73.53949	39.28144
	73.53794	39.2778
	73.53929	39.27713
	73.54211	39.27525
	73.54676	39.27323
	73.54988	39.27181
	73.5533	39.27175
	73.55416	39.27062
	73.55504	39.27007
	73.5589	39.26984
	73.56301	39.27134
	73.56229	39.2682
	73.56245	39.26718
	73.56441	39.26415
	73.56453	39.26135
	73.56217	39.25875
	73.56337	39.25631
	73.56379	39.25377
	73.55928	39.24939
	73.56188	39.24934
	73.56509	39.25006
	73.56682	39.24877
	73.56907	39.24387
	73.57244	39.24348
	73.57647	39.24219
	73.57785	39.24129
	73.58231	39.23966
	73.58474	39.23924
	73.58807	39.23946
	73.59089	39.2407
	73.59613	39.24187
	73.59809	39.24254
	73.60031	39.24268
	73.60262	39.24323
	73.60827	39.24604
	73.61057	39.24635
	73.61319	39.24677
	73.61299	39.24387
	73.61376	39.24195
	73.61415	39.24107
	73.61555	39.24034
	73.61786	39.24043
	73.6196	39.24043
	73.62018	39.23908
	73.61955	39.23767
	73.62205	39.23422
	73.62602	39.23338
	73.62991	39.23205
	73.63179	39.23028
	73.63333	39.22777
	73.63397	39.2261
	73.63356	39.22398
	73.63359	39.22117
	73.63423	39.21876
	73.63519	39.21747
	73.63873	39.21555
	73.64355	39.2123
	73.64306	39.21025
	73.64158	39.20719
	73.64094	39.20361
	73.6437	39.20207
	73.64579	39.20175
	73.65301	39.20175
	73.65538	39.19663
	73.65631	39.19573
	73.65766	39.19468
	73.66071	39.19265
	73.65837	39.19085
	73.65744	39.18839
	73.65734	39.18489
	73.6582	39.18435
	73.65911	39.18329
	73.65975	39.18217
	73.66071	39.17976
	73.66136	39.17719
	73.66129	39.17431
	73.65962	39.1709
	73.65991	39.16916
	73.66138	39.16581
	73.66182	39.16497
	73.66484	39.16549
	73.66677	39.16446
	73.67013	39.16466
	73.67347	39.16725
	73.6799	39.16406
	73.684	39.16402
	73.68906	39.16004
	73.68575	39.15761
	73.6839	39.15133
	73.67965	39.14782
	73.67814	39.14661
	73.67999	39.14558
	73.68116	39.14363
	73.68381	39.14255
	73.69002	39.14117
	73.69222	39.14112
	73.69702	39.13873
	73.70084	39.13707
	73.70281	39.13672
	73.70654	39.13665
	73.70501	39.1345
	73.70501	39.13257
	73.70565	39.13129
	73.70646	39.13081
	73.7082	39.12926
	73.70816	39.12657
	73.70656	39.12164
	73.70847	39.12081
	73.70973	39.11975
	73.71352	39.11604
	73.71865	39.11315
	73.72074	39.11194
	73.71666	39.10857
	73.71604	39.10639
	73.71472	39.10354
	73.71418	39.10264
	73.71434	39.1011
	73.71486	39.10015
	73.71618	39.09894
	73.71736	39.09661
	73.71721	39.0955
	73.71673	39.09437
	73.71606	39.09215
	73.71555	39.09104
	73.71496	39.08843
	73.71496	39.08648
	73.71427	39.08507
	73.71288	39.08282
	73.71147	39.08158
	73.71111	39.07897
	73.71047	39.07704
	73.71047	39.07592
	73.71223	39.07447
	73.71513	39.07282
	73.71609	39.0719
	73.72077	39.06875
	73.72316	39.0687
	73.72595	39.06885
	73.72832	39.06843
	73.72986	39.06764
	73.73221	39.06732
	73.73324	39.06204
	73.73337	39.06031
	73.73439	39.05932
	73.73578	39.05704
	73.73865	39.05312
	73.7387	39.051
	73.73845	39.05012
	73.73775	39.04866
	73.73742	39.04707
	73.73733	39.04422
	73.73757	39.0431
	73.73776	39.04128
	73.73775	39.03964
	73.73676	39.03654
	73.73775	39.0357
	73.73985	39.03374
	73.74139	39.03333
	73.74253	39.03115
	73.74885	39.02708
	73.74995	39.026
	73.75123	39.02536
	73.75483	39.02536
	73.75663	39.02698
	73.7581	39.02777
	73.76167	39.02953
	73.76527	39.03185
	73.76648	39.03098
	73.76911	39.03001
	73.77159	39.02788
	73.7728	39.02757
	73.77511	39.02741
	73.77879	39.02789
	73.7831	39.02879
	73.78495	39.02952
	73.78713	39.03109
	73.7867	39.0329
	73.78687	39.03387
	73.78799	39.03563
	73.78833	39.03721
	73.78891	39.03884
	73.78975	39.03996
	73.79047	39.04189
	73.79409	39.04253
	73.79738	39.04259
	73.80143	39.04194
	73.80324	39.04189
	73.80773	39.04146
	73.80972	39.04175
	73.81242	39.04282
	73.81527	39.03756
	73.82162	39.0282
	73.82085	39.02255
	73.82238	39.02122
	73.82815	39.01998
	73.82997	39.01757
	73.83213	39.01557
	73.83389	39.013
	73.83486	39.01107
	73.83693	39.00878
	73.83882	39.00648
	73.84141	39.00263
	73.84417	38.99964
	73.84326	38.99749
	73.84323	38.99564
	73.84403	38.9901
	73.84336	38.987
	73.84336	38.98411
	73.84416	38.98251
	73.84627	38.97619
	73.84707	38.97328
	73.84882	38.97042
	73.84928	38.96822
	73.84872	38.96463
	73.849	38.96216
	73.8497	38.9614
	73.8505	38.96039
	73.8513	38.95925
	73.85151	38.95697
	73.85274	38.95558
	73.85344	38.95395
	73.85402	38.95236
	73.84868	38.94984
	73.84697	38.94859
	73.84606	38.94631
	73.84582	38.94302
	73.84585	38.9403
	73.84473	38.93849
	73.84022	38.93538
	73.83868	38.93388
	73.83781	38.9319
	73.83722	38.93067
	73.83711	38.92926
	73.83743	38.92733
	73.83693	38.92595
	73.83602	38.92459
	73.83548	38.92347
	73.83541	38.92152
	73.83428	38.92095
	73.83286	38.92011
	73.83036	38.91894
	73.8254	38.91715
	73.82412	38.91742
	73.82145	38.91818
	73.8202	38.91972
	73.81862	38.92263
	73.81438	38.92578
	73.81288	38.92893
	73.81285	38.9309
	73.8111	38.93211
	73.80945	38.93314
	73.80662	38.93323
	73.80388	38.93247
	73.80062	38.9313
	73.7982	38.93047
	73.79585	38.92922
	73.79488	38.92887
	73.79168	38.93034
	73.78979	38.93204
	73.78446	38.93548
	73.7819	38.93935
	73.78045	38.94206
	73.77869	38.94211
	73.77605	38.94182
	73.77355	38.9411
	73.77112	38.9394
	73.76915	38.93744
	73.76721	38.93729
	73.76436	38.93799
	73.76219	38.93915
	73.76067	38.9405
	73.75737	38.94246
	73.75546	38.94191
	73.75416	38.94093
	73.75172	38.93821
	73.7495	38.93386
	73.74872	38.9336
	73.74738	38.93371
	73.7461	38.93361
	73.74477	38.93293
	73.74359	38.93093
	73.74209	38.92906
	73.7402	38.92734
	73.73908	38.92624
	73.73837	38.92463
	73.73758	38.92231
	73.73757	38.91945
	73.73768	38.91784
	73.73667	38.91574
	73.73449	38.91323
	73.73398	38.91056
	73.73092	38.9093
	73.72826	38.9088
	73.72482	38.90856
	73.72231	38.90812
	73.72044	38.90805
	73.71701	38.90743
	73.71528	38.90418
	73.7124	38.90165
	73.71078	38.90027
	73.70964	38.89733
	73.70902	38.89546
	73.71051	38.89237
	73.71195	38.88849
	73.70994	38.88673
	73.70805	38.88451
	73.70595	38.88221
	73.70332	38.88071
	73.69993	38.87982
	73.69922	38.87777
	73.7002	38.87636
	73.70182	38.87332
	73.70345	38.87147
	73.70268	38.86747
	73.70212	38.8647
	73.70419	38.86103
	73.69921	38.85698
	73.69456	38.85289
	73.69926	38.85178
	73.70254	38.85017
	73.70586	38.84731
	73.7071	38.84613
	73.71171	38.84655
	73.71797	38.8451
	73.72405	38.8457
	73.72737	38.84509
	73.72981	38.84381
	73.73053	38.84175
	73.73047	38.83862
	73.72987	38.83673
	73.72864	38.83474
	73.72959	38.83159
	73.72974	38.82991
	73.7331	38.82907
	73.73551	38.82747
	73.73791	38.82329
	73.73946	38.82097
	73.74066	38.81923
	73.74091	38.81792
	73.74204	38.81691
	73.74351	38.81592
	73.74438	38.81387
	73.74487	38.81098
	73.74706	38.80596
	73.7488	38.8046
	73.75034	38.80395
	73.75073	38.80249
	73.75018	38.80089
	73.75252	38.79665
	73.75436	38.79407
	73.75573	38.79264
	73.75804	38.79074
	73.75933	38.7891
	73.76059	38.78616
	73.76263	38.78525
	73.76402	38.784
	73.76478	38.78245
	73.7668	38.78042
	73.76782	38.77821
	73.76646	38.77676
	73.76618	38.77493
	73.76677	38.77275
	73.76762	38.77072
	73.76128	38.7709
	73.7567	38.77081
	73.75582	38.76937
	73.75532	38.76725
	73.75543	38.76365
	73.75348	38.76311
	73.75268	38.76198
	73.75264	38.75793
	73.75316	38.75636
	73.75271	38.75293
	73.75357	38.75064
	73.75278	38.74849
	73.75261	38.7463
	73.75014	38.74368
	73.74722	38.74192
	73.74546	38.73839
	73.74491	38.73702
	73.7442	38.73462
	73.74385	38.73181
	73.74662	38.72903
	73.74724	38.72811
	73.74963	38.7278
	73.7522	38.72667
	73.75461	38.72475
	73.75653	38.72443
	73.75875	38.72459
	73.76076	38.72417
	73.76224	38.72403
	73.76441	38.72316
	73.76504	38.72025
	73.76616	38.71865
	73.76978	38.71725
	73.7695	38.71527
	73.7691	38.71348
	73.76757	38.71058
	73.76749	38.7083
	73.76664	38.70709
	73.76587	38.70505
	73.77243	38.70215
	73.77473	38.70153
	73.77343	38.69945
	73.77242	38.6941
	73.77796	38.69239
	73.77975	38.69162
	73.78082	38.69008
	73.78068	38.68744
	73.78012	38.68639
	73.7798	38.6851
	73.78053	38.68405
	73.78101	38.68295
	73.78001	38.68017
	73.78158	38.6798
	73.78303	38.67887
	73.78714	38.67698
	73.78879	38.67467
	73.792	38.67371
	73.79537	38.67323
	73.79611	38.6722
	73.79617	38.67114
	73.79648	38.66894
	73.79621	38.66705
	73.8034	38.66424
	73.80516	38.66392
	73.80532	38.66183
	73.80596	38.66007
	73.80596	38.65878
	73.80356	38.65814
	73.80147	38.65236
	73.80067	38.64883
	73.80308	38.64771
	73.8042	38.64658
	73.80548	38.64482
	73.80629	38.64337
	73.80789	38.64241
	73.80966	38.64177
	73.80933	38.63695
	73.80901	38.63455
	73.80879	38.63192
	73.80741	38.63246
	73.80596	38.62973
	73.80211	38.62524
	73.80195	38.62395
	73.80003	38.62171
	73.80019	38.62042
	73.80019	38.61785
	73.80099	38.61609
	73.80147	38.61384
	73.80275	38.61304
	73.80372	38.61176
	73.80789	38.61063
	73.81094	38.61047
	73.81527	38.60839
	73.81945	38.60518
	73.82169	38.60277
	73.82619	38.60164
	73.8294	38.60164
	73.83068	38.59908
	73.8355	38.59442
	73.8379	38.5933
	73.83951	38.59298
	73.84047	38.59185
	73.8432	38.58897
	73.84529	38.58816
	73.84609	38.58736
	73.85106	38.58704
	73.8554	38.58447
	73.85668	38.58255
	73.85925	38.58174
	73.86053	38.57853
	73.86471	38.58014
	73.86904	38.5811
	73.86984	38.58271
	73.87305	38.58351
	73.87658	38.58447
	73.87851	38.58447
	73.88348	38.58543
	73.88605	38.58447
	73.88926	38.58495
	73.89231	38.58415
	73.8936	38.58399
	73.89616	38.5819
	73.89873	38.58094
	73.8997	38.57853
	73.90194	38.57468
	73.90194	38.57035
	73.90258	38.56987
	73.90339	38.56762
	73.90467	38.56521
	73.9066	38.56329
	73.90868	38.562
	73.91109	38.55943
	73.9151	38.5559
	73.91928	38.55382
	73.92008	38.55157
	73.92008	38.5498
	73.9204	38.54884
	73.92152	38.54836
	73.92233	38.5474
	73.92233	38.54515
	73.92329	38.54387
	73.92361	38.54258
	73.92473	38.54242
	73.92891	38.54098
	73.93212	38.54098
	73.93693	38.54194
	73.93757	38.54033
	73.93918	38.53777
	73.94512	38.53664
	73.94688	38.53729
	73.95122	38.53456
	73.95346	38.53552
	73.95603	38.53584
	73.95844	38.5352
	73.96052	38.53504
	73.96357	38.53488
	73.96662	38.53391
	73.97256	38.53536
	73.97657	38.53664
	73.98043	38.53424
	73.98315	38.53183
	73.98524	38.53087
	73.9862	38.52926
	73.98845	38.52685
	73.98941	38.52445
	73.99407	38.52284
	73.99824	38.52188
	74.00514	38.52316
	74.00851	38.52493
	74.00851	38.52814
	74.00707	38.53215
	74.00948	38.53488
	74.01413	38.536
	74.01606	38.5368
	74.0236	38.53873
	74.02809	38.54274
	74.03146	38.54242
	74.03339	38.54178
	74.03644	38.54258
	74.03933	38.54419
	74.04671	38.54242
	74.05137	38.53921
	74.05554	38.5368
	74.05859	38.53696
	74.06196	38.5368
	74.06629	38.536
	74.07335	38.53327
	74.07528	38.53215
	74.07672	38.53263
	74.07849	38.53247
	74.08314	38.53456
	74.08459	38.536
	74.08619	38.53664
	74.08748	38.53921
	74.08844	38.54162
	74.0886	38.54531
	74.08812	38.54884
	74.08748	38.55012
	74.08347	38.55093
	74.07737	38.55253
	74.07592	38.55606
	74.07512	38.55671
	74.07528	38.55831
	74.07335	38.56296
	74.07079	38.56585
	74.0695	38.56874
	74.06725	38.57147
	74.06613	38.57227
	74.06228	38.57564
	74.06212	38.57837
	74.0679	38.58046
	74.06918	38.5819
	74.07175	38.58367
	74.07512	38.58784
	74.07528	38.58945
	74.07319	38.59137
	74.07432	38.59603
	74.07608	38.60036
	74.07448	38.60518
	74.07416	38.60694
	74.074	38.60903
	74.07464	38.61079
	74.07608	38.61047
	74.07833	38.61063
	74.07961	38.61144
	74.08234	38.61079
	74.0894	38.61047
	74.09021	38.61031
	74.09197	38.61144
	74.09326	38.61368
	74.09598	38.61432
	74.09775	38.61336
	74.09968	38.6132
	74.10137	38.61355
	74.10246	38.61365
	74.10337	38.61346
	74.10449	38.61281
	74.10542	38.6124
	74.10633	38.61225
	74.10826	38.61203
	74.10873	38.61125
	74.11057	38.6101
	74.11184	38.60985
	74.11334	38.60982
	74.11378	38.60976
	74.11449	38.60947
	74.11543	38.61044
	74.11574	38.61091
	74.11524	38.61278
	74.11502	38.61471
	74.11515	38.61546
	74.11602	38.61739
	74.11714	38.61758
	74.11811	38.61798
	74.11867	38.61842
	74.11914	38.61917
	74.11936	38.61976
	74.11926	38.62076
	74.11939	38.62147
	74.1197	38.6226
	74.11957	38.62313
	74.11917	38.6235
	74.11833	38.62456
	74.11854	38.62568
	74.11854	38.62646
	74.11811	38.62724
	74.11773	38.62805
	74.11755	38.62877
	74.11758	38.62955
	74.11795	38.63026
	74.11842	38.63083
	74.1192	38.63139
	74.11992	38.63154
	74.12029	38.63173
	74.12063	38.63313
	74.12073	38.63388
	74.12051	38.63444
	74.11985	38.63531
	74.11964	38.63619
	74.11914	38.63674
	74.11992	38.63759
	74.12051	38.63885
	74.11995	38.63941
	74.12094	38.64108
	74.12132	38.64164
	74.18689	38.64028
	74.23779	38.61484
	74.25691	38.60234
	74.26593	38.60035
	74.28444	38.59842
	74.38772	38.53944
	74.50668	38.4715
	74.61481	38.44902
	74.65074	38.44594
	74.66591	38.43511
	74.69542	38.4251
	74.67755	38.39875
	74.66553	38.3806
	74.68771	38.333
	74.6932	38.30895
	74.69731	38.30578
	74.70451	38.29453
	74.70613	38.28393
	74.7058	38.28249
	74.69549	38.26449
	74.69794	38.22816
	74.70639	38.22171
	74.7088	38.21726
	74.71105	38.21294
	74.72907	38.21498
	74.73792	38.21548
	74.75327	38.21526
	74.75928	38.20983
	74.76186	38.2031
	74.76825	38.19835
	74.77102	38.19689
	74.77222	38.19679
	74.77742	38.19791
	74.78123	38.19826
	74.78337	38.19799
	74.78388	38.19802
	74.78538	38.19904
	74.78667	38.19954
	74.79082	38.20018
	74.79155	38.2005
	74.79315	38.20079
	74.79544	38.20027
	74.79592	38.20029
	74.79649	38.2005
	74.79987	38.20252
	74.80334	38.19929
	74.80431	38.19883
	74.80357	38.19535
	74.8024	38.19061
	74.8026	38.18901
	74.80327	38.18714
	74.8043	38.183
	74.80494	38.18186
	74.80558	38.18085
	74.80535	38.18012
	74.80521	38.17889
	74.8054	38.17752
	74.80498	38.17478
	74.80448	38.17359
	74.80444	38.17249
	74.80412	38.16989
	74.8027	38.16751
	74.80201	38.1655
	74.80174	38.16349
	74.80165	38.16203
	74.80165	38.16089
	74.80116	38.15996
	74.80051	38.15892
	74.79926	38.15738
	74.79901	38.15638
	74.79901	38.15617
	74.80304	38.15263
	74.80385	38.14984
	74.80413	38.14871
	74.80435	38.14801
	74.80549	38.14666
	74.80643	38.1455
	74.80636	38.14525
	74.80633	38.14483
	74.80617	38.1444
	74.8062	38.14411
	74.80636	38.14381
	74.80638	38.14354
	74.80576	38.14221
	74.80536	38.14173
	74.80518	38.14141
	74.80579	38.1396
	74.80594	38.13885
	74.80594	38.13835
	74.80579	38.13784
	74.80561	38.13765
	74.80593	38.13714
	74.80663	38.13684
	74.80714	38.13648
	74.8137	38.13247
	74.81736	38.13039
	74.81853	38.12812
	74.81827	38.12692
	74.81779	38.126
	74.81743	38.12487
	74.81692	38.12392
	74.81688	38.12337
	74.81743	38.12019
	74.81739	38.11921
	74.81706	38.11804
	74.81699	38.11738
	74.81743	38.11606
	74.81805	38.11263
	74.81893	38.10934
	74.81922	38.10777
	74.81907	38.10656
	74.8186	38.10532
	74.81787	38.10371
	74.81754	38.10236
	74.81732	38.10104
	74.81728	38.09987
	74.81765	38.09863
	74.81845	38.09739
	74.819	38.09618
	74.81918	38.09501
	74.8198	38.09322
	74.82097	38.09019
	74.82086	38.08854
	74.82068	38.08777
	74.82075	38.08701
	74.82057	38.0862
	74.82028	38.08529
	74.82196	38.0846
	74.8232	38.08423
	74.82415	38.08379
	74.8251	38.0835
	74.82711	38.08332
	74.82763	38.08321
	74.82854	38.08101
	74.82912	38.07981
	74.82989	38.07886
	74.83077	38.07802
	74.83135	38.07718
	74.83179	38.07644
	74.83208	38.07557
	74.83223	38.07465
	74.83256	38.07403
	74.83314	38.07345
	74.83366	38.07275
	74.83483	38.07275
	74.83556	38.07261
	74.83621	38.07239
	74.83713	38.07224
	74.83771	38.07221
	74.83855	38.0725
	74.84024	38.07363
	74.84151	38.07429
	74.84217	38.07469
	74.84393	38.07433
	74.84484	38.07407
	74.84539	38.07381
	74.84623	38.07385
	74.84681	38.074
	74.84893	38.0725
	74.84992	38.07188
	74.85061	38.07129
	74.85208	38.07019
	74.85303	38.06987
	74.85368	38.06946
	74.85405	38.06914
	74.8542	38.06906
	74.85434	38.06767
	74.85434	38.06702
	74.85427	38.06636
	74.85431	38.06574
	74.85464	38.0646
	74.8554	38.06354
	74.85566	38.06303
	74.8558	38.06212
	74.85628	38.06128
	74.85569	38.06066
	74.85456	38.06003
	74.8527	38.05872
	74.85211	38.05839
	74.85178	38.05802
	74.85204	38.05729
	74.85222	38.05616
	74.85244	38.05294
	74.85244	38.05126
	74.85255	38.0498
	74.85277	38.04892
	74.85303	38.04816
	74.85416	38.04622
	74.85445	38.04545
	74.85456	38.04494
	74.85522	38.04425
	74.85559	38.0437
	74.85606	38.04319
	74.85686	38.04278
	74.85785	38.04249
	74.85957	38.04216
	74.86074	38.04158
	74.86162	38.04125
	74.8626	38.04063
	74.86352	38.04019
	74.8641	38.0396
	74.86469	38.03946
	74.86571	38.03935
	74.86684	38.03723
	74.86779	38.03525
	74.86739	38.03419
	74.86721	38.0327
	74.86637	38.03054
	74.86692	38.02959
	74.86743	38.02857
	74.86823	38.02659
	74.86834	38.02572
	74.86999	38.02564
	74.87094	38.02531
	74.87189	38.02517
	74.87287	38.02509
	74.87507	38.02429
	74.87755	38.02363
	74.8785	38.02334
	74.87963	38.02316
	74.88062	38.02312
	74.88164	38.02297
	74.88325	38.02286
	74.88413	38.02345
	74.88475	38.0236
	74.88541	38.02385
	74.88588	38.02411
	74.88629	38.02451
	74.88658	38.02506
	74.88702	38.02615
	74.88735	38.02754
	74.88793	38.02963
	74.8887	38.03091
	74.88987	38.03244
	74.89023	38.03398
	74.89049	38.03441
	74.89265	38.03617
	74.89392	38.0354
	74.89487	38.03529
	74.89648	38.03368
	74.89721	38.0331
	74.89809	38.03288
	74.90142	38.03292
	74.90346	38.03346
	74.90482	38.03365
	74.90595	38.03368
	74.9069	38.03303
	74.90862	38.0312
	74.91004	38.02955
	74.9103	38.02904
	74.91081	38.02846
	74.91161	38.02794
	74.91494	38.02531
	74.91648	38.02458
	74.91669	38.01983
	74.91658	38.01859
	74.91615	38.01735
	74.916	38.01658
	74.91553	38.01581
	74.91538	38.01545
	74.91611	38.0142
	74.91669	38.01292
	74.91695	38.01212
	74.91724	38.01168
	74.91739	38.01121
	74.91739	38.01033
	74.9175	38.00978
	74.91812	38.00737
	74.91819	38.00634
	74.91764	38.00572
	74.91728	38.00514
	74.91713	38.00441
	74.91666	38.00371
	74.91545	38.00229
	74.91498	38.002
	74.91465	38.00148
	74.91461	38.0005
	74.9145	38.00006
	74.91425	37.99955
	74.91406	37.99812
	74.91341	37.99713
	74.91341	37.99681
	74.91414	37.99494
	74.9156	37.99158
	74.91658	37.98887
	74.91669	37.98792
	74.91629	37.98738
	74.91607	37.98697
	74.91604	37.98665
	74.91651	37.98504
	74.91688	37.98456
	74.91732	37.98204
	74.91754	37.98043
	74.91732	37.9797
	74.91666	37.97882
	74.91633	37.97751
	74.91501	37.97469
	74.91439	37.97418
	74.91381	37.97382
	74.91242	37.9733
	74.9103	37.97214
	74.90931	37.97133
	74.90789	37.97045
	74.90811	37.96877
	74.90836	37.96753
	74.90854	37.96676
	74.90876	37.96625
	74.90876	37.96504
	74.90964	37.96424
	74.91074	37.96369
	74.91187	37.963
	74.91351	37.96176
	74.91388	37.96132
	74.91406	37.96091
	74.91406	37.95989
	74.91399	37.95927
	74.91366	37.95825
	74.91348	37.95744
	74.9137	37.95565
	74.91461	37.9547
	74.9164	37.95302
	74.91699	37.95255
	74.91779	37.95222
	74.91845	37.95181
	74.91881	37.95145
	74.91878	37.9501
	74.91889	37.94918
	74.91892	37.94757
	74.9183	37.94626
	74.91794	37.9441
	74.91772	37.94337
	74.91743	37.94264
	74.91743	37.94235
	74.91794	37.94169
	74.9194	37.94012
	74.9198	37.93957
	74.9205	37.93829
	74.92108	37.93804
	74.9213	37.93767
	74.92141	37.93661
	74.92137	37.9361
	74.92071	37.93475
	74.92002	37.93142
	74.91955	37.93076
	74.91881	37.92996
	74.91735	37.92791
	74.91662	37.92703
	74.91666	37.92645
	74.91699	37.92576
	74.91761	37.92499
	74.91827	37.9236
	74.91859	37.92331
	74.9187	37.92301
	74.91874	37.92214
	74.91892	37.9213
	74.91933	37.92013
	74.91987	37.91885
	74.92013	37.91812
	74.92002	37.91735
	74.9194	37.91633
	74.91841	37.91512
	74.91743	37.9145
	74.91655	37.91388
	74.91454	37.91103
	74.91333	37.90832
	74.91293	37.90708
	74.91348	37.90642
	74.91395	37.90558
	74.91483	37.90507
	74.91512	37.90434
	74.91516	37.90372
	74.91512	37.90302
	74.91527	37.90277
	74.91629	37.90204
	74.91695	37.90123
	74.91746	37.90028
	74.91794	37.89962
	74.91863	37.89955
	74.91947	37.89966
	74.91998	37.89966
	74.92079	37.89948
	74.92225	37.89937
	74.92305	37.89944
	74.92415	37.89962
	74.92474	37.89966
	74.92528	37.89995
	74.92594	37.90006
	74.927	37.90003
	74.92952	37.89966
	74.93036	37.89944
	74.93113	37.89911
	74.9327	37.89805
	74.93347	37.89761
	74.9342	37.89743
	74.93497	37.89739
	74.9357	37.89728
	74.9376	37.89652
	74.93764	37.89571
	74.93797	37.89458
	74.93782	37.89407
	74.93702	37.89385
	74.9361	37.89337
	74.93596	37.89301
	74.93599	37.89224
	74.9361	37.89158
	74.93621	37.88906
	74.93665	37.88679
	74.93691	37.88603
	74.93745	37.8853
	74.93767	37.88446
	74.93775	37.88354
	74.93771	37.8816
	74.93745	37.88047
	74.93562	37.88008
	74.93436	37.87975
	74.93336	37.87968
	74.93269	37.87956
	74.93202	37.87923
	74.93176	37.87793
	74.93158	37.87634
	74.93106	37.87478
	74.93088	37.87374
	74.93084	37.87293
	74.93065	37.87226
	74.93021	37.87115
	74.92976	37.87033
	74.92935	37.86941
	74.92913	37.86874
	74.92854	37.868
	74.92802	37.86748
	74.92743	37.86666
	74.92676	37.86651
	74.92628	37.86629
	74.92576	37.86614
	74.92394	37.86618
	74.92368	37.86614
	74.92298	37.86566
	74.92253	37.86492
	74.92172	37.86392
	74.9209	37.86318
	74.91975	37.8624
	74.91838	37.86169
	74.91723	37.86099
	74.91656	37.86051
	74.91608	37.86002
	74.91512	37.85876
	74.9143	37.85754
	74.91297	37.8565
	74.91356	37.85535
	74.91419	37.8545
	74.91434	37.85402
	74.9143	37.85276
	74.91434	37.85205
	74.9146	37.85116
	74.91482	37.85083
	74.91504	37.8502
	74.91556	37.8496
	74.91601	37.84931
	74.91678	37.8486
	74.91749	37.8476
	74.91823	37.84679
	74.91964	37.84605
	74.91968	37.84523
	74.9199	37.84386
	74.92023	37.84234
	74.92057	37.8403
	74.92075	37.83952
	74.92123	37.83878
	74.92205	37.83796
	74.92294	37.83718
	74.92416	37.83622
	74.92468	37.83548
	74.92513	37.83448
	74.92542	37.83373
	74.92546	37.83288
	74.92491	37.83062
	74.92442	37.82914
	74.92687	37.82747
	74.92761	37.8268
	74.92806	37.8265
	74.92958	37.82658
	74.93036	37.82643
	74.93106	37.82599
	74.93265	37.82576
	74.93362	37.82573
	74.93425	37.82547
	74.93521	37.82543
	74.93633	37.82565
	74.93677	37.82569
	74.93748	37.82539
	74.94181	37.82476
	74.94319	37.8245
	74.94437	37.82417
	74.94422	37.82294
	74.94459	37.8222
	74.94519	37.82131
	74.94537	37.82083
	74.94548	37.81968
	74.94548	37.81805
	74.94541	37.81683
	74.94515	37.81527
	74.94827	37.81308
	74.94916	37.81234
	74.95086	37.81015
	74.95201	37.80882
	74.95334	37.80889
	74.95383	37.80856
	74.95475	37.80848
	74.95605	37.80845
	74.95805	37.8086
	74.95909	37.80878
	74.96006	37.80915
	74.96135	37.80949
	74.96236	37.81012
	74.96336	37.81082
	74.96384	37.81097
	74.96421	37.81089
	74.96688	37.80986
	74.96747	37.80989
	74.96825	37.81015
	74.96881	37.81015
	74.96951	37.80997
	74.97048	37.80956
	74.97378	37.80733
	74.97515	37.80685
	74.97648	37.80648
	74.97752	37.80626
	74.97871	37.80619
	74.98019	37.80626
	74.98123	37.80626
	74.98253	37.80652
	74.98508	37.80789
	74.98653	37.80845
	74.98686	37.80852
	74.98742	37.80748
	74.98801	37.80663
	74.98857	37.80619
	74.98931	37.80378
	74.98979	37.80285
	74.99054	37.80118
	74.9915	37.79966
	74.9928	37.79714
	74.99473	37.79588
	74.9955	37.79521
	74.99639	37.79362
	74.99795	37.79128
	74.99966	37.78968
	75.0011	37.78894
	75.00136	37.78891
	75.00133	37.78794
	75.00136	37.78694
	75.00158	37.78605
	75.00251	37.78461
	75.00451	37.78186
	75.00522	37.78097
	75.00622	37.77938
	75.00678	37.77904
	75.00752	37.77875
	75.00811	37.77856
	75.00882	37.77841
	75.00922	37.77819
	75.00993	37.77737
	75.0103	37.77678
	75.01063	37.77604
	75.01067	37.77548
	75.01037	37.77474
	75.01019	37.77259
	75.00996	37.772
	75.00989	37.77137
	75.00985	37.77011
	75.00952	37.76985
	75.00767	37.76963
	75.00707	37.76937
	75.00641	37.76925
	75.00388	37.7694
	75.00236	37.76937
	75.00144	37.76922
	75.00066	37.76922
	75.00036	37.76892
	74.99995	37.76807
	74.99984	37.76725
	74.99966	37.76662
	74.99843	37.76469
	74.99769	37.76336
	74.99743	37.76303
	74.99706	37.76269
	74.99654	37.76236
	74.99547	37.76236
	74.99372	37.76217
	74.9925	37.76214
	74.99109	37.76225
	74.99035	37.76217
	74.99005	37.76206
	74.98939	37.76087
	74.98805	37.75895
	74.98749	37.75691
	74.98716	37.75609
	74.98686	37.75554
	74.98653	37.75513
	74.98616	37.75416
	74.9859	37.75364
	74.98568	37.75327
	74.98408	37.75194
	74.98345	37.75175
	74.98264	37.75164
	74.98101	37.75175
	74.97993	37.7519
	74.97937	37.75209
	74.97874	37.75194
	74.97774	37.75205
	74.97708	37.75198
	74.9763	37.75183
	74.97459	37.75172
	74.97374	37.75175
	74.97203	37.75194
	74.96884	37.75194
	74.96818	37.75198
	74.96762	37.75205
	74.9671	37.7522
	74.96684	37.75135
	74.96666	37.75046
	74.96666	37.74982
	74.96506	37.74411
	74.96465	37.74241
	74.96477	37.74193
	74.96502	37.74126
	74.9651	37.74085
	74.96491	37.74037
	74.9641	37.73903
	74.96362	37.73781
	74.96306	37.73588
	74.96169	37.73177
	74.96158	37.73077
	74.96143	37.73043
	74.96043	37.72969
	74.96006	37.72913
	74.9595	37.72813
	74.95924	37.72802
	74.95839	37.72784
	74.95753	37.72758
	74.95646	37.72747
	74.95553	37.72724
	74.95498	37.72698
	74.95383	37.72676
	74.9532	37.72646
	74.95234	37.72628
	74.95157	37.72583
	74.94908	37.72383
	74.94908	37.72283
	74.94901	37.72209
	74.94886	37.72164
	74.94856	37.72135
	74.94793	37.72012
	74.94726	37.71935
	74.94656	37.71916
	74.94611	37.71872
	74.94571	37.71853
	74.94482	37.71831
	74.94385	37.71816
	74.94274	37.7179
	74.94166	37.71786
	74.93829	37.71809
	74.9374	37.71801
	74.93625	37.71764
	74.93518	37.71742
	74.9341	37.71753
	74.93366	37.71623
	74.9328	37.7146
	74.93058	37.71071
	74.9298	37.70993
	74.92891	37.70919
	74.92717	37.70833
	74.92654	37.7077
	74.92598	37.70752
	74.92535	37.70737
	74.92498	37.70707
	74.92427	37.70622
	74.92294	37.70418
	74.92272	37.70377
	74.92457	37.70192
	74.92479	37.70136
	74.92513	37.70103
	74.92617	37.70018
	74.92713	37.69966
	74.92809	37.69903
	74.9288	37.69836
	74.93091	37.69613
	74.93176	37.69539
	74.93329	37.69387
	74.93351	37.69339
	74.93354	37.69276
	74.93329	37.69168
	74.9324	37.69098
	74.9321	37.69065
	74.93136	37.69024
	74.93054	37.68994
	74.92724	37.68898
	74.92635	37.68842
	74.92502	37.68727
	74.92398	37.68612
	74.92357	37.68586
	74.92272	37.68583
	74.92157	37.68557
	74.92057	37.68523
	74.92005	37.68501
	74.91968	37.68468
	74.91923	37.68453
	74.9163	37.68397
	74.91556	37.68368
	74.91471	37.68305
	74.91441	37.68253
	74.91374	37.68208
	74.91319	37.68178
	74.91248	37.68164
	74.9107	37.68138
	74.90963	37.68056
	74.90855	37.68026
	74.90777	37.67989
	74.90733	37.6796
	74.90648	37.67949
	74.90514	37.67889
	74.90307	37.6783
	74.90266	37.67811
	74.90177	37.67741
	74.90047	37.67541
	74.89969	37.6737
	74.89902	37.67114
	74.89858	37.66833
	74.89836	37.66758
	74.89802	37.66673
	74.89773	37.66617
	74.89713	37.66547
	74.89736	37.66469
	74.8975	37.66384
	74.89743	37.66313
	74.89702	37.66184
	74.89762	37.66113
	74.89773	37.66065
	74.89836	37.66035
	74.89965	37.65917
	74.90036	37.65798
	74.90054	37.65702
	74.90058	37.65616
	74.90066	37.65587
	74.90114	37.65542
	74.90132	37.65475
	74.90147	37.65368
	74.90151	37.65286
	74.90136	37.65231
	74.9014	37.65149
	74.90166	37.65075
	74.90192	37.65034
	74.90218	37.64941
	74.90244	37.6476
	74.90262	37.64719
	74.90336	37.64649
	74.90414	37.64585
	74.90496	37.64545
	74.90666	37.64482
	74.90766	37.64396
	74.90792	37.64226
	74.90818	37.64163
	74.90892	37.64022
	74.90926	37.63933
	74.90989	37.63714
	74.91037	37.63573
	74.91074	37.63518
	74.91093	37.63477
	74.91182	37.63462
	74.91337	37.63403
	74.91471	37.6334
	74.91612	37.63258
	74.91764	37.6321
	74.91819	37.63184
	74.9202	37.62984
	74.92053	37.62961
	74.92186	37.62961
	74.92283	37.6295
	74.92335	37.62939
	74.92409	37.62806
	74.92487	37.62698
	74.92516	37.62617
	74.9255	37.62561
	74.92605	37.62494
	74.92628	37.62453
	74.92643	37.62379
	74.92631	37.6219
	74.92609	37.62138
	74.92561	37.62064
	74.92554	37.62016
	74.92565	37.61942
	74.92557	37.61734
	74.92565	37.61638
	74.9255	37.61434
	74.9255	37.61356
	74.92587	37.61293
	74.92613	37.61259
	74.9268	37.61237
	74.92739	37.61208
	74.92776	37.61171
	74.92839	37.61145
	74.92887	37.61111
	74.92943	37.6103
	74.92976	37.60904
	74.93002	37.60859
	74.93028	37.60844
	74.93058	37.60818
	74.93106	37.60807
	74.93221	37.60659
	74.93303	37.60581
	74.93429	37.60496
	74.93477	37.60447
	74.93506	37.60433
	74.93603	37.60422
	74.93677	37.60399
	74.93736	37.60396
	74.93799	37.6036
	74.93825	37.60326
	74.93943	37.60322
	74.9395	37.60212
	74.93943	37.60189
	74.93803	37.60125
	74.93712	37.59992
	74.93708	37.59924
	74.93693	37.59844
	74.9359	37.59555
	74.93409	37.59275
	74.93352	37.59114
	74.93301	37.59034
	74.93233	37.58965
	74.93132	37.58828
	74.93078	37.58693
	74.93071	37.58649
	74.93107	37.58552
	74.93153	37.58447
	74.93237	37.58322
	74.93256	37.58309
	74.93292	37.58306
	74.93353	37.5829
	74.93404	37.58259
	74.93366	37.58197
	74.93333	37.5812
	74.93317	37.57975
	74.93343	37.57944
	74.93396	37.57902
	74.9342	37.57874
	74.93462	37.57765
	74.93476	37.57708
	74.93424	37.57537
	74.93394	37.57475
	74.93264	37.57348
	74.93242	37.57301
	74.93233	37.57133
	74.93212	37.56974
	74.93207	37.56909
	74.9321	37.5685
	74.93233	37.56796
	74.93261	37.56768
	74.9338	37.56701
	74.93434	37.5664
	74.93469	37.56565
	74.93492	37.56495
	74.93548	37.56418
	74.93621	37.56346
	74.93677	37.56271
	74.93738	37.56159
	74.93822	37.56056
	74.93939	37.55986
	74.9402	37.55944
	74.94088	37.5589
	74.94142	37.55759
	74.94196	37.55652
	74.94301	37.55502
	74.94399	37.55409
	74.94469	37.55376
	74.94513	37.55372
	74.94681	37.55369
	74.94735	37.55334
	74.94784	37.5533
	74.94873	37.55337
	74.95055	37.55374
	74.95139	37.55376
	74.95242	37.554
	74.9534	37.55416
	74.95438	37.55425
	74.9552	37.55453
	74.95567	37.55381
	74.95574	37.55323
	74.95571	37.55246
	74.95514	37.55193
	74.95553	37.55007
	74.95557	37.54958
	74.9553	37.54831
	74.95562	37.54752
	74.95619	37.54689
	74.95714	37.54616
	74.95793	37.54581
	74.95839	37.54525
	74.9588	37.54426
	74.96009	37.54277
	74.96086	37.5423
	74.96162	37.54148
	74.96281	37.54007
	74.9632	37.53948
	74.96378	37.53829
	74.96448	37.53825
	74.96533	37.53829
	74.96615	37.5384
	74.96796	37.53828
	74.96961	37.53828
	74.97013	37.5384
	74.97085	37.53884
	74.97157	37.53915
	74.97243	37.5397
	74.97324	37.54001
	74.97355	37.54017
	74.97493	37.53855
	74.97545	37.53805
	74.97683	37.53713
	74.97754	37.53701
	74.97842	37.53656
	74.98042	37.5357
	74.98237	37.53532
	74.98361	37.53527
	74.98463	37.53518
	74.98528	37.53506
	74.98606	37.53515
	74.9868	37.53515
	74.98818	37.53501
	74.98873	37.53427
	74.98956	37.53339
	74.99015	37.53261
	74.99103	37.53239
	74.99158	37.53184
	74.99196	37.53111
	74.99239	37.53073
	74.99299	37.53039
	74.99679	37.52916
	74.9976	37.52847
	74.9981	37.52825
	74.99853	37.5282
	74.99884	37.52775
	74.99922	37.52701
	75.00029	37.52587
	75.00105	37.5253
	75.00186	37.52492
	75.00336	37.52459
	75.00469	37.52418
	75.00572	37.52413
	75.00669	37.52385
	75.00721	37.5238
	75.00776	37.52385
	75.00838	37.52397
	75.00895	37.52433
	75.0099	37.52535
	75.01038	37.52566
	75.01119	37.52511
	75.01159	37.52497
	75.01224	37.5233
	75.01228	37.52266
	75.01209	37.52173
	75.01276	37.52156
	75.01343	37.52154
	75.01373	37.5214
	75.01426	37.52104
	75.01485	37.52085
	75.01523	37.52059
	75.01666	37.51866
	75.01836	37.51701
	75.0181	37.51661
	75.01804	37.51635
	75.01789	37.51613
	75.01807	37.51535
	75.01827	37.51479
	75.01849	37.51441
	75.01863	37.51376
	75.01878	37.51343
	75.01896	37.51233
	75.01891	37.51136
	75.01942	37.50924
	75.02205	37.50947
	75.02302	37.50947
	75.02388	37.5094
	75.02543	37.50882
	75.02629	37.50828
	75.02686	37.50778
	75.0275	37.5073
	75.02833	37.50685
	75.02874	37.50647
	75.02902	37.5059
	75.02933	37.50452
	75.02962	37.50395
	75.03002	37.50349
	75.03028	37.50309
	75.03128	37.50097
	75.03254	37.50078
	75.03297	37.50064
	75.03419	37.50052
	75.03445	37.50054
	75.03521	37.50157
	75.03618	37.50245
	75.03687	37.50299
	75.03726	37.50337
	75.03778	37.50371
	75.03845	37.50399
	75.04042	37.50468
	75.04225	37.50592
	75.04304	37.50632
	75.04387	37.50666
	75.04468	37.50718
	75.04618	37.5077
	75.04661	37.5074
	75.0468	37.50718
	75.0488	37.50904
	75.0507	37.51108
	75.05158	37.5123
	75.05213	37.51334
	75.05258	37.51439
	75.05263	37.51537
	75.05289	37.51629
	75.05465	37.51884
	75.05515	37.51963
	75.05539	37.52022
	75.05551	37.52072
	75.05553	37.52122
	75.05529	37.52155
	75.05501	37.52177
	75.05491	37.52191
	75.05555	37.5225
	75.05655	37.52305
	75.05696	37.52341
	75.05724	37.52384
	75.05736	37.52448
	75.06081	37.52505
	75.06107	37.52519
	75.06157	37.52534
	75.06186	37.52548
	75.06241	37.52317
	75.06243	37.52224
	75.06203	37.5206
	75.06345	37.51855
	75.06438	37.51713
	75.06579	37.51589
	75.06659	37.51553
	75.06721	37.51513
	75.06838	37.51399
	75.06952	37.51327
	75.07035	37.51234
	75.07097	37.51144
	75.07166	37.5098
	75.07219	37.50901
	75.07338	37.50789
	75.07399	37.50792
	75.07542	37.50773
	75.0778	37.50637
	75.07833	37.50602
	75.07885	37.50575
	75.07932	37.50571
	75.07954	37.50564
	75.07976	37.50368
	75.07999	37.50305
	75.08047	37.50223
	75.0811	37.50144
	75.0816	37.5007
	75.08212	37.50039
	75.08272	37.50013
	75.08317	37.49977
	75.08343	37.49941
	75.0835	37.49879
	75.08362	37.49832
	75.08386	37.49796
	75.08386	37.49734
	75.08374	37.49694
	75.08333	37.49651
	75.08286	37.4962
	75.08238	37.4957
	75.0821	37.49527
	75.08195	37.49487
	75.08195	37.49439
	75.08203	37.49377
	75.08219	37.49327
	75.08257	37.49294
	75.08274	37.49256
	75.08281	37.49211
	75.08302	37.49196
	75.08338	37.49182
	75.08393	37.4917
	75.08429	37.49146
	75.08493	37.49066
	75.08569	37.48994
	75.08593	37.48916
	75.08657	37.4882
	75.08669	37.48744
	75.0869	37.48697
	75.08738	37.48642
	75.08783	37.48599
	75.08812	37.48549
	75.08854	37.48497
	75.0889	37.48437
	75.09016	37.48468
	75.09173	37.48473
	75.09338	37.48497
	75.09452	37.48533
	75.09545	37.48395
	75.09606	37.48264
	75.09644	37.48207
	75.09711	37.48145
	75.09771	37.48076
	75.09892	37.4795
	75.09937	37.47866
	75.10063	37.47683
	75.10113	37.47593
	75.10158	37.47493
	75.10175	37.47433
	75.10211	37.47381
	75.10275	37.47317
	75.10313	37.47267
	75.10389	37.472
	75.10465	37.47174
	75.10537	37.47179
	75.10606	37.47193
	75.10689	37.47202
	75.10806	37.4726
	75.10937	37.47345
	75.11025	37.47326
	75.11217	37.4725
	75.11431	37.47219
	75.1155	37.47191
	75.1165	37.47155
	75.11722	37.47103
	75.11753	37.47062
	75.11776	37.47003
	75.11795	37.46934
	75.11803	37.46865
	75.11891	37.46822
	75.11957	37.46779
	75.12041	37.46734
	75.12098	37.46688
	75.12141	37.46665
	75.12205	37.4666
	75.12314	37.46622
	75.12405	37.466
	75.12459	37.46593
	75.12528	37.46603
	75.12662	37.46265
	75.12659	37.46198
	75.12616	37.46117
	75.12564	37.46034
	75.12509	37.45975
	75.12459	37.45891
	75.12509	37.45687
	75.12543	37.45592
	75.12562	37.45511
	75.12631	37.45285
	75.12645	37.45185
	75.12607	37.45092
	75.12514	37.44909
	75.12512	37.44871
	75.1254	37.44809
	75.1265	37.44635
	75.12702	37.44573
	75.12733	37.44509
	75.12764	37.44423
	75.12795	37.44364
	75.12819	37.44342
	75.12973	37.44335
	75.13171	37.44338
	75.13278	37.44328
	75.13383	37.44304
	75.13416	37.4429
	75.13442	37.44169
	75.13506	37.43957
	75.13513	37.43905
	75.13509	37.43814
	75.13592	37.43793
	75.13685	37.4375
	75.13747	37.43736
	75.13918	37.43636
	75.13961	37.43595
	75.14106	37.43574
	75.14161	37.43545
	75.1412	37.43483
	75.14108	37.43419
	75.14127	37.4316
	75.14156	37.43096
	75.14182	37.43043
	75.14275	37.42941
	75.1432	37.42898
	75.1437	37.42869
	75.1442	37.42822
	75.14458	37.42774
	75.14475	37.42729
	75.14494	37.42546
	75.1452	37.42501
	75.14653	37.42379
	75.14808	37.42189
	75.14846	37.42134
	75.14867	37.42084
	75.14846	37.4201
	75.14796	37.41903
	75.14744	37.41825
	75.14679	37.41758
	75.14637	37.41692
	75.1461	37.4162
	75.14656	37.41573
	75.14734	37.41527
	75.14798	37.41468
	75.14848	37.41394
	75.14894	37.41299
	75.14946	37.41244
	75.15063	37.41163
	75.15205	37.41047
	75.15324	37.41006
	75.15396	37.40956
	75.15327	37.40873
	75.15267	37.40811
	75.15034	37.40618
	75.14982	37.40569
	75.14944	37.40542
	75.14615	37.40442
	75.14451	37.40402
	75.14337	37.40414
	75.13975	37.40171
	75.13882	37.40088
	75.13835	37.40062
	75.1378	37.40047
	75.1372	37.4004
	75.13628	37.40083
	75.13575	37.40095
	75.13525	37.40095
	75.13383	37.40114
	75.13342	37.40107
	75.13268	37.40069
	75.13202	37.40024
	75.13135	37.39988
	75.13066	37.39959
	75.13019	37.39945
	75.12966	37.39945
	75.12952	37.39936
	75.12926	37.399
	75.12869	37.39855
	75.12878	37.39788
	75.12919	37.39607
	75.12923	37.39562
	75.12904	37.39419
	75.12885	37.39191
	75.12861	37.39093
	75.12826	37.39055
	75.12716	37.38915
	75.12645	37.38841
	75.12638	37.38774
	75.12621	37.38751
	75.12593	37.38736
	75.12526	37.38729
	75.12488	37.38705
	75.12457	37.38677
	75.12319	37.38577
	75.12281	37.38563
	75.12114	37.3856
	75.12048	37.38553
	75.12022	37.38563
	75.11979	37.38594
	75.11931	37.38605
	75.11857	37.38601
	75.11593	37.38558
	75.1145	37.3852
	75.11384	37.38486
	75.11274	37.38417
	75.11293	37.38368
	75.11255	37.38296
	75.11217	37.38246
	75.11177	37.38206
	75.11182	37.38115
	75.11191	37.38063
	75.11189	37.37932
	75.11198	37.37782
	75.11189	37.37744
	75.1117	37.37701
	75.11096	37.37742
	75.11001	37.3778
	75.1092	37.37804
	75.10887	37.37806
	75.10808	37.3772
	75.10758	37.37685
	75.10668	37.37668
	75.10603	37.37666
	75.1052	37.37647
	75.1043	37.37639
	75.10363	37.3762
	75.1023	37.37556
	75.10194	37.37466
	75.10147	37.37397
	75.10042	37.37266
	75.09947	37.37263
	75.09868	37.37292
	75.09749	37.37247
	75.09675	37.3724
	75.09606	37.37225
	75.0948	37.3718
	75.09404	37.37144
	75.09487	37.36999
	75.0958	37.36878
	75.09592	37.36811
	75.09823	37.36635
	75.09928	37.36499
	75.09994	37.36433
	75.10243	37.36321
	75.10346	37.36258
	75.10443	37.36189
	75.10474	37.3613
	75.10459	37.35979
	75.10462	37.35913
	75.10478	37.35826
	75.10528	37.35757
	75.10656	37.35653
	75.10756	37.35509
	75.10863	37.354
	75.10932	37.35296
	75.11041	37.35187
	75.11151	37.35055
	75.11204	37.34967
	75.11283	37.34889
	75.11333	37.34811
	75.1133	37.34742
	75.11339	37.34676
	75.11402	37.34585
	75.11618	37.34403
	75.1185	37.34284
	75.11937	37.34212
	75.12035	37.3415
	75.1211	37.34118
	75.12169	37.34084
	75.1211	37.33752
	75.12104	37.33645
	75.12179	37.33485
	75.12207	37.33404
	75.1221	37.33316
	75.12204	37.33254
	75.1216	37.33119
	75.12285	37.33053
	75.12367	37.32981
	75.12461	37.32884
	75.12508	37.32818
	75.12523	37.32771
	75.12605	37.32627
	75.12655	37.32564
	75.12783	37.32461
	75.12808	37.32426
	75.12862	37.32292
	75.12852	37.32217
	75.12824	37.32119
	75.12818	37.32076
	75.1279	37.32025
	75.12752	37.32
	75.1273	37.31941
	75.12692	37.31875
	75.12642	37.31816
	75.12558	37.31675
	75.12514	37.31571
	75.12454	37.31546
	75.1236	37.31543
	75.12185	37.31584
	75.12125	37.31587
	75.11994	37.3154
	75.11909	37.31534
	75.11856	37.3154
	75.11756	37.31571
	75.11677	37.31571
	75.11615	37.31565
	75.1153	37.31543
	75.11402	37.3148
	75.11283	37.31452
	75.11079	37.3144
	75.10966	37.31421
	75.10872	37.31415
	75.10759	37.31465
	75.10672	37.31496
	75.10572	37.31512
	75.10465	37.31521
	75.10327	37.31562
	75.10224	37.31612
	75.10161	37.3165
	75.10064	37.31731
	75.10011	37.31762
	75.09926	37.31778
	75.09757	37.3179
	75.09654	37.31825
	75.09597	37.31828
	75.09497	37.3179
	75.09368	37.3175
	75.0918	37.31659
	75.09043	37.31612
	75.08867	37.31574
	75.08745	37.31568
	75.08626	37.31574
	75.08513	37.31565
	75.08319	37.31509
	75.08244	37.31496
	75.08165	37.31465
	75.08084	37.31502
	75.0799	37.31534
	75.0784	37.31552
	75.07739	37.31577
	75.07558	37.31355
	75.07395	37.31208
	75.07345	37.31183
	75.07254	37.31158
	75.07147	37.31151
	75.06875	37.31164
	75.06765	37.31176
	75.06677	37.31176
	75.06608	37.31164
	75.06505	37.31126
	75.0627	37.30992
	75.06163	37.30923
	75.06154	37.30753
	75.06138	37.30672
	75.05791	37.3054
	75.05668	37.30487
	75.05631	37.30462
	75.05546	37.30421
	75.05437	37.30384
	75.0517	37.30309
	75.04986	37.3044
	75.04873	37.30481
	75.04801	37.30497
	75.04644	37.30587
	75.04581	37.306
	75.04506	37.306
	75.04406	37.30609
	75.04256	37.30606
	75.04174	37.30537
	75.04102	37.30459
	75.04036	37.30396
	75.03833	37.30324
	75.03767	37.30287
	75.03679	37.30262
	75.03582	37.30252
	75.03482	37.30237
	75.03369	37.3023
	75.03269	37.30218
	75.03087	37.3018
	75.03062	37.30086
	75.03037	37.30036
	75.02977	37.2998
	75.02912	37.29923
	75.02755	37.29842
	75.02714	37.29807
	75.02664	37.29785
	75.02451	37.29757
	75.02379	37.29738
	75.02297	37.29726
	75.02088	37.29723
	75.01975	37.29641
	75.01937	37.29591
	75.01859	37.29503
	75.01661	37.29375
	75.01561	37.29319
	75.01455	37.29284
	75.0137	37.29262
	75.01254	37.29256
	75.01138	37.29259
	75.01038	37.29278
	75.00916	37.29281
	75.00769	37.29253
	75.00587	37.29225
	75.00302	37.29215
	75.00136	37.29121
	75.00079	37.29059
	75.00026	37.29018
	74.99982	37.28999
	74.99788	37.28977
	74.99697	37.28961
	74.99631	37.28965
	74.99544	37.28993
	74.99415	37.29005
	74.99243	37.29018
	74.99161	37.29018
	74.99121	37.29012
	74.99083	37.28996
	74.98961	37.28914
	74.98879	37.28839
	74.98773	37.28723
	74.98717	37.28689
	74.98557	37.28661
	74.98478	37.28629
	74.98381	37.28607
	74.98178	37.28573
	74.98068	37.28545
	74.97983	37.28535
	74.97874	37.28542
	74.97799	37.28573
	74.97711	37.28632
	74.97586	37.28689
	74.97479	37.28767
	74.97366	37.28867
	74.97188	37.2904
	74.97094	37.29068
	74.9695	37.29046
	74.96834	37.29005
	74.9674	37.28946
	74.96658	37.2888
	74.9658	37.28846
	74.96517	37.28795
	74.96467	37.28773
	74.96382	37.28767
	74.96295	37.28773
	74.95787	37.28946
	74.9564	37.29002
	74.95452	37.29034
	74.9532	37.2904
	74.95286	37.29127
	74.95255	37.29171
	74.95195	37.29209
	74.94901	37.29074
	74.948	37.29024
	74.94731	37.29012
	74.94656	37.29027
	74.94587	37.29021
	74.94434	37.28977
	74.9424	37.28864
	74.94139	37.28792
	74.93998	37.28658
	74.93898	37.28529
	74.93824	37.28525
	74.93759	37.28514
	74.93684	37.28483
	74.93605	37.28441
	74.93524	37.28408
	74.93426	37.28377
	74.93233	37.28366
	74.93098	37.28313
	74.92984	37.28349
	74.9286	37.2838
	74.92678	37.28408
	74.92636	37.28341
	74.92586	37.28299
	74.92536	37.28279
	74.92432	37.28265
	74.92345	37.28229
	74.92258	37.28181
	74.92029	37.28072
	74.91931	37.28019
	74.91738	37.27881
	74.91631	37.27814
	74.91511	37.27758
	74.91393	37.27694
	74.91301	37.27632
	74.91231	37.27599
	74.91144	37.2754
	74.91051	37.27498
	74.9146	37.26684
	74.91544	37.26577
	74.91669	37.26453
	74.91753	37.26343
	74.91807	37.26247
	74.91891	37.26029
	74.91637	37.25809
	74.91522	37.25654
	74.91474	37.25555
	74.91448	37.25487
	74.91446	37.25436
	74.91383	37.25304
	74.91347	37.25242
	74.91335	37.25205
	74.9133	37.2516
	74.91242	37.24957
	74.91189	37.24756
	74.91183	37.24688
	74.91206	37.24635
	74.91299	37.24556
	74.91409	37.24482
	74.91592	37.2435
	74.91716	37.24316
	74.91688	37.24203
	74.91637	37.24132
	74.91637	37.2407
	74.91621	37.24022
	74.91587	37.23952
	74.91575	37.23873
	74.91536	37.23734
	74.91499	37.23695
	74.91414	37.2365
	74.9135	37.23593
	74.91211	37.23506
	74.91076	37.23503
	74.90937	37.23472
	74.9085	37.23427
	74.90791	37.23373
	74.90745	37.23345
	74.90675	37.23328
	74.90568	37.23314
	74.90477	37.23311
	74.90393	37.23303
	74.90249	37.233
	74.90091	37.23305
	74.89851	37.23297
	74.89752	37.23286
	74.89614	37.2326
	74.89515	37.23252
	74.89261	37.23269
	74.89145	37.23303
	74.89069	37.23339
	74.89019	37.23375
	74.88995	37.23398
	74.88986	37.23409
END
END
