Thailand_North
1
	98.52305	16.79246
	98.52568	16.79625
	98.52637	16.79889
	98.52554	16.80039
	98.51978	16.79803
	98.51701	16.79801
	98.51454	16.80044
	98.5138	16.80331
	98.51442	16.80394
	98.51634	16.80609
	98.51748	16.80629
	98.52174	16.80847
	98.52617	16.8086
	98.53463	16.81104
	98.53785	16.8111
	98.54084	16.81215
	98.54479	16.81207
	98.5458	16.81213
	98.54642	16.81234
	98.54708	16.8129
	98.54743	16.81354
	98.54755	16.81423
	98.54736	16.81588
	98.5471	16.81662
	98.54673	16.81723
	98.54466	16.81834
	98.54421	16.81853
	98.54243	16.81891
	98.54175	16.81926
	98.54135	16.81991
	98.54065	16.82175
	98.54035	16.82367
	98.54022	16.82526
	98.53984	16.8266
	98.53864	16.82818
	98.53765	16.82895
	98.53622	16.82957
	98.53525	16.82971
	98.53259	16.82984
	98.53102	16.82944
	98.52698	16.82721
	98.52639	16.82699
	98.52566	16.82701
	98.52537	16.82726
	98.52538	16.82804
	98.52496	16.82921
	98.52494	16.83019
	98.52428	16.83274
	98.52371	16.83403
	98.52231	16.8351
	98.51921	16.83655
	98.51361	16.83757
	98.51075	16.83776
	98.5084	16.83739
	98.50734	16.83675
	98.50432	16.83257
	98.50371	16.83227
	98.50291	16.83237
	98.50149	16.83292
	98.4987	16.83455
	98.4953	16.83869
	98.49309	16.84055
	98.49214	16.84201
	98.49206	16.84359
	98.49252	16.84543
	98.49571	16.85076
	98.49659	16.85778
	98.49768	16.86109
	98.49948	16.86305
	98.50517	16.86693
	98.50598	16.86714
	98.50739	16.8666
	98.50852	16.86596
	98.50934	16.86487
	98.5105	16.86265
	98.51083	16.86008
	98.51084	16.85646
	98.51134	16.85568
	98.51219	16.85555
	98.51326	16.85569
	98.51491	16.8564
	98.51619	16.85861
	98.51606	16.85993
	98.51409	16.86596
	98.51309	16.86893
	98.51122	16.87227
	98.50959	16.87403
	98.50838	16.87597
	98.50805	16.87788
	98.50811	16.87924
	98.50922	16.88002
	98.51397	16.88064
	98.51865	16.87934
	98.52199	16.8765
	98.52295	16.87544
	98.5243	16.87165
	98.52528	16.87111
	98.53048	16.86914
	98.53152	16.8685
	98.53261	16.86723
	98.53382	16.86453
	98.53483	16.86109
	98.53523	16.86048
	98.53601	16.86004
	98.53698	16.8598
	98.53801	16.85973
	98.53876	16.85993
	98.53979	16.86066
	98.54014	16.86147
	98.53984	16.86237
	98.53686	16.86594
	98.5343	16.87301
	98.53332	16.8743
	98.53177	16.87581
	98.52997	16.87699
	98.5275	16.88084
	98.52587	16.88485
	98.52866	16.8904
	98.53077	16.89258
	98.53509	16.89352
	98.53615	16.89413
	98.53641	16.89691
	98.53578	16.89848
	98.53407	16.89976
	98.53227	16.90038
	98.52962	16.9005
	98.52718	16.90003
	98.52558	16.89997
	98.51345	16.90162
	98.51271	16.90214
	98.51259	16.90305
	98.51268	16.90426
	98.51329	16.90505
	98.51523	16.90553
	98.5176	16.90687
	98.52048	16.90967
	98.52166	16.91184
	98.52226	16.91364
	98.52244	16.91501
	98.52224	16.91659
	98.52151	16.91761
	98.52087	16.91806
	98.51983	16.91822
	98.51758	16.91789
	98.51584	16.91703
	98.51399	16.91665
	98.50971	16.91669
	98.5091	16.91643
	98.50877	16.91555
	98.50931	16.91223
	98.5093	16.91098
	98.50888	16.91051
	98.5082	16.91044
	98.50688	16.91083
	98.50554	16.91174
	98.5024	16.91501
	98.5011	16.91737
	98.50095	16.91918
	98.50153	16.92099
	98.50461	16.92398
	98.50582	16.925
	98.50598	16.92613
	98.50559	16.92767
	98.50467	16.92824
	98.50245	16.92888
	98.50009	16.92881
	98.49737	16.92759
	98.49512	16.9257
	98.49355	16.9233
	98.49227	16.92254
	98.49069	16.92252
	98.48963	16.92318
	98.48914	16.92417
	98.48947	16.92594
	98.49154	16.93212
	98.49135	16.93408
	98.49042	16.93528
	98.48876	16.93591
	98.48695	16.93611
	98.48402	16.93554
	98.48306	16.93577
	98.48261	16.93662
	98.48225	16.93897
	98.48233	16.93976
	98.48458	16.94208
	98.48673	16.94304
	98.48811	16.9431
	98.49059	16.94431
	98.49279	16.94604
	98.49447	16.94889
	98.49568	16.95005
	98.49748	16.95079
	98.49993	16.95081
	98.50102	16.95039
	98.50185	16.94947
	98.50388	16.94474
	98.50476	16.94438
	98.50632	16.94468
	98.50742	16.94466
	98.50834	16.94491
	98.50836	16.94606
	98.50849	16.94797
	98.50705	16.94997
	98.50513	16.95137
	98.50015	16.95714
	98.49944	16.95768
	98.49782	16.95781
	98.4892	16.95719
	98.48846	16.9574
	98.48808	16.95798
	98.48791	16.96118
	98.4894	16.96609
	98.48993	16.96865
	98.48984	16.96957
	98.48925	16.97029
	98.48772	16.97134
	98.48554	16.97211
	98.48216	16.97204
	98.47795	16.97137
	98.47714	16.9708
	98.47513	16.96865
	98.47444	16.96842
	98.47375	16.96852
	98.46985	16.97059
	98.4693	16.9711
	98.46861	16.97195
	98.46829	16.97433
	98.46855	16.97491
	98.4694	16.97527
	98.47035	16.97494
	98.47352	16.97608
	98.47832	16.97614
	98.47939	16.97689
	98.48095	16.98079
	98.47942	16.98258
	98.47694	16.98282
	98.47464	16.9849
	98.47345	16.98685
	98.47219	16.99019
	98.4725	16.99188
	98.4736	16.99392
	98.47354	16.99575
	98.47298	16.99619
	98.47195	16.99625
	98.47	16.99736
	98.46781	16.99643
	98.46551	16.99331
	98.46265	16.99208
	98.45759	16.99196
	98.4542	16.99517
	98.45348	16.99493
	98.45262	16.99496
	98.45025	16.9964
	98.44824	16.99676
	98.44764	16.99764
	98.45028	17.00062
	98.45031	17.00311
	98.451	17.00447
	98.45348	17.00732
	98.45474	17.00964
	98.4559	17.01084
	98.4559	17.01161
	98.4527	17.01479
	98.45216	17.01624
	98.45226	17.01817
	98.45468	17.01868
	98.45619	17.01991
	98.45643	17.02053
	98.45513	17.02272
	98.45291	17.02428
	98.44972	17.02436
	98.44473	17.02294
	98.44103	17.02091
	98.43624	17.02115
	98.43523	17.02196
	98.4333	17.0219
	98.4317	17.02145
	98.43037	17.02176
	98.43047	17.02335
	98.43198	17.02447
	98.43376	17.02507
	98.43526	17.02519
	98.43664	17.02674
	98.4383	17.03051
	98.43855	17.03389
	98.43817	17.03601
	98.43752	17.03685
	98.43681	17.03682
	98.43627	17.03646
	98.43548	17.03652
	98.43276	17.03858
	98.43032	17.03918
	98.4281	17.03912
	98.42619	17.0378
	98.42436	17.0378
	98.42373	17.03856
	98.42376	17.04036
	98.42495	17.04284
	98.42408	17.04416
	98.42233	17.04529
	98.4209	17.04574
	98.41952	17.04403
	98.41739	17.04292
	98.41616	17.0432
	98.41312	17.04847
	98.41274	17.04988
	98.41271	17.0524
	98.41252	17.0535
	98.41043	17.05463
	98.4099	17.05424
	98.40426	17.0564
	98.40152	17.05353
	98.4013	17.05051
	98.40164	17.04994
	98.40042	17.04763
	98.39913	17.04727
	98.39552	17.04772
	98.39411	17.05038
	98.39345	17.05104
	98.39192	17.05149
	98.3912	17.05152
	98.3905	17.05272
	98.39066	17.05378
	98.39229	17.05504
	98.39285	17.05755
	98.39354	17.05821
	98.39351	17.05916
	98.39045	17.06083
	98.38864	17.05996
	98.38695	17.06002
	98.38362	17.05703
	98.38002	17.05948
	98.37743	17.05883
	98.37693	17.05811
	98.37655	17.05587
	98.37564	17.05505
	98.37235	17.05706
	98.367	17.05392
	98.366	17.05182
	98.35972	17.04861
	98.35901	17.04948
	98.35599	17.0499
	98.35558	17.04951
	98.35419	17.0496
	98.353	17.05026
	98.35126	17.04996
	98.35035	17.04924
	98.34941	17.04924
	98.34681	17.04784
	98.34373	17.04844
	98.34115	17.04984
	98.34013	17.05106
	98.33771	17.05119
	98.33688	17.05328
	98.33486	17.05532
	98.33397	17.05679
	98.33242	17.05808
	98.33175	17.05808
	98.33006	17.05913
	98.32782	17.05993
	98.32703	17.06144
	98.32445	17.06369
	98.32372	17.06363
	98.32296	17.06426
	98.32248	17.06536
	98.32265	17.06697
	98.32083	17.06785
	98.3199	17.0678
	98.31783	17.06968
	98.31533	17.07371
	98.31584	17.07586
	98.31472	17.07757
	98.3139	17.07762
	98.31258	17.07854
	98.31199	17.08281
	98.31396	17.08739
	98.31359	17.08888
	98.31194	17.08982
	98.31075	17.08975
	98.30787	17.09013
	98.30535	17.08835
	98.30214	17.08896
	98.30033	17.09097
	98.30022	17.09264
	98.30183	17.09363
	98.30475	17.09348
	98.30576	17.09421
	98.30749	17.09744
	98.30778	17.10011
	98.30845	17.1008
	98.30955	17.10147
	98.31233	17.09912
	98.31374	17.0949
	98.3149	17.0944
	98.31607	17.0946
	98.3176	17.09597
	98.31731	17.10214
	98.31691	17.10352
	98.31848	17.10643
	98.32282	17.10922
	98.32338	17.11087
	98.32269	17.11183
	98.31908	17.11274
	98.31663	17.11151
	98.31426	17.1119
	98.31145	17.11213
	98.30857	17.1115
	98.3068	17.11083
	98.30384	17.10767
	98.30181	17.10731
	98.30005	17.10963
	98.29988	17.11515
	98.30042	17.11849
	98.30032	17.11988
	98.2997	17.12059
	98.3002	17.12582
	98.29946	17.12721
	98.2986	17.12777
	98.29755	17.12746
	98.29408	17.12346
	98.2941	17.1196
	98.29588	17.11736
	98.29536	17.11521
	98.29326	17.11328
	98.29099	17.11276
	98.28976	17.1121
	98.28645	17.11158
	98.28519	17.11179
	98.28439	17.11241
	98.28429	17.11304
	98.28006	17.11582
	98.28024	17.11812
	98.28219	17.12362
	98.28496	17.12811
	98.28594	17.12857
	98.28658	17.12927
	98.28715	17.13063
	98.28737	17.13819
	98.28502	17.14256
	98.28493	17.14346
	98.2867	17.14463
	98.28795	17.14463
	98.28853	17.14501
	98.29018	17.14498
	98.29609	17.14132
	98.2973	17.14135
	98.29887	17.14288
	98.29851	17.14741
	98.29595	17.15105
	98.29315	17.15206
	98.29054	17.1553
	98.28736	17.15659
	98.28396	17.15398
	98.28301	17.15269
	98.27876	17.15197
	98.27665	17.15248
	98.2734	17.15088
	98.2724	17.15117
	98.26912	17.15657
	98.26855	17.15822
	98.26769	17.15915
	98.26744	17.15993
	98.26958	17.16389
	98.28	17.16751
	98.28097	17.16849
	98.28053	17.1729
	98.27989	17.17372
	98.27813	17.17437
	98.27329	17.17504
	98.26813	17.1768
	98.26715	17.1777
	98.26613	17.17765
	98.26118	17.17452
	98.25925	17.17623
	98.25931	17.17805
	98.26139	17.18082
	98.26525	17.18373
	98.26523	17.18649
	98.26334	17.18762
	98.26129	17.18767
	98.25621	17.18553
	98.25191	17.18256
	98.25022	17.18232
	98.24944	17.18334
	98.24968	17.18649
	98.25154	17.1912
	98.25207	17.19768
	98.25043	17.19823
	98.24689	17.1968
	98.2456	17.19681
	98.24473	17.19747
	98.24412	17.19914
	98.24432	17.20213
	98.24611	17.20618
	98.24782	17.20831
	98.24772	17.21007
	98.24589	17.21149
	98.24266	17.21158
	98.23853	17.20999
	98.2361	17.20789
	98.23342	17.20584
	98.23084	17.20272
	98.22911	17.20288
	98.22791	17.20486
	98.22791	17.20863
	98.2286	17.21126
	98.23403	17.21687
	98.23705	17.2187
	98.23887	17.21929
	98.24094	17.21911
	98.24217	17.21977
	98.2449	17.22241
	98.24473	17.2247
	98.24422	17.22699
	98.24167	17.2301
	98.23881	17.23058
	98.23796	17.22908
	98.23485	17.2271
	98.23044	17.22214
	98.22815	17.22085
	98.22629	17.2215
	98.2198	17.22785
	98.21755	17.22857
	98.21359	17.22844
	98.21179	17.23007
	98.21074	17.23207
	98.21053	17.23395
	98.20903	17.2365
	98.20851	17.23873
	98.20946	17.24219
	98.20851	17.24486
	98.20552	17.24953
	98.1984	17.25437
	98.19529	17.25515
	98.18732	17.25563
	98.18556	17.25814
	98.17553	17.25864
	98.17384	17.25999
	98.17137	17.26389
	98.16782	17.26223
	98.16498	17.26595
	98.16719	17.26882
	98.16802	17.27261
	98.16348	17.27594
	98.16248	17.27922
	98.15674	17.28275
	98.15356	17.28301
	98.15046	17.28618
	98.1509	17.28684
	98.15058	17.28772
	98.14804	17.28865
	98.14762	17.28946
	98.14763	17.29122
	98.14709	17.2923
	98.14633	17.29247
	98.14534	17.29151
	98.14249	17.29138
	98.14151	17.29219
	98.13711	17.29128
	98.13536	17.2924
	98.13467	17.29361
	98.13649	17.2946
	98.13787	17.29772
	98.13816	17.29935
	98.13588	17.30518
	98.13445	17.30707
	98.1318	17.30682
	98.1293	17.3072
	98.12886	17.30758
	98.12894	17.30871
	98.12979	17.30918
	98.1295	17.31049
	98.12925	17.31521
	98.1255	17.32089
	98.12295	17.32213
	98.12179	17.32216
	98.12076	17.32323
	98.11921	17.3233
	98.11789	17.32219
	98.11773	17.32083
	98.11617	17.31925
	98.11306	17.31915
	98.11264	17.31943
	98.11162	17.32088
	98.1115	17.32188
	98.10901	17.32586
	98.10846	17.32867
	98.10844	17.32976
	98.10516	17.33769
	98.10588	17.33927
	98.10447	17.34327
	98.1049	17.34672
	98.10728	17.34935
	98.10737	17.35007
	98.10633	17.35121
	98.10514	17.35311
	98.10571	17.35484
	98.10824	17.35569
	98.10895	17.35669
	98.11007	17.35863
	98.11022	17.3614
	98.11116	17.36349
	98.11345	17.36645
	98.11481	17.36727
	98.1162	17.36826
	98.11733	17.36947
	98.11983	17.37118
	98.11984	17.37364
	98.11908	17.37489
	98.11615	17.37579
	98.11317	17.37535
	98.11243	17.37475
	98.10998	17.37638
	98.10909	17.37751
	98.10953	17.37977
	98.10865	17.38129
	98.10809	17.38255
	98.11079	17.38338
	98.11076	17.38552
	98.10791	17.38685
	98.10137	17.39096
	98.09503	17.3905
	98.09409	17.39101
	98.09324	17.39119
	98.09055	17.39499
	98.08911	17.39637
	98.08818	17.39638
	98.08711	17.39547
	98.08462	17.39231
	98.08294	17.39031
	98.08095	17.38965
	98.08009	17.39032
	98.07966	17.3927
	98.07876	17.39528
	98.07624	17.3988
	98.07542	17.39985
	98.07361	17.3999
	98.0725	17.40222
	98.07231	17.40301
	98.07125	17.40543
	98.07163	17.40641
	98.07156	17.40754
	98.07062	17.40833
	98.06918	17.40904
	98.06755	17.40936
	98.06583	17.4104
	98.06436	17.41307
	98.06425	17.41492
	98.06214	17.41718
	98.06116	17.42057
	98.05948	17.42168
	98.05661	17.4237
	98.05355	17.42385
	98.05105	17.42522
	98.04958	17.42677
	98.0466	17.42872
	98.04569	17.43017
	98.04542	17.43198
	98.0464	17.43325
	98.04897	17.43457
	98.0519	17.43359
	98.05526	17.43554
	98.05735	17.43823
	98.05589	17.44166
	98.05347	17.44354
	98.05267	17.44345
	98.05145	17.44286
	98.04993	17.44268
	98.04856	17.4434
	98.04347	17.44816
	98.0424	17.45059
	98.0373	17.45135
	98.03496	17.45458
	98.03402	17.45733
	98.0301	17.4612
	98.02975	17.46243
	98.02184	17.47197
	98.01663	17.47818
	98.01587	17.4796
	98.01156	17.48502
	98.00981	17.48712
	98.00754	17.48948
	98.00473	17.49204
	98.0047	17.49324
	98.0029	17.49468
	98.00197	17.49752
	97.99855	17.50055
	97.99795	17.50289
	97.99574	17.50458
	97.99265	17.50987
	97.99064	17.5117
	97.98945	17.51245
	97.98846	17.51248
	97.98787	17.51191
	97.98745	17.51116
	97.98619	17.51069
	97.98526	17.51059
	97.98438	17.51026
	97.98291	17.509
	97.98151	17.50945
	97.98024	17.51005
	97.9792	17.51017
	97.97761	17.50942
	97.97515	17.50969
	97.97251	17.50786
	97.97143	17.50783
	97.97031	17.50847
	97.9688	17.51209
	97.96816	17.51416
	97.96558	17.51614
	97.96522	17.51753
	97.96575	17.51842
	97.96663	17.51846
	97.96756	17.51948
	97.96756	17.52037
	97.96735	17.5216
	97.96438	17.52414
	97.96384	17.52582
	97.96216	17.52759
	97.95995	17.52846
	97.95746	17.52862
	97.95599	17.52813
	97.95389	17.52972
	97.9493	17.5308
	97.94514	17.53152
	97.94031	17.53101
	97.93515	17.53326
	97.93476	17.53416
	97.93494	17.53557
	97.9332	17.53817
	97.93057	17.53868
	97.92976	17.53844
	97.92766	17.53769
	97.92616	17.5379
	97.92424	17.53928
	97.92322	17.53946
	97.92244	17.54193
	97.92259	17.54316
	97.92292	17.54391
	97.92247	17.54951
	97.9216	17.55251
	97.91932	17.55754
	97.91846	17.55828
	97.9172	17.5575
	97.91609	17.55844
	97.91459	17.55844
	97.91347	17.55928
	97.9132	17.56045
	97.91207	17.56177
	97.91027	17.56306
	97.91003	17.56483
	97.91164	17.56678
	97.91036	17.56959
	97.90883	17.57175
	97.90751	17.57451
	97.9076	17.57584
	97.90829	17.57718
	97.90736	17.58006
	97.90703	17.5827
	97.90654	17.5836
	97.90375	17.58655
	97.90207	17.58704
	97.90033	17.58962
	97.89713	17.59064
	97.89589	17.59203
	97.89403	17.59309
	97.89164	17.59566
	97.88987	17.59705
	97.88559	17.59989
	97.88229	17.60054
	97.87877	17.60333
	97.87777	17.60646
	97.87545	17.60789
	97.87405	17.60766
	97.87279	17.60813
	97.87173	17.60963
	97.8591	17.61856
	97.85729	17.62075
	97.85226	17.6234
	97.84718	17.62787
	97.84678	17.63071
	97.84557	17.63144
	97.84339	17.63402
	97.84237	17.63383
	97.84099	17.63528
	97.84104	17.637
	97.84025	17.63741
	97.83867	17.63779
	97.8355	17.64063
	97.83145	17.64379
	97.82879	17.64575
	97.82782	17.65017
	97.8268	17.65124
	97.8227	17.65189
	97.82204	17.65241
	97.8214	17.65458
	97.82065	17.6559
	97.82116	17.65698
	97.82116	17.65855
	97.8195	17.66086
	97.817	17.6628
	97.81491	17.6637
	97.81392	17.66409
	97.81241	17.66619
	97.80952	17.6687
	97.8054	17.66998
	97.80354	17.67168
	97.80365	17.6735
	97.80292	17.6751
	97.79662	17.67862
	97.79528	17.6781
	97.79379	17.67936
	97.79313	17.681
	97.79341	17.68193
	97.79327	17.68625
	97.79211	17.6904
	97.79053	17.69305
	97.78904	17.69388
	97.78369	17.6986
	97.78254	17.70089
	97.77739	17.70713
	97.77593	17.70664
	97.77405	17.70803
	97.7695	17.71733
	97.76761	17.72095
	97.76538	17.72187
	97.76397	17.7243
	97.76311	17.72418
	97.76273	17.72548
	97.76397	17.72666
	97.76526	17.72902
	97.76494	17.73177
	97.76345	17.73246
	97.76277	17.73526
	97.76367	17.73801
	97.76233	17.73964
	97.76304	17.74353
	97.76275	17.74451
	97.76328	17.74565
	97.7646	17.74566
	97.76622	17.74656
	97.76996	17.74575
	97.77381	17.7489
	97.77521	17.7511
	97.77417	17.75301
	97.77091	17.75339
	97.7696	17.75482
	97.76942	17.75567
	97.76781	17.75715
	97.76654	17.75799
	97.76444	17.76067
	97.76383	17.76227
	97.76151	17.76601
	97.76065	17.76849
	97.75883	17.77097
	97.75709	17.77116
	97.75492	17.7692
	97.75248	17.76857
	97.74926	17.76836
	97.74668	17.76955
	97.74507	17.77137
	97.74438	17.77439
	97.74565	17.77602
	97.74562	17.77701
	97.7436	17.78164
	97.74287	17.78279
	97.74286	17.78554
	97.74179	17.78748
	97.74009	17.78758
	97.73686	17.79239
	97.73685	17.79371
	97.73424	17.79689
	97.72608	17.79905
	97.72405	17.7989
	97.72012	17.80548
	97.71842	17.80695
	97.71814	17.80849
	97.72036	17.81565
	97.72	17.81743
	97.7181	17.81945
	97.7164	17.8197
	97.71406	17.81839
	97.7095	17.81873
	97.70702	17.81668
	97.70397	17.81529
	97.70046	17.81808
	97.69849	17.82173
	97.69834	17.82286
	97.69541	17.82697
	97.69369	17.82821
	97.69299	17.82998
	97.69085	17.83334
	97.69278	17.83459
	97.69321	17.83745
	97.69172	17.84244
	97.68737	17.84817
	97.68217	17.85528
	97.6792	17.86345
	97.6758	17.8678
	97.67209	17.87778
	97.67198	17.88246
	97.67421	17.8883
	97.67991	17.9
	97.68515	17.90741
	97.68711	17.91301
	97.68559	17.91818
	97.68741	17.92502
	97.68966	17.92698
	97.69257	17.93106
	97.69883	17.93549
	97.70283	17.94204
	97.70938	17.94692
	97.72524	17.94968
	97.73141	17.95259
	97.73519	17.95702
	97.73643	17.96153
	97.73752	17.97462
	97.73719	17.9779
	97.73649	17.98657
	97.73308	17.99097
	97.72868	18.0022
	97.72129	18.01129
	97.72072	18.01499
	97.72257	18.01769
	97.72384	18.02124
	97.72285	18.02464
	97.71646	18.03175
	97.71504	18.03587
	97.71191	18.04084
	97.71092	18.04439
	97.70808	18.04823
	97.70879	18.05235
	97.70793	18.05661
	97.7041	18.05959
	97.70098	18.06428
	97.69842	18.0664
	97.69445	18.06655
	97.6919	18.06541
	97.69005	18.06115
	97.68706	18.05973
	97.68464	18.06044
	97.68179	18.06414
	97.68009	18.07181
	97.67995	18.07508
	97.68294	18.07779
	97.68819	18.0785
	97.69032	18.08077
	97.69107	18.08539
	97.68987	18.09237
	97.68106	18.10982
	97.67723	18.11498
	97.67823	18.12213
	97.6774	18.12762
	97.67806	18.13544
	97.67623	18.14791
	97.67773	18.15439
	97.6759	18.16171
	97.67158	18.16653
	97.6651	18.17118
	97.66194	18.17185
	97.65844	18.17185
	97.65162	18.17751
	97.64613	18.18732
	97.64347	18.19181
	97.63705	18.1988
	97.62795	18.20685
	97.62203	18.21485
	97.61366	18.22491
	97.61249	18.23107
	97.60929	18.23789
	97.60904	18.24473
	97.61171	18.25052
	97.62302	18.26017
	97.63008	18.26854
	97.63369	18.27099
	97.63647	18.27557
	97.64025	18.28122
	97.63946	18.28767
	97.6271	18.30742
	97.62274	18.31484
	97.62023	18.31787
	97.61431	18.32007
	97.60908	18.32343
	97.605	18.3271
	97.59942	18.32833
	97.59412	18.33182
	97.58276	18.33246
	97.57596	18.33872
	97.56746	18.33614
	97.55943	18.33937
	97.55121	18.33408
	97.54972	18.33092
	97.54808	18.32207
	97.54495	18.3162
	97.54264	18.30845
	97.54101	18.29773
	97.53659	18.28617
	97.52992	18.27894
	97.52053	18.27261
	97.50672	18.26621
	97.50407	18.26634
	97.50182	18.26744
	97.49726	18.27396
	97.49399	18.27648
	97.49352	18.279
	97.48407	18.29095
	97.47978	18.2943
	97.47067	18.29979
	97.47006	18.30154
	97.4689	18.3016
	97.46659	18.30341
	97.46468	18.30683
	97.46227	18.30877
	97.45342	18.32537
	97.45275	18.3284
	97.44976	18.32949
	97.44765	18.33033
	97.44635	18.33311
	97.44519	18.3366
	97.44411	18.34035
	97.44363	18.35055
	97.44281	18.35209
	97.442	18.35468
	97.44207	18.3601
	97.44656	18.36805
	97.44952	18.37341
	97.45107	18.37533
	97.45227	18.38293
	97.45206	18.3898
	97.44674	18.3947
	97.44205	18.40329
	97.43668	18.40667
	97.4305	18.40566
	97.42639	18.40804
	97.4249	18.41077
	97.42352	18.41719
	97.42006	18.42113
	97.41952	18.42931
	97.41822	18.43558
	97.41385	18.4424
	97.40805	18.44638
	97.40379	18.44866
	97.39857	18.45872
	97.39402	18.47343
	97.39119	18.49129
	97.38677	18.50543
	97.37894	18.51594
	97.37802	18.51823
	97.37661	18.51894
	97.37352	18.52305
	97.3634	18.52636
	97.35765	18.53024
	97.35507	18.53332
	97.35348	18.53427
	97.35223	18.53727
	97.35223	18.53846
	97.35057	18.54201
	97.34715	18.54446
	97.34622	18.5461
	97.34601	18.55106
	97.34491	18.55261
	97.34401	18.56523
	97.34381	18.57614
	97.3576	18.59111
	97.36046	18.59944
	97.36189	18.59949
	97.36212	18.59933
	97.36277	18.59716
	97.36308	18.59572
	97.36323	18.59432
	97.36329	18.59327
	97.36329	18.59043
	97.36318	18.58988
	97.36321	18.5889
	97.36334	18.58802
	97.36326	18.58709
	97.36311	18.58604
	97.36305	18.58451
	97.36305	18.5823
	97.36295	18.58094
	97.36305	18.57953
	97.36287	18.57862
	97.3629	18.57672
	97.36285	18.57624
	97.36285	18.57548
	97.36267	18.57445
	97.36254	18.57285
	97.36238	18.57209
	97.3622	18.57154
	97.36212	18.57075
	97.36187	18.56983
	97.36184	18.56935
	97.36176	18.56906
	97.36176	18.56866
	97.36212	18.56732
	97.3621	18.56639
	97.36231	18.56503
	97.36236	18.56403
	97.36233	18.56329
	97.3622	18.56262
	97.36218	18.56148
	97.36233	18.56103
	97.36305	18.5599
	97.36334	18.55969
	97.36481	18.55959
	97.36832	18.55971
	97.36905	18.55986
	97.36974	18.55981
	97.37153	18.55983
	97.37235	18.55986
	97.37321	18.55995
	97.37424	18.55995
	97.37855	18.55962
	97.37974	18.5594
	97.38129	18.55924
	97.38186	18.55926
	97.3832	18.5595
	97.384	18.55971
	97.38462	18.55998
	97.3854	18.56021
	97.38599	18.56026
	97.38666	18.56017
	97.38749	18.56012
	97.38827	18.55998
	97.38886	18.5601
	97.39007	18.56045
	97.39181	18.56088
	97.39292	18.56103
	97.39361	18.56143
	97.39431	18.56172
	97.39514	18.56222
	97.39645	18.56327
	97.39689	18.56379
	97.39726	18.56453
	97.39759	18.56536
	97.39795	18.5656
	97.39849	18.56567
	97.39911	18.56567
	97.39963	18.56575
	97.40085	18.56603
	97.40144	18.56641
	97.40273	18.56682
	97.40325	18.56672
	97.40405	18.56594
	97.40415	18.56567
	97.40433	18.56472
	97.40423	18.56436
	97.40423	18.56401
	97.4047	18.56267
	97.40464	18.56229
	97.40539	18.56038
	97.40588	18.55947
	97.4063	18.55888
	97.40692	18.55754
	97.40756	18.55688
	97.40821	18.55611
	97.40916	18.55521
	97.4102	18.55461
	97.41136	18.55416
	97.41294	18.55268
	97.41348	18.55253
	97.41397	18.55265
	97.41544	18.5528
	97.41663	18.55306
	97.41746	18.55313
	97.4181	18.55284
	97.41872	18.55215
	97.41955	18.55089
	97.42081	18.5492
	97.42159	18.54846
	97.42438	18.54715
	97.42482	18.54679
	97.42539	18.5465
	97.42593	18.54633
	97.42632	18.54595
	97.42668	18.5454
	97.42722	18.54428
	97.4273	18.54309
	97.42717	18.54273
	97.42712	18.54235
	97.42725	18.54207
	97.42758	18.54063
	97.42776	18.54025
	97.42784	18.53992
	97.42784	18.53868
	97.42763	18.53694
	97.42763	18.53536
	97.4281	18.53405
	97.42815	18.5335
	97.42797	18.53284
	97.42784	18.53181
	97.42784	18.53031
	97.4281	18.53005
	97.42838	18.52962
	97.42849	18.52907
	97.42864	18.52866
	97.42854	18.52723
	97.42854	18.52656
	97.42841	18.5259
	97.42838	18.52551
	97.42872	18.52501
	97.42916	18.52451
	97.42962	18.52382
	97.43009	18.52349
	97.43073	18.52318
	97.43094	18.52294
	97.43133	18.52263
	97.43192	18.52232
	97.43285	18.5221
	97.43332	18.52206
	97.43456	18.52175
	97.4352	18.52139
	97.43556	18.5211
	97.43585	18.52077
	97.43605	18.52013
	97.43611	18.51917
	97.43611	18.51741
	97.4358	18.51576
	97.43572	18.51474
	97.43559	18.51388
	97.43556	18.51326
	97.43541	18.51259
	97.43564	18.51144
	97.4359	18.51063
	97.43618	18.50915
	97.43621	18.50844
	97.43647	18.50696
	97.43667	18.50644
	97.43683	18.50586
	97.43722	18.50543
	97.43792	18.50503
	97.43848	18.50443
	97.44034	18.50343
	97.44078	18.50324
	97.44189	18.50305
	97.44269	18.50283
	97.44303	18.50264
	97.44337	18.50214
	97.44378	18.50131
	97.44409	18.50083
	97.44428	18.49965
	97.44468	18.49904
	97.44471	18.49865
	97.44495	18.49821
	97.44495	18.49789
	97.44483	18.49739
	97.44448	18.49645
	97.44417	18.49595
	97.44397	18.49551
	97.44397	18.49501
	97.4444	18.49494
	97.44483	18.49494
	97.44545	18.49483
	97.44596	18.49461
	97.44662	18.49451
	97.44846	18.49469
	97.44877	18.49454
	97.44924	18.49407
	97.45006	18.49346
	97.45045	18.49343
	97.45107	18.49343
	97.45208	18.49357
	97.4536	18.49357
	97.45384	18.49353
	97.45435	18.49353
	97.45446	18.49357
	97.45473	18.49425
	97.45473	18.49465
	97.45516	18.49548
	97.45548	18.49584
	97.45575	18.49631
	97.45645	18.49652
	97.45731	18.49728
	97.45805	18.49818
	97.45824	18.49861
	97.45828	18.49886
	97.45844	18.49926
	97.45879	18.49955
	97.4591	18.49962
	97.45973	18.49937
	97.46043	18.49872
	97.46086	18.4985
	97.46144	18.49829
	97.46195	18.49789
	97.46253	18.49757
	97.4637	18.49706
	97.46421	18.49706
	97.46487	18.49721
	97.46639	18.49778
	97.46768	18.49847
	97.46811	18.49886
	97.46873	18.49958
	97.46893	18.50005
	97.47029	18.50138
	97.47045	18.50369
	97.4708	18.50405
	97.47119	18.50437
	97.47162	18.50462
	97.4724	18.50466
	97.47302	18.5048
	97.47388	18.50484
	97.47524	18.50509
	97.47591	18.50538
	97.47673	18.50567
	97.4786	18.5066
	97.47922	18.50696
	97.47965	18.50736
	97.48031	18.50775
	97.48082	18.50829
	97.48113	18.50901
	97.4816	18.51031
	97.48172	18.51074
	97.48176	18.51114
	97.48203	18.5111
	97.48246	18.51088
	97.48265	18.51031
	97.48304	18.5097
	97.4839	18.50883
	97.48449	18.50862
	97.48667	18.50858
	97.48729	18.50887
	97.48799	18.50894
	97.48854	18.50905
	97.48913	18.50941
	97.48963	18.50962
	97.49002	18.50995
	97.49049	18.51009
	97.49103	18.50988
	97.4915	18.50944
	97.49185	18.50837
	97.49259	18.50685
	97.49353	18.50585
	97.49392	18.50513
	97.49431	18.50405
	97.49462	18.50293
	97.49474	18.50207
	97.49552	18.50081
	97.49653	18.49965
	97.49706	18.49887
	97.49762	18.49818
	97.49771	18.49795
	97.49768	18.49672
	97.49775	18.49643
	97.49961	18.49463
	97.50006	18.49426
	97.50175	18.49346
	97.50363	18.49285
	97.50487	18.49268
	97.50611	18.49265
	97.50679	18.49283
	97.50735	18.49285
	97.50872	18.49278
	97.51015	18.49278
	97.51039	18.4929
	97.51052	18.49312
	97.51025	18.49426
	97.51036	18.49463
	97.51097	18.49517
	97.5112	18.49529
	97.51229	18.49468
	97.51271	18.49478
	97.51308	18.49534
	97.514	18.4958
	97.51424	18.49614
	97.51432	18.49675
	97.51458	18.49712
	97.51543	18.49755
	97.51564	18.49763
	97.51693	18.49777
	97.51765	18.49777
	97.51876	18.4977
	97.5205	18.4968
	97.52076	18.49648
	97.52113	18.49582
	97.52121	18.49541
	97.52171	18.49448
	97.52195	18.49436
	97.52216	18.49441
	97.52303	18.49514
	97.52372	18.49541
	97.52459	18.49543
	97.52691	18.49607
	97.52728	18.49612
	97.52784	18.49607
	97.52821	18.49594
	97.52892	18.49492
	97.52924	18.49465
	97.53011	18.49365
	97.53056	18.49307
	97.53098	18.49265
	97.53135	18.49236
	97.53304	18.49139
	97.5337	18.49117
	97.53407	18.49109
	97.53439	18.49109
	97.53481	18.49117
	97.53547	18.49168
	97.53639	18.49224
	97.53684	18.49273
	97.53689	18.49321
	97.53689	18.4949
	97.53711	18.49582
	97.53808	18.49736
	97.53819	18.4978
	97.53888	18.49897
	97.53919	18.4997
	97.53954	18.50036
	97.53956	18.50066
	97.53994	18.50134
	97.53997	18.50169
	97.53994	18.50241
	97.53968	18.50282
	97.53953	18.50316
	97.53897	18.50354
	97.53874	18.50392
	97.53897	18.50475
	97.53953	18.50567
	97.53964	18.50605
	97.53986	18.50633
	97.54005	18.50667
	97.54031	18.50736
	97.54046	18.50804
	97.54061	18.50839
	97.54079	18.50942
	97.54087	18.51011
	97.54094	18.51045
	97.54109	18.5108
	97.54128	18.51186
	97.54183	18.51282
	97.54277	18.51344
	97.54288	18.51378
	97.54295	18.51413
	97.54291	18.51451
	97.54258	18.51523
	97.5425	18.51557
	97.54247	18.51626
	97.54254	18.51664
	97.54314	18.51719
	97.54381	18.51825
	97.54407	18.51939
	97.54407	18.51973
	97.54414	18.52011
	97.54411	18.52104
	97.54399	18.52176
	97.54407	18.52495
	97.54403	18.5253
	97.54388	18.52564
	97.54385	18.52602
	97.54414	18.52712
	97.5444	18.52739
	97.54459	18.52771
	97.54466	18.52805
	97.54511	18.52867
	97.54597	18.52946
	97.54694	18.53008
	97.54813	18.53042
	97.54846	18.53059
	97.54928	18.53076
	97.54976	18.53049
	97.55077	18.52973
	97.55114	18.52953
	97.5514	18.52925
	97.55185	18.52894
	97.5523	18.52874
	97.55326	18.52798
	97.55352	18.52771
	97.55401	18.5275
	97.55762	18.52739
	97.55799	18.52729
	97.55862	18.52681
	97.55918	18.52626
	97.55996	18.5252
	97.56064	18.52472
	97.56104	18.5241
	97.5616	18.52355
	97.56194	18.52289
	97.56216	18.52262
	97.56235	18.52227
	97.56265	18.52197
	97.56302	18.52176
	97.56343	18.52169
	97.56365	18.522
	97.5638	18.52234
	97.5641	18.52262
	97.56447	18.52282
	97.56536	18.52348
	97.56574	18.52365
	97.56603	18.52386
	97.56696	18.52461
	97.56715	18.52492
	97.56726	18.52526
	97.5673	18.52599
	97.56722	18.52712
	97.56745	18.52757
	97.56801	18.52822
	97.56879	18.52949
	97.56909	18.52973
	97.56935	18.53008
	97.56968	18.53035
	97.57013	18.53094
	97.57069	18.53149
	97.57091	18.53179
	97.57106	18.53217
	97.57132	18.53327
	97.57147	18.53441
	97.57147	18.53475
	97.57169	18.53503
	97.57285	18.53503
	97.57322	18.53506
	97.574	18.53523
	97.57437	18.53523
	97.57467	18.53509
	97.57489	18.53482
	97.57512	18.53465
	97.57549	18.53403
	97.57579	18.53375
	97.57627	18.53317
	97.57828	18.53293
	97.57906	18.53293
	97.57981	18.53276
	97.58178	18.53276
	97.58331	18.53314
	97.58372	18.53327
	97.58446	18.53341
	97.58565	18.53341
	97.58603	18.53348
	97.58669	18.53533
	97.58673	18.53609
	97.58688	18.53678
	97.58703	18.53712
	97.58725	18.53747
	97.58755	18.53767
	97.588	18.53784
	97.58841	18.53791
	97.5893	18.53802
	97.5912	18.53798
	97.59139	18.53767
	97.59168	18.5374
	97.59187	18.53709
	97.59228	18.53692
	97.59254	18.53661
	97.59384	18.53561
	97.59425	18.53554
	97.59462	18.53554
	97.59548	18.53575
	97.59634	18.53578
	97.59876	18.5364
	97.59954	18.5365
	97.60032	18.5365
	97.6011	18.53637
	97.60147	18.53637
	97.60188	18.53619
	97.60226	18.53616
	97.60345	18.53616
	97.60419	18.53647
	97.60483	18.53702
	97.60505	18.53781
	97.60505	18.53898
	97.60512	18.53932
	97.60523	18.54042
	97.60546	18.54073
	97.60564	18.54114
	97.60576	18.54187
	97.60602	18.54259
	97.60609	18.54293
	97.60654	18.54362
	97.60691	18.54369
	97.60784	18.54369
	97.60832	18.54379
	97.60989	18.54431
	97.6103	18.54437
	97.61145	18.54482
	97.61272	18.54551
	97.61305	18.54575
	97.61346	18.54575
	97.61417	18.54527
	97.61525	18.54479
	97.61558	18.54451
	97.61592	18.54434
	97.61655	18.54389
	97.6173	18.54358
	97.61871	18.54279
	97.61897	18.54242
	97.61897	18.54056
	97.6189	18.54022
	97.6189	18.53953
	97.61912	18.53925
	97.61987	18.53925
	97.62083	18.53987
	97.62206	18.5409
	97.62225	18.54125
	97.62225	18.54159
	97.62206	18.54228
	97.62225	18.54262
	97.62251	18.5429
	97.62255	18.54358
	97.62266	18.54393
	97.62262	18.54427
	97.62176	18.54561
	97.62139	18.5463
	97.62135	18.54668
	97.62098	18.54747
	97.62072	18.54774
	97.62042	18.54795
	97.61961	18.54829
	97.61923	18.54853
	97.61864	18.54912
	97.61841	18.54946
	97.61838	18.5498
	97.61823	18.55022
	97.61804	18.55053
	97.61718	18.55173
	97.61566	18.55324
	97.61473	18.55468
	97.6145	18.55496
	97.61432	18.55534
	97.61428	18.55795
	97.61439	18.55905
	97.61462	18.55991
	97.61462	18.56025
	97.61421	18.56087
	97.61413	18.56122
	97.6145	18.56139
	97.61562	18.56173
	97.61644	18.56173
	97.61685	18.56187
	97.61718	18.56211
	97.61733	18.56249
	97.61756	18.56287
	97.61823	18.56328
	97.6186	18.56345
	97.61923	18.56386
	97.61998	18.56417
	97.62076	18.56441
	97.62117	18.56452
	97.6224	18.56469
	97.62337	18.56534
	97.62377	18.56551
	97.62415	18.56555
	97.62608	18.56555
	97.62646	18.56565
	97.62731	18.56562
	97.62757	18.56534
	97.62768	18.565
	97.62847	18.56407
	97.62876	18.56383
	97.62992	18.56359
	97.63066	18.563
	97.631	18.56283
	97.63133	18.56256
	97.63178	18.56194
	97.63204	18.56166
	97.63249	18.56101
	97.63256	18.56067
	97.63271	18.56032
	97.63312	18.55967
	97.63323	18.55933
	97.63353	18.55908
	97.63375	18.55881
	97.63412	18.55864
	97.6345	18.5586
	97.63491	18.55857
	97.63528	18.55867
	97.63565	18.55885
	97.63587	18.55926
	97.63662	18.5597
	97.63703	18.55988
	97.63755	18.56043
	97.63774	18.56084
	97.638	18.56118
	97.63829	18.56146
	97.63896	18.56187
	97.63934	18.56197
	97.64038	18.56256
	97.64053	18.56293
	97.64027	18.56397
	97.64027	18.56469
	97.64038	18.56503
	97.64056	18.56534
	97.64094	18.56565
	97.64123	18.56575
	97.64153	18.56599
	97.64194	18.56603
	97.64235	18.56617
	97.64265	18.56644
	97.64324	18.56685
	97.64362	18.56754
	97.64369	18.56792
	97.64384	18.56826
	97.64384	18.56861
	97.64391	18.56895
	97.6441	18.56933
	97.64418	18.56936
	97.64436	18.56964
	97.64473	18.57001
	97.64507	18.57019
	97.64544	18.57019
	97.64671	18.57043
	97.64712	18.57043
	97.64872	18.57067
	97.64909	18.57077
	97.64972	18.57129
	97.65028	18.57225
	97.65047	18.57294
	97.6505	18.574
	97.65028	18.57435
	97.65006	18.57507
	97.65006	18.57541
	97.65013	18.57579
	97.65028	18.57613
	97.65032	18.57651
	97.65047	18.57685
	97.6511	18.57723
	97.65147	18.57723
	97.65184	18.57709
	97.65259	18.57699
	97.65296	18.57713
	97.65333	18.57778
	97.65374	18.57792
	97.65412	18.57802
	97.65564	18.57799
	97.65635	18.57768
	97.65657	18.5773
	97.65724	18.57644
	97.65788	18.57579
	97.65825	18.57562
	97.66063	18.57562
	97.661	18.57551
	97.66223	18.57503
	97.6626	18.57496
	97.66339	18.575
	97.66376	18.5752
	97.66413	18.57531
	97.6645	18.57527
	97.66487	18.57513
	97.66525	18.57507
	97.66562	18.5751
	97.66644	18.57527
	97.66722	18.57527
	97.6677	18.5752
	97.668	18.57493
	97.66875	18.57462
	97.66897	18.57431
	97.66957	18.57383
	97.66994	18.57362
	97.67083	18.57345
	97.6712	18.57366
	97.67139	18.57407
	97.67217	18.5749
	97.67284	18.57586
	97.67318	18.57613
	97.67336	18.57644
	97.67362	18.57675
	97.67396	18.57692
	97.67444	18.57709
	97.67496	18.57713
	97.67534	18.57699
	97.6756	18.57672
	97.67593	18.57654
	97.67619	18.57627
	97.67649	18.57606
	97.67686	18.57593
	97.67716	18.57569
	97.67861	18.575
	97.67898	18.57493
	97.67973	18.5749
	97.68051	18.57517
	97.68081	18.57538
	97.68152	18.57569
	97.68263	18.57569
	97.68297	18.57548
	97.6836	18.57441
	97.6839	18.57414
	97.68397	18.5738
	97.68434	18.57376
	97.68502	18.57342
	97.68528	18.57314
	97.68561	18.57294
	97.68676	18.5729
	97.68799	18.57307
	97.68889	18.57266
	97.68959	18.57204
	97.68993	18.57187
	97.6906	18.57142
	97.69097	18.57129
	97.69198	18.57053
	97.69272	18.57015
	97.69309	18.57002
	97.69399	18.56998
	97.69436	18.57002
	97.69514	18.57022
	97.69596	18.57025
	97.69682	18.57008
	97.69804	18.57005
	97.69849	18.56984
	97.69901	18.56981
	97.69987	18.56957
	97.70147	18.5696
	97.7018	18.56981
	97.70236	18.57039
	97.70277	18.57063
	97.70322	18.57081
	97.70441	18.57084
	97.70486	18.57094
	97.70583	18.57136
	97.70832	18.57208
	97.70914	18.57239
	97.71104	18.57239
	97.71182	18.57221
	97.71223	18.57204
	97.7126	18.57204
	97.71376	18.5718
	97.71454	18.57153
	97.71491	18.57153
	97.71521	18.57173
	97.71536	18.57208
	97.71558	18.57242
	97.71573	18.5728
	97.71603	18.57307
	97.71673	18.57355
	97.71718	18.57362
	97.72239	18.57362
	97.72269	18.57383
	97.72299	18.57493
	97.72303	18.57572
	97.72321	18.57603
	97.72332	18.57782
	97.72329	18.57816
	97.72314	18.5785
	97.72291	18.57878
	97.72228	18.57923
	97.72224	18.57957
	97.72254	18.57981
	97.72303	18.57998
	97.7234	18.58002
	97.72377	18.58019
	97.72399	18.5805
	97.72414	18.58122
	97.72459	18.58235
	97.72463	18.5827
	97.72474	18.58304
	97.72489	18.58338
	97.72533	18.58407
	97.72548	18.58442
	97.72574	18.58469
	97.72623	18.58483
	97.7266	18.58486
	97.72701	18.58497
	97.7279	18.58497
	97.72842	18.58503
	97.72928	18.58527
	97.72991	18.58569
	97.73032	18.58579
	97.73088	18.58631
	97.73122	18.58651
	97.73166	18.58655
	97.73211	18.58648
	97.73248	18.58631
	97.73345	18.586
	97.73397	18.58576
	97.73427	18.58548
	97.73449	18.58521
	97.73457	18.58486
	97.73475	18.58452
	97.73509	18.58407
	97.7352	18.58369
	97.73613	18.58256
	97.73676	18.58187
	97.73713	18.58173
	97.73758	18.58101
	97.73766	18.5807
	97.73788	18.58026
	97.73807	18.57974
	97.73836	18.57947
	97.73993	18.5794
	97.7403	18.57936
	97.74075	18.57926
	97.74116	18.57909
	97.74156	18.57878
	97.74194	18.57871
	97.74264	18.57837
	97.74317	18.57823
	97.7435	18.57802
	97.74391	18.57806
	97.74581	18.57874
	97.74633	18.57874
	97.74715	18.5785
	97.74767	18.57843
	97.74849	18.57806
	97.74901	18.57795
	97.74935	18.57775
	97.75003	18.57757
	97.7502	18.57715
	97.75069	18.57652
	97.75106	18.57625
	97.75128	18.57617
	97.75172	18.57613
	97.75307	18.57613
	97.7536	18.57627
	97.75406	18.57645
	97.75448	18.57678
	97.75468	18.57688
	97.75624	18.57749
	97.75684	18.57784
	97.75754	18.578
	97.75805	18.57798
	97.75904	18.57774
	97.75928	18.57759
	97.75952	18.57753
	97.76032	18.57741
	97.76226	18.57743
	97.76296	18.57759
	97.76444	18.57782
	97.76532	18.57782
	97.76657	18.57763
	97.76686	18.57763
	97.76708	18.57765
	97.7673	18.57775
	97.76779	18.57788
	97.76798	18.57802
	97.76871	18.57834
	97.76904	18.57863
	97.76915	18.57881
	97.76939	18.57971
	97.76931	18.57993
	97.76882	18.58046
	97.76853	18.58089
	97.76794	18.58146
	97.7671	18.58198
	97.76701	18.58219
	97.76739	18.58245
	97.76783	18.58257
	97.76803	18.58274
	97.76831	18.58308
	97.76842	18.58353
	97.76851	18.58422
	97.76851	18.58567
	97.7686	18.58589
	97.76873	18.58605
	97.76911	18.58636
	97.7692	18.58656
	97.7692	18.58676
	97.76909	18.58701
	97.76873	18.58742
	97.76772	18.58805
	97.76708	18.58833
	97.76675	18.58866
	97.76668	18.58886
	97.76686	18.58902
	97.7671	18.58912
	97.76759	18.58923
	97.76798	18.58947
	97.76834	18.58976
	97.76862	18.59014
	97.76884	18.59024
	97.76953	18.59091
	97.76966	18.59108
	97.76972	18.59128
	97.77003	18.59167
	97.77023	18.59205
	97.77036	18.5927
	97.7705	18.59287
	97.77054	18.5935
	97.77074	18.59437
	97.77078	18.59478
	97.77098	18.59525
	97.77111	18.59543
	97.77118	18.59565
	97.77118	18.59588
	97.77133	18.59633
	97.77155	18.59677
	97.77171	18.59696
	97.77193	18.59736
	97.77206	18.59781
	97.77204	18.59822
	97.77191	18.59864
	97.77138	18.59942
	97.77087	18.59988
	97.77087	18.60029
	97.77138	18.601
	97.77151	18.60145
	97.77173	18.60184
	97.77177	18.60208
	97.77188	18.6023
	97.77215	18.60265
	97.77217	18.60285
	97.77215	18.60306
	97.77151	18.60401
	97.77138	18.60446
	97.77114	18.60487
	97.77107	18.60507
	97.77109	18.6055
	97.77166	18.60664
	97.77239	18.60737
	97.77248	18.60781
	97.7727	18.60822
	97.77299	18.60901
	97.77316	18.60916
	97.77343	18.60952
	97.7738	18.60989
	97.77382	18.61009
	97.77391	18.6103
	97.77387	18.61052
	97.77312	18.61119
	97.77296	18.61135
	97.77285	18.61158
	97.77285	18.61178
	97.77303	18.6128
	97.77321	18.61322
	97.77334	18.61367
	97.77336	18.61392
	97.77354	18.61434
	97.77356	18.61455
	97.77356	18.61615
	97.77334	18.61711
	97.77336	18.61841
	97.77349	18.61859
	97.77356	18.6188
	97.77356	18.61923
	97.7734	18.61953
	97.77312	18.61963
	97.77241	18.61975
	97.77171	18.6201
	97.77109	18.62047
	97.7705	18.62089
	97.76977	18.62154
	97.76913	18.62221
	97.76906	18.62242
	97.76906	18.62285
	97.76917	18.62303
	97.76922	18.62325
	97.76988	18.62421
	97.76992	18.62441
	97.76992	18.62488
	97.76988	18.6251
	97.76972	18.62531
	97.76959	18.62575
	97.76968	18.62638
	97.76981	18.62657
	97.77001	18.62671
	97.77023	18.62683
	97.77052	18.62691
	97.77094	18.6272
	97.77107	18.62769
	97.7712	18.62785
	97.77118	18.6285
	97.77091	18.62885
	97.77056	18.62917
	97.76992	18.62954
	97.76937	18.62978
	97.76915	18.62994
	97.76856	18.63066
	97.76823	18.63131
	97.76796	18.63171
	97.76693	18.63297
	97.76693	18.63318
	97.7671	18.63336
	97.76765	18.63377
	97.76783	18.63397
	97.76911	18.63487
	97.76986	18.63556
	97.77063	18.63649
	97.77087	18.63684
	97.77098	18.63708
	97.77098	18.63792
	97.77061	18.63853
	97.77012	18.63999
	97.76957	18.64121
	97.76909	18.64204
	97.76853	18.64284
	97.76836	18.64329
	97.76827	18.64371
	97.76842	18.64388
	97.76862	18.64398
	97.76942	18.64422
	97.76961	18.64434
	97.77045	18.64491
	97.77124	18.64554
	97.7716	18.64589
	97.77166	18.64611
	97.77166	18.64634
	97.77155	18.64652
	97.77153	18.64786
	97.7714	18.64855
	97.77124	18.649
	97.77096	18.64945
	97.77065	18.65012
	97.77063	18.65032
	97.77083	18.65085
	97.77122	18.65108
	97.77142	18.65124
	97.77193	18.65169
	97.77221	18.65205
	97.77226	18.65226
	97.77226	18.65311
	97.77199	18.65352
	97.77191	18.65376
	97.77182	18.65441
	97.77215	18.65525
	97.77228	18.65545
	97.7723	18.65565
	97.7723	18.65586
	97.77215	18.65606
	97.77197	18.6562
	97.77109	18.65667
	97.77065	18.65704
	97.77041	18.65718
	97.77023	18.65761
	97.77023	18.65868
	97.76979	18.65923
	97.76946	18.6599
	97.76931	18.66055
	97.76931	18.6612
	97.7692	18.66139
	97.76858	18.66208
	97.76816	18.66287
	97.76803	18.66371
	97.76803	18.66413
	97.76787	18.66464
	97.76783	18.66507
	97.76783	18.66554
	97.7679	18.66574
	97.76785	18.66688
	97.76765	18.66802
	97.76757	18.66824
	97.76741	18.66847
	97.76735	18.66871
	97.76735	18.66934
	97.76761	18.66973
	97.76847	18.67021
	97.76875	18.67025
	97.769	18.67038
	97.76939	18.67068
	97.76975	18.67105
	97.77036	18.67182
	97.77061	18.67225
	97.77067	18.67245
	97.77102	18.67276
	97.77124	18.67282
	97.77184	18.67322
	97.77221	18.67359
	97.77239	18.6739
	97.77243	18.6743
	97.77261	18.67475
	97.77277	18.67558
	97.77277	18.67652
	97.77268	18.67699
	97.77268	18.67772
	97.77254	18.67823
	97.77241	18.67839
	97.77155	18.6792
	97.77074	18.67989
	97.77065	18.6801
	97.77065	18.68073
	97.77072	18.68095
	97.77076	18.68169
	97.77098	18.68229
	97.77151	18.68307
	97.77164	18.68348
	97.77199	18.68408
	97.77217	18.68421
	97.77239	18.68459
	97.77272	18.68488
	97.77296	18.68527
	97.77303	18.68592
	97.77303	18.68653
	97.77294	18.68693
	97.77294	18.68758
	97.77321	18.68793
	97.7738	18.68838
	97.77395	18.68856
	97.77402	18.68876
	97.77402	18.68919
	97.77393	18.68941
	97.77329	18.69008
	97.77265	18.69102
	97.77265	18.69124
	97.77279	18.69143
	97.77299	18.69204
	97.77296	18.69249
	97.77232	18.69346
	97.7721	18.69411
	97.77217	18.6955
	97.77208	18.6959
	97.77195	18.69609
	97.77127	18.69672
	97.771	18.69686
	97.76972	18.69732
	97.76937	18.69763
	97.76928	18.69783
	97.76928	18.69804
	97.76937	18.69826
	97.7695	18.69891
	97.76966	18.69909
	97.76968	18.69956
	97.76964	18.69977
	97.76933	18.70013
	97.76847	18.7009
	97.76829	18.70103
	97.76752	18.70137
	97.76666	18.70212
	97.76631	18.70251
	97.76611	18.7032
	97.76611	18.70367
	97.76582	18.70497
	97.76556	18.70583
	97.76541	18.7065
	97.76538	18.70697
	97.7655	18.70758
	97.76519	18.70843
	97.76453	18.70922
	97.76369	18.71004
	97.76342	18.7104
	97.76294	18.71077
	97.76241	18.71093
	97.76155	18.71109
	97.75922	18.71118
	97.75897	18.71124
	97.7586	18.7115
	97.75807	18.71199
	97.75778	18.71268
	97.75759	18.71331
	97.75745	18.71398
	97.75728	18.71443
	97.75681	18.71531
	97.75611	18.71628
	97.75602	18.71648
	97.7558	18.7177
	97.75567	18.71789
	97.75538	18.71858
	97.75532	18.7188
	97.75532	18.71899
	97.75512	18.71921
	97.75508	18.71943
	97.75474	18.72033
	97.7547	18.72055
	97.7547	18.72206
	97.75483	18.72275
	97.75488	18.72383
	97.75426	18.72558
	97.75417	18.72651
	97.75415	18.72779
	97.75435	18.72863
	97.75446	18.72883
	97.75463	18.72956
	97.75474	18.72977
	97.75477	18.73017
	97.75455	18.73058
	97.75388	18.73127
	97.75366	18.73196
	97.75382	18.73286
	97.75382	18.73308
	97.75377	18.73353
	97.75364	18.73398
	97.75329	18.73465
	97.75261	18.73554
	97.7525	18.73575
	97.75188	18.73648
	97.75164	18.73684
	97.75157	18.73707
	97.75177	18.73749
	97.75263	18.73835
	97.75305	18.73888
	97.75338	18.73947
	97.75355	18.73965
	97.75362	18.73987
	97.75362	18.7401
	97.75353	18.7403
	97.75314	18.74085
	97.7532	18.74107
	97.75369	18.74164
	97.75422	18.74221
	97.75457	18.74248
	97.75521	18.74278
	97.75596	18.74301
	97.75692	18.74343
	97.75754	18.7438
	97.75776	18.74414
	97.75781	18.74437
	97.75781	18.74593
	97.758	18.74636
	97.75803	18.74658
	97.75812	18.74681
	97.75851	18.7477
	97.75856	18.74795
	97.75851	18.74905
	97.75864	18.74945
	97.75902	18.75006
	97.75925	18.75028
	97.75941	18.75067
	97.75949	18.75107
	97.75949	18.75146
	97.7591	18.7521
	97.75883	18.75239
	97.75825	18.75339
	97.75817	18.75374
	97.75817	18.75446
	97.75836	18.75478
	97.75863	18.75507
	97.75941	18.75518
	97.75976	18.75539
	97.76057	18.75557
	97.76138	18.75589
	97.76169	18.75614
	97.76208	18.75635
	97.76305	18.7571
	97.76336	18.75743
	97.76347	18.75782
	97.76351	18.75889
	97.76297	18.7595
	97.76274	18.75982
	97.76266	18.76054
	97.76251	18.76125
	97.76251	18.762
	97.76239	18.76272
	97.7622	18.76311
	97.76169	18.76372
	97.76135	18.76397
	97.76053	18.76422
	97.76014	18.7644
	97.75763	18.76572
	97.75724	18.76583
	97.75472	18.76583
	97.75438	18.76601
	97.75395	18.76668
	97.75383	18.76704
	97.75379	18.76776
	97.7541	18.76833
	97.75418	18.76869
	97.75445	18.76904
	97.75461	18.7694
	97.75465	18.77083
	97.75457	18.77126
	97.75441	18.77162
	97.75418	18.7719
	97.75321	18.7728
	97.75263	18.77341
	97.75244	18.7738
	97.75244	18.77416
	97.75252	18.77455
	97.75279	18.77487
	97.7529	18.7753
	97.75349	18.77634
	97.7536	18.77673
	97.7536	18.77712
	97.75383	18.77748
	97.75395	18.77787
	97.75403	18.77873
	97.75403	18.78023
	97.75383	18.78055
	97.75341	18.78198
	97.75333	18.78273
	97.75341	18.78352
	97.75352	18.78388
	97.75372	18.78427
	97.75379	18.78541
	97.75356	18.78613
	97.75302	18.78674
	97.75267	18.78702
	97.75248	18.78734
	97.7519	18.78806
	97.75132	18.78863
	97.75101	18.78913
	97.75089	18.78956
	97.7507	18.79002
	97.75047	18.79024
	97.74921	18.79099
	97.74917	18.79128
	97.74921	18.79349
	97.74901	18.79401
	97.74873	18.79552
	97.74869	18.79743
	97.74853	18.7985
	97.74857	18.79887
	97.74925	18.79986
	97.74937	18.80037
	97.74937	18.80082
	97.74961	18.80166
	97.75004	18.80211
	97.75062	18.80314
	97.75066	18.80368
	97.75078	18.80429
	97.75105	18.80507
	97.7512	18.80586
	97.75205	18.80747
	97.75244	18.80808
	97.75267	18.80861
	97.75225	18.80893
	97.75159	18.80929
	97.7507	18.80958
	97.75004	18.81001
	97.74937	18.81009
	97.74841	18.81005
	97.74797	18.80972
	97.74769	18.80972
	97.74693	18.81057
	97.74598	18.81175
	97.74554	18.81215
	97.74506	18.81274
	97.7447	18.81388
	97.74438	18.8144
	97.74434	18.8162
	97.74339	18.81742
	97.74267	18.81852
	97.74255	18.81929
	97.74255	18.82084
	97.74259	18.82139
	97.74259	18.82268
	97.74255	18.82308
	97.74219	18.82349
	97.74103	18.82445
	97.74076	18.82478
	97.74056	18.8254
	97.74056	18.82614
	97.73988	18.82713
	97.7394	18.82761
	97.73892	18.82842
	97.73892	18.82916
	97.73912	18.82982
	97.7406	18.83067
	97.74371	18.83192
	97.74426	18.83221
	97.74602	18.83383
	97.74634	18.83427
	97.74642	18.83471
	97.74642	18.83505
	97.74606	18.83541
	97.7459	18.83597
	97.74594	18.83652
	97.7461	18.83707
	97.7465	18.83759
	97.74666	18.8381
	97.74666	18.83865
	97.74641	18.83978
	97.74737	18.84026
	97.74827	18.84226
	97.74844	18.8432
	97.74901	18.84512
	97.74873	18.84531
	97.74733	18.84605
	97.74685	18.84664
	97.7451	18.84815
	97.74394	18.84962
	97.74386	18.85017
	97.74407	18.85076
	97.7445	18.85135
	97.74494	18.85168
	97.74494	18.85198
	97.74482	18.85286
	97.74462	18.85367
	97.7449	18.8547
	97.7455	18.85536
	97.7459	18.8561
	97.74646	18.85643
	97.74706	18.85665
	97.74761	18.85709
	97.74642	18.85709
	97.7455	18.85731
	97.7447	18.85742
	97.74398	18.85779
	97.74331	18.85845
	97.74211	18.86004
	97.74115	18.86092
	97.74068	18.86129
	97.74064	18.86191
	97.74072	18.86361
	97.74048	18.86438
	97.73988	18.86501
	97.7394	18.86563
	97.73916	18.86651
	97.73916	18.8674
	97.73904	18.86817
	97.73944	18.8685
	97.73996	18.8688
	97.74044	18.86931
	97.74028	18.86975
	97.7406	18.87071
	97.74064	18.87141
	97.74084	18.87229
	97.74088	18.87358
	97.74048	18.87399
	97.73992	18.87439
	97.73972	18.87498
	97.7398	18.87678
	97.73996	18.87741
	97.74048	18.87833
	97.74103	18.87973
	97.74127	18.88072
	97.74127	18.88164
	97.7408	18.88241
	97.74028	18.88289
	97.73876	18.88403
	97.73812	18.88462
	97.73784	18.88521
	97.73781	18.88576
	97.73749	18.88639
	97.73689	18.88698
	97.73362	18.88694
	97.7319	18.88679
	97.73151	18.88628
	97.73131	18.88562
	97.73083	18.88525
	97.73023	18.88518
	97.72792	18.8854
	97.7268	18.88543
	97.72569	18.88562
	97.72517	18.88576
	97.72461	18.88602
	97.72409	18.88617
	97.72341	18.88617
	97.72278	18.8858
	97.72214	18.88573
	97.72038	18.88643
	97.71967	18.8865
	97.71923	18.88672
	97.71831	18.8879
	97.71735	18.88889
	97.71727	18.88959
	97.7168	18.89033
	97.71624	18.89092
	97.71536	18.89143
	97.7142	18.89191
	97.71361	18.89243
	97.71213	18.89397
	97.71181	18.89475
	97.71169	18.89533
	97.71133	18.89618
	97.71113	18.89681
	97.71089	18.89721
	97.70998	18.89758
	97.70886	18.89861
	97.70818	18.89879
	97.70735	18.89887
	97.70659	18.89916
	97.70611	18.89927
	97.70543	18.89982
	97.70503	18.89993
	97.7044	18.89986
	97.70412	18.89865
	97.70412	18.89787
	97.70392	18.89736
	97.70332	18.89842
	97.70244	18.89979
	97.70073	18.90207
	97.69969	18.90321
	97.69913	18.90373
	97.69834	18.90402
	97.69758	18.90424
	97.69694	18.90465
	97.6969	18.90538
	97.69718	18.90615
	97.6973	18.90707
	97.69726	18.90785
	97.6969	18.90888
	97.69646	18.91039
	97.69615	18.91083
	97.69559	18.91064
	97.69499	18.91076
	97.69451	18.91101
	97.69335	18.9123
	97.69264	18.91249
	97.69156	18.91296
	97.69104	18.91348
	97.69084	18.91399
	97.69064	18.91473
	97.69032	18.91513
	97.68989	18.91543
	97.68905	18.9155
	97.68885	18.91572
	97.68861	18.91672
	97.68901	18.91775
	97.68981	18.91878
	97.69016	18.91933
	97.69028	18.92132
	97.69016	18.92202
	97.68989	18.92261
	97.68937	18.92312
	97.68901	18.9236
	97.68881	18.92415
	97.68913	18.92529
	97.68909	18.92555
	97.68765	18.92588
	97.68686	18.92632
	97.68554	18.92655
	97.68506	18.92677
	97.68462	18.92713
	97.68383	18.92747
	97.68283	18.92765
	97.68211	18.92787
	97.68116	18.92802
	97.6806	18.92816
	97.67964	18.92849
	97.6792	18.92875
	97.67868	18.92923
	97.6784	18.92938
	97.67812	18.9296
	97.67689	18.92982
	97.67629	18.92982
	97.67573	18.93004
	97.67529	18.93034
	97.6747	18.93056
	97.67414	18.93089
	97.6723	18.93104
	97.67199	18.931
	97.67175	18.93067
	97.67155	18.93008
	97.67147	18.9296
	97.67087	18.9296
	97.67031	18.93004
	97.66951	18.93052
	97.66912	18.93107
	97.66772	18.9314
	97.66748	18.9317
	97.66752	18.93236
	97.66868	18.93324
	97.66872	18.93405
	97.66844	18.93523
	97.66784	18.93604
	97.66652	18.93681
	97.66604	18.93722
	97.66553	18.93792
	97.66573	18.93843
	97.66696	18.93898
	97.66716	18.93943
	97.66724	18.93994
	97.66744	18.94046
	97.66816	18.94108
	97.66963	18.94171
	97.66987	18.94211
	97.66971	18.94263
	97.6686	18.94399
	97.66788	18.94473
	97.66748	18.94543
	97.66744	18.94624
	97.66752	18.94708
	97.66812	18.94778
	97.66872	18.94808
	97.67031	18.94822
	97.67079	18.94815
	97.67266	18.94727
	97.67342	18.94705
	97.67442	18.94697
	97.67557	18.94763
	97.67629	18.94793
	97.67717	18.94841
	97.67797	18.94907
	97.67888	18.94966
	97.6798	18.9501
	97.68064	18.95032
	97.68135	18.95065
	97.68227	18.95117
	97.68291	18.9519
	97.68367	18.95257
	97.68414	18.95286
	97.68506	18.95271
	97.68602	18.95238
	97.6869	18.95187
	97.68769	18.95128
	97.68829	18.95036
	97.68909	18.94947
	97.69012	18.94881
	97.69048	18.94848
	97.69116	18.94844
	97.69188	18.94848
	97.69228	18.94855
	97.69256	18.949
	97.69264	18.94966
	97.69276	18.95014
	97.69331	18.95076
	97.69383	18.95106
	97.69455	18.95132
	97.69575	18.9529
	97.6959	18.95367
	97.69638	18.95419
	97.69706	18.95455
	97.6983	18.95536
	97.69885	18.9561
	97.69949	18.95676
	97.69981	18.95728
	97.70033	18.95768
	97.70157	18.95812
	97.7022	18.9582
	97.7028	18.95835
	97.70316	18.95871
	97.70376	18.9589
	97.70428	18.95893
	97.70472	18.95882
	97.70503	18.95846
	97.70571	18.9575
	97.70639	18.95739
	97.70695	18.95754
	97.70727	18.95787
	97.70723	18.95956
	97.70743	18.96055
	97.70747	18.96144
	97.70747	18.96214
	97.70739	18.96298
	97.70643	18.96427
	97.70507	18.96582
	97.70456	18.96681
	97.70452	18.96736
	97.70464	18.96766
	97.70516	18.96766
	97.70583	18.96736
	97.70671	18.96714
	97.70755	18.96685
	97.70826	18.96681
	97.70918	18.96663
	97.7103	18.96655
	97.71113	18.96666
	97.71181	18.96692
	97.71249	18.96729
	97.71285	18.96755
	97.71365	18.96773
	97.71428	18.96803
	97.715	18.96843
	97.71536	18.96902
	97.71564	18.96928
	97.716	18.9688
	97.7162	18.96814
	97.71656	18.96751
	97.71719	18.96714
	97.71807	18.96718
	97.71879	18.96736
	97.71935	18.96758
	97.71986	18.96773
	97.7215	18.96732
	97.72198	18.96729
	97.72238	18.96762
	97.72262	18.96872
	97.72302	18.96917
	97.72349	18.96953
	97.72413	18.96986
	97.72477	18.97145
	97.72505	18.97259
	97.72537	18.97343
	97.72565	18.97399
	97.72593	18.97439
	97.72636	18.97465
	97.7266	18.97465
	97.7276	18.97366
	97.72919	18.9716
	97.72959	18.97141
	97.73015	18.9716
	97.73119	18.97318
	97.73218	18.97417
	97.73226	18.97461
	97.73266	18.97494
	97.7335	18.97546
	97.7341	18.97594
	97.73533	18.97653
	97.73621	18.97715
	97.73753	18.97822
	97.73832	18.97874
	97.73856	18.97936
	97.73892	18.98098
	97.73725	18.98138
	97.73689	18.98153
	97.73506	18.98345
	97.73489	18.98411
	97.73493	18.98676
	97.73513	18.98738
	97.73573	18.98812
	97.73597	18.98889
	97.73697	18.99037
	97.73713	18.99081
	97.73745	18.99147
	97.73757	18.99221
	97.73757	18.99283
	97.73721	18.99353
	97.73717	18.99427
	97.73721	18.99699
	97.73653	18.99806
	97.73637	18.99879
	97.73625	18.99994
	97.73646	19.00088
	97.73646	19.00132
	97.73642	19.00209
	97.73633	19.00233
	97.73619	19.00306
	97.73615	19.00383
	97.73615	19.00522
	97.73608	19.00563
	97.73608	19.00673
	97.73619	19.00696
	97.73631	19.00742
	97.73658	19.00802
	97.73682	19.00839
	97.73689	19.00881
	97.73687	19.00901
	97.73633	19.0098
	97.73601	19.01072
	97.7359	19.0109
	97.73586	19.01136
	97.73563	19.01225
	97.73559	19.01266
	97.73552	19.01495
	97.73568	19.01538
	97.73595	19.0158
	97.73628	19.01617
	97.73651	19.01683
	97.73698	19.01744
	97.73707	19.01766
	97.73734	19.01804
	97.73738	19.0187
	97.73752	19.01889
	97.73761	19.01912
	97.73808	19.01978
	97.73819	19.02001
	97.73884	19.02073
	97.73896	19.02098
	97.73898	19.02273
	97.7388	19.02343
	97.73873	19.02453
	97.73875	19.02497
	97.73927	19.026
	97.73918	19.0271
	97.73889	19.02752
	97.73822	19.02795
	97.7379	19.02837
	97.73759	19.02886
	97.7373	19.02976
	97.7373	19.03017
	97.73781	19.03127
	97.73788	19.03152
	97.73788	19.03194
	97.73799	19.03266
	97.73815	19.03289
	97.73833	19.03337
	97.73855	19.03376
	97.73869	19.03422
	97.73869	19.03532
	97.7386	19.03554
	97.73844	19.03571
	97.73747	19.03646
	97.73687	19.0372
	97.73687	19.0377
	97.73649	19.03834
	97.73644	19.03855
	97.73583	19.03932
	97.73577	19.03957
	97.73565	19.03978
	97.73559	19.04003
	97.73559	19.04048
	97.73579	19.04069
	97.73624	19.04088
	97.73676	19.04102
	97.737	19.04102
	97.73923	19.04152
	97.74004	19.04187
	97.74037	19.04181
	97.7408	19.04181
	97.74134	19.04173
	97.74165	19.04173
	97.7421	19.04181
	97.74235	19.04196
	97.74264	19.04202
	97.74334	19.04202
	97.74361	19.04206
	97.74376	19.04187
	97.74397	19.0414
	97.74428	19.04106
	97.74498	19.04059
	97.74568	19.04021
	97.74588	19.04005
	97.74684	19.0388
	97.74732	19.03868
	97.74754	19.03868
	97.74824	19.03895
	97.74891	19.03953
	97.74934	19.03998
	97.74949	19.04032
	97.75006	19.04075
	97.75069	19.04112
	97.75082	19.04129
	97.75107	19.04148
	97.75134	19.04158
	97.75158	19.0416
	97.75221	19.04146
	97.75284	19.0414
	97.75327	19.04125
	97.75372	19.04098
	97.75446	19.04044
	97.75666	19.03938
	97.75711	19.0393
	97.7576	19.03895
	97.75814	19.03876
	97.75889	19.03843
	97.7594	19.03837
	97.75972	19.03839
	97.76059	19.03862
	97.76111	19.03886
	97.76194	19.03913
	97.76291	19.03974
	97.76376	19.04042
	97.7643	19.04071
	97.76486	19.04129
	97.76504	19.04173
	97.7652	19.04189
	97.76529	19.04216
	97.76544	19.04235
	97.76567	19.04276
	97.76621	19.04334
	97.76652	19.04363
	97.76675	19.04372
	97.76691	19.04388
	97.76717	19.04397
	97.76765	19.04424
	97.76816	19.04444
	97.76879	19.04486
	97.76897	19.04502
	97.76906	19.04523
	97.76944	19.04577
	97.76949	19.04598
	97.76949	19.04714
	97.76944	19.04735
	97.76913	19.04801
	97.76909	19.04884
	97.76917	19.04907
	97.76969	19.04963
	97.76987	19.04982
	97.7703	19.05013
	97.77063	19.05048
	97.77086	19.0511
	97.77088	19.05175
	97.77079	19.05268
	97.77079	19.05314
	97.77108	19.05401
	97.77124	19.05467
	97.77124	19.056
	97.77117	19.05621
	97.77063	19.05724
	97.77048	19.05776
	97.76983	19.05886
	97.76965	19.05934
	97.76951	19.05957
	97.76904	19.06096
	97.76877	19.06145
	97.76801	19.06262
	97.76789	19.06286
	97.76771	19.06301
	97.76749	19.06311
	97.76679	19.06334
	97.76612	19.06382
	97.76495	19.06477
	97.76477	19.06494
	97.76452	19.06562
	97.76441	19.06581
	97.76437	19.06604
	97.76437	19.06627
	97.76452	19.06691
	97.76457	19.06737
	97.76493	19.06763
	97.76524	19.06803
	97.76574	19.0689
	97.7659	19.06907
	97.76605	19.06948
	97.76673	19.07042
	97.76823	19.07199
	97.7685	19.07261
	97.76895	19.07324
	97.7698	19.07369
	97.77005	19.07373
	97.77054	19.07373
	97.77106	19.07398
	97.77156	19.07407
	97.77248	19.07431
	97.77349	19.07471
	97.7741	19.07485
	97.77493	19.07487
	97.7754	19.07502
	97.77645	19.07519
	97.77771	19.07566
	97.77821	19.07575
	97.77913	19.07602
	97.77969	19.07612
	97.7809	19.07568
	97.78173	19.0751
	97.78203	19.07465
	97.78297	19.07375
	97.78362	19.07272
	97.78384	19.0727
	97.78402	19.07282
	97.78459	19.07297
	97.78528	19.07334
	97.78593	19.07375
	97.78647	19.074
	97.78717	19.07413
	97.78807	19.07413
	97.78838	19.07392
	97.78861	19.07388
	97.78883	19.07388
	97.78944	19.07378
	97.79041	19.07375
	97.7909	19.07365
	97.79157	19.07363
	97.79205	19.07357
	97.79227	19.07378
	97.79232	19.07398
	97.79243	19.07417
	97.79308	19.07487
	97.79337	19.07527
	97.79355	19.07539
	97.79393	19.07554
	97.79447	19.0756
	97.79528	19.07587
	97.79564	19.07614
	97.79618	19.0767
	97.79645	19.07749
	97.79647	19.07794
	97.79663	19.0785
	97.79663	19.0794
	97.79688	19.08014
	97.7969	19.08066
	97.79699	19.08087
	97.79717	19.08099
	97.79742	19.08108
	97.79838	19.08199
	97.79899	19.08238
	97.79964	19.08311
	97.8002	19.08363
	97.80049	19.08404
	97.80092	19.08435
	97.80166	19.085
	97.80225	19.08541
	97.80256	19.08556
	97.80274	19.08572
	97.80317	19.08599
	97.80431	19.08597
	97.8046	19.08601
	97.80721	19.08606
	97.80766	19.0862
	97.80784	19.08632
	97.80842	19.08688
	97.80856	19.08705
	97.80865	19.08726
	97.80887	19.08749
	97.80899	19.08769
	97.80914	19.08836
	97.80914	19.08883
	97.80921	19.08917
	97.80939	19.08935
	97.80964	19.08948
	97.81013	19.09006
	97.81087	19.09079
	97.81114	19.09091
	97.81191	19.09112
	97.81211	19.09122
	97.81332	19.09122
	97.81379	19.09114
	97.81442	19.09114
	97.8148	19.09122
	97.81512	19.0912
	97.81618	19.09108
	97.81757	19.09079
	97.81779	19.09083
	97.81941	19.09079
	97.82145	19.09083
	97.82197	19.09089
	97.82271	19.09091
	97.823	19.09097
	97.82424	19.09145
	97.82523	19.09168
	97.8259	19.09197
	97.82624	19.09197
	97.82646	19.09189
	97.82705	19.09184
	97.82786	19.09164
	97.82889	19.09172
	97.8297	19.09172
	97.83042	19.09197
	97.83134	19.09253
	97.83181	19.09276
	97.83269	19.09278
	97.8344	19.09292
	97.83545	19.09305
	97.8357	19.09313
	97.83592	19.09323
	97.83603	19.09342
	97.83606	19.09367
	97.83657	19.09446
	97.83705	19.09495
	97.83707	19.0961
	97.83711	19.09651
	97.83725	19.09672
	97.83729	19.09697
	97.83729	19.09769
	97.83738	19.09817
	97.83741	19.09883
	97.83817	19.10006
	97.83817	19.10033
	97.83806	19.10087
	97.83806	19.1013
	97.83786	19.10199
	97.83743	19.10398
	97.83741	19.10456
	97.83732	19.10506
	97.83732	19.10578
	97.83727	19.10614
	97.83734	19.1073
	97.83761	19.10794
	97.83761	19.1086
	97.83774	19.10881
	97.83801	19.10946
	97.83839	19.11016
	97.83887	19.1107
	97.83958	19.11199
	97.8399	19.11234
	97.83997	19.11261
	97.83999	19.11418
	97.84019	19.11491
	97.84042	19.11535
	97.84066	19.11624
	97.84066	19.11736
	97.84062	19.11756
	97.84033	19.11819
	97.83999	19.1191
	97.83905	19.1207
	97.83891	19.12113
	97.83875	19.12134
	97.83866	19.12157
	97.8386	19.12178
	97.83851	19.12256
	97.83806	19.12395
	97.83781	19.12489
	97.83777	19.12669
	97.83779	19.1269
	97.83799	19.12752
	97.83799	19.1286
	97.8377	19.12928
	97.83723	19.13011
	97.83678	19.13063
	97.83626	19.1314
	97.83498	19.1326
	97.83473	19.13296
	97.83435	19.13551
	97.8344	19.13648
	97.83482	19.13737
	97.83511	19.13775
	97.83527	19.13794
	97.83601	19.13835
	97.83621	19.13856
	97.83678	19.13926
	97.83725	19.14009
	97.83743	19.14103
	97.83743	19.14169
	97.83727	19.14219
	97.83709	19.1431
	97.83702	19.14379
	97.83716	19.1442
	97.83745	19.1448
	97.83768	19.14499
	97.83817	19.14517
	97.8392	19.14534
	97.83947	19.14542
	97.83997	19.14544
	97.84064	19.14559
	97.84194	19.14592
	97.84296	19.14611
	97.84338	19.14632
	97.84354	19.1465
	97.84408	19.14756
	97.84435	19.14789
	97.84435	19.14835
	97.84444	19.14876
	97.84444	19.14966
	97.8443	19.14986
	97.8443	19.15053
	97.84424	19.15094
	97.84349	19.15239
	97.84271	19.15333
	97.84242	19.15376
	97.8421	19.15443
	97.8421	19.15507
	97.84219	19.15534
	97.8426	19.15598
	97.84262	19.15625
	97.84287	19.15671
	97.84293	19.15694
	97.84302	19.15843
	97.84313	19.15866
	97.84313	19.16007
	97.84302	19.16057
	97.84289	19.16075
	97.84215	19.16148
	97.84152	19.16183
	97.84095	19.16196
	97.84046	19.16216
	97.84026	19.16233
	97.83981	19.16293
	97.83976	19.16314
	97.83976	19.16358
	97.83992	19.1643
	97.84026	19.16492
	97.84078	19.16546
	97.84091	19.16569
	97.84104	19.16613
	97.84147	19.16673
	97.84149	19.1672
	97.84143	19.16743
	97.84093	19.16797
	97.8399	19.16882
	97.83974	19.16901
	97.83943	19.16924
	97.83916	19.16965
	97.83882	19.17104
	97.83882	19.17152
	97.83923	19.17243
	97.8394	19.17266
	97.83961	19.17281
	97.84008	19.1737
	97.84055	19.17428
	97.84118	19.17527
	97.84273	19.17712
	97.84313	19.17776
	97.84361	19.1787
	97.84401	19.17926
	97.84428	19.17988
	97.84441	19.18117
	97.84439	19.1826
	97.84428	19.18305
	97.8439	19.18397
	97.843	19.18517
	97.84237	19.18587
	97.84174	19.18672
	97.84154	19.18695
	97.84069	19.18764
	97.84035	19.18805
	97.84017	19.18853
	97.84015	19.18899
	97.84037	19.18944
	97.8406	19.19031
	97.84062	19.19052
	97.84046	19.19125
	97.8403	19.19145
	97.84012	19.19185
	97.83999	19.19204
	97.83936	19.19253
	97.83911	19.19278
	97.83851	19.19351
	97.83833	19.1938
	97.83813	19.19425
	97.83786	19.19544
	97.83786	19.19602
	97.83803	19.19678
	97.8383	19.1973
	97.83846	19.19774
	97.83862	19.1979
	97.83871	19.19811
	97.83891	19.19828
	97.83905	19.19846
	97.83943	19.19878
	97.83983	19.199
	97.84143	19.19961
	97.84208	19.20006
	97.84278	19.20044
	97.84417	19.20141
	97.84435	19.20158
	97.84477	19.20212
	97.845	19.20253
	97.84516	19.20299
	97.84511	19.20326
	97.84511	19.2045
	97.84504	19.20471
	97.84504	19.20502
	97.84491	19.20546
	97.84466	19.2067
	97.84462	19.20792
	97.84475	19.20811
	97.8452	19.20917
	97.84513	19.21021
	97.845	19.21083
	97.84498	19.21153
	97.84484	19.2122
	97.84484	19.21311
	97.84527	19.21404
	97.84531	19.21427
	97.84531	19.21541
	97.84518	19.21587
	97.84466	19.21676
	97.84448	19.2172
	97.84444	19.21761
	97.84403	19.21846
	97.84349	19.21923
	97.8432	19.21944
	97.8426	19.22027
	97.84233	19.2207
	97.8421	19.22122
	97.84183	19.22216
	97.84183	19.22238
	97.84194	19.22284
	97.84201	19.2235
	97.84201	19.22456
	97.84174	19.22502
	97.84152	19.22514
	97.84082	19.2252
	97.83994	19.22543
	97.83824	19.22556
	97.83792	19.22566
	97.83671	19.22616
	97.83568	19.22726
	97.83491	19.22728
	97.83464	19.22736
	97.83397	19.22769
	97.83321	19.22821
	97.83276	19.22821
	97.83251	19.22817
	97.83215	19.2279
	97.83179	19.2279
	97.83102	19.22823
	97.83019	19.22888
	97.82945	19.22925
	97.82912	19.22933
	97.82824	19.22933
	97.82808	19.22929
	97.82768	19.22933
	97.82745	19.22929
	97.82721	19.22914
	97.82635	19.22898
	97.82581	19.229
	97.82554	19.22914
	97.82539	19.22931
	97.82539	19.23033
	97.82543	19.23053
	97.82588	19.23143
	97.82606	19.23161
	97.82626	19.23205
	97.82642	19.23269
	97.82664	19.23311
	97.82664	19.23334
	97.82687	19.23379
	97.82714	19.23468
	97.82716	19.23495
	97.82707	19.23558
	97.82707	19.23603
	97.82687	19.23688
	97.82653	19.23763
	97.82592	19.238
	97.82545	19.23823
	97.82458	19.23838
	97.82361	19.23821
	97.82287	19.23819
	97.82251	19.23809
	97.82107	19.23806
	97.82078	19.23815
	97.8206	19.23829
	97.82044	19.23854
	97.82008	19.23885
	97.81986	19.23887
	97.81959	19.23887
	97.81937	19.23879
	97.81914	19.23879
	97.8184	19.23823
	97.81745	19.23817
	97.81737	19.23838
	97.81737	19.23881
	97.81732	19.23902
	97.81719	19.23925
	97.81644	19.23997
	97.8153	19.24066
	97.81485	19.24118
	97.81469	19.24143
	97.8146	19.24209
	97.81445	19.24253
	97.81418	19.24292
	97.814	19.24342
	97.81346	19.24414
	97.81283	19.24528
	97.81227	19.24591
	97.81213	19.24618
	97.812	19.24661
	97.812	19.2474
	97.81139	19.24891
	97.81148	19.24989
	97.81162	19.2502
	97.81138	19.25059
	97.81029	19.25208
	97.80981	19.25291
	97.80943	19.25326
	97.80863	19.25388
	97.8081	19.25409
	97.80715	19.25409
	97.80668	19.25414
	97.8054	19.25488
	97.80407	19.25615
	97.80317	19.25664
	97.80203	19.25747
	97.80155	19.25773
	97.80108	19.25791
	97.8006	19.25808
	97.79966	19.25834
	97.7988	19.25878
	97.79842	19.25909
	97.7978	19.25931
	97.79733	19.2594
	97.7969	19.25962
	97.7961	19.26023
	97.79515	19.26075
	97.79396	19.2608
	97.79349	19.26071
	97.79296	19.26084
	97.79273	19.26124
	97.79249	19.26211
	97.79225	19.26255
	97.79178	19.26277
	97.79026	19.26325
	97.78978	19.26325
	97.78921	19.26334
	97.78879	19.26356
	97.78784	19.26391
	97.78732	19.26404
	97.78632	19.26404
	97.78523	19.26391
	97.78413	19.26391
	97.78366	19.26387
	97.78342	19.26426
	97.78342	19.26518
	97.78338	19.26562
	97.78304	19.26658
	97.78281	19.26702
	97.78271	19.26746
	97.78276	19.2679
	97.7829	19.26834
	97.78295	19.26877
	97.7839	19.26983
	97.78428	19.27013
	97.78565	19.27088
	97.78594	19.27123
	97.78594	19.27166
	97.7858	19.2721
	97.78556	19.2725
	97.78542	19.27298
	97.78537	19.27342
	97.78561	19.27381
	97.78599	19.27407
	97.78646	19.27425
	97.78703	19.27421
	97.78807	19.27421
	97.7885	19.27443
	97.78864	19.27491
	97.78874	19.27627
	97.78888	19.27701
	97.78921	19.27736
	97.78959	19.27763
	97.78997	19.27798
	97.79007	19.27841
	97.79007	19.27885
	97.79021	19.27929
	97.79021	19.28074
	97.79011	19.2817
	97.79011	19.28214
	97.79016	19.28258
	97.79035	19.28301
	97.79064	19.28336
	97.79102	19.28363
	97.79149	19.28372
	97.79254	19.28372
	97.79301	19.28385
	97.79349	19.28407
	97.79401	19.28393
	97.79486	19.28328
	97.79534	19.2831
	97.79581	19.2831
	97.79605	19.2835
	97.79652	19.28354
	97.79676	19.28398
	97.79709	19.28433
	97.79747	19.28464
	97.79771	19.28507
	97.79809	19.28543
	97.79866	19.2856
	97.7998	19.28578
	97.80013	19.28613
	97.80046	19.28656
	97.80089	19.287
	97.80117	19.28744
	97.80132	19.28788
	97.80136	19.2888
	97.80165	19.28915
	97.80241	19.28889
	97.80317	19.28823
	97.80364	19.28797
	97.80421	19.28784
	97.8054	19.28766
	97.80578	19.2874
	97.80597	19.28696
	97.80601	19.28608
	97.80616	19.2856
	97.80663	19.28472
	97.80673	19.28429
	97.80668	19.28385
	97.80654	19.28341
	97.80687	19.28306
	97.80734	19.28293
	97.80772	19.28266
	97.80815	19.28244
	97.80872	19.28223
	97.80891	19.28179
	97.8092	19.28144
	97.80976	19.28056
	97.80996	19.28012
	97.81019	19.27973
	97.81033	19.27929
	97.81062	19.27938
	97.81081	19.27964
	97.81105	19.28012
	97.81119	19.28056
	97.81119	19.28104
	97.81143	19.28144
	97.81185	19.28183
	97.81214	19.28218
	97.81233	19.28262
	97.81266	19.28297
	97.81304	19.28328
	97.81351	19.28328
	97.81399	19.28306
	97.81446	19.28301
	97.81484	19.28328
	97.81503	19.28372
	97.81532	19.28411
	97.81575	19.28433
	97.81679	19.28464
	97.81726	19.28459
	97.81821	19.28415
	97.81874	19.28407
	97.81921	19.28385
	97.82035	19.28301
	97.82101	19.28231
	97.82139	19.28201
	97.82196	19.28196
	97.82296	19.28196
	97.82343	19.28214
	97.824	19.28223
	97.82495	19.28249
	97.82567	19.28293
	97.82586	19.28345
	97.82609	19.28433
	97.82628	19.28477
	97.82685	19.28564
	97.82728	19.28599
	97.82761	19.28635
	97.8288	19.28727
	97.82922	19.28766
	97.82956	19.28805
	97.82984	19.28849
	97.83008	19.28897
	97.83022	19.28941
	97.83127	19.29095
	97.83179	19.29108
	97.83226	19.29103
	97.83445	19.29103
	97.83611	19.29081
	97.83725	19.29081
	97.83767	19.29103
	97.83815	19.29121
	97.8391	19.29121
	97.83962	19.29116
	97.84	19.2909
	97.84066	19.2902
	97.84104	19.29046
	97.84161	19.29042
	97.84204	19.2902
	97.84218	19.28976
	97.84266	19.28959
	97.8428	19.29095
	97.8428	19.29187
	97.84289	19.29239
	97.84289	19.29287
	97.84256	19.29379
	97.84218	19.29415
	97.8419	19.29458
	97.84171	19.29507
	97.84166	19.29599
	97.8419	19.29638
	97.84204	19.29682
	97.84209	19.29726
	97.84147	19.29796
	97.84109	19.29826
	97.84076	19.29861
	97.84047	19.2991
	97.84028	19.29953
	97.84028	19.29997
	97.84052	19.30037
	97.84071	19.30081
	97.84024	19.30076
	97.83976	19.30059
	97.83933	19.30037
	97.83881	19.30019
	97.83781	19.30015
	97.83677	19.29993
	97.83383	19.29988
	97.83335	19.30002
	97.83283	19.30024
	97.83103	19.30116
	97.83065	19.30151
	97.82979	19.30208
	97.82885	19.30313
	97.82856	19.304
	97.82856	19.30488
	97.82842	19.30532
	97.82837	19.30847
	97.82865	19.30983
	97.82865	19.31027
	97.82846	19.31071
	97.82808	19.31101
	97.82766	19.31128
	97.82733	19.31163
	97.82609	19.31246
	97.82576	19.31281
	97.82552	19.3132
	97.82533	19.31364
	97.82519	19.31413
	97.82486	19.31448
	97.82443	19.31474
	97.82405	19.31505
	97.82372	19.31544
	97.82367	19.31592
	97.82372	19.31636
	97.82391	19.3168
	97.82391	19.31768
	97.8251	19.31908
	97.82543	19.31995
	97.82552	19.32087
	97.82567	19.32136
	97.82567	19.32368
	97.82547	19.32416
	97.82505	19.32442
	97.82405	19.32455
	97.82367	19.32486
	97.82324	19.32508
	97.82258	19.32582
	97.82229	19.32622
	97.8222	19.32714
	97.8221	19.32762
	97.8221	19.3285
	97.82206	19.32894
	97.82158	19.32916
	97.82063	19.32937
	97.81964	19.32929
	97.81916	19.32929
	97.81869	19.32951
	97.81821	19.32964
	97.81655	19.32986
	97.81603	19.33008
	97.81532	19.33126
	97.81527	19.33205
	97.81499	19.3324
	97.81475	19.33279
	97.81437	19.33306
	97.81385	19.33314
	97.81332	19.33319
	97.81285	19.33314
	97.81238	19.33319
	97.8118	19.33345
	97.81147	19.3338
	97.81124	19.3342
	97.81114	19.33468
	97.81124	19.33511
	97.81124	19.33599
	97.81114	19.33643
	97.81086	19.33678
	97.81062	19.33722
	97.81048	19.3377
	97.81086	19.33796
	97.8118	19.33792
	97.81271	19.33836
	97.81323	19.33932
	97.81351	19.33972
	97.81361	19.34015
	97.81347	19.34059
	97.81309	19.3409
	97.81247	19.34116
	97.81143	19.34134
	97.81095	19.34156
	97.81057	19.34182
	97.81019	19.34217
	97.80967	19.34256
	97.80934	19.34292
	97.80891	19.34318
	97.80858	19.34357
	97.80867	19.34532
	97.80848	19.34576
	97.80806	19.34603
	97.80758	19.34616
	97.80706	19.34616
	97.80658	19.34624
	97.80616	19.34655
	97.80507	19.3476
	97.80454	19.34791
	97.80402	19.34778
	97.80359	19.348
	97.80331	19.34844
	97.80312	19.34887
	97.80274	19.34927
	97.80269	19.35023
	97.8026	19.35067
	97.80203	19.35085
	97.80108	19.35093
	97.8006	19.35106
	97.80032	19.35141
	97.79961	19.35212
	97.79932	19.35255
	97.7988	19.35273
	97.79875	19.35317
	97.79875	19.35457
	97.7988	19.35501
	97.79875	19.35676
	97.79899	19.35716
	97.79961	19.35795
	97.79999	19.35829
	97.80065	19.36009
	97.80094	19.36049
	97.80113	19.36092
	97.80113	19.36184
	97.80089	19.36276
	97.80117	19.36316
	97.80155	19.36347
	97.80151	19.36478
	97.80141	19.36535
	97.80155	19.36579
	97.80136	19.36675
	97.80136	19.36772
	97.80117	19.36815
	97.8007	19.3685
	97.80027	19.36872
	97.80022	19.36921
	97.80022	19.37008
	97.80018	19.37052
	97.80003	19.37096
	97.80003	19.3714
	97.80013	19.37184
	97.80089	19.37236
	97.80189	19.37262
	97.80236	19.37262
	97.80288	19.37284
	97.80326	19.37315
	97.80388	19.37385
	97.80412	19.37424
	97.80616	19.376
	97.80625	19.37644
	97.80597	19.37683
	97.80559	19.37718
	97.80516	19.37749
	97.80416	19.37758
	97.80355	19.37788
	97.80326	19.37823
	97.80312	19.37911
	97.80312	19.37955
	97.80298	19.37999
	97.80298	19.38086
	97.80303	19.3813
	97.80312	19.38174
	97.80331	19.38218
	97.80359	19.38266
	97.80378	19.3831
	97.80407	19.38345
	97.8044	19.38481
	97.8044	19.38524
	97.80378	19.38594
	97.80364	19.38638
	97.80374	19.38682
	97.80374	19.38726
	97.80359	19.38774
	97.80331	19.38809
	97.80288	19.38844
	97.80241	19.38862
	97.80193	19.38853
	97.80146	19.38836
	97.80094	19.38822
	97.79994	19.38827
	97.79951	19.38866
	97.79894	19.38936
	97.79847	19.39015
	97.79809	19.39041
	97.79761	19.39059
	97.79667	19.39076
	97.79619	19.3909
	97.79529	19.39208
	97.79377	19.39344
	97.79296	19.39423
	97.79268	19.39458
	97.79225	19.39488
	97.79182	19.3951
	97.78831	19.3951
	97.78736	19.39506
	97.78689	19.39519
	97.7867	19.39563
	97.7867	19.39694
	97.78656	19.39738
	97.78542	19.39839
	97.78589	19.39918
	97.78656	19.39992
	97.7867	19.4004
	97.78693	19.40089
	97.78698	19.40176
	97.78713	19.40229
	97.78727	19.40273
	97.78755	19.40308
	97.78769	19.40352
	97.78888	19.40387
	97.79178	19.40387
	97.79273	19.40365
	97.79415	19.40365
	97.7951	19.40391
	97.79557	19.40408
	97.79605	19.40417
	97.79704	19.40422
	97.79752	19.4043
	97.79799	19.40448
	97.79847	19.40457
	97.79942	19.40452
	97.80136	19.40452
	97.80184	19.40457
	97.80236	19.4047
	97.80284	19.4047
	97.80331	19.40483
	97.80359	19.40518
	97.80435	19.40593
	97.80492	19.40671
	97.8053	19.40702
	97.80554	19.40742
	97.80568	19.40838
	97.80568	19.40969
	97.80578	19.41013
	97.80606	19.41048
	97.80682	19.4111
	97.8072	19.41136
	97.80772	19.41149
	97.80825	19.4114
	97.80872	19.41123
	97.80929	19.4111
	97.80976	19.41123
	97.81014	19.41158
	97.81062	19.41171
	97.81157	19.41184
	97.81209	19.41197
	97.81294	19.41254
	97.81418	19.41386
	97.81465	19.41469
	97.81532	19.41557
	97.81532	19.416
	97.81518	19.41653
	97.81518	19.41806
	97.81556	19.41841
	97.81617	19.4192
	97.81655	19.41955
	97.81774	19.42034
	97.81892	19.42122
	97.82073	19.42209
	97.82106	19.42244
	97.82225	19.42328
	97.82286	19.42407
	97.8231	19.42446
	97.82429	19.42674
	97.82481	19.42757
	97.82576	19.42867
	97.82657	19.42937
	97.82704	19.4302
	97.82718	19.43064
	97.82723	19.43108
	97.82723	19.43726
	97.82728	19.43769
	97.82728	19.43949
	97.8279	19.44019
	97.82808	19.44067
	97.82808	19.44116
	97.82828	19.44159
	97.82832	19.44203
	97.8287	19.44234
	97.82965	19.44256
	97.82979	19.44308
	97.83032	19.44387
	97.83098	19.44457
	97.83198	19.44624
	97.83231	19.44659
	97.83283	19.44738
	97.83316	19.44773
	97.83354	19.44804
	97.83402	19.44817
	97.83501	19.4483
	97.83549	19.44847
	97.83634	19.449
	97.83668	19.44939
	97.83682	19.44988
	97.8372	19.45084
	97.83739	19.45128
	97.83763	19.45167
	97.83767	19.45199
	97.83786	19.45258
	97.83804	19.45297
	97.8381	19.45329
	97.83834	19.45395
	97.83843	19.45439
	97.83872	19.45474
	97.83914	19.455
	97.83976	19.45513
	97.84066	19.4557
	97.84085	19.45614
	97.84081	19.45702
	97.84114	19.45737
	97.84261	19.45763
	97.84313	19.45763
	97.8437	19.45781
	97.84413	19.45803
	97.84436	19.45851
	97.8447	19.4589
	97.84475	19.45943
	97.84455	19.46013
	97.84446	19.46131
	97.84475	19.46171
	97.84522	19.46197
	97.84641	19.46289
	97.84688	19.46311
	97.84731	19.46337
	97.84774	19.46368
	97.84811	19.46403
	97.8484	19.46442
	97.84873	19.46477
	97.84959	19.46543
	97.84978	19.46587
	97.84982	19.46631
	97.85011	19.46666
	97.85167	19.46705
	97.8522	19.4671
	97.85343	19.4671
	97.8539	19.46719
	97.85429	19.46745
	97.85457	19.46837
	97.85481	19.46876
	97.85528	19.46889
	97.85666	19.46894
	97.85761	19.46907
	97.85784	19.46951
	97.8578	19.47218
	97.85856	19.47275
	97.85922	19.47288
	97.86012	19.47341
	97.86027	19.47385
	97.86027	19.47428
	97.86041	19.47529
	97.86041	19.47617
	97.86027	19.47704
	97.85989	19.47731
	97.85946	19.47818
	97.85946	19.47862
	97.85965	19.4795
	97.85984	19.47994
	97.86012	19.48033
	97.86036	19.48081
	97.86079	19.48125
	97.86102	19.48164
	97.86136	19.48204
	97.8624	19.48309
	97.86269	19.48344
	97.86316	19.48366
	97.86359	19.48349
	97.86496	19.48344
	97.86563	19.48401
	97.86596	19.48436
	97.86639	19.48458
	97.86691	19.48467
	97.86738	19.48467
	97.86786	19.48476
	97.86833	19.48476
	97.8699	19.48467
	97.87085	19.48454
	97.87132	19.48476
	97.87166	19.48515
	97.87199	19.48576
	97.87251	19.48655
	97.8728	19.4869
	97.87384	19.48795
	97.87431	19.48831
	97.87436	19.48879
	97.8745	19.48923
	97.87436	19.48966
	97.87417	19.4901
	97.87389	19.4905
	97.87355	19.49089
	97.87318	19.49124
	97.87289	19.49168
	97.8727	19.4922
	97.87265	19.49308
	97.87275	19.49444
	97.87265	19.49536
	97.87289	19.49575
	97.87346	19.49593
	97.87408	19.49606
	97.87484	19.49659
	97.87579	19.4968
	97.8773	19.4968
	97.87887	19.49654
	97.87944	19.49654
	97.87991	19.49676
	97.8802	19.49711
	97.8802	19.49759
	97.88034	19.49803
	97.88086	19.49803
	97.88143	19.49795
	97.882	19.49795
	97.88253	19.49808
	97.88395	19.4986
	97.88442	19.49886
	97.8849	19.49904
	97.88589	19.49926
	97.88632	19.49948
	97.88738	19.5002
	97.88817	19.50061
	97.8882	19.50079
	97.88776	19.50134
	97.88741	19.50155
	97.88665	19.50175
	97.88617	19.50193
	97.88567	19.50216
	97.88528	19.50243
	97.885	19.50289
	97.8844	19.50371
	97.88401	19.50401
	97.88341	19.50471
	97.88202	19.50594
	97.88145	19.50632
	97.88046	19.50685
	97.87967	19.50706
	97.87897	19.50717
	97.87859	19.50717
	97.87678	19.50659
	97.87643	19.50623
	97.87624	19.50626
	97.87548	19.50708
	97.87434	19.50811
	97.87396	19.50861
	97.87383	19.50896
	97.87354	19.51042
	97.8738	19.51063
	97.87424	19.51086
	97.87456	19.51086
	97.87488	19.51121
	97.8751	19.51157
	97.8751	19.51233
	97.87491	19.51324
	97.87462	19.51397
	97.87453	19.51461
	97.87415	19.5149
	97.87301	19.51555
	97.87253	19.51561
	97.86923	19.51567
	97.86894	19.51593
	97.86904	19.51628
	97.86875	19.51725
	97.86875	19.51789
	97.86894	19.51942
	97.86894	19.52249
	97.86875	19.52284
	97.86837	19.52334
	97.86768	19.52398
	97.86726	19.52416
	97.86593	19.52598
	97.86571	19.52621
	97.86501	19.52671
	97.86441	19.52726
	97.86368	19.52814
	97.86298	19.5287
	97.86279	19.52894
	97.86203	19.52934
	97.86158	19.52967
	97.85984	19.53046
	97.85832	19.53096
	97.85708	19.53113
	97.8553	19.53122
	97.85518	19.53142
	97.85502	19.53195
	97.85489	19.53274
	97.85502	19.53336
	97.8554	19.53474
	97.85572	19.53529
	97.85587	19.53652
	97.85587	19.53722
	97.85581	19.53793
	97.85556	19.53933
	97.85521	19.54089
	97.85524	19.54209
	97.85502	19.54376
	97.85486	19.54551
	97.85486	19.54709
	97.85502	19.5478
	97.8553	19.54874
	97.85625	19.55076
	97.8566	19.55161
	97.85705	19.55243
	97.8574	19.5538
	97.85762	19.55489
	97.858	19.55594
	97.85809	19.55685
	97.85854	19.55779
	97.85908	19.55869
	97.85965	19.55937
	97.86079	19.56051
	97.86193	19.56177
	97.86292	19.56315
	97.86323	19.56353
	97.86336	19.56441
	97.86323	19.56508
	97.86244	19.56736
	97.862	19.56795
	97.86149	19.56848
	97.86054	19.56921
	97.86012	19.56971
	97.85974	19.57026
	97.85935	19.57078
	97.85917	19.57117
	97.85955	19.57144
	97.8607	19.57272
	97.86095	19.57322
	97.86105	19.57387
	97.86105	19.57439
	97.8612	19.57504
	97.86136	19.57536
	97.86174	19.57583
	97.86285	19.57653
	97.86336	19.577
	97.86374	19.57721
	97.86441	19.57732
	97.86492	19.57753
	97.86603	19.57785
	97.8665	19.57791
	97.8678	19.57841
	97.86828	19.57864
	97.86999	19.57832
	97.87231	19.57814
	97.87358	19.57812
	97.8744	19.57829
	97.8752	19.57873
	97.87586	19.57894
	97.87656	19.57926
	97.87751	19.57946
	97.87799	19.57961
	97.87827	19.57964
	97.87843	19.57981
	97.87884	19.58063
	97.87926	19.58069
	97.87973	19.5809
	97.88037	19.58087
	97.88094	19.58066
	97.88154	19.58055
	97.88294	19.58005
	97.88351	19.57967
	97.88535	19.57896
	97.88601	19.57841
	97.88684	19.57732
	97.8877	19.57683
	97.88877	19.57659
	97.88919	19.57633
	97.89004	19.57606
	97.89163	19.57577
	97.89382	19.57583
	97.89499	19.57598
	97.89544	19.5763
	97.89566	19.57653
	97.89636	19.57668
	97.89772	19.57683
	97.89829	19.57727
	97.89902	19.57744
	97.89991	19.57756
	97.90077	19.57762
	97.90245	19.57759
	97.90312	19.57806
	97.90613	19.5804
	97.90721	19.58113
	97.90886	19.58251
	97.90933	19.58298
	97.90984	19.58339
	97.91117	19.58394
	97.91178	19.58412
	97.91273	19.58412
	97.91324	19.58418
	97.91374	19.58418
	97.91428	19.58438
	97.91466	19.58459
	97.91539	19.58476
	97.91704	19.58444
	97.91758	19.58441
	97.92018	19.58441
	97.92091	19.58465
	97.92187	19.58515
	97.92237	19.58564
	97.92402	19.58696
	97.92577	19.58857
	97.92615	19.58886
	97.92659	19.58913
	97.9271	19.58886
	97.92796	19.58813
	97.93046	19.58954
	97.93126	19.59012
	97.93253	19.59065
	97.93392	19.59062
	97.93513	19.59138
	97.93614	19.5925
	97.93662	19.59291
	97.937	19.59317
	97.93744	19.59338
	97.93843	19.5937
	97.93932	19.5942
	97.94081	19.59534
	97.94201	19.5966
	97.94243	19.59695
	97.94319	19.59718
	97.94392	19.59692
	97.94458	19.59648
	97.94522	19.59622
	97.94598	19.59607
	97.94684	19.59607
	97.94804	19.59592
	97.94849	19.59522
	97.94931	19.5942
	97.95001	19.59387
	97.9508	19.59361
	97.95147	19.59329
	97.95242	19.59299
	97.95277	19.59296
	97.95356	19.59311
	97.95442	19.59364
	97.95515	19.59396
	97.95572	19.59431
	97.95661	19.59399
	97.95753	19.59376
	97.95838	19.59338
	97.96045	19.59267
	97.96073	19.59267
	97.96092	19.59358
	97.9608	19.59414
	97.96038	19.59499
	97.96029	19.59548
	97.96026	19.59622
	97.96029	19.59692
	97.96048	19.59754
	97.96115	19.59888
	97.96149	19.59888
	97.96267	19.59862
	97.96317	19.59859
	97.96422	19.59877
	97.96501	19.59897
	97.96679	19.59962
	97.96743	19.59976
	97.96828	19.59973
	97.96911	19.59962
	97.97028	19.59976
	97.97079	19.60014
	97.97142	19.60049
	97.97244	19.60084
	97.97412	19.6012
	97.97441	19.60131
	97.97476	19.60155
	97.97504	19.60205
	97.97517	19.60269
	97.97517	19.60334
	97.97536	19.60395
	97.97564	19.60439
	97.97574	19.60524
	97.97564	19.60574
	97.97539	19.60635
	97.97501	19.60773
	97.97504	19.61001
	97.97476	19.61121
	97.97428	19.61195
	97.97371	19.61247
	97.9738	19.6128
	97.97453	19.61429
	97.97488	19.61485
	97.97584	19.61587
	97.97631	19.61631
	97.97634	19.61701
	97.97504	19.61842
	97.97368	19.62003
	97.97288	19.62141
	97.97269	19.62196
	97.9726	19.62278
	97.9726	19.62343
	97.97276	19.62407
	97.9738	19.62653
	97.97425	19.62732
	97.97472	19.62788
	97.97507	19.62855
	97.97526	19.62955
	97.97514	19.63025
	97.97437	19.63142
	97.97234	19.63353
	97.97228	19.634
	97.97257	19.63438
	97.97352	19.63491
	97.97425	19.63491
	97.97606	19.63468
	97.97714	19.63441
	97.97774	19.63415
	97.97837	19.63409
	97.97939	19.63406
	97.98028	19.63426
	97.98104	19.63459
	97.98164	19.63541
	97.98174	19.63769
	97.9818	19.63801
	97.9818	19.63878
	97.98205	19.63925
	97.98269	19.64001
	97.98304	19.64036
	97.98342	19.64042
	97.9838	19.64036
	97.98475	19.63971
	97.98532	19.63916
	97.98561	19.63866
	97.98608	19.63816
	97.98646	19.63787
	97.98681	19.63769
	97.98862	19.63843
	97.98903	19.63834
	97.98986	19.63799
	97.99135	19.63752
	97.99179	19.63752
	97.99271	19.63801
	97.99322	19.63801
	97.99395	19.63784
	97.99471	19.63737
	97.9956	19.63702
	97.99639	19.63661
	97.99801	19.63605
	97.99976	19.63588
	97.99993	19.63573
	98.00007	19.63526
	98.00009	19.63482
	98.00034	19.63328
	98.00055	19.63304
	98.00082	19.63297
	98.00113	19.63302
	98.00149	19.63322
	98.0019	19.63362
	98.00222	19.63433
	98.0033	19.63631
	98.00383	19.63658
	98.00448	19.63676
	98.00518	19.63676
	98.00569	19.63644
	98.00624	19.63598
	98.00853	19.63698
	98.0093	19.63713
	98.01046	19.63711
	98.01097	19.63705
	98.01227	19.63673
	98.0141	19.63678
	98.01444	19.63702
	98.01456	19.63749
	98.01456	19.63818
	98.01439	19.63883
	98.0143	19.63974
	98.01444	19.63987
	98.0148	19.63983
	98.0155	19.63952
	98.01598	19.63889
	98.01663	19.6384
	98.01731	19.63807
	98.01823	19.63769
	98.01907	19.63745
	98.021	19.63736
	98.02204	19.63722
	98.02324	19.63729
	98.02401	19.63738
	98.02449	19.63734
	98.0259	19.63737
	98.02637	19.63755
	98.02667	19.63787
	98.02689	19.6383
	98.02694	19.63937
	98.02679	19.63985
	98.0263	19.64069
	98.02615	19.64112
	98.02652	19.64137
	98.02701	19.6416
	98.0278	19.64183
	98.02841	19.64192
	98.029	19.64207
	98.02994	19.64248
	98.03154	19.64294
	98.03208	19.64335
	98.03289	19.64351
	98.03346	19.6436
	98.03422	19.64362
	98.03498	19.64357
	98.0371	19.6431
	98.03769	19.6431
	98.03811	19.64351
	98.0384	19.64398
	98.03932	19.64578
	98.03941	19.64632
	98.03939	19.64848
	98.03944	19.64891
	98.03976	19.64941
	98.03988	19.64973
	98.04027	19.65014
	98.04074	19.65053
	98.04259	19.65162
	98.0431	19.65198
	98.04431	19.65355
	98.04458	19.65402
	98.04483	19.65459
	98.04485	19.6558
	98.04478	19.65618
	98.04411	19.65711
	98.04369	19.65757
	98.04333	19.65809
	98.04325	19.65861
	98.04328	19.65968
	98.04345	19.66027
	98.04303	19.66118
	98.04291	19.66177
	98.04269	19.66213
	98.04256	19.66245
	98.04251	19.6637
	98.04266	19.66422
	98.04273	19.66477
	98.04269	19.66525
	98.04217	19.66602
	98.04151	19.66641
	98.04091	19.66684
	98.03978	19.66779
	98.0387	19.66856
	98.03799	19.66888
	98.03619	19.6695
	98.03518	19.66977
	98.03437	19.66977
	98.03373	19.66995
	98.03297	19.67036
	98.03262	19.67077
	98.03233	19.67138
	98.03215	19.67222
	98.03203	19.67334
	98.03208	19.67456
	98.0326	19.6757
	98.03302	19.67629
	98.03363	19.67676
	98.03405	19.67717
	98.0342	19.67763
	98.034	19.67833
	98.03361	19.67883
	98.03306	19.6794
	98.03267	19.67995
	98.03235	19.68063
	98.03233	19.68117
	98.03213	19.68172
	98.03166	19.68226
	98.03078	19.68306
	98.03051	19.68338
	98.03021	19.68351
	98.02996	19.68385
	98.02989	19.68419
	98.03001	19.68508
	98.03006	19.68585
	98.02982	19.68628
	98.02945	19.68717
	98.02915	19.68751
	98.02903	19.6884
	98.02918	19.68896
	98.02955	19.68985
	98.03001	19.69055
	98.03095	19.69176
	98.03149	19.69228
	98.03171	19.69271
	98.03171	19.69369
	98.03105	19.69612
	98.03102	19.69657
	98.0311	19.69701
	98.03156	19.6973
	98.03304	19.69807
	98.03361	19.69842
	98.03393	19.69878
	98.03432	19.69964
	98.03449	19.70014
	98.03457	19.7006
	98.03444	19.70085
	98.0343	19.70135
	98.03385	19.7018
	98.03277	19.7028
	98.03218	19.70344
	98.03041	19.70457
	98.02992	19.70498
	98.02955	19.70555
	98.02908	19.70609
	98.02878	19.7068
	98.02861	19.70746
	98.02822	19.70862
	98.02822	19.70928
	98.02812	19.71025
	98.0277	19.71166
	98.02733	19.71211
	98.02694	19.71275
	98.02612	19.71341
	98.02576	19.7138
	98.02551	19.71416
	98.02549	19.71457
	98.02561	19.71534
	98.02588	19.71611
	98.02588	19.7167
	98.02605	19.71711
	98.02642	19.71745
	98.02664	19.71782
	98.02652	19.71857
	98.0262	19.71909
	98.02519	19.72102
	98.02487	19.7217
	98.02475	19.72211
	98.02563	19.72211
	98.02632	19.72222
	98.02743	19.72265
	98.02812	19.723
	98.02895	19.72322
	98.02987	19.72354
	98.03073	19.72404
	98.03171	19.72481
	98.03186	19.72536
	98.03181	19.72579
	98.03107	19.72677
	98.03073	19.72715
	98.03058	19.72747
	98.03058	19.72888
	98.03068	19.72954
	98.03119	19.73054
	98.03134	19.73127
	98.03139	19.73252
	98.03112	19.73295
	98.03053	19.73347
	98.02964	19.73417
	98.02913	19.73445
	98.02996	19.73533
	98.03041	19.73601
	98.03097	19.7367
	98.03139	19.73747
	98.03235	19.73899
	98.03289	19.73994
	98.03348	19.74129
	98.0339	19.74194
	98.03393	19.74317
	98.03348	19.74378
	98.03265	19.74462
	98.03247	19.7449
	98.03265	19.74551
	98.03316	19.74646
	98.0339	19.74758
	98.03444	19.74821
	98.03464	19.74869
	98.03466	19.74937
	98.03449	19.74974
	98.03427	19.74996
	98.03449	19.75048
	98.03449	19.75103
	98.03438	19.75148
	98.0341	19.75215
	98.03358	19.75302
	98.03323	19.75338
	98.03278	19.75373
	98.03295	19.75444
	98.03327	19.75515
	98.03358	19.75615
	98.0341	19.75702
	98.03473	19.75776
	98.0349	19.75808
	98.03546	19.7584
	98.03606	19.75908
	98.03616	19.75943
	98.03616	19.75998
	98.03623	19.76056
	98.03689	19.76172
	98.03714	19.76223
	98.03759	19.76404
	98.03766	19.76465
	98.0378	19.76533
	98.03769	19.76578
	98.03745	19.76639
	98.03721	19.76684
	98.03696	19.76751
	98.03689	19.76809
	98.03689	19.76874
	98.03682	19.76919
	98.03661	19.76964
	98.03574	19.77061
	98.03508	19.77099
	98.03365	19.77235
	98.03351	19.77289
	98.03351	19.7737
	98.03368	19.77489
	98.03421	19.7775
	98.03449	19.77804
	98.03459	19.77875
	98.03487	19.77933
	98.0349	19.77994
	98.03477	19.78049
	98.03449	19.78094
	98.03382	19.78178
	98.03334	19.78223
	98.03299	19.78271
	98.03292	19.78313
	98.03341	19.78397
	98.03375	19.78468
	98.03375	19.78516
	98.0333	19.78645
	98.03323	19.78693
	98.03327	19.78722
	98.03344	19.78761
	98.03438	19.78844
	98.03463	19.7887
	98.03494	19.78915
	98.03504	19.79041
	98.03504	19.7917
	98.03529	19.79263
	98.03529	19.79279
	98.0364	19.79236
	98.03653	19.79242
	98.03734	19.7926
	98.03765	19.79274
	98.03812	19.79303
	98.03835	19.79322
	98.03889	19.79392
	98.03905	19.79428
	98.03942	19.79499
	98.0395	19.79517
	98.03953	19.7955
	98.03954	19.79549
	98.03973	19.79608
	98.04012	19.79708
	98.04026	19.79716
	98.04056	19.79738
	98.04124	19.79827
	98.04131	19.79846
	98.04144	19.799
	98.04146	19.79921
	98.0414	19.7999
	98.04135	19.8001
	98.04094	19.80088
	98.04082	19.80102
	98.04074	19.80119
	98.03966	19.80213
	98.03957	19.80216
	98.03923	19.80222
	98.03874	19.80237
	98.03825	19.80269
	98.03786	19.80288
	98.0376	19.80298
	98.03764	19.8032
	98.03801	19.80347
	98.03815	19.80366
	98.03826	19.80388
	98.03848	19.8041
	98.03865	19.80414
	98.03914	19.8043
	98.04026	19.80521
	98.04035	19.80536
	98.04055	19.80608
	98.04067	19.80621
	98.04072	19.80635
	98.04085	19.80634
	98.04192	19.80613
	98.04254	19.8061
	98.04281	19.80613
	98.04316	19.8062
	98.04373	19.80638
	98.0445	19.80681
	98.04513	19.80738
	98.04536	19.80741
	98.04541	19.80743
	98.04566	19.80745
	98.04675	19.8079
	98.04682	19.80797
	98.04732	19.8082
	98.0481	19.80875
	98.04857	19.80916
	98.04882	19.80918
	98.04935	19.80928
	98.04973	19.80941
	98.04977	19.8094
	98.05004	19.80906
	98.05019	19.80893
	98.05076	19.80859
	98.05123	19.80841
	98.05231	19.80854
	98.05241	19.80847
	98.05304	19.80818
	98.05349	19.80805
	98.05416	19.80741
	98.0543	19.80719
	98.05416	19.8057
	98.05395	19.80432
	98.05384	19.80384
	98.05367	19.80355
	98.0536	19.80332
	98.0536	19.80303
	98.05381	19.803
	98.05465	19.80297
	98.05552	19.80284
	98.05688	19.8029
	98.05956	19.80287
	98.06037	19.80342
	98.06068	19.80387
	98.06124	19.80432
	98.06173	19.80435
	98.06246	19.80426
	98.06347	19.80422
	98.06378	19.80442
	98.06445	19.805
	98.06469	19.80541
	98.06494	19.80596
	98.06518	19.80715
	98.06521	19.80767
	98.06546	19.80812
	98.06574	19.80912
	98.06626	19.80966
	98.06675	19.81002
	98.06769	19.81012
	98.06951	19.81012
	98.07086	19.80989
	98.07212	19.8095
	98.07303	19.80931
	98.07366	19.80934
	98.07428	19.80957
	98.07543	19.81008
	98.07728	19.81066
	98.07871	19.81089
	98.07924	19.81092
	98.08056	19.81086
	98.0822	19.81057
	98.08335	19.81034
	98.0837	19.81012
	98.08374	19.80876
	98.08384	19.80783
	98.08426	19.80686
	98.08461	19.80641
	98.08517	19.80596
	98.08548	19.80554
	98.0859	19.80522
	98.08555	19.80467
	98.08523	19.8039
	98.08489	19.80323
	98.08447	19.80271
	98.08408	19.8021
	98.08377	19.80132
	98.0836	19.80059
	98.08353	19.79968
	98.08367	19.79881
	98.08353	19.79653
	98.08353	19.79559
	98.08342	19.79505
	98.08325	19.79466
	98.08279	19.79402
	98.08272	19.79366
	98.08269	19.79318
	98.08272	19.79286
	98.0829	19.79234
	98.08321	19.79199
	98.08401	19.79125
	98.08492	19.79105
	98.08991	19.79105
	98.09043	19.79102
	98.09085	19.79086
	98.0912	19.79057
	98.09148	19.79009
	98.09158	19.78912
	98.0919	19.78774
	98.09232	19.78687
	98.09294	19.78532
	98.09354	19.78432
	98.09392	19.78387
	98.09444	19.78352
	98.09497	19.78307
	98.09552	19.78217
	98.0957	19.78171
	98.09573	19.7811
	98.09566	19.78014
	98.09552	19.77943
	98.09556	19.7792
	98.09654	19.77866
	98.09709	19.77849
	98.09758	19.77788
	98.0979	19.7774
	98.09856	19.77614
	98.09866	19.77576
	98.09905	19.77537
	98.09912	19.77473
	98.09974	19.77318
	98.10013	19.7727
	98.10037	19.77222
	98.10062	19.77209
	98.10121	19.77209
	98.10198	19.77267
	98.10309	19.7728
	98.10525	19.7728
	98.10574	19.77299
	98.10634	19.77331
	98.10676	19.7736
	98.10777	19.77383
	98.10836	19.77405
	98.11	19.77447
	98.1107	19.7745
	98.11164	19.77434
	98.11296	19.77402
	98.11331	19.77402
	98.11366	19.77441
	98.11394	19.77515
	98.11408	19.77582
	98.11415	19.77766
	98.1146	19.77885
	98.11506	19.77917
	98.1154	19.77923
	98.11568	19.7792
	98.11666	19.77891
	98.11792	19.77895
	98.11848	19.77907
	98.11991	19.77917
	98.12144	19.77943
	98.12207	19.77959
	98.12308	19.77975
	98.12367	19.77994
	98.12433	19.78043
	98.12465	19.78072
	98.125	19.78123
	98.12545	19.78226
	98.12632	19.78326
	98.12772	19.78448
	98.12856	19.785
	98.12936	19.78564
	98.131	19.78642
	98.13173	19.78667
	98.13543	19.78819
	98.13612	19.78812
	98.13689	19.78793
	98.13748	19.7877
	98.13797	19.78738
	98.13863	19.78603
	98.13902	19.78436
	98.13902	19.78333
	98.13923	19.78287
	98.13954	19.78252
	98.14034	19.78213
	98.1416	19.78194
	98.14366	19.78133
	98.14442	19.78097
	98.14491	19.78084
	98.14551	19.7803
	98.1462	19.77943
	98.14718	19.77769
	98.14739	19.77705
	98.14847	19.77608
	98.15035	19.77453
	98.15084	19.77405
	98.15116	19.77389
	98.15164	19.77376
	98.15273	19.77373
	98.15388	19.7736
	98.1543	19.77338
	98.15569	19.77176
	98.15656	19.77122
	98.15876	19.77118
	98.15932	19.77135
	98.15995	19.77138
	98.16057	19.77147
	98.16113	19.7718
	98.16183	19.77235
	98.1626	19.77212
	98.16361	19.77189
	98.16417	19.77186
	98.16528	19.7716
	98.16678	19.77096
	98.16828	19.7708
	98.16881	19.77041
	98.16943	19.77006
	98.17037	19.76916
	98.17097	19.76845
	98.17159	19.76793
	98.17275	19.76716
	98.17355	19.76655
	98.17393	19.76513
	98.17449	19.76452
	98.17491	19.76394
	98.1755	19.76339
	98.17613	19.7631
	98.17658	19.76278
	98.17753	19.76233
	98.17773	19.76198
	98.17822	19.76146
	98.17822	19.76111
	98.17829	19.76072
	98.17861	19.76017
	98.17909	19.75998
	98.17965	19.75988
	98.18045	19.75995
	98.18112	19.76017
	98.18199	19.76062
	98.18251	19.76072
	98.18307	19.76065
	98.18363	19.76037
	98.18398	19.76004
	98.18415	19.75934
	98.18412	19.75827
	98.18401	19.75756
	98.18356	19.75657
	98.18335	19.75579
	98.18314	19.75531
	98.1831	19.75312
	98.18328	19.75219
	98.18328	19.75141
	98.18321	19.75067
	98.18322	19.74994
	98.18334	19.74969
	98.18376	19.74939
	98.18416	19.74933
	98.18465	19.74914
	98.18511	19.74883
	98.18521	19.74849
	98.18521	19.74808
	98.18529	19.74749
	98.18536	19.7471
	98.18553	19.7466
	98.18622	19.7456
	98.18664	19.74515
	98.18713	19.74476
	98.18799	19.7444
	98.18895	19.74415
	98.189	19.74406
	98.18905	19.74369
	98.18908	19.74208
	98.1892	19.74172
	98.18954	19.74142
	98.19013	19.74117
	98.19053	19.74078
	98.1909	19.74038
	98.19134	19.73972
	98.19186	19.73933
	98.19235	19.73876
	98.19272	19.73813
	98.19296	19.73785
	98.19331	19.73781
	98.19451	19.73781
	98.19515	19.7379
	98.19624	19.73833
	98.19666	19.73858
	98.1972	19.73874
	98.19769	19.73881
	98.19838	19.73883
	98.19865	19.73872
	98.19904	19.73799
	98.19914	19.73747
	98.19956	19.73694
	98.19993	19.73629
	98.20052	19.7356
	98.20104	19.7347
	98.20136	19.73424
	98.20163	19.73342
	98.20214	19.73258
	98.20246	19.7322
	98.20436	19.73158
	98.20495	19.73147
	98.2061	19.73179
	98.20729	19.73202
	98.20827	19.73183
	98.20994	19.73131
	98.21041	19.73122
	98.21103	19.73092
	98.21147	19.73081
	98.2128	19.72983
	98.2141	19.72829
	98.21494	19.72708
	98.21538	19.72634
	98.21582	19.72586
	98.21627	19.72554
	98.21664	19.72536
	98.21713	19.72531
	98.21765	19.72515
	98.21806	19.72513
	98.21851	19.7252
	98.21888	19.72543
	98.21942	19.72559
	98.22045	19.72559
	98.22114	19.72543
	98.22161	19.72525
	98.22222	19.72518
	98.22259	19.72549
	98.22303	19.72597
	98.22375	19.72686
	98.22456	19.72759
	98.22495	19.72809
	98.22567	19.72849
	98.22722	19.72849
	98.22776	19.72836
	98.2283	19.72813
	98.22882	19.72772
	98.22904	19.72727
	98.22938	19.72681
	98.22965	19.72631
	98.22983	19.72572
	98.2298	19.72493
	98.22965	19.72413
	98.22983	19.72366
	98.23083	19.72209
	98.23118	19.72125
	98.23123	19.72082
	98.23116	19.72041
	98.23086	19.72
	98.23059	19.71925
	98.23061	19.71889
	98.23076	19.71854
	98.23108	19.71829
	98.23258	19.71784
	98.23305	19.71754
	98.23337	19.71698
	98.23376	19.7165
	98.23396	19.71614
	98.23435	19.71575
	98.23458	19.71523
	98.2346	19.71423
	98.23492	19.71305
	98.23561	19.71259
	98.23622	19.71198
	98.23701	19.71109
	98.23753	19.71005
	98.23795	19.70889
	98.23802	19.7085
	98.23802	19.70782
	98.23772	19.70739
	98.23723	19.70703
	98.23674	19.70648
	98.23662	19.706
	98.23662	19.70548
	98.23654	19.70473
	98.23635	19.7043
	98.23593	19.70403
	98.23462	19.70308
	98.23297	19.7018
	98.23241	19.70125
	98.23213	19.70087
	98.23194	19.70055
	98.23194	19.70023
	98.232	19.6999
	98.23205	19.6988
	98.23199	19.6983
	98.23196	19.69787
	98.23189	19.69742
	98.23198	19.69705
	98.23275	19.69592
	98.23334	19.6948
	98.23342	19.69428
	98.23366	19.69371
	98.23413	19.69285
	98.23455	19.6924
	98.23536	19.69185
	98.23571	19.69153
	98.23644	19.68924
	98.23663	19.68893
	98.23713	19.68876
	98.23656	19.68827
	98.23728	19.68772
	98.2379	19.68737
	98.23827	19.68706
	98.23883	19.68667
	98.23934	19.68542
	98.23999	19.68519
	98.24152	19.68493
	98.24225	19.68451
	98.24259	19.68309
	98.24311	19.68263
	98.2434	19.68165
	98.2439	19.68117
	98.24429	19.68047
	98.24469	19.67999
	98.24539	19.67889
	98.24614	19.67847
	98.24693	19.67731
	98.24733	19.67709
	98.24789	19.67719
	98.24853	19.67638
	98.24885	19.67638
	98.24951	19.67658
	98.25002	19.6769
	98.25036	19.67718
	98.25178	19.67806
	98.25225	19.6784
	98.25255	19.67872
	98.25294	19.67902
	98.25342	19.67915
	98.25407	19.67911
	98.25446	19.67889
	98.25493	19.67816
	98.25535	19.67804
	98.25592	19.6781
	98.25675	19.67831
	98.25744	19.67836
	98.25855	19.67836
	98.25936	19.67844
	98.26001	19.67855
	98.26058	19.67874
	98.26109	19.67913
	98.26174	19.6799
	98.2621	19.68006
	98.26228	19.68001
	98.26263	19.68006
	98.26289	19.68042
	98.26332	19.68081
	98.26348	19.68109
	98.26376	19.68136
	98.26415	19.68143
	98.26459	19.68141
	98.2653	19.68117
	98.26557	19.68117
	98.26563	19.68128
	98.26561	19.68222
	98.26605	19.68302
	98.26678	19.6836
	98.26765	19.68377
	98.26822	19.68377
	98.26893	19.6837
	98.26948	19.6837
	98.27003	19.68377
	98.27037	19.6837
	98.27124	19.68315
	98.27185	19.68308
	98.27258	19.68304
	98.27321	19.68312
	98.27396	19.68343
	98.27437	19.68347
	98.27505	19.68336
	98.27582	19.68282
	98.27651	19.68224
	98.27696	19.68201
	98.27729	19.6819
	98.27787	19.68186
	98.2783	19.68192
	98.27881	19.68205
	98.27921	19.6824
	98.27984	19.68261
	98.28037	19.68263
	98.28124	19.68297
	98.28213	19.68304
	98.28272	19.68319
	98.28393	19.68375
	98.28527	19.68405
	98.28576	19.68424
	98.28651	19.68482
	98.2872	19.68499
	98.28771	19.68501
	98.28916	19.68456
	98.28985	19.68441
	98.2905	19.68435
	98.29105	19.6842
	98.29133	19.68375
	98.29176	19.68276
	98.29243	19.68167
	98.29267	19.68171
	98.293	19.6819
	98.2934	19.68181
	98.29371	19.6821
	98.29458	19.68257
	98.29496	19.68255
	98.29553	19.6824
	98.29616	19.68207
	98.2964	19.68199
	98.29654	19.68235
	98.29738	19.68315
	98.2979	19.6839
	98.29857	19.68523
	98.29948	19.68574
	98.30003	19.68617
	98.30066	19.6872
	98.30125	19.68731
	98.30305	19.68725
	98.30339	19.68764
	98.30362	19.68774
	98.30433	19.68774
	98.30593	19.6874
	98.30644	19.68733
	98.30692	19.68733
	98.30796	19.68781
	98.30913	19.68869
	98.3093	19.6891
	98.30938	19.68946
	98.30974	19.68974
	98.31025	19.68991
	98.31065	19.69017
	98.31134	19.69034
	98.31242	19.69098
	98.31276	19.69131
	98.31317	19.69159
	98.31375	19.69191
	98.31392	19.69231
	98.31418	19.69277
	98.31457	19.69315
	98.31495	19.69335
	98.31546	19.69337
	98.31586	19.69324
	98.31679	19.69309
	98.3173	19.69346
	98.31777	19.69414
	98.31827	19.69466
	98.31896	19.69526
	98.31986	19.69614
	98.32026	19.69642
	98.32036	19.69685
	98.32057	19.69723
	98.32111	19.69764
	98.32172	19.6979
	98.32231	19.69829
	98.32265	19.69859
	98.3232	19.69884
	98.32373	19.69885
	98.32531	19.69865
	98.32616	19.69865
	98.32683	19.69857
	98.32734	19.69846
	98.3278	19.69814
	98.32837	19.69755
	98.3288	19.69734
	98.32932	19.69713
	98.32997	19.6973
	98.33026	19.6973
	98.33058	19.69717
	98.33111	19.69672
	98.33188	19.69644
	98.33228	19.69612
	98.33259	19.69577
	98.33259	19.69554
	98.33243	19.69509
	98.33206	19.69462
	98.33198	19.69434
	98.33206	19.69416
	98.33281	19.69397
	98.33305	19.69384
	98.33346	19.69384
	98.33449	19.69406
	98.33624	19.69406
	98.33701	19.69395
	98.33739	19.69395
	98.33772	19.69414
	98.3379	19.69453
	98.33788	19.69569
	98.33812	19.69631
	98.33932	19.69713
	98.34029	19.69764
	98.34098	19.69788
	98.34161	19.69803
	98.3424	19.69801
	98.3428	19.6979
	98.34321	19.69762
	98.34361	19.69743
	98.3441	19.69755
	98.34461	19.69805
	98.34512	19.69844
	98.34593	19.69826
	98.34737	19.6976
	98.34836	19.697
	98.34854	19.69601
	98.3486	19.69539
	98.3488	19.69462
	98.34911	19.6944
	98.3499	19.69438
	98.35053	19.69457
	98.3514	19.69464
	98.35294	19.69506
	98.35383	19.69539
	98.35468	19.69565
	98.35545	19.69597
	98.35612	19.6961
	98.35655	19.6961
	98.35699	19.69575
	98.35748	19.69528
	98.35768	19.69479
	98.35803	19.69427
	98.35845	19.69399
	98.35896	19.69399
	98.35959	19.69416
	98.35991	19.69429
	98.36073	19.69404
	98.36224	19.69399
	98.3633	19.69373
	98.36387	19.69369
	98.36517	19.69348
	98.36543	19.69326
	98.36557	19.6929
	98.36547	19.69249
	98.36569	19.69212
	98.36608	19.69199
	98.36703	19.69152
	98.36721	19.69122
	98.36764	19.69073
	98.36827	19.69058
	98.36867	19.69036
	98.36873	19.69017
	98.36906	19.68976
	98.3692	19.68939
	98.3692	19.68912
	98.3695	19.6891
	98.37133	19.6898
	98.37181	19.69015
	98.37232	19.69073
	98.37311	19.69178
	98.37329	19.6921
	98.37352	19.69324
	98.37364	19.69444
	98.3741	19.69517
	98.37577	19.69689
	98.37658	19.69743
	98.37692	19.69781
	98.37877	19.69826
	98.37938	19.69831
	98.37988	19.69844
	98.381	19.69848
	98.38191	19.69938
	98.38227	19.69988
	98.38278	19.70043
	98.38327	19.70067
	98.384	19.70089
	98.38531	19.70065
	98.38592	19.70043
	98.38684	19.70043
	98.38732	19.70033
	98.38787	19.70016
	98.38805	19.70035
	98.38815	19.70076
	98.38832	19.70116
	98.38882	19.70166
	98.3901	19.70271
	98.39042	19.70351
	98.39065	19.70391
	98.39122	19.70417
	98.39239	19.70423
	98.3931	19.70432
	98.39316	19.704
	98.39314	19.70361
	98.3932	19.70333
	98.39359	19.7032
	98.39415	19.70329
	98.39509	19.70329
	98.39584	19.70314
	98.39608	19.70288
	98.39624	19.7025
	98.39659	19.70196
	98.39701	19.70164
	98.39833	19.70119
	98.40107	19.70099
	98.40202	19.70099
	98.40265	19.70086
	98.40326	19.70056
	98.40423	19.69975
	98.40453	19.69927
	98.40462	19.69781
	98.40498	19.69713
	98.40551	19.69648
	98.40573	19.69595
	98.4062	19.69526
	98.40666	19.69477
	98.40707	19.69462
	98.40737	19.69466
	98.40782	19.69481
	98.40834	19.69481
	98.40997	19.69449
	98.41076	19.69425
	98.41151	19.6941
	98.41226	19.69384
	98.41372	19.69317
	98.41424	19.693
	98.41471	19.69294
	98.41538	19.6936
	98.41585	19.69397
	98.41712	19.69481
	98.41777	19.69519
	98.41901	19.69603
	98.41972	19.69605
	98.42059	19.69597
	98.42152	19.69577
	98.42221	19.69579
	98.42274	19.69564
	98.42322	19.6953
	98.42393	19.69489
	98.42428	19.69461
	98.42476	19.69294
	98.42505	19.69275
	98.42525	19.69268
	98.4256	19.69287
	98.42627	19.69457
	98.42704	19.69519
	98.4275	19.69551
	98.42878	19.69618
	98.42977	19.69629
	98.43064	19.6965
	98.43164	19.69659
	98.43251	19.69653
	98.43401	19.69674
	98.4363	19.69614
	98.43697	19.69614
	98.43756	19.69599
	98.43796	19.69556
	98.43821	19.695
	98.43859	19.69464
	98.43906	19.6938
	98.43952	19.69339
	98.44003	19.69322
	98.44058	19.6932
	98.44112	19.69337
	98.44165	19.69369
	98.4421	19.69455
	98.44232	19.69459
	98.44261	19.69431
	98.44279	19.69403
	98.44348	19.69386
	98.44415	19.69386
	98.44486	19.6938
	98.44508	19.69348
	98.44538	19.6933
	98.44591	19.69339
	98.44658	19.69373
	98.44692	19.69403
	98.44757	19.69433
	98.44786	19.6944
	98.44826	19.69427
	98.44905	19.69431
	98.44954	19.69444
	98.45039	19.69481
	98.45181	19.69582
	98.4526	19.69657
	98.45317	19.69676
	98.45513	19.69659
	98.45588	19.69659
	98.45669	19.69646
	98.45726	19.6965
	98.45783	19.69676
	98.45909	19.69723
	98.4599	19.69779
	98.46036	19.69783
	98.46063	19.69777
	98.46099	19.69751
	98.46099	19.69676
	98.46115	19.69648
	98.46152	19.69624
	98.46201	19.69599
	98.46237	19.69526
	98.46243	19.69425
	98.46241	19.69373
	98.46229	19.69322
	98.46276	19.69294
	98.46304	19.69272
	98.46393	19.69221
	98.46436	19.69232
	98.4645	19.69253
	98.4648	19.69277
	98.46539	19.69257
	98.46543	19.69244
	98.46565	19.69227
	98.46602	19.69227
	98.46634	19.6924
	98.46673	19.69264
	98.46705	19.69302
	98.46711	19.69345
	98.46746	19.69459
	98.46766	19.69487
	98.46798	19.69493
	98.46851	19.69493
	98.46896	19.69509
	98.46924	19.69502
	98.46969	19.69461
	98.47005	19.69451
	98.47044	19.69459
	98.47068	19.69487
	98.47109	19.69485
	98.47139	19.69461
	98.47174	19.69448
	98.47224	19.69444
	98.47285	19.69462
	98.47376	19.69513
	98.47459	19.69614
	98.47542	19.69698
	98.47547	19.69781
	98.47557	19.69826
	98.47592	19.69864
	98.4768	19.69878
	98.47727	19.69893
	98.47778	19.69927
	98.47844	19.69979
	98.47877	19.70011
	98.47928	19.70047
	98.47968	19.70086
	98.48153	19.70194
	98.48175	19.70228
	98.48266	19.70303
	98.48376	19.70372
	98.48443	19.70402
	98.48497	19.70419
	98.48556	19.7046
	98.48653	19.70481
	98.48702	19.70486
	98.48781	19.70484
	98.48868	19.70468
	98.48895	19.70453
	98.48923	19.70451
	98.49008	19.70507
	98.49075	19.70529
	98.49136	19.70533
	98.49203	19.70557
	98.49259	19.7057
	98.49306	19.7057
	98.49414	19.70552
	98.4947	19.70548
	98.49562	19.70559
	98.49578	19.70556
	98.49631	19.70559
	98.49693	19.7057
	98.4976	19.70604
	98.49843	19.70677
	98.49906	19.70745
	98.49985	19.70752
	98.50029	19.70776
	98.5005	19.708
	98.50073	19.70836
	98.50104	19.70869
	98.50159	19.7091
	98.50203	19.70921
	98.50251	19.70925
	98.50276	19.70941
	98.50316	19.70956
	98.5045	19.70958
	98.50509	19.70966
	98.5062	19.71007
	98.50712	19.7108
	98.50743	19.71113
	98.50752	19.71154
	98.50766	19.71192
	98.50773	19.71233
	98.50794	19.71275
	98.50821	19.7138
	98.50817	19.71417
	98.50789	19.71531
	98.50754	19.71568
	98.50712	19.71635
	98.50729	19.71666
	98.50815	19.7174
	98.50838	19.71751
	98.5089	19.71767
	98.50919	19.71769
	98.5097	19.71765
	98.51032	19.71751
	98.51129	19.7172
	98.51242	19.71691
	98.51349	19.71643
	98.51435	19.7161
	98.51569	19.71589
	98.51753	19.71583
	98.51849	19.7155
	98.51896	19.71513
	98.51919	19.71488
	98.51935	19.71451
	98.51948	19.71372
	98.51946	19.71322
	98.51933	19.71285
	98.51937	19.71256
	98.51967	19.71223
	98.52093	19.71179
	98.5222	19.71125
	98.52262	19.71094
	98.52396	19.70943
	98.52472	19.70829
	98.52497	19.70776
	98.52549	19.70716
	98.52585	19.70666
	98.52635	19.70618
	98.52706	19.70567
	98.52746	19.70552
	98.52807	19.70569
	98.52847	19.70587
	98.52885	19.70569
	98.52912	19.70525
	98.52949	19.70399
	98.52972	19.70339
	98.53027	19.70235
	98.53234	19.69993
	98.53251	19.69947
	98.53278	19.69908
	98.53291	19.69871
	98.53285	19.69749
	98.53285	19.69637
	98.53324	19.69614
	98.53479	19.69593
	98.53605	19.69536
	98.5371	19.69477
	98.53783	19.69424
	98.53817	19.69372
	98.53829	19.6932
	98.53836	19.69254
	98.53831	19.69208
	98.53821	19.69177
	98.53796	19.69057
	98.53794	19.68972
	98.53808	19.68933
	98.53903	19.68881
	98.53945	19.68848
	98.53961	19.68827
	98.54121	19.68825
	98.54181	19.68827
	98.54223	19.68836
	98.54303	19.68836
	98.54362	19.68796
	98.54428	19.68757
	98.54605	19.68693
	98.54728	19.68691
	98.54806	19.68681
	98.54843	19.68683
	98.54869	19.68676
	98.5491	19.68625
	98.54954	19.68585
	98.55005	19.68525
	98.55061	19.68476
	98.5508	19.68451
	98.55141	19.68399
	98.55189	19.68372
	98.55327	19.68326
	98.55371	19.68287
	98.55392	19.68258
	98.55495	19.6821
	98.55547	19.68175
	98.55652	19.68136
	98.55675	19.68119
	98.557	19.68086
	98.55715	19.68037
	98.55727	19.67958
	98.55721	19.67923
	98.55725	19.67836
	98.55763	19.67726
	98.55782	19.67685
	98.5591	19.67546
	98.55964	19.67515
	98.56128	19.67533
	98.56167	19.67525
	98.56253	19.67475
	98.5635	19.67399
	98.56469	19.67324
	98.56603	19.67208
	98.56674	19.6726
	98.56704	19.67291
	98.56721	19.6732
	98.56731	19.67364
	98.56702	19.67424
	98.56681	19.67494
	98.56683	19.67529
	98.56727	19.6767
	98.56737	19.67732
	98.56737	19.67776
	98.56767	19.67875
	98.56767	19.67904
	98.56758	19.67939
	98.56695	19.68032
	98.56683	19.68119
	98.56695	19.68153
	98.5679	19.68266
	98.56811	19.683
	98.56838	19.6836
	98.56873	19.68531
	98.56899	19.68595
	98.56899	19.68635
	98.56909	19.68701
	98.56907	19.68778
	98.56911	19.68801
	98.56949	19.68825
	98.56999	19.68848
	98.57037	19.68885
	98.57058	19.68921
	98.57064	19.69005
	98.57005	19.69064
	98.56982	19.69103
	98.56978	19.69142
	98.56957	19.69235
	98.56978	19.69295
	98.57014	19.69457
	98.57012	19.69629
	98.5702	19.6967
	98.571	19.69701
	98.57152	19.69755
	98.57167	19.69788
	98.57186	19.69805
	98.57215	19.69821
	98.57265	19.69858
	98.57274	19.69881
	98.57274	19.69943
	98.57261	19.69981
	98.57219	19.70053
	98.57215	19.70188
	98.57162	19.70391
	98.57173	19.70415
	98.57206	19.70446
	98.57257	19.70432
	98.57357	19.70432
	98.57433	19.70438
	98.57525	19.70471
	98.57588	19.705
	98.57667	19.70546
	98.57699	19.70577
	98.57749	19.70612
	98.57808	19.70662
	98.57843	19.70685
	98.579	19.70711
	98.58007	19.7074
	98.58042	19.70763
	98.58072	19.70792
	98.58097	19.7085
	98.5813	19.70902
	98.58218	19.70929
	98.58283	19.70954
	98.58334	19.70983
	98.58374	19.7102
	98.58464	19.7109
	98.58593	19.71171
	98.58656	19.712
	98.58696	19.71225
	98.58801	19.71318
	98.58889	19.71419
	98.58912	19.71469
	98.58996	19.71583
	98.59035	19.71564
	98.59092	19.71544
	98.59195	19.71527
	98.59251	19.71523
	98.59333	19.71488
	98.59381	19.71448
	98.59421	19.71407
	98.59494	19.71388
	98.59589	19.71347
	98.59624	19.71341
	98.59687	19.71343
	98.59765	19.71351
	98.59809	19.71362
	98.59934	19.71335
	98.59976	19.71322
	98.60028	19.71295
	98.60137	19.71217
	98.60236	19.71125
	98.60265	19.71088
	98.60305	19.71065
	98.60402	19.7103
	98.60496	19.71016
	98.60607	19.70989
	98.60644	19.70972
	98.60667	19.70945
	98.60701	19.70929
	98.6081	19.70914
	98.60885	19.70921
	98.60946	19.70943
	98.61009	19.70991
	98.61041	19.71005
	98.61114	19.71012
	98.61164	19.71024
	98.61223	19.71026
	98.61265	19.71034
	98.61447	19.71221
	98.61464	19.7127
	98.61474	19.71343
	98.61499	19.71457
	98.61506	19.71506
	98.61506	19.71562
	98.61539	19.71649
	98.61577	19.71699
	98.61615	19.71726
	98.61656	19.71732
	98.617	19.71718
	98.61746	19.71699
	98.61822	19.71658
	98.6192	19.71562
	98.61996	19.71463
	98.62084	19.71399
	98.62268	19.7137
	98.62337	19.71392
	98.62413	19.71448
	98.62476	19.71486
	98.6258	19.71523
	98.62633	19.71535
	98.62672	19.7155
	98.62687	19.71564
	98.6271	19.71602
	98.62779	19.71919
	98.6279	19.72068
	98.6275	19.72155
	98.62664	19.72229
	98.62633	19.72275
	98.62595	19.72366
	98.62576	19.72428
	98.6257	19.72479
	98.62536	19.72595
	98.62524	19.72666
	98.62528	19.72803
	98.62541	19.72838
	98.62599	19.7285
	98.62651	19.72846
	98.62773	19.72827
	98.62825	19.72807
	98.62989	19.72815
	98.63064	19.72825
	98.63265	19.72883
	98.63364	19.72933
	98.63443	19.72904
	98.63481	19.72914
	98.63504	19.72943
	98.63538	19.7301
	98.63571	19.73051
	98.63596	19.73111
	98.63601	19.73157
	98.63619	19.73204
	98.63737	19.73258
	98.63787	19.73268
	98.63873	19.73266
	98.63984	19.73316
	98.64041	19.73335
	98.64114	19.73349
	98.64194	19.73347
	98.64269	19.7333
	98.64321	19.73332
	98.64359	19.73343
	98.64397	19.7338
	98.64497	19.73533
	98.64533	19.73579
	98.64583	19.73627
	98.64642	19.73662
	98.64841	19.73763
	98.64971	19.73811
	98.65063	19.73852
	98.653	19.73982
	98.65346	19.74001
	98.65392	19.74007
	98.65541	19.73931
	98.65589	19.73896
	98.65616	19.73862
	98.6571	19.73718
	98.6579	19.73662
	98.65836	19.7362
	98.65923	19.73552
	98.65987	19.73645
	98.6602	19.73684
	98.66083	19.73709
	98.66159	19.73755
	98.66198	19.73802
	98.66266	19.73862
	98.66347	19.73958
	98.66395	19.74024
	98.66416	19.74061
	98.66527	19.74158
	98.66544	19.74202
	98.66544	19.7425
	98.66523	19.74304
	98.66494	19.74355
	98.66404	19.74548
	98.66328	19.74658
	98.66347	19.74711
	98.66502	19.74833
	98.66521	19.74891
	98.6658	19.74929
	98.66622	19.74968
	98.66718	19.74989
	98.66783	19.75018
	98.66848	19.75063
	98.66902	19.75086
	98.66988	19.75086
	98.67047	19.75105
	98.67235	19.75189
	98.67309	19.75185
	98.6737	19.75171
	98.67393	19.75154
	98.67426	19.75115
	98.6747	19.75088
	98.67531	19.75074
	98.6765	19.7507
	98.67709	19.75055
	98.67772	19.74993
	98.67866	19.74929
	98.6796	19.74941
	98.68019	19.74993
	98.68044	19.75047
	98.68101	19.75092
	98.6814	19.75134
	98.68222	19.75198
	98.68228	19.75239
	98.68258	19.75305
	98.68319	19.75374
	98.68392	19.75432
	98.68442	19.75442
	98.68493	19.75444
	98.6856	19.75442
	98.68683	19.75425
	98.68723	19.75426
	98.68842	19.75455
	98.6897	19.75463
	98.69079	19.75498
	98.69123	19.75519
	98.69169	19.75525
	98.69238	19.75519
	98.69364	19.75448
	98.69448	19.75425
	98.69465	19.75434
	98.69502	19.75483
	98.69534	19.75539
	98.69594	19.75583
	98.6968	19.75626
	98.69785	19.75653
	98.69869	19.75709
	98.69909	19.75728
	98.69961	19.75742
	98.70026	19.75773
	98.70286	19.7578
	98.70368	19.75794
	98.70405	19.75829
	98.70476	19.75925
	98.70504	19.75985
	98.70525	19.76047
	98.70541	19.76103
	98.70546	19.76134
	98.70663	19.76216
	98.70763	19.76305
	98.70797	19.76345
	98.70824	19.7639
	98.709	19.7657
	98.70931	19.76606
	98.70969	19.76637
	98.71017	19.76668
	98.71053	19.76701
	98.71076	19.7674
	98.71109	19.7685
	98.71141	19.76881
	98.71157	19.76883
	98.71195	19.76827
	98.71222	19.76753
	98.71281	19.76666
	98.71342	19.7655
	98.71426	19.76457
	98.71491	19.76411
	98.71643	19.76316
	98.71706	19.76266
	98.7178	19.76227
	98.71958	19.76169
	98.72014	19.76148
	98.72083	19.76115
	98.72203	19.76086
	98.72398	19.76131
	98.7258	19.76158
	98.72687	19.76159
	98.72752	19.76154
	98.72869	19.76119
	98.72928	19.76094
	98.72995	19.75953
	98.73041	19.75893
	98.73131	19.75796
	98.73194	19.75751
	98.73265	19.7569
	98.73324	19.75647
	98.73414	19.75608
	98.73606	19.75513
	98.73697	19.75477
	98.73768	19.7544
	98.73862	19.75423
	98.73923	19.75428
	98.73971	19.7545
	98.74042	19.75473
	98.74088	19.75502
	98.74124	19.75539
	98.74143	19.75573
	98.74178	19.75604
	98.74212	19.75626
	98.74287	19.75624
	98.74338	19.75606
	98.74405	19.75573
	98.74442	19.75568
	98.74482	19.75573
	98.74574	19.75624
	98.74606	19.75647
	98.7479	19.7572
	98.74838	19.75759
	98.7492	19.75912
	98.74977	19.75997
	98.75003	19.76018
	98.7504	19.76032
	98.75119	19.7604
	98.75231	19.76032
	98.7529	19.76019
	98.75303	19.76012
	98.75364	19.75931
	98.75419	19.7584
	98.75476	19.75816
	98.75653	19.7576
	98.75732	19.75731
	98.75873	19.75692
	98.75935	19.75683
	98.75988	19.75668
	98.76149	19.75654
	98.76199	19.75655
	98.76306	19.75633
	98.76376	19.75627
	98.76594	19.7556
	98.76672	19.75543
	98.76794	19.7553
	98.76952	19.7553
	98.77	19.7551
	98.77125	19.75438
	98.77211	19.7537
	98.7734	19.75287
	98.77385	19.75265
	98.7746	19.75238
	98.77534	19.75219
	98.7761	19.75216
	98.77679	19.75219
	98.77737	19.75224
	98.77885	19.75279
	98.77948	19.75311
	98.78004	19.75348
	98.78076	19.75422
	98.78102	19.75458
	98.7812	19.75541
	98.78134	19.75637
	98.78158	19.75762
	98.78175	19.75791
	98.78207	19.75815
	98.78363	19.75897
	98.78504	19.75987
	98.78631	19.76086
	98.78672	19.76127
	98.78722	19.76202
	98.78743	19.76264
	98.78754	19.7633
	98.7874	19.76453
	98.7884	19.76527
	98.7896	19.76604
	98.7908	19.76693
	98.7916	19.76762
	98.79199	19.76804
	98.79278	19.76903
	98.79301	19.76951
	98.79428	19.77135
	98.79592	19.7731
	98.79616	19.77369
	98.7962	19.77446
	98.79614	19.77503
	98.79584	19.7757
	98.79595	19.77596
	98.79622	19.77614
	98.79689	19.77611
	98.79898	19.77576
	98.80108	19.77579
	98.80258	19.77608
	98.80487	19.77675
	98.80533	19.77694
	98.80587	19.77726
	98.80648	19.77805
	98.80707	19.77908
	98.80716	19.77941
	98.80789	19.78013
	98.80849	19.78027
	98.80972	19.78034
	98.81042	19.78032
	98.81098	19.78036
	98.81145	19.78046
	98.8128	19.78099
	98.81328	19.7813
	98.81602	19.7834
	98.8176	19.78471
	98.81799	19.78515
	98.81863	19.78604
	98.81895	19.78659
	98.81931	19.78702
	98.81959	19.78727
	98.82001	19.78751
	98.8206	19.7876
	98.82139	19.78783
	98.82216	19.78793
	98.82248	19.78804
	98.82266	19.78817
	98.82283	19.78837
	98.82287	19.78866
	98.82315	19.78937
	98.82328	19.78997
	98.82358	19.79046
	98.82403	19.79048
	98.82431	19.79062
	98.82486	19.79101
	98.82539	19.79147
	98.82654	19.79224
	98.82721	19.79291
	98.82766	19.79347
	98.82804	19.79382
	98.82977	19.79584
	98.82977	19.7962
	98.82957	19.79735
	98.82948	19.79928
	98.82933	19.79978
	98.82807	19.80213
	98.82807	19.8027
	98.8283	19.80303
	98.82865	19.80332
	98.82963	19.80385
	98.82983	19.80437
	98.83034	19.80617
	98.8306	19.80676
	98.83078	19.80733
	98.83089	19.80794
	98.83112	19.80865
	98.83119	19.80904
	98.83194	19.81005
	98.83227	19.81061
	98.83254	19.81122
	98.83298	19.81161
	98.83416	19.81218
	98.83533	19.81244
	98.83648	19.81262
	98.83706	19.81265
	98.83801	19.8129
	98.83828	19.81304
	98.83877	19.81341
	98.83915	19.81356
	98.83956	19.81362
	98.84003	19.81362
	98.84078	19.81328
	98.84135	19.81286
	98.84175	19.81241
	98.84248	19.81184
	98.84294	19.81141
	98.84387	19.81076
	98.84468	19.81003
	98.84513	19.80981
	98.84531	19.80961
	98.8461	19.80925
	98.84669	19.8091
	98.84824	19.80858
	98.84942	19.80813
	98.84969	19.80798
	98.85001	19.8076
	98.8501	19.80721
	98.85016	19.80567
	98.85007	19.80473
	98.85009	19.80403
	98.85003	19.80349
	98.85001	19.80252
	98.85013	19.80226
	98.85013	19.80198
	98.85019	19.80168
	98.85042	19.80129
	98.85138	19.80028
	98.85474	19.79778
	98.85545	19.79737
	98.85606	19.79684
	98.858	19.79575
	98.85915	19.79497
	98.86074	19.7944
	98.86204	19.79424
	98.86338	19.79421
	98.86412	19.79425
	98.86486	19.79416
	98.86591	19.79385
	98.8678	19.79313
	98.86845	19.7928
	98.86989	19.79231
	98.87058	19.79213
	98.87123	19.79182
	98.8718	19.79125
	98.87197	19.79077
	98.872	19.78993
	98.87194	19.7893
	98.87168	19.78754
	98.87152	19.78674
	98.87152	19.78635
	98.87159	19.78603
	98.87356	19.78418
	98.874	19.78371
	98.87458	19.78322
	98.87485	19.78284
	98.87544	19.78248
	98.87621	19.78217
	98.87806	19.78186
	98.87999	19.7818
	98.88058	19.78189
	98.8813	19.78186
	98.88182	19.78189
	98.88282	19.7818
	98.88368	19.78162
	98.88424	19.78127
	98.88552	19.78021
	98.88597	19.77994
	98.88638	19.77976
	98.88679	19.77948
	98.88709	19.77913
	98.88736	19.77891
	98.88767	19.7785
	98.88818	19.77766
	98.88885	19.7761
	98.88906	19.77576
	98.88946	19.7754
	98.88989	19.77524
	98.8903	19.77524
	98.89096	19.77516
	98.89133	19.77501
	98.89209	19.77461
	98.89259	19.77425
	98.89317	19.77394
	98.89414	19.77347
	98.89491	19.77317
	98.89512	19.77282
	98.89546	19.7724
	98.89605	19.77194
	98.89641	19.77155
	98.89671	19.77143
	98.89666	19.77111
	98.89643	19.77032
	98.89592	19.76902
	98.89777	19.7669
	98.89842	19.76583
	98.89883	19.76583
	98.89962	19.76606
	98.90078	19.76629
	98.9018	19.76657
	98.90249	19.76616
	98.9036	19.76537
	98.90425	19.76481
	98.90504	19.76393
	98.90573	19.76333
	98.90619	19.76324
	98.90689	19.76333
	98.9073	19.76352
	98.90777	19.76389
	98.90841	19.76407
	98.90869	19.76403
	98.90934	19.76384
	98.90989	19.76347
	98.91077	19.76213
	98.91142	19.76171
	98.91212	19.76176
	98.91304	19.7619
	98.91512	19.76273
	98.91586	19.76222
	98.91628	19.76208
	98.91665	19.76208
	98.91771	19.76273
	98.91845	19.76282
	98.91933	19.76278
	98.91933	19.76301
	98.91906	19.7643
	98.91873	19.76514
	98.9229	19.76551
	98.92368	19.76528
	98.92396	19.76606
	98.92438	19.76671
	98.92503	19.76736
	98.92591	19.76796
	98.92678	19.76838
	98.9272	19.76879
	98.92743	19.77009
	98.92776	19.77115
	98.92808	19.77203
	98.9291	19.77351
	98.93026	19.77384
	98.93155	19.77379
	98.93238	19.77356
	98.93349	19.77314
	98.93525	19.77175
	98.93585	19.77148
	98.93715	19.77125
	98.93794	19.77083
	98.93983	19.76879
	98.9402	19.76865
	98.94127	19.76856
	98.94173	19.76861
	98.94585	19.76967
	98.94988	19.76886
	98.95159	19.76884
	98.95159	19.76861
	98.95136	19.76722
	98.95173	19.76699
	98.95205	19.76611
	98.95349	19.76532
	98.95353	19.76495
	98.95349	19.76458
	98.95261	19.76107
	98.95561	19.75417
	98.95622	19.75181
	98.96057	19.74894
	98.96445	19.74834
	98.96644	19.74746
	98.9688	19.74598
	98.97255	19.74274
	98.97889	19.74043
	98.98467	19.73913
	98.98518	19.73904
	98.98565	19.73908
	98.9869	19.73955
	98.9874	19.73992
	98.98796	19.7402
	98.98944	19.74117
	98.99041	19.74168
	98.99083	19.74214
	98.99097	19.74265
	98.99148	19.74399
	98.9912	19.74422
	98.99078	19.74473
	98.99013	19.74538
	98.98935	19.7463
	98.98889	19.74723
	98.98875	19.74811
	98.98875	19.74917
	98.98898	19.75001
	98.98972	19.75098
	98.98986	19.75149
	98.98981	19.75269
	98.99	19.75348
	98.99018	19.75399
	98.99064	19.75436
	98.99069	19.75468
	98.99023	19.75496
	98.98921	19.75547
	98.98838	19.75616
	98.98796	19.75838
	98.98842	19.75903
	98.98856	19.75958
	98.98856	19.76028
	98.98842	19.76111
	98.9881	19.76194
	98.98801	19.76264
	98.98764	19.76315
	98.98713	19.76356
	98.98713	19.76398
	98.98736	19.7644
	98.98796	19.76509
	98.98861	19.76569
	98.98875	19.76611
	98.98875	19.76662
	98.98838	19.76745
	98.98828	19.76801
	98.98852	19.76939
	98.98967	19.77051
	98.98981	19.7712
	98.98986	19.77208
	98.98967	19.7743
	98.99069	19.77615
	98.99088	19.77685
	98.99083	19.77888
	98.99092	19.7799
	98.99157	19.78291
	98.99245	19.78272
	98.99305	19.7824
	98.99402	19.78152
	98.99684	19.7817
	98.99874	19.78244
	99.00018	19.78254
	99.00106	19.78231
	99.0017	19.78184
	99.00235	19.78157
	99.00397	19.78129
	99.00448	19.78147
	99.00536	19.78254
	99.00573	19.78416
	99.00568	19.78763
	99.00638	19.78892
	99.00684	19.79003
	99.00712	19.79179
	99.00772	19.79188
	99.00865	19.79179
	99.00948	19.79161
	99.01026	19.79188
	99.011	19.79235
	99.01221	19.79295
	99.01304	19.79327
	99.01471	19.79374
	99.01512	19.79415
	99.01545	19.79466
	99.01554	19.79522
	99.01554	19.79628
	99.01568	19.79725
	99.01674	19.79753
	99.01707	19.79809
	99.01707	19.79869
	99.0166	19.79994
	99.0161	19.80109
	99.016	19.80211
	99.01596	19.80355
	99.0161	19.80484
	99.01628	19.80604
	99.01725	19.8066
	99.01781	19.80776
	99.01781	19.80817
	99.0179	19.80896
	99.01822	19.80979
	99.01878	19.81039
	99.0192	19.81118
	99.01961	19.81234
	99.02003	19.81271
	99.02119	19.81331
	99.02262	19.81419
	99.02267	19.81548
	99.02281	19.81623
	99.02355	19.81766
	99.0235	19.81826
	99.02308	19.81854
	99.02253	19.81882
	99.02206	19.81923
	99.02197	19.8197
	99.0222	19.8202
	99.02318	19.82141
	99.02331	19.82238
	99.02373	19.82349
	99.02392	19.82428
	99.02447	19.82525
	99.02478	19.82738
	99.02536	19.82736
	99.02586	19.82727
	99.02681	19.82689
	99.02728	19.82725
	99.02738	19.82938
	99.02767	19.83006
	99.02865	19.83194
	99.02899	19.8325
	99.02939	19.833
	99.02985	19.83341
	99.03032	19.8339
	99.03071	19.8344
	99.03071	19.83479
	99.03059	19.83528
	99.03002	19.83653
	99.02975	19.83827
	99.02968	19.8392
	99.02951	19.84006
	99.02948	19.84099
	99.02961	19.84178
	99.03024	19.84377
	99.03066	19.84486
	99.03108	19.84613
	99.03208	19.84753
	99.03282	19.84844
	99.03324	19.84912
	99.03346	19.84991
	99.03378	19.85213
	99.03385	19.85414
	99.034	19.85554
	99.0339	19.856
	99.03363	19.85636
	99.03302	19.85684
	99.03221	19.85724
	99.03137	19.85758
	99.03066	19.85779
	99.02997	19.85792
	99.02931	19.85844
	99.0289	19.85899
	99.02799	19.86046
	99.02711	19.86159
	99.02475	19.86431
	99.02389	19.86523
	99.02289	19.86661
	99.02296	19.86686
	99.02326	19.86727
	99.02421	19.86741
	99.0247	19.86757
	99.02502	19.86806
	99.02514	19.86886
	99.025	19.87026
	99.02492	19.87164
	99.02544	19.87259
	99.02554	19.87295
	99.02559	19.8758
	99.02549	19.87667
	99.02556	19.87737
	99.02595	19.87807
	99.02654	19.87895
	99.02755	19.88033
	99.02767	19.8806
	99.02767	19.88094
	99.02745	19.88144
	99.02698	19.8819
	99.02635	19.88275
	99.02588	19.88423
	99.02583	19.88479
	99.02536	19.88672
	99.02527	19.88749
	99.02534	19.88796
	99.02527	19.88862
	99.02546	19.88989
	99.02563	19.89066
	99.02642	19.89249
	99.02657	19.89324
	99.02666	19.89405
	99.02644	19.89552
	99.02622	19.89616
	99.02593	19.89677
	99.02566	19.89715
	99.02532	19.89751
	99.025	19.89772
	99.02451	19.89792
	99.02257	19.89853
	99.02225	19.89876
	99.02225	19.89917
	99.02254	19.90007
	99.02262	19.90134
	99.02237	19.90451
	99.02225	19.90535
	99.02205	19.90603
	99.02198	19.9068
	99.02198	19.90739
	99.02232	19.90813
	99.02316	19.90881
	99.02367	19.90913
	99.02443	19.90922
	99.02495	19.90922
	99.02598	19.90902
	99.02688	19.90895
	99.02762	19.90897
	99.02725	19.91094
	99.02696	19.91171
	99.02688	19.9123
	99.02688	19.91277
	99.02711	19.91347
	99.02728	19.9147
	99.02728	19.91531
	99.0272	19.91565
	99.02679	19.91642
	99.02627	19.91703
	99.02559	19.91746
	99.02421	19.91821
	99.02384	19.91866
	99.02345	19.91929
	99.02335	19.92033
	99.02323	19.92298
	99.02338	19.92506
	99.02328	19.92572
	99.02303	19.92631
	99.0222	19.92674
	99.02191	19.92694
	99.02183	19.92717
	99.02193	19.92758
	99.02362	19.92884
	99.02436	19.92928
	99.02502	19.92986
	99.02566	19.92968
	99.02669	19.92875
	99.02686	19.92828
	99.02691	19.92744
	99.02676	19.92703
	99.02644	19.9264
	99.02647	19.92601
	99.02657	19.92565
	99.02723	19.92511
	99.02801	19.92491
	99.02875	19.92479
	99.02921	19.92466
	99.03046	19.9247
	99.03103	19.92497
	99.03152	19.92543
	99.03257	19.92685
	99.03333	19.92801
	99.03387	19.92896
	99.03431	19.92957
	99.03481	19.93007
	99.03532	19.93027
	99.03581	19.93041
	99.0363	19.93048
	99.03966	19.93
	99.04032	19.93007
	99.04162	19.93054
	99.04197	19.93079
	99.04241	19.931
	99.04263	19.93127
	99.04265	19.93215
	99.04221	19.9345
	99.04068	19.93688
	99.04147	19.9393
	99.04113	19.94004
	99.04113	19.94088
	99.04149	19.94374
	99.04217	19.94421
	99.04326	19.94535
	99.04452	19.94718
	99.04513	19.94863
	99.04508	19.94917
	99.04478	19.94972
	99.044	19.95051
	99.04339	19.95092
	99.04277	19.9516
	99.04211	19.95252
	99.0416	19.95313
	99.0412	19.95384
	99.0404	19.95501
	99.03991	19.95599
	99.03961	19.95671
	99.03946	19.95714
	99.04008	19.9614
	99.04008	19.96187
	99.03998	19.96235
	99.03988	19.96335
	99.03959	19.96493
	99.03934	19.96541
	99.03905	19.96579
	99.03814	19.96665
	99.0376	19.96708
	99.03696	19.96733
	99.03623	19.96792
	99.03488	19.96984
	99.03385	19.97106
	99.03297	19.97224
	99.03248	19.97272
	99.03203	19.97333
	99.03199	19.97385
	99.03314	19.97738
	99.03405	19.97937
	99.03436	19.97982
	99.03461	19.98003
	99.03485	19.98016
	99.03525	19.98021
	99.03596	19.98059
	99.03613	19.98078
	99.03633	19.98111
	99.03642	19.98164
	99.03625	19.98227
	99.03591	19.98286
	99.03574	19.98329
	99.03569	19.98422
	99.03662	19.98938
	99.03674	19.98972
	99.03704	19.99021
	99.03797	19.99132
	99.03851	19.99209
	99.03892	19.99255
	99.04022	19.99415
	99.04106	19.99508
	99.04221	19.99594
	99.04314	19.99635
	99.04373	19.99676
	99.04498	19.99737
	99.04577	19.99784
	99.04628	19.99791
	99.04733	19.99814
	99.04863	19.99818
	99.04969	19.9983
	99.05064	19.99845
	99.05091	19.99857
	99.05145	19.99907
	99.05167	19.9995
	99.05217	20.0
	99.05234	20.00096
	99.05242	20.00116
	99.05295	20.00158
	99.05354	20.00219
	99.05454	20.00305
	99.0546	20.00333
	99.0544	20.00384
	99.05415	20.00413
	99.05362	20.00438
	99.05069	20.00521
	99.05025	20.00541
	99.05008	20.00554
	99.04966	20.00611
	99.04924	20.00657
	99.04888	20.00717
	99.04801	20.00817
	99.04754	20.00848
	99.04698	20.00851
	99.04637	20.00874
	99.04628	20.00895
	99.04628	20.00931
	99.04653	20.01018
	99.04653	20.01085
	99.04662	20.01157
	99.04662	20.01232
	99.04651	20.01268
	99.04536	20.01417
	99.04483	20.01474
	99.04408	20.01593
	99.04391	20.01634
	99.0436	20.01675
	99.04346	20.01714
	99.04341	20.01742
	99.04349	20.01783
	99.04355	20.01881
	99.04335	20.02007
	99.0438	20.02059
	99.045	20.02232
	99.0455	20.02368
	99.04556	20.02451
	99.04573	20.0252
	99.04578	20.02572
	99.04578	20.02654
	99.0457	20.02711
	99.04533	20.02835
	99.04503	20.02873
	99.04475	20.02922
	99.0445	20.03043
	99.0445	20.03198
	99.04478	20.03239
	99.04489	20.03283
	99.04506	20.03311
	99.04506	20.03394
	99.04489	20.03438
	99.04483	20.03471
	99.04433	20.0353
	99.04402	20.03551
	99.04402	20.036
	99.04439	20.03749
	99.04444	20.03826
	99.04472	20.03919
	99.04525	20.04015
	99.04581	20.04087
	99.04612	20.04143
	99.04667	20.042
	99.04701	20.04265
	99.04751	20.04378
	99.04765	20.04422
	99.04768	20.04468
	99.04785	20.04517
	99.04815	20.04563
	99.04832	20.046
	99.04946	20.04685
	99.05195	20.04896
	99.0539	20.05048
	99.05404	20.05081
	99.05415	20.05169
	99.05415	20.05367
	99.0546	20.05517
	99.05505	20.05622
	99.0551	20.05687
	99.0553	20.05761
	99.05549	20.05815
	99.05574	20.05854
	99.05599	20.05911
	99.05611	20.06004
	99.05613	20.06143
	99.05622	20.06181
	99.0568	20.06292
	99.05772	20.064
	99.05937	20.0648
	99.06074	20.06532
	99.06208	20.06552
	99.06308	20.06604
	99.06356	20.06666
	99.06398	20.06694
	99.06476	20.06725
	99.06565	20.06735
	99.06618	20.06753
	99.06674	20.06808
	99.06696	20.06841
	99.06727	20.06923
	99.06813	20.07078
	99.06836	20.07145
	99.06841	20.07184
	99.06819	20.07346
	99.06813	20.07531
	99.06833	20.07593
	99.06878	20.07835
	99.0692	20.07993
	99.06973	20.0815
	99.06978	20.08204
	99.06975	20.08294
	99.06928	20.08366
	99.069	20.084
	99.06841	20.08464
	99.06788	20.08513
	99.06752	20.08565
	99.06724	20.08616
	99.06716	20.08652
	99.06716	20.08712
	99.0673	20.08776
	99.06816	20.08969
	99.06883	20.09142
	99.06942	20.09258
	99.07056	20.09402
	99.07084	20.09446
	99.07154	20.09508
	99.0719	20.09559
	99.07224	20.09654
	99.07268	20.09719
	99.07313	20.0976
	99.07341	20.09806
	99.07428	20.09886
	99.07483	20.0992
	99.07528	20.09953
	99.07567	20.10005
	99.07695	20.10113
	99.07743	20.10123
	99.07835	20.10126
	99.08086	20.10152
	99.08122	20.10149
	99.08206	20.10005
	99.0824	20.09922
	99.0832	20.09855
	99.08376	20.0984
	99.08427	20.09837
	99.08527	20.09804
	99.08597	20.09791
	99.08767	20.09791
	99.08837	20.09778
	99.08943	20.09745
	99.09071	20.0975
	99.09116	20.09781
	99.09141	20.09814
	99.09177	20.09842
	99.09211	20.09889
	99.09242	20.09961
	99.09258	20.10031
	99.09281	20.10095
	99.09281	20.10141
	99.09306	20.10221
	99.09317	20.10278
	99.0932	20.10358
	99.09334	20.10435
	99.09356	20.10481
	99.09384	20.10505
	99.09456	20.10541
	99.09546	20.10536
	99.09599	20.10507
	99.09811	20.10283
	99.09816	20.1017
	99.09828	20.101
	99.09825	20.10046
	99.09836	20.10028
	99.09875	20.09992
	99.09909	20.09938
	99.09922	20.09897
	99.09953	20.09853
	99.09956	20.09824
	99.09998	20.09786
	99.10028	20.0976
	99.10059	20.09755
	99.10101	20.09763
	99.10179	20.09763
	99.10274	20.0977
	99.10308	20.0976
	99.10361	20.0976
	99.10419	20.09752
	99.10467	20.0976
	99.10553	20.09796
	99.10631	20.0985
	99.10726	20.09801
	99.10771	20.09794
	99.10846	20.09794
	99.10913	20.09845
	99.10947	20.09879
	99.11047	20.09943
	99.11089	20.09995
	99.11164	20.10044
	99.11209	20.10049
	99.11281	20.10033
	99.11365	20.10007
	99.11424	20.10005
	99.11468	20.09989
	99.1153	20.10018
	99.11605	20.10033
	99.11656	20.10051
	99.1172	20.10054
	99.11907	20.10085
	99.11999	20.10198
	99.12135	20.10262
	99.12222	20.10281
	99.12256	20.10296
	99.12325	20.10311
	99.12353	20.1034
	99.12456	20.10394
	99.12498	20.10404
	99.12543	20.10404
	99.12624	20.10391
	99.12775	20.1035
	99.12833	20.1035
	99.12883	20.10373
	99.1304	20.10404
	99.13087	20.1043
	99.13123	20.10458
	99.13146	20.10492
	99.1316	20.1052
	99.1316	20.10587
	99.13137	20.10631
	99.13109	20.10657
	99.13031	20.10713
	99.13001	20.10765
	99.12976	20.10827
	99.12945	20.1085
	99.12889	20.1086
	99.12836	20.10883
	99.12822	20.10901
	99.1283	20.10997
	99.1283	20.11077
	99.12822	20.11105
	99.12802	20.11133
	99.12797	20.11164
	99.12794	20.11345
	99.12657	20.11486
	99.12601	20.11582
	99.12585	20.11638
	99.12588	20.11734
	99.12671	20.11801
	99.12853	20.11912
	99.12928	20.11955
	99.13003	20.11979
	99.13132	20.11971
	99.1319	20.11958
	99.13288	20.11968
	99.13361	20.11971
	99.13503	20.11989
	99.13587	20.12017
	99.13634	20.12043
	99.13785	20.12107
	99.13885	20.12123
	99.13952	20.12128
	99.14056	20.1212
	99.14148	20.12151
	99.14209	20.12182
	99.14293	20.1221
	99.14335	20.12231
	99.14449	20.12267
	99.14485	20.12295
	99.14522	20.12313
	99.14611	20.1238
	99.14639	20.12435
	99.14739	20.12592
	99.1479	20.12718
	99.14915	20.12785
	99.15013	20.12844
	99.15205	20.12921
	99.15267	20.12983
	99.15303	20.13004
	99.15423	20.1303
	99.15493	20.1305
	99.15557	20.13055
	99.15783	20.13159
	99.15811	20.13179
	99.15842	20.13249
	99.1592	20.13282
	99.15953	20.1328
	99.16034	20.13249
	99.16045	20.13236
	99.16246	20.1312
	99.16322	20.13048
	99.16377	20.13017
	99.16411	20.13006
	99.16509	20.13006
	99.16542	20.13024
	99.1657	20.13053
	99.16601	20.13109
	99.16693	20.13195
	99.16751	20.13213
	99.16793	20.1322
	99.16969	20.13223
	99.17036	20.13218
	99.17067	20.13207
	99.17142	20.13143
	99.17251	20.1297
	99.17307	20.12929
	99.17363	20.12901
	99.17402	20.1287
	99.17466	20.12839
	99.17527	20.12826
	99.17586	20.128
	99.17717	20.12757
	99.1779	20.12741
	99.17829	20.12723
	99.1794	20.12692
	99.17988	20.12684
	99.18091	20.12656
	99.1815	20.12674
	99.18205	20.12679
	99.18339	20.12718
	99.18376	20.12718
	99.18445	20.12708
	99.18507	20.12692
	99.18618	20.12677
	99.18697	20.12674
	99.18769	20.12666
	99.18794	20.12659
	99.18895	20.12659
	99.18981	20.12674
	99.1909	20.12682
	99.1911	20.12687
	99.19132	20.127
	99.19146	20.12715
	99.19177	20.12728
	99.19241	20.12769
	99.19283	20.1279
	99.19311	20.12798
	99.19392	20.128
	99.19428	20.12813
	99.19506	20.1287
	99.19556	20.12927
	99.19595	20.12955
	99.19718	20.13022
	99.19788	20.13048
	99.1981	20.13063
	99.19866	20.13071
	99.1991	20.13089
	99.2	20.13094
	99.20028	20.13102
	99.20075	20.13081
	99.20117	20.13055
	99.20159	20.1304
	99.20351	20.1304
	99.20452	20.13032
	99.20631	20.13035
	99.20681	20.13027
	99.20709	20.13014
	99.20751	20.13012
	99.20773	20.13012
	99.20951	20.13071
	99.21041	20.13089
	99.21141	20.13084
	99.21208	20.13068
	99.21275	20.13035
	99.21348	20.12983
	99.21387	20.12945
	99.21431	20.12865
	99.21446	20.12829
	99.21504	20.12782
	99.2154	20.12764
	99.2161	20.12764
	99.21666	20.12759
	99.2175	20.12731
	99.21786	20.12708
	99.21895	20.12558
	99.21914	20.12525
	99.21917	20.12486
	99.21953	20.12455
	99.21992	20.12435
	99.22031	20.12396
	99.22048	20.12329
	99.22057	20.12257
	99.22076	20.12203
	99.22082	20.12112
	99.22143	20.12058
	99.22185	20.12004
	99.22241	20.11953
	99.22299	20.11932
	99.22397	20.11927
	99.22509	20.11935
	99.22542	20.11945
	99.2262	20.12012
	99.22659	20.12056
	99.22827	20.12221
	99.22869	20.12251
	99.22911	20.1229
	99.22955	20.12367
	99.23005	20.12442
	99.23014	20.12465
	99.23045	20.12483
	99.23106	20.12494
	99.23162	20.12489
	99.23201	20.12478
	99.23262	20.12442
	99.23312	20.12429
	99.2336	20.12403
	99.23435	20.12357
	99.23513	20.12293
	99.23561	20.12215
	99.23642	20.12102
	99.23689	20.12009
	99.23706	20.11935
	99.23734	20.11896
	99.23784	20.11842
	99.23901	20.11759
	99.23946	20.11716
	99.24058	20.11625
	99.24127	20.1152
	99.24166	20.11435
	99.242	20.11381
	99.24245	20.11355
	99.24286	20.1134
	99.24342	20.11334
	99.2442	20.11319
	99.24515	20.11316
	99.24543	20.11309
	99.24588	20.11288
	99.24708	20.11208
	99.24766	20.11226
	99.248	20.11242
	99.24886	20.11249
	99.24956	20.11249
	99.25003	20.11269
	99.25043	20.11269
	99.251	20.11283
	99.2514	20.113
	99.25225	20.11359
	99.25331	20.11413
	99.25374	20.11428
	99.25477	20.11437
	99.25593	20.11417
	99.25774	20.11417
	99.25848	20.11413
	99.25871	20.11385
	99.25881	20.11365
	99.25916	20.11339
	99.25951	20.11328
	99.26055	20.11339
	99.26121	20.11354
	99.26192	20.11359
	99.26343	20.11359
	99.26478	20.1135
	99.26541	20.11352
	99.26624	20.11374
	99.26706	20.11402
	99.26768	20.11404
	99.26806	20.11413
	99.26933	20.11413
	99.2698	20.1142
	99.27018	20.11452
	99.27063	20.11483
	99.27089	20.11518
	99.27117	20.11544
	99.27162	20.1155
	99.27273	20.11553
	99.27353	20.11563
	99.2741	20.11563
	99.2748	20.11579
	99.27563	20.11587
	99.2765	20.11618
	99.27709	20.11644
	99.27766	20.11657
	99.27818	20.11659
	99.27869	20.11651
	99.27914	20.1162
	99.27973	20.11548
	99.28032	20.115
	99.28082	20.11452
	99.28207	20.11365
	99.28273	20.11328
	99.28325	20.11309
	99.28396	20.11289
	99.28507	20.11289
	99.28632	20.11306
	99.28794	20.11317
	99.29101	20.1132
	99.29153	20.11315
	99.29283	20.11293
	99.29363	20.11298
	99.29424	20.11289
	99.29582	20.11213
	99.29622	20.11226
	99.29717	20.11285
	99.29764	20.11311
	99.29811	20.1133
	99.29844	20.1133
	99.2992	20.1132
	99.29976	20.11324
	99.30153	20.11326
	99.30215	20.11341
	99.30259	20.1133
	99.30292	20.11317
	99.30361	20.11276
	99.30415	20.1123
	99.30493	20.11189
	99.3054	20.11158
	99.30594	20.11141
	99.3063	20.11113
	99.30682	20.11093
	99.30745	20.11093
	99.30774	20.1111
	99.30854	20.11226
	99.30873	20.11237
	99.30908	20.11235
	99.30986	20.11204
	99.3104	20.11167
	99.31097	20.11139
	99.31215	20.11065
	99.31342	20.1101
	99.31399	20.10997
	99.31477	20.10995
	99.31583	20.11002
	99.31703	20.11036
	99.31831	20.11045
	99.31883	20.11032
	99.31972	20.10973
	99.32012	20.10954
	99.32045	20.10947
	99.32177	20.10954
	99.32213	20.10951
	99.32253	20.10932
	99.32345	20.10873
	99.32376	20.10858
	99.32423	20.10843
	99.32597	20.10829
	99.32796	20.10838
	99.3285	20.10832
	99.32913	20.10814
	99.33069	20.10784
	99.33156	20.10751
	99.33277	20.10718
	99.33385	20.1066
	99.3343	20.10627
	99.33482	20.10577
	99.33534	20.10507
	99.3364	20.10422
	99.33694	20.10389
	99.33751	20.10379
	99.33843	20.10381
	99.33869	20.10387
	99.3394	20.10438
	99.33996	20.10494
	99.34039	20.10527
	99.34084	20.10555
	99.34166	20.10581
	99.34265	20.10583
	99.34329	20.10577
	99.34371	20.10564
	99.34414	20.10544
	99.34456	20.10514
	99.34579	20.10374
	99.34669	20.10289
	99.34789	20.10222
	99.34829	20.10185
	99.34862	20.10132
	99.34907	20.10034
	99.34945	20.09943
	99.34966	20.09858
	99.35044	20.09701
	99.35075	20.09666
	99.35103	20.09642
	99.35138	20.09642
	99.35192	20.09658
	99.35294	20.09675
	99.35405	20.09714
	99.35471	20.09751
	99.35603	20.09814
	99.35664	20.0983
	99.35735	20.09838
	99.35877	20.09821
	99.36002	20.09777
	99.36035	20.09777
	99.36061	20.09786
	99.36131	20.09828
	99.36287	20.09906
	99.36367	20.09921
	99.36445	20.0993
	99.36502	20.09925
	99.36554	20.09908
	99.3661	20.09875
	99.36693	20.09804
	99.36799	20.09745
	99.36886	20.09708
	99.3695	20.09669
	99.37026	20.09629
	99.37077	20.09612
	99.37386	20.0944
	99.37434	20.09357
	99.37585	20.0917
	99.37644	20.09117
	99.37693	20.09063
	99.37733	20.0903
	99.37776	20.08972
	99.37811	20.08956
	99.37839	20.0893
	99.3788	20.08919
	99.37958	20.08919
	99.37998	20.08913
	99.3813	20.08861
	99.38182	20.08834
	99.38233	20.08824
	99.38302	20.08786
	99.38359	20.08776
	99.38403	20.08773
	99.38477	20.08758
	99.38568	20.08756
	99.38672	20.0876
	99.38729	20.08771
	99.38783	20.08791
	99.38868	20.08799
	99.3926	20.08784
	99.39307	20.08784
	99.39349	20.08791
	99.39394	20.08808
	99.39463	20.08867
	99.3954	20.08908
	99.39578	20.08921
	99.3963	20.08928
	99.39668	20.08921
	99.39736	20.0888
	99.39793	20.08832
	99.39857	20.08787
	99.39939	20.08699
	99.39975	20.08643
	99.40005	20.08608
	99.40029	20.08599
	99.40059	20.08601
	99.40083	20.08619
	99.4013	20.08678
	99.40163	20.08702
	99.40302	20.08773
	99.40373	20.08797
	99.40449	20.08839
	99.4052	20.08861
	99.40671	20.08887
	99.40772	20.08884
	99.40916	20.08889
	99.40989	20.08878
	99.41173	20.08832
	99.41253	20.08832
	99.41388	20.08952
	99.41425	20.0898
	99.41468	20.0902
	99.41508	20.09065
	99.41541	20.09144
	99.41548	20.09198
	99.41569	20.09246
	99.41626	20.09338
	99.4165	20.09357
	99.41716	20.09368
	99.41978	20.09377
	99.42074	20.09375
	99.42225	20.09361
	99.42372	20.09303
	99.42681	20.09096
	99.42867	20.09015
	99.42975	20.09006
	99.43098	20.09017
	99.43388	20.091
	99.43504	20.09126
	99.43558	20.09128
	99.43605	20.09117
	99.43773	20.09061
	99.4382	20.09061
	99.43865	20.09076
	99.43966	20.09135
	99.44023	20.09174
	99.44061	20.09211
	99.44188	20.09372
	99.44235	20.09499
	99.44271	20.09551
	99.44294	20.09612
	99.44327	20.09651
	99.44382	20.09738
	99.44448	20.0983
	99.44483	20.09843
	99.44558	20.09838
	99.44688	20.09841
	99.44754	20.09854
	99.44806	20.09875
	99.44917	20.09884
	99.45219	20.09775
	99.45273	20.09773
	99.45332	20.09764
	99.45387	20.09766
	99.45519	20.09795
	99.4558	20.0983
	99.45658	20.09882
	99.4574	20.09952
	99.45797	20.10019
	99.45814	20.1005
	99.45863	20.10095
	99.45972	20.10233
	99.46033	20.10283
	99.46066	20.10324
	99.46111	20.1037
	99.46219	20.10453
	99.46238	20.10463
	99.46396	20.10463
	99.46451	20.10468
	99.46495	20.10487
	99.46528	20.10507
	99.46703	20.10655
	99.46738	20.10679
	99.46826	20.10727
	99.46901	20.10775
	99.46972	20.10803
	99.47175	20.10908
	99.4729	20.10943
	99.4734	20.10945
	99.47415	20.10934
	99.47463	20.10917
	99.47564	20.10866
	99.47621	20.10849
	99.47701	20.10858
	99.48005	20.10917
	99.48258	20.10945
	99.4834	20.10958
	99.48489	20.11012
	99.48704	20.11132
	99.48793	20.11171
	99.48857	20.11208
	99.48923	20.11256
	99.49015	20.11376
	99.49025	20.11426
	99.49046	20.11485
	99.49081	20.11524
	99.49154	20.11559
	99.4923	20.11585
	99.49414	20.11603
	99.49506	20.11603
	99.49593	20.11592
	99.49728	20.11587
	99.49763	20.11596
	99.49817	20.11622
	99.4986	20.11657
	99.4989	20.11698
	99.49909	20.11777
	99.49909	20.11812
	99.49897	20.1186
	99.49869	20.11919
	99.49853	20.12001
	99.49855	20.12095
	99.49883	20.12206
	99.49883	20.12247
	99.49874	20.12295
	99.49794	20.12489
	99.49753	20.12615
	99.49702	20.12812
	99.49664	20.1287
	99.49551	20.12949
	99.49527	20.13005
	99.49489	20.13201
	99.49466	20.13293
	99.49463	20.13332
	99.49478	20.13349
	99.49626	20.13378
	99.49926	20.13456
	99.49992	20.1348
	99.50042	20.13514
	99.50067	20.13546
	99.50092	20.13616
	99.50163	20.13779
	99.50193	20.13834
	99.50245	20.13893
	99.50335	20.13958
	99.50495	20.1406
	99.50548	20.14106
	99.50637	20.1417
	99.50715	20.14248
	99.50846	20.14403
	99.50878	20.14462
	99.50919	20.14563
	99.50954	20.14671
	99.50986	20.14707
	99.51022	20.14739
	99.51057	20.14754
	99.51112	20.14758
	99.51252	20.14724
	99.51286	20.14724
	99.51314	20.14735
	99.51327	20.14754
	99.51329	20.14779
	99.51307	20.14841
	99.5119	20.14991
	99.51162	20.15054
	99.5113	20.15107
	99.5113	20.15147
	99.51139	20.15173
	99.51178	20.15194
	99.51249	20.15209
	99.51329	20.15213
	99.51414	20.15232
	99.51529	20.15236
	99.51682	20.15255
	99.5177	20.15274
	99.51818	20.15274
	99.51868	20.15266
	99.51973	20.15196
	99.52033	20.15164
	99.52093	20.15126
	99.52168	20.15103
	99.52411	20.1508
	99.52464	20.15058
	99.52517	20.15027
	99.52581	20.14963
	99.52647	20.1491
	99.52707	20.14847
	99.52842	20.14745
	99.52931	20.14697
	99.53062	20.14661
	99.53227	20.14661
	99.53328	20.14652
	99.53493	20.14671
	99.53729	20.14714
	99.53835	20.14752
	99.5386	20.14766
	99.53878	20.14792
	99.53883	20.14813
	99.53876	20.14843
	99.53855	20.14881
	99.53763	20.15018
	99.5375	20.15073
	99.53747	20.15312
	99.53731	20.15408
	99.53729	20.15478
	99.53738	20.15626
	99.53763	20.15687
	99.53773	20.15744
	99.53825	20.15827
	99.53883	20.15892
	99.53905	20.1596
	99.53928	20.16055
	99.53931	20.16163
	99.53919	20.16199
	99.53885	20.16271
	99.53818	20.16379
	99.53802	20.16425
	99.53798	20.16463
	99.53802	20.16529
	99.53919	20.16675
	99.53967	20.16745
	99.53993	20.16804
	99.54045	20.17075
	99.54109	20.17202
	99.54142	20.1728
	99.54162	20.17312
	99.54222	20.17316
	99.54419	20.17282
	99.5446	20.17284
	99.54529	20.17274
	99.54588	20.17282
	99.54682	20.17325
	99.54719	20.1736
	99.54751	20.17403
	99.54788	20.17432
	99.5501	20.17559
	99.55067	20.176
	99.55123	20.1765
	99.55164	20.17735
	99.5521	20.17811
	99.55258	20.17904
	99.55306	20.18014
	99.55446	20.18374
	99.55485	20.18454
	99.55496	20.18501
	99.55496	20.18584
	99.55476	20.18626
	99.55418	20.18715
	99.55391	20.18825
	99.55402	20.1888
	99.55473	20.1899
	99.55549	20.19127
	99.55579	20.19201
	99.55613	20.19267
	99.55629	20.19333
	99.5564	20.19413
	99.55645	20.19489
	99.55654	20.19525
	99.55654	20.1957
	99.55677	20.19595
	99.55728	20.19637
	99.55769	20.19684
	99.55824	20.19732
	99.55849	20.19775
	99.55877	20.19843
	99.55881	20.19883
	99.55909	20.19953
	99.5595	20.20005
	99.55993	20.20046
	99.5606	20.20139
	99.56069	20.20181
	99.56064	20.2035
	99.56083	20.20388
	99.56122	20.20431
	99.56209	20.20492
	99.56266	20.20519
	99.56333	20.20543
	99.56378	20.20594
	99.5636	20.20621
	99.5633	20.20653
	99.56239	20.20699
	99.56216	20.20723
	99.5619	20.20759
	99.56156	20.20837
	99.55961	20.21161
	99.55936	20.21211
	99.55913	20.21298
	99.55881	20.21366
	99.55835	20.21436
	99.5578	20.21497
	99.55567	20.21677
	99.55526	20.217
	99.55476	20.21719
	99.55343	20.21721
	99.55299	20.21713
	99.55223	20.21679
	99.55171	20.21662
	99.55077	20.21649
	99.54955	20.21643
	99.54898	20.21647
	99.54841	20.21679
	99.54774	20.21694
	99.54715	20.21715
	99.54644	20.21726
	99.5457	20.21751
	99.54511	20.21757
	99.54467	20.21774
	99.54442	20.21797
	99.54405	20.21857
	99.54366	20.21939
	99.54341	20.22018
	99.54291	20.22117
	99.54229	20.22257
	99.54183	20.22453
	99.54151	20.22504
	99.54107	20.22544
	99.53979	20.22629
	99.53901	20.22695
	99.53812	20.22796
	99.53681	20.22921
	99.53571	20.23056
	99.53525	20.23095
	99.53477	20.23145
	99.53374	20.23219
	99.53314	20.23234
	99.53197	20.23247
	99.53147	20.23268
	99.53071	20.23281
	99.52945	20.23281
	99.52881	20.23274
	99.52741	20.23249
	99.52386	20.23266
	99.52315	20.23274
	99.52287	20.23294
	99.52258	20.23344
	99.52235	20.23403
	99.52235	20.23552
	99.52239	20.23598
	99.52315	20.23708
	99.52331	20.23748
	99.5234	20.23822
	99.52326	20.23886
	99.52299	20.23952
	99.52217	20.24072
	99.52173	20.24163
	99.52118	20.2433
	99.52118	20.24358
	99.52138	20.2448
	99.52136	20.24595
	99.52116	20.24713
	99.52111	20.2487
	99.52138	20.24957
	99.52145	20.24997
	99.52141	20.25027
	99.52121	20.25052
	99.52082	20.25079
	99.52053	20.25106
	99.52017	20.25144
	99.51974	20.25216
	99.51897	20.25286
	99.51793	20.2541
	99.51673	20.25518
	99.51602	20.25597
	99.51577	20.25633
	99.51584	20.25665
	99.51659	20.25739
	99.5169	20.25777
	99.51742	20.2582
	99.51851	20.25891
	99.51919	20.25966
	99.51924	20.25988
	99.51913	20.26039
	99.51867	20.26181
	99.51801	20.26348
	99.51779	20.2638
	99.51776	20.2641
	99.51804	20.26519
	99.51805	20.26644
	99.51794	20.26685
	99.51778	20.26729
	99.51744	20.26777
	99.51719	20.26836
	99.51654	20.26898
	99.51608	20.26969
	99.51596	20.27027
	99.51565	20.27118
	99.51537	20.27233
	99.5151	20.27294
	99.51497	20.27351
	99.51482	20.27397
	99.51388	20.27614
	99.51417	20.27757
	99.51419	20.27804
	99.51419	20.27833
	99.51397	20.27903
	99.51391	20.27971
	99.5131	20.28072
	99.51254	20.28124
	99.51182	20.28178
	99.51139	20.28221
	99.51097	20.28272
	99.51041	20.28357
	99.50987	20.28418
	99.50934	20.28525
	99.50925	20.28599
	99.50939	20.2862
	99.51028	20.28679
	99.50985	20.28763
	99.50967	20.28814
	99.50967	20.28871
	99.5095	20.28962
	99.50934	20.28989
	99.5083	20.29076
	99.50827	20.29113
	99.50816	20.29157
	99.50677	20.29196
	99.50645	20.29273
	99.50639	20.29304
	99.50627	20.29323
	99.50537	20.29367
	99.5051	20.29387
	99.50494	20.29412
	99.50513	20.295
	99.50533	20.29535
	99.50624	20.29587
	99.50639	20.29601
	99.50611	20.29732
	99.5061	20.29792
	99.50627	20.29821
	99.50644	20.29894
	99.50657	20.30023
	99.50647	20.30063
	99.50647	20.30093
	99.50653	20.30151
	99.50664	20.30186
	99.50647	20.30206
	99.50614	20.30232
	99.50593	20.30258
	99.50582	20.30297
	99.50576	20.30353
	99.50617	20.30392
	99.50639	20.30434
	99.50648	20.30478
	99.50648	20.30544
	99.50665	20.3061
	99.50654	20.3064
	99.50585	20.30706
	99.5061	20.30753
	99.50647	20.30802
	99.50679	20.3086
	99.50705	20.30912
	99.50727	20.30978
	99.50768	20.3104
	99.50819	20.31087
	99.50839	20.31127
	99.50876	20.31179
	99.50902	20.31208
	99.50931	20.31233
	99.50991	20.31253
	99.51002	20.31331
	99.50997	20.3135
	99.50941	20.31387
	99.50928	20.31402
	99.50928	20.31429
	99.50941	20.31462
	99.50944	20.31499
	99.5093	20.31527
	99.50924	20.3158
	99.50971	20.31627
	99.50976	20.31657
	99.50974	20.31698
	99.50954	20.31753
	99.50928	20.31782
	99.50916	20.31819
	99.50908	20.31868
	99.50857	20.31905
	99.50773	20.31932
	99.50762	20.31966
	99.50754	20.32127
	99.50747	20.32174
	99.50677	20.32228
	99.50668	20.3224
	99.50684	20.3235
	99.5067	20.32404
	99.50691	20.32497
	99.507	20.32522
	99.5071	20.32577
	99.5069	20.32594
	99.50617	20.32617
	99.50585	20.32634
	99.5055	20.32668
	99.50516	20.32864
	99.505	20.32901
	99.50482	20.32928
	99.50445	20.32955
	99.50368	20.33056
	99.50294	20.33194
	99.5023	20.33286
	99.50167	20.334
	99.5013	20.33418
	99.50108	20.33424
	99.50077	20.33469
	99.5007	20.335
	99.5007	20.33553
	99.50053	20.33661
	99.50036	20.33688
	99.50019	20.33704
	99.49996	20.33705
	99.49891	20.33632
	99.4985	20.33608
	99.49788	20.33589
	99.49724	20.33584
	99.49712	20.33594
	99.49704	20.33619
	99.4971	20.33662
	99.49712	20.33702
	99.4973	20.33786
	99.4973	20.3381
	99.49695	20.33878
	99.49669	20.33937
	99.49642	20.34015
	99.49625	20.34045
	99.4961	20.34059
	99.49549	20.34086
	99.49511	20.34091
	99.49429	20.34134
	99.49414	20.34151
	99.49397	20.34183
	99.4937	20.34223
	99.49347	20.34264
	99.49291	20.34318
	99.49253	20.34334
	99.49212	20.34334
	99.49136	20.3438
	99.49098	20.34401
	99.49028	20.34415
	99.48975	20.34442
	99.4897	20.34464
	99.48967	20.34515
	99.4899	20.34545
	99.48955	20.34574
	99.48926	20.34585
	99.48908	20.3459
	99.48861	20.34639
	99.48809	20.34674
	99.48768	20.34674
	99.4868	20.34666
	99.48642	20.34661
	99.48607	20.34661
	99.48563	20.34658
	99.48525	20.34658
	99.4844	20.34682
	99.48411	20.34709
	99.48318	20.34779
	99.48274	20.34809
	99.48224	20.34828
	99.48168	20.34863
	99.4813	20.34879
	99.48081	20.34885
	99.48002	20.34885
	99.47984	20.3489
	99.47967	20.34909
	99.47961	20.34922
	99.47958	20.34947
	99.47949	20.34971
	99.47908	20.34974
	99.47841	20.34974
	99.47815	20.34968
	99.47771	20.34966
	99.47733	20.34958
	99.47698	20.34958
	99.47665	20.3496
	99.47645	20.34944
	99.47619	20.34939
	99.47595	20.34939
	99.47575	20.34941
	99.47557	20.34958
	99.47531	20.34968
	99.47476	20.34974
	99.4744	20.34985
	99.47411	20.35001
	99.47385	20.35006
	99.47347	20.35022
	99.47338	20.35047
	99.47312	20.35101
	99.47256	20.35171
	99.47215	20.35203
	99.47133	20.35273
	99.47081	20.35311
	99.47034	20.35349
	99.47002	20.35368
	99.46914	20.3543
	99.46891	20.3546
	99.46867	20.35481
	99.46829	20.35522
	99.468	20.3557
	99.46779	20.35622
	99.46756	20.35665
	99.46747	20.357
	99.46739	20.3574
	99.46739	20.35776
	99.46742	20.35816
	99.4675	20.35835
	99.4675	20.35884
	99.4673	20.35897
	99.46703	20.35897
	99.46668	20.359
	99.46616	20.35919
	99.46584	20.35932
	99.46516	20.35965
	99.46473	20.35981
	99.4642	20.36016
	99.4637	20.36032
	99.46303	20.3604
	99.46233	20.36056
	99.46148	20.3607
	99.46095	20.36086
	99.45973	20.36113
	99.45917	20.36129
	99.45879	20.36135
	99.45853	20.36143
	99.45788	20.36175
	99.45762	20.36199
	99.45715	20.36232
	99.45677	20.36232
	99.45642	20.36226
	99.45616	20.36224
	99.45587	20.36226
	99.45575	20.3624
	99.45572	20.36253
	99.45575	20.36283
	99.45575	20.3631
	99.45604	20.36361
	99.45633	20.36394
	99.45668	20.36448
	99.45692	20.36478
	99.45695	20.36504
	99.45695	20.36545
	99.45704	20.36591
	99.45724	20.36626
	99.45741	20.36672
	99.45753	20.36694
	99.45753	20.36715
	99.45745	20.36788
	99.45745	20.3692
	99.45739	20.36982
	99.45739	20.37047
	99.45768	20.37104
	99.45785	20.37155
	99.45815	20.37287
	99.45818	20.37323
	99.45818	20.37347
	99.45794	20.37387
	99.45771	20.37444
	99.45765	20.37466
	99.45765	20.37503
	99.45768	20.37528
	99.45785	20.37571
	99.45806	20.37603
	99.45806	20.37741
	99.45803	20.37773
	99.45788	20.37827
	99.45803	20.37852
	99.45867	20.37906
	99.45891	20.37922
	99.45967	20.37952
	99.4599	20.37965
	99.45999	20.37978
	99.46002	20.38016
	99.45978	20.38068
	99.45967	20.38122
	99.45949	20.38165
	99.4594	20.38192
	99.45932	20.38267
	99.45934	20.38297
	99.45949	20.38332
	99.4597	20.38389
	99.46008	20.38437
	99.46016	20.38462
	99.46013	20.38516
	99.46013	20.38591
	99.45981	20.38648
	99.45926	20.38713
	99.45911	20.38759
	99.45911	20.38797
	99.45917	20.38853
	99.45917	20.38902
	99.45934	20.38931
	99.4592	20.38964
	99.45882	20.39007
	99.45818	20.39072
	99.45765	20.39145
	99.45745	20.39183
	99.45753	20.39212
	99.45841	20.3928
	99.4597	20.39298
	99.46028	20.39309
	99.46075	20.3932
	99.46142	20.39323
	99.46189	20.39331
	99.46274	20.39342
	99.46701	20.3935
	99.46826	20.3935
	99.46882	20.39344
	99.46937	20.39342
	99.46999	20.39347
	99.47031	20.39369
	99.47095	20.3938
	99.47151	20.39398
	99.47201	20.39412
	99.47259	20.39404
	99.47329	20.39398
	99.47414	20.39366
	99.47455	20.39344
	99.47484	20.39312
	99.47519	20.3928
	99.47554	20.39253
	99.4763	20.39201
	99.47663	20.39182
	99.47745	20.39182
	99.47782	20.39172
	99.47832	20.3912
	99.47844	20.39085
	99.47908	20.38975
	99.47964	20.3891
	99.48008	20.38864
	99.48028	20.38826
	99.4806	20.38786
	99.4811	20.38745
	99.48183	20.38742
	99.48233	20.38724
	99.48356	20.38675
	99.48423	20.3864
	99.48528	20.38556
	99.4856	20.38535
	99.48581	20.38513
	99.48613	20.38497
	99.48666	20.38491
	99.48704	20.38475
	99.48736	20.38451
	99.48785	20.38427
	99.48824	20.38397
	99.48856	20.38356
	99.48873	20.38329
	99.48897	20.38319
	99.48943	20.38311
	99.48975	20.383
	99.49101	20.383
	99.49157	20.38311
	99.49274	20.38302
	99.49306	20.38311
	99.49335	20.3834
	99.4935	20.38367
	99.4937	20.38405
	99.49388	20.38462
	99.49432	20.38481
	99.49496	20.38502
	99.49549	20.38516
	99.49587	20.38516
	99.49639	20.38513
	99.49677	20.38499
	99.49721	20.38489
	99.49747	20.38462
	99.49794	20.384
	99.49815	20.38391
	99.49853	20.384
	99.49891	20.38416
	99.49911	20.38416
	99.49955	20.38391
	99.49993	20.38359
	99.5002	20.38323
	99.50057	20.38259
	99.50073	20.38208
	99.50085	20.38155
	99.50093	20.38104
	99.50102	20.38078
	99.50113	20.38029
	99.5012	20.37982
	99.50123	20.37942
	99.50174	20.37892
	99.50207	20.37889
	99.50233	20.37882
	99.5025	20.3787
	99.50288	20.37816
	99.50316	20.3777
	99.50387	20.37722
	99.50437	20.37711
	99.50471	20.37672
	99.50525	20.376
	99.50554	20.37571
	99.50576	20.37543
	99.5059	20.3751
	99.50603	20.37485
	99.50671	20.37428
	99.50739	20.37381
	99.50831	20.37371
	99.50891	20.37343
	99.50894	20.37314
	99.50891	20.37269
	99.5089	20.3722
	99.50893	20.37195
	99.50899	20.37165
	99.50927	20.37142
	99.50941	20.37121
	99.50953	20.37081
	99.50956	20.3704
	99.5097	20.37006
	99.50979	20.36925
	99.50979	20.36892
	99.50988	20.36871
	99.51037	20.36843
	99.5109	20.36828
	99.51165	20.36827
	99.51222	20.36819
	99.51274	20.36794
	99.51305	20.36769
	99.51356	20.36736
	99.51382	20.36708
	99.51411	20.36671
	99.51433	20.36652
	99.51453	20.36627
	99.51471	20.36571
	99.51479	20.36513
	99.5148	20.36458
	99.51491	20.36414
	99.51497	20.36353
	99.51508	20.3633
	99.51582	20.36289
	99.51627	20.36267
	99.51668	20.36265
	99.51748	20.36236
	99.51784	20.36218
	99.51837	20.36181
	99.51913	20.36141
	99.51944	20.36131
	99.51965	20.36127
	99.5201	20.3615
	99.52101	20.36208
	99.52136	20.36232
	99.52165	20.36246
	99.52213	20.3624
	99.52273	20.36226
	99.52314	20.36225
	99.52333	20.36226
	99.52444	20.3627
	99.52487	20.36275
	99.52544	20.36262
	99.52579	20.36246
	99.52614	20.36233
	99.52665	20.36171
	99.52715	20.36137
	99.52739	20.36114
	99.52762	20.36097
	99.52802	20.36063
	99.52822	20.36006
	99.52822	20.35986
	99.52841	20.35985
	99.52899	20.3599
	99.52928	20.35995
	99.52962	20.3599
	99.52991	20.35982
	99.53033	20.35951
	99.53119	20.35854
	99.5317	20.35833
	99.53258	20.35793
	99.53353	20.35738
	99.53385	20.35712
	99.53459	20.35675
	99.53501	20.35668
	99.5365	20.35665
	99.53711	20.35656
	99.53782	20.35641
	99.53838	20.35624
	99.53881	20.35618
	99.53968	20.35598
	99.54025	20.35593
	99.54124	20.35591
	99.54228	20.35593
	99.54315	20.35597
	99.54378	20.35593
	99.54475	20.35601
	99.54507	20.35622
	99.54531	20.35651
	99.54564	20.35682
	99.54598	20.35719
	99.54638	20.35746
	99.54678	20.35765
	99.5473	20.3577
	99.54844	20.35777
	99.54878	20.35773
	99.54962	20.35711
	99.54976	20.35686
	99.55024	20.35675
	99.55096	20.35676
	99.55219	20.35675
	99.55255	20.35688
	99.55336	20.35708
	99.55385	20.35732
	99.55464	20.35753
	99.55582	20.3577
	99.55627	20.35787
	99.55735	20.35806
	99.55769	20.35799
	99.55795	20.35781
	99.55799	20.35759
	99.55799	20.35696
	99.55802	20.35665
	99.55828	20.35624
	99.55853	20.35594
	99.55882	20.35567
	99.55921	20.35519
	99.55953	20.35453
	99.55987	20.35357
	99.56042	20.3531
	99.56062	20.35284
	99.56109	20.35258
	99.56172	20.35252
	99.56213	20.35246
	99.56298	20.35212
	99.56335	20.35185
	99.56372	20.35167
	99.56495	20.35144
	99.56555	20.35131
	99.56599	20.35117
	99.56624	20.35115
	99.56696	20.35088
	99.56732	20.35058
	99.56793	20.35024
	99.56835	20.35005
	99.56887	20.34979
	99.56939	20.34962
	99.57036	20.34958
	99.57112	20.34962
	99.57187	20.34962
	99.57265	20.34966
	99.57293	20.34936
	99.57326	20.34906
	99.57353	20.34875
	99.57409	20.3486
	99.57458	20.3484
	99.57502	20.34819
	99.57533	20.34799
	99.57558	20.34776
	99.57581	20.34732
	99.57601	20.34678
	99.57619	20.34617
	99.57649	20.3454
	99.57664	20.34478
	99.57696	20.34476
	99.57765	20.34465
	99.57829	20.34462
	99.57895	20.34455
	99.57944	20.34448
	99.57993	20.34438
	99.58041	20.34435
	99.58058	20.34421
	99.5807	20.34392
	99.58078	20.34364
	99.58081	20.34338
	99.58227	20.34279
	99.58284	20.34263
	99.58456	20.34253
	99.58481	20.34242
	99.58518	20.34223
	99.58547	20.34216
	99.58583	20.34213
	99.58639	20.34212
	99.58676	20.3422
	99.58716	20.34229
	99.58816	20.34269
	99.58895	20.34282
	99.5897	20.34318
	99.59021	20.3434
	99.59064	20.34355
	99.59104	20.34378
	99.59152	20.34401
	99.59178	20.34424
	99.5921	20.34372
	99.59289	20.34299
	99.59333	20.34275
	99.59409	20.34218
	99.59444	20.34188
	99.59475	20.34147
	99.59484	20.34103
	99.59497	20.34066
	99.5951	20.34036
	99.59532	20.33995
	99.5956	20.33966
	99.59601	20.33942
	99.5962	20.33927
	99.59643	20.33902
	99.59677	20.33874
	99.59712	20.3385
	99.5977	20.33834
	99.59823	20.33811
	99.59916	20.3381
	99.59955	20.33819
	99.60006	20.33837
	99.60034	20.33844
	99.60063	20.33844
	99.60103	20.33834
	99.60144	20.3382
	99.60192	20.33794
	99.60303	20.33738
	99.60333	20.33725
	99.60383	20.33712
	99.60406	20.33696
	99.60421	20.33661
	99.60433	20.33627
	99.60437	20.33606
	99.6045	20.33584
	99.60475	20.33557
	99.60475	20.33523
	99.60473	20.33503
	99.60483	20.33479
	99.60506	20.33446
	99.60569	20.33401
	99.60623	20.33381
	99.60755	20.33392
	99.60807	20.33364
	99.60898	20.3331
	99.60935	20.333
	99.61015	20.33287
	99.61123	20.33257
	99.61141	20.33256
	99.6119	20.33215
	99.61217	20.33199
	99.61244	20.33196
	99.61269	20.33177
	99.61293	20.33242
	99.61304	20.33301
	99.6134	20.33401
	99.61338	20.33449
	99.61334	20.33485
	99.61343	20.33539
	99.61377	20.33585
	99.6142	20.33625
	99.61454	20.33651
	99.61492	20.33672
	99.6153	20.33671
	99.61603	20.33635
	99.6165	20.33608
	99.61692	20.33608
	99.61715	20.33584
	99.61746	20.3357
	99.61795	20.33551
	99.61827	20.33544
	99.6186	20.3356
	99.619	20.33598
	99.61932	20.33641
	99.61946	20.33676
	99.61975	20.33705
	99.62032	20.33749
	99.62084	20.33808
	99.62104	20.33834
	99.62124	20.33851
	99.62174	20.33851
	99.6226	20.33847
	99.6235	20.3382
	99.62407	20.33796
	99.6248	20.33753
	99.62546	20.33698
	99.62597	20.33666
	99.62641	20.33632
	99.62694	20.33598
	99.62754	20.33588
	99.62818	20.3359
	99.62884	20.3358
	99.62935	20.33581
	99.62981	20.33598
	99.63031	20.33632
	99.63051	20.33665
	99.63074	20.33708
	99.63094	20.33821
	99.63107	20.33857
	99.63121	20.3388
	99.63168	20.33948
	99.63214	20.33983
	99.63241	20.34019
	99.63267	20.34078
	99.63275	20.3413
	99.633	20.34166
	99.63329	20.34186
	99.63394	20.34205
	99.63484	20.34216
	99.63661	20.34226
	99.63758	20.34218
	99.63827	20.34216
	99.63861	20.34211
	99.63889	20.34188
	99.63908	20.34168
	99.63954	20.34151
	99.63995	20.34159
	99.64034	20.34157
	99.64126	20.34147
	99.64166	20.34145
	99.6418	20.34152
	99.6422	20.34188
	99.64265	20.34243
	99.643	20.34294
	99.64335	20.34333
	99.64397	20.34303
	99.64446	20.34273
	99.64645	20.34193
	99.64712	20.34164
	99.64735	20.34142
	99.64774	20.34097
	99.64792	20.34061
	99.64814	20.34027
	99.64828	20.33969
	99.64831	20.33917
	99.64837	20.33884
	99.64852	20.33848
	99.64877	20.338
	99.64897	20.33776
	99.64917	20.33742
	99.64903	20.33701
	99.64889	20.33668
	99.64888	20.33648
	99.64889	20.3363
	99.64917	20.33576
	99.64941	20.33556
	99.64974	20.3354
	99.65034	20.33525
	99.65074	20.3351
	99.65111	20.33488
	99.65162	20.3348
	99.65269	20.33469
	99.65291	20.33459
	99.6532	20.33443
	99.65348	20.33418
	99.65357	20.33384
	99.65352	20.33368
	99.65368	20.33334
	99.6538	20.33301
	99.65411	20.33269
	99.65431	20.33216
	99.65457	20.33175
	99.65478	20.33132
	99.65488	20.33097
	99.65498	20.33078
	99.65511	20.33036
	99.6554	20.32976
	99.65565	20.32941
	99.65588	20.32902
	99.65626	20.32872
	99.65669	20.32831
	99.65695	20.32797
	99.65723	20.32772
	99.65752	20.32753
	99.65806	20.32749
	99.6584	20.32753
	99.65872	20.32732
	99.65902	20.32706
	99.65942	20.32686
	99.65965	20.32686
	99.65995	20.32681
	99.66065	20.3261
	99.66095	20.32587
	99.66135	20.32573
	99.66209	20.32574
	99.66277	20.32569
	99.66299	20.3258
	99.66314	20.32593
	99.66354	20.32621
	99.66392	20.32644
	99.66451	20.32675
	99.66488	20.32679
	99.66534	20.32671
	99.66549	20.32608
	99.66565	20.32553
	99.66588	20.32499
	99.66612	20.32462
	99.66674	20.32401
	99.66698	20.32385
	99.66759	20.32357
	99.66802	20.32354
	99.66835	20.32354
	99.66858	20.32363
	99.66894	20.32365
	99.6692	20.32365
	99.66955	20.3236
	99.67005	20.32331
	99.6704	20.32283
	99.67071	20.32259
	99.67111	20.32258
	99.67148	20.3224
	99.67178	20.32209
	99.67203	20.32172
	99.67226	20.32122
	99.67254	20.32069
	99.67286	20.32016
	99.67311	20.31952
	99.67359	20.31867
	99.67385	20.31844
	99.6742	20.31844
	99.67492	20.3184
	99.67529	20.31801
	99.67574	20.31758
	99.67643	20.31714
	99.67672	20.31699
	99.67692	20.31699
	99.67712	20.31702
	99.67791	20.31745
	99.67811	20.3175
	99.67834	20.31752
	99.67872	20.3175
	99.68003	20.31728
	99.68023	20.31709
	99.68043	20.31672
	99.68082	20.3163
	99.68106	20.31618
	99.68131	20.31617
	99.68146	20.31618
	99.6818	20.31644
	99.68205	20.31667
	99.68236	20.31691
	99.68311	20.31738
	99.68359	20.31759
	99.68391	20.31769
	99.68434	20.3178
	99.68468	20.31797
	99.68486	20.31818
	99.68499	20.3183
	99.68499	20.31885
	99.68511	20.31972
	99.6854	20.32026
	99.68591	20.32071
	99.68632	20.32094
	99.68665	20.321
	99.68695	20.32103
	99.68748	20.32118
	99.6878	20.32118
	99.68825	20.32127
	99.68877	20.32176
	99.68909	20.32209
	99.68942	20.32226
	99.69003	20.32226
	99.69022	20.32229
	99.69068	20.32226
	99.69112	20.32235
	99.6918	20.32269
	99.69274	20.3233
	99.69309	20.32343
	99.69346	20.32344
	99.6941	20.3235
	99.69489	20.32427
	99.69585	20.32505
	99.6963	20.32534
	99.69699	20.32574
	99.69774	20.32632
	99.6984	20.32664
	99.69872	20.32669
	99.69905	20.32668
	99.69937	20.3266
	99.69999	20.32623
	99.70022	20.32618
	99.70083	20.32642
	99.70113	20.32648
	99.70185	20.32632
	99.70228	20.32632
	99.70277	20.3264
	99.70303	20.3265
	99.7035	20.32661
	99.704	20.32664
	99.70436	20.32648
	99.70476	20.32627
	99.70539	20.32617
	99.70571	20.32615
	99.70622	20.32621
	99.7065	20.32611
	99.70669	20.32594
	99.70716	20.32537
	99.7078	20.32479
	99.70839	20.32438
	99.70897	20.324
	99.7095	20.32372
	99.70982	20.32358
	99.71013	20.32363
	99.71039	20.32392
	99.71071	20.32462
	99.71094	20.32479
	99.7111	20.32513
	99.71114	20.32551
	99.71131	20.32608
	99.71145	20.3263
	99.71176	20.32665
	99.71194	20.32689
	99.71219	20.32712
	99.71253	20.32736
	99.71307	20.32792
	99.71333	20.3281
	99.71371	20.3284
	99.71408	20.3284
	99.71453	20.3283
	99.71505	20.32811
	99.71546	20.32799
	99.71583	20.32793
	99.71619	20.32782
	99.71645	20.32784
	99.71674	20.32799
	99.71723	20.32821
	99.71777	20.32851
	99.71846	20.32898
	99.7188	20.32925
	99.71936	20.32978
	99.71959	20.3302
	99.71993	20.33064
	99.71996	20.33084
	99.71994	20.33128
	99.71962	20.33172
	99.71945	20.33199
	99.7191	20.33226
	99.7188	20.33245
	99.71811	20.33314
	99.71796	20.33361
	99.71802	20.33453
	99.71816	20.3351
	99.71822	20.33544
	99.71839	20.33583
	99.71874	20.33676
	99.71874	20.33703
	99.71857	20.3375
	99.7183	20.33793
	99.71799	20.33855
	99.71776	20.33895
	99.7176	20.339
	99.71679	20.33918
	99.71668	20.33926
	99.71654	20.33973
	99.71663	20.33993
	99.71697	20.34029
	99.71734	20.34047
	99.71757	20.34061
	99.71788	20.34084
	99.7179	20.3411
	99.71745	20.34174
	99.71736	20.34192
	99.71754	20.3423
	99.71799	20.34242
	99.71843	20.34257
	99.71894	20.34267
	99.7193	20.34276
	99.71971	20.34294
	99.71982	20.34336
	99.72003	20.34368
	99.7206	20.34482
	99.72068	20.34526
	99.7209	20.34544
	99.7213	20.34561
	99.72156	20.34561
	99.72193	20.34553
	99.72237	20.34517
	99.72313	20.34488
	99.72393	20.34517
	99.72448	20.34549
	99.72471	20.34568
	99.72502	20.34577
	99.72536	20.34581
	99.72579	20.34604
	99.72622	20.34654
	99.72716	20.34678
	99.72774	20.34686
	99.7283	20.34726
	99.7285	20.34766
	99.72865	20.34823
	99.7288	20.34871
	99.72905	20.34894
	99.7295	20.34961
	99.73014	20.35012
	99.73059	20.34996
	99.73147	20.34932
	99.73317	20.34843
	99.73364	20.34804
	99.73422	20.34784
	99.7351	20.34766
	99.73553	20.34752
	99.73602	20.34682
	99.73619	20.34662
	99.73674	20.34651
	99.73708	20.3465
	99.7375	20.34634
	99.73782	20.34615
	99.73836	20.34601
	99.73867	20.346
	99.73896	20.34578
	99.73924	20.34546
	99.7395	20.34512
	99.73964	20.34489
	99.74	20.34502
	99.7404	20.34509
	99.74082	20.34509
	99.74131	20.34506
	99.74197	20.34506
	99.7423	20.34509
	99.74262	20.34526
	99.74282	20.3455
	99.74325	20.3457
	99.74358	20.3459
	99.74404	20.34607
	99.74427	20.34624
	99.74505	20.34573
	99.74542	20.34543
	99.7459	20.34519
	99.74657	20.34489
	99.74694	20.34456
	99.74736	20.34438
	99.74819	20.34389
	99.74861	20.34371
	99.74911	20.34367
	99.74956	20.34353
	99.74995	20.34336
	99.75027	20.34304
	99.75057	20.34289
	99.75177	20.34243
	99.75222	20.3422
	99.75257	20.34194
	99.75333	20.34158
	99.75386	20.34151
	99.75697	20.33987
	99.75764	20.33936
	99.75813	20.33911
	99.7583	20.33913
	99.75866	20.33945
	99.75874	20.3399
	99.75874	20.34057
	99.75901	20.34097
	99.7594	20.3414
	99.76003	20.34189
	99.76124	20.34235
	99.76283	20.34267
	99.76378	20.34265
	99.76431	20.34259
	99.76502	20.34238
	99.76647	20.34246
	99.76695	20.34222
	99.7681	20.34155
	99.76832	20.34155
	99.76958	20.34201
	99.77014	20.34198
	99.77066	20.34182
	99.77103	20.34159
	99.7718	20.34064
	99.77216	20.33985
	99.77238	20.33953
	99.77259	20.33936
	99.77348	20.33908
	99.77386	20.3388
	99.77432	20.33813
	99.77449	20.33771
	99.77497	20.33706
	99.77528	20.33675
	99.77567	20.33588
	99.77598	20.33593
	99.77719	20.3368
	99.77763	20.33682
	99.77783	20.33686
	99.77865	20.33688
	99.77899	20.33682
	99.77936	20.33667
	99.78165	20.33675
	99.78177	20.33662
	99.78215	20.33609
	99.78219	20.33601
	99.78232	20.33589
	99.78237	20.33596
	99.7839	20.33622
	99.78417	20.33667
	99.78606	20.33758
	99.78605	20.33762
	99.78616	20.33763
	99.78627	20.33762
	99.78667	20.33756
	99.78682	20.33759
	99.78713	20.33761
	99.7876	20.33762
	99.7877	20.33759
	99.78786	20.33768
	99.78855	20.33789
	99.78895	20.33796
	99.7894	20.33798
	99.78961	20.33797
	99.78993	20.33792
	99.79028	20.33783
	99.79055	20.33774
	99.79112	20.33744
	99.79134	20.33746
	99.79191	20.33743
	99.79208	20.33739
	99.79254	20.33723
	99.79274	20.33714
	99.79338	20.33665
	99.79352	20.33656
	99.79487	20.33683
	99.79499	20.33682
	99.79558	20.33663
	99.79586	20.33649
	99.79592	20.33655
	99.796	20.33656
	99.79725	20.33632
	99.79742	20.3362
	99.79859	20.33631
	99.7988	20.33621
	99.79938	20.33589
	99.79969	20.33568
	99.79984	20.33555
	99.79988	20.33549
	99.80113	20.33578
	99.8013	20.33585
	99.80151	20.3359
	99.80213	20.33663
	99.80257	20.33693
	99.8035	20.33728
	99.80357	20.33729
	99.80382	20.33746
	99.80412	20.33763
	99.80433	20.33773
	99.80465	20.33784
	99.80527	20.338
	99.80634	20.33817
	99.80685	20.33823
	99.80714	20.33823
	99.8074	20.33821
	99.80752	20.33824
	99.80874	20.33825
	99.80911	20.33814
	99.80938	20.33803
	99.81218	20.34036
	99.81226	20.34047
	99.81226	20.34064
	99.81223	20.34086
	99.81228	20.34114
	99.8126	20.34219
	99.81248	20.34332
	99.8183	20.34851
	99.82384	20.35334
	99.82676	20.35714
	99.82803	20.36376
	99.83265	20.37055
	99.83719	20.37431
	99.83928	20.3804
	99.84212	20.39017
	99.84329	20.39234
	99.84504	20.39336
	99.84491	20.39917
	99.84478	20.40603
	99.84992	20.41278
	99.8562	20.41621
	99.85952	20.42549
	99.85984	20.43228
	99.86194	20.44327
	99.8631	20.44403
	99.86365	20.44487
	99.86438	20.4452
	99.86497	20.44606
	99.86532	20.44613
	99.86614	20.44557
	99.86669	20.44562
	99.86781	20.44633
	99.86812	20.44634
	99.86837	20.44626
	99.86911	20.4462
	99.86942	20.44619
	99.86965	20.44609
	99.87064	20.44551
	99.87123	20.44525
	99.87147	20.44511
	99.87206	20.44453
	99.87275	20.44394
	99.87334	20.44386
	99.87399	20.44386
	99.87541	20.44427
	99.87617	20.44442
	99.87663	20.44439
	99.87708	20.44426
	99.87755	20.44432
	99.87797	20.44461
	99.87832	20.44477
	99.87892	20.44488
	99.87935	20.44483
	99.87984	20.44457
	99.8801	20.44449
	99.88137	20.44475
	99.88253	20.44495
	99.88287	20.44505
	99.88327	20.44527
	99.8834	20.44544
	99.88382	20.4458
	99.8841	20.44598
	99.88438	20.44609
	99.88469	20.44617
	99.885	20.44618
	99.88528	20.44615
	99.88553	20.44611
	99.88577	20.44604
	99.88634	20.44572
	99.88679	20.44531
	99.88698	20.44518
	99.88719	20.44507
	99.88747	20.44512
	99.88761	20.44518
	99.88776	20.44534
	99.88803	20.44569
	99.8882	20.4458
	99.88838	20.44586
	99.88857	20.44585
	99.88873	20.44571
	99.88896	20.44528
	99.88915	20.4451
	99.88942	20.44498
	99.88961	20.44492
	99.88975	20.44489
	99.89009	20.44489
	99.89039	20.44501
	99.89076	20.44528
	99.89102	20.44542
	99.89132	20.44547
	99.89216	20.44503
	99.89238	20.44469
	99.89286	20.44338
	99.89309	20.44305
	99.89332	20.44307
	99.89401	20.44364
	99.89426	20.44398
	99.89424	20.44459
	99.89401	20.44496
	99.89315	20.44574
	99.89315	20.44613
	99.89345	20.44646
	99.89377	20.44662
	99.89481	20.44642
	99.89531	20.4461
	99.89553	20.44616
	99.89567	20.44624
	99.89596	20.4466
	99.89637	20.44724
	99.89678	20.44762
	99.8969	20.44779
	99.89697	20.44861
	99.89711	20.44886
	99.89785	20.44887
	99.89825	20.44853
	99.89863	20.44811
	99.89887	20.44812
	99.89938	20.44831
	99.89955	20.44828
	99.90047	20.44739
	99.90059	20.44738
	99.90079	20.44743
	99.90089	20.44753
	99.90085	20.44789
	99.90093	20.44819
	99.90103	20.44825
	99.90121	20.44826
	99.90159	20.44805
	99.90186	20.44783
	99.90206	20.4478
	99.90229	20.4479
	99.90249	20.44815
	99.90278	20.44866
	99.90297	20.44871
	99.90313	20.44865
	99.9034	20.44833
	99.90351	20.44823
	99.90364	20.44822
	99.90463	20.44863
	99.90533	20.44919
	99.90599	20.44941
	99.90646	20.44921
	99.90684	20.44877
	99.90715	20.44877
	99.90735	20.44901
	99.90724	20.44981
	99.9074	20.44991
	99.90758	20.44995
	99.90814	20.44988
	99.90881	20.44958
	99.90902	20.44958
	99.90949	20.44974
	99.91014	20.4496
	99.91118	20.44978
	99.91232	20.44933
	99.91307	20.44956
	99.91383	20.4497
	99.91438	20.44943
	99.91482	20.44943
	99.91523	20.44963
	99.91577	20.4497
	99.91648	20.44939
	99.91632	20.44856
	99.91597	20.44815
	99.9163	20.44742
	99.91723	20.44717
	99.91848	20.44661
	99.91912	20.44661
	99.92002	20.44756
	99.9205	20.44748
	99.9208	20.44665
	99.92078	20.44605
	99.92085	20.44579
	99.92115	20.44558
	99.92137	20.44551
	99.92194	20.44578
	99.92254	20.44618
	99.92278	20.44671
	99.92286	20.44725
	99.92255	20.44784
	99.92254	20.44851
	99.92286	20.44877
	99.92341	20.44877
	99.92374	20.44864
	99.92414	20.44805
	99.92435	20.44805
	99.92458	20.44831
	99.92474	20.44882
	99.92502	20.44931
	99.92541	20.44947
	99.92586	20.44948
	99.92635	20.44964
	99.92638	20.4508
	99.92629	20.4512
	99.92647	20.45148
	99.9271	20.45175
	99.92803	20.45166
	99.92846	20.45207
	99.92846	20.45256
	99.92785	20.45273
	99.92791	20.45322
	99.92829	20.45374
	99.92898	20.45455
	99.92993	20.4549
	99.93123	20.45519
	99.93184	20.45577
	99.93248	20.45646
	99.93305	20.45646
	99.93349	20.45551
	99.93392	20.45453
	99.93479	20.45453
	99.93542	20.45479
	99.93615	20.45499
	99.93646	20.45545
	99.93771	20.45539
	99.93958	20.45554
	99.94083	20.45559
	99.94103	20.45687
	99.94198	20.45713
	99.94288	20.45689
	99.94363	20.45753
	99.94458	20.45741
	99.9462	20.45874
	99.94727	20.45926
	99.94802	20.46039
	99.94904	20.46092
	99.95046	20.46095
	99.95182	20.46139
	99.95209	20.46219
	99.95279	20.46237
	99.95332	20.46344
	99.95377	20.46388
	99.95453	20.4643
	99.95545	20.46458
	99.95565	20.46474
	99.95674	20.46444
	99.95779	20.46425
	99.95872	20.46452
	99.9599	20.46479
	99.96033	20.46483
	99.96095	20.46444
	99.96109	20.46383
	99.96053	20.46301
	99.96035	20.46221
	99.96056	20.46188
	99.96108	20.46204
	99.96201	20.46249
	99.96258	20.46316
	99.96319	20.46362
	99.96408	20.46386
	99.96514	20.46348
	99.96565	20.4627
	99.96554	20.46162
	99.96498	20.46036
	99.96369	20.45942
	99.96343	20.45871
	99.96414	20.45826
	99.96529	20.45839
	99.96588	20.45842
	99.96634	20.45801
	99.96695	20.4577
	99.96743	20.45812
	99.96769	20.45916
	99.96777	20.46029
	99.96867	20.46064
	99.96953	20.46037
	99.97002	20.45946
	99.97055	20.4583
	99.9702	20.45754
	99.96936	20.45773
	99.96835	20.45754
	99.96747	20.45698
	99.96656	20.45623
	99.96653	20.45506
	99.96755	20.45432
	99.9688	20.45429
	99.97044	20.45442
	99.9716	20.4544
	99.97216	20.45345
	99.97331	20.45236
	99.97449	20.45201
	99.97551	20.45147
	99.97616	20.4508
	99.97605	20.44988
	99.97524	20.44918
	99.97508	20.4483
	99.97564	20.4477
	99.97622	20.44785
	99.9764	20.4483
	99.9764	20.44906
	99.97719	20.4493
	99.97783	20.4492
	99.97861	20.44941
	99.97942	20.44941
	99.9797	20.44865
	99.97926	20.44802
	99.97859	20.44813
	99.97787	20.44773
	99.97779	20.44656
	99.97742	20.44524
	99.97655	20.44443
	99.97526	20.44439
	99.97462	20.44454
	99.97439	20.44396
	99.97478	20.44341
	99.97588	20.44343
	99.9773	20.44308
	99.97806	20.44222
	99.97912	20.44145
	99.98032	20.44161
	99.98129	20.44254
	99.9818	20.44306
	99.98258	20.44295
	99.98337	20.44233
	99.98297	20.44144
	99.9835	20.4386
	99.9842	20.43753
	99.98548	20.43683
	99.98622	20.43565
	99.98642	20.43444
	99.98655	20.43294
	99.98725	20.43264
	99.98835	20.43241
	99.98931	20.43169
	99.98949	20.43119
	99.98897	20.43048
	99.98836	20.43004
	99.98691	20.43006
	99.9858	20.43004
	99.98507	20.43025
	99.98467	20.42998
	99.98473	20.42944
	99.98547	20.42901
	99.98706	20.42888
	99.98841	20.42891
	99.98969	20.42821
	99.99006	20.42744
	99.98975	20.42641
	99.98954	20.42527
	99.99019	20.42417
	99.99053	20.42327
	99.99107	20.42313
	99.99222	20.42311
	99.99292	20.42256
	99.99433	20.42234
	99.99572	20.42203
	99.99629	20.42102
	99.99656	20.42021
	99.9961	20.4196
	99.9958	20.41888
	99.99597	20.41842
	99.99666	20.41847
	99.99723	20.41887
	99.99749	20.41948
	99.99828	20.41956
	99.99907	20.41939
	99.99943	20.41858
	99.99943	20.41765
	99.99949	20.41666
	99.99992	20.416
	100.0008	20.41581
	100.0015	20.41572
	100.0022	20.41587
	100.0028	20.41617
	100.0037	20.41617
	100.0042	20.41568
	100.0046	20.41499
	100.0045	20.41441
	100.0042	20.41376
	100.0036	20.41323
	100.0035	20.41281
	100.0041	20.41273
	100.0047	20.4129
	100.0055	20.41381
	100.0056	20.41424
	100.0055	20.41475
	100.0052	20.41529
	100.005	20.41582
	100.0051	20.41657
	100.0055	20.4171
	100.0061	20.41739
	100.0068	20.41756
	100.0072	20.41783
	100.0075	20.41837
	100.0077	20.41885
	100.0081	20.41918
	100.0087	20.41912
	100.0091	20.41874
	100.0092	20.41797
	100.0092	20.41721
	100.0093	20.41678
	100.0097	20.41655
	100.0104	20.41644
	100.011	20.41655
	100.0118	20.41709
	100.0122	20.41701
	100.0124	20.41655
	100.0124	20.41595
	100.0121	20.41538
	100.0115	20.41481
	100.0106	20.41426
	100.0103	20.41377
	100.0105	20.41323
	100.0111	20.41319
	100.0117	20.41334
	100.0122	20.41387
	100.0128	20.4144
	100.0133	20.41492
	100.0142	20.41501
	100.0151	20.41478
	100.0155	20.41442
	100.0158	20.41372
	100.0161	20.41315
	100.0164	20.41294
	100.0169	20.41292
	100.0172	20.41308
	100.0177	20.41339
	100.0183	20.41356
	100.0189	20.41337
	100.0192	20.41276
	100.0193	20.41206
	100.0192	20.41132
	100.0185	20.41083
	100.0178	20.41055
	100.0173	20.41027
	100.017	20.40988
	100.0171	20.40937
	100.0174	20.40903
	100.018	20.40866
	100.0184	20.40812
	100.0189	20.40781
	100.0194	20.4073
	100.0196	20.40665
	100.0198	20.40634
	100.02	20.40632
	100.0205	20.40646
	100.0212	20.40675
	100.0217	20.40676
	100.0222	20.40667
	100.0227	20.40653
	100.0234	20.40618
	100.0237	20.406
	100.0239	20.40618
	100.024	20.40644
	100.0237	20.40719
	100.0235	20.4078
	100.0236	20.40823
	100.0238	20.40853
	100.0242	20.40866
	100.0245	20.40863
	100.0247	20.40837
	100.0248	20.4078
	100.0247	20.40723
	100.0247	20.40662
	100.0248	20.40568
	100.0248	20.40459
	100.025	20.40415
	100.0255	20.4038
	100.026	20.40381
	100.0267	20.40398
	100.0273	20.4042
	100.0279	20.40419
	100.0285	20.4039
	100.0288	20.40359
	100.0289	20.40297
	100.0287	20.4019
	100.0287	20.40118
	100.029	20.40078
	100.0295	20.40042
	100.0303	20.40014
	100.0308	20.39994
	100.0314	20.39996
	100.0317	20.4001
	100.032	20.40053
	100.0325	20.4019
	100.0327	20.40233
	100.0331	20.40261
	100.0334	20.40274
	100.0337	20.40278
	100.034	20.40259
	100.0342	20.40233
	100.0343	20.40191
	100.0342	20.40134
	100.034	20.40107
	100.0337	20.40073
	100.0332	20.4005
	100.0326	20.40052
	100.0324	20.40033
	100.0323	20.39963
	100.0326	20.39916
	100.0332	20.39886
	100.0337	20.39892
	100.0343	20.39933
	100.0348	20.40001
	100.0352	20.40137
	100.0356	20.40194
	100.0361	20.4022
	100.0364	20.40222
	100.0368	20.40206
	100.0368	20.4017
	100.0366	20.4011
	100.0365	20.40057
	100.0361	20.39982
	100.0359	20.39914
	100.0357	20.39814
	100.0358	20.39754
	100.036	20.39701
	100.0369	20.39616
	100.0376	20.39593
	100.0385	20.3959
	100.0392	20.3956
	100.0396	20.3951
	100.0397	20.39437
	100.0393	20.39332
	100.0396	20.39281
	100.04	20.39286
	100.0404	20.39329
	100.041	20.39349
	100.0413	20.39397
	100.0415	20.39459
	100.0414	20.39517
	100.0407	20.39742
	100.0407	20.39819
	100.0411	20.39863
	100.0418	20.39871
	100.0427	20.39843
	100.0437	20.39762
	100.0442	20.39683
	100.0443	20.39555
	100.0441	20.39396
	100.0442	20.39267
	100.0449	20.39184
	100.0459	20.39153
	100.0469	20.39167
	100.0494	20.39304
	100.0503	20.39331
	100.0514	20.39322
	100.052	20.39287
	100.0524	20.39207
	100.0529	20.39051
	100.0531	20.38847
	100.0538	20.38774
	100.0545	20.38752
	100.0551	20.38772
	100.056	20.38905
	100.0564	20.39018
	100.0564	20.39095
	100.0559	20.39229
	100.055	20.39376
	100.055	20.39498
	100.0555	20.39573
	100.0565	20.39619
	100.0573	20.39648
	100.0581	20.39652
	100.0589	20.39641
	100.0596	20.39619
	100.0604	20.39552
	100.0606	20.39472
	100.0613	20.39257
	100.062	20.39199
	100.0628	20.39179
	100.0635	20.39153
	100.0638	20.39106
	100.0639	20.39045
	100.0637	20.39
	100.0632	20.38948
	100.0629	20.38891
	100.0629	20.38787
	100.063	20.38692
	100.0629	20.38607
	100.0631	20.38562
	100.0636	20.38517
	100.0645	20.3849
	100.0654	20.38507
	100.0667	20.38561
	100.0677	20.38665
	100.0682	20.38737
	100.0689	20.38887
	100.0695	20.38967
	100.0702	20.38993
	100.0709	20.38995
	100.0716	20.38967
	100.0719	20.38913
	100.0721	20.38846
	100.0721	20.38789
	100.0719	20.38716
	100.0712	20.38626
	100.0705	20.3856
	100.0699	20.38481
	100.0695	20.38421
	100.0688	20.38348
	100.068	20.38295
	100.0673	20.38263
	100.0664	20.38249
	100.0658	20.38223
	100.0656	20.38171
	100.0657	20.38092
	100.0661	20.38023
	100.0669	20.37952
	100.0674	20.37883
	100.0676	20.37819
	100.0678	20.37737
	100.0676	20.37693
	100.0673	20.37637
	100.0666	20.37551
	100.0665	20.37507
	100.0668	20.37476
	100.0674	20.37445
	100.0679	20.37436
	100.0687	20.37433
	100.0693	20.37437
	100.0702	20.37454
	100.071	20.37508
	100.072	20.37591
	100.074	20.37702
	100.0748	20.37772
	100.0756	20.37864
	100.0761	20.37979
	100.0767	20.38063
	100.0774	20.38077
	100.0781	20.38067
	100.0786	20.38032
	100.0788	20.3799
	100.0789	20.37884
	100.0783	20.37743
	100.0776	20.37646
	100.077	20.37542
	100.0766	20.37458
	100.0766	20.37405
	100.0768	20.37378
	100.0773	20.37358
	100.0783	20.37343
	100.0791	20.37302
	100.0798	20.37245
	100.0801	20.37193
	100.0803	20.37109
	100.0807	20.37027
	100.0813	20.36964
	100.082	20.36917
	100.0829	20.36894
	100.0839	20.36898
	100.0848	20.36911
	100.0853	20.36909
	100.0856	20.36896
	100.0858	20.36873
	100.0858	20.36802
	100.0856	20.36762
	100.0853	20.36725
	100.0847	20.36695
	100.084	20.36689
	100.0832	20.36694
	100.0821	20.36665
	100.0812	20.36628
	100.08	20.36559
	100.0795	20.36513
	100.0791	20.3644
	100.0789	20.36363
	100.0789	20.36273
	100.0791	20.36201
	100.0797	20.36092
	100.0802	20.36013
	100.0806	20.35944
	100.0807	20.35865
	100.0807	20.35709
	100.081	20.35634
	100.082	20.35534
	100.0825	20.35468
	100.0833	20.35384
	100.0852	20.35214
	100.086	20.34744
	100.092	20.33251
	100.0978	20.31777
	100.0983	20.31648
	100.0944	20.28503
	100.0917	20.26984
	100.0949	20.26366
	100.104	20.25532
	100.1101	20.25122
	100.1212	20.24912
	100.1224	20.2489
	100.1305	20.24831
	100.1437	20.24735
	100.161	20.24451
	100.1616	20.24458
	100.17	20.24562
	100.1723	20.24639
	100.1728	20.24656
	100.1733	20.24715
	100.1742	20.24825
	100.1744	20.2487
	100.1752	20.25043
	100.1768	20.25665
	100.1758	20.26175
	100.169	20.27712
	100.1682	20.28925
	100.1671	20.29753
	100.1683	20.29951
	100.1725	20.30347
	100.1784	20.30645
	100.2008	20.31046
	100.2158	20.31396
	100.2196	20.31495
	100.2228	20.31809
	100.2249	20.3207
	100.2258	20.32341
	100.2262	20.32463
	100.2265	20.32537
	100.2275	20.32787
	100.2293	20.3326
	100.229	20.33481
	100.2275	20.34393
	100.2251	20.34919
	100.2256	20.35379
	100.2275	20.35742
	100.2301	20.36015
	100.2352	20.36246
	100.2412	20.36518
	100.2469	20.37011
	100.2489	20.37292
	100.2498	20.37815
	100.2508	20.38134
	100.2578	20.3918
	100.2595	20.39469
	100.266	20.39872
	100.2722	20.4006
	100.2768	20.40146
	100.2952	20.39988
	100.2985	20.39959
	100.2995	20.3997
	100.3073	20.40057
	100.3136	20.40156
	100.3243	20.39897
	100.3305	20.39923
	100.3315	20.39927
	100.3364	20.39424
	100.3458	20.38538
	100.3512	20.38142
	100.3559	20.37816
	100.36	20.37091
	100.3594	20.36553
	100.3594	20.36547
	100.3591	20.36087
	100.3595	20.35958
	100.3599	20.35827
	100.3609	20.35738
	100.3618	20.35656
	100.3681	20.35557
	100.3714	20.35454
	100.3736	20.35314
	100.3758	20.35033
	100.3762	20.3485
	100.3762	20.34656
	100.3761	20.34414
	100.3761	20.34102
	100.3761	20.3394
	100.3769	20.33608
	100.3777	20.33192
	100.3797	20.32865
	100.3811	20.32451
	100.3824	20.32191
	100.3824	20.32166
	100.3824	20.32058
	100.3838	20.31167
	100.3869	20.30877
	100.3888	20.30692
	100.3894	20.30634
	100.394	20.29684
	100.3996	20.29
	100.4025	20.28707
	100.4053	20.28375
	100.4086	20.27365
	100.4096	20.26569
	100.413	20.25973
	100.4153	20.25522
	100.4226	20.24966
	100.4255	20.24744
	100.4275	20.24646
	100.4317	20.2444
	100.4389	20.24188
	100.4408	20.24122
	100.443	20.23985
	100.4487	20.23633
	100.4547	20.22585
	100.4555	20.21933
	100.4538	20.21109
	100.4531	20.20441
	100.4537	20.20139
	100.4551	20.19914
	100.4567	20.19804
	100.4663	20.19751
	100.4794	20.18872
	100.4804	20.18572
	100.4819	20.18346
	100.485	20.18219
	100.488	20.17982
	100.4988	20.16436
	100.5048	20.15552
	100.5089	20.15211
	100.5094	20.1517
	100.5141	20.14815
	100.5201	20.14454
	100.5239	20.14386
	100.5272	20.14402
	100.5297	20.14559
	100.5318	20.14872
	100.5351	20.15367
	100.5464	20.17186
	100.5521	20.17692
	100.5557	20.17695
	100.5575	20.17697
	100.5592	20.17675
	100.562	20.17637
	100.565	20.17672
	100.5732	20.1723
	100.5779	20.16889
	100.5871	20.15845
	100.5834	20.15679
	100.58	20.15528
	100.5792	20.15386
	100.5789	20.15333
	100.5786	20.15274
	100.5775	20.15056
	100.5764	20.14778
	100.575	20.14472
	100.5744	20.14167
	100.5736	20.13833
	100.5733	20.13472
	100.5728	20.13111
	100.5726	20.12878
	100.5725	20.1275
	100.5722	20.12389
	100.5719	20.12028
	100.5719	20.11639
	100.5719	20.11222
	100.5719	20.10833
	100.5722	20.10444
	100.5722	20.10028
	100.5719	20.09667
	100.5717	20.09306
	100.5708	20.08972
	100.57	20.08667
	100.5699	20.0854
	100.5697	20.08306
	100.5693	20.08204
	100.5686	20.08028
	100.5678	20.07694
	100.5669	20.07389
	100.5656	20.07083
	100.565	20.06778
	100.5636	20.065
	100.5625	20.06222
	100.5614	20.05917
	100.5609	20.05819
	100.56	20.05639
	100.5589	20.05361
	100.5581	20.05028
	100.5569	20.0475
	100.5564	20.04389
	100.5564	20.04388
	100.5558	20.04083
	100.555	20.0375
	100.5547	20.03401
	100.5547	20.03389
	100.5539	20.03056
	100.5533	20.02694
	100.5528	20.02389
	100.5519	20.02056
	100.5511	20.0175
	100.55	20.01444
	100.5493	20.0118
	100.5492	20.01139
	100.5478	20.00861
	100.5473	20.00734
	100.5467	20.00583
	100.5456	20.00278
	100.5442	20.0
	100.5431	19.99722
	100.5419	19.99444
	100.5406	19.99167
	100.54	19.98833
	100.5389	19.98615
	100.5386	19.98556
	100.5375	19.98278
	100.5367	19.97944
	100.5353	19.97667
	100.5347	19.97333
	100.5336	19.97056
	100.5322	19.96778
	100.5311	19.965
	100.5294	19.9625
	100.5281	19.95972
	100.5277	19.95872
	100.5269	19.95667
	100.5253	19.95444
	100.5242	19.95167
	100.5228	19.94861
	100.5217	19.94583
	100.52	19.94278
	100.5192	19.93944
	100.5183	19.93611
	100.5178	19.93306
	100.5169	19.92972
	100.5167	19.92611
	100.5163	19.92371
	100.5161	19.9225
	100.5164	19.91869
	100.5164	19.91861
	100.5164	19.91444
	100.5161	19.91083
	100.5156	19.90722
	100.5153	19.90361
	100.5147	19.90056
	100.5139	19.89722
	100.5131	19.89389
	100.5122	19.89083
	100.5114	19.8875
	100.5103	19.88472
	100.5092	19.88194
	100.5078	19.87917
	100.5061	19.87667
	100.5057	19.87627
	100.5042	19.87472
	100.5025	19.87222
	100.5003	19.87028
	100.4983	19.86806
	100.4961	19.86611
	100.4936	19.86444
	100.4911	19.86278
	100.4886	19.86111
	100.4874	19.86031
	100.4861	19.85944
	100.4833	19.85806
	100.4803	19.85694
	100.4774	19.85565
	100.4772	19.85556
	100.4739	19.85472
	100.4706	19.85389
	100.4672	19.85306
	100.4652	19.85213
	100.4642	19.85167
	100.4611	19.85056
	100.4583	19.84917
	100.4561	19.84722
	100.4544	19.84472
	100.4528	19.84222
	100.4525	19.84083
	100.4511	19.83778
	100.4506	19.83472
	100.45	19.83111
	100.4494	19.82778
	100.4489	19.82417
	100.4483	19.82083
	100.4475	19.81778
	100.4461	19.815
	100.4444	19.8125
	100.4428	19.81
	100.4414	19.8075
	100.4397	19.80528
	100.4394	19.80478
	100.4395	19.80451
	100.4396	19.80425
	100.4397	19.80329
	100.4397	19.80311
	100.4396	19.80283
	100.4395	19.80266
	100.4395	19.80252
	100.4395	19.80241
	100.4395	19.80224
	100.4395	19.802
	100.4394	19.80174
	100.4395	19.80154
	100.4396	19.80137
	100.4397	19.80096
	100.4397	19.8008
	100.4398	19.80034
	100.4398	19.80014
	100.4397	19.79983
	100.4397	19.79967
	100.4396	19.79938
	100.4395	19.79919
	100.4394	19.79888
	100.4393	19.79865
	100.439	19.79831
	100.4388	19.79813
	100.4388	19.79811
	100.4377	19.7969
	100.4375	19.79672
	100.4365	19.79569
	100.4364	19.79559
	100.436	19.79518
	100.4358	19.795
	100.4355	19.79479
	100.4352	19.79456
	100.435	19.79447
	100.4348	19.79433
	100.4344	19.79415
	100.4341	19.79407
	100.4335	19.79399
	100.4332	19.79399
	100.4329	19.79402
	100.4326	19.79381
	100.4322	19.79357
	100.4321	19.79349
	100.4319	19.79338
	100.4316	19.79321
	100.4314	19.79315
	100.4305	19.79305
	100.4304	19.79306
	100.4301	19.79318
	100.4283	19.79167
	100.4264	19.78972
	100.4247	19.78722
	100.423	19.78572
	100.4225	19.78528
	100.4206	19.78306
	100.4196	19.78209
	100.4186	19.78111
	100.4164	19.77917
	100.4147	19.77667
	100.4125	19.77417
	100.4111	19.77167
	100.4094	19.76917
	100.4078	19.76694
	100.4061	19.76444
	100.4053	19.76111
	100.4044	19.75806
	100.4042	19.75444
	100.4047	19.75083
	100.4053	19.74722
	100.4058	19.74361
	100.4067	19.74028
	100.4081	19.7375
	100.4089	19.73444
	100.4108	19.73194
	100.411	19.73145
	100.4119	19.72917
	100.4129	19.72805
	100.4139	19.72694
	100.4156	19.72444
	100.4172	19.72222
	100.4194	19.72028
	100.4217	19.71833
	100.4233	19.71583
	100.4256	19.71389
	100.4258	19.7136
	100.4272	19.71167
	100.4294	19.70972
	100.4314	19.70722
	100.4328	19.70444
	100.4339	19.70167
	100.4344	19.69806
	100.4336	19.69472
	100.4328	19.69167
	100.4322	19.68833
	100.4314	19.68528
	100.4306	19.68194
	100.4303	19.67833
	100.4303	19.67444
	100.4308	19.67083
	100.4313	19.66898
	100.4317	19.6675
	100.4331	19.66472
	100.4342	19.66167
	100.4358	19.65917
	100.4368	19.6572
	100.4372	19.65639
	100.4389	19.65417
	100.4403	19.65139
	100.4415	19.64952
	100.4419	19.64889
	100.4421	19.64824
	100.4428	19.64583
	100.4431	19.6449
	100.4439	19.6425
	100.4444	19.63889
	100.4444	19.635
	100.4444	19.63111
	100.4456	19.62778
	100.4469	19.625
	100.4486	19.6225
	100.4503	19.62028
	100.4522	19.61778
	100.4542	19.61583
	100.4569	19.61444
	100.4592	19.6125
	100.4611	19.61056
	100.4639	19.60889
	100.4661	19.60694
	100.4666	19.60645
	100.4681	19.605
	100.47	19.6025
	100.4719	19.60056
	100.4739	19.59833
	100.4761	19.59639
	100.4778	19.59389
	100.4794	19.59167
	100.4811	19.58917
	100.4822	19.58611
	100.4836	19.58333
	100.4844	19.58
	100.4856	19.57694
	100.4858	19.57333
	100.4861	19.56917
	100.4856	19.56556
	100.4852	19.56347
	100.485	19.5625
	100.4842	19.55917
	100.4839	19.55556
	100.4833	19.55194
	100.4836	19.54806
	100.4844	19.54472
	100.4858	19.54194
	100.4881	19.54
	100.4897	19.53778
	100.4908	19.53704
	100.4922	19.53611
	100.4944	19.53417
	100.4967	19.53222
	100.4987	19.53046
	100.4989	19.53028
	100.5014	19.52861
	100.5036	19.52667
	100.5061	19.52528
	100.5086	19.52361
	100.5114	19.52222
	100.5136	19.52028
	100.5164	19.51889
	100.5188	19.51852
	100.52	19.51833
	100.5229	19.51854
	100.5239	19.51861
	100.5255	19.51885
	100.5275	19.51917
	100.5314	19.51972
	100.5327	19.51991
	100.5353	19.52028
	100.5381	19.51917
	100.5398	19.51854
	100.5411	19.51806
	100.5439	19.51639
	100.5455	19.51531
	100.5464	19.51472
	100.5489	19.51333
	100.5517	19.51167
	100.5537	19.50991
	100.5539	19.50972
	100.5542	19.50952
	100.5564	19.50806
	100.5586	19.50611
	100.5606	19.50417
	100.5613	19.50354
	100.5628	19.50222
	100.565	19.50028
	100.5672	19.49833
	100.5694	19.49639
	100.5719	19.49472
	100.575	19.49361
	100.5751	19.49359
	100.5783	19.49306
	100.5828	19.49306
	100.5837	19.49351
	100.5856	19.49444
	100.5886	19.49556
	100.5911	19.49722
	100.5922	19.5
	100.5933	19.50306
	100.5947	19.50583
	100.5958	19.50861
	100.5975	19.51111
	100.5986	19.51389
	100.6003	19.51639
	100.6025	19.51833
	100.6042	19.52083
	100.6051	19.52222
	100.6058	19.52333
	100.6069	19.52611
	100.6081	19.52889
	100.6094	19.53167
	100.6106	19.53444
	100.6118	19.53631
	100.6122	19.53694
	100.613	19.53813
	100.6139	19.53944
	100.6156	19.54194
	100.6164	19.54265
	100.6178	19.54389
	100.6195	19.5449
	100.6206	19.54556
	100.6236	19.54694
	100.6269	19.54778
	100.6303	19.54861
	100.6339	19.54944
	100.6367	19.55056
	100.6381	19.55104
	100.64	19.55167
	100.6439	19.55194
	100.6481	19.55222
	100.6519	19.55167
	100.6544	19.55028
	100.6575	19.54917
	100.6603	19.5475
	100.6631	19.54639
	100.6658	19.54472
	100.6689	19.54361
	100.6717	19.5425
	100.6753	19.54194
	100.6774	19.54142
	100.6786	19.54111
	100.6816	19.54035
	100.6819	19.54028
	100.682	19.54025
	100.685	19.53917
	100.6881	19.53806
	100.6911	19.53694
	100.6942	19.53583
	100.6969	19.53472
	100.7	19.53361
	100.7031	19.53222
	100.7056	19.53083
	100.7086	19.52972
	100.7117	19.52861
	100.7144	19.52761
	100.7147	19.5275
	100.7172	19.52583
	100.7203	19.52472
	100.7223	19.52421
	100.7236	19.52389
	100.7261	19.5225
	100.7289	19.52083
	100.7306	19.52015
	100.7317	19.51972
	100.7347	19.51861
	100.7378	19.5175
	100.7393	19.51681
	100.7408	19.51611
	100.7426	19.51546
	100.7439	19.515
	100.7452	19.51427
	100.7464	19.51361
	100.7494	19.5125
	100.7519	19.51083
	100.7547	19.50917
	100.7567	19.50722
	100.7586	19.505
	100.7603	19.5025
	100.7619	19.50028
	100.7636	19.49778
	100.7653	19.495
	100.7669	19.49278
	100.7683	19.49
	100.77	19.4875
	100.7722	19.48556
	100.7753	19.48444
	100.7781	19.48556
	100.78	19.48778
	100.7817	19.49028
	100.7833	19.4925
	100.7847	19.49556
	100.7849	19.49583
	100.7864	19.49778
	100.7883	19.5
	100.7898	19.50127
	100.7906	19.50194
	100.7925	19.50389
	100.7947	19.50611
	100.7972	19.50778
	100.7992	19.50972
	100.8019	19.51139
	100.8039	19.51333
	100.8064	19.515
	100.8089	19.51667
	100.8111	19.51889
	100.8136	19.52056
	100.8156	19.5225
	100.8175	19.52444
	100.8194	19.52694
	100.8214	19.52889
	100.8236	19.53111
	100.8248	19.53229
	100.8256	19.53306
	100.8278	19.53528
	100.8297	19.53722
	100.8317	19.53917
	100.8333	19.54167
	100.8356	19.54361
	100.8378	19.54583
	100.8386	19.54666
	100.8397	19.54778
	100.8419	19.54972
	100.8439	19.55194
	100.846	19.55379
	100.8461	19.55389
	100.8481	19.55583
	100.8503	19.55806
	100.8522	19.56
	100.8525	19.56045
	100.8539	19.5625
	100.8561	19.56444
	100.8581	19.56667
	100.8597	19.56889
	100.8617	19.57111
	100.8633	19.57361
	100.8656	19.57556
	100.8668	19.57679
	100.8675	19.5775
	100.8694	19.58
	100.8708	19.5825
	100.8731	19.58444
	100.8747	19.58694
	100.8764	19.58944
	100.8783	19.59139
	100.88	19.59389
	100.8817	19.59639
	100.8839	19.59833
	100.8856	19.60083
	100.8872	19.60306
	100.8883	19.60611
	100.8894	19.60889
	100.8908	19.61167
	100.8919	19.61444
	100.8931	19.61722
	100.8947	19.61972
	100.8972	19.62139
	100.8997	19.62306
	100.9036	19.62361
	100.9064	19.62341
	100.9075	19.62333
	100.9097	19.62111
	100.9122	19.61972
	100.9156	19.61889
	100.9184	19.61785
	100.9186	19.61778
	100.9222	19.61722
	100.9264	19.61722
	100.9303	19.61778
	100.9344	19.61778
	100.9383	19.61833
	100.9391	19.61847
	100.9417	19.61889
	100.9456	19.61944
	100.9494	19.62
	100.9514	19.62049
	100.9528	19.62083
	100.9564	19.62139
	100.9608	19.62139
	100.9639	19.62028
	100.9658	19.61833
	100.9681	19.61639
	100.9708	19.61472
	100.9717	19.61465
	100.9744	19.61444
	100.9781	19.61528
	100.9808	19.61667
	100.9839	19.61778
	100.9839	19.61779
	100.9867	19.61917
	100.9903	19.62
	100.992	19.61987
	100.9939	19.61972
	100.9975	19.61889
	101.0006	19.61778
	101.0033	19.61667
	101.0069	19.61583
	101.0108	19.61639
	101.0144	19.61667
	101.0163	19.6171
	101.0181	19.6175
	101.0214	19.61833
	101.025	19.61889
	101.0286	19.61972
	101.0311	19.61953
	101.0322	19.61944
	101.0333	19.61919
	101.0358	19.61861
	101.0389	19.6175
	101.0414	19.61611
	101.0427	19.61562
	101.0444	19.615
	101.0469	19.61333
	101.0494	19.61167
	101.0515	19.61091
	101.0525	19.61056
	101.0556	19.60944
	101.0564	19.60899
	101.0581	19.60806
	101.0608	19.60639
	101.0636	19.60528
	101.0658	19.60333
	101.0681	19.60139
	101.0703	19.59944
	101.0724	19.59754
	101.0734	19.59752
	101.0756	19.59748
	101.0792	19.59713
	101.0829	19.59714
	101.0849	19.59714
	101.0867	19.59607
	101.088	19.59228
	101.0883	19.58833
	101.0906	19.58639
	101.0922	19.58417
	101.0939	19.58167
	101.0961	19.57972
	101.0983	19.57778
	101.1008	19.57611
	101.1022	19.5756
	101.1039	19.575
	101.1069	19.57389
	101.1094	19.57222
	101.1119	19.57083
	101.115	19.56972
	101.1154	19.56963
	101.1186	19.56889
	101.1208	19.56802
	101.1214	19.56778
	101.1253	19.56833
	101.128	19.56853
	101.1292	19.56861
	101.131	19.56889
	101.1328	19.56917
	101.1367	19.56972
	101.1376	19.56979
	101.1406	19.57
	101.1444	19.57056
	101.1486	19.57056
	101.1506	19.57068
	101.1531	19.57083
	101.1548	19.57097
	101.1567	19.57111
	101.1606	19.57167
	101.1644	19.57222
	101.1686	19.57222
	101.1728	19.57222
	101.1772	19.57222
	101.1787	19.57211
	101.1808	19.57194
	101.1839	19.57083
	101.1869	19.56972
	101.19	19.56861
	101.1918	19.56848
	101.1939	19.56833
	101.1957	19.5685
	101.1969	19.56861
	101.1981	19.56995
	101.1989	19.57083
	101.1998	19.57313
	101.2	19.57361
	101.2014	19.57639
	101.2025	19.57917
	101.2036	19.58194
	101.2056	19.58444
	101.2072	19.58694
	101.2086	19.58944
	101.2108	19.59139
	101.2128	19.59333
	101.2164	19.59417
	101.2191	19.59551
	101.2192	19.59556
	101.2236	19.59556
	101.2252	19.59544
	101.2275	19.59528
	101.2308	19.59444
	101.2342	19.59389
	101.2378	19.59306
	101.2401	19.59248
	101.2411	19.59222
	101.2432	19.5917
	101.2444	19.59139
	101.2475	19.59028
	101.2508	19.58972
	101.2539	19.58861
	101.2556	19.58747
	101.2564	19.58694
	101.2589	19.58528
	101.2619	19.58417
	101.2647	19.58278
	101.2667	19.58083
	101.2694	19.57917
	101.2717	19.57722
	101.2736	19.57528
	101.2758	19.57333
	101.2778	19.57083
	101.2786	19.56881
	101.2789	19.56806
	101.2803	19.56528
	101.2811	19.56222
	101.2814	19.56041
	101.2817	19.55861
	101.2814	19.555
	101.2806	19.55167
	101.2803	19.54806
	101.2797	19.54444
	101.2803	19.54083
	101.2811	19.53778
	101.2822	19.53444
	101.2825	19.53368
	101.2833	19.53167
	101.2844	19.52861
	101.2853	19.52528
	101.2853	19.52139
	101.285	19.51778
	101.2843	19.51615
	101.2838	19.51499
	101.2834	19.51451
	101.2829	19.51392
	101.2822	19.5125
	101.2808	19.50972
	101.2789	19.5075
	101.2772	19.50528
	101.2758	19.50222
	101.2744	19.5
	101.2731	19.49694
	101.2722	19.49389
	101.2717	19.49056
	101.2714	19.48869
	101.2711	19.48694
	101.2708	19.48333
	101.27	19.48028
	101.2689	19.47722
	101.2667	19.47528
	101.2642	19.47361
	101.2611	19.4725
	101.2582	19.47153
	101.2578	19.47139
	101.2572	19.47134
	101.2542	19.47111
	101.2497	19.47111
	101.2456	19.47083
	101.2411	19.47083
	101.2369	19.47083
	101.2331	19.47028
	101.233	19.47027
	101.2294	19.46972
	101.2258	19.46889
	101.2222	19.46861
	101.2192	19.46722
	101.2179	19.4667
	101.2164	19.46611
	101.2142	19.46389
	101.2119	19.46194
	101.2106	19.45944
	101.2094	19.45639
	101.2094	19.45622
	101.2092	19.45278
	101.2094	19.44861
	101.2094	19.44472
	101.21	19.44111
	101.2108	19.43778
	101.2108	19.43389
	101.2111	19.42972
	101.2111	19.42667
	101.2106	19.42306
	101.2103	19.41944
	101.21	19.41583
	101.2094	19.41222
	101.2089	19.40889
	101.2086	19.40528
	101.2078	19.40222
	101.2064	19.39917
	101.2057	19.39742
	101.2053	19.39639
	101.2042	19.39361
	101.2028	19.39083
	101.2019	19.3875
	101.2011	19.38444
	101.2014	19.38028
	101.2011	19.37667
	101.2011	19.37278
	101.2011	19.36889
	101.2011	19.36472
	101.2014	19.36083
	101.2019	19.35722
	101.2025	19.35389
	101.2042	19.35111
	101.2061	19.34917
	101.2083	19.34722
	101.2114	19.34611
	101.2144	19.345
	101.2172	19.34389
	101.2211	19.34333
	101.2247	19.34278
	101.2281	19.34194
	101.2306	19.34028
	101.2336	19.33917
	101.2361	19.33778
	101.2383	19.33556
	101.2406	19.33389
	101.2414	19.33056
	101.2419	19.32694
	101.2419	19.32361
	101.2408	19.32083
	101.2392	19.31861
	101.2375	19.31611
	101.2353	19.31389
	101.2345	19.31186
	101.2342	19.31111
	101.2333	19.30806
	101.2331	19.30444
	101.2325	19.30083
	101.2331	19.29722
	101.2344	19.29444
	101.2353	19.29111
	101.2367	19.28833
	101.2381	19.28556
	101.2386	19.28428
	101.2392	19.28278
	101.2403	19.27972
	101.2417	19.27694
	101.2425	19.27361
	101.2433	19.27056
	101.2442	19.26722
	101.2449	19.26529
	101.2453	19.26417
	101.2461	19.26083
	101.2469	19.25778
	101.2483	19.255
	101.2497	19.25222
	101.2511	19.24944
	101.2522	19.24667
	101.2533	19.24333
	101.2542	19.24028
	101.255	19.23694
	101.2556	19.23333
	101.2558	19.23182
	101.2561	19.22972
	101.2567	19.22611
	101.2569	19.2225
	101.2572	19.21861
	101.2572	19.21444
	101.2569	19.21083
	101.2564	19.20722
	101.2563	19.20594
	101.2561	19.20361
	101.2558	19.2
	101.2558	19.19611
	101.2556	19.1925
	101.2547	19.18917
	101.2544	19.18556
	101.2542	19.18194
	101.2536	19.17833
	101.2528	19.17528
	101.2525	19.17167
	101.2525	19.1675
	101.2525	19.16361
	101.2531	19.16
	101.2536	19.15639
	101.2542	19.15278
	101.2547	19.14917
	101.2553	19.14556
	101.2556	19.14194
	101.2561	19.13833
	101.2567	19.13472
	101.2575	19.13167
	101.2583	19.12833
	101.2603	19.12611
	101.2622	19.12417
	101.265	19.1225
	101.2669	19.12056
	101.2697	19.11889
	101.2704	19.11849
	101.2722	19.1175
	101.2738	19.11693
	101.2753	19.11639
	101.2778	19.11472
	101.2803	19.11306
	101.2825	19.11111
	101.285	19.10972
	101.2872	19.1075
	101.2895	19.10635
	101.29	19.10611
	101.2919	19.10417
	101.2944	19.10222
	101.2967	19.10028
	101.2989	19.09833
	101.3014	19.09667
	101.3036	19.09472
	101.3058	19.09278
	101.3075	19.09028
	101.3092	19.08806
	101.3114	19.08611
	101.3131	19.08361
	101.315	19.08111
	101.3169	19.07917
	101.3197	19.07778
	101.3222	19.07611
	101.3247	19.07444
	101.3275	19.07306
	101.3299	19.07146
	101.33	19.07139
	101.3322	19.06944
	101.3342	19.0675
	101.3369	19.06556
	101.3392	19.06361
	101.3411	19.06167
	101.3427	19.06071
	101.3439	19.06
	101.3458	19.05806
	101.3481	19.05611
	101.3503	19.05417
	101.3519	19.05167
	101.3533	19.04889
	101.3547	19.04611
	101.3547	19.04222
	101.3544	19.03861
	101.3528	19.03611
	101.3511	19.03389
	101.3494	19.03139
	101.3481	19.02833
	101.3469	19.02556
	101.3461	19.0225
	101.3453	19.01917
	101.3442	19.01639
	101.3428	19.01361
	101.3408	19.01139
	101.3386	19.00944
	101.3367	19.0075
	101.3342	19.00583
	101.3317	19.00417
	101.3301	19.00345
	101.3286	19.00278
	101.3273	19.00192
	101.3261	19.00111
	101.3236	18.99972
	101.3211	18.99806
	101.3186	18.99639
	101.3167	18.99417
	101.3144	18.99222
	101.3122	18.99028
	101.3108	18.98778
	101.3086	18.98583
	101.308	18.98514
	101.3067	18.98361
	101.3044	18.98167
	101.3021	18.98072
	101.3002	18.98063
	101.2982	18.98054
	101.2953	18.98023
	101.2944	18.97959
	101.2939	18.97868
	101.2936	18.97688
	101.2936	18.97629
	101.2936	18.97574
	101.2937	18.97541
	101.2944	18.97446
	101.2954	18.97356
	101.2955	18.97336
	101.2961	18.97217
	101.2962	18.97168
	101.2963	18.97122
	101.2957	18.97021
	101.2953	18.96973
	101.2952	18.96921
	101.295	18.96872
	101.2947	18.96699
	101.2947	18.96644
	101.2947	18.96624
	101.2947	18.96543
	101.295	18.96493
	101.2956	18.96447
	101.2964	18.96338
	101.2968	18.96241
	101.2976	18.95969
	101.2979	18.95907
	101.2981	18.95717
	101.2989	18.95422
	101.2988	18.95357
	101.2986	18.95328
	101.2957	18.95137
	101.2956	18.95108
	101.2956	18.95079
	101.296	18.95006
	101.2964	18.94944
	101.2966	18.94911
	101.2975	18.94786
	101.298	18.94648
	101.2983	18.9454
	101.2985	18.94432
	101.2984	18.94309
	101.2984	18.94306
	101.2983	18.94228
	101.298	18.94098
	101.2976	18.94
	101.2971	18.93903
	101.2965	18.93812
	101.2961	18.93744
	101.2956	18.93673
	101.2948	18.93589
	101.2945	18.93557
	101.2934	18.93488
	101.2929	18.93463
	101.292	18.93451
	101.2905	18.93439
	101.2886	18.93484
	101.2877	18.93521
	101.2859	18.93563
	101.2849	18.9357
	101.2841	18.93552
	101.2829	18.93501
	101.2823	18.93454
	101.2817	18.93351
	101.2812	18.93253
	101.2804	18.93137
	101.2803	18.9313
	101.2798	18.93088
	101.2789	18.93047
	101.2788	18.93044
	101.2785	18.93035
	101.2776	18.93019
	101.2771	18.93
	101.2767	18.92985
	101.2765	18.92969
	101.2762	18.92946
	101.2758	18.92884
	101.2759	18.92809
	101.2763	18.92615
	101.2766	18.92464
	101.2772	18.9231
	101.2776	18.92201
	101.278	18.92093
	101.2778	18.9196
	101.2775	18.91826
	101.2773	18.91761
	101.2768	18.91696
	101.2761	18.91607
	101.2753	18.9154
	101.2745	18.91498
	101.2739	18.91458
	101.2737	18.91444
	101.2727	18.9139
	101.2718	18.91325
	101.2694	18.91172
	101.2692	18.91164
	101.2686	18.91137
	101.2678	18.91128
	101.2674	18.91092
	101.267	18.91044
	101.2667	18.90989
	101.2656	18.90951
	101.2651	18.90934
	101.2641	18.90918
	101.2626	18.90884
	101.262	18.90856
	101.2609	18.90766
	101.2594	18.90673
	101.2587	18.90651
	101.2583	18.90644
	101.258	18.90638
	101.2576	18.9063
	101.257	18.90617
	101.2559	18.90569
	101.2555	18.90514
	101.2552	18.90456
	101.2549	18.90343
	101.2542	18.90217
	101.2541	18.90178
	101.2538	18.9012
	101.2529	18.90019
	101.2526	18.89974
	101.2524	18.89945
	101.2519	18.89844
	101.2516	18.89753
	101.2515	18.89695
	101.2513	18.89616
	101.2502	18.8929
	101.2498	18.89173
	101.2495	18.89104
	101.249	18.89014
	101.2488	18.88984
	101.2487	18.8849
	101.249	18.88478
	101.2497	18.88453
	101.2507	18.8838
	101.2509	18.8834
	101.251	18.88312
	101.2511	18.88278
	101.2509	18.88232
	101.2506	18.88171
	101.2506	18.88138
	101.2506	18.88122
	101.2511	18.87853
	101.251	18.87687
	101.2512	18.87604
	101.2513	18.87564
	101.2518	18.87443
	101.2522	18.87383
	101.2526	18.87344
	101.2528	18.87335
	101.253	18.87324
	101.2535	18.87268
	101.2537	18.87218
	101.2539	18.87153
	101.2542	18.87107
	101.2544	18.87009
	101.2543	18.86831
	101.2543	18.86813
	101.2544	18.86744
	101.255	18.86681
	101.2562	18.86575
	101.2564	18.8657
	101.2567	18.86563
	101.2566	18.86508
	101.2567	18.86456
	101.2567	18.86426
	101.2551	18.86275
	101.2546	18.86226
	101.2543	18.8621
	101.2542	18.86165
	101.2544	18.86122
	101.2547	18.86066
	101.2553	18.85981
	101.2556	18.85928
	101.2558	18.85826
	101.2559	18.85777
	101.2558	18.85702
	101.2556	18.8561
	101.2551	18.85489
	101.2546	18.85418
	101.2545	18.85405
	101.2544	18.85366
	101.2544	18.85294
	101.2547	18.85258
	101.2551	18.85215
	101.2557	18.84969
	101.2559	18.84862
	101.2561	18.84789
	101.2565	18.84684
	101.2564	18.84637
	101.256	18.84589
	101.2556	18.8454
	101.2542	18.84411
	101.2537	18.84347
	101.253	18.84276
	101.2527	18.8424
	101.2523	18.84136
	101.2518	18.84069
	101.2517	18.84055
	101.251	18.8401
	101.25	18.83962
	101.2493	18.83914
	101.2488	18.83905
	101.2541	18.83818
	101.2543	18.83818
	101.254	18.83756
	101.252	18.83272
	101.2512	18.82978
	101.2509	18.82604
	101.2508	18.82565
	101.25	18.82563
	101.2488	18.8256
	101.2488	18.82558
	101.2488	18.82557
	101.2489	18.82556
	101.2495	18.82533
	101.2496	18.82522
	101.2497	18.82513
	101.2498	18.82451
	101.2496	18.82383
	101.2496	18.8237
	101.2496	18.82327
	101.2495	18.82187
	101.2495	18.82135
	101.2495	18.82071
	101.2495	18.8197
	101.2496	18.81832
	101.2498	18.81773
	101.2499	18.81721
	101.2503	18.81675
	101.2504	18.81649
	101.251	18.81589
	101.2514	18.81569
	101.2538	18.81507
	101.2546	18.81464
	101.2551	18.81401
	101.2552	18.81372
	101.2557	18.81296
	101.2569	18.81158
	101.2577	18.8108
	101.2579	18.8105
	101.2583	18.81028
	101.2585	18.81017
	101.2588	18.8099
	101.2595	18.80957
	101.2597	18.80943
	101.2602	18.8091
	101.2606	18.80861
	101.2607	18.80786
	101.2604	18.80737
	101.2599	18.80698
	101.2587	18.80586
	101.2582	18.80535
	101.2569	18.80405
	101.2566	18.80343
	101.2565	18.80322
	101.2564	18.80301
	101.2564	18.80265
	101.2562	18.80151
	101.256	18.80112
	101.2559	18.80037
	101.2548	18.79944
	101.2546	18.79883
	101.2546	18.79871
	101.2546	18.79789
	101.2547	18.79743
	101.2548	18.79645
	101.2546	18.79577
	101.2542	18.79525
	101.2537	18.79463
	101.2531	18.79415
	101.2524	18.79325
	101.252	18.7922
	101.2514	18.79091
	101.2511	18.78993
	101.2511	18.78983
	101.2511	18.78929
	101.2512	18.78874
	101.2517	18.78775
	101.2519	18.78733
	101.2523	18.78644
	101.2528	18.78571
	101.2537	18.78508
	101.2543	18.78442
	101.2543	18.7839
	101.2543	18.78375
	101.2543	18.78334
	101.2541	18.78269
	101.2533	18.78176
	101.2527	18.78062
	101.2526	18.77958
	101.253	18.77892
	101.2531	18.7784
	101.2529	18.77794
	101.2529	18.77776
	101.2529	18.77755
	101.252	18.77661
	101.2514	18.77567
	101.2513	18.77515
	101.2514	18.77482
	101.2519	18.77407
	101.2526	18.7735
	101.2534	18.77278
	101.2539	18.77231
	101.2541	18.77229
	101.2547	18.7722
	101.2551	18.77187
	101.2551	18.77161
	101.2543	18.77097
	101.2538	18.77068
	101.253	18.77049
	101.2519	18.77028
	101.2508	18.77023
	101.2505	18.77025
	101.2496	18.77031
	101.2491	18.77041
	101.2488	18.77048
	101.2508	18.76691
	101.2498	18.76391
	101.2492	18.76184
	101.2477	18.75936
	101.2468	18.75619
	101.2465	18.75325
	101.2468	18.75067
	101.2436	18.75068
	101.2408	18.7507
	101.2407	18.75061
	101.2407	18.75031
	101.2407	18.75022
	101.2406	18.74996
	101.2404	18.74947
	101.24	18.74825
	101.2392	18.74662
	101.2386	18.74538
	101.2385	18.74479
	101.2385	18.74226
	101.2382	18.74122
	101.238	18.74078
	101.2377	18.74042
	101.2372	18.74012
	101.2366	18.73961
	101.236	18.7393
	101.2337	18.73865
	101.2325	18.73828
	101.2315	18.73764
	101.2314	18.73759
	101.2311	18.73745
	101.2304	18.73678
	101.23	18.73625
	101.2293	18.73573
	101.2291	18.7356
	101.2287	18.73535
	101.2284	18.7352
	101.2281	18.73504
	101.2271	18.73446
	101.2266	18.73395
	101.2262	18.73328
	101.2261	18.73268
	101.2261	18.73175
	101.2264	18.73096
	101.2265	18.7307
	101.2272	18.7299
	101.2276	18.72951
	101.228	18.72924
	101.2289	18.72833
	101.2293	18.72751
	101.2297	18.72704
	101.2299	18.72655
	101.23	18.72608
	101.2304	18.72549
	101.2306	18.72521
	101.2307	18.72516
	101.2309	18.72516
	101.2312	18.72515
	101.2315	18.72505
	101.2318	18.72486
	101.232	18.72452
	101.232	18.72369
	101.2324	18.72344
	101.233	18.72322
	101.2336	18.72314
	101.2342	18.72295
	101.2342	18.72294
	101.2346	18.72271
	101.2354	18.72153
	101.2357	18.72049
	101.2357	18.71999
	101.2357	18.71992
	101.2356	18.71975
	101.2354	18.71943
	101.235	18.71899
	101.2345	18.71809
	101.2346	18.71671
	101.2347	18.71567
	101.2349	18.71497
	101.2351	18.71442
	101.2354	18.71393
	101.2357	18.71352
	101.2361	18.71258
	101.2367	18.71177
	101.237	18.71162
	101.2372	18.71153
	101.2378	18.71134
	101.2384	18.71136
	101.2389	18.71143
	101.2396	18.71153
	101.2398	18.71152
	101.2402	18.71152
	101.2407	18.71156
	101.2408	18.71156
	101.2414	18.7115
	101.2434	18.71127
	101.2439	18.71142
	101.244	18.71164
	101.2441	18.71164
	101.2442	18.71164
	101.2445	18.71182
	101.2449	18.71199
	101.245	18.712
	101.2454	18.71201
	101.2455	18.71201
	101.2457	18.71201
	101.2484	18.71141
	101.25	18.71035
	101.2508	18.71
	101.2516	18.70953
	101.2517	18.70934
	101.2522	18.70895
	101.2524	18.70879
	101.2528	18.70834
	101.254	18.70702
	101.2547	18.7061
	101.2553	18.70565
	101.2554	18.70539
	101.2557	18.70513
	101.2561	18.70504
	101.2564	18.70504
	101.2568	18.70491
	101.2575	18.705
	101.258	18.70528
	101.2589	18.70527
	101.2594	18.70511
	101.2598	18.70443
	101.2603	18.70364
	101.261	18.70223
	101.2621	18.70057
	101.2628	18.69989
	101.2637	18.69949
	101.2645	18.69932
	101.2647	18.69921
	101.2658	18.69931
	101.266	18.69931
	101.2666	18.69932
	101.2668	18.69928
	101.2672	18.69918
	101.2677	18.69901
	101.2677	18.699
	101.2679	18.69876
	101.2685	18.69836
	101.269	18.69818
	101.2695	18.69791
	101.2698	18.69762
	101.2703	18.69704
	101.2706	18.69649
	101.271	18.69563
	101.2711	18.6951
	101.2713	18.69473
	101.2717	18.69421
	101.2719	18.69392
	101.2723	18.69342
	101.2724	18.69336
	101.2732	18.69279
	101.2733	18.69225
	101.2733	18.69224
	101.2732	18.69167
	101.2731	18.69033
	101.2733	18.6898
	101.2736	18.6892
	101.2741	18.68875
	101.2745	18.68851
	101.2746	18.68844
	101.2748	18.68771
	101.2747	18.68742
	101.2739	18.68726
	101.2734	18.6872
	101.2732	18.68717
	101.272	18.68682
	101.271	18.68649
	101.2706	18.68642
	101.2694	18.68571
	101.269	18.68535
	101.2688	18.68494
	101.2687	18.68418
	101.2687	18.68302
	101.2686	18.6825
	101.2683	18.68229
	101.2677	18.68159
	101.2657	18.68016
	101.2642	18.67851
	101.2637	18.67813
	101.2632	18.67782
	101.2626	18.67765
	101.2621	18.67761
	101.2618	18.67758
	101.2612	18.6773
	101.2611	18.67676
	101.2608	18.67578
	101.2608	18.67471
	101.261	18.67303
	101.2607	18.67223
	101.2603	18.67058
	101.2604	18.67003
	101.2604	18.66999
	101.2604	18.66923
	101.2599	18.66783
	101.2592	18.66681
	101.2577	18.66595
	101.2565	18.66513
	101.256	18.66459
	101.2555	18.6639
	101.2552	18.66312
	101.2551	18.66245
	101.2547	18.66154
	101.2543	18.66062
	101.2539	18.65969
	101.2534	18.65853
	101.2526	18.65683
	101.2516	18.65546
	101.2507	18.65472
	101.2471	18.6537
	101.2451	18.65215
	101.2445	18.65161
	101.2439	18.65087
	101.2438	18.65056
	101.2437	18.65022
	101.2436	18.64983
	101.2435	18.64911
	101.2435	18.64838
	101.2435	18.64799
	101.2437	18.64665
	101.244	18.64527
	101.2448	18.64347
	101.2451	18.64163
	101.2451	18.64116
	101.245	18.64083
	101.2449	18.64054
	101.2446	18.63961
	101.2445	18.63948
	101.2443	18.63918
	101.2441	18.63874
	101.2439	18.6385
	101.2435	18.63805
	101.243	18.63759
	101.2417	18.63664
	101.2413	18.636
	101.2409	18.63569
	101.2404	18.63548
	101.2399	18.63529
	101.2389	18.63512
	101.2383	18.63497
	101.2375	18.63446
	101.2373	18.63425
	101.2371	18.63394
	101.2368	18.63309
	101.2366	18.63247
	101.2364	18.63208
	101.236	18.63153
	101.2355	18.63089
	101.2348	18.63022
	101.2332	18.62915
	101.2323	18.62843
	101.2314	18.62748
	101.2308	18.62694
	101.2306	18.62658
	101.2304	18.62593
	101.2301	18.6256
	101.2293	18.62448
	101.2284	18.62356
	101.2282	18.62335
	101.2276	18.62297
	101.2272	18.62287
	101.2268	18.62283
	101.2265	18.6228
	101.2259	18.62281
	101.2257	18.62281
	101.225	18.62295
	101.2245	18.62301
	101.2242	18.62304
	101.2238	18.62312
	101.2229	18.62331
	101.222	18.62358
	101.2217	18.62362
	101.2211	18.62369
	101.221	18.62368
	101.2209	18.62367
	101.2209	18.62366
	101.2206	18.62352
	101.2202	18.62325
	101.2201	18.62304
	101.219	18.6215
	101.2183	18.62062
	101.2167	18.61896
	101.2158	18.61834
	101.2151	18.61806
	101.2141	18.618
	101.2136	18.61782
	101.2133	18.6177
	101.2128	18.61755
	101.2119	18.61762
	101.2113	18.61773
	101.2103	18.61782
	101.2094	18.61786
	101.2082	18.61781
	101.2076	18.61778
	101.2053	18.61744
	101.2049	18.61734
	101.2044	18.61709
	101.2039	18.6167
	101.2035	18.61629
	101.2034	18.61618
	101.2031	18.61597
	101.2026	18.61567
	101.2021	18.61547
	101.2019	18.61543
	101.2016	18.61537
	101.201	18.61538
	101.2001	18.61518
	101.1993	18.61482
	101.1992	18.61477
	101.1991	18.61475
	101.1985	18.61463
	101.1981	18.6146
	101.1972	18.61467
	101.1966	18.61478
	101.1959	18.61489
	101.1953	18.61491
	101.1942	18.61495
	101.1936	18.61489
	101.1935	18.61488
	101.1934	18.61485
	101.1929	18.61473
	101.1925	18.61458
	101.1919	18.61427
	101.1914	18.6141
	101.1893	18.61272
	101.1887	18.61236
	101.1876	18.61199
	101.1874	18.61194
	101.187	18.61186
	101.1851	18.61177
	101.1848	18.61156
	101.1841	18.6109
	101.184	18.61059
	101.1839	18.61056
	101.1837	18.61013
	101.1836	18.60994
	101.1832	18.60909
	101.183	18.60873
	101.1828	18.60811
	101.1824	18.60723
	101.182	18.60599
	101.1816	18.60401
	101.1818	18.6038
	101.1822	18.60358
	101.1829	18.6034
	101.183	18.60337
	101.1836	18.60328
	101.1839	18.6031
	101.184	18.60298
	101.1842	18.60278
	101.1844	18.60249
	101.1845	18.60221
	101.1844	18.60138
	101.1843	18.60091
	101.1843	18.60051
	101.1843	18.60031
	101.1841	18.59993
	101.184	18.59938
	101.1839	18.59912
	101.1829	18.59653
	101.1829	18.59629
	101.1831	18.59574
	101.1834	18.59517
	101.1833	18.59457
	101.1832	18.59447
	101.1832	18.59446
	101.1829	18.59307
	101.1829	18.59284
	101.183	18.59224
	101.183	18.59164
	101.1827	18.59061
	101.1825	18.58909
	101.1823	18.58795
	101.1823	18.58794
	101.1824	18.58772
	101.1824	18.58746
	101.1825	18.58725
	101.1827	18.58711
	101.1836	18.58684
	101.1837	18.58683
	101.1844	18.58673
	101.1845	18.58664
	101.1847	18.58644
	101.1862	18.58417
	101.1871	18.58274
	101.1883	18.58083
	101.1885	18.5803
	101.1886	18.58005
	101.1888	18.57966
	101.1892	18.57872
	101.1891	18.5781
	101.1889	18.57758
	101.1888	18.5774
	101.1882	18.57668
	101.1877	18.57585
	101.1875	18.57539
	101.1875	18.57448
	101.1874	18.57374
	101.1874	18.57267
	101.1872	18.57161
	101.187	18.57053
	101.1866	18.5697
	101.1866	18.56969
	101.1862	18.56926
	101.1858	18.56895
	101.1854	18.56883
	101.1849	18.56863
	101.1845	18.56827
	101.1842	18.56775
	101.1841	18.56729
	101.1841	18.56713
	101.1841	18.56665
	101.184	18.56595
	101.1841	18.56535
	101.1842	18.56473
	101.1842	18.56465
	101.1842	18.56457
	101.1843	18.56431
	101.1844	18.56353
	101.1846	18.56316
	101.185	18.56186
	101.1851	18.56164
	101.1853	18.56121
	101.1855	18.56004
	101.1855	18.56001
	101.1852	18.55952
	101.1842	18.55886
	101.1835	18.55832
	101.1828	18.55789
	101.1813	18.55739
	101.1812	18.55742
	101.1807	18.55755
	101.1806	18.55763
	101.1801	18.55789
	101.1797	18.55823
	101.1788	18.55887
	101.1786	18.559
	101.1778	18.55924
	101.1777	18.55924
	101.1767	18.55922
	101.1756	18.55887
	101.1746	18.55828
	101.1739	18.55738
	101.1738	18.55721
	101.1736	18.55684
	101.1729	18.55615
	101.1727	18.55597
	101.1726	18.55593
	101.1725	18.55589
	101.1717	18.55598
	101.1715	18.5561
	101.1715	18.55611
	101.1704	18.55636
	101.1695	18.55637
	101.1693	18.55637
	101.1691	18.55635
	101.1685	18.55627
	101.1671	18.55586
	101.1661	18.55548
	101.1652	18.5549
	101.1649	18.55482
	101.1643	18.55428
	101.1631	18.55386
	101.1628	18.55376
	101.1624	18.55378
	101.1622	18.55379
	101.1616	18.55413
	101.1608	18.55464
	101.1603	18.55464
	101.1589	18.55452
	101.1581	18.55421
	101.1573	18.55383
	101.1571	18.55378
	101.1563	18.55377
	101.1555	18.55364
	101.1546	18.55345
	101.1538	18.5532
	101.1538	18.55317
	101.1533	18.55302
	101.153	18.55287
	101.1527	18.55269
	101.1519	18.55234
	101.1514	18.552
	101.1508	18.55172
	101.1506	18.55152
	101.1504	18.55124
	101.1503	18.55098
	101.1502	18.55043
	101.1502	18.54999
	101.1502	18.54978
	101.1504	18.54899
	101.1509	18.54789
	101.1512	18.54688
	101.1515	18.54591
	101.1515	18.54575
	101.1515	18.54563
	101.1513	18.54433
	101.1509	18.54314
	101.1508	18.54216
	101.1505	18.54155
	101.1503	18.54122
	101.1502	18.54106
	101.1499	18.54083
	101.1494	18.54052
	101.1482	18.53965
	101.1479	18.53939
	101.1468	18.53848
	101.1465	18.53834
	101.1464	18.5383
	101.1454	18.53808
	101.1448	18.5378
	101.1445	18.53751
	101.1441	18.53705
	101.1441	18.53682
	101.144	18.53617
	101.1442	18.53523
	101.1443	18.535
	101.1442	18.53445
	101.144	18.53408
	101.1437	18.53375
	101.1432	18.53349
	101.1431	18.53348
	101.143	18.53347
	101.1425	18.53365
	101.1424	18.53366
	101.1422	18.53353
	101.1423	18.53275
	101.142	18.53226
	101.1416	18.53076
	101.1413	18.52889
	101.1413	18.52834
	101.141	18.52783
	101.1408	18.52765
	101.14	18.52722
	101.1393	18.52702
	101.139	18.52694
	101.1387	18.527
	101.1382	18.52687
	101.1375	18.52686
	101.1361	18.52655
	101.1359	18.52646
	101.1356	18.52632
	101.1349	18.52594
	101.1341	18.52512
	101.1336	18.52484
	101.1333	18.52476
	101.1332	18.52468
	101.1331	18.52461
	101.1328	18.52451
	101.1321	18.52449
	101.1315	18.52437
	101.1312	18.52424
	101.131	18.52403
	101.1309	18.524
	101.1308	18.52396
	101.1301	18.52378
	101.1296	18.52379
	101.1289	18.52387
	101.128	18.52398
	101.1272	18.52419
	101.127	18.52425
	101.1267	18.52436
	101.1262	18.52488
	101.1257	18.5252
	101.1254	18.52534
	101.1252	18.52544
	101.1224	18.52638
	101.1214	18.5266
	101.1211	18.52669
	101.121	18.52673
	101.1199	18.52693
	101.1198	18.52695
	101.1197	18.52694
	101.1189	18.52686
	101.1187	18.52687
	101.1185	18.52688
	101.1181	18.52682
	101.1178	18.52678
	101.1173	18.5265
	101.1168	18.52635
	101.1167	18.52635
	101.1156	18.52598
	101.1152	18.52585
	101.1148	18.52567
	101.1139	18.52524
	101.113	18.5253
	101.1124	18.52528
	101.1118	18.52521
	101.1115	18.52513
	101.1112	18.52504
	101.1109	18.52486
	101.1101	18.52404
	101.1093	18.52273
	101.109	18.5223
	101.1085	18.52219
	101.1084	18.52217
	101.108	18.52194
	101.1067	18.52149
	101.1065	18.52134
	101.1064	18.52128
	101.1063	18.5211
	101.1058	18.52056
	101.1054	18.51971
	101.1051	18.51899
	101.1051	18.51896
	101.1051	18.5174
	101.1049	18.51696
	101.1046	18.51645
	101.1043	18.51609
	101.1039	18.5152
	101.1038	18.51509
	101.1036	18.51484
	101.1026	18.51269
	101.1022	18.51174
	101.1017	18.51081
	101.1011	18.50946
	101.1009	18.50882
	101.1006	18.5074
	101.1006	18.50739
	101.1004	18.50691
	101.1003	18.50629
	101.1004	18.50546
	101.1006	18.50502
	101.1009	18.50448
	101.101	18.50431
	101.1011	18.50374
	101.1011	18.50353
	101.1011	18.5033
	101.101	18.5027
	101.1007	18.50208
	101.1	18.50167
	101.0991	18.50122
	101.0982	18.50089
	101.0975	18.50053
	101.0968	18.50021
	101.0964	18.50009
	101.0944	18.4992
	101.094	18.49884
	101.0935	18.49763
	101.0936	18.49698
	101.0935	18.4961
	101.0935	18.49528
	101.0935	18.49495
	101.0934	18.49381
	101.0933	18.49242
	101.0932	18.49081
	101.0932	18.49054
	101.0932	18.49035
	101.0939	18.48951
	101.0942	18.48904
	101.0946	18.48799
	101.0947	18.48734
	101.0951	18.48591
	101.0956	18.48486
	101.0959	18.48363
	101.0961	18.48295
	101.0961	18.48285
	101.0962	18.48139
	101.0961	18.48025
	101.0958	18.4793
	101.0956	18.47875
	101.0953	18.47826
	101.0948	18.47777
	101.0943	18.47742
	101.0932	18.4771
	101.0919	18.47691
	101.0905	18.47664
	101.0903	18.47654
	101.0899	18.47641
	101.0893	18.47629
	101.0888	18.47617
	101.0881	18.47607
	101.0872	18.47587
	101.0864	18.47565
	101.0857	18.47537
	101.0851	18.47499
	101.0846	18.47463
	101.0844	18.47406
	101.0843	18.47372
	101.084	18.47273
	101.0838	18.47208
	101.0834	18.47138
	101.083	18.47066
	101.0826	18.47017
	101.0823	18.46986
	101.0818	18.46932
	101.0815	18.46907
	101.0798	18.46755
	101.0789	18.46699
	101.0784	18.46674
	101.0779	18.46656
	101.0773	18.46628
	101.077	18.46623
	101.0768	18.46606
	101.0768	18.46605
	101.0765	18.46545
	101.0763	18.46466
	101.0762	18.46423
	101.0758	18.46301
	101.0755	18.46247
	101.0751	18.46206
	101.0746	18.46165
	101.0735	18.46125
	101.0729	18.46116
	101.0725	18.4611
	101.0721	18.46098
	101.0718	18.4609
	101.0711	18.46065
	101.0705	18.46034
	101.07	18.45991
	101.0695	18.45911
	101.0693	18.45853
	101.0693	18.45825
	101.0693	18.45798
	101.0689	18.45585
	101.0685	18.45516
	101.0682	18.4549
	101.0676	18.45481
	101.067	18.45484
	101.0665	18.45466
	101.066	18.45443
	101.0655	18.45407
	101.065	18.45338
	101.0649	18.45294
	101.0647	18.45228
	101.0647	18.45224
	101.0648	18.45176
	101.0647	18.45101
	101.0645	18.45067
	101.0644	18.45056
	101.064	18.45013
	101.0638	18.4499
	101.0634	18.44962
	101.0633	18.44956
	101.063	18.44936
	101.0625	18.44916
	101.0619	18.44872
	101.0616	18.44823
	101.0614	18.44764
	101.0611	18.44702
	101.061	18.4465
	101.0608	18.44596
	101.0607	18.44564
	101.0605	18.44507
	101.0601	18.44437
	101.0597	18.44375
	101.0589	18.44324
	101.0586	18.44306
	101.0584	18.44293
	101.0579	18.44258
	101.057	18.44196
	101.0567	18.44176
	101.0565	18.44163
	101.0563	18.44122
	101.0562	18.44093
	101.0562	18.44046
	101.0563	18.43987
	101.0569	18.43903
	101.0574	18.4384
	101.058	18.43763
	101.0586	18.43669
	101.0588	18.43583
	101.0589	18.43473
	101.0587	18.43406
	101.0586	18.43354
	101.0583	18.43292
	101.0573	18.43184
	101.0568	18.43133
	101.0569	18.43117
	101.0563	18.43039
	101.0559	18.42943
	101.0555	18.42855
	101.0553	18.42757
	101.0548	18.42643
	101.0546	18.42573
	101.0547	18.42547
	101.0548	18.42518
	101.0548	18.42492
	101.0548	18.42466
	101.0552	18.42419
	101.0555	18.4238
	101.0561	18.42361
	101.0562	18.42343
	101.057	18.42295
	101.0594	18.42237
	101.06	18.42208
	101.0604	18.42178
	101.061	18.42134
	101.0613	18.4212
	101.0617	18.42078
	101.0622	18.42016
	101.0629	18.41942
	101.0635	18.41895
	101.0644	18.41808
	101.0652	18.41748
	101.0669	18.41576
	101.0676	18.41499
	101.0681	18.41426
	101.0682	18.41382
	101.0687	18.41322
	101.0697	18.41243
	101.07	18.41181
	101.0705	18.41073
	101.0706	18.41042
	101.0709	18.40982
	101.0711	18.40948
	101.0717	18.40887
	101.072	18.40864
	101.0729	18.40818
	101.0739	18.4078
	101.0745	18.40772
	101.0746	18.40771
	101.0751	18.40757
	101.0761	18.40751
	101.0765	18.40748
	101.0772	18.4075
	101.0776	18.40741
	101.0777	18.40739
	101.0777	18.40738
	101.0782	18.40715
	101.0789	18.40683
	101.0795	18.40636
	101.0803	18.40549
	101.0807	18.405
	101.0809	18.40473
	101.0813	18.40403
	101.0817	18.40358
	101.0821	18.4029
	101.0825	18.40216
	101.0826	18.40179
	101.083	18.40132
	101.0831	18.40085
	101.0833	18.40054
	101.0837	18.39989
	101.0848	18.39829
	101.0854	18.39711
	101.0856	18.39649
	101.0861	18.39568
	101.086	18.39555
	101.0861	18.39536
	101.0863	18.39495
	101.0864	18.39439
	101.0863	18.39382
	101.086	18.39325
	101.0857	18.39284
	101.0852	18.39243
	101.0849	18.3922
	101.0848	18.39177
	101.0848	18.39173
	101.0848	18.39158
	101.0847	18.39145
	101.0848	18.39114
	101.0854	18.38814
	101.0855	18.38675
	101.0855	18.38514
	101.0854	18.3847
	101.0852	18.38385
	101.0851	18.38333
	101.0852	18.3832
	101.0854	18.38299
	101.0855	18.3827
	101.0861	18.38147
	101.0863	18.38122
	101.0868	18.38056
	101.0876	18.37985
	101.088	18.37969
	101.0888	18.37964
	101.0895	18.3794
	101.0902	18.37918
	101.091	18.37923
	101.0912	18.37928
	101.0927	18.38002
	101.0929	18.38011
	101.0939	18.38041
	101.0948	18.38053
	101.0952	18.38058
	101.0958	18.38052
	101.0962	18.3804
	101.0963	18.38036
	101.0966	18.3802
	101.0973	18.3797
	101.0976	18.37947
	101.098	18.37912
	101.0984	18.37879
	101.0991	18.37819
	101.0999	18.37724
	101.1002	18.37693
	101.1013	18.37585
	101.1014	18.37562
	101.1015	18.37555
	101.1016	18.37546
	101.102	18.37512
	101.1022	18.37498
	101.1027	18.37467
	101.1028	18.37464
	101.103	18.37456
	101.1038	18.37427
	101.104	18.37422
	101.1042	18.37418
	101.105	18.37417
	101.1052	18.37411
	101.1055	18.37404
	101.1061	18.37403
	101.1074	18.37416
	101.1081	18.37409
	101.1083	18.37407
	101.1085	18.37399
	101.1093	18.37354
	101.1099	18.37271
	101.1101	18.3725
	101.1105	18.37228
	101.1105	18.37218
	101.1104	18.37192
	101.1105	18.37182
	101.1116	18.37038
	101.1119	18.37016
	101.1125	18.37018
	101.1131	18.37036
	101.1138	18.37066
	101.1143	18.37107
	101.1147	18.37109
	101.1151	18.37096
	101.1155	18.37051
	101.1157	18.37015
	101.1161	18.36962
	101.1162	18.36953
	101.1164	18.36932
	101.1169	18.36906
	101.117	18.369
	101.1172	18.369
	101.1175	18.36918
	101.1179	18.36977
	101.1181	18.37
	101.1181	18.37013
	101.1181	18.37019
	101.1182	18.37039
	101.1185	18.37062
	101.1186	18.37067
	101.1194	18.37059
	101.1199	18.37045
	101.1204	18.3704
	101.1211	18.37039
	101.1213	18.37033
	101.1214	18.37031
	101.122	18.37017
	101.1229	18.36982
	101.1235	18.36943
	101.1237	18.36935
	101.1244	18.36905
	101.1248	18.36874
	101.125	18.36842
	101.1251	18.36749
	101.1257	18.36727
	101.1262	18.36707
	101.1266	18.367
	101.1269	18.36696
	101.1285	18.36653
	101.1287	18.3665
	101.129	18.36647
	101.1295	18.36654
	101.1298	18.36677
	101.1299	18.36691
	101.1302	18.36734
	101.1307	18.36788
	101.1312	18.36803
	101.1316	18.36797
	101.1319	18.36788
	101.132	18.36784
	101.1328	18.36692
	101.133	18.36635
	101.1329	18.36566
	101.1328	18.36522
	101.1326	18.36496
	101.1323	18.3646
	101.132	18.36411
	101.1316	18.36386
	101.1312	18.36326
	101.1311	18.3629
	101.1308	18.36249
	101.1307	18.36176
	101.1309	18.3614
	101.131	18.36127
	101.1312	18.36105
	101.1317	18.3608
	101.1317	18.36079
	101.1322	18.36047
	101.1325	18.35985
	101.133	18.35948
	101.1332	18.3593
	101.1333	18.35919
	101.1343	18.35868
	101.1357	18.35799
	101.1359	18.3579
	101.136	18.35787
	101.1364	18.35779
	101.137	18.35783
	101.1384	18.35852
	101.1392	18.35869
	101.1395	18.35879
	101.1398	18.35875
	101.1399	18.35874
	101.1403	18.35855
	101.1406	18.35803
	101.1407	18.35725
	101.1411	18.3568
	101.1412	18.35676
	101.1413	18.35672
	101.1414	18.35669
	101.1417	18.35659
	101.1424	18.35645
	101.1428	18.35632
	101.1437	18.35594
	101.144	18.35565
	101.1441	18.35546
	101.1442	18.35526
	101.1445	18.35417
	101.1447	18.35346
	101.1448	18.35305
	101.1452	18.3523
	101.1452	18.35191
	101.1456	18.35134
	101.1458	18.35103
	101.1458	18.35102
	101.1462	18.35076
	101.1464	18.35072
	101.1469	18.35059
	101.1483	18.35043
	101.1484	18.35042
	101.1487	18.35019
	101.1489	18.35005
	101.149	18.34948
	101.149	18.34839
	101.149	18.34818
	101.1489	18.34785
	101.1489	18.34775
	101.1489	18.34714
	101.1494	18.34665
	101.15	18.34633
	101.1511	18.34601
	101.1517	18.34602
	101.1519	18.34601
	101.1523	18.34599
	101.1528	18.34614
	101.1533	18.34639
	101.1542	18.34745
	101.1545	18.34795
	101.1551	18.34823
	101.1558	18.34834
	101.1562	18.3484
	101.1564	18.34841
	101.1568	18.34842
	101.1573	18.34832
	101.1574	18.34831
	101.1582	18.34804
	101.1585	18.34791
	101.1589	18.34751
	101.1595	18.34714
	101.1607	18.34677
	101.1611	18.34653
	101.162	18.34569
	101.162	18.34568
	101.1622	18.34535
	101.1626	18.34506
	101.1631	18.34484
	101.1635	18.34477
	101.1651	18.34452
	101.1658	18.34444
	101.1662	18.34461
	101.1666	18.34466
	101.1667	18.34468
	101.167	18.34479
	101.1677	18.3455
	101.1677	18.34551
	101.168	18.34573
	101.1695	18.34605
	101.1701	18.34594
	101.1702	18.34592
	101.1706	18.34565
	101.1708	18.34518
	101.171	18.34489
	101.1711	18.3448
	101.1713	18.34463
	101.1718	18.34456
	101.172	18.34452
	101.1729	18.34447
	101.1733	18.34441
	101.1735	18.34439
	101.1739	18.34427
	101.1741	18.3442
	101.1744	18.34396
	101.1748	18.34346
	101.1751	18.34315
	101.1755	18.34289
	101.1758	18.3427
	101.1761	18.3423
	101.1766	18.34183
	101.1775	18.34142
	101.1776	18.34138
	101.1783	18.34114
	101.1793	18.34074
	101.1805	18.34101
	101.1815	18.34123
	101.1823	18.34129
	101.1827	18.34128
	101.1834	18.34101
	101.1842	18.34062
	101.1844	18.34015
	101.1844	18.33992
	101.1844	18.33978
	101.1842	18.33921
	101.184	18.33886
	101.184	18.33885
	101.1836	18.33815
	101.1833	18.33774
	101.183	18.33678
	101.1827	18.3363
	101.1822	18.33351
	101.1823	18.33315
	101.1823	18.33276
	101.1825	18.33252
	101.1833	18.33202
	101.1838	18.3316
	101.1841	18.3311
	101.1838	18.33053
	101.1836	18.33014
	101.1835	18.32965
	101.1833	18.32931
	101.1831	18.32898
	101.1826	18.32761
	101.182	18.32645
	101.1817	18.32614
	101.1806	18.32587
	101.1799	18.32582
	101.1794	18.32569
	101.1791	18.32557
	101.1787	18.32543
	101.1783	18.32497
	101.1778	18.3243
	101.1776	18.32373
	101.1777	18.32256
	101.1776	18.32194
	101.1774	18.32127
	101.1772	18.32083
	101.177	18.3206
	101.1769	18.32047
	101.1756	18.31957
	101.1754	18.31959
	101.1752	18.31961
	101.1745	18.3198
	101.1738	18.32014
	101.1732	18.32023
	101.1723	18.32037
	101.1717	18.32037
	101.1713	18.3203
	101.1709	18.32017
	101.1702	18.31969
	101.1701	18.31943
	101.17	18.31913
	101.1699	18.31874
	101.1697	18.31819
	101.1696	18.31792
	101.1694	18.31756
	101.1688	18.31689
	101.1685	18.3165
	101.1682	18.31601
	101.1678	18.31435
	101.1677	18.31378
	101.1675	18.31311
	101.1671	18.31267
	101.1654	18.3112
	101.1648	18.31092
	101.1643	18.31077
	101.164	18.31044
	101.1635	18.31031
	101.1627	18.31001
	101.162	18.30955
	101.1619	18.30942
	101.1617	18.30911
	101.1616	18.30852
	101.1615	18.30639
	101.1616	18.30522
	101.1618	18.30496
	101.1625	18.30466
	101.1626	18.30453
	101.1631	18.3044
	101.1631	18.3043
	101.1631	18.30425
	101.1631	18.30386
	101.1629	18.30361
	101.1622	18.30322
	101.1617	18.30313
	101.1617	18.30302
	101.1607	18.30239
	101.1594	18.30152
	101.1588	18.30121
	101.1583	18.30104
	101.1577	18.30096
	101.1572	18.30084
	101.1569	18.30084
	101.1568	18.30085
	101.1564	18.3009
	101.1562	18.30082
	101.156	18.30075
	101.1556	18.30044
	101.1552	18.30003
	101.1539	18.29868
	101.1524	18.29769
	101.1522	18.29746
	101.152	18.29728
	101.152	18.29704
	101.152	18.29691
	101.152	18.29645
	101.1516	18.29583
	101.1512	18.29556
	101.1511	18.2955
	101.151	18.2954
	101.1507	18.29506
	101.1504	18.29436
	101.1503	18.29397
	101.1503	18.29344
	101.1503	18.29314
	101.1506	18.29265
	101.1511	18.29238
	101.1514	18.29209
	101.1515	18.29201
	101.1525	18.29129
	101.1528	18.29094
	101.1529	18.29084
	101.1535	18.29042
	101.1543	18.28955
	101.155	18.28887
	101.1553	18.28811
	101.1555	18.28785
	101.1556	18.28772
	101.1557	18.28735
	101.1562	18.28683
	101.1575	18.28547
	101.1577	18.2851
	101.1578	18.28468
	101.158	18.28432
	101.1582	18.2835
	101.1582	18.28334
	101.1582	18.28311
	101.1584	18.2826
	101.1584	18.28258
	101.1587	18.28227
	101.1592	18.28213
	101.1594	18.28213
	101.1604	18.28259
	101.1608	18.2826
	101.1609	18.28261
	101.1614	18.28247
	101.162	18.28239
	101.1625	18.28215
	101.1628	18.2817
	101.1628	18.28134
	101.1628	18.28113
	101.1633	18.28048
	101.1638	18.27982
	101.1645	18.27904
	101.1653	18.27804
	101.1654	18.27757
	101.1652	18.27729
	101.1647	18.2769
	101.1643	18.2767
	101.1637	18.27606
	101.163	18.27537
	101.1622	18.27484
	101.1621	18.27473
	101.1614	18.27394
	101.1606	18.2733
	101.1602	18.27289
	101.1572	18.2703
	101.1567	18.27002
	101.1563	18.26987
	101.1555	18.26985
	101.1549	18.26963
	101.1542	18.26919
	101.1532	18.26811
	101.1529	18.26779
	101.1522	18.26702
	101.1517	18.26617
	101.1515	18.26581
	101.1516	18.2649
	101.1514	18.26428
	101.1512	18.26393
	101.1511	18.26376
	101.1505	18.26333
	101.1501	18.26268
	101.1494	18.26189
	101.1488	18.26133
	101.1484	18.26087
	101.1478	18.26036
	101.1476	18.2601
	101.1468	18.25947
	101.1462	18.259
	101.1461	18.25861
	101.1462	18.25827
	101.1467	18.25728
	101.1471	18.25676
	101.1481	18.25581
	101.1484	18.25534
	101.1496	18.25488
	101.1507	18.25439
	101.151	18.25425
	101.1511	18.2542
	101.1526	18.25351
	101.153	18.25328
	101.1534	18.25309
	101.1536	18.25298
	101.1537	18.25292
	101.1539	18.25277
	101.1547	18.25214
	101.1552	18.25162
	101.1557	18.25122
	101.156	18.25098
	101.1561	18.25083
	101.1561	18.25072
	101.1561	18.25067
	101.1565	18.25022
	101.1566	18.24999
	101.1571	18.24928
	101.1571	18.24916
	101.1571	18.24905
	101.1575	18.24852
	101.1576	18.24835
	101.1576	18.24834
	101.1577	18.24813
	101.1581	18.24769
	101.1586	18.24742
	101.1587	18.24739
	101.159	18.24731
	101.1592	18.24721
	101.1597	18.24699
	101.1606	18.24637
	101.1612	18.24554
	101.1616	18.2446
	101.1622	18.24303
	101.1622	18.24296
	101.1622	18.2428
	101.162	18.24212
	101.1619	18.24174
	101.1615	18.24109
	101.1614	18.24052
	101.1614	18.24
	101.1621	18.23915
	101.1623	18.23892
	101.1626	18.23863
	101.1633	18.23794
	101.1635	18.23721
	101.1641	18.2364
	101.1643	18.23591
	101.1644	18.23424
	101.1644	18.23411
	101.1644	18.23326
	101.1646	18.23263
	101.1649	18.23203
	101.1656	18.23181
	101.1668	18.23159
	101.1669	18.23154
	101.1673	18.23129
	101.168	18.23089
	101.1685	18.23031
	101.1687	18.22964
	101.1687	18.22873
	101.1686	18.22774
	101.1684	18.22678
	101.1683	18.22468
	101.1681	18.22421
	101.1678	18.22381
	101.1675	18.2234
	101.1666	18.22256
	101.1661	18.22178
	101.166	18.22137
	101.1661	18.22087
	101.1667	18.22024
	101.1673	18.21962
	101.1673	18.21934
	101.1673	18.21902
	101.1671	18.21835
	101.1672	18.21702
	101.1678	18.21644
	101.1688	18.21601
	101.1723	18.21574
	101.173	18.21576
	101.1739	18.2158
	101.1751	18.21603
	101.1757	18.21644
	101.1761	18.21685
	101.1764	18.21745
	101.1767	18.21783
	101.1777	18.2186
	101.1781	18.21982
	101.1783	18.22026
	101.1785	18.22098
	101.1791	18.22183
	101.1797	18.22258
	101.1798	18.22266
	101.1804	18.22317
	101.181	18.22347
	101.1815	18.22344
	101.1826	18.22257
	101.1834	18.22247
	101.1845	18.22246
	101.1852	18.22222
	101.1854	18.22182
	101.1856	18.22112
	101.1858	18.2206
	101.1865	18.22028
	101.1868	18.22008
	101.1876	18.21957
	101.1882	18.21886
	101.1893	18.21739
	101.1904	18.21611
	101.1913	18.21515
	101.1929	18.21388
	101.1945	18.21277
	101.1948	18.2121
	101.1945	18.21132
	101.1942	18.2106
	101.1934	18.20949
	101.1921	18.20736
	101.1914	18.20612
	101.1909	18.20504
	101.1901	18.20064
	101.1886	18.19583
	101.1875	18.19306
	101.1863	18.19069
	101.1861	18.19028
	101.185	18.18722
	101.1833	18.185
	101.182	18.18297
	101.1817	18.1825
	101.18	18.18
	101.1786	18.1775
	101.1767	18.17528
	101.1758	18.17194
	101.1747	18.16861
	101.1739	18.16556
	101.1733	18.16222
	101.1725	18.15917
	101.1717	18.15583
	101.1706	18.15306
	101.1697	18.14972
	101.1689	18.14667
	101.1686	18.14306
	101.1683	18.13917
	101.1675	18.13611
	101.1675	18.13194
	101.1672	18.12833
	101.1672	18.12444
	101.1672	18.12028
	101.1673	18.11905
	101.1675	18.11639
	101.1675	18.1125
	101.1681	18.10889
	101.1683	18.10528
	101.1686	18.10349
	101.1689	18.10167
	101.1689	18.0975
	101.1694	18.09389
	101.17	18.09028
	101.1708	18.08722
	101.1722	18.08444
	101.1736	18.08167
	101.1753	18.07917
	101.1769	18.07694
	101.1792	18.075
	101.1814	18.07278
	101.1833	18.07083
	101.1853	18.06861
	101.1856	18.06813
	101.1869	18.06611
	101.1886	18.06389
	101.1903	18.06139
	101.1908	18.05778
	101.1906	18.05417
	101.1892	18.05139
	101.1878	18.04889
	101.1856	18.04694
	101.1831	18.04528
	101.1806	18.04361
	101.1781	18.04194
	101.1756	18.04028
	101.1728	18.03917
	101.1703	18.0375
	101.1696	18.03719
	101.1672	18.03611
	101.1654	18.03544
	101.1642	18.035
	101.1617	18.03333
	101.1589	18.03194
	101.1572	18.03133
	101.1558	18.03083
	101.1551	18.03046
	101.1531	18.02944
	101.1506	18.02778
	101.1481	18.02611
	101.1458	18.02417
	101.1433	18.0225
	101.1414	18.02028
	101.1397	18.01806
	101.1381	18.01556
	101.1358	18.01361
	101.1344	18.01111
	101.1328	18.00861
	101.1314	18.00583
	101.1303	18.00306
	101.1292	18.00028
	101.1278	17.99722
	101.1267	17.99444
	101.1258	17.99111
	101.125	17.98806
	101.1244	17.98472
	101.1236	17.98167
	101.1222	17.97889
	101.1211	17.97583
	101.1203	17.97278
	101.1194	17.96944
	101.1186	17.96741
	101.1183	17.96667
	101.1175	17.96333
	101.1164	17.96056
	101.1147	17.95806
	101.1131	17.95583
	101.1111	17.95361
	101.1089	17.95167
	101.1064	17.95
	101.1044	17.94806
	101.1022	17.94583
	101.1003	17.94389
	101.0981	17.94167
	101.0961	17.93972
	101.0939	17.93778
	101.0925	17.93528
	101.0908	17.93377
	101.0903	17.93333
	101.0883	17.93111
	101.0861	17.92917
	101.0842	17.92722
	101.0819	17.925
	101.0794	17.92333
	101.0769	17.92167
	101.0744	17.92
	101.0719	17.91833
	101.0692	17.91722
	101.0656	17.91639
	101.0628	17.915
	101.06	17.91389
	101.0598	17.91377
	101.0572	17.91222
	101.0544	17.91083
	101.0511	17.91
	101.0483	17.90889
	101.0453	17.9075
	101.0422	17.90639
	101.0397	17.90472
	101.0369	17.90333
	101.0339	17.90222
	101.033	17.90177
	101.0311	17.90083
	101.0281	17.89972
	101.0261	17.8975
	101.0239	17.89556
	101.0222	17.89306
	101.0222	17.89305
	101.0211	17.89028
	101.0208	17.88667
	101.0208	17.8825
	101.0206	17.87889
	101.0209	17.8776
	101.0211	17.87528
	101.0215	17.87378
	101.0219	17.87222
	101.0228	17.86889
	101.0236	17.86583
	101.0242	17.86463
	101.025	17.86306
	101.0264	17.86028
	101.0278	17.8575
	101.0286	17.85417
	101.0294	17.85111
	101.0303	17.84778
	101.0306	17.84389
	101.0306	17.84
	101.0303	17.83611
	101.0294	17.83306
	101.0278	17.83056
	101.0261	17.82806
	101.0242	17.82611
	101.0219	17.82417
	101.02	17.82194
	101.0181	17.82068
	101.0175	17.82028
	101.0144	17.81917
	101.0117	17.81778
	101.0083	17.81694
	101.0065	17.81628
	101.0053	17.81583
	101.0025	17.81444
	100.9994	17.81333
	100.9967	17.81194
	100.9936	17.81083
	100.9911	17.80917
	100.9897	17.80611
	100.9894	17.8025
	100.9908	17.79972
	100.9922	17.79854
	100.9931	17.79778
	100.9947	17.79556
	100.9969	17.79361
	100.9986	17.79111
	101.0	17.78833
	101.0014	17.78556
	101.0008	17.78194
	100.9997	17.77917
	100.9981	17.77667
	100.9956	17.775
	100.9931	17.77333
	100.9903	17.77194
	100.9872	17.77083
	100.9847	17.77021
	100.9839	17.77
	100.9819	17.76778
	100.9806	17.765
	100.9806	17.76111
	100.9817	17.75778
	100.9825	17.75472
	100.9835	17.75092
	100.9838	17.75033
	100.9847	17.74861
	100.9861	17.74583
	100.9866	17.74484
	100.9875	17.74306
	100.9883	17.74
	100.9892	17.73667
	100.9892	17.73278
	100.9897	17.72917
	100.9892	17.72583
	100.9883	17.72278
	100.9875	17.71944
	100.9858	17.71694
	100.9842	17.71472
	100.9832	17.71347
	100.9822	17.71222
	100.98	17.71
	100.9781	17.70806
	100.9758	17.70611
	100.9739	17.70389
	100.973	17.70301
	100.9719	17.70194
	100.97	17.69944
	100.9686	17.69694
	100.9669	17.69472
	100.9656	17.69167
	100.9644	17.68889
	100.9636	17.68556
	100.9633	17.68194
	100.9631	17.67833
	100.9671	17.67546
	100.968	17.67209
	100.9718	17.66894
	100.9723	17.66346
	100.9705	17.66305
	100.9714	17.66004
	100.9708	17.6598
	100.969	17.65908
	100.9674	17.6614
	100.9641	17.66072
	100.9615	17.65593
	100.9593	17.65607
	100.9569	17.65622
	100.9548	17.65298
	100.9585	17.65257
	100.9601	17.65239
	100.9549	17.64581
	100.9553	17.64426
	100.9556	17.64309
	100.9599	17.64309
	100.9672	17.63556
	100.982	17.62314
	100.9803	17.62155
	100.9775	17.62069
	100.9764	17.62036
	100.9749	17.61447
	100.9808	17.61504
	100.9856	17.61401
	100.9871	17.61766
	100.9873	17.61713
	100.9873	17.61712
	100.9878	17.6166
	100.9879	17.61612
	100.9881	17.61569
	100.9883	17.61522
	100.9882	17.61448
	100.9878	17.61364
	100.9878	17.613
	100.988	17.61238
	100.9878	17.61194
	100.9872	17.61147
	100.9866	17.6111
	100.9862	17.6112
	100.9859	17.61093
	100.9858	17.61068
	100.9855	17.60984
	100.9856	17.60898
	100.985	17.60809
	100.9845	17.60807
	100.9842	17.60806
	100.9835	17.60861
	100.9831	17.60862
	100.9827	17.60825
	100.9825	17.60759
	100.9828	17.60628
	100.9825	17.60532
	100.9809	17.60363
	100.9802	17.6025
	100.9798	17.60178
	100.979	17.60142
	100.9785	17.60113
	100.9778	17.59916
	100.9775	17.59868
	100.9776	17.59688
	100.9774	17.59615
	100.9771	17.59576
	100.9759	17.59544
	100.9751	17.59519
	100.9748	17.59485
	100.9745	17.5945
	100.9734	17.59374
	100.9721	17.59353
	100.9718	17.59355
	100.9705	17.59364
	100.9696	17.59363
	100.9688	17.59325
	100.9688	17.59323
	100.9687	17.59281
	100.9688	17.5921
	100.9686	17.59118
	100.9684	17.59012
	100.9688	17.58934
	100.9688	17.58907
	100.9688	17.58893
	100.9682	17.58823
	100.9681	17.58784
	100.968	17.58743
	100.9678	17.5869
	100.968	17.5861
	100.9682	17.58548
	100.9682	17.58497
	100.9682	17.58452
	100.9678	17.5832
	100.9667	17.58242
	100.9654	17.58172
	100.965	17.58117
	100.965	17.58079
	100.965	17.58054
	100.9655	17.57892
	100.9666	17.5755
	100.9676	17.57357
	100.9672	17.57227
	100.9675	17.57175
	100.9676	17.57152
	100.9678	17.57131
	100.9681	17.57118
	100.9693	17.57055
	100.9708	17.56999
	100.9725	17.56966
	100.9735	17.5689
	100.974	17.56933
	100.9746	17.57034
	100.9744	17.57125
	100.9741	17.57202
	100.9742	17.57245
	100.9745	17.5727
	100.9746	17.57279
	100.9751	17.57283
	100.9755	17.57251
	100.9761	17.57241
	100.9775	17.57241
	100.9785	17.57197
	100.9795	17.57075
	100.9805	17.56951
	100.9819	17.56794
	100.9843	17.56645
	100.9851	17.56568
	100.9852	17.56558
	100.9853	17.56568
	100.9859	17.56657
	100.9863	17.56674
	100.9865	17.56669
	100.9868	17.56663
	100.9872	17.56644
	100.9873	17.56639
	100.9877	17.56657
	100.9879	17.56697
	100.9881	17.56733
	100.9884	17.56766
	100.9889	17.56772
	100.9895	17.56745
	100.9895	17.56666
	100.9896	17.56655
	100.9899	17.56624
	100.9898	17.56568
	100.9901	17.56527
	100.9905	17.56515
	100.9909	17.56541
	100.9918	17.56643
	100.992	17.56645
	100.9925	17.56651
	100.9949	17.56533
	100.9981	17.56318
	100.9987	17.56272
	100.9975	17.55963
	100.9978	17.55955
	100.999	17.55925
	101.0001	17.55944
	101.0011	17.55974
	101.0022	17.55913
	101.0026	17.55835
	101.0028	17.55708
	101.0033	17.55647
	101.0038	17.5564
	101.0039	17.55639
	101.0053	17.55641
	101.0066	17.55643
	101.0068	17.55614
	101.0075	17.55613
	101.0079	17.55612
	101.0084	17.5565
	101.0101	17.55627
	101.0124	17.55848
	101.0137	17.55861
	101.0138	17.55834
	101.0139	17.55804
	101.0146	17.55731
	101.0149	17.55723
	101.0156	17.55706
	101.017	17.55769
	101.018	17.55787
	101.0195	17.55775
	101.0214	17.55625
	101.0215	17.55694
	101.0224	17.55685
	101.0227	17.55769
	101.0233	17.55774
	101.0242	17.55781
	101.0244	17.55741
	101.0244	17.55715
	101.0244	17.55688
	101.0235	17.55613
	101.0232	17.55504
	101.0228	17.55471
	101.0242	17.55181
	101.0265	17.55144
	101.0269	17.55112
	101.027	17.55072
	101.0271	17.55047
	101.0272	17.55024
	101.0278	17.54989
	101.0284	17.54989
	101.0332	17.54765
	101.0334	17.54762
	101.0378	17.54694
	101.0384	17.54508
	101.0397	17.5436
	101.0402	17.54114
	101.042	17.54147
	101.0433	17.54487
	101.0438	17.54557
	101.0438	17.54558
	101.0451	17.5459
	101.0459	17.54521
	101.0467	17.54403
	101.0454	17.54046
	101.0466	17.53839
	101.0465	17.53738
	101.0463	17.53506
	101.0467	17.53132
	101.0467	17.53011
	101.0473	17.52949
	101.0484	17.52899
	101.0488	17.52914
	101.0493	17.52899
	101.05	17.52841
	101.0516	17.52852
	101.0525	17.52859
	101.0537	17.52849
	101.0548	17.52838
	101.0555	17.52805
	101.0561	17.52776
	101.0568	17.52784
	101.0573	17.52761
	101.059	17.52684
	101.0599	17.52675
	101.0603	17.52711
	101.0607	17.52745
	101.0614	17.52715
	101.0608	17.52451
	101.0606	17.51941
	101.0607	17.51719
	101.061	17.51582
	101.0618	17.51423
	101.0618	17.51348
	101.0618	17.5133
	101.0616	17.51247
	101.0618	17.51206
	101.0636	17.51306
	101.0644	17.51467
	101.0649	17.51493
	101.0666	17.51331
	101.0684	17.51229
	101.0685	17.51178
	101.0741	17.50694
	101.0749	17.50696
	101.0756	17.50493
	101.0775	17.50478
	101.079	17.50401
	101.0794	17.50351
	101.0797	17.50315
	101.0804	17.50294
	101.0804	17.50253
	101.0802	17.50249
	101.08	17.50245
	101.0796	17.50147
	101.0797	17.50111
	101.0798	17.50079
	101.0803	17.50081
	101.0807	17.5018
	101.0812	17.50146
	101.0816	17.50171
	101.0817	17.50241
	101.0815	17.50276
	101.081	17.50274
	101.0809	17.50304
	101.0818	17.50349
	101.0821	17.50436
	101.0816	17.505
	101.0813	17.50587
	101.0817	17.50596
	101.0818	17.50589
	101.0828	17.5048
	101.0846	17.5038
	101.0852	17.50415
	101.085	17.50486
	101.0848	17.50553
	101.0861	17.50664
	101.0878	17.50661
	101.0898	17.50656
	101.0901	17.50756
	101.094	17.50911
	101.0965	17.50917
	101.0972	17.50909
	101.0982	17.50899
	101.1032	17.50926
	101.1032	17.50835
	101.103	17.50738
	101.1014	17.50627
	101.0992	17.50523
	101.0973	17.50548
	101.0965	17.50543
	101.0963	17.50541
	101.096	17.50506
	101.0959	17.50482
	101.0963	17.50422
	101.0973	17.50338
	101.099	17.50297
	101.0995	17.50284
	101.1008	17.50231
	101.1005	17.50126
	101.1001	17.50094
	101.0998	17.50069
	101.0987	17.50059
	101.0964	17.50038
	101.0951	17.49923
	101.0943	17.49775
	101.0941	17.49673
	101.0944	17.49548
	101.0964	17.49596
	101.0971	17.49598
	101.099	17.49527
	101.099	17.49526
	101.1009	17.49362
	101.1013	17.49314
	101.1016	17.49301
	101.1023	17.49271
	101.1041	17.49228
	101.1043	17.49268
	101.1043	17.49292
	101.1043	17.493
	101.1049	17.49365
	101.1055	17.49341
	101.1059	17.49325
	101.1074	17.49222
	101.1083	17.49078
	101.1083	17.48964
	101.1097	17.48703
	101.1104	17.48638
	101.111	17.48506
	101.1107	17.48422
	101.1101	17.48308
	101.1092	17.48248
	101.1092	17.48245
	101.1092	17.48138
	101.1098	17.48081
	101.1101	17.48006
	101.1147	17.47837
	101.1158	17.47872
	101.116	17.4789
	101.1178	17.48044
	101.1193	17.4824
	101.1207	17.48345
	101.1212	17.48373
	101.1219	17.4841
	101.1238	17.48391
	101.1243	17.48335
	101.1246	17.4829
	101.1249	17.48243
	101.1268	17.48178
	101.1288	17.48209
	101.1311	17.48329
	101.1329	17.48344
	101.1354	17.48364
	101.1358	17.48356
	101.1363	17.48347
	101.1369	17.48286
	101.1366	17.48187
	101.1353	17.48057
	101.1324	17.48117
	101.132	17.48118
	101.1314	17.48119
	101.1308	17.48082
	101.1302	17.48092
	101.13	17.47997
	101.1305	17.47821
	101.1313	17.47708
	101.1317	17.47652
	101.1311	17.47311
	101.1319	17.47307
	101.1326	17.47304
	101.1336	17.47403
	101.1388	17.47463
	101.1426	17.47585
	101.1436	17.47698
	101.1446	17.47868
	101.1459	17.47892
	101.146	17.47894
	101.1466	17.47844
	101.1472	17.47745
	101.1473	17.47657
	101.1471	17.47603
	101.1468	17.47507
	101.1472	17.47373
	101.1471	17.47162
	101.1477	17.46952
	101.1497	17.46679
	101.151	17.4663
	101.1517	17.46603
	101.1527	17.46626
	101.153	17.46643
	101.1535	17.46673
	101.1546	17.46718
	101.156	17.46708
	101.1576	17.46697
	101.1594	17.46715
	101.1603	17.46724
	101.1608	17.46716
	101.1634	17.46929
	101.1641	17.4699
	101.164	17.47029
	101.1638	17.47117
	101.1635	17.47473
	101.1638	17.47546
	101.1647	17.47774
	101.1648	17.4786
	101.1649	17.47871
	101.1654	17.47924
	101.166	17.47948
	101.1672	17.47976
	101.1679	17.48027
	101.1682	17.48074
	101.1675	17.4818
	101.1646	17.48267
	101.1633	17.48278
	101.1631	17.4829
	101.1629	17.48302
	101.1628	17.48322
	101.1627	17.48344
	101.1642	17.48535
	101.1646	17.48616
	101.1647	17.48752
	101.1642	17.48796
	101.1639	17.48919
	101.1634	17.48978
	101.1632	17.4908
	101.1635	17.49162
	101.1639	17.49171
	101.1649	17.49138
	101.1664	17.49125
	101.1684	17.49266
	101.1696	17.49406
	101.1702	17.49422
	101.1705	17.49389
	101.1721	17.49389
	101.1731	17.49438
	101.1744	17.49508
	101.1746	17.49518
	101.1754	17.49511
	101.1758	17.49508
	101.1767	17.49523
	101.1776	17.49537
	101.1783	17.49559
	101.1793	17.49591
	101.1823	17.49735
	101.1829	17.49746
	101.1834	17.49819
	101.1835	17.49832
	101.1836	17.49926
	101.1821	17.50084
	101.182	17.50182
	101.1819	17.50284
	101.1821	17.50486
	101.182	17.50526
	101.1812	17.50525
	101.1807	17.50439
	101.1803	17.50398
	101.1796	17.5039
	101.1793	17.50422
	101.1793	17.50496
	101.1794	17.50539
	101.1804	17.5059
	101.1808	17.50618
	101.1811	17.50652
	101.1816	17.50708
	101.1811	17.50745
	101.1797	17.50701
	101.179	17.50715
	101.1787	17.50765
	101.1788	17.50952
	101.1789	17.51
	101.1796	17.51084
	101.1808	17.51188
	101.1797	17.51317
	101.1793	17.51283
	101.179	17.51284
	101.1788	17.51286
	101.1782	17.51278
	101.1775	17.51332
	101.1777	17.51462
	101.1779	17.51544
	101.178	17.51588
	101.1776	17.51602
	101.1773	17.51612
	101.1769	17.51663
	101.177	17.51757
	101.1779	17.52019
	101.1779	17.52058
	101.1779	17.52087
	101.1772	17.52219
	101.1753	17.52353
	101.1752	17.52439
	101.1758	17.52501
	101.1763	17.52551
	101.1765	17.52566
	101.1766	17.52574
	101.1781	17.52638
	101.1787	17.52663
	101.1798	17.52637
	101.1803	17.52626
	101.182	17.5259
	101.1822	17.52573
	101.1827	17.52571
	101.1831	17.52598
	101.1833	17.52611
	101.1831	17.52704
	101.1819	17.52856
	101.1822	17.52916
	101.1828	17.52936
	101.1845	17.52899
	101.1854	17.52905
	101.1861	17.53011
	101.1864	17.53009
	101.1868	17.53005
	101.1876	17.53068
	101.1882	17.53115
	101.1897	17.53126
	101.1903	17.5313
	101.1915	17.53081
	101.1921	17.53083
	101.1922	17.53083
	101.1928	17.5308
	101.1955	17.5307
	101.1957	17.53081
	101.196	17.53097
	101.1964	17.53057
	101.1968	17.53053
	101.1972	17.53048
	101.198	17.53105
	101.2001	17.53078
	101.2034	17.53035
	101.2049	17.53079
	101.2061	17.53087
	101.2075	17.53159
	101.208	17.5316
	101.209	17.53162
	101.2094	17.5311
	101.2129	17.53102
	101.2132	17.53124
	101.2253	17.46857
	101.1484	17.24312
	101.0248	17.06991
	100.7721	17.03315
	100.4178	17.16441
	100.0168	17.09879
	99.78058	17.14079
	99.45099	17.05941
	99.19556	16.97274
	98.94562	16.93596
	98.52305	16.79246
END
END
