Turkey_Black Sea Region
1
	42.52023	41.43671
	42.52004	41.40753
	42.53303	41.39459
	42.5692	41.37198
	42.58226	41.36153
	42.59109	41.34921
	42.59164	41.3363
	42.58795	41.3168
	42.58115	41.29664
	42.57476	41.27445
	42.57016	41.26005
	42.54353	41.22401
	42.5129	41.18257
	42.50162	41.17224
	42.49691	41.16929
	42.48331	41.16073
	42.45542	41.14463
	42.4142	41.12003
	42.3844	41.10144
	42.36963	41.08962
	42.35794	41.07874
	42.35939	41.06314
	42.36695	41.0361
	42.37243	41.01496
	42.37634	40.99502
	42.36262	40.95533
	42.35183	40.94499
	42.33966	40.93793
	42.33886	40.93205
	42.33452	40.93277
	42.33158	40.93852
	42.31776	40.93787
	42.31787	40.93287
	42.31502	40.9295
	42.30944	40.92889
	42.30706	40.92769
	42.30169	40.9274
	42.29853	40.92545
	42.29456	40.92545
	42.28966	40.92421
	42.28154	40.92492
	42.27717	40.92282
	42.27105	40.93227
	42.26535	40.9371
	42.25647	40.93493
	42.24003	40.93869
	42.23032	40.945
	42.22717	40.95405
	42.22785	40.96547
	42.21848	40.97301
	42.21348	40.97278
	42.20804	40.97129
	42.20786	40.97125
	42.19585	40.97197
	42.17506	40.97083
	42.17241	40.97844
	42.16819	40.97962
	42.15813	40.97912
	42.15095	40.97947
	42.14985	40.97546
	42.14345	40.97216
	42.12518	40.96874
	42.12112	40.96426
	42.11877	40.97039
	42.1119	40.9744
	42.08967	40.97646
	42.07739	40.97558
	42.07442	40.98124
	42.07552	40.98749
	42.06896	40.98301
	42.06888	40.98299
	42.06115	40.98124
	42.03914	40.97929
	42.0321	40.9757
	42.02141	40.97471
	42.0085	40.97775
	42.00511	40.98189
	42.00641	40.98579
	42.0056	40.99079
	41.99449	40.98697
	41.98962	40.98287
	41.96513	40.9804
	41.96531	40.97898
	41.9595	40.96947
	41.95176	40.96387
	41.9474	40.96253
	41.9382	40.95071
	41.93756	40.94583
	41.93078	40.93389
	41.91868	40.92901
	41.91461	40.93608
	41.89862	40.93812
	41.88928	40.91634
	41.88059	40.9184
	41.87016	40.90349
	41.8496	40.89466
	41.84854	40.87295
	41.83632	40.8595
	41.84713	40.85102
	41.85593	40.84657
	41.86919	40.8342
	41.87032	40.81957
	41.87351	40.80592
	41.86996	40.80046
	41.86811	40.78993
	41.86809	40.78777
	41.85523	40.78641
	41.85258	40.78185
	41.85318	40.77902
	41.85162	40.77915
	41.84982	40.77736
	41.84975	40.77542
	41.84882	40.77488
	41.85082	40.77312
	41.84877	40.76809
	41.84517	40.76306
	41.84467	40.76091
	41.84528	40.76053
	41.84461	40.76015
	41.84436	40.75943
	41.84257	40.75896
	41.84197	40.75909
	41.84185	40.75859
	41.83934	40.75793
	41.8388	40.75746
	41.83732	40.75679
	41.83545	40.75425
	41.83038	40.7481
	41.82786	40.75124
	41.82768	40.75122
	41.82737	40.75121
	41.82711	40.75122
	41.82675	40.75126
	41.82626	40.75124
	41.82526	40.75116
	41.82414	40.75094
	41.82368	40.75077
	41.82333	40.75052
	41.82302	40.75035
	41.82225	40.75009
	41.82196	40.75006
	41.82166	40.75005
	41.82113	40.75007
	41.82023	40.75006
	41.81961	40.75002
	41.81868	40.74983
	41.81627	40.74538
	41.81325	40.74229
	41.81119	40.72963
	41.81518	40.71523
	41.80582	40.71174
	41.80495	40.70443
	41.8075	40.69849
	41.8068	40.68429
	41.79764	40.67651
	41.79758	40.66666
	41.79128	40.672
	41.78294	40.66843
	41.77665	40.66229
	41.76486	40.66247
	41.73587	40.67268
	41.72357	40.68555
	41.71961	40.68404
	41.7139	40.67296
	41.7082	40.66908
	41.69991	40.67343
	41.69238	40.67548
	41.66009	40.68284
	41.65166	40.68864
	41.63677	40.6898
	41.61248	40.69187
	41.57668	40.69043
	41.56186	40.67714
	41.5517	40.67014
	41.54473	40.66279
	41.5331	40.66039
	41.51984	40.64476
	41.5071	40.64333
	41.49148	40.63331
	41.47524	40.6318
	41.47323	40.62234
	41.4613	40.61552
	41.45336	40.60991
	41.44208	40.60639
	41.44189	40.59835
	41.43284	40.58779
	41.42197	40.57873
	41.41142	40.56942
	41.39614	40.57546
	41.38403	40.56796
	41.36472	40.56319
	41.35088	40.56459
	41.33443	40.56583
	41.32879	40.55897
	41.31716	40.55722
	41.32216	40.57268
	41.32107	40.58085
	41.31923	40.58439
	41.31759	40.59687
	41.31482	40.60144
	41.31221	40.60942
	41.3172	40.61681
	41.31507	40.63011
	41.3154	40.63595
	41.31163	40.63953
	41.30189	40.64194
	41.30446	40.65306
	41.2969	40.65936
	41.29518	40.66578
	41.29334	40.67388
	41.29089	40.675
	41.29163	40.67816
	41.29101	40.68188
	41.29727	40.68421
	41.30463	40.68207
	41.31358	40.6845
	41.31567	40.68737
	41.31494	40.69016
	41.32046	40.68979
	41.32316	40.69221
	41.32612	40.69257
	41.32612	40.69265
	41.3267	40.69391
	41.32668	40.69433
	41.32671	40.69446
	41.32713	40.69534
	41.32762	40.69598
	41.32802	40.69637
	41.32847	40.69668
	41.32878	40.69685
	41.32879	40.69683
	41.32885	40.69702
	41.33155	40.69618
	41.33158	40.69611
	41.33145	40.69475
	41.33152	40.69471
	41.3318	40.69449
	41.33212	40.69418
	41.33259	40.69362
	41.33271	40.69345
	41.33313	40.69313
	41.33334	40.69305
	41.33357	40.69303
	41.33437	40.69303
	41.33469	40.69305
	41.33501	40.69305
	41.33567	40.69292
	41.33577	40.69288
	41.33641	40.6925
	41.33648	40.69243
	41.33697	40.69174
	41.33704	40.69158
	41.33719	40.69109
	41.33721	40.69077
	41.33746	40.69104
	41.33753	40.69108
	41.33923	40.69127
	41.33931	40.69124
	41.3401	40.69
	41.34083	40.68998
	41.34303	40.69165
	41.34438	40.69491
	41.34868	40.69621
	41.3553	40.70142
	41.3596	40.70347
	41.36365	40.70672
	41.36991	40.70756
	41.37359	40.70914
	41.37384	40.71082
	41.36537	40.715
	41.3647	40.72033
	41.35665	40.72644
	41.3477	40.73787
	41.34009	40.74196
	41.33653	40.74522
	41.3342	40.74661
	41.33027	40.75101
	41.31616	40.75275
	41.30697	40.76024
	41.29911	40.76083
	41.29187	40.76427
	41.28745	40.76436
	41.28316	40.76288
	41.28186	40.76302
	41.27368	40.76397
	41.25752	40.75916
	41.24709	40.76055
	41.24046	40.7625
	41.2385	40.76873
	41.23161	40.76941
	41.22832	40.78332
	41.22488	40.78722
	41.22512	40.79084
	41.22267	40.79391
	41.21692	40.79841
	41.21776	40.80422
	41.20414	40.80728
	41.20186	40.80929
	41.21719	40.81834
	41.21484	40.82223
	41.23196	40.82725
	41.22683	40.83357
	41.21805	40.83843
	41.21505	40.83454
	41.20328	40.82838
	41.19022	40.82612
	41.18251	40.81915
	41.1778	40.81915
	41.1711	40.81192
	41.16272	40.80934
	41.15016	40.81044
	41.14218	40.81304
	41.14294	40.81878
	41.14145	40.82168
	41.14135	40.82469
	41.13384	40.82474
	41.12933	40.82568
	41.12241	40.8271
	41.11411	40.82101
	41.11507	40.81202
	41.11801	40.80756
	41.11753	40.79997
	41.12108	40.79679
	41.11814	40.79001
	41.11004	40.79066
	41.10145	40.78871
	41.10036	40.78371
	41.09421	40.7836
	41.08758	40.77914
	41.07912	40.78016
	41.07075	40.77951
	41.06428	40.77692
	41.05912	40.77338
	41.0583	40.76915
	41.04145	40.77291
	41.03728	40.77012
	41.0336	40.77217
	41.02722	40.76827
	41.02878	40.76611
	41.01961	40.76483
	41.01532	40.76343
	41.01133	40.76428
	41.00796	40.75999
	41.00342	40.7612
	40.99866	40.76407
	40.98008	40.76168
	40.97581	40.76262
	40.97175	40.7594
	40.96587	40.75749
	40.96182	40.75405
	40.9617	40.74996
	40.95839	40.74708
	40.95372	40.74745
	40.94477	40.74215
	40.93845	40.73713
	40.9336	40.73797
	40.92415	40.73387
	40.90787	40.73597
	40.89832	40.73682
	40.89179	40.73658
	40.88687	40.73593
	40.88114	40.73386
	40.87472	40.73552
	40.873	40.73387
	40.87076	40.72836
	40.87065	40.72552
	40.86947	40.72317
	40.87622	40.7179
	40.88457	40.71749
	40.88585	40.7136
	40.88831	40.71254
	40.88628	40.70946
	40.88532	40.70775
	40.879	40.70264
	40.87697	40.69956
	40.86958	40.69769
	40.86594	40.69631
	40.8573	40.69668
	40.85746	40.69447
	40.85916	40.69208
	40.85993	40.68897
	40.86455	40.68576
	40.86206	40.68128
	40.85663	40.68112
	40.85342	40.67618
	40.84474	40.67252
	40.84141	40.66792
	40.8362	40.66784
	40.83429	40.66683
	40.8326	40.66244
	40.82687	40.6595
	40.8334	40.65785
	40.83533	40.65445
	40.84113	40.65326
	40.83938	40.64314
	40.84154	40.63913
	40.8534	40.63734
	40.86147	40.62836
	40.86524	40.62114
	40.86706	40.61648
	40.8689	40.61106
	40.86671	40.60454
	40.86416	40.60069
	40.86202	40.59207
	40.8516	40.58506
	40.8412	40.57868
	40.83537	40.57527
	40.82739	40.57304
	40.81786	40.57766
	40.80969	40.58007
	40.80407	40.58165
	40.79895	40.58198
	40.79444	40.58045
	40.79272	40.5759
	40.78728	40.57213
	40.78122	40.56738
	40.77982	40.5568
	40.77627	40.55282
	40.76519	40.56652
	40.76788	40.57224
	40.779	40.57892
	40.77685	40.58232
	40.78544	40.58304
	40.78563	40.58505
	40.77774	40.58682
	40.77745	40.59111
	40.772	40.59145
	40.77088	40.59365
	40.77667	40.59676
	40.77517	40.60229
	40.76321	40.60262
	40.7574	40.59916
	40.74653	40.59635
	40.74563	40.59946
	40.73125	40.59799
	40.72705	40.59573
	40.72295	40.59551
	40.7251	40.60251
	40.71561	40.60455
	40.71042	40.60395
	40.70172	40.59861
	40.69086	40.59569
	40.68333	40.59512
	40.67607	40.59354
	40.67137	40.58911
	40.662	40.58535
	40.65901	40.5818
	40.65835	40.57621
	40.65694	40.57062
	40.65065	40.5677
	40.64655	40.56388
	40.64178	40.56649
	40.62389	40.56287
	40.62225	40.55952
	40.6192	40.55828
	40.61426	40.55956
	40.60591	40.55742
	40.59853	40.55463
	40.58709	40.5527
	40.57763	40.55566
	40.57389	40.55546
	40.57473	40.54353
	40.57682	40.53655
	40.58583	40.5268
	40.58653	40.52034
	40.59485	40.51375
	40.5841	40.5061
	40.57751	40.49674
	40.5704	40.497
	40.56901	40.49279
	40.56497	40.48899
	40.56187	40.47572
	40.55458	40.45347
	40.54677	40.43757
	40.5551	40.42714
	40.555	40.41947
	40.54419	40.4114
	40.53972	40.40722
	40.54004	40.4017
	40.57555	40.40472
	40.58323	40.39683
	40.5787	40.39154
	40.59155	40.38319
	40.59947	40.38208
	40.6053	40.37594
	40.60032	40.36903
	40.5989	40.363
	40.59183	40.36095
	40.57757	40.35472
	40.5621	40.35394
	40.54479	40.36492
	40.53521	40.36666
	40.52318	40.36494
	40.51272	40.36678
	40.50383	40.37406
	40.48392	40.36212
	40.49063	40.35609
	40.48839	40.35085
	40.50152	40.34643
	40.49464	40.33912
	40.50908	40.33388
	40.51088	40.32625
	40.52636	40.31519
	40.53758	40.29951
	40.51817	40.28016
	40.49974	40.27196
	40.52607	40.26635
	40.53062	40.25987
	40.54333	40.25252
	40.55871	40.25872
	40.58353	40.259
	40.59115	40.2505
	40.59746	40.2363
	40.62097	40.21988
	40.63976	40.21248
	40.67813	40.22754
	40.69366	40.22689
	40.6935	40.21629
	40.69669	40.21349
	40.68958	40.20807
	40.6935	40.20227
	40.68934	40.19815
	40.68273	40.1974
	40.67734	40.19086
	40.67171	40.19161
	40.66754	40.18786
	40.67489	40.17813
	40.68273	40.17626
	40.68934	40.17159
	40.70428	40.16316
	40.71113	40.15268
	40.69429	40.14728
	40.68916	40.14806
	40.66933	40.14095
	40.66394	40.13664
	40.66492	40.1314
	40.66369	40.12934
	40.65708	40.12841
	40.6539	40.1256
	40.64938	40.12359
	40.64913	40.11132
	40.6446	40.11095
	40.63922	40.11422
	40.63603	40.11375
	40.63383	40.10963
	40.63015	40.10842
	40.62746	40.10935
	40.622	40.10623
	40.59332	40.105
	40.57777	40.09971
	40.57027	40.1008
	40.55804	40.09856
	40.54213	40.0953
	40.51928	40.08494
	40.50749	40.07556
	40.50675	40.05368
	40.50737	40.05039
	40.50487	40.04863
	40.503	40.04863
	40.49985	40.04452
	40.48942	40.03423
	40.47662	40.02905
	40.45255	40.02507
	40.4284	40.02577
	40.39712	40.03221
	40.3713	40.04474
	40.3507	40.04759
	40.30079	40.03874
	40.3011	40.03228
	40.24398	40.02574
	40.21835	40.03176
	40.17406	40.03778
	40.14062	40.02886
	40.11754	40.04655
	40.11251	40.0761
	40.09597	40.08299
	40.06136	40.08309
	40.04161	40.07594
	40.02078	40.06345
	39.96663	40.05087
	39.94935	40.04105
	39.91791	40.03637
	39.8942	40.02008
	39.88363	40.0108
	39.87623	39.99933
	39.86439	39.98619
	39.85163	39.97549
	39.84762	39.96202
	39.8385	39.96157
	39.82891	39.95551
	39.81034	39.94168
	39.80471	39.93071
	39.81672	39.91948
	39.79819	39.89708
	39.77137	39.88942
	39.75821	39.88886
	39.73651	39.8877
	39.69433	39.88602
	39.65931	39.86684
	39.65312	39.86267
	39.64522	39.86214
	39.64527	39.8621
	39.64548	39.86203
	39.64626	39.86182
	39.64654	39.86177
	39.64721	39.86171
	39.64823	39.86154
	39.64853	39.86146
	39.64885	39.86135
	39.64907	39.86127
	39.64939	39.86112
	39.64971	39.86093
	39.65043	39.86041
	39.65072	39.86026
	39.65116	39.86007
	39.65165	39.85992
	39.65255	39.85955
	39.65266	39.85952
	39.65301	39.85949
	39.6534	39.85948
	39.65372	39.85945
	39.6542	39.85936
	39.6546	39.8593
	39.65514	39.85914
	39.65561	39.85892
	39.65612	39.85887
	39.65653	39.85885
	39.65704	39.85875
	39.65753	39.85859
	39.65799	39.85847
	39.65849	39.85839
	39.66017	39.85612
	39.6579	39.85444
	39.6573	39.85452
	39.65646	39.85473
	39.65603	39.85487
	39.65579	39.85488
	39.65503	39.85495
	39.65468	39.85502
	39.65439	39.8551
	39.65403	39.85524
	39.65372	39.85539
	39.65316	39.85548
	39.65286	39.85549
	39.65211	39.85555
	39.65174	39.85562
	39.6511	39.85582
	39.65037	39.85613
	39.64988	39.85628
	39.64969	39.85635
	39.64896	39.85666
	39.64847	39.85692
	39.64821	39.85708
	39.64747	39.8576
	39.64675	39.85773
	39.64593	39.85782
	39.64548	39.8579
	39.64529	39.85794
	39.64437	39.85819
	39.64385	39.85836
	39.64352	39.85851
	39.6431	39.85873
	39.64278	39.85895
	39.64266	39.85905
	39.64213	39.85901
	39.64167	39.85902
	39.64145	39.85906
	39.64073	39.85932
	39.64044	39.85949
	39.64006	39.85979
	39.6396	39.86025
	39.63941	39.86047
	39.63897	39.86107
	39.63886	39.86096
	39.63801	39.86044
	39.63789	39.8604
	39.63613	39.86069
	39.63602	39.86077
	39.63536	39.86229
	39.63524	39.86228
	39.6352	39.86258
	39.63501	39.86311
	39.63489	39.86376
	39.6347	39.86411
	39.6345	39.86457
	39.63262	39.86521
	39.6314	39.86777
	39.63093	39.86812
	39.63081	39.86824
	39.63039	39.86899
	39.63034	39.86915
	39.63035	39.86948
	39.62974	39.8698
	39.62931	39.8701
	39.62885	39.87053
	39.62857	39.87083
	39.62809	39.87193
	39.62808	39.87211
	39.62815	39.87289
	39.62797	39.87361
	39.62791	39.87391
	39.62787	39.87442
	39.62787	39.8747
	39.62807	39.8747
	39.62762	39.87614
	39.62789	39.87623
	39.62256	39.89255
	39.62015	39.89387
	39.62027	39.89426
	39.62037	39.89479
	39.62042	39.89531
	39.6208	39.89697
	39.62142	39.89921
	39.6215	39.89956
	39.62145	39.90057
	39.62139	39.90076
	39.62057	39.90184
	39.62032	39.902
	39.6199	39.90221
	39.61953	39.90234
	39.61915	39.90243
	39.61885	39.90248
	39.61814	39.90245
	39.6179	39.9024
	39.61742	39.90223
	39.61708	39.90206
	39.61664	39.90175
	39.61561	39.90081
	39.61543	39.90062
	39.61505	39.90003
	39.61498	39.89986
	39.61457	39.89972
	39.61386	39.89953
	39.61359	39.89944
	39.6133	39.89932
	39.61282	39.89903
	39.61227	39.89859
	39.61199	39.89831
	39.61177	39.89803
	39.61162	39.89781
	39.61123	39.89745
	39.61083	39.89689
	39.61078	39.8968
	39.60248	39.89457
	39.60225	39.8946
	39.60193	39.8946
	39.60163	39.89458
	39.60117	39.89451
	39.60078	39.89451
	39.60025	39.89446
	39.59996	39.8944
	39.5997	39.89432
	39.59941	39.89421
	39.59913	39.89409
	39.59868	39.89386
	39.59842	39.89375
	39.59767	39.89351
	39.59742	39.89341
	39.59704	39.89323
	39.5967	39.89302
	39.59218	39.89181
	39.59211	39.89184
	39.59135	39.892
	39.59105	39.89201
	39.5902	39.89195
	39.58959	39.89185
	39.58936	39.89183
	39.58894	39.89187
	39.58863	39.89187
	39.58831	39.89185
	39.58801	39.8918
	39.58766	39.89172
	39.58722	39.89159
	39.58698	39.89164
	39.58631	39.89173
	39.58606	39.89175
	39.58571	39.89184
	39.58521	39.892
	39.58459	39.89216
	39.58406	39.89221
	39.58364	39.89221
	39.58341	39.89219
	39.58311	39.89214
	39.58275	39.89206
	39.58212	39.89183
	39.58161	39.8917
	39.58158	39.89177
	39.58144	39.89191
	39.58062	39.89245
	39.58016	39.8926
	39.57964	39.89274
	39.57925	39.8928
	39.57858	39.89284
	39.57732	39.89284
	39.5768	39.8928
	39.57633	39.89269
	39.57538	39.89231
	39.57464	39.89197
	39.57401	39.89161
	39.57322	39.89106
	39.57291	39.8908
	39.57262	39.89047
	39.57235	39.89012
	39.57219	39.88999
	39.57187	39.88964
	39.57177	39.88963
	39.57146	39.88956
	39.57106	39.88943
	39.57104	39.88941
	39.57094	39.8894
	39.5704	39.88925
	39.57026	39.88919
	39.56976	39.88886
	39.56945	39.88884
	39.56879	39.8887
	39.56855	39.88861
	39.56763	39.88784
	39.55893	39.88558
	39.56126	39.87885
	39.59735	39.83619
	39.58649	39.83714
	39.55388	39.83619
	39.54342	39.84092
	39.54363	39.85398
	39.54076	39.86658
	39.52804	39.87334
	39.52436	39.87923
	39.51308	39.88106
	39.50881	39.87412
	39.48498	39.86154
	39.46939	39.85899
	39.44714	39.86231
	39.41585	39.87228
	39.39521	39.87775
	39.38509	39.88179
	39.37261	39.88493
	39.35901	39.88655
	39.31525	39.89301
	39.30437	39.89039
	39.29413	39.89301
	39.29146	39.90103
	39.28572	39.90811
	39.27731	39.91362
	39.27157	39.9218
	39.24922	39.92903
	39.21538	39.93029
	39.18967	39.93524
	39.1795	39.93721
	39.16125	39.94161
	39.14054	39.94931
	39.13363	39.9569
	39.12284	39.96706
	39.1262	39.98624
	39.10731	39.98955
	39.09743	39.99948
	39.08128	39.99743
	39.06266	39.99477
	39.0381	40.01121
	39.01776	40.01773
	39.01273	40.02792
	39.01019	40.03053
	39.00975	40.03058
	39.00942	40.03064
	39.00911	40.03072
	39.00846	40.03096
	39.00793	40.03125
	39.00769	40.03143
	39.00751	40.03151
	39.00706	40.03162
	39.00674	40.03154
	39.00566	40.03157
	39.00541	40.03165
	39.00435	40.03252
	39.00417	40.03256
	39.00373	40.03272
	39.00319	40.03301
	39.00281	40.0333
	39.0028	40.03333
	39.00222	40.03353
	39.00176	40.03382
	39.00145	40.03406
	39.00116	40.03434
	39.00102	40.03445
	39.00093	40.03449
	38.99395	40.03556
	38.98415	40.0378
	38.98376	40.03773
	38.98332	40.03769
	38.98329	40.03799
	38.97288	40.04037
	38.95391	40.04131
	38.93357	40.03871
	38.92075	40.03806
	38.8999	40.03853
	38.89983	40.03854
	38.89772	40.03915
	38.87432	40.046
	38.85643	40.04912
	38.84381	40.04812
	38.82575	40.05026
	38.78964	40.06382
	38.77224	40.06708
	38.77236	40.06773
	38.77084	40.06885
	38.77024	40.06926
	38.76942	40.06924
	38.76808	40.06846
	38.76701	40.0685
	38.76436	40.06971
	38.76345	40.07092
	38.7637	40.07155
	38.76626	40.07323
	38.76686	40.07335
	38.7679	40.07291
	38.76923	40.07324
	38.76935	40.07422
	38.76786	40.07512
	38.76755	40.07644
	38.76639	40.07794
	38.76135	40.08969
	38.7634	40.10129
	38.75422	40.1045
	38.74089	40.10098
	38.72748	40.09202
	38.71627	40.08979
	38.70095	40.09245
	38.67434	40.10192
	38.65378	40.10766
	38.64081	40.10576
	38.59322	40.09682
	38.58174	40.09648
	38.57366	40.09701
	38.56549	40.10633
	38.55639	40.11943
	38.54	40.13575
	38.54179	40.13777
	38.54088	40.13851
	38.53873	40.13936
	38.53762	40.13935
	38.53696	40.13952
	38.53633	40.13994
	38.53593	40.13996
	38.5356	40.14007
	38.53519	40.1407
	38.53465	40.14127
	38.53404	40.14237
	38.53338	40.14264
	38.53224	40.14266
	38.53203	40.14296
	38.53106	40.14355
	38.53034	40.14346
	38.52843	40.14771
	38.52798	40.15022
	38.53088	40.15899
	38.53396	40.16704
	38.52938	40.17239
	38.52357	40.17516
	38.51268	40.17603
	38.5091	40.17568
	38.50243	40.17317
	38.49222	40.16717
	38.48645	40.16038
	38.48554	40.16072
	38.4849	40.16172
	38.48348	40.16257
	38.48323	40.16296
	38.48276	40.16364
	38.48202	40.16386
	38.48115	40.16373
	38.47946	40.16397
	38.47844	40.16438
	38.47789	40.16441
	38.47707	40.16475
	38.47633	40.16499
	38.47527	40.16496
	38.47386	40.1649
	38.47278	40.16505
	38.472	40.16534
	38.47105	40.16538
	38.47	40.16572
	38.46875	40.16597
	38.4678	40.16612
	38.46607	40.16616
	38.46549	40.16598
	38.4647	40.16617
	38.46397	40.16659
	38.46324	40.16648
	38.46245	40.1661
	38.46188	40.1652
	38.46128	40.1649
	38.4599	40.1648
	38.45877	40.16506
	38.45745	40.16502
	38.45494	40.16436
	38.45438	40.16435
	38.45304	40.16489
	38.45212	40.16488
	38.45161	40.16442
	38.45107	40.16412
	38.45062	40.16405
	38.45016	40.16149
	38.4496	40.16112
	38.44932	40.16096
	38.44845	40.16057
	38.44811	40.16046
	38.44747	40.16036
	38.44671	40.16037
	38.44609	40.1604
	38.44592	40.16043
	38.44416	40.15523
	38.44692	40.14795
	38.441	40.14641
	38.44071	40.1466
	38.44038	40.14677
	38.43982	40.14696
	38.43956	40.147
	38.43903	40.14711
	38.43869	40.14725
	38.43818	40.1474
	38.43753	40.14749
	38.43723	40.14751
	38.4366	40.14746
	38.43627	40.14738
	38.43548	40.147
	38.43539	40.14692
	38.43536	40.14701
	38.43517	40.14697
	38.43489	40.14689
	38.43403	40.14639
	38.43369	40.14606
	38.43318	40.14438
	38.42936	40.14339
	38.4132	40.1377
	38.39895	40.14007
	38.39363	40.14353
	38.38554	40.1462
	38.37574	40.14732
	38.36618	40.15247
	38.35408	40.16003
	38.33677	40.16938
	38.33066	40.16745
	38.32482	40.16903
	38.32234	40.17166
	38.32218	40.17674
	38.32679	40.17986
	38.31468	40.18518
	38.30466	40.18954
	38.29133	40.19376
	38.26053	40.19627
	38.2459	40.20285
	38.22443	40.20302
	38.2116	40.20846
	38.19698	40.20905
	38.18182	40.21006
	38.17449	40.21636
	38.14805	40.21744
	38.14911	40.22395
	38.16785	40.24061
	38.1828	40.24157
	38.18269	40.24083
	38.18455	40.24056
	38.18453	40.24026
	38.18522	40.24021
	38.18612	40.24021
	38.18711	40.24031
	38.18733	40.24034
	38.18814	40.24051
	38.18915	40.2408
	38.18949	40.24092
	38.18982	40.24253
	38.19014	40.24293
	38.19016	40.243
	38.19001	40.24349
	38.19017	40.24429
	38.19011	40.24434
	38.18968	40.24454
	38.18947	40.24521
	38.18939	40.24527
	38.18827	40.24568
	38.1882	40.24569
	38.18741	40.24599
	38.18701	40.24601
	38.18681	40.24613
	38.18573	40.24638
	38.18511	40.24635
	38.18684	40.25411
	38.1843	40.26133
	38.18347	40.26937
	38.18495	40.27804
	38.1803	40.29102
	38.17128	40.30022
	38.16376	40.31521
	38.15946	40.32662
	38.15369	40.33171
	38.15186	40.33809
	38.14232	40.3437
	38.14376	40.35168
	38.15356	40.36143
	38.15228	40.37414
	38.14396	40.38748
	38.14934	40.39986
	38.15356	40.40941
	38.15632	40.41922
	38.16393	40.43692
	38.16343	40.44724
	38.17313	40.4599
	38.1687	40.48114
	38.16779	40.49362
	38.15879	40.505
	38.14374	40.5175
	38.10207	40.51839
	38.05475	40.51875
	38.01407	40.52156
	38.02391	40.50756
	38.01217	40.50495
	38.00439	40.49231
	37.99517	40.49092
	37.98886	40.48507
	37.9851	40.47898
	37.98117	40.47331
	37.97156	40.46368
	37.96794	40.46365
	37.96859	40.46438
	37.96867	40.46462
	37.96875	40.465
	37.96888	40.46604
	37.96887	40.46653
	37.96882	40.46693
	37.96889	40.46718
	37.96893	40.46741
	37.96917	40.46783
	37.96925	40.46806
	37.96919	40.46808
	37.96952	40.46875
	37.96953	40.46888
	37.96978	40.46949
	37.97004	40.46972
	37.97027	40.47005
	37.97084	40.47055
	37.97096	40.47072
	37.97132	40.47205
	37.97129	40.47235
	37.97106	40.47313
	37.97116	40.47337
	37.9713	40.47448
	37.97127	40.4747
	37.97126	40.47469
	37.97136	40.47542
	37.9713	40.47558
	37.97079	40.47634
	37.97039	40.4767
	37.97033	40.47715
	37.96753	40.47674
	37.96742	40.47658
	37.96702	40.47539
	37.96702	40.47524
	37.96732	40.47456
	37.96718	40.47409
	37.96715	40.47394
	37.96715	40.47356
	37.96689	40.47305
	37.96689	40.47291
	37.96703	40.4724
	37.96664	40.47213
	37.96591	40.47115
	37.96585	40.47097
	37.96585	40.47038
	37.96559	40.46967
	37.96559	40.46964
	37.96555	40.46958
	37.96548	40.4694
	37.96532	40.46918
	37.96523	40.46901
	37.96502	40.46837
	37.96498	40.46806
	37.96479	40.46751
	37.96472	40.46756
	37.96262	40.46786
	37.96252	40.46781
	37.96134	40.46621
	37.96128	40.46554
	37.96129	40.46545
	37.95979	40.46734
	37.96011	40.47409
	37.95389	40.48187
	37.9451	40.48017
	37.94255	40.47334
	37.93752	40.46772
	37.93325	40.45988
	37.93234	40.44895
	37.92905	40.4389
	37.93205	40.42954
	37.92106	40.42425
	37.91615	40.4171
	37.91144	40.4084
	37.9067	40.40437
	37.90293	40.40232
	37.90078	40.39862
	37.89936	40.38995
	37.89245	40.37551
	37.88532	40.37369
	37.87941	40.37015
	37.86488	40.36052
	37.86208	40.35141
	37.85117	40.34394
	37.84325	40.34108
	37.83887	40.3427
	37.82787	40.35101
	37.8238	40.35764
	37.81665	40.37168
	37.80755	40.37898
	37.80713	40.37905
	37.80694	40.3791
	37.80642	40.3793
	37.80598	40.37957
	37.80571	40.37983
	37.80529	40.37976
	37.80485	40.37972
	37.80436	40.37973
	37.8041	40.37975
	37.80327	40.37974
	37.80295	40.37975
	37.80258	40.3798
	37.80244	40.37983
	37.80222	40.37989
	37.80198	40.37998
	37.80148	40.38024
	37.80123	40.38043
	37.80093	40.3807
	37.80062	40.38104
	37.80047	40.38125
	37.80032	40.38141
	37.80002	40.38184
	37.79949	40.38205
	37.79912	40.38223
	37.79889	40.38236
	37.79848	40.38264
	37.79818	40.38293
	37.79787	40.38331
	37.79758	40.38379
	37.7972	40.38381
	37.79677	40.3839
	37.79621	40.38407
	37.79514	40.38422
	37.79488	40.38428
	37.79459	40.38436
	37.79421	40.38452
	37.794	40.38463
	37.7937	40.38483
	37.79306	40.38534
	37.79255	40.38578
	37.79214	40.38605
	37.79176	40.38637
	37.79139	40.38681
	37.79112	40.3869
	37.7906	40.38711
	37.79004	40.38741
	37.78974	40.38763
	37.78945	40.38769
	37.7884	40.38805
	37.78804	40.38813
	37.78713	40.38952
	37.78453	40.39011
	37.78137	40.39131
	37.77974	40.39087
	37.77803	40.39245
	37.77661	40.39282
	37.77494	40.39263
	37.77479	40.39195
	37.77174	40.39111
	37.77056	40.39146
	37.76993	40.39297
	37.76645	40.39299
	37.75782	40.39169
	37.7575	40.39275
	37.75616	40.39285
	37.75478	40.39161
	37.75003	40.38229
	37.74992	40.37563
	37.7555	40.36817
	37.75967	40.36327
	37.75713	40.35884
	37.75633	40.35606
	37.75323	40.35206
	37.75849	40.33348
	37.72132	40.32577
	37.70357	40.33484
	37.69451	40.33119
	37.66395	40.33977
	37.66106	40.34923
	37.65533	40.35639
	37.64955	40.36293
	37.61439	40.36947
	37.59159	40.37754
	37.59411	40.3442
	37.59473	40.3289
	37.59273	40.32034
	37.56854	40.30589
	37.55878	40.29901
	37.54341	40.28763
	37.54044	40.28377
	37.53945	40.28371
	37.53884	40.28359
	37.53848	40.28346
	37.53807	40.28327
	37.53784	40.28331
	37.53771	40.2833
	37.53699	40.28279
	37.53643	40.28279
	37.53636	40.28276
	37.53524	40.28119
	37.53523	40.2811
	37.53561	40.27966
	37.53602	40.27912
	37.53638	40.27875
	37.53651	40.27865
	37.52454	40.26309
	37.51759	40.25687
	37.50733	40.25428
	37.49273	40.24744
	37.47774	40.25015
	37.45422	40.24072
	37.44423	40.23039
	37.43278	40.2233
	37.44918	40.20394
	37.46039	40.19676
	37.45233	40.17858
	37.44556	40.16871
	37.41869	40.17618
	37.40342	40.16752
	37.38055	40.1703
	37.36484	40.17422
	37.35695	40.19584
	37.34834	40.20364
	37.34504	40.20382
	37.30974	40.20512
	37.29461	40.20918
	37.27401	40.21245
	37.24889	40.21558
	37.22269	40.2196
	37.19336	40.23477
	37.17248	40.23191
	37.15246	40.23282
	37.1406	40.23322
	37.12556	40.23582
	37.11204	40.24132
	37.09472	40.24648
	37.08055	40.23566
	37.08183	40.22272
	37.07605	40.19628
	37.0628	40.19357
	37.05272	40.19983
	37.04575	40.20765
	37.03535	40.2095
	37.01991	40.21513
	37.00476	40.22582
	36.96894	40.21427
	36.94398	40.20924
	36.92793	40.21408
	36.91935	40.20433
	36.90421	40.20681
	36.89329	40.22713
	36.86928	40.23591
	36.842	40.23067
	36.82475	40.22607
	36.80978	40.22542
	36.78698	40.22751
	36.76955	40.22146
	36.7623	40.20496
	36.7528	40.16777
	36.74242	40.14604
	36.72493	40.13463
	36.71518	40.13148
	36.70123	40.12297
	36.68226	40.09536
	36.65605	40.08444
	36.64787	40.07802
	36.63921	40.05997
	36.66012	40.04182
	36.66116	40.02713
	36.65841	40.00228
	36.64641	39.99449
	36.6482	39.97758
	36.62483	39.98942
	36.59234	39.98179
	36.57657	39.97433
	36.55442	39.96692
	36.54218	39.96389
	36.51219	39.95722
	36.50088	39.95877
	36.48136	39.96037
	36.46058	39.96445
	36.44002	39.96672
	36.41207	39.97544
	36.39289	39.97896
	36.36077	39.97909
	36.34129	39.97758
	36.32745	39.97586
	36.31361	39.97459
	36.29861	39.97181
	36.27831	39.96597
	36.25659	39.95832
	36.24092	39.95555
	36.22595	39.95208
	36.22341	39.94657
	36.22309	39.94636
	36.22289	39.94628
	36.22263	39.94614
	36.22234	39.94607
	36.22175	39.94589
	36.22027	39.94531
	36.21723	39.94421
	36.21591	39.94366
	36.21564	39.94353
	36.21482	39.94303
	36.21432	39.94277
	36.2141	39.94264
	36.21229	39.94136
	36.2105	39.94014
	36.2096	39.93951
	36.20912	39.93915
	36.20893	39.93899
	36.20842	39.9385
	36.20794	39.93811
	36.20659	39.93709
	36.20621	39.93677
	36.20575	39.93644
	36.20553	39.93632
	36.205	39.9361
	36.20421	39.93581
	36.18891	39.93668
	36.17829	39.93343
	36.15483	39.93701
	36.13451	39.93018
	36.15225	39.91006
	36.15	39.90284
	36.15084	39.89498
	36.12397	39.8932
	36.10115	39.89404
	36.08076	39.90074
	36.07961	39.90899
	36.07955	39.9203
	36.0669	39.93174
	36.0568	39.93015
	36.02832	39.92393
	36.00869	39.92678
	35.99253	39.94042
	35.99179	39.94371
	35.98499	39.94648
	35.98383	39.94648
	35.97969	39.94995
	35.97846	39.95155
	35.97801	39.95175
	35.97688	39.95677
	35.96851	39.96772
	35.96001	39.9793
	35.96174	39.99653
	35.94199	40.01672
	35.94392	40.05108
	35.98735	40.07588
	36.02734	40.0827
	36.03326	40.09087
	36.04555	40.09971
	36.03754	40.10463
	36.02505	40.10935
	36.01922	40.10991
	36.01421	40.10935
	36.00561	40.10741
	35.98666	40.10749
	35.97722	40.10611
	35.94377	40.10149
	35.92749	40.10723
	35.91558	40.10646
	35.89127	40.10207
	35.85295	40.09731
	35.84879	40.09619
	35.8367	40.09352
	35.82396	40.095
	35.81479	40.10103
	35.80163	40.10177
	35.7786	40.09954
	35.76719	40.09629
	35.75958	40.07556
	35.7282	40.06606
	35.69929	40.06878
	35.67735	40.07868
	35.66813	40.09091
	35.6538	40.09568
	35.64961	40.10538
	35.64421	40.11367
	35.59292	40.12175
	35.5701	40.11927
	35.55229	40.124
	35.53714	40.12926
	35.52816	40.1303
	35.51362	40.13054
	35.50307	40.14545
	35.50953	40.1756
	35.5014	40.18396
	35.50276	40.19483
	35.49931	40.20051
	35.491	40.20775
	35.48845	40.20869
	35.48809	40.2086
	35.48775	40.2084
	35.48678	40.20812
	35.48633	40.20811
	35.48581	40.20804
	35.48542	40.20802
	35.48505	40.20804
	35.48379	40.20821
	35.48337	40.20831
	35.48287	40.2085
	35.48223	40.20888
	35.48169	40.20936
	35.48079	40.20992
	35.48038	40.20993
	35.47994	40.20999
	35.47982	40.21002
	35.47924	40.20992
	35.47888	40.20992
	35.47846	40.20995
	35.4783	40.20992
	35.47768	40.20988
	35.47746	40.2099
	35.47599	40.21076
	35.47588	40.21093
	35.47574	40.21143
	35.4757	40.2115
	35.4752	40.21211
	35.4749	40.21261
	35.47478	40.2129
	35.47468	40.21303
	35.47454	40.21316
	35.47402	40.21393
	35.47396	40.21407
	35.46023	40.21917
	35.43256	40.24273
	35.40873	40.2375
	35.40532	40.24069
	35.39153	40.24235
	35.37542	40.23986
	35.36938	40.23407
	35.36236	40.23301
	35.34723	40.23655
	35.33995	40.25508
	35.28463	40.22667
	35.26835	40.21408
	35.24976	40.19818
	35.24273	40.19308
	35.23065	40.19769
	35.21369	40.19835
	35.20527	40.19839
	35.19218	40.2043
	35.18749	40.21556
	35.18059	40.22539
	35.18072	40.23164
	35.17912	40.23497
	35.17216	40.23909
	35.15726	40.23952
	35.14818	40.2309
	35.13947	40.21859
	35.13614	40.21171
	35.13674	40.20567
	35.14474	40.19474
	35.15703	40.18341
	35.15735	40.1758
	35.15779	40.17034
	35.15535	40.16334
	35.15536	40.16307
	35.1568	40.16227
	35.15738	40.16188
	35.15786	40.16151
	35.15816	40.16149
	35.15877	40.16138
	35.15934	40.1612
	35.15982	40.16099
	35.16002	40.16088
	35.16053	40.16049
	35.16084	40.16016
	35.16109	40.15985
	35.16144	40.15922
	35.1615	40.15904
	35.16154	40.15788
	35.16148	40.15769
	35.16123	40.15712
	35.16099	40.15675
	35.16096	40.15646
	35.16071	40.15564
	35.16064	40.1555
	35.16027	40.15502
	35.16012	40.15489
	35.15902	40.15436
	35.15845	40.15429
	35.15771	40.15425
	35.15671	40.15416
	35.15579	40.15392
	35.15593	40.15104
	35.16329	40.1482
	35.17733	40.14691
	35.19563	40.15289
	35.2013	40.15195
	35.20269	40.14317
	35.18468	40.13957
	35.17711	40.13426
	35.17529	40.12348
	35.15871	40.11271
	35.14645	40.10729
	35.14549	40.10388
	35.14302	40.09864
	35.1517	40.09199
	35.17265	40.08888
	35.18547	40.08772
	35.19545	40.08157
	35.19506	40.06898
	35.18952	40.05538
	35.16607	40.02831
	35.15297	40.01993
	35.13961	40.02175
	35.10578	40.02606
	35.08056	40.01855
	35.06977	40.00454
	35.05844	40.00325
	35.04135	40.00621
	35.03001	40.00567
	35.01878	40.0019
	35.0054	40.00028
	34.96802	40.0028
	34.94444	40.00134
	34.91832	39.98718
	34.89757	39.98845
	34.88861	39.9971
	34.88845	40.00574
	34.89093	40.01661
	34.89875	40.03083
	34.89485	40.03827
	34.88143	40.04591
	34.8768	40.04914
	34.86998	40.04533
	34.86264	40.03992
	34.85502	40.03349
	34.84446	40.01807
	34.83401	40.00424
	34.80918	39.99634
	34.79647	39.99382
	34.77647	39.99803
	34.76076	40.00406
	34.75481	40.00676
	34.70725	40.00674
	34.68304	40.01764
	34.65815	40.01094
	34.65119	40.00504
	34.64479	40.00044
	34.63816	39.98798
	34.6344	39.96276
	34.61988	39.95378
	34.61518	39.95255
	34.60359	39.95062
	34.59952	39.94764
	34.58444	39.94355
	34.55995	39.94851
	34.54897	39.94983
	34.54173	39.95177
	34.54139	39.95965
	34.52981	39.97845
	34.50969	39.98355
	34.5055	39.98277
	34.50356	39.98333
	34.50229	39.98373
	34.50038	39.98417
	34.49713	39.98466
	34.49639	39.9848
	34.49597	39.98483
	34.49544	39.98481
	34.49473	39.98476
	34.4933	39.98477
	34.48983	39.98509
	34.48954	39.98513
	34.48907	39.98533
	34.48818	39.98564
	34.4879	39.98572
	34.48731	39.98584
	34.48698	39.98588
	34.48637	39.9859
	34.48594	39.98586
	34.48543	39.98577
	34.48435	39.98553
	34.48274	39.98523
	34.48192	39.98488
	34.48176	39.98476
	34.48111	39.98395
	34.48105	39.9838
	34.4809	39.98272
	34.48096	39.98236
	34.46972	39.98676
	34.46346	39.9923
	34.43768	39.9945
	34.42614	39.99555
	34.41298	39.99521
	34.4046	39.98295
	34.3911	39.96564
	34.3804	39.955
	34.36875	39.95436
	34.35728	39.95569
	34.32207	39.93771
	34.30351	39.94206
	34.28608	39.94494
	34.279	39.94208
	34.2498	39.94516
	34.23691	39.95832
	34.21782	39.97325
	34.20815	39.97759
	34.19764	39.98563
	34.18879	39.99816
	34.17617	40.00426
	34.16452	40.01305
	34.16081	40.02296
	34.15305	40.03236
	34.14295	40.04272
	34.12281	40.05197
	34.11104	40.06143
	34.10422	40.06293
	34.10386	40.06643
	34.10294	40.06715
	34.09854	40.06833
	34.09509	40.06862
	34.09138	40.06971
	34.09018	40.07069
	34.08888	40.07364
	34.08987	40.08062
	34.08005	40.08907
	34.08315	40.09818
	34.07575	40.11588
	34.07669	40.12945
	34.08107	40.14561
	34.0714	40.16172
	34.07346	40.17744
	34.06837	40.1887
	34.06162	40.19707
	34.05173	40.19833
	34.03468	40.19666
	34.00857	40.19092
	33.99473	40.19011
	33.97853	40.21376
	33.97633	40.22236
	33.97269	40.23954
	33.96641	40.24911
	33.95415	40.26081
	33.97526	40.2794
	34.00312	40.29213
	34.01763	40.29411
	34.04588	40.29409
	34.07275	40.29594
	34.08544	40.30632
	34.08649	40.30998
	34.08925	40.31504
	34.09518	40.31915
	34.1028	40.32165
	34.10906	40.32726
	34.1098	40.3339
	34.10695	40.33864
	34.11186	40.34086
	34.11204	40.34217
	34.10901	40.35646
	34.11164	40.36058
	34.11735	40.36317
	34.12004	40.37281
	34.12114	40.37387
	34.12194	40.37745
	34.12892	40.38398
	34.13431	40.38668
	34.13477	40.38968
	34.13399	40.39169
	34.13523	40.39266
	34.13773	40.39254
	34.14225	40.38992
	34.14501	40.38993
	34.14661	40.39244
	34.1452	40.39631
	34.14856	40.39788
	34.15216	40.39706
	34.15526	40.39775
	34.16395	40.39514
	34.16565	40.39702
	34.16569	40.39905
	34.16368	40.40058
	34.15659	40.40071
	34.15626	40.40296
	34.1593	40.40401
	34.16122	40.40342
	34.16291	40.40396
	34.16354	40.40483
	34.16335	40.40586
	34.15983	40.40796
	34.15978	40.40906
	34.16236	40.4116
	34.15911	40.41538
	34.15886	40.4168
	34.16349	40.42066
	34.16426	40.4228
	34.16345	40.4243
	34.15985	40.4248
	34.15392	40.42322
	34.15104	40.42388
	34.15054	40.4254
	34.14969	40.42938
	34.15122	40.43098
	34.14821	40.43229
	34.14457	40.43243
	34.14287	40.43371
	34.14164	40.43521
	34.14192	40.43824
	34.14326	40.44016
	34.14088	40.44394
	34.13963	40.4472
	34.13759	40.45123
	34.13957	40.4573
	34.14224	40.46033
	34.14215	40.46674
	34.13999	40.46993
	34.14104	40.47288
	34.135	40.478
	34.13296	40.48675
	34.12969	40.49903
	34.13046	40.51523
	34.13107	40.52295
	34.12608	40.53142
	34.12427	40.5336
	34.1214	40.53465
	34.12056	40.53588
	34.12116	40.53684
	34.12404	40.54315
	34.1218	40.54719
	34.12173	40.55306
	34.11852	40.55927
	34.11248	40.55922
	34.10718	40.55837
	34.10428	40.55699
	34.1021	40.5602
	34.1029	40.56167
	34.10119	40.56236
	34.09879	40.56216
	34.09653	40.56319
	34.09372	40.56783
	34.09431	40.57061
	34.0933	40.57203
	34.09113	40.57261
	34.09202	40.5783
	34.09225	40.5791
	34.08647	40.58158
	34.08679	40.58562
	34.0852	40.58948
	34.08678	40.59327
	34.09139	40.60652
	34.09322	40.61536
	34.09424	40.62595
	34.09952	40.64448
	34.10305	40.65061
	34.10219	40.66705
	34.10891	40.67318
	34.10174	40.68048
	34.09182	40.68287
	34.06694	40.70212
	34.05867	40.71316
	34.05573	40.7283
	34.06511	40.7335
	34.06421	40.7414
	34.05968	40.74961
	34.0614	40.7569
	34.07054	40.76143
	34.07649	40.76804
	34.08097	40.77725
	34.08217	40.78179
	34.08469	40.79149
	34.07769	40.80331
	34.07154	40.80769
	34.06226	40.816
	34.01543	40.82752
	34.00261	40.83158
	33.99311	40.84631
	33.98685	40.85481
	33.96437	40.85462
	33.94052	40.85523
	33.91285	40.85523
	33.88336	40.85852
	33.84805	40.8593
	33.81713	40.87
	33.79687	40.8832
	33.78626	40.89466
	33.78315	40.90792
	33.78916	40.9216
	33.79309	40.93339
	33.7911	40.94027
	33.79091	40.94868
	33.79525	40.95849
	33.80702	40.96685
	33.81032	40.97682
	33.81192	40.99711
	33.8155	41.00237
	33.82077	41.00396
	33.82477	41.01266
	33.83583	41.01419
	33.84691	41.03324
	33.84566	41.04119
	33.85555	41.05944
	33.85373	41.06123
	33.85274	41.0691
	33.85222	41.07501
	33.85796	41.1033
	33.83497	41.08917
	33.81749	41.08291
	33.79222	41.08555
	33.77868	41.08532
	33.77099	41.08099
	33.76184	41.06928
	33.73986	41.06506
	33.72361	41.05426
	33.69666	41.05388
	33.68526	41.04916
	33.67801	41.04475
	33.65577	41.03101
	33.6435	41.02673
	33.6319	41.023
	33.61839	41.02216
	33.59165	41.02391
	33.57387	41.02447
	33.56315	41.02719
	33.5417	41.02514
	33.52813	41.0278
	33.52324	41.03456
	33.52549	41.04561
	33.5151	41.04623
	33.50544	41.05108
	33.49356	41.05581
	33.47306	41.05066
	33.47346	41.04969
	33.46996	41.04271
	33.4649	41.03189
	33.45423	41.03469
	33.42715	41.03292
	33.41933	41.02708
	33.42056	41.01645
	33.4265	41.0022
	33.41819	40.99257
	33.40611	40.9912
	33.39456	40.98701
	33.37484	40.98509
	33.36027	40.9887
	33.34408	40.98642
	33.3286	40.98438
	33.32419	40.99446
	33.32502	41.00183
	33.32531	41.00546
	33.31721	41.0125
	33.31248	41.01777
	33.30936	41.02143
	33.30852	41.02229
	33.30571	41.0211
	33.30483	41.0215
	33.30471	41.02256
	33.30263	41.02455
	33.30193	41.02678
	33.30348	41.0301
	33.29817	41.0333
	33.29689	41.03657
	33.29365	41.03688
	33.29157	41.03873
	33.28799	41.03908
	33.28437	41.03951
	33.28229	41.03923
	33.27906	41.04078
	33.27421	41.04326
	33.27152	41.04405
	33.26711	41.04291
	33.26384	41.04397
	33.26128	41.04459
	33.26019	41.04594
	33.2577	41.04606
	33.25651	41.04657
	33.25312	41.04511
	33.25159	41.04527
	33.25131	41.04603
	33.24821	41.04716
	33.2476	41.04901
	33.24776	41.05038
	33.24665	41.05116
	33.24297	41.05279
	33.23966	41.05218
	33.22694	41.05639
	33.22361	41.05833
	33.21333	41.06026
	33.2046	41.06473
	33.20281	41.06891
	33.17644	41.0748
	33.16342	41.07081
	33.15011	41.06284
	33.14227	41.06533
	33.13304	41.06055
	33.12228	41.05442
	33.11193	41.05444
	33.10582	41.05499
	33.09777	41.05833
	33.09304	41.05944
	33.07392	41.0627
	33.07082	41.05992
	33.07019	41.05138
	33.06346	41.04502
	33.04549	41.04002
	33.04037	41.03391
	33.0401	41.02688
	33.04574	41.01723
	33.04469	41.00919
	33.04525	41.00231
	33.04482	40.99759
	33.04691	40.9939
	33.0528	40.99207
	33.03805	40.98735
	33.02646	40.98244
	32.99814	40.97069
	32.97235	40.96339
	32.93275	40.95676
	32.89281	40.94823
	32.86136	40.9504
	32.8489	40.95321
	32.83388	40.96442
	32.8279	40.95853
	32.82442	40.95429
	32.81844	40.95324
	32.81185	40.95439
	32.80589	40.95418
	32.8046	40.95296
	32.80343	40.95288
	32.80136	40.95167
	32.79896	40.95227
	32.79649	40.95655
	32.78615	40.95307
	32.78395	40.94616
	32.78291	40.93643
	32.78251	40.9311
	32.77832	40.92629
	32.77352	40.9156
	32.75693	40.90039
	32.75011	40.87708
	32.73345	40.8733
	32.69801	40.86234
	32.67613	40.85575
	32.66047	40.85226
	32.62188	40.842
	32.59075	40.83073
	32.57198	40.82542
	32.59575	40.81345
	32.5926	40.80683
	32.58141	40.77816
	32.56918	40.76557
	32.57208	40.75283
	32.56171	40.75127
	32.55075	40.74582
	32.54872	40.7431
	32.54356	40.74061
	32.53824	40.73978
	32.5312	40.73966
	32.52267	40.73351
	32.51915	40.72401
	32.52458	40.70891
	32.52335	40.69119
	32.50858	40.67828
	32.49713	40.67532
	32.48342	40.68037
	32.45846	40.68607
	32.44569	40.68365
	32.43325	40.68
	32.4239	40.67248
	32.42123	40.65627
	32.42182	40.64792
	32.42416	40.64146
	32.4243	40.63782
	32.41811	40.62833
	32.4142	40.62609
	32.41276	40.62171
	32.41125	40.61405
	32.41021	40.61246
	32.41272	40.60552
	32.41403	40.60254
	32.41403	40.59985
	32.41487	40.59274
	32.41703	40.58627
	32.41637	40.58144
	32.41651	40.57592
	32.41572	40.57238
	32.4131	40.56835
	32.40779	40.56144
	32.40398	40.5587
	32.39959	40.55437
	32.3973	40.55277
	32.39383	40.55173
	32.38766	40.55068
	32.38334	40.54999
	32.37938	40.54986
	32.3748	40.55092
	32.3716	40.5526
	32.3698	40.55471
	32.36653	40.55658
	32.36137	40.55789
	32.35817	40.56249
	32.3569	40.57073
	32.35322	40.57546
	32.34912	40.57888
	32.34085	40.58037
	32.32764	40.57924
	32.31915	40.57483
	32.30829	40.56769
	32.29915	40.56479
	32.29513	40.56062
	32.29104	40.55987
	32.28629	40.56018
	32.28146	40.56205
	32.27753	40.56504
	32.26835	40.56641
	32.26074	40.56342
	32.25337	40.55875
	32.24839	40.55142
	32.2357	40.54868
	32.22464	40.55048
	32.21513	40.5522
	32.20687	40.54756
	32.20171	40.54376
	32.19434	40.5414
	32.19025	40.5386
	32.18361	40.53024
	32.18086	40.5157
	32.16633	40.50199
	32.14001	40.48638
	32.13077	40.47628
	32.13089	40.46597
	32.13614	40.46161
	32.15054	40.46146
	32.15529	40.46102
	32.15748	40.45821
	32.15601	40.45013
	32.15822	40.44282
	32.14948	40.43655
	32.14253	40.42986
	32.12491	40.42398
	32.11029	40.4217
	32.09094	40.42046
	32.06761	40.42137
	32.03059	40.41969
	32.02385	40.40481
	32.00703	40.39312
	31.99935	40.37675
	31.98419	40.36778
	31.97993	40.35999
	31.95686	40.35539
	31.94936	40.35466
	31.93507	40.35716
	31.92622	40.35387
	31.91765	40.34375
	31.90598	40.33987
	31.89247	40.32846
	31.87536	40.31801
	31.86702	40.30696
	31.84799	40.30368
	31.83449	40.30737
	31.82643	40.31407
	31.82033	40.31565
	31.81238	40.31665
	31.80672	40.31927
	31.79592	40.31988
	31.77916	40.32704
	31.77055	40.33059
	31.75269	40.33475
	31.74959	40.3326
	31.74482	40.33136
	31.74632	40.32866
	31.74436	40.32153
	31.74464	40.31621
	31.74418	40.31488
	31.741	40.31125
	31.73677	40.31245
	31.72837	40.31067
	31.72616	40.31196
	31.72138	40.30901
	31.72056	40.3081
	31.72038	40.30836
	31.72025	40.30872
	31.7196	40.30908
	31.7192	40.30922
	31.71856	40.30901
	31.71806	40.3086
	31.71783	40.30854
	31.7175	40.30867
	31.71713	40.30887
	31.71662	40.30886
	31.71632	40.30882
	31.71594	40.30818
	31.71607	40.308
	31.71605	40.30761
	31.71596	40.30743
	31.71574	40.30742
	31.71534	40.30758
	31.71292	40.3072
	31.71194	40.30689
	31.71121	40.3065
	31.71076	40.30619
	31.71027	40.30616
	31.7092	40.30561
	31.70901	40.3054
	31.70828	40.30509
	31.70797	40.30519
	31.70796	40.30541
	31.70786	40.30557
	31.70702	40.30573
	31.70661	40.30555
	31.70627	40.30469
	31.70645	40.30451
	31.70644	40.3043
	31.70681	40.30407
	31.70675	40.3038
	31.70644	40.30366
	31.70612	40.30369
	31.70584	40.30361
	31.70547	40.30325
	31.7052	40.30315
	31.70468	40.30341
	31.70407	40.30332
	31.7039	40.30323
	31.70349	40.30324
	31.70312	40.30317
	31.70266	40.30279
	31.70227	40.30271
	31.70193	40.30261
	31.70167	40.30208
	31.70145	40.3018
	31.70069	40.30176
	31.70012	40.30152
	31.69992	40.30121
	31.69932	40.30082
	31.69909	40.30038
	31.6987	40.30031
	31.69826	40.30002
	31.69776	40.29994
	31.69729	40.29984
	31.69668	40.2998
	31.69615	40.29984
	31.69581	40.29993
	31.69551	40.30023
	31.69542	40.30054
	31.69517	40.30078
	31.69504	40.30109
	31.69462	40.30139
	31.69461	40.30176
	31.69433	40.30191
	31.69413	40.30213
	31.69356	40.302
	31.6939	40.30267
	31.69374	40.30358
	31.69211	40.30699
	31.69309	40.30774
	31.69593	40.30888
	31.69743	40.31181
	31.69649	40.31194
	31.69163	40.31156
	31.68779	40.30897
	31.67016	40.30433
	31.66474	40.30403
	31.65313	40.30079
	31.64838	40.29766
	31.6387	40.28978
	31.62448	40.28483
	31.62275	40.28318
	31.60977	40.27884
	31.60215	40.27346
	31.59883	40.27326
	31.5926	40.27125
	31.59006	40.26883
	31.58652	40.27392
	31.56041	40.28094
	31.55032	40.27639
	31.54803	40.28596
	31.54011	40.28841
	31.53319	40.29095
	31.51516	40.29411
	31.50531	40.30203
	31.50491	40.30528
	31.49784	40.30412
	31.49359	40.30237
	31.4888	40.30403
	31.4761	40.30217
	31.47336	40.29792
	31.46737	40.29884
	31.45579	40.29644
	31.4495	40.29257
	31.44025	40.29242
	31.42959	40.28839
	31.41832	40.28831
	31.4037	40.28537
	31.39557	40.28173
	31.38603	40.28761
	31.38846	40.29776
	31.39273	40.30628
	31.39933	40.31054
	31.41781	40.31844
	31.43731	40.33021
	31.43467	40.33555
	31.44533	40.35381
	31.44878	40.36229
	31.44271	40.36355
	31.44051	40.36571
	31.43365	40.36502
	31.4278	40.36624
	31.42608	40.36878
	31.42431	40.36972
	31.4228	40.36857
	31.4176	40.37055
	31.41056	40.371
	31.40637	40.36825
	31.40352	40.36934
	31.39606	40.37004
	31.39053	40.36787
	31.38533	40.36436
	31.38022	40.35784
	31.37401	40.34935
	31.3485	40.34155
	31.34253	40.34136
	31.3403	40.34528
	31.33957	40.3477
	31.33815	40.35048
	31.33279	40.35005
	31.33245	40.3512
	31.32935	40.35101
	31.327	40.34916
	31.32399	40.35018
	31.31946	40.34654
	31.31342	40.34628
	31.31052	40.34283
	31.30779	40.33923
	31.3043	40.33719
	31.30328	40.33596
	31.30108	40.33502
	31.30049	40.33326
	31.29738	40.33269
	31.29091	40.33531
	31.28777	40.33555
	31.28421	40.33707
	31.28159	40.33579
	31.28002	40.33738
	31.2775	40.34377
	31.2753	40.34609
	31.27195	40.34697
	31.27121	40.34912
	31.26699	40.34881
	31.26498	40.35091
	31.26095	40.35244
	31.25887	40.35162
	31.26142	40.34943
	31.25067	40.342
	31.24376	40.3364
	31.23943	40.33883
	31.23498	40.33812
	31.22803	40.33543
	31.22096	40.33733
	31.2135	40.33633
	31.20944	40.33892
	31.20407	40.33972
	31.19228	40.33773
	31.16268	40.33997
	31.15592	40.34375
	31.15323	40.35289
	31.12999	40.36202
	31.11871	40.36637
	31.1012	40.36884
	31.07764	40.35915
	31.07485	40.35341
	31.06754	40.34812
	31.06061	40.34349
	31.06047	40.3389
	31.06558	40.3272
	31.0631	40.31184
	31.06301	40.29828
	31.06026	40.28258
	31.05638	40.27725
	31.05412	40.26935
	31.0448	40.26168
	31.04063	40.2557
	31.03111	40.2405
	31.01908	40.22563
	31.01286	40.22171
	30.98941	40.21328
	30.98034	40.21381
	30.97188	40.21513
	30.96223	40.21312
	30.95792	40.20513
	30.94954	40.19957
	30.94008	40.18699
	30.93082	40.17887
	30.91524	40.18003
	30.89691	40.17891
	30.8905	40.17804
	30.87501	40.17934
	30.86978	40.17289
	30.85871	40.16878
	30.85098	40.16368
	30.84136	40.15814
	30.84203	40.1519
	30.83567	40.14585
	30.83213	40.13368
	30.82604	40.13417
	30.81902	40.14194
	30.81107	40.14406
	30.8011	40.145
	30.79063	40.14856
	30.77385	40.15337
	30.762	40.15434
	30.74972	40.15642
	30.73987	40.15295
	30.73194	40.15355
	30.72839	40.15587
	30.71557	40.15621
	30.68882	40.17444
	30.68661	40.18554
	30.68043	40.18734
	30.6638	40.17754
	30.66245	40.16771
	30.63356	40.16716
	30.62839	40.17244
	30.62915	40.17832
	30.63735	40.19054
	30.64215	40.19846
	30.63924	40.2033
	30.6139	40.2119
	30.60894	40.21903
	30.61122	40.23069
	30.61247	40.24351
	30.60367	40.25031
	30.60364	40.26854
	30.60175	40.27051
	30.60155	40.27252
	30.59374	40.27442
	30.59187	40.27956
	30.59242	40.28265
	30.58805	40.28609
	30.58751	40.28978
	30.58551	40.29294
	30.58527	40.29665
	30.58135	40.30166
	30.5701	40.30602
	30.56669	40.30869
	30.57166	40.31364
	30.57079	40.32661
	30.5758	40.32873
	30.58805	40.32699
	30.59611	40.3242
	30.60756	40.32652
	30.6086	40.33668
	30.6024	40.34217
	30.58738	40.34551
	30.57616	40.34486
	30.56766	40.3502
	30.56476	40.35708
	30.56791	40.36045
	30.57198	40.36736
	30.57906	40.37087
	30.58203	40.37977
	30.57458	40.38555
	30.57411	40.3872
	30.57411	40.38849
	30.57637	40.39142
	30.57853	40.39486
	30.5837	40.39879
	30.58154	40.40023
	30.58154	40.40094
	30.58351	40.40466
	30.58173	40.40516
	30.58107	40.40724
	30.57853	40.40939
	30.5774	40.41425
	30.57674	40.41811
	30.57721	40.42334
	30.57919	40.42441
	30.57909	40.4302
	30.58079	40.43285
	30.58501	40.43693
	30.58424	40.43944
	30.58412	40.44293
	30.58107	40.44633
	30.57978	40.4499
	30.58177	40.45231
	30.58553	40.45589
	30.58976	40.46027
	30.59141	40.46295
	30.59	40.46706
	30.59023	40.4709
	30.58788	40.47224
	30.57895	40.47305
	30.57155	40.47635
	30.56838	40.48216
	30.56827	40.48734
	30.57179	40.49092
	30.5739	40.49101
	30.57637	40.48949
	30.58154	40.48877
	30.58647	40.48583
	30.59282	40.48475
	30.60028	40.48485
	30.60609	40.48449
	30.60867	40.48502
	30.61173	40.48895
	30.61825	40.49016
	30.62194	40.49032
	30.62428	40.49185
	30.62462	40.49475
	30.62841	40.49929
	30.63023	40.50182
	30.63538	40.50537
	30.63856	40.50734
	30.64563	40.50712
	30.64881	40.50624
	30.65203	40.50723
	30.65519	40.50641
	30.65664	40.50671
	30.65871	40.50536
	30.66314	40.50443
	30.67003	40.50384
	30.67635	40.50169
	30.68053	40.49934
	30.68531	40.49892
	30.69144	40.49975
	30.6998	40.49938
	30.70413	40.4997
	30.71015	40.50098
	30.71772	40.50084
	30.72548	40.50011
	30.72807	40.50002
	30.73198	40.50112
	30.73835	40.50144
	30.73955	40.50089
	30.741	40.5018
	30.74605	40.50258
	30.75357	40.50276
	30.75425	40.50283
	30.76024	40.50336
	30.76397	40.50386
	30.76674	40.50444
	30.7717	40.50379
	30.77428	40.50365
	30.77578	40.50473
	30.78244	40.50739
	30.78798	40.50745
	30.79037	40.50789
	30.79926	40.51406
	30.8028	40.51477
	30.80677	40.51459
	30.81554	40.51585
	30.8213	40.51654
	30.82461	40.51649
	30.82852	40.51476
	30.83177	40.51439
	30.83766	40.51572
	30.84329	40.51518
	30.84823	40.51508
	30.85325	40.51494
	30.85599	40.51234
	30.86118	40.51074
	30.86173	40.5108
	30.86402	40.51109
	30.86687	40.51302
	30.86742	40.51503
	30.86719	40.5165
	30.86561	40.51898
	30.86734	40.5203
	30.868	40.52173
	30.87265	40.52487
	30.87394	40.52782
	30.87534	40.53014
	30.87662	40.53243
	30.87955	40.53471
	30.88197	40.53688
	30.88256	40.53851
	30.87689	40.54136
	30.87322	40.54308
	30.87167	40.54415
	30.87128	40.54836
	30.87115	40.55154
	30.87238	40.55484
	30.87268	40.5569
	30.87371	40.56103
	30.87465	40.56395
	30.8723	40.56475
	30.87225	40.56721
	30.87469	40.5685
	30.87513	40.57094
	30.8786	40.5704
	30.88071	40.5713
	30.88224	40.57108
	30.88533	40.57209
	30.88539	40.57374
	30.88677	40.57534
	30.88632	40.57709
	30.88423	40.57866
	30.88296	40.57834
	30.88258	40.57641
	30.87923	40.57569
	30.87584	40.57593
	30.87432	40.57518
	30.87301	40.57522
	30.87127	40.57469
	30.87213	40.57606
	30.87125	40.57679
	30.8727	40.5795
	30.87312	40.58188
	30.87323	40.5827
	30.87275	40.58353
	30.87319	40.58421
	30.8735	40.58541
	30.87297	40.58812
	30.8709	40.59127
	30.87062	40.59353
	30.87048	40.59861
	30.87726	40.60855
	30.8856	40.62085
	30.89148	40.62442
	30.89465	40.62825
	30.8965	40.63031
	30.89717	40.63451
	30.89572	40.63733
	30.89613	40.64099
	30.89504	40.64461
	30.89828	40.64791
	30.89859	40.65003
	30.90094	40.6519
	30.9018	40.65408
	30.90658	40.65658
	30.90857	40.65739
	30.91462	40.65826
	30.91622	40.65966
	30.92021	40.66122
	30.92128	40.66297
	30.92281	40.66488
	30.92358	40.66703
	30.92549	40.66953
	30.92541	40.67336
	30.92717	40.67574
	30.93054	40.67743
	30.93154	40.67894
	30.93407	40.6812
	30.9356	40.68358
	30.93521	40.68602
	30.93537	40.68887
	30.93544	40.69212
	30.93904	40.69705
	30.93858	40.70118
	30.94149	40.7039
	30.94103	40.71104
	30.93812	40.71273
	30.93521	40.71261
	30.93231	40.71162
	30.92863	40.71174
	30.9258	40.71052
	30.9248	40.71284
	30.92587	40.71453
	30.92483	40.71537
	30.92449	40.71563
	30.91952	40.71575
	30.91684	40.71714
	30.91362	40.72004
	30.91247	40.7237
	30.91018	40.72532
	30.89241	40.72933
	30.89103	40.73083
	30.89088	40.73449
	30.89187	40.73768
	30.89157	40.74076
	30.8931	40.74221
	30.89226	40.74522
	30.89111	40.74696
	30.88575	40.74946
	30.88202	40.74883
	30.88088	40.74975
	30.88072	40.7498
	30.88025	40.74986
	30.87985	40.74987
	30.87954	40.74985
	30.87916	40.7498
	30.87874	40.74972
	30.87818	40.74952
	30.87791	40.74937
	30.87751	40.74906
	30.87715	40.74896
	30.87679	40.74883
	30.87572	40.74854
	30.87495	40.74891
	30.87484	40.74893
	30.87398	40.7489
	30.87374	40.74881
	30.8732	40.74897
	30.87303	40.74899
	30.87197	40.74883
	30.87181	40.74875
	30.87162	40.74878
	30.87086	40.74873
	30.86999	40.74851
	30.86971	40.74842
	30.86912	40.74817
	30.86852	40.74809
	30.86834	40.74802
	30.8678	40.74814
	30.86754	40.74816
	30.86689	40.74809
	30.86657	40.74809
	30.8654	40.74771
	30.86526	40.74761
	30.86512	40.74742
	30.85519	40.7447
	30.85509	40.74464
	30.85488	40.74459
	30.85424	40.74439
	30.85343	40.74412
	30.85312	40.74399
	30.85249	40.74357
	30.85233	40.74341
	30.85194	40.74283
	30.85045	40.74197
	30.84394	40.73989
	30.8395	40.73989
	30.83758	40.74128
	30.83605	40.74464
	30.83207	40.74905
	30.83015	40.75143
	30.83291	40.7548
	30.83291	40.75729
	30.83031	40.75961
	30.82977	40.76332
	30.8287	40.76611
	30.82832	40.7697
	30.8274	40.77018
	30.82753	40.77051
	30.82764	40.77098
	30.82796	40.77192
	30.82797	40.77209
	30.8255	40.77415
	30.82536	40.77412
	30.82496	40.77407
	30.82504	40.7741
	30.8254	40.77434
	30.82571	40.77415
	30.82592	40.77405
	30.82721	40.77388
	30.82741	40.77393
	30.8279	40.77386
	30.82952	40.77443
	30.82965	40.77458
	30.82986	40.77464
	30.83056	40.77502
	30.83067	40.77507
	30.83101	40.77516
	30.83162	40.77545
	30.8317	40.7755
	30.83228	40.77814
	30.83223	40.77823
	30.8324	40.77878
	30.8324	40.77897
	30.8322	40.77977
	30.83213	40.7799
	30.83172	40.78047
	30.83152	40.78067
	30.83135	40.78081
	30.83117	40.781
	30.83104	40.78088
	30.82855	40.78137
	30.82826	40.7799
	30.8281	40.77982
	30.82797	40.77969
	30.82744	40.77854
	30.82739	40.77812
	30.82729	40.77806
	30.82724	40.77798
	30.82719	40.77804
	30.82675	40.77844
	30.82669	40.77856
	30.82552	40.77862
	30.82717	40.78263
	30.82908	40.78437
	30.83245	40.78489
	30.83643	40.78362
	30.8385	40.78437
	30.84065	40.78646
	30.84065	40.78884
	30.83659	40.79579
	30.83705	40.798
	30.8362	40.80055
	30.8395	40.80449
	30.84555	40.80715
	30.84777	40.80843
	30.85565	40.81081
	30.85964	40.81214
	30.86415	40.81504
	30.87181	40.81706
	30.87411	40.81677
	30.87809	40.81869
	30.88077	40.81869
	30.8869	40.81875
	30.88912	40.81747
	30.8918	40.81828
	30.89363	40.8173
	30.89448	40.81817
	30.89455	40.82367
	30.8967	40.82547
	30.90114	40.82581
	30.90359	40.8257
	30.90573	40.82732
	30.90995	40.82749
	30.91194	40.82877
	30.91416	40.82831
	30.91668	40.8297
	30.91791	40.83132
	30.91783	40.83329
	30.91944	40.83752
	30.91523	40.84047
	30.90696	40.84076
	30.90351	40.84117
	30.90145	40.83856
	30.89815	40.83508
	30.89218	40.83781
	30.8885	40.83729
	30.8823	40.8374
	30.87426	40.8385
	30.86844	40.84059
	30.86706	40.84325
	30.86837	40.84621
	30.87028	40.85142
	30.87373	40.85605
	30.88169	40.86208
	30.88184	40.86445
	30.88085	40.86648
	30.87955	40.86764
	30.87939	40.86995
	30.87403	40.87233
	30.86791	40.87551
	30.86461	40.87731
	30.85795	40.87754
	30.8527	40.87726
	30.84907	40.87708
	30.84555	40.87812
	30.84057	40.88211
	30.83291	40.88269
	30.82931	40.8835
	30.82686	40.88333
	30.82548	40.88391
	30.8238	40.88391
	30.82456	40.88744
	30.8238	40.88889
	30.82441	40.89068
	30.82311	40.89369
	30.82403	40.89832
	30.82426	40.90006
	30.82839	40.90081
	30.83038	40.90683
	30.83375	40.90943
	30.83766	40.91082
	30.84088	40.90932
	30.84463	40.90828
	30.84601	40.90978
	30.85143	40.91508
	30.85622	40.91418
	30.8627	40.91389
	30.86639	40.91195
	30.87288	40.91186
	30.87597	40.91309
	30.87763	40.91331
	30.87818	40.91408
	30.88389	40.91431
	30.8854	40.91624
	30.88971	40.91619
	30.89065	40.91717
	30.89817	40.91605
	30.89928	40.91668
	30.89803	40.9183
	30.89908	40.91924
	30.90158	40.91929
	30.90157	40.92139
	30.90357	40.92135
	30.90506	40.92263
	30.90806	40.92383
	30.90808	40.92554
	30.90703	40.92599
	30.90845	40.92626
	30.90855	40.92633
	30.90886	40.92669
	30.90939	40.92668
	30.90987	40.92672
	30.91009	40.92677
	30.91063	40.92698
	30.9108	40.92707
	30.91141	40.92761
	30.91155	40.92779
	30.91193	40.92864
	30.91216	40.92875
	30.91198	40.92914
	30.91199	40.92932
	30.91197	40.92949
	30.91182	40.92948
	30.91097	40.93132
	30.91087	40.93136
	30.90997	40.93147
	30.90988	40.93146
	30.90909	40.93121
	30.90902	40.93117
	30.90872	40.9308
	30.90855	40.93087
	30.90754	40.93099
	30.90738	40.93096
	30.90691	40.93084
	30.90681	40.9308
	30.90637	40.93038
	30.90616	40.93035
	30.90572	40.93025
	30.90543	40.93017
	30.90513	40.93006
	30.90451	40.92969
	30.9042	40.92942
	30.90405	40.92926
	30.90391	40.92928
	30.90335	40.92928
	30.90318	40.92925
	30.90292	40.92942
	30.90282	40.92946
	30.9017	40.92954
	30.90161	40.92952
	30.90058	40.92894
	30.90046	40.92885
	30.89861	40.92936
	30.89848	40.92892
	30.89609	40.93107
	30.89685	40.93385
	30.90213	40.93819
	30.90704	40.94085
	30.91063	40.94166
	30.91163	40.94623
	30.91691	40.94912
	30.91607	40.95369
	30.92365	40.95785
	30.92894	40.96034
	30.93154	40.96196
	30.93185	40.96479
	30.9359	40.96896
	30.9379	40.9689
	30.93805	40.97225
	30.94004	40.97451
	30.94103	40.9774
	30.94272	40.97821
	30.94548	40.97699
	30.9458	40.9773
	30.94816	40.97948
	30.9503	40.98023
	30.95298	40.9804
	30.95436	40.98092
	30.95788	40.98387
	30.96117	40.98532
	30.96271	40.98595
	30.96133	40.98849
	30.95911	40.99011
	30.95918	40.99121
	30.96102	40.9926
	30.96087	40.99375
	30.95964	40.99422
	30.95949	40.99566
	30.95811	40.99572
	30.95597	40.99439
	30.95267	40.99572
	30.9513	40.99849
	30.95143	41.00108
	30.95367	41.00253
	30.95643	41.00156
	30.96163	41.00179
	30.965	41.00422
	30.96477	41.00578
	30.96117	41.00826
	30.96239	41.00915
	30.96518	41.00959
	30.96868	41.00855
	30.97626	41.00994
	30.97806	41.01183
	30.97997	41.01258
	30.98169	41.01438
	30.98148	41.01512
	30.98196	41.0158
	30.98273	41.01626
	30.98323	41.01744
	30.9834	41.01884
	30.98445	41.02062
	30.98529	41.0223
	30.98346	41.02328
	30.98491	41.02438
	30.98399	41.02773
	30.98476	41.02831
	30.98736	41.02825
	30.98951	41.02692
	30.99165	41.02923
	30.99249	41.03102
	30.99479	41.0312
	31.00107	41.03114
	31.00383	41.03045
	31.00689	41.03432
	31.00658	41.03651
	31.00857	41.0372
	31.00865	41.03847
	31.01056	41.03911
	31.01056	41.03992
	31.00949	41.04113
	31.01164	41.04211
	31.01148	41.04396
	31.01248	41.04523
	31.01095	41.04737
	31.00758	41.04875
	31.00453	41.0483
	31.003	41.04715
	31.00188	41.04511
	30.99827	41.04535
	30.99722	41.04505
	30.997	41.0444
	30.99745	41.04357
	30.99864	41.04314
	30.99823	41.04233
	30.99462	41.04171
	30.99412	41.04054
	30.99131	41.04146
	30.98802	41.0421
	30.98683	41.04362
	30.98628	41.04358
	30.98573	41.04267
	30.98509	41.0424
	30.98376	41.04327
	30.98313	41.04445
	30.98205	41.04627
	30.98036	41.04678
	30.98286	41.04844
	30.98254	41.04962
	30.98478	41.05036
	30.98475	41.05248
	30.98436	41.05361
	30.98306	41.05428
	30.98294	41.05524
	30.98453	41.05621
	30.98487	41.05707
	30.98072	41.05742
	30.98022	41.05835
	30.98005	41.06034
	30.97769	41.0611
	30.9739	41.06093
	30.97266	41.06048
	30.97234	41.05981
	30.97145	41.05946
	30.97086	41.06018
	30.97098	41.06238
	30.97	41.06236
	30.96733	41.06159
	30.96647	41.06201
	30.96636	41.06279
	30.9677	41.06373
	30.96801	41.06468
	30.96752	41.06538
	30.96703	41.06545
	30.96665	41.06552
	30.9655	41.06538
	30.96403	41.06445
	30.96326	41.06162
	30.95977	41.06242
	30.95602	41.06235
	30.95484	41.06268
	30.95438	41.0634
	30.95681	41.06529
	30.95747	41.06629
	30.958	41.06788
	30.9601	41.06925
	30.9613	41.0698
	30.96285	41.07043
	30.96663	41.07217
	30.96756	41.07285
	30.96753	41.07481
	30.94022	41.273
	30.96361	41.274
	30.98259	41.274
	30.99348	41.275
	31.00922	41.276
	31.01337	41.277
	31.01778	41.278
	31.02249	41.279
	31.03267	41.281
	31.04076	41.283
	31.04517	41.284
	31.04988	41.285
	31.05496	41.286
	31.06051	41.287
	31.06666	41.288
	31.07368	41.289
	31.08202	41.29
	31.0929	41.291
	31.1163	41.292
	31.1238	41.29379
	31.12683	41.297
	31.12686	41.299
	31.12674	41.303
	31.12673	41.307
	31.12692	41.313
	31.12718	41.317
	31.12777	41.323
	31.1283	41.327
	31.12929	41.333
	31.13009	41.337
	31.1315	41.343
	31.13258	41.347
	31.13441	41.353
	31.13578	41.357
	31.13805	41.363
	31.13972	41.367
	31.14151	41.371
	31.14343	41.375
	31.14548	41.379
	31.14766	41.383
	31.15078	41.389
	31.15303	41.393
	31.15542	41.397
	31.15795	41.401
	31.16132	41.406
	31.16419	41.41
	31.16722	41.414
	31.17124	41.419
	31.17465	41.423
	31.17918	41.428
	31.18301	41.432
	31.18706	41.436
	31.19132	41.44
	31.19581	41.444
	31.20055	41.448
	31.20178	41.449
	31.20556	41.452
	31.2095	41.455
	31.21362	41.458
	31.21791	41.461
	31.22241	41.464
	31.22552	41.466
	31.23532	41.472
	31.24043	41.475
	31.24398	41.477
	31.24766	41.479
	31.25148	41.481
	31.25544	41.483
	31.25957	41.485
	31.26387	41.487
	31.26836	41.489
	31.2755	41.492
	31.28056	41.494
	31.28591	41.496
	31.29158	41.498
	31.29763	41.5
	31.30412	41.502
	31.31115	41.504
	31.31491	41.505
	31.31797	41.506
	31.32348	41.508
	31.32933	41.51
	31.33493	41.513
	31.33882	41.515
	31.34495	41.518
	31.34925	41.52
	31.35607	41.523
	31.36089	41.525
	31.36596	41.527
	31.37131	41.529
	31.3798	41.532
	31.38795	41.535
	31.3938	41.537
	31.40006	41.539
	31.40337	41.54
	31.4104	41.542
	31.41357	41.543
	31.41962	41.545
	31.42611	41.547
	31.42938	41.548
	31.43587	41.55
	31.43931	41.551
	31.44667	41.553
	31.45479	41.555
	31.46505	41.558
	31.4724	41.56
	31.48053	41.562
	31.48495	41.563
	31.48968	41.564
	31.49479	41.565
	31.49748	41.566
	31.50388	41.569
	31.5107	41.572
	31.51552	41.574
	31.52059	41.576
	31.52874	41.579
	31.5346	41.581
	31.53768	41.582
	31.54305	41.584
	31.54862	41.586
	31.55733	41.589
	31.55897	41.59
	31.56405	41.594
	31.56943	41.598
	31.57368	41.601
	31.57812	41.604
	31.58276	41.607
	31.58763	41.61
	31.59275	41.613
	31.59814	41.616
	31.60575	41.62
	31.60972	41.622
	31.61599	41.625
	31.62267	41.628
	31.62982	41.631
	31.6349	41.633
	31.64306	41.636
	31.64892	41.638
	31.65136	41.639
	31.65742	41.643
	31.66221	41.646
	31.66386	41.647
	31.66898	41.65
	31.67255	41.652
	31.67624	41.654
	31.68193	41.657
	31.68537	41.659
	31.68893	41.661
	31.69262	41.663
	31.69645	41.665
	31.70248	41.668
	31.70888	41.671
	31.71571	41.674
	31.72304	41.677
	31.72513	41.678
	31.72719	41.679
	31.73231	41.682
	31.73587	41.684
	31.73956	41.686
	31.74339	41.688
	31.74737	41.69
	31.75151	41.692
	31.75582	41.694
	31.76033	41.696
	31.76504	41.698
	31.77	41.7
	31.77522	41.702
	31.78074	41.704
	31.78661	41.706
	31.78969	41.707
	31.7962	41.709
	31.79965	41.71
	31.80702	41.712
	31.81099	41.713
	31.81517	41.714
	31.8196	41.715
	31.82435	41.716
	31.82946	41.717
	31.83504	41.718
	31.84116	41.719
	31.84512	41.72
	31.84749	41.721
	31.85346	41.725
	31.85819	41.728
	31.86486	41.732
	31.87016	41.735
	31.87575	41.738
	31.87966	41.74
	31.88581	41.743
	31.89013	41.745
	31.89236	41.746
	31.89936	41.749
	31.90689	41.752
	31.91226	41.754
	31.92083	41.757
	31.92856	41.76
	31.93409	41.762
	31.93997	41.764
	31.94625	41.766
	31.95302	41.768
	31.9602	41.77
	31.96672	41.772
	31.97378	41.774
	31.9761	41.775
	31.97985	41.778
	31.98244	41.78
	31.98646	41.783
	31.99063	41.786
	31.99456	41.791
	31.99791	41.795
	32.00234	41.8
	32.0061	41.804
	32.01006	41.808
	32.01424	41.812
	32.01864	41.816
	32.02324	41.82
	32.02807	41.824
	32.03187	41.827
	32.03584	41.83
	32.03998	41.833
	32.0443	41.836
	32.04882	41.839
	32.05356	41.842
	32.05684	41.844
	32.05852	41.845
	32.06375	41.848
	32.06738	41.85
	32.07115	41.852
	32.07506	41.854
	32.07913	41.856
	32.08336	41.858
	32.09007	41.861
	32.0948	41.863
	32.09677	41.864
	32.10304	41.868
	32.10972	41.872
	32.11684	41.876
	32.12375	41.88
	32.12739	41.882
	32.13116	41.884
	32.13709	41.887
	32.14338	41.89
	32.15009	41.893
	32.15482	41.895
	32.16237	41.898
	32.17056	41.901
	32.17645	41.903
	32.17954	41.904
	32.18607	41.906
	32.19314	41.908
	32.19693	41.909
	32.20905	41.912
	32.21644	41.914
	32.22042	41.915
	32.2289	41.917
	32.23282	41.919
	32.23689	41.921
	32.24112	41.923
	32.24555	41.925
	32.25017	41.927
	32.25502	41.929
	32.26278	41.932
	32.26832	41.934
	32.27122	41.935
	32.2773	41.937
	32.28051	41.938
	32.2873	41.94
	32.29092	41.941
	32.29867	41.943
	32.30287	41.944
	32.30732	41.945
	32.31208	41.946
	32.31638	41.947
	32.31805	41.948
	32.32251	41.951
	32.3256	41.953
	32.33042	41.956
	32.33376	41.958
	32.339	41.961
	32.34264	41.963
	32.34641	41.965
	32.35033	41.967
	32.3544	41.969
	32.35865	41.971
	32.36536	41.974
	32.37255	41.977
	32.38768	41.983
	32.39588	41.986
	32.40177	41.988
	32.40808	41.99
	32.41488	41.992
	32.42228	41.994
	32.43046	41.996
	32.43492	41.997
	32.43968	41.998
	32.44482	41.999
	32.44737	42.0
	32.45222	42.002
	32.45733	42.004
	32.46553	42.007
	32.47143	42.009
	32.47453	42.01
	32.48107	42.012
	32.48454	42.013
	32.49194	42.015
	32.49592	42.016
	32.50012	42.017
	32.50458	42.018
	32.50935	42.019
	32.51449	42.02
	32.52581	42.022
	32.53203	42.023
	32.53768	42.024
	32.5439	42.025
	32.55099	42.026
	32.55943	42.027
	32.57031	42.028
	32.57875	42.029
	32.58976	42.03
	32.60786	42.031
	32.61417	42.033
	32.6175	42.034
	32.62459	42.036
	32.62838	42.037
	32.63656	42.039
	32.64102	42.04
	32.64579	42.041
	32.65093	42.042
	32.65654	42.043
	32.66277	42.044
	32.66987	42.045
	32.6783	42.046
	32.68439	42.047
	32.69216	42.049
	32.69636	42.05
	32.70082	42.051
	32.70559	42.052
	32.71073	42.053
	32.71635	42.054
	32.72258	42.055
	32.72967	42.056
	32.73811	42.057
	32.74913	42.058
	32.7728	42.059
	32.80044	42.06
	32.80734	42.061
	32.81295	42.062
	32.81518	42.063
	32.81864	42.065
	32.82222	42.067
	32.82966	42.071
	32.83351	42.073
	32.83957	42.076
	32.84601	42.079
	32.85054	42.081
	32.85529	42.083
	32.86027	42.085
	32.86811	42.088
	32.87374	42.091
	32.87968	42.094
	32.886	42.097
	32.89272	42.1
	32.89993	42.103
	32.90505	42.105
	32.91044	42.107
	32.91617	42.109
	32.92227	42.111
	32.92549	42.112
	32.9323	42.114
	32.94187	42.117
	32.94521	42.118
	32.9523	42.12
	32.96008	42.122
	32.96429	42.123
	32.97326	42.125
	32.97804	42.126
	32.98318	42.127
	32.9888	42.128
	32.99504	42.129
	33.00214	42.13
	33.00714	42.131
	33.01534	42.133
	33.02708	42.136
	33.03566	42.138
	33.04013	42.139
	33.0449	42.14
	33.04885	42.141
	33.05132	42.142
	33.0591	42.145
	33.06466	42.147
	33.06756	42.148
	33.07565	42.151
	33.0827	42.154
	33.09028	42.157
	33.0985	42.16
	33.10441	42.162
	33.11074	42.164
	33.11408	42.165
	33.12118	42.167
	33.12897	42.169
	33.13318	42.17
	33.13765	42.171
	33.14242	42.172
	33.14532	42.173
	33.15019	42.175
	33.15529	42.177
	33.16699	42.182
	33.17198	42.184
	33.17724	42.186
	33.18281	42.188
	33.18572	42.189
	33.19183	42.191
	33.19981	42.194
	33.20537	42.196
	33.21128	42.198
	33.21761	42.2
	33.22443	42.202
	33.23186	42.204
	33.23988	42.206
	33.24409	42.207
	33.24856	42.208
	33.25334	42.209
	33.26234	42.211
	33.26712	42.212
	33.27228	42.213
	33.2779	42.214
	33.28415	42.215
	33.29126	42.216
	33.29972	42.217
	33.31077	42.218
	33.3345	42.219
	33.36183	42.219
	33.38556	42.218
	33.41921	42.215
	33.42767	42.214
	33.43478	42.213
	33.44661	42.212
	33.47034	42.211
	33.48138	42.21
	33.48984	42.209
	33.49974	42.208
	33.5082	42.207
	33.51531	42.206
	33.52156	42.205
	33.52718	42.204
	33.53234	42.203
	33.53876	42.202
	33.5498	42.201
	33.55826	42.2
	33.57218	42.198
	33.58064	42.197
	33.58775	42.196
	33.594	42.195
	33.59962	42.194
	33.61181	42.192
	33.61743	42.191
	33.62258	42.19
	33.62736	42.189
	33.63183	42.188
	33.64598	42.187
	33.65702	42.186
	33.66548	42.185
	33.67258	42.184
	33.68866	42.183
	33.6997	42.182
	33.70816	42.181
	33.72306	42.18
	33.73713	42.18
	33.76085	42.181
	33.77734	42.181
	33.80106	42.18
	33.8121	42.179
	33.82056	42.178
	33.82767	42.177
	33.83391	42.176
	33.83966	42.175
	33.86444	42.175
	33.88816	42.176
	33.91105	42.176
	33.91815	42.177
	33.92661	42.178
	33.93765	42.179
	33.96137	42.18
	33.98266	42.18
	33.9937	42.181
	34.01741	42.182
	34.02884	42.182
	34.05256	42.181
	34.07471	42.18
	34.08574	42.179
	34.10824	42.178
	34.13196	42.177
	34.143	42.176
	34.15145	42.175
	34.15856	42.174
	34.1648	42.173
	34.17043	42.172
	34.17558	42.171
	34.18035	42.17
	34.18482	42.169
	34.19302	42.167
	34.20045	42.165
	34.20759	42.164
	34.21604	42.163
	34.22315	42.162
	34.22939	42.161
	34.23501	42.16
	34.24016	42.159
	34.24494	42.158
	34.2494	42.157
	34.2576	42.155
	34.2651	42.153
	34.26908	42.152
	34.27754	42.151
	34.28464	42.15
	34.28903	42.14926
	34.30902	42.149
	34.3251	42.15
	34.33252	42.152
	34.34072	42.154
	34.34519	42.155
	34.34996	42.156
	34.35511	42.157
	34.36444	42.159
	34.3696	42.16
	34.37522	42.161
	34.38146	42.162
	34.38856	42.163
	34.39702	42.164
	34.40505	42.166
	34.40926	42.167
	34.41373	42.168
	34.41851	42.169
	34.42366	42.17
	34.42928	42.171
	34.43552	42.172
	34.44263	42.173
	34.45108	42.174
	34.46212	42.175
	34.48584	42.176
	34.49502	42.176
	34.51874	42.175
	34.52978	42.174
	34.53823	42.173
	34.54534	42.172
	34.55158	42.171
	34.5572	42.17
	34.56236	42.169
	34.56713	42.168
	34.5716	42.167
	34.5798	42.165
	34.58734	42.163
	34.59444	42.161
	34.59778	42.16
	34.60411	42.158
	34.61002	42.156
	34.61824	42.153
	34.62336	42.151
	34.63057	42.148
	34.63439	42.147
	34.64284	42.146
	34.64995	42.145
	34.66401	42.145
	34.68217	42.146
	34.68403	42.151
	34.68652	42.157
	34.68929	42.163
	34.69129	42.167
	34.69456	42.173
	34.6969	42.177
	34.69939	42.181
	34.70271	42.186
	34.70627	42.191
	34.71082	42.197
	34.71484	42.202
	34.71824	42.206
	34.72277	42.211
	34.7266	42.215
	34.73064	42.219
	34.7349	42.223
	34.736	42.224
	34.74055	42.228
	34.74412	42.231
	34.74784	42.234
	34.75172	42.237
	34.75577	42.24
	34.76	42.243
	34.76441	42.246
	34.76903	42.249
	34.77387	42.252
	34.77896	42.255
	34.78431	42.258
	34.78803	42.26
	34.79388	42.263
	34.79797	42.265
	34.80443	42.268
	34.80898	42.27
	34.81374	42.272
	34.81874	42.274
	34.824	42.276
	34.82958	42.278
	34.8355	42.28
	34.84183	42.282
	34.84866	42.284
	34.8523	42.285
	34.8601	42.287
	34.86432	42.288
	34.86879	42.289
	34.87358	42.29
	34.87874	42.291
	34.88437	42.292
	34.89063	42.293
	34.89775	42.294
	34.90622	42.295
	34.91728	42.296
	34.94104	42.297
	34.95365	42.297
	34.97741	42.296
	34.99392	42.295
	35.00498	42.294
	35.02004	42.293
	35.04381	42.292
	35.05486	42.291
	35.06333	42.29
	35.07045	42.289
	35.07671	42.288
	35.08234	42.287
	35.0875	42.286
	35.09229	42.285
	35.09676	42.284
	35.10098	42.283
	35.10498	42.282
	35.11242	42.28
	35.1159	42.279
	35.12247	42.277
	35.12859	42.275
	35.13433	42.273
	35.13707	42.272
	35.14487	42.269
	35.14974	42.267
	35.15439	42.265
	35.16099	42.262
	35.16517	42.26
	35.16918	42.258
	35.17304	42.256
	35.17677	42.254
	35.18036	42.252
	35.18384	42.25
	35.19045	42.246
	35.1936	42.244
	35.19815	42.241
	35.20517	42.24
	35.21875	42.239
	35.2298	42.238
	35.23826	42.237
	35.24538	42.236
	35.25162	42.235
	35.25725	42.234
	35.26241	42.233
	35.26719	42.232
	35.27166	42.231
	35.27588	42.23
	35.28367	42.228
	35.29078	42.226
	35.29735	42.224
	35.30346	42.222
	35.30919	42.22
	35.3172	42.217
	35.32219	42.215
	35.32695	42.213
	35.33149	42.211
	35.33794	42.208
	35.34203	42.206
	35.34788	42.203
	35.3516	42.201
	35.35694	42.198
	35.36036	42.196
	35.36527	42.193
	35.36996	42.19
	35.37444	42.187
	35.37872	42.184
	35.38282	42.181
	35.38676	42.178
	35.39175	42.174
	35.39296	42.173
	35.39648	42.17
	35.3999	42.167
	35.40533	42.162
	35.40841	42.159
	35.41138	42.156
	35.41424	42.153
	35.41698	42.15
	35.41962	42.147
	35.42216	42.144
	35.42699	42.138
	35.42992	42.135
	35.43365	42.131
	35.43719	42.127
	35.44055	42.123
	35.44374	42.119
	35.44676	42.115
	35.44962	42.111
	35.45298	42.106
	35.45551	42.102
	35.45788	42.098
	35.46014	42.094
	35.46228	42.09
	35.46428	42.086
	35.46616	42.082
	35.4679	42.078
	35.46953	42.074
	35.47103	42.07
	35.47241	42.066
	35.47368	42.062
	35.47483	42.058
	35.47586	42.054
	35.47678	42.05
	35.47759	42.046
	35.47829	42.042
	35.4786	42.04
	35.47913	42.036
	35.47955	42.032
	35.47987	42.028
	35.48007	42.024
	35.48017	42.02
	35.48012	42.014
	35.47995	42.01
	35.47967	42.006
	35.47929	42.002
	35.47852	41.996
	35.47789	41.992
	35.47715	41.988
	35.47583	41.982
	35.4748	41.978
	35.47367	41.974
	35.47242	41.97
	35.47105	41.966
	35.46956	41.962
	35.46795	41.958
	35.46622	41.954
	35.46437	41.95
	35.46238	41.946
	35.46026	41.942
	35.45801	41.938
	35.45562	41.934
	35.45309	41.93
	35.4504	41.926
	35.44829	41.923
	35.44534	41.919
	35.44223	41.915
	35.43895	41.911
	35.43637	41.908
	35.43584	41.907
	35.43827	41.904
	35.4406	41.901
	35.44284	41.898
	35.445	41.895
	35.44706	41.892
	35.44969	41.888
	35.45335	41.882
	35.45603	41.881
	35.46107	41.88
	35.46815	41.879
	35.47436	41.878
	35.47996	41.877
	35.48508	41.876
	35.48984	41.875
	35.49429	41.874
	35.50245	41.872
	35.50984	41.87
	35.51662	41.868
	35.51983	41.867
	35.52591	41.865
	35.53161	41.863
	35.53957	41.86
	35.5494	41.856
	35.55625	41.853
	35.56267	41.85
	35.56674	41.848
	35.57065	41.846
	35.57442	41.844
	35.57805	41.842
	35.58496	41.838
	35.58661	41.837
	35.59131	41.837
	35.59874	41.839
	35.61049	41.842
	35.61463	41.843
	35.62623	41.846
	35.63418	41.848
	35.64263	41.85
	35.65451	41.853
	35.65823	41.854
	35.66851	41.857
	35.67212	41.858
	35.68346	41.861
	35.69068	41.863
	35.69414	41.864
	35.70369	41.867
	35.71712	41.871
	35.73008	41.875
	35.73673	41.877
	35.74244	41.879
	35.74543	41.88
	35.75952	41.885
	35.76541	41.887
	35.77647	41.891
	35.77893	41.892
	35.78914	41.896
	35.79707	41.899
	35.80217	41.901
	35.81036	41.904
	35.81292	41.905
	35.8201	41.908
	35.8278	41.911
	35.83318	41.913
	35.83879	41.915
	35.84468	41.917
	35.84777	41.918
	35.8543	41.92
	35.86138	41.922
	35.86516	41.923
	35.87333	41.925
	35.87778	41.926
	35.88254	41.927
	35.88767	41.928
	35.89327	41.929
	35.89949	41.93
	35.90657	41.931
	35.91431	41.932
	35.92273	41.933
	35.93373	41.934
	35.95736	41.935
	35.96482	41.935
	35.98845	41.934
	35.99944	41.933
	36.00787	41.932
	36.01495	41.931
	36.02117	41.93
	36.02677	41.929
	36.0319	41.928
	36.03666	41.927
	36.04111	41.926
	36.0453	41.925
	36.04928	41.924
	36.05667	41.922
	36.06346	41.92
	36.06976	41.918
	36.07565	41.916
	36.08119	41.914
	36.08894	41.911
	36.09379	41.909
	36.09845	41.907
	36.10368	41.905
	36.11105	41.902
	36.11567	41.9
	36.12009	41.898
	36.12643	41.895
	36.1305	41.893
	36.13638	41.89
	36.14206	41.887
	36.14747	41.884
	36.15261	41.881
	36.15427	41.88
	36.16065	41.876
	36.16673	41.872
	36.16867	41.871
	36.17328	41.869
	36.1799	41.866
	36.18414	41.864
	36.1882	41.862
	36.19609	41.858
	36.19993	41.856
	36.20551	41.853
	36.2127	41.849
	36.21792	41.846
	36.22289	41.843
	36.22763	41.84
	36.23675	41.834
	36.24838	41.826
	36.25116	41.824
	36.25518	41.821
	36.25777	41.819
	36.26152	41.816
	36.27102	41.808
	36.27671	41.803
	36.27996	41.8
	36.28311	41.797
	36.29211	41.788
	36.29498	41.785
	36.29775	41.782
	36.29865	41.781
	36.30556	41.773
	36.3089	41.769
	36.31284	41.764
	36.31652	41.759
	36.31742	41.758
	36.32069	41.755
	36.32384	41.752
	36.32882	41.747
	36.33349	41.742
	36.33615	41.739
	36.3387	41.736
	36.34274	41.731
	36.34504	41.728
	36.34725	41.725
	36.35073	41.72
	36.3546	41.714
	36.357	41.71
	36.36162	41.702
	36.36486	41.696
	36.3678	41.69
	36.3696	41.686
	36.37127	41.682
	36.37283	41.678
	36.37582	41.67
	36.37784	41.664
	36.37903	41.66
	36.38012	41.656
	36.38109	41.652
	36.38234	41.646
	36.38276	41.644
	36.38367	41.64
	36.38447	41.636
	36.38589	41.628
	36.38679	41.622
	36.38734	41.62
	36.38929	41.614
	36.39046	41.61
	36.39508	41.592
	36.39602	41.588
	36.39686	41.584
	36.39761	41.58
	36.39825	41.576
	36.39877	41.572
	36.39936	41.566
	36.39962	41.562
	36.39992	41.554
	36.39991	41.548
	36.39967	41.54
	36.39945	41.536
	36.39912	41.532
	36.39985	41.531
	36.40777	41.523
	36.41345	41.519
	36.41757	41.516
	36.42151	41.513
	36.4253	41.51
	36.42805	41.509
	36.43147	41.508
	36.43262	41.508
	36.43916	41.513
	36.44469	41.517
	36.45056	41.521
	36.45675	41.525
	36.45834	41.526
	36.46161	41.528
	36.47009	41.533
	36.47506	41.536
	36.48026	41.539
	36.48388	41.541
	36.48763	41.543
	36.49339	41.546
	36.4994	41.549
	36.50797	41.553
	36.51247	41.555
	36.51717	41.557
	36.52211	41.559
	36.52732	41.561
	36.53272	41.563
	36.53839	41.565
	36.54445	41.567
	36.54763	41.568
	36.55439	41.57
	36.55798	41.571
	36.56569	41.573
	36.57405	41.575
	36.57848	41.576
	36.58321	41.577
	36.58832	41.578
	36.59389	41.579
	36.60007	41.58
	36.60711	41.581
	36.61549	41.582
	36.62643	41.583
	36.64993	41.584
	36.66108	41.584
	36.68458	41.583
	36.69552	41.582
	36.7039	41.581
	36.71094	41.58
	36.71712	41.579
	36.72269	41.578
	36.7278	41.577
	36.73253	41.576
	36.73696	41.575
	36.74508	41.573
	36.75244	41.571
	36.75588	41.57
	36.76238	41.568
	36.76546	41.567
	36.77131	41.565
	36.77946	41.562
	36.78299	41.561
	36.79223	41.56
	36.8006	41.559
	36.81465	41.557
	36.82083	41.556
	36.84189	41.553
	36.84807	41.552
	36.85364	41.551
	36.86385	41.549
	36.87047	41.548
	36.87665	41.547
	36.88222	41.546
	36.88833	41.545
	36.89389	41.544
	36.899	41.543
	36.90373	41.542
	36.91681	41.539
	36.92493	41.537
	36.93634	41.534
	36.95092	41.53
	36.95766	41.528
	36.96518	41.526
	36.97221	41.524
	36.97552	41.523
	36.98178	41.521
	36.98763	41.519
	36.99314	41.517
	37.00371	41.513
	37.00878	41.511
	37.01592	41.508
	37.0249	41.504
	37.0292	41.502
	37.03333	41.5
	37.04743	41.493
	37.05331	41.49
	37.05969	41.487
	37.0657	41.484
	37.07187	41.481
	37.07584	41.479
	37.07812	41.478
	37.08306	41.476
	37.08825	41.474
	37.09319	41.472
	37.09789	41.47
	37.10238	41.468
	37.10811	41.466
	37.11361	41.464
	37.11881	41.462
	37.12613	41.459
	37.13072	41.457
	37.13952	41.453
	37.148	41.449
	37.154	41.446
	37.15592	41.445
	37.16149	41.442
	37.16681	41.439
	37.17528	41.434
	37.17854	41.432
	37.1833	41.429
	37.18933	41.425
	37.19222	41.423
	37.19639	41.42
	37.20039	41.417
	37.20424	41.414
	37.20674	41.412
	37.21037	41.409
	37.21385	41.406
	37.2172	41.403
	37.22041	41.4
	37.2235	41.397
	37.2265	41.394
	37.22939	41.391
	37.23397	41.386
	37.23658	41.383
	37.23909	41.38
	37.24228	41.376
	37.24531	41.372
	37.24925	41.367
	37.25296	41.362
	37.25507	41.359
	37.25709	41.356
	37.25969	41.352
	37.26218	41.348
	37.26337	41.346
	37.28867	41.345
	37.31209	41.344
	37.32298	41.343
	37.33133	41.342
	37.33866	41.341
	37.34568	41.34
	37.35184	41.339
	37.35739	41.338
	37.36248	41.337
	37.36719	41.336
	37.3716	41.335
	37.37576	41.334
	37.3797	41.333
	37.38703	41.331
	37.39046	41.33
	37.39693	41.328
	37.40296	41.326
	37.40862	41.324
	37.41395	41.322
	37.419	41.32
	37.42381	41.318
	37.4306	41.315
	37.43489	41.313
	37.441	41.31
	37.44488	41.308
	37.45044	41.305
	37.45398	41.303
	37.45907	41.3
	37.46088	41.299
	37.46529	41.298
	37.47338	41.296
	37.47712	41.295
	37.48413	41.293
	37.48743	41.292
	37.49367	41.29
	37.4995	41.288
	37.50498	41.286
	37.50758	41.286
	37.51389	41.29
	37.51889	41.293
	37.52238	41.295
	37.52598	41.297
	37.53164	41.3
	37.53763	41.303
	37.54399	41.306
	37.55079	41.309
	37.55809	41.312
	37.56598	41.315
	37.57163	41.317
	37.57766	41.319
	37.58413	41.321
	37.59114	41.323
	37.59883	41.325
	37.60298	41.326
	37.6074	41.327
	37.61211	41.328
	37.6172	41.329
	37.62275	41.33
	37.62891	41.331
	37.63592	41.332
	37.64427	41.333
	37.65516	41.334
	37.67857	41.335
	37.68624	41.335
	37.70965	41.334
	37.72054	41.333
	37.72889	41.332
	37.7359	41.331
	37.74206	41.33
	37.74761	41.329
	37.7527	41.328
	37.75741	41.327
	37.76182	41.326
	37.76598	41.325
	37.76992	41.324
	37.77366	41.323
	37.77724	41.322
	37.78067	41.321
	37.78397	41.32
	37.78715	41.319
	37.79021	41.318
	37.79578	41.317
	37.80412	41.316
	37.81358	41.315
	37.82447	41.314
	37.83281	41.313
	37.83983	41.312
	37.84598	41.311
	37.85153	41.31
	37.85662	41.309
	37.86133	41.308
	37.86574	41.307
	37.86989	41.306
	37.87383	41.305
	37.87758	41.304
	37.88116	41.303
	37.88459	41.302
	37.88788	41.301
	37.89106	41.3
	37.89412	41.299
	37.89708	41.298
	37.89995	41.297
	37.90274	41.296
	37.90544	41.295
	37.90807	41.294
	37.91063	41.293
	37.91312	41.292
	37.91555	41.291
	37.91792	41.29
	37.92024	41.289
	37.9225	41.288
	37.92471	41.287
	37.92688	41.286
	37.929	41.285
	37.93108	41.284
	37.93311	41.283
	37.93511	41.282
	37.93707	41.281
	37.93899	41.28
	37.94087	41.279
	37.94272	41.278
	37.94454	41.277
	37.94632	41.276
	37.94808	41.275
	37.94981	41.274
	37.9515	41.273
	37.95317	41.272
	37.95481	41.271
	37.95643	41.27
	37.95802	41.269
	37.95958	41.268
	37.96112	41.267
	37.96264	41.266
	37.96413	41.265
	37.9656	41.264
	37.96705	41.263
	37.96848	41.262
	37.96989	41.261
	37.97128	41.26
	37.97264	41.259
	37.97399	41.258
	37.97532	41.257
	37.97663	41.256
	37.97792	41.255
	37.97919	41.254
	37.98045	41.253
	37.98169	41.252
	37.98291	41.251
	37.98412	41.25
	37.98531	41.249
	37.98648	41.248
	37.98764	41.247
	37.98878	41.246
	37.98991	41.245
	37.99102	41.244
	37.99212	41.243
	37.9932	41.242
	37.99427	41.241
	37.99533	41.24
	37.99637	41.239
	37.99739	41.238
	37.99841	41.237
	37.99941	41.236
	38.0004	41.235
	38.00137	41.234
	38.00234	41.233
	38.00329	41.232
	38.00422	41.231
	38.00515	41.23
	38.00606	41.229
	38.00697	41.228
	38.00786	41.227
	38.00874	41.226
	38.0096	41.225
	38.01046	41.224
	38.0113	41.223
	38.01214	41.222
	38.01296	41.221
	38.01377	41.22
	38.01457	41.219
	38.01537	41.218
	38.01616	41.217
	38.01694	41.216
	38.01771	41.215
	38.01847	41.214
	38.01922	41.213
	38.01996	41.212
	38.02069	41.211
	38.02141	41.21
	38.02212	41.209
	38.02282	41.208
	38.02351	41.207
	38.02419	41.206
	38.02486	41.205
	38.02553	41.204
	38.02682	41.202
	38.02808	41.2
	38.02931	41.198
	38.0305	41.196
	38.03166	41.194
	38.03278	41.192
	38.03386	41.19
	38.03492	41.188
	38.03594	41.186
	38.03693	41.184
	38.03788	41.182
	38.03881	41.18
	38.0397	41.178
	38.04527	41.177
	38.05227	41.176
	38.05842	41.175
	38.06635	41.174
	38.07335	41.173
	38.0795	41.172
	38.08503	41.171
	38.0901	41.17
	38.09481	41.169
	38.10321	41.168
	38.11153	41.167
	38.11853	41.166
	38.12467	41.165
	38.13021	41.164
	38.13528	41.163
	38.13998	41.162
	38.14438	41.161
	38.14853	41.16
	38.15246	41.159
	38.15733	41.158
	38.16287	41.157
	38.16794	41.156
	38.17264	41.155
	38.17704	41.154
	38.18119	41.153
	38.18885	41.151
	38.19664	41.15
	38.20364	41.149
	38.20978	41.148
	38.21531	41.147
	38.22038	41.146
	38.22509	41.145
	38.22948	41.144
	38.23486	41.144
	38.25821	41.145
	38.28653	41.145
	38.30987	41.144
	38.32074	41.143
	38.32906	41.142
	38.33605	41.141
	38.3422	41.14
	38.34773	41.139
	38.3528	41.138
	38.3575	41.137
	38.3619	41.136
	38.36604	41.135
	38.37371	41.133
	38.3807	41.131
	38.38398	41.13
	38.39021	41.128
	38.39938	41.128
	38.41024	41.129
	38.43357	41.13
	38.45857	41.13
	38.46432	41.133
	38.46834	41.135
	38.47682	41.139
	38.48084	41.141
	38.48503	41.143
	38.4894	41.145
	38.49397	41.147
	38.50125	41.15
	38.50642	41.152
	38.5119	41.154
	38.51772	41.156
	38.52078	41.157
	38.52723	41.159
	38.53065	41.16
	38.53796	41.162
	38.54189	41.163
	38.54604	41.164
	38.55044	41.165
	38.55514	41.166
	38.56021	41.167
	38.56575	41.168
	38.57189	41.169
	38.57889	41.17
	38.58722	41.171
	38.59808	41.172
	38.62144	41.173
	38.65708	41.173
	38.66165	41.175
	38.66644	41.177
	38.67148	41.179
	38.6768	41.181
	38.68588	41.185
	38.69067	41.187
	38.69571	41.189
	38.70104	41.191
	38.70668	41.193
	38.7127	41.195
	38.71916	41.197
	38.72616	41.199
	38.73383	41.201
	38.73797	41.202
	38.74238	41.203
	38.74708	41.204
	38.75216	41.205
	38.7577	41.206
	38.76385	41.207
	38.77085	41.208
	38.77918	41.209
	38.78166	41.21
	38.78387	41.211
	38.78613	41.212
	38.78845	41.213
	38.79081	41.214
	38.79324	41.215
	38.79573	41.216
	38.79829	41.217
	38.80091	41.218
	38.80361	41.219
	38.80639	41.22
	38.80926	41.221
	38.81222	41.222
	38.81528	41.223
	38.81845	41.224
	38.82174	41.225
	38.82517	41.226
	38.82874	41.227
	38.8321	41.228
	38.83539	41.229
	38.83881	41.23
	38.84239	41.231
	38.84613	41.232
	38.85006	41.233
	38.85421	41.234
	38.85862	41.235
	38.86333	41.236
	38.8684	41.237
	38.87394	41.238
	38.8801	41.239
	38.8871	41.24
	38.89544	41.241
	38.90631	41.242
	38.92969	41.243
	38.93816	41.243
	38.96153	41.242
	38.97241	41.241
	38.98075	41.24
	38.98775	41.239
	39.00009	41.238
	39.00149	41.238
	39.00324	41.239
	39.00503	41.24
	39.00684	41.241
	39.00869	41.242
	39.01058	41.243
	39.0125	41.244
	39.01445	41.245
	39.01645	41.246
	39.01848	41.247
	39.02056	41.248
	39.02268	41.249
	39.02484	41.25
	39.02705	41.251
	39.02931	41.252
	39.03163	41.253
	39.034	41.254
	39.03643	41.255
	39.03892	41.256
	39.04148	41.257
	39.0441	41.258
	39.0468	41.259
	39.04959	41.26
	39.05246	41.261
	39.05542	41.262
	39.05848	41.263
	39.06165	41.264
	39.06495	41.265
	39.06837	41.266
	39.07195	41.267
	39.07569	41.268
	39.07963	41.269
	39.08378	41.27
	39.08819	41.271
	39.0929	41.272
	39.09798	41.273
	39.10352	41.274
	39.10968	41.275
	39.11669	41.276
	39.12503	41.277
	39.13591	41.278
	39.1593	41.279
	39.16683	41.279
	39.19022	41.278
	39.20111	41.277
	39.20945	41.276
	39.21646	41.275
	39.22261	41.274
	39.23195	41.273
	39.24284	41.272
	39.25118	41.271
	39.25819	41.27
	39.26145	41.27
	39.26348	41.271
	39.26556	41.272
	39.26768	41.273
	39.26985	41.274
	39.27206	41.275
	39.27432	41.276
	39.27664	41.277
	39.27901	41.278
	39.28393	41.28
	39.28912	41.282
	39.30017	41.286
	39.306	41.288
	39.30907	41.289
	39.31554	41.291
	39.31896	41.292
	39.32629	41.294
	39.33022	41.295
	39.33842	41.297
	39.34283	41.298
	39.34755	41.299
	39.35263	41.3
	39.35818	41.301
	39.36433	41.302
	39.37135	41.303
	39.37969	41.304
	39.39058	41.305
	39.41398	41.306
	39.42564	41.306
	39.44904	41.305
	39.45993	41.304
	39.46827	41.303
	39.48267	41.301
	39.48883	41.3
	39.49437	41.299
	39.49946	41.298
	39.50417	41.297
	39.50858	41.296
	39.51273	41.295
	39.52041	41.293
	39.53491	41.29
	39.53932	41.289
	39.54347	41.288
	39.55115	41.286
	39.55816	41.284
	39.57094	41.281
	39.57862	41.279
	39.58562	41.277
	39.59209	41.275
	39.59515	41.274
	39.60098	41.272
	39.60647	41.27
	39.61165	41.268
	39.61657	41.266
	39.62126	41.264
	39.62573	41.262
	39.63002	41.26
	39.63413	41.258
	39.63808	41.256
	39.64189	41.254
	39.64555	41.252
	39.65082	41.249
	39.65912	41.244
	39.66447	41.241
	39.6712	41.237
	39.67281	41.236
	39.6744	41.235
	39.67597	41.234
	39.67751	41.233
	39.67902	41.232
	39.68052	41.231
	39.68199	41.23
	39.68344	41.229
	39.68486	41.228
	39.68627	41.227
	39.68766	41.226
	39.68902	41.225
	39.69037	41.224
	39.6917	41.223
	39.69301	41.222
	39.6943	41.221
	39.69557	41.22
	39.69683	41.219
	39.69806	41.218
	39.69929	41.217
	39.70049	41.216
	39.70168	41.215
	39.70285	41.214
	39.70401	41.213
	39.70515	41.212
	39.70628	41.211
	39.71493	41.211
	39.72653	41.211
	39.7499	41.21
	39.76077	41.209
	39.7691	41.208
	39.7761	41.207
	39.78225	41.206
	39.78779	41.205
	39.79329	41.204
	39.79913	41.203
	39.80467	41.202
	39.81168	41.201
	39.82255	41.2
	39.83088	41.199
	39.83788	41.198
	39.84403	41.197
	39.84956	41.196
	39.85464	41.195
	39.85934	41.194
	39.86375	41.193
	39.86789	41.192
	39.87182	41.191
	39.87556	41.19
	39.87914	41.189
	39.88256	41.188
	39.88585	41.187
	39.88902	41.186
	39.89208	41.185
	39.89504	41.184
	39.8979	41.183
	39.90068	41.182
	39.90338	41.181
	39.906	41.18
	39.90856	41.179
	39.91104	41.178
	39.91347	41.177
	39.91584	41.176
	39.91815	41.175
	39.92041	41.174
	39.92262	41.173
	39.92478	41.172
	39.9269	41.171
	39.92918	41.17
	39.93235	41.169
	39.9354	41.168
	39.93837	41.167
	39.94133	41.166
	39.94419	41.165
	39.94697	41.164
	39.94967	41.163
	39.95229	41.162
	39.954	41.162
	39.96486	41.163
	39.98821	41.164
	39.99627	41.164
	40.01962	41.163
	40.03049	41.162
	40.03881	41.161
	40.04581	41.16
	40.05195	41.159
	40.05749	41.158
	40.06525	41.157
	40.07611	41.156
	40.08443	41.155
	40.09143	41.154
	40.09757	41.153
	40.10311	41.152
	40.10818	41.151
	40.11288	41.15
	40.11728	41.149
	40.12143	41.148
	40.12535	41.147
	40.12909	41.146
	40.13266	41.145
	40.13608	41.144
	40.13937	41.143
	40.14254	41.142
	40.14559	41.141
	40.14855	41.14
	40.15165	41.14
	40.15656	41.144
	40.16307	41.149
	40.16716	41.152
	40.17144	41.155
	40.17553	41.158
	40.17974	41.161
	40.18566	41.165
	40.19035	41.168
	40.19696	41.172
	40.20222	41.175
	40.20588	41.177
	40.20968	41.179
	40.21363	41.181
	40.21774	41.183
	40.22423	41.186
	40.23117	41.189
	40.23332	41.19
	40.23942	41.193
	40.24591	41.196
	40.25285	41.199
	40.25776	41.201
	40.26564	41.204
	40.27129	41.206
	40.27726	41.208
	40.28349	41.21
	40.29021	41.212
	40.29752	41.214
	40.3056	41.216
	40.31001	41.217
	40.31471	41.218
	40.31979	41.219
	40.32533	41.22
	40.33148	41.221
	40.33848	41.222
	40.34682	41.223
	40.35769	41.224
	40.38106	41.225
	40.39499	41.227
	40.40303	41.228
	40.40744	41.229
	40.41215	41.23
	40.42209	41.232
	40.42679	41.233
	40.43187	41.234
	40.43741	41.235
	40.44356	41.236
	40.45057	41.237
	40.4589	41.238
	40.46978	41.239
	40.49316	41.24
	40.51425	41.241
	40.52173	41.244
	40.52984	41.247
	40.53566	41.249
	40.54185	41.251
	40.54831	41.253
	40.55116	41.254
	40.55298	41.255
	40.55712	41.259
	40.56149	41.263
	40.56609	41.267
	40.57095	41.271
	40.57608	41.275
	40.58151	41.279
	40.58872	41.285
	40.59378	41.289
	40.59914	41.293
	40.60336	41.296
	40.60778	41.299
	40.61084	41.301
	40.61399	41.303
	40.61887	41.306
	40.62475	41.31
	40.62931	41.313
	40.63408	41.316
	40.63739	41.318
	40.64082	41.32
	40.64436	41.322
	40.64992	41.325
	40.6558	41.328
	40.66203	41.331
	40.6642	41.332
	40.66868	41.334
	40.67337	41.336
	40.6783	41.338
	40.68349	41.34
	40.68898	41.342
	40.69481	41.344
	40.70106	41.346
	40.70779	41.348
	40.71066	41.349
	40.71558	41.351
	40.72078	41.353
	40.72627	41.355
	40.72914	41.356
	40.73517	41.358
	40.73835	41.359
	40.74508	41.361
	40.75241	41.363
	40.76051	41.365
	40.76493	41.366
	40.76964	41.367
	40.7798	41.369
	40.78713	41.371
	40.79107	41.372
	40.79523	41.373
	40.79965	41.374
	40.80901	41.376
	40.8141	41.377
	40.81966	41.378
	40.82582	41.379
	40.83284	41.38
	40.84119	41.381
	40.85209	41.382
	40.87552	41.383
	40.88822	41.383
	40.89229	41.384
	40.89935	41.386
	40.9031	41.387
	40.9112	41.389
	40.91562	41.39
	40.9195	41.391
	40.92536	41.395
	40.92999	41.398
	40.93647	41.402
	40.94154	41.405
	40.94945	41.412
	40.95303	41.415
	40.95675	41.418
	40.96064	41.421
	40.96469	41.424
	40.96892	41.427
	40.97185	41.429
	40.97642	41.432
	40.9812	41.435
	40.98622	41.438
	40.9897	41.44
	40.99698	41.444
	41.00265	41.447
	41.00866	41.45
	41.01287	41.452
	41.01726	41.454
	41.02643	41.458
	41.03124	41.46
	41.03631	41.462
	41.04165	41.464
	41.04732	41.466
	41.05336	41.468
	41.05985	41.47
	41.0618	41.471
	41.06538	41.474
	41.06785	41.476
	41.07169	41.479
	41.07434	41.481
	41.08265	41.487
	41.08852	41.491
	41.09475	41.495
	41.10139	41.499
	41.10842	41.503
	41.11211	41.505
	41.11592	41.507
	41.12193	41.51
	41.12614	41.512
	41.13054	41.514
	41.13513	41.516
	41.1424	41.519
	41.15227	41.523
	41.15748	41.525
	41.16571	41.528
	41.17342	41.531
	41.17893	41.533
	41.18478	41.535
	41.19104	41.537
	41.19721	41.54
	41.20152	41.542
	41.20601	41.544
	41.21302	41.547
	41.21784	41.549
	41.22291	41.551
	41.23105	41.554
	41.23254	41.555
	41.23501	41.557
	41.24011	41.561
	41.24482	41.566
	41.24985	41.571
	41.25412	41.575
	41.25748	41.578
	41.26149	41.582
	41.26571	41.586
	41.26902	41.589
	41.27247	41.592
	41.27605	41.595
	41.27853	41.597
	41.28237	41.6
	41.28502	41.602
	41.28915	41.605
	41.292	41.607
	41.29944	41.612
	41.54709	41.52067
	41.54773	41.52052
	41.54958	41.51999
	41.55068	41.51965
	41.55248	41.51893
	41.55489	41.51823
	41.55719	41.51839
	41.56001	41.51911
	41.56218	41.51959
	41.56414	41.51933
	41.56651	41.51935
	41.56881	41.5196
	41.57044	41.51983
	41.57178	41.51978
	41.57334	41.51914
	41.5763	41.51832
	41.5787	41.51679
	41.58102	41.51535
	41.58195	41.51382
	41.5818	41.51212
	41.5823	41.51072
	41.58395	41.50949
	41.5852	41.5087
	41.58882	41.50826
	41.59279	41.50792
	41.5963	41.50702
	41.59839	41.50616
	41.60038	41.50526
	41.60221	41.50406
	41.60495	41.50396
	41.60796	41.50341
	41.61038	41.50257
	41.61284	41.50205
	41.61551	41.50212
	41.61803	41.5017
	41.62052	41.50058
	41.62174	41.49934
	41.6226	41.4979
	41.62264	41.49717
	41.62351	41.49573
	41.62562	41.49359
	41.62819	41.49224
	41.62864	41.49166
	41.62896	41.4903
	41.6303	41.48906
	41.63242	41.48793
	41.63368	41.48723
	41.63541	41.48673
	41.63821	41.48663
	41.63972	41.48672
	41.64169	41.48637
	41.64387	41.48652
	41.64552	41.4863
	41.64789	41.48531
	41.64982	41.48551
	41.65148	41.48524
	41.65426	41.48546
	41.65572	41.48545
	41.65868	41.48471
	41.66184	41.48409
	41.66569	41.48256
	41.6669	41.48268
	41.67085	41.48394
	41.67266	41.48422
	41.67426	41.48381
	41.6751	41.48407
	41.67868	41.48664
	41.68077	41.48734
	41.68258	41.48776
	41.68479	41.48732
	41.68621	41.4869
	41.68813	41.48737
	41.69155	41.48833
	41.69267	41.48905
	41.69382	41.48918
	41.69453	41.49062
	41.69699	41.49128
	41.69796	41.49145
	41.69942	41.49263
	41.69993	41.49342
	41.70104	41.49423
	41.70343	41.49514
	41.70577	41.49575
	41.70709	41.49602
	41.70849	41.49593
	41.70976	41.49623
	41.7114	41.49495
	41.71273	41.49381
	41.71338	41.49311
	41.71443	41.49288
	41.71528	41.49063
	41.71526	41.48734
	41.7153	41.48527
	41.71493	41.48425
	41.715	41.48289
	41.71439	41.48172
	41.71416	41.48007
	41.71325	41.47886
	41.71166	41.47799
	41.70924	41.47637
	41.70803	41.47514
	41.70782	41.47449
	41.70894	41.47398
	41.71035	41.47365
	41.71181	41.47369
	41.7132	41.47396
	41.71429	41.47404
	41.71608	41.4735
	41.71706	41.47339
	41.71801	41.47383
	41.71985	41.47342
	41.72261	41.473
	41.72425	41.47291
	41.72579	41.47254
	41.72739	41.47231
	41.72896	41.47236
	41.73011	41.47262
	41.73089	41.47273
	41.73253	41.47273
	41.73455	41.47251
	41.73652	41.47205
	41.73733	41.47171
	41.73819	41.47141
	41.73988	41.47173
	41.74111	41.47149
	41.74236	41.47084
	41.74394	41.47084
	41.74562	41.47116
	41.74689	41.47138
	41.74904	41.47085
	41.75131	41.47046
	41.75283	41.47055
	41.754	41.4703
	41.7553	41.4697
	41.75602	41.46881
	41.75661	41.46782
	41.75873	41.46687
	41.76034	41.46618
	41.76689	41.46417
	41.7683	41.46394
	41.7696	41.46329
	41.77117	41.46181
	41.77328	41.46096
	41.77438	41.46076
	41.77506	41.46174
	41.77553	41.46331
	41.77587	41.46373
	41.77718	41.46317
	41.7789	41.46281
	41.78043	41.46258
	41.78264	41.46218
	41.7834	41.46161
	41.78498	41.46161
	41.78688	41.46125
	41.78729	41.46025
	41.78747	41.45783
	41.78743	41.45632
	41.7889	41.45428
	41.78903	41.45286
	41.78874	41.45121
	41.78879	41.4503
	41.78944	41.44935
	41.79249	41.44802
	41.79451	41.44758
	41.79618	41.44716
	41.80015	41.44787
	41.80218	41.44742
	41.80485	41.44635
	41.80597	41.44579
	41.80805	41.44301
	41.81069	41.44121
	41.81208	41.4402
	41.81238	41.43906
	41.81266	41.43704
	41.81332	41.43582
	41.81492	41.43422
	41.81856	41.43313
	41.82113	41.43274
	41.82224	41.43245
	41.82296	41.43138
	41.82312	41.4307
	41.82361	41.43057
	41.82399	41.43136
	41.82534	41.43249
	41.82787	41.43417
	41.82953	41.43499
	41.83171	41.43514
	41.83418	41.43567
	41.83698	41.43666
	41.84073	41.43841
	41.84273	41.43965
	41.84494	41.44049
	41.84575	41.44138
	41.84666	41.44387
	41.84668	41.44593
	41.84677	41.44785
	41.84734	41.4486
	41.85	41.44895
	41.85206	41.44905
	41.85379	41.44974
	41.85537	41.45102
	41.85663	41.45195
	41.85814	41.45217
	41.8615	41.45318
	41.86453	41.45445
	41.86652	41.45496
	41.86879	41.45562
	41.87055	41.45695
	41.87146	41.45706
	41.87465	41.4577
	41.87686	41.45849
	41.87866	41.45909
	41.88139	41.46035
	41.88278	41.4619
	41.88378	41.46325
	41.88367	41.46545
	41.88448	41.46757
	41.88676	41.4696
	41.88769	41.47097
	41.88778	41.47175
	41.89137	41.47303
	41.89288	41.47435
	41.89462	41.47481
	41.89483	41.47555
	41.89416	41.47567
	41.89451	41.47719
	41.89444	41.4786
	41.89307	41.47934
	41.89263	41.47974
	41.89362	41.48068
	41.89505	41.48141
	41.89559	41.48236
	41.8963	41.48298
	41.89735	41.48333
	41.89816	41.48427
	41.89866	41.48525
	41.89928	41.48618
	41.89957	41.48783
	41.90103	41.48911
	41.90447	41.49084
	41.90662	41.49182
	41.90861	41.49329
	41.91007	41.49452
	41.9103	41.49608
	41.91092	41.49856
	41.91143	41.49931
	41.91347	41.49987
	41.91441	41.50053
	41.91579	41.50103
	41.91761	41.50103
	41.91833	41.50128
	41.92112	41.504
	41.92368	41.50647
	41.9251	41.50724
	41.92773	41.50823
	41.92943	41.50841
	41.93241	41.50831
	41.93357	41.50843
	41.93678	41.50984
	41.93897	41.51114
	41.93983	41.51239
	41.94041	41.51291
	41.94071	41.51429
	41.94188	41.51533
	41.94527	41.51693
	41.94672	41.51724
	41.94865	41.51761
	41.94971	41.51833
	41.95117	41.51955
	41.95318	41.52091
	41.95437	41.52277
	41.95532	41.5233
	41.95834	41.52379
	41.96135	41.52451
	41.96268	41.52455
	41.96556	41.52417
	41.96884	41.52297
	41.97183	41.5215
	41.9733	41.52121
	41.97616	41.52134
	41.97821	41.52166
	41.98	41.52253
	41.98261	41.52256
	41.98477	41.52197
	41.9869	41.52061
	41.98733	41.5193
	41.98798	41.5184
	41.99021	41.51745
	41.9911	41.51674
	41.99155	41.51483
	41.99159	41.51406
	41.99073	41.51289
	41.99066	41.51175
	41.99171	41.50999
	41.99236	41.50914
	41.99266	41.50729
	41.99264	41.50646
	41.99385	41.50522
	41.99448	41.50478
	41.9966	41.50497
	41.9988	41.50466
	42.00089	41.5043
	42.00295	41.50449
	42.00381	41.50433
	42.00467	41.5028
	42.00505	41.50244
	42.00638	41.50271
	42.0079	41.50275
	42.00919	41.50246
	42.01113	41.50251
	42.01192	41.50258
	42.01524	41.5017
	42.01673	41.5011
	42.0185	41.50097
	42.01968	41.50054
	42.02065	41.50047
	42.0232	41.50054
	42.02559	41.50028
	42.027	41.5
	42.028	41.49943
	42.0289	41.4984
	42.02992	41.49746
	42.03056	41.49661
	42.03122	41.49558
	42.03153	41.49545
	42.03361	41.49523
	42.03563	41.49482
	42.03834	41.49412
	42.04066	41.49395
	42.0429	41.49414
	42.04458	41.49469
	42.04699	41.49511
	42.04866	41.4958
	42.0501	41.49762
	42.05147	41.49839
	42.05256	41.49851
	42.05563	41.49849
	42.0568	41.49806
	42.05783	41.49827
	42.06115	41.50005
	42.06226	41.50109
	42.06331	41.50079
	42.06468	41.5027
	42.0653	41.50382
	42.06894	41.50414
	42.06959	41.50452
	42.08479	41.51017
	42.08624	41.51029
	42.0887	41.50981
	42.09035	41.50953
	42.0917	41.50943
	42.09346	41.50956
	42.09491	41.50974
	42.09717	41.50956
	42.09833	41.50941
	42.10062	41.50714
	42.10197	41.50685
	42.10306	41.50692
	42.10528	41.50767
	42.10567	41.50859
	42.1065	41.50907
	42.11036	41.51113
	42.11206	41.51122
	42.11438	41.51092
	42.11481	41.51088
	42.11699	41.50979
	42.12042	41.50654
	42.12348	41.50606
	42.12519	41.50592
	42.12729	41.50534
	42.13389	41.50605
	42.1355	41.50668
	42.13721	41.50805
	42.13874	41.50777
	42.14151	41.50702
	42.14392	41.50607
	42.14894	41.50546
	42.15056	41.50605
	42.15268	41.5062
	42.15461	41.50652
	42.15693	41.5063
	42.15916	41.50677
	42.16184	41.50816
	42.16405	41.50918
	42.16687	41.50993
	42.16808	41.51165
	42.17005	41.51234
	42.17184	41.51335
	42.17384	41.51335
	42.17566	41.51344
	42.17746	41.51403
	42.17823	41.5146
	42.18065	41.51356
	42.1825	41.51283
	42.183	41.51129
	42.18376	41.51062
	42.18506	41.51001
	42.18638	41.50904
	42.18858	41.50891
	42.19097	41.50837
	42.19249	41.50837
	42.19441	41.50773
	42.19573	41.5068
	42.1964	41.50659
	42.19663	41.50563
	42.19673	41.50463
	42.19846	41.50124
	42.19908	41.49952
	42.19966	41.49871
	42.2014	41.4966
	42.20199	41.49331
	42.20285	41.49182
	42.20538	41.49092
	42.20768	41.49116
	42.20863	41.49183
	42.20941	41.49345
	42.21133	41.49541
	42.21229	41.49571
	42.21708	41.4961
	42.21915	41.49615
	42.22335	41.49749
	42.2253	41.49872
	42.22591	41.49878
	42.22728	41.498
	42.22891	41.49685
	42.23018	41.49701
	42.2326	41.49735
	42.23555	41.49668
	42.23796	41.49565
	42.23885	41.49475
	42.24044	41.49474
	42.2424	41.4942
	42.24393	41.49419
	42.24667	41.49412
	42.24802	41.49387
	42.25028	41.49489
	42.2523	41.49466
	42.25387	41.49488
	42.2556	41.49428
	42.25861	41.49362
	42.26127	41.49254
	42.26277	41.49162
	42.26504	41.49181
	42.267	41.49154
	42.26879	41.49227
	42.2702	41.49363
	42.27189	41.49389
	42.27431	41.49423
	42.27765	41.49278
	42.27915	41.49327
	42.28073	41.49326
	42.28287	41.49304
	42.28495	41.49277
	42.28812	41.49115
	42.28963	41.49004
	42.29222	41.48919
	42.29366	41.48964
	42.29407	41.48855
	42.29501	41.48788
	42.29546	41.48721
	42.297	41.48683
	42.29821	41.48691
	42.29941	41.48588
	42.30035	41.48531
	42.30095	41.48395
	42.30275	41.48308
	42.30411	41.48252
	42.30802	41.48206
	42.31105	41.48099
	42.3116	41.48077
	42.31345	41.48159
	42.31393	41.48046
	42.31509	41.47951
	42.31742	41.47906
	42.31902	41.47713
	42.31997	41.47619
	42.32259	41.4747
	42.32349	41.47353
	42.32564	41.47289
	42.32558	41.47147
	42.32955	41.46791
	42.33089	41.46803
	42.3325	41.46884
	42.33568	41.46983
	42.33749	41.47015
	42.3412	41.47165
	42.34132	41.47161
	42.34178	41.47071
	42.34319	41.47055
	42.34478	41.47169
	42.347	41.47105
	42.34856	41.47155
	42.3524	41.46981
	42.35308	41.46955
	42.35367	41.46993
	42.35646	41.46857
	42.35736	41.46745
	42.35884	41.46689
	42.36194	41.46683
	42.36574	41.46543
	42.3669	41.46537
	42.36777	41.46488
	42.36862	41.4649
	42.36999	41.46553
	42.37177	41.46516
	42.37362	41.46598
	42.37485	41.46578
	42.37518	41.46514
	42.37555	41.46483
	42.37684	41.46601
	42.3814	41.46762
	42.38282	41.4671
	42.38391	41.46562
	42.38384	41.46429
	42.38498	41.46317
	42.38666	41.46371
	42.39192	41.46607
	42.39442	41.46599
	42.39758	41.46597
	42.39961	41.46675
	42.40149	41.46538
	42.40269	41.46444
	42.40451	41.46448
	42.40594	41.46369
	42.40715	41.46221
	42.4092	41.4612
	42.41055	41.45936
	42.41143	41.45865
	42.41338	41.45855
	42.4161	41.45894
	42.41836	41.45702
	42.42202	41.45432
	42.42493	41.45316
	42.42598	41.45112
	42.42699	41.45014
	42.42839	41.44861
	42.43008	41.44751
	42.43189	41.44618
	42.43324	41.44433
	42.43473	41.44368
	42.43599	41.44389
	42.43782	41.44389
	42.43924	41.44163
	42.44454	41.44143
	42.44649	41.4412
	42.44824	41.44009
	42.4483	41.43845
	42.45031	41.43826
	42.45215	41.43789
	42.45339	41.43897
	42.45629	41.43917
	42.45924	41.43846
	42.46131	41.43681
	42.46308	41.43662
	42.46489	41.43685
	42.46721	41.43667
	42.4685	41.43557
	42.47045	41.43552
	42.47171	41.43587
	42.47287	41.43562
	42.47368	41.43669
	42.47547	41.43765
	42.47727	41.43833
	42.47957	41.43838
	42.48136	41.43768
	42.48215	41.43766
	42.48344	41.43901
	42.48487	41.43964
	42.48592	41.4408
	42.48775	41.44075
	42.48965	41.44033
	42.49012	41.44076
	42.49127	41.44398
	42.49214	41.44511
	42.49481	41.44503
	42.49593	41.44455
	42.49728	41.44407
	42.49923	41.44247
	42.50176	41.44129
	42.50325	41.4405
	42.50544	41.4405
	42.50661	41.44163
	42.50713	41.4409
	42.5085	41.44002
	42.51057	41.44002
	42.51192	41.43968
	42.51962	41.43674
	42.52023	41.43671
END
END
