Uganda
1
	30.00478	0.8498797
	30.00458	0.8505811
	30.0031	0.8505024
	30.00267	0.8511345
	30.00353	0.8517586
	30.00485	0.8516061
	30.00595	0.8516792
	30.00665	0.8524658
	30.00665	0.8538843
	30.00743	0.8549058
	30.00828	0.8551414
	30.01016	0.8548266
	30.01187	0.8553791
	30.01234	0.8558493
	30.01335	0.8556152
	30.01398	0.8547483
	30.01367	0.8530224
	30.01273	0.8509798
	30.01281	0.8493355
	30.01398	0.8486317
	30.01507	0.8493373
	30.01624	0.8502778
	30.01655	0.8522386
	30.01639	0.8540455
	30.01561	0.8553007
	30.01592	0.8568731
	30.01702	0.8578136
	30.01943	0.8585202
	30.02146	0.8582146
	30.02279	0.8573483
	30.0252	0.8570339
	30.027	0.8570354
	30.02871	0.8566482
	30.03004	0.8569655
	30.03027	0.8583751
	30.02973	0.8598655
	30.02739	0.8614357
	30.02567	0.8636299
	30.02559	0.8644972
	30.0259	0.8658255
	30.02785	0.8667758
	30.02988	0.8661449
	30.0305	0.8647359
	30.03222	0.862849
	30.03339	0.8612778
	30.03405	0.8607362
	30.03576	0.8613791
	30.03603	0.8619756
	30.03641	0.8626354
	30.03611	0.8638369
	30.03605	0.8641982
	30.03535	0.865571
	30.03499	0.8667092
	30.03559	0.8676131
	30.03663	0.8678579
	30.03902	0.8663238
	30.03964	0.8656648
	30.04063	0.8656113
	30.04179	0.8660278
	30.04271	0.8668688
	30.04289	0.867646
	30.04399	0.868695
	30.0453	0.8683707
	30.0464	0.8683716
	30.04679	0.8689411
	30.04667	0.8698445
	30.04669	0.8705312
	30.0471	0.8715164
	30.04806	0.8721496
	30.04895	0.8730537
	30.04972	0.8739851
	30.05112	0.874465
	30.05187	0.8738061
	30.05193	0.8723334
	30.05211	0.8707433
	30.05306	0.8695424
	30.05479	0.86883
	30.0561	0.8687677
	30.05697	0.8695816
	30.05735	0.871136
	30.05818	0.8724558
	30.0593	0.8734776
	30.06028	0.8731803
	30.06106	0.872458
	30.06133	0.8709945
	30.06121	0.8694946
	30.0608	0.8680215
	30.06038	0.8670002
	30.0605	0.8654733
	30.06089	0.86457
	30.06192	0.8640017
	30.06355	0.8646353
	30.06424	0.8650245
	30.06391	0.8670029
	30.06295	0.8689809
	30.06334	0.8703365
	30.06405	0.8720719
	30.06562	0.8738711
	30.06648	0.874929
	30.06624	0.8765461
	30.06648	0.8781004
	30.06734	0.8788239
	30.06838	0.879159
	30.06992	0.8794855
	30.0706	0.8806606
	30.07114	0.8818537
	30.07173	0.882821
	30.07263	0.8833277
	30.07331	0.8825783
	30.07394	0.8802115
	30.07474	0.8800947
	30.07573	0.8817399
	30.07662	0.8827345
	30.07754	0.8835756
	30.07882	0.8839921
	30.07969	0.8837851
	30.08022	0.8830627
	30.08046	0.8819244
	30.08035	0.8803973
	30.08087	0.8795574
	30.08158	0.8796754
	30.08212	0.8801005
	30.08379	0.8817734
	30.08525	0.8823799
	30.08757	0.8822914
	30.089	0.882139
	30.09013	0.8826187
	30.09085	0.8833691
	30.09132	0.8853213
	30.09087	0.8881671
	30.09111	0.888592
	30.09217	0.8889181
	30.09315	0.8884129
	30.09405	0.8863445
	30.09446	0.8852334
	30.09521	0.8846648
	30.09652	0.8844218
	30.09762	0.8845763
	30.09855	0.8849114
	30.09908	0.8870081
	30.0992	0.8888062
	30.09914	0.8892309
	30.09997	0.8908218
	30.10075	0.891482
	30.10191	0.8915371
	30.10288	0.8912126
	30.10473	0.8894973
	30.10541	0.8896244
	30.10598	0.8906459
	30.10541	0.8919645
	30.10508	0.8935546
	30.10615	0.8943325
	30.1074	0.8942432
	30.1091	0.8935849
	30.11062	0.8928091
	30.11131	0.8937312
	30.11181	0.8953219
	30.1125	0.8957472
	30.11345	0.8955401
	30.11381	0.8942483
	30.11402	0.893137
	30.11432	0.8919988
	30.11383	0.8904081
	30.11329	0.8895674
	30.11273	0.8885459
	30.11264	0.8876513
	30.11314	0.8870463
	30.11419	0.8870471
	30.11517	0.8875629
	30.11752	0.8884954
	30.11854	0.8891197
	30.11868	0.890168
	30.11877	0.8911349
	30.11779	0.8927786
	30.11698	0.8937719
	30.11695	0.8950007
	30.11755	0.8957512
	30.11889	0.8959601
	30.12017	0.8957261
	30.12139	0.8950042
	30.12318	0.8929636
	30.12416	0.8925126
	30.12559	0.8924866
	30.12626	0.8931738
	30.12722	0.8942318
	30.1279	0.8949462
	30.12877	0.8942872
	30.12907	0.8934833
	30.12782	0.8908709
	30.1277	0.890148
	30.12794	0.8891
	30.12862	0.8886216
	30.12961	0.8885592
	30.13032	0.889129
	30.13112	0.8899699
	30.13175	0.8912355
	30.13279	0.8925194
	30.13351	0.8929446
	30.13491	0.8927921
	30.13592	0.8921965
	30.13667	0.8908508
	30.13658	0.8894682
	30.1361	0.8882028
	30.13568	0.887335
	30.13569	0.8859887
	30.13649	0.8853839
	30.13844	0.8848794
	30.13931	0.8842476
	30.14038	0.8837695
	30.14118	0.8837159
	30.14214	0.8841594
	30.14196	0.8855689
	30.14178	0.8875205
	30.14187	0.8885688
	30.14273	0.8890482
	30.14356	0.889049
	30.14431	0.8887243
	30.14479	0.8877668
	30.14497	0.886773
	30.14538	0.8859601
	30.14601	0.8853913
	30.14687	0.8855727
	30.14729	0.8864766
	30.14735	0.8877959
	30.14759	0.8886365
	30.14791	0.8891426
	30.1485	0.8889493
	30.14961	0.8863885
	30.14995	0.8856919
	30.15072	0.8849914
	30.15216	0.8851752
	30.15376	0.8857323
	30.15448	0.8857828
	30.15512	0.8857371
	30.1558	0.8858648
	30.1563	0.8860038
	30.15604	0.8866103
	30.1551	0.8878861
	30.15422	0.8889658
	30.15414	0.8893243
	30.15353	0.8901461
	30.15346	0.8910045
	30.15397	0.8919717
	30.15478	0.893138
	30.15471	0.8944753
	30.1541	0.8951616
	30.1526	0.8953953
	30.1511	0.8952225
	30.15015	0.8957006
	30.14998	0.8967667
	30.15079	0.8969752
	30.15253	0.896841
	30.15378	0.8964986
	30.15476	0.8963639
	30.15562	0.8967712
	30.15609	0.8975577
	30.15599	0.8988678
	30.15687	0.8996547
	30.1579	0.8993482
	30.15885	0.8985629
	30.15987	0.8982474
	30.16032	0.8989345
	30.16052	0.9001726
	30.16021	0.9015458
	30.16076	0.9021969
	30.16151	0.9015107
	30.16222	0.9004179
	30.16263	0.8995237
	30.16362	0.8991811
	30.16444	0.8998685
	30.16502	0.9008267
	30.16575	0.9028876
	30.16619	0.9042975
	30.16571	0.9056978
	30.16507	0.9064563
	30.16374	0.9075486
	30.16292	0.9086142
	30.16298	0.9095089
	30.16329	0.9098796
	30.16506	0.9100888
	30.16619	0.9096108
	30.16725	0.9087894
	30.168	0.9069737
	30.16851	0.9060434
	30.16953	0.9057008
	30.171	0.9060453
	30.17168	0.9068682
	30.17168	0.9083139
	30.17113	0.9097141
	30.16985	0.9109149
	30.16927	0.912053
	30.16958	0.9134177
	30.1705	0.9139335
	30.17165	0.913835
	30.1722	0.9125975
	30.17224	0.9113325
	30.17254	0.9102032
	30.1735	0.9098877
	30.17414	0.9106111
	30.17421	0.911569
	30.17472	0.9134941
	30.17462	0.9146597
	30.17445	0.9156897
	30.17366	0.916927
	30.1725	0.9175406
	30.17114	0.9184341
	30.17015	0.9187766
	30.16993	0.9200777
	30.17034	0.9209997
	30.17109	0.9216598
	30.17265	0.9217606
	30.17432	0.9212107
	30.17548	0.9206333
	30.17736	0.9207342
	30.17817	0.921765
	30.17811	0.9223523
	30.17739	0.9227221
	30.17575	0.9227209
	30.17265	0.9233419
	30.17214	0.9236849
	30.17187	0.9246425
	30.17187	0.9253925
	30.17217	0.9261878
	30.17292	0.9269385
	30.17423	0.9285841
	30.17413	0.930545
	30.17386	0.9317466
	30.17433	0.9329488
	30.17494	0.934386
	30.17494	0.9355878
	30.17498	0.9363469
	30.17542	0.9370249
	30.17646	0.937306
	30.17697	0.9375413
	30.177	0.9378576
	30.17622	0.9386793
	30.17571	0.9400162
	30.17615	0.9412183
	30.177	0.941933
	30.17802	0.9423856
	30.17846	0.9429281
	30.17846	0.9434793
	30.17833	0.9439582
	30.1773	0.9441019
	30.17598	0.9441279
	30.17543	0.9444076
	30.17543	0.9449498
	30.1756	0.9454379
	30.17597	0.9459171
	30.17676	0.9462611
	30.17826	0.9460907
	30.17914	0.9456125
	30.1803	0.9446827
	30.18143	0.9439607
	30.18232	0.9434825
	30.18354	0.9435197
	30.18436	0.9441709
	30.18422	0.9455082
	30.18379	0.946782
	30.18342	0.94736
	30.18199	0.9490757
	30.18141	0.9499337
	30.18107	0.9510268
	30.18158	0.9520212
	30.18192	0.9527805
	30.18297	0.9530886
	30.18413	0.9527462
	30.18512	0.9519609
	30.18642	0.9498384
	30.18727	0.9486373
	30.1887	0.9480149
	30.18955	0.9481872
	30.19003	0.9487751
	30.19037	0.9493537
	30.19078	0.9505197
	30.19051	0.9514864
	30.18972	0.9522719
	30.18897	0.9531659
	30.18795	0.9540506
	30.18684	0.9553598
	30.18663	0.9562815
	30.1867	0.9570766
	30.188	0.9576923
	30.18905	0.9573136
	30.18994	0.956492
	30.1913	0.9556709
	30.19243	0.9550844
	30.19297	0.9555367
	30.19301	0.9562867
	30.193	0.9579313
	30.19277	0.9588619
	30.19208	0.959783
	30.19133	0.9603336
	30.19007	0.960441
	30.18803	0.9601953
	30.18687	0.9602938
	30.18629	0.9610885
	30.1867	0.9620467
	30.18765	0.9628065
	30.18891	0.9630425
	30.19027	0.9630437
	30.19177	0.9626654
	30.19317	0.9627388
	30.19457	0.9627761
	30.19542	0.9634275
	30.19562	0.9642861
	30.1953	0.964837
	30.1952	0.9656231
	30.19424	0.9668603
	30.19291	0.9677086
	30.19216	0.9688827
	30.19216	0.9697321
	30.19274	0.9703561
	30.19386	0.9704203
	30.19506	0.9702858
	30.19628	0.9695639
	30.19731	0.9685435
	30.19796	0.967749
	30.19888	0.9674064
	30.19959	0.9668647
	30.20004	0.9658983
	30.19993	0.9651481
	30.19919	0.9643522
	30.19874	0.9637375
	30.19895	0.9633581
	30.20011	0.9634675
	30.2012	0.9640468
	30.20218	0.9654934
	30.20307	0.9669671
	30.2031	0.9680967
	30.20303	0.969199
	30.20307	0.9703648
	30.20296	0.9720455
	30.20267	0.973482
	30.20226	0.9748191
	30.20216	0.9761564
	30.2026	0.9765724
	30.20321	0.976844
	30.204	0.9765374
	30.20475	0.9758513
	30.2054	0.974894
	30.20632	0.9739369
	30.20754	0.9735222
	30.20857	0.9736225
	30.2099	0.9739037
	30.21153	0.9739051
	30.21307	0.973834
	30.2145	0.9739076
	30.21559	0.9742157
	30.21651	0.9749755
	30.21661	0.9756263
	30.21661	0.9762408
	30.21593	0.9768276
	30.21531	0.9774416
	30.21412	0.9778201
	30.21265	0.97809
	30.21146	0.9784685
	30.21131	0.9789111
	30.21131	0.9799413
	30.21168	0.9806645
	30.2128	0.9814155
	30.21597	0.9827556
	30.21665	0.9831717
	30.21672	0.9837502
	30.21648	0.984717
	30.2156	0.9858819
	30.21576	0.9869393
	30.21648	0.9874279
	30.2176	0.9874921
	30.21822	0.9871854
	30.2189	0.9863998
	30.21917	0.9857494
	30.21948	0.9848912
	30.21982	0.9844125
	30.2205	0.9841691
	30.22119	0.9845854
	30.22142	0.985923
	30.22129	0.9867813
	30.2213	0.9884622
	30.22164	0.989348
	30.22219	0.9898997
	30.22294	0.9902076
	30.22396	0.9897295
	30.22444	0.9891155
	30.22464	0.9883204
	30.22481	0.987191
	30.22522	0.9864413
	30.22604	0.9861618
	30.22682	0.986542
	30.22703	0.9872651
	30.22774	0.9883592
	30.22829	0.9890103
	30.2289	0.9898331
	30.22893	0.9903211
	30.22808	0.9909349
	30.22689	0.9913767
	30.2259	0.9920265
	30.22539	0.9924056
	30.22491	0.9932637
	30.22491	0.9944655
	30.22525	0.9954237
	30.22553	0.9968156
	30.22547	0.996933
	30.22552	0.9976921
	30.22578	0.9987315
	30.22683	0.9990757
	30.22883	0.9995023
	30.23149	0.999857
	30.23236	1.000508
	30.23264	1.00143
	30.23222	1.002352
	30.23166	1.00274
	30.23042	1.002983
	30.22891	1.00262
	30.22608	1.002175
	30.22485	1.002454
	30.22418	1.00295
	30.22397	1.003574
	30.22417	1.005399
	30.22477	1.006529
	30.22619	1.007696
	30.22773	1.008836
	30.22858	1.009867
	30.22855	1.010897
	30.2281	1.011538
	30.2269	1.012278
	30.22625	1.012784
	30.2258	1.013407
	30.22624	1.01507
	30.22601	1.016317
	30.22518	1.016732
	30.22467	1.016668
	30.22385	1.015963
	30.22309	1.015239
	30.22268	1.014651
	30.22212	1.014443
	30.22163	1.014425
	30.22139	1.014641
	30.22121	1.015256
	30.22154	1.016132
	30.22316	1.018519
	30.22352	1.019342
	30.22381	1.020535
	30.22479	1.021873
	30.22561	1.022877
	30.22581	1.023989
	30.22538	1.024829
	30.22458	1.025759
	30.22419	1.026427
	30.22395	1.027186
	30.22453	1.028126
	30.22466	1.028072
	30.2256	1.027947
	30.22613	1.027143
	30.22677	1.02652
	30.22731	1.026376
	30.22774	1.026747
	30.22823	1.027262
	30.2283	1.028536
	30.22796	1.02991
	30.22735	1.031699
	30.22756	1.03328
	30.22819	1.034428
	30.22842	1.035612
	30.22805	1.036823
	30.22683	1.037057
	30.22616	1.036848
	30.22515	1.035889
	30.2247	1.033748
	30.22407	1.03269
	30.22313	1.03277
	30.22255	1.033935
	30.22213	1.035498
	30.22274	1.036909
	30.22386	1.038075
	30.22651	1.039252
	30.22791	1.039434
	30.22863	1.039381
	30.22898	1.04005
	30.22977	1.040864
	30.23024	1.042518
	30.22974	1.043511
	30.22849	1.044333
	30.22696	1.044702
	30.22559	1.044737
	30.224	1.044609
	30.22279	1.044788
	30.22279	1.045331
	30.22297	1.04637
	30.2241	1.047645
	30.22492	1.048676
	30.22512	1.049923
	30.22462	1.051016
	30.22371	1.051901
	30.2234	1.052804
	30.22378	1.053799
	30.2247	1.054432
	30.22591	1.054442
	30.22787	1.054634
	30.22896	1.055051
	30.22945	1.055946
	30.22897	1.056822
	30.22791	1.057517
	30.22692	1.058447
	30.22663	1.05907
	30.22664	1.060588
	30.22636	1.062151
	30.22605	1.06357
	30.22606	1.064988
	30.22687	1.065938
	30.22808	1.066373
	30.22946	1.0666
	30.23036	1.067342
	30.23076	1.067812
	30.23064	1.068923
	30.23027	1.069284
	30.22957	1.069528
	30.22826	1.06978
	30.22732	1.069996
	30.22719	1.070447
	30.22689	1.071152
	30.22721	1.071505
	30.2277	1.071776
	30.22886	1.071913
	30.23018	1.071896
	30.23099	1.072096
	30.23148	1.072548
	30.23164	1.073208
	30.23101	1.074273
	30.22973	1.075085
	30.22917	1.075663
	30.22887	1.076359
	30.22858	1.07757
	30.22876	1.078464
	30.22936	1.079594
	30.23045	1.080626
	30.23066	1.081105
	30.23069	1.082072
	30.23003	1.083047
	30.22959	1.08423
	30.22973	1.084845
	30.23027	1.085343
	30.23097	1.085352
	30.23126	1.084666
	30.23173	1.083717
	30.2324	1.083284
	30.23267	1.083447
	30.23335	1.08408
	30.23323	1.085517
	30.23308	1.086186
	30.23322	1.087586
	30.23389	1.088102
	30.23498	1.088564
	30.23595	1.089261
	30.23672	1.090978
	30.2386	1.090465
	30.23929	1.090872
	30.23953	1.092617
	30.23925	1.094252
	30.2398	1.095473
	30.24128	1.096269
	30.24156	1.097164
	30.24114	1.098664
	30.24043	1.099946
	30.24054	1.101492
	30.24104	1.102929
	30.24179	1.104592
	30.24196	1.10678
	30.24181	1.108081
	30.24155	1.109002
	30.24133	1.10949
	30.24136	1.110222
	30.24102	1.111026
	30.24084	1.11183
	30.24101	1.112426
	30.24113	1.113222
	30.24103	1.114053
	30.24003	1.115299
	30.23972	1.116058
	30.23879	1.117557
	30.23827	1.118867
	30.23726	1.121649
	30.23735	1.122363
	30.23728	1.122951
	30.23651	1.123836
	30.23563	1.125118
	30.23567	1.125778
	30.23651	1.126646
	30.23702	1.127975
	30.23727	1.128535
	30.23727	1.130831
	30.23723	1.131752
	30.23788	1.132711
	30.23855	1.13376
	30.23894	1.13423
	30.23978	1.134909
	30.24054	1.13537
	30.24135	1.136166
	30.24195	1.136962
	30.24271	1.137451
	30.24401	1.137931
	30.24697	1.139732
	30.24709	1.140229
	30.24758	1.140835
	30.2481	1.141875
	30.24875	1.142319
	30.24953	1.1425
	30.25113	1.142737
	30.25224	1.143388
	30.25323	1.143498
	30.25393	1.143399
	30.25458	1.143553
	30.25515	1.143762
	30.25566	1.144205
	30.25628	1.144269
	30.25655	1.144106
	30.25703	1.143646
	30.25729	1.143077
	30.2581	1.142861
	30.25821	1.14324
	30.25792	1.143972
	30.25808	1.14502
	30.25827	1.145536
	30.25916	1.145862
	30.26088	1.145493
	30.26174	1.145241
	30.26271	1.145377
	30.26331	1.145956
	30.26413	1.146897
	30.26463	1.148569
	30.2652	1.15035
	30.26548	1.151128
	30.26646	1.151942
	30.26778	1.152422
	30.26921	1.15236
	30.26983	1.152596
	30.27013	1.153229
	30.27012	1.154268
	30.26983	1.155424
	30.27059	1.156781
	30.27078	1.157395
	30.27068	1.158082
	30.26986	1.15922
	30.26996	1.160521
	30.27013	1.161461
	30.27132	1.161923
	30.2725	1.161789
	30.27438	1.162396
	30.27465	1.16311
	30.27514	1.165587
	30.27566	1.166166
	30.27603	1.166121
	30.27675	1.165778
	30.27766	1.165083
	30.27928	1.165094
	30.28038	1.164959
	30.28159	1.164762
	30.2832	1.164953
	30.28404	1.165207
	30.28563	1.166438
	30.28763	1.167596
	30.28874	1.168366
	30.2894	1.169279
	30.29015	1.171584
	30.29119	1.172616
	30.29253	1.172816
	30.29427	1.172546
	30.29491	1.172258
	30.29582	1.171563
	30.29642	1.170397
	30.29659	1.168888
	30.29715	1.167696
	30.29811	1.167191
	30.29937	1.166659
	30.30015	1.16581
	30.30062	1.164509
	30.30118	1.163913
	30.30185	1.163887
	30.30242	1.163906
	30.30296	1.164014
	30.30413	1.164874
	30.30499	1.165083
	30.30586	1.165499
	30.30705	1.166459
	30.30805	1.167173
	30.30916	1.167518
	30.31023	1.167103
	30.31048	1.166624
	30.31074	1.165929
	30.30995	1.164898
	30.30956	1.16356
	30.30985	1.162891
	30.31095	1.162739
	30.31116	1.162314
	30.31196	1.161032
	30.31337	1.159163
	30.31384	1.157527
	30.31372	1.156253
	30.31332	1.154454
	30.31328	1.153234
	30.31406	1.152557
	30.31513	1.152052
	30.31588	1.152143
	30.31683	1.153002
	30.31892	1.15342
	30.31983	1.153105
	30.32056	1.153358
	30.32113	1.153802
	30.32176	1.15448
	30.32226	1.1558
	30.32272	1.156388
	30.32337	1.156569
	30.32453	1.156597
	30.32579	1.156355
	30.32657	1.15594
	30.32702	1.155136
	30.32803	1.151865
	30.32892	1.151297
	30.32965	1.151315
	30.33164	1.151489
	30.33243	1.151526
	30.33487	1.150842
	30.33637	1.150608
	30.33731	1.150672
	30.33837	1.151206
	30.33951	1.153024
	30.34	1.153539
	30.34047	1.15476
	30.34047	1.157507
	30.34029	1.159405
	30.34029	1.159884
	30.3406	1.160535
	30.34106	1.16115
	30.34243	1.163447
	30.34252	1.164441
	30.34241	1.165498
	30.34242	1.16623
	30.342	1.166872
	30.34141	1.167178
	30.34085	1.167828
	30.34068	1.169058
	30.34164	1.171679
	30.34167	1.172411
	30.34184	1.173496
	30.3424	1.175096
	30.34301	1.176489
	30.34389	1.177646
	30.34536	1.178958
	30.34575	1.179591
	30.34645	1.180432
	30.3473	1.181255
	30.34795	1.181834
	30.34893	1.182893
	30.34887	1.183706
	30.34874	1.184321
	30.34846	1.185007
	30.3489	1.186137
	30.35091	1.187676
	30.35156	1.188291
	30.35207	1.189547
	30.35251	1.190181
	30.35287	1.190786
	30.354	1.191321
	30.35516	1.191783
	30.35573	1.192109
	30.35639	1.193004
	30.35675	1.194107
	30.3577	1.195789
	30.35874	1.197173
	30.36018	1.199235
	30.36063	1.200582
	30.36171	1.201947
	30.36241	1.202057
	30.36343	1.20203
	30.3644	1.201968
	30.36536	1.201626
	30.36692	1.201401
	30.36746	1.201393
	30.36832	1.201005
	30.36923	1.20031
	30.36992	1.199877
	30.3707	1.199588
	30.37137	1.199634
	30.37262	1.199084
	30.37318	1.198633
	30.37376	1.198055
	30.37391	1.196871
	30.37435	1.195615
	30.37553	1.195201
	30.37642	1.194822
	30.37735	1.193702
	30.37782	1.192772
	30.37838	1.192365
	30.3794	1.192068
	30.38048	1.192105
	30.38214	1.19246
	30.3841	1.192479
	30.38547	1.1923
	30.38617	1.191993
	30.38705	1.191533
	30.38788	1.190748
	30.38854	1.189817
	30.38958	1.18858
	30.39032	1.187976
	30.39113	1.18747
	30.39172	1.187281
	30.39275	1.187472
	30.39354	1.188168
	30.39422	1.188946
	30.39501	1.189571
	30.39639	1.190385
	30.39707	1.190522
	30.39785	1.190513
	30.39857	1.189701
	30.39904	1.189059
	30.39936	1.188752
	30.40014	1.188717
	30.40095	1.189043
	30.40179	1.189595
	30.40269	1.190536
	30.40374	1.191414
	30.4046	1.191903
	30.40549	1.192057
	30.40641	1.192356
	30.40725	1.193008
	30.40775	1.193948
	30.40817	1.195458
	30.40847	1.196091
	30.40918	1.196363
	30.41044	1.196662
	30.41201	1.197215
	30.41372	1.19747
	30.41472	1.197552
	30.41609	1.197345
	30.41671	1.197129
	30.41809	1.195883
	30.41865	1.195594
	30.41953	1.194077
	30.41943	1.192757
	30.41963	1.191619
	30.42046	1.190616
	30.42134	1.19002
	30.42217	1.189913
	30.42301	1.190067
	30.42377	1.190484
	30.42439	1.191261
	30.42506	1.191976
	30.42528	1.192284
	30.42574	1.192817
	30.42682	1.193207
	30.4281	1.194311
	30.42888	1.194375
	30.43061	1.194901
	30.43107	1.19529
	30.43213	1.195878
	30.43313	1.19681
	30.43403	1.197489
	30.4353	1.197517
	30.43636	1.197265
	30.43689	1.197275
	30.43794	1.196986
	30.43924	1.197349
	30.43941	1.198172
	30.44036	1.198923
	30.44106	1.19896
	30.44227	1.199566
	30.44282	1.200173
	30.44318	1.200923
	30.44434	1.201367
	30.44525	1.201142
	30.44731	1.2008
	30.44836	1.200747
	30.44946	1.20064
	30.45053	1.200388
	30.4512	1.200009
	30.45211	1.199196
	30.45267	1.198428
	30.4532	1.198402
	30.4545	1.198674
	30.45773	1.199789
	30.46065	1.200939
	30.46165	1.201871
	30.46253	1.203192
	30.46436	1.205553
	30.46564	1.207036
	30.46718	1.207842
	30.4684	1.208331
	30.4694	1.208929
	30.47022	1.209752
	30.47116	1.210069
	30.4715	1.210594
	30.47399	1.21121
	30.47629	1.210029
	30.47677	1.20955
	30.47722	1.209406
	30.49832	1.240469
	30.49911	1.241166
	30.49949	1.241844
	30.49988	1.242414
	30.50015	1.242523
	30.5003	1.242505
	30.51973	1.266042
	30.54968	1.266134
	31.07669	1.858931
	31.30556	2.116339
	31.30568	2.156906
	31.25074	2.197809
	31.24987	2.198594
	31.24917	2.199046
	31.24836	2.199669
	31.24752	2.200165
	31.21962	2.213262
	31.21754	2.214146
	31.21552	2.215219
	31.20347	2.220648
	31.20308	2.220856
	31.20302	2.22129
	31.20293	2.293487
	31.20301	2.294147
	31.20296	2.294264
	31.20284	2.294192
	31.20261	2.293857
	31.20241	2.293432
	31.20203	2.293187
	31.20208	2.292997
	31.20191	2.292735
	31.20177	2.292708
	31.20144	2.293024
	31.20122	2.292996
	31.2012	2.292544
	31.20082	2.292517
	31.19963	2.29275
	31.19937	2.292343
	31.19951	2.29199
	31.19976	2.29171
	31.1994	2.29152
	31.19942	2.29114
	31.19935	2.290995
	31.19902	2.29085
	31.19807	2.29056
	31.1978	2.290632
	31.19759	2.290803
	31.19742	2.290875
	31.19726	2.290803
	31.19719	2.290342
	31.19614	2.290105
	31.19573	2.290268
	31.19481	2.290176
	31.19476	2.290248
	31.19454	2.290221
	31.19397	2.29022
	31.19373	2.290129
	31.19359	2.29003
	31.19316	2.290029
	31.19285	2.289983
	31.19259	2.289911
	31.19128	2.289855
	31.19088	2.289791
	31.19026	2.289763
	31.18945	2.289572
	31.18936	2.289445
	31.1879	2.289136
	31.18736	2.288774
	31.18726	2.288846
	31.18705	2.2889
	31.18676	2.2888
	31.18674	2.288628
	31.18678	2.288348
	31.18664	2.288221
	31.18633	2.288203
	31.18609	2.288058
	31.18582	2.287732
	31.18551	2.287587
	31.18551	2.287497
	31.1857	2.28709
	31.18539	2.286845
	31.18539	2.28661
	31.18527	2.28642
	31.18517	2.28632
	31.18489	2.286438
	31.18458	2.286275
	31.18453	2.285913
	31.18432	2.285885
	31.18413	2.286084
	31.18403	2.286346
	31.18384	2.286436
	31.18325	2.286436
	31.18303	2.286291
	31.18301	2.286173
	31.18286	2.286173
	31.18253	2.286344
	31.18225	2.286344
	31.18198	2.286217
	31.1816	2.285529
	31.18113	2.285402
	31.18091	2.285311
	31.18098	2.284977
	31.18091	2.284787
	31.18072	2.284832
	31.18036	2.285121
	31.18005	2.285138
	31.17991	2.284975
	31.17965	2.285066
	31.17936	2.285065
	31.17934	2.284902
	31.17917	2.284975
	31.17906	2.285137
	31.17882	2.285264
	31.17848	2.284992
	31.17836	2.284684
	31.17841	2.284422
	31.17827	2.284232
	31.17801	2.284177
	31.17774	2.28387
	31.17732	2.284059
	31.17653	2.284175
	31.17629	2.283841
	31.17615	2.28375
	31.17596	2.283867
	31.17582	2.284039
	31.17591	2.284301
	31.17579	2.284536
	31.17553	2.28487
	31.17527	2.284988
	31.17501	2.285159
	31.17484	2.28506
	31.17432	2.284489
	31.17408	2.284299
	31.17387	2.284009
	31.17389	2.283693
	31.17394	2.28353
	31.17379	2.283458
	31.17353	2.283692
	31.17332	2.283792
	31.17315	2.283339
	31.17277	2.283122
	31.17241	2.282859
	31.17214	2.28284
	31.17204	2.282578
	31.17211	2.282054
	31.17226	2.281575
	31.17228	2.28134
	31.17202	2.280932
	31.1718	2.28086
	31.17154	2.280932
	31.17109	2.280714
	31.17068	2.280687
	31.17047	2.280741
	31.17028	2.280352
	31.17006	2.280234
	31.16978	2.280188
	31.16954	2.279971
	31.16925	2.279609
	31.16894	2.279418
	31.16835	2.279372
	31.16804	2.278965
	31.16756	2.278675
	31.16666	2.278701
	31.1663	2.278818
	31.16602	2.278836
	31.16578	2.278628
	31.16566	2.278383
	31.16521	2.278383
	31.16468	2.278454
	31.16428	2.278427
	31.16406	2.278354
	31.16394	2.27802
	31.16347	2.278145
	31.16292	2.278525
	31.16273	2.278334
	31.16242	2.277782
	31.16221	2.278017
	31.16184	2.278125
	31.16162	2.27827
	31.16143	2.278559
	31.16163	2.278821
	31.16165	2.278966
	31.16144	2.279038
	31.16129	2.278893
	31.1611	2.279065
	31.16108	2.279273
	31.16079	2.279517
	31.16039	2.279534
	31.1603	2.279823
	31.16027	2.280113
	31.16004	2.280402
	31.15994	2.280664
	31.15949	2.281043
	31.15906	2.281024
	31.15839	2.280924
	31.15823	2.280689
	31.15823	2.280472
	31.15799	2.2803
	31.15801	2.279992
	31.15777	2.279938
	31.15751	2.280281
	31.15751	2.280489
	31.15732	2.280733
	31.15678	2.280777
	31.15644	2.280849
	31.15642	2.281157
	31.15621	2.281636
	31.15587	2.281762
	31.15564	2.281472
	31.15552	2.28121
	31.15552	2.28092
	31.15535	2.280703
	31.15502	2.28044
	31.15456	2.280584
	31.15418	2.28034
	31.15323	2.280511
	31.15292	2.280275
	31.15261	2.280148
	31.15249	2.280555
	31.15235	2.280744
	31.15217	2.28078
	31.15174	2.280689
	31.1516	2.280807
	31.1517	2.281069
	31.15148	2.281259
	31.15115	2.281096
	31.15075	2.281357
	31.15079	2.281475
	31.15058	2.28152
	31.15044	2.281312
	31.15037	2.281113
	31.15017	2.281094
	31.14996	2.281329
	31.14965	2.281808
	31.14963	2.28217
	31.14956	2.282477
	31.14973	2.282604
	31.14992	2.282694
	31.14994	2.282911
	31.14975	2.283101
	31.14939	2.283218
	31.14916	2.283082
	31.14925	2.282766
	31.14892	2.282693
	31.14858	2.282937
	31.14806	2.283244
	31.14774	2.283307
	31.14753	2.283279
	31.14712	2.283134
	31.14677	2.283061
	31.14631	2.283042
	31.14629	2.282898
	31.14581	2.282825
	31.14555	2.283014
	31.14522	2.283104
	31.14508	2.283276
	31.14481	2.283303
	31.14429	2.283302
	31.14386	2.283419
	31.14372	2.283582
	31.14339	2.283635
	31.14317	2.283581
	31.14279	2.283562
	31.14205	2.283245
	31.14165	2.283244
	31.14132	2.283371
	31.14108	2.28337
	31.14103	2.282864
	31.14089	2.282601
	31.14092	2.282448
	31.14104	2.282321
	31.14161	2.282159
	31.14166	2.28206
	31.14152	2.281725
	31.14125	2.281824
	31.14095	2.282014
	31.14061	2.28204
	31.1404	2.281913
	31.13975	2.281343
	31.1394	2.280818
	31.13904	2.280673
	31.13871	2.280618
	31.13859	2.280428
	31.13859	2.280211
	31.13882	2.279832
	31.13885	2.279642
	31.13847	2.279117
	31.1382	2.278945
	31.13808	2.278682
	31.13801	2.277823
	31.13772	2.277579
	31.13689	2.277026
	31.13677	2.276746
	31.13677	2.276556
	31.13694	2.276212
	31.13694	2.27605
	31.13677	2.276004
	31.13658	2.276004
	31.13655	2.275859
	31.1364	2.275633
	31.1363	2.275343
	31.13635	2.275154
	31.13654	2.274982
	31.13654	2.274675
	31.13637	2.27434
	31.13625	2.273906
	31.1363	2.273399
	31.13642	2.27302
	31.13637	2.272992
	31.1362	2.273019
	31.13597	2.273191
	31.13568	2.273091
	31.13554	2.272901
	31.13542	2.272829
	31.13549	2.272539
	31.13563	2.27225
	31.13565	2.272105
	31.13558	2.271897
	31.13522	2.27158
	31.13515	2.271345
	31.13537	2.270839
	31.13544	2.27055
	31.13532	2.270432
	31.13513	2.270432
	31.13479	2.270621
	31.13432	2.270838
	31.13365	2.270882
	31.13363	2.270981
	31.1337	2.271153
	31.13375	2.271389
	31.13373	2.271434
	31.13346	2.271433
	31.13325	2.271288
	31.13301	2.271198
	31.13301	2.270863
	31.13315	2.270673
	31.13315	2.270357
	31.13301	2.270067
	31.13301	2.269498
	31.13289	2.269326
	31.1326	2.269063
	31.13228	2.268864
	31.13218	2.268502
	31.13233	2.268385
	31.13266	2.26824
	31.13278	2.267834
	31.13278	2.267427
	31.13242	2.266757
	31.13225	2.266088
	31.13232	2.266016
	31.13277	2.265871
	31.13277	2.2657
	31.13272	2.265437
	31.13253	2.265247
	31.13234	2.265157
	31.1322	2.264985
	31.1318	2.264839
	31.13125	2.264766
	31.13096	2.264603
	31.13061	2.264503
	31.13034	2.265054
	31.12989	2.265361
	31.12923	2.265623
	31.12863	2.265577
	31.12837	2.265432
	31.12806	2.265431
	31.12773	2.265603
	31.12768	2.265765
	31.1274	2.265982
	31.12678	2.265909
	31.12618	2.26598
	31.12583	2.266224
	31.12545	2.266269
	31.12523	2.266241
	31.12483	2.266367
	31.12469	2.266557
	31.12471	2.267082
	31.12426	2.267868
	31.12421	2.268157
	31.12371	2.268491
	31.12326	2.268391
	31.12307	2.268418
	31.12305	2.268997
	31.12298	2.269476
	31.12262	2.270235
	31.12093	2.271806
	31.1195	2.272853
	31.11898	2.273169
	31.11886	2.273666
	31.11874	2.273856
	31.11853	2.273928
	31.11841	2.273638
	31.11831	2.273258
	31.11748	2.272615
	31.11714	2.27228
	31.11688	2.272253
	31.11665	2.272352
	31.11641	2.272614
	31.11624	2.272966
	31.11603	2.27321
	31.11562	2.273426
	31.11529	2.273254
	31.11498	2.272892
	31.11469	2.272684
	31.1145	2.272584
	31.11343	2.2728
	31.11303	2.272844
	31.11277	2.272916
	31.11259	2.273332
	31.11257	2.273531
	31.11214	2.27372
	31.11185	2.273666
	31.1114	2.273954
	31.11126	2.274289
	31.11071	2.274749
	31.11033	2.274912
	31.11003	2.275173
	31.10972	2.275489
	31.1096	2.275679
	31.10931	2.27642
	31.10924	2.276827
	31.10867	2.277278
	31.10838	2.277341
	31.10819	2.277504
	31.10802	2.27782
	31.10769	2.27801
	31.10738	2.277964
	31.10709	2.277792
	31.10674	2.277647
	31.10638	2.277619
	31.10624	2.277691
	31.10605	2.278098
	31.1059	2.278297
	31.10567	2.278459
	31.10543	2.278558
	31.10517	2.278531
	31.10464	2.278702
	31.10436	2.278936
	31.10403	2.279108
	31.10353	2.279125
	31.10317	2.279387
	31.10296	2.28011
	31.10232	2.280751
	31.10196	2.280606
	31.10179	2.280226
	31.10167	2.279846
	31.10153	2.279719
	31.10127	2.280054
	31.10148	2.28066
	31.10146	2.280922
	31.10139	2.281085
	31.10101	2.281328
	31.10025	2.281472
	31.09977	2.281327
	31.09934	2.280919
	31.09881	2.281172
	31.09841	2.281524
	31.09736	2.281785
	31.09717	2.281884
	31.09696	2.2821
	31.09672	2.282842
	31.09617	2.283817
	31.09601	2.284224
	31.09556	2.28454
	31.09532	2.284892
	31.09513	2.285398
	31.09499	2.286022
	31.09498	2.286393
	31.09517	2.286963
	31.09519	2.287324
	31.09503	2.287831
	31.09491	2.288382
	31.09455	2.288572
	31.09406	2.288444
	31.09346	2.288181
	31.09187	2.287917
	31.09129	2.288034
	31.09091	2.28806
	31.09044	2.288322
	31.09008	2.288394
	31.08956	2.288637
	31.08911	2.288781
	31.08844	2.288708
	31.08787	2.288915
	31.08759	2.289204
	31.08725	2.289394
	31.08673	2.290351
	31.08652	2.290668
	31.0859	2.291354
	31.08578	2.291643
	31.08574	2.292077
	31.08583	2.292484
	31.08515	2.292736
	31.08477	2.292971
	31.08463	2.293215
	31.08459	2.293522
	31.08444	2.294092
	31.08371	2.294769
	31.08276	2.295916
	31.08278	2.296413
	31.08293	2.297083
	31.08286	2.297516
	31.08274	2.297779
	31.08252	2.297851
	31.08225	2.297715
	31.082	2.29775
	31.08164	2.29775
	31.08148	2.297677
	31.08114	2.297107
	31.08088	2.296962
	31.08026	2.296817
	31.07905	2.297629
	31.07877	2.297773
	31.07858	2.29808
	31.07839	2.298279
	31.07803	2.298423
	31.07753	2.298468
	31.07696	2.298277
	31.07646	2.298177
	31.07577	2.298348
	31.07525	2.298754
	31.07513	2.298989
	31.07511	2.299396
	31.07544	2.30021
	31.07551	2.300717
	31.07542	2.301648
	31.07521	2.301982
	31.07464	2.302388
	31.07328	2.303155
	31.07254	2.303561
	31.07149	2.304002
	31.0708	2.304426
	31.06982	2.304877
	31.06928	2.305265
	31.06925	2.305337
	31.06933	2.305455
	31.06968	2.305555
	31.07066	2.306099
	31.07168	2.306417
	31.07249	2.306418
	31.07323	2.306464
	31.07335	2.306446
	31.07358	2.305389
	31.07392	2.304648
	31.07418	2.30434
	31.0746	2.304079
	31.07537	2.303908
	31.07629	2.303909
	31.07713	2.304055
	31.0781	2.304292
	31.08056	2.30566
	31.08132	2.306285
	31.08201	2.306982
	31.08348	2.309055
	31.08496	2.310947
	31.08491	2.311426
	31.0847	2.311851
	31.08417	2.312546
	31.08344	2.313269
	31.08201	2.31427
	31.08041	2.316022
	31.07998	2.316266
	31.07915	2.316907
	31.07854	2.317747
	31.07799	2.318677
	31.07794	2.319256
	31.07809	2.319826
	31.07811	2.320016
	31.07809	2.320088
	31.07785	2.320142
	31.07728	2.319879
	31.07654	2.319733
	31.07621	2.32004
	31.07595	2.320329
	31.07588	2.320971
	31.07577	2.321342
	31.07604	2.322328
	31.07599	2.323042
	31.07587	2.323376
	31.07561	2.323837
	31.07487	2.323836
	31.07463	2.323781
	31.07448	2.3237
	31.07358	2.323527
	31.07348	2.323626
	31.07296	2.323987
	31.07293	2.324204
	31.07308	2.324819
	31.07344	2.325471
	31.07341	2.325615
	31.07263	2.327287
	31.07237	2.328127
	31.07199	2.329104
	31.07192	2.3298
	31.07152	2.330776
	31.0711	2.331234
	31.06996	2.330133
	31.06799	2.332167
	31.068	2.332277
	31.06795	2.332629
	31.06789	2.332889
	31.06766	2.333493
	31.06757	2.333823
	31.0673	2.334246
	31.06712	2.334595
	31.06692	2.335293
	31.06689	2.335619
	31.0669	2.336085
	31.06694	2.336388
	31.067	2.336689
	31.06708	2.33695
	31.06727	2.337384
	31.06741	2.337626
	31.06798	2.338727
	31.06828	2.339392
	31.06838	2.339799
	31.06851	2.340523
	31.06865	2.341346
	31.06871	2.341839
	31.06871	2.342254
	31.06868	2.34299
	31.06869	2.343264
	31.06874	2.343751
	31.0687	2.344329
	31.06827	2.345374
	31.06805	2.346044
	31.06799	2.346283
	31.06776	2.347521
	31.06772	2.347953
	31.06773	2.348246
	31.06776	2.3485
	31.06768	2.348816
	31.06763	2.349196
	31.06761	2.349719
	31.06765	2.349927
	31.05935	2.355986
	31.05145	2.361689
	31.04779	2.364288
	31.0421	2.368458
	31.03903	2.370632
	31.03634	2.372771
	31.0293	2.379253
	31.02811	2.380282
	31.02771	2.380526
	31.02771	2.380806
	31.02761	2.38143
	31.02761	2.381864
	31.02769	2.382199
	31.02838	2.382769
	31.02845	2.382986
	31.02826	2.38323
	31.02712	2.383636
	31.02674	2.384015
	31.02667	2.384376
	31.02669	2.384438
	31.02632	2.384891
	31.02627	2.384905
	31.0259	2.384565
	31.02565	2.384371
	31.02522	2.384085
	31.02492	2.383916
	31.02465	2.383802
	31.02421	2.383667
	31.0239	2.38361
	31.02344	2.38358
	31.02317	2.383593
	31.02276	2.383656
	31.02249	2.383726
	31.02198	2.383938
	31.02159	2.384188
	31.02075	2.384852
	31.0197	2.385227
	31.0187	2.385653
	31.01794	2.385842
	31.01581	2.385972
	31.01531	2.386026
	31.01475	2.386128
	31.01422	2.386268
	31.01393	2.386374
	31.01355	2.386546
	31.01324	2.386722
	31.01291	2.386952
	31.01259	2.387222
	31.01235	2.38748
	31.01215	2.387733
	31.01192	2.388063
	31.01168	2.388501
	31.0116	2.388677
	31.0114	2.389222
	31.01131	2.389542
	31.01118	2.390112
	31.01051	2.392693
	31.01016	2.394153
	31.00995	2.394772
	31.00887	2.39688
	31.00837	2.397611
	31.00765	2.398527
	31.0069	2.399575
	31.00654	2.400165
	31.00618	2.400914
	31.0055	2.400548
	31.00493	2.400041
	31.0045	2.399489
	31.00331	2.398791
	31.00269	2.3986
	31.00119	2.399104
	31.001	2.399321
	31.00065	2.399917
	31.00036	2.400152
	30.99994	2.40045
	30.99981	2.400476
	30.99841	2.401569
	30.99796	2.401812
	30.99753	2.402119
	30.99704	2.402715
	30.99669	2.403094
	30.99637	2.4036
	30.99586	2.404286
	30.99541	2.404485
	30.995	2.404412
	30.99471	2.404312
	30.9943	2.404456
	30.99404	2.404808
	30.99347	2.405359
	30.99315	2.405403
	30.99291	2.405358
	30.99272	2.405502
	30.99259	2.405665
	30.99229	2.405764
	30.99186	2.40579
	30.99167	2.405501
	30.99164	2.405211
	30.99137	2.405211
	30.99127	2.405473
	30.991	2.405834
	30.99081	2.405952
	30.98976	2.406185
	30.98947	2.405895
	30.98912	2.405705
	30.98893	2.405686
	30.9885	2.405876
	30.98789	2.405739
	30.98695	2.405331
	30.98641	2.405357
	30.98558	2.405446
	30.98469	2.405635
	30.9841	2.405607
	30.9838	2.405634
	30.98351	2.405923
	30.98321	2.406302
	30.98297	2.406491
	30.98217	2.40649
	30.98206	2.406662
	30.98176	2.407014
	30.98133	2.407113
	30.98101	2.407013
	30.98072	2.407184
	30.98047	2.407247
	30.97988	2.406984
	30.97878	2.40672
	30.9784	2.406412
	30.97837	2.406078
	30.97794	2.406023
	30.97735	2.406004
	30.97701	2.405868
	30.97545	2.405558
	30.97529	2.405386
	30.97529	2.405006
	30.97521	2.404816
	30.97497	2.404545
	30.97403	2.404353
	30.97276	2.404523
	30.97201	2.404323
	30.97155	2.404042
	30.97128	2.403635
	30.97104	2.40358
	30.9705	2.403652
	30.96986	2.403696
	30.96929	2.403361
	30.9691	2.403026
	30.96886	2.402808
	30.96859	2.402672
	30.96813	2.402645
	30.96789	2.402789
	30.96773	2.403051
	30.96773	2.403268
	30.9676	2.403458
	30.96719	2.403548
	30.967	2.40343
	30.96665	2.403456
	30.96641	2.403619
	30.96587	2.403545
	30.96503	2.403219
	30.96416	2.402594
	30.96354	2.401254
	30.96335	2.40073
	30.96287	2.400015
	30.96254	2.399418
	30.96209	2.399155
	30.96149	2.398955
	30.96104	2.398267
	30.96058	2.397688
	30.96012	2.397524
	30.95974	2.397352
	30.95955	2.397135
	30.95856	2.397395
	30.95847	2.397436
	30.95829	2.397311
	30.95785	2.397073
	30.95756	2.396959
	30.95677	2.396825
	30.95615	2.396844
	30.95546	2.396989
	30.95526	2.397071
	30.95474	2.398295
	30.95456	2.398444
	30.95438	2.398641
	30.9541	2.399058
	30.95399	2.399272
	30.95388	2.399666
	30.95363	2.399169
	30.95332	2.398075
	30.95286	2.397287
	30.95224	2.396373
	30.95175	2.395776
	30.95097	2.395368
	30.94935	2.394145
	30.94865	2.393547
	30.94817	2.392714
	30.94802	2.391882
	30.94812	2.391006
	30.94852	2.390265
	30.94911	2.389542
	30.94936	2.388856
	30.94952	2.388612
	30.9496	2.387852
	30.94943	2.386867
	30.94903	2.386152
	30.94869	2.385328
	30.94836	2.384342
	30.94796	2.383772
	30.94764	2.383582
	30.94699	2.383409
	30.94607	2.38291
	30.94545	2.382168
	30.94486	2.381516
	30.94424	2.38044
	30.94331	2.378684
	30.94269	2.377291
	30.94179	2.374396
	30.94187	2.374044
	30.94222	2.373466
	30.94265	2.372942
	30.94296	2.372671
	30.94325	2.372192
	30.94344	2.371596
	30.94344	2.371288
	30.94314	2.370619
	30.94233	2.369063
	30.94198	2.367932
	30.9419	2.367552
	30.94219	2.366929
	30.94286	2.36636
	30.94337	2.366126
	30.94452	2.365901
	30.94548	2.365614
	30.94624	2.365542
	30.9471	2.365598
	30.94844	2.365527
	30.9489	2.365384
	30.94893	2.365167
	30.94919	2.364643
	30.94935	2.362066
	30.94927	2.361605
	30.94908	2.361225
	30.949	2.361152
	30.94816	2.361196
	30.94725	2.360888
	30.94652	2.360046
	30.94605	2.359105
	30.94566	2.355876
	30.94547	2.3549
	30.94492	2.352566
	30.94424	2.350721
	30.94373	2.349499
	30.94238	2.34749
	30.94205	2.346748
	30.94196	2.346043
	30.94209	2.344416
	30.94176	2.343701
	30.94106	2.343103
	30.94052	2.34246
	30.93966	2.34207
	30.9388	2.341427
	30.93796	2.34054
	30.93732	2.339698
	30.9371	2.338911
	30.93704	2.33788
	30.93686	2.337311
	30.93662	2.337066
	30.93635	2.336641
	30.93511	2.33587
	30.93457	2.33539
	30.93414	2.335128
	30.9339	2.335082
	30.93321	2.335063
	30.93184	2.334871
	30.93101	2.334815
	30.92961	2.334868
	30.92875	2.334857
	30.928	2.335073
	30.92768	2.335525
	30.92692	2.336337
	30.92596	2.338253
	30.92518	2.338894
	30.92435	2.339272
	30.92349	2.339298
	30.92154	2.338942
	30.92062	2.33923
	30.91888	2.339725
	30.91702	2.340436
	30.91549	2.340769
	30.91334	2.341335
	30.91284	2.341398
	30.91261	2.340638
	30.91229	2.339995
	30.9119	2.33891
	30.91168	2.337517
	30.91152	2.337038
	30.91141	2.335754
	30.91138	2.334841
	30.91129	2.333864
	30.91132	2.332879
	30.9111	2.331875
	30.91078	2.331567
	30.91056	2.331494
	30.90962	2.33171
	30.90855	2.331898
	30.90762	2.332123
	30.90606	2.33212
	30.90488	2.332281
	30.90402	2.332759
	30.90222	2.334447
	30.90141	2.335015
	30.90088	2.335259
	30.89972	2.33523
	30.89905	2.335157
	30.89851	2.335183
	30.89784	2.335562
	30.89686	2.335976
	30.89541	2.336733
	30.89466	2.337329
	30.89399	2.338069
	30.8927	2.339243
	30.89195	2.339856
	30.89125	2.340145
	30.89052	2.339972
	30.88979	2.339301
	30.88934	2.339084
	30.88896	2.339083
	30.88853	2.339182
	30.88813	2.339606
	30.88783	2.340329
	30.88696	2.341051
	30.88599	2.340932
	30.88532	2.340524
	30.8843	2.340234
	30.88341	2.340467
	30.88276	2.340584
	30.8819	2.340799
	30.88121	2.341567
	30.88097	2.342091
	30.8807	2.343329
	30.88065	2.344215
	30.88089	2.345219
	30.88102	2.346955
	30.88062	2.347741
	30.88002	2.348219
	30.87914	2.34886
	30.87876	2.349673
	30.87871	2.350459
	30.8785	2.351435
	30.87791	2.352203
	30.87725	2.352808
	30.87658	2.353476
	30.87594	2.354523
	30.87589	2.355174
	30.87602	2.356006
	30.87602	2.356847
	30.87584	2.357561
	30.87525	2.358446
	30.87514	2.358871
	30.87505	2.359413
	30.87618	2.361974
	30.87637	2.36286
	30.8764	2.363619
	30.87627	2.363981
	30.87557	2.364405
	30.87506	2.364883
	30.87428	2.365506
	30.87362	2.365731
	30.87349	2.366544
	30.87344	2.36762
	30.87312	2.368406
	30.87272	2.368975
	30.87242	2.369047
	30.87169	2.368901
	30.87081	2.368873
	30.8697	2.368943
	30.86871	2.369466
	30.8679	2.369564
	30.86694	2.369608
	30.86616	2.369959
	30.86524	2.370681
	30.86487	2.37106
	30.86491	2.372145
	30.86545	2.373819
	30.8654	2.374994
	30.86497	2.37568
	30.86444	2.376186
	30.8636	2.376519
	30.86285	2.376563
	30.86175	2.376435
	30.86075	2.376243
	30.85995	2.37636
	30.85777	2.376863
	30.85661	2.377032
	30.85575	2.377239
	30.85551	2.377474
	30.85524	2.37826
	30.85405	2.381278
	30.85376	2.381756
	30.85319	2.38209
	30.85145	2.382422
	30.85067	2.382728
	30.84997	2.383134
	30.84938	2.383377
	30.84844	2.384108
	30.84786	2.384939
	30.84776	2.38577
	30.84779	2.386774
	30.84741	2.38727
	30.8469	2.388228
	30.8465	2.389185
	30.84625	2.391111
	30.8459	2.391779
	30.84515	2.392917
	30.8448	2.393613
	30.84486	2.39411
	30.84507	2.394978
	30.84591	2.396535
	30.84571	2.397285
	30.84504	2.398233
	30.84437	2.399452
	30.84357	2.400238
	30.84311	2.400382
	30.84255	2.400815
	30.84217	2.401194
	30.84201	2.401673
	30.84188	2.402622
	30.84154	2.40357
	30.84101	2.404139
	30.84071	2.404238
	30.84012	2.404328
	30.83934	2.404091
	30.83834	2.403701
	30.83805	2.403818
	30.83789	2.40399
	30.83821	2.404831
	30.83872	2.405691
	30.83943	2.40712
	30.83954	2.408033
	30.83961	2.409525
	30.83921	2.411342
	30.8376	2.414847
	30.83697	2.415578
	30.83608	2.415839
	30.83552	2.415811
	30.83463	2.415692
	30.83377	2.415899
	30.83313	2.416332
	30.83248	2.417216
	30.83238	2.417759
	30.83267	2.418293
	30.83418	2.41966
	30.83453	2.420303
	30.83377	2.423701
	30.83378	2.424777
	30.83418	2.425907
	30.83413	2.426694
	30.83416	2.426775
	30.83383	2.426983
	30.83321	2.426982
	30.83256	2.426782
	30.83146	2.426735
	30.83003	2.426922
	30.82842	2.425934
	30.82766	2.425409
	30.82688	2.424576
	30.82634	2.424403
	30.82548	2.424519
	30.82465	2.424472
	30.82398	2.424137
	30.82287	2.423936
	30.82191	2.424079
	30.82137	2.424268
	30.82064	2.424123
	30.81978	2.423841
	30.81885	2.424111
	30.81799	2.424534
	30.8173	2.425112
	30.81654	2.42549
	30.8159	2.425896
	30.81509	2.426057
	30.81412	2.425911
	30.81318	2.425412
	30.81229	2.424995
	30.81154	2.424994
	30.81057	2.42511
	30.81001	2.425036
	30.80915	2.424538
	30.80853	2.424419
	30.80771	2.424517
	30.80569	2.424876
	30.80472	2.425136
	30.80091	2.426604
	30.79919	2.426791
	30.79841	2.426907
	30.79752	2.426978
	30.79603	2.427825
	30.79517	2.428466
	30.79453	2.429107
	30.79407	2.429874
	30.79372	2.430326
	30.79335	2.431039
	30.79273	2.431761
	30.79185	2.432284
	30.79128	2.432853
	30.79074	2.433449
	30.7902	2.434126
	30.7895	2.434748
	30.78889	2.435208
	30.78844	2.434928
	30.78795	2.434755
	30.78642	2.4343
	30.78537	2.434226
	30.78448	2.434125
	30.78346	2.434286
	30.78271	2.434665
	30.78212	2.435071
	30.78212	2.435288
	30.7822	2.43555
	30.78223	2.43574
	30.78206	2.436029
	30.78177	2.436173
	30.78118	2.436263
	30.78069	2.436244
	30.7804	2.436288
	30.78018	2.436451
	30.78013	2.437002
	30.78002	2.437192
	30.77975	2.437481
	30.77941	2.438221
	30.77935	2.438511
	30.77903	2.438772
	30.77793	2.438698
	30.77766	2.438598
	30.77731	2.437784
	30.77654	2.436454
	30.77632	2.436309
	30.77487	2.435493
	30.77377	2.434822
	30.7725	2.434124
	30.77175	2.433743
	30.77118	2.433073
	30.77085	2.431373
	30.77036	2.430929
	30.76917	2.430502
	30.76826	2.430663
	30.76648	2.430823
	30.76487	2.431272
	30.76471	2.4312
	30.76446	2.430105
	30.76438	2.429554
	30.76376	2.429074
	30.76261	2.428493
	30.76201	2.428212
	30.76148	2.428157
	30.7608	2.428183
	30.75989	2.427892
	30.75942	2.428
	30.75864	2.427592
	30.75788	2.426894
	30.75721	2.426676
	30.75632	2.426774
	30.75546	2.426746
	30.75519	2.426555
	30.75498	2.425551
	30.75516	2.424955
	30.75522	2.424666
	30.75467	2.422947
	30.75384	2.421554
	30.75256	2.420205
	30.75164	2.419697
	30.75143	2.420076
	30.751	2.42154
	30.75058	2.423853
	30.75017	2.424902
	30.75007	2.426502
	30.7501	2.428084
	30.75004	2.428933
	30.74985	2.430343
	30.74924	2.43244
	30.74902	2.433542
	30.74915	2.435748
	30.74899	2.437926
	30.7485	2.441063
	30.74805	2.441686
	30.74745	2.442326
	30.74686	2.443021
	30.74638	2.443925
	30.7459	2.444593
	30.74411	2.446154
	30.74291	2.446965
	30.74181	2.447967
	30.74135	2.448653
	30.74087	2.45018
	30.7402	2.452837
	30.74007	2.454193
	30.74037	2.455703
	30.7408	2.456535
	30.74165	2.457341
	30.74238	2.458201
	30.74327	2.458781
	30.74402	2.459452
	30.74424	2.459949
	30.74443	2.461242
	30.74427	2.462914
	30.74434	2.464406
	30.74426	2.465726
	30.74459	2.467806
	30.74435	2.468664
	30.74397	2.469594
	30.74356	2.470923
	30.7434	2.472116
	30.74357	2.472975
	30.74413	2.474287
	30.74462	2.475797
	30.74474	2.477388
	30.7451	2.478438
	30.7458	2.480229
	30.7461	2.481188
	30.74615	2.482146
	30.74617	2.483421
	30.74615	2.486964
	30.74606	2.490128
	30.74636	2.491322
	30.7472	2.493113
	30.74817	2.494507
	30.74903	2.495368
	30.75117	2.496935
	30.7523	2.497443
	30.75357	2.49769
	30.75513	2.497575
	30.75685	2.497189
	30.75744	2.497217
	30.75811	2.49758
	30.75854	2.497771
	30.75949	2.499616
	30.76074	2.503226
	30.76084	2.505459
	30.76146	2.507792
	30.76181	2.510071
	30.76166	2.511888
	30.76057	2.514426
	30.75948	2.517787
	30.75797	2.527693
	30.7575	2.53091
	30.75698	2.534796
	30.75633	2.53824
	30.75643	2.54031
	30.75684	2.54342
	30.75755	2.546432
	30.75806	2.548087
	30.75853	2.549019
	30.75886	2.550349
	30.75875	2.552265
	30.75839	2.552988
	30.757	2.55501
	30.75581	2.556925
	30.75581	2.557802
	30.75601	2.558634
	30.75683	2.56019
	30.75729	2.561637
	30.7576	2.56491
	30.75687	2.566581
	30.75614	2.567665
	30.75522	2.568703
	30.75425	2.570021
	30.75283	2.572369
	30.75274	2.573255
	30.7528	2.573752
	30.75314	2.574937
	30.75358	2.576086
	30.75385	2.577027
	30.75396	2.577913
	30.75394	2.578961
	30.75344	2.580027
	30.7525	2.581499
	30.75115	2.582997
	30.7505	2.584235
	30.75012	2.585355
	30.75009	2.586277
	30.75095	2.588349
	30.75153	2.588711
	30.7526	2.590512
	30.75303	2.591092
	30.75396	2.591518
	30.75474	2.59152
	30.75596	2.591314
	30.75675	2.591523
	30.75711	2.591958
	30.75754	2.592248
	30.75893	2.595387
	30.76	2.596393
	30.76186	2.597408
	30.76343	2.59799
	30.76658	2.598926
	30.76766	2.599001
	30.76981	2.598715
	30.77074	2.598645
	30.77138	2.598718
	30.77188	2.599081
	30.77181	2.599876
	30.77159	2.601313
	30.77202	2.602326
	30.77302	2.602898
	30.77424	2.602827
	30.77646	2.602479
	30.77718	2.60276
	30.77796	2.603702
	30.77818	2.604498
	30.77918	2.606082
	30.77925	2.60695
	30.77864	2.608061
	30.77835	2.609353
	30.77849	2.611441
	30.77848	2.613322
	30.77984	2.613821
	30.78049	2.614473
	30.78041	2.615269
	30.77962	2.616777
	30.77998	2.617284
	30.78062	2.618008
	30.7812	2.618145
	30.78227	2.619376
	30.78248	2.62038
	30.78312	2.621466
	30.78355	2.622615
	30.78444	2.625537
	30.78544	2.62684
	30.78702	2.628353
	30.78773	2.629719
	30.78815	2.631953
	30.78973	2.633258
	30.79087	2.634914
	30.79087	2.635565
	30.79058	2.635989
	30.78944	2.636204
	30.78765	2.636418
	30.78736	2.636707
	30.78707	2.63743
	30.78671	2.638649
	30.78671	2.640023
	30.78656	2.640954
	30.78706	2.641823
	30.78708	2.643007
	30.78663	2.644544
	30.78663	2.645439
	30.78716	2.646253
	30.78859	2.646617
	30.79065	2.646974
	30.79153	2.647183
	30.79186	2.647581
	30.79209	2.648115
	30.79239	2.649183
	30.79258	2.649635
	30.79266	2.650132
	30.79285	2.650738
	30.79266	2.651769
	30.79262	2.652419
	30.79289	2.653143
	30.7934	2.653922
	30.794	2.654682
	30.79457	2.655253
	30.79488	2.655669
	30.79506	2.656058
	30.79518	2.656736
	30.79514	2.657613
	30.79544	2.658183
	30.79582	2.658762
	30.79605	2.658989
	30.79658	2.659333
	30.797	2.65975
	30.79741	2.660013
	30.79775	2.660393
	30.79772	2.661008
	30.7973	2.661613
	30.79688	2.66257
	30.79711	2.663403
	30.79753	2.664018
	30.79882	2.665349
	30.79872	2.666316
	30.79815	2.667274
	30.79766	2.66796
	30.79743	2.668411
	30.79702	2.669026
	30.79687	2.669748
	30.79702	2.670282
	30.79732	2.671159
	30.79812	2.672146
	30.80001	2.673208
	30.80062	2.67367
	30.80092	2.67424
	30.80141	2.674892
	30.80187	2.675308
	30.80232	2.675571
	30.80297	2.676106
	30.8041	2.677283
	30.80492	2.677872
	30.80518	2.678261
	30.80537	2.678678
	30.8053	2.679175
	30.80514	2.67959
	30.80484	2.679861
	30.80454	2.680014
	30.80424	2.680547
	30.8042	2.681035
	30.80431	2.681614
	30.80503	2.681986
	30.80598	2.682259
	30.80662	2.68264
	30.80693	2.682902
	30.80749	2.684124
	30.80772	2.685074
	30.80776	2.686556
	30.80753	2.686945
	30.80723	2.68736
	30.80681	2.687666
	30.80662	2.688046
	30.80643	2.688805
	30.80659	2.689456
	30.80685	2.69018
	30.80715	2.69113
	30.8075	2.69189
	30.80795	2.692614
	30.80859	2.69323
	30.80905	2.693456
	30.80954	2.693801
	30.81068	2.694824
	30.81068	2.695204
	30.81064	2.695584
	30.81056	2.696117
	30.81041	2.696768
	30.81038	2.697301
	30.81038	2.69806
	30.81041	2.69863
	30.81022	2.699091
	30.80966	2.699316
	30.8089	2.699549
	30.80867	2.699965
	30.80856	2.700579
	30.80856	2.701149
	30.80867	2.7018
	30.8086	2.702559
	30.80826	2.703201
	30.80773	2.703507
	30.80716	2.703777
	30.80704	2.704572
	30.8072	2.705341
	30.80757	2.705875
	30.80833	2.706365
	30.80879	2.706592
	30.80924	2.7069
	30.80932	2.707244
	30.80917	2.707551
	30.80818	2.708272
	30.80822	2.708688
	30.80848	2.708996
	30.80886	2.709223
	30.80932	2.709413
	30.80985	2.709414
	30.81004	2.709605
	30.81019	2.710102
	30.81023	2.710708
	30.81042	2.711431
	30.81072	2.711694
	30.81136	2.712003
	30.81197	2.712501
	30.81258	2.7128
	30.81318	2.713145
	30.81383	2.713264
	30.8139	2.713598
	30.81356	2.713941
	30.8133	2.714402
	30.81326	2.714818
	30.81356	2.715243
	30.81417	2.71566
	30.81473	2.716005
	30.81547	2.71616
	30.81621	2.716269
	30.8167	2.716307
	30.81735	2.716308
	30.8178	2.716498
	30.81833	2.716572
	30.81856	2.71669
	30.81871	2.716952
	30.81864	2.717223
	30.81886	2.71763
	30.8189	2.718968
	30.81902	2.71924
	30.81955	2.719431
	30.81989	2.719431
	30.8208	2.719542
	30.82121	2.719542
	30.82163	2.719579
	30.82186	2.719806
	30.82205	2.720113
	30.82186	2.721406
	30.82165	2.722156
	30.82199	2.722988
	30.82241	2.723866
	30.8226	2.724589
	30.82267	2.725385
	30.82286	2.725919
	30.82313	2.726534
	30.82332	2.727104
	30.82377	2.727638
	30.82449	2.727938
	30.82532	2.728129
	30.82597	2.72851
	30.82654	2.729198
	30.82654	2.729885
	30.82601	2.731403
	30.82536	2.732279
	30.82491	2.732585
	30.82449	2.732964
	30.82415	2.733353
	30.82339	2.734987
	30.82301	2.735593
	30.82275	2.736134
	30.82245	2.736514
	30.82243	2.736667
	30.82237	2.736667
	30.82207	2.73739
	30.82222	2.738222
	30.82256	2.739099
	30.82279	2.739941
	30.8229	2.740664
	30.82271	2.741505
	30.82226	2.742191
	30.82192	2.742986
	30.8218	2.743862
	30.82256	2.74531
	30.82287	2.74607
	30.82275	2.74786
	30.82264	2.748737
	30.82271	2.749234
	30.82275	2.749732
	30.82515	2.750106
	30.82893	2.750972
	30.83161	2.752198
	30.83257	2.753112
	30.83326	2.754515
	30.83405	2.75552
	30.83542	2.756237
	30.83593	2.756753
	30.83605	2.758064
	30.83563	2.763135
	30.83575	2.765169
	30.83626	2.76621
	30.83731	2.767035
	30.83924	2.768105
	30.84018	2.768288
	30.84139	2.768019
	30.84257	2.767081
	30.84318	2.765563
	30.84416	2.764977
	30.84631	2.765957
	30.8466	2.767233
	30.84666	2.768598
	30.8472	2.769666
	30.8488	2.770491
	30.8497	2.770348
	30.85121	2.770893
	30.85203	2.771021
	30.85282	2.770508
	30.85414	2.770817
	30.85529	2.771516
	30.85632	2.772069
	30.85777	2.772171
	30.85831	2.772751
	30.85921	2.773602
	30.85976	2.776288
	30.85985	2.777084
	30.86024	2.778151
	30.86035	2.779246
	30.86041	2.780213
	30.86136	2.783678
	30.86187	2.784718
	30.86311	2.785787
	30.8652	2.787445
	30.86599	2.787971
	30.86656	2.788822
	30.86682	2.789718
	30.86691	2.792331
	30.86751	2.794086
	30.86935	2.795906
	30.87146	2.798089
	30.87311	2.799656
	30.87436	2.801864
	30.87599	2.804381
	30.87761	2.806635
	30.88015	2.809343
	30.88136	2.810764
	30.88285	2.812575
	30.88341	2.813317
	30.88415	2.814151
	30.88501	2.81719
	30.88468	2.820471
	30.88459	2.822885
	30.88466	2.824359
	30.8846	2.824865
	30.88538	2.828139
	30.88555	2.829568
	30.88567	2.831449
	30.88562	2.832606
	30.88508	2.832777
	30.8846	2.834927
	30.88439	2.835723
	30.88412	2.836563
	30.88407	2.837196
	30.88391	2.837883
	30.88412	2.838724
	30.88451	2.839701
	30.88482	2.840804
	30.88497	2.8416
	30.88528	2.842496
	30.88559	2.843283
	30.88611	2.844866
	30.88627	2.845608
	30.88673	2.846657
	30.88683	2.848131
	30.88782	2.850249
	30.88787	2.850927
	30.88739	2.852354
	30.88713	2.852933
	30.88739	2.853774
	30.88854	2.854834
	30.88921	2.855676
	30.88963	2.856472
	30.88999	2.857314
	30.89015	2.858263
	30.89014	2.859267
	30.88998	2.860207
	30.89008	2.860578
	30.88992	2.861734
	30.88964	2.862765
	30.88948	2.863795
	30.88913	2.864671
	30.88894	2.865855
	30.88872	2.866886
	30.88812	2.868666
	30.88793	2.869416
	30.88765	2.870355
	30.8873	2.871105
	30.88739	2.87229
	30.8877	2.873294
	30.88782	2.874171
	30.88798	2.877345
	30.88791	2.878402
	30.88769	2.879315
	30.88725	2.880526
	30.88684	2.881275
	30.88619	2.881898
	30.8855	2.88262
	30.88508	2.883225
	30.88509	2.88327
	30.88478	2.883586
	30.88463	2.88383
	30.88441	2.884363
	30.88394	2.885049
	30.88344	2.885482
	30.88291	2.885797
	30.88232	2.886077
	30.88151	2.886726
	30.88082	2.887195
	30.87942	2.887816
	30.87864	2.888059
	30.8778	2.88859
	30.87696	2.889186
	30.87537	2.890204
	30.87431	2.890953
	30.87415	2.89145
	30.87426	2.892435
	30.87425	2.892815
	30.87437	2.893783
	30.87443	2.89522
	30.87443	2.895907
	30.87427	2.896847
	30.87408	2.897534
	30.87414	2.897914
	30.87417	2.898348
	30.87454	2.899289
	30.87483	2.901025
	30.87483	2.901803
	30.87442	2.902308
	30.87389	2.902524
	30.87333	2.902641
	30.8724	2.902738
	30.87143	2.902981
	30.87001	2.903466
	30.86966	2.903538
	30.86928	2.903844
	30.86925	2.904161
	30.86912	2.904821
	30.86937	2.906439
	30.86949	2.907036
	30.86955	2.907696
	30.86948	2.90823
	30.86976	2.909505
	30.86982	2.910011
	30.86982	2.910445
	30.86941	2.910725
	30.86786	2.910939
	30.86736	2.911091
	30.86695	2.911344
	30.86645	2.911777
	30.86619	2.912608
	30.86578	2.913168
	30.86562	2.914135
	30.8654	2.914569
	30.86531	2.915382
	30.86512	2.916042
	30.86508	2.916819
	30.86489	2.917569
	30.86489	2.918356
	30.86532	2.91964
	30.86609	2.920672
	30.86674	2.921831
	30.86684	2.922084
	30.86627	2.922363
	30.86587	2.922733
	30.86543	2.922922
	30.865	2.923229
	30.86465	2.923608
	30.86365	2.925161
	30.86323	2.925458
	30.86282	2.925955
	30.86155	2.926576
	30.86096	2.926919
	30.86033	2.927171
	30.85959	2.92726
	30.85887	2.927412
	30.8579	2.927781
	30.85744	2.928286
	30.85721	2.929253
	30.85752	2.92985
	30.85802	2.930629
	30.85929	2.932042
	30.86028	2.933074
	30.86062	2.933644
	30.86059	2.934015
	30.86027	2.934448
	30.85881	2.935512
	30.85818	2.936099
	30.85747	2.936848
	30.85675	2.937533
	30.85617	2.938238
	30.85567	2.938734
	30.85512	2.939592
	30.85481	2.940305
	30.8545	2.940937
	30.85443	2.941335
	30.8544	2.941968
	30.85458	2.942809
	30.85492	2.94356
	30.85495	2.94422
	30.85492	2.944907
	30.85479	2.945404
	30.85454	2.945874
	30.8542	2.94637
	30.85394	2.947744
	30.85394	2.948558
	30.85375	2.949461
	30.85337	2.950681
	30.8534	2.951305
	30.85377	2.951713
	30.85448	2.952374
	30.85507	2.952818
	30.85551	2.953316
	30.85603	2.954004
	30.85634	2.954981
	30.85676	2.955805
	30.85697	2.956556
	30.85722	2.957216
	30.85727	2.957234
	30.85733	2.957858
	30.85733	2.958527
	30.85744	2.959495
	30.85772	2.960345
	30.858	2.961666
	30.85738	2.961692
	30.85638	2.961816
	30.85545	2.962276
	30.8544	2.962879
	30.85406	2.96324
	30.8531	2.96369
	30.852	2.964303
	30.85105	2.965015
	30.85	2.965664
	30.84924	2.966088
	30.8464	2.9678
	30.84564	2.968133
	30.84532	2.968313
	30.84503	2.968575
	30.84505	2.968972
	30.84403	2.969468
	30.84332	2.969973
	30.84228	2.970648
	30.84074	2.971794
	30.83939	2.972713
	30.83826	2.973624
	30.83761	2.974265
	30.83679	2.975348
	30.83552	2.977642
	30.83459	2.979213
	30.83406	2.980496
	30.83387	2.980884
	30.83345	2.98204
	30.83311	2.982763
	30.83247	2.983747
	30.83205	2.984036
	30.83195	2.984198
	30.83157	2.984279
	30.83038	2.984792
	30.82884	2.985702
	30.82784	2.986459
	30.82689	2.987298
	30.82586	2.988254
	30.82547	2.988678
	30.82476	2.989599
	30.82434	2.990231
	30.82413	2.99071
	30.82395	2.991342
	30.824	2.991912
	30.82424	2.993214
	30.82482	2.995439
	30.82512	2.996425
	30.82519	2.99685
	30.82544	2.997692
	30.82566	2.998632
	30.82529	3.000458
	30.82521	3.001063
	30.82506	3.001597
	30.82469	3.002201
	30.82401	3.00295
	30.82318	3.00341
	30.82258	3.003942
	30.82258	3.004105
	30.8216	3.004618
	30.82092	3.005304
	30.81979	3.005907
	30.81904	3.00643
	30.81821	3.007115
	30.81709	3.007945
	30.81692	3.008225
	30.81588	3.007952
	30.81573	3.007798
	30.81528	3.007797
	30.81483	3.007642
	30.8143	3.007343
	30.81355	3.007043
	30.81272	3.006662
	30.81182	3.006361
	30.81121	3.006306
	30.81121	3.006206
	30.81076	3.00598
	30.81039	3.005753
	30.80971	3.005607
	30.80933	3.00538
	30.80858	3.005297
	30.80783	3.005377
	30.80617	3.005835
	30.80557	3.006286
	30.80482	3.006356
	30.80444	3.006283
	30.80384	3.006363
	30.80376	3.006436
	30.80316	3.00666
	30.80218	3.006812
	30.80143	3.007271
	30.8003	3.008255
	30.79985	3.009004
	30.79925	3.009618
	30.79849	3.009996
	30.79804	3.010827
	30.79776	3.011441
	30.79744	3.011657
	30.79609	3.012793
	30.79548	3.013091
	30.79503	3.013397
	30.79435	3.013775
	30.7936	3.014678
	30.79308	3.01521
	30.7924	3.01642
	30.7921	3.016872
	30.79172	3.017332
	30.79044	3.017863
	30.78984	3.01816
	30.78954	3.018385
	30.78916	3.01861
	30.78871	3.018989
	30.78841	3.01907
	30.78811	3.019304
	30.78744	3.019475
	30.78702	3.019664
	30.78646	3.01978
	30.78574	3.019815
	30.78532	3.020004
	30.78426	3.020192
	30.78321	3.020723
	30.78241	3.021408
	30.78218	3.021679
	30.78158	3.022021
	30.78071	3.022661
	30.78033	3.023049
	30.78007	3.023383
	30.77973	3.024187
	30.77946	3.024485
	30.77924	3.024828
	30.77852	3.025513
	30.77772	3.026651
	30.77769	3.027492
	30.77754	3.02863
	30.77742	3.03099
	30.77757	3.031704
	30.77757	3.032545
	30.7778	3.032889
	30.77795	3.033305
	30.77829	3.033604
	30.77838	3.033911
	30.77826	3.034255
	30.77822	3.034897
	30.77833	3.03543
	30.77792	3.036568
	30.77761	3.036911
	30.77746	3.037254
	30.77701	3.037941
	30.77663	3.038437
	30.77629	3.039006
	30.77587	3.039457
	30.77561	3.039954
	30.77493	3.040748
	30.77463	3.041172
	30.77436	3.041361
	30.77441	3.041416
	30.77404	3.041758
	30.77287	3.042479
	30.77219	3.042785
	30.77166	3.043164
	30.77045	3.043884
	30.77015	3.044264
	30.76913	3.04522
	30.7689	3.045825
	30.76863	3.047153
	30.76882	3.048636
	30.76867	3.049205
	30.76856	3.049929
	30.76818	3.051031
	30.76799	3.051907
	30.76818	3.052287
	30.7689	3.053003
	30.76962	3.053276
	30.77075	3.053956
	30.77117	3.054147
	30.77143	3.054446
	30.77177	3.0546
	30.77208	3.054827
	30.7723	3.055134
	30.77246	3.055668
	30.77272	3.056193
	30.77283	3.056691
	30.77302	3.057297
	30.77309	3.05726
	30.77317	3.05764
	30.7734	3.058057
	30.77363	3.058401
	30.77404	3.058745
	30.77427	3.059125
	30.77454	3.059316
	30.77491	3.059696
	30.77518	3.059805
	30.77582	3.060259
	30.7762	3.060449
	30.77658	3.06045
	30.77752	3.060334
	30.77786	3.060335
	30.77877	3.060455
	30.77915	3.0606
	30.78006	3.061018
	30.78055	3.061362
	30.78089	3.061435
	30.78115	3.06159
	30.78168	3.061817
	30.78244	3.062469
	30.7832	3.063031
	30.7838	3.063304
	30.78433	3.063413
	30.78486	3.063604
	30.7852	3.063677
	30.78581	3.063715
	30.78618	3.063797
	30.78652	3.063834
	30.78694	3.063798
	30.78736	3.063718
	30.78777	3.063565
	30.78849	3.063449
	30.78894	3.063414
	30.78932	3.063297
	30.79012	3.063299
	30.79042	3.063381
	30.79072	3.063607
	30.79077	3.063562
	30.79129	3.064323
	30.79167	3.064703
	30.79197	3.06512
	30.79261	3.066224
	30.79299	3.066749
	30.79326	3.067283
	30.79356	3.067699
	30.7939	3.06827
	30.79435	3.069111
	30.79435	3.069563
	30.79443	3.07044
	30.79439	3.07082
	30.79424	3.071615
	30.79398	3.072446
	30.79375	3.072871
	30.79364	3.073323
	30.79369	3.073359
	30.79352	3.073702
	30.79339	3.074118
	30.79318	3.074841
	30.79311	3.075301
	30.79322	3.076405
	30.79322	3.077426
	30.79337	3.077924
	30.79337	3.078412
	30.79345	3.079063
	30.79352	3.080048
	30.79352	3.080464
	30.79364	3.081567
	30.79364	3.081839
	30.79372	3.081875
	30.79369	3.082535
	30.79362	3.082996
	30.79366	3.083719
	30.79354	3.085997
	30.79354	3.086982
	30.79351	3.088013
	30.79343	3.08926
	30.79347	3.089875
	30.79343	3.090173
	30.79347	3.091882
	30.79339	3.092379
	30.79336	3.09303
	30.79351	3.095155
	30.79377	3.095571
	30.79428	3.09654
	30.79462	3.097037
	30.79496	3.097373
	30.79549	3.098061
	30.79633	3.09893
	30.79637	3.098912
	30.79682	3.099429
	30.79727	3.100379
	30.79791	3.101366
	30.79833	3.102244
	30.79863	3.102615
	30.79894	3.103076
	30.79943	3.104135
	30.79934	3.104488
	30.79927	3.105364
	30.79927	3.106042
	30.79931	3.106386
	30.79919	3.107145
	30.79915	3.10832
	30.79919	3.108935
	30.79916	3.109505
	30.79919	3.110454
	30.79965	3.11182
	30.79991	3.112273
	30.80015	3.113222
	30.8001	3.113457
	30.79999	3.11513
	30.79999	3.115844
	30.79991	3.116838
	30.79999	3.11786
	30.79991	3.119378
	30.79991	3.120373
	30.7998	3.121204
	30.7998	3.121665
	30.79995	3.122615
	30.8001	3.12295
	30.80048	3.123601
	30.80101	3.124778
	30.80124	3.125122
	30.80132	3.125113
	30.8015	3.125647
	30.80177	3.126027
	30.80192	3.126452
	30.80207	3.126751
	30.80219	3.12676
	30.80208	3.127863
	30.80201	3.129607
	30.80201	3.13128
	30.80186	3.132572
	30.80186	3.134471
	30.80209	3.135384
	30.80246	3.13637
	30.80337	3.137132
	30.80405	3.137965
	30.80504	3.138727
	30.80579	3.139406
	30.8067	3.140321
	30.80761	3.141155
	30.80844	3.141762
	30.80905	3.142369
	30.80897	3.142902
	30.80904	3.143581
	30.80867	3.144276
	30.80844	3.145261
	30.80829	3.146327
	30.80829	3.147692
	30.80852	3.151797
	30.80867	3.154076
	30.80882	3.155287
	30.80875	3.156435
	30.80875	3.157647
	30.80897	3.15856
	30.80935	3.160306
	30.80965	3.161446
	30.81041	3.163499
	30.81109	3.165553
	30.81177	3.167372
	30.8123	3.169045
	30.81306	3.17034
	30.81329	3.171633
	30.81367	3.172773
	30.81404	3.173759
	30.81414	3.173732
	30.8142	3.174519
	30.81457	3.175731
	30.81473	3.176644
	30.81526	3.177559
	30.81609	3.1787
	30.81669	3.179985
	30.81737	3.181279
	30.81783	3.182039
	30.81836	3.183179
	30.81919	3.184772
	30.81941	3.184691
	30.81945	3.18527
	30.82014	3.186637
	30.82142	3.188538
	30.82195	3.189678
	30.82233	3.190972
	30.82263	3.192184
	30.82301	3.19317
	30.82309	3.194083
	30.82362	3.195531
	30.82407	3.196969
	30.82452	3.197965
	30.82536	3.199097
	30.82611	3.200237
	30.82801	3.202447
	30.82899	3.203281
	30.82967	3.204195
	30.82982	3.2051
	30.82937	3.206401
	30.82891	3.207539
	30.82869	3.20875
	30.82801	3.211108
	30.82778	3.212174
	30.82748	3.212933
	30.8271	3.214297
	30.8271	3.21521
	30.8268	3.216656
	30.82665	3.217723
	30.82695	3.219007
	30.82786	3.220835
	30.82839	3.22175
	30.82869	3.222736
	30.82892	3.223875
	30.82952	3.226155
	30.82967	3.227068
	30.8302	3.228208
	30.83104	3.229494
	30.83266	3.232119
	30.83357	3.233034
	30.83418	3.233867
	30.83591	3.23576
	30.83713	3.236296
	30.83811	3.236452
	30.83917	3.236834
	30.84008	3.23774
	30.84106	3.239107
	30.84136	3.240482
	30.84144	3.241775
	30.84136	3.24276
	30.84083	3.243293
	30.84087	3.243311
	30.84048	3.243635
	30.83993	3.244303
	30.83866	3.245892
	30.83831	3.246632
	30.83811	3.246786
	30.83791	3.247038
	30.8368	3.249802
	30.83698	3.249803
	30.83614	3.251039
	30.83716	3.255734
	30.83781	3.258321
	30.83788	3.259397
	30.83825	3.263285
	30.83978	3.266217
	30.8413	3.268933
	30.84196	3.269739
	30.84284	3.270039
	30.84429	3.269816
	30.8459	3.269675
	30.84699	3.270184
	30.84867	3.271064
	30.85006	3.272025
	30.85159	3.272607
	30.85217	3.273124
	30.85261	3.273342
	30.85625	3.274887
	30.85822	3.27518
	30.85917	3.275399
	30.86158	3.275775
	30.86515	3.276144
	30.86625	3.276798
	30.868	3.27842
	30.86953	3.279444
	30.87067	3.280478
	30.87052	3.280966
	30.87004	3.281444
	30.86929	3.281993
	30.86895	3.282472
	30.8684	3.283158
	30.86752	3.284042
	30.86683	3.284872
	30.86642	3.286029
	30.8669	3.286925
	30.86751	3.287884
	30.86826	3.288907
	30.86867	3.289668
	30.86928	3.290013
	30.86983	3.290493
	30.87078	3.291245
	30.87167	3.29179
	30.87289	3.292687
	30.87378	3.293232
	30.87494	3.294536
	30.87521	3.29488
	30.87514	3.295431
	30.87487	3.296181
	30.87425	3.297753
	30.87391	3.29844
	30.87371	3.299334
	30.87364	3.30022
	30.87364	3.301043
	30.8735	3.301937
	30.87364	3.302824
	30.87391	3.303719
	30.87425	3.304814
	30.87459	3.305502
	30.875	3.306118
	30.87568	3.306806
	30.87609	3.307422
	30.87637	3.307296
	30.87652	3.307558
	30.87698	3.307849
	30.87778	3.308185
	30.87858	3.30844
	30.88122	3.309123
	30.88215	3.309668
	30.88299	3.310429
	30.88349	3.311271
	30.88395	3.312203
	30.88437	3.31318
	30.88479	3.314022
	30.88592	3.315751
	30.88748	3.316559
	30.88819	3.316642
	30.89038	3.316095
	30.89117	3.315672
	30.89185	3.315167
	30.89256	3.314572
	30.89269	3.31525
	30.89227	3.316181
	30.89176	3.317192
	30.89147	3.318204
	30.89126	3.319054
	30.89113	3.320147
	30.89109	3.32116
	30.89096	3.322389
	30.89054	3.323437
	30.89024	3.324368
	30.8897	3.325171
	30.8894	3.326056
	30.8889	3.326688
	30.88806	3.327283
	30.88738	3.328168
	30.88755	3.329099
	30.88826	3.329815
	30.88894	3.329988
	30.88973	3.330406
	30.89032	3.330787
	30.89068	3.330905
	30.89082	3.331294
	30.89087	3.331972
	30.89084	3.334061
	30.89067	3.335028
	30.88996	3.336003
	30.8892	3.336634
	30.88849	3.337482
	30.88773	3.33824
	30.88744	3.33908
	30.88735	3.340183
	30.88748	3.34115
	30.8879	3.341866
	30.88848	3.342545
	30.88939	3.343035
	30.89023	3.343408
	30.89203	3.343963
	30.89359	3.344852
	30.89434	3.345523
	30.89489	3.346247
	30.89589	3.347976
	30.89619	3.348863
	30.89648	3.349922
	30.89665	3.350808
	30.89702	3.351857
	30.89812	3.353216
	30.89879	3.35385
	30.8995	3.354394
	30.90017	3.355119
	30.90068	3.356087
	30.90105	3.357056
	30.90126	3.357861
	30.9016	3.358747
	30.90231	3.359427
	30.90286	3.360142
	30.90361	3.360605
	30.90437	3.360905
	30.90517	3.36107
	30.90609	3.36137
	30.9071	3.361454
	30.90807	3.36179
	30.90888	3.3619
	30.90981	3.362282
	30.91027	3.36325
	30.91044	3.365321
	30.91094	3.367094
	30.91132	3.3679
	30.91169	3.368443
	30.9119	3.368615
	30.91236	3.368915
	30.91291	3.369079
	30.91341	3.369586
	30.91413	3.369841
	30.91467	3.370176
	30.91505	3.370475
	30.91551	3.370775
	30.91602	3.371237
	30.91656	3.371663
	30.91719	3.372044
	30.91726	3.372017
	30.91727	3.372491
	30.91734	3.372827
	30.91742	3.373108
	30.91757	3.373366
	30.91784	3.373679
	30.91835	3.374054
	30.91922	3.374797
	30.91948	3.375079
	30.91956	3.375321
	30.9196	3.376039
	30.91974	3.376581
	30.91971	3.376821
	30.9191	3.377467
	30.91841	3.377968
	30.91818	3.378082
	30.91775	3.378213
	30.9176	3.378449
	30.91758	3.379116
	30.91772	3.379255
	30.9184	3.379602
	30.91861	3.379755
	30.9186	3.379978
	30.91845	3.380131
	30.91825	3.380492
	30.91769	3.380839
	30.91715	3.381465
	30.91689	3.381701
	30.91683	3.38241
	30.91685	3.382883
	30.91701	3.383911
	30.9174	3.384497
	30.91757	3.384669
	30.91776	3.385185
	30.9179	3.385427
	30.91804	3.385615
	30.91848	3.38599
	30.91862	3.386447
	30.91852	3.38678
	30.91848	3.387176
	30.91862	3.387697
	30.91893	3.388094
	30.91928	3.38824
	30.9202	3.388031
	30.92141	3.388
	30.92189	3.387948
	30.92231	3.387541
	30.92259	3.387385
	30.92296	3.387447
	30.92355	3.387896
	30.92434	3.388705
	30.92527	3.389534
	30.92553	3.389659
	30.92605	3.389807
	30.92694	3.390409
	30.92754	3.391119
	30.92793	3.39187
	30.92882	3.392631
	30.92892	3.392944
	30.92921	3.393402
	30.93005	3.394184
	30.93056	3.394903
	30.9308	3.395101
	30.93116	3.395049
	30.93134	3.39482
	30.9317	3.39457
	30.93215	3.394622
	30.93251	3.394872
	30.93275	3.395393
	30.93285	3.3958
	30.93296	3.396707
	30.93316	3.396978
	30.93388	3.39752
	30.93512	3.398218
	30.93544	3.39851
	30.93575	3.398708
	30.93653	3.398917
	30.93681	3.399167
	30.93685	3.399865
	30.93718	3.40141
	30.93718	3.401644
	30.9371	3.401991
	30.93685	3.402425
	30.9369	3.402671
	30.93711	3.403175
	30.93715	3.403398
	30.93705	3.403639
	30.93699	3.404143
	30.93699	3.404542
	30.93712	3.404904
	30.93765	3.405853
	30.93756	3.406197
	30.93716	3.406791
	30.93712	3.407187
	30.9371	3.408605
	30.93714	3.409585
	30.93718	3.409835
	30.9374	3.40996
	30.93766	3.410012
	30.93791	3.410137
	30.93822	3.410387
	30.9384	3.410606
	30.93841	3.410877
	30.93835	3.41143
	30.9384	3.411993
	30.93837	3.412243
	30.93822	3.412783
	30.93772	3.413821
	30.93763	3.414118
	30.9376	3.415056
	30.93767	3.415477
	30.93783	3.415996
	30.93801	3.416399
	30.93804	3.416733
	30.93798	3.416914
	30.93753	3.417136
	30.9374	3.417414
	30.93736	3.417762
	30.93744	3.418095
	30.93765	3.418331
	30.93821	3.418762
	30.93854	3.419499
	30.93897	3.41986
	30.93931	3.420208
	30.9399	3.421306
	30.94039	3.421778
	30.94047	3.422029
	30.94051	3.422432
	30.94043	3.422793
	30.93997	3.423128
	30.93966	3.423198
	30.93882	3.423245
	30.93859	3.423308
	30.93842	3.423441
	30.93827	3.424168
	30.93784	3.425004
	30.9378	3.425215
	30.9378	3.425419
	30.93804	3.425716
	30.93809	3.425919
	30.93809	3.426099
	30.93798	3.426471
	30.93807	3.426911
	30.93807	3.427093
	30.93795	3.427368
	30.93764	3.427726
	30.93754	3.428043
	30.93757	3.428359
	30.93768	3.428576
	30.93774	3.429034
	30.93791	3.42955
	30.93788	3.429807
	30.93773	3.430347
	30.93762	3.430499
	30.93719	3.430775
	30.93708	3.430945
	30.9369	3.431526
	30.93724	3.432147
	30.93751	3.432382
	30.93756	3.432605
	30.93754	3.432945
	30.93739	3.433449
	30.9374	3.433619
	30.9382	3.434493
	30.93872	3.434874
	30.93878	3.435073
	30.93876	3.435243
	30.93852	3.435753
	30.93849	3.436393
	30.93854	3.43658
	30.93883	3.437096
	30.93899	3.437472
	30.93927	3.437905
	30.93933	3.438122
	30.93933	3.438245
	30.93915	3.438474
	30.93805	3.438885
	30.93733	3.439424
	30.93727	3.439572
	30.93711	3.440333
	30.93681	3.44224
	30.93671	3.442438
	30.93623	3.443116
	30.93609	3.443491
	30.93597	3.444054
	30.93601	3.444909
	30.93585	3.44542
	30.93585	3.445628
	30.936	3.446118
	30.93644	3.446383
	30.93681	3.446453
	30.93709	3.446555
	30.93734	3.446734
	30.93745	3.447024
	30.93736	3.44729
	30.93699	3.447696
	30.93694	3.447946
	30.93695	3.44822
	30.93704	3.448556
	30.93757	3.449252
	30.93766	3.449596
	30.93767	3.44994
	30.93746	3.450917
	30.93706	3.452106
	30.937	3.452692
	30.93712	3.453544
	30.93748	3.454154
	30.93752	3.454318
	30.93752	3.454826
	30.93742	3.455217
	30.93745	3.455389
	30.93754	3.455499
	30.9381	3.45571
	30.93822	3.455866
	30.93817	3.456054
	30.93795	3.456288
	30.93752	3.456648
	30.93741	3.456867
	30.93731	3.457305
	30.93716	3.457657
	30.93716	3.45786
	30.93744	3.458376
	30.93745	3.458603
	30.93768	3.459197
	30.93769	3.459416
	30.93725	3.460057
	30.93727	3.460205
	30.9377	3.460542
	30.93826	3.460659
	30.9387	3.460847
	30.93877	3.461066
	30.9388	3.461566
	30.93903	3.461988
	30.93921	3.462098
	30.93947	3.462074
	30.9397	3.461957
	30.93988	3.461925
	30.9401	3.461972
	30.94032	3.462121
	30.9406	3.462184
	30.94102	3.462457
	30.94114	3.462653
	30.94124	3.462911
	30.94125	3.463395
	30.94132	3.463567
	30.94156	3.463927
	30.9425	3.464232
	30.94263	3.464373
	30.94275	3.464771
	30.94287	3.464951
	30.94323	3.46524
	30.94412	3.465647
	30.94417	3.46596
	30.94406	3.466288
	30.94379	3.466648
	30.94372	3.466859
	30.9437	3.467516
	30.94358	3.467859
	30.94253	3.468931
	30.94207	3.46978
	30.94187	3.469874
	30.94162	3.469874
	30.94114	3.469551
	30.94072	3.469469
	30.94055	3.469504
	30.9403	3.469651
	30.93993	3.470401
	30.93979	3.470588
	30.93952	3.470721
	30.93871	3.470971
	30.9387	3.471104
	30.93904	3.471565
	30.93952	3.472034
	30.93957	3.472324
	30.93968	3.473826
	30.93954	3.474108
	30.93933	3.474368
	30.93896	3.474681
	30.93889	3.474921
	30.93898	3.475192
	30.9392	3.475504
	30.93933	3.476026
	30.93949	3.476328
	30.93955	3.476547
	30.9402	3.477433
	30.94035	3.477537
	30.94171	3.477355
	30.94214	3.477495
	30.94224	3.477665
	30.94229	3.478117
	30.94248	3.478592
	30.94315	3.479295
	30.94321	3.47946
	30.94328	3.480081
	30.94322	3.480615
	30.94312	3.480881
	30.94273	3.481394
	30.94261	3.481706
	30.94253	3.482239
	30.94255	3.482583
	30.94252	3.482823
	30.94224	3.483486
	30.94223	3.483732
	30.94233	3.484031
	30.94277	3.48487
	30.94274	3.485182
	30.94252	3.48571
	30.94231	3.485944
	30.94209	3.486065
	30.94148	3.486117
	30.94129	3.486221
	30.94125	3.486394
	30.94176	3.486914
	30.94189	3.4872
	30.94192	3.487416
	30.94185	3.487598
	30.94141	3.48765
	30.94118	3.487719
	30.94106	3.487832
	30.941	3.488048
	30.94113	3.488698
	30.94108	3.48888
	30.94023	3.490179
	30.93984	3.490551
	30.93957	3.490906
	30.93972	3.491313
	30.93974	3.491521
	30.93971	3.491781
	30.93954	3.492179
	30.93949	3.492673
	30.93931	3.492967
	30.93927	3.49321
	30.93927	3.493418
	30.9394	3.493652
	30.93938	3.494067
	30.93901	3.494881
	30.93892	3.49541
	30.93901	3.496544
	30.93914	3.496778
	30.93924	3.496856
	30.93941	3.49683
	30.93976	3.496518
	30.94007	3.496457
	30.94062	3.496518
	30.94077	3.496674
	30.94084	3.497003
	30.94097	3.497202
	30.9411	3.497332
	30.94153	3.497583
	30.94225	3.49819
	30.94225	3.498328
	30.94215	3.498467
	30.94203	3.498995
	30.94175	3.499281
	30.94163	3.499714
	30.94151	3.499948
	30.94095	3.500666
	30.94083	3.500926
	30.9407	3.501515
	30.94068	3.501888
	30.94068	3.502312
	30.94076	3.502606
	30.94115	3.503178
	30.94121	3.503386
	30.94122	3.503819
	30.94117	3.50394
	30.94091	3.504243
	30.94094	3.504408
	30.94181	3.505204
	30.94201	3.505533
	30.94211	3.505785
	30.94214	3.506088
	30.94202	3.506244
	30.94181	3.506356
	30.94118	3.506434
	30.94073	3.506549
	30.9401	3.506569
	30.93987	3.506633
	30.9394	3.506971
	30.93911	3.507101
	30.93885	3.507309
	30.93868	3.507367
	30.93779	3.50738
	30.9376	3.507341
	30.93733	3.50716
	30.93715	3.506958
	30.93701	3.506893
	30.93658	3.506841
	30.93645	3.50675
	30.93607	3.506322
	30.93585	3.506198
	30.93553	3.506141
	30.93459	3.50615
	30.93354	3.505934
	30.93322	3.505769
	30.93264	3.505241
	30.93221	3.504947
	30.93198	3.504852
	30.9316	3.504817
	30.93097	3.504904
	30.93071	3.504869
	30.93032	3.504895
	30.93017	3.50499
	30.92983	3.505362
	30.92964	3.505432
	30.92911	3.505466
	30.92814	3.506038
	30.92786	3.506099
	30.92749	3.506029
	30.92632	3.505434
	30.92611	3.505369
	30.92593	3.505362
	30.92498	3.505525
	30.9246	3.505765
	30.92363	3.50607
	30.92298	3.506135
	30.92262	3.506259
	30.92231	3.506298
	30.92187	3.506642
	30.92168	3.506642
	30.92122	3.506343
	30.92037	3.506148
	30.92005	3.506122
	30.91968	3.506122
	30.91937	3.506187
	30.9187	3.506512
	30.91796	3.506142
	30.91737	3.505492
	30.91726	3.505434
	30.91707	3.505122
	30.9167	3.504849
	30.91625	3.504843
	30.91577	3.504966
	30.91452	3.504901
	30.91429	3.504953
	30.91406	3.504947
	30.91388	3.504843
	30.91368	3.504466
	30.91349	3.504362
	30.91278	3.504304
	30.91258	3.504141
	30.9125	3.50394
	30.9124	3.503407
	30.9123	3.503323
	30.91131	3.502992
	30.91087	3.502901
	30.91079	3.502846
	30.9107	3.502577
	30.91071	3.502309
	30.91055	3.502092
	30.91002	3.501832
	30.90962	3.501789
	30.9091	3.501573
	30.90877	3.501616
	30.90798	3.502109
	30.90762	3.502144
	30.90702	3.502101
	30.90687	3.502049
	30.9067	3.501824
	30.9065	3.501714
	30.90623	3.501664
	30.90549	3.501739
	30.9052	3.501651
	30.90455	3.501121
	30.90407	3.500953
	30.90335	3.500925
	30.90306	3.501031
	30.90277	3.501166
	30.9019	3.501848
	30.90133	3.502047
	30.9005	3.502544
	30.90013	3.502672
	30.8998	3.502686
	30.8994	3.502824
	30.89846	3.503001
	30.89801	3.50314
	30.89743	3.503203
	30.89699	3.503127
	30.89651	3.502862
	30.89598	3.502411
	30.89543	3.502129
	30.89465	3.501466
	30.89454	3.501153
	30.89387	3.499875
	30.89357	3.499467
	30.89327	3.499202
	30.89258	3.49835
	30.89241	3.498066
	30.89226	3.497763
	30.8919	3.496797
	30.8916	3.496465
	30.89104	3.495632
	30.89066	3.495234
	30.89045	3.494921
	30.89021	3.494741
	30.88985	3.494637
	30.88926	3.49405
	30.88867	3.493775
	30.88816	3.493197
	30.88784	3.493065
	30.88748	3.493064
	30.8873	3.493149
	30.88695	3.49349
	30.88677	3.493511
	30.88656	3.493312
	30.88634	3.492964
	30.88621	3.492602
	30.88613	3.491906
	30.88599	3.491771
	30.88533	3.491686
	30.88468	3.491373
	30.88436	3.491345
	30.88355	3.491544
	30.88326	3.491496
	30.88292	3.491316
	30.88275	3.491108
	30.88247	3.49089
	30.88191	3.490909
	30.88154	3.490786
	30.88053	3.48999
	30.88022	3.489678
	30.87979	3.489062
	30.87959	3.488971
	30.87929	3.488958
	30.87887	3.488844
	30.87875	3.48863
	30.87875	3.488352
	30.87908	3.48788
	30.87915	3.487605
	30.87921	3.486942
	30.87921	3.486658
	30.87912	3.48627
	30.87902	3.486033
	30.87902	3.485815
	30.87914	3.485455
	30.87944	3.484944
	30.87959	3.484565
	30.87957	3.484139
	30.87924	3.482917
	30.87888	3.482529
	30.87791	3.481894
	30.87727	3.481335
	30.87677	3.480975
	30.8763	3.480758
	30.87505	3.48054
	30.87468	3.480398
	30.87427	3.480094
	30.87378	3.47982
	30.87349	3.47975
	30.87247	3.479932
	30.8723	3.479884
	30.8721	3.479479
	30.87155	3.478786
	30.8713	3.478317
	30.87105	3.478131
	30.87047	3.477992
	30.87024	3.477976
	30.86917	3.478191
	30.86867	3.478205
	30.86839	3.478127
	30.86809	3.47812
	30.86745	3.478411
	30.86669	3.478922
	30.86655	3.479128
	30.86652	3.479306
	30.86661	3.479625
	30.86658	3.479884
	30.86635	3.48025
	30.86604	3.480339
	30.86469	3.480288
	30.86432	3.480212
	30.86385	3.479909
	30.8635	3.479518
	30.86246	3.478975
	30.86224	3.478987
	30.86174	3.479253
	30.86128	3.479581
	30.86109	3.479947
	30.86092	3.480465
	30.86061	3.481011
	30.85972	3.481683
	30.85905	3.481868
	30.85653	3.4843
	30.85465	3.485688
	30.85389	3.486325
	30.85326	3.486635
	30.85177	3.487241
	30.85123	3.487607
	30.8498	3.487611
	30.84914	3.48768
	30.84835	3.487442
	30.84811	3.487414
	30.84818	3.487929
	30.84862	3.488511
	30.84883	3.488629
	30.84891	3.488754
	30.84898	3.489058
	30.84876	3.489777
	30.84899	3.491638
	30.84908	3.492945
	30.84839	3.493728
	30.8482	3.494162
	30.84808	3.494727
	30.84839	3.495327
	30.84883	3.496437
	30.84974	3.496679
	30.85016	3.496992
	30.85015	3.500638
	30.85223	3.500635
	30.85191	3.499698
	30.8519	3.499626
	30.85194	3.499065
	30.8516	3.497317
	30.85161	3.49724
	30.85182	3.496678
	30.85183	3.496592
	30.85158	3.495496
	30.85164	3.494577
	30.85166	3.494507
	30.85225	3.493781
	30.85228	3.493677
	30.85194	3.491518
	30.85189	3.49146
	30.85141	3.491244
	30.85137	3.491178
	30.85121	3.490631
	30.85122	3.490572
	30.85172	3.490168
	30.85178	3.490143
	30.85202	3.490135
	30.85209	3.490107
	30.85387	3.489139
	30.85439	3.48898
	30.85448	3.488993
	30.85712	3.490122
	30.85718	3.49017
	30.85841	3.491785
	30.85846	3.491801
	30.85942	3.491661
	30.85947	3.491697
	30.85963	3.492098
	30.85968	3.492143
	30.86173	3.492483
	30.86187	3.492542
	30.86325	3.493357
	30.8634	3.49341
	30.866	3.493644
	30.86606	3.493664
	30.86623	3.494086
	30.86642	3.494368
	30.8667	3.494692
	30.86681	3.494919
	30.86695	3.495287
	30.86709	3.495601
	30.86723	3.49599
	30.86731	3.496726
	30.8676	3.497234
	30.86777	3.497591
	30.86794	3.497894
	30.86811	3.498435
	30.86856	3.499022
	30.86861	3.499227
	30.86861	3.499788
	30.86867	3.500162
	30.86879	3.500459
	30.8689	3.500944
	30.86944	3.50148
	30.86985	3.501803
	30.87027	3.502092
	30.87038	3.502389
	30.8702	3.503316
	30.87018	3.503869
	30.87026	3.504464
	30.87046	3.505135
	30.87061	3.505739
	30.87072	3.506521
	30.87101	3.507661
	30.87126	3.508043
	30.87163	3.508375
	30.87205	3.50869
	30.87291	3.509939
	30.87345	3.511155
	30.87362	3.511648
	30.87368	3.512005
	30.87386	3.512567
	30.8741	3.513009
	30.87418	3.513493
	30.87422	3.514012
	30.87435	3.515168
	30.87436	3.515653
	30.87431	3.516308
	30.87436	3.517132
	30.8743	3.517821
	30.87424	3.518153
	30.8743	3.518399
	30.87481	3.518833
	30.87531	3.519292
	30.87562	3.519955
	30.87611	3.521077
	30.87636	3.521842
	30.87677	3.522455
	30.87693	3.522905
	30.87724	3.523611
	30.87759	3.524232
	30.87789	3.524699
	30.87817	3.525065
	30.87843	3.525311
	30.87859	3.525694
	30.87891	3.526629
	30.87901	3.527037
	30.87923	3.527335
	30.87948	3.527607
	30.87979	3.528058
	30.87992	3.528406
	30.88005	3.529112
	30.88027	3.529665
	30.88037	3.530022
	30.88042	3.530353
	30.88042	3.530719
	30.88048	3.531101
	30.88044	3.531493
	30.88047	3.531943
	30.88066	3.532283
	30.88082	3.532632
	30.88085	3.532989
	30.88102	3.533397
	30.88124	3.533797
	30.88133	3.534256
	30.88149	3.534536
	30.88164	3.534851
	30.8819	3.535506
	30.88212	3.535854
	30.88221	3.536211
	30.88226	3.537155
	30.88213	3.537572
	30.88214	3.537844
	30.88217	3.538065
	30.88232	3.538311
	30.88287	3.53877
	30.88317	3.539111
	30.88324	3.539237
	30.88334	3.539491
	30.88361	3.539865
	30.88376	3.540239
	30.88378	3.540562
	30.88404	3.540843
	30.88424	3.541217
	30.88438	3.541608
	30.88442	3.542118
	30.88439	3.542492
	30.88444	3.542994
	30.88461	3.543275
	30.88475	3.54347
	30.88509	3.544609
	30.88531	3.544975
	30.88575	3.54563
	30.88599	3.546046
	30.88605	3.546429
	30.88619	3.546854
	30.88633	3.54716
	30.88665	3.547602
	30.88679	3.547874
	30.88689	3.548206
	30.8869	3.549014
	30.88679	3.549447
	30.88681	3.549889
	30.88692	3.55028
	30.88708	3.550587
	30.88709	3.550901
	30.88707	3.551267
	30.88709	3.551598
	30.88721	3.551947
	30.8873	3.552278
	30.88744	3.552466
	30.88782	3.552848
	30.88792	3.553112
	30.88784	3.553579
	30.88769	3.55386
	30.88761	3.554141
	30.88761	3.554438
	30.88774	3.554642
	30.88804	3.55488
	30.88838	3.555195
	30.8886	3.55545
	30.88884	3.555849
	30.88903	3.556232
	30.88916	3.556555
	30.88941	3.55697
	30.88961	3.557469
	30.88991	3.557998
	30.89026	3.558391
	30.89067	3.558724
	30.89127	3.55889
	30.8918	3.559147
	30.8923	3.559464
	30.8926	3.559888
	30.89286	3.560356
	30.89328	3.560779
	30.8938	3.561233
	30.89415	3.56158
	30.89448	3.562502
	30.89455	3.562986
	30.89496	3.563409
	30.89535	3.563576
	30.89562	3.563632
	30.8961	3.565002
	30.89677	3.566131
	30.89701	3.566373
	30.89723	3.566534
	30.89774	3.567233
	30.898	3.567655
	30.89849	3.567985
	30.89941	3.568119
	30.89967	3.568657
	30.89984	3.56906
	30.90019	3.56949
	30.90032	3.570161
	30.90016	3.570565
	30.90034	3.570988
	30.90083	3.571398
	30.90123	3.571424
	30.90158	3.571478
	30.90204	3.571908
	30.9025	3.572472
	30.90274	3.572983
	30.90333	3.573735
	30.90354	3.574058
	30.90368	3.574622
	30.90405	3.575294
	30.90389	3.575616
	30.90392	3.576019
	30.90411	3.576423
	30.90422	3.576772
	30.90416	3.577067
	30.90414	3.577685
	30.9044	3.57833
	30.90473	3.578814
	30.90459	3.579325
	30.90459	3.579889
	30.90478	3.580695
	30.90513	3.581206
	30.90516	3.581851
	30.90537	3.582576
	30.90564	3.583758
	30.90551	3.58435
	30.90532	3.585021
	30.90564	3.585642
	30.90629	3.585935
	30.90696	3.585962
	30.9076	3.58615
	30.90806	3.586741
	30.90782	3.587198
	30.90747	3.587574
	30.90752	3.587977
	30.9079	3.588649
	30.90795	3.589106
	30.90765	3.589563
	30.90755	3.590127
	30.90768	3.59053
	30.90808	3.591121
	30.90844	3.59233
	30.9094	3.593405
	30.90972	3.593862
	30.91024	3.594292
	30.91026	3.594776
	30.91067	3.595044
	30.91083	3.594802
	30.91126	3.594937
	30.91166	3.595394
	30.91193	3.596039
	30.9126	3.596845
	30.91335	3.597167
	30.914	3.597194
	30.9144	3.59757
	30.91491	3.598
	30.91658	3.598833
	30.91746	3.599102
	30.9183	3.599263
	30.91883	3.599236
	30.91908	3.598887
	30.91924	3.598054
	30.91972	3.598242
	30.92034	3.598779
	30.9212	3.598994
	30.92163	3.599397
	30.922	3.600956
	30.92217	3.60195
	30.92266	3.602491
	30.92318	3.602813
	30.92375	3.602773
	30.92411	3.602995
	30.92433	3.603458
	30.92411	3.603942
	30.92365	3.604265
	30.92363	3.604748
	30.92405	3.605353
	30.92469	3.605575
	30.92492	3.605917
	30.92492	3.606502
	30.92504	3.607005
	30.9251	3.60761
	30.92492	3.608215
	30.9251	3.608598
	30.9259	3.60894
	30.92615	3.609585
	30.92625	3.610129
	30.92629	3.61057
	30.92703	3.612021
	30.92735	3.612928
	30.92732	3.613976
	30.92716	3.614554
	30.92701	3.615491
	30.92719	3.615883
	30.92762	3.616471
	30.92856	3.617582
	30.92901	3.618061
	30.92954	3.618409
	30.9301	3.618584
	30.93102	3.61817
	30.93132	3.61817
	30.93185	3.618344
	30.93213	3.618496
	30.93252	3.618823
	30.93352	3.619281
	30.93441	3.619801
	30.93546	3.620022
	30.93636	3.620022
	30.93739	3.619841
	30.93834	3.61974
	30.93884	3.619639
	30.93921	3.619639
	30.93959	3.61974
	30.93973	3.620063
	30.93956	3.621228
	30.93977	3.622249
	30.94012	3.622894
	30.94053	3.623727
	30.94109	3.62456
	30.94152	3.625662
	30.94167	3.626316
	30.94306	3.628058
	30.94352	3.628755
	30.94411	3.629191
	30.94494	3.629735
	30.94539	3.630106
	30.94616	3.630541
	30.94671	3.631036
	30.94705	3.631869
	30.94751	3.63238
	30.94821	3.632783
	30.94904	3.633025
	30.94906	3.63305
	30.94929	3.633401
	30.94947	3.633965
	30.94947	3.634395
	30.9495	3.634879
	30.94982	3.635309
	30.94972	3.635873
	30.94988	3.636276
	30.94995	3.63693
	30.94997	3.637521
	30.94989	3.637951
	30.9496	3.6383
	30.9493	3.638865
	30.94938	3.639241
	30.94984	3.639778
	30.94989	3.640289
	30.9497	3.640907
	30.94935	3.641874
	30.949	3.642627
	30.94866	3.643487
	30.94844	3.644427
	30.94825	3.645126
	30.94788	3.645878
	30.94774	3.646711
	30.94782	3.64784
	30.94769	3.648404
	30.94739	3.649049
	30.94694	3.650258
	30.94694	3.650769
	30.94737	3.651199
	30.94771	3.651682
	30.94806	3.651978
	30.94812	3.652274
	30.9479	3.652596
	30.9479	3.652999
	30.94828	3.653402
	30.94874	3.65351
	30.9493	3.653536
	30.94978	3.653832
	30.95	3.654417
	30.94981	3.655041
	30.94981	3.655713
	30.95011	3.656224
	30.95086	3.656788
	30.95113	3.657191
	30.95113	3.657513
	30.9511	3.657943
	30.95142	3.658346
	30.95115	3.658911
	30.95115	3.659314
	30.95159	3.659744
	30.95204	3.660496
	30.9522	3.661007
	30.95244	3.66141
	30.95287	3.661893
	30.9536	3.662135
	30.95398	3.662297
	30.95435	3.662941
	30.95476	3.663156
	30.9551	3.66321
	30.95524	3.663452
	30.95535	3.66407
	30.95529	3.665414
	30.95551	3.66579
	30.95562	3.666408
	30.95562	3.667617
	30.95596	3.668181
	30.95621	3.668369
	30.95674	3.668369
	30.95739	3.668558
	30.95782	3.669014
	30.95814	3.669498
	30.95873	3.66974
	30.95924	3.670035
	30.95951	3.670546
	30.95983	3.671003
	30.96107	3.671863
	30.96145	3.671863
	30.96196	3.671809
	30.96258	3.67197
	30.96392	3.672131
	30.96443	3.672508
	30.96604	3.673448
	30.96748	3.674531
	30.96818	3.675154
	30.96836	3.675423
	30.96858	3.675877
	30.96876	3.676345
	30.9691	3.676587
	30.96928	3.677199
	30.96941	3.678484
	30.96965	3.6794
	30.96979	3.680548
	30.96991	3.680762
	30.9702	3.680879
	30.97047	3.681288
	30.97078	3.681254
	30.9707	3.68191
	30.97084	3.683137
	30.97078	3.683506
	30.97045	3.68411
	30.97045	3.684577
	30.97041	3.685044
	30.97115	3.685589
	30.97133	3.686172
	30.97115	3.686639
	30.97101	3.687301
	30.97097	3.687574
	30.97113	3.687963
	30.97133	3.688391
	30.97148	3.688916
	30.97183	3.68915
	30.97179	3.689792
	30.97193	3.690259
	30.97253	3.691018
	30.97273	3.691116
	30.97295	3.691286
	30.97321	3.691372
	30.97346	3.691429
	30.97383	3.691486
	30.9742	3.691657
	30.97446	3.691828
	30.97486	3.692227
	30.97509	3.692598
	30.9754	3.692968
	30.9758	3.693538
	30.976	3.693766
	30.9762	3.694251
	30.97637	3.694565
	30.97677	3.695135
	30.97706	3.695231
	30.97735	3.695443
	30.97758	3.695503
	30.97795	3.695783
	30.97811	3.69585
	30.97841	3.69618
	30.97894	3.696622
	30.97867	3.697039
	30.97864	3.697502
	30.97908	3.697872
	30.97967	3.697964
	30.98046	3.697832
	30.98095	3.698394
	30.98099	3.699155
	30.98156	3.699297
	30.98214	3.69911
	30.98239	3.699087
	30.98276	3.699008
	30.98308	3.699076
	30.98332	3.699167
	30.98368	3.699156
	30.98397	3.699212
	30.98431	3.699348
	30.98469	3.699439
	30.98496	3.69945
	30.98528	3.698923
	30.98568	3.699121
	30.98594	3.699385
	30.98637	3.699583
	30.9867	3.699617
	30.9869	3.699583
	30.98723	3.699617
	30.98744	3.699813
	30.98763	3.699839
	30.98797	3.699924
	30.98863	3.70001
	30.98877	3.700979
	30.98886	3.701749
	30.98869	3.702433
	30.98829	3.703488
	30.98931	3.703659
	30.9898	3.703973
	30.99005	3.703944
	30.99037	3.704115
	30.99134	3.704913
	30.99199	3.704767
	30.99265	3.704799
	30.99302	3.704913
	30.99333	3.704885
	30.99381	3.70487
	30.99463	3.704583
	30.99524	3.704297
	30.99587	3.7044
	30.99655	3.704771
	30.99735	3.704655
	30.99825	3.704547
	30.99886	3.704547
	30.9993	3.704857
	31.00006	3.705466
	31.00073	3.70594
	31.00182	3.706623
	31.00236	3.707071
	31.00285	3.707365
	31.00346	3.707365
	31.0041	3.707329
	31.00464	3.707114
	31.00525	3.707078
	31.00593	3.707078
	31.00697	3.707006
	31.00776	3.706505
	31.00866	3.705753
	31.00909	3.704893
	31.00934	3.704212
	31.00955	3.703818
	31.00987	3.703424
	31.01052	3.702886
	31.01091	3.702528
	31.01145	3.702313
	31.01202	3.702277
	31.01256	3.701991
	31.0131	3.701525
	31.01371	3.701131
	31.01471	3.700736
	31.01521	3.700486
	31.01564	3.700199
	31.01618	3.699733
	31.01665	3.69916
	31.0169	3.698694
	31.01707	3.698229
	31.0174	3.697763
	31.01776	3.697476
	31.01808	3.696043
	31.01811	3.695577
	31.01846	3.695011
	31.01876	3.694789
	31.01907	3.694465
	31.01993	3.695686
	31.02029	3.695813
	31.02056	3.696257
	31.02128	3.696312
	31.02173	3.696042
	31.02209	3.696007
	31.02275	3.696858
	31.02354	3.697348
	31.02423	3.697856
	31.02483	3.697631
	31.02556	3.697407
	31.02584	3.697652
	31.02619	3.698177
	31.02658	3.698341
	31.02726	3.69855
	31.02789	3.698922
	31.02877	3.699096
	31.02933	3.699115
	31.02976	3.699315
	31.02995	3.699921
	31.03046	3.700402
	31.03101	3.700973
	31.03273	3.701239
	31.0332	3.701692
	31.03367	3.70229
	31.03417	3.703177
	31.03506	3.704336
	31.03576	3.705459
	31.03647	3.70603
	31.03715	3.706203
	31.03797	3.70682
	31.0396	3.707447
	31.04027	3.70801
	31.04034	3.708525
	31.04064	3.709285
	31.04178	3.710617
	31.04249	3.710989
	31.04349	3.711244
	31.04416	3.711653
	31.04567	3.713257
	31.04626	3.713466
	31.04665	3.713792
	31.0472	3.714472
	31.04759	3.715033
	31.0479	3.715395
	31.0489	3.71566
	31.04964	3.716349
	31.05028	3.716395
	31.05085	3.715972
	31.05158	3.715792
	31.05239	3.715451
	31.05274	3.715659
	31.05289	3.71622
	31.05276	3.716889
	31.05411	3.719288
	31.05451	3.719018
	31.05499	3.719073
	31.0553	3.719435
	31.05545	3.720032
	31.05593	3.720359
	31.05672	3.720451
	31.05736	3.720706
	31.05824	3.720843
	31.05883	3.721134
	31.05907	3.721451
	31.05998	3.721869
	31.06009	3.723885
	31.06036	3.724808
	31.06103	3.725334
	31.06101	3.725849
	31.06052	3.726355
	31.05994	3.727212
	31.05997	3.727764
	31.06022	3.728542
	31.0606	3.729103
	31.06108	3.729512
	31.06179	3.729956
	31.06246	3.730129
	31.06286	3.730338
	31.06305	3.730899
	31.06268	3.731405
	31.06275	3.731803
	31.06298	3.732283
	31.06257	3.732788
	31.06161	3.732804
	31.06135	3.733626
	31.06061	3.73433
	31.06001	3.734672
	31.0592	3.734969
	31.05871	3.735275
	31.05814	3.735852
	31.05829	3.736296
	31.05897	3.736505
	31.0596	3.736877
	31.05999	3.73724
	31.06013	3.738036
	31.06032	3.738597
	31.061	3.738607
	31.06177	3.738347
	31.06237	3.738204
	31.06252	3.738719
	31.06243	3.739352
	31.06241	3.740139
	31.06293	3.740429
	31.06349	3.740485
	31.064	3.740811
	31.06403	3.741245
	31.06418	3.741761
	31.0652	3.742776
	31.06599	3.743266
	31.06663	3.743475
	31.06716	3.743549
	31.06798	3.74459
	31.0683	3.744681
	31.06857	3.74508
	31.06885	3.745243
	31.06957	3.745417
	31.07017	3.745273
	31.07073	3.745365
	31.07121	3.74561
	31.07168	3.746054
	31.07232	3.746155
	31.0754	3.746135
	31.07617	3.745874
	31.07686	3.745342
	31.0773	3.745307
	31.07809	3.745598
	31.07946	3.745556
	31.08022	3.745332
	31.08092	3.744673
	31.08137	3.744132
	31.08201	3.743907
	31.08282	3.743728
	31.08331	3.743223
	31.0836	3.742672
	31.08397	3.74213
	31.08477	3.742304
	31.08561	3.742595
	31.08635	3.743329
	31.08677	3.744125
	31.08741	3.744263
	31.08809	3.744237
	31.08859	3.743695
	31.08896	3.74291
	31.08906	3.741924
	31.08929	3.740541
	31.0894	3.739393
	31.08979	3.738101
	31.09004	3.737469
	31.09081	3.737127
	31.09157	3.736948
	31.09221	3.73732
	31.09255	3.737917
	31.0926	3.739545
	31.09289	3.741128
	31.09315	3.741734
	31.09363	3.742016
	31.09428	3.741601
	31.09501	3.740979
	31.09587	3.740049
	31.09669	3.739355
	31.09741	3.739212
	31.09798	3.738788
	31.09859	3.738599
	31.09935	3.738466
	31.09989	3.738584
	31.10039	3.73939
	31.10058	3.739626
	31.10095	3.739798
	31.10109	3.740016
	31.10106	3.740251
	31.10094	3.740503
	31.10084	3.740838
	31.10086	3.741462
	31.10104	3.741742
	31.10135	3.74187
	31.10178	3.741717
	31.10243	3.741709
	31.10295	3.741882
	31.10377	3.742273
	31.1042	3.742355
	31.1045	3.742573
	31.10462	3.74288
	31.10456	3.74326
	31.10443	3.74382
	31.10419	3.74372
	31.10393	3.743783
	31.10367	3.7439
	31.10235	3.744006
	31.1019	3.74424
	31.10158	3.744366
	31.10129	3.744555
	31.10101	3.7445
	31.1007	3.744355
	31.10042	3.7443
	31.10023	3.744345
	31.10003	3.744453
	31.1	3.744733
	31.10002	3.745258
	31.09975	3.746496
	31.0996	3.746938
	31.09962	3.747273
	31.09975	3.747771
	31.09984	3.747934
	31.10017	3.748106
	31.10071	3.748234
	31.10088	3.748379
	31.10107	3.748406
	31.10142	3.748561
	31.10171	3.748607
	31.10228	3.748391
	31.10259	3.748437
	31.10282	3.748709
	31.10298	3.749134
	31.10311	3.749794
	31.10313	3.750219
	31.10349	3.750835
	31.10376	3.751188
	31.10394	3.751659
	31.10391	3.752129
	31.10395	3.752409
	31.10423	3.752681
	31.10449	3.752772
	31.10525	3.752837
	31.10566	3.752775
	31.1059	3.752685
	31.10611	3.752531
	31.10675	3.751791
	31.10701	3.751656
	31.10732	3.751711
	31.10768	3.751929
	31.10791	3.75221
	31.10826	3.752482
	31.10845	3.752672
	31.10862	3.753215
	31.10871	3.753903
	31.10885	3.75478
	31.10904	3.755088
	31.10946	3.755568
	31.10986	3.755713
	31.11031	3.75594
	31.11054	3.756131
	31.11094	3.756349
	31.11108	3.756494
	31.11158	3.756486
	31.11199	3.756423
	31.11229	3.756496
	31.11253	3.756669
	31.11302	3.756959
	31.11368	3.757277
	31.11411	3.757197
	31.11434	3.756871
	31.11458	3.756402
	31.11459	3.756167
	31.11466	3.755986
	31.11495	3.755806
	31.11534	3.755743
	31.11562	3.755654
	31.11601	3.755609
	31.11659	3.75571
	31.11725	3.756028
	31.11783	3.756581
	31.11841	3.757233
	31.11857	3.757893
	31.11834	3.758309
	31.11836	3.758616
	31.11873	3.759187
	31.11926	3.759812
	31.11959	3.760147
	31.11983	3.760319
	31.12042	3.760239
	31.12061	3.760149
	31.12064	3.760077
	31.1215	3.759889
	31.122	3.760017
	31.12232	3.760515
	31.1225	3.761058
	31.12256	3.761465
	31.12225	3.762223
	31.12183	3.762756
	31.12183	3.762937
	31.1223	3.763417
	31.12288	3.763834
	31.12352	3.764125
	31.1239	3.764044
	31.12452	3.764335
	31.12487	3.764652
	31.12505	3.764888
	31.1254	3.76525
	31.12587	3.765477
	31.12646	3.764918
	31.12679	3.764955
	31.12749	3.765626
	31.12765	3.765888
	31.12759	3.766385
	31.12773	3.766648
	31.12787	3.767001
	31.12793	3.767308
	31.12896	3.768197
	31.12943	3.768306
	31.13003	3.768172
	31.13058	3.768119
	31.13131	3.767713
	31.13157	3.767452
	31.13222	3.767471
	31.13293	3.767437
	31.13343	3.767637
	31.1339	3.767954
	31.13422	3.768262
	31.13433	3.768805
	31.13425	3.769329
	31.13446	3.769637
	31.13436	3.769872
	31.13402	3.769907
	31.13397	3.770052
	31.13492	3.771248
	31.13561	3.771638
	31.13626	3.771612
	31.13676	3.771722
	31.1372	3.772084
	31.1377	3.772212
	31.13817	3.77243
	31.13855	3.772792
	31.1392	3.773255
	31.14003	3.773772
	31.1411	3.774661
	31.14211	3.774473
	31.14257	3.774266
	31.14437	3.775653
	31.14489	3.775871
	31.14515	3.775899
	31.14546	3.776117
	31.14701	3.77801
	31.14778	3.77888
	31.14812	3.779034
	31.14895	3.779506
	31.14951	3.779001
	31.14986	3.778911
	31.15017	3.779274
	31.15089	3.779917
	31.1522	3.780092
	31.15347	3.781668
	31.15397	3.781895
	31.15447	3.782023
	31.1551	3.78253
	31.15584	3.783554
	31.15632	3.784576
	31.15664	3.786232
	31.15739	3.786749
	31.15793	3.787202
	31.1585	3.787429
	31.15851	3.788017
	31.15916	3.78895
	31.16215	3.792293
	31.16351	3.79414
	31.16464	3.796331
	31.1651	3.796757
	31.18108	3.796809
	31.18176	3.796385
	31.18272	3.796125
	31.18344	3.796045
	31.184	3.796481
	31.18426	3.796788
	31.19083	3.796766
	31.19198	3.796995
	31.19603	3.796958
	31.19735	3.796653
	31.20004	3.797039
	31.203	3.796801
	31.2091	3.796759
	31.21179	3.796774
	31.21211	3.796883
	31.21227	3.797308
	31.21245	3.797571
	31.21289	3.797228
	31.21327	3.797238
	31.21446	3.797005
	31.21499	3.796997
	31.216	3.797461
	31.2165	3.797453
	31.21698	3.797228
	31.21741	3.797301
	31.21791	3.797483
	31.21849	3.797231
	31.21894	3.79715
	31.21935	3.796826
	31.23154	3.796742
	31.23592	3.796769
	31.24217	3.796963
	31.24282	3.796901
	31.24332	3.796911
	31.2438	3.796858
	31.24437	3.796678
	31.2448	3.796688
	31.24582	3.797016
	31.24866	3.796795
	31.24922	3.79686
	31.24993	3.796689
	31.2604	3.796702
	31.26278	3.79677
	31.28836	3.796658
	31.28907	3.796605
	31.29009	3.796191
	31.32271	3.773883
	31.35242	3.752824
	31.36136	3.748428
	31.37033	3.74386
	31.37923	3.739997
	31.38845	3.734868
	31.39723	3.730571
	31.40614	3.726065
	31.41512	3.722346
	31.42423	3.716973
	31.43328	3.711843
	31.44237	3.705664
	31.45511	3.698986
	31.46377	3.695184
	31.47824	3.687784
	31.48755	3.683604
	31.49138	3.681856
	31.5	3.678542
	31.5079	3.676322
	31.50846	3.67398
	31.50808	3.670082
	31.50708	3.666616
	31.50614	3.663947
	31.50429	3.65934
	31.50247	3.652645
	31.5022	3.6508
	31.50217	3.648602
	31.50177	3.643989
	31.5023	3.643727
	31.50366	3.642427
	31.50494	3.641561
	31.50657	3.641066
	31.50898	3.640863
	31.5111	3.640866
	31.51254	3.640697
	31.51776	3.638164
	31.52154	3.645785
	31.53964	3.656026
	31.54568	3.656361
	31.56091	3.669798
	31.57583	3.682276
	31.60887	3.692539
	31.6435	3.705047
	31.67178	3.714994
	31.69243	3.71886
	31.70736	3.723992
	31.71466	3.733897
	31.72259	3.747965
	31.72576	3.751162
	31.72862	3.7534
	31.73752	3.75373
	31.7426	3.755654
	31.74947	3.762195
	31.75006	3.762811
	31.75144	3.763844
	31.75356	3.765339
	31.75422	3.765756
	31.75489	3.766264
	31.75569	3.767631
	31.75658	3.768147
	31.75738	3.768709
	31.75842	3.76967
	31.75974	3.770395
	31.76051	3.771391
	31.76157	3.772297
	31.76232	3.772832
	31.76297	3.773276
	31.76326	3.773421
	31.76384	3.773603
	31.76476	3.774038
	31.76532	3.774455
	31.76585	3.775044
	31.76645	3.775461
	31.76679	3.775877
	31.76833	3.777182
	31.77062	3.778732
	31.77113	3.779366
	31.7718	3.780045
	31.77233	3.780661
	31.77334	3.781548
	31.77435	3.782337
	31.7752	3.782872
	31.77585	3.783488
	31.7774	3.784521
	31.77832	3.784911
	31.7789	3.785256
	31.77968	3.785809
	31.78055	3.786615
	31.78154	3.788027
	31.78207	3.788543
	31.78272	3.788716
	31.78353	3.788772
	31.78435	3.789261
	31.78515	3.78985
	31.7857	3.790367
	31.78632	3.79072
	31.78699	3.79121
	31.78774	3.7916
	31.7882	3.792188
	31.78837	3.79246
	31.78871	3.792487
	31.78902	3.792877
	31.78943	3.793094
	31.78997	3.793249
	31.79072	3.793521
	31.79201	3.794464
	31.79254	3.795025
	31.79302	3.795605
	31.79324	3.796094
	31.79392	3.796493
	31.79438	3.796855
	31.79542	3.797571
	31.79602	3.797888
	31.79684	3.79845
	31.7992	3.799738
	31.80003	3.800327
	31.80041	3.800671
	31.80048	3.800988
	31.80048	3.801522
	31.8006	3.802055
	31.80086	3.802562
	31.80151	3.80354
	31.80187	3.804029
	31.80223	3.80469
	31.80234	3.805812
	31.80234	3.806445
	31.80221	3.807268
	31.80199	3.808045
	31.80162	3.808623
	31.80112	3.80988
	31.80089	3.810838
	31.80059	3.811345
	31.79993	3.811796
	31.79932	3.812085
	31.79864	3.812346
	31.79713	3.812724
	31.79645	3.813075
	31.7957	3.81368
	31.79535	3.814186
	31.79506	3.814982
	31.79505	3.816266
	31.79532	3.817397
	31.79558	3.817841
	31.79645	3.818837
	31.79649	3.819615
	31.79649	3.820266
	31.79585	3.82126
	31.79578	3.821984
	31.79631	3.822473
	31.79754	3.823044
	31.80148	3.824316
	31.80276	3.824599
	31.80475	3.824927
	31.81135	3.824945
	31.81276	3.824802
	31.81577	3.824074
	31.82121	3.821974
	31.82446	3.820323
	31.82733	3.818437
	31.83052	3.815103
	31.83553	3.809529
	31.84179	3.803722
	31.85087	3.79837
	31.85348	3.796429
	31.85993	3.792268
	31.86196	3.79105
	31.86476	3.789199
	31.86905	3.785315
	31.86981	3.784746
	31.87174	3.782433
	31.87484	3.778322
	31.87714	3.773667
	31.8813	3.766779
	31.887	3.761233
	31.89205	3.755659
	31.89703	3.750039
	31.90199	3.742764
	31.90639	3.737134
	31.91013	3.731015
	31.91148	3.728701
	31.91425	3.722165
	31.91536	3.720303
	31.91772	3.717257
	31.92282	3.711176
	31.92765	3.705592
	31.93188	3.699283
	31.93881	3.686004
	31.94051	3.683111
	31.943	3.679306
	31.94363	3.678195
	31.94412	3.677616
	31.94481	3.67702
	31.94522	3.676243
	31.94607	3.675683
	31.94691	3.674354
	31.94815	3.671253
	31.94906	3.669101
	31.9499	3.6677
	31.95063	3.666787
	31.95284	3.66499
	31.95745	3.659903
	31.95915	3.656929
	31.96027	3.653222
	31.96046	3.65002
	31.96035	3.64822
	31.95955	3.646536
	31.95866	3.644581
	31.95715	3.641857
	31.95582	3.639748
	31.95592	3.639341
	31.95577	3.639024
	31.95546	3.638951
	31.95517	3.638607
	31.9548	3.638363
	31.95451	3.638236
	31.95444	3.637774
	31.95415	3.637701
	31.95403	3.637439
	31.95428	3.637195
	31.95448	3.636662
	31.95433	3.6362
	31.95332	3.635493
	31.95303	3.635122
	31.95216	3.6322
	31.95181	3.630282
	31.95167	3.629259
	31.95175	3.626338
	31.9526	3.61969
	31.953	3.61306
	31.95298	3.610808
	31.95312	3.608013
	31.95328	3.606955
	31.95351	3.606385
	31.95366	3.605608
	31.95393	3.605147
	31.95403	3.604496
	31.95418	3.603862
	31.9544	3.603338
	31.95472	3.602922
	31.95468	3.602343
	31.95468	3.601737
	31.95456	3.601321
	31.95481	3.601059
	31.95476	3.600571
	31.95491	3.600191
	31.95518	3.599947
	31.95526	3.599721
	31.95519	3.599332
	31.95505	3.599015
	31.95488	3.598816
	31.95486	3.598309
	31.95535	3.597387
	31.95548	3.596736
	31.95562	3.596248
	31.95602	3.59548
	31.95619	3.595235
	31.95648	3.595073
	31.95663	3.594829
	31.95671	3.593617
	31.95708	3.592432
	31.95704	3.592016
	31.95684	3.591681
	31.9568	3.591238
	31.9569	3.590786
	31.95717	3.590198
	31.95722	3.589764
	31.95705	3.589447
	31.95691	3.589067
	31.95728	3.588878
	31.95755	3.58886
	31.95782	3.58867
	31.9578	3.588471
	31.95768	3.588182
	31.95765	3.588064
	31.95792	3.587775
	31.95812	3.587504
	31.95808	3.586681
	31.9581	3.585975
	31.95786	3.585586
	31.95784	3.585423
	31.95787	3.584835
	31.95797	3.584329
	31.95809	3.584039
	31.95831	3.583678
	31.95856	3.583461
	31.95869	3.582747
	31.95879	3.582557
	31.95906	3.582385
	31.95931	3.582096
	31.95926	3.581218
	31.95929	3.580594
	31.95934	3.580178
	31.95929	3.580106
	31.95949	3.579871
	31.96005	3.578949
	31.96008	3.578777
	31.96001	3.578515
	31.95979	3.57837
	31.95962	3.578171
	31.95955	3.577926
	31.95959	3.577718
	31.95952	3.577239
	31.9593	3.576795
	31.9593	3.576705
	31.95889	3.576306
	31.95841	3.576233
	31.95836	3.576089
	31.95836	3.575816
	31.95905	3.576008
	31.95933	3.576065
	31.96038	3.576198
	31.96129	3.576368
	31.96156	3.576399
	31.96401	3.576504
	31.96457	3.576611
	31.96559	3.576766
	31.96607	3.576895
	31.96674	3.576957
	31.96696	3.57694
	31.96729	3.576886
	31.96835	3.576651
	31.96846	3.576635
	31.96889	3.576651
	31.96923	3.576635
	31.9696	3.576587
	31.97038	3.576422
	31.97105	3.576311
	31.97147	3.576185
	31.97176	3.576061
	31.97222	3.57579
	31.97273	3.575367
	31.97313	3.574943
	31.97318	3.57486
	31.97393	3.574921
	31.97451	3.575094
	31.97495	3.575149
	31.9756	3.575493
	31.97604	3.575828
	31.97638	3.576199
	31.97725	3.576734
	31.97778	3.577133
	31.97889	3.578644
	31.98025	3.579831
	31.98049	3.579949
	31.98069	3.579904
	31.9809	3.579931
	31.98132	3.579642
	31.982	3.579281
	31.98239	3.579119
	31.98317	3.57912
	31.98365	3.579175
	31.98547	3.579575
	31.98591	3.579801
	31.98647	3.579802
	31.98688	3.580001
	31.98722	3.580264
	31.98753	3.580319
	31.98787	3.580464
	31.98823	3.580518
	31.98857	3.580492
	31.99068	3.579264
	31.99168	3.578831
	31.99244	3.578452
	31.99411	3.578345
	31.99586	3.578546
	31.99765	3.579941
	31.99806	3.580023
	31.99874	3.580222
	31.99993	3.580468
	31.99993	3.579473
	32.00082	3.579809
	32.00174	3.579755
	32.00253	3.579937
	32.00356	3.580363
	32.00423	3.580246
	32.00497	3.580184
	32.00667	3.580982
	32.01095	3.581737
	32.0134	3.582445
	32.01652	3.582874
	32.01992	3.584343
	32.02123	3.584562
	32.02812	3.585112
	32.03342	3.585714
	32.03592	3.587219
	32.03692	3.587554
	32.03723	3.587528
	32.03761	3.587826
	32.03868	3.588434
	32.03938	3.588624
	32.03982	3.588896
	32.04013	3.589258
	32.04074	3.590209
	32.0411	3.590888
	32.04135	3.591476
	32.04193	3.591693
	32.04251	3.59164
	32.04288	3.591893
	32.04293	3.592382
	32.04306	3.59307
	32.04299	3.594037
	32.04323	3.594508
	32.04362	3.594897
	32.04393	3.595061
	32.04444	3.594962
	32.04509	3.594935
	32.04545	3.594375
	32.0455	3.59357
	32.04547	3.592602
	32.04523	3.59167
	32.04438	3.590701
	32.04448	3.590357
	32.0454	3.590259
	32.04559	3.590069
	32.0461	3.589427
	32.04646	3.589627
	32.04685	3.59026
	32.04755	3.591718
	32.04796	3.591763
	32.04927	3.591375
	32.04944	3.59162
	32.04937	3.592443
	32.04971	3.59276
	32.05145	3.59354
	32.0522	3.593586
	32.0529	3.593541
	32.05324	3.593316
	32.05331	3.59261
	32.05298	3.592013
	32.05291	3.591452
	32.05301	3.591162
	32.0531	3.590647
	32.05257	3.589769
	32.05266	3.589452
	32.0529	3.589163
	32.0531	3.589435
	32.0539	3.590186
	32.05458	3.589699
	32.05506	3.589138
	32.05549	3.588741
	32.05585	3.588669
	32.0561	3.588796
	32.05622	3.58894
	32.05634	3.589402
	32.05639	3.589746
	32.05663	3.590063
	32.057	3.590054
	32.05774	3.589792
	32.0584	3.589295
	32.05946	3.58832
	32.06009	3.587588
	32.06033	3.587226
	32.06016	3.587054
	32.05972	3.586954
	32.05907	3.586908
	32.05868	3.586591
	32.05832	3.58603
	32.05715	3.584473
	32.05683	3.583939
	32.05691	3.583677
	32.0572	3.583234
	32.05751	3.583017
	32.0579	3.582818
	32.05855	3.582819
	32.05884	3.582864
	32.05918	3.583209
	32.05937	3.583082
	32.0594	3.58272
	32.05961	3.582549
	32.05981	3.582648
	32.0601	3.582983
	32.06051	3.583228
	32.06107	3.583201
	32.06157	3.58293
	32.06164	3.582741
	32.06167	3.582768
	32.06215	3.582406
	32.06208	3.581574
	32.06174	3.580651
	32.06164	3.580307
	32.06123	3.579258
	32.06173	3.578752
	32.06256	3.578409
	32.06294	3.578165
	32.06306	3.578355
	32.06285	3.578771
	32.06278	3.579133
	32.06321	3.579015
	32.06345	3.578645
	32.06377	3.578645
	32.06389	3.578862
	32.06411	3.579523
	32.06435	3.579406
	32.06437	3.578863
	32.06459	3.578601
	32.06514	3.57852
	32.0657	3.577543
	32.06628	3.577128
	32.06705	3.576713
	32.06744	3.576813
	32.06771	3.577084
	32.06807	3.577763
	32.06885	3.578569
	32.06916	3.578687
	32.06979	3.578516
	32.07001	3.578272
	32.0701	3.577684
	32.06993	3.577105
	32.06959	3.576417
	32.06898	3.575955
	32.06838	3.575565
	32.06814	3.575203
	32.06809	3.574769
	32.06915	3.574272
	32.06944	3.574083
	32.07029	3.574228
	32.07142	3.574293
	32.07234	3.574104
	32.07282	3.573661
	32.07308	3.572965
	32.07281	3.572331
	32.0723	3.572213
	32.07179	3.571824
	32.07165	3.571308
	32.07184	3.570675
	32.07215	3.57016
	32.07217	3.569454
	32.07222	3.569047
	32.07299	3.568776
	32.0735	3.569094
	32.07404	3.569474
	32.07447	3.569945
	32.07563	3.570136
	32.07609	3.570299
	32.07641	3.569983
	32.07643	3.569495
	32.07653	3.568816
	32.07696	3.568446
	32.07766	3.568085
	32.0786	3.567742
	32.07928	3.567715
	32.07962	3.567788
	32.08071	3.567636
	32.08107	3.567075
	32.08132	3.566089
	32.08146	3.564796
	32.08139	3.564217
	32.08098	3.563601
	32.08044	3.563139
	32.08025	3.562416
	32.08044	3.561927
	32.08085	3.561684
	32.08121	3.561756
	32.08172	3.562218
	32.08284	3.563386
	32.08318	3.563604
	32.08378	3.563287
	32.08429	3.562944
	32.08494	3.562674
	32.08552	3.562602
	32.08591	3.562376
	32.08603	3.561987
	32.08586	3.561625
	32.08506	3.561597
	32.08419	3.561822
	32.0837	3.561505
	32.08351	3.560971
	32.08305	3.560284
	32.0827	3.559496
	32.08226	3.559179
	32.08141	3.559106
	32.08112	3.558816
	32.08167	3.557668
	32.08175	3.557406
	32.08102	3.55575
	32.08097	3.5548
	32.08109	3.554067
	32.08142	3.553724
	32.08199	3.553001
	32.08259	3.552413
	32.08305	3.551663
	32.08322	3.550713
	32.08317	3.550053
	32.08215	3.548831
	32.08207	3.548369
	32.08261	3.547782
	32.08323	3.54752
	32.08364	3.547276
	32.08415	3.547295
	32.08449	3.548706
	32.08607	3.549287
	32.08689	3.549487
	32.08791	3.549361
	32.08844	3.548846
	32.08846	3.548213
	32.08807	3.547507
	32.08764	3.547117
	32.0867	3.545968
	32.08641	3.545425
	32.08629	3.544818
	32.08636	3.544014
	32.08665	3.543019
	32.08701	3.542015
	32.08838	3.540506
	32.08894	3.538516
	32.08901	3.537711
	32.08858	3.537222
	32.08751	3.536154
	32.08681	3.535719
	32.08664	3.535936
	32.08625	3.536786
	32.08544	3.538323
	32.08457	3.538865
	32.08391	3.538909
	32.08331	3.538863
	32.08304	3.537814
	32.08328	3.536819
	32.08342	3.535869
	32.08376	3.535282
	32.08468	3.534577
	32.08487	3.533917
	32.0847	3.533528
	32.0844	3.533247
	32.08435	3.532786
	32.08565	3.532706
	32.09653	3.53277
	32.09989	3.532575
	32.10002	3.532457
	32.10249	3.532043
	32.10418	3.531412
	32.19366	3.509567
	32.19936	3.50731
	32.1998	3.50716
	32.20084	3.507104
	32.20175	3.507706
	32.20224	3.508308
	32.20251	3.510139
	32.20329	3.512047
	32.20379	3.513155
	32.20415	3.514858
	32.2038	3.51624
	32.20259	3.51791
	32.20207	3.520688
	32.20131	3.523766
	32.20126	3.524579
	32.20277	3.530719
	32.20492	3.534516
	32.20593	3.536783
	32.20672	3.537789
	32.20803	3.538302
	32.20887	3.538763
	32.20936	3.539673
	32.20943	3.54103
	32.20879	3.542387
	32.20755	3.543762
	32.20707	3.544504
	32.20704	3.545858
	32.20756	3.548795
	32.20861	3.550377
	32.20883	3.552561
	32.21048	3.5558
	32.2131	3.558739
	32.21751	3.562808
	32.21789	3.563712
	32.21781	3.564691
	32.21691	3.565519
	32.21549	3.566571
	32.21324	3.569581
	32.21331	3.57297
	32.21518	3.576886
	32.2148	3.578091
	32.21398	3.579295
	32.21345	3.580198
	32.2121	3.581928
	32.21105	3.583207
	32.2106	3.585165
	32.20992	3.587799
	32.20895	3.589831
	32.20842	3.591186
	32.2082	3.592165
	32.20685	3.594724
	32.20602	3.594798
	32.20467	3.594571
	32.20377	3.593893
	32.20265	3.59329
	32.20115	3.593439
	32.20093	3.593514
	32.20033	3.594191
	32.20018	3.595094
	32.19943	3.595621
	32.19778	3.59577
	32.19643	3.595844
	32.19463	3.596746
	32.1949	3.597369
	32.19524	3.597816
	32.19529	3.597973
	32.19717	3.600492
	32.41528	3.745619
	32.41685	3.745946
	32.4293	3.746732
	32.46592	3.748664
	32.48543	3.751552
	32.72023	3.767808
	32.75458	3.777363
	32.88964	3.812339
	32.89759	3.814701
	32.8993	3.815018
	32.90117	3.815606
	33.02676	3.893333
	33.02776	3.893614
	33.06265	3.867258
	33.07108	3.85907
	33.08166	3.852863
	33.17882	3.778745
	33.32749	3.766814
	33.4872	3.753975
	33.48894	3.753978
	33.49331	3.753319
	33.4962	3.753317
	33.51107	3.751822
	33.51452	3.754909
	33.98776	4.234077
	34.04738	4.179156
	34.06569	4.144009
	34.04953	4.121119
	34.06314	4.0942
	34.0769	4.087199
	34.07975	4.085458
	34.09162	4.061282
	34.09136	4.04908
	34.08762	4.03663
	34.06545	4.030138
	34.05884	4.027695
	34.06005	4.009513
	34.08212	4.002266
	34.10569	3.976645
	34.13464	3.961347
	34.13402	3.958046
	34.13376	3.955767
	34.13415	3.955387
	34.1261	3.925024
	34.11993	3.900837
	34.11632	3.897449
	34.09144	3.885244
	34.09013	3.874066
	34.08952	3.868332
	34.08892	3.864352
	34.08874	3.862924
	34.08843	3.861269
	34.09266	3.859888
	34.0982	3.862722
	34.10129	3.864527
	34.10942	3.868423
	34.11934	3.870292
	34.12042	3.870688
	34.12781	3.872144
	34.15259	3.8688
	34.15674	3.869156
	34.15909	3.869397
	34.16691	3.869884
	34.1707	3.87659
	34.17499	3.879686
	34.20457	3.882105
	34.21557	3.880859
	34.22506	3.852119
	34.22601	3.831007
	34.18006	3.83156
	34.1686	3.818316
	34.1639	3.810471
	34.15828	3.80753
	34.15317	3.806967
	34.15347	3.803774
	34.15377	3.799938
	34.15498	3.800199
	34.15907	3.801405
	34.16199	3.799692
	34.16348	3.797727
	34.16353	3.797826
	34.17057	3.80025
	34.17602	3.798949
	34.18865	3.795133
	34.18903	3.793513
	34.18823	3.79024
	34.19015	3.78283
	34.16607	3.773519
	34.17088	3.767706
	34.17611	3.76844
	34.17794	3.768989
	34.18579	3.770905
	34.20297	3.777331
	34.20247	3.777693
	34.22034	3.78419
	34.22602	3.782553
	34.22683	3.781458
	34.22682	3.774122
	34.22898	3.774119
	34.22913	3.774409
	34.23161	3.778186
	34.23318	3.780771
	34.23538	3.780858
	34.23943	3.782887
	34.24558	3.783891
	34.25768	3.766426
	34.25796	3.766526
	34.25848	3.765005
	34.26103	3.760253
	34.26645	3.748243
	34.27051	3.743805
	34.2707	3.743904
	34.27412	3.740625
	34.27777	3.736884
	34.2833	3.730762
	34.28624	3.729093
	34.29748	3.721109
	34.30798	3.711651
	34.30793	3.711388
	34.31587	3.716233
	34.31858	3.721656
	34.32345	3.72817
	34.33102	3.733042
	34.34508	3.734649
	34.3548	3.735177
	34.36507	3.735161
	34.37317	3.731892
	34.38235	3.727527
	34.39423	3.717741
	34.39854	3.711222
	34.40285	3.705237
	34.40491	3.692744
	34.42204	3.688574
	34.4558	3.676301
	34.46322	3.669496
	34.45506	3.61975
	34.4551	3.619406
	34.45312	3.611152
	34.45668	3.575467
	34.45267	3.538149
	34.4515	3.517132
	34.43966	3.504254
	34.42477	3.491714
	34.39606	3.488022
	34.391	3.492787
	34.38897	3.491768
	34.39098	3.482938
	34.4038	3.470022
	34.41661	3.450657
	34.41928	3.433342
	34.4098	3.41809
	34.40455	3.415312
	34.40169	3.415045
	34.40031	3.390265
	34.40062	3.370584
	34.41478	3.358345
	34.42996	3.342713
	34.42962	3.341013
	34.43264	3.332525
	34.43801	3.307402
	34.44743	3.282951
	34.4501	3.259866
	34.45208	3.226943
	34.45607	3.182132
	34.45582	3.181988
	34.46045	3.174321
	34.47057	3.172615
	34.47612	3.169198
	34.48204	3.165129
	34.48878	3.155279
	34.49484	3.141352
	34.51207	3.148797
	34.53671	3.140612
	34.54582	3.136529
	34.55894	3.110373
	34.56261	3.107501
	34.5723	3.091398
	34.57485	3.068885
	34.57311	3.053893
	34.57274	3.050068
	34.57573	3.035205
	34.57657	3.02049
	34.58438	3.010603
	34.58738	3.003815
	34.58878	2.982109
	34.59887	2.925002
	34.59904	2.924676
	34.63147	2.911028
	34.63929	2.90673
	34.6529	2.867562
	34.66847	2.863126
	34.68497	2.864042
	34.69238	2.862874
	34.70175	2.877681
	34.70836	2.873439
	34.71171	2.865259
	34.72121	2.861022
	34.72863	2.858786
	34.73182	2.857732
	34.73635	2.854986
	34.74912	2.826146
	34.74951	2.825703
	34.75003	2.82544
	34.75194	2.825835
	34.75501	2.828398
	34.76215	2.820936
	34.76699	2.811171
	34.76723	2.802445
	34.77538	2.787792
	34.77816	2.770326
	34.7802	2.765703
	34.78223	2.759026
	34.7835	2.755172
	34.78413	2.748525
	34.78379	2.742693
	34.77541	2.69788
	34.78953	2.684458
	34.79042	2.683381
	34.79919	2.655833
	34.83161	2.620881
	34.83854	2.604215
	34.85218	2.583578
	34.86825	2.570587
	34.87835	2.572399
	34.88053	2.589422
	34.89386	2.592857
	34.89731	2.588014
	34.90387	2.554232
	34.913	2.516585
	34.9224	2.516336
	34.93306	2.51594
	34.93318	2.515678
	34.93469	2.511489
	34.93527	2.508586
	34.93617	2.503557
	34.93678	2.499903
	34.94635	2.477248
	34.94834	2.472896
	34.94854	2.4722
	34.95403	2.472472
	34.95441	2.472408
	34.95344	2.471044
	34.95436	2.470066
	34.95493	2.469405
	34.95498	2.468519
	34.95462	2.467245
	34.95427	2.465699
	34.95374	2.464461
	34.95317	2.463485
	34.95277	2.462473
	34.95255	2.46119
	34.95308	2.459869
	34.95348	2.459226
	34.95379	2.458521
	34.9539	2.457851
	34.95362	2.457607
	34.95291	2.45739
	34.95207	2.45718
	34.9514	2.45687
	34.95087	2.4563
	34.95031	2.45591
	34.94947	2.45606
	34.94884	2.45634
	34.94824	2.45599
	34.94771	2.45545
	34.94708	2.45464
	34.94655	2.454083
	34.94613	2.453939
	34.94571	2.454328
	34.9455	2.454898
	34.94518	2.455215
	34.94479	2.455143
	34.94392	2.454123
	34.94328	2.453834
	34.94268	2.453518
	34.94212	2.452886
	34.94209	2.452073
	34.94282	2.451258
	34.94324	2.450905
	34.94356	2.450307
	34.94377	2.449665
	34.9437	2.449177
	34.94306	2.448789
	34.94236	2.448817
	34.94082	2.449669
	34.94015	2.450131
	34.93987	2.450023
	34.93973	2.449599
	34.94022	2.448929
	34.94036	2.448468
	34.94039	2.448043
	34.93997	2.447654
	34.93913	2.447411
	34.9387	2.447059
	34.93835	2.445821
	34.93781	2.444818
	34.93735	2.444394
	34.93682	2.444114
	34.93661	2.44369
	34.93685	2.442912
	34.9371	2.442523
	34.93689	2.442026
	34.93699	2.4416
	34.93745	2.441112
	34.93755	2.440686
	34.93752	2.440433
	34.93706	2.439873
	34.93653	2.439413
	34.93608	2.438781
	34.93579	2.438031
	34.93541	2.437787
	34.93478	2.438358
	34.93449	2.438991
	34.93411	2.439172
	34.93358	2.438811
	34.93316	2.438604
	34.93239	2.438786
	34.93182	2.439031
	34.93147	2.438995
	34.93123	2.438426
	34.93133	2.436419
	34.93168	2.435215
	34.93178	2.434365
	34.93175	2.432991
	34.93199	2.43253
	34.93252	2.432068
	34.93255	2.431607
	34.93236	2.430919
	34.93074	2.430036
	34.93011	2.429331
	34.92986	2.428798
	34.92905	2.428944
	34.92849	2.42937
	34.9274	2.429164
	34.92557	2.428669
	34.92592	2.428099
	34.92642	2.427501
	34.92606	2.427149
	34.92494	2.427078
	34.92367	2.427044
	34.92301	2.426936
	34.92223	2.426657
	34.92167	2.426197
	34.92118	2.425456
	34.9203	2.42496
	34.91952	2.424437
	34.91889	2.424184
	34.91833	2.424122
	34.91766	2.424367
	34.91703	2.424684
	34.91664	2.424685
	34.91671	2.424052
	34.91699	2.422994
	34.91692	2.421827
	34.91674	2.420905
	34.91664	2.419811
	34.91702	2.419458
	34.91741	2.419349
	34.91744	2.419033
	34.91684	2.41755
	34.91681	2.416872
	34.91698	2.415742
	34.91714	2.413752
	34.91689	2.412622
	34.91671	2.412053
	34.91671	2.411239
	34.91703	2.410534
	34.9171	2.409928
	34.91689	2.409612
	34.91632	2.409223
	34.91632	2.407497
	34.916	2.406756
	34.91488	2.404813
	34.91459	2.403927
	34.91435	2.402942
	34.91498	2.401097
	34.91489	2.39889
	34.91499	2.398113
	34.91499	2.397299
	34.91513	2.396485
	34.9158	2.395571
	34.91671	2.395108
	34.91773	2.394537
	34.91871	2.394084
	34.91973	2.393513
	34.91895	2.392275
	34.9179	2.390685
	34.91779	2.390125
	34.91803	2.388569
	34.91972	2.376676
	34.92021	2.373032
	34.92246	2.359266
	34.9247	2.345854
	34.92698	2.331664
	34.9293	2.317573
	34.93151	2.303103
	34.93362	2.288841
	34.93409	2.285395
	34.93455	2.282337
	34.94552	2.211344
	34.97088	2.094147
	34.97072	2.09355
	34.97074	2.093144
	34.97096	2.092763
	34.97139	2.092247
	34.97167	2.091623
	34.97179	2.090909
	34.97206	2.090294
	34.97227	2.089886
	34.97269	2.089452
	34.97286	2.089189
	34.97241	2.087807
	34.97239	2.087327
	34.97273	2.086179
	34.98002	2.05201
	34.98001	2.050075
	34.9816	2.021248
	34.98404	1.997555
	34.98455	1.985167
	34.98586	1.982643
	35.00021	1.962409
	35.00027	1.761457
	35.00031	1.758546
	35.00011	1.757054
	35.00012	1.757027
	34.99955	1.753935
	34.99905	1.750301
	34.9988	1.747055
	34.9916	1.668518
	34.99152	1.666321
	34.99124	1.664359
	34.98912	1.659569
	34.94367	1.576609
	34.90861	1.554334
	34.9066	1.553034
	34.90558	1.552709
	34.89023	1.555255
	34.86408	1.528341
	34.84454	1.457636
	34.84424	1.457112
	34.84282	1.45554
	34.84171	1.454474
	34.83641	1.453773
	34.83463	1.453286
	34.83323	1.452943
	34.83226	1.452501
	34.83107	1.451779
	34.8269	1.447903
	34.82652	1.447234
	34.82624	1.446284
	34.82587	1.445534
	34.82438	1.443682
	34.82301	1.441124
	34.82028	1.435167
	34.81884	1.433115
	34.81747	1.431634
	34.8167	1.430856
	34.81559	1.430152
	34.81419	1.429611
	34.81061	1.428302
	34.80896	1.427589
	34.80661	1.426651
	34.80427	1.425594
	34.8008	1.423192
	34.79879	1.421394
	34.7978	1.420264
	34.79537	1.416613
	34.79427	1.414606
	34.79385	1.413576
	34.79375	1.413033
	34.7938	1.411948
	34.79408	1.41117
	34.79445	1.410275
	34.79485	1.409515
	34.79604	1.407606
	34.79654	1.406963
	34.79732	1.406303
	34.79851	1.405189
	34.79928	1.404203
	34.79944	1.403669
	34.79987	1.40262
	34.80036	1.402104
	34.80092	1.401344
	34.80174	1.39968
	34.80202	1.398775
	34.80255	1.397925
	34.80288	1.397255
	34.80494	1.392289
	34.80578	1.389585
	34.80623	1.387849
	34.80642	1.386275
	34.8065	1.383833
	34.80636	1.383255
	34.80613	1.382938
	34.79309	1.371012
	34.7871	1.365224
	34.78864	1.364287
	34.78904	1.363699
	34.79031	1.362496
	34.79091	1.362106
	34.7918	1.360596
	34.7929	1.359238
	34.79608	1.354913
	34.79812	1.351946
	34.80227	1.345161
	34.80341	1.34374
	34.80392	1.342998
	34.80566	1.339913
	34.80742	1.337697
	34.80776	1.336946
	34.80872	1.335444
	34.80949	1.334666
	34.80995	1.334087
	34.81097	1.332531
	34.81154	1.331906
	34.81218	1.331282
	34.8133	1.330042
	34.81439	1.328549
	34.81491	1.32788
	34.8156	1.327246
	34.81612	1.326568
	34.81674	1.325889
	34.81727	1.325048
	34.81827	1.323618
	34.81872	1.322849
	34.82014	1.320624
	34.82058	1.319837
	34.8235	1.316407
	34.82478	1.315321
	34.82537	1.314688
	34.82581	1.313919
	34.82751	1.311702
	34.82812	1.311105
	34.82864	1.310499
	34.82907	1.30973
	34.82926	1.308021
	34.82939	1.306067
	34.82964	1.305136
	34.82997	1.304331
	34.83007	1.303634
	34.83005	1.303245
	34.8297	1.301953
	34.82976	1.301057
	34.82886	1.298734
	34.82864	1.297866
	34.82829	1.297034
	34.82822	1.296609
	34.82824	1.296184
	34.8285	1.295334
	34.82853	1.295009
	34.82838	1.294638
	34.82828	1.294222
	34.82827	1.293743
	34.82837	1.292839
	34.82854	1.291997
	34.82849	1.291274
	34.82852	1.290361
	34.82843	1.289131
	34.82856	1.287793
	34.82838	1.287313
	34.82838	1.286509
	34.82856	1.286147
	34.82876	1.284365
	34.82874	1.283886
	34.82892	1.282593
	34.82886	1.280902
	34.82891	1.280522
	34.8292	1.279518
	34.82923	1.278966
	34.8292	1.278071
	34.82925	1.277655
	34.8292	1.27723
	34.82919	1.276588
	34.8293	1.276272
	34.82929	1.275901
	34.82904	1.275368
	34.829	1.274888
	34.82914	1.274563
	34.82935	1.2743
	34.83	1.273938
	34.83042	1.272853
	34.83043	1.272364
	34.83106	1.271821
	34.83113	1.271378
	34.83148	1.271035
	34.83137	1.270709
	34.83062	1.270393
	34.83056	1.270095
	34.83071	1.269715
	34.83078	1.269217
	34.83025	1.268639
	34.82969	1.268477
	34.82929	1.268133
	34.82865	1.268134
	34.8286	1.267664
	34.82843	1.267275
	34.82757	1.266914
	34.82689	1.266146
	34.82625	1.266128
	34.82526	1.265613
	34.82484	1.264519
	34.82345	1.264285
	34.82255	1.26378
	34.82167	1.263581
	34.82016	1.263076
	34.81985	1.262886
	34.81941	1.261602
	34.81896	1.260699
	34.81892	1.259849
	34.81896	1.258781
	34.81895	1.258438
	34.81852	1.258094
	34.81821	1.257733
	34.81821	1.257326
	34.81827	1.256901
	34.81792	1.256404
	34.81777	1.255635
	34.81791	1.255183
	34.81814	1.254722
	34.81805	1.253863
	34.81778	1.252751
	34.81777	1.252172
	34.81822	1.251575
	34.81839	1.251195
	34.81839	1.250589
	34.81787	1.2503
	34.81734	1.250427
	34.8165	1.250057
	34.81331	1.248423
	34.81503	1.248421
	34.81068	1.242818
	34.81142	1.240756
	34.80838	1.237629
	34.80518	1.230623
	34.8015	1.228808
	34.79518	1.223124
	34.7865	1.222795
	34.78257	1.22486
	34.77519	1.223716
	34.77871	1.222222
	34.76937	1.219425
	34.75725	1.222652
	34.74999	1.220405
	34.74958	1.219691
	34.7492	1.219791
	34.7487	1.220008
	34.74823	1.220153
	34.74766	1.220154
	34.74721	1.220217
	34.74687	1.220217
	34.74604	1.220155
	34.74545	1.220173
	34.74471	1.220391
	34.7444	1.220653
	34.744	1.220798
	34.74333	1.220862
	34.74267	1.220844
	34.74063	1.220095
	34.73878	1.21921
	34.73814	1.219735
	34.73676	1.219184
	34.73643	1.219184
	34.73607	1.219311
	34.7351	1.21933
	34.73377	1.219258
	34.73329	1.218734
	34.73275	1.2184
	34.73168	1.218618
	34.73101	1.218645
	34.72994	1.218284
	34.72877	1.218176
	34.72829	1.218565
	34.72784	1.218457
	34.72718	1.21815
	34.72677	1.218114
	34.72612	1.218287
	34.72436	1.217664
	34.72347	1.21742
	34.72278	1.217176
	34.7215	1.217286
	34.72099	1.217557
	34.72043	1.217739
	34.71892	1.217152
	34.71709	1.216665
	34.71523	1.215933
	34.71455	1.21587
	34.71386	1.215663
	34.71239	1.215709
	34.71174	1.215646
	34.7111	1.215299
	34.71046	1.215148
	34.70981	1.215123
	34.70895	1.215368
	34.70809	1.21544
	34.70712	1.215441
	34.70554	1.21527
	34.70454	1.215235
	34.70382	1.215308
	34.70327	1.215507
	34.70237	1.215752
	34.70192	1.215897
	34.70072	1.215861
	34.69874	1.214488
	34.69808	1.214145
	34.69753	1.213901
	34.69688	1.213865
	34.69622	1.213766
	34.69553	1.213314
	34.69464	1.213215
	34.69357	1.212863
	34.69199	1.212557
	34.69092	1.212277
	34.69016	1.212178
	34.68947	1.212007
	34.68699	1.21162
	34.68561	1.211485
	34.68205	1.210953
	34.68129	1.210918
	34.68074	1.210638
	34.67998	1.210466
	34.67936	1.210259
	34.67864	1.210259
	34.6774	1.209772
	34.67668	1.209464
	34.67489	1.209393
	34.67186	1.208427
	34.67108	1.208338
	34.66957	1.208067
	34.66877	1.207688
	34.6684	1.207272
	34.66747	1.204912
	34.66657	1.201485
	34.66554	1.19899
	34.66528	1.198004
	34.66507	1.196341
	34.66463	1.194948
	34.66401	1.193502
	34.66339	1.192281
	34.66284	1.191658
	34.66142	1.190691
	34.66025	1.189615
	34.65831	1.188567
	34.65693	1.187872
	34.65652	1.187492
	34.65593	1.185512
	34.65562	1.184961
	34.65538	1.184301
	34.65504	1.183785
	34.65452	1.183334
	34.65214	1.182503
	34.6508	1.181744
	34.64882	1.179096
	34.64686	1.178292
	34.64589	1.178057
	34.64493	1.177741
	34.64434	1.177669
	34.64358	1.177435
	34.6431	1.177191
	34.64245	1.176667
	34.64183	1.176287
	34.64117	1.176016
	34.64048	1.175773
	34.63997	1.174941
	34.63821	1.173142
	34.6379	1.172726
	34.6374	1.17232
	34.63658	1.171976
	34.63606	1.171696
	34.63485	1.171462
	34.63403	1.171354
	34.6332	1.171083
	34.63251	1.170695
	34.63117	1.170388
	34.63072	1.170045
	34.6301	1.169692
	34.62893	1.169385
	34.62955	1.169521
	34.62848	1.169142
	34.62804	1.169006
	34.62724	1.168934
	34.62587	1.169179
	34.62449	1.1688
	34.62521	1.169035
	34.62418	1.1688
	34.62339	1.168484
	34.62192	1.167807
	34.62061	1.167572
	34.62027	1.167157
	34.61999	1.166705
	34.61968	1.166461
	34.61882	1.165909
	34.61786	1.165114
	34.61703	1.16421
	34.61652	1.163379
	34.61624	1.162827
	34.6159	1.162511
	34.61528	1.162131
	34.61479	1.161544
	34.61428	1.160992
	34.61328	1.160333
	34.61214	1.159366
	34.6103	1.158652
	34.6094	1.158201
	34.60878	1.158029
	34.60803	1.15803
	34.60737	1.157922
	34.60661	1.157922
	34.60603	1.157823
	34.60376	1.156685
	34.6032	1.156504
	34.60248	1.156333
	34.601	1.156089
	34.60021	1.156063
	34.59952	1.155918
	34.59893	1.155711
	34.59821	1.155675
	34.59537	1.154519
	34.59475	1.154347
	34.59451	1.154103
	34.59385	1.153823
	34.5933	1.153724
	34.59241	1.153652
	34.59072	1.152821
	34.58855	1.152099
	34.58903	1.152198
	34.58759	1.151783
	34.58528	1.151757
	34.58449	1.151649
	34.58366	1.151613
	34.58257	1.151252
	34.58304	1.151478
	34.58199	1.151216
	34.58147	1.150972
	34.58078	1.150801
	34.57937	1.150042
	34.57996	1.150078
	34.57896	1.149699
	34.57875	1.145919
	34.57581	1.115099
	34.5749	1.106064
	34.57461	1.102583
	34.57498	1.098618
	34.53347	1.106222
	34.53281	1.106286
	34.53193	1.106431
	34.53015	1.106622
	34.52946	1.106667
	34.5286	1.106812
	34.52805	1.106813
	34.52734	1.106867
	34.52689	1.106985
	34.52651	1.106958
	34.52625	1.106407
	34.52615	1.106027
	34.52589	1.105692
	34.52582	1.105123
	34.52596	1.104833
	34.52618	1.104616
	34.52622	1.104137
	34.52596	1.103992
	34.52516	1.103757
	34.52478	1.103685
	34.52444	1.103568
	34.52411	1.103514
	34.52354	1.102971
	34.52304	1.102772
	34.5228	1.102537
	34.5223	1.102321
	34.52175	1.101353
	34.52163	1.100991
	34.52139	1.100711
	34.52118	1.10035
	34.52087	1.10006
	34.52058	1.099726
	34.52023	1.099039
	34.51999	1.09818
	34.51968	1.097456
	34.51946	1.097031
	34.51925	1.096814
	34.51913	1.096362
	34.51893	1.095892
	34.51884	1.095385
	34.51872	1.094988
	34.51857	1.094599
	34.51843	1.094337
	34.51834	1.094047
	34.51836	1.093695
	34.51843	1.093405
	34.51817	1.092926
	34.51812	1.092257
	34.51822	1.091922
	34.51822	1.09156
	34.51789	1.091018
	34.51764	1.090113
	34.51761	1.089779
	34.51764	1.089381
	34.51761	1.089092
	34.51754	1.088802
	34.5173	1.088232
	34.51678	1.087699
	34.51659	1.087392
	34.51645	1.087084
	34.51635	1.086723
	34.51614	1.086433
	34.51567	1.085647
	34.51555	1.085384
	34.51538	1.085122
	34.5151	1.084498
	34.51463	1.083775
	34.51428	1.083034
	34.51413	1.082645
	34.51394	1.082337
	34.51382	1.082048
	34.51366	1.081497
	34.51337	1.081189
	34.51309	1.081144
	34.51259	1.080737
	34.51242	1.080448
	34.51228	1.080086
	34.51199	1.079824
	34.51126	1.079273
	34.51093	1.078966
	34.51031	1.078586
	34.50986	1.078487
	34.50875	1.077972
	34.50816	1.077493
	34.50787	1.077185
	34.50763	1.076878
	34.50735	1.076589
	34.50711	1.076037
	34.50654	1.075368
	34.50597	1.074627
	34.5055	1.07384
	34.50524	1.073171
	34.50507	1.072954
	34.50474	1.072864
	34.50404	1.072349
	34.50335	1.071435
	34.50278	1.070866
	34.50251	1.07055
	34.50242	1.07017
	34.50216	1.069645
	34.50214	1.069166
	34.50197	1.068786
	34.50204	1.06828
	34.50193	1.067602
	34.50177	1.067294
	34.50172	1.06686
	34.50172	1.06648
	34.50167	1.066145
	34.50151	1.065883
	34.50127	1.065639
	34.50127	1.06535
	34.50105	1.065042
	34.50084	1.0644
	34.50065	1.064084
	34.50044	1.063867
	34.50002	1.063596
	34.50002	1.063225
	34.49981	1.063044
	34.4996	1.062737
	34.49933	1.062457
	34.49923	1.06214
	34.49899	1.061769
	34.49893	1.061254
	34.499	1.060856
	34.49915	1.060286
	34.49958	1.059309
	34.49967	1.05883
	34.49974	1.058097
	34.49971	1.057699
	34.49945	1.057057
	34.49921	1.05675
	34.49848	1.056108
	34.49789	1.055195
	34.49702	1.05421
	34.49668	1.052464
	34.49666	1.050945
	34.4961	1.04948
	34.4958	1.049136
	34.49547	1.048928
	34.49523	1.048558
	34.49517	1.047708
	34.4953	1.047219
	34.49527	1.046912
	34.49506	1.046514
	34.49458	1.046026
	34.49394	1.045031
	34.49385	1.044398
	34.49355	1.043874
	34.49317	1.042653
	34.49308	1.041984
	34.49301	1.040157
	34.4925	1.039271
	34.49232	1.038601
	34.49242	1.037905
	34.4925	1.036738
	34.49248	1.035915
	34.4923	1.035246
	34.49206	1.034541
	34.49186	1.033654
	34.49114	1.031765
	34.49115	1.031032
	34.49131	1.029576
	34.49174	1.026299
	34.4915	1.02581
	34.4912	1.025563
	34.49097	1.025295
	34.49048	1.025038
	34.49021	1.024566
	34.49037	1.02405
	34.4904	1.023562
	34.49028	1.02301
	34.49008	1.022314
	34.49009	1.020731
	34.49005	1.02008
	34.48939	1.019095
	34.48909	1.018579
	34.48885	1.018118
	34.48867	1.017693
	34.48871	1.017087
	34.48883	1.016508
	34.48887	1.015414
	34.48885	1.013921
	34.48877	1.013071
	34.48852	1.011896
	34.48828	1.011254
	34.48798	1.010919
	34.48795	1.010557
	34.48796	1.009183
	34.48779	1.008306
	34.48779	1.007483
	34.48792	1.006542
	34.48789	1.004425
	34.48793	1.003847
	34.48802	1.003394
	34.48728	1.001776
	34.48707	1.001161
	34.48698	1.000528
	34.48708	1.000184
	34.48759	0.9995056
	34.4882	0.9988179
	34.48837	0.9985737
	34.48855	0.9981756
	34.48848	0.9978863
	34.48813	0.9974885
	34.48784	0.9970997
	34.48773	0.9964486
	34.4877	0.9959512
	34.4877	0.9954447
	34.4878	0.9944769
	34.4878	0.9939795
	34.48787	0.993473
	34.48798	0.9930388
	34.48802	0.9925775
	34.48809	0.9921434
	34.48805	0.9915374
	34.48791	0.9908863
	34.48798	0.9893307
	34.4883	0.9884261
	34.48826	0.9880372
	34.48855	0.987603
	34.48876	0.9868522
	34.4888	0.9864542
	34.4889	0.9860562
	34.48894	0.985595
	34.4888	0.9844826
	34.48901	0.983976
	34.48937	0.9832614
	34.48933	0.9827911
	34.48908	0.9823299
	34.48901	0.9820406
	34.48826	0.9809284
	34.48819	0.9806391
	34.48815	0.9794
	34.48794	0.9785409
	34.4879	0.9780706
	34.48779	0.9774647
	34.48776	0.9765694
	34.48737	0.9760631
	34.48726	0.9754933
	34.48747	0.974417
	34.48733	0.9740553
	34.48701	0.9738022
	34.48679	0.9735128
	34.48662	0.9728346
	34.48647	0.9724729
	34.48622	0.9721836
	34.48605	0.9717948
	34.48605	0.971433
	34.48629	0.9706461
	34.48612	0.9702482
	34.48594	0.9694433
	34.48565	0.9692987
	34.48537	0.9690455
	34.48522	0.9686206
	34.48519	0.9679333
	34.48526	0.9675443
	34.48515	0.9670017
	34.48519	0.9667123
	34.48504	0.9662873
	34.4849	0.9660341
	34.48483	0.9657447
	34.48483	0.9653106
	34.48426	0.9646325
	34.48408	0.964307
	34.4839	0.9640629
	34.48369	0.9635926
	34.48355	0.9629144
	34.48347	0.9623356
	34.48319	0.9616575
	34.48272	0.9610426
	34.48272	0.9602196
	34.48265	0.9596589
	34.48255	0.9592339
	34.48265	0.9587274
	34.48269	0.9581937
	34.48279	0.9577596
	34.48269	0.9571898
	34.48269	0.9566472
	34.48247	0.9557157
	34.48254	0.9553177
	34.48254	0.9548926
	34.48222	0.9540245
	34.48187	0.953274
	34.48176	0.9529485
	34.48147	0.9526954
	34.48122	0.9523789
	34.48104	0.9520172
	34.48087	0.951339
	34.48062	0.9506517
	34.48069	0.9485173
	34.48076	0.9479474
	34.48065	0.9475134
	34.48004	0.9463288
	34.47972	0.9458225
	34.47951	0.9453251
	34.47933	0.9448187
	34.4794	0.9439595
	34.47961	0.9432811
	34.47976	0.942666
	34.47983	0.9422047
	34.4799	0.940839
	34.4799	0.9399889
	34.47954	0.9389851
	34.47933	0.9385239
	34.47933	0.9380898
	34.47915	0.9375201
	34.47886	0.9371223
	34.47858	0.936833
	34.47819	0.9365799
	34.47794	0.936372
	34.47729	0.9356125
	34.47619	0.9328907
	34.4759	0.9322939
	34.4745	0.9301148
	34.47431	0.9295903
	34.47412	0.9288036
	34.47395	0.9283514
	34.47348	0.9276552
	34.47307	0.9272755
	34.47269	0.9268325
	34.4721	0.9260911
	34.47186	0.9257294
	34.47167	0.9252049
	34.47124	0.9234053
	34.47103	0.9226909
	34.47095	0.9221392
	34.47086	0.9216871
	34.47074	0.9213525
	34.47036	0.9209185
	34.46957	0.9202134
	34.46903	0.9196437
	34.46877	0.9193274
	34.46843	0.9186311
	34.46815	0.9183508
	34.46791	0.9179892
	34.46774	0.9176275
	34.46753	0.9172929
	34.46696	0.9168138
	34.4666	0.9166783
	34.46624	0.9163167
	34.46584	0.9146165
	34.46501	0.9127899
	34.46425	0.9116597
	34.46394	0.9113071
	34.4636	0.9110359
	34.46275	0.9106835
	34.46239	0.9103942
	34.46213	0.9102948
	34.46177	0.9102769
	34.4613	0.9102046
	34.46104	0.9100873
	34.46073	0.9097255
	34.46044	0.9094634
	34.46016	0.9090566
	34.45987	0.9087401
	34.45942	0.9083876
	34.45863	0.9079447
	34.45835	0.9075107
	34.45802	0.9065069
	34.45792	0.9060005
	34.45756	0.9049967
	34.45732	0.9045175
	34.45694	0.9040654
	34.4563	0.9035139
	34.45566	0.903062
	34.45507	0.9027728
	34.45409	0.9024928
	34.45376	0.9024387
	34.45335	0.9024389
	34.45259	0.9021769
	34.45143	0.9013723
	34.45098	0.9009475
	34.45067	0.9005858
	34.45048	0.9002965
	34.45033	0.8998262
	34.45026	0.8993198
	34.45021	0.8986234
	34.45062	0.8974565
	34.45126	0.8959458
	34.4515	0.8954754
	34.45164	0.8949056
	34.45166	0.8944534
	34.45178	0.893974
	34.45178	0.8930333
	34.45159	0.8919389
	34.45169	0.8910527
	34.45157	0.8906909
	34.45133	0.8902117
	34.45121	0.8898047
	34.45111	0.8886471
	34.45102	0.8883396
	34.45095	0.8877608
	34.45083	0.8872363
	34.45049	0.8863953
	34.45042	0.8860154
	34.45023	0.8853191
	34.4499	0.8845052
	34.44919	0.8836462
	34.44778	0.8816028
	34.44755	0.8811236
	34.44735	0.8804001
	34.44714	0.8799027
	34.4469	0.879523
	34.44683	0.8791793
	34.44678	0.8781029
	34.44669	0.877678
	34.44638	0.8769184
	34.44628	0.8762763
	34.44633	0.8758692
	34.44626	0.8754623
	34.44628	0.8749377
	34.44635	0.8745035
	34.44633	0.8740061
	34.44635	0.8729027
	34.44652	0.8724233
	34.44695	0.87179
	34.44695	0.8712111
	34.44702	0.8707589
	34.44709	0.8699449
	34.44714	0.8684164
	34.44697	0.8679371
	34.44693	0.8674849
	34.44662	0.8671323
	34.44657	0.8661012
	34.44645	0.865839
	34.44638	0.8655495
	34.44652	0.8648802
	34.44652	0.8644732
	34.44642	0.8639487
	34.44623	0.8636865
	34.44614	0.8634242
	34.44578	0.8629722
	34.4445	0.8621044
	34.44405	0.8617247
	34.44374	0.8617248
	34.44348	0.8614898
	34.44333	0.8606306
	34.44305	0.8599343
	34.44302	0.8590298
	34.44283	0.858641
	34.44231	0.8583066
	34.44198	0.8582162
	34.4415	0.8576919
	34.44093	0.8576197
	34.44067	0.8575475
	34.44046	0.857231
	34.43986	0.8565167
	34.43943	0.8567338
	34.43891	0.8568065
	34.43839	0.8566891
	34.43784	0.8564722
	34.43744	0.8565628
	34.43718	0.85678
	34.43689	0.8566354
	34.43652	0.856536
	34.43629	0.8563191
	34.436	0.856292
	34.43572	0.8564369
	34.4346	0.8555057
	34.43384	0.855506
	34.43327	0.8552711
	34.43286	0.8547919
	34.43353	0.8518116
	34.43327	0.8517213
	34.4328	0.8517395
	34.4323	0.8519116
	34.4314	0.8520294
	34.43064	0.8520569
	34.43033	0.8517947
	34.4299	0.8515326
	34.42954	0.851388
	34.42935	0.8510263
	34.42902	0.8508365
	34.42869	0.8508366
	34.42833	0.8509091
	34.42793	0.8509364
	34.42764	0.850837
	34.427	0.8504574
	34.42629	0.8498878
	34.426	0.8497613
	34.42605	0.8494538
	34.42619	0.8491643
	34.42583	0.8490197
	34.42557	0.8491646
	34.42524	0.8492189
	34.42469	0.8485679
	34.42439	0.8484776
	34.42334	0.8484236
	34.42315	0.8481615
	34.42308	0.8476189
	34.42298	0.8472843
	34.42272	0.8469497
	34.42241	0.8470855
	34.42215	0.8473569
	34.42179	0.8474023
	34.42135	0.847303
	34.42142	0.8467241
	34.42161	0.8464346
	34.4217	0.8460547
	34.42151	0.8456025
	34.42156	0.845295
	34.4216	0.84449
	34.42169	0.8439654
	34.42148	0.843459
	34.42145	0.8430791
	34.42084	0.8430522
	34.42055	0.84298
	34.42027	0.8426726
	34.42012	0.8421752
	34.41991	0.841913
	34.41967	0.841696
	34.419	0.8415786
	34.41858	0.8413075
	34.41841	0.8410724
	34.41855	0.8406201
	34.41848	0.8403578
	34.41829	0.8401679
	34.41812	0.8399238
	34.41801	0.8393879
	34.41745	0.8398114
	34.41735	0.8402004
	34.41707	0.8403452
	34.41667	0.84049
	34.41624	0.8405354
	34.4159	0.8406079
	34.41512	0.8402916
	34.41476	0.8397491
	34.41476	0.8394325
	34.41481	0.8389803
	34.41502	0.8384285
	34.41519	0.836927
	34.41502	0.8365201
	34.41505	0.8361854
	34.415	0.8358237
	34.41487	0.8355524
	34.41453	0.8351003
	34.41426	0.8346301
	34.41424	0.8343406
	34.41447	0.8340059
	34.41468	0.8335665
	34.41483	0.8334833
	34.41497	0.8334619
	34.4152	0.8335477
	34.41544	0.8337193
	34.41566	0.8336389
	34.41591	0.8334351
	34.41623	0.8330274
	34.41614	0.8324401
	34.41556	0.8321531
	34.4154	0.832196
	34.41505	0.831775
	34.41459	0.8312842
	34.41386	0.831193
	34.41331	0.8308551
	34.41274	0.830729
	34.41168	0.830139
	34.41083	0.8297099
	34.41029	0.8297474
	34.40964	0.8295758
	34.40945	0.8293639
	34.40921	0.8292003
	34.40894	0.8286586
	34.40893	0.8282965
	34.40926	0.8276528
	34.40918	0.8273632
	34.40898	0.8273122
	34.40866	0.8270253
	34.40861	0.8268295
	34.40846	0.8266416
	34.40804	0.8266444
	34.40759	0.8265613
	34.40685	0.8262958
	34.40666	0.8261107
	34.40646	0.8258854
	34.40649	0.8256548
	34.40655	0.8247644
	34.40666	0.8245606
	34.40684	0.8245606
	34.40723	0.8248261
	34.40765	0.8250621
	34.40793	0.8250245
	34.40847	0.8253434
	34.40881	0.8252471
	34.40925	0.8249789
	34.40925	0.8248288
	34.40898	0.8247108
	34.40887	0.8244184
	34.40908	0.8242039
	34.40926	0.8237478
	34.40933	0.8233859
	34.4095	0.8232035
	34.40952	0.8228522
	34.40937	0.8225625
	34.40899	0.8226349
	34.40882	0.8226081
	34.40876	0.8225034
	34.40914	0.8221871
	34.40917	0.8213717
	34.4093	0.8211143
	34.40932	0.8209963
	34.40939	0.8208488
	34.40961	0.8207924
	34.40995	0.820535
	34.41015	0.8201836
	34.4101	0.8199745
	34.41047	0.8196231
	34.41062	0.8195909
	34.41121	0.8196794
	34.41167	0.8193737
	34.41174	0.8190975
	34.41256	0.8184967
	34.41299	0.8181105
	34.4134	0.8180863
	34.41418	0.8176197
	34.41443	0.8172442
	34.41455	0.8169492
	34.41449	0.8167213
	34.4142	0.816791
	34.41417	0.8167186
	34.41466	0.8161205
	34.41466	0.8160132
	34.41453	0.8159301
	34.41441	0.81567
	34.41406	0.8152435
	34.41378	0.8151309
	34.41364	0.8152382
	34.41335	0.8152864
	34.41303	0.8152301
	34.41272	0.8148707
	34.41251	0.8147554
	34.41226	0.8147795
	34.41184	0.8145409
	34.41181	0.8141895
	34.41117	0.8136478
	34.41105	0.813268
	34.41178	0.8126179
	34.41245	0.8119823
	34.41265	0.8114592
	34.41286	0.8113333
	34.41363	0.8113976
	34.41379	0.8113118
	34.41364	0.8109551
	34.41372	0.8107566
	34.41422	0.8104589
	34.41424	0.8101907
	34.41441	0.8100862
	34.41492	0.8095255
	34.41499	0.8093379
	34.41485	0.8090697
	34.41495	0.8089168
	34.41456	0.8084797
	34.41437	0.8080719
	34.41364	0.8075781
	34.4126	0.8071843
	34.41259	0.8069724
	34.41273	0.8067579
	34.41252	0.8066157
	34.41144	0.8064392
	34.40931	0.8056985
	34.40867	0.8055483
	34.40849	0.805551
	34.40798	0.8053338
	34.40738	0.8052747
	34.40608	0.8048456
	34.40481	0.8043817
	34.40449	0.8041027
	34.40341	0.8035503
	34.40251	0.8034618
	34.40171	0.803148
	34.40125	0.8026438
	34.40072	0.8024533
	34.40048	0.8023272
	34.39977	0.801335
	34.39953	0.8012974
	34.39899	0.8008522
	34.39827	0.8007584
	34.39708	0.8003641
	34.39672	0.8001281
	34.39545	0.799581
	34.39527	0.7995568
	34.39519	0.7995837
	34.39519	0.799884
	34.39504	0.8009434
	34.39532	0.8013135
	34.3955	0.8017668
	34.39522	0.8023702
	34.39501	0.8025016
	34.39464	0.8024668
	34.39446	0.8022307
	34.3947	0.801748
	34.3947	0.8015281
	34.39442	0.8013537
	34.39415	0.8013806
	34.39405	0.8013162
	34.39401	0.801056
	34.39378	0.8009702
	34.39345	0.8011725
	34.39316	0.8014077
	34.39279	0.8007637
	34.39256	0.8007852
	34.39223	0.8010185
	34.3921	0.8011446
	34.39204	0.8018499
	34.39217	0.8020806
	34.39241	0.8027269
	34.39229	0.8030407
	34.39195	0.8031453
	34.39095	0.8031775
	34.39034	0.8029093
	34.39009	0.802684
	34.38984	0.8019089
	34.38959	0.8018901
	34.38938	0.8017453
	34.38905	0.8016997
	34.38845	0.8018284
	34.38832	0.8018258
	34.38816	0.80163
	34.38796	0.8016166
	34.38664	0.8011901
	34.38635	0.801284
	34.38615	0.8010936
	34.38563	0.8009863
	34.38554	0.8007423
	34.38533	0.800466
	34.38558	0.799876
	34.38535	0.7992189
	34.38482	0.799227
	34.38438	0.7988569
	34.38455	0.7969849
	34.38446	0.7967943
	34.38456	0.7964967
	34.38473	0.7950833
	34.38458	0.7941795
	34.38448	0.7940401
	34.38442	0.7935654
	34.38437	0.7927769
	34.38416	0.7920232
	34.38421	0.7918516
	34.38404	0.7912294
	34.38404	0.7910604
	34.38423	0.7905857
	34.38413	0.7900601
	34.38373	0.7898991
	34.38343	0.7898884
	34.38267	0.7897409
	34.38193	0.7897758
	34.38158	0.7899179
	34.38113	0.7907091
	34.3811	0.7908432
	34.3808	0.7910336
	34.38082	0.7916344
	34.38017	0.7927286
	34.37988	0.7931658
	34.37958	0.7944424
	34.37982	0.795019
	34.37971	0.7952952
	34.37957	0.7953194
	34.37938	0.7951504
	34.37894	0.7949332
	34.37892	0.7946194
	34.37881	0.7943698
	34.37836	0.7936726
	34.37819	0.7935439
	34.37742	0.7939194
	34.37714	0.7938971
	34.37684	0.793466
	34.3768	0.7928788
	34.37648	0.7912133
	34.37642	0.7906528
	34.37529	0.7894191
	34.37485	0.7884911
	34.37457	0.7882953
	34.37427	0.7885555
	34.37393	0.7887191
	34.3736	0.7884294
	34.37315	0.7883946
	34.37251	0.7878716
	34.37242	0.787413
	34.37254	0.7869088
	34.37283	0.7864634
	34.37322	0.7862141
	34.3733	0.7859969
	34.37336	0.7850502
	34.37348	0.7840149
	34.37312	0.783331
	34.37282	0.7832345
	34.37248	0.7835027
	34.37222	0.7834276
	34.37205	0.7831356
	34.3719	0.7819042
	34.37149	0.781569
	34.37116	0.7811425
	34.37083	0.7811424
	34.3707	0.7810487
	34.37025	0.7805578
	34.36961	0.7804452
	34.36935	0.7805901
	34.36923	0.7808019
	34.36904	0.7807349
	34.36881	0.7801368
	34.36858	0.779992
	34.36829	0.7799142
	34.36821	0.7795816
	34.36839	0.7792115
	34.3678	0.7784391
	34.36755	0.7783694
	34.36742	0.7784791
	34.36726	0.779402
	34.36697	0.7796191
	34.36622	0.7794422
	34.36541	0.7793966
	34.36476	0.7790184
	34.3644	0.7784981
	34.3644	0.778263
	34.36471	0.7778732
	34.36464	0.7776399
	34.36426	0.7775594
	34.36361	0.7771146
	34.36285	0.776545
	34.36269	0.7760386
	34.36246	0.7754809
	34.36241	0.7751081
	34.36233	0.7747273
	34.36158	0.7741051
	34.36104	0.774767
	34.3609	0.7751017
	34.36066	0.7753912
	34.36028	0.7756265
	34.35983	0.7759613
	34.35954	0.776088
	34.35916	0.7758892
	34.35895	0.7757264
	34.35873	0.7753466
	34.35859	0.775012
	34.35809	0.7743428
	34.35754	0.774126
	34.35707	0.774099
	34.35652	0.7739544
	34.35608	0.7738732
	34.35544	0.773801
	34.35509	0.7738283
	34.35478	0.773756
	34.35468	0.7731139
	34.35475	0.7726344
	34.35492	0.7722725
	34.35492	0.771938
	34.35478	0.7715581
	34.3542	0.7716035
	34.35342	0.7717937
	34.35295	0.7719929
	34.35264	0.7720834
	34.35216	0.7720655
	34.3519	0.772156
	34.35131	0.7721833
	34.35083	0.7720659
	34.35038	0.7718218
	34.35017	0.7719938
	34.35029	0.7725635
	34.34995	0.7725637
	34.34943	0.7724734
	34.34884	0.7722294
	34.34872	0.7719671
	34.34853	0.7716776
	34.34824	0.7718225
	34.34758	0.7719946
	34.34734	0.7722116
	34.34648	0.7721397
	34.34603	0.7722122
	34.34553	0.771543
	34.34437	0.770657
	34.34425	0.7703224
	34.34425	0.7698882
	34.34387	0.7695537
	34.34261	0.768939
	34.3419	0.7688849
	34.34132	0.7690299
	34.34004	0.7692021
	34.33919	0.7694376
	34.33869	0.7694377
	34.33821	0.7691756
	34.33764	0.7689405
	34.33733	0.7685066
	34.33767	0.7683436
	34.33809	0.7683887
	34.33809	0.7678913
	34.33776	0.7676743
	34.33729	0.7675297
	34.33645	0.7673581
	34.33619	0.7671231
	34.33583	0.7665714
	34.33543	0.7661917
	34.3351	0.7659295
	34.33462	0.766002
	34.33434	0.7662192
	34.3341	0.7664815
	34.33386	0.7668163
	34.33315	0.7659301
	34.33258	0.7657675
	34.33246	0.7660298
	34.33218	0.7661203
	34.33189	0.7660481
	34.33161	0.7660753
	34.33139	0.7664372
	34.33087	0.7662655
	34.33042	0.7657681
	34.33006	0.7657863
	34.32925	0.766266
	34.32875	0.7665284
	34.3283	0.7665286
	34.32785	0.7663658
	34.32754	0.7660766
	34.32721	0.7658144
	34.32681	0.7657874
	34.32633	0.7656247
	34.32569	0.7657696
	34.32533	0.765815
	34.32512	0.7655979
	34.32462	0.7653901
	34.32426	0.7656706
	34.32331	0.7654628
	34.32248	0.765436
	34.32217	0.7652913
	34.32231	0.7649385
	34.32267	0.7649294
	34.32288	0.7651012
	34.32331	0.7648659
	34.32334	0.7642146
	34.32326	0.7639524
	34.32284	0.7638078
	34.32248	0.7638622
	34.32208	0.7639799
	34.32167	0.7642152
	34.32134	0.7645318
	34.32105	0.7646676
	34.32065	0.7649843
	34.32034	0.7651472
	34.32006	0.7651021
	34.31959	0.7651022
	34.31925	0.7650299
	34.31892	0.7647225
	34.31879	0.7640623
	34.31879	0.7637548
	34.31869	0.7632483
	34.31855	0.762986
	34.31848	0.7626785
	34.31833	0.7624343
	34.31795	0.7624164
	34.31734	0.762914
	34.317	0.7629684
	34.31662	0.762652
	34.31636	0.7625073
	34.31617	0.7621094
	34.31574	0.7617206
	34.31512	0.7615761
	34.31484	0.7616033
	34.31467	0.7612235
	34.31482	0.7605993
	34.31482	0.7600747
	34.31453	0.7600477
	34.31427	0.7599754
	34.3141	0.7597131
	34.31415	0.759288
	34.31429	0.7589532
	34.31424	0.7586367
	34.31458	0.7583743
	34.31484	0.7584738
	34.31512	0.7584465
	34.31526	0.7581571
	34.31484	0.7576326
	34.31443	0.757298
	34.31386	0.7569183
	34.31346	0.7567556
	34.31318	0.7565206
	34.31321	0.7559708
	34.31327	0.7555617
	34.31383	0.755202
	34.31364	0.7544737
	34.31359	0.7537004
	34.31336	0.7533228
	34.31235	0.753669
	34.31233	0.7525855
	34.31224	0.7523338
	34.31124	0.7511694
	34.31118	0.7508906
	34.31136	0.7504905
	34.31087	0.7491276
	34.31089	0.7480948
	34.31043	0.747857
	34.31031	0.747545
	34.31054	0.7470473
	34.31099	0.7462629
	34.31165	0.7455023
	34.31142	0.7452875
	34.31111	0.7450975
	34.31125	0.7447475
	34.31107	0.7443174
	34.31084	0.7440575
	34.31068	0.7437575
	34.31063	0.7430075
	34.31049	0.7424375
	34.31032	0.7420875
	34.3101	0.7413074
	34.30989	0.7403475
	34.30973	0.7396975
	34.30974	0.7390475
	34.31015	0.7378975
	34.31021	0.7374875
	34.31023	0.7372175
	34.3099	0.7369175
	34.30959	0.7367775
	34.30941	0.7364275
	34.30957	0.7361775
	34.30966	0.7358875
	34.30966	0.7354375
	34.30963	0.7348175
	34.30954	0.7342075
	34.30946	0.7338575
	34.3093	0.7334675
	34.30884	0.7329175
	34.30853	0.7323775
	34.30833	0.7318075
	34.30821	0.7301475
	34.30813	0.7297975
	34.30783	0.7292375
	34.30785	0.7287675
	34.30805	0.7285475
	34.30813	0.7282175
	34.30836	0.7280275
	34.30886	0.7277875
	34.30943	0.7272075
	34.30966	0.7265775
	34.30976	0.7258275
	34.30962	0.7254375
	34.30895	0.7249575
	34.30897	0.7246875
	34.30891	0.7241975
	34.30876	0.7237474
	34.30854	0.7233775
	34.30798	0.7226575
	34.30767	0.7215775
	34.30768	0.7205375
	34.30781	0.7184875
	34.30785	0.7174475
	34.3079	0.7167475
	34.30819	0.7162375
	34.30844	0.7152675
	34.30881	0.7141875
	34.30891	0.7138175
	34.30908	0.7133675
	34.3093	0.7130775
	34.30959	0.7129575
	34.31023	0.7129775
	34.3105	0.7129075
	34.31054	0.7126075
	34.31029	0.7122175
	34.31008	0.7119375
	34.30999	0.7113474
	34.30985	0.7107575
	34.30981	0.7103075
	34.30971	0.7100175
	34.30952	0.7096875
	34.3094	0.7092275
	34.30944	0.7087475
	34.30954	0.7084375
	34.30989	0.7079875
	34.31	0.7076975
	34.31003	0.7070375
	34.30976	0.7055675
	34.31025	0.7045275
	34.31032	0.7041075
	34.31067	0.7037675
	34.31108	0.7036475
	34.31186	0.7031775
	34.31211	0.7029275
	34.3124	0.7025175
	34.31266	0.7020375
	34.31288	0.7013675
	34.31307	0.7011775
	34.31325	0.7007675
	34.31334	0.7004575
	34.31363	0.6996674
	34.31414	0.6985175
	34.31422	0.6980175
	34.31383	0.6973775
	34.31349	0.6969875
	34.31327	0.6966774
	34.3131	0.6960275
	34.31312	0.6953975
	34.31318	0.6948175
	34.31292	0.6944775
	34.31261	0.6942075
	34.31213	0.6941075
	34.31186	0.6940875
	34.31143	0.6942075
	34.31125	0.6944475
	34.31092	0.6948175
	34.31069	0.6950175
	34.31034	0.6950175
	34.30999	0.6949275
	34.30941	0.6947575
	34.30916	0.6945775
	34.30879	0.6945975
	34.3084	0.6949275
	34.30815	0.6950175
	34.30772	0.6948474
	34.30752	0.6945775
	34.30741	0.6941575
	34.30703	0.6938475
	34.30664	0.6938275
	34.3059	0.6936575
	34.30516	0.6930675
	34.30458	0.6922075
	34.30445	0.6918575
	34.30417	0.6913674
	34.30386	0.6910575
	34.30355	0.6908575
	34.30324	0.6907775
	34.30254	0.6906975
	34.30208	0.6906975
	34.30176	0.6906275
	34.30141	0.6905275
	34.30132	0.6902775
	34.30118	0.6899775
	34.30089	0.6898775
	34.30039	0.6903275
	34.29992	0.6906975
	34.29943	0.6909775
	34.29905	0.6910875
	34.29868	0.6909575
	34.29868	0.6906875
	34.29873	0.6903475
	34.29885	0.6899975
	34.29885	0.6896475
	34.29865	0.6892675
	34.29836	0.6892475
	34.29795	0.6892475
	34.29748	0.6891675
	34.29733	0.6889075
	34.29777	0.6885275
	34.29793	0.6882475
	34.29764	0.6878175
	34.29735	0.6877475
	34.29688	0.6877475
	34.29639	0.6878975
	34.29587	0.6881475
	34.29533	0.6883075
	34.29486	0.6882375
	34.29468	0.6878175
	34.2947	0.6873975
	34.29449	0.6871975
	34.29465	0.6867675
	34.29548	0.6862775
	34.29579	0.6859775
	34.29599	0.6855974
	34.29571	0.6853175
	34.29599	0.6850875
	34.29578	0.6849641
	34.29594	0.6847757
	34.29593	0.6845773
	34.29576	0.6844354
	34.2955	0.6844568
	34.29526	0.6847572
	34.29486	0.6848216
	34.29477	0.685181
	34.29439	0.6854814
	34.29426	0.6855672
	34.29427	0.6857496
	34.29433	0.6860607
	34.29419	0.6862913
	34.29392	0.6864254
	34.29378	0.6863933
	34.29373	0.6861972
	34.29376	0.68587
	34.29362	0.6856636
	34.29331	0.6853419
	34.2932	0.6851488
	34.29321	0.6849611
	34.29326	0.684883
	34.29339	0.6848591
	34.29355	0.6849474
	34.29368	0.6851917
	34.29386	0.6853258
	34.29409	0.6852639
	34.29417	0.6850386
	34.29411	0.6848161
	34.29393	0.6846178
	34.29382	0.6844247
	34.29384	0.684194
	34.29375	0.6840599
	34.29335	0.6840009
	34.29313	0.6838668
	34.29301	0.6836361
	34.29286	0.6835986
	34.29224	0.6837488
	34.2921	0.6836469
	34.292	0.6832953
	34.29174	0.6832017
	34.29134	0.6831909
	34.29097	0.6829495
	34.29019	0.6830139
	34.28985	0.6831856
	34.28967	0.6831587
	34.28938	0.6830139
	34.28922	0.6828852
	34.28888	0.6828798
	34.28871	0.6829656
	34.28854	0.6829335
	34.28839	0.682735
	34.28836	0.6826384
	34.28844	0.6825633
	34.28901	0.6824424
	34.28912	0.6823488
	34.28922	0.682043
	34.28942	0.6819733
	34.28961	0.6820645
	34.28963	0.6821932
	34.28967	0.6822254
	34.28973	0.6821956
	34.2898	0.6820079
	34.28975	0.6817801
	34.28945	0.68163
	34.28888	0.6814905
	34.28856	0.6815388
	34.28838	0.6814852
	34.28824	0.6813564
	34.28808	0.6810721
	34.28786	0.6809756
	34.28785	0.6808653
	34.28801	0.6806722
	34.28793	0.6804982
	34.28785	0.6803748
	34.28738	0.6803051
	34.28721	0.6803212
	34.28699	0.6801602
	34.28683	0.6800744
	34.28672	0.6800959
	34.28654	0.6803802
	34.28628	0.6804821
	34.28608	0.6803963
	34.28594	0.6801251
	34.28572	0.680053
	34.28543	0.6802729
	34.28534	0.6805035
	34.2851	0.6806537
	34.28495	0.6805196
	34.28452	0.680702
	34.28414	0.6811365
	34.28394	0.6820377
	34.28366	0.6821664
	34.28339	0.6820055
	34.28326	0.6818821
	34.28277	0.6818016
	34.28234	0.6814369
	34.28222	0.6810936
	34.28218	0.6803129
	34.28198	0.6799618
	34.28176	0.6799135
	34.28147	0.6800691
	34.28129	0.6804499
	34.28107	0.6804714
	34.28085	0.6802675
	34.28085	0.6799242
	34.28072	0.6798061
	34.28033	0.6798652
	34.28	0.6797901
	34.27987	0.6795887
	34.27965	0.6795166
	34.27953	0.6796989
	34.27969	0.6798545
	34.27965	0.6799618
	34.27941	0.6799456
	34.27905	0.6795702
	34.27872	0.6793986
	34.27859	0.6791303
	34.27857	0.6788997
	34.27835	0.6784545
	34.27829	0.6782292
	34.27838	0.6780093
	34.27824	0.6776713
	34.27791	0.6773173
	34.27788	0.677191
	34.27809	0.6769334
	34.27757	0.6747104
	34.27756	0.67441
	34.27788	0.6739726
	34.27891	0.6731572
	34.27908	0.6728169
	34.27901	0.6724277
	34.27854	0.6715831
	34.27853	0.6712452
	34.27873	0.6708697
	34.27863	0.6707088
	34.27828	0.6704728
	34.27824	0.670387
	34.27827	0.6702904
	34.27836	0.6702821
	34.27863	0.670344
	34.27878	0.6703387
	34.27903	0.6700812
	34.27932	0.66999
	34.27941	0.669754
	34.27934	0.6695931
	34.27909	0.6693946
	34.27909	0.6692015
	34.27925	0.6691235
	34.2794	0.6691503
	34.27961	0.6693088
	34.2798	0.6692659
	34.27995	0.6691103
	34.27985	0.6689601
	34.27964	0.6688797
	34.27939	0.6687241
	34.27932	0.6685739
	34.27937	0.6684988
	34.27949	0.6684959
	34.27967	0.6686061
	34.28007	0.6686007
	34.28017	0.6684076
	34.27984	0.6680911
	34.27946	0.6677985
	34.27947	0.6676859
	34.27979	0.6675893
	34.28003	0.667305
	34.28007	0.6671149
	34.27993	0.667013
	34.27948	0.6669701
	34.27948	0.6667901
	34.27956	0.6666506
	34.27955	0.6665219
	34.27967	0.6664122
	34.27986	0.6664336
	34.28007	0.6665838
	34.28026	0.6667716
	34.28021	0.6670666
	34.28024	0.6673938
	34.28036	0.6674957
	34.2805	0.6673748
	34.28073	0.6671095
	34.28057	0.6668062
	34.2804	0.6666053
	34.28016	0.665728
	34.28026	0.6654598
	34.28046	0.6653793
	34.28058	0.6655003
	34.28083	0.6655539
	34.28105	0.6656398
	34.281	0.6660045
	34.28102	0.6661601
	34.28133	0.6662513
	34.2815	0.6660796
	34.28161	0.665728
	34.28151	0.6651916
	34.28123	0.6646099
	34.28119	0.6644192
	34.28157	0.6640145
	34.28156	0.6633976
	34.28144	0.663164
	34.28125	0.6631455
	34.28104	0.6632742
	34.281	0.6634781
	34.2812	0.6637648
	34.28113	0.6640466
	34.28074	0.6642666
	34.28058	0.6643899
	34.28054	0.6644919
	34.28034	0.664465
	34.28033	0.6642505
	34.28019	0.6640008
	34.28048	0.6632605
	34.28077	0.6629524
	34.28074	0.6627778
	34.28055	0.6625072
	34.28041	0.6619868
	34.28024	0.6617883
	34.28023	0.6612573
	34.28003	0.6611286
	34.27963	0.661193
	34.27955	0.6613485
	34.27955	0.6616382
	34.27944	0.6616757
	34.27925	0.6615309
	34.27894	0.6613646
	34.27888	0.6611179
	34.27888	0.6609218
	34.27877	0.6608657
	34.27846	0.6608657
	34.2784	0.6607692
	34.27854	0.6604283
	34.27857	0.6600719
	34.27841	0.6598251
	34.27826	0.6595408
	34.2783	0.6592083
	34.27858	0.6590229
	34.27959	0.6575693
	34.27978	0.6572528
	34.27984	0.6571162
	34.28009	0.6571348
	34.28039	0.6572504
	34.28048	0.6571723
	34.28037	0.6563707
	34.28024	0.6560781
	34.27988	0.655963
	34.27958	0.6560113
	34.27947	0.6562848
	34.27958	0.6565799
	34.27961	0.6567998
	34.2797	0.6569768
	34.27952	0.6570626
	34.27929	0.6569393
	34.27921	0.656655
	34.27921	0.6563975
	34.279	0.6561883
	34.27871	0.6562848
	34.2785	0.6561293
	34.27831	0.6561907
	34.27831	0.6563868
	34.27856	0.656655
	34.27855	0.6568642
	34.27842	0.656891
	34.27823	0.6567193
	34.27809	0.6564214
	34.27776	0.6563599
	34.27698	0.6559684
	34.27689	0.6558021
	34.27734	0.6550428
	34.27771	0.6548419
	34.27847	0.654284
	34.27862	0.654206
	34.27875	0.6542519
	34.27899	0.6545118
	34.27916	0.6545093
	34.27925	0.6542948
	34.27933	0.6538895
	34.27956	0.6535224
	34.27949	0.6529645
	34.2796	0.65253
	34.27954	0.6523744
	34.27931	0.6523046
	34.279	0.652412
	34.27885	0.6523154
	34.27872	0.6520389
	34.27856	0.6519346
	34.27834	0.651956
	34.27824	0.6517522
	34.27835	0.6515079
	34.27834	0.6513016
	34.27855	0.651248
	34.27882	0.6509422
	34.27884	0.6504672
	34.27894	0.6501215
	34.27919	0.6498665
	34.27919	0.649668
	34.27908	0.6495583
	34.27889	0.6496441
	34.27877	0.6495744
	34.27883	0.6494188
	34.27893	0.6492794
	34.27914	0.649215
	34.27938	0.648979
	34.27966	0.6489599
	34.27985	0.6489683
	34.27995	0.6487966
	34.2798	0.648641
	34.27933	0.6483407
	34.27912	0.6484158
	34.27899	0.6483407
	34.27897	0.6480832
	34.27888	0.6476701
	34.27879	0.6474931
	34.27881	0.6474097
	34.279	0.6472166
	34.27891	0.6470157
	34.27836	0.6466939
	34.27823	0.6465222
	34.27835	0.6463423
	34.27904	0.6461897
	34.27928	0.6460312
	34.27974	0.645838
	34.27982	0.6455513
	34.27954	0.6451168
	34.27956	0.644913
	34.27964	0.6447974
	34.27955	0.644559
	34.27909	0.6443122
	34.27894	0.6439821
	34.27874	0.6438885
	34.27846	0.6440655
	34.27837	0.6440172
	34.27841	0.6435154
	34.27818	0.6433008
	34.27813	0.6431643
	34.27823	0.643057
	34.27843	0.6430892
	34.27855	0.6429605
	34.27849	0.6427996
	34.27829	0.6427888
	34.27815	0.6428908
	34.27806	0.6428103
	34.27795	0.642523
	34.27774	0.6424294
	34.27748	0.6428639
	34.27734	0.6428371
	34.2773	0.6426196
	34.27744	0.6422119
	34.27779	0.6420349
	34.27799	0.6421665
	34.27809	0.6421988
	34.27822	0.6420808
	34.27824	0.6419306
	34.27796	0.6416624
	34.27743	0.6415068
	34.27718	0.641303
	34.27718	0.6411152
	34.27736	0.6409889
	34.27758	0.6409836
	34.27778	0.6409996
	34.27786	0.6409137
	34.27765	0.6406539
	34.27758	0.6405037
	34.2777	0.6401038
	34.2777	0.6400626
	34.27734	0.6399248
	34.27709	0.6400348
	34.2766	0.6397848
	34.27639	0.6395548
	34.27612	0.6397348
	34.27589	0.6398648
	34.27558	0.6397448
	34.27536	0.6400048
	34.27517	0.6397448
	34.2748	0.6396847
	34.27443	0.6398448
	34.2742	0.6399848
	34.27387	0.6401048
	34.27373	0.6394548
	34.27342	0.6394148
	34.27357	0.6390948
	34.27389	0.6390848
	34.27373	0.6387948
	34.27344	0.6388248
	34.27297	0.6389848
	34.2728	0.6392148
	34.2728	0.6399048
	34.27305	0.6403548
	34.27311	0.6407248
	34.27282	0.6407948
	34.27255	0.6407648
	34.27229	0.6406448
	34.27208	0.6404148
	34.27167	0.6400548
	34.27121	0.6398848
	34.27095	0.6397648
	34.27111	0.6391947
	34.27142	0.6389648
	34.27161	0.6387148
	34.27191	0.638449
	34.27211	0.6380483
	34.27257	0.6377811
	34.27233	0.6375792
	34.27182	0.6375986
	34.27156	0.6381825
	34.27127	0.6383527
	34.27085	0.6385095
	34.27065	0.6385162
	34.27049	0.6387978
	34.27047	0.6392733
	34.27033	0.6395529
	34.26995	0.6396238
	34.26949	0.6390901
	34.26918	0.6387979
	34.2687	0.6388167
	34.26858	0.6386327
	34.26869	0.638191
	34.26843	0.6378617
	34.2682	0.637488
	34.26799	0.63702
	34.26779	0.6366855
	34.26746	0.6367028
	34.26738	0.637156
	34.26707	0.6373291
	34.26673	0.6372064
	34.26666	0.6376608
	34.26645	0.6378195
	34.26598	0.6378628
	34.26543	0.637545
	34.26417	0.6372209
	34.26308	0.6369756
	34.2622	0.6371487
	34.26143	0.6369684
	34.26168	0.6358072
	34.2613	0.6350448
	34.26054	0.6349248
	34.26	0.6347248
	34.25973	0.6347448
	34.25922	0.6345548
	34.25893	0.6342748
	34.25854	0.6343148
	34.25802	0.6340848
	34.25771	0.6336148
	34.25786	0.6331648
	34.25807	0.6328548
	34.25792	0.6325548
	34.25739	0.6326348
	34.25697	0.6328248
	34.2567	0.6327948
	34.2567	0.6324048
	34.25672	0.6320247
	34.2564	0.6319348
	34.25591	0.6317248
	34.25566	0.6313148
	34.25488	0.6311448
	34.25457	0.6306948
	34.25416	0.6304948
	34.25383	0.6305548
	34.25336	0.6304548
	34.25303	0.6299248
	34.25278	0.6294848
	34.25247	0.6293448
	34.252	0.6292648
	34.25191	0.6289248
	34.25179	0.6286748
	34.25148	0.6288948
	34.25123	0.6290148
	34.25094	0.6289948
	34.25072	0.6285548
	34.25027	0.6284248
	34.25008	0.6286148
	34.24942	0.6286848
	34.24887	0.6286848
	34.24837	0.6288048
	34.24806	0.6291248
	34.24776	0.6295148
	34.24764	0.6299248
	34.24697	0.6302148
	34.24652	0.6302148
	34.24609	0.6302648
	34.24567	0.6304548
	34.24531	0.6307448
	34.24488	0.6314048
	34.24446	0.6315848
	34.24391	0.6314948
	34.24351	0.6317748
	34.24322	0.6320648
	34.24284	0.6321648
	34.24227	0.6322748
	34.24199	0.6324648
	34.24173	0.6323748
	34.24151	0.6325848
	34.2413	0.6329048
	34.24094	0.6324948
	34.24056	0.6322693
	34.24065	0.6318604
	34.24093	0.6316404
	34.24093	0.6311704
	34.24058	0.6308404
	34.24067	0.6305004
	34.24086	0.6302904
	34.24069	0.6300204
	34.24052	0.6294004
	34.24019	0.6292604
	34.24045	0.6289704
	34.24045	0.6286704
	34.24012	0.6285904
	34.23969	0.6285904
	34.23943	0.6285204
	34.23945	0.6281104
	34.2396	0.6278304
	34.23931	0.6276404
	34.23914	0.6273504
	34.23893	0.6271704
	34.23867	0.6273704
	34.23838	0.6276404
	34.23812	0.6280704
	34.23788	0.6276404
	34.2378	0.6273504
	34.23766	0.6270304
	34.23735	0.6270304
	34.23706	0.6269704
	34.23699	0.6267004
	34.23713	0.6264103
	34.23692	0.6262204
	34.23678	0.6264604
	34.23654	0.6267204
	34.23618	0.6268703
	34.23609	0.6264403
	34.23635	0.6260404
	34.23642	0.6257704
	34.23616	0.6255604
	34.23587	0.6257904
	34.23561	0.6261504
	34.23528	0.6261504
	34.23495	0.6262004
	34.23488	0.6265104
	34.23509	0.6267804
	34.2349	0.6271304
	34.23478	0.6273903
	34.23455	0.6275904
	34.23412	0.6275204
	34.23383	0.6276404
	34.23341	0.6275604
	34.23307	0.6274704
	34.23281	0.6274204
	34.23262	0.6271804
	34.23248	0.6269204
	34.23212	0.6265704
	34.2316	0.6261404
	34.23134	0.6259904
	34.2311	0.6261904
	34.23065	0.6263804
	34.23032	0.6264004
	34.23017	0.6261604
	34.23024	0.6258704
	34.23039	0.6255203
	34.23031	0.6252604
	34.22958	0.6253304
	34.22941	0.6255904
	34.22882	0.6256904
	34.22891	0.6259604
	34.22853	0.6260904
	34.22835	0.6264304
	34.2282	0.6268104
	34.22818	0.6272504
	34.2277	0.6270804
	34.22733	0.6271004
	34.2273	0.6274804
	34.22742	0.6278404
	34.22718	0.6279804
	34.22649	0.6277504
	34.22633	0.6281504
	34.22593	0.6288004
	34.22562	0.6286504
	34.22528	0.6285604
	34.22509	0.6287804
	34.2251	0.6290904
	34.22495	0.6294904
	34.22463	0.6294304
	34.22439	0.6291204
	34.22406	0.6289304
	34.22378	0.6292704
	34.22356	0.6295704
	34.2233	0.6293704
	34.2233	0.6290504
	34.22271	0.6291904
	34.22245	0.6289904
	34.22221	0.6293204
	34.22207	0.6295804
	34.22171	0.6296604
	34.22131	0.6296304
	34.22102	0.6298204
	34.22083	0.6301104
	34.22048	0.6299904
	34.22038	0.6297004
	34.22019	0.6293704
	34.21979	0.6292003
	34.21974	0.6289204
	34.21979	0.6284904
	34.21967	0.6279104
	34.21943	0.6276004
	34.21876	0.6275904
	34.2185	0.6275304
	34.21805	0.6274704
	34.21765	0.6273704
	34.21745	0.6271804
	34.21755	0.6268703
	34.21779	0.6266304
	34.21776	0.6261504
	34.2175	0.6258904
	34.21752	0.6254903
	34.21752	0.6250303
	34.21724	0.6248404
	34.21695	0.6245604
	34.21714	0.6243704
	34.21743	0.6243404
	34.2174	0.6240004
	34.21707	0.6237704
	34.21709	0.6234304
	34.21654	0.6226204
	34.21673	0.6223304
	34.21654	0.6220504
	34.21628	0.6220004
	34.21607	0.6223104
	34.21607	0.6226204
	34.21602	0.6230604
	34.21578	0.6233904
	34.21552	0.6234604
	34.21505	0.6233904
	34.21467	0.6233904
	34.21426	0.6234404
	34.21403	0.6235804
	34.21386	0.6231604
	34.21372	0.6227504
	34.21346	0.6225304
	34.2131	0.6225604
	34.21293	0.6228404
	34.21289	0.6231304
	34.21263	0.6230604
	34.21232	0.6225604
	34.21203	0.6225904
	34.21179	0.6229204
	34.21179	0.6232004
	34.21074	0.6240804
	34.21033	0.6243004
	34.21034	0.6247204
	34.21024	0.6250303
	34.20989	0.6251004
	34.20991	0.6247204
	34.20979	0.6242404
	34.20955	0.6241103
	34.20917	0.6241204
	34.20886	0.6246604
	34.20858	0.6248504
	34.2081	0.6247504
	34.20784	0.6249404
	34.2078	0.6256304
	34.20782	0.6259204
	34.20746	0.6258504
	34.20713	0.6256604
	34.20694	0.6254204
	34.20661	0.6253304
	34.20639	0.6255203
	34.2062	0.6253304
	34.20613	0.6250204
	34.20649	0.6247004
	34.20675	0.6245604
	34.20694	0.6242204
	34.20677	0.6239204
	34.20625	0.6236404
	34.20608	0.6234204
	34.2062	0.6228904
	34.20622	0.6225304
	34.20601	0.6221804
	34.2057	0.6219804
	34.20529	0.6218504
	34.20499	0.6218604
	34.20449	0.6222504
	34.20415	0.6222504
	34.20382	0.6220804
	34.20356	0.6220204
	34.20318	0.6221404
	34.20318	0.6225604
	34.20337	0.6228804
	34.2029	0.6229904
	34.20268	0.6227303
	34.20242	0.6225604
	34.20216	0.6226604
	34.20245	0.6231404
	34.20257	0.6236404
	34.2024	0.6238804
	34.20204	0.6239704
	34.20164	0.6240304
	34.20116	0.6239304
	34.20081	0.6241704
	34.20062	0.6245204
	34.20057	0.6248104
	34.20053	0.6255004
	34.20033	0.6259704
	34.20013	0.6254704
	34.19975	0.6254504
	34.19945	0.6252604
	34.19914	0.6249704
	34.19906	0.6244004
	34.19909	0.6240904
	34.19902	0.6237704
	34.19863	0.6236104
	34.19802	0.6240604
	34.19799	0.6244704
	34.19789	0.6247952
	34.19768	0.624714
	34.19745	0.6244949
	34.19744	0.6241227
	34.19765	0.623503
	34.19739	0.6231082
	34.19735	0.6226241
	34.19715	0.6224769
	34.19687	0.6225991
	34.19658	0.6228258
	34.19637	0.6227999
	34.1964	0.622362
	34.19668	0.6219211
	34.19647	0.6216875
	34.1959	0.6214754
	34.19591	0.6213505
	34.19683	0.6210429
	34.19685	0.6208668
	34.19668	0.6207543
	34.19613	0.6207389
	34.19581	0.6206506
	34.19561	0.6203643
	34.19545	0.6199805
	34.19549	0.6197542
	34.196	0.6197293
	34.19624	0.619647
	34.19629	0.6193686
	34.19678	0.619003
	34.19691	0.6187879
	34.19711	0.6186221
	34.19704	0.6184154
	34.19681	0.6182463
	34.1961	0.6180266
	34.19571	0.6180328
	34.19501	0.6186993
	34.19483	0.618592
	34.1947	0.6183045
	34.19481	0.617973
	34.19466	0.6177696
	34.19426	0.6177898
	34.19412	0.618093
	34.19401	0.6185
	34.19378	0.6187311
	34.19377	0.6189143
	34.19397	0.6192982
	34.19393	0.6196953
	34.19369	0.6198907
	34.19312	0.6198779
	34.19301	0.6198346
	34.19301	0.6196652
	34.19336	0.6190323
	34.19352	0.6186221
	34.19317	0.6185114
	34.19275	0.6189364
	34.19238	0.6190156
	34.19237	0.6191504
	34.19257	0.6193528
	34.19249	0.6195171
	34.19205	0.6197421
	34.19201	0.6200434
	34.19189	0.6200541
	34.19183	0.6197894
	34.19174	0.6192334
	34.19208	0.6188019
	34.19182	0.6185696
	34.1916	0.6185417
	34.1915	0.6184421
	34.19159	0.6179934
	34.19183	0.6176145
	34.19205	0.6175006
	34.19237	0.6174845
	34.1926	0.6174945
	34.19271	0.6173693
	34.19274	0.6171405
	34.19268	0.617025
	34.19262	0.6168058
	34.19238	0.6165563
	34.19236	0.6164143
	34.19244	0.6162114
	34.19233	0.6160431
	34.19207	0.6157461
	34.19176	0.6157348
	34.19129	0.6160139
	34.19113	0.6162606
	34.1909	0.6164053
	34.19075	0.6163467
	34.19063	0.6161165
	34.19035	0.6159219
	34.19012	0.616072
	34.19001	0.6160319
	34.19008	0.6157528
	34.19042	0.615571
	34.19087	0.6154248
	34.19102	0.6152294
	34.19102	0.6149358
	34.19125	0.6147304
	34.19154	0.6146878
	34.19167	0.6145921
	34.19176	0.6138693
	34.19193	0.6134828
	34.19185	0.6131783
	34.19143	0.6128248
	34.1912	0.6128527
	34.19083	0.6133813
	34.19052	0.6136203
	34.1904	0.6138209
	34.19027	0.6138264
	34.18972	0.6136116
	34.18944	0.6135805
	34.18934	0.6135207
	34.18937	0.6133412
	34.18961	0.6128123
	34.18987	0.6125282
	34.18987	0.612329
	34.18968	0.6120583
	34.18932	0.6119227
	34.18887	0.611935
	34.18855	0.611803
	34.18832	0.6121658
	34.18796	0.6122663
	34.18767	0.6121091
	34.18746	0.611543
	34.18779	0.6109144
	34.18773	0.6107512
	34.18727	0.6109976
	34.18709	0.610962
	34.18664	0.6104556
	34.18628	0.6104532
	34.18613	0.6108664
	34.18587	0.6110745
	34.18567	0.6109545
	34.18577	0.610283
	34.18555	0.6099805
	34.18472	0.609683
	34.18469	0.6094419
	34.18478	0.6093043
	34.18512	0.6091068
	34.18568	0.6089579
	34.18605	0.6090337
	34.18624	0.6090886
	34.18635	0.6089754
	34.18648	0.608428
	34.18629	0.6079579
	34.18632	0.6076569
	34.18658	0.6072923
	34.18714	0.6069752
	34.18762	0.6067717
	34.18756	0.6066042
	34.1867	0.6063991
	34.18655	0.6061262
	34.18681	0.6055724
	34.1872	0.6054054
	34.18722	0.6050844
	34.18703	0.6050522
	34.18677	0.6051589
	34.1866	0.6049861
	34.18663	0.6047012
	34.18685	0.6045104
	34.18648	0.603913
	34.18608	0.603963
	34.18567	0.6046209
	34.18563	0.6049426
	34.1855	0.6050368
	34.18516	0.6048985
	34.18477	0.6046121
	34.18473	0.6042099
	34.1846	0.6041207
	34.1842	0.6040986
	34.18385	0.6037578
	34.18347	0.6037499
	34.18308	0.6045473
	34.1831	0.6047593
	34.18317	0.6051561
	34.18308	0.6054275
	34.18294	0.6054654
	34.18271	0.6052833
	34.18177	0.6048319
	34.18147	0.604713
	34.18127	0.604884
	34.18114	0.6051223
	34.18091	0.6054573
	34.18058	0.6054545
	34.18043	0.6051901
	34.18008	0.6053089
	34.18012	0.6056683
	34.17978	0.605744
	34.17945	0.6059142
	34.17915	0.6059526
	34.17888	0.6056622
	34.17872	0.6058016
	34.17904	0.6065735
	34.17892	0.6066612
	34.17853	0.6065124
	34.17817	0.6065314
	34.17798	0.606393
	34.17795	0.6062196
	34.17758	0.6062082
	34.17748	0.6056966
	34.17733	0.6054892
	34.17673	0.6053439
	34.1765	0.6052142
	34.17625	0.6048827
	34.17622	0.604603
	34.17639	0.604153
	34.17638	0.603833
	34.176	0.603863
	34.17574	0.604013
	34.17548	0.604313
	34.17563	0.605013
	34.17558	0.605363
	34.17529	0.605303
	34.17525	0.604893
	34.1751	0.604413
	34.17491	0.604153
	34.17437	0.603913
	34.17391	0.603653
	34.17408	0.603393
	34.17432	0.603073
	34.17432	0.602653
	34.17455	0.602313
	34.17479	0.602073
	34.17465	0.601723
	34.17422	0.601553
	34.17412	0.601223
	34.174	0.600903
	34.17362	0.601003
	34.17365	0.601383
	34.17374	0.601793
	34.17344	0.601983
	34.17325	0.602273
	34.17294	0.602533
	34.17257	0.602503
	34.1724	0.602163
	34.17245	0.601853
	34.17264	0.601523
	34.1724	0.601263
	34.17197	0.601333
	34.17188	0.601833
	34.17152	0.602003
	34.17112	0.601933
	34.17084	0.601713
	34.17083	0.6016497
	34.17085	0.6015392
	34.17098	0.6012666
	34.17105	0.6011581
	34.1711	0.6011169
	34.17132	0.601032
	34.17147	0.6009548
	34.17153	0.6009421
	34.17164	0.6009606
	34.17175	0.6009528
	34.1718	0.6009226
	34.17185	0.600862
	34.17186	0.600731
	34.17178	0.6005893
	34.17173	0.6005287
	34.17162	0.6004632
	34.17152	0.6003557
	34.17148	0.6002902
	34.17148	0.6002277
	34.17151	0.6001603
	34.1716	0.6000596
	34.17166	0.6000244
	34.17174	0.5999071
	34.17177	0.5997674
	34.17175	0.5996941
	34.17171	0.5996511
	34.17161	0.5996188
	34.1715	0.5996423
	34.17132	0.5997635
	34.17123	0.5998495
	34.17117	0.5998749
	34.17103	0.5998974
	34.17095	0.5998895
	34.17087	0.5998602
	34.17052	0.5996736
	34.17047	0.5996794
	34.17039	0.5996472
	34.17022	0.5996452
	34.17009	0.5995485
	34.16997	0.5995397
	34.16989	0.5995944
	34.16976	0.5999582
	34.16964	0.5999856
	34.16959	0.5999786
	34.16948	0.5999068
	34.16919	0.5997798
	34.16911	0.59977
	34.16904	0.5997348
	34.16895	0.5997348
	34.16881	0.5996996
	34.16871	0.5996937
	34.16861	0.5997192
	34.16852	0.5997895
	34.1684	0.5999615
	34.16834	0.6001003
	34.16825	0.6002528
	34.1682	0.6003173
	34.16811	0.6003505
	34.16802	0.6003525
	34.16796	0.6003231
	34.16791	0.6002547
	34.16775	0.5997368
	34.16769	0.599684
	34.16743	0.5995843
	34.16732	0.5995667
	34.16721	0.5995862
	34.16694	0.5997211
	34.16686	0.5997661
	34.16682	0.5998814
	34.16676	0.599942
	34.16669	0.5999557
	34.16662	0.5999302
	34.16649	0.5997368
	34.16647	0.5995862
	34.16654	0.5993966
	34.16667	0.5992657
	34.16672	0.599166
	34.16671	0.5990859
	34.16665	0.5990057
	34.16649	0.5988963
	34.16625	0.598777
	34.16617	0.5987691
	34.16591	0.5986326
	34.16578	0.5986306
	34.16571	0.5986013
	34.16568	0.598525
	34.16568	0.5984312
	34.16603	0.5980755
	34.16606	0.598009
	34.16604	0.5979523
	34.16598	0.5979035
	34.16589	0.5978702
	34.16579	0.5978487
	34.16559	0.5978839
	34.16553	0.5978565
	34.16548	0.5977881
	34.16545	0.597706
	34.16547	0.5976044
	34.16557	0.5973523
	34.16575	0.5971353
	34.16577	0.5970552
	34.16574	0.5969867
	34.16566	0.5969731
	34.16542	0.5970669
	34.16531	0.5972389
	34.1652	0.5975594
	34.16498	0.5978448
	34.1649	0.59788
	34.16485	0.5978546
	34.16481	0.597792
	34.16476	0.5976787
	34.16474	0.5975497
	34.16475	0.5970141
	34.16487	0.5967307
	34.16488	0.596674
	34.16485	0.5965743
	34.1648	0.5965606
	34.16464	0.5966017
	34.16436	0.5968128
	34.16422	0.5969457
	34.16413	0.5969907
	34.16406	0.5969848
	34.16401	0.5969574
	34.16398	0.596891
	34.164	0.5967796
	34.16412	0.5965274
	34.16426	0.5961541
	34.16428	0.5960388
	34.16425	0.5958492
	34.164	0.5955149
	34.1639	0.5955266
	34.16385	0.5955814
	34.16377	0.5957729
	34.16375	0.5959684
	34.16377	0.5963046
	34.16376	0.5964453
	34.16373	0.5965489
	34.16357	0.5966955
	34.16342	0.596717
	34.16337	0.5966896
	34.16332	0.5966349
	34.16324	0.5963222
	34.16329	0.5961794
	34.16336	0.5960798
	34.16351	0.5956713
	34.16352	0.5956107
	34.16345	0.5955403
	34.16335	0.5954895
	34.16293	0.5953834
	34.16287	0.5953987
	34.16276	0.5954614
	34.16271	0.59552
	34.16264	0.5956881
	34.16263	0.5957838
	34.16264	0.595903
	34.16271	0.596123
	34.16277	0.5963898
	34.16288	0.5966293
	34.16286	0.5966811
	34.16281	0.5967221
	34.16271	0.5967622
	34.16259	0.5967847
	34.16241	0.5967856
	34.16229	0.5967661
	34.16221	0.5967192
	34.16216	0.5966547
	34.16212	0.5965511
	34.16208	0.5962735
	34.16204	0.5961152
	34.16204	0.5960136
	34.16208	0.59591
	34.16206	0.595822
	34.16202	0.5957555
	34.16175	0.5955151
	34.16172	0.5954721
	34.16173	0.5953939
	34.16183	0.5952258
	34.16195	0.5948897
	34.16201	0.5948017
	34.16201	0.5947157
	34.16198	0.5946825
	34.1618	0.5946981
	34.16171	0.5947235
	34.16153	0.5948252
	34.16145	0.5948173
	34.1611	0.5946316
	34.16103	0.5946121
	34.16093	0.5946688
	34.16084	0.5946903
	34.16077	0.5946727
	34.16073	0.5946219
	34.1607	0.5945437
	34.16067	0.594399
	34.16071	0.5942544
	34.16077	0.5941489
	34.16086	0.5940941
	34.16102	0.5940335
	34.16109	0.5939886
	34.16114	0.5939163
	34.16112	0.5938322
	34.16108	0.5937775
	34.161	0.5937443
	34.16091	0.5937325
	34.16084	0.5937423
	34.16055	0.5939163
	34.16038	0.594064
	34.16029	0.5942588
	34.16022	0.5943501
	34.16016	0.5943666
	34.16012	0.5943584
	34.16006	0.5942699
	34.16004	0.5939935
	34.16006	0.5939161
	34.16017	0.5937889
	34.16042	0.5934268
	34.16045	0.5933895
	34.16055	0.593348
	34.16071	0.5932305
	34.16081	0.5931918
	34.16094	0.5931711
	34.16102	0.5931338
	34.16107	0.5930481
	34.16107	0.5929237
	34.161	0.5928864
	34.16087	0.592867
	34.16075	0.592874
	34.16064	0.5928961
	34.1604	0.5930149
	34.16033	0.5930218
	34.1602	0.5930992
	34.16009	0.5932596
	34.16001	0.5934116
	34.15997	0.5934489
	34.15992	0.5934682
	34.15986	0.5934448
	34.15981	0.5933949
	34.15966	0.5931535
	34.15955	0.5930715
	34.15931	0.5928389
	34.15929	0.5927744
	34.1593	0.5927079
	34.15939	0.5925613
	34.15945	0.59253
	34.15951	0.59253
	34.15955	0.5925554
	34.1597	0.5926903
	34.15974	0.5926825
	34.15977	0.5926375
	34.15978	0.5925261
	34.15976	0.5924421
	34.15968	0.5923033
	34.15958	0.5921837
	34.15942	0.592069
	34.15934	0.5919529
	34.15934	0.5918714
	34.15942	0.5917151
	34.15943	0.5916544
	34.15942	0.5916226
	34.15931	0.5915728
	34.15923	0.5915811
	34.15911	0.5916419
	34.15901	0.5916986
	34.15888	0.5919225
	34.15879	0.5919501
	34.15871	0.5919474
	34.15835	0.5917829
	34.15822	0.5918506
	34.15817	0.5918935
	34.1581	0.5920192
	34.15805	0.5920455
	34.15799	0.5920303
	34.15796	0.591993
	34.15793	0.5918509
	34.15787	0.5916857
	34.15785	0.5915284
	34.15781	0.5914922
	34.15767	0.5914815
	34.15753	0.5913869
	34.15733	0.5911873
	34.1571	0.5910778
	34.15707	0.5909977
	34.15714	0.5908003
	34.15721	0.5905325
	34.15728	0.5903253
	34.15733	0.5902276
	34.15734	0.5901611
	34.15733	0.5901005
	34.15727	0.5900536
	34.15705	0.5899852
	34.15702	0.5899188
	34.15702	0.5898425
	34.15704	0.5897761
	34.15711	0.5896901
	34.15723	0.5896002
	34.15725	0.5895415
	34.15721	0.589475
	34.1571	0.589436
	34.15682	0.589264
	34.15671	0.5892561
	34.15654	0.5893111
	34.15636	0.5894059
	34.15627	0.5894313
	34.15621	0.5894284
	34.15615	0.5893981
	34.156	0.589184
	34.15594	0.5891263
	34.15585	0.5890745
	34.1555	0.5889729
	34.15544	0.5889758
	34.15518	0.589059
	34.15509	0.5890535
	34.15501	0.589001
	34.15498	0.5889457
	34.15508	0.5887467
	34.15516	0.5884426
	34.15517	0.5883307
	34.15511	0.588198
	34.155	0.5880943
	34.15493	0.5879312
	34.15488	0.5878732
	34.15482	0.5878525
	34.15472	0.5878939
	34.15459	0.5880128
	34.15443	0.5883625
	34.15437	0.5884316
	34.15429	0.5884841
	34.1541	0.5885311
	34.15399	0.5885228
	34.15374	0.5883583
	34.15369	0.5883003
	34.15365	0.5881744
	34.15364	0.5880169
	34.15373	0.5878829
	34.15382	0.5876465
	34.15399	0.5873577
	34.15396	0.5872194
	34.15384	0.5871475
	34.15378	0.5870702
	34.15374	0.5869955
	34.15373	0.5869029
	34.15379	0.5865974
	34.15388	0.5863985
	34.15395	0.5863376
	34.15398	0.5862409
	34.15398	0.5861248
	34.15391	0.5860529
	34.15366	0.5860944
	34.15356	0.5860916
	34.15352	0.586075
	34.15346	0.5859645
	34.15343	0.5858373
	34.15345	0.5855581
	34.1535	0.5854476
	34.15359	0.5853757
	34.15375	0.5853038
	34.15382	0.5852347
	34.15389	0.5851269
	34.15395	0.5849692
	34.154	0.5847399
	34.15398	0.5846266
	34.15394	0.5845464
	34.15386	0.5845105
	34.15375	0.5845188
	34.15351	0.5845713
	34.15342	0.5846045
	34.15329	0.5847178
	34.1532	0.584809
	34.15316	0.5849223
	34.15312	0.5850606
	34.15311	0.5853702
	34.15307	0.5854144
	34.15299	0.5854282
	34.15266	0.5852844
	34.15257	0.5853011
	34.15241	0.5854918
	34.15235	0.5856051
	34.15227	0.5856576
	34.1522	0.5856493
	34.15204	0.5855608
	34.15159	0.5853785
	34.15148	0.5853121
	34.15126	0.5851241
	34.15115	0.5850689
	34.15106	0.5850495
	34.15084	0.5850854
	34.15078	0.5850495
	34.15056	0.5848529
	34.15028	0.5849413
	34.15023	0.5850291
	34.15016	0.58508
	34.15005	0.585076
	34.14988	0.5850096
	34.1498	0.5850096
	34.14972	0.5852363
	34.14978	0.585467
	34.14979	0.5855999
	34.14973	0.5856429
	34.14948	0.5856859
	34.1494	0.5856781
	34.14933	0.5856155
	34.14914	0.5849364
	34.14905	0.584802
	34.14897	0.584789
	34.1489	0.5848714
	34.14884	0.5849754
	34.14867	0.5851487
	34.14856	0.5851878
	34.14849	0.5851878
	34.1484	0.5851704
	34.14833	0.5851054
	34.14826	0.5849797
	34.14818	0.58488
	34.14814	0.584776
	34.14813	0.584659
	34.14816	0.5845637
	34.14832	0.5844032
	34.14842	0.5842386
	34.14855	0.584087
	34.14864	0.5838139
	34.14883	0.5835149
	34.14892	0.5834065
	34.14888	0.5832809
	34.14882	0.5832375
	34.14873	0.5832332
	34.14846	0.5833112
	34.14815	0.5834499
	34.14794	0.5835972
	34.14773	0.5837099
	34.14761	0.5836968
	34.14753	0.5836319
	34.14749	0.5835279
	34.14751	0.5832592
	34.14755	0.5831292
	34.14766	0.5829992
	34.14779	0.5828822
	34.14784	0.5827868
	34.14783	0.5827088
	34.14777	0.5826655
	34.14746	0.5825701
	34.14728	0.5826048
	34.147	0.5827088
	34.14689	0.5827955
	34.14671	0.5829775
	34.14663	0.5829818
	34.14631	0.5828388
	34.14615	0.5826265
	34.14598	0.5825192
	34.14575	0.5824412
	34.14561	0.5824585
	34.14552	0.5825365
	34.14542	0.5828052
	34.14533	0.5829266
	34.1452	0.5829352
	34.1451	0.5828486
	34.1451	0.5826579
	34.14503	0.5825192
	34.14494	0.5824932
	34.14475	0.5824932
	34.14458	0.5825279
	34.14445	0.5825279
	34.14429	0.5824932
	34.14423	0.5823718
	34.1443	0.5818778
	34.14437	0.5817044
	34.14441	0.5815051
	34.14447	0.5813751
	34.14457	0.5813231
	34.14471	0.5813924
	34.14483	0.5814097
	34.14488	0.5813057
	34.14487	0.5811497
	34.14467	0.5809362
	34.14449	0.5808452
	34.14439	0.5808538
	34.14395	0.5810792
	34.14381	0.5811918
	34.14371	0.5813175
	34.14364	0.5814519
	34.1436	0.5816036
	34.14352	0.5816859
	34.1434	0.5816599
	34.1433	0.5816079
	34.14297	0.5812049
	34.1429	0.5810445
	34.14289	0.5808625
	34.14294	0.5807151
	34.14293	0.5806025
	34.14286	0.5804898
	34.14278	0.5804204
	34.14268	0.5803814
	34.14256	0.5803771
	34.14249	0.5804118
	34.14244	0.5804724
	34.14243	0.5808105
	34.14246	0.5810358
	34.14259	0.5813002
	34.1426	0.5813999
	34.14252	0.5814692
	34.14239	0.5815342
	34.14217	0.5815602
	34.14205	0.5815082
	34.14193	0.5812699
	34.14194	0.5811572
	34.14203	0.5808582
	34.14203	0.5807151
	34.14197	0.5806241
	34.14188	0.5806068
	34.14178	0.5806848
	34.14168	0.5808018
	34.14161	0.5809534
	34.14155	0.5812049
	34.14123	0.5812005
	34.14115	0.5811052
	34.14116	0.5809968
	34.14121	0.5808582
	34.1412	0.5806588
	34.14111	0.5805028
	34.14101	0.5804768
	34.1409	0.5805678
	34.14064	0.5810228
	34.14054	0.5810792
	34.14026	0.5811441
	34.14007	0.5812785
	34.13998	0.5814476
	34.13996	0.5815906
	34.13991	0.5817423
	34.13981	0.5818203
	34.13975	0.5819286
	34.13958	0.582128
	34.13951	0.582193
	34.1394	0.5822536
	34.1393	0.5823577
	34.13929	0.5824747
	34.13949	0.5825613
	34.13951	0.5826784
	34.13945	0.5827737
	34.13935	0.5828561
	34.13923	0.582843
	34.13908	0.582765
	34.13897	0.582739
	34.13837	0.5828777
	34.13823	0.5828732
	34.12745	0.5585173
	34.12731	0.5577033
	34.12666	0.5466407
	34.12649	0.5428235
	34.1264	0.5400375
	34.12613	0.5392506
	34.11606	0.523088
	34.1204	0.5216309
	34.12258	0.5196405
	34.123	0.5172252
	34.12206	0.5157599
	34.12008	0.5138698
	34.11784	0.5112108
	34.1181	0.5054849
	34.11893	0.4965659
	34.11772	0.4949379
	34.11753	0.4929479
	34.11805	0.4895467
	34.11922	0.4862629
	34.11948	0.4833773
	34.11453	0.4806283
	34.11179	0.4784035
	34.10833	0.4752381
	34.10691	0.4735649
	34.10614	0.4727781
	34.10445	0.4712858
	34.10382	0.470421
	34.10222	0.4683372
	34.10175	0.4676833
	34.10095	0.4668351
	34.09944	0.4652995
	34.0977	0.4633214
	34.09541	0.4609846
	34.09344	0.4596598
	34.09237	0.4588873
	34.09154	0.4583884
	34.09134	0.4582114
	34.09083	0.4578681
	34.08956	0.4568757
	34.08921	0.4567165
	34.08841	0.4561531
	34.08874	0.4555488
	34.08937	0.4547075
	34.08934	0.4532782
	34.0894	0.4526903
	34.08994	0.45184
	34.09037	0.4514962
	34.09043	0.4509534
	34.09029	0.4504107
	34.09028	0.4501303
	34.09008	0.4494609
	34.09016	0.4491986
	34.09013	0.4484749
	34.09029	0.448086
	34.09055	0.4478779
	34.09059	0.4472175
	34.09078	0.4466114
	34.09081	0.4462496
	34.09106	0.4458335
	34.09128	0.4450827
	34.09128	0.4447932
	34.09124	0.4444676
	34.09128	0.4438524
	34.09136	0.443572
	34.09136	0.4429298
	34.09158	0.4424865
	34.09153	0.4421518
	34.09138	0.4416724
	34.09109	0.4415368
	34.09097	0.4411569
	34.09043	0.4408675
	34.09027	0.4405781
	34.09018	0.440171
	34.08983	0.4396736
	34.08957	0.4394113
	34.08945	0.4387057
	34.08978	0.4380634
	34.08995	0.4375026
	34.08986	0.4371679
	34.08996	0.4369146
	34.09002	0.4362724
	34.08999	0.4359286
	34.09028	0.4353135
	34.09012	0.4332149
	34.08981	0.4311073
	34.0897	0.4290992
	34.09	0.4269192
	34.0902	0.4262407
	34.09049	0.4254627
	34.09103	0.4244315
	34.09139	0.4241419
	34.09205	0.4234725
	34.09314	0.4220069
	34.09392	0.4213374
	34.09507	0.4202337
	34.09588	0.4193562
	34.0969	0.4184876
	34.09829	0.4171396
	34.09944	0.4158912
	34.10037	0.4138739
	34.10042	0.413114
	34.10086	0.4116576
	34.1011	0.4092786
	34.10114	0.4081207
	34.10119	0.407578
	34.102	0.4044029
	34.10255	0.4025575
	34.10304	0.4017162
	34.10365	0.4004497
	34.10404	0.3994365
	34.10478	0.3977178
	34.10522	0.3962614
	34.10602	0.3940541
	34.10659	0.3919103
	34.10682	0.3906348
	34.10728	0.3885181
	34.10734	0.3874597
	34.10785	0.3841399
	34.10817	0.3830092
	34.1086	0.3808924
	34.10879	0.3787577
	34.10868	0.3775998
	34.10864	0.3753294
	34.10849	0.3729504
	34.10832	0.3716569
	34.10826	0.3707795
	34.1079	0.3694046
	34.1071	0.3678036
	34.10621	0.3667002
	34.10579	0.366248
	34.10442	0.3653798
	34.10379	0.3645929
	34.10329	0.3643939
	34.10303	0.3643216
	34.10268	0.3640322
	34.10259	0.3637789
	34.10243	0.3635618
	34.10222	0.3632
	34.1022	0.3627568
	34.10249	0.3624311
	34.10258	0.3620874
	34.10232	0.3618974
	34.10218	0.3616351
	34.10216	0.3613456
	34.10185	0.3611829
	34.10145	0.3610563
	34.10117	0.3608121
	34.10127	0.3602694
	34.10092	0.3598714
	34.10064	0.3596272
	34.10035	0.3598172
	34.10009	0.3598805
	34.09999	0.3596001
	34.10001	0.3592926
	34.09993	0.3588575
	34.10015	0.3583403
	34.10031	0.357683
	34.10035	0.3570112
	34.10059	0.3560799
	34.1003	0.354461
	34.09992	0.3539102
	34.0997	0.3536463
	34.09938	0.3533319
	34.09892	0.3529894
	34.09855	0.3527856
	34.09844	0.3529844
	34.09792	0.3529236
	34.09805	0.3527347
	34.09834	0.3527166
	34.09839	0.3523819
	34.09826	0.3515588
	34.09803	0.3511698
	34.09808	0.3508713
	34.09841	0.3510884
	34.09857	0.3515135
	34.09885	0.3516582
	34.09905	0.3513778
	34.09879	0.351016
	34.09846	0.3507265
	34.09882	0.350238
	34.09903	0.3500389
	34.09896	0.3497766
	34.0978	0.3491256
	34.09731	0.3488814
	34.09695	0.3486191
	34.09649	0.3480945
	34.09592	0.3476152
	34.09573	0.34738
	34.09543	0.347181
	34.09441	0.3469821
	34.09424	0.3473078
	34.09394	0.3468013
	34.09383	0.346548
	34.09401	0.3462314
	34.09349	0.3460686
	34.09305	0.3460415
	34.09264	0.345924
	34.09246	0.3455531
	34.09205	0.3455532
	34.09197	0.3462588
	34.09182	0.346512
	34.09147	0.3464035
	34.09106	0.3459513
	34.09095	0.3455624
	34.09139	0.3453995
	34.09164	0.3451552
	34.09138	0.344513
	34.09085	0.3443503
	34.09064	0.3447573
	34.09031	0.3450287
	34.09017	0.3441332
	34.08962	0.3440157
	34.08958	0.3435996
	34.08931	0.3432107
	34.08961	0.3428307
	34.08935	0.3424961
	34.08908	0.3423785
	34.08783	0.3410851
	34.08721	0.3410581
	34.0868	0.3409134
	34.08662	0.3406782
	34.08656	0.3400902
	34.08602	0.3394028
	34.08572	0.3393486
	34.0854	0.3395929
	34.08505	0.3397014
	34.08483	0.3391768
	34.08463	0.3388602
	34.08461	0.3385617
	34.08443	0.3383266
	34.08406	0.3383447
	34.084	0.3379377
	34.0842	0.3375758
	34.08389	0.3373859
	34.08389	0.3371145
	34.084	0.3364903
	34.08343	0.3363728
	34.08309	0.3364543
	34.08251	0.3369247
	34.08196	0.3369881
	34.08154	0.3370786
	34.08117	0.3370696
	34.08086	0.3369068
	34.08086	0.3364997
	34.08094	0.3360836
	34.08119	0.335767
	34.08165	0.3356855
	34.08191	0.3355951
	34.08189	0.3352061
	34.08153	0.3348172
	34.08116	0.3347629
	34.08081	0.3350343
	34.08076	0.3353509
	34.08053	0.335758
	34.08019	0.3355319
	34.0801	0.3349802
	34.08001	0.3346817
	34.07999	0.3343922
	34.08055	0.3340303
	34.08103	0.3339036
	34.08129	0.3337679
	34.08137	0.3330171
	34.08169	0.3327005
	34.08163	0.332429
	34.08133	0.3324201
	34.08043	0.332773
	34.08058	0.3320222
	34.08049	0.3317508
	34.08079	0.3317327
	34.08097	0.3314794
	34.08059	0.3312984
	34.08024	0.3311809
	34.07997	0.3312172
	34.07907	0.3315519
	34.07874	0.3317781
	34.0784	0.3317963
	34.07831	0.3314254
	34.07846	0.3311088
	34.07836	0.3308465
	34.07813	0.3306565
	34.07783	0.3305842
	34.07742	0.3306476
	34.07719	0.3304848
	34.07655	0.3303672
	34.07589	0.3300417
	34.0755	0.329924
	34.07527	0.3296889
	34.07523	0.3292367
	34.0751	0.3289833
	34.07482	0.3290015
	34.07468	0.3292458
	34.07467	0.3301413
	34.07433	0.3299514
	34.07406	0.3296258
	34.07386	0.3293092
	34.07386	0.3289926
	34.07409	0.3288569
	34.07448	0.3288568
	34.07474	0.3286759
	34.07465	0.3283412
	34.0741	0.3283774
	34.07366	0.328486
	34.07333	0.3283866
	34.07397	0.3278076
	34.07384	0.3271834
	34.07341	0.3268398
	34.07325	0.3265684
	34.07335	0.3262427
	34.07324	0.3259985
	34.0728	0.3260075
	34.07243	0.32589
	34.07209	0.3256187
	34.0721	0.3253383
	34.07185	0.3251303
	34.07162	0.3252931
	34.07141	0.3256097
	34.07103	0.3258992
	34.07076	0.3259897
	34.07065	0.3252751
	34.07027	0.3250943
	34.0698	0.3253385
	34.06937	0.3254924
	34.06879	0.3255467
	34.06836	0.3258091
	34.06773	0.3257187
	34.06726	0.3255921
	34.06697	0.3255921
	34.06616	0.3258635
	34.06533	0.3256374
	34.06502	0.3258999
	34.06471	0.3260356
	34.06428	0.3259362
	34.06417	0.3252938
	34.06391	0.3251221
	34.06353	0.3251673
	34.06348	0.3254478
	34.06325	0.3257915
	34.06299	0.3256197
	34.06254	0.3257554
	34.06235	0.325475
	34.06221	0.3251132
	34.0619	0.3252037
	34.06179	0.3248238
	34.06177	0.3245434
	34.06146	0.3243534
	34.06108	0.3244891
	34.06056	0.3243355
	34.05984	0.3244441
	34.05982	0.3241184
	34.06006	0.3239284
	34.05997	0.3236661
	34.0595	0.3238019
	34.05911	0.3241276
	34.05883	0.3238653
	34.05882	0.3245256
	34.05886	0.3248331
	34.05869	0.3251226
	34.05824	0.3251589
	34.05805	0.3249689
	34.05837	0.3242633
	34.05797	0.324191
	34.05761	0.3244443
	34.05708	0.3246253
	34.05685	0.3244806
	34.05673	0.3242002
	34.05626	0.3237931
	34.0561	0.3233137
	34.05639	0.3230785
	34.05685	0.3229428
	34.05732	0.3227166
	34.05747	0.3223367
	34.05729	0.3219387
	34.05741	0.321604
	34.05763	0.321423
	34.05794	0.321233
	34.05794	0.3209074
	34.05759	0.3209255
	34.05736	0.3205818
	34.05773	0.319641
	34.05805	0.3190259
	34.05802	0.3183746
	34.0581	0.3180941
	34.05861	0.3172076
	34.05871	0.3169453
	34.05871	0.3164297
	34.05843	0.316095
	34.05825	0.3152628
	34.05871	0.3151542
	34.05899	0.3153713
	34.05937	0.3152808
	34.05947	0.3148104
	34.05932	0.313933
	34.05951	0.3135349
	34.06041	0.3138242
	34.06042	0.3134263
	34.06014	0.3129921
	34.06005	0.3127389
	34.05986	0.3125399
	34.05922	0.3126575
	34.05869	0.3128566
	34.05858	0.312531
	34.05809	0.3118797
	34.05764	0.3116446
	34.05728	0.3116175
	34.05684	0.3114818
	34.05657	0.3107672
	34.05598	0.3103602
	34.05543	0.3106136
	34.05446	0.3101976
	34.05427	0.3098357
	34.05421	0.3095101
	34.05395	0.3090307
	34.05243	0.3090128
	34.05207	0.3091033
	34.05186	0.3089314
	34.05191	0.3086238
	34.05206	0.3083253
	34.05158	0.3083616
	34.05077	0.308633
	34.05046	0.3086602
	34.05038	0.3079456
	34.05158	0.3068509
	34.0514	0.3063534
	34.05112	0.3058559
	34.05075	0.3062992
	34.05058	0.3066249
	34.05032	0.3064802
	34.05033	0.3061726
	34.0504	0.305865
	34.05031	0.3055123
	34.05005	0.3054399
	34.04981	0.3057656
	34.04977	0.3053404
	34.04949	0.3049334
	34.04922	0.3052591
	34.04891	0.3053405
	34.04897	0.3045716
	34.04886	0.3039565
	34.04834	0.3034591
	34.04842	0.3029615
	34.04878	0.3026359
	34.04877	0.3016679
	34.04897	0.3013423
	34.0489	0.30108
	34.04995	0.2998768
	34.05002	0.2985561
	34.05023	0.2974525
	34.05002	0.2966836
	34.04919	0.2956434
	34.04871	0.2948836
	34.04823	0.2943319
	34.04795	0.293563
	34.04692	0.2941239
	34.0463	0.2934998
	34.04516	0.2934999
	34.04458	0.2928758
	34.04424	0.292107
	34.04313	0.2921071
	34.04231	0.29246
	34.04162	0.2911393
	34.04221	0.2901352
	34.04214	0.2894386
	34.04276	0.2888868
	34.04282	0.2882627
	34.04241	0.2878466
	34.04138	0.2872225
	34.04076	0.2866708
	34.04007	0.286119
	34.04035	0.2852868
	34.04055	0.2839661
	34.04069	0.2833419
	34.0409	0.2827177
	34.04055	0.2822293
	34.03979	0.2820937
	34.03986	0.2811981
	34.04021	0.2806373
	34.04145	0.2796693
	34.04193	0.279253
	34.0421	0.278249
	34.04141	0.2774169
	34.041	0.2765847
	34.04038	0.2758882
	34.03948	0.2751284
	34.039	0.2750561
	34.03852	0.2754723
	34.03811	0.275617
	34.0379	0.2747848
	34.03811	0.2740883
	34.03811	0.2732561
	34.03776	0.2727043
	34.03707	0.2727677
	34.03528	0.2724964
	34.03501	0.2717366
	34.03453	0.2714563
	34.03315	0.2713207
	34.03253	0.2705518
	34.03177	0.2702082
	34.03019	0.2702807
	34.02991	0.2694485
	34.02909	0.2691681
	34.02819	0.269512
	34.02771	0.2705523
	34.02633	0.2690327
	34.02578	0.269304
	34.02489	0.2683363
	34.02461	0.2677121
	34.02492	0.2666356
	34.02444	0.2651793
	34.02382	0.2636597
	34.02361	0.2629631
	34.02258	0.2626195
	34.0221	0.2619954
	34.02189	0.2612988
	34.02168	0.2599872
	34.02244	0.2574181
	34.02292	0.2566581
	34.0221	0.2554823
	34.02127	0.2545778
	34.02017	0.2541618
	34.01872	0.2528412
	34.0181	0.2524251
	34.01736	0.2526694
	34.01679	0.2520815
	34.01583	0.2516655
	34.01277	0.2474775
	34.01125	0.2463649
	34.00891	0.2451168
	34.00746	0.2435248
	34.00233	0.2355195
	34.0002	0.231431
	33.99689	0.2261574
	33.97308	0.1935663
	33.97213	0.1917481
	33.97171	0.1912687
	33.91313	0.1111641
	33.91254	0.1111641
	33.91234	0.1106632
	33.91234	0.1097616
	33.91184	0.1090103
	33.91074	0.1076579
	33.9104	0.1068565
	33.91035	0.1059549
	33.91079	0.1036007
	33.9103	0.1029496
	33.9099	0.1021983
	33.9101	0.101497
	33.9106	0.1007958
	33.91124	0.1002447
	33.91209	0.1000945
	33.91273	0.0996436
	33.94184	1.71e-05
	33.98703	-0.1284525
	33.98601	-0.1500905
	33.97095	-0.2471898
	33.97111	-0.2473274
	33.95485	-0.340716
	33.93538	-0.459872
	33.93198	-0.5164362
	33.92858	-0.5370052
	33.92888	-0.9931393
	33.6572	-0.996385
	33.51939	-0.9964611
	33.51939	-0.9965011
	32.8744	-0.9966847
	32.8744	-0.997365
	32.75026	-0.9973211
	31.99917	-0.9971774
	31.87697	-0.9973757
	31.83914	-1.028136
	31.82832	-1.021614
	31.81991	-0.9973757
	31.78614	-0.997001
	31.27007	-0.9965736
	31.05368	-0.996696
	31.05295	-0.9965691
	31.05293	-0.9968132
	31.05266	-0.9970843
	31.05233	-0.9972017
	31.05182	-0.9972286
	31.05058	-0.9971373
	31.04998	-0.9972004
	31.04793	-0.9972623
	31.04772	-0.9976511
	31.0474	-0.9978859
	31.04686	-0.9980663
	31.04531	-0.9980384
	31.04502	-0.9979115
	31.04463	-0.9980379
	31.04407	-0.9986073
	31.04356	-0.998634
	31.04305	-0.9985163
	31.042	-0.9984251
	31.04179	-0.9984793
	31.04158	-0.9981807
	31.04132	-0.9980631
	31.04096	-0.9979996
	31.04075	-0.9978187
	31.0401	-0.9974294
	31.03953	-0.997429
	31.03867	-0.997103
	31.03808	-0.9970393
	31.03686	-0.9967131
	30.80335	-1.001003
	30.79839	-0.9963082
	30.79799	-0.9962356
	30.7978	-0.996118
	30.79585	-0.9946611
	30.7935	-0.9936017
	30.79222	-0.9930765
	30.76574	-0.9857859
	30.75388	-0.9912984
	30.7389	-1.006172
	30.71966	-1.014284
	30.69916	-1.016156
	30.67534	-1.032798
	30.67191	-1.038888
	30.66797	-1.043902
	30.66798	-1.045014
	30.66824	-1.047211
	30.66821	-1.047934
	30.66757	-1.048937
	30.66635	-1.049913
	30.66562	-1.050563
	30.66504	-1.051376
	30.66449	-1.052452
	30.66411	-1.053283
	30.66355	-1.053897
	30.66279	-1.054204
	30.66177	-1.053959
	30.66101	-1.053606
	30.6608	-1.053823
	30.66054	-1.054347
	30.66051	-1.055395
	30.66065	-1.056399
	30.6602	-1.05714
	30.65989	-1.057311
	30.65915	-1.057835
	30.65862	-1.058531
	30.65827	-1.059606
	30.65769	-1.059985
	30.6568	-1.060184
	30.6554	-1.06021
	30.6541	-1.060308
	30.65205	-1.061021
	30.65105	-1.061183
	30.64694	-1.063069
	30.64461	-1.063763
	30.6436	-1.063961
	30.64232	-1.063797
	30.64047	-1.063362
	30.63937	-1.063262
	30.63788	-1.063505
	30.6364	-1.063811
	30.63545	-1.063973
	30.63336	-1.063764
	30.63241	-1.063781
	30.63184	-1.064042
	30.63141	-1.064548
	30.63142	-1.065136
	30.63152	-1.065398
	30.6324	-1.066086
	30.63308	-1.066303
	30.63313	-1.066665
	30.63339	-1.067307
	30.63301	-1.068147
	30.63241	-1.068454
	30.63187	-1.068436
	30.63094	-1.068001
	30.6298	-1.066807
	30.62914	-1.066418
	30.62831	-1.06611
	30.6271	-1.065919
	30.62518	-1.065863
	30.62444	-1.065989
	30.62354	-1.065862
	30.62259	-1.065454
	30.62161	-1.065146
	30.62069	-1.065119
	30.61879	-1.065307
	30.61799	-1.065035
	30.61624	-1.064772
	30.61524	-1.064789
	30.61332	-1.063902
	30.6123	-1.063494
	30.61071	-1.062607
	30.61016	-1.062272
	30.60909	-1.062036
	30.60736	-1.06198
	30.60655	-1.06207
	30.60479	-1.061978
	30.60294	-1.061832
	30.59793	-1.061847
	30.59649	-1.062478
	30.5949	-1.062839
	30.59393	-1.062449
	30.59257	-1.0614
	30.59125	-1.060015
	30.58961	-1.059128
	30.58771	-1.058358
	30.58598	-1.05833
	30.5839	-1.058554
	30.58197	-1.059176
	30.58017	-1.059582
	30.57846	-1.060394
	30.57791	-1.060918
	30.57717	-1.06108
	30.57618	-1.060528
	30.5753	-1.060527
	30.57446	-1.061123
	30.57354	-1.061267
	30.57266	-1.061194
	30.57089	-1.061211
	30.56925	-1.061562
	30.56866	-1.061923
	30.56787	-1.062564
	30.56697	-1.063476
	30.56632	-1.06381
	30.56544	-1.064072
	30.56454	-1.064216
	30.56354	-1.064143
	30.56286	-1.06388
	30.56055	-1.062585
	30.55942	-1.062033
	30.55885	-1.061888
	30.55829	-1.062014
	30.5575	-1.062348
	30.5561	-1.063422
	30.55522	-1.064904
	30.5545	-1.065717
	30.55353	-1.065933
	30.55175	-1.065715
	30.54999	-1.065596
	30.54879	-1.065776
	30.54755	-1.066561
	30.54515	-1.068232
	30.54353	-1.069233
	30.54006	-1.072078
	30.53884	-1.072574
	30.53688	-1.072916
	30.53506	-1.07249
	30.53316	-1.071982
	30.53154	-1.071746
	30.53097	-1.072025
	30.5299	-1.072242
	30.52705	-1.073532
	30.52624	-1.073504
	30.52518	-1.073006
	30.52457	-1.07249
	30.52315	-1.072272
	30.52179	-1.071864
	30.52028	-1.071212
	30.51918	-1.070859
	30.51814	-1.070641
	30.51726	-1.070496
	30.51555	-1.070992
	30.51472	-1.070873
	30.51389	-1.070303
	30.51304	-1.069887
	30.51229	-1.069995
	30.51046	-1.070572
	30.5096	-1.070788
	30.50868	-1.070444
	30.50721	-1.069629
	30.50664	-1.068797
	30.5059	-1.06829
	30.50495	-1.067765
	30.50363	-1.066978
	30.50251	-1.065567
	30.50164	-1.065132
	30.501	-1.064653
	30.50038	-1.064507
	30.49988	-1.0641
	30.49988	-1.063793
	30.499	-1.062834
	30.49862	-1.062138
	30.49676	-1.060283
	30.49576	-1.059044
	30.49507	-1.058303
	30.49434	-1.057733
	30.4936	-1.057515
	30.49279	-1.057659
	30.49199	-1.057658
	30.49101	-1.057079
	30.48937	-1.05584
	30.48855	-1.055568
	30.48637	-1.055304
	30.48597	-1.05506
	30.48528	-1.054869
	30.48414	-1.054841
	30.48319	-1.05465
	30.48247	-1.054442
	30.48152	-1.054577
	30.48048	-1.054847
	30.4795	-1.055154
	30.47795	-1.054899
	30.47742	-1.054772
	30.4764	-1.054826
	30.4748	-1.054788
	30.47394	-1.054571
	30.47394	-1.054598
	30.47352	-1.054615
	30.47278	-1.054741
	30.47202	-1.054596
	30.47068	-1.053556
	30.46994	-1.052769
	30.46959	-1.0521
	30.46954	-1.050635
	30.46914	-1.05021
	30.4689	-1.050038
	30.46828	-1.05021
	30.46795	-1.050896
	30.46795	-1.051574
	30.46802	-1.052505
	30.46783	-1.05274
	30.46733	-1.052884
	30.46536	-1.052431
	30.46524	-1.052186
	30.46538	-1.05178
	30.46636	-1.050497
	30.46645	-1.050253
	30.46645	-1.050036
	30.46607	-1.049774
	30.46549	-1.049647
	30.46323	-1.049835
	30.46266	-1.050675
	30.46209	-1.050936
	30.46041	-1.052332
	30.43581	-1.051791
	30.43557	-1.052063
	30.43509	-1.052198
	30.43467	-1.051917
	30.43464	-1.051366
	30.43469	-1.050245
	30.4346	-1.050028
	30.43429	-1.049983
	30.43391	-1.050145
	30.43353	-1.050723
	30.43334	-1.051509
	30.43291	-1.052585
	30.43231	-1.053325
	30.43224	-1.053614
	30.43233	-1.05384
	30.433	-1.05404
	30.43381	-1.054212
	30.43407	-1.054402
	30.434	-1.054709
	30.43381	-1.054854
	30.43302	-1.055115
	30.4326	-1.055377
	30.43219	-1.055449
	30.43112	-1.055403
	30.43045	-1.055438
	30.42971	-1.055745
	30.42962	-1.056016
	30.42957	-1.056486
	30.42985	-1.056893
	30.4298	-1.057164
	30.4295	-1.0573
	30.4294	-1.057616
	30.42942	-1.058068
	30.42928	-1.058285
	30.4289	-1.058619
	30.42895	-1.059143
	30.42926	-1.059694
	30.42947	-1.05993
	30.42961	-1.060147
	30.42942	-1.060409
	30.42892	-1.060725
	30.4285	-1.060797
	30.42774	-1.061175
	30.42762	-1.06141
	30.42776	-1.0617
	30.42757	-1.061844
	30.42676	-1.061681
	30.42624	-1.061626
	30.42557	-1.06196
	30.42403	-1.062031
	30.42329	-1.062274
	30.42306	-1.062175
	30.42303	-1.062057
	30.42353	-1.061678
	30.42348	-1.061488
	30.42306	-1.061434
	30.42246	-1.06127
	30.42208	-1.061053
	30.42132	-1.061053
	30.4212	-1.060908
	30.42132	-1.060691
	30.42213	-1.060457
	30.42222	-1.060285
	30.42208	-1.06005
	30.42094	-1.05976
	30.42054	-1.059877
	30.41994	-1.060283
	30.41954	-1.060382
	30.41899	-1.06031
	30.41812	-1.060119
	30.41726	-1.060218
	30.4164	-1.060524
	30.41572	-1.060885
	30.41529	-1.060885
	30.41446	-1.059999
	30.41417	-1.059971
	30.41393	-1.060043
	30.4136	-1.060549
	30.41341	-1.060739
	30.41334	-1.060874
	30.41277	-1.06119
	30.4125	-1.06119
	30.41205	-1.060855
	30.41117	-1.06052
	30.41058	-1.059896
	30.40999	-1.059534
	30.40948	-1.059569
	30.40898	-1.06003
	30.40867	-1.06003
	30.40815	-1.059713
	30.40789	-1.059595
	30.40734	-1.059694
	30.40693	-1.059811
	30.40663	-1.059739
	30.40582	-1.059431
	30.40542	-1.059096
	30.40489	-1.059213
	30.40465	-1.059855
	30.40461	-1.060261
	30.40442	-1.060577
	30.40415	-1.060668
	30.40396	-1.060695
	30.40299	-1.05979
	30.40259	-1.059049
	30.40216	-1.058614
	30.40185	-1.058496
	30.40142	-1.058587
	30.40114	-1.058785
	30.40109	-1.058993
	30.4014	-1.059499
	30.40164	-1.05959
	30.4019	-1.059907
	30.40185	-1.060241
	30.40178	-1.060503
	30.40142	-1.060765
	30.40135	-1.060882
	30.40114	-1.061
	30.40071	-1.060954
	30.40028	-1.060863
	30.39963	-1.060899
	30.39904	-1.061305
	30.39856	-1.061567
	30.39828	-1.061684
	30.39801	-1.061539
	30.39782	-1.061304
	30.39768	-1.061042
	30.39804	-1.060436
	30.39825	-1.059867
	30.39794	-1.059704
	30.39766	-1.059487
	30.39716	-1.059767
	30.39649	-1.0603
	30.39597	-1.060778
	30.39561	-1.061519
	30.39507	-1.062133
	30.39388	-1.063162
	30.39255	-1.064164
	30.39236	-1.064625
	30.39241	-1.065005
	30.39222	-1.06524
	30.39182	-1.065158
	30.39147	-1.065375
	30.39123	-1.065564
	30.39121	-1.065853
	30.39105	-1.066061
	30.39075	-1.066215
	30.39052	-1.06616
	30.39016	-1.065825
	30.39007	-1.065635
	30.39002	-1.065111
	30.39016	-1.064513
	30.39033	-1.063991
	30.39021	-1.063774
	30.38997	-1.063774
	30.38969	-1.06399
	30.38954	-1.064252
	30.38942	-1.064587
	30.389	-1.064776
	30.38812	-1.064703
	30.38748	-1.064323
	30.38741	-1.063961
	30.38707	-1.063726
	30.38655	-1.063554
	30.38605	-1.063481
	30.38572	-1.063625
	30.38548	-1.06367
	30.38541	-1.063842
	30.38562	-1.064583
	30.38565	-1.065108
	30.38551	-1.065135
	30.38479	-1.064221
	30.38437	-1.063913
	30.38361	-1.063434
	30.38268	-1.062936
	30.38206	-1.062736
	30.38166	-1.062718
	30.38135	-1.062474
	30.3813	-1.062311
	30.38154	-1.062067
	30.38159	-1.061805
	30.38128	-1.061642
	30.38107	-1.061353
	30.38064	-1.060928
	30.38028	-1.060638
	30.37993	-1.060493
	30.37943	-1.060683
	30.37869	-1.060565
	30.3785	-1.060375
	30.37826	-1.060058
	30.37784	-1.060013
	30.37757	-1.060058
	30.37719	-1.060012
	30.37696	-1.059795
	30.37691	-1.059442
	30.37672	-1.059054
	30.37663	-1.058938
	30.37651	-1.058791
	30.3761	-1.058583
	30.3759	-1.058402
	30.3755	-1.059423
	30.37531	-1.060381
	30.37504	-1.060905
	30.3745	-1.061411
	30.37317	-1.062295
	30.37283	-1.062629
	30.37239	-1.062745
	30.37181	-1.062845
	30.3716	-1.06299
	30.37157	-1.063152
	30.37203	-1.063559
	30.37276	-1.063822
	30.37326	-1.064419
	30.37374	-1.064636
	30.37407	-1.065016
	30.37411	-1.065423
	30.37371	-1.066381
	30.37312	-1.066859
	30.37262	-1.066904
	30.37195	-1.066858
	30.37136	-1.06674
	30.37096	-1.065972
	30.37072	-1.065736
	30.37005	-1.065781
	30.36963	-1.065636
	30.36939	-1.065229
	30.3692	-1.065039
	30.36951	-1.064488
	30.36958	-1.064036
	30.36913	-1.06315
	30.36858	-1.062318
	30.36834	-1.062273
	30.36723	-1.062697
	30.36589	-1.062325
	30.36517	-1.062686
	30.36496	-1.06321
	30.36515	-1.064168
	30.36493	-1.064312
	30.36463	-1.064195
	30.36375	-1.062992
	30.36294	-1.062639
	30.36149	-1.062538
	30.36064	-1.062302
	30.36049	-1.062085
	30.36068	-1.061344
	30.36073	-1.060983
	30.3605	-1.060865
	30.35983	-1.06091
	30.35919	-1.060891
	30.35881	-1.060719
	30.35864	-1.060294
	30.359	-1.059436
	30.359	-1.059165
	30.35848	-1.058189
	30.358	-1.057736
	30.3575	-1.057826
	30.35677	-1.05816
	30.35628	-1.058584
	30.35483	-1.059442
	30.35464	-1.059803
	30.35464	-1.060255
	30.35447	-1.060661
	30.35426	-1.060878
	30.35414	-1.061637
	30.35397	-1.062044
	30.35376	-1.062242
	30.3535	-1.062242
	30.35319	-1.062115
	30.35253	-1.061238
	30.35153	-1.060324
	30.35136	-1.060279
	30.35127	-1.060486
	30.35143	-1.061355
	30.35217	-1.062838
	30.35212	-1.063262
	30.35162	-1.063406
	30.35079	-1.063532
	30.3506	-1.063649
	30.35065	-1.064219
	30.35041	-1.06439
	30.35031	-1.064625
	30.35084	-1.06487
	30.35116	-1.065114
	30.35173	-1.065765
	30.35185	-1.066118
	30.35151	-1.066669
	30.35125	-1.066913
	30.35087	-1.067129
	30.35066	-1.067147
	30.35023	-1.066912
	30.3489	-1.067218
	30.34866	-1.067389
	30.3485	-1.067724
	30.34867	-1.068328
	30.34871	-1.068754
	30.34833	-1.068989
	30.34823	-1.069278
	30.34807	-1.069992
	30.34826	-1.070299
	30.34814	-1.070922
	30.34828	-1.071139
	30.34906	-1.071041
	30.34954	-1.070852
	30.35001	-1.070834
	30.35016	-1.071042
	30.35008	-1.071503
	30.34983	-1.072081
	30.35045	-1.073085
	30.35055	-1.073663
	30.34986	-1.074476
	30.34969	-1.074855
	30.35019	-1.075524
	30.35021	-1.075814
	30.35019	-1.07622
	30.3505	-1.076456
	30.3505	-1.0766
	30.35009	-1.076862
	30.34981	-1.077485
	30.3495	-1.077846
	30.34924	-1.077964
	30.3489	-1.077584
	30.34876	-1.077584
	30.34822	-1.078252
	30.34823	-1.07855
	30.34837	-1.078912
	30.34839	-1.079192
	30.34868	-1.079409
	30.34875	-1.079626
	30.34844	-1.08034
	30.34844	-1.080774
	30.34856	-1.081298
	30.34808	-1.082328
	30.34818	-1.083114
	30.34818	-1.083665
	30.3481	-1.084262
	30.34782	-1.084741
	30.34762	-1.085183
	30.34728	-1.085635
	30.34705	-1.085707
	30.34588	-1.085616
	30.34524	-1.085967
	30.34417	-1.086229
	30.34389	-1.0864
	30.34334	-1.086427
	30.34329	-1.086813
	30.3431	-1.087095
	30.34286	-1.08714
	30.34279	-1.08733
	30.34279	-1.087547
	30.34265	-1.088026
	30.34272	-1.088288
	30.34244	-1.088857
	30.3421	-1.089074
	30.34165	-1.088929
	30.34132	-1.089172
	30.34065	-1.089868
	30.34029	-1.090138
	30.34026	-1.090473
	30.34043	-1.090834
	30.34031	-1.091286
	30.33986	-1.09181
	30.33983	-1.092334
	30.33976	-1.092551
	30.3394	-1.092885
	30.3391	-1.093346
	30.33888	-1.093608
	30.33898	-1.094891
	30.33895	-1.095252
	30.33907	-1.095397
	30.33928	-1.09556
	30.33924	-1.095849
	30.33905	-1.096039
	30.33871	-1.096165
	30.33862	-1.096237
	30.33865	-1.096627
	30.33874	-1.097096
	30.33855	-1.097593
	30.33907	-1.097738
	30.33926	-1.098118
	30.33914	-1.098696
	30.33893	-1.099102
	30.33885	-1.099409
	30.3389	-1.099771
	30.3385	-1.100277
	30.3385	-1.100774
	30.33845	-1.101063
	30.33797	-1.101713
	30.33801	-1.10203
	30.33772	-1.102391
	30.33768	-1.102743
	30.33781	-1.102924
	30.33807	-1.102924
	30.33812	-1.103286
	30.33797	-1.103665
	30.33819	-1.104596
	30.33854	-1.104859
	30.33861	-1.105148
	30.33892	-1.105248
	30.33949	-1.105917
	30.33947	-1.106251
	30.3394	-1.106486
	30.33949	-1.106803
	30.33928	-1.106866
	30.3392	-1.106943
	30.33916	-1.106992
	30.3391	-1.10718
	30.33909	-1.107258
	30.33925	-1.107941
	30.3392	-1.10842
	30.33968	-1.109017
	30.33957	-1.109415
	30.33948	-1.109966
	30.33952	-1.110228
	30.33976	-1.110373
	30.33981	-1.110535
	30.33974	-1.11078
	30.33945	-1.110942
	30.33938	-1.111086
	30.33957	-1.111403
	30.34021	-1.112018
	30.34019	-1.112407
	30.33985	-1.112903
	30.33995	-1.113048
	30.34083	-1.114007
	30.34095	-1.114386
	30.34118	-1.114893
	30.34125	-1.115245
	30.34118	-1.115751
	30.34124	-1.116005
	30.34143	-1.116411
	30.34122	-1.116905
	30.34105	-1.11717
	30.34105	-1.117532
	30.34126	-1.117984
	30.34124	-1.118436
	30.34188	-1.119159
	30.34188	-1.119711
	30.34198	-1.12009
	30.34186	-1.120569
	30.34178	-1.121193
	30.34162	-1.121545
	30.34202	-1.122069
	30.34227	-1.122729
	30.34267	-1.123163
	30.3431	-1.123995
	30.34355	-1.124402
	30.3435	-1.124646
	30.34369	-1.124927
	30.34391	-1.125406
	30.34399	-1.125888
	30.34424	-1.126771
	30.34424	-1.127277
	30.344	-1.127684
	30.34407	-1.12809
	30.34393	-1.128397
	30.34412	-1.12873
	30.34407	-1.12907
	30.34395	-1.12924
	30.34348	-1.129183
	30.34298	-1.129472
	30.34242	-1.129463
	30.34211	-1.129363
	30.34183	-1.128838
	30.34128	-1.128359
	30.34057	-1.128141
	30.34021	-1.127879
	30.33988	-1.128213
	30.33969	-1.127996
	30.33926	-1.128402
	30.33933	-1.128601
	30.33924	-1.128764
	30.33902	-1.128863
	30.33855	-1.128745
	30.33722	-1.128192
	30.33689	-1.128192
	30.33663	-1.128454
	30.33641	-1.128544
	30.33598	-1.128453
	30.33591	-1.128598
	30.33579	-1.128977
	30.33527	-1.129049
	30.33458	-1.129076
	30.33404	-1.129193
	30.33361	-1.129644
	30.333	-1.12968
	30.33293	-1.129942
	30.33295	-1.130258
	30.33283	-1.130592
	30.33205	-1.130564
	30.332	-1.130709
	30.33162	-1.130808
	30.33112	-1.130708
	30.33048	-1.131159
	30.33039	-1.131403
	30.33015	-1.131521
	30.32991	-1.13171
	30.32979	-1.132117
	30.32958	-1.132478
	30.32913	-1.132857
	30.32882	-1.132956
	30.32856	-1.132911
	30.3277	-1.133172
	30.32744	-1.133669
	30.32735	-1.133768
	30.32692	-1.133596
	30.32644	-1.133596
	30.32628	-1.133785
	30.32599	-1.133794
	30.32492	-1.133649
	30.32435	-1.13422
	30.32402	-1.134389
	30.32345	-1.134461
	30.32328	-1.134506
	30.32315	-1.134777
	30.32227	-1.134875
	30.32204	-1.135327
	30.32189	-1.135498
	30.32142	-1.13538
	30.3213	-1.135543
	30.32118	-1.136239
	30.32085	-1.136329
	30.32061	-1.1365
	30.32016	-1.136907
	30.31945	-1.137069
	30.31902	-1.137457
	30.31871	-1.137457
	30.31845	-1.137619
	30.31809	-1.138007
	30.31788	-1.138359
	30.31743	-1.138576
	30.31707	-1.138793
	30.31638	-1.138909
	30.31588	-1.139153
	30.31507	-1.139225
	30.31474	-1.139387
	30.31462	-1.139576
	30.31389	-1.139603
	30.31349	-1.139756
	30.31323	-1.140045
	30.31323	-1.140831
	30.31299	-1.141166
	30.31266	-1.14131
	30.31221	-1.141165
	30.3115	-1.141291
	30.31107	-1.141552
	30.31083	-1.141742
	30.30803	-1.141739
	30.3077	-1.141884
	30.30722	-1.142172
	30.30701	-1.142244
	30.30663	-1.142145
	30.30656	-1.142172
	30.30653	-1.142389
	30.3066	-1.142596
	30.30658	-1.14303
	30.30622	-1.143129
	30.30615	-1.14322
	30.30625	-1.143482
	30.30606	-1.143626
	30.30579	-1.143698
	30.30577	-1.143888
	30.30587	-1.14434
	30.30582	-1.144439
	30.30556	-1.144611
	30.30548	-1.144963
	30.30522	-1.145153
	30.30474	-1.145188
	30.30376	-1.146245
	30.30362	-1.146697
	30.30293	-1.14694
	30.3026	-1.147509
	30.30243	-1.147653
	30.30238	-1.147608
	30.3021	-1.147698
	30.302	-1.148105
	30.30193	-1.148828
	30.30181	-1.149017
	30.30165	-1.149135
	30.30131	-1.149107
	30.30119	-1.149207
	30.30129	-1.149686
	30.30126	-1.149903
	30.30081	-1.150354
	30.30062	-1.150308
	30.3002	-1.15057
	30.30022	-1.150995
	30.3	-1.151257
	30.29961	-1.151898
	30.29947	-1.151961
	30.29871	-1.152015
	30.29842	-1.152249
	30.29826	-1.152611
	30.29842	-1.152756
	30.29822	-1.153081
	30.29806	-1.153903
	30.29804	-1.154427
	30.29797	-1.154996
	30.29761	-1.15533
	30.29737	-1.155764
	30.29697	-1.156197
	30.29654	-1.156549
	30.29656	-1.156839
	30.29725	-1.158059
	30.29719	-1.15833
	30.29655	-1.159459
	30.29648	-1.1602
	30.29671	-1.161177
	30.29674	-1.161945
	30.29633	-1.16292
	30.29618	-1.163724
	30.29637	-1.164249
	30.29644	-1.164656
	30.29658	-1.16499
	30.29641	-1.165279
	30.29606	-1.165514
	30.29587	-1.166399
	30.29577	-1.167429
	30.29534	-1.16845
	30.29546	-1.168839
	30.29556	-1.16958
	30.29471	-1.170257
	30.2945	-1.170781
	30.29414	-1.17097
	30.29381	-1.172434
	30.29357	-1.173292
	30.29259	-1.174439
	30.29227	-1.174927
	30.2922	-1.175288
	30.29223	-1.176101
	30.29201	-1.176336
	30.29201	-1.176553
	30.29222	-1.176816
	30.29249	-1.177439
	30.29248	-1.178153
	30.2921	-1.179996
	30.29187	-1.180475
	30.29146	-1.180737
	30.29076	-1.182019
	30.29071	-1.182444
	30.29078	-1.182923
	30.29055	-1.183167
	30.29038	-1.183429
	30.29062	-1.184143
	30.29062	-1.184595
	30.29094	-1.185242
	30.29111	-1.185842
	30.29135	-1.18615
	30.29159	-1.186674
	30.29152	-1.186936
	30.29106	-1.187225
	30.29049	-1.187396
	30.28994	-1.18764
	30.28932	-1.188841
	30.28891	-1.189482
	30.28841	-1.190006
	30.28708	-1.19099
	30.28647	-1.191554
	30.2864	-1.191701
	30.28535	-1.19301
	30.28506	-1.193304
	30.27998	-1.197486
	30.27715	-1.199989
	30.277	-1.20083
	30.27648	-1.20241
	30.27646	-1.20279
	30.27669	-1.20356
	30.27672	-1.20396
	30.27653	-1.20461
	30.27607	-1.20518
	30.27553	-1.20604
	30.27524	-1.20683
	30.27486	-1.20754
	30.27469	-1.2076
	30.27434	-1.20754
	30.27404	-1.20756
	30.27335	-1.20834
	30.27266	-1.20885
	30.27226	-1.20904
	30.27185	-1.20908
	30.27155	-1.20908
	30.27136	-1.20901
	30.27041	-1.20837
	30.26977	-1.20815
	30.26962	-1.20812
	30.26939	-1.20839
	30.269	-1.20872
	30.26851	-1.208748
	30.26836	-1.20885
	30.26801	-1.20899
	30.26798	-1.20899
	30.26669	-1.209545
	30.26571	-1.210143
	30.26313	-1.212298
	30.26165	-1.213643
	30.26115	-1.214269
	30.26068	-1.214695
	30.25956	-1.215419
	30.25695	-1.216846
	30.2563	-1.217344
	30.25448	-1.21939
	30.25217	-1.221905
	30.25215	-1.22208
	30.25196	-1.22246
	30.25146	-1.22294
	30.2508	-1.22372
	30.25013	-1.22461
	30.24985	-1.22494
	30.24985	-1.22485
	30.2497	-1.22491
	30.24931	-1.22521
	30.24862	-1.22595
	30.24831	-1.226186
	30.24703	-1.227629
	30.24677	-1.227871
	30.24642	-1.228143
	30.24643	-1.22827
	30.24619	-1.22868
	30.24556	-1.22944
	30.24566	-1.22945
	30.24497	-1.23028
	30.24468	-1.23148
	30.24461	-1.23215
	30.24432	-1.23262
	30.24429	-1.23335
	30.24422	-1.23423
	30.24393	-1.23509
	30.24346	-1.23609
	30.24283	-1.23663
	30.24245	-1.23758
	30.24199	-1.23831
	30.24133	-1.23886
	30.24076	-1.23897
	30.24023	-1.23954
	30.23995	-1.24009
	30.23947	-1.24045
	30.23909	-1.24083
	30.23866	-1.24093
	30.23771	-1.24071
	30.23693	-1.24182
	30.23645	-1.24224
	30.23555	-1.24282
	30.23421	-1.24386
	30.23352	-1.2449
	30.2328	-1.24569
	30.23237	-1.24631
	30.2322	-1.2473
	30.23154	-1.24798
	30.23156	-1.24849
	30.23063	-1.24985
	30.23052	-1.249964
	30.23033	-1.25012
	30.23009	-1.25027
	30.22979	-1.25081
	30.22889	-1.25114
	30.22744	-1.25159
	30.22724	-1.25218
	30.22561	-1.25259
	30.22454	-1.25388
	30.22361	-1.25507
	30.22184	-1.25628
	30.22039	-1.25752
	30.21971	-1.25844
	30.21957	-1.25909
	30.2192	-1.26028
	30.21891	-1.2614
	30.21857	-1.26221
	30.2177	-1.26319
	30.21608	-1.26433
	30.21414	-1.2661
	30.21222	-1.26795
	30.21146	-1.26947
	30.21004	-1.27349
	30.20934	-1.27312
	30.20669	-1.27133
	30.20434	-1.26999
	30.20313	-1.2697
	30.20115	-1.27003
	30.19865	-1.27053
	30.1968	-1.27083
	30.19691	-1.27227
	30.197	-1.27576
	30.19704	-1.27796
	30.19595	-1.27818
	30.19449	-1.27826
	30.19186	-1.27873
	30.19001	-1.27875
	30.18938	-1.27722
	30.18813	-1.27477
	30.1875	-1.27266
	30.18701	-1.27086
	30.18673	-1.26792
	30.18338	-1.26827
	30.18016	-1.26838
	30.17744	-1.26839
	30.17574	-1.26847
	30.17435	-1.26882
	30.1725	-1.2698
	30.17098	-1.27063
	30.16896	-1.27156
	30.16866	-1.27178
	30.16913	-1.27289
	30.16964	-1.27502
	30.17021	-1.2778
	30.17022	-1.27999
	30.17055	-1.28163
	30.17099	-1.28502
	30.1715	-1.28843
	30.17157	-1.28961
	30.17236	-1.29549
	30.1726	-1.29771
	30.17331	-1.2984
	30.17367	-1.29879
	30.17246	-1.29963
	30.17064	-1.30044
	30.16847	-1.30176
	30.16693	-1.30293
	30.1663	-1.30417
	30.16604	-1.30549
	30.16537	-1.30837
	30.16483	-1.31003
	30.16392	-1.31175
	30.16265	-1.31309
	30.1614	-1.31476
	30.16117	-1.31499
	30.16161	-1.31726
	30.16262	-1.32014
	30.16278	-1.3211
	30.16362	-1.32405
	30.16386	-1.32497
	30.16312	-1.32706
	30.16275	-1.32868
	30.16225	-1.32985
	30.16193	-1.33156
	30.16171	-1.33219
	30.16309	-1.33413
	30.16437	-1.33585
	30.16492	-1.33673
	30.16738	-1.34015
	30.16901	-1.3423
	30.1691	-1.3425
	30.16725	-1.34319
	30.16489	-1.34411
	30.1631	-1.34461
	30.15966	-1.34591
	30.15663	-1.34686
	30.15245	-1.34839
	30.15167	-1.34878
	30.15066	-1.34858
	30.14573	-1.34821
	30.14427	-1.34801
	30.14233	-1.3498
	30.14036	-1.35129
	30.13887	-1.35269
	30.13806	-1.35391
	30.13777	-1.35644
	30.13774	-1.35703
	30.13711	-1.35835
	30.13618	-1.35922
	30.13475	-1.35964
	30.13321	-1.36
	30.13195	-1.36053
	30.12963	-1.36083
	30.12828	-1.36085
	30.12728	-1.36177
	30.12708	-1.36371
	30.1269	-1.36486
	30.12628	-1.36581
	30.12515	-1.36728
	30.12467	-1.36829
	30.12444	-1.37074
	30.12423	-1.37407
	30.12344	-1.37734
	30.12331	-1.37945
	30.12311	-1.38061
	30.1226	-1.3812
	30.12198	-1.38117
	30.12073	-1.38074
	30.12022	-1.3809
	30.11943	-1.38197
	30.11853	-1.38265
	30.11803	-1.38258
	30.1167	-1.38132
	30.11586	-1.38028
	30.11458	-1.37912
	30.11367	-1.37801
	30.11317	-1.3766
	30.1119	-1.37443
	30.11047	-1.37318
	30.10879	-1.37275
	30.10737	-1.37182
	30.10623	-1.37122
	30.10531	-1.37059
	30.10383	-1.36997
	30.1026	-1.36974
	30.10128	-1.37083
	30.10021	-1.37179
	30.09909	-1.3731
	30.09845	-1.37354
	30.09788	-1.37387
	30.09712	-1.37395
	30.09587	-1.37373
	30.09486	-1.37324
	30.09394	-1.37288
	30.09307	-1.37318
	30.09218	-1.37337
	30.09094	-1.37376
	30.09005	-1.37401
	30.08904	-1.37387
	30.08817	-1.3737
	30.08703	-1.37254
	30.08676	-1.37184
	30.08587	-1.3711
	30.08421	-1.37051
	30.08253	-1.37059
	30.08113	-1.37087
	30.07975	-1.371349
	30.0786	-1.37222
	30.07753	-1.3728
	30.07647	-1.3735
	30.07551	-1.3742
	30.07439	-1.37498
	30.07241	-1.37617
	30.07153	-1.37688
	30.07094	-1.37755
	30.07049	-1.37811
	30.07006	-1.37926
	30.06983	-1.38038
	30.06983	-1.38115
	30.06993	-1.38224
	30.0699	-1.38292
	30.06967	-1.3853
	30.06947	-1.38673
	30.06929	-1.38861
	30.0692	-1.38926
	30.0684	-1.38952
	30.06756	-1.38972
	30.06631	-1.39018
	30.06488	-1.39054
	30.06374	-1.39087
	30.06267	-1.39151
	30.06086	-1.392775
	30.05991	-1.39333
	30.05908	-1.39374
	30.05905	-1.39376
	30.05886	-1.39411
	30.05777	-1.39472
	30.05636	-1.395611
	30.05479	-1.39657
	30.05243	-1.39813
	30.05142	-1.39864
	30.05105	-1.39993
	30.05093	-1.40089
	30.05092	-1.40212
	30.05105	-1.40297
	30.05155	-1.40404
	30.05199	-1.40484
	30.05261	-1.4071
	30.0531	-1.4086
	30.05323	-1.4098
	30.053	-1.41135
	30.05263	-1.41272
	30.05268	-1.41485
	30.0532	-1.41648
	30.05362	-1.41744
	30.05406	-1.4182
	30.05475	-1.41902
	30.05433	-1.4202
	30.05366	-1.42131
	30.05326	-1.42303
	30.05336	-1.42452
	30.05338	-1.42601
	30.05337	-1.42731
	30.05275	-1.42848
	30.05207	-1.42929
	30.05088	-1.4295
	30.0499	-1.42914
	30.04865	-1.42854
	30.04737	-1.428
	30.04631	-1.42749
	30.04441	-1.42678
	30.04293	-1.42633
	30.04178	-1.42604
	30.04092	-1.42541
	30.04025	-1.42463
	30.03913	-1.42323
	30.03846	-1.4232
	30.03706	-1.42305
	30.03653	-1.42266
	30.03618	-1.42117
	30.03577	-1.41976
	30.03575	-1.4186
	30.03524	-1.41849
	30.03432	-1.41876
	30.03328	-1.4186
	30.03234	-1.41825
	30.03114	-1.4174
	30.03036	-1.41695
	30.02615	-1.41616
	30.02515	-1.4161
	30.02431	-1.41571
	30.02381	-1.41475
	30.02315	-1.41373
	30.02226	-1.41288
	30.02173	-1.41204
	30.02129	-1.41147
	30.02098	-1.4107
	30.01979	-1.41124
	30.01892	-1.41139
	30.01724	-1.41222
	30.01643	-1.41251
	30.01427	-1.41356
	30.01308	-1.41394
	30.01261	-1.41582
	30.01201	-1.41716
	30.01085	-1.42034
	30.01001	-1.42239
	30.00962	-1.42329
	30.00946	-1.42369
	30.00921	-1.42441
	30.00851	-1.42548
	30.00787	-1.426422
	30.00665	-1.42716
	30.00566	-1.42785
	30.00364	-1.42856
	30.00304	-1.42883
	30.0025	-1.42927
	30.00182	-1.42971
	30.00103	-1.43096
	30.00074	-1.43145
	30.00029	-1.43202
	29.99756	-1.43833
	29.99696	-1.43958
	29.99652	-1.44067
	29.99538	-1.44297
	29.99524	-1.44336
	29.99454	-1.4442
	29.99386	-1.44472
	29.99291	-1.44529
	29.99173	-1.44591
	29.99048	-1.44645
	29.98958	-1.44688
	29.98821	-1.4475
	29.98609	-1.44778
	29.9851	-1.44793
	29.98425	-1.44841
	29.98293	-1.44988
	29.98182	-1.45072
	29.98104	-1.45136
	29.97991	-1.45222
	29.97925	-1.45276
	29.97826	-1.45393
	29.97788	-1.45508
	29.97784	-1.45633
	29.97758	-1.4565
	29.97677	-1.45638
	29.97587	-1.45597
	29.97523	-1.45587
	29.9744	-1.45585
	29.97333	-1.45593
	29.97218	-1.45625
	29.9714	-1.45651
	29.97014	-1.45674
	29.96903	-1.45711
	29.96822	-1.45736
	29.9645	-1.45872
	29.96303	-1.45915
	29.96213	-1.4592
	29.9613	-1.45911
	29.96073	-1.45893
	29.95993	-1.45881
	29.95991	-1.45875
	29.95872	-1.45899
	29.95766	-1.45947
	29.95638	-1.4599
	29.95487	-1.46048
	29.95165	-1.4616
	29.948	-1.46298
	29.94694	-1.4636
	29.94557	-1.46404
	29.94453	-1.46449
	29.94394	-1.46476
	29.94372	-1.46488
	29.94278	-1.46503
	29.94197	-1.46548
	29.94112	-1.46586
	29.94006	-1.46615
	29.93865	-1.466719
	29.9381	-1.46696
	29.93732	-1.46735
	29.93606	-1.46774
	29.93521	-1.46807
	29.93391	-1.46865
	29.93332	-1.46895
	29.93245	-1.46958
	29.92974	-1.47224
	29.92906	-1.47288
	29.92907	-1.47281
	29.92854	-1.47365
	29.92769	-1.47441
	29.92675	-1.47517
	29.92607	-1.476
	29.92517	-1.47669
	29.92456	-1.47712
	29.9238	-1.47705
	29.92276	-1.47711
	29.92129	-1.47723
	29.9196	-1.47728
	29.91898	-1.47742
	29.91796	-1.47752
	29.91711	-1.47784
	29.9155	-1.47841
	29.9147	-1.47879
	29.91437	-1.47868
	29.91293	-1.47641
	29.91214	-1.47533
	29.9119	-1.47479
	29.91138	-1.47395
	29.91061	-1.47279
	29.90902	-1.47016
	29.90761	-1.46806
	29.90653	-1.4662
	29.90439	-1.46285
	29.90347	-1.46094
	29.90294	-1.46052
	29.9026	-1.45968
	29.90188	-1.45835
	29.9008	-1.45678
	29.89909	-1.45551
	29.89766	-1.45471
	29.89649	-1.4539
	29.89558	-1.45268
	29.89448	-1.45125
	29.89401	-1.450464
	29.8934	-1.44943
	29.89278	-1.44827
	29.89223	-1.44675
	29.89199	-1.44521
	29.89193	-1.44425
	29.89205	-1.44325
	29.8926	-1.44212
	29.89261	-1.44028
	29.89222	-1.43862
	29.89203	-1.438321
	29.89152	-1.43744
	29.89077	-1.4363
	29.89052	-1.43484
	29.89049	-1.43349
	29.88985	-1.43226
	29.88949	-1.43102
	29.88932	-1.43018
	29.88915	-1.42975
	29.88913	-1.42941
	29.88891	-1.42835
	29.88949	-1.42744
	29.89001	-1.4268
	29.89	-1.42547
	29.88931	-1.42482
	29.88828	-1.4241
	29.88775	-1.42375
	29.88697	-1.42352
	29.88623	-1.4226
	29.8857	-1.42182
	29.88537	-1.42104
	29.88489	-1.42019
	29.88493	-1.41928
	29.88478	-1.41821
	29.88497	-1.41697
	29.88487	-1.41623
	29.88482	-1.4154
	29.88491	-1.41508
	29.88524	-1.41474
	29.88524	-1.41392
	29.88509	-1.41297
	29.88525	-1.41195
	29.88573	-1.41137
	29.88651	-1.4108
	29.88691	-1.41074
	29.8871	-1.41013
	29.88678	-1.40919
	29.8864	-1.40831
	29.88589	-1.40747
	29.88542	-1.40695
	29.88484	-1.40591
	29.88434	-1.40525
	29.88373	-1.40434
	29.88335	-1.40366
	29.88289	-1.40302
	29.88279	-1.4026
	29.88286	-1.40184
	29.88328	-1.40026
	29.88315	-1.39917
	29.88282	-1.39785
	29.88279	-1.39708
	29.88284	-1.39651
	29.88279	-1.3958
	29.88235	-1.39493
	29.88247	-1.39402
	29.88248	-1.39301
	29.88227	-1.39158
	29.8821	-1.3908
	29.88214	-1.38974
	29.88214	-1.388896
	29.88216	-1.38827
	29.88243	-1.38713
	29.88251	-1.38556
	29.88245	-1.38426
	29.8823	-1.38315
	29.88199	-1.38263
	29.88182	-1.38185
	29.88146	-1.381011
	29.88143	-1.380858
	29.88132	-1.38023
	29.88137	-1.37943
	29.88148	-1.37898
	29.88129	-1.37839
	29.88071	-1.37745
	29.88053	-1.3768
	29.88067	-1.37571
	29.88073	-1.37469
	29.88054	-1.3742
	29.88041	-1.37287
	29.88042	-1.37124
	29.88025	-1.36916
	29.88028	-1.3683
	29.8807	-1.36742
	29.88079	-1.36661
	29.88087	-1.36565
	29.88077	-1.36459
	29.88048	-1.36399
	29.88036	-1.36288
	29.88018	-1.36212
	29.88017	-1.36152
	29.88055	-1.36116
	29.88054	-1.36046
	29.88047	-1.35972
	29.88023	-1.35904
	29.88025	-1.35838
	29.88031	-1.35755
	29.88019	-1.35539
	29.8803	-1.35449
	29.8803	-1.35382
	29.88033	-1.3533
	29.87969	-1.35332
	29.87655	-1.35321
	29.87392	-1.35294
	29.87214	-1.35286
	29.87041	-1.35284
	29.86999	-1.35313
	29.86814	-1.35431
	29.86698	-1.35464
	29.86634	-1.35507
	29.86445	-1.35651
	29.86365	-1.35717
	29.86281	-1.35812
	29.8617	-1.35877
	29.86096	-1.35823
	29.86045	-1.35705
	29.86035	-1.35634
	29.85952	-1.35533
	29.85847	-1.35474
	29.85784	-1.35341
	29.85795	-1.352203
	29.85803	-1.35095
	29.85819	-1.34955
	29.8575	-1.34723
	29.85673	-1.34609
	29.85526	-1.34495
	29.85412	-1.34467
	29.85286	-1.34385
	29.85162	-1.34317
	29.8515	-1.34216
	29.85147	-1.34063
	29.851	-1.3399
	29.8499	-1.33938
	29.84947	-1.33858
	29.84956	-1.33794
	29.85017	-1.33676
	29.84948	-1.33629
	29.84843	-1.33551
	29.84682	-1.33414
	29.84561	-1.33353
	29.84404	-1.33304
	29.84314	-1.33263
	29.84226	-1.33187
	29.84128	-1.33098
	29.83992	-1.32981
	29.84026	-1.32913
	29.84114	-1.32841
	29.84149	-1.32775
	29.84129	-1.327
	29.84086	-1.32662
	29.84067	-1.3262
	29.84062	-1.32499
	29.84073	-1.32383
	29.83995	-1.32283
	29.84023	-1.32216
	29.84092	-1.32181
	29.84172	-1.3209
	29.84223	-1.3205
	29.84268	-1.31981
	29.84246	-1.31889
	29.8421	-1.31778
	29.8415	-1.31717
	29.84036	-1.3167
	29.83916	-1.31623
	29.83819	-1.31616
	29.83743	-1.31595
	29.83641	-1.3157
	29.83526	-1.31377
	29.83435	-1.31289
	29.83323	-1.312
	29.83293	-1.31212
	29.83227	-1.31255
	29.83125	-1.31268
	29.82931	-1.31197
	29.82855	-1.31145
	29.82791	-1.31048
	29.82681	-1.30924
	29.82616	-1.30836
	29.82492	-1.30712
	29.82447	-1.30622
	29.8239	-1.30582
	29.8229	-1.30642
	29.82147	-1.30756
	29.82063	-1.30842
	29.82023	-1.309132
	29.81978	-1.310078
	29.81936	-1.311122
	29.81908	-1.312069
	29.81892	-1.312474
	29.81956	-1.312753
	29.8203	-1.31296
	29.82056	-1.313428
	29.82059	-1.31414
	29.82048	-1.315158
	29.82038	-1.318094
	29.81973	-1.318815
	29.81938	-1.319644
	29.81906	-1.321563
	29.81916	-1.322698
	29.81919	-1.325355
	29.81732	-1.325229
	29.81585	-1.325211
	29.81493	-1.325356
	29.81406	-1.32586
	29.81316	-1.325887
	29.81211	-1.326059
	29.81117	-1.326347
	29.80987	-1.326906
	29.80935	-1.32705
	29.80849	-1.32787
	29.80805	-1.32986
	29.80685	-1.331302
	29.80608	-1.33214
	29.80527	-1.332734
	29.80518	-1.333491
	29.80535	-1.335563
	29.80486	-1.336653
	29.80373	-1.337536
	29.80201	-1.339743
	29.8002	-1.342508
	29.7993	-1.343788
	29.79796	-1.345121
	29.7969	-1.346076
	29.79619	-1.347103
	29.79598	-1.347932
	29.79654	-1.349031
	29.79652	-1.349436
	29.79648	-1.349436
	29.79674	-1.350048
	29.79644	-1.351282
	29.79621	-1.352057
	29.7956	-1.353625
	29.79549	-1.354192
	29.79603	-1.355759
	29.79639	-1.356615
	29.79602	-1.357957
	29.79555	-1.35893
	29.7953	-1.360515
	29.79495	-1.361443
	29.795	-1.362758
	29.79531	-1.364434
	29.79568	-1.36528
	29.79649	-1.36655
	29.79695	-1.36764
	29.79666	-1.369001
	29.79655	-1.370063
	29.79465	-1.369253
	29.79111	-1.36783
	29.78728	-1.366191
	29.78466	-1.365128
	29.78034	-1.364282
	29.77756	-1.363706
	29.77592	-1.363472
	29.77501	-1.362787
	29.77298	-1.359698
	29.77247	-1.3585
	29.77183	-1.357509
	29.77035	-1.354951
	29.76875	-1.352456
	29.76779	-1.351186
	29.76649	-1.349691
	29.76552	-1.348746
	29.76466	-1.347809
	29.76349	-1.346683
	29.76149	-1.34508
	29.75938	-1.34381
	29.75732	-1.342658
	29.75561	-1.342153
	29.75458	-1.34164
	29.75361	-1.34119
	29.75173	-1.340645
	29.75108	-1.34062
	29.75036	-1.340386
	29.74981	-1.34026
	29.74981	-1.339971
	29.74633	-1.340089
	29.74347	-1.340508
	29.74052	-1.341303
	29.73633	-1.34072
	29.73239	-1.339646
	29.72853	-1.339187
	29.72637	-1.338463
	29.72353	-1.338773
	29.71986	-1.33977
	29.71673	-1.340749
	29.71185	-1.342325
	29.71151	-1.34257
	29.71104	-1.343121
	29.71075	-1.343808
	29.71061	-1.345363
	29.71001	-1.346583
	29.70965	-1.347415
	29.70911	-1.348156
	29.70835	-1.348609
	29.70742	-1.348754
	29.70389	-1.351215
	29.70082	-1.35289
	29.70041	-1.354191
	29.69998	-1.35533
	29.69952	-1.355809
	29.69865	-1.356027
	29.69746	-1.356523
	29.69648	-1.35743
	29.69596	-1.35781
	29.6953	-1.357982
	29.69451	-1.357784
	29.69332	-1.358381
	29.69237	-1.358906
	29.69093	-1.358952
	29.69024	-1.359332
	29.68967	-1.359838
	29.6894	-1.360336
	29.68931	-1.361674
	29.68953	-1.36377
	29.68898	-1.364909
	29.68684	-1.367134
	29.68586	-1.368084
	29.68524	-1.369349
	29.68443	-1.370714
	29.68216	-1.374973
	29.68166	-1.375759
	29.68104	-1.376329
	29.68023	-1.376781
	29.6794	-1.377333
	29.67871	-1.378021
	29.67647	-1.379956
	29.67619	-1.380128
	29.67442	-1.380446
	29.66844	-1.380532
	29.66599	-1.380696
	29.66523	-1.381004
	29.6645	-1.381439
	29.66375	-1.381709
	29.65815	-1.381706
	29.65387	-1.382224
	29.65242	-1.382243
	29.647	-1.382491
	29.64662	-1.382248
	29.6461	-1.381534
	29.6456	-1.381263
	29.6452	-1.381191
	29.64479	-1.381264
	29.64444	-1.381454
	29.64422	-1.381743
	29.64413	-1.38224
	29.6436	-1.383009
	29.64196	-1.38442
	29.6394	-1.386112
	29.63868	-1.386437
	29.63795	-1.386465
	29.63669	-1.386276
	29.6346	-1.385817
	29.63141	-1.385223
	29.62733	-1.38491
	29.62432	-1.385228
	29.62226	-1.385366
	29.62022	-1.38534
	29.61744	-1.384881
	29.61606	-1.384458
	29.61545	-1.384548
	29.61296	-1.385445
	29.61061	-1.385844
	29.60947	-1.385962
	29.60815	-1.385891
	29.60551	-1.385622
	29.60144	-1.385056
	29.59874	-1.384841
	29.5962	-1.384861
	29.59468	-1.385011
	29.59299	-1.385379
	29.59133	-1.386048
	29.59052	-1.386501
	29.59077	-1.385317
	29.60153	-1.339388
	29.6036	-1.331109
	29.60464	-1.326608
	29.60512	-1.32406
	29.60608	-1.320806
	29.60717	-1.315619
	29.60717	-1.315112
	29.60681	-1.314372
	29.60541	-1.310966
	29.60392	-1.307787
	29.60295	-1.305348
	29.60261	-1.302954
	29.60218	-1.302014
	29.60136	-1.301346
	29.60031	-1.300968
	29.59943	-1.300417
	29.59927	-1.299839
	29.59302	-1.270875
	29.59293	-1.269583
	29.59299	-1.268544
	29.59579	-1.249791
	29.59595	-1.249791
	29.59605	-1.249546
	29.59619	-1.249347
	29.59625	-1.248976
	29.59635	-1.248687
	29.59644	-1.248524
	29.59693	-1.248117
	29.5973	-1.248116
	29.59772	-1.248369
	29.59795	-1.248441
	29.59818	-1.248441
	29.59833	-1.248395
	29.59851	-1.248277
	29.59885	-1.247852
	29.59931	-1.247418
	29.59994	-1.247354
	29.60017	-1.2471
	29.60024	-1.246512
	29.60033	-1.246232
	29.60049	-1.246096
	29.60098	-1.245779
	29.60112	-1.245761
	29.60153	-1.24558
	29.60146	-1.245309
	29.60141	-1.24492
	29.60142	-1.244622
	29.60151	-1.244395
	29.60164	-1.24426
	29.60199	-1.243753
	29.60193	-1.243473
	29.60202	-1.243229
	29.60227	-1.243047
	29.60256	-1.243002
	29.60283	-1.243092
	29.60317	-1.243254
	29.60351	-1.243344
	29.6038	-1.243362
	29.60407	-1.243271
	29.60428	-1.243135
	29.60468	-1.242683
	29.60489	-1.242348
	29.60494	-1.241869
	29.60506	-1.241173
	29.60506	-1.240856
	29.60538	-1.239744
	29.60543	-1.238903
	29.60554	-1.238632
	29.60566	-1.238451
	29.60584	-1.237944
	29.60579	-1.2377
	29.60566	-1.237519
	29.60546	-1.237429
	29.60534	-1.23724
	29.60552	-1.237013
	29.60577	-1.236199
	29.60591	-1.235539
	29.60564	-1.234862
	29.60549	-1.234654
	29.60544	-1.234473
	29.60551	-1.234265
	29.60574	-1.233831
	29.60612	-1.23365
	29.60641	-1.23345
	29.60664	-1.233224
	29.60689	-1.232745
	29.60698	-1.23222
	29.60724	-1.231307
	29.60725	-1.230846
	29.60716	-1.230484
	29.60678	-1.229436
	29.60664	-1.229237
	29.60648	-1.229029
	29.60614	-1.228822
	29.60603	-1.228506
	29.6059	-1.228235
	29.60572	-1.228009
	29.6052	-1.227684
	29.60495	-1.227576
	29.60472	-1.227396
	29.60457	-1.227161
	29.60422	-1.226058
	29.60409	-1.225489
	29.60393	-1.225128
	29.60384	-1.224649
	29.60359	-1.224061
	29.60346	-1.223609
	29.6033	-1.223284
	29.60326	-1.222832
	29.6036	-1.222443
	29.60405	-1.222153
	29.60453	-1.221583
	29.60507	-1.221112
	29.60527	-1.220832
	29.60566	-1.22065
	29.60606	-1.220523
	29.60656	-1.220432
	29.60686	-1.220432
	29.60717	-1.220495
	29.60751	-1.220521
	29.60776	-1.220476
	29.60801	-1.220132
	29.60805	-1.219861
	29.60785	-1.219318
	29.60767	-1.21902
	29.60747	-1.218813
	29.607	-1.218542
	29.6064	-1.217829
	29.60639	-1.217621
	29.60635	-1.217639
	29.60628	-1.217413
	29.6063	-1.217097
	29.60621	-1.216844
	29.60601	-1.21641
	29.60572	-1.21623
	29.60556	-1.216004
	29.60515	-1.215869
	29.60481	-1.215797
	29.60459	-1.215815
	29.60429	-1.21568
	29.604	-1.21559
	29.6036	-1.215184
	29.60323	-1.214949
	29.60289	-1.214597
	29.60212	-1.214164
	29.60149	-1.214102
	29.60113	-1.214012
	29.6009	-1.213687
	29.60056	-1.213443
	29.60043	-1.213235
	29.5995	-1.212595
	29.59923	-1.212505
	29.5988	-1.212415
	29.59849	-1.212415
	29.59817	-1.212235
	29.59792	-1.21219
	29.59709	-1.21173
	29.59679	-1.21164
	29.59643	-1.211387
	29.59612	-1.211207
	29.5958	-1.210936
	29.59531	-1.210747
	29.59456	-1.210206
	29.59416	-1.209998
	29.59409	-1.209772
	29.59396	-1.208796
	29.59393	-1.208299
	29.59375	-1.208001
	29.59328	-1.20754
	29.59279	-1.20727
	29.59211	-1.206701
	29.59193	-1.206476
	29.59168	-1.20634
	29.59137	-1.206087
	29.59085	-1.205455
	29.59049	-1.205175
	29.58963	-1.20486
	29.58861	-1.204247
	29.58832	-1.204039
	29.58812	-1.203723
	29.58776	-1.20338
	29.58706	-1.202965
	29.58564	-1.202624
	29.58512	-1.202425
	29.58483	-1.202236
	29.58474	-1.201992
	29.58453	-1.201649
	29.58442	-1.201351
	29.58426	-1.201107
	29.58425	-1.200989
	29.58395	-1.200167
	29.58391	-1.198947
	29.58375	-1.198034
	29.58359	-1.197645
	29.58321	-1.197031
	29.58285	-1.196715
	29.58229	-1.196372
	29.58181	-1.19603
	29.58109	-1.195443
	29.58069	-1.194937
	29.58018	-1.194405
	29.58007	-1.194197
	29.57928	-1.193294
	29.5791	-1.193014
	29.5789	-1.192815
	29.5787	-1.192454
	29.57836	-1.192156
	29.5782	-1.191858
	29.57773	-1.191271
	29.57748	-1.190991
	29.57723	-1.190811
	29.57701	-1.190558
	29.57619	-1.189989
	29.57565	-1.189746
	29.57516	-1.189466
	29.57484	-1.189331
	29.57462	-1.189286
	29.57403	-1.188989
	29.57374	-1.188944
	29.57353	-1.188809
	29.57342	-1.18851
	29.57333	-1.188031
	29.57367	-1.187055
	29.57373	-1.186792
	29.57371	-1.186368
	29.57326	-1.185618
	29.57297	-1.18532
	29.57294	-1.185094
	29.57274	-1.184362
	29.57295	-1.183819
	29.57313	-1.183593
	29.57324	-1.183277
	29.57345	-1.182933
	29.57385	-1.18248
	29.57399	-1.182408
	29.57473	-1.182479
	29.57498	-1.182569
	29.5753	-1.182641
	29.57564	-1.182686
	29.57593	-1.182685
	29.57684	-1.182485
	29.57731	-1.182123
	29.57742	-1.181942
	29.57758	-1.181571
	29.57774	-1.181372
	29.57786	-1.181074
	29.57792	-1.180829
	29.57788	-1.179871
	29.57804	-1.179573
	29.57824	-1.179419
	29.57863	-1.178939
	29.57906	-1.178694
	29.57936	-1.178387
	29.57977	-1.177654
	29.58023	-1.176433
	29.58061	-1.175293
	29.58068	-1.174905
	29.58055	-1.174136
	29.58044	-1.173928
	29.5801	-1.172907
	29.5799	-1.172655
	29.57983	-1.172293
	29.57956	-1.171724
	29.57943	-1.171245
	29.57921	-1.170802
	29.57903	-1.170531
	29.57881	-1.170279
	29.57847	-1.170053
	29.5782	-1.169963
	29.57775	-1.169466
	29.57743	-1.169259
	29.5773	-1.168988
	29.5773	-1.168617
	29.57753	-1.168463
	29.57759	-1.168282
	29.57793	-1.168011
	29.57852	-1.16735
	29.57877	-1.167124
	29.57911	-1.166644
	29.5792	-1.165939
	29.57911	-1.165695
	29.57907	-1.164628
	29.5791	-1.164303
	29.57905	-1.163833
	29.57897	-1.163435
	29.57909	-1.162929
	29.57925	-1.162775
	29.57959	-1.162521
	29.57986	-1.161888
	29.58004	-1.161635
	29.58009	-1.161391
	29.58018	-1.16121
	29.58038	-1.160974
	29.5809	-1.160594
	29.5811	-1.160322
	29.58138	-1.160159
	29.58187	-1.159752
	29.58212	-1.159462
	29.58235	-1.159299
	29.58262	-1.158982
	29.58287	-1.158548
	29.58297	-1.158268
	29.5832	-1.15806
	29.5834	-1.15777
	29.58361	-1.157336
	29.58406	-1.156657
	29.5842	-1.156286
	29.58472	-1.155517
	29.58504	-1.154884
	29.58529	-1.15454
	29.58547	-1.154133
	29.5858	-1.153626
	29.58539	-1.152795
	29.58516	-1.152488
	29.58497	-1.152317
	29.58469	-1.151377
	29.58466	-1.150952
	29.58401	-1.150013
	29.58339	-1.14967
	29.58277	-1.149246
	29.58305	-1.149047
	29.58306	-1.148423
	29.58283	-1.148053
	29.58283	-1.147763
	29.58272	-1.147565
	29.58246	-1.147429
	29.5821	-1.147394
	29.58179	-1.14706
	29.58153	-1.146689
	29.58052	-1.146031
	29.58024	-1.145715
	29.58013	-1.145408
	29.58016	-1.14501
	29.58027	-1.144558
	29.58044	-1.144268
	29.57999	-1.142678
	29.57977	-1.14228
	29.57957	-1.142163
	29.57932	-1.142082
	29.57926	-1.14191
	29.57937	-1.141711
	29.57966	-1.141404
	29.57957	-1.141232
	29.5794	-1.14106
	29.57915	-1.141061
	29.5789	-1.141115
	29.57878	-1.140718
	29.5789	-1.14004
	29.57867	-1.139407
	29.57853	-1.139073
	29.578	-1.138441
	29.57777	-1.137989
	29.57755	-1.137646
	29.57741	-1.136652
	29.57745	-1.135983
	29.57757	-1.135648
	29.57774	-1.135331
	29.57774	-1.134961
	29.57768	-1.134563
	29.57746	-1.134256
	29.57718	-1.133994
	29.57695	-1.133597
	29.57678	-1.133226
	29.57673	-1.13263
	29.57676	-1.131527
	29.57673	-1.131301
	29.57676	-1.130559
	29.57673	-1.130334
	29.57688	-1.129963
	29.57674	-1.12971
	29.57671	-1.129484
	29.57716	-1.128634
	29.57716	-1.12829
	29.57697	-1.128064
	29.57666	-1.127893
	29.57637	-1.127631
	29.57621	-1.127179
	29.57612	-1.126755
	29.57624	-1.126384
	29.57696	-1.125886
	29.57727	-1.125831
	29.57766	-1.125631
	29.57766	-1.125351
	29.57741	-1.125089
	29.57727	-1.12481
	29.57713	-1.124321
	29.57708	-1.12396
	29.57722	-1.123499
	29.57728	-1.122477
	29.57722	-1.122224
	29.5781	-1.120831
	29.57835	-1.120577
	29.57978	-1.118921
	29.58001	-1.118432
	29.58018	-1.117899
	29.5805	-1.116705
	29.58061	-1.116054
	29.58061	-1.114626
	29.58064	-1.113975
	29.5807	-1.113631
	29.58073	-1.112872
	29.58042	-1.112637
	29.58	-1.112439
	29.57969	-1.112213
	29.57926	-1.111988
	29.5789	-1.111699
	29.57865	-1.110768
	29.57861	-1.110072
	29.57852	-1.10953
	29.5783	-1.10859
	29.57875	-1.107912
	29.57935	-1.10726
	29.5798	-1.10641
	29.58241	-1.10269
	29.59007	-1.050879
	29.58921	-1.048015
	29.5889	-1.047247
	29.58867	-1.046398
	29.58839	-1.045512
	29.58817	-1.044636
	29.58786	-1.04384
	29.58741	-1.042304
	29.5872	-1.041292
	29.58709	-1.040497
	29.5869	-1.03953
	29.58662	-1.037858
	29.58626	-1.036177
	29.58595	-1.034333
	29.5857	-1.033249
	29.58559	-1.032399
	29.58524	-1.030537
	29.58513	-1.029742
	29.58488	-1.028838
	29.58468	-1.027953
	29.58415	-1.025142
	29.58396	-1.024256
	29.58382	-1.023353
	29.58344	-1.021464
	29.58324	-1.020642
	29.58311	-1.019647
	29.58285	-1.018735
	29.58271	-1.017966
	29.58272	-1.017062
	29.58286	-1.01624
	29.58348	-1.010227
	29.58371	-1.008636
	29.58386	-1.006222
	29.58396	-1.005444
	29.58441	-1.003436
	29.58463	-1.00199
	29.58529	-0.9988318
	29.58551	-0.9979009
	29.58587	-0.9960572
	29.58672	-0.9936444
	29.58815	-0.99125
	29.58932	-0.9888554
	29.58935	-0.9879697
	29.58931	-0.987129
	29.58901	-0.9862699
	29.5877	-0.9837376
	29.5874	-0.9829149
	29.58701	-0.9822094
	29.58571	-0.9796772
	29.58887	-0.9781611
	29.58963	-0.9779719
	29.58991	-0.9779993
	29.59049	-0.9783613
	29.59106	-0.9789947
	29.5915	-0.9798266
	29.59339	-0.9837333
	29.59397	-0.9843757
	29.59555	-0.9846934
	29.59737	-0.984966
	29.59818	-0.984813
	29.59917	-0.9831595
	29.60061	-0.9810488
	29.60125	-0.979012
	29.60131	-0.9780268
	29.60125	-0.9776741
	29.60069	-0.9769234
	29.60027	-0.9765254
	29.59957	-0.9760818
	29.59866	-0.9756832
	29.59757	-0.9755287
	29.59668	-0.9753292
	29.59572	-0.9749848
	29.595	-0.9745593
	29.59434	-0.9738357
	29.59345	-0.9714303
	29.59313	-0.9707251
	29.59302	-0.9702458
	29.59304	-0.9696492
	29.59334	-0.968872
	29.59341	-0.9680585
	29.59359	-0.9671818
	29.59376	-0.9659887
	29.59408	-0.9655188
	29.59443	-0.9651485
	29.59462	-0.9648684
	29.59457	-0.9644978
	29.5942	-0.9639008
	29.59302	-0.9625078
	29.59288	-0.9615946
	29.59296	-0.960528
	29.59293	-0.958684
	29.59291	-0.9578703
	29.59279	-0.9568217
	29.59182	-0.9553745
	29.59151	-0.9525086
	29.59082	-0.9512154
	29.59019	-0.949651
	29.58982	-0.9478428
	29.58974	-0.9469027
	29.58949	-0.9460618
	29.58951	-0.944968
	29.58976	-0.9439738
	29.59016	-0.943495
	29.58964	-0.9432776
	29.58919	-0.9432774
	29.58863	-0.9431774
	29.58714	-0.941757
	29.5867	-0.9401658
	29.58667	-0.9394425
	29.58675	-0.9384482
	29.58769	-0.9369755
	29.58818	-0.9362618
	29.5903	-0.934356
	29.59153	-0.9331095
	29.59267	-0.9315918
	29.59299	-0.9308507
	29.59299	-0.930028
	29.59227	-0.9284094
	29.59215	-0.9275144
	29.59198	-0.9266465
	29.59162	-0.9255886
	29.59132	-0.9249917
	29.591	-0.9241146
	29.5908	-0.9232466
	29.59048	-0.9225051
	29.58999	-0.921881
	29.58945	-0.9210581
	29.58893	-0.9204881
	29.58829	-0.9199361
	29.58745	-0.9196102
	29.58658	-0.9193925
	29.58488	-0.9192375
	29.58391	-0.9189204
	29.58322	-0.9183414
	29.58278	-0.917672
	29.58236	-0.9168039
	29.5821	-0.9159451
	29.58205	-0.9150681
	29.58188	-0.9141278
	29.58121	-0.9122652
	29.58175	-0.9098249
	29.58165	-0.9071581
	29.58172	-0.9045638
	29.58159	-0.902792
	29.58189	-0.901852
	29.58231	-0.9011292
	29.58266	-0.9004605
	29.5834	-0.8998373
	29.58429	-0.8996572
	29.58483	-0.9001367
	29.58698	-0.8984932
	29.5877	-0.8980688
	29.58837	-0.8977981
	29.59032	-0.8978447
	29.59113	-0.8978001
	29.60147	-0.897862
	29.63826	-0.90053
	29.63751	-0.8977889
	29.63764	-0.8976895
	29.63763	-0.8976082
	29.63689	-0.8967669
	29.63634	-0.8958624
	29.63546	-0.8950753
	29.63453	-0.8945413
	29.63425	-0.8938631
	29.63416	-0.8932032
	29.63364	-0.8921812
	29.6333	-0.8912498
	29.63259	-0.8906888
	29.63246	-0.8899385
	29.63246	-0.8883203
	29.63191	-0.888139
	29.63138	-0.8874787
	29.63117	-0.886674
	29.63086	-0.8857066
	29.62995	-0.8834821
	29.62961	-0.8832649
	29.62865	-0.8830471
	29.6285	-0.8828029
	29.62859	-0.8824595
	29.6289	-0.8822698
	29.62911	-0.8816824
	29.62995	-0.8809959
	29.63041	-0.8803725
	29.63041	-0.8797578
	29.63001	-0.8793779
	29.62992	-0.8784466
	29.63004	-0.8776422
	29.62868	-0.8752727
	29.62831	-0.8741243
	29.62788	-0.8731569
	29.62779	-0.872542
	29.62774	-0.8713758
	29.62762	-0.8710322
	29.62715	-0.8703448
	29.62709	-0.8699741
	29.62786	-0.8685735
	29.62787	-0.8660513
	29.62774	-0.8654366
	29.62706	-0.8642517
	29.62688	-0.8637545
	29.62734	-0.8630045
	29.62743	-0.8625073
	29.62725	-0.86201
	29.62672	-0.8615485
	29.62666	-0.8606716
	29.62634	-0.8597222
	29.62631	-0.8589809
	29.62652	-0.85739
	29.62674	-0.8565494
	29.62689	-0.855528
	29.62696	-0.8548139
	29.62785	-0.8513613
	29.62872	-0.8502137
	29.62912	-0.8495269
	29.6296	-0.8484245
	29.62975	-0.8478279
	29.63006	-0.847114
	29.63037	-0.8462102
	29.63019	-0.8457127
	29.63019	-0.8450348
	29.63139	-0.8430739
	29.63158	-0.8424502
	29.63195	-0.8422606
	29.63297	-0.8415472
	29.63324	-0.8411134
	29.63293	-0.8400285
	29.63337	-0.8392784
	29.63389	-0.8388177
	29.63463	-0.8377877
	29.63473	-0.8372271
	29.63463	-0.836757
	29.6346	-0.8361061
	29.63482	-0.8354554
	29.63525	-0.8348318
	29.63587	-0.8343622
	29.63643	-0.8338112
	29.6367	-0.8334679
	29.6368	-0.8331243
	29.63677	-0.8325276
	29.63717	-0.8322476
	29.63757	-0.8322209
	29.63788	-0.8323747
	29.63812	-0.8327455
	29.63856	-0.8328452
	29.63921	-0.8326376
	29.63921	-0.8323254
	29.63941	-0.8320983
	29.63972	-0.8318713
	29.63986	-0.8315873
	29.64035	-0.8310197
	29.64057	-0.8310764
	29.64089	-0.8312467
	29.6412	-0.8312467
	29.64125	-0.8309912
	29.64114	-0.8306791
	29.64114	-0.8303099
	29.64097	-0.8300261
	29.64069	-0.8297138
	29.64049	-0.8293448
	29.64057	-0.8290042
	29.64079	-0.8289824
	29.64096	-0.8289047
	29.641	-0.8287623
	29.64055	-0.8285551
	29.64042	-0.8283608
	29.64057	-0.8281552
	29.64049	-0.8278837
	29.64025	-0.827788
	29.64006	-0.8279955
	29.63982	-0.8278837
	29.6398	-0.8276602
	29.63993	-0.8273728
	29.63982	-0.8264786
	29.64001	-0.826287
	29.64001	-0.825792
	29.63987	-0.8254407
	29.63971	-0.8251853
	29.63971	-0.8248819
	29.64006	-0.8246583
	29.64034	-0.8243257
	29.64079	-0.8240701
	29.64102	-0.8234954
	29.64104	-0.8229632
	29.64085	-0.8223031
	29.6404	-0.8218134
	29.64	-0.8216218
	29.63968	-0.8215366
	29.63904	-0.8217921
	29.63872	-0.8216856
	29.63866	-0.8213876
	29.63885	-0.8211321
	29.63974	-0.8204508
	29.63979	-0.8201102
	29.63966	-0.8198334
	29.63945	-0.8196845
	29.63911	-0.8198973
	29.63894	-0.8200889
	29.63879	-0.8201315
	29.63877	-0.8194928
	29.63868	-0.8192799
	29.63859	-0.8188116
	29.63834	-0.8187689
	29.63817	-0.8189818
	29.63802	-0.8190245
	29.63781	-0.8189392
	29.63776	-0.8186625
	29.63802	-0.8184283
	29.63819	-0.8181728
	29.6384	-0.8180237
	29.63932	-0.8179813
	29.63957	-0.817896
	29.63962	-0.8176831
	29.63949	-0.8174915
	29.63889	-0.8170657
	29.63866	-0.8171296
	29.63836	-0.8173
	29.63811	-0.8173425
	29.63796	-0.817236
	29.63781	-0.8170231
	29.63764	-0.8169168
	29.63742	-0.8168954
	29.63725	-0.8170657
	29.63698	-0.8170444
	29.63666	-0.8167038
	29.63668	-0.8164696
	29.63683	-0.8161715
	29.6371	-0.8160012
	29.63717	-0.8158309
	29.63708	-0.8155755
	29.63691	-0.8152773
	29.63661	-0.8150857
	29.63587	-0.814958
	29.6357	-0.8147664
	29.63547	-0.814596
	29.63493	-0.8143194
	29.635	-0.8139147
	29.63515	-0.8136167
	29.63532	-0.8134251
	29.6354	-0.8131696
	29.635	-0.8127012
	29.63493	-0.8123606
	29.63504	-0.8120839
	29.63561	-0.8119561
	29.63566	-0.8115729
	29.63542	-0.811147
	29.63487	-0.8105722
	29.63406	-0.8103594
	29.63389	-0.8101251
	29.63355	-0.8099335
	29.63314	-0.8098909
	29.63297	-0.8096781
	29.63287	-0.8088052
	29.63265	-0.8084859
	29.63234	-0.808209
	29.63214	-0.8079536
	29.6321	-0.8076554
	29.63263	-0.8071445
	29.63253	-0.8069104
	29.63225	-0.8066122
	29.6321	-0.8061864
	29.63214	-0.8059097
	29.63238	-0.8056969
	29.6324	-0.8054413
	29.63225	-0.8051859
	29.63187	-0.8051006
	29.63157	-0.8049729
	29.63138	-0.8048027
	29.63123	-0.804313
	29.63129	-0.8039511
	29.63146	-0.8038658
	29.63178	-0.8039297
	29.63206	-0.8041852
	29.63234	-0.8041
	29.63257	-0.8038871
	29.63283	-0.8038445
	29.63306	-0.8040574
	29.63334	-0.8039936
	29.63351	-0.803802
	29.6334	-0.8033974
	29.63295	-0.8026948
	29.63283	-0.8023542
	29.63302	-0.8020775
	29.63308	-0.8017794
	29.63265	-0.8010343
	29.63238	-0.8007149
	29.63214	-0.8003529
	29.63212	-0.8000549
	29.63234	-0.7998845
	29.63291	-0.7997355
	29.63317	-0.7994376
	29.63327	-0.799182
	29.63321	-0.7989904
	29.63304	-0.7988413
	29.63295	-0.7985433
	29.63302	-0.7982665
	29.6334	-0.7977768
	29.63338	-0.7975002
	29.63317	-0.7972871
	29.63291	-0.7971808
	29.63195	-0.7972871
	29.63144	-0.7972659
	29.63123	-0.7970955
	29.63091	-0.7967336
	29.63019	-0.7961163
	29.63004	-0.7958394
	29.62978	-0.795733
	29.62944	-0.7956904
	29.6291	-0.7955201
	29.62838	-0.7956266
	29.62797	-0.7956053
	29.62714	-0.7950944
	29.6271	-0.7947962
	29.62733	-0.7944981
	29.62737	-0.793902
	29.62682	-0.7933911
	29.62665	-0.793157
	29.62665	-0.7928588
	29.62695	-0.7926673
	29.62735	-0.7925607
	29.62746	-0.7921563
	29.62748	-0.7918369
	29.62821	-0.7910491
	29.62831	-0.7907299
	29.62833	-0.7902614
	29.62848	-0.7897292
	29.62893	-0.7896014
	29.62916	-0.7892608
	29.62953	-0.7892182
	29.62959	-0.7896014
	29.62976	-0.7898783
	29.62999	-0.7897504
	29.6301	-0.7894098
	29.63027	-0.7890692
	29.63121	-0.7884317
	29.63121	-0.7881194
	29.63059	-0.7875517
	29.63045	-0.7870691
	29.63042	-0.7865581
	29.63028	-0.7861324
	29.62999	-0.7858768
	29.62965	-0.7858768
	29.62943	-0.7861324
	29.62937	-0.7871827
	29.62906	-0.7873247
	29.62883	-0.786984
	29.62883	-0.7857634
	29.6286	-0.7853091
	29.62872	-0.7847697
	29.629	-0.7847414
	29.62925	-0.7849684
	29.62948	-0.7847981
	29.62948	-0.7835491
	29.62974	-0.7831801
	29.62985	-0.7826408
	29.62968	-0.7819028
	29.62968	-0.7815052
	29.62977	-0.7811362
	29.62962	-0.7805685
	29.62928	-0.7803698
	29.62891	-0.7804833
	29.62849	-0.7804833
	29.62829	-0.7801995
	29.62786	-0.7800859
	29.62744	-0.7801143
	29.62718	-0.7798872
	29.62718	-0.7792912
	29.62735	-0.7786382
	29.62772	-0.7782125
	29.62818	-0.7780422
	29.62866	-0.7779569
	29.6288	-0.7777582
	29.6288	-0.7773324
	29.62891	-0.7768499
	29.6292	-0.7764809
	29.62951	-0.7762253
	29.6278	-0.776121
	29.62746	-0.7762292
	29.62721	-0.7762291
	29.62718	-0.7758765
	29.62723	-0.7754788
	29.62696	-0.7753068
	29.62685	-0.7749904
	29.62699	-0.7746469
	29.62737	-0.7746833
	29.62765	-0.7748191
	29.62799	-0.774747
	29.62809	-0.7744397
	29.62809	-0.7741956
	29.6282	-0.7740239
	29.62834	-0.7739878
	29.6284	-0.773572
	29.62858	-0.7734998
	29.62882	-0.7735993
	29.62909	-0.7735723
	29.62923	-0.7733555
	29.62937	-0.7734279
	29.62951	-0.7735997
	29.62958	-0.7739885
	29.62983	-0.7742146
	29.62998	-0.7741605
	29.63014	-0.7736724
	29.62987	-0.7735095
	29.62971	-0.7732382
	29.62992	-0.7723163
	29.62976	-0.7721535
	29.62928	-0.7719905
	29.62928	-0.7716652
	29.62971	-0.7715025
	29.62992	-0.7712857
	29.63014	-0.7709604
	29.63062	-0.7708523
	29.63111	-0.7697677
	29.63116	-0.7692253
	29.63089	-0.7690082
	29.63089	-0.7684658
	29.63116	-0.7682399
	29.63111	-0.7678602
	29.631	-0.7676432
	29.63068	-0.7679142
	29.63036	-0.7679774
	29.63003	-0.7675974
	29.63073	-0.7668294
	29.6303	-0.7666122
	29.63009	-0.7663411
	29.63073	-0.765799
	29.63079	-0.7654735
	29.63041	-0.7650393
	29.63041	-0.7642257
	29.6303	-0.763629
	29.63057	-0.7632495
	29.63111	-0.7627616
	29.63089	-0.7622733
	29.63073	-0.7615681
	29.6303	-0.7615679
	29.62992	-0.7611337
	29.62949	-0.7615674
	29.62917	-0.761296
	29.62912	-0.7608079
	29.62939	-0.7601029
	29.62987	-0.7599947
	29.63014	-0.7598322
	29.63014	-0.7593439
	29.62987	-0.7593981
	29.62955	-0.7593437
	29.6296	-0.7590181
	29.62982	-0.7587471
	29.63009	-0.7585304
	29.62982	-0.7583132
	29.62955	-0.7586928
	29.62912	-0.7584756
	29.62933	-0.758096
	29.62939	-0.7577162
	29.62912	-0.7574991
	29.62939	-0.7570112
	29.62987	-0.7567403
	29.62992	-0.7565233
	29.62982	-0.7560351
	29.62944	-0.7554924
	29.62922	-0.7551127
	29.62895	-0.7552752
	29.62852	-0.755275
	29.62852	-0.7546784
	29.62901	-0.753648
	29.62949	-0.7534856
	29.62987	-0.7534315
	29.62955	-0.7529432
	29.62917	-0.7528887
	29.62901	-0.752509
	29.62922	-0.7521294
	29.62912	-0.7516954
	29.62917	-0.7510988
	29.62901	-0.7503936
	29.62898	-0.7503383
	29.62903	-0.7503383
	29.62885	-0.7499742
	29.62897	-0.7495947
	29.62932	-0.7492326
	29.62927	-0.7488536
	29.6293	-0.7485646
	29.62941	-0.7483295
	29.62981	-0.7482472
	29.62988	-0.7480753
	29.62983	-0.7476964
	29.62999	-0.7475966
	29.63033	-0.7476949
	29.63056	-0.7478838
	29.63085	-0.7478107
	29.63115	-0.7471959
	29.63115	-0.7466181
	29.63094	-0.7462666
	29.63054	-0.7459971
	29.63044	-0.7457625
	29.63063	-0.7454551
	29.63075	-0.745193
	29.63037	-0.7448058
	29.63054	-0.7445254
	29.6308	-0.7442358
	29.63085	-0.7438565
	29.63111	-0.7436661
	29.63139	-0.7435661
	29.63141	-0.7433314
	29.63122	-0.7430428
	29.63125	-0.7427541
	29.63111	-0.7425647
	29.63089	-0.7425382
	29.63054	-0.7419977
	29.63024	-0.741836
	29.62991	-0.7415751
	29.63005	-0.7412949
	29.63005	-0.7410241
	29.62991	-0.7407627
	29.62993	-0.7404828
	29.63019	-0.7404098
	29.63079	-0.7406428
	29.63102	-0.7407866
	29.63138	-0.740623
	29.63142	-0.7403791
	29.63138	-0.7401175
	29.63161	-0.7399092
	29.63168	-0.7396651
	29.63083	-0.7389724
	29.63074	-0.7386206
	29.63052	-0.7383053
	29.63029	-0.7382337
	29.6301	-0.7384059
	29.63012	-0.7387127
	29.62998	-0.7388575
	29.62977	-0.7388581
	29.62955	-0.7386421
	29.62962	-0.7380911
	29.62951	-0.7377845
	29.62929	-0.737406
	29.62922	-0.7369999
	29.62946	-0.7366381
	29.62946	-0.7364216
	29.62929	-0.7361421
	29.62931	-0.7358081
	29.62939	-0.7355189
	29.62923	-0.7352665
	29.62869	-0.7348168
	29.6284	-0.7344567
	29.62831	-0.7340506
	29.62852	-0.7332465
	29.62852	-0.7329124
	29.62883	-0.7329115
	29.62909	-0.732983
	29.62921	-0.7331271
	29.62923	-0.7334069
	29.62942	-0.7336951
	29.62963	-0.7334056
	29.62985	-0.7329265
	29.62996	-0.7325018
	29.62987	-0.7324028
	29.62944	-0.732359
	29.62963	-0.7320243
	29.63063	-0.7318047
	29.63075	-0.7315427
	29.6307	-0.7312087
	29.6307	-0.7309739
	29.63108	-0.730711
	29.6311	-0.7304762
	29.63089	-0.7300706
	29.63011	-0.7289895
	29.62988	-0.7287465
	29.62969	-0.7284671
	29.62988	-0.7279339
	29.62985	-0.7277987
	29.62973	-0.7275101
	29.62998	-0.7269677
	29.62991	-0.7266881
	29.62975	-0.7263997
	29.62951	-0.7261115
	29.62932	-0.726094
	29.62915	-0.7264464
	29.62887	-0.726357
	29.62889	-0.7259688
	29.62906	-0.7256343
	29.62892	-0.7255174
	29.62861	-0.7254281
	29.6287	-0.7250937
	29.62854	-0.7247601
	29.62832	-0.7247066
	29.62806	-0.7247344
	29.62792	-0.7245633
	29.62733	-0.7245469
	29.62712	-0.724376
	29.62716	-0.7241412
	29.62709	-0.7238796
	29.62688	-0.7238261
	29.62648	-0.723782
	29.62617	-0.7236385
	29.62593	-0.7234496
	29.62574	-0.7232607
	29.62553	-0.7229724
	29.62551	-0.7226836
	29.62541	-0.7223768
	29.62506	-0.7222606
	29.62494	-0.7220443
	29.6252	-0.7216643
	29.6252	-0.7215198
	29.62489	-0.7213313
	29.62487	-0.7211327
	29.62495	-0.7206269
	29.62507	-0.7203105
	29.6254	-0.7201651
	29.62547	-0.719858
	29.62542	-0.7196414
	29.62526	-0.7195245
	29.62511	-0.7193805
	29.62507	-0.7191911
	29.62521	-0.7189288
	29.62552	-0.7189009
	29.6258	-0.7185207
	29.62604	-0.718141
	29.62606	-0.7178519
	29.62592	-0.7177802
	29.6257	-0.7178801
	29.62554	-0.7180702
	29.6253	-0.7180709
	29.62511	-0.7178367
	29.62521	-0.7175476
	29.62552	-0.7175015
	29.62554	-0.7173028
	29.62552	-0.7171675
	29.62525	-0.717069
	29.62499	-0.7168801
	29.62499	-0.7167086
	29.62514	-0.7164283
	29.62537	-0.7163012
	29.62551	-0.7164994
	29.6257	-0.7165892
	29.62587	-0.7164984
	29.62589	-0.7161101
	29.62587	-0.715731
	29.62649	-0.7150882
	29.62665	-0.7150877
	29.62698	-0.7155201
	29.62724	-0.715465
	29.62736	-0.7153202
	29.62734	-0.7150856
	29.62743	-0.7148957
	29.62772	-0.7147957
	29.62796	-0.7144248
	29.62792	-0.7141902
	29.62792	-0.7138831
	29.62782	-0.7136938
	29.62737	-0.7135237
	29.62721	-0.7134069
	29.62723	-0.7129283
	29.62714	-0.7129015
	29.62695	-0.7130014
	29.6268	-0.7131915
	29.62664	-0.7131197
	29.62666	-0.7125237
	29.6269	-0.7124509
	29.62711	-0.7122876
	29.62706	-0.7116829
	29.62713	-0.7111139
	29.62713	-0.7107077
	29.62692	-0.7106361
	29.62673	-0.7103749
	29.62697	-0.7102298
	29.62699	-0.7099949
	29.62678	-0.7099233
	29.62666	-0.7096799
	29.6269	-0.7095167
	29.62685	-0.7092821
	29.62661	-0.7091565
	29.62649	-0.7090125
	29.62666	-0.7087771
	29.62668	-0.7085153
	29.62659	-0.7082989
	29.62661	-0.7081091
	29.62688	-0.7080273
	29.62729	-0.7079537
	29.62726	-0.7077643
	29.62703	-0.7076477
	29.62674	-0.7074498
	29.62679	-0.7072871
	29.62651	-0.706999
	29.62624	-0.7064762
	29.62629	-0.7061692
	29.6265	-0.7059247
	29.62643	-0.7057625
	29.62622	-0.7056909
	29.62596	-0.7055472
	29.62601	-0.7052582
	29.62601	-0.7049241
	29.6261	-0.7047162
	29.62634	-0.7048058
	29.62676	-0.7047866
	29.62688	-0.7045423
	29.62686	-0.7042535
	29.62674	-0.7040914
	29.6265	-0.7039747
	29.62631	-0.7039482
	29.62617	-0.703732
	29.62617	-0.7035424
	29.62629	-0.7033073
	29.62631	-0.7030906
	29.62629	-0.7028017
	29.62648	-0.7026839
	29.62691	-0.70252
	29.62728	-0.7025641
	29.62743	-0.7026359
	29.62769	-0.7026351
	29.62795	-0.7024175
	29.62804	-0.7022549
	29.62802	-0.7020383
	29.6279	-0.7018942
	29.62781	-0.7017049
	29.62796	-0.7010724
	29.62793	-0.7008107
	29.62786	-0.7005943
	29.62784	-0.7004047
	29.62793	-0.7001607
	29.62805	-0.700025
	29.62801	-0.6997091
	29.62791	-0.6994746
	29.62777	-0.6992584
	29.62801	-0.6991855
	29.62862	-0.699256
	29.62898	-0.6993541
	29.62924	-0.6994979
	29.62945	-0.6993708
	29.62973	-0.6993519
	29.62988	-0.6994417
	29.62997	-0.6997755
	29.63011	-0.7000459
	29.63037	-0.7001353
	29.63059	-0.6999902
	29.63068	-0.6997102
	29.63061	-0.6994666
	29.6308	-0.6992494
	29.63139	-0.6992024
	29.63139	-0.699058
	29.63123	-0.6987064
	29.63125	-0.6985168
	29.63144	-0.6983718
	29.6316	-0.6978477
	29.63177	-0.6977027
	29.63203	-0.6977742
	29.6322	-0.698198
	29.63248	-0.6982513
	29.63246	-0.6979354
	29.6326	-0.6976551
	29.63312	-0.697464
	29.63314	-0.6971479
	29.63295	-0.6969137
	29.63267	-0.6966979
	29.63253	-0.6965539
	29.63248	-0.6960033
	29.63267	-0.6958674
	29.63298	-0.6958123
	29.63293	-0.6954062
	29.63301	-0.6948733
	29.63289	-0.6946569
	29.6327	-0.6945672
	29.63254	-0.6943691
	29.63303	-0.6941329
	29.63303	-0.6938711
	29.63296	-0.6937539
	29.63277	-0.69361
	29.63268	-0.6931589
	29.63275	-0.692915
	29.63289	-0.692752
	29.6332	-0.6926337
	29.63403	-0.6928209
	29.63448	-0.6928916
	29.63476	-0.6927915
	29.63488	-0.6924391
	29.63495	-0.6920056
	29.63488	-0.6915273
	29.63486	-0.6911211
	29.63498	-0.6907687
	29.63528	-0.6905059
	29.63535	-0.6902621
	29.63521	-0.690127
	29.63497	-0.6901006
	29.63486	-0.690146
	29.6345	-0.690075
	29.63436	-0.6898406
	29.63431	-0.689597
	29.63443	-0.689028
	29.63429	-0.688911
	29.6341	-0.6888844
	29.63398	-0.6886952
	29.63424	-0.68855
	29.6346	-0.6885038
	29.6348	-0.6882955
	29.63489	-0.6881057
	29.63473	-0.688061
	29.63454	-0.6879171
	29.63468	-0.6877993
	29.63499	-0.6874373
	29.6351	-0.6876085
	29.63534	-0.6876528
	29.63544	-0.6874359
	29.63548	-0.6870296
	29.63544	-0.6869122
	29.63499	-0.6867963
	29.63496	-0.6866519
	29.63506	-0.6864169
	29.63525	-0.6862719
	29.63553	-0.6862439
	29.63579	-0.6862975
	29.63598	-0.6862246
	29.63615	-0.6859803
	29.63626	-0.685673
	29.6365	-0.6856272
	29.63676	-0.6854819
	29.63676	-0.6853104
	29.63664	-0.6851662
	29.63626	-0.685005
	29.63598	-0.685078
	29.63541	-0.684863
	29.63517	-0.6851256
	29.63494	-0.6851534
	29.63491	-0.6848646
	29.63503	-0.6846746
	29.63517	-0.684295
	29.6352	-0.6840512
	29.63487	-0.6835014
	29.63489	-0.6832937
	29.63513	-0.6833111
	29.63531	-0.6832202
	29.63529	-0.6830037
	29.6352	-0.6828595
	29.63501	-0.6827878
	29.63477	-0.6824996
	29.63484	-0.6822918
	29.63508	-0.6822189
	29.63546	-0.6823081
	29.63569	-0.6822171
	29.63584	-0.6819277
	29.63612	-0.681972
	29.63626	-0.6821431
	29.6365	-0.6822325
	29.63669	-0.6817626
	29.637	-0.6817616
	29.63718	-0.6816437
	29.63689	-0.6812745
	29.63687	-0.6810037
	29.63698	-0.6806513
	29.63729	-0.6805058
	29.63736	-0.6803611
	29.63708	-0.6802176
	29.63686	-0.6799565
	29.63698	-0.6797937
	29.63698	-0.6795499
	29.63717	-0.6793146
	29.63722	-0.6791428
	29.6371	-0.6789537
	29.63698	-0.6788637
	29.63696	-0.6782409
	29.63677	-0.6781421
	29.6366	-0.6779531
	29.63679	-0.6773837
	29.63719	-0.6775269
	29.63727	-0.6773101
	29.63727	-0.6770211
	29.63738	-0.6768764
	29.6375	-0.6766412
	29.63774	-0.676496
	29.63781	-0.6762792
	29.63757	-0.6761896
	29.63717	-0.6763804
	29.63696	-0.6764082
	29.63667	-0.6763819
	29.63653	-0.6762831
	29.63634	-0.6758052
	29.63587	-0.6761677
	29.63565	-0.6761954
	29.63549	-0.6759973
	29.63554	-0.6757895
	29.63582	-0.6756442
	29.63608	-0.6753545
	29.63601	-0.6750478
	29.63584	-0.6749038
	29.63558	-0.6747602
	29.63563	-0.6744982
	29.63584	-0.6742358
	29.63582	-0.6738567
	29.63587	-0.6735225
	29.63608	-0.6734948
	29.63634	-0.6735933
	29.63651	-0.6735657
	29.63681	-0.6732759
	29.63724	-0.6731572
	29.63762	-0.6729936
	29.63783	-0.6729478
	29.638	-0.6727035
	29.63831	-0.672468
	29.63847	-0.6724403
	29.63849	-0.6720881
	29.63866	-0.6719161
	29.63885	-0.6719156
	29.63902	-0.6720144
	29.63948	-0.6721664
	29.63997	-0.6720927
	29.64	-0.6718759
	29.6399	-0.6715422
	29.64	-0.671235
	29.64038	-0.6709991
	29.64059	-0.6709263
	29.64078	-0.6711875
	29.64095	-0.671187
	29.64111	-0.6704011
	29.6413	-0.6701837
	29.64144	-0.6697772
	29.6413	-0.6694706
	29.64147	-0.6691362
	29.64175	-0.6689456
	29.6418	-0.6686566
	29.64191	-0.6683222
	29.64213	-0.6678702
	29.64199	-0.6676268
	29.64175	-0.66742
	29.64184	-0.6672029
	29.64217	-0.6669583
	29.64243	-0.6662714
	29.64267	-0.6659095
	29.64294	-0.6655925
	29.64318	-0.6652036
	29.6433	-0.6645894
	29.64323	-0.6642556
	29.64353	-0.6642005
	29.6438	-0.6640643
	29.64413	-0.6631064
	29.64443	-0.6630783
	29.64453	-0.6628704
	29.6445	-0.6625546
	29.64453	-0.6622474
	29.64479	-0.6614793
	29.645	-0.6614335
	29.6454	-0.6615044
	29.64545	-0.6613869
	29.64536	-0.6612698
	29.64531	-0.6608096
	29.64552	-0.660502
	29.64581	-0.6602213
	29.64585	-0.6599052
	29.64628	-0.6593351
	29.64663	-0.659289
	29.64692	-0.6594055
	29.64725	-0.6596662
	29.64742	-0.6599546
	29.64763	-0.6601615
	29.64791	-0.6602601
	29.64822	-0.660232
	29.64838	-0.6598162
	29.64854	-0.6596081
	29.64873	-0.6595353
	29.64878	-0.6593184
	29.64885	-0.6577654
	29.64882	-0.657287
	29.64852	-0.6569811
	29.64904	-0.6566454
	29.64949	-0.6560481
	29.64972	-0.6556412
	29.65008	-0.6553061
	29.65048	-0.6552326
	29.65093	-0.6553034
	29.65117	-0.6551131
	29.65119	-0.6548783
	29.65114	-0.6545445
	29.65129	-0.654183
	29.65121	-0.6538039
	29.65138	-0.6537584
	29.65164	-0.6537575
	29.6516	-0.6534056
	29.65132	-0.6531716
	29.65151	-0.6529815
	29.65156	-0.6527375
	29.65151	-0.6523585
	29.65179	-0.6522855
	29.65182	-0.6520507
	29.65172	-0.6516177
	29.65163	-0.6514283
	29.6513	-0.6514023
	29.6513	-0.6510952
	29.65141	-0.6507158
	29.65148	-0.6503544
	29.65122	-0.6502378
	29.65106	-0.6502383
	29.65066	-0.650095
	29.65061	-0.649734
	29.65084	-0.6493091
	29.65051	-0.6487594
	29.6502	-0.6487332
	29.64999	-0.6486615
	29.65006	-0.6483997
	29.65006	-0.6481648
	29.6498	-0.6480483
	29.64961	-0.6479225
	29.64964	-0.6477328
	29.64974	-0.6474887
	29.64974	-0.647245
	29.64943	-0.6473452
	29.64906	-0.6473464
	29.64894	-0.6470578
	29.64901	-0.6468138
	29.64917	-0.646678
	29.64974	-0.6465317
	29.64995	-0.6462693
	29.65026	-0.6461961
	29.65052	-0.6462404
	29.65078	-0.6460771
	29.6509	-0.6457608
	29.65088	-0.6454269
	29.65076	-0.6451472
	29.65036	-0.6449319
	29.65029	-0.6446253
	29.65036	-0.6443089
	29.6505	-0.6439745
	29.6514	-0.6428974
	29.65133	-0.6425003
	29.6514	-0.6420938
	29.65141	-0.6411277
	29.65155	-0.6405766
	29.65136	-0.6390515
	29.65155	-0.6387349
	29.65174	-0.6385266
	29.6519	-0.6382103
	29.65205	-0.6378307
	29.65221	-0.6376858
	29.65243	-0.637667
	29.65273	-0.6375216
	29.65377	-0.6374912
	29.65408	-0.6376619
	29.65427	-0.6376342
	29.6543	-0.6373724
	29.65418	-0.6367588
	29.65406	-0.6365153
	29.65382	-0.6362273
	29.65382	-0.6359925
	29.65394	-0.6357574
	29.65421	-0.6355219
	29.65464	-0.6355475
	29.65523	-0.6354555
	29.65537	-0.6352654
	29.6554	-0.6349313
	29.6553	-0.6342093
	29.65563	-0.6335945
	29.65613	-0.6330693
	29.65637	-0.63259
	29.65641	-0.6322108
	29.65655	-0.6320659
	29.65689	-0.632083
	29.65703	-0.631947
	29.657	-0.631613
	29.65707	-0.6314142
	29.65731	-0.6314857
	29.6576	-0.6314848
	29.65781	-0.6312224
	29.65793	-0.6309151
	29.65793	-0.6306985
	29.65764	-0.6299589
	29.6575	-0.6297248
	29.6575	-0.6294629
	29.65765	-0.6293089
	29.65844	-0.6292342
	29.66016	-0.6280643
	29.66038	-0.6277478
	29.66031	-0.6275583
	29.66007	-0.6272069
	29.66009	-0.626891
	29.66035	-0.6265832
	29.66099	-0.6264638
	29.66101	-0.6262922
	29.66097	-0.6258861
	29.66113	-0.625723
	29.66125	-0.6250276
	29.66137	-0.6248195
	29.66158	-0.6249362
	29.66175	-0.6248907
	29.66208	-0.624077
	29.66197	-0.6235628
	29.66264	-0.6231816
	29.66271	-0.6229376
	29.66292	-0.6226752
	29.6633	-0.6225566
	29.66342	-0.6223215
	29.66323	-0.6221326
	29.66297	-0.6222236
	29.66245	-0.6221079
	29.66221	-0.6220092
	29.66204	-0.6217479
	29.66181	-0.6217938
	29.66155	-0.6217764
	29.66138	-0.6215604
	29.6614	-0.6210096
	29.66147	-0.6206031
	29.66131	-0.6204411
	29.66112	-0.6206764
	29.66095	-0.6207942
	29.66076	-0.6207948
	29.66057	-0.6205336
	29.66055	-0.6201274
	29.66034	-0.6196766
	29.66017	-0.6194875
	29.66015	-0.6191536
	29.65998	-0.6190367
	29.65965	-0.6190377
	29.65944	-0.6191557
	29.6592	-0.6189849
	29.65901	-0.6187507
	29.65906	-0.6184617
	29.65901	-0.6183175
	29.65854	-0.618391
	29.65837	-0.6184909
	29.65828	-0.6182745
	29.65828	-0.6177237
	29.65772	-0.6173824
	29.65758	-0.6171211
	29.65765	-0.616877
	29.65786	-0.6164249
	29.65795	-0.6159461
	29.65767	-0.615306
	29.65765	-0.6149721
	29.6571	-0.6145403
	29.65696	-0.6143783
	29.65689	-0.6141167
	29.65696	-0.6137554
	29.65684	-0.6137106
	29.65649	-0.6139193
	29.6563	-0.6138026
	29.65627	-0.613586
	29.65634	-0.6133239
	29.65656	-0.6131879
	29.65632	-0.6125837
	29.65651	-0.6125379
	29.65667	-0.612393
	29.65665	-0.6122034
	29.65653	-0.6120865
	29.65613	-0.6118259
	29.65594	-0.6116369
	29.65582	-0.6113935
	29.65586	-0.6111226
	29.65597	-0.6107881
	29.65588	-0.6104092
	29.65597	-0.610093
	29.65626	-0.6098574
	29.65633	-0.6094961
	29.65628	-0.6090176
	29.65619	-0.6085937
	29.65571	-0.6086131
	29.6555	-0.6084242
	29.65559	-0.6082071
	29.65581	-0.6081434
	29.65614	-0.6079528
	29.65616	-0.607736
	29.65602	-0.6074205
	29.6559	-0.6073035
	29.65536	-0.6071607
	29.65526	-0.6069443
	29.65497	-0.6058888
	29.65461	-0.6050774
	29.65451	-0.6046443
	29.65442	-0.6043829
	29.65418	-0.6040767
	29.65442	-0.6035252
	29.65428	-0.6032638
	29.65404	-0.6033819
	29.6538	-0.6036715
	29.65359	-0.6042409
	29.65328	-0.604296
	29.65274	-0.6041984
	29.6525	-0.6038921
	29.65281	-0.6029793
	29.65271	-0.6028171
	29.65252	-0.6026735
	29.65245	-0.6023124
	29.65255	-0.6019601
	29.65245	-0.6017438
	29.65219	-0.6016181
	29.65207	-0.6013385
	29.65203	-0.6010226
	29.65217	-0.6007425
	29.6522	-0.6004444
	29.6522	-0.6001103
	29.65242	-0.5999652
	29.65282	-0.5999911
	29.65291	-0.5997741
	29.65279	-0.5995849
	29.65223	-0.5992255
	29.65189	-0.5992717
	29.65173	-0.5995611
	29.65147	-0.5994896
	29.65126	-0.5991833
	29.65111	-0.5988226
	29.65102	-0.5980374
	29.65102	-0.5977034
	29.65125	-0.5976305
	29.65168	-0.5975839
	29.65182	-0.5973218
	29.6517	-0.5969338
	29.65137	-0.5967182
	29.65106	-0.5966741
	29.65047	-0.5964142
	29.64981	-0.5963891
	29.64948	-0.5962727
	29.64943	-0.5959118
	29.64948	-0.5954602
	29.64986	-0.5953688
	29.65002	-0.59498
	29.65002	-0.594646
	29.64981	-0.5942945
	29.64955	-0.5940516
	29.64936	-0.5937452
	29.64945	-0.593456
	29.64985	-0.5934367
	29.65019	-0.5936975
	29.65038	-0.5938865
	29.65073	-0.5938583
	29.65087	-0.5937406
	29.65128	-0.5939108
	29.65161	-0.5943612
	29.65212	-0.594468
	29.65259	-0.5947013
	29.65299	-0.5945103
	29.65387	-0.5939388
	29.65415	-0.5936492
	29.65555	-0.5933108
	29.656	-0.5933184
	29.65652	-0.5934071
	29.65673	-0.5935961
	29.65671	-0.5937676
	29.6565	-0.5941023
	29.65645	-0.5943642
	29.65657	-0.5945265
	29.65702	-0.5946965
	29.6574	-0.5946502
	29.65768	-0.59455
	29.65771	-0.5942881
	29.6578	-0.5939538
	29.65813	-0.5936911
	29.65827	-0.5934558
	29.65823	-0.5929324
	29.65844	-0.5927421
	29.65863	-0.5928318
	29.65929	-0.5936422
	29.65943	-0.5940029
	29.65965	-0.5942099
	29.66	-0.594281
	29.66022	-0.5940457
	29.66012	-0.593405
	29.65988	-0.5930898
	29.65955	-0.5924047
	29.65953	-0.5921158
	29.65969	-0.5919438
	29.66005	-0.5921142
	29.6604	-0.5928083
	29.66088	-0.5933304
	29.66126	-0.5934917
	29.66166	-0.5935446
	29.66206	-0.5936608
	29.66225	-0.5938317
	29.66268	-0.5938485
	29.6628	-0.5936586
	29.6628	-0.5934418
	29.66261	-0.5931807
	29.66242	-0.5930368
	29.66216	-0.5929203
	29.66204	-0.5927309
	29.66203	-0.5923158
	29.66207	-0.5920268
	29.66236	-0.5918362
	29.66262	-0.5916007
	29.66295	-0.5914733
	29.66326	-0.5914543
	29.66371	-0.5916876
	29.66411	-0.5918127
	29.66444	-0.5918298
	29.66463	-0.5917117
	29.66461	-0.591116
	29.66442	-0.5907374
	29.66446	-0.5904213
	29.66468	-0.5902582
	29.66487	-0.5902124
	29.66532	-0.5903734
	29.66567	-0.5905439
	29.66612	-0.5904251
	29.66643	-0.5902797
	29.66676	-0.5902335
	29.66709	-0.5898985
	29.66714	-0.5894198
	29.66738	-0.5890399
	29.66785	-0.5890115
	29.66861	-0.5894424
	29.66901	-0.5892696
	29.66906	-0.5888451
	29.66932	-0.5885284
	29.66946	-0.5880765
	29.66948	-0.5875979
	29.66967	-0.5873174
	29.66972	-0.5868839
	29.67013	-0.5864222
	29.67009	-0.5861064
	29.6703	-0.5858439
	29.67063	-0.5858428
	29.67075	-0.5855084
	29.67068	-0.5853462
	29.67042	-0.5851754
	29.67032	-0.5848687
	29.67039	-0.5845616
	29.67061	-0.5844346
	29.67087	-0.5844879
	29.67113	-0.5846496
	29.67151	-0.5846303
	29.67241	-0.5842483
	29.67245	-0.5839593
	29.67226	-0.5838606
	29.67196	-0.5838886
	29.6711	-0.5838642
	29.67087	-0.583558
	29.67082	-0.5832694
	29.67089	-0.5827905
	29.6711	-0.5826996
	29.67179	-0.582914
	29.67276	-0.5829291
	29.67293	-0.582721
	29.6729	-0.5824773
	29.67278	-0.582288
	29.67185	-0.5816771
	29.67175	-0.5813253
	29.67178	-0.5810364
	29.67199	-0.5803946
	29.67227	-0.5800597
	29.67298	-0.5794886
	29.67346	-0.5793156
	29.67353	-0.5790987
	29.67324	-0.578937
	29.67312	-0.5786756
	29.67355	-0.5782409
	29.67372	-0.5779786
	29.67372	-0.5776987
	29.67343	-0.5773385
	29.67327	-0.5770232
	29.67338	-0.5767428
	29.67353	-0.5765979
	29.6739	-0.5765245
	29.67485	-0.5767833
	29.67516	-0.5768365
	29.67537	-0.5766373
	29.67533	-0.5763124
	29.67516	-0.5761142
	29.67521	-0.5758342
	29.67535	-0.5754005
	29.67553	-0.5752735
	29.67576	-0.5754082
	29.67607	-0.5754614
	29.67621	-0.5753436
	29.67621	-0.5746935
	29.67598	-0.574288
	29.67579	-0.5741261
	29.67567	-0.5738376
	29.67586	-0.5736203
	29.67609	-0.5736016
	29.67631	-0.5733389
	29.67652	-0.5731667
	29.67666	-0.573383
	29.6769	-0.5735267
	29.67711	-0.5734991
	29.67718	-0.573237
	29.67718	-0.5728848
	29.67728	-0.5726227
	29.67721	-0.572334
	29.67711	-0.5721447
	29.67713	-0.5718828
	29.67742	-0.571286
	29.67761	-0.5711591
	29.67784	-0.5714021
	29.67806	-0.5715188
	29.67839	-0.5718067
	29.67877	-0.5718777
	29.67903	-0.5718318
	29.67922	-0.5715875
	29.67922	-0.5713076
	29.67915	-0.5710912
	29.67898	-0.5709472
	29.679	-0.5707033
	29.67915	-0.5705403
	29.67948	-0.5703948
	29.67983	-0.5703035
	29.68005	-0.5701583
	29.68012	-0.5699143
	29.67993	-0.569608
	29.67967	-0.5695095
	29.67957	-0.5693473
	29.67964	-0.5691575
	29.67977	-0.5689494
	29.68003	-0.5687591
	29.6802	-0.5684966
	29.68027	-0.5682347
	29.68029	-0.5678553
	29.68044	-0.5674757
	29.68074	-0.5671136
	29.68103	-0.5666162
	29.68119	-0.5661101
	29.68152	-0.5658471
	29.68188	-0.5657558
	29.68197	-0.5655117
	29.68197	-0.565277
	29.68178	-0.5648442
	29.68145	-0.5646556
	29.6811	-0.5643949
	29.68091	-0.5641067
	29.68088	-0.5638448
	29.68093	-0.5637002
	29.68117	-0.5636996
	29.6814	-0.5637711
	29.6819	-0.564248
	29.68228	-0.564301
	29.68242	-0.5642282
	29.68256	-0.563984
	29.68311	-0.5636484
	29.68316	-0.5633684
	29.68306	-0.5631971
	29.68259	-0.5629367
	29.68237	-0.5627206
	29.68211	-0.5627486
	29.682	-0.5631552
	29.68185	-0.5632731
	29.68174	-0.5632463
	29.68159	-0.5629849
	29.6815	-0.5626782
	29.68153	-0.5623803
	29.68182	-0.5621175
	29.68213	-0.5620624
	29.68253	-0.5621875
	29.68284	-0.562331
	29.68305	-0.5622581
	29.68317	-0.5621403
	29.68307	-0.5616351
	29.68326	-0.561183
	29.68317	-0.5610118
	29.68288	-0.5610668
	29.68257	-0.5611852
	29.68243	-0.5612759
	29.68227	-0.561466
	29.6821	-0.5614665
	29.68189	-0.5613048
	29.68182	-0.5610431
	29.68163	-0.5610437
	29.68149	-0.5611345
	29.68141	-0.561261
	29.68118	-0.5613069
	29.68106	-0.5611628
	29.68094	-0.5607569
	29.68094	-0.5602784
	29.68103	-0.5599892
	29.68134	-0.559925
	29.68182	-0.5596798
	29.68182	-0.5594452
	29.68165	-0.5591296
	29.68165	-0.5587955
	29.68146	-0.5587058
	29.68089	-0.5587528
	29.68042	-0.5589167
	29.67994	-0.5592071
	29.67949	-0.5592356
	29.67912	-0.558948
	29.67855	-0.558706
	29.67779	-0.5584465
	29.67741	-0.5584297
	29.67717	-0.5580963
	29.67713	-0.5577804
	29.67769	-0.5570925
	29.67781	-0.5567582
	29.67757	-0.5564699
	29.67744	-0.5562446
	29.67754	-0.5559825
	29.67775	-0.5556026
	29.67808	-0.5552133
	29.67813	-0.5548069
	29.67806	-0.5545273
	29.6778	-0.5543295
	29.67725	-0.5541417
	29.67669	-0.5535926
	29.67616	-0.5534318
	29.67503	-0.5535797
	29.67448	-0.5535273
	29.6742	-0.5535733
	29.67384	-0.5533849
	29.67363	-0.5530335
	29.67337	-0.5530342
	29.67282	-0.5534602
	29.67247	-0.5536058
	29.67211	-0.553941
	29.67181	-0.5541767
	29.67143	-0.5543494
	29.67117	-0.5544134
	29.67095	-0.5546127
	29.67069	-0.5549206
	29.67053	-0.5553003
	29.67022	-0.5552741
	29.66911	-0.5537789
	29.6692	-0.5534174
	29.66939	-0.5529655
	29.66918	-0.5518646
	29.66951	-0.5516288
	29.66975	-0.5512941
	29.66977	-0.5509599
	29.66986	-0.5505805
	29.67009	-0.5499208
	29.67009	-0.5476816
	29.67032	-0.5472475
	29.67025	-0.5468957
	29.66994	-0.5467792
	29.66952	-0.5468979
	29.66909	-0.5469173
	29.66869	-0.546729
	29.66838	-0.5463688
	29.66824	-0.5458908
	29.6685	-0.5450324
	29.66831	-0.5446809
	29.66826	-0.5435073
	29.66788	-0.5428313
	29.6675	-0.5425436
	29.66721	-0.5422104
	29.66707	-0.5418046
	29.66712	-0.5414704
	29.66743	-0.541325
	29.66847	-0.5414662
	29.66901	-0.5409951
	29.66906	-0.5406067
	29.66925	-0.5396581
	29.66946	-0.5393955
	29.66984	-0.5390604
	29.6704	-0.5387877
	29.67141	-0.5378004
	29.67139	-0.5374935
	29.6712	-0.5366093
	29.67139	-0.5363469
	29.67224	-0.5361095
	29.67286	-0.5361799
	29.67331	-0.5358444
	29.67328	-0.5355826
	29.67314	-0.5352942
	29.67288	-0.534988
	29.67276	-0.5346725
	29.67233	-0.5342042
	29.67217	-0.5339339
	29.67226	-0.5336537
	29.67239	-0.5322088
	29.67197	-0.5316323
	29.67182	-0.5312535
	29.67182	-0.5306848
	29.6717	-0.5290149
	29.67149	-0.5285822
	29.67151	-0.5277967
	29.67181	-0.5262791
	29.67195	-0.5260709
	29.67186	-0.5258996
	29.67169	-0.5258279
	29.67159	-0.5258734
	29.67122	-0.525667
	29.67105	-0.5253514
	29.67117	-0.5239968
	29.67129	-0.5236625
	29.67152	-0.5234449
	29.67202	-0.5231546
	29.67235	-0.5230631
	29.6724	-0.5227742
	29.67256	-0.5224846
	29.67266	-0.5221503
	29.67285	-0.521915
	29.6732	-0.5218868
	29.67325	-0.5216519
	29.67346	-0.5211275
	29.67351	-0.5208385
	29.67382	-0.5207202
	29.67391	-0.5203858
	29.67391	-0.5200789
	29.67335	-0.5183201
	29.67279	-0.517708
	29.67269	-0.5171756
	29.67233	-0.5165628
	29.6721	-0.5162747
	29.67177	-0.5162034
	29.67167	-0.515987
	29.67172	-0.515707
	29.67165	-0.5155808
	29.67127	-0.515564
	29.67106	-0.5153661
	29.67132	-0.5151756
	29.67165	-0.5145787
	29.67199	-0.5129976
	29.67213	-0.511634
	29.67206	-0.5110654
	29.67196	-0.5107496
	29.67192	-0.5104157
	29.67135	-0.5098217
	29.67137	-0.5095598
	29.67158	-0.5093425
	29.67177	-0.5090801
	29.6718	-0.5086556
	29.67173	-0.5082495
	29.67208	-0.5076074
	29.67215	-0.5071016
	29.67216	-0.5065418
	29.67209	-0.5056392
	29.67218	-0.5050612
	29.67216	-0.5045376
	29.6719	-0.5038702
	29.67204	-0.5031294
	29.67197	-0.5029672
	29.67173	-0.5030131
	29.6715	-0.5028964
	29.67138	-0.5025629
	29.67112	-0.5025817
	29.67053	-0.5024933
	29.67005	-0.5014204
	29.66984	-0.5012225
	29.66977	-0.5008706
	29.66902	-0.5000515
	29.66857	-0.4996647
	29.66817	-0.4995033
	29.66814	-0.4992867
	29.66836	-0.4991687
	29.66864	-0.4991136
	29.66893	-0.4989773
	29.66914	-0.4987599
	29.66935	-0.4984703
	29.66956	-0.4980635
	29.66966	-0.4973951
	29.66985	-0.4971867
	29.67025	-0.4971585
	29.67046	-0.4968688
	29.6707	-0.4966604
	29.67103	-0.4960364
	29.67224	-0.4954638
	29.67269	-0.4953631
	29.673	-0.4951724
	29.67326	-0.4949368
	29.67354	-0.4947463
	29.67382	-0.4943843
	29.67375	-0.4942401
	29.67352	-0.4941686
	29.67333	-0.4940067
	29.67349	-0.4938346
	29.67376	-0.4937525
	29.674	-0.4938963
	29.67424	-0.4938954
	29.67414	-0.4935617
	29.67395	-0.4931561
	29.6741	-0.4930833
	29.67443	-0.4930823
	29.67445	-0.4928205
	29.67478	-0.4922235
	29.67606	-0.4922014
	29.67639	-0.4921461
	29.67604	-0.4916055
	29.67596	-0.491344
	29.67535	-0.4909576
	29.67542	-0.4907227
	29.67502	-0.4904352
	29.67487	-0.4900564
	29.67454	-0.4897686
	29.67412	-0.4895983
	29.67405	-0.4893186
	29.67423	-0.4891465
	29.67464	-0.4890278
	29.67476	-0.4886934
	29.67461	-0.4883599
	29.67475	-0.4880705
	29.67497	-0.487808
	29.67457	-0.487403
	29.67442	-0.4869791
	29.67449	-0.4865003
	29.67421	-0.4859505
	29.67421	-0.4855985
	29.67428	-0.48521
	29.67409	-0.4849939
	29.67426	-0.4846142
	29.67407	-0.4840189
	29.67407	-0.4839015
	29.6739	-0.4836855
	29.67373	-0.4835685
	29.67347	-0.483452
	29.67326	-0.4832812
	29.67293	-0.48321
	29.67257	-0.4830939
	29.67229	-0.4829231
	29.6721	-0.4827161
	29.67236	-0.482327
	29.67224	-0.4820656
	29.67181	-0.4818774
	29.67171	-0.4816249
	29.67185	-0.4815071
	29.6719	-0.4814166
	29.67185	-0.4812182
	29.67154	-0.4810116
	29.671	-0.4803903
	29.67093	-0.4801469
	29.67102	-0.4797222
	29.67104	-0.4787471
	29.67126	-0.4784303
	29.67123	-0.4780061
	29.67154	-0.4773099
	29.67149	-0.4770754
	29.6713	-0.4768773
	29.67099	-0.4768061
	29.67073	-0.4766714
	29.67076	-0.4764096
	29.67066	-0.4761661
	29.67042	-0.4759503
	29.67031	-0.475734
	29.6704	-0.4754537
	29.67048	-0.4749659
	29.6702	-0.4743709
	29.67025	-0.4740819
	29.67103	-0.4727883
	29.67096	-0.4724816
	29.67074	-0.4725093
	29.67046	-0.4726006
	29.67017	-0.4725292
	29.66994	-0.4723675
	29.66975	-0.4721965
	29.66939	-0.4720804
	29.66906	-0.4720814
	29.66873	-0.4722721
	29.66847	-0.4721284
	29.66837	-0.4718218
	29.66821	-0.4716238
	29.66785	-0.4715074
	29.66709	-0.4710314
	29.6669	-0.4707702
	29.6669	-0.4703459
	29.66671	-0.4699853
	29.66622	-0.4700591
	29.66612	-0.4698699
	29.66603	-0.4695091
	29.66586	-0.4693652
	29.6656	-0.4694833
	29.66539	-0.469484
	29.66517	-0.4691327
	29.66465	-0.4691073
	29.66423	-0.4691989
	29.66394	-0.4693713
	29.66383	-0.4697057
	29.66361	-0.4699682
	29.66281	-0.4705667
	29.66259	-0.470468
	29.66243	-0.4701796
	29.66236	-0.4699903
	29.66219	-0.4699186
	29.66198	-0.4700908
	29.66167	-0.4701821
	29.66113	-0.469877
	29.66098	-0.4696607
	29.66052	-0.4686511
	29.66026	-0.4684803
	29.65991	-0.468337
	29.65896	-0.4677171
	29.65882	-0.4675099
	29.65863	-0.4674382
	29.65803	-0.467368
	29.65756	-0.4671979
	29.65747	-0.4670809
	29.65678	-0.4667941
	29.65657	-0.4663435
	29.65635	-0.4661998
	29.65593	-0.4662281
	29.65569	-0.4665811
	29.65538	-0.4668709
	29.65498	-0.4673958
	29.65481	-0.4675408
	29.65455	-0.4675416
	29.65448	-0.4671808
	29.6546	-0.4669457
	29.65455	-0.4666117
	29.65453	-0.4659888
	29.65424	-0.465728
	29.65417	-0.4651323
	29.65394	-0.4649887
	29.6537	-0.4650165
	29.65349	-0.4649631
	29.6533	-0.4647469
	29.65315	-0.4644133
	29.65306	-0.4639171
	29.65306	-0.4636733
	29.65292	-0.463439
	29.65266	-0.4633225
	29.65249	-0.4630794
	29.65239	-0.4628719
	29.65244	-0.4626552
	29.65265	-0.4624379
	29.65248	-0.4620683
	29.65231	-0.4619244
	29.6517	-0.4618541
	29.65143	-0.4616924
	29.65139	-0.4612593
	29.65141	-0.4611969
	29.65183	-0.4611365
	29.67522	-0.3338005
	29.69851	-0.2076599
	29.72674	-0.0829105
	29.72689	-0.0823144
	29.72714	-0.0817997
	29.7273	-0.0810138
	29.72745	-0.0794967
	29.7277	-0.0788012
	29.72787	-0.0776092
	29.72813	-0.0764893
	29.72785	-0.0756496
	29.72671	-0.0751446
	29.72629	-0.0745037
	29.72661	-0.0738353
	29.72671	-0.0731941
	29.72635	-0.072797
	29.72621	-0.0718489
	29.72631	-0.0713974
	29.72592	-0.0707203
	29.72557	-0.0698084
	29.72561	-0.0692576
	29.72589	-0.0679932
	29.72593	-0.0673882
	29.72557	-0.0668646
	29.725	-0.0663142
	29.72441	-0.065574
	29.72441	-0.0649962
	29.72453	-0.0632351
	29.72482	-0.06235
	29.72495	-0.0615643
	29.72521	-0.0595685
	29.72514	-0.0583224
	29.7256	-0.0580874
	29.72588	-0.0576899
	29.72652	-0.0571206
	29.72656	-0.0568227
	29.7263	-0.0559287
	29.72612	-0.0554412
	29.72628	-0.0553237
	29.7271	-0.0552149
	29.72753	-0.055007
	29.72765	-0.0547902
	29.72775	-0.0543386
	29.72827	-0.0543744
	29.72878	-0.0545005
	29.72927	-0.0539855
	29.72931	-0.0534076
	29.72923	-0.0528297
	29.72906	-0.0520081
	29.72851	-0.0511054
	29.72855	-0.0506809
	29.72854	-0.0493987
	29.72864	-0.0487305
	29.72895	-0.0482155
	29.72929	-0.0481341
	29.72966	-0.0477094
	29.72979	-0.0468876
	29.73002	-0.0460115
	29.72991	-0.0451537
	29.7298	-0.0446029
	29.72984	-0.0437811
	29.72965	-0.042824
	29.72967	-0.0419662
	29.7298	-0.041334
	29.72926	-0.0410815
	29.72914	-0.0406842
	29.72927	-0.0402597
	29.7291	-0.0395284
	29.72892	-0.0392215
	29.72804	-0.039213
	29.72835	-0.0387884
	29.72754	-0.0380484
	29.72758	-0.037651
	29.72806	-0.0377772
	29.72837	-0.0376596
	29.7291	-0.0375508
	29.72967	-0.0378936
	29.73009	-0.0378662
	29.73047	-0.0373784
	29.7305	-0.0369268
	29.73072	-0.0363218
	29.73052	-0.0356807
	29.73074	-0.0352832
	29.73097	-0.0344342
	29.73133	-0.0341992
	29.73173	-0.0338378
	29.7321	-0.0340815
	29.73234	-0.0340271
	29.73295	-0.0339725
	29.73343	-0.0344689
	29.73388	-0.0348388
	29.73504	-0.0348924
	29.73565	-0.0347565
	29.73584	-0.0347564
	29.73623	-0.0350632
	29.73632	-0.0350992
	29.73629	-0.0346116
	29.73676	-0.0342772
	29.73705	-0.0345841
	29.73751	-0.0348366
	29.73772	-0.0348997
	29.73782	-0.0343849
	29.73798	-0.0339604
	29.73837	-0.0338429
	29.73853	-0.0334816
	29.73835	-0.0332287
	29.73784	-0.0331026
	29.73772	-0.0327054
	29.73782	-0.032281
	29.73821	-0.0322898
	29.73851	-0.0325333
	29.73875	-0.0329034
	29.73893	-0.032813
	29.73912	-0.0324517
	29.73919	-0.0319369
	29.73929	-0.031693
	29.73963	-0.0311511
	29.74015	-0.030943
	29.74046	-0.0301573
	29.74083	-0.0298228
	29.74141	-0.0297051
	29.7416	-0.0293799
	29.74102	-0.0291816
	29.74009	-0.028532
	29.74031	-0.0281435
	29.74102	-0.027511
	29.74139	-0.0269057
	29.74171	-0.0262734
	29.7422	-0.0258488
	29.74262	-0.0259478
	29.74241	-0.0262189
	29.74234	-0.0267697
	29.74261	-0.026923
	29.74306	-0.0268324
	29.74385	-0.0269674
	29.7439	-0.0267778
	29.74378	-0.0265159
	29.74342	-0.0262091
	29.74316	-0.0261491
	29.7429	-0.025961
	29.74272	-0.0256592
	29.74259	-0.0252828
	29.7426	-0.0246287
	29.7427	-0.024545
	29.74275	-0.0243598
	29.74263	-0.0240731
	29.74272	-0.0238909
	29.74261	-0.0238251
	29.74212	-0.0239267
	29.74206	-0.0240312
	29.74207	-0.0241059
	29.74225	-0.0242463
	29.74226	-0.0243329
	29.74219	-0.0244644
	29.74198	-0.0245182
	29.74183	-0.0244076
	29.74153	-0.0239894
	29.74127	-0.023849
	29.74136	-0.0236608
	29.74128	-0.023422
	29.74134	-0.0232456
	29.74133	-0.0232008
	29.74119	-0.0231799
	29.74094	-0.0232934
	29.74078	-0.0235624
	29.74054	-0.0236907
	29.74027	-0.0240403
	29.74021	-0.0240581
	29.74009	-0.0239925
	29.74007	-0.0239356
	29.74011	-0.0238072
	29.74002	-0.0237325
	29.73991	-0.023846
	29.73985	-0.0240164
	29.73972	-0.0240492
	29.73958	-0.0238521
	29.73943	-0.0237475
	29.7391	-0.0236251
	29.73895	-0.023649
	29.73889	-0.0235921
	29.73891	-0.023386
	29.73923	-0.0232695
	29.7393	-0.0231142
	29.73922	-0.0230126
	29.73897	-0.0229559
	29.73868	-0.0227856
	29.73863	-0.0228065
	29.7386	-0.0229021
	29.73867	-0.0229739
	29.73868	-0.0231202
	29.73859	-0.0232456
	29.73829	-0.0232874
	29.7379	-0.0235563
	29.73782	-0.0235533
	29.73775	-0.0234458
	29.73783	-0.0230634
	29.73779	-0.022959
	29.7376	-0.0228932
	29.73737	-0.0228872
	29.73732	-0.0229112
	29.73722	-0.023165
	29.73681	-0.0232277
	29.73656	-0.0232217
	29.73634	-0.0231561
	29.73631	-0.0228483
	29.73619	-0.0227348
	29.73594	-0.0230156
	29.73592	-0.0232277
	29.736	-0.0233084
	29.73616	-0.0232665
	29.7362	-0.0232934
	29.73622	-0.0233472
	29.73614	-0.0235086
	29.73601	-0.0235235
	29.73569	-0.0233621
	29.73547	-0.0234667
	29.73532	-0.0233987
	29.7353	-0.0232456
	29.73535	-0.0231142
	29.73549	-0.0231022
	29.73556	-0.0230515
	29.73557	-0.0229679
	29.73547	-0.0227947
	29.73528	-0.0227229
	29.7352	-0.0228274
	29.73523	-0.0230037
	29.7352	-0.0230664
	29.73512	-0.0230844
	29.73488	-0.022929
	29.73474	-0.022926
	29.73465	-0.0228425
	29.73463	-0.0226453
	29.73467	-0.02249
	29.73473	-0.022469
	29.73483	-0.0225199
	29.73493	-0.0224541
	29.73485	-0.0222838
	29.73473	-0.0221464
	29.73465	-0.0221286
	29.73458	-0.0221674
	29.73445	-0.0223376
	29.73421	-0.0223704
	29.73398	-0.0222301
	29.73373	-0.0222391
	29.73367	-0.0221525
	29.7337	-0.0220329
	29.73398	-0.0219553
	29.73407	-0.0218926
	29.7341	-0.021806
	29.73407	-0.0216147
	29.7339	-0.0214236
	29.73389	-0.0213488
	29.73392	-0.021304
	29.73407	-0.0213011
	29.73426	-0.0212383
	29.73433	-0.02111
	29.73431	-0.0207963
	29.73424	-0.0206409
	29.73418	-0.020611
	29.73392	-0.0206678
	29.7338	-0.020647
	29.73369	-0.0205662
	29.73362	-0.0203631
	29.73362	-0.0202079
	29.73369	-0.020166
	29.73378	-0.0202227
	29.73386	-0.0202138
	29.7339	-0.0201691
	29.73389	-0.0200465
	29.73377	-0.0199748
	29.73348	-0.0201032
	29.73335	-0.0200853
	29.73331	-0.019688
	29.73329	-0.0196374
	29.73318	-0.0196285
	29.73318	-0.0195327
	29.73321	-0.0194461
	29.73334	-0.0194192
	29.73358	-0.0196284
	29.73369	-0.0196313
	29.73373	-0.0195835
	29.73374	-0.019458
	29.73356	-0.0192909
	29.73358	-0.019228
	29.73364	-0.0192012
	29.73399	-0.0192191
	29.73416	-0.0193505
	29.73431	-0.0193536
	29.73438	-0.0191444
	29.73427	-0.0189085
	29.73443	-0.0188311
	29.73452	-0.0186815
	29.73435	-0.0184216
	29.73414	-0.0179107
	29.73401	-0.0178868
	29.73395	-0.0178092
	29.7338	-0.017866
	29.73376	-0.0179615
	29.7336	-0.0180542
	29.73331	-0.018081
	29.73318	-0.0181617
	29.73308	-0.0181109
	29.73305	-0.0180542
	29.73309	-0.0179406
	29.73328	-0.0177913
	29.7333	-0.0177226
	29.73328	-0.0174597
	29.73339	-0.0170654
	29.73349	-0.0169161
	29.73348	-0.0167637
	29.73332	-0.016722
	29.73309	-0.0169668
	29.73295	-0.0170057
	29.73247	-0.0168325
	29.7323	-0.016704
	29.73216	-0.016689
	29.73204	-0.0167398
	29.73187	-0.0166383
	29.73187	-0.0165189
	29.73216	-0.016241
	29.73207	-0.0159333
	29.73205	-0.0156317
	29.73239	-0.0152911
	29.73228	-0.0148042
	29.73249	-0.0147534
	29.73276	-0.0147982
	29.73285	-0.0147415
	29.73276	-0.0143382
	29.73261	-0.014183
	29.73255	-0.0140276
	29.73256	-0.0133048
	29.73272	-0.012086
	29.73258	-0.0111451
	29.73264	-0.0108404
	29.73257	-0.0107179
	29.73236	-0.0105656
	29.7322	-0.0105388
	29.73206	-0.0105566
	29.73189	-0.0107
	29.73164	-0.0107179
	29.73151	-0.0108674
	29.7314	-0.0108614
	29.73135	-0.0108195
	29.73132	-0.0106761
	29.73139	-0.010458
	29.73121	-0.0102191
	29.73113	-0.0096784
	29.73113	-0.0094305
	29.73119	-0.0093171
	29.73126	-0.0092961
	29.73128	-0.0091975
	29.73127	-0.0089318
	29.73117	-0.0087764
	29.73114	-0.0085194
	29.73118	-0.0083253
	29.73101	-0.008161
	29.73091	-0.0081402
	29.73074	-0.0082177
	29.73057	-0.0080893
	29.73062	-0.0077694
	29.73101	-0.0073306
	29.73103	-0.0072649
	29.73096	-0.0071753
	29.73091	-0.0071812
	29.73077	-0.0073455
	29.73056	-0.0072738
	29.73044	-0.0073007
	29.7304	-0.007244
	29.73059	-0.0066615
	29.73071	-0.0064285
	29.73087	-0.0059804
	29.73095	-0.0057325
	29.73092	-0.0056399
	29.73077	-0.0053084
	29.73051	-0.0049858
	29.73036	-0.0048782
	29.72998	-0.0047259
	29.72956	-0.0047348
	29.72936	-0.0046841
	29.72896	-0.0046931
	29.72875	-0.0046422
	29.72804	-0.0040478
	29.72797	-0.0040509
	29.7277	-0.0042391
	29.72744	-0.00423
	29.72738	-0.0043465
	29.72747	-0.0045049
	29.72746	-0.0045766
	29.7272	-0.0045677
	29.72714	-0.0045288
	29.72694	-0.0041404
	29.72703	-0.0037192
	29.72686	-0.0035311
	29.72662	-0.0035609
	29.72651	-0.0036774
	29.72636	-0.0036625
	29.72609	-0.0033429
	29.72593	-0.0030382
	29.72619	-0.0027156
	29.72644	-0.0025156
	29.72662	-0.0021958
	29.72724	-0.0017299
	29.72749	-0.0016432
	29.72772	-0.0016641
	29.72795	-0.0014999
	29.72838	-0.0013954
	29.72832	-0.0010279
	29.72811	-0.0006695
	29.72811	-0.0001676
	29.72814	-7.5e-05
	29.72833	0.000113
	29.72842	0.000101
	29.72845	-0.0001319
	29.72855	-0.0002036
	29.7287	-0.0001497
	29.72885	7.71e-05
	29.7288	0.0004356
	29.72852	0.0008865
	29.72832	0.0014063
	29.72796	0.00149
	29.72779	0.0015766
	29.72728	0.0020575
	29.72721	0.0021949
	29.72722	0.0022845
	29.72744	0.0026251
	29.7276	0.0027117
	29.72794	0.0027923
	29.72802	0.002876
	29.72805	0.0029835
	29.72802	0.0031717
	29.72774	0.0034704
	29.72771	0.0035869
	29.72776	0.0037541
	29.72801	0.0037601
	29.72835	0.0036018
	29.72847	0.0036525
	29.72836	0.004017
	29.72798	0.0042859
	29.72797	0.0044113
	29.72809	0.0045547
	29.72835	0.0047309
	29.72849	0.0047489
	29.72864	0.0048415
	29.72861	0.0049759
	29.72837	0.0052985
	29.72826	0.0057197
	29.72826	0.0059317
	29.72807	0.0060422
	29.72806	0.0060871
	29.72845	0.0068876
	29.72846	0.0070459
	29.72837	0.0074044
	29.72828	0.0075268
	29.7278	0.0078883
	29.72742	0.0079301
	29.7273	0.0080167
	29.72712	0.0082587
	29.727	0.0085574
	29.7268	0.0087127
	29.72618	0.0086768
	29.72573	0.0087814
	29.72559	0.0085842
	29.72547	0.0085842
	29.72539	0.0086679
	29.72531	0.009343
	29.72478	0.0095222
	29.72455	0.0096536
	29.72424	0.0099941
	29.72385	0.010263
	29.72378	0.0104034
	29.72377	0.0105766
	29.72377	0.0106661
	29.72385	0.0108096
	29.72379	0.011413
	29.72382	0.0115743
	29.725	0.0120133
	29.7257	0.0123957
	29.72579	0.012563
	29.72594	0.0130828
	29.72619	0.0135547
	29.72639	0.0137011
	29.72653	0.0138952
	29.72653	0.0139759
	29.72663	0.0141402
	29.72701	0.0144538
	29.72727	0.014863
	29.72767	0.0152693
	29.72796	0.0156964
	29.72806	0.0159832
	29.72858	0.0163147
	29.72872	0.0164701
	29.72871	0.0165238
	29.72847	0.0167748
	29.72845	0.0169031
	29.72703	0.0204232
	29.72662	0.0205011
	29.72626	0.0205008
	29.72591	0.0206451
	29.72584	0.0211236
	29.72546	0.0214575
	29.72522	0.0217644
	29.72505	0.0214753
	29.7247	0.0213306
	29.72458	0.0215292
	29.72432	0.0217186
	29.72408	0.0220255
	29.72434	0.0223327
	29.72408	0.0224318
	29.72375	0.0223865
	29.72287	0.0224581
	29.72254	0.0230539
	29.72242	0.0236227
	29.72237	0.024029
	29.72199	0.0241733
	29.72171	0.0244801
	29.72133	0.0244076
	29.72097	0.0242177
	29.72068	0.0243891
	29.72076	0.0247683
	29.72054	0.0251024
	29.72076	0.0255089
	29.72112	0.0256446
	29.72103	0.0270261
	29.72089	0.0280825
	29.72065	0.0289583
	29.72051	0.0293916
	29.72018	0.0293192
	29.72001	0.0290301
	29.72001	0.028696
	29.71989	0.0285514
	29.71953	0.0285331
	29.71932	0.0287226
	29.71911	0.0294629
	29.7193	0.0297429
	29.71925	0.0300771
	29.7198	0.0304387
	29.72047	0.0307732
	29.72079	0.0308818
	29.721	0.0312161
	29.72101	0.0317579
	29.72096	0.0326428
	29.72118	0.0331667
	29.7212	0.0336904
	29.72096	0.0339792
	29.72047	0.0344304
	29.72001	0.0341231
	29.7198	0.0337166
	29.7197	0.0330483
	29.71934	0.0329306
	29.71894	0.0331471
	29.71892	0.0334993
	29.71916	0.0340232
	29.71916	0.0343302
	29.71883	0.0344021
	29.71828	0.0343385
	29.71761	0.0345007
	29.71723	0.034672
	29.71702	0.0349337
	29.71709	0.035286
	29.71748	0.0352949
	29.7181	0.0356317
	29.71862	0.0359511
	29.71938	0.0372729
	29.71952	0.0377441
	29.72002	0.0402454
	29.7197	0.041161
	29.71961	0.0413054
	29.71934	0.0419373
	29.71938	0.042127
	29.71915	0.0425512
	29.71901	0.0429304
	29.71929	0.0432918
	29.71946	0.043626
	29.71956	0.0440505
	29.71954	0.0444838
	29.7192	0.0452422
	29.71902	0.0459826
	29.71926	0.0464613
	29.71869	0.0480773
	29.7186	0.048628
	29.71903	0.0487909
	29.71931	0.0491523
	29.71908	0.0494411
	29.71874	0.0501272
	29.71826	0.0502803
	29.71814	0.0504789
	29.71819	0.0510749
	29.71781	0.0510476
	29.71769	0.0507405
	29.71752	0.0505688
	29.71731	0.0506228
	29.71728	0.0508847
	29.71743	0.0511917
	29.71743	0.0514085
	29.71726	0.0515709
	29.71712	0.0518779
	29.71779	0.0519506
	29.71793	0.0519055
	29.71817	0.0520953
	29.71807	0.0524293
	29.7181	0.0527906
	29.71769	0.0527361
	29.71768	0.0527993
	29.71728	0.0530338
	29.71721	0.053422
	29.71676	0.0533495
	29.71654	0.053584
	29.71664	0.0540808
	29.71688	0.0545415
	29.71745	0.054849
	29.71835	0.0548496
	29.7185	0.0554908
	29.7185	0.0562042
	29.71803	0.0569714
	29.71867	0.0574414
	29.71884	0.0580646
	29.71948	0.0582999
	29.72003	0.0586615
	29.72046	0.0592035
	29.72042	0.0596099
	29.71989	0.0599707
	29.71949	0.0604942
	29.71904	0.0602771
	29.71909	0.0613066
	29.71947	0.0613069
	29.71992	0.0613523
	29.72034	0.0618673
	29.72122	0.0628432
	29.72125	0.0632676
	29.72063	0.0637187
	29.72059	0.0645314
	29.72076	0.0651997
	29.72059	0.0654343
	29.71973	0.0651538
	29.71938	0.0654155
	29.71954	0.0659122
	29.71947	0.0665804
	29.71895	0.0668871
	29.71838	0.0674375
	29.71788	0.067699
	29.71781	0.0682769
	29.71785	0.069216
	29.71814	0.0698574
	29.71848	0.0703543
	29.7186	0.0704356
	29.71864	0.0710768
	29.71829	0.0713384
	29.71817	0.0716182
	29.71822	0.0720517
	29.71848	0.0725757
	29.71834	0.0731444
	29.71737	0.0734598
	29.71713	0.0735951
	29.71763	0.0745075
	29.71763	0.075266
	29.71792	0.0756455
	29.71825	0.0757631
	29.71902	0.0756732
	29.71994	0.075385
	29.72097	0.075458
	29.72266	0.0761184
	29.72318	0.0764349
	29.72352	0.0768144
	29.72352	0.077293
	29.72338	0.0779339
	29.72341	0.0783043
	29.72372	0.0782322
	29.72415	0.0782055
	29.72539	0.0783238
	29.72686	0.0786318
	29.72784	0.0787319
	29.72927	0.0794463
	29.72989	0.0799705
	29.73004	0.0810633
	29.73028	0.0817587
	29.73133	0.0826806
	29.73149	0.0833309
	29.73183	0.0838278
	29.73252	0.0841805
	29.73314	0.0843976
	29.73325	0.085075
	29.73237	0.0857968
	29.73225	0.0862211
	29.73245	0.0868624
	29.73276	0.0876031
	29.73283	0.088172
	29.73347	0.0881003
	29.73409	0.0883897
	29.73466	0.0888868
	29.73512	0.0889051
	29.73463	0.0900787
	29.73434	0.0904849
	29.73439	0.0909093
	29.73416	0.0912433
	29.7342	0.0913517
	29.73395	0.0912792
	29.73374	0.0916402
	29.73393	0.0923809
	29.73429	0.0935731
	29.73408	0.0938349
	29.73434	0.0942143
	29.73454	0.0949279
	29.7344	0.0957585
	29.7343	0.0965983
	29.73483	0.0972579
	29.73423	0.0975735
	29.73395	0.0976907
	29.73405	0.0982145
	29.73448	0.0986934
	29.7346	0.0996958
	29.73462	0.1004995
	29.73491	0.1010777
	29.73534	0.1016198
	29.73511	0.1022879
	29.73474	0.1024682
	29.73407	0.1024677
	29.73398	0.1029191
	29.73403	0.1035874
	29.73377	0.1045625
	29.73411	0.1058992
	29.73389	0.106206
	29.73425	0.1065675
	29.73468	0.1071639
	29.73461	0.107832
	29.73461	0.1084461
	29.73444	0.1090058
	29.73427	0.109078
	29.73413	0.1093939
	29.73427	0.109701
	29.73482	0.1101801
	29.73559	0.1112733
	29.73585	0.1125377
	29.73604	0.1129623
	29.73645	0.1130619
	29.7368	0.1128725
	29.73738	0.1127736
	29.73754	0.1130808
	29.73747	0.114038
	29.73694	0.1150218
	29.73685	0.1161235
	29.73661	0.1167915
	29.73681	0.117216
	29.73707	0.1181193
	29.73733	0.1187426
	29.73774	0.1191222
	29.73845	0.1190234
	29.73895	0.1186716
	29.73965	0.1196203
	29.74003	0.120054
	29.74	0.1203881
	29.73939	0.1204599
	29.7386	0.1201251
	29.73812	0.1199802
	29.73784	0.1201697
	29.73803	0.1205311
	29.73866	0.1215159
	29.73838	0.1215428
	29.73807	0.1214974
	29.737	0.1214695
	29.73667	0.1216408
	29.73641	0.1220379
	29.73615	0.1230401
	29.73567	0.1238253
	29.7356	0.1244213
	29.73603	0.125135
	29.73663	0.1255418
	29.73758	0.1255696
	29.73875	0.1254712
	29.73972	0.1254989
	29.74065	0.1263305
	29.74137	0.1272341
	29.74168	0.1273788
	29.74213	0.1271624
	29.74227	0.1266117
	29.74292	0.1263142
	29.74289	0.1272082
	29.74278	0.1279757
	29.7428	0.1285175
	29.74304	0.1289692
	29.74364	0.1291412
	29.74376	0.1295928
	29.74419	0.1297557
	29.74428	0.1300719
	29.74393	0.1302793
	29.74385	0.1306133
	29.74424	0.1309026
	29.74483	0.1312823
	29.74638	0.131428
	29.74981	0.1314217
	29.75009	0.1315483
	29.75055	0.1328761
	29.75062	0.1333096
	29.75067	0.1333826
	29.75067	0.1336794
	29.75082	0.1339032
	29.75077	0.1344998
	29.75137	0.1346618
	29.75209	0.1351309
	29.7528	0.1357447
	29.75371	0.1368915
	29.75461	0.1376949
	29.7552	0.1384353
	29.75544	0.1391039
	29.75597	0.1397269
	29.75675	0.1400785
	29.75737	0.1402405
	29.75791	0.140746
	29.75827	0.1414596
	29.75854	0.1418751
	29.75914	0.1419196
	29.75973	0.1420363
	29.76096	0.1431377
	29.76163	0.1434442
	29.76182	0.1440586
	29.76189	0.1446551
	29.76239	0.1452329
	29.76289	0.14516
	29.76339	0.145033
	29.76393	0.1452493
	29.76467	0.1459444
	29.76514	0.146224
	29.76524	0.1468656
	29.76519	0.1473176
	29.76545	0.1476065
	29.76583	0.1476512
	29.76723	0.1482733
	29.76775	0.1488783
	29.76775	0.149285
	29.76779	0.1498092
	29.76775	0.1502612
	29.76761	0.1507404
	29.76777	0.1510204
	29.76844	0.1511642
	29.76872	0.1518599
	29.76927	0.1517869
	29.76939	0.1518772
	29.76929	0.1522569
	29.76941	0.1528352
	29.76956	0.153287
	29.76927	0.153694
	29.7692	0.1539743
	29.76906	0.1543089
	29.76935	0.1548328
	29.76973	0.1551668
	29.7701	0.1556093
	29.77052	0.1559884
	29.77033	0.1563773
	29.77012	0.1570192
	29.76974	0.1573541
	29.76968	0.1586918
	29.7697	0.1594058
	29.76942	0.1597587
	29.76932	0.1601655
	29.76906	0.160455
	29.76899	0.1608618
	29.7689	0.1620279
	29.76901	0.1629676
	29.76932	0.1635187
	29.76989	0.1640152
	29.77051	0.1642766
	29.77098	0.1642309
	29.7715	0.1640134
	29.77212	0.1635608
	29.77242	0.1633706
	29.77278	0.1630087
	29.77321	0.1627913
	29.77347	0.1629627
	29.77363	0.163297
	29.77342	0.1637943
	29.77342	0.1640112
	29.77413	0.1644352
	29.77449	0.1648416
	29.77485	0.1651033
	29.7752	0.1649854
	29.77551	0.1649579
	29.77584	0.165057
	29.77613	0.1655538
	29.77632	0.1662676
	29.77663	0.1667734
	29.77689	0.1670081
	29.77881	0.1669336
	29.77927	0.1667252
	29.77982	0.1667969
	29.77996	0.1671041
	29.77968	0.1673484
	29.77979	0.1677279
	29.78015	0.1678902
	29.78174	0.1680602
	29.78219	0.167915
	29.78295	0.1675346
	29.78368	0.1667203
	29.78361	0.1658075
	29.78351	0.1655003
	29.78394	0.1651381
	29.78413	0.1655177
	29.78448	0.1656076
	29.78479	0.1653271
	29.78517	0.1655617
	29.78524	0.1664203
	29.78567	0.1669711
	29.78674	0.1670603
	29.78721	0.1670598
	29.78847	0.1683418
	29.78916	0.1693895
	29.78933	0.1695611
	29.78961	0.1694342
	29.78997	0.1692259
	29.79044	0.168891
	29.79077	0.1688183
	29.79125	0.1691973
	29.79179	0.1689075
	29.79184	0.1685731
	29.79193	0.1682385
	29.79231	0.16822
	29.79262	0.1682829
	29.793	0.1680204
	29.79331	0.1676676
	29.79376	0.1673055
	29.79473	0.167449
	29.79523	0.1674937
	29.79592	0.1674477
	29.79658	0.1675373
	29.79705	0.1677808
	29.79786	0.1674184
	29.79807	0.1677255
	29.79824	0.168132
	29.7985	0.1681769
	29.79886	0.168059
	29.79886	0.1677969
	29.79902	0.16739
	29.79909	0.1669832
	29.79919	0.1667661
	29.7994	0.1666755
	29.79973	0.1667474
	29.80016	0.1666927
	29.80054	0.1664573
	29.80106	0.1661946
	29.80137	0.1662665
	29.80179	0.1662661
	29.80299	0.1658399
	29.80346	0.1655049
	29.80372	0.1650346
	29.80415	0.1647449
	29.80465	0.1647172
	29.80519	0.1643641
	29.80533	0.1641199
	29.80555	0.1644812
	29.80578	0.1647883
	29.80583	0.1650774
	29.80614	0.1651946
	29.80643	0.16514
	29.80702	0.1644072
	29.80737	0.1642803
	29.80792	0.1641622
	29.80827	0.1642612
	29.80865	0.164541
	29.80882	0.16483
	29.80941	0.1648746
	29.81057	0.1647015
	29.81114	0.1647008
	29.81162	0.1646551
	29.81267	0.1645003
	29.81338	0.1641199
	29.8143	0.163468
	29.81454	0.1631604
	29.81523	0.1630874
	29.81549	0.1633492
	29.81585	0.1639634
	29.81637	0.164469
	29.81689	0.1648209
	29.81749	0.1650643
	29.81791	0.1650819
	29.81832	0.1653888
	29.8191	0.1657766
	29.81988	0.1662728
	29.82043	0.1673478
	29.82079	0.1681337
	29.82122	0.1689197
	29.8218	0.1692353
	29.82218	0.1700937
	29.82239	0.170925
	29.82339	0.1718097
	29.82358	0.1720445
	29.82401	0.1728575
	29.82401	0.1738066
	29.8243	0.1746198
	29.82454	0.1755505
	29.83092	0.2054289
	29.86876	0.3725014
	29.87241	0.388035
	29.88449	0.4032382
	29.89474	0.4158357
	29.91305	0.4390395
	29.94354	0.4775665
	29.96192	0.5001196
	29.97926	0.5156936
	29.97956	0.5173198
	29.97964	0.5178618
	29.97933	0.5187551
	29.97897	0.5190433
	29.97805	0.5189689
	29.97741	0.5193919
	29.97751	0.5200062
	29.97755	0.5209725
	29.97726	0.5218298
	29.9769	0.5226146
	29.97687	0.5234815
	29.97701	0.5245203
	29.97705	0.5254867
	29.97698	0.5263805
	29.97698	0.5268862
	29.97742	0.5281785
	29.97892	0.5295728
	29.97981	0.5301166
	29.97967	0.531191
	29.97842	0.5321182
	29.97724	0.5329373
	29.97613	0.5339462
	29.97546	0.5345136
	29.97517	0.5350547
	29.97517	0.5356598
	29.9753	0.5379177
	29.97512	0.5388113
	29.97515	0.5392087
	29.9749	0.5406801
	29.97504	0.5419356
	29.97526	0.5424329
	29.9764	0.5418666
	29.97722	0.5418685
	29.97783	0.5421137
	29.97843	0.5427292
	29.9794	0.5462082
	29.97956	0.5473915
	29.97963	0.5481773
	29.97938	0.5491069
	29.97888	0.5502527
	29.97888	0.5509752
	29.97952	0.5530537
	29.9802	0.5538048
	29.98059	0.5546997
	29.98102	0.5558205
	29.98089	0.556642
	29.98018	0.5567126
	29.97914	0.556349
	29.97825	0.5564553
	29.97747	0.5568869
	29.97718	0.5578887
	29.97797	0.5599675
	29.97736	0.5604628
	29.97722	0.560932
	29.97725	0.5614739
	29.97679	0.5621863
	29.97593	0.5622565
	29.97557	0.5619306
	29.975	0.5610353
	29.97475	0.5601768
	29.97429	0.5593088
	29.97351	0.5590631
	29.97301	0.5590981
	29.9724	0.5598101
	29.97211	0.5606673
	29.97144	0.5615598
	29.97115	0.5627782
	29.97051	0.5636437
	29.96947	0.5644992
	29.96946	0.5652848
	29.96953	0.565899
	29.9702	0.566614
	29.97117	0.5662188
	29.97174	0.5665814
	29.97188	0.5678731
	29.97184	0.5689115
	29.97131	0.5698404
	29.97063	0.5703446
	29.96852	0.5749099
	29.96927	0.5761969
	29.96899	0.5768464
	29.96817	0.5770612
	29.96784	0.5773404
	29.96756	0.5782788
	29.96758	0.5794258
	29.96775	0.5801758
	29.96811	0.5809984
	29.96985	0.5820371
	29.97008	0.5832179
	29.97024	0.5838462
	29.97034	0.5843308
	29.97018	0.5851934
	29.97046	0.5859526
	29.97075	0.5869918
	29.971	0.5877058
	29.971	0.5886359
	29.97105	0.5891779
	29.97073	0.5895383
	29.96984	0.5901413
	29.96998	0.5913607
	29.97002	0.5934739
	29.96959	0.5942315
	29.96991	0.5949095
	29.97112	0.5958425
	29.9716	0.5978123
	29.97142	0.598426
	29.97181	0.5991764
	29.97221	0.6001075
	29.97224	0.6013267
	29.97206	0.6020848
	29.97146	0.6026162
	29.97128	0.6034105
	29.97089	0.6040868
	29.97039	0.6047268
	29.96989	0.6052674
	29.96992	0.6070194
	29.96948	0.6074519
	29.96937	0.6081018
	29.9689	0.6083806
	29.96837	0.6091741
	29.96783	0.6098862
	29.96766	0.6104186
	29.96705	0.6109951
	29.96698	0.6115367
	29.96669	0.6121411
	29.96655	0.6128542
	29.96591	0.6137196
	29.96541	0.6146847
	29.96484	0.6155051
	29.96491	0.6164715
	29.96444	0.617265
	29.96414	0.6175443
	29.96378	0.6180492
	29.96257	0.6182269
	29.96203	0.6185055
	29.96211	0.619192
	29.96296	0.620666
	29.96271	0.6213788
	29.9621	0.6223437
	29.96178	0.6230563
	29.96128	0.6236692
	29.96093	0.6247791
	29.9606	0.6261419
	29.95977	0.6274674
	29.9593	0.6277462
	29.9593	0.6285409
	29.95927	0.6292542
	29.95816	0.6309763
	29.95798	0.631906
	29.9572	0.6327982
	29.9567	0.6335465
	29.95566	0.6344742
	29.95554	0.6349434
	29.95507	0.6355563
	29.95532	0.6360898
	29.95529	0.6371282
	29.95514	0.6379496
	29.95468	0.6388154
	29.95493	0.6394933
	29.95486	0.6399988
	29.955	0.6405319
	29.95482	0.6410733
	29.95511	0.6415346
	29.95525	0.6422573
	29.95489	0.6429338
	29.95469	0.644044
	29.95487	0.6449023
	29.95491	0.645661
	29.95509	0.6463387
	29.95662	0.647559
	29.9569	0.6488149
	29.95729	0.6498543
	29.9579	0.6510387
	29.95835	0.6524666
	29.95852	0.6531895
	29.95859	0.654192
	29.95813	0.6552294
	29.95759	0.6558061
	29.95827	0.6569907
	29.95863	0.6574882
	29.96152	0.6574546
	29.96135	0.6591092
	29.9616	0.6596516
	29.96138	0.6601839
	29.96179	0.661115
	29.96186	0.6618376
	29.96215	0.6629491
	29.96236	0.6640242
	29.96297	0.6651725
	29.96339	0.6662482
	29.96429	0.667325
	29.9645	0.6684091
	29.96454	0.6694387
	29.96418	0.6705486
	29.96373	0.6712338
	29.9638	0.6717306
	29.9637	0.6723806
	29.96452	0.6731682
	29.96498	0.6738827
	29.96555	0.6743898
	29.96551	0.6752837
	29.96576	0.6757178
	29.96576	0.6763951
	29.96537	0.6770082
	29.96526	0.6773962
	29.96459	0.6782164
	29.96483	0.6792645
	29.96473	0.679797
	29.96448	0.6805459
	29.96464	0.6807631
	29.96449	0.681449
	29.96532	0.6819116
	29.96599	0.6819855
	29.96603	0.6823829
	29.96628	0.6830247
	29.96614	0.68353
	29.96617	0.6840629
	29.96667	0.6841725
	29.9672	0.684535
	29.9677	0.6842111
	29.9681	0.6842121
	29.96856	0.684141
	29.96899	0.6838621
	29.96899	0.6841781
	29.96935	0.6847931
	29.96959	0.6854348
	29.96959	0.6861933
	29.97013	0.6866914
	29.96988	0.6870159
	29.96974	0.6872684
	29.9697	0.6880178
	29.97024	0.6884886
	29.97016	0.6891297
	29.97041	0.689636
	29.97109	0.6893848
	29.97138	0.6893133
	29.97163	0.6897112
	29.972	0.6907145
	29.97193	0.6916445
	29.97196	0.6922135
	29.97174	0.6923464
	29.97172	0.6930867
	29.97153	0.6932087
	29.97133	0.6935396
	29.97184	0.69485
	29.97192	0.6952763
	29.97191	0.6961716
	29.97203	0.696643
	29.97182	0.6972996
	29.97157	0.6977567
	29.97146	0.6984794
	29.97212	0.7000333
	29.97251	0.7013537
	29.97184	0.7021467
	29.97126	0.7029309
	29.97112	0.7034995
	29.97169	0.7044039
	29.97089	0.7050625
	29.97115	0.7065419
	29.97148	0.7080933
	29.97205	0.7088379
	29.97222	0.709355
	29.97232	0.7097994
	29.97196	0.7104534
	29.97192	0.7109146
	29.97184	0.7112898
	29.97143	0.7116055
	29.97128	0.7117877
	29.97099	0.7124166
	29.97084	0.7125196
	29.96958	0.7125648
	29.9694	0.7133161
	29.97066	0.7140247
	29.97065	0.7145721
	29.97053	0.7152679
	29.97035	0.7152914
	29.97046	0.7155239
	29.9704	0.7158203
	29.96935	0.7159391
	29.96971	0.7163283
	29.97013	0.7168712
	29.96989	0.7172589
	29.97003	0.7179455
	29.97047	0.7179185
	29.9701	0.7189514
	29.96997	0.719079
	29.96941	0.7204695
	29.96941	0.7206671
	29.96966	0.7216362
	29.96981	0.7219018
	29.96985	0.7223635
	29.97016	0.7240512
	29.97049	0.7255625
	29.97055	0.725786
	29.97073	0.7263111
	29.97094	0.7267569
	29.97163	0.7278095
	29.9722	0.7285106
	29.9727	0.7292137
	29.97303	0.7295716
	29.97341	0.7298848
	29.97383	0.7301279
	29.97507	0.7309579
	29.97509	0.7312728
	29.97523	0.7316365
	29.97527	0.7319015
	29.9754	0.7320983
	29.97555	0.7324821
	29.97575	0.7327349
	29.97562	0.7335099
	29.97566	0.7340157
	29.97655	0.7343068
	29.97644	0.7349477
	29.97619	0.7354528
	29.9763	0.7364555
	29.97648	0.7376389
	29.97644	0.7386412
	29.97733	0.739393
	29.97794	0.739539
	29.97772	0.7397913
	29.97744	0.740504
	29.97744	0.7412626
	29.97765	0.7418681
	29.97747	0.7424456
	29.97804	0.7431605
	29.97804	0.7438378
	29.97833	0.7448047
	29.97826	0.7459243
	29.97765	0.7469613
	29.97806	0.7476125
	29.9773	0.748893
	29.97657	0.7491581
	29.97624	0.7492296
	29.97562	0.7492054
	29.97524	0.7490136
	29.97484	0.7490851
	29.97465	0.7493962
	29.97488	0.7498032
	29.97519	0.7499471
	29.97453	0.7503056
	29.97424	0.7505209
	29.97362	0.7511906
	29.97319	0.7517408
	29.97343	0.7520282
	29.97381	0.7522918
	29.97312	0.7527461
	29.97281	0.7531767
	29.97277	0.7535118
	29.97281	0.7540623
	29.97336	0.7542302
	29.97357	0.7548885
	29.97421	0.7550327
	29.97417	0.7553438
	29.97305	0.7554388
	29.97276	0.7557737
	29.97295	0.7562525
	29.97295	0.7567791
	29.97186	0.7578075
	29.97143	0.7574961
	29.97122	0.7576874
	29.97124	0.758214
	29.97157	0.7584775
	29.97048	0.7594581
	29.97007	0.7596493
	29.97012	0.7599845
	29.97062	0.7603199
	29.97091	0.7606791
	29.97076	0.7609423
	29.97029	0.7609899
	29.96922	0.7604864
	29.96874	0.7606297
	29.96877	0.7609888
	29.96841	0.7614553
	29.96753	0.7614307
	29.96727	0.7615741
	29.96724	0.7619571
	29.96731	0.7624358
	29.96708	0.7628186
	29.96748	0.76313
	29.96758	0.7634413
	29.96755	0.7637764
	29.96824	0.7638247
	29.96853	0.7640404
	29.96864	0.7647346
	29.96902	0.7657162
	29.96864	0.7661468
	29.96841	0.7660748
	29.96803	0.7660267
	29.96783	0.7661941
	29.96767	0.7667205
	29.96786	0.7671036
	29.9681	0.767774
	29.96809	0.7682527
	29.96781	0.7682525
	29.9675	0.7676539
	29.967	0.7678928
	29.967	0.7684195
	29.96669	0.7689697
	29.96612	0.7691608
	29.96579	0.7694478
	29.96612	0.7697113
	29.96626	0.7701662
	29.96605	0.7703097
	29.96588	0.7705728
	29.96583	0.7710156
	29.96593	0.7717337
	29.96626	0.7720212
	29.96655	0.7724044
	29.9665	0.7727155
	29.96619	0.7731461
	29.96681	0.7732423
	29.967	0.7735297
	29.96681	0.7736971
	29.96628	0.7738642
	29.96607	0.7742231
	29.96616	0.774654
	29.9664	0.7752765
	29.96683	0.7757554
	29.96671	0.7761384
	29.96619	0.7763056
	29.96554	0.7762333
	29.96581	0.7767601
	29.96585	0.7771431
	29.96562	0.7774541
	29.96528	0.777382
	29.9649	0.7771424
	29.96455	0.7770703
	29.96436	0.7763761
	29.96419	0.7762802
	29.96405	0.7762801
	29.9639	0.7766151
	29.96388	0.7772135
	29.96421	0.7780514
	29.96431	0.7784105
	29.96412	0.7787215
	29.96419	0.7794995
	29.96397	0.7795472
	29.96402	0.7800259
	29.96431	0.7801698
	29.96435	0.7805049
	29.96428	0.7810793
	29.96504	0.7812713
	29.96502	0.7818458
	29.9653	0.7820853
	29.96576	0.7818224
	29.96609	0.7818771
	29.96647	0.7821885
	29.96666	0.7826913
	29.96728	0.7826917
	29.96749	0.7829073
	29.96747	0.7832184
	29.96713	0.7834576
	29.96668	0.7835769
	29.96666	0.7839359
	29.96701	0.7841037
	29.96756	0.7842238
	29.96756	0.7846068
	29.96704	0.7849534
	29.96694	0.7852406
	29.96746	0.7853607
	29.96772	0.7856002
	29.96784	0.7862466
	29.96753	0.7867011
	29.96706	0.7870837
	29.96649	0.7871072
	29.96642	0.787538
	29.96701	0.7875624
	29.96734	0.787802
	29.96803	0.787994
	29.96827	0.7874915
	29.96848	0.7875635
	29.96875	0.7881142
	29.96886	0.7886169
	29.96886	0.7894068
	29.96884	0.7898855
	29.96843	0.7900767
	29.96813	0.7903158
	29.96813	0.7906509
	29.96782	0.7907703
	29.96746	0.790794
	29.96741	0.7913204
	29.9676	0.7917276
	29.9677	0.7923021
	29.96824	0.7924701
	29.96843	0.7931643
	29.9686	0.79332
	29.96881	0.7931526
	29.96884	0.79265
	29.96924	0.7926742
	29.96931	0.7932727
	29.9695	0.7936079
	29.96948	0.7940866
	29.96922	0.7943976
	29.96924	0.7948524
	29.96962	0.7949484
	29.97029	0.7949728
	29.97031	0.7953319
	29.97055	0.7956432
	29.97093	0.7957153
	29.97112	0.7962181
	29.97112	0.7965053
	29.97086	0.7968163
	29.97045	0.7969117
	29.97024	0.797103
	29.97033	0.7975339
	29.97019	0.7977014
	29.96957	0.7973419
	29.96914	0.7974134
	29.96879	0.7977482
	29.9689	0.7984903
	29.96933	0.7981077
	29.96967	0.7984909
	29.96988	0.7991373
	29.96959	0.7993046
	29.96938	0.7996156
	29.96995	0.8000708
	29.97014	0.8005975
	29.9704	0.8002626
	29.97076	0.7999757
	29.97128	0.8005505
	29.97149	0.8009815
	29.97185	0.8013767
	29.97156	0.801951
	29.9719	0.8022145
	29.97149	0.8024536
	29.97109	0.8027644
	29.9713	0.8031236
	29.97175	0.8032197
	29.97171	0.8038179
	29.97156	0.8041052
	29.97128	0.804823
	29.97182	0.8048952
	29.97197	0.8051347
	29.97154	0.8057567
	29.97156	0.806403
	29.97192	0.8069059
	29.97185	0.8074085
	29.97194	0.8081266
	29.97192	0.808701
	29.97165	0.8097301
	29.97161	0.8103763
	29.97192	0.8105919
	29.97194	0.810951
	29.97184	0.8110585
	29.97191	0.8113459
	29.97215	0.8116573
	29.97215	0.812136
	29.97286	0.8125673
	29.97275	0.8128066
	29.9722	0.812878
	29.9722	0.8131652
	29.97241	0.8136441
	29.97186	0.814266
	29.97234	0.8145057
	29.97282	0.8146258
	29.97277	0.8151523
	29.97305	0.8162057
	29.97339	0.8162777
	29.97362	0.8165412
	29.97384	0.8169722
	29.97417	0.8172836
	29.97422	0.8177145
	29.97457	0.8173558
	29.97503	0.8169971
	29.97493	0.818098
	29.97543	0.8186011
	29.97588	0.8189604
	29.97621	0.8190923
	29.97621	0.8193077
	29.9764	0.8195712
	29.97685	0.819787
	29.97664	0.8203373
	29.97683	0.8206965
	29.97662	0.8211272
	29.97673	0.8221565
	29.97728	0.8222526
	29.97799	0.8225643
	29.97804	0.8229713
	29.97837	0.8229955
	29.97849	0.8234264
	29.97802	0.823809
	29.97823	0.8241204
	29.97821	0.8243597
	29.97783	0.8247184
	29.97816	0.8251495
	29.97885	0.8252458
	29.97923	0.8254615
	29.97966	0.8260124
	29.97992	0.8265869
	29.97987	0.8270178
	29.97973	0.827281
	29.9797	0.8275203
	29.97918	0.8275439
	29.9792	0.8279747
	29.97994	0.8281788
	29.97994	0.8286096
	29.98022	0.8287534
	29.98018	0.8289927
	29.98041	0.829328
	29.9807	0.8296394
	29.98098	0.8300705
	29.98086	0.8303097
	29.98101	0.8307407
	29.98136	0.8306692
	29.98174	0.8305019
	29.98215	0.8305022
	29.98248	0.8305743
	29.983	0.8301917
	29.98324	0.8303116
	29.98353	0.830599
	29.98386	0.8306711
	29.98415	0.8310782
	29.98417	0.8314612
	29.98443	0.8317247
	29.98441	0.8320837
	29.98417	0.832299
	29.98417	0.8326101
	29.98441	0.8329215
	29.98464	0.8333525
	29.98457	0.8336157
	29.98436	0.8337592
	29.98436	0.8340464
	29.98495	0.8342384
	29.98488	0.8345255
	29.98497	0.834741
	29.98505	0.8351001
	29.98493	0.8354112
	29.98497	0.8357463
	29.98547	0.8359143
	29.98531	0.8362732
	29.98481	0.83656
	29.98519	0.8367039
	29.98557	0.8369077
	29.9855	0.8369794
	29.98481	0.8372422
	29.985	0.8374338
	29.98566	0.8374343
	29.98645	0.8372435
	29.98645	0.8375068
	29.98618	0.8379135
	29.98595	0.8381766
	29.98599	0.8386793
	29.98637	0.8393737
	29.98725	0.839135
	29.98866	0.8382026
	29.98947	0.8377006
	29.99025	0.8371506
	29.99099	0.8371273
	29.99154	0.837726
	29.99215	0.8383011
	29.9921	0.8392824
	29.99172	0.8398805
	29.99108	0.8405262
	29.98968	0.8417458
	29.98944	0.8425596
	29.98937	0.8443786
	29.9891	0.8452401
	29.98887	0.8459101
	29.9882	0.8466516
	29.98746	0.847393
	29.98713	0.8481109
	29.98763	0.8489251
	29.98846	0.8488779
	29.98901	0.8483038
	29.98972	0.8476581
	29.99036	0.8473235
	29.99131	0.8473482
	29.99196	0.8477556
	29.9935	0.8486425
	29.99428	0.8489303
	29.99507	0.8487634
	29.99578	0.8482852
	29.99643	0.8479027
	29.99807	0.8470423
	29.9989	0.8468276
	30.00047	0.8463021
	30.00147	0.846303
	30.00211	0.8465907
	30.00267	0.8469503
	30.00297	0.8472871
	30.00478	0.8498797
END
END
