US_West Virginia
1
	-82.59342	38.42186
	-82.59019	38.41753
	-82.58972	38.41706
	-82.58883	38.41617
	-82.58838	38.41578
	-82.58801	38.41547
	-82.58752	38.41507
	-82.58716	38.41479
	-82.58543	38.41366
	-82.584	38.41273
	-82.5822	38.41157
	-82.57998	38.41013
	-82.57896	38.40964
	-82.57805	38.4092
	-82.57718	38.40877
	-82.57327	38.40751
	-82.57265	38.40732
	-82.57232	38.40722
	-82.5706	38.40669
	-82.56937	38.40626
	-82.56066	38.40434
	-82.56028	38.40425
	-82.56018	38.40423
	-82.55696	38.4036
	-82.55612	38.40353
	-82.55169	38.40316
	-82.55005	38.40315
	-82.54901	38.40314
	-82.54828	38.40318
	-82.54656	38.40326
	-82.54271	38.40336
	-82.5402	38.40367
	-82.53906	38.40379
	-82.53878	38.40382
	-82.53745	38.40387
	-82.53657	38.40398
	-82.53592	38.40406
	-82.53475	38.40426
	-82.53179	38.40477
	-82.52066	38.40737
	-82.51786	38.40802
	-82.51451	38.40898
	-82.5079	38.41089
	-82.50699	38.41116
	-82.5058	38.41152
	-82.50256	38.41257
	-82.50125	38.41301
	-82.50008	38.4136
	-82.49967	38.4138
	-82.49908	38.41408
	-82.49884	38.41415
	-82.49856	38.41424
	-82.4979	38.41432
	-82.4969	38.41475
	-82.49662	38.41488
	-82.49628	38.41503
	-82.49461	38.4154
	-82.49394	38.41561
	-82.49296	38.41592
	-82.49129	38.41676
	-82.49016	38.41714
	-82.48845	38.41771
	-82.48797	38.41784
	-82.48713	38.41806
	-82.48635	38.41817
	-82.48593	38.41816
	-82.48571	38.41816
	-82.4855	38.4182
	-82.48539	38.41822
	-82.48515	38.41835
	-82.484	38.41899
	-82.48095	38.4198
	-82.48022	38.42006
	-82.4796	38.42027
	-82.47688	38.42078
	-82.47367	38.42162
	-82.47322	38.4217
	-82.47273	38.42179
	-82.47157	38.42181
	-82.47114	38.42182
	-82.47013	38.42219
	-82.46817	38.42276
	-82.46517	38.42332
	-82.4631	38.42385
	-82.43936	38.42921
	-82.43357	38.43051
	-82.43315	38.43049
	-82.42882	38.43022
	-82.42718	38.43073
	-82.42496	38.43142
	-82.42112	38.43267
	-82.41466	38.43554
	-82.41139	38.43687
	-82.4101	38.43724
	-82.40957	38.4374
	-82.40668	38.43789
	-82.40452	38.438
	-82.40401	38.43796
	-82.40258	38.43786
	-82.40116	38.43751
	-82.40053	38.43735
	-82.39818	38.43655
	-82.39551	38.43513
	-82.39292	38.43412
	-82.39178	38.43368
	-82.3909	38.43344
	-82.38917	38.43298
	-82.38751	38.43286
	-82.38711	38.43287
	-82.38642	38.43288
	-82.38469	38.4329
	-82.37253	38.43453
	-82.37177	38.43471
	-82.36491	38.43635
	-82.35568	38.43739
	-82.35189	38.43782
	-82.34795	38.43842
	-82.33917	38.43976
	-82.33414	38.44117
	-82.33299	38.44156
	-82.33127	38.44214
	-82.32706	38.44429
	-82.32607	38.44508
	-82.32402	38.44671
	-82.32222	38.4484
	-82.32141	38.44916
	-82.32003	38.45098
	-82.31856	38.45299
	-82.31805	38.45367
	-82.31612	38.45727
	-82.31428	38.4614
	-82.31387	38.46255
	-82.31329	38.46422
	-82.31239	38.46721
	-82.31157	38.47061
	-82.31134	38.47218
	-82.31093	38.47494
	-82.30968	38.47914
	-82.30919	38.48057
	-82.30831	38.48314
	-82.30729	38.48515
	-82.30688	38.48596
	-82.30672	38.48626
	-82.30624	38.48709
	-82.30453	38.48999
	-82.30362	38.4921
	-82.3029	38.49375
	-82.30207	38.49712
	-82.30204	38.49725
	-82.30202	38.49733
	-82.30136	38.50037
	-82.30132	38.50306
	-82.30131	38.50353
	-82.30137	38.50425
	-82.30142	38.505
	-82.30157	38.50709
	-82.30196	38.51145
	-82.30187	38.51498
	-82.30156	38.51775
	-82.3014	38.51921
	-82.3005	38.52324
	-82.30047	38.52336
	-82.29973	38.52616
	-82.29902	38.52781
	-82.29857	38.52885
	-82.29738	38.53082
	-82.29728	38.53099
	-82.29608	38.53301
	-82.29534	38.53443
	-82.29479	38.53549
	-82.29444	38.53653
	-82.29385	38.53825
	-82.2935	38.54086
	-82.29299	38.54432
	-82.29292	38.54505
	-82.29265	38.54801
	-82.29246	38.55043
	-82.29239	38.55144
	-82.29209	38.55368
	-82.29196	38.55469
	-82.29196	38.55855
	-82.29206	38.56069
	-82.29217	38.56291
	-82.29222	38.56795
	-82.292	38.57107
	-82.29193	38.57226
	-82.29183	38.57405
	-82.29158	38.57498
	-82.2914	38.57566
	-82.28994	38.57815
	-82.28829	38.57966
	-82.28672	38.5811
	-82.28656	38.58121
	-82.28303	38.58358
	-82.28089	38.58516
	-82.28011	38.58573
	-82.27903	38.58682
	-82.27771	38.58814
	-82.2774	38.58844
	-82.27419	38.5915
	-82.2732	38.59213
	-82.27172	38.59309
	-82.2709	38.59362
	-82.2708	38.59368
	-82.26999	38.59404
	-82.26703	38.59536
	-82.26385	38.59629
	-82.26177	38.59658
	-82.25891	38.59697
	-82.25444	38.59718
	-82.25398	38.5972
	-82.25229	38.59708
	-82.24926	38.59686
	-82.24359	38.59582
	-82.23937	38.59477
	-82.23849	38.59455
	-82.23762	38.59435
	-82.23535	38.59381
	-82.23431	38.59354
	-82.23179	38.59287
	-82.22726	38.59189
	-82.22656	38.59173
	-82.22626	38.59168
	-82.21986	38.59063
	-82.21355	38.59009
	-82.20935	38.58999
	-82.20261	38.59042
	-82.19823	38.59096
	-82.19566	38.59143
	-82.19275	38.59218
	-82.19188	38.5924
	-82.18849	38.59378
	-82.18501	38.59562
	-82.18167	38.5979
	-82.17879	38.60042
	-82.17641	38.60287
	-82.17604	38.60324
	-82.1758	38.60358
	-82.17441	38.60558
	-82.17428	38.6059
	-82.17313	38.6086
	-82.17167	38.61316
	-82.17089	38.61699
	-82.17057	38.61991
	-82.17042	38.62128
	-82.17072	38.62517
	-82.17094	38.62725
	-82.17154	38.63033
	-82.17317	38.63576
	-82.17519	38.64139
	-82.17698	38.64636
	-82.17737	38.64746
	-82.17832	38.64937
	-82.17971	38.65215
	-82.17978	38.65229
	-82.17981	38.65234
	-82.18149	38.655
	-82.18272	38.65706
	-82.1836	38.65852
	-82.18437	38.66103
	-82.18442	38.66137
	-82.1848	38.66402
	-82.1854	38.66871
	-82.18552	38.66963
	-82.18547	38.67149
	-82.18532	38.67695
	-82.18468	38.68071
	-82.18407	38.68417
	-82.18264	38.69188
	-82.18158	38.70351
	-82.18131	38.7066
	-82.18119	38.7079
	-82.18138	38.70972
	-82.18167	38.71242
	-82.18295	38.7159
	-82.18416	38.71844
	-82.18497	38.72015
	-82.18568	38.72153
	-82.18725	38.72457
	-82.18926	38.7295
	-82.19094	38.73452
	-82.19171	38.738
	-82.19181	38.73865
	-82.19218	38.74101
	-82.1927	38.74412
	-82.19291	38.74557
	-82.19368	38.75068
	-82.19467	38.7536
	-82.1966	38.75691
	-82.19845	38.75895
	-82.20239	38.76216
	-82.2027	38.76234
	-82.20656	38.76457
	-82.21257	38.76745
	-82.21613	38.76956
	-82.21814	38.77197
	-82.21903	38.77414
	-82.21943	38.77511
	-82.22003	38.77829
	-82.22007	38.77941
	-82.22012	38.7806
	-82.22012	38.78277
	-82.21991	38.78488
	-82.21986	38.78532
	-82.21913	38.78843
	-82.21784	38.79127
	-82.21578	38.79438
	-82.21372	38.79662
	-82.21059	38.7995
	-82.20597	38.80252
	-82.20553	38.80281
	-82.20509	38.8031
	-82.20012	38.80635
	-82.19558	38.80917
	-82.19463	38.80977
	-82.19008	38.81231
	-82.18601	38.81361
	-82.18467	38.81405
	-82.18379	38.81428
	-82.18034	38.81518
	-82.17541	38.81674
	-82.1742	38.81712
	-82.16918	38.81873
	-82.16766	38.81941
	-82.16416	38.821
	-82.15987	38.82338
	-82.15622	38.82592
	-82.15317	38.82856
	-82.14974	38.83217
	-82.1494	38.8353
	-82.14937	38.83555
	-82.14887	38.83597
	-82.14767	38.83698
	-82.14725	38.8375
	-82.14487	38.84048
	-82.14481	38.84066
	-82.14477	38.84081
	-82.1433	38.84575
	-82.14306	38.84654
	-82.1426	38.8481
	-82.14228	38.84918
	-82.14162	38.85139
	-82.14092	38.85537
	-82.14066	38.85684
	-82.14004	38.86039
	-82.13966	38.86254
	-82.13965	38.8626
	-82.13922	38.86502
	-82.13929	38.86545
	-82.13934	38.86584
	-82.13963	38.86784
	-82.13978	38.86892
	-82.13999	38.87035
	-82.14104	38.8736
	-82.14107	38.87369
	-82.14217	38.87708
	-82.14342	38.87966
	-82.14487	38.88266
	-82.14527	38.88348
	-82.14496	38.8871
	-82.14457	38.89168
	-82.14351	38.89652
	-82.14317	38.89808
	-82.13704	38.90355
	-82.13477	38.90558
	-82.13402	38.90614
	-82.12887	38.90998
	-82.12829	38.9108
	-82.12406	38.91672
	-82.12159	38.9202
	-82.12097	38.92108
	-82.1198	38.92252
	-82.11786	38.92492
	-82.11571	38.92757
	-82.11167	38.93258
	-82.1109	38.93445
	-82.11056	38.93528
	-82.11081	38.93935
	-82.11087	38.94038
	-82.11075	38.94071
	-82.10906	38.94558
	-82.10095	38.95522
	-82.09879	38.95845
	-82.09699	38.95836
	-82.09476	38.96259
	-82.09436	38.96356
	-82.0933	38.9661
	-82.09282	38.96744
	-82.0921	38.96943
	-82.09109	38.97126
	-82.09086	38.97167
	-82.08901	38.97387
	-82.08704	38.97567
	-82.08666	38.97588
	-82.08522	38.97669
	-82.08473	38.97697
	-82.08257	38.97818
	-82.07794	38.98031
	-82.07371	38.98186
	-82.07202	38.98248
	-82.07027	38.98318
	-82.06743	38.98431
	-82.0612	38.98738
	-82.05908	38.98863
	-82.05648	38.99015
	-82.05328	38.99213
	-82.05232	38.99272
	-82.05201	38.99301
	-82.04811	38.99666
	-82.04687	38.99852
	-82.04618	38.99956
	-82.04417	39.00359
	-82.04353	39.00592
	-82.04303	39.00775
	-82.04297	39.00797
	-82.04275	39.00876
	-82.0422	39.01101
	-82.04189	39.0123
	-82.04118	39.01474
	-82.0409	39.0157
	-82.04081	39.01598
	-82.03983	39.01873
	-82.03773	39.02207
	-82.03455	39.02463
	-82.03173	39.02593
	-82.03005	39.0267
	-82.02857	39.02713
	-82.02571	39.02797
	-82.02262	39.0285
	-82.02129	39.02873
	-82.01828	39.02898
	-82.01631	39.02913
	-82.0134	39.02913
	-82.00949	39.029
	-82.00655	39.02848
	-82.00571	39.02833
	-82.00435	39.02771
	-82.00271	39.02697
	-81.99962	39.025
	-81.99606	39.02193
	-81.99301	39.01893
	-81.99078	39.0159
	-81.98928	39.0135
	-81.98863	39.01223
	-81.98808	39.01113
	-81.98701	39.00886
	-81.98668	39.00814
	-81.98653	39.00783
	-81.98636	39.00746
	-81.98434	39.00339
	-81.98407	39.00263
	-81.98327	39.00036
	-81.98277	38.99785
	-81.98271	38.99756
	-81.9819	38.99472
	-81.98014	38.99289
	-81.97726	38.99179
	-81.97314	38.99159
	-81.96842	38.99182
	-81.9639	38.99296
	-81.96353	38.99305
	-81.95885	38.99455
	-81.95452	38.99515
	-81.95057	38.99515
	-81.94836	38.99467
	-81.94589	38.99412
	-81.94346	38.99327
	-81.94207	38.99279
	-81.94188	38.99269
	-81.93752	38.99049
	-81.93422	38.98762
	-81.93267	38.98535
	-81.93156	38.98371
	-81.93112	38.98285
	-81.92928	38.97921
	-81.92701	38.97631
	-81.92696	38.97626
	-81.9234	38.97214
	-81.92112	38.9693
	-81.9207	38.96877
	-81.91864	38.96576
	-81.91853	38.96554
	-81.91692	38.96233
	-81.91495	38.95832
	-81.91426	38.95662
	-81.91353	38.95479
	-81.91281	38.95325
	-81.9122	38.95195
	-81.90995	38.94854
	-81.90993	38.94851
	-81.90985	38.94841
	-81.90709	38.94477
	-81.904	38.9411
	-81.9023	38.93869
	-81.90147	38.93753
	-81.90138	38.93732
	-81.90018	38.93459
	-81.90001	38.93325
	-81.8998	38.93155
	-81.90059	38.9285
	-81.90079	38.92775
	-81.90281	38.92528
	-81.90677	38.92227
	-81.90834	38.92077
	-81.9095	38.91967
	-81.91235	38.91699
	-81.9125	38.91684
	-81.91767	38.91199
	-81.92293	38.90568
	-81.92675	38.902
	-81.92749	38.90102
	-81.92868	38.89943
	-81.92925	38.89802
	-81.92971	38.89689
	-81.92965	38.89609
	-81.9295	38.89412
	-81.92858	38.89157
	-81.92851	38.89138
	-81.92709	38.88986
	-81.92598	38.88868
	-81.92555	38.88825
	-81.92246	38.88517
	-81.91769	38.88189
	-81.91649	38.88106
	-81.91213	38.88091
	-81.91031	38.87929
	-81.90864	38.87846
	-81.89854	38.87458
	-81.89348	38.87395
	-81.89284	38.87387
	-81.89226	38.87393
	-81.89175	38.87399
	-81.88997	38.8742
	-81.88923	38.87428
	-81.88849	38.87463
	-81.87486	38.88117
	-81.86533	38.88656
	-81.85892	38.89019
	-81.85597	38.89273
	-81.84865	38.90141
	-81.84531	38.91009
	-81.84534	38.91021
	-81.84536	38.91029
	-81.8456	38.91127
	-81.84607	38.91319
	-81.84449	38.92875
	-81.83807	38.93713
	-81.83501	38.94019
	-81.83152	38.9437
	-81.82963	38.9447
	-81.82735	38.9459
	-81.82503	38.9466
	-81.82144	38.94688
	-81.81969	38.94702
	-81.81741	38.94666
	-81.81423	38.94617
	-81.80614	38.94211
	-81.79638	38.9325
	-81.79377	38.93051
	-81.79337	38.9302
	-81.78565	38.92619
	-81.7839	38.92564
	-81.78125	38.9248
	-81.77872	38.92415
	-81.77411	38.92296
	-81.77347	38.92293
	-81.76976	38.92273
	-81.76623	38.92295
	-81.76347	38.92385
	-81.76266	38.92412
	-81.75999	38.92583
	-81.75988	38.926
	-81.75851	38.92794
	-81.75773	38.92977
	-81.7562	38.93338
	-81.75613	38.93355
	-81.75613	38.93356
	-81.75697	38.93715
	-81.76107	38.94087
	-81.76152	38.94128
	-81.76423	38.94374
	-81.7697	38.94871
	-81.77396	38.95164
	-81.77682	38.95413
	-81.77884	38.95589
	-81.77999	38.95776
	-81.78013	38.95799
	-81.78074	38.95898
	-81.78137	38.96248
	-81.78158	38.96361
	-81.78161	38.9638
	-81.78165	38.96401
	-81.78171	38.96436
	-81.78182	38.96493
	-81.78119	38.96748
	-81.78052	38.97019
	-81.78001	38.97225
	-81.77988	38.97277
	-81.77987	38.9728
	-81.77963	38.97325
	-81.77805	38.97629
	-81.77573	38.98074
	-81.77618	38.98153
	-81.77647	38.98205
	-81.77672	38.98514
	-81.77555	38.99011
	-81.77522	38.99091
	-81.77516	38.99105
	-81.7744	38.99288
	-81.77435	38.993
	-81.77406	38.99368
	-81.77403	38.99373
	-81.77399	38.99378
	-81.77197	38.99685
	-81.76719	39.00012
	-81.76531	39.00239
	-81.76515	39.00258
	-81.76457	39.00516
	-81.76425	39.00658
	-81.76425	39.00774
	-81.76425	39.00925
	-81.76425	39.01431
	-81.76425	39.01528
	-81.76456	39.01577
	-81.76725	39.01998
	-81.77224	39.0255
	-81.77285	39.02618
	-81.78655	39.03658
	-81.7933	39.04035
	-81.80035	39.04498
	-81.80335	39.04768
	-81.80727	39.05292
	-81.80895	39.05518
	-81.80963	39.05628
	-81.81165	39.05958
	-81.81248	39.06262
	-81.81335	39.06588
	-81.81384	39.0705
	-81.81415	39.07348
	-81.81405	39.0755
	-81.81385	39.07928
	-81.81235	39.08208
	-81.81186	39.08242
	-81.81065	39.08328
	-81.80862	39.08379
	-81.80785	39.08398
	-81.80305	39.08388
	-81.79815	39.08288
	-81.79184	39.08023
	-81.79075	39.07978
	-81.78981	39.07956
	-81.78555	39.07858
	-81.78145	39.07808
	-81.77555	39.07838
	-81.76589	39.08163
	-81.76485	39.08198
	-81.76075	39.08408
	-81.75235	39.08988
	-81.7515	39.0908
	-81.74936	39.0931
	-81.74742	39.09519
	-81.74725	39.09538
	-81.74545	39.09808
	-81.74385	39.10238
	-81.74364	39.10339
	-81.74295	39.10658
	-81.74267	39.11017
	-81.74215	39.11678
	-81.74376	39.12345
	-81.74457	39.12682
	-81.74476	39.12968
	-81.74484	39.1309
	-81.74452	39.13883
	-81.74356	39.14193
	-81.74374	39.14299
	-81.74462	39.14841
	-81.75425	39.17148
	-81.75546	39.17499
	-81.75573	39.17574
	-81.75614	39.17694
	-81.75623	39.1772
	-81.75625	39.17728
	-81.75611	39.17834
	-81.75602	39.179
	-81.75595	39.17952
	-81.75583	39.18041
	-81.75575	39.18098
	-81.7551	39.18178
	-81.75429	39.18278
	-81.75288	39.18452
	-81.75285	39.18456
	-81.75275	39.18468
	-81.75251	39.18483
	-81.74985	39.18649
	-81.74153	39.1896
	-81.73708	39.19384
	-81.7358	39.19627
	-81.73354	39.20515
	-81.73345	39.2055
	-81.73336	39.20587
	-81.73327	39.20602
	-81.73318	39.20618
	-81.73208	39.20812
	-81.72995	39.21188
	-81.72697	39.21507
	-81.72436	39.21651
	-81.7214	39.21713
	-81.71908	39.21764
	-81.71444	39.21863
	-81.71163	39.21923
	-81.7114	39.21926
	-81.71068	39.21937
	-81.70616	39.22005
	-81.70151	39.22075
	-81.70091	39.22084
	-81.70033	39.22114
	-81.69988	39.22138
	-81.69903	39.22181
	-81.69857	39.22206
	-81.69693	39.2229
	-81.69517	39.22381
	-81.69507	39.22387
	-81.6946	39.22411
	-81.69453	39.22418
	-81.69338	39.2254
	-81.69239	39.22644
	-81.69213	39.22682
	-81.69145	39.22778
	-81.69138	39.22788
	-81.69138	39.22789
	-81.69137	39.2279
	-81.69136	39.22792
	-81.69134	39.22795
	-81.69107	39.23014
	-81.69161	39.23299
	-81.69168	39.23336
	-81.69169	39.23342
	-81.69177	39.23382
	-81.69183	39.23413
	-81.6922	39.23609
	-81.69304	39.23771
	-81.69387	39.23929
	-81.69572	39.24286
	-81.69578	39.24305
	-81.69584	39.24326
	-81.69646	39.2455
	-81.69654	39.24576
	-81.69655	39.24581
	-81.69664	39.24612
	-81.69667	39.24639
	-81.69671	39.24669
	-81.69676	39.24705
	-81.69699	39.24875
	-81.69667	39.25313
	-81.69648	39.25571
	-81.69641	39.25665
	-81.69638	39.25704
	-81.69631	39.25714
	-81.69606	39.2575
	-81.69498	39.25904
	-81.69376	39.2608
	-81.69206	39.26323
	-81.6916	39.26373
	-81.69113	39.26424
	-81.69063	39.26479
	-81.6899	39.26559
	-81.68948	39.26604
	-81.68363	39.27094
	-81.67833	39.27376
	-81.67272	39.27528
	-81.67162	39.27558
	-81.67019	39.27596
	-81.6677	39.27621
	-81.66334	39.27664
	-81.65614	39.27736
	-81.64451	39.27721
	-81.64318	39.27719
	-81.62772	39.27468
	-81.6213	39.27364
	-81.61828	39.27434
	-81.6139	39.27534
	-81.61311	39.27544
	-81.61257	39.27551
	-81.611	39.27571
	-81.60923	39.27594
	-81.60841	39.27604
	-81.60728	39.27593
	-81.60636	39.27584
	-81.60527	39.27573
	-81.60461	39.27566
	-81.60335	39.27553
	-81.59516	39.27339
	-81.59049	39.27083
	-81.58858	39.26979
	-81.58556	39.26875
	-81.58421	39.26865
	-81.58177	39.26848
	-81.57299	39.26787
	-81.57025	39.26767
	-81.56855	39.26943
	-81.56735	39.27067
	-81.56525	39.27618
	-81.56517	39.28328
	-81.56509	39.29039
	-81.56507	39.29172
	-81.56505	39.29387
	-81.56084	39.31445
	-81.56015	39.31787
	-81.55965	39.33077
	-81.55755	39.33877
	-81.54235	39.35287
	-81.53894	39.35519
	-81.53767	39.35605
	-81.53447	39.35823
	-81.53005	39.3597
	-81.52617	39.36099
	-81.5257	39.36115
	-81.52543	39.36124
	-81.52532	39.36127
	-81.52431	39.36161
	-81.5205	39.36353
	-81.51584	39.36587
	-81.51515	39.36622
	-81.51496	39.36631
	-81.51349	39.36705
	-81.50639	39.37132
	-81.50319	39.37324
	-81.49662	39.37827
	-81.48904	39.38407
	-81.48329	39.38932
	-81.48323	39.38937
	-81.4829	39.38967
	-81.47319	39.40017
	-81.47163	39.4012
	-81.46942	39.40267
	-81.46895	39.40298
	-81.46774	39.40377
	-81.45614	39.40927
	-81.4506	39.41021
	-81.44804	39.41064
	-81.44734	39.41051
	-81.44654	39.41037
	-81.43564	39.40847
	-81.43485	39.40812
	-81.42864	39.40537
	-81.42058	39.40038
	-81.41387	39.39547
	-81.41271	39.39462
	-81.40669	39.38809
	-81.40575	39.38542
	-81.4056	39.38497
	-81.40518	39.3838
	-81.40277	39.37691
	-81.40117	39.37083
	-81.40074	39.36922
	-81.39588	39.35555
	-81.39379	39.35171
	-81.39125	39.34881
	-81.38919	39.34717
	-81.38533	39.34407
	-81.38456	39.34345
	-81.38428	39.34337
	-81.38021	39.34223
	-81.37967	39.34208
	-81.37922	39.34203
	-81.37596	39.3417
	-81.37188	39.34201
	-81.37132	39.34206
	-81.3713	39.34206
	-81.35691	39.34318
	-81.34818	39.3456
	-81.34787	39.34569
	-81.34757	39.34577
	-81.34697	39.34604
	-81.34685	39.3461
	-81.34306	39.34784
	-81.34262	39.34804
	-81.34224	39.3483
	-81.3356	39.35279
	-81.33034	39.3558
	-81.32617	39.35819
	-81.3196	39.36129
	-81.31315	39.36532
	-81.3048	39.37054
	-81.30291	39.37153
	-81.30092	39.37258
	-81.29988	39.37313
	-81.29841	39.37391
	-81.29752	39.37438
	-81.29686	39.37458
	-81.29022	39.37659
	-81.28768	39.37736
	-81.28506	39.37815
	-81.28337	39.37866
	-81.28276	39.37885
	-81.28192	39.3791
	-81.28186	39.37912
	-81.2814	39.37926
	-81.28126	39.37938
	-81.27598	39.38354
	-81.27587	39.38363
	-81.27568	39.38379
	-81.27549	39.38387
	-81.27515	39.38401
	-81.27356	39.38469
	-81.27072	39.38591
	-81.26373	39.38641
	-81.2601	39.38668
	-81.26	39.38668
	-81.25979	39.3867
	-81.25907	39.38692
	-81.25722	39.38749
	-81.2499	39.38974
	-81.24909	39.38999
	-81.24783	39.39004
	-81.24184	39.39028
	-81.22358	39.38606
	-81.22137	39.38617
	-81.21731	39.38759
	-81.21718	39.38768
	-81.21718	39.38769
	-81.21713	39.38772
	-81.21577	39.38871
	-81.21306	39.39066
	-81.21301	39.39074
	-81.21165	39.39298
	-81.21106	39.39608
	-81.21104	39.39621
	-81.21087	39.39711
	-81.21113	39.3994
	-81.21143	39.40203
	-81.21115	39.40275
	-81.21083	39.40356
	-81.20823	39.40715
	-81.20522	39.41079
	-81.20041	39.4153
	-81.20008	39.41559
	-81.19987	39.41577
	-81.19982	39.41581
	-81.19976	39.41586
	-81.19964	39.41596
	-81.19868	39.41678
	-81.19622	39.41887
	-81.19071	39.42356
	-81.18595	39.43073
	-81.18231	39.43353
	-81.17993	39.43512
	-81.17063	39.43917
	-81.16843	39.4398
	-81.16707	39.44018
	-81.16423	39.44098
	-81.16352	39.44119
	-81.15973	39.44187
	-81.1591	39.44199
	-81.15903	39.442
	-81.15605	39.44254
	-81.15276	39.44313
	-81.15253	39.44317
	-81.151	39.44324
	-81.15092	39.44324
	-81.15018	39.44327
	-81.14884	39.44333
	-81.14855	39.44334
	-81.13813	39.44378
	-81.13716	39.44412
	-81.13443	39.44508
	-81.13414	39.44526
	-81.13393	39.44539
	-81.13329	39.4458
	-81.13253	39.44627
	-81.13147	39.4471
	-81.12853	39.44938
	-81.12849	39.44942
	-81.12813	39.4498
	-81.12473	39.45338
	-81.12147	39.45776
	-81.11717	39.46354
	-81.11513	39.46628
	-81.11443	39.46628
	-81.11441	39.46631
	-81.11437	39.46638
	-81.10083	39.48718
	-81.09737	39.49079
	-81.09482	39.49344
	-81.09178	39.49661
	-81.09143	39.49697
	-81.07595	39.50966
	-81.07059	39.51599
	-81.06635	39.5188
	-81.06038	39.52274
	-81.05198	39.52931
	-81.05088	39.53071
	-81.04995	39.53189
	-81.0449	39.5363
	-81.04453	39.53652
	-81.04433	39.53665
	-81.03656	39.54135
	-81.03112	39.54464
	-81.0303	39.54513
	-81.03017	39.54521
	-81.02999	39.54538
	-81.02866	39.54664
	-81.02666	39.54855
	-81.02607	39.54936
	-81.0239	39.55231
	-81.02237	39.55354
	-81.02005	39.55541
	-81.01525	39.55852
	-81.01204	39.5606
	-81.01104	39.56125
	-81.00866	39.5628
	-81.00688	39.56375
	-81.00516	39.56466
	-81.00419	39.56518
	-81.00391	39.56533
	-81.00155	39.56659
	-81.00103	39.56687
	-80.99858	39.56817
	-80.99737	39.56882
	-80.9968	39.56912
	-80.99464	39.5706
	-80.99369	39.57125
	-80.99312	39.57183
	-80.98773	39.57726
	-80.98325	39.58035
	-80.97866	39.58352
	-80.97812	39.58396
	-80.97804	39.58402
	-80.97786	39.58416
	-80.97322	39.58789
	-80.97044	39.59013
	-80.95999	39.59671
	-80.9466	39.60515
	-80.94631	39.60534
	-80.94378	39.60693
	-80.93769	39.61196
	-80.93691	39.61262
	-80.93329	39.61481
	-80.92584	39.6174
	-80.92243	39.61794
	-80.91762	39.6187
	-80.90625	39.61843
	-80.89651	39.61676
	-80.89221	39.61676
	-80.88843	39.61802
	-80.88036	39.62071
	-80.87669	39.62608
	-80.876	39.62708
	-80.87535	39.62864
	-80.87227	39.63599
	-80.87213	39.63632
	-80.87181	39.63709
	-80.87144	39.63797
	-80.87102	39.63896
	-80.87047	39.64176
	-80.87067	39.64251
	-80.87075	39.64282
	-80.87077	39.64288
	-80.87068	39.64328
	-80.87056	39.64377
	-80.87003	39.64594
	-80.8698	39.6469
	-80.86912	39.64813
	-80.86665	39.65262
	-80.86598	39.65894
	-80.86566	39.66192
	-80.86557	39.66275
	-80.86567	39.66412
	-80.86641	39.6747
	-80.86667	39.67849
	-80.86647	39.68122
	-80.86633	39.68317
	-80.86606	39.68484
	-80.8658	39.68648
	-80.86441	39.68994
	-80.8637	39.69172
	-80.86334	39.69207
	-80.86172	39.69362
	-80.85892	39.69514
	-80.85824	39.69551
	-80.8546	39.69747
	-80.85343	39.69796
	-80.852	39.69856
	-80.84472	39.69944
	-80.84301	39.69992
	-80.84245	39.70008
	-80.84147	39.70036
	-80.84076	39.70057
	-80.84017	39.70073
	-80.83911	39.70103
	-80.83388	39.7035
	-80.83187	39.70566
	-80.83112	39.70787
	-80.83001	39.71111
	-80.82983	39.71164
	-80.82976	39.71184
	-80.82975	39.71271
	-80.82972	39.71404
	-80.83039	39.71601
	-80.83155	39.71948
	-80.83203	39.71981
	-80.83328	39.72068
	-80.83338	39.72076
	-80.83346	39.72081
	-80.83356	39.72088
	-80.83363	39.72093
	-80.83456	39.72158
	-80.8366	39.72393
	-80.8435	39.73403
	-80.84609	39.73781
	-80.84997	39.7397
	-80.85274	39.74104
	-80.85398	39.74201
	-80.85472	39.74259
	-80.86534	39.75325
	-80.8676	39.75712
	-80.86993	39.76355
	-80.86909	39.76636
	-80.86898	39.76657
	-80.86837	39.76777
	-80.86767	39.76912
	-80.86633	39.77174
	-80.86388	39.77432
	-80.8635	39.77472
	-80.86305	39.7752
	-80.86027	39.77675
	-80.83531	39.79069
	-80.82608	39.79858
	-80.8251	39.80079
	-80.82497	39.80109
	-80.82325	39.80763
	-80.82218	39.81171
	-80.82226	39.81527
	-80.82248	39.82497
	-80.82292	39.82698
	-80.82303	39.82748
	-80.82603	39.83529
	-80.82623	39.8358
	-80.82696	39.84166
	-80.82612	39.84424
	-80.82462	39.84661
	-80.82428	39.84716
	-80.82128	39.84998
	-80.82033	39.85058
	-80.81927	39.85125
	-80.81755	39.85233
	-80.81743	39.8524
	-80.81735	39.85245
	-80.81734	39.85246
	-80.81733	39.85246
	-80.81725	39.85251
	-80.81643	39.85303
	-80.81624	39.85309
	-80.81604	39.85316
	-80.81249	39.85431
	-80.81225	39.85439
	-80.8098	39.85484
	-80.80902	39.85514
	-80.80825	39.85544
	-80.80708	39.85619
	-80.8068	39.85638
	-80.80625	39.85673
	-80.80312	39.85822
	-80.80241	39.85818
	-80.80109	39.85844
	-80.7999	39.85891
	-80.7998	39.85906
	-80.79975	39.85914
	-80.79981	39.8592
	-80.7999	39.85928
	-80.80033	39.85968
	-80.79953	39.85964
	-80.79847	39.86005
	-80.7975	39.86063
	-80.79577	39.86166
	-80.79313	39.86375
	-80.79218	39.86488
	-80.79192	39.86521
	-80.79183	39.8653
	-80.79173	39.86549
	-80.79076	39.86728
	-80.79019	39.86978
	-80.79019	39.87015
	-80.79016	39.87225
	-80.7906	39.8735
	-80.79101	39.87452
	-80.79123	39.87508
	-80.79362	39.88176
	-80.79388	39.8825
	-80.79399	39.88279
	-80.79513	39.88423
	-80.79537	39.88454
	-80.79562	39.88484
	-80.79616	39.88553
	-80.80234	39.89161
	-80.80307	39.8927
	-80.80618	39.89731
	-80.80758	39.90024
	-80.80901	39.90323
	-80.8096	39.90575
	-80.80961	39.90577
	-80.80968	39.90611
	-80.80928	39.91031
	-80.80924	39.91045
	-80.80916	39.91064
	-80.80828	39.9131
	-80.80816	39.91342
	-80.8081	39.9136
	-80.80762	39.91494
	-80.8073	39.91537
	-80.80708	39.91568
	-80.80638	39.91663
	-80.80612	39.91699
	-80.80602	39.91713
	-80.80563	39.91737
	-80.80441	39.91813
	-80.80373	39.91855
	-80.80339	39.91876
	-80.80328	39.91879
	-80.80282	39.9189
	-80.80116	39.91929
	-80.8011	39.9193
	-80.80108	39.91931
	-80.80053	39.91943
	-80.79306	39.91851
	-80.79249	39.91844
	-80.79227	39.91841
	-80.78831	39.91791
	-80.7841	39.91701
	-80.78183	39.91591
	-80.78058	39.91531
	-80.77765	39.91389
	-80.77685	39.9135
	-80.77536	39.91277
	-80.77529	39.91273
	-80.77264	39.91131
	-80.77163	39.91092
	-80.77139	39.91081
	-80.77004	39.91021
	-80.76847	39.90952
	-80.76711	39.90915
	-80.76702	39.90913
	-80.76481	39.9086
	-80.76326	39.90845
	-80.76261	39.90842
	-80.76148	39.90836
	-80.76042	39.90841
	-80.75823	39.90904
	-80.75772	39.90928
	-80.75664	39.90978
	-80.7555	39.91048
	-80.7551	39.91072
	-80.75374	39.91319
	-80.75356	39.91397
	-80.75311	39.91594
	-80.75301	39.9186
	-80.75314	39.91926
	-80.75348	39.92066
	-80.754	39.92213
	-80.75419	39.92267
	-80.75448	39.92369
	-80.75461	39.92413
	-80.75534	39.92548
	-80.75602	39.92674
	-80.75629	39.92715
	-80.75719	39.92855
	-80.75756	39.92929
	-80.75843	39.93101
	-80.75923	39.93299
	-80.7596	39.93375
	-80.7599	39.93435
	-80.76214	39.93473
	-80.76216	39.93479
	-80.76219	39.93494
	-80.76219	39.93496
	-80.7622	39.93498
	-80.7622	39.93499
	-80.76222	39.93508
	-80.76223	39.93512
	-80.76232	39.93556
	-80.76232	39.93558
	-80.76235	39.93574
	-80.76235	39.93575
	-80.76237	39.93585
	-80.7625	39.93659
	-80.76261	39.93711
	-80.76265	39.93738
	-80.76268	39.93753
	-80.76271	39.9378
	-80.76274	39.93801
	-80.76284	39.9385
	-80.76307	39.93943
	-80.76313	39.93966
	-80.76315	39.93972
	-80.76315	39.93976
	-80.76316	39.93978
	-80.76317	39.93981
	-80.76334	39.94055
	-80.76351	39.94129
	-80.76358	39.9418
	-80.76364	39.94234
	-80.7637	39.94272
	-80.76375	39.94309
	-80.76394	39.94443
	-80.76396	39.94451
	-80.76399	39.94462
	-80.76411	39.94521
	-80.76424	39.94615
	-80.76433	39.94711
	-80.76436	39.94764
	-80.76436	39.94768
	-80.76437	39.94806
	-80.76435	39.94855
	-80.76434	39.94901
	-80.76434	39.94921
	-80.76434	39.94934
	-80.76427	39.94996
	-80.76421	39.95036
	-80.76417	39.95062
	-80.7641	39.95086
	-80.76409	39.9509
	-80.76375	39.95172
	-80.76371	39.95182
	-80.76369	39.95186
	-80.76366	39.95195
	-80.76355	39.9522
	-80.76346	39.9524
	-80.76342	39.9525
	-80.76339	39.95257
	-80.76336	39.95264
	-80.76334	39.95271
	-80.76333	39.95275
	-80.7633	39.95289
	-80.76329	39.9529
	-80.76329	39.95291
	-80.76319	39.95329
	-80.76313	39.95346
	-80.76311	39.95354
	-80.76299	39.95379
	-80.76291	39.9539
	-80.76277	39.9541
	-80.76243	39.95453
	-80.76221	39.95482
	-80.76149	39.95574
	-80.76112	39.95618
	-80.76092	39.95643
	-80.76086	39.9565
	-80.7608	39.95656
	-80.76072	39.95664
	-80.76041	39.95695
	-80.76006	39.95728
	-80.75977	39.95754
	-80.7596	39.95783
	-80.75951	39.95795
	-80.75944	39.95805
	-80.75941	39.95811
	-80.7594	39.95813
	-80.75937	39.95818
	-80.75931	39.95831
	-80.75927	39.95837
	-80.7592	39.95844
	-80.75916	39.95848
	-80.75907	39.95858
	-80.75879	39.95888
	-80.75841	39.95928
	-80.75794	39.95969
	-80.75792	39.95971
	-80.75781	39.95979
	-80.75751	39.96003
	-80.75749	39.96004
	-80.75748	39.96004
	-80.75728	39.96019
	-80.75718	39.96026
	-80.75707	39.96034
	-80.75602	39.96095
	-80.75545	39.96135
	-80.75513	39.96156
	-80.75307	39.96274
	-80.75305	39.96275
	-80.75304	39.96276
	-80.75222	39.96321
	-80.75199	39.96333
	-80.75169	39.96349
	-80.75042	39.96409
	-80.75003	39.96427
	-80.7499	39.96434
	-80.7498	39.96438
	-80.74979	39.96439
	-80.74965	39.96449
	-80.7489	39.96488
	-80.74888	39.9649
	-80.74885	39.96491
	-80.74861	39.96505
	-80.7483	39.96524
	-80.74807	39.96537
	-80.74769	39.9656
	-80.74763	39.96563
	-80.74678	39.96613
	-80.74666	39.96621
	-80.74657	39.96627
	-80.7464	39.96635
	-80.74628	39.96643
	-80.74612	39.96653
	-80.7459	39.96666
	-80.74581	39.96675
	-80.74577	39.96678
	-80.74574	39.96679
	-80.74564	39.96685
	-80.7455	39.96697
	-80.74547	39.967
	-80.74532	39.96712
	-80.74515	39.96725
	-80.74453	39.96778
	-80.7442	39.9681
	-80.74419	39.96811
	-80.744	39.9683
	-80.74391	39.96841
	-80.74373	39.9686
	-80.74372	39.9686
	-80.74355	39.96876
	-80.74334	39.96903
	-80.74332	39.96906
	-80.7433	39.96908
	-80.74328	39.9691
	-80.74325	39.96915
	-80.74322	39.96914
	-80.74318	39.96914
	-80.74316	39.96913
	-80.74224	39.96954
	-80.74145	39.96989
	-80.74096	39.97011
	-80.74044	39.97054
	-80.74014	39.9708
	-80.74012	39.97091
	-80.74005	39.97131
	-80.74015	39.97178
	-80.74054	39.97233
	-80.74061	39.97248
	-80.74069	39.97264
	-80.74083	39.97293
	-80.74093	39.97304
	-80.741	39.97311
	-80.74101	39.97313
	-80.74103	39.97315
	-80.741	39.9732
	-80.74094	39.9733
	-80.74082	39.97364
	-80.74079	39.97371
	-80.74077	39.97379
	-80.74065	39.97409
	-80.7406	39.97421
	-80.7406	39.97423
	-80.74056	39.97433
	-80.74045	39.97477
	-80.7404	39.97499
	-80.74037	39.97515
	-80.74035	39.97523
	-80.74035	39.97524
	-80.74034	39.97531
	-80.74034	39.97536
	-80.74033	39.97539
	-80.7402	39.97585
	-80.74006	39.97634
	-80.73995	39.9767
	-80.73991	39.97678
	-80.7399	39.9768
	-80.73985	39.977
	-80.73984	39.97706
	-80.73983	39.97713
	-80.7398	39.97724
	-80.7398	39.9773
	-80.73978	39.97736
	-80.73975	39.97743
	-80.73972	39.97761
	-80.73969	39.97776
	-80.73968	39.97781
	-80.73964	39.97792
	-80.73961	39.978
	-80.73958	39.97809
	-80.73955	39.97819
	-80.73955	39.97834
	-80.73955	39.97836
	-80.73954	39.97841
	-80.73954	39.97842
	-80.73951	39.97871
	-80.73951	39.97872
	-80.7395	39.97881
	-80.73948	39.9789
	-80.73945	39.97906
	-80.73944	39.97907
	-80.73944	39.9791
	-80.73941	39.97932
	-80.73939	39.97947
	-80.73935	39.97961
	-80.73934	39.97964
	-80.73922	39.9801
	-80.73921	39.98016
	-80.73921	39.98018
	-80.73912	39.98056
	-80.73911	39.98067
	-80.73909	39.981
	-80.73908	39.98102
	-80.73908	39.98104
	-80.73908	39.98105
	-80.73901	39.98133
	-80.739	39.98135
	-80.73892	39.98152
	-80.73884	39.98169
	-80.73883	39.98176
	-80.73884	39.98182
	-80.73887	39.98188
	-80.73887	39.98189
	-80.73896	39.982
	-80.73898	39.98203
	-80.73901	39.98209
	-80.73901	39.98211
	-80.73904	39.98223
	-80.73902	39.98267
	-80.73899	39.98292
	-80.73896	39.98319
	-80.73895	39.98347
	-80.73895	39.98359
	-80.73897	39.98365
	-80.73897	39.9837
	-80.73893	39.98388
	-80.7389	39.98398
	-80.73888	39.98416
	-80.73889	39.98428
	-80.73895	39.98453
	-80.73898	39.98464
	-80.73899	39.98468
	-80.739	39.98473
	-80.73901	39.98477
	-80.73901	39.98488
	-80.73899	39.98501
	-80.73898	39.98502
	-80.73894	39.98512
	-80.73888	39.9852
	-80.73887	39.98522
	-80.73887	39.9853
	-80.73888	39.98558
	-80.73889	39.98565
	-80.7389	39.98571
	-80.73895	39.98601
	-80.739	39.98611
	-80.73901	39.98614
	-80.73903	39.98618
	-80.73907	39.9863
	-80.73914	39.98659
	-80.73923	39.98699
	-80.73928	39.98718
	-80.73931	39.98726
	-80.73932	39.98732
	-80.73937	39.98748
	-80.7394	39.98764
	-80.73942	39.9877
	-80.73946	39.98786
	-80.73947	39.9879
	-80.73948	39.98795
	-80.7395	39.98806
	-80.73951	39.98811
	-80.73953	39.98818
	-80.73955	39.98824
	-80.73957	39.98828
	-80.73961	39.98832
	-80.73962	39.98834
	-80.73963	39.98835
	-80.73965	39.98844
	-80.73967	39.98868
	-80.73967	39.98869
	-80.7397	39.9888
	-80.73971	39.98884
	-80.73973	39.989
	-80.73974	39.98913
	-80.73974	39.98923
	-80.7397	39.98976
	-80.73972	39.99026
	-80.7397	39.99045
	-80.73969	39.99058
	-80.73969	39.99059
	-80.73969	39.9909
	-80.73969	39.99101
	-80.73971	39.99112
	-80.73972	39.99119
	-80.73972	39.9914
	-80.73972	39.99141
	-80.7397	39.99156
	-80.73971	39.99166
	-80.73971	39.99171
	-80.73972	39.99177
	-80.73976	39.99191
	-80.73976	39.99211
	-80.73979	39.99241
	-80.73984	39.99266
	-80.73994	39.9929
	-80.73996	39.99296
	-80.74	39.99309
	-80.7401	39.99347
	-80.7401	39.99349
	-80.74012	39.99366
	-80.74015	39.99392
	-80.74017	39.994
	-80.74018	39.99405
	-80.7402	39.99409
	-80.74023	39.99416
	-80.74032	39.99427
	-80.74034	39.99428
	-80.74035	39.99429
	-80.74043	39.99437
	-80.74048	39.99442
	-80.7405	39.99444
	-80.74056	39.99452
	-80.7407	39.99476
	-80.74072	39.9948
	-80.74082	39.99505
	-80.74085	39.99516
	-80.74092	39.9954
	-80.74093	39.9955
	-80.74095	39.99562
	-80.74098	39.99585
	-80.74108	39.99624
	-80.74113	39.99649
	-80.74116	39.99663
	-80.74118	39.99686
	-80.74118	39.99705
	-80.74118	39.9973
	-80.74119	39.99752
	-80.74122	39.99798
	-80.74128	39.99821
	-80.74128	39.99824
	-80.74131	39.99857
	-80.74134	39.99879
	-80.74137	39.99908
	-80.7414	39.99929
	-80.74141	39.99931
	-80.74149	39.99953
	-80.74159	39.99972
	-80.74166	39.99992
	-80.74169	40.00005
	-80.74169	40.00007
	-80.74171	40.00015
	-80.74176	40.00032
	-80.74177	40.00039
	-80.74177	40.00045
	-80.74177	40.00058
	-80.74179	40.00075
	-80.7418	40.00122
	-80.74182	40.00136
	-80.74184	40.00145
	-80.74186	40.00164
	-80.74186	40.00185
	-80.74186	40.00192
	-80.74187	40.00222
	-80.7419	40.00252
	-80.74192	40.00297
	-80.74194	40.00331
	-80.74197	40.00371
	-80.74198	40.00401
	-80.742	40.00419
	-80.74202	40.00447
	-80.74203	40.00474
	-80.74204	40.00484
	-80.74207	40.00509
	-80.74213	40.00549
	-80.74213	40.00552
	-80.74218	40.00577
	-80.74219	40.00591
	-80.74219	40.00606
	-80.74216	40.00627
	-80.74216	40.00646
	-80.74216	40.00682
	-80.74215	40.00711
	-80.74215	40.00712
	-80.74211	40.00742
	-80.74211	40.00753
	-80.74211	40.00765
	-80.74209	40.00784
	-80.74205	40.00832
	-80.74206	40.00842
	-80.74208	40.00849
	-80.74212	40.00854
	-80.74214	40.00856
	-80.74215	40.00857
	-80.74217	40.00858
	-80.74214	40.00874
	-80.74213	40.00878
	-80.74211	40.00888
	-80.7421	40.00888
	-80.74208	40.00889
	-80.74207	40.0089
	-80.74203	40.00892
	-80.74201	40.00894
	-80.74198	40.00897
	-80.74196	40.009
	-80.74193	40.00904
	-80.74191	40.00909
	-80.74188	40.00914
	-80.74183	40.00925
	-80.74182	40.00927
	-80.74179	40.00939
	-80.74178	40.00943
	-80.74177	40.00952
	-80.74175	40.00954
	-80.7417	40.00976
	-80.74168	40.00986
	-80.74166	40.00999
	-80.74162	40.01027
	-80.74159	40.01056
	-80.74159	40.01058
	-80.74158	40.01062
	-80.74153	40.01091
	-80.74148	40.01156
	-80.74148	40.01161
	-80.74145	40.01179
	-80.74134	40.01213
	-80.74134	40.01216
	-80.74134	40.01221
	-80.74133	40.0123
	-80.74133	40.01231
	-80.74133	40.01232
	-80.74133	40.01233
	-80.74133	40.01234
	-80.74132	40.01235
	-80.74132	40.01236
	-80.74132	40.01237
	-80.74132	40.01239
	-80.74131	40.01243
	-80.74128	40.01258
	-80.74127	40.01263
	-80.74125	40.01276
	-80.7412	40.01303
	-80.74119	40.01312
	-80.74118	40.01314
	-80.74117	40.01321
	-80.74113	40.01344
	-80.74111	40.01355
	-80.7411	40.01367
	-80.74108	40.01379
	-80.74105	40.01394
	-80.74105	40.01395
	-80.74101	40.01417
	-80.741	40.01426
	-80.74093	40.01457
	-80.7409	40.01472
	-80.74078	40.01508
	-80.74074	40.01519
	-80.74073	40.0152
	-80.74072	40.01523
	-80.74069	40.01531
	-80.74067	40.01536
	-80.74066	40.01538
	-80.74065	40.0154
	-80.74064	40.01542
	-80.74063	40.01544
	-80.74061	40.01549
	-80.74059	40.01554
	-80.74058	40.01557
	-80.74055	40.01562
	-80.74048	40.01573
	-80.7404	40.01584
	-80.74033	40.01593
	-80.74023	40.01607
	-80.74018	40.01614
	-80.74013	40.01623
	-80.74003	40.01641
	-80.74001	40.01646
	-80.74	40.01651
	-80.73999	40.01653
	-80.73998	40.01655
	-80.73994	40.01663
	-80.73992	40.01667
	-80.73987	40.01676
	-80.73969	40.01712
	-80.73956	40.01734
	-80.73953	40.01741
	-80.73947	40.01749
	-80.73945	40.01752
	-80.73944	40.01756
	-80.73935	40.01778
	-80.73933	40.01783
	-80.73931	40.01791
	-80.73928	40.01805
	-80.73927	40.01813
	-80.73927	40.01818
	-80.73924	40.01845
	-80.73922	40.01855
	-80.73913	40.01876
	-80.7391	40.01883
	-80.73905	40.01891
	-80.73905	40.01892
	-80.73904	40.01894
	-80.73903	40.01895
	-80.73894	40.01907
	-80.73887	40.01916
	-80.73885	40.01919
	-80.73877	40.01932
	-80.73864	40.01953
	-80.7386	40.01959
	-80.73852	40.0197
	-80.73849	40.01975
	-80.73848	40.01976
	-80.73847	40.01979
	-80.73847	40.0198
	-80.73847	40.01981
	-80.73844	40.01986
	-80.73839	40.01994
	-80.73837	40.01997
	-80.73829	40.0201
	-80.73827	40.02015
	-80.73826	40.02019
	-80.73824	40.02022
	-80.73824	40.02023
	-80.73822	40.02027
	-80.7382	40.02034
	-80.73819	40.02042
	-80.73817	40.02063
	-80.73814	40.02079
	-80.73813	40.02089
	-80.73811	40.02098
	-80.73809	40.02111
	-80.73806	40.02118
	-80.73806	40.0212
	-80.73804	40.02126
	-80.73799	40.02139
	-80.73791	40.0216
	-80.73783	40.02181
	-80.7378	40.02188
	-80.73778	40.02193
	-80.73777	40.02194
	-80.73775	40.022
	-80.73775	40.02201
	-80.73773	40.02206
	-80.7377	40.02223
	-80.73766	40.02244
	-80.73763	40.02267
	-80.73762	40.0228
	-80.73763	40.02294
	-80.73763	40.02311
	-80.73763	40.0233
	-80.73765	40.02351
	-80.73767	40.02373
	-80.73765	40.02382
	-80.73762	40.02398
	-80.7375	40.02425
	-80.73735	40.02446
	-80.73733	40.02452
	-80.73733	40.02454
	-80.73731	40.02462
	-80.73731	40.02474
	-80.73733	40.02481
	-80.73737	40.02489
	-80.73739	40.02493
	-80.73742	40.02499
	-80.73751	40.02519
	-80.73754	40.02524
	-80.73756	40.02528
	-80.73761	40.02534
	-80.73766	40.02543
	-80.73767	40.02546
	-80.73769	40.02552
	-80.73771	40.02561
	-80.73774	40.02569
	-80.73776	40.02575
	-80.73777	40.02581
	-80.73777	40.02599
	-80.73777	40.02619
	-80.73776	40.02651
	-80.73775	40.02659
	-80.73773	40.02664
	-80.73771	40.02682
	-80.7377	40.0269
	-80.73769	40.02699
	-80.73766	40.02709
	-80.73763	40.02715
	-80.73761	40.02719
	-80.73759	40.02723
	-80.73758	40.02727
	-80.73755	40.02732
	-80.73754	40.02736
	-80.73752	40.02741
	-80.73746	40.02756
	-80.73744	40.0276
	-80.73741	40.02766
	-80.73737	40.0277
	-80.73736	40.02772
	-80.73733	40.02779
	-80.73732	40.0278
	-80.73729	40.02789
	-80.73728	40.02794
	-80.73726	40.02799
	-80.73724	40.02809
	-80.73721	40.02826
	-80.73721	40.02827
	-80.73719	40.02837
	-80.73718	40.02843
	-80.73715	40.02854
	-80.73711	40.02862
	-80.73707	40.02869
	-80.73705	40.02875
	-80.73701	40.02884
	-80.73697	40.02892
	-80.73694	40.02898
	-80.73684	40.02918
	-80.73678	40.0293
	-80.73673	40.02939
	-80.73669	40.02947
	-80.73668	40.02948
	-80.73662	40.02956
	-80.73652	40.02974
	-80.73645	40.02987
	-80.73641	40.02996
	-80.7364	40.02999
	-80.7364	40.03
	-80.73639	40.03001
	-80.73635	40.03011
	-80.73634	40.03013
	-80.73633	40.03015
	-80.7363	40.03019
	-80.73626	40.03028
	-80.73624	40.03036
	-80.73624	40.03037
	-80.73617	40.03046
	-80.73615	40.03049
	-80.73607	40.03057
	-80.73601	40.03064
	-80.73601	40.03065
	-80.736	40.03067
	-80.73594	40.0308
	-80.73594	40.03082
	-80.73594	40.03084
	-80.73593	40.03088
	-80.7359	40.03092
	-80.73588	40.03094
	-80.73587	40.03095
	-80.73578	40.03102
	-80.73558	40.03115
	-80.73551	40.03121
	-80.73537	40.03134
	-80.73535	40.03135
	-80.73534	40.03136
	-80.73513	40.03152
	-80.73498	40.03164
	-80.73492	40.03169
	-80.73452	40.03199
	-80.73448	40.03203
	-80.73446	40.03205
	-80.73442	40.03209
	-80.73437	40.03214
	-80.73434	40.03218
	-80.73422	40.03238
	-80.73417	40.03255
	-80.73416	40.03258
	-80.73395	40.03313
	-80.73391	40.03321
	-80.73388	40.03327
	-80.73381	40.03341
	-80.73373	40.03355
	-80.73366	40.03368
	-80.7333	40.03422
	-80.73314	40.03448
	-80.7331	40.03457
	-80.73303	40.03473
	-80.73288	40.03513
	-80.73255	40.03564
	-80.7324	40.03581
	-80.73233	40.03594
	-80.73225	40.03609
	-80.73218	40.03628
	-80.73214	40.03638
	-80.73193	40.037
	-80.73188	40.03717
	-80.73186	40.03734
	-80.73185	40.03742
	-80.73182	40.03763
	-80.7318	40.03769
	-80.7318	40.03773
	-80.7318	40.03783
	-80.73181	40.03795
	-80.73182	40.03802
	-80.73183	40.03808
	-80.73183	40.03824
	-80.73183	40.03835
	-80.73182	40.03855
	-80.73182	40.03856
	-80.73182	40.03858
	-80.73178	40.03881
	-80.73177	40.03908
	-80.73176	40.03912
	-80.73176	40.03914
	-80.73174	40.03929
	-80.73172	40.0394
	-80.73171	40.03948
	-80.73168	40.03968
	-80.73165	40.03982
	-80.73163	40.03991
	-80.73162	40.04016
	-80.73162	40.04017
	-80.73162	40.04019
	-80.73157	40.04058
	-80.73156	40.04064
	-80.73154	40.04075
	-80.73152	40.04085
	-80.73152	40.04091
	-80.73151	40.04104
	-80.7315	40.0411
	-80.73146	40.04131
	-80.73146	40.04136
	-80.73146	40.04138
	-80.73145	40.04139
	-80.73142	40.04158
	-80.73139	40.04172
	-80.73139	40.04183
	-80.73137	40.0419
	-80.73136	40.04196
	-80.73133	40.04214
	-80.73132	40.04225
	-80.73131	40.04235
	-80.73128	40.04248
	-80.73127	40.04258
	-80.73123	40.04284
	-80.73114	40.04314
	-80.73113	40.04316
	-80.73106	40.04348
	-80.73104	40.04365
	-80.73104	40.04396
	-80.73103	40.04412
	-80.73102	40.04429
	-80.73103	40.0444
	-80.73103	40.04445
	-80.73105	40.04464
	-80.73106	40.04494
	-80.73107	40.04528
	-80.7311	40.04568
	-80.7311	40.0459
	-80.73111	40.04597
	-80.73112	40.04604
	-80.73118	40.04629
	-80.73118	40.04631
	-80.73126	40.04661
	-80.73128	40.04668
	-80.73129	40.04671
	-80.73131	40.0468
	-80.73132	40.04688
	-80.73138	40.0473
	-80.73138	40.04735
	-80.73139	40.04742
	-80.7314	40.04745
	-80.73142	40.04762
	-80.73144	40.04781
	-80.73144	40.04783
	-80.73146	40.04803
	-80.73144	40.04814
	-80.73144	40.04815
	-80.73128	40.04872
	-80.73128	40.04886
	-80.73131	40.04925
	-80.73135	40.04969
	-80.7318	40.05309
	-80.73219	40.0548
	-80.73287	40.05774
	-80.73288	40.05781
	-80.7331	40.05877
	-80.73372	40.05924
	-80.7343	40.05967
	-80.73554	40.06202
	-80.7371	40.06497
	-80.7385	40.07147
	-80.73851	40.07163
	-80.73852	40.07232
	-80.73853	40.07238
	-80.73858	40.07463
	-80.7386	40.07567
	-80.73732	40.07881
	-80.7368	40.08007
	-80.7307	40.08647
	-80.72914	40.08739
	-80.72743	40.0884
	-80.71741	40.09428
	-80.713	40.09687
	-80.71112	40.09869
	-80.7102	40.09957
	-80.7101	40.09974
	-80.70997	40.09997
	-80.7091	40.10147
	-80.7077	40.10537
	-80.7067	40.11087
	-80.70671	40.11091
	-80.70672	40.11099
	-80.70674	40.11119
	-80.70677	40.11139
	-80.70688	40.11231
	-80.707	40.11327
	-80.70734	40.11448
	-80.70757	40.11534
	-80.70761	40.11545
	-80.70761	40.11547
	-80.70761	40.11548
	-80.70763	40.11552
	-80.70801	40.11692
	-80.70811	40.11726
	-80.70813	40.11728
	-80.70881	40.11809
	-80.71051	40.12509
	-80.71055	40.12527
	-80.71053	40.12589
	-80.7104	40.12926
	-80.7102	40.13417
	-80.71013	40.13616
	-80.7101	40.1367
	-80.71004	40.13831
	-80.70807	40.14316
	-80.70732	40.145
	-80.70719	40.14564
	-80.70702	40.14652
	-80.70683	40.14742
	-80.70665	40.14831
	-80.70637	40.14971
	-80.70599	40.15159
	-80.70583	40.15198
	-80.70559	40.15253
	-80.70541	40.15296
	-80.7046	40.15482
	-80.70327	40.15676
	-80.70323	40.15681
	-80.68614	40.18161
	-80.6837	40.18422
	-80.68217	40.18537
	-80.68201	40.1855
	-80.68007	40.1862
	-80.6796	40.18637
	-80.67734	40.18831
	-80.6726	40.19237
	-80.6681	40.19967
	-80.6671	40.20334
	-80.6663	40.20627
	-80.66533	40.21252
	-80.6643	40.21917
	-80.66282	40.22486
	-80.66154	40.2298
	-80.66002	40.23224
	-80.65441	40.24126
	-80.6521	40.24497
	-80.6446	40.25127
	-80.64129	40.25297
	-80.6372	40.25507
	-80.6371	40.25427
	-80.63541	40.25514
	-80.6225	40.26177
	-80.621	40.26336
	-80.6193	40.26517
	-80.61883	40.26624
	-80.61639	40.27182
	-80.6162	40.27227
	-80.61651	40.27905
	-80.6168	40.28527
	-80.61566	40.28928
	-80.6149	40.29197
	-80.61281	40.29495
	-80.61098	40.29758
	-80.6066	40.30387
	-80.60289	40.30707
	-80.60238	40.30838
	-80.60186	40.31074
	-80.60164	40.31152
	-80.60041	40.31586
	-80.59989	40.31767
	-80.60043	40.32077
	-80.60043	40.3208
	-80.60049	40.32117
	-80.60289	40.32787
	-80.60322	40.32841
	-80.60336	40.32863
	-80.60703	40.33468
	-80.60764	40.33567
	-80.6108	40.34087
	-80.61108	40.34182
	-80.61161	40.34364
	-80.6128	40.34767
	-80.6118	40.35517
	-80.61029	40.35847
	-80.60943	40.36036
	-80.60869	40.36197
	-80.60759	40.36957
	-80.60969	40.37497
	-80.60989	40.37512
	-80.60997	40.37519
	-80.6116	40.37651
	-80.6144	40.37877
	-80.6192	40.38177
	-80.62729	40.38396
	-80.63074	40.3849
	-80.6316	40.38547
	-80.6336	40.39047
	-80.6322	40.39367
	-80.63185	40.39385
	-80.62896	40.3954
	-80.6281	40.39587
	-80.62459	40.39695
	-80.62243	40.39762
	-80.61922	40.39862
	-80.61519	40.39987
	-80.61219	40.40267
	-80.61179	40.40387
	-80.61269	40.40767
	-80.61229	40.41857
	-80.61276	40.42577
	-80.6129	40.42794
	-80.61299	40.42937
	-80.61244	40.43372
	-80.61229	40.43487
	-80.61212	40.43533
	-80.61119	40.43777
	-80.60489	40.44667
	-80.60439	40.44977
	-80.60398	40.45035
	-80.60288	40.4519
	-80.60005	40.45589
	-80.59829	40.45837
	-80.59689	40.46156
	-80.59609	40.46337
	-80.59496	40.46848
	-80.59497	40.46858
	-80.59507	40.46966
	-80.59479	40.47137
	-80.59549	40.47527
	-80.59656	40.47738
	-80.59804	40.48029
	-80.59919	40.48257
	-80.59975	40.48285
	-80.60245	40.48423
	-80.6031	40.48474
	-80.60906	40.48951
	-80.61423	40.49676
	-80.618	40.50205
	-80.61913	40.50606
	-80.62088	40.51226
	-80.6209	40.51236
	-80.62104	40.51324
	-80.6211	40.51598
	-80.6211	40.51603
	-80.62164	40.517
	-80.62202	40.51941
	-80.62219	40.5205
	-80.62602	40.5315
	-80.62746	40.53565
	-80.62751	40.53579
	-80.63048	40.53792
	-80.63311	40.53871
	-80.63719	40.5435
	-80.63817	40.54465
	-80.63821	40.54469
	-80.63849	40.54503
	-80.64092	40.54788
	-80.64138	40.54842
	-80.6416	40.5487
	-80.65244	40.56254
	-80.65532	40.56518
	-80.66244	40.56999
	-80.66271	40.57018
	-80.66692	40.57366
	-80.66778	40.5781
	-80.66796	40.5825
	-80.66791	40.58294
	-80.66781	40.58354
	-80.6676	40.58406
	-80.6676	40.58408
	-80.66746	40.58432
	-80.66737	40.58448
	-80.66735	40.58451
	-80.66716	40.58483
	-80.6668	40.58541
	-80.66668	40.58589
	-80.66653	40.58634
	-80.66635	40.58674
	-80.66632	40.5868
	-80.6663	40.58686
	-80.6661	40.5873
	-80.6659	40.5877
	-80.66589	40.58773
	-80.66568	40.58802
	-80.66519	40.58861
	-80.6651	40.58874
	-80.66479	40.58926
	-80.66473	40.58933
	-80.66447	40.58966
	-80.66422	40.58997
	-80.66399	40.59026
	-80.66354	40.59077
	-80.6635	40.5908
	-80.66319	40.59104
	-80.66303	40.59117
	-80.66281	40.59137
	-80.66256	40.5916
	-80.66252	40.59163
	-80.66229	40.59179
	-80.66207	40.59195
	-80.66204	40.59197
	-80.66197	40.59201
	-80.66175	40.59216
	-80.66132	40.59237
	-80.66092	40.59264
	-80.66042	40.59295
	-80.66028	40.59304
	-80.65978	40.59342
	-80.65965	40.59352
	-80.65904	40.59394
	-80.65835	40.59439
	-80.65784	40.59472
	-80.65703	40.59525
	-80.65701	40.59526
	-80.65698	40.59528
	-80.65538	40.59641
	-80.65519	40.59654
	-80.655	40.59668
	-80.65434	40.59717
	-80.65411	40.59734
	-80.65394	40.59746
	-80.65391	40.59747
	-80.65386	40.5975
	-80.65375	40.59757
	-80.65364	40.59765
	-80.65341	40.59778
	-80.6534	40.59779
	-80.65314	40.59787
	-80.65311	40.59782
	-80.65311	40.59781
	-80.65324	40.59766
	-80.65384	40.59715
	-80.65402	40.59698
	-80.65445	40.59656
	-80.65484	40.59616
	-80.65482	40.59613
	-80.6548	40.5961
	-80.65472	40.59606
	-80.6546	40.59611
	-80.65448	40.59616
	-80.65408	40.59641
	-80.65397	40.59648
	-80.65352	40.59683
	-80.65324	40.5971
	-80.65284	40.59722
	-80.65224	40.59739
	-80.65186	40.59764
	-80.65172	40.59774
	-80.65143	40.59827
	-80.65135	40.5984
	-80.65135	40.59842
	-80.65112	40.59862
	-80.65061	40.59906
	-80.65044	40.59916
	-80.6502	40.59931
	-80.64989	40.59952
	-80.64978	40.5996
	-80.64933	40.59997
	-80.64888	40.60027
	-80.6484	40.60061
	-80.64819	40.60078
	-80.648	40.60093
	-80.64754	40.60134
	-80.64725	40.60173
	-80.64706	40.60195
	-80.64685	40.60222
	-80.64662	40.60251
	-80.64661	40.60253
	-80.64621	40.60288
	-80.64554	40.60328
	-80.64537	40.60339
	-80.64532	40.60342
	-80.6452	40.60349
	-80.64514	40.60353
	-80.64505	40.60359
	-80.64496	40.60365
	-80.6448	40.60386
	-80.64465	40.60408
	-80.64462	40.60413
	-80.64447	40.60435
	-80.64437	40.60451
	-80.64379	40.60542
	-80.64359	40.60571
	-80.64357	40.60574
	-80.64344	40.60592
	-80.64263	40.60704
	-80.64202	40.60776
	-80.64052	40.60966
	-80.64034	40.60989
	-80.64	40.61062
	-80.63996	40.6107
	-80.63979	40.61099
	-80.63971	40.61109
	-80.63967	40.61115
	-80.63938	40.61128
	-80.63918	40.61136
	-80.63908	40.6114
	-80.63906	40.61141
	-80.63866	40.61154
	-80.63813	40.61179
	-80.63763	40.61224
	-80.63747	40.6124
	-80.63739	40.61248
	-80.63729	40.61254
	-80.63719	40.6126
	-80.63712	40.61264
	-80.63696	40.61279
	-80.63685	40.61288
	-80.63677	40.61303
	-80.63674	40.61311
	-80.6367	40.61324
	-80.63666	40.61336
	-80.63662	40.61344
	-80.63659	40.61351
	-80.63655	40.6136
	-80.63644	40.61375
	-80.63635	40.61386
	-80.63573	40.6143
	-80.63566	40.61438
	-80.63565	40.61439
	-80.63555	40.6145
	-80.63553	40.61454
	-80.6354	40.61473
	-80.63501	40.61531
	-80.63497	40.61536
	-80.63435	40.6161
	-80.63343	40.61672
	-80.63331	40.61677
	-80.63322	40.61682
	-80.6329	40.61697
	-80.63258	40.61719
	-80.63256	40.6172
	-80.63245	40.61726
	-80.62744	40.61979
	-80.62719	40.61993
	-80.62717	40.61994
	-80.62667	40.62001
	-80.62558	40.62019
	-80.62471	40.62032
	-80.61673	40.62158
	-80.61638	40.62164
	-80.616	40.6217
	-80.61058	40.6232
	-80.61046	40.62324
	-80.61021	40.62331
	-80.60388	40.62506
	-80.60341	40.62508
	-80.60238	40.62512
	-80.59876	40.62526
	-80.59868	40.62523
	-80.59851	40.62516
	-80.59842	40.62511
	-80.59836	40.62508
	-80.59834	40.62506
	-80.59778	40.62492
	-80.59713	40.62474
	-80.59691	40.62469
	-80.59613	40.62441
	-80.59558	40.62422
	-80.59545	40.62417
	-80.59533	40.62413
	-80.59496	40.62399
	-80.5943	40.62375
	-80.59406	40.62366
	-80.59278	40.62294
	-80.59223	40.6226
	-80.59205	40.6225
	-80.59162	40.6217
	-80.59136	40.62137
	-80.59123	40.62121
	-80.5911	40.62104
	-80.59005	40.62057
	-80.58985	40.62048
	-80.5895	40.62034
	-80.58926	40.62026
	-80.58926	40.62025
	-80.58925	40.62025
	-80.58914	40.62018
	-80.58908	40.62014
	-80.58901	40.62009
	-80.58895	40.62006
	-80.58824	40.61944
	-80.58818	40.61939
	-80.58739	40.61874
	-80.5867	40.6181
	-80.58608	40.61755
	-80.58545	40.61696
	-80.58528	40.6168
	-80.58509	40.61659
	-80.58478	40.61627
	-80.58405	40.61574
	-80.58363	40.61552
	-80.58338	40.61541
	-80.58322	40.61533
	-80.58291	40.61518
	-80.58255	40.61501
	-80.58235	40.61491
	-80.58212	40.61484
	-80.58182	40.61475
	-80.58146	40.61467
	-80.58074	40.61451
	-80.58054	40.61447
	-80.57985	40.6143
	-80.57967	40.61428
	-80.57962	40.61427
	-80.57951	40.61426
	-80.57947	40.61425
	-80.57866	40.61414
	-80.57759	40.61414
	-80.5767	40.61422
	-80.5765	40.61427
	-80.57621	40.61435
	-80.57618	40.61436
	-80.57614	40.61437
	-80.57596	40.61441
	-80.57515	40.61461
	-80.57509	40.61462
	-80.57494	40.61466
	-80.57484	40.61468
	-80.57431	40.61482
	-80.57421	40.61484
	-80.57396	40.61488
	-80.57341	40.61497
	-80.57335	40.61499
	-80.57261	40.61521
	-80.57183	40.61548
	-80.57157	40.6156
	-80.57146	40.61565
	-80.57139	40.61568
	-80.57123	40.61575
	-80.57113	40.61578
	-80.57059	40.61606
	-80.57018	40.61628
	-80.56959	40.61659
	-80.56907	40.61687
	-80.56905	40.61688
	-80.56904	40.61689
	-80.56903	40.61689
	-80.56883	40.61701
	-80.56854	40.61719
	-80.56814	40.6174
	-80.56806	40.61744
	-80.56761	40.61768
	-80.56738	40.61782
	-80.56717	40.61796
	-80.56691	40.61809
	-80.56684	40.61815
	-80.56666	40.61829
	-80.56619	40.61869
	-80.56578	40.61925
	-80.56557	40.61954
	-80.56555	40.61956
	-80.56541	40.61974
	-80.56524	40.61989
	-80.56505	40.62005
	-80.56496	40.62014
	-80.56493	40.62016
	-80.56491	40.62018
	-80.56464	40.62038
	-80.56451	40.6205
	-80.56433	40.62066
	-80.56429	40.6207
	-80.56419	40.6208
	-80.56418	40.62081
	-80.56415	40.62084
	-80.5638	40.62115
	-80.56376	40.62118
	-80.56363	40.62129
	-80.56361	40.62131
	-80.56359	40.62134
	-80.56356	40.62136
	-80.56353	40.62138
	-80.56352	40.62139
	-80.56349	40.6214
	-80.56337	40.62146
	-80.5633	40.62152
	-80.56329	40.62154
	-80.56325	40.62157
	-80.56317	40.62165
	-80.56228	40.62248
	-80.56205	40.6227
	-80.56174	40.62294
	-80.56132	40.62327
	-80.56097	40.62351
	-80.56069	40.62371
	-80.56061	40.62376
	-80.56045	40.62387
	-80.55998	40.6241
	-80.55982	40.62418
	-80.55944	40.62437
	-80.55922	40.62448
	-80.55912	40.62452
	-80.55857	40.62479
	-80.55828	40.62495
	-80.55813	40.62504
	-80.55812	40.62504
	-80.5581	40.62506
	-80.55809	40.62506
	-80.558	40.62514
	-80.55799	40.62515
	-80.55776	40.62535
	-80.55775	40.62536
	-80.5577	40.62541
	-80.5576	40.6255
	-80.55748	40.62561
	-80.55747	40.62562
	-80.5573	40.62574
	-80.55705	40.62591
	-80.55675	40.62606
	-80.55642	40.62623
	-80.55625	40.62625
	-80.55586	40.62632
	-80.55581	40.62633
	-80.55531	40.62646
	-80.55522	40.62648
	-80.55521	40.62649
	-80.55518	40.62649
	-80.55482	40.62662
	-80.5544	40.62677
	-80.55342	40.62734
	-80.55336	40.62738
	-80.55289	40.62775
	-80.55286	40.62777
	-80.55281	40.62782
	-80.55268	40.62791
	-80.55264	40.62794
	-80.55187	40.62847
	-80.55184	40.62849
	-80.55171	40.62858
	-80.55167	40.6286
	-80.5516	40.62863
	-80.55156	40.62865
	-80.55143	40.6287
	-80.55139	40.62872
	-80.55138	40.62873
	-80.55123	40.6288
	-80.55113	40.62885
	-80.55093	40.62892
	-80.55074	40.62898
	-80.55072	40.62899
	-80.55058	40.62904
	-80.55029	40.62909
	-80.55009	40.62913
	-80.55004	40.62913
	-80.54996	40.62915
	-80.54929	40.62919
	-80.54915	40.6292
	-80.5486	40.62923
	-80.54814	40.62926
	-80.54811	40.62926
	-80.54736	40.62931
	-80.54665	40.62946
	-80.54615	40.62962
	-80.54589	40.6297
	-80.54552	40.62984
	-80.5448	40.63012
	-80.5444	40.63027
	-80.54377	40.63054
	-80.54343	40.63068
	-80.54281	40.63101
	-80.54229	40.6313
	-80.54187	40.63144
	-80.54127	40.63164
	-80.54022	40.63195
	-80.53913	40.63224
	-80.53905	40.63236
	-80.53907	40.63238
	-80.53911	40.63244
	-80.53922	40.63244
	-80.53925	40.63247
	-80.53931	40.63255
	-80.53929	40.63256
	-80.53927	40.63258
	-80.53918	40.6326
	-80.53915	40.63261
	-80.53898	40.63265
	-80.53868	40.63272
	-80.53854	40.63276
	-80.53849	40.63277
	-80.53832	40.63282
	-80.53796	40.63293
	-80.53771	40.63304
	-80.53735	40.6332
	-80.53656	40.63372
	-80.5363	40.63388
	-80.53624	40.63389
	-80.5362	40.6339
	-80.53597	40.63397
	-80.5359	40.63398
	-80.5358	40.63399
	-80.5355	40.63404
	-80.53541	40.63406
	-80.53538	40.63406
	-80.53518	40.63418
	-80.53515	40.63422
	-80.535	40.63441
	-80.53486	40.63466
	-80.53484	40.6347
	-80.53473	40.63475
	-80.53461	40.63481
	-80.53453	40.63484
	-80.53435	40.6349
	-80.5339	40.63505
	-80.53372	40.63511
	-80.53274	40.63559
	-80.53204	40.6358
	-80.53151	40.63596
	-80.53119	40.63605
	-80.53106	40.63609
	-80.53009	40.63625
	-80.52954	40.63624
	-80.5291	40.63616
	-80.52898	40.63614
	-80.52862	40.6361
	-80.52761	40.63599
	-80.52676	40.63597
	-80.52566	40.63607
	-80.52512	40.6362
	-80.52455	40.63639
	-80.52385	40.63661
	-80.5238	40.63662
	-80.52366	40.63663
	-80.52243	40.63682
	-80.52192	40.63699
	-80.52185	40.63702
	-80.52179	40.63705
	-80.52145	40.63721
	-80.52144	40.63722
	-80.52121	40.63738
	-80.52092	40.63757
	-80.52032	40.63803
	-80.51959	40.63847
	-80.51908	40.63875
	-80.51904	40.63877
	-80.51899	40.6388
	-80.51901	40.60025
	-80.51791	40.60042
	-80.51777	40.60032
	-80.51731	40.59987
	-80.51698	40.59926
	-80.51695	40.59917
	-80.51717	40.59742
	-80.51722	40.59734
	-80.51767	40.59685
	-80.51787	40.5967
	-80.51901	40.59685
	-80.51909	40.40723
	-80.51912	40.28819
	-80.51952	40.28841
	-80.51953	40.28843
	-80.51957	40.28844
	-80.51967	40.28841
	-80.51979	40.28841
	-80.52014	40.28846
	-80.52053	40.28846
	-80.521	40.28838
	-80.52138	40.28824
	-80.5216	40.28814
	-80.52178	40.28804
	-80.52201	40.28789
	-80.52218	40.28776
	-80.52253	40.28743
	-80.52273	40.28721
	-80.52292	40.28694
	-80.5232	40.28644
	-80.52342	40.28594
	-80.52347	40.28587
	-80.52377	40.28529
	-80.52385	40.28499
	-80.52388	40.28441
	-80.52375	40.28382
	-80.52359	40.28346
	-80.52342	40.28321
	-80.52294	40.28273
	-80.52228	40.28225
	-80.52206	40.28211
	-80.52157	40.28188
	-80.52112	40.28178
	-80.52083	40.28176
	-80.52032	40.28176
	-80.51986	40.28181
	-80.51985	40.28182
	-80.51951	40.28177
	-80.51912	40.28174
	-80.51922	40.01621
	-80.51916	39.96207
	-80.51909	39.85605
	-80.51952	39.79162
	-80.51945	39.72125
	-80.45254	39.72106
	-80.42173	39.72108
	-80.40351	39.72112
	-80.29395	39.72116
	-80.23612	39.72108
	-80.2361	39.7204
	-80.23604	39.72028
	-80.23564	39.71976
	-80.2352	39.71937
	-80.23457	39.72012
	-80.23249	39.7194
	-80.23209	39.7198
	-80.23209	39.72103
	-80.23192	39.72105
	-80.23192	39.72107
	-80.22703	39.72107
	-80.22696	39.72206
	-80.2267	39.72228
	-80.2261	39.72264
	-80.22502	39.72305
	-80.22457	39.72318
	-80.22438	39.72321
	-80.22396	39.72324
	-80.2235	39.72323
	-80.22334	39.72324
	-80.22307	39.72326
	-80.22274	39.72331
	-80.22247	39.72333
	-80.2223	39.72333
	-80.22168	39.72327
	-80.22115	39.72312
	-80.22066	39.72291
	-80.22023	39.72265
	-80.21986	39.7224
	-80.21974	39.7223
	-80.21954	39.7221
	-80.21861	39.72106
	-80.20744	39.72105
	-80.20686	39.72188
	-80.20656	39.72193
	-80.20576	39.72214
	-80.20241	39.72307
	-80.20196	39.72314
	-80.20155	39.72317
	-80.20132	39.72317
	-80.20099	39.72314
	-80.20047	39.72303
	-80.20027	39.72296
	-80.19987	39.72277
	-80.19961	39.72262
	-80.19918	39.72229
	-80.1987	39.72183
	-80.19833	39.72136
	-80.19814	39.72107
	-80.17441	39.7211
	-80.13007	39.72112
	-80.12994	39.72101
	-80.12945	39.72071
	-80.1286	39.7199
	-80.12773	39.71942
	-80.12753	39.71937
	-80.12675	39.71932
	-80.12664	39.71934
	-80.12594	39.71912
	-80.12579	39.71913
	-80.12535	39.71925
	-80.12523	39.71921
	-80.12476	39.71946
	-80.12477	39.71948
	-80.12278	39.72063
	-80.12306	39.72113
	-80.04178	39.72116
	-79.91608	39.72063
	-79.76381	39.72071
	-79.49771	39.72098
	-79.4767	39.721
	-79.47681	39.70178
	-79.47685	39.68724
	-79.47671	39.67384
	-79.47662	39.66037
	-79.47638	39.64229
	-79.47761	39.64226
	-79.47791	39.61445
	-79.47847	39.55234
	-79.47876	39.55235
	-79.47885	39.53163
	-79.48231	39.53163
	-79.48234	39.52472
	-79.48253	39.49734
	-79.48264	39.4855
	-79.4828	39.47346
	-79.48292	39.45345
	-79.483	39.44876
	-79.48308	39.43536
	-79.48321	39.42562
	-79.48348	39.41067
	-79.48366	39.39618
	-79.48382	39.38785
	-79.48412	39.36333
	-79.48416	39.35432
	-79.48441	39.34414
	-79.48607	39.34417
	-79.48643	39.32249
	-79.48669	39.30884
	-79.4868	39.3016
	-79.48691	39.29781
	-79.48694	39.2962
	-79.48708	39.27531
	-79.48719	39.26519
	-79.48587	39.26484
	-79.48609	39.25257
	-79.48655	39.22364
	-79.48643	39.22329
	-79.48653	39.21911
	-79.48661	39.21891
	-79.48682	39.21121
	-79.48682	39.20915
	-79.48687	39.20583
	-79.48614	39.20571
	-79.48552	39.20568
	-79.48499	39.20576
	-79.48415	39.20567
	-79.48391	39.20545
	-79.4835	39.2055
	-79.48317	39.2056
	-79.48303	39.20553
	-79.483	39.20518
	-79.48264	39.20508
	-79.48201	39.20506
	-79.48146	39.2049
	-79.48116	39.20478
	-79.48078	39.20473
	-79.48083	39.20451
	-79.48055	39.20431
	-79.48003	39.20429
	-79.47952	39.20414
	-79.47826	39.20391
	-79.47773	39.20396
	-79.47723	39.20391
	-79.47645	39.2037
	-79.47579	39.20341
	-79.47504	39.20312
	-79.47459	39.20278
	-79.47389	39.20247
	-79.4735	39.20215
	-79.4731	39.20193
	-79.47288	39.20202
	-79.47262	39.20222
	-79.47252	39.20249
	-79.4721	39.2026
	-79.47212	39.20282
	-79.47242	39.20285
	-79.47227	39.20302
	-79.47182	39.20323
	-79.47109	39.20314
	-79.47084	39.2033
	-79.47046	39.2031
	-79.47034	39.20319
	-79.47038	39.20339
	-79.47024	39.20357
	-79.46975	39.20359
	-79.46958	39.20381
	-79.46971	39.20408
	-79.46998	39.20432
	-79.46985	39.20443
	-79.46965	39.20437
	-79.4693	39.20434
	-79.46935	39.20465
	-79.46923	39.20505
	-79.46897	39.20532
	-79.46892	39.20553
	-79.46903	39.20575
	-79.46897	39.20593
	-79.46868	39.2062
	-79.46864	39.20641
	-79.46895	39.20666
	-79.46945	39.20689
	-79.46951	39.20707
	-79.46941	39.20721
	-79.46886	39.2076
	-79.4681	39.20748
	-79.46777	39.20778
	-79.46771	39.208
	-79.46754	39.20836
	-79.46721	39.20868
	-79.46669	39.20868
	-79.4662	39.20892
	-79.46592	39.20884
	-79.46548	39.209
	-79.46537	39.2092
	-79.46522	39.2094
	-79.46431	39.20958
	-79.46364	39.21022
	-79.46306	39.21027
	-79.46303	39.21029
	-79.46283	39.21044
	-79.46265	39.21076
	-79.46155	39.21084
	-79.46125	39.21103
	-79.46114	39.21127
	-79.46071	39.21123
	-79.46044	39.21144
	-79.46034	39.21134
	-79.45998	39.21139
	-79.45969	39.21122
	-79.45895	39.21131
	-79.45847	39.2115
	-79.45807	39.21131
	-79.45769	39.21135
	-79.45752	39.21118
	-79.45729	39.211
	-79.45709	39.21118
	-79.45702	39.21098
	-79.45686	39.21078
	-79.45664	39.21095
	-79.45609	39.2109
	-79.4557	39.21104
	-79.45548	39.21091
	-79.45513	39.21089
	-79.45523	39.21054
	-79.45512	39.21033
	-79.45533	39.21016
	-79.45513	39.21003
	-79.45453	39.21009
	-79.45412	39.2102
	-79.45352	39.21031
	-79.4532	39.21031
	-79.45261	39.21068
	-79.45256	39.21095
	-79.45249	39.21113
	-79.45253	39.21123
	-79.45278	39.21117
	-79.45294	39.21118
	-79.45306	39.21132
	-79.45281	39.21147
	-79.45254	39.21181
	-79.45219	39.21191
	-79.45215	39.21207
	-79.4522	39.21238
	-79.4521	39.21256
	-79.45162	39.21255
	-79.45148	39.21269
	-79.45125	39.21287
	-79.45102	39.21265
	-79.4508	39.21257
	-79.45054	39.21282
	-79.4504	39.21312
	-79.45047	39.21352
	-79.45057	39.21373
	-79.45037	39.21388
	-79.45016	39.21384
	-79.44957	39.21393
	-79.44919	39.2141
	-79.44856	39.21426
	-79.44811	39.2146
	-79.44797	39.21492
	-79.44787	39.21523
	-79.44742	39.21555
	-79.44699	39.21567
	-79.44656	39.21569
	-79.44611	39.21576
	-79.44556	39.21604
	-79.44524	39.21622
	-79.44471	39.2164
	-79.44395	39.21659
	-79.4435	39.21652
	-79.44296	39.21634
	-79.44228	39.21622
	-79.44188	39.21626
	-79.44174	39.21641
	-79.44168	39.21667
	-79.4416	39.21684
	-79.44131	39.21681
	-79.44106	39.21666
	-79.44085	39.21645
	-79.4406	39.2164
	-79.44025	39.21659
	-79.43979	39.21704
	-79.43938	39.21738
	-79.43886	39.21767
	-79.43876	39.21802
	-79.43871	39.21836
	-79.43836	39.21854
	-79.43813	39.21851
	-79.43788	39.21843
	-79.43756	39.21847
	-79.43741	39.21856
	-79.43748	39.21872
	-79.4375	39.21889
	-79.43718	39.21906
	-79.4369	39.2191
	-79.43632	39.21956
	-79.43615	39.21985
	-79.43606	39.22016
	-79.43552	39.22077
	-79.43486	39.22167
	-79.43463	39.22196
	-79.43446	39.22217
	-79.4337	39.2229
	-79.43297	39.22377
	-79.43255	39.22398
	-79.43144	39.22436
	-79.43095	39.22442
	-79.43055	39.22425
	-79.4303	39.22397
	-79.43015	39.22365
	-79.43018	39.22338
	-79.42983	39.22338
	-79.42889	39.22369
	-79.42852	39.22401
	-79.42821	39.22443
	-79.42786	39.22467
	-79.42738	39.22486
	-79.4268	39.22492
	-79.42637	39.22494
	-79.42594	39.22503
	-79.4257	39.2253
	-79.42554	39.22571
	-79.42527	39.22612
	-79.42461	39.22644
	-79.42423	39.22671
	-79.42403	39.22702
	-79.42399	39.22738
	-79.42423	39.22763
	-79.42459	39.22796
	-79.42469	39.22837
	-79.42461	39.22885
	-79.42429	39.22996
	-79.42438	39.23026
	-79.42456	39.23072
	-79.42448	39.2314
	-79.42462	39.23244
	-79.42487	39.23292
	-79.42519	39.23347
	-79.4253	39.23396
	-79.42526	39.23425
	-79.42507	39.23451
	-79.42478	39.23457
	-79.42462	39.23448
	-79.42448	39.23423
	-79.42416	39.23398
	-79.42368	39.23401
	-79.42331	39.23415
	-79.42262	39.23428
	-79.42215	39.23444
	-79.42185	39.23483
	-79.42151	39.23497
	-79.42093	39.23513
	-79.42058	39.23534
	-79.42043	39.23572
	-79.42031	39.23617
	-79.42048	39.23658
	-79.42076	39.23691
	-79.42081	39.23722
	-79.42088	39.23798
	-79.42083	39.23835
	-79.4203	39.23875
	-79.41917	39.23894
	-79.419	39.23907
	-79.41874	39.23934
	-79.41844	39.23949
	-79.41784	39.23966
	-79.41701	39.23975
	-79.41603	39.23972
	-79.41557	39.23962
	-79.41525	39.23953
	-79.41499	39.23957
	-79.4148	39.23978
	-79.4147	39.24002
	-79.41451	39.24023
	-79.41402	39.24031
	-79.41336	39.24005
	-79.41296	39.23997
	-79.41258	39.23992
	-79.41227	39.24002
	-79.41213	39.24024
	-79.41213	39.24051
	-79.41222	39.24078
	-79.4121	39.24106
	-79.4118	39.24136
	-79.41139	39.24156
	-79.41091	39.24161
	-79.40994	39.24235
	-79.40946	39.24264
	-79.4092	39.24308
	-79.40909	39.24378
	-79.40883	39.24423
	-79.40843	39.2447
	-79.40837	39.24492
	-79.40825	39.2452
	-79.4083	39.24544
	-79.40863	39.24554
	-79.40908	39.24554
	-79.40935	39.24575
	-79.40943	39.24594
	-79.40938	39.24614
	-79.40906	39.24633
	-79.40853	39.24641
	-79.40785	39.24647
	-79.40741	39.24661
	-79.40697	39.24682
	-79.40638	39.24693
	-79.406	39.24713
	-79.40573	39.24734
	-79.40563	39.24765
	-79.40558	39.24786
	-79.40543	39.24819
	-79.40443	39.2489
	-79.40402	39.24931
	-79.40361	39.24989
	-79.40329	39.25
	-79.40251	39.24999
	-79.40196	39.25002
	-79.40142	39.25031
	-79.40109	39.25039
	-79.40031	39.25052
	-79.39999	39.25075
	-79.39958	39.2513
	-79.39919	39.25175
	-79.39878	39.25242
	-79.39836	39.25289
	-79.39836	39.25315
	-79.3984	39.25351
	-79.3985	39.25396
	-79.39858	39.25424
	-79.39876	39.25442
	-79.39914	39.25461
	-79.39941	39.25469
	-79.39941	39.25495
	-79.39921	39.25505
	-79.39883	39.25521
	-79.3986	39.25541
	-79.39797	39.25603
	-79.39772	39.25608
	-79.3975	39.25604
	-79.39705	39.25589
	-79.39649	39.25581
	-79.39612	39.25583
	-79.39581	39.25601
	-79.39559	39.25617
	-79.39501	39.25672
	-79.3945	39.25732
	-79.39425	39.25774
	-79.39413	39.25825
	-79.39405	39.25883
	-79.3937	39.26013
	-79.39354	39.26086
	-79.39329	39.26128
	-79.39301	39.26152
	-79.39274	39.2616
	-79.39256	39.26152
	-79.39239	39.26132
	-79.39201	39.26106
	-79.39146	39.26093
	-79.3909	39.26093
	-79.39037	39.26109
	-79.38989	39.26129
	-79.38959	39.26155
	-79.38947	39.26174
	-79.38922	39.26199
	-79.38874	39.26221
	-79.38841	39.26233
	-79.38811	39.26254
	-79.38785	39.26285
	-79.38723	39.2634
	-79.38715	39.26368
	-79.38707	39.26406
	-79.38705	39.26445
	-79.3869	39.26486
	-79.38697	39.26521
	-79.38697	39.26582
	-79.38718	39.26655
	-79.3875	39.26697
	-79.38757	39.26721
	-79.38705	39.26773
	-79.38645	39.26796
	-79.38576	39.26804
	-79.38539	39.26786
	-79.38483	39.26748
	-79.3843	39.26719
	-79.38327	39.26689
	-79.38251	39.26669
	-79.38191	39.26656
	-79.38148	39.26675
	-79.38139	39.26695
	-79.38129	39.2673
	-79.38128	39.2675
	-79.38098	39.26768
	-79.38085	39.26802
	-79.38071	39.26846
	-79.38042	39.26882
	-79.37983	39.26948
	-79.37939	39.27003
	-79.37917	39.27048
	-79.37895	39.27126
	-79.37864	39.27157
	-79.37806	39.27188
	-79.37748	39.27207
	-79.37677	39.27242
	-79.37599	39.27289
	-79.37552	39.27308
	-79.37477	39.27337
	-79.37403	39.27362
	-79.37343	39.27379
	-79.37283	39.27388
	-79.37071	39.27389
	-79.36931	39.27393
	-79.36822	39.27394
	-79.36733	39.27393
	-79.3668	39.274
	-79.36636	39.27411
	-79.36573	39.27437
	-79.36502	39.27454
	-79.36211	39.27464
	-79.36139	39.27471
	-79.36106	39.27487
	-79.36069	39.27514
	-79.36004	39.27538
	-79.35932	39.27559
	-79.35839	39.27584
	-79.3574	39.27606
	-79.35715	39.27616
	-79.35698	39.27623
	-79.35674	39.27649
	-79.35669	39.27678
	-79.35653	39.27723
	-79.35626	39.27759
	-79.35591	39.27787
	-79.35555	39.2779
	-79.3552	39.27787
	-79.35485	39.27777
	-79.35444	39.27763
	-79.35414	39.27769
	-79.35384	39.27785
	-79.35363	39.27821
	-79.35328	39.27891
	-79.35281	39.27947
	-79.35211	39.28003
	-79.35185	39.28038
	-79.35167	39.28116
	-79.35147	39.28153
	-79.35125	39.28233
	-79.35117	39.28301
	-79.35117	39.28387
	-79.35119	39.28449
	-79.35109	39.28485
	-79.35082	39.28512
	-79.3505	39.28515
	-79.34996	39.28514
	-79.3491	39.28496
	-79.34807	39.28463
	-79.34707	39.28436
	-79.34637	39.28435
	-79.34561	39.28442
	-79.34508	39.28464
	-79.34465	39.28486
	-79.34442	39.28518
	-79.34387	39.28601
	-79.34345	39.28651
	-79.34336	39.2868
	-79.34349	39.28711
	-79.3438	39.28741
	-79.34445	39.28808
	-79.34495	39.28885
	-79.34567	39.29004
	-79.34603	39.29028
	-79.34657	39.29051
	-79.34687	39.29062
	-79.34709	39.291
	-79.34704	39.29177
	-79.34696	39.29263
	-79.34676	39.29308
	-79.34636	39.29346
	-79.34593	39.29377
	-79.34553	39.29368
	-79.34495	39.29346
	-79.34467	39.29331
	-79.34331	39.29346
	-79.34273	39.29354
	-79.34062	39.29347
	-79.34012	39.29354
	-79.33979	39.29377
	-79.33951	39.29414
	-79.33916	39.2949
	-79.33879	39.29559
	-79.3383	39.29618
	-79.33748	39.29693
	-79.33636	39.29766
	-79.33567	39.29795
	-79.33506	39.29815
	-79.33455	39.29828
	-79.33405	39.29847
	-79.33345	39.29885
	-79.33292	39.29935
	-79.33262	39.29967
	-79.33221	39.29992
	-79.3318	39.29997
	-79.33166	39.29998
	-79.33152	39.29997
	-79.33117	39.29992
	-79.3302	39.29974
	-79.3293	39.2997
	-79.32881	39.2998
	-79.32824	39.30005
	-79.32778	39.30041
	-79.32721	39.30062
	-79.32642	39.3008
	-79.32599	39.30086
	-79.32512	39.30073
	-79.32428	39.30045
	-79.32234	39.29974
	-79.32174	39.29971
	-79.32121	39.29979
	-79.32076	39.29997
	-79.32044	39.30019
	-79.32005	39.30055
	-79.31982	39.30111
	-79.31963	39.30164
	-79.31935	39.30192
	-79.31889	39.30218
	-79.31844	39.30232
	-79.31824	39.30247
	-79.31806	39.30261
	-79.31733	39.30332
	-79.31686	39.30385
	-79.3164	39.30414
	-79.31437	39.30448
	-79.31337	39.30451
	-79.31285	39.30442
	-79.31251	39.3042
	-79.31222	39.30378
	-79.31179	39.30322
	-79.31141	39.3029
	-79.31086	39.30267
	-79.31001	39.30245
	-79.30837	39.30208
	-79.30776	39.30186
	-79.30741	39.30159
	-79.30606	39.30084
	-79.30527	39.30036
	-79.30419	39.29978
	-79.30363	39.29957
	-79.30313	39.29942
	-79.30265	39.29942
	-79.302	39.29949
	-79.30097	39.2997
	-79.29994	39.29982
	-79.2981	39.29984
	-79.29734	39.2998
	-79.29664	39.29973
	-79.29589	39.29948
	-79.29493	39.29914
	-79.29384	39.29883
	-79.29307	39.29875
	-79.29218	39.29877
	-79.29128	39.29884
	-79.2906	39.29897
	-79.29014	39.29926
	-79.28977	39.29975
	-79.28957	39.3003
	-79.28951	39.30082
	-79.28949	39.30151
	-79.28987	39.30252
	-79.28996	39.30294
	-79.28992	39.30342
	-79.28961	39.30389
	-79.28793	39.30553
	-79.28606	39.30715
	-79.28478	39.30831
	-79.28403	39.30902
	-79.2837	39.30947
	-79.28354	39.30986
	-79.2834	39.31051
	-79.2833	39.31118
	-79.28344	39.31161
	-79.28352	39.31207
	-79.28334	39.31272
	-79.28345	39.31318
	-79.28373	39.3139
	-79.28385	39.31433
	-79.2839	39.31505
	-79.28372	39.31569
	-79.28339	39.31639
	-79.28296	39.31704
	-79.28267	39.31754
	-79.28244	39.31826
	-79.28232	39.31912
	-79.28218	39.31967
	-79.28199	39.32011
	-79.28177	39.32039
	-79.28173	39.32052
	-79.28174	39.3208
	-79.28203	39.3212
	-79.28214	39.32188
	-79.28219	39.32247
	-79.28209	39.32282
	-79.28181	39.32315
	-79.28131	39.32345
	-79.28041	39.32382
	-79.2798	39.32404
	-79.27919	39.32428
	-79.27856	39.32456
	-79.27813	39.32493
	-79.27735	39.3255
	-79.27665	39.326
	-79.27587	39.32647
	-79.27544	39.32677
	-79.27511	39.32705
	-79.27475	39.3272
	-79.27395	39.32749
	-79.2729	39.32764
	-79.2719	39.32776
	-79.2709	39.32825
	-79.27031	39.32876
	-79.26975	39.32934
	-79.26935	39.32996
	-79.26922	39.33047
	-79.26922	39.33104
	-79.26927	39.33274
	-79.26925	39.33321
	-79.26933	39.33351
	-79.26925	39.33427
	-79.26928	39.33481
	-79.26914	39.33536
	-79.26863	39.33591
	-79.2683	39.33615
	-79.26789	39.33621
	-79.26744	39.33621
	-79.26674	39.33616
	-79.26624	39.33604
	-79.26561	39.33579
	-79.26423	39.33518
	-79.26366	39.33498
	-79.263	39.33481
	-79.2623	39.3346
	-79.26185	39.33455
	-79.26159	39.33451
	-79.26137	39.33446
	-79.2604	39.33417
	-79.25971	39.33423
	-79.25894	39.33436
	-79.25776	39.33473
	-79.2568	39.33517
	-79.25543	39.33576
	-79.25477	39.33621
	-79.25416	39.3367
	-79.25378	39.33705
	-79.25367	39.33747
	-79.25364	39.33803
	-79.25386	39.33843
	-79.25422	39.33899
	-79.25459	39.33926
	-79.25523	39.33957
	-79.2559	39.33994
	-79.25648	39.34034
	-79.25705	39.34092
	-79.25728	39.34158
	-79.25733	39.34221
	-79.25721	39.34281
	-79.25685	39.34341
	-79.25638	39.34398
	-79.25578	39.34434
	-79.25515	39.34464
	-79.2547	39.34512
	-79.25415	39.34574
	-79.25377	39.34653
	-79.2535	39.3476
	-79.25346	39.34839
	-79.2535	39.34908
	-79.25377	39.34994
	-79.25429	39.35092
	-79.25471	39.35163
	-79.25602	39.35367
	-79.25643	39.35436
	-79.25675	39.35507
	-79.25683	39.35574
	-79.25678	39.35636
	-79.25656	39.35679
	-79.25627	39.35702
	-79.25593	39.35719
	-79.25556	39.35725
	-79.25497	39.35717
	-79.25449	39.35684
	-79.2538	39.3565
	-79.25244	39.35575
	-79.25184	39.35548
	-79.25095	39.35534
	-79.24998	39.35538
	-79.24923	39.3555
	-79.24883	39.35587
	-79.24856	39.35617
	-79.24843	39.35645
	-79.24842	39.35669
	-79.24833	39.35699
	-79.24777	39.35736
	-79.24657	39.35795
	-79.2461	39.35798
	-79.24566	39.35812
	-79.24453	39.35867
	-79.24371	39.35889
	-79.24238	39.3593
	-79.24122	39.35945
	-79.24014	39.35951
	-79.23972	39.35947
	-79.23942	39.35934
	-79.23911	39.35912
	-79.23851	39.35873
	-79.23849	39.35873
	-79.23804	39.35852
	-79.23712	39.35837
	-79.23648	39.35831
	-79.23518	39.35848
	-79.23462	39.35873
	-79.23382	39.35895
	-79.23341	39.35921
	-79.23301	39.35957
	-79.23264	39.36007
	-79.23234	39.36055
	-79.23214	39.36109
	-79.23198	39.3616
	-79.23197	39.36209
	-79.23203	39.36278
	-79.232	39.36353
	-79.23186	39.36407
	-79.23159	39.36458
	-79.23121	39.36478
	-79.23086	39.36493
	-79.23041	39.36483
	-79.22995	39.36466
	-79.2293	39.36445
	-79.22887	39.36439
	-79.22778	39.36437
	-79.22533	39.36415
	-79.22434	39.36402
	-79.22371	39.36389
	-79.22265	39.36355
	-79.2218	39.36332
	-79.22165	39.3633
	-79.22087	39.36314
	-79.22029	39.36308
	-79.21996	39.36316
	-79.21966	39.36329
	-79.21932	39.36332
	-79.21864	39.36331
	-79.21821	39.36327
	-79.2171	39.36327
	-79.21605	39.36332
	-79.21547	39.36339
	-79.21507	39.36335
	-79.21454	39.36334
	-79.21415	39.36343
	-79.21384	39.36366
	-79.21352	39.36411
	-79.21336	39.36466
	-79.21323	39.36535
	-79.21312	39.36628
	-79.21316	39.36837
	-79.21314	39.369
	-79.21294	39.36962
	-79.21252	39.37028
	-79.21188	39.371
	-79.21118	39.37142
	-79.2104	39.3717
	-79.20961	39.37205
	-79.20843	39.37289
	-79.2076	39.37339
	-79.20694	39.37403
	-79.20619	39.37466
	-79.20551	39.37543
	-79.20356	39.37738
	-79.20271	39.37835
	-79.20207	39.37926
	-79.2016	39.38002
	-79.2013	39.38071
	-79.20092	39.38126
	-79.20059	39.38157
	-79.20037	39.38186
	-79.20006	39.38242
	-79.19972	39.38318
	-79.19934	39.38463
	-79.19921	39.3853
	-79.19904	39.38581
	-79.19871	39.38633
	-79.19842	39.38689
	-79.19813	39.38761
	-79.19786	39.3881
	-79.19746	39.38832
	-79.19705	39.38845
	-79.19554	39.3887
	-79.1948	39.38872
	-79.19399	39.38865
	-79.19322	39.38849
	-79.19249	39.38828
	-79.19144	39.38764
	-79.19073	39.38732
	-79.19026	39.38697
	-79.18973	39.38646
	-79.18898	39.38596
	-79.18795	39.38571
	-79.18719	39.38543
	-79.18622	39.38518
	-79.18546	39.38513
	-79.18439	39.38518
	-79.1837	39.38525
	-79.18301	39.38538
	-79.18247	39.38561
	-79.18175	39.38602
	-79.18099	39.38656
	-79.17887	39.38829
	-79.17851	39.38855
	-79.17809	39.38877
	-79.17735	39.38899
	-79.1771	39.38912
	-79.1769	39.38937
	-79.177	39.38976
	-79.17718	39.39013
	-79.17759	39.39057
	-79.17801	39.39108
	-79.17855	39.39162
	-79.1793	39.39217
	-79.18014	39.39318
	-79.18112	39.39417
	-79.18142	39.39473
	-79.18142	39.395
	-79.1812	39.39537
	-79.18072	39.39575
	-79.18012	39.39608
	-79.17949	39.39628
	-79.17869	39.3965
	-79.17811	39.39661
	-79.17731	39.39668
	-79.17693	39.39662
	-79.17643	39.39643
	-79.17543	39.3959
	-79.17478	39.39548
	-79.1743	39.39514
	-79.17397	39.39459
	-79.17334	39.39365
	-79.17274	39.39291
	-79.17231	39.39221
	-79.17169	39.39145
	-79.17013	39.39016
	-79.16755	39.38822
	-79.16629	39.38748
	-79.16542	39.38714
	-79.16479	39.3871
	-79.16431	39.38716
	-79.16371	39.38732
	-79.16295	39.38765
	-79.1623	39.38802
	-79.16182	39.38851
	-79.16148	39.38892
	-79.16135	39.38944
	-79.16132	39.39005
	-79.16148	39.39084
	-79.16175	39.39139
	-79.16245	39.39255
	-79.1635	39.39387
	-79.16416	39.39465
	-79.16441	39.39503
	-79.16488	39.39527
	-79.16531	39.39544
	-79.16542	39.39558
	-79.16559	39.39652
	-79.16599	39.39808
	-79.16636	39.39931
	-79.16654	39.40032
	-79.16654	39.4009
	-79.16636	39.40148
	-79.16611	39.40199
	-79.16551	39.40336
	-79.16508	39.40401
	-79.16489	39.40449
	-79.16475	39.40498
	-79.16453	39.40538
	-79.16423	39.40575
	-79.16365	39.40624
	-79.16293	39.40672
	-79.1622	39.40709
	-79.16172	39.40718
	-79.16142	39.4072
	-79.16104	39.40741
	-79.16054	39.40773
	-79.16024	39.408
	-79.15979	39.40868
	-79.15937	39.40939
	-79.15912	39.40998
	-79.15894	39.41051
	-79.15887	39.41119
	-79.159	39.41202
	-79.15907	39.41292
	-79.15922	39.41364
	-79.15956	39.4144
	-79.15999	39.41517
	-79.16014	39.41568
	-79.16007	39.41613
	-79.15991	39.4164
	-79.15951	39.41679
	-79.15869	39.41713
	-79.15797	39.41739
	-79.15623	39.41792
	-79.15553	39.41815
	-79.15518	39.41815
	-79.15473	39.41805
	-79.15389	39.41794
	-79.15321	39.41769
	-79.15219	39.41744
	-79.15126	39.41692
	-79.1506	39.41636
	-79.15006	39.41558
	-79.14988	39.41494
	-79.14966	39.41406
	-79.14951	39.41321
	-79.1495	39.41207
	-79.14953	39.41117
	-79.14938	39.4103
	-79.14919	39.40949
	-79.14918	39.40894
	-79.14928	39.4084
	-79.14941	39.4079
	-79.14971	39.40746
	-79.14995	39.40701
	-79.15003	39.40637
	-79.14986	39.40582
	-79.14953	39.40535
	-79.14905	39.405
	-79.14835	39.40478
	-79.1476	39.40457
	-79.14679	39.40447
	-79.14554	39.40455
	-79.14499	39.40476
	-79.14415	39.40498
	-79.14326	39.40525
	-79.14293	39.40548
	-79.14195	39.40669
	-79.14147	39.40742
	-79.14122	39.40805
	-79.14102	39.40878
	-79.14099	39.40929
	-79.141	39.40991
	-79.1411	39.41056
	-79.14158	39.4121
	-79.14163	39.41284
	-79.14192	39.415
	-79.14222	39.41577
	-79.14225	39.41613
	-79.14215	39.41671
	-79.14173	39.41707
	-79.14115	39.41744
	-79.14087	39.41755
	-79.14015	39.41779
	-79.13961	39.41787
	-79.13927	39.41794
	-79.13859	39.41829
	-79.13804	39.41846
	-79.13708	39.4187
	-79.13638	39.41871
	-79.13573	39.41867
	-79.13478	39.41846
	-79.1339	39.4182
	-79.13277	39.41797
	-79.13207	39.41767
	-79.13174	39.41762
	-79.13141	39.41766
	-79.13111	39.41758
	-79.13058	39.41739
	-79.12993	39.41712
	-79.12935	39.41713
	-79.12862	39.41721
	-79.1282	39.41738
	-79.12789	39.41757
	-79.12754	39.41781
	-79.12742	39.41812
	-79.1274	39.41832
	-79.12785	39.41875
	-79.12787	39.419
	-79.1276	39.41933
	-79.12735	39.41971
	-79.12727	39.42014
	-79.12722	39.42068
	-79.12704	39.42119
	-79.12704	39.42165
	-79.12719	39.42231
	-79.12735	39.42278
	-79.12759	39.42311
	-79.12794	39.42323
	-79.12829	39.42341
	-79.12842	39.42389
	-79.12865	39.42449
	-79.12893	39.42503
	-79.12897	39.42542
	-79.12918	39.42562
	-79.12928	39.42589
	-79.1294	39.42664
	-79.12943	39.42706
	-79.12947	39.42789
	-79.12945	39.42865
	-79.12917	39.42933
	-79.12885	39.42965
	-79.12827	39.43011
	-79.12764	39.43046
	-79.12685	39.43075
	-79.12606	39.43114
	-79.12551	39.43148
	-79.12509	39.43172
	-79.12501	39.43202
	-79.12484	39.43233
	-79.12463	39.43278
	-79.12416	39.43322
	-79.12382	39.43332
	-79.12148	39.4332
	-79.12074	39.43304
	-79.11997	39.43276
	-79.11879	39.43244
	-79.11763	39.4322
	-79.11617	39.43175
	-79.11314	39.43094
	-79.11251	39.43082
	-79.11224	39.43086
	-79.11109	39.43167
	-79.11073	39.432
	-79.11064	39.43231
	-79.11068	39.43281
	-79.11099	39.43367
	-79.11131	39.43433
	-79.11176	39.43499
	-79.11234	39.43557
	-79.11302	39.43614
	-79.11397	39.43664
	-79.1148	39.43699
	-79.11563	39.4374
	-79.11633	39.43785
	-79.11671	39.43813
	-79.11686	39.43846
	-79.11689	39.43894
	-79.11681	39.43932
	-79.11658	39.43975
	-79.11621	39.44099
	-79.11595	39.4416
	-79.1156	39.44202
	-79.1146	39.44278
	-79.11425	39.44315
	-79.11385	39.44351
	-79.11316	39.44394
	-79.1123	39.44436
	-79.11198	39.44453
	-79.11079	39.4451
	-79.11013	39.44535
	-79.10961	39.44541
	-79.10915	39.44538
	-79.10868	39.44544
	-79.10807	39.44567
	-79.10757	39.44597
	-79.10713	39.44648
	-79.10665	39.44683
	-79.10599	39.44726
	-79.10496	39.4479
	-79.10417	39.44852
	-79.1037	39.449
	-79.10336	39.44951
	-79.10291	39.45045
	-79.10276	39.4509
	-79.10271	39.4514
	-79.10271	39.45179
	-79.10247	39.45269
	-79.1025	39.45318
	-79.10259	39.45349
	-79.10265	39.45366
	-79.10308	39.45463
	-79.10303	39.45488
	-79.10275	39.45514
	-79.10237	39.45536
	-79.10213	39.4556
	-79.10205	39.45583
	-79.10195	39.45635
	-79.10188	39.45696
	-79.10197	39.45722
	-79.1023	39.45754
	-79.10286	39.45768
	-79.10348	39.45766
	-79.10439	39.45761
	-79.10549	39.45748
	-79.10772	39.45699
	-79.10822	39.45696
	-79.10852	39.4571
	-79.10868	39.45736
	-79.10877	39.45771
	-79.10875	39.4582
	-79.10862	39.45866
	-79.10845	39.45913
	-79.10821	39.46023
	-79.10808	39.46074
	-79.10793	39.46122
	-79.10764	39.46153
	-79.1071	39.46198
	-79.10657	39.46247
	-79.10602	39.46273
	-79.10513	39.46296
	-79.10441	39.46306
	-79.10358	39.46309
	-79.10276	39.46303
	-79.10213	39.46293
	-79.10147	39.46287
	-79.10082	39.46287
	-79.10042	39.46282
	-79.09984	39.46251
	-79.09929	39.46244
	-79.09749	39.46232
	-79.09678	39.46232
	-79.09605	39.46247
	-79.09562	39.46269
	-79.09525	39.46306
	-79.09515	39.46345
	-79.09512	39.46374
	-79.09457	39.46475
	-79.09458	39.46497
	-79.09475	39.4654
	-79.09511	39.46602
	-79.0955	39.46654
	-79.0959	39.46724
	-79.09655	39.46785
	-79.09723	39.46826
	-79.09781	39.46866
	-79.09834	39.46873
	-79.09944	39.46865
	-79.09992	39.46863
	-79.1006	39.46867
	-79.10104	39.46873
	-79.10137	39.46894
	-79.10313	39.46959
	-79.10368	39.46995
	-79.10436	39.47053
	-79.10489	39.47138
	-79.10526	39.47201
	-79.10549	39.47257
	-79.10557	39.4731
	-79.10557	39.47363
	-79.10544	39.47402
	-79.10513	39.47429
	-79.10484	39.47476
	-79.10406	39.47554
	-79.1035	39.47586
	-79.10266	39.47623
	-79.10168	39.47663
	-79.10099	39.47688
	-79.10035	39.47701
	-79.09994	39.47691
	-79.09909	39.4766
	-79.09773	39.47613
	-79.09658	39.47557
	-79.09553	39.47501
	-79.09482	39.47461
	-79.09341	39.47347
	-79.09269	39.47307
	-79.09191	39.47272
	-79.09095	39.47241
	-79.08888	39.47185
	-79.08785	39.4717
	-79.0866	39.47158
	-79.08581	39.47157
	-79.08508	39.47151
	-79.08368	39.47136
	-79.08304	39.4714
	-79.08137	39.47171
	-79.08027	39.47202
	-79.07889	39.4723
	-79.07779	39.47254
	-79.07631	39.47283
	-79.07567	39.47305
	-79.07452	39.47337
	-79.07359	39.4736
	-79.07301	39.47379
	-79.07242	39.47383
	-79.07118	39.47383
	-79.07071	39.47396
	-79.07008	39.47416
	-79.06973	39.47433
	-79.0695	39.47437
	-79.06907	39.47439
	-79.06867	39.47437
	-79.06838	39.47468
	-79.06808	39.47503
	-79.06797	39.47529
	-79.06775	39.47592
	-79.06774	39.4774
	-79.06777	39.47767
	-79.06785	39.478
	-79.06817	39.47836
	-79.06835	39.47867
	-79.06832	39.479
	-79.06833	39.47922
	-79.06825	39.47953
	-79.06812	39.47977
	-79.06769	39.48004
	-79.06742	39.48008
	-79.067	39.48009
	-79.06649	39.47998
	-79.06599	39.47976
	-79.06535	39.47943
	-79.06435	39.47844
	-79.06331	39.47681
	-79.06194	39.47448
	-79.06152	39.47362
	-79.06129	39.47289
	-79.06088	39.47187
	-79.06056	39.47155
	-79.05983	39.47143
	-79.05956	39.47132
	-79.05916	39.47121
	-79.05862	39.47091
	-79.05802	39.47074
	-79.05725	39.47057
	-79.05664	39.47061
	-79.05613	39.47073
	-79.05578	39.47105
	-79.05539	39.47144
	-79.05498	39.47214
	-79.05467	39.47303
	-79.05441	39.47422
	-79.0539	39.4771
	-79.05354	39.47884
	-79.05346	39.48009
	-79.05333	39.48067
	-79.05311	39.48114
	-79.0525	39.48183
	-79.05185	39.48231
	-79.05144	39.48256
	-79.0507	39.48292
	-79.0501	39.48317
	-79.04931	39.48332
	-79.04844	39.48339
	-79.04766	39.48342
	-79.04761	39.48342
	-79.04677	39.48326
	-79.04632	39.48293
	-79.04569	39.4822
	-79.04548	39.48182
	-79.04519	39.48096
	-79.04491	39.48023
	-79.04461	39.47978
	-79.04406	39.47951
	-79.04314	39.47917
	-79.04168	39.47874
	-79.0401	39.47816
	-79.03899	39.47759
	-79.03817	39.47708
	-79.03739	39.47675
	-79.03695	39.47658
	-79.03671	39.47626
	-79.03643	39.47571
	-79.03626	39.47494
	-79.03611	39.47401
	-79.03601	39.47363
	-79.03582	39.47304
	-79.03581	39.47244
	-79.03588	39.47205
	-79.03611	39.47123
	-79.03593	39.47072
	-79.0352	39.46923
	-79.03462	39.4681
	-79.03395	39.46722
	-79.03314	39.46655
	-79.03184	39.46578
	-79.03034	39.46501
	-79.02963	39.46483
	-79.02887	39.46479
	-79.02796	39.46482
	-79.0267	39.46503
	-79.02407	39.46563
	-79.02265	39.46601
	-79.02205	39.4662
	-79.02185	39.4664
	-79.02159	39.46656
	-79.02108	39.46671
	-79.01984	39.46727
	-79.01895	39.46765
	-79.01838	39.46773
	-79.01793	39.46756
	-79.0175	39.46727
	-79.01703	39.46691
	-79.0165	39.46623
	-79.01589	39.46572
	-79.01501	39.46514
	-79.01456	39.46504
	-79.01421	39.46475
	-79.01373	39.46398
	-79.0135	39.46383
	-79.0132	39.46361
	-79.01225	39.46288
	-79.01148	39.46224
	-79.01097	39.46146
	-79.01057	39.46101
	-79.01015	39.46079
	-79.00926	39.46053
	-79.00848	39.46032
	-79.00803	39.46014
	-79.00703	39.45958
	-79.00623	39.45934
	-79.00532	39.45925
	-79.00469	39.45915
	-79.00427	39.45905
	-79.00365	39.45879
	-79.00319	39.45852
	-79.00236	39.45829
	-79.0017	39.45798
	-79.00087	39.45744
	-79.00003	39.45685
	-78.99972	39.45657
	-78.99957	39.45638
	-78.99934	39.4564
	-78.99922	39.45649
	-78.99884	39.45652
	-78.99829	39.45635
	-78.99777	39.45594
	-78.99724	39.45547
	-78.99696	39.45518
	-78.99669	39.455
	-78.99644	39.45494
	-78.99583	39.45476
	-78.99488	39.45453
	-78.99404	39.45416
	-78.99289	39.45372
	-78.99163	39.45319
	-78.99097	39.45287
	-78.99037	39.45255
	-78.99047	39.45237
	-78.99005	39.45232
	-78.98979	39.45215
	-78.98922	39.45213
	-78.98854	39.45195
	-78.98777	39.45177
	-78.9868	39.45161
	-78.98574	39.45141
	-78.98501	39.45116
	-78.98302	39.45038
	-78.98156	39.44986
	-78.98051	39.44958
	-78.97983	39.44948
	-78.97939	39.44944
	-78.97913	39.4493
	-78.97889	39.44907
	-78.97818	39.44865
	-78.97748	39.44806
	-78.97648	39.44725
	-78.97518	39.44623
	-78.97428	39.4454
	-78.97376	39.44504
	-78.97251	39.44436
	-78.97151	39.44393
	-78.97095	39.44387
	-78.9699	39.44339
	-78.9695	39.44314
	-78.9693	39.44286
	-78.96915	39.44227
	-78.9691	39.44182
	-78.96895	39.44144
	-78.96851	39.44088
	-78.96737	39.43988
	-78.96674	39.43939
	-78.96632	39.43889
	-78.9659	39.43849
	-78.96545	39.43821
	-78.96502	39.43816
	-78.96458	39.43813
	-78.96423	39.43829
	-78.96388	39.43842
	-78.96367	39.43877
	-78.96335	39.43899
	-78.96298	39.43911
	-78.96247	39.4392
	-78.96179	39.43934
	-78.96107	39.43939
	-78.96049	39.43946
	-78.95859	39.43986
	-78.95772	39.43991
	-78.95714	39.44
	-78.95635	39.44038
	-78.95603	39.44066
	-78.95564	39.44104
	-78.95547	39.4414
	-78.95547	39.44173
	-78.95559	39.44203
	-78.95562	39.44231
	-78.95554	39.44334
	-78.95552	39.4438
	-78.95564	39.44411
	-78.95559	39.44469
	-78.95566	39.44532
	-78.95581	39.44613
	-78.95596	39.44741
	-78.95586	39.4476
	-78.95592	39.44782
	-78.95612	39.44796
	-78.95677	39.44817
	-78.95732	39.44837
	-78.95779	39.44865
	-78.9582	39.44895
	-78.95842	39.44922
	-78.95889	39.44944
	-78.95959	39.4498
	-78.96009	39.4502
	-78.96049	39.45063
	-78.96054	39.45098
	-78.96034	39.45118
	-78.96012	39.45147
	-78.9597	39.45164
	-78.9592	39.45172
	-78.95872	39.45184
	-78.95812	39.4521
	-78.9574	39.45224
	-78.95682	39.45233
	-78.95639	39.45251
	-78.95586	39.45285
	-78.95531	39.4531
	-78.95467	39.45367
	-78.95439	39.45416
	-78.95432	39.45457
	-78.95447	39.45484
	-78.95496	39.45516
	-78.95522	39.45526
	-78.95537	39.45564
	-78.95564	39.45608
	-78.95599	39.45659
	-78.95642	39.45694
	-78.95684	39.45709
	-78.95725	39.45753
	-78.95789	39.45813
	-78.95859	39.459
	-78.95895	39.45956
	-78.95927	39.46017
	-78.95939	39.46085
	-78.95937	39.46137
	-78.95919	39.46213
	-78.95869	39.4627
	-78.95822	39.46305
	-78.9577	39.46335
	-78.95737	39.46366
	-78.95692	39.46384
	-78.95636	39.46389
	-78.95579	39.46386
	-78.95517	39.46368
	-78.95452	39.46365
	-78.95361	39.46369
	-78.95282	39.46388
	-78.95186	39.46405
	-78.95147	39.46428
	-78.95077	39.46473
	-78.95009	39.46513
	-78.94854	39.46575
	-78.94759	39.46589
	-78.94684	39.46612
	-78.94639	39.4663
	-78.94564	39.46699
	-78.94537	39.46718
	-78.94499	39.46758
	-78.94363	39.4686
	-78.94241	39.46955
	-78.94186	39.47003
	-78.94138	39.47065
	-78.94086	39.47128
	-78.94015	39.47246
	-78.9398	39.473
	-78.93887	39.47404
	-78.93876	39.47437
	-78.93878	39.47458
	-78.93902	39.47497
	-78.93934	39.47542
	-78.93971	39.47564
	-78.94018	39.47578
	-78.94046	39.47603
	-78.94058	39.47637
	-78.94055	39.47656
	-78.94063	39.47661
	-78.94076	39.47643
	-78.94093	39.47632
	-78.94118	39.47641
	-78.94148	39.47668
	-78.9417	39.4771
	-78.94178	39.47768
	-78.94191	39.47831
	-78.94215	39.47884
	-78.94254	39.47959
	-78.94258	39.47994
	-78.94255	39.48051
	-78.94223	39.48096
	-78.94188	39.48123
	-78.94152	39.48144
	-78.94108	39.4816
	-78.94081	39.48182
	-78.94064	39.48202
	-78.94051	39.48224
	-78.93955	39.48299
	-78.93828	39.48367
	-78.93738	39.48403
	-78.93667	39.48436
	-78.9361	39.48451
	-78.93592	39.48469
	-78.93572	39.48502
	-78.93537	39.48541
	-78.93503	39.48574
	-78.93425	39.48615
	-78.93378	39.48626
	-78.93328	39.48633
	-78.93212	39.4866
	-78.93107	39.48677
	-78.9295	39.48691
	-78.92835	39.48711
	-78.92733	39.48714
	-78.92527	39.48717
	-78.92437	39.48708
	-78.92263	39.48679
	-78.92021	39.48636
	-78.91806	39.48591
	-78.91773	39.48588
	-78.91726	39.48595
	-78.91694	39.48614
	-78.91663	39.48649
	-78.91608	39.48724
	-78.91464	39.48987
	-78.91421	39.49086
	-78.91411	39.4915
	-78.91415	39.49219
	-78.91398	39.49287
	-78.91371	39.49348
	-78.91331	39.4942
	-78.91271	39.49471
	-78.91216	39.49506
	-78.91146	39.49521
	-78.91071	39.49546
	-78.90985	39.49588
	-78.90903	39.49641
	-78.90854	39.49696
	-78.90695	39.49912
	-78.90545	39.50129
	-78.90457	39.50272
	-78.90402	39.50399
	-78.90363	39.50515
	-78.90365	39.50599
	-78.90387	39.50708
	-78.90423	39.50849
	-78.90448	39.50917
	-78.90472	39.50962
	-78.90512	39.51023
	-78.90537	39.51071
	-78.90543	39.51116
	-78.90537	39.51161
	-78.90497	39.51197
	-78.90453	39.51226
	-78.9038	39.51259
	-78.90315	39.51276
	-78.90212	39.51276
	-78.8999	39.51257
	-78.89859	39.51244
	-78.89709	39.51244
	-78.89564	39.51255
	-78.89467	39.51256
	-78.89406	39.51266
	-78.89362	39.51281
	-78.89306	39.51313
	-78.89237	39.51394
	-78.89194	39.51499
	-78.89149	39.51678
	-78.89122	39.51804
	-78.89129	39.51843
	-78.89142	39.51895
	-78.89186	39.51975
	-78.89248	39.52078
	-78.89297	39.52174
	-78.89322	39.52273
	-78.89322	39.52292
	-78.89319	39.52358
	-78.89287	39.52417
	-78.89237	39.52454
	-78.89171	39.52485
	-78.89092	39.52495
	-78.89044	39.52499
	-78.88974	39.52508
	-78.88928	39.52504
	-78.88894	39.52498
	-78.88864	39.52472
	-78.88821	39.52418
	-78.88781	39.52355
	-78.88739	39.52313
	-78.88681	39.52285
	-78.88599	39.52265
	-78.88541	39.52253
	-78.88475	39.52246
	-78.88379	39.52241
	-78.88241	39.52219
	-78.88161	39.52201
	-78.88098	39.52177
	-78.88006	39.52147
	-78.87955	39.52133
	-78.87868	39.52126
	-78.87803	39.52136
	-78.87701	39.52158
	-78.87609	39.52191
	-78.87535	39.52231
	-78.87476	39.52276
	-78.87445	39.52324
	-78.87398	39.52432
	-78.87312	39.52586
	-78.8726	39.52673
	-78.8723	39.52709
	-78.87204	39.52728
	-78.87152	39.52801
	-78.87107	39.52879
	-78.87075	39.52951
	-78.87012	39.53045
	-78.86954	39.53118
	-78.86934	39.53167
	-78.86913	39.53211
	-78.86912	39.53215
	-78.8692	39.53253
	-78.86934	39.53291
	-78.86967	39.5336
	-78.87022	39.53423
	-78.87059	39.5345
	-78.87082	39.53474
	-78.87074	39.53496
	-78.8708	39.53562
	-78.87097	39.53695
	-78.87077	39.53837
	-78.87052	39.53878
	-78.87004	39.53902
	-78.86949	39.53924
	-78.86875	39.53942
	-78.8677	39.53965
	-78.86672	39.53984
	-78.86542	39.54029
	-78.86499	39.54046
	-78.86472	39.54043
	-78.86396	39.54072
	-78.86351	39.54081
	-78.86301	39.54073
	-78.86259	39.54073
	-78.86199	39.54081
	-78.86151	39.54093
	-78.86122	39.54123
	-78.86088	39.54183
	-78.86048	39.54221
	-78.85996	39.5426
	-78.85968	39.54289
	-78.85893	39.54358
	-78.8583	39.54441
	-78.85673	39.54609
	-78.85533	39.5475
	-78.85416	39.54881
	-78.85248	39.55057
	-78.85193	39.55121
	-78.85185	39.55158
	-78.85181	39.55206
	-78.8515	39.55323
	-78.85128	39.55374
	-78.8512	39.554
	-78.8512	39.55451
	-78.85101	39.55505
	-78.85071	39.55647
	-78.85075	39.55691
	-78.85087	39.55742
	-78.85085	39.55821
	-78.851	39.55841
	-78.85126	39.55864
	-78.85151	39.55902
	-78.85153	39.55934
	-78.8513	39.55961
	-78.85101	39.55989
	-78.8507	39.5603
	-78.85	39.56083
	-78.84947	39.56111
	-78.84853	39.56164
	-78.84805	39.56201
	-78.8475	39.56223
	-78.8468	39.56254
	-78.84615	39.56272
	-78.84567	39.56268
	-78.84505	39.56233
	-78.84453	39.5622
	-78.84418	39.56232
	-78.84373	39.56243
	-78.84365	39.5625
	-78.84295	39.563
	-78.84242	39.56315
	-78.84219	39.56344
	-78.84194	39.56391
	-78.84165	39.5644
	-78.8412	39.56505
	-78.84082	39.56554
	-78.84032	39.56596
	-78.83961	39.56671
	-78.83918	39.56696
	-78.83847	39.56708
	-78.83774	39.56707
	-78.83717	39.56695
	-78.83537	39.5663
	-78.83386	39.56585
	-78.83222	39.5655
	-78.83108	39.56531
	-78.83001	39.56505
	-78.82929	39.56468
	-78.82876	39.56445
	-78.82836	39.56422
	-78.82812	39.56379
	-78.82756	39.56319
	-78.82704	39.56296
	-78.82593	39.56238
	-78.82479	39.56188
	-78.82425	39.56159
	-78.82368	39.56137
	-78.82305	39.56124
	-78.8225	39.56097
	-78.82216	39.56073
	-78.82165	39.56047
	-78.82113	39.56039
	-78.82077	39.56046
	-78.82035	39.56061
	-78.82001	39.56084
	-78.81943	39.56105
	-78.81872	39.5611
	-78.818	39.56118
	-78.81748	39.56129
	-78.81725	39.56151
	-78.81683	39.56179
	-78.81642	39.56224
	-78.8157	39.5629
	-78.81528	39.56359
	-78.81481	39.56417
	-78.81437	39.56479
	-78.81413	39.56522
	-78.81382	39.56589
	-78.81349	39.56638
	-78.8134	39.56656
	-78.81332	39.56675
	-78.81325	39.56728
	-78.81337	39.56775
	-78.81374	39.56824
	-78.81425	39.5691
	-78.81448	39.56969
	-78.81446	39.57022
	-78.81467	39.57095
	-78.81487	39.57128
	-78.81556	39.57202
	-78.81615	39.57242
	-78.81675	39.5728
	-78.81712	39.57322
	-78.8176	39.5737
	-78.8182	39.57415
	-78.81872	39.57475
	-78.81878	39.57511
	-78.8191	39.57544
	-78.81955	39.57584
	-78.81998	39.57626
	-78.82035	39.57654
	-78.82101	39.57673
	-78.82173	39.57682
	-78.82225	39.57678
	-78.82275	39.57657
	-78.82287	39.57654
	-78.82323	39.57648
	-78.82367	39.57646
	-78.82451	39.57655
	-78.82526	39.5766
	-78.82571	39.57675
	-78.82596	39.5769
	-78.82606	39.57722
	-78.8261	39.57752
	-78.82609	39.57795
	-78.82584	39.57924
	-78.82576	39.58008
	-78.82589	39.5806
	-78.82616	39.58145
	-78.82634	39.58193
	-78.82646	39.58273
	-78.82641	39.58327
	-78.82628	39.58382
	-78.82626	39.58456
	-78.82606	39.58534
	-78.82594	39.58594
	-78.82594	39.58714
	-78.82599	39.58789
	-78.8259	39.5885
	-78.82582	39.58885
	-78.82579	39.58895
	-78.82561	39.58936
	-78.82525	39.58978
	-78.8248	39.59015
	-78.82372	39.59022
	-78.82313	39.59012
	-78.82256	39.59006
	-78.82203	39.59006
	-78.82126	39.5901
	-78.8205	39.59018
	-78.81995	39.59012
	-78.81961	39.59005
	-78.81903	39.59008
	-78.81885	39.59023
	-78.81805	39.59132
	-78.8178	39.59169
	-78.81782	39.59198
	-78.81788	39.59237
	-78.81802	39.59281
	-78.81833	39.59352
	-78.8183	39.5938
	-78.8182	39.59401
	-78.81807	39.59417
	-78.81775	39.59442
	-78.81675	39.59485
	-78.81528	39.59564
	-78.81468	39.59588
	-78.81428	39.59594
	-78.81358	39.59625
	-78.81314	39.59691
	-78.81282	39.59719
	-78.81203	39.59772
	-78.81193	39.59801
	-78.81189	39.59839
	-78.8121	39.59916
	-78.81219	39.59956
	-78.81219	39.60004
	-78.81195	39.60056
	-78.81149	39.60143
	-78.81095	39.60318
	-78.8107	39.60371
	-78.81032	39.60441
	-78.80997	39.60513
	-78.80972	39.60584
	-78.8095	39.60633
	-78.80942	39.60697
	-78.80937	39.60758
	-78.80932	39.60788
	-78.80907	39.60812
	-78.80868	39.60827
	-78.80837	39.60823
	-78.80799	39.6081
	-78.80767	39.6079
	-78.80679	39.60741
	-78.80658	39.60732
	-78.80637	39.60724
	-78.80556	39.60707
	-78.80351	39.60699
	-78.80234	39.60696
	-78.80172	39.6069
	-78.80144	39.60676
	-78.80118	39.60651
	-78.80094	39.6062
	-78.80073	39.60575
	-78.80053	39.60544
	-78.80015	39.60516
	-78.79968	39.605
	-78.79901	39.6049
	-78.79811	39.60485
	-78.79768	39.60494
	-78.79731	39.60509
	-78.79674	39.60548
	-78.79628	39.60597
	-78.79593	39.60655
	-78.79564	39.6071
	-78.79543	39.60762
	-78.79529	39.60822
	-78.79523	39.60876
	-78.79517	39.60998
	-78.79571	39.61308
	-78.79597	39.6141
	-78.796	39.61457
	-78.79606	39.61496
	-78.79619	39.6154
	-78.79641	39.61581
	-78.79711	39.61633
	-78.79724	39.61668
	-78.79737	39.61788
	-78.79738	39.61849
	-78.79755	39.61914
	-78.79799	39.62003
	-78.79859	39.62093
	-78.79909	39.62157
	-78.79951	39.62222
	-78.79983	39.62285
	-78.79993	39.62313
	-78.80003	39.62342
	-78.80012	39.62394
	-78.80024	39.6243
	-78.80061	39.62479
	-78.80089	39.62512
	-78.80103	39.62535
	-78.80108	39.62538
	-78.80122	39.6257
	-78.80149	39.62646
	-78.80156	39.62679
	-78.80156	39.62726
	-78.80163	39.62751
	-78.80164	39.62768
	-78.8016	39.6279
	-78.80154	39.62811
	-78.8014	39.62839
	-78.80134	39.62845
	-78.80129	39.62857
	-78.80119	39.62868
	-78.80093	39.62886
	-78.80082	39.6289
	-78.80056	39.6289
	-78.80036	39.62888
	-78.80007	39.6288
	-78.7995	39.62871
	-78.79917	39.62869
	-78.79838	39.62873
	-78.79818	39.62877
	-78.79795	39.62889
	-78.79765	39.62914
	-78.79748	39.62931
	-78.7974	39.62946
	-78.79723	39.63003
	-78.79722	39.63045
	-78.79713	39.63084
	-78.79713	39.63127
	-78.79702	39.63172
	-78.79661	39.63273
	-78.79667	39.63293
	-78.79662	39.63337
	-78.79665	39.6342
	-78.79664	39.63453
	-78.79656	39.63513
	-78.79639	39.63551
	-78.79601	39.63675
	-78.79575	39.63713
	-78.79541	39.63749
	-78.79508	39.63768
	-78.79471	39.63779
	-78.79441	39.63775
	-78.79403	39.63759
	-78.79382	39.63744
	-78.79364	39.63743
	-78.79312	39.63736
	-78.79277	39.6375
	-78.79254	39.63766
	-78.79223	39.63783
	-78.79163	39.63811
	-78.79126	39.63822
	-78.79077	39.63828
	-78.7903	39.63817
	-78.78823	39.63755
	-78.78624	39.63707
	-78.78474	39.63679
	-78.7837	39.63665
	-78.78292	39.63662
	-78.78222	39.63665
	-78.78182	39.63669
	-78.78143	39.63676
	-78.78119	39.63685
	-78.78068	39.63735
	-78.78016	39.6382
	-78.77962	39.63904
	-78.7795	39.63932
	-78.77932	39.6396
	-78.77896	39.64004
	-78.77849	39.64084
	-78.77833	39.64105
	-78.77811	39.64161
	-78.7777	39.64248
	-78.77759	39.64284
	-78.77744	39.64324
	-78.77718	39.6438
	-78.77672	39.64452
	-78.77637	39.64493
	-78.776	39.64526
	-78.77555	39.64554
	-78.77528	39.64566
	-78.77445	39.64587
	-78.77391	39.6459
	-78.7734	39.64595
	-78.77264	39.64597
	-78.77213	39.64595
	-78.77143	39.64595
	-78.77083	39.64593
	-78.77025	39.64598
	-78.76964	39.64609
	-78.76891	39.64629
	-78.76856	39.64649
	-78.76826	39.64675
	-78.76804	39.64706
	-78.76784	39.64751
	-78.76749	39.6479
	-78.76699	39.64821
	-78.76662	39.64837
	-78.76621	39.64842
	-78.76589	39.64842
	-78.76559	39.64819
	-78.76556	39.64799
	-78.76561	39.6478
	-78.76568	39.64762
	-78.76564	39.64739
	-78.76548	39.64722
	-78.76542	39.64707
	-78.76537	39.6468
	-78.76533	39.64645
	-78.76514	39.64617
	-78.76505	39.64593
	-78.76503	39.64568
	-78.76507	39.64537
	-78.7652	39.6452
	-78.76518	39.64504
	-78.76507	39.64473
	-78.7651	39.64446
	-78.76516	39.64424
	-78.76536	39.64398
	-78.7655	39.64357
	-78.76559	39.64317
	-78.76586	39.64289
	-78.76592	39.64257
	-78.76614	39.64214
	-78.76683	39.64108
	-78.7679	39.63935
	-78.76816	39.63908
	-78.76828	39.63909
	-78.76839	39.63925
	-78.76874	39.63935
	-78.76932	39.63924
	-78.76989	39.63894
	-78.77053	39.63856
	-78.77104	39.63816
	-78.77135	39.63784
	-78.77173	39.6376
	-78.77221	39.63725
	-78.77252	39.6368
	-78.77296	39.63579
	-78.77324	39.63519
	-78.77369	39.63412
	-78.77431	39.63243
	-78.77433	39.6321
	-78.77449	39.63167
	-78.77478	39.63124
	-78.77513	39.63021
	-78.77544	39.62962
	-78.77573	39.62933
	-78.77606	39.62903
	-78.77652	39.62838
	-78.77666	39.62816
	-78.77716	39.62724
	-78.77727	39.62664
	-78.77749	39.62632
	-78.77806	39.62531
	-78.77826	39.62463
	-78.77841	39.62401
	-78.77842	39.62345
	-78.77832	39.62291
	-78.7782	39.62253
	-78.77751	39.62185
	-78.77696	39.62161
	-78.77653	39.62155
	-78.77605	39.62166
	-78.77548	39.62171
	-78.77485	39.62174
	-78.77441	39.62166
	-78.77397	39.62161
	-78.77335	39.6214
	-78.77305	39.62124
	-78.7728	39.62123
	-78.77246	39.6211
	-78.77217	39.62093
	-78.77191	39.62066
	-78.77157	39.62038
	-78.77117	39.62017
	-78.77059	39.61999
	-78.76999	39.61971
	-78.76949	39.61953
	-78.76891	39.61943
	-78.76839	39.61945
	-78.76809	39.61961
	-78.76746	39.61977
	-78.7668	39.61981
	-78.7667	39.6198
	-78.76635	39.61975
	-78.76576	39.61964
	-78.76527	39.61941
	-78.76465	39.61907
	-78.76412	39.61888
	-78.76362	39.61884
	-78.76322	39.61885
	-78.76286	39.61891
	-78.7625	39.61914
	-78.7621	39.61933
	-78.7619	39.61941
	-78.76119	39.61977
	-78.76055	39.62019
	-78.75965	39.62064
	-78.75827	39.62155
	-78.75787	39.62191
	-78.75733	39.62226
	-78.75655	39.62281
	-78.75589	39.6232
	-78.75517	39.62357
	-78.75446	39.62382
	-78.75403	39.62401
	-78.75277	39.62453
	-78.75139	39.62524
	-78.75064	39.62555
	-78.75027	39.62583
	-78.74992	39.62591
	-78.74953	39.62619
	-78.74893	39.62635
	-78.74839	39.62657
	-78.74783	39.62666
	-78.74731	39.62665
	-78.74665	39.6266
	-78.74611	39.62637
	-78.74561	39.62618
	-78.74526	39.62612
	-78.74447	39.62577
	-78.74252	39.62499
	-78.74168	39.62467
	-78.74094	39.62432
	-78.7405	39.62407
	-78.73986	39.6238
	-78.73912	39.62342
	-78.73847	39.62311
	-78.73782	39.62284
	-78.73725	39.62263
	-78.73684	39.62237
	-78.73648	39.6221
	-78.73617	39.6217
	-78.7358	39.62116
	-78.73548	39.62057
	-78.73483	39.61964
	-78.73444	39.61915
	-78.7341	39.61866
	-78.73389	39.61805
	-78.73365	39.61673
	-78.73342	39.61667
	-78.73309	39.61502
	-78.73312	39.61461
	-78.73338	39.61391
	-78.73374	39.61342
	-78.73417	39.613
	-78.73498	39.6124
	-78.73523	39.61228
	-78.7357	39.61194
	-78.73627	39.61157
	-78.73675	39.61112
	-78.73823	39.60995
	-78.73845	39.6098
	-78.73863	39.60968
	-78.73906	39.6095
	-78.73953	39.60943
	-78.74101	39.60939
	-78.74169	39.60934
	-78.74217	39.60926
	-78.74246	39.60916
	-78.74288	39.60897
	-78.74399	39.60795
	-78.74472	39.60732
	-78.74521	39.60691
	-78.74547	39.60671
	-78.746	39.6062
	-78.74662	39.60574
	-78.74683	39.60566
	-78.74696	39.60557
	-78.7473	39.60551
	-78.74774	39.60554
	-78.74828	39.60564
	-78.74875	39.6058
	-78.74908	39.60604
	-78.74915	39.60623
	-78.74922	39.60652
	-78.74935	39.60742
	-78.74941	39.60773
	-78.74958	39.60829
	-78.74986	39.60888
	-78.75001	39.60915
	-78.75055	39.60963
	-78.75095	39.60983
	-78.75118	39.60989
	-78.75165	39.61005
	-78.75212	39.61013
	-78.75233	39.61013
	-78.75298	39.61008
	-78.75431	39.61027
	-78.75512	39.61031
	-78.75569	39.61028
	-78.75606	39.61024
	-78.7566	39.61014
	-78.75757	39.61001
	-78.75842	39.61002
	-78.75965	39.61
	-78.75998	39.60998
	-78.76066	39.60999
	-78.76126	39.60987
	-78.76182	39.60991
	-78.76265	39.60981
	-78.76347	39.60967
	-78.76437	39.6095
	-78.76599	39.6091
	-78.76665	39.60895
	-78.76722	39.60889
	-78.76788	39.60864
	-78.76828	39.6083
	-78.76872	39.60795
	-78.76907	39.60755
	-78.7691	39.6075
	-78.76957	39.60704
	-78.77018	39.60641
	-78.77087	39.60608
	-78.7715	39.60587
	-78.77201	39.60575
	-78.7727	39.60563
	-78.7735	39.60538
	-78.77435	39.60499
	-78.77504	39.60473
	-78.77585	39.60448
	-78.77626	39.60431
	-78.77664	39.60413
	-78.77685	39.60388
	-78.77752	39.60271
	-78.77786	39.60219
	-78.77804	39.60155
	-78.7779	39.60125
	-78.77761	39.60101
	-78.77722	39.60074
	-78.77694	39.60031
	-78.77656	39.59983
	-78.77602	39.59922
	-78.77571	39.59897
	-78.77535	39.59875
	-78.77495	39.59845
	-78.7745	39.59792
	-78.7743	39.59766
	-78.77415	39.59742
	-78.7739	39.59715
	-78.77365	39.59698
	-78.77323	39.59694
	-78.77277	39.59685
	-78.77232	39.59671
	-78.77189	39.5965
	-78.7716	39.59629
	-78.77129	39.59598
	-78.77102	39.59563
	-78.77071	39.59531
	-78.77029	39.59508
	-78.76969	39.59415
	-78.76951	39.59376
	-78.76931	39.59347
	-78.76897	39.59311
	-78.76889	39.59286
	-78.76884	39.59261
	-78.76831	39.59192
	-78.76816	39.59153
	-78.76814	39.59131
	-78.76803	39.59115
	-78.76804	39.59098
	-78.76816	39.59077
	-78.76814	39.59034
	-78.76816	39.58967
	-78.76808	39.5891
	-78.76799	39.58875
	-78.76776	39.58822
	-78.76739	39.58771
	-78.76715	39.58742
	-78.76702	39.58727
	-78.76673	39.58722
	-78.76653	39.58715
	-78.76625	39.58693
	-78.76615	39.58668
	-78.76601	39.58652
	-78.76558	39.58631
	-78.76521	39.58599
	-78.76497	39.58586
	-78.76455	39.58576
	-78.7641	39.58572
	-78.76375	39.58567
	-78.76351	39.58546
	-78.76328	39.5852
	-78.76323	39.58502
	-78.7634	39.58495
	-78.76407	39.58526
	-78.7644	39.58533
	-78.76462	39.58533
	-78.76445	39.58516
	-78.76412	39.58512
	-78.76219	39.58368
	-78.76074	39.58263
	-78.75967	39.58202
	-78.7591	39.58185
	-78.75666	39.58068
	-78.75608	39.5806
	-78.75553	39.58061
	-78.75447	39.58094
	-78.75403	39.58112
	-78.75355	39.58122
	-78.75264	39.58159
	-78.75167	39.58185
	-78.75121	39.58181
	-78.75077	39.58163
	-78.74828	39.58008
	-78.74756	39.57976
	-78.74705	39.57963
	-78.74642	39.57954
	-78.7455	39.57967
	-78.74485	39.57982
	-78.74415	39.58014
	-78.74345	39.58043
	-78.74327	39.58066
	-78.7432	39.58108
	-78.74315	39.58152
	-78.74297	39.58202
	-78.74259	39.58275
	-78.74197	39.58347
	-78.74155	39.58408
	-78.74132	39.58477
	-78.74119	39.58506
	-78.74099	39.58534
	-78.74059	39.58568
	-78.74021	39.58595
	-78.73961	39.58633
	-78.73906	39.58648
	-78.73824	39.58659
	-78.73726	39.58656
	-78.73655	39.58656
	-78.7352	39.58668
	-78.73433	39.58679
	-78.73393	39.58675
	-78.73343	39.58662
	-78.73324	39.58638
	-78.73309	39.58608
	-78.73301	39.58559
	-78.73285	39.58374
	-78.73264	39.5828
	-78.73242	39.58107
	-78.73232	39.57955
	-78.73222	39.57873
	-78.73206	39.57792
	-78.73195	39.57727
	-78.73176	39.5753
	-78.73154	39.57454
	-78.73077	39.57333
	-78.72987	39.57253
	-78.72901	39.57164
	-78.72838	39.57103
	-78.72786	39.57033
	-78.72709	39.5692
	-78.72675	39.5686
	-78.72623	39.56761
	-78.72577	39.56694
	-78.72559	39.56652
	-78.72545	39.56592
	-78.72525	39.56547
	-78.72485	39.56465
	-78.72468	39.56402
	-78.72439	39.56379
	-78.72408	39.56361
	-78.72377	39.56352
	-78.7231	39.5635
	-78.72187	39.56352
	-78.7208	39.56357
	-78.72012	39.56355
	-78.71954	39.56345
	-78.71775	39.56319
	-78.71631	39.56307
	-78.71525	39.56288
	-78.71443	39.56262
	-78.71359	39.56223
	-78.71287	39.56187
	-78.71265	39.5615
	-78.71242	39.56093
	-78.7121	39.56024
	-78.71187	39.55989
	-78.71154	39.55948
	-78.71039	39.55858
	-78.70958	39.55811
	-78.70943	39.55793
	-78.7091	39.55702
	-78.70801	39.55608
	-78.70736	39.55563
	-78.70668	39.5555
	-78.70567	39.55551
	-78.70485	39.55556
	-78.7039	39.55552
	-78.70311	39.55543
	-78.70264	39.55529
	-78.70036	39.55456
	-78.69949	39.55427
	-78.69894	39.55417
	-78.69818	39.55407
	-78.69613	39.55413
	-78.69562	39.55406
	-78.69527	39.55389
	-78.69443	39.55339
	-78.69362	39.55276
	-78.6929	39.55201
	-78.69246	39.55181
	-78.69179	39.55094
	-78.69183	39.55063
	-78.69182	39.54977
	-78.69166	39.54914
	-78.69136	39.54859
	-78.69129	39.54813
	-78.69111	39.54772
	-78.69089	39.54726
	-78.69054	39.54664
	-78.69039	39.54641
	-78.69006	39.54603
	-78.68929	39.54564
	-78.68851	39.54541
	-78.68756	39.5452
	-78.68653	39.54483
	-78.68444	39.54434
	-78.68385	39.54437
	-78.68299	39.54423
	-78.68292	39.54406
	-78.68262	39.54393
	-78.68219	39.54391
	-78.68192	39.54388
	-78.68154	39.54378
	-78.68102	39.54352
	-78.67956	39.54274
	-78.6763	39.54065
	-78.67557	39.54015
	-78.67526	39.54013
	-78.67435	39.54026
	-78.67335	39.54042
	-78.67281	39.54042
	-78.67152	39.54057
	-78.67069	39.54052
	-78.66998	39.54038
	-78.66931	39.54034
	-78.66841	39.54026
	-78.66816	39.54018
	-78.6679	39.53996
	-78.66723	39.53953
	-78.66597	39.53845
	-78.6646	39.53715
	-78.66424	39.53688
	-78.66372	39.53671
	-78.66184	39.53616
	-78.65883	39.53554
	-78.6585	39.5354
	-78.65757	39.53516
	-78.65639	39.53478
	-78.65564	39.53457
	-78.65481	39.53445
	-78.6537	39.53444
	-78.65316	39.53448
	-78.65268	39.53472
	-78.65208	39.53495
	-78.65095	39.53519
	-78.64644	39.53577
	-78.64448	39.53605
	-78.64262	39.53618
	-78.64187	39.53614
	-78.64122	39.53622
	-78.63894	39.5362
	-78.63786	39.53632
	-78.6367	39.53652
	-78.63532	39.53682
	-78.63344	39.53706
	-78.63285	39.53704
	-78.63166	39.53695
	-78.63058	39.53701
	-78.62993	39.53711
	-78.62924	39.53741
	-78.62881	39.5377
	-78.62868	39.53807
	-78.62871	39.53861
	-78.62883	39.53906
	-78.62876	39.53925
	-78.62859	39.53932
	-78.62788	39.53945
	-78.62718	39.53948
	-78.62539	39.53939
	-78.6247	39.53951
	-78.62414	39.53968
	-78.62327	39.5397
	-78.62146	39.53947
	-78.6205	39.53933
	-78.61865	39.5389
	-78.61662	39.53829
	-78.61451	39.53763
	-78.61371	39.53732
	-78.61298	39.53697
	-78.61211	39.53639
	-78.61106	39.53584
	-78.61007	39.5355
	-78.60903	39.53539
	-78.6082	39.5354
	-78.60745	39.53536
	-78.60692	39.53527
	-78.60646	39.53495
	-78.60611	39.53453
	-78.60577	39.534
	-78.60557	39.53321
	-78.60524	39.53283
	-78.60483	39.53255
	-78.60404	39.53213
	-78.60328	39.53197
	-78.60206	39.53213
	-78.60135	39.53254
	-78.60074	39.53302
	-78.59983	39.53377
	-78.59937	39.53405
	-78.5987	39.53457
	-78.59846	39.53488
	-78.59763	39.53529
	-78.59636	39.53582
	-78.59545	39.53616
	-78.59437	39.53651
	-78.59335	39.53676
	-78.59268	39.53691
	-78.592	39.53693
	-78.5914	39.53682
	-78.59074	39.53665
	-78.5902	39.53638
	-78.58997	39.53608
	-78.58997	39.53537
	-78.59045	39.53472
	-78.59125	39.53357
	-78.59187	39.53262
	-78.59212	39.53213
	-78.59215	39.53178
	-78.59205	39.53146
	-78.59179	39.53117
	-78.59114	39.53068
	-78.59012	39.52994
	-78.58809	39.52833
	-78.58756	39.52797
	-78.5872	39.5279
	-78.5862	39.52792
	-78.58568	39.52789
	-78.58453	39.52774
	-78.58365	39.52764
	-78.58296	39.52762
	-78.58124	39.52733
	-78.57989	39.52713
	-78.57918	39.52691
	-78.57822	39.52653
	-78.57731	39.52601
	-78.57647	39.52537
	-78.57608	39.52517
	-78.57535	39.52434
	-78.57377	39.52326
	-78.5736	39.52302
	-78.57236	39.52221
	-78.57111	39.52154
	-78.56896	39.52047
	-78.56855	39.5202
	-78.56794	39.5199
	-78.56657	39.51944
	-78.56592	39.51931
	-78.56517	39.51931
	-78.5649	39.51944
	-78.56469	39.51963
	-78.56407	39.51981
	-78.56331	39.52006
	-78.56249	39.52026
	-78.56186	39.52043
	-78.56149	39.52062
	-78.56096	39.52084
	-78.55912	39.52121
	-78.55792	39.52136
	-78.55696	39.52141
	-78.55599	39.52138
	-78.55529	39.52143
	-78.55474	39.5216
	-78.55423	39.52162
	-78.55373	39.5216
	-78.55289	39.52147
	-78.55218	39.5213
	-78.55135	39.52108
	-78.55068	39.52081
	-78.55027	39.52077
	-78.54978	39.5208
	-78.54746	39.52068
	-78.54689	39.52075
	-78.54661	39.5209
	-78.54656	39.52109
	-78.546	39.52133
	-78.54548	39.5214
	-78.54333	39.52145
	-78.54293	39.52144
	-78.54255	39.52149
	-78.54203	39.52158
	-78.54098	39.52188
	-78.53866	39.52261
	-78.53729	39.52302
	-78.53626	39.52317
	-78.53536	39.52321
	-78.53393	39.52319
	-78.5332	39.52308
	-78.53082	39.52289
	-78.53041	39.5229
	-78.53004	39.52298
	-78.52979	39.52314
	-78.52962	39.52333
	-78.52971	39.52353
	-78.52966	39.52374
	-78.52931	39.52401
	-78.52909	39.52429
	-78.52874	39.52453
	-78.52829	39.52465
	-78.52755	39.52469
	-78.52685	39.52475
	-78.52583	39.52467
	-78.52435	39.52464
	-78.5238	39.52464
	-78.52349	39.52476
	-78.52322	39.5248
	-78.5226	39.52471
	-78.52199	39.52465
	-78.52132	39.52464
	-78.52092	39.52461
	-78.52039	39.52437
	-78.51989	39.52432
	-78.51931	39.52419
	-78.51853	39.52392
	-78.51796	39.52379
	-78.51723	39.52367
	-78.51553	39.5232
	-78.51499	39.52314
	-78.51347	39.52256
	-78.51174	39.52199
	-78.51066	39.52149
	-78.50935	39.52097
	-78.50807	39.52052
	-78.50677	39.51994
	-78.50592	39.51945
	-78.50542	39.51918
	-78.50482	39.51896
	-78.50436	39.51895
	-78.50379	39.51885
	-78.50344	39.51861
	-78.50308	39.51857
	-78.50246	39.51858
	-78.50153	39.51866
	-78.50088	39.51882
	-78.5005	39.519
	-78.49995	39.51903
	-78.49962	39.51893
	-78.49902	39.51891
	-78.49777	39.51875
	-78.49681	39.51855
	-78.49594	39.5184
	-78.49488	39.51825
	-78.49384	39.51822
	-78.49281	39.51828
	-78.49203	39.51831
	-78.49148	39.51825
	-78.49087	39.51796
	-78.49053	39.51778
	-78.48997	39.51769
	-78.48975	39.51771
	-78.48936	39.51772
	-78.48874	39.51784
	-78.48786	39.51835
	-78.48739	39.51873
	-78.48692	39.51902
	-78.48663	39.51916
	-78.48626	39.51918
	-78.48604	39.51926
	-78.48563	39.51946
	-78.4848	39.51953
	-78.4845	39.51954
	-78.48404	39.51951
	-78.48287	39.51948
	-78.4821	39.51934
	-78.48109	39.51908
	-78.48063	39.51888
	-78.48016	39.51866
	-78.47784	39.51716
	-78.47723	39.5169
	-78.47616	39.51658
	-78.47521	39.51624
	-78.47393	39.516
	-78.4729	39.51589
	-78.47196	39.51587
	-78.47083	39.51601
	-78.46977	39.51618
	-78.46903	39.51637
	-78.46668	39.51748
	-78.46605	39.51785
	-78.46555	39.51816
	-78.4647	39.51886
	-78.46454	39.51923
	-78.46445	39.51957
	-78.46409	39.5199
	-78.4636	39.52005
	-78.46307	39.52031
	-78.46284	39.52054
	-78.46257	39.52089
	-78.46209	39.52157
	-78.46181	39.52212
	-78.46144	39.52302
	-78.46104	39.52443
	-78.46087	39.52531
	-78.46074	39.5261
	-78.46078	39.52689
	-78.46078	39.52729
	-78.46082	39.52848
	-78.46094	39.52936
	-78.46112	39.52999
	-78.46138	39.53062
	-78.46183	39.53111
	-78.46213	39.53139
	-78.46255	39.53189
	-78.4628	39.53237
	-78.46288	39.53281
	-78.46299	39.53325
	-78.46317	39.53373
	-78.46318	39.53421
	-78.46313	39.5348
	-78.46292	39.53551
	-78.4625	39.53607
	-78.46219	39.53641
	-78.4615	39.53696
	-78.46088	39.5373
	-78.46021	39.53762
	-78.45925	39.538
	-78.45864	39.53818
	-78.45782	39.53835
	-78.45692	39.53835
	-78.45404	39.53802
	-78.45284	39.53793
	-78.45207	39.53789
	-78.45139	39.53784
	-78.45053	39.53785
	-78.45005	39.53799
	-78.44955	39.53828
	-78.44919	39.53873
	-78.44882	39.53959
	-78.44865	39.54021
	-78.44853	39.54074
	-78.44848	39.54144
	-78.44869	39.54209
	-78.44905	39.54258
	-78.44959	39.54299
	-78.45022	39.54333
	-78.451	39.54354
	-78.45179	39.5437
	-78.4529	39.54387
	-78.45419	39.54396
	-78.45525	39.54408
	-78.45722	39.54458
	-78.4582	39.54476
	-78.4592	39.54517
	-78.46008	39.54559
	-78.46077	39.54607
	-78.46152	39.54694
	-78.46185	39.54761
	-78.46202	39.54837
	-78.46197	39.549
	-78.46183	39.54977
	-78.46152	39.55042
	-78.46102	39.5508
	-78.46023	39.55112
	-78.4595	39.55131
	-78.45859	39.55136
	-78.45782	39.55134
	-78.45585	39.551
	-78.45465	39.55086
	-78.45237	39.55054
	-78.45145	39.55028
	-78.45067	39.54991
	-78.44974	39.54937
	-78.44879	39.54886
	-78.44782	39.54815
	-78.44564	39.54595
	-78.44469	39.54483
	-78.44358	39.54311
	-78.44287	39.54212
	-78.44241	39.54153
	-78.44181	39.541
	-78.44134	39.54065
	-78.44091	39.5402
	-78.44041	39.53953
	-78.43972	39.539
	-78.43902	39.5387
	-78.43849	39.53851
	-78.43797	39.53846
	-78.43736	39.53844
	-78.43685	39.53869
	-78.4364	39.53895
	-78.43599	39.53935
	-78.43556	39.53984
	-78.43521	39.5404
	-78.43479	39.54103
	-78.43474	39.54155
	-78.43471	39.54214
	-78.43471	39.54296
	-78.43487	39.54386
	-78.43504	39.54464
	-78.43554	39.54573
	-78.43611	39.54677
	-78.43684	39.54836
	-78.43714	39.54852
	-78.43776	39.54874
	-78.43836	39.54905
	-78.43881	39.5496
	-78.43921	39.55046
	-78.43924	39.55132
	-78.43901	39.55193
	-78.43864	39.55257
	-78.43807	39.55304
	-78.43761	39.55327
	-78.43742	39.55335
	-78.43672	39.55353
	-78.43604	39.55355
	-78.43454	39.55307
	-78.43356	39.55272
	-78.43266	39.55254
	-78.43184	39.5524
	-78.43157	39.55223
	-78.43141	39.55212
	-78.42988	39.55087
	-78.42964	39.55046
	-78.42945	39.54985
	-78.42879	39.54866
	-78.42829	39.54807
	-78.42781	39.54756
	-78.42718	39.54701
	-78.42677	39.5466
	-78.42649	39.54622
	-78.42619	39.54586
	-78.42583	39.54554
	-78.42501	39.54513
	-78.42429	39.54498
	-78.42288	39.54482
	-78.42196	39.54481
	-78.42119	39.54489
	-78.42044	39.54517
	-78.41986	39.54536
	-78.41934	39.54564
	-78.41853	39.54611
	-78.41805	39.54655
	-78.41771	39.54698
	-78.41741	39.54747
	-78.41718	39.54797
	-78.41713	39.54847
	-78.41726	39.54895
	-78.41761	39.54954
	-78.41868	39.55074
	-78.4192	39.55148
	-78.41969	39.55211
	-78.42016	39.55254
	-78.42071	39.55289
	-78.42118	39.55342
	-78.42179	39.55441
	-78.42301	39.5557
	-78.424	39.55679
	-78.42446	39.55727
	-78.42499	39.55768
	-78.42541	39.55807
	-78.42629	39.55894
	-78.42683	39.55912
	-78.42732	39.55907
	-78.42796	39.5592
	-78.42834	39.55942
	-78.42866	39.55978
	-78.42913	39.56016
	-78.42989	39.56039
	-78.43102	39.56071
	-78.43296	39.56132
	-78.43406	39.56173
	-78.43522	39.56219
	-78.43576	39.56237
	-78.43641	39.56253
	-78.43727	39.56283
	-78.43804	39.56323
	-78.43863	39.56363
	-78.43932	39.56432
	-78.44007	39.56504
	-78.44077	39.56563
	-78.44164	39.56619
	-78.44266	39.56669
	-78.44344	39.56703
	-78.44427	39.56756
	-78.44534	39.56809
	-78.4458	39.5682
	-78.44642	39.56838
	-78.4486	39.5696
	-78.45056	39.57084
	-78.45197	39.57204
	-78.45254	39.57266
	-78.45307	39.57315
	-78.45384	39.5735
	-78.45469	39.57424
	-78.45509	39.57487
	-78.45543	39.57544
	-78.45597	39.57646
	-78.45657	39.57728
	-78.45769	39.57857
	-78.45795	39.57915
	-78.45817	39.5797
	-78.4582	39.58042
	-78.4583	39.581
	-78.45824	39.58279
	-78.45812	39.58391
	-78.45759	39.58554
	-78.45754	39.5862
	-78.45747	39.58663
	-78.45734	39.58694
	-78.45677	39.58747
	-78.45617	39.58794
	-78.45402	39.58911
	-78.45241	39.58983
	-78.45124	39.59019
	-78.44989	39.59057
	-78.44734	39.5911
	-78.44598	39.59134
	-78.445	39.5914
	-78.4443	39.59137
	-78.44353	39.59125
	-78.44156	39.59072
	-78.44039	39.59028
	-78.43957	39.59014
	-78.43899	39.58997
	-78.43766	39.58952
	-78.43699	39.58918
	-78.43609	39.58883
	-78.43537	39.58862
	-78.43392	39.58832
	-78.43241	39.58794
	-78.43091	39.58762
	-78.43054	39.58752
	-78.42839	39.58689
	-78.42751	39.5865
	-78.42673	39.58627
	-78.42584	39.58588
	-78.42456	39.58528
	-78.42346	39.58471
	-78.42225	39.58383
	-78.42136	39.58291
	-78.42006	39.58179
	-78.41981	39.58178
	-78.41936	39.58124
	-78.41783	39.58065
	-78.41637	39.5802
	-78.41541	39.57999
	-78.41468	39.57974
	-78.4139	39.57943
	-78.4109	39.57885
	-78.40945	39.57868
	-78.40761	39.57853
	-78.40675	39.57852
	-78.4056	39.57861
	-78.40516	39.57874
	-78.40486	39.57898
	-78.4046	39.57902
	-78.40441	39.57895
	-78.40348	39.57915
	-78.402	39.57956
	-78.40153	39.57981
	-78.401	39.58013
	-78.40077	39.58024
	-78.40002	39.58044
	-78.39933	39.58071
	-78.39873	39.58111
	-78.39847	39.58133
	-78.39798	39.58153
	-78.39737	39.5818
	-78.39702	39.58213
	-78.39668	39.58261
	-78.39645	39.58287
	-78.39605	39.58304
	-78.39565	39.5834
	-78.39532	39.58401
	-78.39513	39.58463
	-78.39492	39.58518
	-78.39492	39.58589
	-78.39507	39.58689
	-78.39533	39.58749
	-78.3962	39.58901
	-78.3967	39.5897
	-78.39752	39.59046
	-78.39857	39.5912
	-78.39967	39.59186
	-78.40125	39.59284
	-78.40215	39.59325
	-78.40453	39.59425
	-78.40543	39.59466
	-78.40685	39.5952
	-78.40988	39.59644
	-78.41085	39.59693
	-78.41168	39.59728
	-78.41232	39.5978
	-78.41373	39.59881
	-78.41523	39.59973
	-78.41854	39.60208
	-78.41913	39.60227
	-78.41981	39.60268
	-78.42108	39.60352
	-78.42216	39.60434
	-78.42281	39.60493
	-78.42298	39.6054
	-78.42328	39.60576
	-78.42388	39.60633
	-78.42436	39.60668
	-78.42481	39.60689
	-78.4256	39.60771
	-78.42626	39.60878
	-78.42646	39.60904
	-78.42686	39.60938
	-78.42724	39.60983
	-78.42814	39.61082
	-78.42899	39.61158
	-78.43006	39.61273
	-78.43086	39.61362
	-78.43174	39.61461
	-78.43242	39.61558
	-78.4329	39.61666
	-78.43315	39.61727
	-78.43332	39.61769
	-78.43353	39.61831
	-78.43364	39.61864
	-78.43374	39.61949
	-78.43362	39.62009
	-78.43326	39.62065
	-78.43266	39.62137
	-78.43232	39.62185
	-78.43179	39.62213
	-78.43093	39.62278
	-78.43022	39.62326
	-78.42931	39.62359
	-78.42809	39.62394
	-78.42654	39.62424
	-78.4251	39.62445
	-78.42451	39.6245
	-78.42346	39.62453
	-78.42269	39.62448
	-78.42071	39.62407
	-78.42012	39.62396
	-78.41911	39.62359
	-78.41754	39.62299
	-78.41636	39.62266
	-78.41536	39.62231
	-78.41445	39.62182
	-78.41261	39.62109
	-78.41133	39.62062
	-78.41023	39.62037
	-78.40964	39.62037
	-78.40916	39.62029
	-78.40831	39.61991
	-78.40616	39.61919
	-78.4049	39.61866
	-78.40181	39.61764
	-78.4003	39.61727
	-78.39898	39.61689
	-78.39727	39.61634
	-78.3971	39.61652
	-78.3969	39.61657
	-78.39657	39.61657
	-78.39613	39.61633
	-78.39559	39.61608
	-78.395	39.61575
	-78.39448	39.61537
	-78.39372	39.61447
	-78.39185	39.61282
	-78.39127	39.61234
	-78.39056	39.61207
	-78.39003	39.61178
	-78.38943	39.61149
	-78.3888	39.61107
	-78.38785	39.61076
	-78.38687	39.61039
	-78.38599	39.60987
	-78.38512	39.60956
	-78.38464	39.60944
	-78.38359	39.60891
	-78.3827	39.60877
	-78.38157	39.60851
	-78.38015	39.60822
	-78.37942	39.60813
	-78.37818	39.60787
	-78.37679	39.60801
	-78.37573	39.60824
	-78.37488	39.60846
	-78.3743	39.60867
	-78.37355	39.60908
	-78.37298	39.60954
	-78.37254	39.61012
	-78.37229	39.61064
	-78.37206	39.61141
	-78.3721	39.612
	-78.3724	39.6123
	-78.37292	39.61273
	-78.37374	39.6135
	-78.37437	39.61422
	-78.3747	39.61463
	-78.37527	39.6149
	-78.37569	39.61531
	-78.37619	39.6157
	-78.37707	39.61624
	-78.3778	39.61666
	-78.3784	39.61716
	-78.3791	39.61802
	-78.38069	39.61959
	-78.38184	39.62085
	-78.38296	39.62225
	-78.38332	39.62278
	-78.38348	39.62345
	-78.38349	39.62393
	-78.38339	39.62452
	-78.38311	39.62514
	-78.3829	39.62565
	-78.3828	39.6267
	-78.38272	39.62714
	-78.3826	39.62751
	-78.38234	39.62796
	-78.38194	39.62835
	-78.38165	39.62866
	-78.38119	39.629
	-78.38032	39.62931
	-78.37966	39.62948
	-78.37872	39.62969
	-78.3777	39.62985
	-78.377	39.62991
	-78.37524	39.63036
	-78.37444	39.6305
	-78.37377	39.6304
	-78.37287	39.63024
	-78.37202	39.63013
	-78.37111	39.63004
	-78.37051	39.62996
	-78.36871	39.62945
	-78.36766	39.62892
	-78.36667	39.6283
	-78.36625	39.62784
	-78.36541	39.6273
	-78.36504	39.62702
	-78.36461	39.62689
	-78.36411	39.62671
	-78.36349	39.62638
	-78.3625	39.62601
	-78.36134	39.62562
	-78.36026	39.62542
	-78.35916	39.62533
	-78.35827	39.62541
	-78.35803	39.62544
	-78.35754	39.62562
	-78.35693	39.6258
	-78.35623	39.62587
	-78.35578	39.62598
	-78.35514	39.62626
	-78.35484	39.62664
	-78.35446	39.62705
	-78.35416	39.62767
	-78.35388	39.62807
	-78.35369	39.62801
	-78.35344	39.62856
	-78.35336	39.6297
	-78.35339	39.63034
	-78.35364	39.63103
	-78.35396	39.6316
	-78.35446	39.63224
	-78.35501	39.63285
	-78.35563	39.63364
	-78.35634	39.63443
	-78.35659	39.63462
	-78.35693	39.63464
	-78.35733	39.63495
	-78.35799	39.63521
	-78.35863	39.63548
	-78.35877	39.6358
	-78.359	39.63622
	-78.35912	39.63676
	-78.35927	39.63731
	-78.35916	39.63784
	-78.35901	39.63844
	-78.35881	39.63883
	-78.35854	39.63925
	-78.35808	39.63971
	-78.35771	39.63999
	-78.35698	39.64033
	-78.35595	39.64063
	-78.35533	39.64067
	-78.35468	39.64059
	-78.35331	39.64051
	-78.35261	39.64053
	-78.35194	39.64053
	-78.3515	39.64045
	-78.34901	39.63976
	-78.34501	39.6387
	-78.344	39.63854
	-78.34283	39.63853
	-78.34231	39.63849
	-78.34186	39.63835
	-78.34133	39.63816
	-78.34091	39.63815
	-78.34026	39.63806
	-78.3394	39.63786
	-78.33745	39.63767
	-78.33633	39.63749
	-78.33611	39.63739
	-78.33505	39.63738
	-78.33493	39.63724
	-78.33486	39.63699
	-78.33463	39.63691
	-78.33448	39.63697
	-78.33311	39.63643
	-78.33277	39.63633
	-78.33193	39.63605
	-78.33089	39.63564
	-78.32945	39.63523
	-78.32792	39.63488
	-78.32665	39.63462
	-78.32624	39.6345
	-78.32575	39.63424
	-78.32505	39.63416
	-78.32452	39.63401
	-78.3237	39.63391
	-78.32266	39.63359
	-78.3218	39.63358
	-78.32112	39.63344
	-78.3203	39.63312
	-78.31992	39.63281
	-78.3182	39.63225
	-78.31505	39.63109
	-78.3142	39.63103
	-78.31347	39.63112
	-78.31255	39.63099
	-78.31207	39.63082
	-78.31147	39.63068
	-78.31126	39.63067
	-78.311	39.63064
	-78.31047	39.63044
	-78.30973	39.6303
	-78.30895	39.63002
	-78.30799	39.62972
	-78.30742	39.62946
	-78.30705	39.62939
	-78.30588	39.62877
	-78.30547	39.62854
	-78.30462	39.62829
	-78.30297	39.62763
	-78.301	39.62698
	-78.2982	39.62612
	-78.2977	39.62598
	-78.29731	39.62571
	-78.29706	39.62551
	-78.2966	39.62526
	-78.29526	39.62485
	-78.29388	39.62438
	-78.29306	39.62399
	-78.29258	39.62363
	-78.29208	39.62335
	-78.29078	39.62286
	-78.29035	39.62291
	-78.28996	39.62282
	-78.28965	39.62269
	-78.28845	39.62227
	-78.28805	39.62207
	-78.28796	39.62191
	-78.28793	39.62164
	-78.28721	39.6214
	-78.28538	39.62107
	-78.28403	39.62085
	-78.28252	39.62055
	-78.28109	39.62046
	-78.27841	39.62022
	-78.27568	39.62015
	-78.27493	39.62008
	-78.27443	39.62
	-78.27249	39.61963
	-78.27231	39.6197
	-78.27209	39.61976
	-78.27179	39.61974
	-78.27007	39.61948
	-78.26756	39.61914
	-78.26658	39.61886
	-78.26633	39.61891
	-78.26596	39.61902
	-78.26529	39.61926
	-78.26497	39.61947
	-78.26447	39.61972
	-78.26406	39.62056
	-78.26394	39.62098
	-78.26349	39.62159
	-78.26312	39.62196
	-78.26291	39.62235
	-78.26286	39.62298
	-78.26292	39.62402
	-78.26306	39.62528
	-78.26308	39.62642
	-78.26304	39.62737
	-78.26291	39.62832
	-78.26277	39.62896
	-78.26281	39.62962
	-78.26241	39.63045
	-78.26202	39.6309
	-78.26156	39.63134
	-78.26106	39.63167
	-78.26022	39.63235
	-78.25837	39.63442
	-78.25727	39.63597
	-78.25561	39.63804
	-78.25483	39.63896
	-78.25467	39.63943
	-78.25421	39.64003
	-78.25369	39.64049
	-78.25301	39.64086
	-78.25261	39.64098
	-78.25242	39.64109
	-78.25202	39.64147
	-78.25102	39.64206
	-78.24905	39.64303
	-78.24792	39.64373
	-78.24692	39.64442
	-78.24559	39.64548
	-78.24239	39.64824
	-78.24114	39.64908
	-78.24035	39.64963
	-78.23984	39.65007
	-78.23943	39.65055
	-78.23922	39.65093
	-78.23865	39.65156
	-78.23771	39.65232
	-78.23719	39.6523
	-78.23584	39.65296
	-78.23475	39.65358
	-78.23377	39.65403
	-78.23278	39.6546
	-78.2322	39.65489
	-78.23133	39.65515
	-78.23047	39.65547
	-78.22852	39.65628
	-78.22759	39.65677
	-78.22625	39.65764
	-78.22545	39.65851
	-78.22461	39.65949
	-78.22395	39.66033
	-78.22358	39.66089
	-78.22353	39.66142
	-78.22352	39.66217
	-78.22378	39.66279
	-78.22428	39.66337
	-78.2249	39.66389
	-78.22557	39.66431
	-78.22638	39.66458
	-78.22667	39.66465
	-78.22765	39.66575
	-78.22798	39.66606
	-78.22902	39.66687
	-78.23135	39.66879
	-78.23245	39.66987
	-78.23309	39.67057
	-78.23321	39.67096
	-78.23328	39.67152
	-78.23322	39.67215
	-78.23297	39.67291
	-78.2327	39.67333
	-78.2324	39.67359
	-78.23198	39.67392
	-78.2315	39.67433
	-78.23051	39.67494
	-78.22883	39.67571
	-78.22745	39.676
	-78.22667	39.67607
	-78.22548	39.67599
	-78.22438	39.67582
	-78.2215	39.6758
	-78.22055	39.67586
	-78.21942	39.67582
	-78.21793	39.67572
	-78.21702	39.67572
	-78.21588	39.67587
	-78.21436	39.6761
	-78.21351	39.67617
	-78.2101	39.67618
	-78.20981	39.67601
	-78.20908	39.6761
	-78.20856	39.6761
	-78.20761	39.67594
	-78.20676	39.67586
	-78.20585	39.6759
	-78.20491	39.67598
	-78.20313	39.67633
	-78.20246	39.67655
	-78.2017	39.67695
	-78.201	39.67752
	-78.20046	39.67812
	-78.19953	39.6792
	-78.19896	39.67979
	-78.19876	39.67999
	-78.19655	39.68196
	-78.19614	39.6824
	-78.19578	39.68288
	-78.19571	39.68343
	-78.19569	39.68398
	-78.19548	39.68443
	-78.19493	39.68521
	-78.19421	39.68609
	-78.19361	39.68703
	-78.19284	39.68818
	-78.19216	39.68902
	-78.19166	39.68959
	-78.19116	39.69004
	-78.19072	39.69025
	-78.18996	39.69052
	-78.18931	39.69081
	-78.18863	39.69104
	-78.18774	39.69173
	-78.18678	39.69236
	-78.18324	39.69442
	-78.18309	39.69472
	-78.18293	39.69489
	-78.18177	39.69533
	-78.18046	39.69544
	-78.17692	39.69582
	-78.17634	39.69599
	-78.17606	39.69601
	-78.17581	39.69591
	-78.17504	39.69574
	-78.17331	39.69545
	-78.17276	39.69553
	-78.17251	39.69562
	-78.17214	39.69548
	-78.17138	39.69546
	-78.17072	39.69532
	-78.16978	39.69502
	-78.16906	39.69485
	-78.16836	39.69481
	-78.16759	39.6946
	-78.16692	39.69449
	-78.16592	39.6943
	-78.16564	39.6941
	-78.16479	39.69392
	-78.16389	39.69388
	-78.16295	39.69381
	-78.16193	39.69355
	-78.16015	39.69296
	-78.15874	39.69241
	-78.15777	39.69199
	-78.15717	39.69186
	-78.15672	39.69165
	-78.1559	39.69105
	-78.15542	39.69079
	-78.15457	39.69056
	-78.154	39.69042
	-78.15347	39.69024
	-78.15294	39.69016
	-78.1503	39.69024
	-78.14862	39.69034
	-78.14785	39.69046
	-78.14718	39.69049
	-78.14642	39.69037
	-78.14601	39.69032
	-78.14555	39.69027
	-78.14477	39.69022
	-78.14423	39.69029
	-78.14359	39.69028
	-78.14273	39.69008
	-78.14223	39.6899
	-78.1413	39.68964
	-78.14072	39.68957
	-78.14027	39.68968
	-78.13975	39.68965
	-78.13942	39.68956
	-78.139	39.68931
	-78.13858	39.68914
	-78.13835	39.68919
	-78.1378	39.68911
	-78.13522	39.6883
	-78.13487	39.6881
	-78.13412	39.68757
	-78.13352	39.68733
	-78.13257	39.68705
	-78.13181	39.68679
	-78.13113	39.68659
	-78.13058	39.68664
	-78.1303	39.68677
	-78.12985	39.68668
	-78.12928	39.68651
	-78.12765	39.68619
	-78.12501	39.68582
	-78.12369	39.68561
	-78.11651	39.68396
	-78.11398	39.68334
	-78.11253	39.68289
	-78.11166	39.6827
	-78.11033	39.68243
	-78.10934	39.68233
	-78.10831	39.68228
	-78.10767	39.6821
	-78.10681	39.68179
	-78.10549	39.68167
	-78.10451	39.68144
	-78.10327	39.68096
	-78.10185	39.68045
	-78.10056	39.67988
	-78.09948	39.67933
	-78.09831	39.67883
	-78.09697	39.67807
	-78.09586	39.67721
	-78.09504	39.67621
	-78.09441	39.67541
	-78.09386	39.6749
	-78.09321	39.67445
	-78.09229	39.67364
	-78.09071	39.67217
	-78.08993	39.67149
	-78.0898	39.67143
	-78.08947	39.67128
	-78.08892	39.67116
	-78.08829	39.67107
	-78.08787	39.67115
	-78.08739	39.67129
	-78.08692	39.67128
	-78.08639	39.67111
	-78.08497	39.67097
	-78.08434	39.67096
	-78.08401	39.67106
	-78.08357	39.67127
	-78.08322	39.67138
	-78.0828	39.67137
	-78.08012	39.6702
	-78.07812	39.66914
	-78.07726	39.66865
	-78.07587	39.66779
	-78.07489	39.66703
	-78.0736	39.66574
	-78.07052	39.66326
	-78.06794	39.66094
	-78.06767	39.66072
	-78.06725	39.66068
	-78.06697	39.66053
	-78.06587	39.65928
	-78.06493	39.65849
	-78.06399	39.65773
	-78.06355	39.65724
	-78.06291	39.65673
	-78.06222	39.65626
	-78.06157	39.65588
	-78.06106	39.65549
	-78.06014	39.6547
	-78.05972	39.65427
	-78.05903	39.65378
	-78.05887	39.65368
	-78.05809	39.65325
	-78.05737	39.653
	-78.05652	39.6525
	-78.05476	39.65136
	-78.05406	39.6508
	-78.05354	39.65024
	-78.05274	39.64922
	-78.05234	39.64857
	-78.05202	39.64798
	-78.05166	39.64744
	-78.05109	39.64667
	-78.05031	39.64578
	-78.04982	39.64509
	-78.04863	39.6439
	-78.04754	39.643
	-78.04698	39.64256
	-78.04651	39.64227
	-78.0459	39.64203
	-78.04513	39.64152
	-78.04436	39.64125
	-78.04355	39.64082
	-78.03982	39.63845
	-78.03932	39.63817
	-78.03868	39.63789
	-78.038	39.6373
	-78.03743	39.63692
	-78.03692	39.63649
	-78.03667	39.63619
	-78.03632	39.63595
	-78.03593	39.63557
	-78.0355	39.63489
	-78.03507	39.63415
	-78.03467	39.63354
	-78.03432	39.63292
	-78.03394	39.6324
	-78.03282	39.63105
	-78.03222	39.63023
	-78.03185	39.62978
	-78.03132	39.62914
	-78.02987	39.62746
	-78.02852	39.62626
	-78.02802	39.62602
	-78.02767	39.62571
	-78.02744	39.6254
	-78.02721	39.6249
	-78.02699	39.62471
	-78.02637	39.62422
	-78.02572	39.62383
	-78.02532	39.62352
	-78.02489	39.623
	-78.02464	39.62253
	-78.02419	39.62213
	-78.02372	39.62188
	-78.02352	39.6217
	-78.02349	39.62154
	-78.02339	39.6213
	-78.02274	39.62067
	-78.02231	39.62013
	-78.02205	39.61954
	-78.02155	39.61895
	-78.02132	39.61833
	-78.02084	39.61755
	-78.02041	39.61693
	-78.01981	39.61636
	-78.01841	39.61458
	-78.0179	39.61371
	-78.01723	39.61291
	-78.01671	39.61237
	-78.0164	39.61182
	-78.01608	39.61116
	-78.01512	39.60993
	-78.01469	39.60912
	-78.01239	39.60557
	-78.01181	39.60478
	-78.01114	39.60383
	-78.01043	39.60321
	-78.00974	39.60276
	-78.00902	39.60247
	-78.00812	39.60222
	-78.00729	39.60195
	-78.00684	39.6016
	-78.00648	39.60134
	-78.00573	39.60114
	-78.00353	39.60065
	-78.00268	39.60052
	-78.00191	39.60055
	-78.00125	39.60063
	-78.00014	39.60082
	-77.99965	39.60092
	-77.99902	39.6008
	-77.99854	39.60073
	-77.99797	39.6007
	-77.99761	39.60064
	-77.99723	39.60047
	-77.99679	39.60037
	-77.99516	39.60042
	-77.99435	39.60033
	-77.99322	39.60026
	-77.99219	39.60014
	-77.99139	39.59998
	-77.99048	39.5999
	-77.98959	39.59986
	-77.98898	39.59978
	-77.98795	39.59968
	-77.98723	39.59952
	-77.98609	39.59932
	-77.98515	39.5992
	-77.98455	39.59924
	-77.98299	39.59945
	-77.98216	39.59944
	-77.98068	39.59949
	-77.97812	39.5995
	-77.97727	39.59954
	-77.9766	39.59969
	-77.97566	39.59996
	-77.97476	39.60029
	-77.97382	39.60087
	-77.97322	39.6012
	-77.97285	39.60168
	-77.97247	39.60227
	-77.972	39.60277
	-77.97122	39.60345
	-77.97027	39.60433
	-77.96997	39.60478
	-77.96979	39.60534
	-77.96966	39.60561
	-77.9673	39.60694
	-77.96424	39.60808
	-77.96254	39.60853
	-77.96059	39.60883
	-77.95958	39.60881
	-77.95857	39.60874
	-77.95762	39.60853
	-77.95694	39.60835
	-77.95605	39.60822
	-77.95531	39.60808
	-77.95476	39.60787
	-77.95399	39.60751
	-77.95323	39.60703
	-77.95233	39.60651
	-77.95142	39.60576
	-77.95113	39.60529
	-77.95075	39.60453
	-77.95047	39.6037
	-77.95041	39.60278
	-77.95095	39.60088
	-77.9517	39.59873
	-77.95198	39.59806
	-77.95202	39.59752
	-77.95204	39.59693
	-77.95213	39.59655
	-77.95218	39.59582
	-77.95221	39.59485
	-77.95209	39.59377
	-77.95193	39.59273
	-77.95161	39.5915
	-77.95132	39.59071
	-77.95122	39.59013
	-77.95084	39.58892
	-77.9498	39.58702
	-77.94862	39.58588
	-77.94794	39.58547
	-77.94699	39.58497
	-77.94621	39.58471
	-77.94432	39.5844
	-77.94333	39.58442
	-77.94238	39.58471
	-77.94154	39.58507
	-77.94079	39.58547
	-77.94007	39.58604
	-77.93893	39.58707
	-77.93828	39.58806
	-77.9376	39.58941
	-77.93713	39.59048
	-77.93692	39.5915
	-77.93673	39.59272
	-77.93647	39.59364
	-77.9362	39.59576
	-77.93595	39.59694
	-77.93583	39.59812
	-77.93574	39.60019
	-77.93534	39.60429
	-77.93527	39.60594
	-77.93532	39.60698
	-77.9354	39.60797
	-77.93573	39.6091
	-77.93633	39.61011
	-77.93682	39.61075
	-77.93765	39.61154
	-77.93805	39.61214
	-77.93846	39.61254
	-77.93886	39.61287
	-77.93952	39.61328
	-77.94008	39.61343
	-77.94077	39.61355
	-77.94279	39.61367
	-77.94302	39.61387
	-77.94357	39.61413
	-77.94407	39.61454
	-77.9444	39.61491
	-77.94478	39.61545
	-77.9448	39.61603
	-77.94463	39.61668
	-77.94397	39.61754
	-77.94328	39.61801
	-77.94222	39.61856
	-77.94107	39.61891
	-77.93983	39.61902
	-77.93884	39.61906
	-77.9374	39.61902
	-77.93638	39.61893
	-77.93575	39.61883
	-77.93465	39.61846
	-77.93326	39.61788
	-77.93259	39.6174
	-77.93136	39.61642
	-77.92922	39.61442
	-77.92847	39.61377
	-77.92822	39.61333
	-77.92772	39.61235
	-77.9274	39.61132
	-77.92709	39.61017
	-77.92657	39.60894
	-77.92613	39.60821
	-77.92526	39.60697
	-77.92461	39.60633
	-77.92396	39.60551
	-77.92361	39.60497
	-77.92222	39.60447
	-77.92177	39.60451
	-77.92174	39.6045
	-77.92143	39.60435
	-77.92118	39.60414
	-77.92009	39.60362
	-77.91906	39.6033
	-77.91832	39.6032
	-77.91763	39.60307
	-77.91684	39.60294
	-77.9161	39.60277
	-77.91533	39.6027
	-77.91466	39.60271
	-77.9137	39.60278
	-77.91284	39.60275
	-77.91084	39.60254
	-77.90801	39.60164
	-77.90757	39.60142
	-77.9074	39.60145
	-77.90723	39.60142
	-77.90722	39.60118
	-77.90609	39.60096
	-77.90527	39.60075
	-77.90444	39.60075
	-77.90319	39.60068
	-77.90208	39.60056
	-77.90078	39.60045
	-77.9002	39.60026
	-77.8996	39.60001
	-77.8987	39.5996
	-77.89779	39.59932
	-77.89704	39.59896
	-77.89638	39.5987
	-77.8953	39.59841
	-77.89421	39.59823
	-77.89307	39.5979
	-77.89157	39.59763
	-77.88932	39.59735
	-77.88828	39.59742
	-77.88799	39.59738
	-77.88658	39.59746
	-77.88572	39.59754
	-77.88508	39.59768
	-77.88415	39.59804
	-77.88299	39.59852
	-77.88244	39.59885
	-77.88189	39.59938
	-77.88144	39.60014
	-77.88113	39.60093
	-77.88096	39.60178
	-77.88086	39.6021
	-77.88076	39.60288
	-77.88076	39.60402
	-77.88088	39.60511
	-77.88111	39.60621
	-77.88205	39.60819
	-77.88257	39.60892
	-77.88299	39.60945
	-77.88351	39.60998
	-77.88578	39.61193
	-77.88665	39.6128
	-77.88694	39.61341
	-77.887	39.61383
	-77.88688	39.61435
	-77.88653	39.61483
	-77.88607	39.61523
	-77.8856	39.61541
	-77.88508	39.6155
	-77.88513	39.61564
	-77.88503	39.61577
	-77.88472	39.61579
	-77.88354	39.61551
	-77.88291	39.61549
	-77.88191	39.61541
	-77.88129	39.61523
	-77.8803	39.61501
	-77.87913	39.6148
	-77.87847	39.61476
	-77.87807	39.61467
	-77.8774	39.61459
	-77.87757	39.61436
	-77.87749	39.61428
	-77.87684	39.61439
	-77.87592	39.61433
	-77.87495	39.61415
	-77.87386	39.61386
	-77.87303	39.61358
	-77.87138	39.61258
	-77.87167	39.6124
	-77.8703	39.61176
	-77.86909	39.6111
	-77.86842	39.61058
	-77.86782	39.6102
	-77.86716	39.60992
	-77.86636	39.60953
	-77.86521	39.6091
	-77.86393	39.6087
	-77.86204	39.6084
	-77.86087	39.60828
	-77.85988	39.60821
	-77.85777	39.60782
	-77.85697	39.60769
	-77.85645	39.60762
	-77.85585	39.60744
	-77.85458	39.60713
	-77.85397	39.60701
	-77.85338	39.60696
	-77.85278	39.60699
	-77.85245	39.60707
	-77.85204	39.60699
	-77.85141	39.60694
	-77.8508	39.60693
	-77.8498	39.60689
	-77.84898	39.60692
	-77.84875	39.60702
	-77.84825	39.60698
	-77.848	39.60692
	-77.84685	39.60679
	-77.84621	39.60681
	-77.84558	39.60671
	-77.84331	39.60693
	-77.84229	39.60692
	-77.84139	39.60683
	-77.83792	39.60583
	-77.83734	39.60558
	-77.83698	39.60524
	-77.83673	39.60494
	-77.83493	39.6038
	-77.834	39.60312
	-77.83346	39.60268
	-77.83289	39.60207
	-77.83225	39.60143
	-77.83195	39.60082
	-77.83175	39.6003
	-77.83161	39.59965
	-77.83128	39.59712
	-77.83116	39.59667
	-77.83071	39.59599
	-77.83053	39.59533
	-77.83056	39.59481
	-77.83053	39.59449
	-77.83008	39.59355
	-77.83009	39.59339
	-77.82983	39.59282
	-77.82986	39.59262
	-77.82985	39.59225
	-77.82976	39.59207
	-77.82967	39.59078
	-77.82976	39.58717
	-77.82985	39.5864
	-77.83008	39.58548
	-77.83048	39.58411
	-77.83103	39.58206
	-77.83108	39.58174
	-77.83078	39.58139
	-77.83081	39.581
	-77.83106	39.58055
	-77.83128	39.57994
	-77.83219	39.57706
	-77.83241	39.57598
	-77.8331	39.57363
	-77.83337	39.5725
	-77.83347	39.57151
	-77.8333	39.57128
	-77.83332	39.57096
	-77.83352	39.57046
	-77.83375	39.57058
	-77.8338	39.57015
	-77.83425	39.56923
	-77.83464	39.56854
	-77.83548	39.56727
	-77.83597	39.56663
	-77.83626	39.56638
	-77.83663	39.56611
	-77.83705	39.5659
	-77.83784	39.56564
	-77.83892	39.56538
	-77.84005	39.56499
	-77.84084	39.56463
	-77.84155	39.56447
	-77.84254	39.56437
	-77.84356	39.56437
	-77.84453	39.56444
	-77.84511	39.56442
	-77.84574	39.5643
	-77.84722	39.56422
	-77.85051	39.56435
	-77.85101	39.56426
	-77.85155	39.56428
	-77.85238	39.56442
	-77.85326	39.5645
	-77.85656	39.56452
	-77.8582	39.56438
	-77.85929	39.56435
	-77.86028	39.56422
	-77.86151	39.56403
	-77.86214	39.56386
	-77.86422	39.56373
	-77.8656	39.5636
	-77.86666	39.56361
	-77.86874	39.56376
	-77.87411	39.56396
	-77.87486	39.56392
	-77.87587	39.56379
	-77.87764	39.5635
	-77.87913	39.5632
	-77.88028	39.56279
	-77.88071	39.56276
	-77.88103	39.56254
	-77.88123	39.56237
	-77.88178	39.56224
	-77.88179	39.5621
	-77.88208	39.56208
	-77.88236	39.56186
	-77.88321	39.56142
	-77.88427	39.56109
	-77.885	39.56081
	-77.88617	39.56023
	-77.88684	39.55984
	-77.8875	39.55941
	-77.88766	39.55906
	-77.88797	39.55871
	-77.88848	39.55818
	-77.88853	39.55791
	-77.88881	39.55694
	-77.88883	39.55655
	-77.88873	39.55595
	-77.88871	39.55527
	-77.88849	39.555
	-77.88801	39.55374
	-77.88738	39.55283
	-77.88644	39.55195
	-77.88599	39.55162
	-77.88505	39.55098
	-77.88445	39.55076
	-77.88219	39.54979
	-77.88073	39.5491
	-77.87946	39.54847
	-77.87865	39.54787
	-77.87775	39.54729
	-77.87719	39.54691
	-77.87634	39.54642
	-77.87536	39.54603
	-77.87483	39.54579
	-77.87401	39.54533
	-77.87361	39.54505
	-77.87293	39.54477
	-77.87225	39.54455
	-77.87166	39.54424
	-77.87092	39.54373
	-77.8703	39.54326
	-77.86975	39.54265
	-77.86801	39.54105
	-77.86688	39.53997
	-77.86567	39.53885
	-77.86517	39.53824
	-77.865	39.5377
	-77.86478	39.5372
	-77.86448	39.53594
	-77.86443	39.53526
	-77.86443	39.53474
	-77.86459	39.53349
	-77.86465	39.53242
	-77.86466	39.53169
	-77.86479	39.5304
	-77.86488	39.52878
	-77.86504	39.52793
	-77.86508	39.52752
	-77.8654	39.52662
	-77.86573	39.52556
	-77.86594	39.5246
	-77.866	39.5239
	-77.86616	39.52299
	-77.86629	39.52194
	-77.86634	39.521
	-77.86633	39.52069
	-77.86619	39.51898
	-77.86605	39.51827
	-77.86587	39.51771
	-77.86561	39.51712
	-77.86508	39.51635
	-77.86488	39.516
	-77.86465	39.51569
	-77.8639	39.51516
	-77.86331	39.5148
	-77.86285	39.51455
	-77.8622	39.51435
	-77.86119	39.51421
	-77.86018	39.51412
	-77.85983	39.51406
	-77.85909	39.51405
	-77.85833	39.51417
	-77.85756	39.51435
	-77.85683	39.51446
	-77.8562	39.5145
	-77.85569	39.51468
	-77.8548	39.51482
	-77.85346	39.51491
	-77.85256	39.51495
	-77.85165	39.51509
	-77.85058	39.51523
	-77.85016	39.5152
	-77.84977	39.51527
	-77.84912	39.5155
	-77.8485	39.51558
	-77.84812	39.51571
	-77.84742	39.51604
	-77.84657	39.51637
	-77.84604	39.51642
	-77.84515	39.51661
	-77.84448	39.51684
	-77.84346	39.51741
	-77.84295	39.51789
	-77.84258	39.51809
	-77.84217	39.51835
	-77.84163	39.51907
	-77.84117	39.51964
	-77.84079	39.52031
	-77.84075	39.52043
	-77.84052	39.5212
	-77.8404	39.52194
	-77.84042	39.52277
	-77.84055	39.52343
	-77.84054	39.52453
	-77.84062	39.52506
	-77.84067	39.52606
	-77.84058	39.5271
	-77.84037	39.52797
	-77.84002	39.5289
	-77.83951	39.52973
	-77.83892	39.53041
	-77.83828	39.53102
	-77.83774	39.53135
	-77.83674	39.53189
	-77.83588	39.53214
	-77.8351	39.53224
	-77.83419	39.53229
	-77.83209	39.53202
	-77.83069	39.53162
	-77.82903	39.53105
	-77.82804	39.53062
	-77.82703	39.53013
	-77.82656	39.52992
	-77.82588	39.52946
	-77.82501	39.52868
	-77.82442	39.52793
	-77.82403	39.52708
	-77.82366	39.52591
	-77.82349	39.52497
	-77.82342	39.52403
	-77.82353	39.52331
	-77.82374	39.52222
	-77.82414	39.52062
	-77.82479	39.51873
	-77.82511	39.51762
	-77.82577	39.5165
	-77.82609	39.5161
	-77.82715	39.51528
	-77.82785	39.51478
	-77.8289	39.51428
	-77.83014	39.51377
	-77.83123	39.51328
	-77.83382	39.51182
	-77.835	39.51102
	-77.83916	39.50856
	-77.84025	39.50809
	-77.84225	39.5071
	-77.84495	39.50561
	-77.84571	39.50507
	-77.84637	39.50457
	-77.84684	39.50412
	-77.84734	39.50334
	-77.84759	39.50281
	-77.84774	39.5023
	-77.8478	39.50191
	-77.8478	39.50145
	-77.84765	39.50099
	-77.84749	39.50057
	-77.84719	39.50018
	-77.84639	39.49904
	-77.84597	39.4986
	-77.84559	39.49844
	-77.84546	39.49831
	-77.8454	39.49801
	-77.84519	39.49809
	-77.84481	39.49802
	-77.84448	39.49786
	-77.84376	39.49772
	-77.84336	39.49777
	-77.84313	39.49773
	-77.84268	39.49754
	-77.84235	39.49749
	-77.84205	39.49741
	-77.84167	39.49739
	-77.8414	39.49731
	-77.84119	39.49713
	-77.8407	39.4969
	-77.83946	39.49645
	-77.83876	39.49621
	-77.83833	39.49613
	-77.83751	39.49595
	-77.836	39.49556
	-77.83422	39.49501
	-77.83315	39.49472
	-77.83178	39.49432
	-77.83064	39.49395
	-77.82946	39.4936
	-77.82828	39.49339
	-77.82788	39.49329
	-77.82778	39.49318
	-77.82773	39.49302
	-77.82702	39.49292
	-77.82649	39.49302
	-77.8259	39.49315
	-77.82513	39.4933
	-77.82483	39.49344
	-77.82474	39.49351
	-77.82464	39.49354
	-77.82459	39.49354
	-77.82454	39.4935
	-77.82447	39.49349
	-77.82433	39.49365
	-77.82418	39.49367
	-77.8241	39.49366
	-77.82413	39.49351
	-77.82407	39.4935
	-77.824	39.49352
	-77.82389	39.49374
	-77.82371	39.4938
	-77.82232	39.49388
	-77.82167	39.49383
	-77.82082	39.49372
	-77.82009	39.49371
	-77.81992	39.49362
	-77.81957	39.49347
	-77.81645	39.4928
	-77.81629	39.49268
	-77.81562	39.49261
	-77.81507	39.49249
	-77.81221	39.49134
	-77.8111	39.49099
	-77.81024	39.49079
	-77.80755	39.49005
	-77.80682	39.49004
	-77.80625	39.48982
	-77.80379	39.48943
	-77.80284	39.48934
	-77.8017	39.48933
	-77.79984	39.48938
	-77.79801	39.48935
	-77.79683	39.48939
	-77.79563	39.48962
	-77.79447	39.48995
	-77.79291	39.49037
	-77.79233	39.49054
	-77.79176	39.49079
	-77.79129	39.49096
	-77.7908	39.49132
	-77.78966	39.49225
	-77.78882	39.49321
	-77.78814	39.49422
	-77.78711	39.49565
	-77.78629	39.4966
	-77.786	39.49678
	-77.78593	39.49681
	-77.7855	39.49733
	-77.78439	39.49802
	-77.78342	39.49842
	-77.78288	39.49871
	-77.78161	39.49907
	-77.77899	39.49924
	-77.77726	39.49927
	-77.77591	39.49927
	-77.77481	39.49922
	-77.77431	39.49923
	-77.77391	39.49915
	-77.77264	39.49877
	-77.77176	39.49872
	-77.77145	39.49881
	-77.7712	39.4989
	-77.77037	39.49877
	-77.76942	39.49832
	-77.76876	39.49787
	-77.76819	39.49756
	-77.76769	39.49727
	-77.76686	39.49665
	-77.76599	39.49572
	-77.76567	39.49509
	-77.76577	39.49497
	-77.76538	39.4945
	-77.76547	39.49431
	-77.76545	39.49399
	-77.76555	39.49303
	-77.76579	39.49275
	-77.76631	39.492
	-77.76694	39.49133
	-77.76912	39.49028
	-77.77093	39.48952
	-77.77275	39.48899
	-77.77676	39.48818
	-77.77831	39.48792
	-77.78092	39.48739
	-77.78176	39.48713
	-77.78284	39.48672
	-77.78437	39.48625
	-77.78602	39.48585
	-77.78701	39.48552
	-77.78766	39.4854
	-77.78868	39.485
	-77.79434	39.48226
	-77.79544	39.48158
	-77.79651	39.48079
	-77.79669	39.4805
	-77.79716	39.48007
	-77.79745	39.47953
	-77.79781	39.47902
	-77.79785	39.47838
	-77.79809	39.47764
	-77.79823	39.4769
	-77.79817	39.47574
	-77.79779	39.47458
	-77.79743	39.47376
	-77.79664	39.47245
	-77.79562	39.47132
	-77.79431	39.47032
	-77.7925	39.46925
	-77.78971	39.4677
	-77.78866	39.46722
	-77.78582	39.46609
	-77.78482	39.46574
	-77.78276	39.46527
	-77.78156	39.46495
	-77.7808	39.46472
	-77.78002	39.46445
	-77.77945	39.46403
	-77.77846	39.46353
	-77.77781	39.46283
	-77.77766	39.46233
	-77.77765	39.46172
	-77.77804	39.46111
	-77.77897	39.46034
	-77.77984	39.45992
	-77.78069	39.45975
	-77.78203	39.45973
	-77.78314	39.45988
	-77.78379	39.46019
	-77.78708	39.46099
	-77.79055	39.46169
	-77.79244	39.46195
	-77.79409	39.46192
	-77.79507	39.46183
	-77.79643	39.46147
	-77.79763	39.46095
	-77.79819	39.46045
	-77.79881	39.4596
	-77.79907	39.459
	-77.79908	39.45825
	-77.79869	39.45692
	-77.79848	39.45642
	-77.79841	39.45627
	-77.79791	39.4556
	-77.79685	39.45456
	-77.79401	39.45204
	-77.79287	39.45134
	-77.79223	39.45093
	-77.79158	39.45061
	-77.79057	39.45002
	-77.78947	39.44948
	-77.78831	39.44877
	-77.78713	39.44812
	-77.78613	39.44734
	-77.7857	39.44688
	-77.78534	39.44641
	-77.7852	39.44575
	-77.7853	39.4451
	-77.78563	39.44454
	-77.7861	39.44408
	-77.78696	39.44341
	-77.78809	39.4429
	-77.78881	39.44269
	-77.78967	39.44251
	-77.79082	39.44223
	-77.79139	39.44212
	-77.7924	39.44199
	-77.79354	39.44187
	-77.79397	39.44178
	-77.7957	39.4417
	-77.7971	39.44155
	-77.79892	39.44127
	-77.80057	39.44071
	-77.80122	39.4404
	-77.80196	39.43978
	-77.80283	39.43887
	-77.80318	39.43829
	-77.80329	39.43784
	-77.80328	39.43715
	-77.80296	39.4365
	-77.80259	39.4359
	-77.80187	39.43508
	-77.80121	39.43467
	-77.80055	39.43411
	-77.79981	39.43353
	-77.79907	39.43316
	-77.79861	39.43289
	-77.79806	39.43245
	-77.79709	39.43194
	-77.79643	39.43156
	-77.79467	39.43095
	-77.79382	39.43076
	-77.79298	39.43059
	-77.792	39.43025
	-77.79095	39.42994
	-77.78997	39.42976
	-77.78924	39.4295
	-77.78741	39.42896
	-77.78728	39.42893
	-77.7865	39.42881
	-77.78555	39.42885
	-77.78436	39.42904
	-77.78306	39.42908
	-77.78165	39.42905
	-77.7814	39.42916
	-77.7814	39.429
	-77.78118	39.42891
	-77.77953	39.42896
	-77.77942	39.42891
	-77.77947	39.42884
	-77.77959	39.42879
	-77.77953	39.42872
	-77.77794	39.42862
	-77.77754	39.42862
	-77.77717	39.42848
	-77.7757	39.42799
	-77.77475	39.42778
	-77.77387	39.42771
	-77.77244	39.42784
	-77.77138	39.4279
	-77.77071	39.42808
	-77.7704	39.42796
	-77.76895	39.42811
	-77.76835	39.42816
	-77.76805	39.4283
	-77.768	39.42813
	-77.76742	39.4282
	-77.76531	39.42818
	-77.76431	39.42812
	-77.76417	39.42823
	-77.76405	39.42826
	-77.76401	39.42814
	-77.76392	39.42813
	-77.76376	39.42825
	-77.7637	39.42828
	-77.76356	39.42825
	-77.76347	39.4282
	-77.76354	39.42813
	-77.76369	39.42807
	-77.76365	39.428
	-77.76336	39.42802
	-77.76211	39.42796
	-77.76125	39.42783
	-77.76028	39.42752
	-77.75847	39.42671
	-77.75445	39.42431
	-77.75372	39.42393
	-77.75321	39.42325
	-77.75277	39.42279
	-77.75276	39.42243
	-77.75286	39.42194
	-77.75304	39.42121
	-77.75301	39.42077
	-77.75284	39.42041
	-77.75253	39.42001
	-77.75225	39.41958
	-77.75196	39.419
	-77.75032	39.41653
	-77.74957	39.41501
	-77.74911	39.41371
	-77.74879	39.41332
	-77.74819	39.41193
	-77.74821	39.41172
	-77.74778	39.41132
	-77.74753	39.41079
	-77.7467	39.40963
	-77.74623	39.40891
	-77.7456	39.40837
	-77.74512	39.40787
	-77.74471	39.40758
	-77.74439	39.40725
	-77.74192	39.40452
	-77.74145	39.40398
	-77.74089	39.40331
	-77.74092	39.4032
	-77.74083	39.40307
	-77.74065	39.40303
	-77.74061	39.40296
	-77.74063	39.40282
	-77.74032	39.40232
	-77.73995	39.40177
	-77.73907	39.4002
	-77.73863	39.39923
	-77.73829	39.39855
	-77.73808	39.3979
	-77.7378	39.39728
	-77.7377	39.39673
	-77.73755	39.39634
	-77.73708	39.39498
	-77.73679	39.39388
	-77.73636	39.3927
	-77.73609	39.39202
	-77.73605	39.39159
	-77.73584	39.39097
	-77.73587	39.39032
	-77.73566	39.38983
	-77.7357	39.38906
	-77.7361	39.38778
	-77.73633	39.38726
	-77.73672	39.38687
	-77.73725	39.38641
	-77.73792	39.38599
	-77.73873	39.38561
	-77.73999	39.38533
	-77.7411	39.38518
	-77.74831	39.38446
	-77.74939	39.38422
	-77.75008	39.38389
	-77.75123	39.38344
	-77.75224	39.38274
	-77.75273	39.38207
	-77.75294	39.38145
	-77.75284	39.38127
	-77.75297	39.38113
	-77.75319	39.38013
	-77.75306	39.37983
	-77.75301	39.37918
	-77.75271	39.37824
	-77.75223	39.37731
	-77.75152	39.37665
	-77.75059	39.37555
	-77.74987	39.37447
	-77.74921	39.37335
	-77.74898	39.37243
	-77.74798	39.37104
	-77.74747	39.37037
	-77.747	39.36999
	-77.7467	39.36927
	-77.74503	39.36698
	-77.74373	39.36505
	-77.7434	39.3641
	-77.74335	39.36312
	-77.7432	39.3621
	-77.74348	39.35955
	-77.74397	39.35747
	-77.74455	39.35589
	-77.74516	39.3548
	-77.74593	39.35322
	-77.74704	39.35177
	-77.74848	39.35036
	-77.74999	39.34935
	-77.75072	39.34893
	-77.75195	39.3484
	-77.75342	39.34781
	-77.75473	39.3474
	-77.75598	39.34699
	-77.75719	39.34641
	-77.75807	39.34584
	-77.75951	39.34472
	-77.76004	39.3437
	-77.76069	39.34251
	-77.76084	39.34168
	-77.7609	39.34101
	-77.76073	39.33996
	-77.76021	39.33872
	-77.75965	39.3376
	-77.7591	39.33689
	-77.75871	39.33636
	-77.75833	39.33609
	-77.75815	39.33565
	-77.75803	39.33543
	-77.75762	39.33529
	-77.75634	39.33429
	-77.75559	39.33389
	-77.75488	39.33348
	-77.7542	39.33328
	-77.75359	39.3333
	-77.75253	39.33331
	-77.75176	39.33324
	-77.75108	39.33308
	-77.7504	39.33284
	-77.74971	39.33249
	-77.74908	39.33222
	-77.7486	39.33216
	-77.7479	39.33172
	-77.74742	39.33147
	-77.74223	39.32916
	-77.74147	39.32885
	-77.74095	39.32871
	-77.7404	39.32863
	-77.74	39.32854
	-77.73952	39.3283
	-77.73903	39.32817
	-77.73848	39.32786
	-77.7379	39.32778
	-77.73602	39.3274
	-77.73518	39.32719
	-77.73406	39.32676
	-77.73209	39.32568
	-77.72857	39.32333
	-77.72677	39.32182
	-77.72652	39.32182
	-77.72625	39.32169
	-77.72569	39.32151
	-77.72474	39.32133
	-77.72373	39.32123
	-77.72078	39.3212
	-77.72	39.32125
	-77.71903	39.32113
	-77.7273	39.31991
	-77.73399	39.31504
	-77.73496	39.31332
	-77.73531	39.31285
	-77.73712	39.31012
	-77.74025	39.30518
	-77.74457	39.30027
	-77.74713	39.29631
	-77.74963	39.29091
	-77.75272	39.28642
	-77.7546	39.28236
	-77.75528	39.27934
	-77.75465	39.27929
	-77.75435	39.2792
	-77.75343	39.27859
	-77.7532	39.27832
	-77.75271	39.27701
	-77.75271	39.27682
	-77.7529	39.27598
	-77.75302	39.27573
	-77.75359	39.27501
	-77.7539	39.27477
	-77.75461	39.27442
	-77.75557	39.27416
	-77.75584	39.27407
	-77.75709	39.27276
	-77.7572	39.27239
	-77.75687	39.27019
	-77.75658	39.27011
	-77.757	39.26854
	-77.7571	39.26793
	-77.75865	39.26628
	-77.76031	39.26592
	-77.76133	39.26567
	-77.7636	39.26316
	-77.76581	39.26121
	-77.76945	39.25764
	-77.7707	39.25539
	-77.77135	39.25313
	-77.77086	39.24859
	-77.77033	39.24586
	-77.77102	39.24179
	-77.77131	39.24043
	-77.77203	39.23866
	-77.77364	39.23635
	-77.77475	39.23504
	-77.77549	39.23423
	-77.77757	39.23241
	-77.78101	39.22919
	-77.78203	39.22833
	-77.78509	39.22476
	-77.78878	39.21937
	-77.7918	39.21244
	-77.79565	39.2045
	-77.79794	39.19816
	-77.79816	39.19753
	-77.79802	39.19746
	-77.79754	39.19713
	-77.79712	39.19676
	-77.79754	39.19352
	-77.79813	39.1932
	-77.79925	39.19297
	-77.79935	39.19298
	-77.79951	39.19232
	-77.80092	39.18749
	-77.80283	39.18298
	-77.80357	39.17801
	-77.80533	39.17429
	-77.80736	39.17082
	-77.8104	39.16816
	-77.81349	39.16413
	-77.81598	39.16054
	-77.81785	39.15741
	-77.81983	39.15149
	-77.82072	39.1492
	-77.82134	39.14683
	-77.82266	39.14095
	-77.82258	39.13992
	-77.82396	39.13818
	-77.82777	39.13494
	-77.82808	39.13386
	-77.82804	39.13213
	-77.86031	39.15308
	-77.91939	39.19119
	-78.03284	39.2644
	-78.10875	39.31246
	-78.14092	39.33375
	-78.15819	39.34339
	-78.18737	39.36399
	-78.2054	39.3751
	-78.2064	39.37579
	-78.22991	39.39289
	-78.26278	39.41432
	-78.28798	39.42875
	-78.34709	39.46601
	-78.34948	39.4622
	-78.34514	39.45948
	-78.34582	39.4535
	-78.34696	39.45068
	-78.34733	39.44766
	-78.34606	39.44561
	-78.34655	39.44262
	-78.34777	39.44058
	-78.35323	39.43679
	-78.34794	39.43088
	-78.34672	39.42762
	-78.34835	39.42443
	-78.35124	39.42059
	-78.35663	39.4159
	-78.35935	39.41253
	-78.35992	39.40903
	-78.35795	39.40419
	-78.34944	39.39725
	-78.35001	39.39286
	-78.34321	39.38881
	-78.35484	39.37162
	-78.36263	39.36289
	-78.36687	39.35929
	-78.36227	39.35778
	-78.3487	39.35474
	-78.34048	39.35349
	-78.33896	39.34989
	-78.33928	39.3486
	-78.34131	39.34555
	-78.34251	39.34677
	-78.34368	39.34671
	-78.34741	39.3434
	-78.34763	39.34272
	-78.34546	39.34102
	-78.3463	39.33911
	-78.35091	39.33185
	-78.35118	39.33199
	-78.35409	39.3305
	-78.35412	39.33011
	-78.35407	39.32961
	-78.35403	39.32945
	-78.35404	39.32935
	-78.35415	39.32921
	-78.3544	39.32879
	-78.35455	39.32838
	-78.35461	39.32769
	-78.35445	39.32702
	-78.35408	39.32686
	-78.35857	39.3198
	-78.35893	39.31948
	-78.36003	39.31777
	-78.36156	39.31803
	-78.36289	39.31773
	-78.36281	39.31761
	-78.36255	39.31707
	-78.36247	39.31682
	-78.36242	39.31582
	-78.36258	39.31516
	-78.36277	39.31461
	-78.36301	39.31412
	-78.36328	39.31372
	-78.36379	39.31319
	-78.36444	39.31275
	-78.36459	39.31233
	-78.36685	39.31124
	-78.36724	39.31015
	-78.3716	39.30769
	-78.37473	39.30514
	-78.38589	39.29489
	-78.38724	39.29343
	-78.38719	39.29144
	-78.38878	39.28857
	-78.39337	39.28299
	-78.39351	39.28294
	-78.3941	39.28367
	-78.39414	39.28389
	-78.39421	39.28394
	-78.39426	39.28388
	-78.39454	39.28422
	-78.3946	39.28425
	-78.39498	39.28425
	-78.39503	39.28426
	-78.39503	39.28425
	-78.39548	39.28425
	-78.39554	39.2843
	-78.39561	39.28429
	-78.39561	39.28425
	-78.39627	39.28424
	-78.39633	39.28422
	-78.39659	39.28407
	-78.39749	39.28204
	-78.39749	39.28201
	-78.39735	39.28175
	-78.39868	39.28133
	-78.40227	39.27724
	-78.40181	39.27675
	-78.40278	39.27547
	-78.4142	39.26391
	-78.41544	39.26238
	-78.41447	39.26165
	-78.41446	39.2616
	-78.41443	39.26107
	-78.41451	39.26056
	-78.41458	39.26033
	-78.4148	39.25985
	-78.41496	39.2596
	-78.41518	39.25933
	-78.41582	39.25861
	-78.41604	39.2584
	-78.41611	39.2583
	-78.41636	39.25801
	-78.41668	39.25773
	-78.41705	39.2575
	-78.41893	39.25808
	-78.41942	39.25748
	-78.41858	39.25606
	-78.41612	39.25541
	-78.41463	39.25573
	-78.40912	39.25256
	-78.40497	39.24882
	-78.4047	39.24915
	-78.40421	39.24958
	-78.40379	39.24985
	-78.40303	39.25014
	-78.40238	39.25024
	-78.40118	39.25006
	-78.3993	39.24913
	-78.39831	39.24876
	-78.39772	39.2485
	-78.39722	39.24844
	-78.39547	39.24621
	-78.3977	39.24447
	-78.39851	39.24456
	-78.3991	39.24473
	-78.39978	39.24504
	-78.40058	39.24534
	-78.40094	39.24517
	-78.39978	39.24413
	-78.39967	39.24387
	-78.40421	39.24121
	-78.40498	39.23801
	-78.40558	39.23118
	-78.41789	39.2175
	-78.42397	39.21205
	-78.42791	39.20861
	-78.4298	39.20701
	-78.43117	39.20574
	-78.43213	39.20472
	-78.43652	39.2003
	-78.4356	39.19889
	-78.43587	39.1977
	-78.436	39.19737
	-78.43613	39.19711
	-78.43622	39.19695
	-78.43643	39.19664
	-78.43085	39.19623
	-78.4249	39.1933
	-78.42429	39.19216
	-78.4287	39.18722
	-78.42631	39.18276
	-78.41197	39.17273
	-78.40697	39.1709
	-78.4037	39.16745
	-78.4126	39.16004
	-78.41394	39.15841
	-78.42729	39.15273
	-78.43666	39.14169
	-78.43777	39.13543
	-78.43943	39.13215
	-78.45987	39.11335
	-78.46666	39.11286
	-78.46953	39.1112
	-78.47026	39.11006
	-78.47321	39.10814
	-78.47538	39.10747
	-78.47732	39.1094
	-78.47843	39.10984
	-78.48428	39.10737
	-78.49516	39.10099
	-78.49598	39.09898
	-78.50438	39.0914
	-78.50762	39.08914
	-78.5121	39.08488
	-78.51648	39.0818
	-78.51595	39.08005
	-78.51679	39.07757
	-78.52271	39.07106
	-78.52654	39.06822
	-78.53169	39.06652
	-78.54022	39.06063
	-78.54568	39.05505
	-78.54773	39.05407
	-78.55426	39.04806
	-78.55675	39.04453
	-78.56	39.04157
	-78.5719	39.032
	-78.56584	39.0263
	-78.56507	39.02593
	-78.56329	39.02633
	-78.55964	39.02446
	-78.55738	39.02139
	-78.55047	39.01806
	-78.55232	39.01637
	-78.55492	39.01512
	-78.5594	39.01188
	-78.56171	39.00901
	-78.57046	39.00155
	-78.58046	38.99057
	-78.58198	38.9884
	-78.58293	38.98542
	-78.5887	38.97858
	-78.59326	38.97192
	-78.59601	38.97019
	-78.59889	38.96955
	-78.6014	38.96653
	-78.60165	38.9646
	-78.60837	38.96974
	-78.61118	38.97613
	-78.61431	38.97585
	-78.61868	38.97408
	-78.61998	38.97734
	-78.61991	38.98129
	-78.62045	38.9826
	-78.62567	38.98257
	-78.62955	38.98087
	-78.63085	38.97959
	-78.63245	38.97698
	-78.63247	38.97474
	-78.63842	38.96682
	-78.64659	38.96814
	-78.65235	38.96068
	-78.65504	38.95377
	-78.65905	38.94738
	-78.66208	38.9457
	-78.66589	38.94158
	-78.66659	38.9392
	-78.67068	38.9338
	-78.68046	38.92531
	-78.68162	38.92584
	-78.68827	38.92478
	-78.69145	38.9222
	-78.69738	38.9156
	-78.70432	38.91523
	-78.71262	38.90866
	-78.71617	38.90483
	-78.71718	38.9043
	-78.71865	38.90456
	-78.71911	38.9051
	-78.72114	38.90485
	-78.72122	38.9049
	-78.72149	38.90515
	-78.72192	38.9058
	-78.72197	38.90591
	-78.72208	38.90626
	-78.72215	38.90658
	-78.72221	38.907
	-78.72259	38.90732
	-78.72281	38.90757
	-78.72305	38.9079
	-78.72333	38.90841
	-78.7235	38.90876
	-78.72364	38.90938
	-78.72366	38.90961
	-78.72363	38.91013
	-78.72352	38.91063
	-78.72344	38.91087
	-78.72327	38.91125
	-78.7231	38.91154
	-78.72302	38.91164
	-78.72286	38.91201
	-78.72283	38.91211
	-78.72282	38.91235
	-78.72077	38.9143
	-78.72034	38.91385
	-78.71945	38.92026
	-78.71967	38.92162
	-78.72063	38.92124
	-78.72094	38.92137
	-78.72207	38.92245
	-78.72231	38.92307
	-78.72234	38.92321
	-78.72238	38.92361
	-78.72239	38.9241
	-78.72238	38.9243
	-78.72232	38.92472
	-78.7222	38.92519
	-78.72211	38.92546
	-78.72215	38.92596
	-78.72213	38.92639
	-78.72201	38.92694
	-78.72182	38.9275
	-78.72161	38.92804
	-78.7215	38.92865
	-78.7214	38.92903
	-78.7213	38.92929
	-78.72163	38.92908
	-78.72193	38.92893
	-78.72206	38.92888
	-78.72249	38.92876
	-78.72266	38.92874
	-78.72318	38.92873
	-78.72332	38.92874
	-78.72367	38.92881
	-78.7238	38.92885
	-78.72417	38.929
	-78.72539	38.92875
	-78.72642	38.92859
	-78.7266	38.92846
	-78.72713	38.9279
	-78.72747	38.9276
	-78.72767	38.92746
	-78.72786	38.92734
	-78.72835	38.92711
	-78.72876	38.92696
	-78.72888	38.92693
	-78.72911	38.92673
	-78.72942	38.9265
	-78.72983	38.92626
	-78.73003	38.92605
	-78.7303	38.92557
	-78.73058	38.92525
	-78.73091	38.92499
	-78.73107	38.92488
	-78.73139	38.9247
	-78.73168	38.92458
	-78.7318	38.92454
	-78.73222	38.92445
	-78.73236	38.92443
	-78.73281	38.92442
	-78.73323	38.92448
	-78.73352	38.92455
	-78.73375	38.92462
	-78.73395	38.9247
	-78.73507	38.92503
	-78.73518	38.92505
	-78.73561	38.92509
	-78.73686	38.92509
	-78.73773	38.92515
	-78.7384	38.92526
	-78.73902	38.92539
	-78.73977	38.92646
	-78.75052	38.91603
	-78.75466	38.90758
	-78.75452	38.90573
	-78.75728	38.9032
	-78.75908	38.90053
	-78.77279	38.89374
	-78.7792	38.8923
	-78.78602	38.88719
	-78.78803	38.88512
	-78.79008	38.88008
	-78.79161	38.87759
	-78.79621	38.87461
	-78.80818	38.85618
	-78.81094	38.84962
	-78.81512	38.84159
	-78.82117	38.83098
	-78.82726	38.82161
	-78.83227	38.81439
	-78.83519	38.8115
	-78.84819	38.79498
	-78.86368	38.7718
	-78.8659	38.76703
	-78.86928	38.76299
	-78.94435	38.81543
	-78.94352	38.8164
	-78.94356	38.81691
	-78.94454	38.81847
	-78.94466	38.81854
	-78.94575	38.81881
	-78.94638	38.81879
	-78.94748	38.81761
	-78.994	38.8501
	-78.99817	38.84735
	-79.00025	38.84541
	-78.99886	38.84096
	-78.99901	38.84007
	-79.00235	38.83651
	-79.00515	38.82991
	-79.00635	38.82611
	-79.00615	38.82451
	-79.00655	38.82371
	-79.00795	38.82231
	-79.01195	38.82041
	-79.01675	38.82001
	-79.01806	38.81903
	-79.01852	38.82
	-79.01858	38.82002
	-79.0189	38.82028
	-79.02052	38.82067
	-79.02087	38.8206
	-79.02248	38.81881
	-79.02251	38.8185
	-79.02275	38.81802
	-79.02294	38.8174
	-79.023	38.81696
	-79.02287	38.81595
	-79.02287	38.81578
	-79.02269	38.81495
	-79.02254	38.81463
	-79.02212	38.81403
	-79.02186	38.81377
	-79.02178	38.81362
	-79.02405	38.80921
	-79.02445	38.80371
	-79.02345	38.80261
	-79.02305	38.79861
	-79.02725	38.79211
	-79.02925	38.79101
	-79.03315	38.79101
	-79.04655	38.79211
	-79.04895	38.79071
	-79.05174	38.78839
	-79.05087	38.78779
	-79.05228	38.78576
	-79.05252	38.78535
	-79.05271	38.7848
	-79.05289	38.78442
	-79.05307	38.78413
	-79.05339	38.78375
	-79.05339	38.78372
	-79.05338	38.78363
	-79.05314	38.78287
	-79.05297	38.78257
	-79.05278	38.78219
	-79.05286	38.78215
	-79.05229	38.78102
	-79.05229	38.78054
	-79.05313	38.77971
	-79.05245	38.77921
	-79.05165	38.77801
	-79.05125	38.77391
	-79.05155	38.77261
	-79.05375	38.77231
	-79.05565	38.77091
	-79.05675	38.76651
	-79.05725	38.76141
	-79.05755	38.76021
	-79.06095	38.75671
	-79.06485	38.75441
	-79.07255	38.74751
	-79.07275	38.74461
	-79.07385	38.74211
	-79.07655	38.73921
	-79.07965	38.73471
	-79.08195	38.72971
	-79.08545	38.72461
	-79.08725	38.72011
	-79.08655	38.71601
	-79.09275	38.70231
	-79.09255	38.70015
	-79.09239	38.69962
	-79.09389	38.69803
	-79.09387	38.69758
	-79.09411	38.69694
	-79.09424	38.69624
	-79.09424	38.69568
	-79.09406	38.69482
	-79.09404	38.69479
	-79.09388	38.69396
	-79.09351	38.69313
	-79.09249	38.69178
	-79.09164	38.69113
	-79.09147	38.69106
	-79.09117	38.69067
	-79.09092	38.6904
	-79.09054	38.69006
	-79.08813	38.69018
	-79.08805	38.69011
	-79.08555	38.68882
	-79.08435	38.68652
	-79.08485	38.68471
	-79.0839	38.68456
	-79.08382	38.68444
	-79.08344	38.6831
	-79.08353	38.68198
	-79.08451	38.68041
	-79.0854	38.6799
	-79.08613	38.68009
	-79.08785	38.67382
	-79.09105	38.66932
	-79.09275	38.66282
	-79.09295	38.65952
	-79.1046	38.65665
	-79.10468	38.65775
	-79.10563	38.65857
	-79.10588	38.65875
	-79.1069	38.65939
	-79.10713	38.65952
	-79.10879	38.66027
	-79.10916	38.66046
	-79.10956	38.66064
	-79.10996	38.66078
	-79.11126	38.66113
	-79.11258	38.66142
	-79.11283	38.66146
	-79.1133	38.66149
	-79.11374	38.66148
	-79.11411	38.66143
	-79.11478	38.66128
	-79.11562	38.65995
	-79.12026	38.66022
	-79.12226	38.65982
	-79.12876	38.65565
	-79.12844	38.65558
	-79.12902	38.65282
	-79.12938	38.65258
	-79.12949	38.65238
	-79.12951	38.65223
	-79.12939	38.65074
	-79.12997	38.64915
	-79.13051	38.64861
	-79.13069	38.64828
	-79.1334	38.64745
	-79.13407	38.64965
	-79.13511	38.64874
	-79.13561	38.6481
	-79.13569	38.64792
	-79.13569	38.64651
	-79.13621	38.64612
	-79.13641	38.64591
	-79.13641	38.64586
	-79.13633	38.64592
	-79.13622	38.64578
	-79.13376	38.64612
	-79.13338	38.64331
	-79.13354	38.64311
	-79.13366	38.64299
	-79.13389	38.6424
	-79.13394	38.64231
	-79.13427	38.64191
	-79.13441	38.64178
	-79.13454	38.6415
	-79.13481	38.64109
	-79.13486	38.64099
	-79.13542	38.63886
	-79.13786	38.63743
	-79.13809	38.63781
	-79.13966	38.63722
	-79.14266	38.63442
	-79.14674	38.62582
	-79.14697	38.62564
	-79.15126	38.62062
	-79.15276	38.61718
	-79.15443	38.61672
	-79.15468	38.61629
	-79.15522	38.61526
	-79.15553	38.61458
	-79.15571	38.61416
	-79.15594	38.61353
	-79.15626	38.61283
	-79.15641	38.61246
	-79.15647	38.61226
	-79.15655	38.61187
	-79.15664	38.61106
	-79.15666	38.61067
	-79.15663	38.61027
	-79.15657	38.60999
	-79.15672	38.60957
	-79.1568	38.609
	-79.15676	38.60848
	-79.15662	38.60796
	-79.15681	38.6075
	-79.15682	38.60732
	-79.15677	38.6067
	-79.15673	38.6065
	-79.1566	38.6061
	-79.15649	38.60567
	-79.15561	38.60513
	-79.15916	38.60122
	-79.15896	38.59452
	-79.15826	38.59392
	-79.15866	38.59232
	-79.16346	38.58312
	-79.16697	38.57968
	-79.16619	38.57822
	-79.16639	38.57754
	-79.1667	38.57693
	-79.16723	38.57621
	-79.16753	38.57534
	-79.1679	38.57469
	-79.16818	38.57435
	-79.16858	38.57399
	-79.16893	38.57352
	-79.16931	38.57313
	-79.1694	38.57306
	-79.16941	38.57267
	-79.17133	38.57084
	-79.17066	38.56923
	-79.17096	38.56812
	-79.17451	38.56653
	-79.17488	38.56631
	-79.17666	38.56552
	-79.18086	38.55992
	-79.18193	38.5571
	-79.18047	38.55651
	-79.18041	38.55637
	-79.18025	38.55575
	-79.18022	38.55538
	-79.18069	38.55393
	-79.18101	38.55355
	-79.18115	38.55334
	-79.18159	38.55159
	-79.18175	38.55117
	-79.18207	38.55055
	-79.1825	38.54999
	-79.18302	38.54951
	-79.18355	38.54917
	-79.18397	38.54897
	-79.18428	38.54878
	-79.18533	38.54772
	-79.18536	38.54764
	-79.18651	38.54641
	-79.18783	38.54588
	-79.18806	38.5458
	-79.18841	38.54572
	-79.18925	38.54559
	-79.19007	38.54619
	-79.19346	38.54242
	-79.19696	38.53672
	-79.20146	38.52782
	-79.20586	38.52452
	-79.21096	38.50742
	-79.20696	38.50352
	-79.20788	38.50043
	-79.20796	38.5
	-79.2097	38.49557
	-79.21002	38.49425
	-79.21059	38.49291
	-79.21521	38.48926
	-79.21907	38.48744
	-79.22141	38.48484
	-79.22096	38.48059
	-79.22307	38.47875
	-79.22195	38.47809
	-79.22339	38.47566
	-79.22377	38.47556
	-79.22422	38.47526
	-79.22452	38.47508
	-79.22559	38.47459
	-79.22589	38.47433
	-79.22651	38.47385
	-79.22723	38.47338
	-79.22769	38.47301
	-79.22801	38.47279
	-79.22812	38.47273
	-79.22857	38.47255
	-79.22884	38.47247
	-79.22923	38.47241
	-79.23005	38.47235
	-79.23095	38.47215
	-79.23121	38.47206
	-79.23188	38.47174
	-79.23273	38.47141
	-79.23365	38.47114
	-79.23396	38.47107
	-79.23446	38.47103
	-79.23577	38.47225
	-79.23858	38.47067
	-79.23794	38.46977
	-79.23797	38.4696
	-79.23811	38.46911
	-79.23819	38.46892
	-79.23835	38.46843
	-79.23853	38.46799
	-79.23863	38.46748
	-79.23883	38.46701
	-79.23891	38.46687
	-79.23981	38.46563
	-79.24002	38.46529
	-79.24003	38.46501
	-79.24008	38.46495
	-79.24007	38.46448
	-79.24009	38.46442
	-79.24065	38.46371
	-79.24059	38.46367
	-79.24095	38.46314
	-79.24111	38.46293
	-79.24141	38.46259
	-79.24156	38.46239
	-79.24131	38.46196
	-79.2412	38.46174
	-79.24089	38.46099
	-79.24067	38.46038
	-79.24046	38.45943
	-79.24042	38.45919
	-79.24038	38.45866
	-79.24038	38.45785
	-79.24039	38.45758
	-79.24048	38.45696
	-79.24055	38.45661
	-79.24076	38.45601
	-79.24104	38.45544
	-79.2417	38.45442
	-79.24206	38.45397
	-79.24237	38.45368
	-79.24251	38.45357
	-79.24278	38.4534
	-79.24312	38.45323
	-79.24316	38.45319
	-79.24355	38.45296
	-79.244	38.45267
	-79.2443	38.45251
	-79.24456	38.4524
	-79.24496	38.45228
	-79.2469	38.4519
	-79.24732	38.45187
	-79.24775	38.45187
	-79.2481	38.4519
	-79.24876	38.452
	-79.24876	38.45161
	-79.24878	38.45124
	-79.24882	38.451
	-79.24901	38.45037
	-79.24956	38.44967
	-79.25024	38.4493
	-79.25028	38.44929
	-79.25083	38.44919
	-79.25143	38.44926
	-79.25147	38.44927
	-79.25235	38.44976
	-79.2527	38.45018
	-79.253	38.45092
	-79.25304	38.45112
	-79.25314	38.45118
	-79.25321	38.45111
	-79.25333	38.45095
	-79.25394	38.45009
	-79.25458	38.4493
	-79.25509	38.44872
	-79.25561	38.44822
	-79.25586	38.44801
	-79.2563	38.44757
	-79.25655	38.44735
	-79.25676	38.44711
	-79.257	38.44673
	-79.25725	38.44641
	-79.25745	38.44619
	-79.25807	38.44558
	-79.25842	38.4453
	-79.25869	38.44514
	-79.25911	38.44497
	-79.25929	38.44475
	-79.25975	38.44428
	-79.26007	38.44401
	-79.26036	38.44383
	-79.26078	38.44363
	-79.26124	38.4435
	-79.26133	38.44339
	-79.262	38.4433
	-79.26185	38.44262
	-79.26194	38.44248
	-79.26235	38.44192
	-79.26288	38.44133
	-79.26317	38.44107
	-79.26383	38.4406
	-79.26396	38.44076
	-79.26619	38.43997
	-79.26626	38.44016
	-79.26741	38.43832
	-79.27206	38.43738
	-79.27453	38.43634
	-79.28188	38.43227
	-79.28069	38.43112
	-79.28068	38.43087
	-79.28071	38.43043
	-79.28054	38.43001
	-79.28022	38.4295
	-79.28004	38.42915
	-79.27997	38.42905
	-79.27986	38.42893
	-79.27975	38.42884
	-79.27945	38.42851
	-79.27923	38.42831
	-79.27882	38.42738
	-79.27853	38.42699
	-79.2783	38.42587
	-79.27974	38.42373
	-79.28015	38.42076
	-79.28297	38.4181
	-79.28561	38.41925
	-79.28687	38.42056
	-79.28843	38.42096
	-79.29053	38.42076
	-79.29064	38.42066
	-79.29048	38.41842
	-79.29077	38.41808
	-79.29109	38.41776
	-79.2913	38.4176
	-79.29163	38.41739
	-79.29179	38.41732
	-79.29193	38.41709
	-79.29215	38.41668
	-79.29223	38.41649
	-79.29243	38.41614
	-79.29264	38.41585
	-79.29325	38.41533
	-79.29367	38.41513
	-79.29397	38.41504
	-79.29446	38.41497
	-79.2952	38.41505
	-79.29561	38.4152
	-79.29597	38.41541
	-79.29627	38.41564
	-79.29649	38.41588
	-79.29671	38.41619
	-79.29688	38.41649
	-79.29706	38.41689
	-79.29715	38.417
	-79.29701	38.41821
	-79.29707	38.41833
	-79.29946	38.41714
	-79.29958	38.41712
	-79.29983	38.41702
	-79.30012	38.41686
	-79.30036	38.4167
	-79.30079	38.41668
	-79.30131	38.41653
	-79.30192	38.41659
	-79.30218	38.4166
	-79.30258	38.41659
	-79.30263	38.4166
	-79.30299	38.41675
	-79.30334	38.41695
	-79.30367	38.41709
	-79.30386	38.41716
	-79.30408	38.41722
	-79.30459	38.41733
	-79.30507	38.41734
	-79.30551	38.41727
	-79.30559	38.41724
	-79.30646	38.41673
	-79.30682	38.41631
	-79.30711	38.41571
	-79.30725	38.41525
	-79.30735	38.41479
	-79.3074	38.4144
	-79.30742	38.41361
	-79.30747	38.41306
	-79.31228	38.41188
	-79.3703	38.42724
	-79.39615	38.43453
	-79.39571	38.43499
	-79.39555	38.43604
	-79.39533	38.43634
	-79.39496	38.4378
	-79.39507	38.43864
	-79.39615	38.44015
	-79.39639	38.4403
	-79.3968	38.44049
	-79.39807	38.44092
	-79.39883	38.44102
	-79.39981	38.44095
	-79.40013	38.44091
	-79.40204	38.44047
	-79.40308	38.44039
	-79.40403	38.44038
	-79.40472	38.44024
	-79.40605	38.43973
	-79.40634	38.43966
	-79.40686	38.43976
	-79.40738	38.43978
	-79.40793	38.43974
	-79.40922	38.43822
	-79.47664	38.45723
	-79.49979	38.49776
	-79.52147	38.53392
	-79.53187	38.54282
	-79.53317	38.54472
	-79.53337	38.54622
	-79.53687	38.55092
	-79.53827	38.55182
	-79.54257	38.55322
	-79.55547	38.56022
	-79.56627	38.56252
	-79.57177	38.56312
	-79.6435	38.59198
	-79.64766	38.58677
	-79.64707	38.58761
	-79.64673	38.58825
	-79.64669	38.58837
	-79.64661	38.58903
	-79.64647	38.58925
	-79.64634	38.58954
	-79.64627	38.58961
	-79.64569	38.59079
	-79.64566	38.59106
	-79.64626	38.59183
	-79.64625	38.59244
	-79.64674	38.59244
	-79.64741	38.59329
	-79.64847	38.59245
	-79.64908	38.59246
	-79.64934	38.5922
	-79.64954	38.59197
	-79.64977	38.59164
	-79.64989	38.59141
	-79.65037	38.59091
	-79.65043	38.59082
	-79.65074	38.58999
	-79.65076	38.58944
	-79.65075	38.58934
	-79.65109	38.58885
	-79.65153	38.58816
	-79.65169	38.58783
	-79.65223	38.58729
	-79.65245	38.58702
	-79.65296	38.58673
	-79.65332	38.58637
	-79.65364	38.58627
	-79.65412	38.58604
	-79.65428	38.58593
	-79.65479	38.58545
	-79.65495	38.58523
	-79.65515	38.58489
	-79.65526	38.58466
	-79.65539	38.58429
	-79.65555	38.58356
	-79.65562	38.58301
	-79.65564	38.58268
	-79.65563	38.58231
	-79.65553	38.5816
	-79.65567	38.58131
	-79.65579	38.58093
	-79.65581	38.58084
	-79.65583	38.58056
	-79.65605	38.58029
	-79.65612	38.58017
	-79.65631	38.57981
	-79.65641	38.57956
	-79.65644	38.57947
	-79.65653	38.57901
	-79.65652	38.57896
	-79.65665	38.57864
	-79.65676	38.57819
	-79.65697	38.57795
	-79.65733	38.5777
	-79.65805	38.57662
	-79.65813	38.57665
	-79.65863	38.5757
	-79.65875	38.57529
	-79.65879	38.57483
	-79.65874	38.57437
	-79.65864	38.57403
	-79.65869	38.57391
	-79.65904	38.5739
	-79.65921	38.57388
	-79.65988	38.57374
	-79.66026	38.57363
	-79.66082	38.57339
	-79.66121	38.57309
	-79.66161	38.57258
	-79.66185	38.57199
	-79.66191	38.5715
	-79.6619	38.5714
	-79.66196	38.57133
	-79.66204	38.57119
	-79.66251	38.571
	-79.66296	38.57069
	-79.6634	38.57015
	-79.6637	38.56914
	-79.66367	38.56866
	-79.66363	38.56841
	-79.66354	38.56802
	-79.66342	38.56762
	-79.66327	38.56727
	-79.66314	38.56704
	-79.66296	38.56665
	-79.66264	38.56679
	-79.66134	38.56514
	-79.66052	38.56579
	-79.65927	38.56242
	-79.6603	38.56182
	-79.66122	38.56295
	-79.66271	38.56174
	-79.66297	38.562
	-79.66312	38.56185
	-79.6632	38.56188
	-79.66362	38.56195
	-79.66408	38.56195
	-79.66463	38.56182
	-79.66492	38.56169
	-79.66537	38.56139
	-79.66567	38.56109
	-79.66591	38.56073
	-79.66605	38.56049
	-79.66618	38.56019
	-79.66657	38.55992
	-79.66684	38.55965
	-79.66703	38.5594
	-79.66718	38.55917
	-79.66746	38.55871
	-79.66752	38.55858
	-79.66851	38.55762
	-79.66901	38.55685
	-79.66923	38.55621
	-79.6693	38.55512
	-79.66922	38.55475
	-79.66916	38.55382
	-79.6689	38.55294
	-79.66881	38.55279
	-79.66814	38.55261
	-79.66927	38.54952
	-79.66967	38.54342
	-79.66687	38.53832
	-79.66877	38.53422
	-79.67297	38.52872
	-79.67157	38.52752
	-79.66977	38.52692
	-79.66677	38.52432
	-79.66297	38.51872
	-79.66207	38.51552
	-79.66347	38.51412
	-79.66567	38.51382
	-79.66757	38.51292
	-79.66799	38.5126
	-79.66751	38.51257
	-79.66758	38.51149
	-79.66725	38.5116
	-79.66723	38.51154
	-79.66757	38.51087
	-79.66715	38.5108
	-79.66718	38.51061
	-79.66764	38.51069
	-79.6677	38.50975
	-79.66779	38.50966
	-79.66804	38.50994
	-79.66851	38.50902
	-79.66967	38.50961
	-79.67047	38.50772
	-79.67407	38.51042
	-79.68037	38.51062
	-79.68157	38.50822
	-79.68161	38.5045
	-79.68297	38.50132
	-79.68834	38.49618
	-79.6913	38.49677
	-79.69227	38.49647
	-79.69451	38.49423
	-79.69757	38.48722
	-79.69696	38.48457
	-79.69546	38.48145
	-79.6952	38.4814
	-79.69496	38.48153
	-79.69477	38.48165
	-79.69467	38.48173
	-79.69463	38.48173
	-79.69185	38.48145
	-79.69213	38.47864
	-79.69235	38.47845
	-79.69261	38.47827
	-79.69277	38.47818
	-79.69282	38.47806
	-79.69309	38.47755
	-79.69341	38.47712
	-79.6938	38.47672
	-79.69424	38.47638
	-79.69452	38.4761
	-79.69657	38.47447
	-79.69789	38.47355
	-79.70067	38.47404
	-79.70038	38.47572
	-79.701	38.47478
	-79.70085	38.47409
	-79.70075	38.47373
	-79.70058	38.47328
	-79.7004	38.4729
	-79.70019	38.47254
	-79.69979	38.47196
	-79.69915	38.47119
	-79.69893	38.46987
	-79.69787	38.46961
	-79.69719	38.46888
	-79.69695	38.46866
	-79.69607	38.46793
	-79.69609	38.46755
	-79.69607	38.46712
	-79.69604	38.46687
	-79.69597	38.4665
	-79.69586	38.46615
	-79.69574	38.46584
	-79.69554	38.46544
	-79.69526	38.46501
	-79.695	38.46467
	-79.69463	38.46429
	-79.69423	38.46397
	-79.69405	38.46385
	-79.69351	38.46353
	-79.69311	38.46333
	-79.69179	38.46274
	-79.69174	38.4621
	-79.69161	38.46152
	-79.69149	38.46115
	-79.69138	38.4609
	-79.69108	38.46035
	-79.69073	38.4598
	-79.69029	38.45916
	-79.68984	38.45865
	-79.68964	38.45847
	-79.6894	38.45827
	-79.68875	38.45779
	-79.68854	38.45748
	-79.68851	38.45739
	-79.68836	38.45687
	-79.6882	38.45048
	-79.68896	38.44954
	-79.69148	38.44628
	-79.69111	38.44557
	-79.68989	38.44629
	-79.68893	38.44464
	-79.68876	38.44454
	-79.68831	38.44419
	-79.68795	38.44383
	-79.68779	38.44365
	-79.68761	38.4434
	-79.68742	38.44302
	-79.68726	38.44246
	-79.68724	38.44191
	-79.6873	38.44153
	-79.68733	38.4414
	-79.68745	38.44105
	-79.68768	38.44057
	-79.68789	38.44025
	-79.68815	38.43992
	-79.68823	38.43984
	-79.68865	38.43947
	-79.68922	38.43903
	-79.68917	38.43875
	-79.68915	38.43843
	-79.68917	38.43806
	-79.68919	38.43793
	-79.68929	38.43757
	-79.6894	38.43726
	-79.6892	38.43697
	-79.68903	38.43662
	-79.68891	38.43626
	-79.68881	38.43605
	-79.68872	38.43577
	-79.68864	38.43533
	-79.68861	38.43486
	-79.68844	38.43453
	-79.68836	38.43432
	-79.68832	38.43417
	-79.68823	38.43358
	-79.68821	38.43319
	-79.68827	38.43281
	-79.68825	38.43219
	-79.6884	38.43137
	-79.68847	38.43118
	-79.68884	38.4306
	-79.68968	38.42966
	-79.69051	38.42892
	-79.69066	38.42885
	-79.69197	38.42931
	-79.70663	38.41573
	-79.70914	38.41206
	-79.70896	38.40955
	-79.7129	38.40503
	-79.71736	38.40156
	-79.72265	38.38952
	-79.72635	38.38707
	-79.72989	38.38035
	-79.7317	38.37338
	-79.73049	38.37222
	-79.72768	38.3717
	-79.72679	38.37083
	-79.7258	38.36613
	-79.7256	38.36383
	-79.72597	38.36323
	-79.72705	38.36223
	-79.72934	38.36183
	-79.73206	38.36017
	-79.7346	38.35673
	-79.74061	38.3541
	-79.7441	38.35397
	-79.75556	38.35737
	-79.75763	38.35757
	-79.76443	38.35651
	-79.76726	38.35339
	-79.7664	38.35087
	-79.76991	38.34184
	-79.77309	38.33553
	-79.77927	38.33161
	-79.78597	38.33088
	-79.79655	38.32348
	-79.79816	38.31916
	-79.79962	38.31715
	-79.80409	38.31392
	-79.80866	38.30948
	-79.80871	38.30943
	-79.81015	38.30671
	-79.81011	38.30504
	-79.80995	38.30482
	-79.80754	38.30169
	-79.80403	38.29862
	-79.80335	38.29668
	-79.80325	38.29588
	-79.80293	38.29504
	-79.80293	38.29467
	-79.8028	38.29358
	-79.8025	38.29333
	-79.80226	38.29301
	-79.80119	38.29298
	-79.80059	38.29287
	-79.79986	38.29262
	-79.79937	38.29206
	-79.79849	38.29206
	-79.79739	38.29238
	-79.79631	38.29193
	-79.79623	38.29223
	-79.79605	38.29219
	-79.79482	38.29122
	-79.79461	38.29086
	-79.79446	38.29049
	-79.79431	38.29004
	-79.79449	38.28869
	-79.79355	38.28719
	-79.79247	38.28704
	-79.79152	38.28663
	-79.79126	38.28642
	-79.7907	38.28571
	-79.79051	38.28532
	-79.78948	38.28389
	-79.78921	38.28335
	-79.78903	38.28282
	-79.78904	38.28282
	-79.78891	38.28266
	-79.78868	38.28179
	-79.78861	38.28128
	-79.78861	38.28064
	-79.78911	38.27932
	-79.78923	38.27919
	-79.78754	38.2733
	-79.78805	38.27165
	-79.78789	38.27091
	-79.78795	38.26959
	-79.78808	38.26898
	-79.78842	38.26804
	-79.78906	38.26716
	-79.78984	38.26655
	-79.79033	38.26626
	-79.79104	38.26598
	-79.79152	38.26552
	-79.79259	38.26498
	-79.79459	38.26465
	-79.79494	38.26463
	-79.79617	38.26464
	-79.79692	38.2648
	-79.79734	38.26497
	-79.79759	38.26443
	-79.79885	38.26245
	-79.79911	38.26211
	-79.79952	38.2617
	-79.79997	38.26115
	-79.80035	38.26079
	-79.8016	38.2599
	-79.80189	38.25973
	-79.80357	38.25892
	-79.80404	38.25876
	-79.80524	38.25851
	-79.80665	38.25832
	-79.80699	38.25831
	-79.80918	38.25838
	-79.80946	38.25841
	-79.811	38.25868
	-79.81114	38.2586
	-79.81121	38.25872
	-79.81178	38.25882
	-79.81286	38.25829
	-79.81327	38.25911
	-79.8142	38.25817
	-79.81571	38.25507
	-79.81572	38.25364
	-79.81486	38.25157
	-79.81715	38.24951
	-79.81962	38.24823
	-79.82101	38.24828
	-79.82528	38.25049
	-79.83088	38.24969
	-79.83297	38.24755
	-79.83403	38.24496
	-79.83417	38.2429
	-79.83512	38.24189
	-79.83749	38.24128
	-79.84298	38.24159
	-79.84521	38.24108
	-79.84644	38.24
	-79.85032	38.23333
	-79.85696	38.23107
	-79.86362	38.22395
	-79.87278	38.21629
	-79.87459	38.21717
	-79.87496	38.21705
	-79.87582	38.21648
	-79.87617	38.21608
	-79.87644	38.21583
	-79.87697	38.2153
	-79.87726	38.21493
	-79.87733	38.21481
	-79.87742	38.21477
	-79.87821	38.21424
	-79.87892	38.21345
	-79.87907	38.21326
	-79.87947	38.21324
	-79.88055	38.21287
	-79.88085	38.21265
	-79.88139	38.21206
	-79.8817	38.21155
	-79.88198	38.2106
	-79.88201	38.20993
	-79.88182	38.20993
	-79.88176	38.20938
	-79.88423	38.20787
	-79.88641	38.20795
	-79.88804	38.20736
	-79.89159	38.20465
	-79.892	38.20338
	-79.89234	38.2024
	-79.89292	38.19987
	-79.89843	38.19304
	-79.90609	38.189
	-79.91096	38.18792
	-79.91441	38.18842
	-79.91634	38.18628
	-79.91617	38.18439
	-79.91706	38.18374
	-79.92119	38.18037
	-79.92102	38.17995
	-79.91662	38.17799
	-79.91676	38.1755
	-79.91863	38.17267
	-79.91891	38.17044
	-79.91792	38.1684
	-79.91607	38.16843
	-79.91506	38.16809
	-79.91488	38.16752
	-79.91866	38.15479
	-79.92312	38.15087
	-79.92525	38.15046
	-79.92551	38.15024
	-79.92867	38.14492
	-79.92875	38.14444
	-79.92903	38.13977
	-79.93375	38.13551
	-79.94275	38.13433
	-79.94484	38.13159
	-79.93895	38.11162
	-79.93805	38.11076
	-79.93436	38.10972
	-79.92969	38.1092
	-79.92633	38.10715
	-79.92764	38.10483
	-79.93103	38.1014
	-79.93391	38.09917
	-79.93425	38.09767
	-79.9351	38.09654
	-79.93827	38.09474
	-79.94236	38.09159
	-79.94911	38.08424
	-79.95351	38.08148
	-79.95437	38.0804
	-79.96009	38.06868
	-79.96003	38.06521
	-79.96819	38.04771
	-79.97123	38.04433
	-79.97389	38.04
	-79.97378	38.03874
	-79.97216	38.0361
	-79.9737	38.03256
	-79.97527	38.03007
	-79.97673	38.02928
	-79.97843	38.02908
	-79.98029	38.0276
	-79.98562	38.01916
	-79.98579	38.01809
	-79.98484	38.01661
	-79.98614	38.01418
	-79.99011	38.01325
	-79.99498	38.00785
	-79.9959	38.00579
	-79.9954	38.00331
	-79.99613	38.001
	-79.99938	37.99584
	-80.00251	37.99277
	-80.00889	37.99083
	-80.01219	37.98863
	-80.01289	37.98744
	-80.01255	37.986
	-80.01314	37.98425
	-80.02417	37.97691
	-80.03624	37.96792
	-80.04841	37.95748
	-80.05104	37.95685
	-80.05684	37.95183
	-80.06368	37.94797
	-80.06657	37.94717
	-80.07451	37.94222
	-80.07544	37.93963
	-80.08082	37.93553
	-80.08695	37.92955
	-80.09656	37.91811
	-80.10293	37.91891
	-80.10682	37.9147
	-80.11688	37.90629
	-80.11897	37.90361
	-80.11911	37.90202
	-80.11748	37.90058
	-80.11775	37.89772
	-80.12061	37.89673
	-80.12302	37.89805
	-80.12362	37.89794
	-80.12955	37.89413
	-80.13046	37.89319
	-80.13104	37.8907
	-80.13193	37.8895
	-80.14195	37.88262
	-80.14362	37.88335
	-80.14461	37.88244
	-80.14471	37.88245
	-80.14526	37.88259
	-80.14562	37.88241
	-80.14578	37.8824
	-80.1468	37.88255
	-80.14694	37.88262
	-80.14763	37.88312
	-80.14821	37.88377
	-80.14841	37.88334
	-80.14899	37.88261
	-80.14913	37.8825
	-80.1496	37.88223
	-80.15117	37.88158
	-80.15274	37.88083
	-80.15283	37.88081
	-80.15344	37.88078
	-80.1536	37.88079
	-80.15462	37.88119
	-80.1622	37.87512
	-80.16896	37.86712
	-80.17203	37.86214
	-80.17208	37.86007
	-80.17671	37.85403
	-80.18181	37.85272
	-80.18306	37.85065
	-80.18355	37.84681
	-80.17939	37.83975
	-80.18177	37.83834
	-80.18638	37.83774
	-80.19465	37.83176
	-80.19963	37.82751
	-80.20285	37.82424
	-80.20584	37.81892
	-80.20648	37.81597
	-80.21096	37.8126
	-80.214	37.81099
	-80.21349	37.80946
	-80.21357	37.8093
	-80.21401	37.80871
	-80.21439	37.80837
	-80.21568	37.80784
	-80.21621	37.80783
	-80.21822	37.80972
	-80.21861	37.80978
	-80.22709	37.79889
	-80.22923	37.79466
	-80.22949	37.79233
	-80.22796	37.79171
	-80.22009	37.78316
	-80.21862	37.78329
	-80.21589	37.78199
	-80.21566	37.77748
	-80.2165	37.77645
	-80.2169	37.77606
	-80.21763	37.77678
	-80.22183	37.77829
	-80.2275	37.77889
	-80.23046	37.77831
	-80.23201	37.77562
	-80.24139	37.76944
	-80.2469	37.76831
	-80.25132	37.76296
	-80.25043	37.7613
	-80.24979	37.75711
	-80.25162	37.75587
	-80.25641	37.75637
	-80.25741	37.75608
	-80.26276	37.73834
	-80.26031	37.73352
	-80.25202	37.72982
	-80.25223	37.72726
	-80.25308	37.7259
	-80.25814	37.72061
	-80.26441	37.71879
	-80.27199	37.71153
	-80.27501	37.70784
	-80.28414	37.69921
	-80.28421	37.69933
	-80.28638	37.7002
	-80.2866	37.70015
	-80.28682	37.70008
	-80.28782	37.69941
	-80.28825	37.69887
	-80.28854	37.69845
	-80.28899	37.698
	-80.28949	37.69718
	-80.28965	37.69666
	-80.28913	37.69567
	-80.29411	37.69385
	-80.29614	37.69178
	-80.29234	37.68398
	-80.29226	37.68373
	-80.27937	37.65708
	-80.2703	37.64898
	-80.27035	37.64893
	-80.26746	37.64607
	-80.26723	37.64601
	-80.26487	37.64551
	-80.26483	37.64553
	-80.26329	37.6451
	-80.26328	37.64508
	-80.25446	37.64232
	-80.25442	37.64234
	-80.23929	37.63767
	-80.22098	37.62777
	-80.22339	37.62318
	-80.22602	37.62006
	-80.24027	37.60696
	-80.24978	37.60212
	-80.25892	37.5955
	-80.26356	37.59337
	-80.27034	37.59115
	-80.28244	37.58548
	-80.29488	37.57877
	-80.3285	37.56432
	-80.3179	37.55241
	-80.31239	37.54624
	-80.31446	37.54412
	-80.3145	37.5441
	-80.32125	37.54142
	-80.32438	37.54105
	-80.32749	37.54002
	-80.33031	37.53624
	-80.30935	37.52738
	-80.29164	37.5365
	-80.28238	37.53352
	-80.29979	37.50827
	-80.30983	37.50383
	-80.30933	37.50288
	-80.32063	37.49888
	-80.3271	37.49538
	-80.33204	37.49374
	-80.34379	37.49215
	-80.36684	37.48488
	-80.36317	37.48
	-80.36945	37.4766
	-80.37195	37.47407
	-80.37831	37.47138
	-80.38253	37.47037
	-80.39988	37.46231
	-80.40157	37.46117
	-80.40258	37.46234
	-80.40355	37.46242
	-80.40458	37.46221
	-80.4052	37.4619
	-80.40544	37.46176
	-80.40596	37.46139
	-80.4065	37.46085
	-80.40674	37.46048
	-80.40669	37.45855
	-80.42566	37.44988
	-80.44302	37.43813
	-80.45137	37.43404
	-80.45731	37.43227
	-80.46482	37.42614
	-80.4756	37.42295
	-80.49487	37.43507
	-80.49728	37.44478
	-80.49298	37.45775
	-80.51139	37.48167
	-80.51341	37.47945
	-80.51514	37.47857
	-80.52348	37.47691
	-80.52835	37.47737
	-80.53237	37.47712
	-80.53345	37.47641
	-80.53979	37.47453
	-80.54484	37.47469
	-80.55204	37.47356
	-80.56144	37.46977
	-80.5663	37.46657
	-80.58586	37.45665
	-80.59024	37.4533
	-80.59138	37.45144
	-80.6002	37.44617
	-80.6168	37.43944
	-80.62212	37.43597
	-80.62266	37.43331
	-80.62636	37.43333
	-80.63236	37.43212
	-80.63439	37.43123
	-80.63738	37.42937
	-80.63755	37.42856
	-80.63695	37.42747
	-80.64589	37.42215
	-80.65359	37.41951
	-80.65669	37.41759
	-80.66411	37.41422
	-80.66497	37.41421
	-80.68458	37.40463
	-80.69171	37.40175
	-80.7052	37.39462
	-80.71548	37.39071
	-80.7236	37.38826
	-80.73159	37.38471
	-80.73804	37.38255
	-80.74553	37.38011
	-80.74872	37.38005
	-80.75989	37.37488
	-80.77008	37.37236
	-80.77665	37.38368
	-80.77677	37.38413
	-80.78229	37.38902
	-80.78338	37.39065
	-80.78332	37.39279
	-80.78419	37.39459
	-80.7875	37.39517
	-80.78758	37.39628
	-80.7882	37.39682
	-80.78859	37.3971
	-80.7895	37.39765
	-80.79021	37.39791
	-80.79034	37.39793
	-80.79102	37.39793
	-80.7917	37.39781
	-80.79191	37.39776
	-80.79213	37.39773
	-80.79241	37.39767
	-80.79285	37.39754
	-80.79282	37.39742
	-80.79484	37.39645
	-80.7945	37.39574
	-80.79887	37.39581
	-80.80045	37.39574
	-80.80613	37.39807
	-80.80713	37.40135
	-80.80636	37.40412
	-80.80877	37.40627
	-80.81164	37.40751
	-80.83018	37.4201
	-80.82942	37.42136
	-80.82948	37.42161
	-80.82965	37.42205
	-80.82993	37.42259
	-80.82996	37.42262
	-80.82885	37.42298
	-80.8285	37.42341
	-80.82808	37.42448
	-80.82802	37.42518
	-80.82764	37.42552
	-80.82742	37.42564
	-80.82579	37.42611
	-80.82404	37.42673
	-80.82306	37.42747
	-80.82188	37.42917
	-80.82239	37.43195
	-80.82517	37.43145
	-80.82597	37.43029
	-80.82706	37.4299
	-80.82876	37.42942
	-80.82919	37.42923
	-80.8298	37.42889
	-80.83013	37.42865
	-80.83056	37.42827
	-80.831	37.42799
	-80.83192	37.42648
	-80.83193	37.42639
	-80.83196	37.42638
	-80.8326	37.42526
	-80.83286	37.42556
	-80.83314	37.42531
	-80.83423	37.42482
	-80.83527	37.42355
	-80.83645	37.42435
	-80.83655	37.42447
	-80.83768	37.42566
	-80.84167	37.42597
	-80.84421	37.42356
	-80.84632	37.42339
	-80.85066	37.42606
	-80.85316	37.4269
	-80.857	37.42705
	-80.85836	37.42817
	-80.85956	37.42957
	-80.86314	37.42464
	-80.86515	37.41993
	-80.86517	37.417
	-80.86445	37.41418
	-80.86276	37.41183
	-80.88325	37.38393
	-80.84945	37.34691
	-80.86532	37.34052
	-80.86899	37.33857
	-80.8801	37.3289
	-80.90053	37.315
	-80.91926	37.30616
	-80.92704	37.30368
	-80.93112	37.30287
	-80.93813	37.30028
	-80.9479	37.29587
	-80.96656	37.29216
	-80.97389	37.29144
	-80.98015	37.29274
	-80.98132	37.29346
	-80.98217	37.29602
	-80.97911	37.30058
	-80.97959	37.30228
	-80.99601	37.29955
	-81.00058	37.29787
	-81.00846	37.29607
	-81.02194	37.29414
	-81.03719	37.29025
	-81.08401	37.2844
	-81.09482	37.28264
	-81.1126	37.2785
	-81.1424	37.26917
	-81.15896	37.26538
	-81.16703	37.26288
	-81.17815	37.25798
	-81.20477	37.24301
	-81.2251	37.23487
	-81.25825	37.25736
	-81.25828	37.25735
	-81.25848	37.2568
	-81.25836	37.25669
	-81.25841	37.25664
	-81.25856	37.25659
	-81.25862	37.25644
	-81.25877	37.25636
	-81.25885	37.25649
	-81.25947	37.25628
	-81.25942	37.2561
	-81.25949	37.25608
	-81.25965	37.25604
	-81.26012	37.25599
	-81.2605	37.25601
	-81.2609	37.2561
	-81.26129	37.25625
	-81.26161	37.25644
	-81.26198	37.25677
	-81.26209	37.25689
	-81.26229	37.25715
	-81.26253	37.25763
	-81.26266	37.25825
	-81.26261	37.25888
	-81.26259	37.25894
	-81.26238	37.25947
	-81.26228	37.25964
	-81.26204	37.25993
	-81.3201	37.29932
	-81.32732	37.3059
	-81.32754	37.30575
	-81.32788	37.30555
	-81.32925	37.30533
	-81.32962	37.30541
	-81.33014	37.30559
	-81.33128	37.30618
	-81.33155	37.30636
	-81.33186	37.30662
	-81.33212	37.30691
	-81.33233	37.30724
	-81.3325	37.30763
	-81.33261	37.30795
	-81.33268	37.3082
	-81.33272	37.30849
	-81.33298	37.30868
	-81.3338	37.30919
	-81.33397	37.30931
	-81.33456	37.30978
	-81.33474	37.31127
	-81.33491	37.31108
	-81.33534	37.31076
	-81.33585	37.31055
	-81.3359	37.31054
	-81.33636	37.31047
	-81.33695	37.31053
	-81.33748	37.31074
	-81.33804	37.31118
	-81.33846	37.31191
	-81.33851	37.31204
	-81.3386	37.31243
	-81.33887	37.31258
	-81.33929	37.31294
	-81.33951	37.31321
	-81.3397	37.31352
	-81.33987	37.31368
	-81.34027	37.31398
	-81.34056	37.31423
	-81.34133	37.31508
	-81.34178	37.3156
	-81.34241	37.31607
	-81.34271	37.31635
	-81.34297	37.31671
	-81.34309	37.31693
	-81.34322	37.31698
	-81.34358	37.31717
	-81.34398	37.31747
	-81.34429	37.31783
	-81.3445	37.31817
	-81.34469	37.31869
	-81.34477	37.31926
	-81.34482	37.31948
	-81.34481	37.32017
	-81.34483	37.32017
	-81.3448	37.32036
	-81.34478	37.32036
	-81.3439	37.32102
	-81.34781	37.3246
	-81.34857	37.32362
	-81.34882	37.32359
	-81.34928	37.32358
	-81.3494	37.3236
	-81.3497	37.32349
	-81.35008	37.3234
	-81.35043	37.32333
	-81.35081	37.32329
	-81.35104	37.32329
	-81.35165	37.32332
	-81.35224	37.3233
	-81.35261	37.32331
	-81.35295	37.32338
	-81.35337	37.32353
	-81.35369	37.32371
	-81.35404	37.32397
	-81.3542	37.32405
	-81.35452	37.3243
	-81.35479	37.3246
	-81.35482	37.32465
	-81.35521	37.32573
	-81.3551	37.32645
	-81.35542	37.32716
	-81.35589	37.3273
	-81.3564	37.32749
	-81.35673	37.32766
	-81.35691	37.32778
	-81.35704	37.32787
	-81.35736	37.32814
	-81.35764	37.32849
	-81.35786	37.32892
	-81.35804	37.3295
	-81.35806	37.32953
	-81.35828	37.32968
	-81.35851	37.32986
	-81.35883	37.3302
	-81.35902	37.33048
	-81.35971	37.33159
	-81.3599	37.33186
	-81.36007	37.33215
	-81.36023	37.33248
	-81.36033	37.33274
	-81.3605	37.33338
	-81.36058	37.33382
	-81.3606	37.3341
	-81.36062	37.33419
	-81.3597	37.33543
	-81.36216	37.33767
	-81.36559	37.33623
	-81.36496	37.3354
	-81.36511	37.33428
	-81.36531	37.33379
	-81.3653	37.33351
	-81.36532	37.33313
	-81.36542	37.33266
	-81.36555	37.33229
	-81.36574	37.33191
	-81.3659	37.33167
	-81.36598	37.33157
	-81.36648	37.3311
	-81.36675	37.33095
	-81.36732	37.33074
	-81.36797	37.33061
	-81.36801	37.33082
	-81.37034	37.33147
	-81.36981	37.33336
	-81.37117	37.33247
	-81.37134	37.3321
	-81.37146	37.33167
	-81.37149	37.33133
	-81.37147	37.33086
	-81.37137	37.33044
	-81.37122	37.33004
	-81.37106	37.32971
	-81.37094	37.3295
	-81.3705	37.32888
	-81.37021	37.32859
	-81.37014	37.32854
	-81.37006	37.32827
	-81.36987	37.32784
	-81.36993	37.32762
	-81.36996	37.32764
	-81.37017	37.32728
	-81.37022	37.32726
	-81.37103	37.32658
	-81.37106	37.32658
	-81.37135	37.32649
	-81.37187	37.32631
	-81.3723	37.32609
	-81.37246	37.32599
	-81.37299	37.32546
	-81.37323	37.32508
	-81.3735	37.3244
	-81.3736	37.32395
	-81.37358	37.32331
	-81.37382	37.32292
	-81.37401	37.32249
	-81.37409	37.32216
	-81.37424	37.32177
	-81.37468	37.3215
	-81.37477	37.32143
	-81.37515	37.32105
	-81.37564	37.32065
	-81.37584	37.32058
	-81.37613	37.32044
	-81.37633	37.32039
	-81.37678	37.32038
	-81.37703	37.3204
	-81.37716	37.32043
	-81.37781	37.32047
	-81.37861	37.32037
	-81.37925	37.32016
	-81.37931	37.32016
	-81.38004	37.31998
	-81.38031	37.31986
	-81.38124	37.32011
	-81.38161	37.32018
	-81.3826	37.32025
	-81.38303	37.32037
	-81.38354	37.32049
	-81.3838	37.32057
	-81.38398	37.32095
	-81.38496	37.32192
	-81.38508	37.32197
	-81.38547	37.32219
	-81.38573	37.32232
	-81.3865	37.32251
	-81.38667	37.32252
	-81.38736	37.32243
	-81.38781	37.32229
	-81.38825	37.32209
	-81.38873	37.32181
	-81.38923	37.32138
	-81.38939	37.32119
	-81.38905	37.32091
	-81.39003	37.3202
	-81.38933	37.31923
	-81.39429	37.31641
	-81.39855	37.31063
	-81.3987	37.30781
	-81.39736	37.30636
	-81.39682	37.3045
	-81.39818	37.30297
	-81.40219	37.30166
	-81.40506	37.29879
	-81.40376	37.2966
	-81.4092	37.28607
	-81.40973	37.28484
	-81.40958	37.28402
	-81.41159	37.28033
	-81.41666	37.27321
	-81.42795	37.27101
	-81.43285	37.2727
	-81.44828	37.27058
	-81.44907	37.26958
	-81.45419	37.267
	-81.45889	37.26647
	-81.46058	37.26553
	-81.45987	37.2639
	-81.46	37.26255
	-81.46211	37.2599
	-81.47643	37.25513
	-81.48014	37.25112
	-81.48356	37.2506
	-81.49229	37.25096
	-81.49574	37.25239
	-81.49804	37.25466
	-81.49844	37.25657
	-81.49777	37.25719
	-81.49777	37.2579
	-81.49887	37.25802
	-81.49887	37.25803
	-81.50319	37.25258
	-81.50417	37.25012
	-81.50488	37.2477
	-81.50643	37.24447
	-81.50626	37.23927
	-81.50704	37.23524
	-81.5097	37.23462
	-81.50983	37.2344
	-81.50996	37.23427
	-81.51047	37.23383
	-81.51071	37.23372
	-81.5111	37.23362
	-81.51178	37.23347
	-81.51234	37.23332
	-81.51264	37.23322
	-81.51322	37.233
	-81.51415	37.23262
	-81.51509	37.23214
	-81.51565	37.2318
	-81.51589	37.23163
	-81.51614	37.23141
	-81.51636	37.23118
	-81.51666	37.23074
	-81.51675	37.23052
	-81.51746	37.2305
	-81.51815	37.23044
	-81.51848	37.23039
	-81.51895	37.23028
	-81.51937	37.23015
	-81.51975	37.22998
	-81.52014	37.22974
	-81.52061	37.22934
	-81.52091	37.22902
	-81.52118	37.22867
	-81.52163	37.22841
	-81.52171	37.22848
	-81.52207	37.22869
	-81.52202	37.22918
	-81.52484	37.22944
	-81.52543	37.22903
	-81.52682	37.22778
	-81.52712	37.22745
	-81.52722	37.2274
	-81.52777	37.2272
	-81.53004	37.22688
	-81.53033	37.22682
	-81.53092	37.22664
	-81.53135	37.22645
	-81.53201	37.22606
	-81.53242	37.22575
	-81.53285	37.22531
	-81.5332	37.22507
	-81.53358	37.22464
	-81.53412	37.22466
	-81.53552	37.22447
	-81.5362	37.22425
	-81.53697	37.22383
	-81.53728	37.22363
	-81.53762	37.22335
	-81.53772	37.22325
	-81.53802	37.22333
	-81.53833	37.22339
	-81.53877	37.22342
	-81.5391	37.2234
	-81.53944	37.22335
	-81.53976	37.22327
	-81.54021	37.22309
	-81.54049	37.22294
	-81.54076	37.22275
	-81.54094	37.2226
	-81.54123	37.2223
	-81.54175	37.22163
	-81.54253	37.22188
	-81.54293	37.22199
	-81.54356	37.22213
	-81.54389	37.22216
	-81.54428	37.22216
	-81.54482	37.22209
	-81.54525	37.22197
	-81.5455	37.22187
	-81.54583	37.2217
	-81.5462	37.22145
	-81.54632	37.22135
	-81.5466	37.22106
	-81.54682	37.22075
	-81.54695	37.22053
	-81.54739	37.21943
	-81.54771	37.21893
	-81.54792	37.21854
	-81.5481	37.21816
	-81.54852	37.21708
	-81.54875	37.21689
	-81.54987	37.21585
	-81.55162	37.21411
	-81.55238	37.21325
	-81.55267	37.21297
	-81.55306	37.21265
	-81.55361	37.21231
	-81.55397	37.21205
	-81.55434	37.21168
	-81.55465	37.21127
	-81.55491	37.21078
	-81.55506	37.2104
	-81.55529	37.20956
	-81.55611	37.20931
	-81.55705	37.20897
	-81.55737	37.20883
	-81.55747	37.2088
	-81.55745	37.20872
	-81.5581	37.20803
	-81.55835	37.20815
	-81.56062	37.20666
	-81.67678	37.20155
	-81.67645	37.20232
	-81.67678	37.20314
	-81.67736	37.20393
	-81.67778	37.20428
	-81.67842	37.20464
	-81.67941	37.20497
	-81.67966	37.20513
	-81.68019	37.20537
	-81.68045	37.20545
	-81.68074	37.20578
	-81.68083	37.20582
	-81.68114	37.20632
	-81.68127	37.20648
	-81.68125	37.20689
	-81.6813	37.20758
	-81.68153	37.20836
	-81.68155	37.20839
	-81.68175	37.20958
	-81.6819	37.20995
	-81.682	37.2111
	-81.68148	37.21201
	-81.68393	37.21342
	-81.68444	37.21328
	-81.68539	37.2124
	-81.68672	37.2131
	-81.69511	37.21357
	-81.69895	37.2182
	-81.71573	37.22877
	-81.71625	37.23432
	-81.71955	37.23779
	-81.72306	37.24049
	-81.72617	37.24052
	-81.72819	37.23982
	-81.73332	37.23813
	-81.73854	37.23826
	-81.74057	37.23972
	-81.744	37.24253
	-81.74429	37.24418
	-81.74342	37.24586
	-81.7435	37.2476
	-81.74097	37.25405
	-81.74166	37.25478
	-81.74301	37.25513
	-81.74544	37.25812
	-81.7455	37.26133
	-81.74611	37.2636
	-81.74765	37.26433
	-81.75129	37.26513
	-81.75212	37.26556
	-81.75291	37.26661
	-81.75501	37.26772
	-81.75753	37.27001
	-81.75771	37.27112
	-81.75773	37.27176
	-81.75763	37.274
	-81.76022	37.27525
	-81.76175	37.27571
	-81.76278	37.27539
	-81.76384	37.27522
	-81.76519	37.27509
	-81.76784	37.27422
	-81.77468	37.27481
	-81.77475	37.27485
	-81.77529	37.27507
	-81.77732	37.27587
	-81.77935	37.27739
	-81.77936	37.27998
	-81.78312	37.28258
	-81.78845	37.28416
	-81.78929	37.28442
	-81.79342	37.28167
	-81.79364	37.28219
	-81.79311	37.28354
	-81.79359	37.28484
	-81.80327	37.28592
	-81.80538	37.28562
	-81.80723	37.28317
	-81.80918	37.283
	-81.81056	37.28298
	-81.81322	37.28109
	-81.8167	37.27987
	-81.81962	37.27941
	-81.82506	37.27954
	-81.83447	37.28176
	-81.83439	37.28309
	-81.83341	37.28453
	-81.83342	37.28455
	-81.83434	37.28533
	-81.83443	37.28542
	-81.83485	37.28551
	-81.83482	37.2857
	-81.83535	37.28738
	-81.83548	37.28752
	-81.83645	37.28808
	-81.83707	37.28824
	-81.83744	37.28829
	-81.83786	37.28841
	-81.83802	37.28842
	-81.83873	37.28835
	-81.83908	37.28825
	-81.83958	37.28802
	-81.83994	37.2878
	-81.84037	37.28779
	-81.84061	37.28776
	-81.84088	37.28769
	-81.8413	37.28767
	-81.84163	37.28761
	-81.84195	37.28752
	-81.84208	37.28747
	-81.84212	37.28749
	-81.84326	37.28761
	-81.8437	37.28753
	-81.84426	37.28724
	-81.8445	37.28722
	-81.84481	37.28716
	-81.84498	37.28712
	-81.84523	37.28704
	-81.84556	37.28713
	-81.84587	37.28718
	-81.84634	37.2872
	-81.84669	37.28716
	-81.84703	37.28708
	-81.84731	37.28698
	-81.84743	37.2867
	-81.84732	37.28662
	-81.84709	37.28641
	-81.84694	37.28625
	-81.84689	37.28617
	-81.84553	37.28526
	-81.84711	37.28291
	-81.84761	37.28281
	-81.84833	37.28273
	-81.84844	37.28274
	-81.84948	37.28313
	-81.84956	37.28319
	-81.84969	37.28335
	-81.84993	37.28341
	-81.85142	37.28581
	-81.8511	37.28601
	-81.85355	37.2877
	-81.85406	37.29135
	-81.85349	37.29476
	-81.85446	37.29994
	-81.85364	37.30078
	-81.85428	37.30526
	-81.85477	37.30482
	-81.85482	37.30479
	-81.85515	37.30464
	-81.85553	37.30453
	-81.85564	37.30451
	-81.85623	37.3045
	-81.85658	37.30456
	-81.85692	37.30465
	-81.85762	37.30587
	-81.85811	37.3056
	-81.85839	37.30598
	-81.8581	37.30626
	-81.85828	37.30645
	-81.85851	37.30665
	-81.85949	37.30741
	-81.85974	37.30758
	-81.86071	37.30812
	-81.86111	37.30825
	-81.86119	37.30832
	-81.8631	37.30933
	-81.86359	37.30991
	-81.86352	37.30998
	-81.86334	37.31024
	-81.86304	37.31045
	-81.86284	37.31062
	-81.86243	37.31075
	-81.86196	37.31099
	-81.86166	37.31123
	-81.86142	37.31147
	-81.86138	37.31153
	-81.86104	37.31163
	-81.86066	37.31184
	-81.86032	37.31212
	-81.86025	37.31221
	-81.85998	37.31223
	-81.85961	37.31232
	-81.85918	37.3125
	-81.85813	37.31405
	-81.8581	37.3143
	-81.85842	37.31562
	-81.85855	37.3158
	-81.85871	37.31619
	-81.85876	37.31628
	-81.85897	37.3166
	-81.85944	37.31705
	-81.86002	37.31734
	-81.86007	37.31736
	-81.86056	37.31745
	-81.86076	37.31744
	-81.86077	37.31754
	-81.86094	37.31797
	-81.86115	37.31829
	-81.86138	37.31854
	-81.86179	37.31887
	-81.86224	37.31908
	-81.86251	37.31941
	-81.86287	37.3197
	-81.86321	37.31988
	-81.86356	37.32
	-81.86363	37.32002
	-81.86399	37.32007
	-81.86413	37.32007
	-81.86417	37.32017
	-81.86445	37.32067
	-81.86476	37.32102
	-81.86497	37.3208
	-81.86696	37.32167
	-81.86735	37.32078
	-81.86742	37.32084
	-81.87018	37.32066
	-81.87266	37.32331
	-81.8732	37.32506
	-81.87834	37.32884
	-81.87871	37.33175
	-81.8796	37.33207
	-81.88089	37.33115
	-81.88505	37.33067
	-81.88694	37.33072
	-81.88772	37.33115
	-81.89287	37.33013
	-81.89377	37.33011
	-81.89477	37.33138
	-81.8948	37.332
	-81.89549	37.33202
	-81.896	37.33197
	-81.89907	37.33935
	-81.89768	37.34062
	-81.8977	37.3412
	-81.89778	37.34156
	-81.89793	37.34195
	-81.89805	37.34219
	-81.8983	37.34257
	-81.89864	37.34293
	-81.89913	37.34323
	-81.8994	37.34334
	-81.89972	37.34345
	-81.9	37.34353
	-81.90062	37.34363
	-81.90128	37.34363
	-81.90161	37.34373
	-81.90214	37.34434
	-81.90271	37.34471
	-81.90365	37.34502
	-81.90428	37.34507
	-81.90558	37.34395
	-81.90602	37.34477
	-81.90604	37.34479
	-81.90623	37.34468
	-81.90633	37.34412
	-81.90657	37.34366
	-81.90668	37.3435
	-81.90946	37.34299
	-81.90958	37.34362
	-81.90964	37.34356
	-81.90971	37.34363
	-81.9096	37.34373
	-81.90969	37.34421
	-81.91	37.34407
	-81.91003	37.34412
	-81.9097	37.34428
	-81.90979	37.34479
	-81.91019	37.34478
	-81.91019	37.34483
	-81.9098	37.34484
	-81.9099	37.34541
	-81.91009	37.34548
	-81.91007	37.34554
	-81.90992	37.34548
	-81.90997	37.34577
	-81.90991	37.34586
	-81.91006	37.34686
	-81.90886	37.34779
	-81.90846	37.34805
	-81.90803	37.34823
	-81.90814	37.3487
	-81.9082	37.34888
	-81.90839	37.34931
	-81.90861	37.34964
	-81.90893	37.34999
	-81.90923	37.35022
	-81.90958	37.35041
	-81.90989	37.35053
	-81.91025	37.35063
	-81.91096	37.35074
	-81.91151	37.35102
	-81.9129	37.35055
	-81.91226	37.3492
	-81.91232	37.34904
	-81.91459	37.34775
	-81.91482	37.3478
	-81.91496	37.34785
	-81.91617	37.34752
	-81.91629	37.34754
	-81.91635	37.34752
	-81.91718	37.34743
	-81.91741	37.34745
	-81.91851	37.34791
	-81.91894	37.34828
	-81.91929	37.34866
	-81.91975	37.35012
	-81.91972	37.35044
	-81.91851	37.35141
	-81.92028	37.3534
	-81.92055	37.35467
	-81.92131	37.35413
	-81.92181	37.35423
	-81.92238	37.35441
	-81.92311	37.35481
	-81.92321	37.35485
	-81.92343	37.35497
	-81.92376	37.3552
	-81.9241	37.35532
	-81.92442	37.35549
	-81.92477	37.35571
	-81.92467	37.35586
	-81.92543	37.35622
	-81.92554	37.35637
	-81.92546	37.35643
	-81.9264	37.35689
	-81.92515	37.35943
	-81.92494	37.3595
	-81.92464	37.35954
	-81.92466	37.35958
	-81.92567	37.36074
	-81.92594	37.36087
	-81.92642	37.36118
	-81.92594	37.36394
	-81.92693	37.36411
	-81.9267	37.36462
	-81.92862	37.36579
	-81.93022	37.36461
	-81.93037	37.36464
	-81.93129	37.36503
	-81.93143	37.36513
	-81.93197	37.36578
	-81.93212	37.36609
	-81.93258	37.36649
	-81.93314	37.36741
	-81.93323	37.36772
	-81.93215	37.36991
	-81.93389	37.37275
	-81.93276	37.37423
	-81.93312	37.37536
	-81.93339	37.37541
	-81.93393	37.37566
	-81.93421	37.37565
	-81.93484	37.37569
	-81.93531	37.37579
	-81.93544	37.37583
	-81.93589	37.37604
	-81.93598	37.3761
	-81.93651	37.37658
	-81.9367	37.37686
	-81.93682	37.37707
	-81.93691	37.37717
	-81.93664	37.37999
	-81.93644	37.37997
	-81.93674	37.38073
	-81.9336	37.38922
	-81.92878	37.39384
	-81.92828	37.39806
	-81.92873	37.39871
	-81.92916	37.39856
	-81.92913	37.3983
	-81.92938	37.39828
	-81.92962	37.39828
	-81.92998	37.39824
	-81.9303	37.39824
	-81.93068	37.39827
	-81.93126	37.3984
	-81.93191	37.39879
	-81.93243	37.3995
	-81.93245	37.39953
	-81.93262	37.40045
	-81.93221	37.40136
	-81.93222	37.40136
	-81.93208	37.40173
	-81.93203	37.40175
	-81.93196	37.40186
	-81.93233	37.40249
	-81.93247	37.40316
	-81.93238	37.4039
	-81.93213	37.40443
	-81.9318	37.40484
	-81.93127	37.40521
	-81.93098	37.40534
	-81.93091	37.40536
	-81.93085	37.40515
	-81.93011	37.40498
	-81.93004	37.40529
	-81.92734	37.40684
	-81.92576	37.40687
	-81.92451	37.40761
	-81.92409	37.40916
	-81.92449	37.40927
	-81.9245	37.40926
	-81.92486	37.40937
	-81.92501	37.40924
	-81.92514	37.40945
	-81.92519	37.40948
	-81.92535	37.4095
	-81.9257	37.40958
	-81.92594	37.40967
	-81.92659	37.40987
	-81.92696	37.41003
	-81.92737	37.41031
	-81.92767	37.41061
	-81.92787	37.41092
	-81.92803	37.41103
	-81.9281	37.41105
	-81.92856	37.41125
	-81.92894	37.4115
	-81.92906	37.4116
	-81.92926	37.41179
	-81.9295	37.41207
	-81.92972	37.41243
	-81.92931	37.41387
	-81.93247	37.41522
	-81.93695	37.41992
	-81.93978	37.4271
	-81.93844	37.4277
	-81.93871	37.42833
	-81.93839	37.42853
	-81.93808	37.42878
	-81.9378	37.42909
	-81.93764	37.4293
	-81.93745	37.42959
	-81.93704	37.43035
	-81.93642	37.43052
	-81.93614	37.43058
	-81.93541	37.43091
	-81.93479	37.4316
	-81.93453	37.43262
	-81.93466	37.43319
	-81.93466	37.43325
	-81.93469	37.43333
	-81.93467	37.43335
	-81.93469	37.43334
	-81.93472	37.43347
	-81.93476	37.43356
	-81.93486	37.43351
	-81.93471	37.43336
	-81.93665	37.43131
	-81.9368	37.4313
	-81.93734	37.43136
	-81.93775	37.43149
	-81.93801	37.43161
	-81.93835	37.43182
	-81.93869	37.43212
	-81.93876	37.4322
	-81.9391	37.43245
	-81.93922	37.43256
	-81.93953	37.43291
	-81.93973	37.43324
	-81.93994	37.43382
	-81.93998	37.43448
	-81.93985	37.43501
	-81.93977	37.43518
	-81.9396	37.43589
	-81.93948	37.43608
	-81.93941	37.43662
	-81.93939	37.43667
	-81.93897	37.43736
	-81.9385	37.43775
	-81.93835	37.43783
	-81.93832	37.43786
	-81.93835	37.4379
	-81.93841	37.43815
	-81.93846	37.43822
	-81.93844	37.43829
	-81.9385	37.43862
	-81.93838	37.43863
	-81.93811	37.43999
	-81.93884	37.44046
	-81.94117	37.44049
	-81.94286	37.43993
	-81.94576	37.44021
	-81.94937	37.44569
	-81.95867	37.44805
	-81.96558	37.44692
	-81.96934	37.45032
	-81.96879	37.4515
	-81.97618	37.45719
	-81.98001	37.45721
	-81.98489	37.45432
	-81.98701	37.45488
	-81.99227	37.46092
	-81.99565	37.46983
	-81.99658	37.47671
	-81.99292	37.48297
	-81.98985	37.48488
	-81.9857	37.48568
	-81.98033	37.48545
	-81.97917	37.4846
	-81.97759	37.4846
	-81.97073	37.4899
	-81.96499	37.49349
	-81.95721	37.4915
	-81.95326	37.49176
	-81.95268	37.49227
	-81.95273	37.49416
	-81.95417	37.4953
	-81.95436	37.49608
	-81.95408	37.49982
	-81.95315	37.50131
	-81.95183	37.50205
	-81.94919	37.50238
	-81.94596	37.5019
	-81.94391	37.50293
	-81.94419	37.50698
	-81.94304	37.50861
	-81.94115	37.50948
	-81.93228	37.51196
	-81.92787	37.51212
	-81.92674	37.51304
	-81.92626	37.51425
	-81.92652	37.51463
	-81.92681	37.51493
	-81.92703	37.51513
	-81.9274	37.51534
	-81.92814	37.51569
	-81.92933	37.51656
	-81.92969	37.51675
	-81.9302	37.51699
	-81.93097	37.51728
	-81.93188	37.51784
	-81.93219	37.51814
	-81.93242	37.51847
	-81.93255	37.51884
	-81.93272	37.51924
	-81.93299	37.5195
	-81.93306	37.51954
	-81.93328	37.51964
	-81.93364	37.51967
	-81.93404	37.51955
	-81.93446	37.51938
	-81.93494	37.51915
	-81.93532	37.51876
	-81.93578	37.5179
	-81.93603	37.51735
	-81.93643	37.51594
	-81.93654	37.51525
	-81.93702	37.51425
	-81.93801	37.51347
	-81.93851	37.51319
	-81.93899	37.51296
	-81.93954	37.51275
	-81.94031	37.51263
	-81.9418	37.51258
	-81.94252	37.51266
	-81.94332	37.51285
	-81.94428	37.51328
	-81.94455	37.51353
	-81.94476	37.51394
	-81.94489	37.51444
	-81.94497	37.51516
	-81.94502	37.51605
	-81.94497	37.51669
	-81.94479	37.51715
	-81.94439	37.51788
	-81.94365	37.51897
	-81.94332	37.51961
	-81.94325	37.52018
	-81.94332	37.52061
	-81.94348	37.52103
	-81.94376	37.52155
	-81.94424	37.52214
	-81.94579	37.52338
	-81.94676	37.52429
	-81.94707	37.52474
	-81.94729	37.52538
	-81.94743	37.52588
	-81.94735	37.52674
	-81.94716	37.52715
	-81.94657	37.52806
	-81.94621	37.52847
	-81.94552	37.52901
	-81.94416	37.52966
	-81.94376	37.52998
	-81.94365	37.53045
	-81.94369	37.53086
	-81.94409	37.53133
	-81.94441	37.5315
	-81.94472	37.53169
	-81.94508	37.53185
	-81.94565	37.53195
	-81.94645	37.53189
	-81.9481	37.53135
	-81.9481	37.53134
	-81.94911	37.53079
	-81.95132	37.52948
	-81.95354	37.52838
	-81.9543	37.52829
	-81.95516	37.52836
	-81.95645	37.52869
	-81.95698	37.52906
	-81.95728	37.52982
	-81.95729	37.53029
	-81.95688	37.53293
	-81.95662	37.53405
	-81.95668	37.53474
	-81.95702	37.53524
	-81.95759	37.53559
	-81.95831	37.53571
	-81.95929	37.53568
	-81.96051	37.53534
	-81.96246	37.53459
	-81.96567	37.53339
	-81.9666	37.53314
	-81.96741	37.53309
	-81.96797	37.53327
	-81.96844	37.53366
	-81.96886	37.53464
	-81.96887	37.53532
	-81.96862	37.53606
	-81.9677	37.53778
	-81.96515	37.54101
	-81.96468	37.54189
	-81.96454	37.54325
	-81.96461	37.54357
	-81.9651	37.54388
	-81.96596	37.54413
	-81.96649	37.54457
	-81.96703	37.54507
	-81.96815	37.54591
	-81.96953	37.54667
	-81.96998	37.54678
	-81.97119	37.5469
	-81.97275	37.54688
	-81.97508	37.54657
	-81.97607	37.54625
	-81.9767	37.54585
	-81.97895	37.54389
	-81.98065	37.54276
	-81.98146	37.54237
	-81.98219	37.54225
	-81.98348	37.54239
	-81.9848	37.54282
	-81.98634	37.54317
	-81.98761	37.54321
	-81.98855	37.54307
	-81.98912	37.54283
	-81.98956	37.54252
	-81.99027	37.54155
	-81.99098	37.54032
	-81.99157	37.53953
	-81.99219	37.53888
	-81.99309	37.53836
	-81.99379	37.53806
	-81.99449	37.53795
	-81.99546	37.53797
	-81.99611	37.53824
	-81.99654	37.5385
	-81.99669	37.53891
	-81.99655	37.54011
	-81.99653	37.54024
	-81.99618	37.54143
	-81.99633	37.54232
	-81.99649	37.54284
	-81.99671	37.5431
	-81.99706	37.54329
	-81.99772	37.54339
	-81.9984	37.54335
	-81.99926	37.54308
	-82.00026	37.54235
	-82.00127	37.54132
	-82.00207	37.54013
	-82.00371	37.53785
	-82.00515	37.53542
	-82.00625	37.53429
	-82.00702	37.53382
	-82.00782	37.5333
	-82.00857	37.53313
	-82.00955	37.53309
	-82.01186	37.53314
	-82.01313	37.53327
	-82.01449	37.53361
	-82.01555	37.53393
	-82.01622	37.53457
	-82.01654	37.53543
	-82.01648	37.53659
	-82.01662	37.53777
	-82.01692	37.53856
	-82.01764	37.5398
	-82.01839	37.5404
	-82.01918	37.54066
	-82.02	37.54068
	-82.02083	37.54053
	-82.02204	37.53999
	-82.02303	37.53928
	-82.02543	37.53815
	-82.0261	37.53775
	-82.02692	37.53759
	-82.0277	37.5375
	-82.02853	37.53756
	-82.02914	37.53783
	-82.03085	37.53899
	-82.03239	37.54055
	-82.03356	37.54149
	-82.03391	37.54161
	-82.03434	37.5416
	-82.03498	37.54167
	-82.03586	37.54195
	-82.03648	37.54228
	-82.03729	37.54308
	-82.03757	37.54361
	-82.03782	37.5447
	-82.03807	37.54658
	-82.03823	37.54704
	-82.03854	37.54752
	-82.03888	37.5478
	-82.03943	37.548
	-82.04001	37.54815
	-82.04087	37.54823
	-82.04175	37.54822
	-82.04278	37.54809
	-82.04305	37.548
	-82.04333	37.54794
	-82.04404	37.54754
	-82.04452	37.54709
	-82.04478	37.54671
	-82.04505	37.54591
	-82.04519	37.54491
	-82.04518	37.54437
	-82.04481	37.54181
	-82.04223	37.53587
	-82.04211	37.5351
	-82.04218	37.53425
	-82.04243	37.53354
	-82.04322	37.53082
	-82.04397	37.52936
	-82.04445	37.52874
	-82.04506	37.52832
	-82.04591	37.52811
	-82.04677	37.52816
	-82.04754	37.52837
	-82.04802	37.52876
	-82.04837	37.52918
	-82.04869	37.53023
	-82.04854	37.53148
	-82.04826	37.5327
	-82.04828	37.53363
	-82.04851	37.5342
	-82.04911	37.53482
	-82.04989	37.53531
	-82.05214	37.53609
	-82.05479	37.53676
	-82.05627	37.5369
	-82.05751	37.53677
	-82.05974	37.5362
	-82.06091	37.53594
	-82.06158	37.53586
	-82.06271	37.53592
	-82.06374	37.53618
	-82.06442	37.53687
	-82.06483	37.53768
	-82.06489	37.5384
	-82.06478	37.53892
	-82.06472	37.5391
	-82.06367	37.54193
	-82.06442	37.54452
	-82.07325	37.55502
	-82.07503	37.55582
	-82.0846	37.55541
	-82.08918	37.556
	-82.09892	37.5533
	-82.10289	37.55305
	-82.10453	37.55327
	-82.10514	37.55401
	-82.1043	37.55566
	-82.10195	37.55811
	-82.10226	37.55946
	-82.10313	37.5601
	-82.11658	37.55959
	-82.12061	37.557
	-82.12198	37.55276
	-82.12382	37.55139
	-82.12709	37.55134
	-82.13178	37.55242
	-82.1333	37.553
	-82.13451	37.55444
	-82.1347	37.55728
	-82.13349	37.56071
	-82.13395	37.56224
	-82.1368	37.56442
	-82.14318	37.56577
	-82.14456	37.56694
	-82.14465	37.56831
	-82.14347	37.57037
	-82.14183	37.57095
	-82.1296	37.57197
	-82.1273	37.57268
	-82.12437	37.57641
	-82.12431	37.57781
	-82.1256	37.57902
	-82.12732	37.58667
	-82.13016	37.59154
	-82.13198	37.59354
	-82.14155	37.59517
	-82.14642	37.59265
	-82.14843	37.59091
	-82.15672	37.59279
	-82.15761	37.59677
	-82.15611	37.60495
	-82.15674	37.6092
	-82.15855	37.60955
	-82.16445	37.60801
	-82.16814	37.60849
	-82.16906	37.60987
	-82.1692	37.61303
	-82.16477	37.61829
	-82.16419	37.62019
	-82.16713	37.62182
	-82.16951	37.62198
	-82.17271	37.61985
	-82.17668	37.6182
	-82.18143	37.62184
	-82.18244	37.62397
	-82.1814	37.6268
	-82.17348	37.63106
	-82.17245	37.63259
	-82.17276	37.63401
	-82.17596	37.6374
	-82.17751	37.64042
	-82.17734	37.64172
	-82.17469	37.64653
	-82.17463	37.64742
	-82.17526	37.64797
	-82.17762	37.64896
	-82.18546	37.64893
	-82.18799	37.64758
	-82.19144	37.64438
	-82.19124	37.64287
	-82.18969	37.64039
	-82.18784	37.63854
	-82.18747	37.63703
	-82.18632	37.62929
	-82.18669	37.62758
	-82.1873	37.62694
	-82.19239	37.62561
	-82.2012	37.6279
	-82.20247	37.62748
	-82.20339	37.62613
	-82.20434	37.62581
	-82.20969	37.6251
	-82.21349	37.62541
	-82.21565	37.62624
	-82.21481	37.62757
	-82.21967	37.63328
	-82.21967	37.63404
	-82.21965	37.63417
	-82.21951	37.6343
	-82.21904	37.63459
	-82.21871	37.63484
	-82.2181	37.63541
	-82.21772	37.63592
	-82.21634	37.63848
	-82.21611	37.63956
	-82.21613	37.64
	-82.2166	37.64115
	-82.21669	37.64126
	-82.21669	37.64133
	-82.21681	37.6414
	-82.21708	37.64168
	-82.21772	37.6422
	-82.21854	37.64261
	-82.21899	37.64272
	-82.21934	37.64293
	-82.21955	37.64301
	-82.2206	37.64398
	-82.22094	37.64424
	-82.22262	37.64523
	-82.22285	37.64542
	-82.22321	37.64593
	-82.22386	37.64708
	-82.22432	37.64947
	-82.22437	37.65101
	-82.2245	37.65165
	-82.22479	37.65241
	-82.22555	37.65336
	-82.22627	37.65384
	-82.22664	37.65404
	-82.22766	37.65444
	-82.23045	37.65602
	-82.2307	37.65614
	-82.23136	37.6564
	-82.23447	37.65836
	-82.23466	37.65868
	-82.23472	37.65873
	-82.2353	37.65945
	-82.23554	37.6597
	-82.23736	37.66128
	-82.23759	37.66145
	-82.23834	37.66193
	-82.23892	37.66219
	-82.24016	37.66251
	-82.24077	37.66257
	-82.24198	37.6625
	-82.24236	37.66244
	-82.24417	37.66198
	-82.24443	37.6619
	-82.24633	37.66112
	-82.24788	37.66037
	-82.24831	37.66019
	-82.24866	37.65999
	-82.24967	37.65953
	-82.25018	37.65932
	-82.25047	37.65917
	-82.25068	37.65911
	-82.25158	37.65874
	-82.25254	37.65852
	-82.25355	37.65836
	-82.25476	37.65831
	-82.25542	37.65832
	-82.25601	37.65839
	-82.25632	37.65841
	-82.257	37.6584
	-82.25756	37.65849
	-82.25832	37.65879
	-82.25916	37.65927
	-82.2601	37.65985
	-82.26095	37.66042
	-82.26212	37.66134
	-82.26328	37.66222
	-82.26402	37.66267
	-82.26457	37.66295
	-82.26527	37.66326
	-82.26558	37.66338
	-82.26678	37.66374
	-82.2675	37.66394
	-82.26795	37.66404
	-82.2686	37.66414
	-82.2688	37.66416
	-82.26909	37.66418
	-82.26967	37.66418
	-82.2703	37.66482
	-82.27038	37.66487
	-82.27113	37.66516
	-82.27153	37.66522
	-82.27293	37.66536
	-82.27325	37.66509
	-82.27788	37.67
	-82.2823	37.67583
	-82.28351	37.67608
	-82.28469	37.67528
	-82.28645	37.67013
	-82.28817	37.66823
	-82.29177	37.66914
	-82.29439	37.67045
	-82.29471	37.67226
	-82.29413	37.67338
	-82.29439	37.67796
	-82.29474	37.67828
	-82.29672	37.67807
	-82.30231	37.67555
	-82.30395	37.67576
	-82.3045	37.67716
	-82.30387	37.67839
	-82.29713	37.68423
	-82.29612	37.68617
	-82.29626	37.68707
	-82.29779	37.68775
	-82.3015	37.69078
	-82.30289	37.69368
	-82.30196	37.69622
	-82.29732	37.69982
	-82.29663	37.7024
	-82.29807	37.70414
	-82.30095	37.70614
	-82.30568	37.70671
	-82.30723	37.70767
	-82.31066	37.7133
	-82.3111	37.71733
	-82.3117	37.71877
	-82.3162	37.72154
	-82.31787	37.72772
	-82.3183	37.73305
	-82.31888	37.73376
	-82.31969	37.7344
	-82.32683	37.73626
	-82.33335	37.7412
	-82.33358	37.74328
	-82.32822	37.74848
	-82.32141	37.75127
	-82.32101	37.75543
	-82.31902	37.75889
	-82.31768	37.75962
	-82.31297	37.76068
	-82.31089	37.76201
	-82.31078	37.76269
	-82.31164	37.76429
	-82.31282	37.76503
	-82.31761	37.76489
	-82.32736	37.76223
	-82.32946	37.76239
	-82.33116	37.76313
	-82.33382	37.76539
	-82.3339	37.76631
	-82.33165	37.76816
	-82.3237	37.77253
	-82.323	37.77391
	-82.3237	37.77503
	-82.32583	37.77617
	-82.32987	37.7759
	-82.33261	37.77425
	-82.33598	37.7745
	-82.3376	37.77537
	-82.33889	37.77686
	-82.3391	37.77828
	-82.33838	37.78043
	-82.3397	37.78551
	-82.34045	37.78606
	-82.34885	37.78718
	-82.35427	37.7931
	-82.35612	37.79386
	-82.3612	37.79443
	-82.36379	37.79543
	-82.36498	37.79678
	-82.36556	37.79832
	-82.36778	37.80063
	-82.36997	37.80175
	-82.37487	37.80216
	-82.37739	37.80301
	-82.37851	37.80832
	-82.37958	37.81091
	-82.38526	37.81741
	-82.38659	37.81821
	-82.38777	37.81821
	-82.38921	37.81721
	-82.39375	37.81167
	-82.39698	37.80901
	-82.39871	37.80879
	-82.40165	37.81009
	-82.40223	37.81098
	-82.4022	37.81268
	-82.39844	37.82165
	-82.39968	37.82993
	-82.40787	37.8355
	-82.40894	37.83664
	-82.41217	37.84479
	-82.41315	37.84534
	-82.41737	37.84566
	-82.42048	37.84681
	-82.42048	37.8475
	-82.41862	37.85046
	-82.41555	37.85401
	-82.41546	37.85413
	-82.41465	37.85626
	-82.42198	37.8594
	-82.42351	37.86031
	-82.42426	37.86171
	-82.42409	37.86304
	-82.42213	37.86395
	-82.4098	37.86539
	-82.40844	37.86606
	-82.40746	37.86747
	-82.41029	37.86883
	-82.41442	37.86903
	-82.41634	37.86964
	-82.41768	37.87066
	-82.41869	37.87237
	-82.41934	37.8751
	-82.4192	37.88208
	-82.41978	37.88382
	-82.42148	37.88565
	-82.42902	37.88829
	-82.43211	37.88991
	-82.43575	37.89703
	-82.43858	37.90026
	-82.4476	37.90435
	-82.45135	37.90847
	-82.45288	37.909
	-82.45779	37.90909
	-82.45976	37.90957
	-82.46074	37.91074
	-82.46149	37.91309
	-82.46288	37.91483
	-82.4643	37.91504
	-82.4682	37.91385
	-82.46895	37.91096
	-82.46857	37.904
	-82.46906	37.90222
	-82.47122	37.89936
	-82.4725	37.89925
	-82.47252	37.89924
	-82.47457	37.90029
	-82.47599	37.9024
	-82.47582	37.90405
	-82.47463	37.9059
	-82.47423	37.90662
	-82.47424	37.90774
	-82.47468	37.91024
	-82.47497	37.91115
	-82.47553	37.91204
	-82.47736	37.9134
	-82.47909	37.91478
	-82.48029	37.9153
	-82.48152	37.91572
	-82.48353	37.91613
	-82.48535	37.91643
	-82.4869	37.91665
	-82.4876	37.91688
	-82.48802	37.91734
	-82.48819	37.91807
	-82.48827	37.91856
	-82.48819	37.91907
	-82.48793	37.9195
	-82.48762	37.9199
	-82.48438	37.92223
	-82.48271	37.92331
	-82.481	37.9243
	-82.48033	37.92481
	-82.48011	37.92538
	-82.48019	37.92583
	-82.48047	37.92626
	-82.48119	37.92667
	-82.48218	37.92694
	-82.48373	37.9271
	-82.48596	37.92721
	-82.49148	37.9272
	-82.49299	37.92707
	-82.49476	37.92689
	-82.49608	37.92703
	-82.49705	37.92741
	-82.49826	37.92818
	-82.49936	37.92937
	-82.50023	37.93068
	-82.50217	37.93312
	-82.5023	37.93358
	-82.50231	37.93403
	-82.5022	37.93441
	-82.50201	37.93477
	-82.50127	37.93562
	-82.50033	37.93638
	-82.49971	37.93676
	-82.49909	37.93694
	-82.49899	37.93698
	-82.49826	37.93698
	-82.49755	37.93672
	-82.49118	37.93581
	-82.48974	37.93664
	-82.48916	37.93796
	-82.48904	37.93872
	-82.48957	37.93911
	-82.49373	37.94046
	-82.49682	37.94226
	-82.49728	37.9429
	-82.4973	37.94551
	-82.49668	37.9464
	-82.49529	37.94661
	-82.48784	37.94529
	-82.48512	37.94604
	-82.48096	37.94914
	-82.4751	37.95491
	-82.4718	37.95912
	-82.47166	37.95999
	-82.47267	37.96072
	-82.47903	37.962
	-82.48426	37.96365
	-82.48476	37.96575
	-82.48441	37.9699
	-82.48384	37.97157
	-82.47996	37.97317
	-82.46938	37.97306
	-82.46499	37.97686
	-82.46407	37.98029
	-82.46426	37.98341
	-82.46547	37.98478
	-82.46649	37.9853
	-82.46701	37.98558
	-82.47163	37.98683
	-82.4723	37.98665
	-82.47801	37.98521
	-82.48269	37.98401
	-82.48387	37.9845
	-82.48513	37.98692
	-82.48567	37.98935
	-82.48597	37.99571
	-82.48773	37.99833
	-82.48978	37.99887
	-82.49987	37.99916
	-82.5072	38.00151
	-82.50981	38.00125
	-82.51327	37.99967
	-82.51597	37.99993
	-82.51735	38.0012
	-82.51781	38.00248
	-82.51735	38.00513
	-82.51761	38.00722
	-82.51966	38.00854
	-82.52259	38.01297
	-82.52583	38.01956
	-82.52582	38.02641
	-82.52707	38.02759
	-82.53037	38.02879
	-82.53498	38.03225
	-82.53864	38.03738
	-82.53907	38.03979
	-82.53747	38.0427
	-82.53729	38.0452
	-82.54124	38.04844
	-82.54392	38.05213
	-82.54478	38.05426
	-82.54485	38.05852
	-82.54728	38.06109
	-82.54941	38.06306
	-82.54958	38.06858
	-82.55126	38.0708
	-82.5596	38.07284
	-82.56574	38.08064
	-82.57407	38.0821
	-82.58404	38.09066
	-82.58549	38.09426
	-82.58514	38.09806
	-82.5857	38.107
	-82.58778	38.10888
	-82.59178	38.10991
	-82.5936	38.11087
	-82.59801	38.11592
	-82.60013	38.11739
	-82.60262	38.11835
	-82.60659	38.12084
	-82.61615	38.12022
	-82.61945	38.12074
	-82.62035	38.12148
	-82.62116	38.12324
	-82.62117	38.132
	-82.62212	38.13341
	-82.62618	38.13484
	-82.63426	38.13667
	-82.63647	38.13786
	-82.63731	38.13905
	-82.63829	38.14349
	-82.6384	38.15216
	-82.63895	38.15674
	-82.64474	38.16549
	-82.643	38.16956
	-82.63905	38.17111
	-82.62546	38.17049
	-82.61943	38.16903
	-82.61349	38.17024
	-82.61134	38.17155
	-82.60425	38.18764
	-82.59933	38.19723
	-82.59886	38.20101
	-82.59844	38.21739
	-82.60035	38.21895
	-82.60575	38.22114
	-82.60894	38.22366
	-82.61037	38.22677
	-82.61252	38.23455
	-82.61226	38.23609
	-82.60713	38.24598
	-82.60533	38.2473
	-82.60423	38.2473
	-82.59497	38.24545
	-82.58606	38.24562
	-82.584	38.24637
	-82.5818	38.24859
	-82.57825	38.25481
	-82.57466	38.26387
	-82.5746	38.27472
	-82.57672	38.27751
	-82.57878	38.28175
	-82.57948	38.28493
	-82.57974	38.29173
	-82.58282	38.29548
	-82.58306	38.29683
	-82.58146	38.30045
	-82.57835	38.30546
	-82.57289	38.31198
	-82.57196	38.31361
	-82.57188	38.31578
	-82.57269	38.3188
	-82.57694	38.32827
	-82.58536	38.33406
	-82.58795	38.33859
	-82.58972	38.34027
	-82.59254	38.34166
	-82.59652	38.34285
	-82.59798	38.34491
	-82.59819	38.35789
	-82.59752	38.36484
	-82.59665	38.36734
	-82.59395	38.37185
	-82.59301	38.37508
	-82.59496	38.38135
	-82.59538	38.38271
	-82.59537	38.38272
	-82.59927	38.38874
	-82.59974	38.39037
	-82.59924	38.39317
	-82.59894	38.39359
	-82.59774	38.39499
	-82.59721	38.39554
	-82.5965	38.39615
	-82.59529	38.39707
	-82.59484	38.39754
	-82.59459	38.39793
	-82.59445	38.39846
	-82.59441	38.39917
	-82.59461	38.39999
	-82.59508	38.40256
	-82.59578	38.40521
	-82.59605	38.40636
	-82.59682	38.40933
	-82.59701	38.41018
	-82.59702	38.41086
	-82.59659	38.41383
	-82.59647	38.41594
	-82.59605	38.41675
	-82.59589	38.41783
	-82.59574	38.41819
	-82.59342	38.42186
END
END
